-0.145424,0.041786,0.003252,0.987666,-0.098887,0.142657,0.113942,0.980454,-0.505631,0.268857,0.472645,0.68355
-0.145393,0.041747,0.003223,0.987671,-0.098881,0.142643,0.113915,0.980459,-0.505611,0.268748,0.472773,0.683517
-0.145349,0.041673,0.003151,0.987679,-0.098873,0.142553,0.113938,0.980471,-0.505585,0.268682,0.472861,0.6835
-0.145332,0.041607,0.003138,0.987683,-0.098841,0.142499,0.113851,0.980489,-0.505596,0.268658,0.472899,0.683475
-0.145356,0.041552,0.00314,0.987682,-0.098783,0.142481,0.113832,0.9805,-0.505614,0.268632,0.472943,0.683443
-0.145352,0.041492,0.003206,0.987686,-0.098814,0.142457,0.11389,0.980494,-0.50555,0.268626,0.472999,0.683452
-0.145345,0.041441,0.003241,0.98769,-0.098825,0.142418,0.113943,0.980494,-0.505507,0.268594,0.47305,0.683461
-0.145357,0.041422,0.003324,0.98769,-0.098827,0.142426,0.113988,0.980488,-0.505508,0.26862,0.47304,0.683457
-0.145391,0.041333,0.003411,0.98769,-0.098833,0.142416,0.114076,0.98048,-0.505448,0.268693,0.473035,0.683478
-0.145425,0.041285,0.003445,0.987687,-0.098845,0.142371,0.114128,0.980481,-0.505437,0.268718,0.473104,0.68343
-0.145387,0.041179,0.00349,0.987698,-0.098821,0.142285,0.114158,0.980492,-0.505394,0.268719,0.473156,0.683425
-0.145359,0.041114,0.003547,0.987705,-0.098759,0.142205,0.11415,0.980511,-0.505371,0.268774,0.473218,0.683379
-0.145341,0.041027,0.003517,0.98771,-0.098734,0.142164,0.114159,0.980517,-0.505348,0.268799,0.473303,0.683329
-0.145299,0.040989,0.003468,0.987718,-0.098658,0.142125,0.114195,0.980527,-0.505353,0.268745,0.473381,0.683293
-0.145271,0.040996,0.003448,0.987721,-0.098644,0.142114,0.114128,0.980536,-0.505326,0.268676,0.473433,0.683302
-0.1452,0.041055,0.003361,0.987727,-0.09862,0.142092,0.114035,0.98055,-0.505299,0.268602,0.473533,0.683281
-0.145167,0.041086,0.003278,0.98773,-0.098563,0.142096,0.113948,0.980564,-0.505286,0.268474,0.473634,0.683269
-0.145104,0.041148,0.003197,0.987736,-0.098517,0.142088,0.113873,0.980577,-0.505265,0.268352,0.473769,0.683236
-0.145053,0.041213,0.003146,0.987739,-0.098492,0.142121,0.113889,0.980573,-0.505245,0.26823,0.473905,0.683202
-0.144995,0.041266,0.003141,0.987746,-0.098469,0.142087,0.113912,0.980578,-0.505231,0.268164,0.474035,0.683148
-0.144979,0.041263,0.003177,0.987749,-0.098498,0.142043,0.113969,0.980576,-0.505281,0.268125,0.474119,0.683068
-0.144995,0.041245,0.003234,0.987749,-0.098478,0.142057,0.11407,0.980567,-0.505345,0.268171,0.474119,0.683005
-0.145007,0.041273,0.003318,0.987748,-0.098463,0.142003,0.114136,0.980569,-0.505441,0.268234,0.474071,0.682943
-0.145011,0.041311,0.003445,0.987748,-0.098462,0.141999,0.114302,0.980554,-0.505507,0.26834,0.474041,0.682877
-0.145056,0.041381,0.00354,0.987741,-0.098464,0.142066,0.114439,0.980532,-0.505585,0.268398,0.473952,0.682859
-0.145097,0.04146,0.003724,0.987735,-0.098484,0.142122,0.114571,0.980509,-0.50561,0.268478,0.473844,0.682885
-0.145138,0.041494,0.003836,0.98773,-0.098517,0.142214,0.114659,0.980485,-0.505614,0.268566,0.473849,0.682846
-0.145125,0.041556,0.003888,0.987731,-0.098592,0.142261,0.114742,0.980462,-0.505651,0.268578,0.473804,0.682846
-0.145155,0.041593,0.003892,0.987725,-0.098543,0.142316,0.114752,0.980459,-0.50566,0.2686,0.473785,0.682843
-0.145137,0.041687,0.003885,0.987724,-0.098504,0.142419,0.114725,0.980451,-0.505689,0.26855,0.473828,0.682811
-0.145042,0.041732,0.00382,0.987735,-0.098505,0.142462,0.114668,0.98045,-0.50567,0.268478,0.473872,0.682822
-0.145014,0.041784,0.003761,0.987737,-0.098408,0.142521,0.114616,0.980457,-0.505694,0.268398,0.473928,0.682795
-0.145028,0.041811,0.003663,0.987731,-0.098347,0.142609,0.11459,0.980453,-0.505696,0.26836,0.473969,0.68278
-0.145029,0.041882,0.003599,0.987727,-0.098306,0.142636,0.114465,0.980465,-0.505736,0.268341,0.473966,0.682759
-0.145033,0.041956,0.003564,0.987724,-0.098306,0.142656,0.114434,0.980465,-0.505731,0.268318,0.473986,0.682757
-0.145046,0.04198,0.003547,0.987721,-0.09833,0.142596,0.114433,0.980471,-0.505749,0.268329,0.473976,0.682747
-0.145048,0.041989,0.00358,0.987721,-0.098371,0.142551,0.114385,0.980477,-0.505773,0.268382,0.473909,0.682755
-0.145049,0.04202,0.003595,0.98772,-0.098395,0.142549,0.114319,0.980482,-0.505798,0.268411,0.473859,0.682762
-0.145031,0.042043,0.003558,0.987721,-0.098426,0.142502,0.114285,0.980489,-0.505814,0.268464,0.473796,0.682773
-0.145018,0.042101,0.003509,0.98772,-0.098415,0.142443,0.114289,0.980497,-0.505865,0.268456,0.47371,0.682797
-0.14499,0.042117,0.00342,0.987721,-0.098368,0.142448,0.114225,0.980508,-0.50591,0.268468,0.473605,0.682832
-0.144967,0.042133,0.003333,0.987723,-0.098346,0.14247,0.114141,0.980515,-0.505908,0.26845,0.473563,0.68287
-0.144971,0.042192,0.003271,0.987719,-0.098332,0.142554,0.113961,0.980521,-0.505904,0.268424,0.473544,0.682895
-0.14495,0.042258,0.003236,0.987718,-0.098345,0.14266,0.113921,0.980509,-0.505903,0.268416,0.473481,0.682941
-0.144955,0.042228,0.00326,0.987719,-0.098299,0.142762,0.113904,0.980501,-0.505886,0.268427,0.473405,0.683002
-0.144971,0.042249,0.00332,0.987718,-0.098322,0.142802,0.113971,0.980487,-0.505857,0.268535,0.473339,0.683028
-0.145005,0.042221,0.003373,0.987714,-0.098396,0.142803,0.114081,0.980468,-0.505843,0.26857,0.47332,0.683039
-0.145052,0.042176,0.003458,0.98771,-0.098404,0.142773,0.114186,0.980462,-0.505852,0.26867,0.473287,0.683018
-0.145026,0.042096,0.003542,0.987719,-0.098427,0.142775,0.114219,0.980457,-0.505839,0.268785,0.473239,0.683018
-0.144976,0.042003,0.003553,0.98773,-0.098408,0.142724,0.114182,0.980469,-0.505768,0.268884,0.473215,0.68305
-0.144947,0.041929,0.003477,0.987735,-0.098415,0.142688,0.114147,0.980477,-0.505697,0.268955,0.473205,0.683083
-0.144934,0.041858,0.003393,0.987739,-0.098356,0.142652,0.11411,0.980491,-0.505575,0.268986,0.473201,0.683164
-0.144917,0.041805,0.003291,0.987742,-0.098298,0.142612,0.114088,0.980505,-0.505527,0.269047,0.473197,0.68318
-0.144882,0.0418,0.003227,0.987745,-0.098253,0.142548,0.114012,0.980525,-0.505476,0.268998,0.473262,0.68319
-0.144801,0.041761,0.003185,0.987758,-0.098193,0.142519,0.113968,0.98054,-0.505427,0.268963,0.473342,0.683185
-0.144769,0.04177,0.00313,0.987761,-0.098199,0.142554,0.114014,0.98053,-0.505432,0.268788,0.473472,0.683157
-0.144727,0.041807,0.003193,0.987768,-0.09821,0.142584,0.114025,0.980524,-0.505425,0.268677,0.473589,0.683122
-0.144757,0.041862,0.003285,0.987763,-0.098239,0.142637,0.114139,0.980503,-0.505435,0.268497,0.473749,0.683071
-0.144768,0.041907,0.003383,0.987761,-0.098279,0.142655,0.114264,0.980484,-0.505411,0.268356,0.473912,0.683029
-0.144796,0.04197,0.003444,0.987756,-0.098328,0.14272,0.114324,0.980465,-0.505372,0.268267,0.474009,0.683025
-0.144768,0.04197,0.003493,0.987761,-0.098413,0.142659,0.114102,0.980485,-0.505338,0.268308,0.473983,0.683053
-0.144777320372065,0.041968338543412,0.0035224486200608,0.987759444444444,-0.0984477487114309,0.142637654098311,0.114106136015326,0.980484520551039,-0.505297078296018,0.268365912220951,0.473934981396729,0.683095518242352
-0.144801625190607,0.0419635055611406,0.00354288337052134,0.987755555555555,-0.0984708324114188,0.142624227756749,0.114117501915709,0.98048322131888,-0.505248949107792,0.268439421357846,0.473865460632257,0.683151494461321
-0.144835430009149,0.0419557281344248,0.00355968006756357,0.9877505,-0.0984875752451167,0.142615035075726,0.114134534482759,0.98048131097561,-0.5052001445597,0.268517006057443,0.473787919908467,0.68321147970174
-0.144873250381214,0.0419452333445035,0.00357821452736945,0.987745444444444,-0.0985033013576775,0.142606390155652,0.114155670498084,0.980478998193315,-0.505157196776118,0.268587144966496,0.47371584142724,0.683266025008438
-0.144909601860323,0.0419322482726156,0.00360386256612095,0.987741555555556,-0.0985233348942543,0.14259460709694,0.114179346743295,0.980476491644083,-0.505126637881426,0.268638316731763,0.473662707390457,0.683305681426248
-0.144939,0.041917,0.003642,0.98774,-0.098553,0.142576,0.114204,0.980474,-0.505115,0.268659,0.473642,0.683321
-0.144961,0.041883,0.00374,0.987741,-0.098608,0.142536,0.114238,0.980471,-0.505196,0.26866,0.473653,0.683254
-0.144983,0.041846,0.003782,0.987739,-0.098656,0.142412,0.114253,0.980482,-0.50519,0.268622,0.473685,0.683249
-0.144964583333333,0.0417761770323213,0.00382091509433962,0.987745032608696,-0.0986545053956834,0.142363044732414,0.11426548255814,0.9804865,-0.505129237897069,0.268575330110497,0.473785371118487,0.68324275
-0.144931,0.041701,0.003842,0.987754,-0.09865,0.142335,0.114272,0.980491,-0.505047,0.268538,0.473898,0.683239
-0.144896,0.041651,0.003779,0.987759,-0.098619,0.14232,0.114211,0.980502,-0.505003,0.268523,0.473954,0.683239
-0.144893271428571,0.0416082272665884,0.00363555895123233,0.9877585,-0.0986245140449438,0.142251,0.114122639072848,0.980521193548387,-0.504974465045593,0.268537676612127,0.473953540697674,0.683247597266881
-0.144892,0.041558,0.00347,0.987758,-0.098632,0.142182,0.114067,0.980534,-0.504939,0.268574,0.473952,0.683269
-0.144891,0.041469,0.003355,0.987759,-0.098635,0.142167,0.114087,0.980534,-0.504838,0.268672,0.473921,0.683328
-0.144925,0.041442,0.003299,0.987754,-0.098651,0.142112,0.114118,0.980538,-0.504787,0.268784,0.473825,0.68339
-0.144953,0.041424,0.003351,0.987751,-0.098652,0.142082,0.114232,0.980531,-0.504731,0.268875,0.473726,0.683464
-0.144954,0.041413,0.00345,0.987753,-0.098645,0.142085,0.11439,0.980515,-0.504733,0.268953,0.473646,0.683488
-0.144991,0.041398,0.00354,0.98775,-0.09871,0.142109,0.114476,0.980497,-0.504795,0.268965,0.473645,0.68344
-0.144973,0.041398,0.003644,0.987754,-0.098781,0.142119,0.114604,0.980477,-0.504862,0.268897,0.4737,0.683378
-0.14491,0.041394,0.003774,0.987766,-0.098766,0.142105,0.114674,0.980474,-0.504956,0.268786,0.473823,0.683266
-0.144882,0.041436,0.003821,0.98777,-0.098691,0.14211,0.11471,0.980477,-0.504996,0.268744,0.473896,0.683202
-0.144862,0.041461,0.003778,0.987771,-0.09862,0.142122,0.114702,0.980483,-0.505013,0.268676,0.474019,0.683131
-0.144897,0.041492,0.003688,0.987763,-0.09854,0.142155,0.114595,0.980497,-0.505016,0.268614,0.474125,0.68308
-0.144878,0.041497,0.00354,0.987763,-0.098484,0.142129,0.114488,0.980516,-0.505017,0.268547,0.4742,0.683051
-0.144878,0.041529,0.003398,0.987759,-0.09849,0.142142,0.114302,0.980532,-0.505018,0.268537,0.47424,0.683027
-0.144874,0.041543,0.003273,0.987757,-0.098555,0.142137,0.114204,0.980535,-0.505001,0.268567,0.474228,0.683036
-0.144853,0.041533,0.00321,0.987758,-0.098602,0.142148,0.114225,0.980526,-0.504957,0.268542,0.474214,0.683088
-0.144807,0.041525,0.003208,0.987766,-0.098695,0.14214,0.114195,0.980522,-0.504925,0.268604,0.474202,0.683097
-0.144792,0.041515,0.003191,0.987768,-0.098736,0.142142,0.11421,0.980516,-0.504931,0.268657,0.474144,0.683113
-0.144796,0.041488,0.0032,0.987769,-0.098762,0.142183,0.114203,0.980508,-0.50496,0.268634,0.474138,0.683104
-0.144802,0.041503,0.003247,0.987769,-0.098757,0.142125,0.114251,0.980512,-0.504988,0.268599,0.474144,0.683092
-0.14481,0.04155,0.003233,0.987765,-0.09873,0.142097,0.114235,0.98052,-0.504976,0.268671,0.474131,0.683082
-0.144803,0.041564,0.003252,0.987766,-0.098754,0.142046,0.114255,0.980523,-0.505029,0.268693,0.474094,0.683063
-0.144833,0.041593,0.003298,0.987762,-0.098797,0.142031,0.114323,0.980515,-0.505062,0.268698,0.474074,0.683049
-0.144798,0.041607,0.003302,0.987767,-0.098832,0.142077,0.114356,0.980502,-0.505109,0.268729,0.474022,0.683039
-0.14472,0.041629,0.003245,0.987775,-0.098848,0.142127,0.114383,0.98049,-0.505106,0.268697,0.473992,0.683073
-0.144665,0.041717,0.003145,0.987779,-0.098763,0.142184,0.11432,0.980497,-0.505142,0.268629,0.473943,0.683106
-0.144621,0.04178,0.002999,0.98778,-0.098728,0.142185,0.114167,0.980515,-0.505141,0.268546,0.473976,0.683114
-0.144604,0.041831,0.002834,0.987778,-0.098723,0.142255,0.113995,0.980522,-0.505125,0.268428,0.47395,0.683187
-0.144588,0.041816,0.002679,0.987777,-0.098679,0.142222,0.11392,0.980538,-0.505128,0.268372,0.473908,0.683234
-0.144584,0.041803,0.002561,0.987776,-0.098657,0.142224,0.113934,0.980538,-0.505105,0.268355,0.473886,0.683273
-0.144526,0.041718,0.002471,0.987786,-0.098647,0.142205,0.113951,0.98054,-0.505083,0.268365,0.47387,0.683295
-0.144527,0.041645,0.002497,0.987789,-0.09868,0.142165,0.113985,0.980539,-0.505107,0.268498,0.473789,0.683285
-0.144564,0.041605,0.002531,0.987785,-0.098669,0.142134,0.114046,0.980539,-0.505163,0.268672,0.473664,0.683265
-0.1446,0.041575,0.002554,0.987782,-0.098627,0.142143,0.114023,0.980544,-0.505246,0.268868,0.473582,0.683189
-0.144558,0.041662,0.002579,0.987786,-0.098663,0.142141,0.113917,0.98055,-0.50531,0.269034,0.473489,0.683145
-0.144587,0.041797,0.002559,0.987775,-0.098754,0.142191,0.113872,0.980539,-0.505434,0.269068,0.473416,0.683091
-0.144568,0.041907,0.002548,0.987774,-0.098796,0.142336,0.113795,0.980522,-0.505551,0.269102,0.473324,0.683056
-0.144531,0.042091,0.002542,0.987773,-0.098751,0.142549,0.113771,0.980498,-0.505655,0.269025,0.473301,0.683022
-0.144481,0.042278,0.00248,0.987772,-0.098776,0.142723,0.113686,0.98048,-0.505689,0.268891,0.4734,0.68298
-0.144452,0.042442,0.002374,0.987768,-0.09872,0.142897,0.113571,0.980472,-0.505671,0.268701,0.473453,0.683026
-0.144457,0.042538,0.002202,0.98776,-0.098673,0.143039,0.113317,0.98048,-0.505609,0.268601,0.473416,0.683134
-0.144449,0.042618,0.002014,0.987754,-0.09859,0.143111,0.1131,0.980499,-0.505524,0.268485,0.473407,0.683244
-0.144425100340136,0.0426082594936709,0.0018663515319486,0.987755205882353,-0.0985834216452851,0.143108497453311,0.11298695275148,0.980507375884663,-0.505471208903673,0.26845095227859,0.473392342134832,0.683306039617257
-0.144403,0.04258,0.001783,0.987758,-0.098578,0.1431,0.112927,0.980517,-0.505421,0.268438,0.473368,0.683364
-0.144398,0.042426,0.001772,0.987764,-0.098556,0.142886,0.112912,0.980551,-0.50535,0.268458,0.473308,0.68345
-0.144449,0.042255,0.001824,0.987764,-0.098647,0.142755,0.112996,0.980552,-0.505253,0.268543,0.473249,0.683529
-0.144492,0.042115,0.00193,0.987764,-0.098678,0.142623,0.113112,0.980557,-0.505146,0.268713,0.473172,0.683598
-0.144539,0.042,0.002082,0.987765,-0.098688,0.142519,0.113147,0.980568,-0.505086,0.268891,0.473081,0.683639
-0.144583,0.041852,0.002228,0.987767,-0.098706,0.142398,0.113236,0.980574,-0.505035,0.269017,0.473063,0.683643
-0.144597,0.041692,0.002364,0.987774,-0.098689,0.142308,0.113327,0.98058,-0.504998,0.269144,0.473095,0.683602
-0.144598,0.041579,0.002486,0.98778,-0.098643,0.142226,0.113404,0.980589,-0.50499,0.269045,0.473204,0.68357
-0.144545,0.041494,0.002613,0.987794,-0.098586,0.142165,0.113508,0.980594,-0.504952,0.268913,0.473354,0.683543
-0.144519,0.041357,0.00265,0.987803,-0.098478,0.14211,0.113585,0.980604,-0.504876,0.268736,0.473568,0.683517
-0.144492,0.041244,0.00269,0.987813,-0.098382,0.142053,0.113588,0.980622,-0.504846,0.268555,0.473767,0.68347
-0.144425,0.041099,0.0027,0.987828,-0.098309,0.141961,0.113614,0.980639,-0.504763,0.26838,0.473957,0.683465
-0.144364,0.040961,0.002714,0.987842,-0.098217,0.141902,0.113639,0.980654,-0.504661,0.268256,0.474153,0.683452
-0.144324,0.040775,0.002756,0.987855,-0.098123,0.141844,0.113708,0.980665,-0.504586,0.26816,0.474328,0.683422
-0.144287,0.040641,0.002801,0.987867,-0.098067,0.141738,0.1137,0.980687,-0.504501,0.268134,0.474411,0.683437
-0.144242,0.040427,0.002836,0.987881,-0.098016,0.141636,0.113682,0.980708,-0.504412,0.268095,0.474551,0.68342
-0.14422,0.040298,0.002903,0.987891,-0.097979,0.141545,0.113692,0.980722,-0.504301,0.268065,0.474653,0.683443
-0.144209,0.040176,0.002999,0.987898,-0.097975,0.141409,0.113727,0.980738,-0.504247,0.268025,0.474765,0.683422
-0.144231,0.040065,0.003077,0.9879,-0.097959,0.1413,0.113826,0.980746,-0.504212,0.268025,0.474862,0.68338
-0.144257,0.040008,0.0032,0.987901,-0.098007,0.141236,0.113931,0.980741,-0.504177,0.26808,0.474942,0.683329
-0.144278,0.039953,0.003339,0.987902,-0.098003,0.141204,0.114067,0.980732,-0.504175,0.268124,0.475005,0.683273
-0.144321,0.039934,0.003459,0.987899,-0.09803,0.141187,0.114161,0.980723,-0.504205,0.268164,0.475041,0.683211
-0.144373,0.039959,0.003526,0.987892,-0.098069,0.141206,0.114189,0.980714,-0.504235,0.268191,0.475073,0.683157
-0.144361,0.04005,0.003559,0.987891,-0.098087,0.141256,0.114186,0.980705,-0.504303,0.268245,0.475055,0.6831
-0.144363,0.04015,0.003549,0.987887,-0.098094,0.141374,0.114221,0.980685,-0.504347,0.268238,0.475043,0.683079
-0.144346,0.040257,0.003504,0.987885,-0.098078,0.14151,0.114286,0.980662,-0.504342,0.268256,0.47502,0.68309
-0.144349,0.040414,0.003482,0.987879,-0.09811,0.141604,0.114298,0.980644,-0.504427,0.268275,0.474936,0.683079
-0.144366,0.04054,0.003435,0.987872,-0.098168,0.141696,0.114303,0.980625,-0.504472,0.268357,0.474825,0.683093
-0.144354,0.04066,0.003396,0.987868,-0.098188,0.141792,0.114262,0.980614,-0.50449,0.26841,0.474726,0.683128
-0.144342,0.040768,0.003392,0.987866,-0.098237,0.141836,0.114172,0.980611,-0.504515,0.26846,0.474656,0.683139
-0.144357,0.040913,0.003392,0.987858,-0.098249,0.141844,0.11413,0.980613,-0.504554,0.268518,0.474555,0.683159
-0.1444,0.040987,0.00338,0.987849,-0.098326,0.141804,0.114104,0.980613,-0.50462,0.268579,0.474473,0.683144
-0.14444,0.041088,0.003409,0.98784,-0.098362,0.141755,0.114096,0.980618,-0.504642,0.268658,0.47445,0.683114
-0.144451,0.041161,0.003439,0.987837,-0.098388,0.141783,0.114095,0.980611,-0.504728,0.268665,0.474431,0.683063
-0.144473,0.041245,0.003424,0.987829,-0.098451,0.141826,0.114025,0.980605,-0.504841,0.268772,0.474296,0.683031
-0.144504,0.041296,0.003436,0.987823,-0.098494,0.141868,0.114037,0.980594,-0.504902,0.268878,0.474174,0.683031
-0.144503,0.041341,0.003405,0.987822,-0.098515,0.141869,0.114002,0.980596,-0.504902,0.268948,0.474079,0.683071
-0.144526,0.041378,0.003421,0.987817,-0.098564,0.141915,0.114026,0.980581,-0.504984,0.268948,0.473998,0.683066
-0.144505,0.041434,0.003425,0.987819,-0.098658,0.1419,0.114028,0.980574,-0.505035,0.269036,0.473883,0.683075
-0.144537,0.041413,0.003454,0.987815,-0.098646,0.141907,0.114054,0.980572,-0.505048,0.269097,0.473775,0.683118
-0.144571,0.041444,0.00347,0.987809,-0.098667,0.141923,0.114058,0.980568,-0.505057,0.269121,0.473719,0.683141
-0.144607,0.041406,0.003427,0.987804,-0.098649,0.141935,0.114085,0.980564,-0.505092,0.269122,0.473679,0.683141
-0.144621,0.041332,0.003475,0.987806,-0.098683,0.141848,0.114072,0.980575,-0.505138,0.26913,0.473642,0.683131
-0.144631,0.041317,0.003461,0.987805,-0.098665,0.141807,0.114059,0.980584,-0.505162,0.26911,0.473623,0.683132
-0.144604,0.041304,0.003385,0.987807,-0.098628,0.141775,0.114027,0.980595,-0.505146,0.269046,0.473667,0.683138
-0.144554,0.041242,0.003345,0.987817,-0.098597,0.141725,0.113967,0.980611,-0.505138,0.268981,0.473678,0.683161
-0.144555,0.041185,0.003321,0.987818,-0.098598,0.141634,0.113951,0.980625,-0.505144,0.268996,0.473699,0.683136
-0.144536,0.041119,0.003324,0.987823,-0.098599,0.141525,0.113948,0.98064,-0.505108,0.268955,0.473692,0.683184
-0.144514,0.040996,0.00329,0.98783,-0.098612,0.141489,0.11395,0.980644,-0.505039,0.268904,0.473707,0.683242
-0.144533,0.040914,0.003282,0.98783,-0.098562,0.141414,0.113936,0.98066,-0.505018,0.268916,0.473761,0.683216
-0.144521,0.040798,0.003304,0.987836,-0.098547,0.141355,0.11397,0.980666,-0.504985,0.268981,0.473685,0.683268
-0.144511,0.040704,0.003335,0.987842,-0.098521,0.141306,0.113977,0.980675,-0.504939,0.26899,0.47366,0.683314
-0.144485,0.040614,0.003405,0.98785,-0.098506,0.141246,0.113997,0.980684,-0.504904,0.269057,0.473647,0.683324
-0.144475,0.04053,0.003467,0.987856,-0.098489,0.141187,0.114047,0.980689,-0.50487,0.269076,0.473635,0.683351
-0.144507,0.040439,0.003538,0.987856,-0.098451,0.141173,0.114066,0.980692,-0.50485,0.269099,0.473662,0.683338
-0.144484,0.040389,0.003619,0.987863,-0.09839,0.141145,0.114083,0.980701,-0.504845,0.269121,0.473732,0.683286
-0.144483,0.040334,0.003701,0.987866,-0.098356,0.141119,0.114078,0.980708,-0.504886,0.269081,0.473807,0.68322
-0.144491,0.040247,0.00377,0.987869,-0.098298,0.141084,0.114045,0.980722,-0.504866,0.269055,0.473874,0.683199
-0.144492,0.040205,0.003776,0.987871,-0.098302,0.141184,0.114052,0.980707,-0.50488,0.269085,0.473889,0.683167
-0.144503,0.040208,0.003819,0.98787,-0.098275,0.141203,0.114039,0.980708,-0.504891,0.269076,0.473906,0.683151
-0.1445,0.04025,0.003859,0.98787,-0.098219,0.14127,0.114044,0.980704,-0.504892,0.269144,0.473877,0.683144
-0.1445,0.04027,0.003904,0.98787,-0.0982,0.141401,0.11405,0.980687,-0.504906,0.269144,0.473907,0.683114
-0.144486,0.040311,0.003992,0.987873,-0.098184,0.141486,0.114029,0.980679,-0.50494,0.269192,0.473827,0.683126
-0.144497,0.040364,0.004052,0.98787,-0.098126,0.141557,0.114072,0.98067,-0.504959,0.269218,0.473863,0.683078
-0.144481,0.040442,0.004115,0.987871,-0.098053,0.141634,0.114143,0.98066,-0.504947,0.269212,0.47386,0.683091
-0.14451,0.040479,0.004124,0.987865,-0.098014,0.141663,0.114178,0.980657,-0.504964,0.269247,0.473873,0.683057
-0.144502,0.040498,0.004115,0.987866,-0.097961,0.141681,0.11421,0.980657,-0.504956,0.269309,0.473838,0.683064
-0.144541,0.040563,0.004094,0.987857,-0.09797,0.141723,0.114244,0.980646,-0.504989,0.269356,0.473821,0.683034
-0.144561,0.040599,0.004102,0.987853,-0.097969,0.141786,0.11428,0.980634,-0.505017,0.269449,0.473765,0.683018
-0.144552,0.040583,0.004222,0.987857,-0.097986,0.141857,0.114417,0.98061,-0.505029,0.269528,0.473668,0.683046
-0.144567,0.040503,0.004385,0.987861,-0.098011,0.141845,0.114634,0.980588,-0.505073,0.269637,0.473581,0.683033
-0.144579,0.040483,0.004615,0.987864,-0.098135,0.141844,0.114838,0.980557,-0.505123,0.269702,0.473552,0.682993
-0.1446,0.040454,0.004753,0.987864,-0.09816,0.141853,0.115005,0.980537,-0.505195,0.26979,0.473514,0.682933
-0.144587,0.040402,0.004888,0.987871,-0.098141,0.141841,0.115076,0.980534,-0.505264,0.269876,0.473529,0.68284
-0.144569,0.040377,0.004908,0.987874,-0.098089,0.141783,0.115018,0.980553,-0.50534,0.269945,0.473511,0.682771
-0.144539,0.040297,0.004892,0.987882,-0.098017,0.141724,0.114959,0.980574,-0.505394,0.269965,0.473547,0.6827
-0.14447,0.040253,0.004899,0.987894,-0.097944,0.141763,0.114947,0.980576,-0.505409,0.26996,0.473591,0.682659
-0.144457,0.040255,0.004862,0.987895,-0.097898,0.141721,0.11493,0.980588,-0.505398,0.269935,0.473678,0.682618
-0.144429,0.040189,0.004895,0.987902,-0.09783,0.141736,0.114946,0.980592,-0.5054,0.26994,0.473718,0.682586
-0.14444,0.040151,0.00484,0.987901,-0.09782,0.141729,0.114918,0.980596,-0.505349,0.26994,0.473734,0.682613
-0.144446,0.040142,0.004799,0.987899,-0.097833,0.141737,0.114829,0.980603,-0.505329,0.269861,0.473796,0.682615
-0.144458,0.040122,0.004789,0.987898,-0.097806,0.141702,0.114824,0.98061,-0.505279,0.269833,0.473783,0.682671
-0.144512,0.040085,0.004762,0.987891,-0.097839,0.141705,0.114847,0.980605,-0.505204,0.26983,0.473785,0.682726
-0.144541,0.040062,0.004821,0.987888,-0.097892,0.141725,0.11494,0.980588,-0.505134,0.269807,0.473814,0.682765
-0.144566,0.040087,0.004842,0.987884,-0.097972,0.141747,0.115005,0.980571,-0.505035,0.269803,0.473886,0.68279
-0.144557,0.040038,0.004837,0.987887,-0.097965,0.141712,0.115034,0.980573,-0.504963,0.269758,0.473934,0.682828
-0.144546,0.039979,0.004833,0.98789,-0.097944,0.141648,0.11511,0.980577,-0.504892,0.26974,0.473949,0.682875
-0.144545,0.039899,0.004775,0.987893,-0.097882,0.14156,0.115127,0.980594,-0.504866,0.269712,0.474002,0.68287
-0.144553,0.039825,0.004698,0.987892,-0.09788,0.141447,0.115117,0.98061,-0.504818,0.269759,0.474026,0.682871
-0.144533,0.039762,0.004614,0.987896,-0.097861,0.141378,0.115098,0.980624,-0.504795,0.269768,0.474069,0.682854
-0.14451,0.039687,0.004518,0.9879,-0.097854,0.141281,0.115091,0.980639,-0.504779,0.2698,0.474115,0.682823
-0.144475,0.039668,0.004474,0.987906,-0.097846,0.141252,0.115068,0.980646,-0.504747,0.269819,0.474151,0.682815
-0.144484,0.03963,0.004429,0.987904,-0.097822,0.141231,0.11501,0.980657,-0.504684,0.269772,0.47418,0.682858
-0.144473,0.039633,0.004394,0.987906,-0.097856,0.141136,0.114981,0.980669,-0.504635,0.269741,0.474214,0.682882
-0.144417,0.039602,0.004356,0.987914,-0.097891,0.141087,0.114999,0.980671,-0.504616,0.269682,0.474226,0.682909
-0.144399,0.039607,0.004332,0.987917,-0.09789,0.141075,0.115035,0.980669,-0.504537,0.269624,0.474266,0.682961
-0.144379,0.039615,0.004349,0.987919,-0.09787,0.141048,0.115043,0.980674,-0.504474,0.269556,0.474365,0.682966
-0.144388,0.039572,0.004388,0.98792,-0.09786,0.141061,0.114989,0.980678,-0.504406,0.269511,0.474403,0.683006
-0.144396,0.039585,0.004388,0.987918,-0.097899,0.141133,0.115009,0.980663,-0.504353,0.269538,0.474399,0.683037
-0.144381,0.039553,0.00436,0.987921,-0.097883,0.141107,0.114956,0.980673,-0.504301,0.269528,0.474483,0.683022
-0.144364,0.039607,0.004357,0.987921,-0.097861,0.141109,0.114921,0.980678,-0.504246,0.269529,0.474519,0.683036
-0.144356,0.039672,0.004342,0.98792,-0.097838,0.141065,0.114912,0.980687,-0.504238,0.269538,0.474513,0.683043
-0.144353,0.039715,0.004326,0.987919,-0.097805,0.141097,0.114925,0.980685,-0.504278,0.269515,0.474484,0.683043
-0.14436,0.039767,0.004315,0.987916,-0.097803,0.141175,0.114938,0.980673,-0.504262,0.269536,0.47445,0.68307
-0.14434,0.039876,0.00428,0.987915,-0.097826,0.141209,0.114897,0.98067,-0.50426,0.269521,0.474453,0.683075
-0.144294,0.03995,0.00421,0.987917,-0.097827,0.141263,0.114885,0.980663,-0.504263,0.269463,0.474426,0.683113
-0.144268,0.040015,0.004187,0.987918,-0.097852,0.141285,0.114867,0.98066,-0.504299,0.269421,0.474417,0.683108
-0.144222,0.040089,0.0042,0.987923,-0.09786,0.141342,0.114907,0.980647,-0.50432,0.269419,0.474432,0.683083
-0.144267,0.04017,0.004206,0.987913,-0.097886,0.141412,0.114977,0.980628,-0.504341,0.269376,0.474447,0.683073
-0.144253,0.040219,0.004239,0.987914,-0.097898,0.141435,0.115012,0.980621,-0.504368,0.2694,0.474482,0.683021
-0.144264,0.040244,0.004235,0.987912,-0.097902,0.141466,0.115023,0.980615,-0.504399,0.269412,0.474434,0.683026
-0.144256,0.040285,0.004252,0.987912,-0.097893,0.141445,0.114995,0.980621,-0.504393,0.269445,0.474425,0.683024
-0.144243,0.040353,0.004271,0.987911,-0.097921,0.141427,0.114976,0.980623,-0.504368,0.269481,0.47442,0.683033
-0.144249,0.04031,0.00428,0.987913,-0.097897,0.141457,0.114989,0.980619,-0.504347,0.269543,0.474457,0.683
-0.144244,0.040286,0.004293,0.987915,-0.097863,0.141411,0.115017,0.980627,-0.504354,0.269555,0.474431,0.683008
-0.144218506912442,0.0402801133015148,0.00432141509433962,0.987919267857143,-0.0978755,0.1414165,0.115030600629862,0.98062455,-0.504347,0.2695455,0.474440124493927,0.683007305970149
-0.144196,0.040277,0.004357,0.987923,-0.097888,0.141422,0.115048,0.98062,-0.50434,0.269536,0.474461,0.683005
-0.144195,0.040275,0.004389,0.987924,-0.097869,0.141416,0.11513,0.980615,-0.504352,0.269541,0.474504,0.682965
-0.144189,0.040324,0.004368,0.987922,-0.097858,0.141425,0.115135,0.980614,-0.504318,0.269493,0.474583,0.682953
-0.144191,0.040336,0.004327,0.987921,-0.097869,0.141394,0.115186,0.980613,-0.504284,0.269473,0.474636,0.68295
-0.144151,0.040366,0.004309,0.987926,-0.097925,0.141406,0.115212,0.980603,-0.50423,0.269494,0.474638,0.68298
-0.144148,0.040398,0.004327,0.987925,-0.097913,0.141418,0.115187,0.980605,-0.504216,0.269471,0.474644,0.682994
-0.14411,0.040425,0.004345,0.987931,-0.097937,0.141391,0.115174,0.980607,-0.504183,0.269462,0.474647,0.68302
-0.144083,0.040392,0.004388,0.987936,-0.097962,0.141336,0.115241,0.980606,-0.504129,0.269478,0.474649,0.683053
-0.144086,0.040375,0.004379,0.987937,-0.097929,0.141285,0.115265,0.980614,-0.504138,0.269393,0.474711,0.683035
-0.144061,0.040342,0.004391,0.987942,-0.097953,0.141206,0.115337,0.980616,-0.504149,0.269353,0.474721,0.683034
-0.144033,0.040355,0.004397,0.987945,-0.097932,0.141166,0.115403,0.980618,-0.504184,0.269272,0.474807,0.682979
-0.144014,0.040308,0.004415,0.98795,-0.097924,0.141167,0.115444,0.980614,-0.50419,0.269304,0.474821,0.682954
-0.144084,0.040282,0.004455,0.987941,-0.097914,0.141136,0.115503,0.980613,-0.504177,0.269262,0.474904,0.682921
-0.144024,0.040271,0.004382,0.98795,-0.097927,0.141144,0.115541,0.980608,-0.504167,0.269203,0.474996,0.682887
-0.144045,0.040268,0.004374,0.987946,-0.097946,0.141174,0.115576,0.980599,-0.504141,0.26916,0.475045,0.682889
-0.144081,0.040252,0.004346,0.987941,-0.097975,0.141168,0.115555,0.980598,-0.504112,0.269223,0.475043,0.682888
-0.144015,0.040224,0.004365,0.987952,-0.097971,0.141104,0.115551,0.980608,-0.504108,0.269184,0.47502,0.682921
-0.143994,0.040206,0.004426,0.987957,-0.097965,0.141074,0.115579,0.980609,-0.50407,0.269172,0.47502,0.682954
-0.143989,0.040205,0.004467,0.987959,-0.097918,0.14104,0.115681,0.980609,-0.504003,0.269184,0.475052,0.682976
-0.143994,0.040135,0.004488,0.98796,-0.097899,0.141015,0.115698,0.980613,-0.504011,0.269171,0.475095,0.682945
-0.143964,0.040115,0.004493,0.987966,-0.097896,0.141022,0.115727,0.980609,-0.503985,0.269181,0.475193,0.682895
-0.143965,0.040094,0.004572,0.987968,-0.097893,0.14101,0.115706,0.980613,-0.503968,0.26918,0.475251,0.682867
-0.143967,0.040077,0.004663,0.98797,-0.097928,0.140992,0.115769,0.980606,-0.50392,0.269179,0.475353,0.682833
-0.143963,0.040079,0.004848,0.987973,-0.097919,0.14094,0.115859,0.980606,-0.503882,0.269171,0.475446,0.682798
-0.144006,0.040102,0.005007,0.987969,-0.097938,0.14088,0.116023,0.980597,-0.503865,0.269181,0.475567,0.682726
-0.144013,0.040155,0.005031,0.987967,-0.097989,0.140838,0.116146,0.980585,-0.503842,0.26922,0.475663,0.682662
-0.144058,0.040265,0.004979,0.987955,-0.098067,0.140896,0.116194,0.980566,-0.503838,0.26923,0.475736,0.68261
-0.144036,0.040429,0.004807,0.98795,-0.0981,0.141016,0.116075,0.980557,-0.503807,0.269177,0.47581,0.682602
-0.144023,0.040616,0.004664,0.987943,-0.098164,0.141142,0.115931,0.980547,-0.503719,0.269011,0.475932,0.682643
-0.144029687242798,0.0406058165008894,0.00465760991777151,0.987940777948663,-0.0981794559061013,0.141153870181483,0.115901902528836,0.980546529553995,-0.503690690059371,0.268971973317022,0.475962027039718,0.682657431035386
-0.144047609053498,0.0405769935555821,0.0046524466680691,0.987938860601174,-0.0981890834388587,0.14116356587589,0.115877528216416,0.980546249005107,-0.50367226726146,0.268946975956566,0.4759814190095,0.682666810426852
-0.144073555555556,0.0405321224921146,0.00464838340290609,0.98793723639948,-0.0981946411492897,0.141171294820142,0.115857529961856,0.980546103564262,-0.503660741753028,0.268931902972632,0.475993278518396,0.682672697458477
-0.144104316872428,0.0404737946385237,0.00464529327429576,0.987935893785527,-0.0981978875884118,0.141177264751161,0.11584156066427,0.980546038442387,-0.503653123680833,0.26892264941922,0.476000708175457,0.682676651414341
-0.144136683127572,0.0404046013228459,0.00464304943425142,0.987934821201261,-0.0982005813072424,0.141181683405867,0.115829273222774,0.980545998850409,-0.503646423191635,0.26891511035033,0.476006810589733,0.682680231578522
-0.144167444444444,0.0403271338731181,0.00464152503478638,0.987934007088629,-0.0982044808567991,0.141184758521182,0.115820320536483,0.980545929999255,-0.503637650432193,0.268905180819963,0.476014688370275,0.6826849972351
-0.144193390946502,0.0402439836173767,0.00464059322791392,0.987933439889577,-0.0982113447880993,0.141186697834029,0.115814355504514,0.98054577709985,-0.503623815549267,0.268888755882119,0.476027444126133,0.682692507668152
-0.144211312757202,0.0401577418836584,0.00464012716564736,0.987933108046052,-0.0982229316521604,0.141187709081327,0.115811031025981,0.980545485363123,-0.503601928689616,0.268861730590798,0.476048180466358,0.68270432216176
-0.144218,0.040071,0.00464,0.987933,-0.098241,0.141188,0.11581,0.980545,-0.503569,0.26882,0.47608,0.682722
-0.144189,0.039957,0.004706,0.987942,-0.098466,0.140877,0.116438,0.980504,-0.50338,0.268571,0.476249,0.682836
-0.144186,0.039864,0.004853,0.987948,-0.098521,0.140817,0.116529,0.980499,-0.503209,0.269275,0.475573,0.683166
-0.144156,0.039717,0.005011,0.987961,-0.098533,0.140834,0.116571,0.980491,-0.503346,0.269428,0.475494,0.683064
-0.144126,0.039597,0.005218,0.987973,-0.098469,0.140838,0.116649,0.980489,-0.503478,0.269501,0.475495,0.68294
-0.144113,0.039392,0.005451,0.987986,-0.098434,0.140844,0.116752,0.980483,-0.503615,0.269573,0.475554,0.682773
-0.144101,0.03921,0.005736,0.987998,-0.098448,0.140808,0.116903,0.980471,-0.503847,0.269685,0.475578,0.682544
-0.144062,0.039038,0.005981,0.988014,-0.098416,0.140794,0.117082,0.980458,-0.504106,0.269827,0.475556,0.682318
-0.144034,0.038884,0.006279,0.988029,-0.098347,0.140773,0.117266,0.98045,-0.504391,0.270012,0.475526,0.68206
-0.144045,0.038856,0.006556,0.988033,-0.098287,0.14072,0.117496,0.980441,-0.504677,0.270283,0.475478,0.681784
-0.144074,0.038956,0.006865,0.98803,-0.098178,0.140612,0.117728,0.980444,-0.504953,0.270584,0.475376,0.681539
-0.14409,0.039119,0.007018,0.988025,-0.098051,0.140578,0.117899,0.980445,-0.505216,0.270817,0.4753,0.681311
-0.144071,0.039409,0.007116,0.98802,-0.097997,0.14055,0.118034,0.98044,-0.505396,0.270989,0.475183,0.681196
-0.143991,0.039759,0.007074,0.988018,-0.098033,0.14062,0.118084,0.980422,-0.50548,0.270982,0.47516,0.681152
-0.143902,0.040214,0.006959,0.988014,-0.098051,0.140771,0.118014,0.980406,-0.505553,0.270809,0.475299,0.681068
-0.14385,0.040623,0.006867,0.988005,-0.098092,0.141,0.117841,0.980388,-0.505501,0.270494,0.475462,0.681111
-0.143838,0.041005,0.006751,0.987992,-0.098179,0.141267,0.1177,0.980355,-0.505475,0.270082,0.475696,0.681121
-0.143841,0.04131,0.006654,0.987979,-0.098233,0.14147,0.117552,0.980337,-0.505311,0.269729,0.475926,0.681214
-0.143852,0.041515,0.006558,0.987969,-0.098219,0.141664,0.1174,0.980326,-0.505217,0.269408,0.47614,0.681255
-0.143815,0.041618,0.006452,0.987968,-0.098284,0.14181,0.117336,0.980306,-0.505053,0.269066,0.476302,0.68139
-0.143829,0.041571,0.00633,0.987966,-0.098333,0.141857,0.117175,0.98031,-0.504887,0.268892,0.47635,0.681542
-0.143833,0.041418,0.006235,0.98797,-0.098376,0.141843,0.117019,0.980323,-0.504718,0.268769,0.476415,0.681667
-0.143879,0.041189,0.006199,0.98797,-0.09846,0.141788,0.11694,0.98033,-0.504524,0.268837,0.476331,0.681843
-0.143875,0.040976,0.006167,0.987978,-0.098499,0.141633,0.116889,0.980353,-0.504357,0.268932,0.47624,0.681993
-0.14385,0.040682,0.006187,0.987992,-0.098575,0.141385,0.116948,0.980374,-0.504195,0.269027,0.476134,0.68215
-0.143896,0.040367,0.00613,0.987996,-0.098562,0.141168,0.117028,0.980397,-0.50402,0.269139,0.476014,0.68232
-0.143893,0.040044,0.00608,0.988007,-0.098547,0.141009,0.1171,0.980415,-0.503898,0.269228,0.475929,0.682434
-0.143921,0.039754,0.006028,0.988012,-0.098546,0.140828,0.117099,0.98044,-0.503695,0.269269,0.475905,0.682584
-0.143964,0.039444,0.005934,0.988014,-0.09853,0.140699,0.117143,0.980455,-0.503513,0.269255,0.475949,0.682693
-0.143954,0.039178,0.005817,0.988023,-0.098483,0.140565,0.117085,0.980483,-0.503311,0.269194,0.476055,0.682789
-0.1439,0.038858,0.00569,0.98804,-0.098458,0.140414,0.117083,0.980507,-0.503117,0.26908,0.476101,0.682942
-0.143866,0.038612,0.005554,0.988051,-0.09843,0.140213,0.11701,0.980544,-0.502867,0.268953,0.476199,0.683104
-0.143861,0.038374,0.005377,0.988056,-0.098365,0.140048,0.116902,0.980584,-0.502644,0.268809,0.476299,0.683251
-0.143825,0.03812,0.005177,0.988066,-0.098292,0.139885,0.116814,0.980623,-0.502405,0.268753,0.47631,0.683438
-0.143812,0.037886,0.004966,0.988072,-0.098239,0.139682,0.116672,0.98067,-0.50217,0.268712,0.476381,0.683575
-0.143825,0.037784,0.004769,0.98807,-0.098151,0.139517,0.116532,0.980714,-0.501977,0.268613,0.476422,0.683725
-0.14384,0.037666,0.004627,0.988069,-0.098087,0.139402,0.11642,0.980747,-0.501806,0.268581,0.476395,0.68388
-0.143859,0.037586,0.00462,0.988069,-0.098048,0.139281,0.116337,0.980776,-0.501633,0.268589,0.476342,0.68404
-0.143878,0.037535,0.004588,0.988067,-0.098031,0.139162,0.11633,0.980794,-0.501473,0.26864,0.476216,0.684223
-0.143899,0.037548,0.004577,0.988062,-0.098033,0.139154,0.11632,0.980796,-0.501352,0.268658,0.476158,0.684343
-0.143924,0.037586,0.004572,0.988058,-0.098088,0.139144,0.116371,0.980787,-0.501269,0.268707,0.476051,0.68446
-0.143933,0.037658,0.004534,0.988053,-0.098112,0.139151,0.11643,0.980778,-0.501196,0.268769,0.475935,0.684569
-0.143962,0.037825,0.004614,0.988045,-0.098131,0.139195,0.116434,0.98077,-0.501191,0.268799,0.475856,0.684616
-0.143953,0.037982,0.004671,0.988042,-0.098123,0.13929,0.116434,0.980758,-0.501207,0.268834,0.475858,0.68459
-0.143918,0.038169,0.004654,0.988041,-0.098152,0.139334,0.116445,0.980748,-0.501235,0.268888,0.475819,0.684577
-0.143968,0.038369,0.004672,0.988028,-0.098154,0.139409,0.116459,0.980736,-0.501261,0.268956,0.475712,0.684607
-0.143942,0.038568,0.004705,0.988025,-0.098136,0.139503,0.11647,0.980724,-0.501316,0.268988,0.475657,0.684592
-0.143933,0.03881,0.0047,0.988018,-0.098147,0.139603,0.116455,0.980711,-0.50139,0.269074,0.47558,0.68456
-0.143939,0.03905,0.004717,0.98801,-0.09814,0.139779,0.11642,0.98069,-0.50145,0.269182,0.475559,0.684492
-0.143888,0.039213,0.0048,0.988014,-0.098161,0.13989,0.116444,0.980671,-0.501521,0.269251,0.475502,0.684453
-0.143866,0.039412,0.004863,0.988011,-0.098209,0.140011,0.116428,0.980651,-0.501622,0.26934,0.475457,0.684378
-0.143867,0.039616,0.004951,0.988006,-0.098237,0.140121,0.116442,0.980632,-0.50172,0.269436,0.475415,0.684301
-0.143865,0.039797,0.005068,0.988002,-0.098274,0.140264,0.116498,0.980603,-0.501796,0.26957,0.475362,0.684231
-0.14387,0.039929,0.005202,0.987999,-0.098325,0.140402,0.116563,0.980573,-0.50188,0.269679,0.4753,0.684173
-0.143903,0.040035,0.005245,0.987991,-0.098354,0.140511,0.116659,0.980545,-0.501977,0.269786,0.47528,0.684077
-0.143872,0.040175,0.005347,0.987992,-0.098388,0.140562,0.116704,0.98053,-0.502088,0.269876,0.475298,0.683951
-0.143902,0.040301,0.005454,0.987986,-0.098435,0.140657,0.116767,0.980507,-0.502189,0.269945,0.475293,0.683856
-0.143894,0.040379,0.005591,0.987986,-0.098435,0.140729,0.116833,0.98049,-0.50226,0.269998,0.475316,0.683769
-0.143888,0.040427,0.005675,0.987987,-0.098438,0.140776,0.116935,0.980473,-0.50238,0.270126,0.475304,0.683642
-0.143901,0.040504,0.005754,0.987984,-0.098442,0.140822,0.117052,0.980455,-0.502471,0.270182,0.475342,0.683528
-0.143879,0.040495,0.005827,0.987988,-0.098385,0.140838,0.117175,0.980447,-0.502593,0.27023,0.475324,0.683434
-0.143867,0.040404,0.005912,0.987995,-0.098375,0.140825,0.117247,0.980442,-0.502706,0.270244,0.475267,0.683385
-0.14381,0.040276,0.005987,0.988009,-0.098376,0.140861,0.117351,0.980427,-0.502805,0.270269,0.475269,0.683304
-0.143759,0.040169,0.006032,0.988022,-0.098364,0.140871,0.117386,0.980424,-0.502896,0.270155,0.475338,0.683231
-0.143756,0.039958,0.006097,0.98803,-0.098323,0.140769,0.117436,0.980437,-0.502929,0.270109,0.475372,0.6832
-0.143714,0.039793,0.006181,0.988043,-0.098294,0.140698,0.117506,0.980442,-0.502956,0.270014,0.475403,0.683194
-0.14371,0.039607,0.00621,0.988051,-0.098272,0.140592,0.117559,0.980454,-0.502945,0.269968,0.475472,0.683172
-0.143713,0.039402,0.006199,0.988058,-0.098277,0.14048,0.117596,0.980466,-0.502927,0.269919,0.475537,0.68316
-0.143708,0.039224,0.006117,0.988062,-0.098296,0.140356,0.117652,0.980475,-0.502817,0.26992,0.475619,0.683183
-0.143702,0.038984,0.006049,0.98807,-0.098287,0.140254,0.117681,0.980487,-0.502729,0.269875,0.47572,0.683194
-0.143692,0.038821,0.006006,0.988077,-0.098295,0.140166,0.117691,0.980498,-0.502629,0.269862,0.475773,0.683234
-0.143624,0.038689,0.0059,0.98809,-0.098262,0.140021,0.117617,0.980529,-0.502491,0.269829,0.475782,0.683342
-0.143536,0.038529,0.005752,0.988105,-0.098224,0.13991,0.117553,0.980553,-0.50239,0.269788,0.475793,0.683423
-0.1435,0.038394,0.00562,0.988113,-0.098194,0.139828,0.117485,0.980575,-0.502259,0.269738,0.475868,0.683486
-0.143438,0.038294,0.005509,0.988123,-0.098156,0.139738,0.117391,0.9806,-0.502133,0.269665,0.475918,0.683571
-0.143456,0.038196,0.005447,0.988123,-0.098121,0.139714,0.117269,0.980619,-0.502041,0.269531,0.475984,0.683641
-0.143401,0.038123,0.005357,0.988131,-0.098039,0.139633,0.117187,0.980645,-0.501938,0.269428,0.476055,0.683705
-0.143417,0.038066,0.005343,0.988131,-0.098014,0.139566,0.117128,0.980663,-0.501827,0.269351,0.476163,0.683741
-0.143447,0.037996,0.005303,0.988128,-0.098016,0.139488,0.117076,0.980678,-0.501725,0.269352,0.476163,0.683814
-0.14345,0.037986,0.005246,0.988127,-0.098006,0.139425,0.11708,0.980688,-0.501637,0.269298,0.47621,0.683865
-0.143453,0.037974,0.005229,0.988127,-0.098034,0.139328,0.117103,0.980696,-0.50155,0.269297,0.476226,0.683918
-0.143499,0.037964,0.005199,0.98812,-0.098052,0.139277,0.117115,0.9807,-0.501503,0.26928,0.476288,0.683916
-0.143497,0.03798,0.005193,0.988119,-0.098085,0.139251,0.117108,0.980701,-0.501483,0.269285,0.476236,0.683965
-0.143507,0.038048,0.00518,0.988116,-0.098116,0.139199,0.117074,0.980708,-0.501406,0.269343,0.476159,0.684053
-0.14352,0.038123,0.005152,0.988111,-0.098088,0.139204,0.117033,0.980715,-0.50135,0.269398,0.476161,0.684071
-0.143513,0.038153,0.005201,0.988111,-0.098103,0.139236,0.117031,0.980709,-0.501353,0.269469,0.476145,0.684055
-0.143495,0.038211,0.0052,0.988112,-0.098074,0.139297,0.117031,0.980704,-0.501319,0.269573,0.476099,0.684072
-0.143496,0.038329,0.005266,0.988109,-0.09808,0.139349,0.117058,0.980693,-0.501266,0.269605,0.476103,0.684096
-0.14347,0.03846,0.005331,0.98811,-0.098103,0.139395,0.117094,0.980681,-0.501267,0.269606,0.476083,0.684108
-0.143474,0.038555,0.005313,0.988105,-0.098115,0.139429,0.117121,0.980672,-0.501307,0.269656,0.476059,0.684078
-0.143424,0.038596,0.005348,0.988112,-0.098116,0.139513,0.117131,0.98066,-0.501347,0.269704,0.47608,0.684018
-0.143379,0.038722,0.005351,0.988114,-0.098119,0.13958,0.1171,0.980653,-0.501361,0.269746,0.476103,0.683975
-0.143323,0.038796,0.005402,0.988121,-0.098143,0.139599,0.117098,0.980648,-0.501382,0.269767,0.476123,0.683938
-0.143328,0.038791,0.005341,0.98812,-0.098093,0.139589,0.117113,0.980654,-0.501394,0.269781,0.476147,0.683908
-0.143286,0.038845,0.005326,0.988124,-0.098048,0.139664,0.117115,0.980647,-0.501464,0.269809,0.476116,0.683868
-0.143231,0.038958,0.005422,0.98813,-0.097958,0.139724,0.117088,0.980651,-0.501481,0.269789,0.476198,0.683806
-0.143183,0.039036,0.005488,0.988136,-0.097919,0.139763,0.117126,0.980645,-0.501486,0.26979,0.476265,0.683757
-0.14317,0.039104,0.00551,0.988135,-0.097875,0.139792,0.117166,0.980641,-0.501531,0.269743,0.476321,0.683704
-0.143132,0.039172,0.005573,0.98814,-0.097906,0.139809,0.117141,0.980639,-0.501593,0.269689,0.476377,0.683639
-0.143123,0.039173,0.00563,0.988142,-0.097906,0.139924,0.1172,0.980617,-0.501551,0.269649,0.476469,0.683621
-0.143126,0.039178,0.005722,0.988143,-0.097925,0.139995,0.117221,0.980604,-0.501599,0.269608,0.476571,0.683531
-0.143127,0.039113,0.005796,0.988146,-0.097887,0.139998,0.117292,0.9806,-0.501591,0.269609,0.4766,0.683517
-0.143117,0.039051,0.005802,0.98815,-0.097848,0.139989,0.117342,0.9806,-0.501614,0.269631,0.476646,0.68346
-0.143116,0.038956,0.005834,0.988154,-0.097808,0.139975,0.117455,0.980595,-0.501612,0.269597,0.476693,0.683443
-0.143141,0.038889,0.005871,0.988153,-0.097789,0.139942,0.117491,0.980598,-0.501636,0.269503,0.476806,0.683382
-0.143137,0.038782,0.005964,0.988159,-0.097786,0.139896,0.117552,0.980599,-0.501628,0.2695,0.476889,0.68333
-0.143147,0.038687,0.006069,0.988162,-0.09775,0.139888,0.117642,0.980594,-0.501593,0.26951,0.476961,0.683304
-0.143131,0.03862,0.006177,0.988168,-0.097795,0.139895,0.11772,0.980581,-0.501592,0.269496,0.477018,0.683269
-0.14311,0.038549,0.006264,0.988176,-0.097794,0.13988,0.117845,0.980571,-0.501564,0.269493,0.477079,0.68325
-0.143094,0.038398,0.006259,0.988183,-0.097831,0.139811,0.118009,0.980561,-0.501531,0.269485,0.477136,0.683238
-0.143086,0.038314,0.006294,0.988187,-0.097848,0.139743,0.118091,0.980561,-0.501498,0.269457,0.477172,0.683246
-0.143035,0.03816,0.006307,0.988201,-0.097845,0.139673,0.118081,0.980572,-0.501435,0.269448,0.477257,0.683237
-0.142959,0.03801,0.006349,0.988217,-0.097831,0.139564,0.118074,0.980589,-0.501408,0.269363,0.477346,0.683228
-0.142937,0.037909,0.006348,0.988223,-0.097743,0.139465,0.118031,0.980615,-0.501334,0.269319,0.477475,0.683208
-0.14288,0.037879,0.0064,0.988234,-0.097646,0.139372,0.117984,0.980642,-0.501304,0.269264,0.477549,0.6832
-0.142857,0.037782,0.006446,0.988241,-0.097542,0.13936,0.117986,0.980653,-0.501267,0.269234,0.477629,0.683181
-0.142829,0.037757,0.006478,0.988247,-0.097517,0.139316,0.117979,0.980663,-0.501189,0.269145,0.47779,0.683161
-0.142813,0.037729,0.006553,0.988251,-0.097454,0.139246,0.117961,0.98068,-0.501153,0.269102,0.477864,0.683152
-0.142848,0.037735,0.006662,0.988248,-0.097426,0.139189,0.117987,0.980688,-0.501142,0.269093,0.477931,0.683116
-0.142819,0.037734,0.006804,0.988254,-0.097422,0.139232,0.118049,0.980676,-0.501147,0.269081,0.477925,0.683122
-0.142815,0.037731,0.006872,0.988256,-0.097435,0.139286,0.118171,0.980656,-0.501124,0.269089,0.477931,0.683132
-0.142872,0.037711,0.006889,0.988248,-0.097373,0.139289,0.118225,0.980656,-0.501105,0.269082,0.477961,0.683128
-0.142839,0.037701,0.006946,0.988254,-0.097404,0.139289,0.118251,0.98065,-0.50113,0.269093,0.477993,0.683083
-0.142814,0.037734,0.006993,0.988258,-0.097425,0.139266,0.118304,0.980646,-0.501111,0.26911,0.478013,0.683076
-0.14282,0.037742,0.00693,0.988256,-0.097437,0.139268,0.118336,0.980642,-0.501102,0.269115,0.478022,0.683075
-0.142802,0.037795,0.00691,0.988256,-0.097453,0.139288,0.118348,0.980636,-0.501115,0.269094,0.478034,0.683065
-0.142779,0.03779,0.006855,0.988259,-0.097378,0.139269,0.118318,0.980649,-0.501122,0.269133,0.47804,0.683042
-0.142711,0.037826,0.006869,0.988268,-0.097363,0.139311,0.118274,0.98065,-0.501116,0.269132,0.478058,0.683032
-0.142734,0.037917,0.00687,0.988262,-0.097347,0.139331,0.118234,0.980652,-0.50115,0.269123,0.478085,0.682994
-0.142731,0.037992,0.00681,0.988259,-0.097351,0.139349,0.118253,0.980647,-0.501161,0.26915,0.478101,0.682965
-0.142723,0.038025,0.006764,0.988258,-0.097413,0.139375,0.118311,0.980631,-0.501202,0.269185,0.478064,0.682947
-0.142738,0.0381,0.006744,0.988253,-0.097458,0.139432,0.118296,0.980621,-0.50122,0.269207,0.477989,0.682978
-0.142736,0.038203,0.006722,0.988249,-0.097474,0.139482,0.11829,0.980613,-0.501236,0.269286,0.47793,0.682978
-0.142732,0.03827,0.006672,0.988247,-0.097486,0.139558,0.118271,0.980603,-0.501281,0.269278,0.477902,0.682966
-0.142762,0.03832,0.006614,0.988241,-0.097492,0.139617,0.118229,0.980599,-0.501314,0.269303,0.477819,0.682992
-0.142783,0.038375,0.006542,0.988234,-0.09747,0.139643,0.118165,0.980604,-0.501307,0.269276,0.477773,0.683038
-0.142787,0.038384,0.006511,0.988232,-0.097444,0.139741,0.118123,0.980597,-0.501278,0.269288,0.477712,0.683097
-0.142834,0.038412,0.006474,0.988224,-0.097498,0.139856,0.118054,0.980583,-0.50126,0.269326,0.47765,0.683139
-0.142842,0.03849,0.006457,0.98822,-0.097588,0.139856,0.118017,0.980577,-0.501299,0.269402,0.47751,0.68318
-0.142846,0.038584,0.006496,0.988217,-0.097616,0.139908,0.118041,0.980565,-0.501297,0.269439,0.477448,0.68321
-0.142875,0.038626,0.006462,0.988211,-0.097652,0.139949,0.118071,0.980554,-0.501336,0.269526,0.477384,0.683193
-0.142826,0.038632,0.006448,0.988218,-0.097619,0.140015,0.118095,0.980545,-0.501359,0.269635,0.477267,0.683217
-0.142814,0.038656,0.006384,0.988217,-0.097618,0.140004,0.118109,0.980545,-0.501393,0.269725,0.477115,0.683264
-0.142812,0.0387,0.006339,0.988215,-0.097613,0.14004,0.118049,0.980547,-0.501456,0.269774,0.477039,0.683252
-0.142789,0.038719,0.006366,0.988219,-0.097617,0.140047,0.117977,0.980552,-0.501476,0.26985,0.476966,0.68326
-0.142779,0.038768,0.006306,0.988218,-0.097565,0.140024,0.117945,0.980564,-0.501508,0.269857,0.476892,0.683285
-0.142761,0.038838,0.00629,0.988217,-0.097528,0.140042,0.117909,0.980568,-0.501626,0.269855,0.476803,0.683261
-0.14274,0.038864,0.006189,0.988219,-0.097446,0.140078,0.117901,0.980572,-0.501697,0.269798,0.476809,0.683226
-0.142678,0.038915,0.006065,0.988223,-0.097404,0.14013,0.117884,0.980571,-0.501759,0.269773,0.476795,0.6832
-0.142663,0.038924,0.00594,0.988223,-0.097399,0.140171,0.117817,0.980572,-0.50187,0.269697,0.476708,0.683207
-0.142643,0.03897,0.005885,0.988223,-0.097392,0.140186,0.117735,0.980579,-0.501963,0.269674,0.476627,0.683203
-0.142646,0.038962,0.005877,0.988223,-0.097369,0.14022,0.117647,0.980585,-0.501938,0.269639,0.476616,0.683241
-0.14263,0.038932,0.005915,0.988227,-0.097391,0.140194,0.117678,0.980584,-0.501925,0.269645,0.476552,0.683294
-0.142603,0.038948,0.005879,0.98823,-0.097373,0.1402,0.117697,0.980583,-0.501924,0.269598,0.47654,0.683321
-0.142595,0.038942,0.005901,0.988232,-0.097374,0.140135,0.11775,0.980587,-0.501972,0.269589,0.476508,0.68331
-0.142592,0.038966,0.00594,0.988232,-0.09738,0.14015,0.117716,0.980588,-0.502019,0.269586,0.476558,0.683242
-0.14259,0.038999,0.005957,0.988232,-0.097418,0.140202,0.117714,0.980577,-0.502066,0.269527,0.476588,0.683209
-0.142588,0.039028,0.005948,0.988231,-0.097485,0.140249,0.117721,0.980563,-0.502115,0.269528,0.476589,0.683173
-0.142577,0.039059,0.005963,0.988231,-0.097519,0.140287,0.117801,0.980546,-0.502185,0.269544,0.476568,0.683129
-0.142539,0.039109,0.005962,0.988235,-0.097526,0.140304,0.117805,0.980543,-0.502227,0.269595,0.476522,0.683113
-0.142497,0.039198,0.005949,0.988239,-0.097486,0.140319,0.117827,0.980543,-0.502267,0.269546,0.476487,0.683126
-0.142578,0.039309,0.00589,0.988222,-0.097456,0.140416,0.117807,0.980534,-0.502264,0.269541,0.476456,0.683151
-0.142596,0.039393,0.005768,0.988214,-0.097479,0.140527,0.11779,0.980518,-0.502248,0.269582,0.476378,0.683201
-0.142591,0.039455,0.005661,0.988211,-0.097485,0.140623,0.117762,0.980507,-0.502264,0.269565,0.476291,0.683255
-0.142583,0.039457,0.005608,0.988211,-0.097525,0.140695,0.117743,0.980495,-0.502219,0.269551,0.476243,0.683326
-0.142562,0.039455,0.005564,0.988213,-0.097604,0.140785,0.117718,0.980478,-0.502172,0.269519,0.476233,0.68338
-0.142569,0.039468,0.00551,0.98821,-0.097649,0.140795,0.117754,0.980467,-0.502142,0.269599,0.476199,0.683394
-0.142534,0.039522,0.005452,0.988213,-0.097661,0.14083,0.117719,0.980465,-0.502107,0.269656,0.476106,0.683463
-0.142583,0.039516,0.005424,0.988206,-0.09771,0.140831,0.117671,0.980466,-0.502054,0.2697,0.476011,0.683551
-0.142587,0.039545,0.005426,0.988204,-0.097698,0.140811,0.117641,0.980472,-0.502019,0.269788,0.475984,0.683563
-0.142593,0.03951,0.005413,0.988204,-0.097695,0.140816,0.117665,0.980469,-0.502003,0.26991,0.475882,0.6836
-0.142561,0.03951,0.005409,0.988209,-0.097705,0.140839,0.117672,0.980464,-0.501977,0.269941,0.475828,0.683643
-0.142554,0.039516,0.005443,0.988211,-0.097686,0.140883,0.117665,0.980461,-0.501959,0.270014,0.475733,0.683695
-0.14253,0.039544,0.005456,0.988213,-0.097685,0.140929,0.117688,0.980453,-0.501957,0.270033,0.475682,0.683724
-0.142552,0.03958,0.005413,0.988208,-0.097722,0.140963,0.117659,0.980447,-0.501981,0.270076,0.475665,0.683702
-0.142568,0.039621,0.005411,0.988204,-0.097741,0.141033,0.117637,0.980438,-0.502017,0.270098,0.475622,0.683698
-0.142528,0.039617,0.005417,0.98821,-0.097739,0.141062,0.117657,0.980432,-0.502039,0.270098,0.475589,0.683706
-0.14255,0.039655,0.00547,0.988207,-0.097767,0.141069,0.11772,0.980422,-0.502021,0.270108,0.475582,0.683719
-0.142559,0.039678,0.005559,0.988205,-0.097776,0.141062,0.117751,0.980419,-0.502005,0.270163,0.475495,0.68377
-0.142584,0.039753,0.005629,0.988201,-0.097837,0.141085,0.117786,0.980407,-0.502031,0.270211,0.47548,0.683744
-0.142596,0.039774,0.005651,0.988199,-0.097865,0.141089,0.117846,0.980397,-0.502053,0.270294,0.47551,0.683676
-0.142604,0.039755,0.005659,0.988199,-0.097893,0.141083,0.11792,0.980387,-0.502029,0.270354,0.475518,0.683667
-0.142604,0.039755,0.005635,0.988198,-0.097945,0.141138,0.117988,0.980369,-0.502018,0.270434,0.475541,0.683629
-0.142591,0.039747,0.0056,0.988199,-0.097956,0.141136,0.118059,0.980361,-0.502043,0.270505,0.475518,0.683599
-0.142578,0.039784,0.005592,0.9882,-0.098011,0.141117,0.118085,0.980356,-0.502048,0.270497,0.475578,0.683559
-0.142561,0.039782,0.005597,0.988202,-0.098002,0.141116,0.118103,0.980354,-0.502078,0.270492,0.475628,0.683505
-0.142523,0.039812,0.00563,0.988208,-0.098004,0.141067,0.118124,0.980359,-0.502106,0.270473,0.475614,0.683501
-0.142523,0.039819,0.005624,0.988208,-0.098008,0.141033,0.118101,0.980366,-0.502124,0.270436,0.475692,0.683447
-0.142536,0.039851,0.00563,0.988204,-0.09799,0.140998,0.118063,0.980376,-0.502108,0.270384,0.475788,0.683412
-0.142497,0.039868,0.005609,0.988209,-0.097941,0.140956,0.118054,0.980388,-0.502082,0.270316,0.475944,0.683349
-0.142522,0.039872,0.005672,0.988207,-0.097888,0.140993,0.118073,0.980386,-0.502082,0.270303,0.476017,0.683304
-0.142543,0.039828,0.005697,0.988205,-0.097853,0.141037,0.118182,0.980372,-0.50207,0.27022,0.476119,0.683274
-0.14254078125,0.0397906412872841,0.00574051715176715,0.988207035714286,-0.0978498258064516,0.141029141509434,0.118216015625,0.980372,-0.502065714285714,0.270204794255392,0.476160378299297,0.683254502980626
-0.142535,0.039771,0.005805,0.988211,-0.097847,0.141009,0.118238,0.980372,-0.502064,0.270193,0.476196,0.683234
-0.142516,0.039775,0.005913,0.988216,-0.097832,0.140947,0.118259,0.980379,-0.502072,0.270167,0.476254,0.683198
-0.142558,0.039751,0.006006,0.988211,-0.097834,0.140916,0.118325,0.980377,-0.502083,0.270131,0.476378,0.683118
-0.142578,0.039732,0.006082,0.98821,-0.097898,0.140869,0.118423,0.980367,-0.502045,0.270092,0.476477,0.683094
-0.142627,0.039729,0.00614,0.988204,-0.097936,0.140835,0.118499,0.98036,-0.502007,0.270122,0.476507,0.683088
-0.142624,0.039693,0.006187,0.988207,-0.097958,0.140823,0.118542,0.980356,-0.502018,0.270137,0.476509,0.683075
-0.14263,0.039717,0.006217,0.988206,-0.098049,0.140813,0.118642,0.980339,-0.502018,0.270072,0.476552,0.683068
-0.142599,0.039751,0.006215,0.988209,-0.098075,0.140824,0.118668,0.980333,-0.501986,0.26999,0.47666,0.683047
-0.142601,0.039751,0.006207,0.988208,-0.098106,0.140803,0.11866,0.980332,-0.501973,0.269938,0.476744,0.683018
-0.142552,0.039761,0.006182,0.988215,-0.098076,0.14082,0.118706,0.980328,-0.501938,0.269907,0.476793,0.683021
-0.142508,0.03977,0.00616,0.988221,-0.098098,0.140819,0.118717,0.980326,-0.501921,0.269831,0.476871,0.683008
-0.142456,0.03979,0.006086,0.988226,-0.098105,0.140752,0.118688,0.980338,-0.501872,0.269785,0.476903,0.683038
-0.142392,0.039843,0.006041,0.988233,-0.098081,0.140754,0.11865,0.980343,-0.501787,0.269776,0.476931,0.683085
-0.142404,0.039898,0.006063,0.988229,-0.098038,0.140767,0.118603,0.98035,-0.50176,0.269782,0.476914,0.683113
-0.142375,0.039925,0.006067,0.988233,-0.098027,0.140812,0.11855,0.98035,-0.501729,0.269783,0.476946,0.683114
-0.142342,0.03992,0.006031,0.988237,-0.098006,0.140872,0.118542,0.980344,-0.501686,0.269755,0.477001,0.683118
-0.142315,0.039943,0.006007,0.98824,-0.097989,0.14091,0.118487,0.980347,-0.501705,0.269716,0.477011,0.683112
-0.14229,0.039925,0.006019,0.988245,-0.098017,0.140916,0.118476,0.980344,-0.501702,0.269683,0.477025,0.683117
-0.142313,0.039939,0.006076,0.988242,-0.097988,0.140924,0.118455,0.980348,-0.501674,0.269658,0.477073,0.683113
-0.142271,0.039968,0.006097,0.988247,-0.097981,0.140956,0.118442,0.980345,-0.501698,0.269639,0.477086,0.683094
-0.142268,0.039906,0.006116,0.98825,-0.097985,0.140973,0.118445,0.980342,-0.501677,0.269654,0.47704,0.683135
-0.142278,0.039915,0.006132,0.988249,-0.097949,0.140938,0.118419,0.980353,-0.501676,0.26967,0.477027,0.683139
-0.142325,0.039935,0.00613,0.988241,-0.097946,0.1409,0.118438,0.980356,-0.501669,0.269705,0.476958,0.683179
-0.142331,0.04,0.006131,0.988238,-0.097977,0.140917,0.11847,0.980348,-0.501666,0.269748,0.476911,0.683196
-0.142356,0.040039,0.006043,0.988232,-0.098052,0.140935,0.118451,0.98034,-0.501621,0.269819,0.476846,0.683249
-0.142351,0.040097,0.006058,0.988231,-0.098097,0.140979,0.118435,0.980331,-0.501608,0.269869,0.476746,0.683308
-0.142321,0.040163,0.006057,0.988232,-0.098124,0.141017,0.118372,0.98033,-0.501582,0.269934,0.476695,0.683338
-0.142341,0.040202,0.006,0.988226,-0.098161,0.141058,0.118312,0.980326,-0.501562,0.269918,0.476653,0.683389
-0.142341,0.040191,0.005896,0.988226,-0.098232,0.141118,0.118285,0.980314,-0.501547,0.269937,0.476625,0.683411
-0.142305,0.040275,0.005812,0.988226,-0.098296,0.141145,0.1182,0.980312,-0.501596,0.269942,0.476624,0.683374
-0.142324,0.040304,0.005757,0.988222,-0.098338,0.141123,0.118147,0.980316,-0.501575,0.269908,0.476603,0.683416
-0.142301,0.040323,0.005674,0.988223,-0.098343,0.141143,0.118045,0.980323,-0.501572,0.269853,0.476585,0.68345
-0.142227,0.040318,0.005657,0.988234,-0.098322,0.141159,0.117962,0.980331,-0.501537,0.269855,0.476569,0.683486
-0.142241,0.040303,0.0056,0.988231,-0.098329,0.141219,0.117889,0.980329,-0.501554,0.269866,0.476494,0.683521
-0.142223,0.040337,0.005606,0.988233,-0.098303,0.141275,0.117849,0.980328,-0.501574,0.269877,0.476452,0.683533
-0.142179,0.040324,0.005563,0.988239,-0.098287,0.141339,0.117829,0.980322,-0.501536,0.269902,0.476405,0.683583
-0.142161,0.040267,0.005536,0.988243,-0.098281,0.141345,0.117849,0.980321,-0.50153,0.269897,0.476377,0.683608
-0.142164,0.040243,0.005551,0.988243,-0.098305,0.141302,0.11784,0.980325,-0.501527,0.269943,0.476313,0.683637
-0.142167,0.040221,0.00552,0.988243,-0.098338,0.141292,0.117806,0.980326,-0.50149,0.269974,0.476266,0.683684
-0.14216,0.040164,0.005534,0.988247,-0.098309,0.141255,0.117829,0.980332,-0.501462,0.27003,0.476224,0.683714
-0.142223,0.040088,0.00555,0.988241,-0.098301,0.141167,0.117827,0.980345,-0.501427,0.270052,0.47617,0.683769
-0.142191,0.040056,0.005583,0.988247,-0.098356,0.141127,0.117834,0.980345,-0.501369,0.270085,0.476167,0.683801
-0.142201,0.040059,0.005606,0.988246,-0.098372,0.141094,0.117846,0.980346,-0.501328,0.270116,0.476192,0.683801
-0.142235,0.040077,0.005612,0.98824,-0.098441,0.141107,0.117879,0.980335,-0.501327,0.270217,0.476172,0.683779
-0.142266,0.040078,0.005646,0.988237,-0.098499,0.141104,0.117942,0.980323,-0.501266,0.270317,0.476117,0.683822
-0.142241,0.040103,0.005669,0.98824,-0.098524,0.141117,0.117906,0.980323,-0.501245,0.270347,0.476009,0.683902
-0.142243,0.040093,0.005703,0.98824,-0.098525,0.141133,0.117947,0.980316,-0.501222,0.270397,0.475947,0.683943
-0.142259,0.040079,0.005712,0.988239,-0.098576,0.14118,0.118013,0.980298,-0.50121,0.270438,0.475889,0.683977
-0.142283,0.040056,0.005752,0.988236,-0.098648,0.141151,0.118052,0.980291,-0.501178,0.270472,0.475836,0.684025
-0.142303,0.039992,0.005807,0.988236,-0.098651,0.141154,0.118021,0.980294,-0.501165,0.270526,0.475784,0.684049
-0.142335,0.039984,0.005796,0.988232,-0.098642,0.141119,0.117997,0.980301,-0.501156,0.27051,0.475763,0.684076
-0.14234,0.039956,0.005826,0.988233,-0.098594,0.141061,0.117983,0.980316,-0.501137,0.270535,0.475729,0.684104
-0.142298,0.039974,0.005846,0.988239,-0.098605,0.141051,0.118015,0.980313,-0.501122,0.270522,0.475691,0.684145
-0.142329,0.039926,0.00583,0.988236,-0.098588,0.141049,0.11802,0.980315,-0.501167,0.270563,0.475663,0.684116
-0.142315,0.039878,0.005832,0.988239,-0.098559,0.14107,0.117968,0.98032,-0.501159,0.270581,0.475634,0.684135
-0.142339,0.039818,0.00586,0.988239,-0.098614,0.141052,0.11795,0.980319,-0.501082,0.270601,0.475561,0.684234
-0.142341,0.039792,0.005846,0.988239,-0.098594,0.140981,0.117949,0.98033,-0.501093,0.270635,0.475525,0.684239
-0.142343,0.039722,0.005793,0.98824,-0.098557,0.140929,0.117969,0.980338,-0.501111,0.27065,0.475499,0.684237
-0.142295,0.0397,0.005757,0.988247,-0.098542,0.140912,0.117963,0.980344,-0.501118,0.27066,0.475489,0.684235
-0.142222,0.039721,0.005694,0.988256,-0.098564,0.140902,0.117973,0.980342,-0.501089,0.270674,0.475435,0.684289
-0.142201,0.039705,0.005661,0.988258,-0.098556,0.140896,0.11791,0.98035,-0.501054,0.270672,0.475431,0.684316
-0.142168,0.039689,0.00568,0.988265,-0.098511,0.140859,0.117861,0.980364,-0.501054,0.270657,0.475455,0.684307
-0.142183,0.039707,0.005679,0.988262,-0.098526,0.140838,0.117833,0.980368,-0.501033,0.270653,0.475426,0.684343
-0.142162,0.039705,0.005672,0.988264,-0.098484,0.140758,0.117812,0.980385,-0.501033,0.270646,0.475425,0.684347
-0.142157,0.039742,0.00561,0.988263,-0.09845,0.140777,0.117814,0.980386,-0.501043,0.27066,0.47539,0.684358
-0.14218,0.039775,0.005582,0.988258,-0.098489,0.14078,0.117848,0.980378,-0.501091,0.270705,0.475305,0.684365
-0.142178,0.039756,0.005576,0.988259,-0.098501,0.140792,0.117814,0.980379,-0.501062,0.270675,0.4753,0.6844
-0.142153,0.039764,0.005567,0.988262,-0.098543,0.140777,0.117783,0.98038,-0.501009,0.270699,0.475269,0.684451
-0.142158,0.039737,0.005547,0.988263,-0.098552,0.140769,0.117716,0.980386,-0.501001,0.270714,0.475257,0.684459
-0.142161,0.039727,0.005488,0.988261,-0.098561,0.140749,0.117694,0.980391,-0.500979,0.270736,0.475223,0.684489
-0.142151,0.0397,0.005513,0.988264,-0.098554,0.140748,0.117732,0.980388,-0.500953,0.270709,0.475206,0.684531
-0.142131,0.039689,0.005439,0.988266,-0.098531,0.140707,0.11776,0.980393,-0.500951,0.270697,0.475237,0.684516
-0.142104,0.039646,0.005394,0.98827,-0.098503,0.140733,0.117726,0.980395,-0.500913,0.270733,0.475235,0.684531
-0.142078,0.039577,0.0054,0.988277,-0.09846,0.140727,0.117659,0.980407,-0.500881,0.270759,0.475168,0.68459
-0.142115,0.039561,0.005435,0.988272,-0.098416,0.140744,0.117564,0.980418,-0.500887,0.270721,0.475232,0.684557
-0.14212,0.039543,0.005437,0.988272,-0.09839,0.140751,0.117592,0.980417,-0.500897,0.270719,0.475244,0.684542
-0.14213,0.039467,0.005384,0.988273,-0.098414,0.140766,0.117613,0.98041,-0.500868,0.270762,0.475254,0.68454
-0.142129,0.03943,0.00532,0.988273,-0.098432,0.140744,0.117674,0.980406,-0.500825,0.270793,0.475256,0.684558
-0.142126,0.039414,0.005256,0.988273,-0.098444,0.140688,0.117704,0.980409,-0.500782,0.270797,0.475267,0.68458
-0.142158,0.039388,0.005196,0.988267,-0.098419,0.140652,0.117666,0.980421,-0.500743,0.270761,0.475276,0.684617
-0.142144,0.03935,0.005182,0.988271,-0.098376,0.140604,0.117598,0.980438,-0.500682,0.270785,0.475287,0.684645
-0.142192,0.039347,0.005174,0.988264,-0.098382,0.140605,0.117482,0.980449,-0.500649,0.270828,0.475282,0.684654
-0.142151,0.039353,0.005175,0.98827,-0.098385,0.140584,0.117411,0.980459,-0.50062,0.270831,0.475289,0.68467
-0.142127,0.039368,0.005141,0.988272,-0.098409,0.14058,0.117355,0.980462,-0.500626,0.270832,0.475301,0.684658
-0.142077,0.039381,0.005126,0.988279,-0.098418,0.140622,0.117362,0.980455,-0.500573,0.270859,0.475255,0.684717
-0.141989,0.039403,0.005021,0.988289,-0.098423,0.140657,0.117396,0.980446,-0.500597,0.270853,0.475201,0.684739
-0.142007,0.03939,0.004953,0.988285,-0.09846,0.140701,0.117384,0.980438,-0.500573,0.270851,0.475223,0.684741
-0.14199,0.039338,0.004898,0.988288,-0.09844,0.140685,0.117312,0.980449,-0.500568,0.270829,0.475155,0.684801
-0.142002,0.039343,0.004913,0.988287,-0.098398,0.140723,0.117228,0.980456,-0.500536,0.270758,0.475155,0.68485
-0.141999,0.039306,0.004955,0.98829,-0.098385,0.140744,0.117162,0.980461,-0.500541,0.270744,0.475084,0.684899
-0.141992,0.039255,0.004992,0.988293,-0.098396,0.140732,0.117139,0.980463,-0.500517,0.27074,0.475091,0.684914
-0.14199,0.039197,0.005003,0.988295,-0.098364,0.140702,0.117169,0.980467,-0.500488,0.270715,0.475121,0.684924
-0.141974,0.039118,0.005048,0.988301,-0.098348,0.140669,0.117191,0.980472,-0.500487,0.270712,0.475104,0.684937
-0.142022,0.039067,0.005051,0.988296,-0.098361,0.140705,0.117188,0.980467,-0.500513,0.27072,0.475077,0.684934
-0.142054,0.039071,0.005101,0.988292,-0.098381,0.140673,0.117176,0.98047,-0.500513,0.270763,0.475079,0.684916
-0.14203,0.03908,0.005188,0.988297,-0.09842,0.140643,0.117157,0.980472,-0.500473,0.270775,0.475087,0.684936
-0.142027,0.039065,0.005269,0.9883,-0.09846,0.140592,0.11721,0.98047,-0.500431,0.270808,0.475126,0.684928
-0.141965,0.039029,0.005244,0.988309,-0.098483,0.140551,0.11731,0.980464,-0.500443,0.270864,0.47509,0.684923
-0.141915,0.039092,0.005179,0.988313,-0.098468,0.140572,0.117365,0.980457,-0.500465,0.270859,0.47511,0.684895
-0.141889,0.039136,0.005156,0.988315,-0.098468,0.140591,0.117412,0.980449,-0.50045,0.270875,0.475091,0.684914
-0.141839,0.039149,0.005126,0.988322,-0.098455,0.140642,0.11738,0.980447,-0.500391,0.270892,0.475127,0.684926
-0.141805,0.03913,0.005108,0.988327,-0.098499,0.140626,0.117335,0.980449,-0.500427,0.27087,0.475161,0.684883
-0.141809,0.039145,0.0051,0.988325,-0.098495,0.14061,0.117324,0.980452,-0.500412,0.270856,0.475194,0.684877
-0.141773,0.039135,0.005058,0.988331,-0.098465,0.140612,0.117271,0.980461,-0.500402,0.270803,0.475199,0.684899
-0.141784,0.039127,0.005056,0.988329,-0.098459,0.140563,0.117264,0.980469,-0.500387,0.270736,0.47522,0.684922
-0.1418,0.039107,0.005072,0.988328,-0.098403,0.140542,0.117221,0.980481,-0.500434,0.270658,0.475266,0.684885
-0.141766,0.039104,0.005112,0.988333,-0.098456,0.140533,0.117169,0.980482,-0.500469,0.270567,0.47531,0.684863
-0.1418,0.039075,0.005111,0.988329,-0.098491,0.140525,0.117164,0.980481,-0.50046,0.270578,0.475325,0.684856
-0.141839,0.039069,0.005106,0.988323,-0.098494,0.140564,0.117125,0.980478,-0.500476,0.270557,0.475351,0.684833
-0.141831,0.039077,0.005159,0.988325,-0.098485,0.140558,0.117132,0.98048,-0.500483,0.270544,0.475358,0.684828
-0.14179,0.039052,0.005131,0.988332,-0.098486,0.140525,0.117135,0.980484,-0.500482,0.270542,0.475381,0.684814
-0.141807,0.039035,0.005177,0.988331,-0.098474,0.140544,0.117106,0.980485,-0.500496,0.270627,0.475379,0.684774
-0.141766,0.039026,0.005229,0.988338,-0.098441,0.140538,0.117101,0.98049,-0.500537,0.270622,0.475387,0.684741
-0.141744,0.039012,0.005291,0.988343,-0.09845,0.140486,0.117163,0.98049,-0.500544,0.270664,0.475386,0.684721
-0.141742,0.038981,0.005314,0.988344,-0.098446,0.140471,0.117225,0.980486,-0.500553,0.270695,0.475425,0.684676
-0.14173,0.038962,0.005334,0.988347,-0.09842,0.140452,0.11732,0.980482,-0.500532,0.270713,0.475442,0.684674
-0.141708,0.038948,0.005382,0.988351,-0.098396,0.140442,0.117402,0.980478,-0.500517,0.270641,0.475504,0.684668
-0.141655,0.038963,0.005383,0.988359,-0.098381,0.140466,0.117461,0.98047,-0.500523,0.27059,0.475525,0.684668
-0.141635,0.038947,0.005364,0.988362,-0.098383,0.140469,0.117509,0.980465,-0.500469,0.270558,0.475569,0.68469
-0.141569,0.038916,0.005395,0.988372,-0.098361,0.140451,0.117532,0.980467,-0.500458,0.270534,0.475585,0.684694
-0.141582,0.03887,0.00538,0.988373,-0.098361,0.140405,0.1175,0.980477,-0.500453,0.270479,0.475643,0.684679
-0.14153,0.038848,0.00541,0.988381,-0.098307,0.140411,0.117515,0.98048,-0.50048,0.270518,0.475641,0.684648
-0.141543,0.038851,0.005393,0.988379,-0.098285,0.140451,0.117538,0.980475,-0.500487,0.270516,0.475642,0.684641
-0.141524,0.038809,0.005442,0.988384,-0.09824,0.140453,0.117495,0.980483,-0.500494,0.270568,0.475595,0.684649
-0.141501,0.038775,0.005451,0.988389,-0.098156,0.140483,0.117435,0.980492,-0.500512,0.270646,0.47555,0.684639
-0.141502,0.038731,0.005458,0.98839,-0.098186,0.140501,0.117464,0.980484,-0.500497,0.270714,0.475452,0.684692
-0.141471,0.038741,0.005474,0.988394,-0.098215,0.140541,0.117511,0.980472,-0.500508,0.270704,0.475439,0.684696
-0.141436,0.038753,0.005532,0.9884,-0.098164,0.140545,0.117461,0.980481,-0.500488,0.270722,0.475462,0.684688
-0.141429,0.038737,0.005598,0.988403,-0.098215,0.140587,0.117432,0.980473,-0.500465,0.270684,0.475522,0.684679
-0.141438,0.038728,0.005637,0.988402,-0.098165,0.140588,0.117412,0.98048,-0.500513,0.270603,0.475533,0.684665
-0.141414,0.038761,0.005643,0.988405,-0.098179,0.140604,0.117388,0.980478,-0.500518,0.27057,0.475552,0.684661
-0.141342,0.038787,0.005644,0.988415,-0.098176,0.14063,0.117438,0.980471,-0.500549,0.270511,0.475535,0.684671
-0.141394,0.038809,0.0056,0.988405,-0.098148,0.140644,0.117485,0.980467,-0.500574,0.27044,0.475555,0.684665
-0.141409,0.038835,0.005614,0.988403,-0.098131,0.140683,0.117523,0.980459,-0.500575,0.270443,0.475523,0.684687
-0.141443,0.038886,0.005602,0.988396,-0.098128,0.140718,0.117561,0.980451,-0.500555,0.270447,0.475543,0.684686
-0.141437,0.038878,0.005587,0.988397,-0.098138,0.140781,0.117591,0.980438,-0.500507,0.270486,0.475491,0.684742
-0.141432,0.038904,0.00562,0.988397,-0.098117,0.140777,0.11754,0.980446,-0.500509,0.270555,0.475455,0.684739
-0.141464,0.038917,0.005625,0.988392,-0.09808,0.140786,0.117529,0.980449,-0.500511,0.270575,0.475426,0.684749
-0.141491,0.038906,0.005636,0.988389,-0.098092,0.140827,0.117562,0.980439,-0.500481,0.27064,0.475383,0.684778
-0.141463,0.0389,0.005667,0.988393,-0.098112,0.140805,0.117621,0.980435,-0.500468,0.270653,0.475385,0.68478
-0.141432,0.038865,0.005657,0.988398,-0.098121,0.140797,0.117641,0.980432,-0.500459,0.270659,0.475414,0.684765
-0.141432,0.038884,0.00569,0.988399,-0.09816,0.140817,0.117709,0.980419,-0.50046,0.270683,0.475379,0.68478
-0.141449,0.038878,0.005666,0.988396,-0.09819,0.140834,0.11776,0.98041,-0.500483,0.270652,0.475354,0.684791
-0.141426,0.038897,0.005605,0.988398,-0.098176,0.140817,0.117759,0.980413,-0.500487,0.270623,0.475397,0.68477
-0.141376,0.038866,0.005607,0.988406,-0.098138,0.140833,0.117769,0.980413,-0.500498,0.270671,0.47533,0.68479
-0.141371,0.038846,0.005613,0.988408,-0.098096,0.14085,0.11774,0.980418,-0.500494,0.270693,0.475272,0.684825
-0.141382,0.03885,0.005655,0.988407,-0.098067,0.140843,0.117726,0.980423,-0.500508,0.270641,0.475257,0.684844
-0.141388,0.038865,0.005699,0.988406,-0.098025,0.140824,0.117747,0.980427,-0.500477,0.270679,0.475203,0.684889
-0.14141,0.038849,0.005731,0.988404,-0.098013,0.140769,0.11779,0.980432,-0.500445,0.270664,0.475181,0.684934
-0.141421,0.038808,0.005702,0.988403,-0.098039,0.140788,0.117854,0.98042,-0.500446,0.270746,0.475111,0.684951
-0.141429,0.038815,0.005698,0.988402,-0.098067,0.140758,0.117845,0.980424,-0.500425,0.270771,0.475124,0.684948
-0.141425,0.03875,0.005692,0.988405,-0.09805,0.140778,0.117849,0.980421,-0.500411,0.270776,0.475126,0.684953
-0.141423,0.038731,0.00572,0.988406,-0.098066,0.140767,0.117875,0.980419,-0.500369,0.270752,0.475146,0.684979
-0.141429,0.038719,0.005754,0.988406,-0.098087,0.140779,0.117866,0.980416,-0.500364,0.270761,0.475119,0.684998
-0.141436,0.038733,0.005771,0.988405,-0.098066,0.140803,0.11789,0.980413,-0.500326,0.270724,0.475167,0.685006
-0.1414,0.038731,0.005797,0.988411,-0.098088,0.140842,0.117895,0.980405,-0.500309,0.270702,0.475167,0.685027
-0.141458,0.038754,0.005818,0.988402,-0.098082,0.140812,0.117953,0.980404,-0.500287,0.270723,0.475114,0.685071
-0.141483,0.038784,0.005808,0.988397,-0.098076,0.140796,0.117998,0.980402,-0.500267,0.270751,0.475095,0.685089
-0.141498,0.038791,0.00586,0.988395,-0.098079,0.140777,0.118036,0.980401,-0.500215,0.270776,0.475096,0.685116
-0.141536,0.038807,0.005912,0.98839,-0.098105,0.14076,0.118031,0.980401,-0.500189,0.27082,0.475107,0.685112
-0.141517,0.038816,0.005975,0.988394,-0.098148,0.140789,0.118134,0.980383,-0.500197,0.270839,0.475116,0.685092
-0.141562,0.038788,0.006004,0.988389,-0.098153,0.140861,0.118213,0.980364,-0.50021,0.270833,0.475086,0.685105
-0.141577,0.038832,0.0061,0.988386,-0.098164,0.140917,0.118322,0.980345,-0.500174,0.270838,0.475091,0.685127
-0.141619,0.038828,0.006194,0.988383,-0.098087,0.140938,0.118354,0.980346,-0.5002,0.270774,0.475089,0.685132
-0.141627,0.038824,0.00637,0.988384,-0.098095,0.140959,0.11843,0.980335,-0.500144,0.270765,0.475099,0.68517
-0.141679,0.038838,0.006472,0.988378,-0.098073,0.140981,0.118518,0.980325,-0.500164,0.270788,0.4751,0.685146
-0.14172,0.038848,0.006534,0.988372,-0.098056,0.140985,0.118696,0.980309,-0.50018,0.270781,0.475131,0.685115
-0.141723,0.038822,0.006577,0.988373,-0.098067,0.141016,0.118816,0.980292,-0.500192,0.270779,0.475148,0.685097
-0.141726,0.038817,0.006654,0.988375,-0.098101,0.14104,0.118908,0.980276,-0.50023,0.270765,0.475189,0.685046
-0.141714,0.03879,0.006824,0.98838,-0.098081,0.141061,0.119033,0.980262,-0.500277,0.270761,0.475262,0.684963
-0.141691,0.0388,0.006881,0.988384,-0.098101,0.141036,0.119135,0.980253,-0.500266,0.270761,0.475375,0.684894
-0.141723,0.038818,0.006991,0.988381,-0.098102,0.14103,0.119202,0.980247,-0.500212,0.270769,0.475447,0.684881
-0.141686,0.038843,0.007076,0.988387,-0.098127,0.141039,0.11931,0.980233,-0.500162,0.270733,0.475551,0.684859
-0.141654,0.038797,0.007116,0.988394,-0.098128,0.14101,0.119392,0.980229,-0.500151,0.270782,0.475586,0.684825
-0.141646,0.038796,0.007157,0.988395,-0.098162,0.140999,0.119444,0.980222,-0.500152,0.270743,0.475637,0.684804
-0.141676,0.038761,0.007282,0.988394,-0.098201,0.141011,0.119526,0.980208,-0.500173,0.270786,0.475626,0.68478
-0.141719,0.038749,0.007444,0.98839,-0.098267,0.141039,0.119579,0.980193,-0.50018,0.270808,0.475654,0.684747
-0.141732,0.038749,0.007634,0.988392,-0.098255,0.141055,0.119679,0.980182,-0.500154,0.270816,0.475703,0.684731
-0.141757,0.038755,0.007853,0.988391,-0.098293,0.14112,0.119813,0.980155,-0.500161,0.270792,0.47576,0.684695
-0.141829,0.038767,0.008101,0.988385,-0.098336,0.141162,0.119961,0.98013,-0.500156,0.270836,0.475768,0.684677
-0.141902,0.038806,0.008354,0.988376,-0.098353,0.141193,0.120123,0.980108,-0.500135,0.270861,0.475799,0.684662
-0.141948,0.038794,0.008534,0.988372,-0.098428,0.141188,0.120321,0.980081,-0.500122,0.270924,0.475875,0.684596
-0.142001,0.038818,0.00881,0.988368,-0.09845,0.141205,0.120575,0.980051,-0.500075,0.270932,0.47597,0.68456
-0.142005,0.038858,0.008973,0.988368,-0.098498,0.141231,0.120858,0.980014,-0.500061,0.270914,0.476081,0.684502
-0.14201,0.038887,0.009172,0.988369,-0.098523,0.141244,0.121146,0.97998,-0.500021,0.270929,0.476149,0.68448
-0.142076,0.038892,0.009355,0.988363,-0.098531,0.141262,0.121402,0.979951,-0.5,0.270959,0.47619,0.684455
-0.142099,0.038939,0.009501,0.988359,-0.098581,0.14128,0.12166,0.979917,-0.500005,0.270928,0.47623,0.684435
-0.142108,0.038966,0.009623,0.988359,-0.098633,0.141252,0.121896,0.979891,-0.500033,0.270915,0.476282,0.684384
-0.14214,0.039053,0.009751,0.988352,-0.09865,0.141278,0.122105,0.979865,-0.499997,0.270883,0.476327,0.68439
-0.142177,0.039075,0.009887,0.988349,-0.098645,0.14133,0.12236,0.979832,-0.500012,0.270898,0.476312,0.684385
-0.142225,0.039127,0.010028,0.988341,-0.098699,0.141363,0.122607,0.979797,-0.500023,0.27087,0.476291,0.684402
-0.142255,0.03916,0.010176,0.988338,-0.098731,0.141424,0.12277,0.979768,-0.500001,0.270831,0.476314,0.684417
-0.142258,0.039156,0.010297,0.988339,-0.098785,0.141522,0.122997,0.979725,-0.499955,0.270803,0.476349,0.684436
-0.142285,0.039202,0.010401,0.988335,-0.098835,0.141566,0.123149,0.979698,-0.499924,0.270865,0.476332,0.684447
-0.142339,0.039243,0.010516,0.988327,-0.098875,0.141618,0.123355,0.979666,-0.499886,0.270861,0.476316,0.684487
-0.142384,0.039312,0.010622,0.98832,-0.09894,0.141659,0.123527,0.979636,-0.499849,0.270849,0.476339,0.684503
-0.142415,0.039363,0.010743,0.988315,-0.098984,0.141734,0.123622,0.979611,-0.499867,0.270823,0.476339,0.684499
-0.142486,0.039373,0.010862,0.988305,-0.099015,0.141784,0.123719,0.979591,-0.499896,0.270868,0.47628,0.684502
-0.142551,0.039417,0.010958,0.988296,-0.099002,0.141829,0.123889,0.979568,-0.499831,0.270893,0.476297,0.684528
-0.142606314207842,0.0394300143010118,0.011051708306841,0.988288748333761,-0.0990028596923077,0.141844399681448,0.12392184109811,0.979561693418354,-0.499829007909048,0.27089608539202,0.476297967762712,0.684527944
-0.142662902754455,0.0394392277928555,0.0111497470106543,0.98828156654172,-0.0990052522393162,0.141855058769238,0.123944442599831,0.979557310806999,-0.499827743326132,0.270898064098725,0.476298768316384,0.684527792
-0.142719169912147,0.0394455729205517,0.0112495748536718,0.988274582726572,-0.0990088978461539,0.14186221334587,0.123959282595633,0.979554372892211,-0.499827024443319,0.270899219011107,0.476299417050847,0.684527568
-0.142773519953226,0.0394499821291205,0.0113486505781255,0.988267924991014,-0.0990135167179487,0.141867099493846,0.123968839175986,0.979552400400271,-0.499826669452673,0.270899833020156,0.476299929355932,0.684527296
-0.142824357149998,0.0394533878635823,0.0114444329262474,0.98826172143774,-0.0990188290598291,0.141870953295668,0.12397559043136,0.979550914057455,-0.499826496546261,0.270900189016865,0.476300320621469,0.684527
-0.142870085774769,0.0394567225689576,0.0115343806402696,0.988256100169448,-0.0990245550769231,0.141875010833836,0.123982014452225,0.979549434590043,-0.499826323916148,0.270900569892225,0.476300606237288,0.684526704
-0.142909110099848,0.0394609186902667,0.0116159524624239,0.988251189288832,-0.099030414974359,0.141880508190852,0.123990589329052,0.979547482724313,-0.4998259697544,0.270901258537227,0.47630080159322,0.684526432
-0.142939834397542,0.0394669086725298,0.0116866071349424,0.988247116898588,-0.0990361289572649,0.141888681449217,0.12400379315231,0.979544579186544,-0.499825252253082,0.270902537842863,0.476300922079096,0.684526208
-0.142960662940157,0.0394756249607675,0.0117438034000571,0.988244011101412,-0.0990414172307692,0.141900766691433,0.124024104012469,0.979540244703013,-0.49982398960426,0.270904690700123,0.476300983084746,0.684526056
-0.14297,0.039488,0.011785,0.988242,-0.099046,0.141918,0.124054,0.979534,-0.499822,0.270908,0.476301,0.684526
-0.142972,0.039524,0.011809,0.988241,-0.09905,0.141992,0.124158,0.979512,-0.49976,0.270981,0.476287,0.684554
-0.142918,0.039551,0.011819,0.988248,-0.099051,0.142047,0.124269,0.979493,-0.499752,0.271045,0.476181,0.684609
-0.142976,0.039617,0.01184,0.988237,-0.099508,0.142261,0.125518,0.979286,-0.499555,0.271351,0.476127,0.684674
-0.142988,0.039625,0.011833,0.988235,-0.099584,0.142272,0.125564,0.979271,-0.499521,0.27132,0.476118,0.684718
-0.142969,0.039645,0.011795,0.988237,-0.099655,0.142289,0.12556,0.979262,-0.499498,0.271332,0.476184,0.684684
-0.142964,0.039682,0.011812,0.988237,-0.099682,0.142259,0.125507,0.97927,-0.499463,0.271305,0.476232,0.684687
-0.142949,0.039642,0.011842,0.988241,-0.099669,0.142245,0.125454,0.979278,-0.499444,0.271214,0.476339,0.68466
-0.142978,0.039625,0.011798,0.988236,-0.099683,0.142289,0.1254,0.979277,-0.499438,0.271163,0.476376,0.684659
-0.143047,0.039611,0.0118,0.988226,-0.099633,0.14228,0.125352,0.979288,-0.499462,0.271162,0.476389,0.684632
-0.143036,0.039601,0.01183,0.988229,-0.099581,0.142265,0.12535,0.979295,-0.499461,0.271132,0.476425,0.68462
-0.143007,0.039614,0.011904,0.988234,-0.099532,0.142242,0.125341,0.979304,-0.499475,0.271089,0.476461,0.684601
-0.142961,0.039596,0.011989,0.988241,-0.099515,0.142238,0.125373,0.979304,-0.499451,0.271083,0.476511,0.684586
-0.142946,0.039586,0.012031,0.988245,-0.099541,0.142209,0.125384,0.979304,-0.499456,0.271125,0.476491,0.684582
-0.142966,0.039605,0.012095,0.988242,-0.099557,0.142237,0.125445,0.979291,-0.499454,0.271173,0.476484,0.684569
-0.142974,0.039591,0.012139,0.988241,-0.099604,0.142246,0.125459,0.979284,-0.499481,0.271167,0.476526,0.684523
-0.142949,0.039556,0.012162,0.988247,-0.099626,0.142204,0.12558,0.979275,-0.499466,0.271131,0.476603,0.684495
-0.142919,0.039529,0.012229,0.988253,-0.099669,0.142223,0.125609,0.979265,-0.499461,0.271109,0.476653,0.684471
-0.142906,0.039518,0.012287,0.988255,-0.099695,0.142197,0.125643,0.979262,-0.499459,0.271058,0.476725,0.684443
-0.142871,0.039486,0.012336,0.988262,-0.099751,0.142174,0.125714,0.979253,-0.499434,0.271006,0.476859,0.684387
-0.142838,0.039465,0.01234,0.988268,-0.099754,0.142181,0.12576,0.979246,-0.49938,0.270968,0.476959,0.684373
-0.142866,0.03942,0.012369,0.988266,-0.09977,0.142108,0.125811,0.97925,-0.499403,0.270944,0.476972,0.684355
-0.142837,0.039399,0.012398,0.988271,-0.099708,0.142084,0.12588,0.979252,-0.499418,0.270938,0.477062,0.684286
-0.142836,0.03936,0.012405,0.988272,-0.099687,0.14208,0.125896,0.979252,-0.499415,0.270889,0.477108,0.684274
-0.142831,0.039326,0.012477,0.988275,-0.099706,0.142051,0.125889,0.979256,-0.499404,0.270835,0.477184,0.684249
-0.14283,0.039313,0.012539,0.988276,-0.099713,0.142018,0.125872,0.979262,-0.499427,0.270825,0.477241,0.684198
-0.142834,0.039326,0.012562,0.988276,-0.09968,0.141971,0.125912,0.979267,-0.499448,0.270812,0.477277,0.684162
-0.142805,0.039324,0.01261,0.98828,-0.09968,0.14196,0.12594,0.979266,-0.499444,0.270786,0.477324,0.684141
-0.142798,0.039271,0.012641,0.988284,-0.099683,0.141936,0.125988,0.979263,-0.499462,0.270735,0.47738,0.684109
-0.14275,0.039218,0.012665,0.988292,-0.099678,0.141903,0.126009,0.979266,-0.499523,0.270642,0.477456,0.684048
-0.142746,0.039246,0.012779,0.988293,-0.099638,0.141879,0.126003,0.979274,-0.499565,0.270658,0.477535,0.683957
-0.142689,0.039209,0.012851,0.988304,-0.099565,0.141857,0.12599,0.979287,-0.499605,0.270655,0.477573,0.683903
-0.14268,0.039188,0.012918,0.988307,-0.099535,0.141817,0.126028,0.97929,-0.499647,0.270631,0.477603,0.683861
-0.142637,0.039197,0.012985,0.988313,-0.09952,0.141811,0.126073,0.979288,-0.499695,0.270641,0.477637,0.683799
-0.142647,0.039165,0.012981,0.988313,-0.09952,0.141791,0.126115,0.979286,-0.499719,0.270631,0.47769,0.683749
-0.142634,0.039171,0.012964,0.988315,-0.099483,0.141814,0.126165,0.979282,-0.499689,0.270632,0.477739,0.683736
-0.142629,0.039181,0.012951,0.988315,-0.099503,0.141776,0.126212,0.97928,-0.499673,0.270627,0.477729,0.683757
-0.142635,0.039178,0.012993,0.988314,-0.099489,0.141742,0.126196,0.979288,-0.499667,0.270628,0.477706,0.683776
-0.142629,0.039143,0.012997,0.988316,-0.099474,0.141723,0.12619,0.979292,-0.499625,0.270617,0.477757,0.683775
-0.142633,0.039155,0.012958,0.988315,-0.099438,0.141766,0.126185,0.979291,-0.499616,0.270557,0.477828,0.683755
-0.142576,0.039144,0.012931,0.988323,-0.099478,0.141743,0.126141,0.979294,-0.499602,0.270476,0.477918,0.683734
-0.142509,0.039095,0.012859,0.988334,-0.0995,0.14172,0.126124,0.979297,-0.499591,0.270384,0.477984,0.683729
-0.14253,0.039114,0.012845,0.98833,-0.099469,0.141719,0.126081,0.979305,-0.49954,0.27034,0.478061,0.683729
-0.142518,0.039105,0.012858,0.988332,-0.09941,0.14166,0.126054,0.979321,-0.499529,0.270301,0.478114,0.683715
-0.142531,0.039035,0.012932,0.988334,-0.099414,0.141625,0.126054,0.979327,-0.499526,0.270368,0.478105,0.6837
-0.142559,0.039012,0.012925,0.98833,-0.099441,0.141554,0.126084,0.979331,-0.49957,0.270406,0.478087,0.683665
-0.142565,0.039009,0.012948,0.98833,-0.099465,0.141522,0.126111,0.979329,-0.49958,0.270404,0.478093,0.683655
-0.142534,0.038998,0.012985,0.988335,-0.099431,0.141493,0.126103,0.979338,-0.4996,0.270399,0.478081,0.683651
-0.142498,0.038952,0.013074,0.988343,-0.099465,0.141487,0.126128,0.979333,-0.499546,0.270422,0.478077,0.683683
-0.142485,0.038952,0.013107,0.988344,-0.099493,0.141488,0.126184,0.979324,-0.499545,0.270461,0.478082,0.683666
-0.14252,0.038932,0.013052,0.988339,-0.099512,0.14147,0.126288,0.979313,-0.499553,0.27048,0.478021,0.683696
-0.142577,0.038901,0.012952,0.988331,-0.099562,0.141439,0.126358,0.979305,-0.499506,0.270507,0.477978,0.68375
-0.142586,0.038874,0.012861,0.98833,-0.099546,0.141449,0.126388,0.979302,-0.499449,0.27052,0.477944,0.68381
-0.142579,0.038833,0.012766,0.988331,-0.099564,0.141478,0.126344,0.979302,-0.499449,0.270512,0.477946,0.683812
-0.142589,0.038836,0.012739,0.988329,-0.099601,0.141477,0.126252,0.979307,-0.499363,0.27047,0.477959,0.683881
-0.14257,0.038853,0.01275,0.988332,-0.099608,0.14145,0.12621,0.979315,-0.499264,0.270507,0.477923,0.683963
-0.142549,0.038862,0.012731,0.988334,-0.099607,0.141426,0.126175,0.979323,-0.499282,0.270493,0.477864,0.683996
-0.142566,0.038808,0.0127,0.988334,-0.099583,0.141463,0.126128,0.979324,-0.499275,0.270547,0.477836,0.684001
-0.142583,0.038841,0.012669,0.988329,-0.099584,0.141467,0.126103,0.979326,-0.499228,0.270597,0.477821,0.684026
-0.142532,0.038848,0.012678,0.988337,-0.099598,0.141505,0.126117,0.979318,-0.499172,0.270668,0.477734,0.684101
-0.142567,0.038838,0.012721,0.988333,-0.099635,0.14159,0.126017,0.979314,-0.499114,0.270707,0.477658,0.68418
-0.142575,0.038876,0.012801,0.988331,-0.099638,0.141576,0.125937,0.979323,-0.499084,0.27076,0.477613,0.684214
-0.142556,0.038901,0.012774,0.988333,-0.099696,0.141649,0.12598,0.979303,-0.499072,0.270758,0.477515,0.684291
-0.142573,0.038923,0.012715,0.988328,-0.099729,0.141671,0.126082,0.979285,-0.499096,0.27081,0.477446,0.684301
-0.142547,0.03895,0.012602,0.98833,-0.0997,0.141691,0.126154,0.979278,-0.499057,0.270817,0.477421,0.684344
-0.142559,0.039031,0.012523,0.988325,-0.099652,0.141727,0.126157,0.979277,-0.499031,0.270856,0.477369,0.684385
-0.142531,0.039037,0.012474,0.988328,-0.099657,0.14172,0.12607,0.979287,-0.499018,0.270806,0.477329,0.68444
-0.14254,0.039086,0.012472,0.988326,-0.099722,0.141731,0.125943,0.979293,-0.49902,0.270839,0.477249,0.684481
-0.142565,0.0391,0.012516,0.988322,-0.099799,0.141772,0.125889,0.979285,-0.499034,0.270865,0.477188,0.684502
-0.142577,0.039118,0.012494,0.98832,-0.099721,0.141771,0.125937,0.979288,-0.499028,0.270939,0.477048,0.684577
-0.142622,0.03914,0.01244,0.988311,-0.099728,0.141776,0.125999,0.97928,-0.498997,0.270938,0.476973,0.68465
-0.142625,0.039128,0.012432,0.988311,-0.099751,0.141798,0.125993,0.979276,-0.498929,0.271021,0.476911,0.684712
-0.142644,0.039147,0.01237,0.988307,-0.099772,0.141767,0.125927,0.979285,-0.498916,0.271051,0.476837,0.68476
-0.142666,0.039133,0.01236,0.988305,-0.099832,0.141787,0.125879,0.979281,-0.49888,0.271113,0.476723,0.684842
-0.14269,0.039132,0.012356,0.988301,-0.099874,0.14179,0.125809,0.979284,-0.498836,0.271183,0.476593,0.684937
-0.142652,0.039132,0.012336,0.988307,-0.099948,0.141775,0.125751,0.979285,-0.498824,0.271306,0.476513,0.684955
-0.14268,0.03913,0.012307,0.988302,-0.099933,0.141739,0.125765,0.979289,-0.498778,0.271404,0.476425,0.685012
-0.142692,0.0391,0.012276,0.988301,-0.099978,0.141752,0.12575,0.979285,-0.498802,0.271474,0.476377,0.685002
-0.142693,0.039094,0.012328,0.988301,-0.099946,0.141743,0.125726,0.979292,-0.498831,0.271479,0.476344,0.685001
-0.142612,0.03905,0.012322,0.988315,-0.099938,0.141706,0.125691,0.979302,-0.498791,0.271493,0.476372,0.685007
-0.142624,0.03903,0.012339,0.988314,-0.099909,0.141671,0.125726,0.979306,-0.498793,0.271507,0.476389,0.684989
-0.142634,0.03901,0.012327,0.988313,-0.099853,0.141633,0.125782,0.979311,-0.498811,0.271529,0.476374,0.684978
-0.142636,0.039041,0.012356,0.988311,-0.099807,0.141611,0.125741,0.979323,-0.498839,0.271516,0.476361,0.684971
-0.14265,0.03904,0.012402,0.98831,-0.099807,0.141599,0.125729,0.979326,-0.498863,0.271519,0.476383,0.684936
-0.142629,0.039014,0.012462,0.988315,-0.099763,0.141578,0.1257,0.979337,-0.498878,0.271471,0.476444,0.684901
-0.142605,0.038942,0.012517,0.988322,-0.099797,0.14152,0.125689,0.979341,-0.498956,0.27143,0.476428,0.684872
-0.142616,0.038949,0.012599,0.98832,-0.099764,0.141484,0.125752,0.979344,-0.498969,0.271408,0.476465,0.684846
-0.142591,0.038917,0.012613,0.988326,-0.099753,0.141437,0.125793,0.979347,-0.499007,0.271346,0.476513,0.684808
-0.142627,0.038933,0.012626,0.98832,-0.099726,0.141474,0.125815,0.979342,-0.499037,0.271341,0.476575,0.684746
-0.142611,0.038944,0.012651,0.988322,-0.099723,0.141466,0.125808,0.979344,-0.49905,0.271319,0.476619,0.684714
-0.142603,0.038948,0.012678,0.988323,-0.099718,0.14154,0.125744,0.979342,-0.499042,0.271296,0.47665,0.684708
-0.142571,0.038916,0.01272,0.988329,-0.099741,0.141588,0.125684,0.979338,-0.49907,0.271259,0.476706,0.684662
-0.142601,0.038889,0.012738,0.988326,-0.099774,0.141598,0.125671,0.979335,-0.499026,0.271242,0.476716,0.684694
-0.142569,0.03893,0.01274,0.98833,-0.09978,0.141544,0.125746,0.979334,-0.499037,0.271248,0.476696,0.684697
-0.142561,0.038932,0.012705,0.98833,-0.099782,0.141477,0.125836,0.979334,-0.499049,0.271242,0.476643,0.684727
-0.142575,0.038884,0.012655,0.988329,-0.099754,0.141424,0.125848,0.979343,-0.499027,0.271178,0.476694,0.684731
-0.142602,0.038903,0.012658,0.988324,-0.099733,0.141475,0.125811,0.979341,-0.499024,0.271121,0.476738,0.684726
-0.142608,0.038891,0.012673,0.988324,-0.099703,0.141467,0.125685,0.979359,-0.499037,0.271121,0.47674,0.684713
-0.142622,0.038878,0.012708,0.988324,-0.099645,0.141501,0.125589,0.97937,-0.499066,0.271053,0.476764,0.684701
-0.14261,0.038859,0.012752,0.988326,-0.099591,0.141531,0.125617,0.979369,-0.499063,0.271033,0.476779,0.6847
-0.142591,0.038801,0.012786,0.988331,-0.099586,0.141544,0.125677,0.979361,-0.499089,0.271016,0.476779,0.684688
-0.142574,0.038773,0.012751,0.988334,-0.099552,0.141584,0.125679,0.979359,-0.499136,0.271062,0.4767,0.684691
-0.142567,0.038691,0.01275,0.988338,-0.099524,0.141583,0.125641,0.979365,-0.499114,0.271067,0.476667,0.684728
-0.14255,0.038643,0.012747,0.988342,-0.09954,0.141574,0.125582,0.979371,-0.499078,0.271099,0.476662,0.684747
-0.142538,0.038598,0.012791,0.988346,-0.09955,0.141558,0.12556,0.979375,-0.499054,0.271156,0.476645,0.684754
-0.1425,0.038633,0.012827,0.98835,-0.099592,0.141507,0.125565,0.979377,-0.499041,0.271188,0.476601,0.684782
-0.142447,0.038641,0.012769,0.988357,-0.099577,0.141525,0.125629,0.979369,-0.499075,0.271193,0.476562,0.684782
-0.142432,0.03866,0.012716,0.988358,-0.099549,0.141533,0.12567,0.979367,-0.499018,0.271258,0.476609,0.684766
-0.142416,0.038681,0.01275,0.988361,-0.099541,0.141536,0.125672,0.979366,-0.49899,0.271289,0.47656,0.684809
-0.142354,0.038692,0.012677,0.988368,-0.099563,0.141631,0.125615,0.979358,-0.498971,0.27128,0.476565,0.684823
-0.142312,0.038687,0.012644,0.988374,-0.099551,0.141624,0.125568,0.979364,-0.498941,0.271267,0.476569,0.684847
-0.142254,0.038734,0.012624,0.988381,-0.099488,0.141586,0.125606,0.979373,-0.49892,0.271273,0.476547,0.684875
-0.1422,0.038764,0.012617,0.988387,-0.099417,0.141557,0.125651,0.979379,-0.498886,0.271257,0.47658,0.684883
-0.142182,0.038828,0.01261,0.988388,-0.099441,0.14154,0.125693,0.979374,-0.498903,0.271221,0.476608,0.684865
-0.142155,0.03886,0.012586,0.988391,-0.099423,0.141514,0.125669,0.979382,-0.49891,0.271127,0.476637,0.684874
-0.142162,0.038879,0.012609,0.98839,-0.099426,0.14152,0.125588,0.979389,-0.498886,0.27108,0.47666,0.684892
-0.142144,0.038928,0.012691,0.988391,-0.099438,0.141508,0.125542,0.979395,-0.498804,0.271082,0.476681,0.684937
-0.142075,0.038913,0.012761,0.988402,-0.099454,0.141533,0.125527,0.979392,-0.498777,0.271078,0.476691,0.684951
-0.142049,0.038941,0.012757,0.988405,-0.099478,0.141552,0.125574,0.979381,-0.498774,0.271007,0.476724,0.684957
-0.142044,0.038898,0.012741,0.988407,-0.0994,0.141513,0.125678,0.979383,-0.498771,0.270988,0.476708,0.684978
-0.142035,0.038891,0.012704,0.988408,-0.099407,0.141531,0.125682,0.979381,-0.498777,0.271003,0.476698,0.684974
-0.142018,0.038883,0.01275,0.988411,-0.099421,0.141565,0.12566,0.979376,-0.4988,0.271003,0.476639,0.684998
-0.142021,0.03891,0.012801,0.98841,-0.099421,0.141552,0.125591,0.979386,-0.498775,0.270989,0.476612,0.68504
-0.14202,0.038871,0.012821,0.988412,-0.099379,0.141516,0.125541,0.9794,-0.498766,0.27101,0.476624,0.685031
-0.142053,0.038858,0.012806,0.988407,-0.099326,0.14147,0.125541,0.979412,-0.498768,0.271007,0.476639,0.68502
-0.142047,0.038858,0.012728,0.988408,-0.099312,0.141468,0.125559,0.979411,-0.498749,0.27103,0.476605,0.685048
-0.142068,0.038844,0.012693,0.988405,-0.099325,0.141464,0.125644,0.979401,-0.498719,0.271049,0.476587,0.685076
-0.142063,0.038811,0.012662,0.988407,-0.099366,0.141464,0.12565,0.979397,-0.498667,0.271052,0.476633,0.68508
-0.142062,0.038813,0.012618,0.988406,-0.09935,0.141437,0.125601,0.979407,-0.498596,0.271034,0.476648,0.685128
-0.142044,0.038829,0.012551,0.988407,-0.099399,0.141411,0.12556,0.979411,-0.498531,0.271064,0.476665,0.685152
-0.141989,0.038871,0.012522,0.988413,-0.099413,0.141398,0.125517,0.979415,-0.498493,0.271069,0.476657,0.685184
-0.141994,0.038872,0.01248,0.988412,-0.099399,0.141371,0.125561,0.979416,-0.498417,0.271086,0.476644,0.68524
-0.14196,0.038852,0.012387,0.988417,-0.099372,0.141355,0.125579,0.97942,-0.498357,0.271055,0.476714,0.685247
-0.141937,0.038855,0.012346,0.988419,-0.099277,0.141321,0.125587,0.979433,-0.498355,0.27103,0.476693,0.685273
-0.141927,0.03888,0.012308,0.98842,-0.099252,0.141286,0.125558,0.979443,-0.498347,0.270955,0.476719,0.685289
-0.141901,0.038886,0.012401,0.988424,-0.099218,0.141288,0.125433,0.979459,-0.498342,0.270958,0.476652,0.685336
-0.14187,0.038872,0.012482,0.98843,-0.099205,0.141261,0.125408,0.979466,-0.498333,0.270911,0.476658,0.685356
-0.141868,0.038871,0.012511,0.988431,-0.099208,0.141274,0.125399,0.979466,-0.498322,0.270916,0.476599,0.685403
-0.141885,0.03888,0.012544,0.988428,-0.099191,0.141317,0.125482,0.979452,-0.498329,0.270878,0.476592,0.685417
-0.141885,0.038896,0.012511,0.988428,-0.099215,0.141337,0.125573,0.979438,-0.498315,0.270877,0.476584,0.685432
-0.141878,0.03886,0.012472,0.988429,-0.099264,0.141351,0.12569,0.979418,-0.498298,0.270864,0.476633,0.685417
-0.141881,0.038834,0.012481,0.98843,-0.099252,0.14135,0.125658,0.979423,-0.498333,0.270897,0.476656,0.685363
-0.141834,0.038815,0.01248,0.988437,-0.099229,0.141339,0.12564,0.979429,-0.498342,0.270903,0.476719,0.685311
-0.141848,0.038714,0.012483,0.988438,-0.099208,0.141322,0.125652,0.979432,-0.498318,0.270931,0.476758,0.68529
-0.14182,0.03867,0.012437,0.988444,-0.099171,0.141235,0.125629,0.97945,-0.498367,0.270954,0.476749,0.685254
-0.14185,0.038648,0.012436,0.98844,-0.099128,0.141197,0.125694,0.979454,-0.498427,0.270994,0.476694,0.685233
-0.141814,0.038625,0.012482,0.988447,-0.099134,0.141215,0.125687,0.979451,-0.498424,0.27102,0.476697,0.685223
-0.141793,0.038619,0.012527,0.988451,-0.099126,0.141196,0.125731,0.979449,-0.498453,0.271026,0.476705,0.685195
-0.141765,0.038616,0.012523,0.988455,-0.099139,0.141184,0.125803,0.979442,-0.4984,0.271095,0.476721,0.685196
-0.141752,0.038618,0.012493,0.988457,-0.099144,0.141184,0.125856,0.979436,-0.498441,0.271126,0.476671,0.68519
-0.141765,0.038689,0.012462,0.988451,-0.099141,0.141165,0.125885,0.979436,-0.498419,0.271122,0.476681,0.685199
-0.141772,0.038699,0.012394,0.988449,-0.099147,0.141148,0.125901,0.979436,-0.498399,0.271093,0.476683,0.685224
-0.141746,0.038717,0.012358,0.988452,-0.099135,0.141205,0.125887,0.979431,-0.49836,0.271011,0.476738,0.685244
-0.141765,0.038744,0.012333,0.988448,-0.099131,0.14124,0.125828,0.979433,-0.498317,0.270986,0.476737,0.685286
-0.141758,0.038801,0.012333,0.988447,-0.099159,0.141277,0.125752,0.979433,-0.498307,0.270912,0.476734,0.685323
-0.141794,0.038807,0.012339,0.988442,-0.099159,0.141244,0.125727,0.97944,-0.498278,0.27083,0.476759,0.685356
-0.141811,0.038811,0.012339,0.988439,-0.099138,0.141238,0.125671,0.979449,-0.498252,0.270806,0.476752,0.68539
-0.141818,0.038849,0.012316,0.988437,-0.099159,0.141279,0.125616,0.979447,-0.498243,0.270766,0.476711,0.685438
-0.141852,0.03892,0.012324,0.98843,-0.099225,0.141329,0.125621,0.979432,-0.498235,0.270764,0.476652,0.685485
-0.141866,0.038943,0.012277,0.988426,-0.099223,0.141299,0.12561,0.979438,-0.498218,0.270802,0.476559,0.685548
-0.141865,0.038943,0.012255,0.988426,-0.099203,0.141322,0.125617,0.979436,-0.498178,0.2708,0.476578,0.685564
-0.141834,0.038972,0.012242,0.988429,-0.099233,0.141316,0.125564,0.97944,-0.498135,0.270825,0.476519,0.685626
-0.141857,0.03897,0.012159,0.988425,-0.099279,0.141409,0.125487,0.97943,-0.498106,0.270879,0.476445,0.685678
-0.141782,0.038988,0.012063,0.988435,-0.099299,0.141456,0.125444,0.979426,-0.498065,0.270917,0.476361,0.68575
-0.14179,0.039017,0.011961,0.988431,-0.099371,0.141514,0.125394,0.979416,-0.498027,0.270979,0.476305,0.685795
-0.14179,0.038992,0.011842,0.988431,-0.099375,0.141541,0.125364,0.979416,-0.498006,0.271006,0.476266,0.685825
-0.14178,0.039063,0.011709,0.988428,-0.099393,0.141533,0.125258,0.979427,-0.497944,0.271,0.476269,0.685869
-0.141749,0.039106,0.01163,0.98843,-0.099401,0.141481,0.125123,0.979447,-0.497898,0.270941,0.476218,0.68596
-0.141753,0.039188,0.011498,0.988426,-0.099387,0.14153,0.124996,0.979455,-0.497881,0.270913,0.476145,0.686033
-0.141792,0.03921,0.011331,0.988418,-0.099421,0.141553,0.124992,0.979449,-0.497851,0.270873,0.476106,0.686095
-0.141789,0.039246,0.011208,0.988415,-0.099399,0.141567,0.124919,0.979457,-0.497814,0.270828,0.476066,0.686166
-0.141792,0.039271,0.011098,0.988413,-0.099426,0.141578,0.124778,0.979467,-0.497783,0.270832,0.475987,0.686241
-0.141831,0.039321,0.011027,0.988405,-0.099497,0.141564,0.124676,0.979474,-0.497758,0.270793,0.475948,0.6863
-0.141877,0.039313,0.01099,0.988398,-0.099545,0.141535,0.124563,0.979484,-0.497738,0.270845,0.475836,0.686372
-0.141901,0.039295,0.010981,0.988395,-0.099594,0.141506,0.124488,0.979491,-0.4977,0.270852,0.475791,0.686427
-0.141912,0.039269,0.010962,0.988394,-0.099579,0.141516,0.124473,0.979494,-0.497683,0.270879,0.475751,0.686458
-0.141918,0.039293,0.01098,0.988392,-0.099584,0.14147,0.124501,0.979496,-0.497671,0.270871,0.475721,0.68649
-0.141898,0.039368,0.011011,0.988393,-0.099577,0.141501,0.124522,0.979491,-0.497695,0.270919,0.475642,0.686508
-0.141886,0.039382,0.011058,0.988395,-0.099611,0.141551,0.124501,0.979482,-0.497703,0.270934,0.47561,0.686518
-0.14187,0.03944,0.011029,0.988394,-0.099682,0.141583,0.124542,0.979466,-0.497698,0.270929,0.475607,0.686526
-0.141814,0.039478,0.011032,0.988401,-0.099657,0.14161,0.124581,0.979461,-0.497679,0.270912,0.47556,0.686579
-0.141808,0.039513,0.010962,0.9884,-0.099669,0.141661,0.124599,0.97945,-0.497706,0.270906,0.475551,0.686568
-0.141801,0.039559,0.010911,0.988399,-0.099681,0.141674,0.124568,0.979451,-0.497725,0.270858,0.475585,0.686548
-0.141797,0.039595,0.01084,0.988398,-0.099687,0.141672,0.124559,0.979452,-0.497721,0.270846,0.475578,0.68656
-0.141772,0.039614,0.010776,0.9884,-0.099652,0.141669,0.124475,0.979464,-0.497765,0.270804,0.47552,0.686583
-0.141748,0.03965,0.010707,0.988401,-0.099666,0.141625,0.124481,0.979468,-0.49776,0.270798,0.475482,0.686616
-0.141712,0.039634,0.010694,0.988408,-0.099673,0.14164,0.124472,0.979467,-0.497741,0.270873,0.475487,0.686597
-0.141687,0.039633,0.010684,0.988411,-0.099639,0.141663,0.124463,0.979468,-0.497719,0.270878,0.475501,0.686602
-0.141661,0.039607,0.010625,0.988414,-0.099595,0.141675,0.124453,0.979471,-0.497695,0.270868,0.475503,0.686623
-0.141693,0.039643,0.010591,0.988408,-0.099618,0.141674,0.124443,0.97947,-0.497694,0.270858,0.475547,0.686597
-0.141707,0.039687,0.010656,0.988406,-0.099636,0.141668,0.124369,0.979477,-0.497666,0.270802,0.475589,0.686607
-0.141700406270776,0.0397382767976731,0.0106870122164049,0.988406114331723,-0.0996473011464639,0.141674161220044,0.124341595406804,0.979476742189117,-0.497663305050505,0.270784721247563,0.475612574879227,0.68660337037037
-0.14168470143044,0.039790078547097,0.0107086910994764,0.988406450885668,-0.0996563854688162,0.141686544662309,0.124323519925624,0.979476039933789,-0.497662185858586,0.270773805068226,0.475630120772947,0.68659662962963
-0.141666,0.039823,0.010734,0.988407,-0.099668,0.141696,0.124317,0.979475,-0.49766,0.27077,0.475637,0.686593
-0.141645484315601,0.039838253222138,0.0107803612565445,0.988409663043478,-0.0996868532998565,0.141700735294118,0.124322417330677,0.979472007551368,-0.4976471,0.270785,0.4756265,0.6866025
-0.141615,0.039845,0.010811,0.988415,-0.09971,0.141703,0.124338,0.979468,-0.497636,0.2708,0.475616,0.686612
-0.141552,0.039834,0.0108,0.988425,-0.099735,0.141646,0.124419,0.979465,-0.497658,0.270769,0.47574,0.686523
-0.141564,0.039841,0.010808,0.988423,-0.099699,0.141648,0.124562,0.979453,-0.497638,0.270755,0.475808,0.686496
-0.141525,0.039859,0.010752,0.988427,-0.099655,0.141756,0.124613,0.979437,-0.49762,0.270733,0.47583,0.686503
-0.141555,0.039888,0.010789,0.988422,-0.099601,0.141746,0.124701,0.979435,-0.497589,0.27074,0.475871,0.686494
-0.14156,0.039952,0.010759,0.988419,-0.099595,0.141738,0.124713,0.979435,-0.49761,0.270698,0.475908,0.686469
-0.141546,0.039944,0.010752,0.988421,-0.099587,0.14176,0.12476,0.979428,-0.49759,0.270721,0.475919,0.686468
-0.141528,0.039974,0.0107,0.988422,-0.09958,0.14179,0.124713,0.979429,-0.497603,0.270666,0.475985,0.686433
-0.141508,0.039984,0.010673,0.988424,-0.099602,0.141779,0.12466,0.979434,-0.497609,0.270617,0.476021,0.686422
-0.141475,0.039991,0.010646,0.988429,-0.099631,0.141754,0.124609,0.97944,-0.497635,0.2706,0.476068,0.686377
-0.141456,0.039992,0.010588,0.98843,-0.099611,0.141764,0.124588,0.979443,-0.497686,0.270553,0.476134,0.686312
-0.141358,0.03999,0.01052,0.988443,-0.099556,0.141745,0.124624,0.979448,-0.497723,0.27052,0.476155,0.686284
-0.1413,0.040018,0.010501,0.988451,-0.099559,0.141802,0.124545,0.979447,-0.497725,0.270461,0.476184,0.686285
-0.141287,0.040031,0.010443,0.988452,-0.099589,0.141877,0.12446,0.979443,-0.497722,0.270446,0.476172,0.686301
-0.141235,0.040033,0.010399,0.988459,-0.099574,0.141886,0.1244,0.97945,-0.49776,0.270411,0.476211,0.68626
-0.141217,0.040056,0.010369,0.98846,-0.099629,0.141898,0.12438,0.979445,-0.497739,0.270383,0.476261,0.68625
-0.141215,0.040071,0.010323,0.988459,-0.099637,0.141924,0.124401,0.979438,-0.497718,0.270344,0.476278,0.686268
-0.141212,0.040074,0.0103,0.988459,-0.099666,0.141938,0.12444,0.979429,-0.497669,0.270272,0.476361,0.686274
-0.141205,0.040062,0.010255,0.98846,-0.099675,0.14193,0.124402,0.979434,-0.4976,0.270279,0.476361,0.68632
-0.141223,0.040064,0.010307,0.988458,-0.099698,0.141934,0.124348,0.979436,-0.497562,0.270229,0.476399,0.686341
-0.141258,0.040098,0.010291,0.988451,-0.099749,0.141955,0.124315,0.979431,-0.49753,0.270219,0.476431,0.686345
-0.14124,0.040132,0.010284,0.988453,-0.099836,0.141964,0.12437,0.979416,-0.497496,0.270253,0.476435,0.686354
-0.141223,0.040178,0.010239,0.988453,-0.099782,0.141976,0.124387,0.979418,-0.49746,0.270297,0.476396,0.68639
-0.14121,0.040211,0.01016,0.988453,-0.099809,0.141968,0.124379,0.979417,-0.497474,0.27023,0.476447,0.686371
-0.141178,0.040256,0.010077,0.988455,-0.099798,0.141989,0.124371,0.979415,-0.497448,0.270223,0.47649,0.686362
-0.141164,0.040357,0.009975,0.988452,-0.099798,0.141999,0.124325,0.979419,-0.497418,0.270214,0.476515,0.68637
-0.14111,0.040381,0.009897,0.988458,-0.099832,0.142018,0.124223,0.979424,-0.49739,0.270221,0.476486,0.686407
-0.141081,0.04046,0.009852,0.988459,-0.099871,0.142066,0.124209,0.979415,-0.497408,0.270193,0.476529,0.686375
-0.141068,0.040498,0.009801,0.988459,-0.09987,0.142068,0.124177,0.979418,-0.497424,0.270133,0.476537,0.686382
-0.141065,0.04055,0.009767,0.988457,-0.099869,0.142056,0.124148,0.979422,-0.497432,0.270045,0.476546,0.686401
-0.141101,0.040604,0.009744,0.988449,-0.099862,0.142092,0.124151,0.979418,-0.497428,0.270051,0.47652,0.68642
-0.141139,0.040712,0.00974,0.98844,-0.099886,0.142092,0.1241,0.979421,-0.49744,0.269993,0.47656,0.686405
-0.141142,0.040739,0.009713,0.988438,-0.099911,0.142119,0.124114,0.979414,-0.497448,0.269938,0.476584,0.686403
-0.141133,0.040782,0.009675,0.988437,-0.099918,0.142192,0.124097,0.979404,-0.497427,0.2699,0.476563,0.686445
-0.141106,0.040778,0.009589,0.98844,-0.099993,0.14221,0.124131,0.97939,-0.497414,0.269931,0.476551,0.686452
-0.141121,0.040801,0.00952,0.988436,-0.100013,0.142196,0.124125,0.979391,-0.497429,0.269892,0.476569,0.686444
-0.141101,0.040823,0.009443,0.988438,-0.100034,0.142225,0.124131,0.979385,-0.497443,0.26991,0.476577,0.686421
-0.141141,0.040833,0.00936,0.98843,-0.100061,0.142232,0.124115,0.979383,-0.497452,0.269856,0.476609,0.686413
-0.141106,0.040891,0.009307,0.988432,-0.100036,0.142213,0.124133,0.979386,-0.497441,0.269817,0.476623,0.686426
-0.141116,0.040962,0.00925,0.988429,-0.099995,0.142282,0.124121,0.979381,-0.497377,0.269833,0.476618,0.68647
-0.141104,0.040972,0.009199,0.988429,-0.100043,0.142308,0.124098,0.979375,-0.497377,0.269865,0.476608,0.686465
-0.141109,0.041014,0.009251,0.988427,-0.100053,0.142309,0.124091,0.979374,-0.497403,0.269851,0.476617,0.686445
-0.141091,0.041049,0.009325,0.988429,-0.100072,0.142347,0.124121,0.979365,-0.497413,0.269828,0.476618,0.686445
-0.141053,0.041097,0.009377,0.988434,-0.100114,0.14238,0.124095,0.979358,-0.497418,0.269789,0.476647,0.686436
-0.141049,0.04106,0.009403,0.988436,-0.100149,0.142374,0.124136,0.979351,-0.497401,0.269795,0.476659,0.686437
-0.141044,0.041091,0.009378,0.988436,-0.100204,0.142406,0.124143,0.97934,-0.497377,0.269788,0.476671,0.686448
-0.141011,0.041088,0.009332,0.988439,-0.100242,0.142379,0.124196,0.979336,-0.497423,0.269775,0.476638,0.686443
-0.14107,0.04111,0.009355,0.98843,-0.100272,0.142412,0.124234,0.979324,-0.497395,0.269751,0.47667,0.686451
-0.141043,0.041081,0.009389,0.988435,-0.100277,0.142396,0.124248,0.979324,-0.4974,0.269737,0.476682,0.686443
-0.141042,0.041095,0.009374,0.988435,-0.100271,0.142415,0.124241,0.979322,-0.497384,0.269774,0.476715,0.686419
-0.141018,0.041139,0.009361,0.988437,-0.100276,0.142408,0.124254,0.979322,-0.497401,0.269813,0.476676,0.68642
-0.141004,0.041207,0.009382,0.988437,-0.100326,0.142455,0.124313,0.979303,-0.497404,0.269808,0.476635,0.686447
-0.140974,0.041238,0.009399,0.988441,-0.100287,0.142467,0.124357,0.979301,-0.497401,0.269816,0.476622,0.686455
-0.140947,0.041239,0.009443,0.988444,-0.100268,0.142513,0.124358,0.979297,-0.497369,0.269844,0.476572,0.686502
-0.140917,0.041256,0.009473,0.988449,-0.10029,0.142545,0.124422,0.979283,-0.497407,0.269867,0.476594,0.686452
-0.140892,0.041293,0.0095,0.988452,-0.100271,0.142588,0.124424,0.979279,-0.497451,0.269843,0.47659,0.686432
-0.140939,0.041302,0.009557,0.988446,-0.100289,0.142596,0.124444,0.979274,-0.497456,0.269859,0.476607,0.68641
-0.140908,0.041294,0.0095,0.988449,-0.100306,0.142591,0.124483,0.979269,-0.49748,0.269803,0.476638,0.686393
-0.140912,0.041327,0.009497,0.988447,-0.100392,0.142631,0.124529,0.97925,-0.497496,0.269817,0.476629,0.686382
-0.140902,0.041353,0.009479,0.988448,-0.100428,0.142637,0.124562,0.979242,-0.497502,0.269812,0.476616,0.686389
-0.140911,0.041386,0.00949,0.988445,-0.10048,0.142655,0.12458,0.979232,-0.497508,0.269846,0.476605,0.68638
-0.140915,0.041389,0.009483,0.988444,-0.100541,0.142685,0.124655,0.979214,-0.497486,0.269817,0.476636,0.686386
-0.140903,0.04143,0.009493,0.988446,-0.10058,0.1427,0.124602,0.979213,-0.497468,0.269809,0.476598,0.686426
-0.14089,0.041483,0.00949,0.988445,-0.100566,0.142736,0.124609,0.979209,-0.497454,0.269787,0.476606,0.686438
-0.1409,0.041477,0.009479,0.988444,-0.100545,0.142779,0.124562,0.97921,-0.497424,0.26979,0.476585,0.686475
-0.140877,0.041523,0.009487,0.988445,-0.100561,0.142795,0.124611,0.979201,-0.4974,0.269778,0.476594,0.686489
-0.140895,0.041527,0.009487,0.988442,-0.100568,0.142796,0.124596,0.979202,-0.497399,0.269786,0.476614,0.686474
-0.140916,0.041574,0.009518,0.988438,-0.100639,0.142829,0.12464,0.979185,-0.497406,0.26974,0.476639,0.686468
-0.14094,0.041645,0.00956,0.988433,-0.100619,0.142829,0.124622,0.97919,-0.497407,0.269739,0.476678,0.686443
-0.140922,0.041672,0.009606,0.988435,-0.100584,0.14284,0.124648,0.979188,-0.497437,0.26969,0.47668,0.686436
-0.14092,0.041692,0.009596,0.988434,-0.100583,0.142868,0.124683,0.979181,-0.497453,0.26973,0.47662,0.686451
-0.140907,0.041699,0.009569,0.988436,-0.100569,0.142877,0.12469,0.97918,-0.497467,0.269682,0.476669,0.686425
-0.140878,0.041733,0.009544,0.988438,-0.100583,0.14287,0.124721,0.979177,-0.497467,0.269676,0.476635,0.68645
-0.140892,0.04177,0.009507,0.988434,-0.100598,0.14287,0.124754,0.979171,-0.497477,0.269655,0.476637,0.68645
-0.140883,0.041735,0.009518,0.988437,-0.100574,0.142907,0.124756,0.979169,-0.497528,0.269687,0.476642,0.686399
-0.140903,0.041768,0.0095,0.988433,-0.100583,0.142895,0.124738,0.979171,-0.497557,0.269659,0.476721,0.686333
-0.140886,0.041752,0.009446,0.988435,-0.100594,0.142919,0.124698,0.979171,-0.497532,0.269681,0.476734,0.686335
-0.140893,0.041703,0.009415,0.988436,-0.100615,0.142914,0.124682,0.979171,-0.497538,0.269713,0.476726,0.686323
-0.140873,0.041679,0.009415,0.988439,-0.100653,0.142884,0.124688,0.979171,-0.497546,0.269715,0.476619,0.68639
-0.140898,0.041696,0.009415,0.988436,-0.100663,0.142844,0.124702,0.979174,-0.497553,0.269692,0.47665,0.686372
-0.140924,0.041697,0.009356,0.98843,-0.100682,0.142878,0.124708,0.979167,-0.497555,0.269688,0.476653,0.686371
-0.140917,0.041659,0.009264,0.988432,-0.1007,0.142935,0.124719,0.979156,-0.497594,0.26969,0.476626,0.686361
-0.140924,0.041632,0.009249,0.988432,-0.100664,0.142952,0.124684,0.979161,-0.497552,0.269711,0.47662,0.686388
-0.140907,0.041616,0.009225,0.988434,-0.100645,0.142891,0.124624,0.979178,-0.497547,0.269723,0.476625,0.686383
-0.140908,0.041565,0.009231,0.988436,-0.10067,0.142866,0.124618,0.97918,-0.497536,0.269707,0.476607,0.686409
-0.140938,0.041621,0.009259,0.98843,-0.100691,0.142827,0.124558,0.979188,-0.497522,0.269694,0.476641,0.6864
-0.140932,0.041589,0.009271,0.988432,-0.100674,0.14282,0.124524,0.979195,-0.497532,0.269715,0.476581,0.686426
-0.140927,0.041583,0.009265,0.988433,-0.100679,0.142803,0.124602,0.979189,-0.497483,0.269705,0.476592,0.686458
-0.140922,0.041497,0.009256,0.988436,-0.10067,0.142801,0.124623,0.979188,-0.497477,0.269742,0.476537,0.686486
-0.140886,0.041449,0.009273,0.988444,-0.100673,0.14279,0.124681,0.979183,-0.497437,0.269793,0.476483,0.686533
-0.140924,0.041441,0.009228,0.988438,-0.100759,0.142838,0.12469,0.979167,-0.497416,0.269845,0.476448,0.686553
-0.140969,0.041377,0.009192,0.988434,-0.100794,0.142809,0.124674,0.979169,-0.497371,0.269867,0.476436,0.686586
-0.140972,0.041311,0.009127,0.988434,-0.10085,0.142789,0.124602,0.979174,-0.497345,0.269883,0.476398,0.686624
-0.140962,0.041276,0.00908,0.988436,-0.100811,0.142763,0.124524,0.979189,-0.497309,0.269926,0.47637,0.686652
-0.140943,0.041288,0.009016,0.988438,-0.10081,0.142778,0.124482,0.979192,-0.497271,0.269954,0.476376,0.686667
-0.140913,0.041312,0.00898,0.988441,-0.100757,0.142763,0.124476,0.9792,-0.49729,0.269912,0.476355,0.686683
-0.140933,0.04132,0.00896,0.988438,-0.100685,0.142672,0.124406,0.979227,-0.497286,0.269916,0.476284,0.686732
-0.140913,0.041311,0.008954,0.98844,-0.100676,0.142667,0.124311,0.979239,-0.497233,0.269928,0.476272,0.686774
-0.1409,0.041323,0.008886,0.988441,-0.100639,0.142627,0.124195,0.979261,-0.497245,0.269929,0.476219,0.686801
-0.14089,0.041323,0.008803,0.988441,-0.100633,0.142615,0.124109,0.979272,-0.497238,0.269926,0.476194,0.686825
-0.140869,0.041314,0.008837,0.988445,-0.1006,0.142599,0.124142,0.979274,-0.497235,0.269993,0.476093,0.686871
-0.140833,0.041313,0.008815,0.98845,-0.100608,0.142634,0.124151,0.979268,-0.497207,0.269995,0.476074,0.686904
-0.140781,0.041247,0.008789,0.988459,-0.10061,0.142603,0.124141,0.979273,-0.497242,0.270048,0.476035,0.686886
-0.14083,0.041216,0.008804,0.988453,-0.100635,0.142639,0.124126,0.979267,-0.49723,0.270062,0.476,0.686913
-0.140799,0.041173,0.008802,0.98846,-0.100643,0.142668,0.124074,0.979267,-0.497204,0.270073,0.475996,0.686931
-0.14072,0.041116,0.008794,0.988473,-0.10064,0.142663,0.124085,0.979267,-0.497205,0.270132,0.475909,0.686967
-0.140764,0.041091,0.008763,0.988467,-0.100641,0.14262,0.124093,0.979273,-0.497216,0.27026,0.475849,0.686955
-0.140771,0.041071,0.008779,0.988467,-0.100686,0.142613,0.124145,0.979263,-0.497213,0.270272,0.475839,0.686959
-0.140746,0.041046,0.008824,0.988473,-0.100722,0.142613,0.124166,0.979257,-0.497223,0.270297,0.475736,0.687013
-0.140813,0.041053,0.008847,0.988463,-0.100725,0.142638,0.124147,0.979256,-0.497176,0.270331,0.475686,0.687068
-0.140762,0.041026,0.008895,0.988472,-0.100731,0.142673,0.124095,0.979256,-0.497176,0.270388,0.475571,0.687125
-0.140748,0.04105,0.008867,0.988473,-0.10073,0.142637,0.124097,0.97926,-0.497178,0.270402,0.475525,0.68715
-0.140762,0.041037,0.008889,0.988471,-0.100695,0.142691,0.1241,0.979256,-0.497146,0.270462,0.475474,0.687187
-0.140757,0.041053,0.008911,0.988472,-0.100659,0.142718,0.124113,0.979254,-0.497078,0.270461,0.475475,0.687234
-0.140754,0.041058,0.008934,0.988472,-0.100624,0.142695,0.124064,0.979266,-0.497066,0.270492,0.475442,0.687255
-0.140735,0.041081,0.008976,0.988475,-0.100618,0.142651,0.124039,0.979276,-0.497061,0.270489,0.475409,0.687281
-0.140716,0.041049,0.00898,0.988478,-0.100641,0.142667,0.124062,0.979269,-0.497045,0.27049,0.475411,0.687291
-0.140697,0.041051,0.008995,0.988481,-0.100677,0.142725,0.124113,0.979251,-0.496999,0.270553,0.475429,0.687288
-0.140678,0.041018,0.008969,0.988485,-0.100655,0.142753,0.124158,0.979245,-0.496967,0.270628,0.475377,0.687319
-0.140641,0.041024,0.008926,0.988489,-0.100685,0.14278,0.124271,0.979226,-0.496969,0.270678,0.475334,0.687329
-0.140587,0.041003,0.008879,0.988497,-0.100685,0.142802,0.124287,0.979222,-0.496984,0.270623,0.47528,0.687375
-0.140519,0.040985,0.008834,0.988507,-0.100644,0.142782,0.124222,0.979236,-0.496969,0.270592,0.47528,0.687397
-0.140527,0.040965,0.008859,0.988507,-0.100604,0.142801,0.124185,0.979241,-0.496952,0.270594,0.475259,0.687422
-0.140535,0.040894,0.008863,0.988509,-0.100553,0.142786,0.124143,0.979253,-0.49696,0.270545,0.475293,0.687412
-0.140532,0.040876,0.008957,0.988511,-0.100497,0.142851,0.124096,0.979254,-0.496976,0.270472,0.475357,0.687384
-0.140521,0.040821,0.009003,0.988516,-0.10047,0.142848,0.124049,0.979262,-0.497001,0.270378,0.47538,0.687385
-0.140546,0.0408,0.009055,0.988513,-0.100414,0.1428,0.12405,0.979274,-0.497044,0.270367,0.475445,0.687313
-0.140547,0.040765,0.009128,0.988515,-0.10039,0.142795,0.123988,0.979284,-0.497023,0.270308,0.475468,0.687335
-0.140554,0.040739,0.009177,0.988515,-0.100455,0.142756,0.123984,0.979283,-0.497025,0.270308,0.475503,0.68731
-0.140522,0.040679,0.009216,0.988523,-0.100479,0.142725,0.124031,0.97928,-0.497004,0.270361,0.4755,0.687307
-0.140541,0.040622,0.009215,0.988522,-0.100509,0.142686,0.1241,0.979275,-0.497014,0.270409,0.475432,0.687329
-0.140552,0.040616,0.009214,0.988521,-0.100489,0.142587,0.124104,0.979291,-0.496996,0.270472,0.475448,0.687307
-0.140574,0.040604,0.009232,0.988518,-0.100481,0.142559,0.124093,0.979296,-0.496943,0.270528,0.47544,0.687331
-0.14055,0.040609,0.009276,0.988522,-0.100452,0.142527,0.124099,0.979304,-0.496925,0.270537,0.475475,0.687316
-0.140557,0.040583,0.009291,0.988523,-0.100444,0.142566,0.124125,0.979296,-0.496908,0.270577,0.475524,0.68728
-0.140529,0.040618,0.009355,0.988526,-0.100418,0.142549,0.124087,0.979305,-0.496887,0.27053,0.475614,0.68725
-0.140512,0.040662,0.009361,0.988527,-0.100399,0.142623,0.124154,0.97929,-0.496909,0.270499,0.475707,0.687182
-0.140496,0.040701,0.009344,0.988528,-0.100389,0.142623,0.12419,0.979287,-0.496898,0.270506,0.475711,0.687185
-0.140492,0.040717,0.009392,0.988529,-0.100381,0.142632,0.124237,0.979282,-0.496912,0.270513,0.475703,0.687178
-0.140429,0.040729,0.009402,0.988537,-0.100381,0.142625,0.124235,0.979282,-0.496881,0.270398,0.475732,0.687223
-0.140402,0.040741,0.009418,0.988541,-0.100416,0.142612,0.124278,0.979276,-0.496859,0.270284,0.475842,0.687206
-0.140381,0.04072,0.009442,0.988545,-0.100412,0.142632,0.124255,0.979277,-0.496804,0.270244,0.475871,0.687239
-0.140332,0.040653,0.009427,0.988554,-0.100427,0.142588,0.12431,0.979276,-0.496751,0.270268,0.475846,0.687286
-0.140337,0.040615,0.009465,0.988555,-0.100367,0.142596,0.124275,0.979284,-0.496755,0.270248,0.475845,0.687292
-0.140311,0.040622,0.009558,0.988561,-0.100366,0.142619,0.124239,0.979285,-0.49679,0.270251,0.475828,0.687277
-0.140345,0.040644,0.009592,0.988555,-0.100321,0.142605,0.1242,0.979295,-0.496759,0.270263,0.475823,0.687298
-0.140337,0.040637,0.009654,0.988556,-0.100325,0.142607,0.124278,0.979286,-0.496708,0.270303,0.475811,0.687328
-0.140396,0.040602,0.009705,0.98855,-0.100315,0.142609,0.124245,0.97929,-0.496677,0.270297,0.475853,0.687324
-0.140428,0.040616,0.009726,0.988545,-0.100321,0.142564,0.124303,0.97929,-0.49675,0.270301,0.475825,0.68729
-0.140418,0.040612,0.009718,0.988547,-0.100384,0.14254,0.124326,0.979285,-0.496769,0.270297,0.4758,0.687294
-0.140449,0.040594,0.009688,0.988542,-0.10041,0.142553,0.124351,0.979278,-0.496754,0.270339,0.475813,0.68728
-0.140421,0.040636,0.009672,0.988545,-0.100437,0.142542,0.124332,0.979279,-0.496757,0.270343,0.475767,0.687308
-0.140401,0.040635,0.009649,0.988548,-0.100421,0.142607,0.124353,0.979269,-0.496738,0.270319,0.475743,0.687348
-0.140369,0.040632,0.009626,0.988552,-0.100416,0.14262,0.124423,0.97926,-0.496699,0.270328,0.475711,0.687394
-0.140384,0.040658,0.009608,0.988548,-0.100387,0.142601,0.124471,0.979261,-0.496697,0.270382,0.475703,0.68738
-0.140406,0.040663,0.009606,0.988546,-0.100395,0.14262,0.124484,0.979256,-0.496705,0.270358,0.475708,0.68738
-0.140427,0.040663,0.009573,0.988542,-0.100426,0.142607,0.124452,0.979257,-0.496692,0.270294,0.475728,0.687399
-0.140479,0.040663,0.009557,0.988534,-0.100405,0.142609,0.124436,0.979261,-0.496693,0.270265,0.47572,0.687415
-0.140464,0.040676,0.009548,0.988536,-0.100418,0.142606,0.124383,0.979265,-0.496737,0.270294,0.475671,0.687407
-0.140437,0.040686,0.009555,0.988539,-0.100453,0.142625,0.124378,0.97926,-0.496778,0.270289,0.475615,0.687417
-0.140451,0.040651,0.009564,0.988538,-0.100443,0.142682,0.124358,0.979256,-0.496776,0.270285,0.475595,0.687433
-0.140413,0.040651,0.009564,0.988545,-0.100412,0.14272,0.124372,0.979252,-0.49676,0.270281,0.475571,0.687463
-0.140413,0.040645,0.009568,0.988544,-0.10039,0.142698,0.124405,0.979253,-0.496789,0.27026,0.47563,0.687409
-0.140404,0.04066,0.00956,0.988545,-0.100383,0.142663,0.124415,0.979258,-0.496766,0.270273,0.475663,0.687398
-0.140378,0.040642,0.009549,0.988549,-0.100412,0.142612,0.124399,0.979264,-0.496783,0.270257,0.475697,0.687368
-0.140296,0.040627,0.009612,0.988563,-0.10038,0.142589,0.124397,0.979271,-0.496816,0.270288,0.47571,0.687326
-0.140273,0.040548,0.009619,0.988569,-0.100355,0.142548,0.124358,0.979283,-0.496847,0.27027,0.475722,0.687302
-0.140271,0.040495,0.009637,0.988572,-0.100326,0.142598,0.124341,0.979281,-0.496847,0.270267,0.475785,0.68726
-0.140255,0.040423,0.009645,0.988576,-0.100306,0.14258,0.124368,0.979282,-0.496847,0.270273,0.475832,0.687225
-0.140287,0.040367,0.009657,0.988574,-0.100281,0.142566,0.124398,0.979284,-0.496858,0.27026,0.475838,0.687219
-0.140317,0.04028,0.009654,0.988573,-0.100309,0.142591,0.12444,0.979273,-0.496854,0.270285,0.475841,0.68721
-0.140313,0.040293,0.009714,0.988574,-0.100351,0.142569,0.124472,0.979268,-0.496834,0.270288,0.475836,0.687226
-0.140303,0.040284,0.009676,0.988574,-0.100371,0.142551,0.124547,0.979261,-0.496793,0.270247,0.475887,0.687236
-0.140265,0.04027,0.009608,0.98858,-0.100397,0.142562,0.124508,0.979262,-0.496752,0.270245,0.475886,0.687267
-0.14024,0.040246,0.009568,0.988584,-0.100383,0.142589,0.124538,0.979256,-0.496721,0.270271,0.475912,0.687262
-0.140216,0.040211,0.009581,0.988588,-0.100398,0.142568,0.124483,0.979263,-0.496698,0.270235,0.475927,0.687281
-0.140228,0.040212,0.009573,0.988586,-0.100396,0.142589,0.124476,0.979261,-0.496633,0.270217,0.475947,0.68732
-0.140197,0.04019,0.009559,0.988591,-0.100349,0.142557,0.124473,0.979271,-0.496641,0.270214,0.475949,0.687315
-0.14018,0.040141,0.009531,0.988595,-0.100333,0.142544,0.12444,0.979277,-0.496652,0.270179,0.47593,0.687333
-0.140183,0.040132,0.009519,0.988595,-0.1003,0.142543,0.124407,0.979284,-0.496646,0.270131,0.475974,0.687324
-0.140127,0.040116,0.00949,0.988603,-0.10031,0.142537,0.124395,0.979286,-0.496658,0.270069,0.476038,0.687295
-0.140124,0.040105,0.009466,0.988604,-0.100345,0.142515,0.124414,0.979283,-0.496645,0.270041,0.476062,0.687299
-0.140113,0.040074,0.009458,0.988606,-0.100382,0.142526,0.124377,0.979282,-0.496657,0.270036,0.476004,0.687332
-0.140093,0.040097,0.009451,0.988609,-0.100356,0.142513,0.124296,0.979294,-0.49666,0.27004,0.475959,0.687357
-0.140114,0.040102,0.009428,0.988605,-0.100378,0.142506,0.12427,0.979296,-0.496639,0.270068,0.475916,0.687392
-0.140132,0.040154,0.009343,0.988599,-0.100372,0.142518,0.124247,0.979297,-0.496639,0.270031,0.475891,0.687424
-0.140061,0.040163,0.009262,0.988608,-0.100339,0.142515,0.124187,0.979308,-0.496651,0.270037,0.475852,0.687439
-0.140086,0.040194,0.009184,0.988602,-0.100338,0.142485,0.124105,0.97932,-0.496631,0.270003,0.475828,0.687482
-0.140055,0.040246,0.00908,0.988603,-0.100282,0.142473,0.124084,0.97933,-0.496607,0.270038,0.475748,0.687541
-0.140106,0.04027,0.009016,0.988594,-0.100281,0.142517,0.123955,0.979337,-0.4966,0.270041,0.475733,0.687555
-0.140117,0.040304,0.009009,0.988591,-0.100323,0.142535,0.123866,0.97934,-0.496587,0.27004,0.475636,0.68763
-0.140147,0.040352,0.009016,0.988585,-0.100325,0.142514,0.123833,0.979346,-0.496606,0.27005,0.475523,0.687691
-0.14019,0.040377,0.008936,0.988577,-0.100328,0.142511,0.123827,0.979347,-0.496568,0.270106,0.475444,0.687752
-0.140165,0.040382,0.008908,0.98858,-0.100329,0.142563,0.123819,0.97934,-0.496541,0.270106,0.475384,0.687812
-0.140166,0.040375,0.00888,0.98858,-0.100369,0.142597,0.123782,0.979336,-0.496564,0.270151,0.475315,0.687826
-0.140202,0.04039,0.008851,0.988574,-0.100339,0.142684,0.123742,0.979331,-0.496587,0.270146,0.475291,0.687826
-0.140251,0.040413,0.008808,0.988566,-0.100364,0.142744,0.123705,0.979323,-0.496519,0.270175,0.475256,0.687888
-0.1403,0.040417,0.008816,0.988559,-0.100348,0.142766,0.123653,0.979327,-0.496479,0.270248,0.475226,0.687912
-0.140281,0.040419,0.008726,0.98856,-0.100303,0.142726,0.123645,0.979338,-0.496441,0.27035,0.475171,0.687939
-0.140262,0.040392,0.008614,0.988562,-0.100278,0.142746,0.123652,0.979337,-0.496422,0.27039,0.475167,0.68794
-0.140238,0.040405,0.008572,0.988564,-0.10027,0.142747,0.123653,0.979338,-0.496399,0.27036,0.475206,0.687941
-0.140234,0.040389,0.008524,0.988565,-0.100276,0.142765,0.123621,0.979338,-0.496387,0.270356,0.475242,0.687927
-0.140249,0.040419,0.008528,0.988562,-0.100323,0.142787,0.123555,0.979337,-0.496401,0.27038,0.475248,0.687905
-0.140256,0.040489,0.00854,0.988558,-0.100313,0.142781,0.123528,0.979342,-0.496387,0.270371,0.475247,0.687918
-0.140254,0.040464,0.008518,0.988559,-0.100308,0.142829,0.123468,0.979341,-0.496388,0.27039,0.475224,0.687925
-0.140262,0.040469,0.008504,0.988557,-0.10028,0.142845,0.12347,0.979342,-0.496394,0.270386,0.475233,0.687917
-0.140271,0.040463,0.00851,0.988557,-0.100215,0.142854,0.123462,0.979347,-0.496412,0.270337,0.475221,0.68793
-0.140258,0.04048,0.008488,0.988557,-0.100225,0.142835,0.123448,0.979351,-0.49642,0.270332,0.475199,0.68794
-0.140242,0.040446,0.008457,0.988561,-0.100217,0.142814,0.123397,0.97936,-0.496402,0.270322,0.47522,0.687943
-0.140254,0.040383,0.008486,0.988562,-0.10022,0.142775,0.123328,0.979372,-0.496399,0.270336,0.475253,0.687918
-0.14025,0.040354,0.008496,0.988564,-0.100213,0.14274,0.123364,0.979374,-0.496342,0.270402,0.475222,0.687955
-0.140266,0.040315,0.008534,0.988563,-0.100189,0.142725,0.123381,0.979378,-0.496323,0.270456,0.475216,0.687953
-0.140275,0.040254,0.008531,0.988564,-0.100176,0.142659,0.123363,0.97939,-0.496292,0.270433,0.475279,0.687942
-0.140217,0.040218,0.008575,0.988574,-0.100137,0.14263,0.123361,0.979398,-0.496328,0.270449,0.475315,0.687885
-0.1402,0.040187,0.008601,0.988578,-0.10016,0.142601,0.123335,0.979402,-0.496337,0.270445,0.475327,0.687872
-0.140238,0.040145,0.008634,0.988575,-0.100116,0.142564,0.123308,0.979415,-0.496312,0.270413,0.475446,0.68782
-0.140281,0.040104,0.008683,0.98857,-0.100166,0.142527,0.12335,0.97941,-0.49629,0.270402,0.475505,0.6878
-0.140295,0.040088,0.008745,0.98857,-0.100146,0.142527,0.123373,0.97941,-0.496279,0.270402,0.475529,0.687791
-0.140274,0.040077,0.008745,0.988573,-0.100158,0.142462,0.123431,0.979412,-0.496286,0.270384,0.475542,0.687785
-0.140238,0.040048,0.008771,0.98858,-0.100162,0.142446,0.123451,0.979412,-0.496274,0.270359,0.47563,0.687742
-0.140275,0.040023,0.008756,0.988575,-0.100223,0.142439,0.123477,0.979404,-0.496279,0.270336,0.475701,0.687698
-0.140229,0.039975,0.008756,0.988583,-0.100199,0.142431,0.123456,0.97941,-0.496299,0.270263,0.475811,0.687637
-0.140207,0.03997,0.008733,0.988586,-0.10015,0.142439,0.123399,0.979419,-0.496301,0.270241,0.475903,0.68758
-0.140235,0.03999,0.008763,0.988582,-0.100155,0.142403,0.123357,0.979429,-0.496339,0.270167,0.475992,0.687519
-0.140241,0.039971,0.008804,0.988582,-0.100137,0.142398,0.123365,0.97943,-0.49633,0.270105,0.476024,0.687527
-0.140215,0.03998,0.008817,0.988586,-0.100125,0.142381,0.123418,0.979428,-0.496317,0.270079,0.476038,0.687535
-0.140225,0.039969,0.00883,0.988585,-0.100121,0.142389,0.12348,0.979421,-0.49628,0.27012,0.476028,0.687553
-0.140223,0.039991,0.008795,0.988584,-0.100129,0.142366,0.123524,0.979419,-0.496243,0.270114,0.476105,0.68753
-0.140225,0.039974,0.008842,0.988585,-0.100127,0.142374,0.12352,0.979418,-0.496218,0.270132,0.476171,0.687497
-0.14021,0.040009,0.008853,0.988586,-0.100168,0.142372,0.123545,0.979411,-0.496184,0.2701,0.476239,0.687486
-0.140196,0.04003,0.008884,0.988588,-0.100211,0.142398,0.123524,0.979406,-0.49616,0.270107,0.47621,0.68752
-0.140165,0.040057,0.008884,0.988591,-0.100179,0.14241,0.123558,0.979404,-0.496202,0.270062,0.476357,0.687406
-0.140178,0.040057,0.008822,0.988589,-0.100133,0.142379,0.123603,0.979409,-0.496167,0.270029,0.476401,0.687413
-0.140114,0.040061,0.008778,0.988597,-0.100143,0.142396,0.123586,0.979407,-0.496191,0.269976,0.476448,0.687384
-0.140077,0.040122,0.008779,0.9886,-0.100105,0.142417,0.123468,0.97942,-0.496222,0.269924,0.476467,0.687367
-0.140038,0.040136,0.008807,0.988606,-0.100053,0.14241,0.123391,0.979434,-0.496202,0.26984,0.47655,0.687356
-0.140017,0.040124,0.008793,0.98861,-0.100095,0.142433,0.123373,0.979428,-0.49617,0.269792,0.476622,0.687347
-0.140052,0.040121,0.008813,0.988604,-0.100096,0.142441,0.123371,0.979427,-0.496131,0.269782,0.476711,0.687317
-0.140037,0.040108,0.008825,0.988608,-0.100089,0.142469,0.123372,0.979424,-0.49613,0.269803,0.476721,0.687305
-0.140045,0.040109,0.008838,0.988606,-0.100071,0.142514,0.12339,0.979418,-0.496086,0.269798,0.476711,0.687344
-0.140079,0.04008,0.008855,0.988603,-0.10011,0.14254,0.123391,0.979411,-0.496031,0.269853,0.476701,0.68737
-0.140059,0.040062,0.008839,0.988606,-0.100133,0.142527,0.123459,0.979402,-0.495988,0.269863,0.476701,0.687397
-0.14007,0.040056,0.008786,0.988604,-0.100133,0.142533,0.123557,0.979391,-0.496003,0.26991,0.476691,0.687375
-0.140086,0.040049,0.008765,0.988601,-0.100186,0.142501,0.123642,0.979382,-0.496003,0.269936,0.476658,0.687389
-0.140086,0.040077,0.008684,0.988599,-0.100184,0.142518,0.123705,0.979373,-0.496002,0.269917,0.47671,0.687362
-0.140087,0.040131,0.008596,0.988596,-0.100222,0.142547,0.123697,0.979365,-0.495992,0.269861,0.476749,0.687362
-0.140049,0.040153,0.008528,0.9886,-0.100219,0.142562,0.123786,0.979355,-0.496047,0.269863,0.476743,0.687326
-0.139982,0.040169,0.008491,0.988609,-0.100185,0.142583,0.123788,0.979354,-0.49603,0.269817,0.476776,0.687333
-0.139926,0.040195,0.008385,0.988614,-0.100169,0.142577,0.123792,0.979358,-0.496007,0.269752,0.476776,0.687373
-0.1399,0.040239,0.008328,0.988615,-0.100189,0.142611,0.123706,0.979359,-0.49597,0.269659,0.476808,0.687412
-0.139875,0.040246,0.008339,0.988619,-0.100207,0.142597,0.123635,0.979366,-0.495991,0.269581,0.476807,0.687424
-0.139855,0.040256,0.008292,0.98862,-0.100211,0.142569,0.123608,0.979374,-0.495985,0.269499,0.476823,0.687449
-0.139809,0.04027,0.00826,0.988626,-0.100189,0.142624,0.123569,0.979372,-0.495963,0.269483,0.476831,0.687466
-0.139771,0.04026,0.008187,0.98863,-0.100191,0.142607,0.123513,0.97938,-0.495948,0.269463,0.476865,0.687461
-0.139729,0.040212,0.00813,0.988637,-0.100197,0.142568,0.123467,0.979389,-0.495962,0.269459,0.476865,0.687452
-0.139679,0.04019,0.008093,0.988645,-0.10015,0.142566,0.123465,0.979394,-0.495911,0.269374,0.476926,0.687477
-0.139683,0.040136,0.008057,0.988646,-0.100103,0.142556,0.123396,0.979408,-0.495886,0.269373,0.476935,0.68749
-0.139656,0.040093,0.008029,0.988651,-0.100058,0.142566,0.123284,0.979423,-0.495878,0.269372,0.476934,0.687497
-0.139635,0.040068,0.007999,0.988654,-0.100055,0.142572,0.123204,0.979431,-0.495834,0.26935,0.476956,0.687521
-0.139637,0.04003,0.008029,0.988656,-0.100086,0.142561,0.123192,0.97943,-0.495814,0.269334,0.476968,0.687532
-0.139605,0.040023,0.008057,0.988662,-0.100099,0.142537,0.123203,0.979431,-0.495822,0.269301,0.476952,0.687549
-0.139605,0.040022,0.008,0.98866,-0.100059,0.142541,0.123215,0.979434,-0.495806,0.269297,0.476991,0.687537
-0.139563,0.040015,0.007936,0.988666,-0.100016,0.142508,0.123233,0.97944,-0.495824,0.26929,0.477003,0.687518
-0.139524,0.040033,0.00792,0.98867,-0.099978,0.142476,0.123235,0.979448,-0.495802,0.269207,0.477046,0.687535
-0.139515,0.039997,0.007865,0.988672,-0.099963,0.142465,0.123243,0.979451,-0.495774,0.269182,0.477137,0.687501
-0.139511,0.040008,0.007866,0.988672,-0.099953,0.142491,0.123244,0.979448,-0.495723,0.269188,0.47715,0.687527
-0.139478,0.040004,0.007865,0.988677,-0.099942,0.142527,0.123213,0.979448,-0.495727,0.269207,0.477145,0.68752
-0.139447,0.040031,0.007887,0.988681,-0.099899,0.14252,0.123266,0.979447,-0.495736,0.269186,0.477162,0.68751
-0.139454,0.04,0.007881,0.98868,-0.099884,0.14253,0.123214,0.979452,-0.495742,0.269165,0.477194,0.687491
-0.139467,0.039954,0.007822,0.988679,-0.099909,0.142513,0.123204,0.979454,-0.495712,0.269173,0.477222,0.68749
-0.139419,0.039943,0.0078,0.988687,-0.099908,0.142497,0.123195,0.979457,-0.4957,0.269183,0.477221,0.687497
-0.139418,0.039941,0.007764,0.988686,-0.099948,0.14248,0.123191,0.979456,-0.495682,0.269138,0.477249,0.687507
-0.139421,0.03998,0.007809,0.988685,-0.099963,0.142425,0.123169,0.979464,-0.495682,0.2691,0.47733,0.687465
-0.139436,0.040008,0.007802,0.988681,-0.099993,0.142443,0.123139,0.979462,-0.495633,0.269081,0.477358,0.687488
-0.139421,0.039996,0.007841,0.988685,-0.099986,0.142479,0.12313,0.979459,-0.49565,0.269082,0.477404,0.687445
-0.139395,0.039975,0.007859,0.988689,-0.09995,0.14245,0.123061,0.979474,-0.495637,0.269042,0.477517,0.68739
-0.139364,0.039976,0.007884,0.988694,-0.099956,0.142446,0.123063,0.979474,-0.49565,0.268983,0.477557,0.687375
-0.139354,0.039958,0.007908,0.988697,-0.099951,0.142487,0.123098,0.979464,-0.495652,0.26894,0.477614,0.687351
-0.139324,0.039918,0.007937,0.988703,-0.099915,0.142457,0.123125,0.979469,-0.495696,0.268952,0.477618,0.687312
-0.139325,0.039893,0.00798,0.988704,-0.099922,0.142471,0.123115,0.979468,-0.495759,0.268909,0.477667,0.687249
-0.139366,0.039891,0.00795,0.988698,-0.099871,0.142444,0.123155,0.979472,-0.495726,0.268877,0.477706,0.687257
-0.139346,0.03986,0.007961,0.988702,-0.099869,0.142393,0.123165,0.979478,-0.495696,0.268918,0.477728,0.687249
-0.139322,0.039862,0.007914,0.988705,-0.099909,0.14239,0.12319,0.979472,-0.495729,0.268942,0.477742,0.687207
-0.139304,0.039865,0.007888,0.988706,-0.099918,0.142358,0.123142,0.979481,-0.49572,0.268951,0.477794,0.687175
-0.139302,0.039869,0.007822,0.988706,-0.0999,0.142313,0.123046,0.979499,-0.495693,0.2689,0.477862,0.687166
-0.139257,0.039874,0.007776,0.988711,-0.099913,0.142303,0.122989,0.979505,-0.495717,0.268878,0.477903,0.687129
-0.139239,0.039868,0.007766,0.988713,-0.099902,0.142271,0.122959,0.979513,-0.495736,0.268866,0.477936,0.687096
-0.139181,0.039883,0.007802,0.988722,-0.09994,0.142268,0.122926,0.979513,-0.495742,0.268816,0.477962,0.687093
-0.13916,0.039878,0.007805,0.988726,-0.099923,0.142282,0.122878,0.979518,-0.495759,0.268765,0.477974,0.687092
-0.139125,0.039904,0.0078,0.98873,-0.09994,0.142305,0.122875,0.979514,-0.495766,0.268759,0.477971,0.68709
-0.139116,0.03988,0.007808,0.988732,-0.099945,0.142371,0.122785,0.979514,-0.495765,0.268777,0.47796,0.687092
-0.139131,0.039885,0.007805,0.98873,-0.099954,0.142405,0.122764,0.97951,-0.495751,0.268765,0.477949,0.687114
-0.139136,0.039801,0.007818,0.988732,-0.09997,0.142446,0.122756,0.979503,-0.495742,0.268732,0.477968,0.687119
-0.139126,0.039775,0.007749,0.988733,-0.1,0.142432,0.122789,0.979499,-0.495745,0.268742,0.47799,0.687099
-0.139132,0.039761,0.007677,0.988731,-0.100005,0.142432,0.122794,0.979498,-0.495714,0.268745,0.477999,0.687113
-0.139114,0.039735,0.007639,0.988735,-0.100039,0.14242,0.122807,0.979495,-0.495675,0.268757,0.478,0.687136
-0.139108,0.039694,0.007604,0.988736,-0.100007,0.142417,0.122745,0.979505,-0.49562,0.268776,0.477999,0.687169
-0.13909,0.039647,0.007553,0.988739,-0.100016,0.142399,0.122692,0.979512,-0.495611,0.268792,0.477981,0.687183
-0.139073,0.039645,0.007536,0.988742,-0.100014,0.142383,0.122639,0.979519,-0.495621,0.268826,0.478015,0.687139
-0.139058,0.039704,0.007479,0.988741,-0.099989,0.142369,0.12259,0.97953,-0.495605,0.268776,0.478059,0.687139
-0.139051,0.039728,0.00742,0.98874,-0.099957,0.142401,0.122538,0.979533,-0.495621,0.268708,0.478099,0.687124
-0.139012,0.039756,0.007369,0.988744,-0.099947,0.14245,0.122385,0.979544,-0.495621,0.268669,0.478133,0.687116
-0.138982,0.039764,0.007291,0.988747,-0.099926,0.142523,0.122261,0.979548,-0.495608,0.268671,0.478052,0.68718
-0.13897,0.039769,0.007218,0.988747,-0.099939,0.142519,0.122189,0.979554,-0.495634,0.268703,0.477993,0.68719
-0.138995,0.03974,0.007138,0.988743,-0.099918,0.14251,0.122116,0.979566,-0.49562,0.268747,0.477998,0.687179
-0.139044,0.039757,0.007095,0.988735,-0.099939,0.142543,0.12198,0.979573,-0.495629,0.268731,0.47793,0.687227
-0.139025,0.039769,0.007068,0.988737,-0.099969,0.142579,0.121879,0.979575,-0.495649,0.268803,0.477885,0.687217
-0.139007,0.0398,0.007028,0.988738,-0.10001,0.142607,0.121884,0.979566,-0.495626,0.26883,0.477837,0.687257
-0.138995,0.039827,0.006974,0.988737,-0.100011,0.142654,0.121885,0.97956,-0.495636,0.268843,0.477796,0.687273
-0.138998,0.039853,0.006952,0.988736,-0.100036,0.142622,0.12185,0.979565,-0.495628,0.268886,0.477733,0.687306
-0.138963,0.039871,0.006907,0.98874,-0.100069,0.142603,0.121836,0.979567,-0.495661,0.268933,0.477721,0.687273
-0.138989,0.039896,0.006913,0.988735,-0.1001,0.142595,0.121801,0.979568,-0.495628,0.268939,0.4777,0.687308
-0.138953,0.03987,0.006882,0.988741,-0.100087,0.142596,0.121788,0.97957,-0.495607,0.268971,0.477713,0.687304
-0.138979,0.03985,0.006883,0.988738,-0.100029,0.142619,0.121754,0.979577,-0.495608,0.268975,0.477679,0.687324
-0.138964,0.039844,0.006871,0.98874,-0.100015,0.142629,0.12177,0.979575,-0.495643,0.268994,0.477635,0.687322
-0.13896,0.039827,0.006883,0.988742,-0.100016,0.142609,0.12178,0.979576,-0.495624,0.269011,0.477633,0.687332
-0.138946,0.039814,0.006868,0.988743,-0.100027,0.14257,0.121778,0.979581,-0.495568,0.26902,0.477668,0.687345
-0.138895,0.039757,0.006818,0.988752,-0.100025,0.14257,0.12178,0.979581,-0.49556,0.269049,0.477644,0.687356
-0.138938,0.03969,0.006813,0.988748,-0.10005,0.142561,0.121802,0.979577,-0.49555,0.269073,0.477611,0.687377
-0.138924,0.039659,0.006763,0.98875,-0.100014,0.142582,0.121709,0.979588,-0.495548,0.269052,0.477575,0.687411
-0.138926,0.039672,0.006703,0.988749,-0.099991,0.14261,0.121624,0.979595,-0.495504,0.269059,0.477543,0.687461
-0.138968,0.03961,0.006661,0.988745,-0.100021,0.142569,0.121575,0.979602,-0.495528,0.269101,0.47747,0.687478
-0.138978,0.039561,0.006675,0.988745,-0.100042,0.142557,0.121522,0.979607,-0.495546,0.269147,0.477401,0.687497
-0.138966,0.039571,0.006682,0.988746,-0.100103,0.142539,0.121503,0.979606,-0.495523,0.269184,0.477322,0.687554
-0.138958,0.039512,0.006712,0.988749,-0.100094,0.142513,0.121439,0.979617,-0.495472,0.269183,0.477322,0.687591
-0.138968,0.039469,0.006709,0.988749,-0.100105,0.142514,0.121456,0.979614,-0.495407,0.269214,0.477301,0.68764
-0.138966,0.039409,0.006741,0.988753,-0.100081,0.142507,0.12155,0.979607,-0.495395,0.269319,0.477275,0.687628
-0.138991,0.039415,0.006742,0.988749,-0.100108,0.142504,0.121629,0.979597,-0.495368,0.26939,0.477216,0.687661
-0.139015,0.03938,0.006754,0.988747,-0.100087,0.142467,0.121648,0.979603,-0.495322,0.269382,0.477191,0.687714
-0.139021,0.039338,0.006769,0.988747,-0.100065,0.14249,0.121722,0.979594,-0.495277,0.269381,0.47721,0.687734
-0.139028,0.039318,0.006822,0.988748,-0.100033,0.142471,0.121761,0.979596,-0.495286,0.269413,0.477113,0.687782
-0.139013,0.039285,0.00684,0.988752,-0.100017,0.142469,0.121768,0.979597,-0.495257,0.269408,0.477098,0.687814
-0.139048,0.039282,0.006849,0.988747,-0.099999,0.14244,0.121756,0.979605,-0.495248,0.269433,0.477116,0.687801
-0.139017,0.039206,0.006881,0.988755,-0.099958,0.142446,0.12172,0.979611,-0.495198,0.269467,0.477107,0.687829
-0.139002,0.039166,0.006845,0.988757,-0.099978,0.142374,0.121736,0.979618,-0.495246,0.269513,0.477064,0.687807
-0.138948,0.039184,0.006879,0.988765,-0.099975,0.142376,0.121679,0.979623,-0.495245,0.269472,0.47706,0.687826
-0.138913,0.039126,0.006937,0.988772,-0.100013,0.142314,0.121667,0.97963,-0.495245,0.269489,0.477006,0.687857
-0.138925,0.039094,0.006928,0.988773,-0.099979,0.142287,0.121726,0.979631,-0.495257,0.269502,0.476959,0.687875
-0.138931,0.039083,0.006907,0.988771,-0.099949,0.142294,0.121715,0.979634,-0.495282,0.26955,0.476907,0.687875
-0.138906,0.039082,0.006927,0.988776,-0.099929,0.142267,0.121756,0.979636,-0.495223,0.26957,0.476897,0.687917
-0.138833,0.039058,0.006918,0.988787,-0.099955,0.142272,0.12177,0.979631,-0.495194,0.269603,0.476841,0.687964
-0.138775,0.039069,0.006906,0.988794,-0.099961,0.142238,0.121817,0.97963,-0.495206,0.269598,0.476825,0.687968
-0.138764,0.039044,0.006916,0.988796,-0.100025,0.142227,0.121804,0.979626,-0.495208,0.269642,0.476813,0.687959
-0.138779,0.039047,0.006917,0.988794,-0.100008,0.142232,0.121781,0.97963,-0.49517,0.269617,0.476833,0.687982
-0.138796,0.039054,0.006952,0.988792,-0.099981,0.142222,0.121717,0.979641,-0.495163,0.269605,0.476891,0.687951
-0.138771,0.039037,0.006959,0.988796,-0.099936,0.142202,0.121693,0.97965,-0.49514,0.269568,0.476921,0.687961
-0.138756,0.038993,0.006995,0.988801,-0.099919,0.142248,0.121693,0.979645,-0.495167,0.26956,0.476891,0.687965
-0.138742,0.038985,0.006998,0.988803,-0.099881,0.142226,0.121739,0.979648,-0.495177,0.269567,0.476889,0.687957
-0.138732,0.038937,0.007012,0.988806,-0.099907,0.142229,0.121796,0.979639,-0.49515,0.269562,0.47683,0.688018
-0.138711,0.038893,0.007024,0.98881,-0.099934,0.14218,0.121841,0.979639,-0.495093,0.269652,0.476762,0.688072
-0.138683,0.038812,0.007001,0.988817,-0.099944,0.142145,0.121912,0.979635,-0.495116,0.26974,0.476682,0.688078
-0.138682,0.038821,0.006988,0.988817,-0.099974,0.142164,0.122014,0.979618,-0.495111,0.269783,0.476698,0.688056
-0.138683,0.038776,0.007023,0.988819,-0.099977,0.142145,0.122058,0.979617,-0.49513,0.269817,0.47667,0.688048
-0.138667,0.038796,0.007065,0.988821,-0.099982,0.142102,0.122069,0.979621,-0.49511,0.269883,0.476638,0.68806
-0.138611,0.038767,0.007038,0.98883,-0.099986,0.142106,0.122063,0.979621,-0.495177,0.269866,0.476626,0.688027
-0.13861,0.038779,0.006995,0.988828,-0.099937,0.142086,0.122086,0.979626,-0.495165,0.269854,0.476673,0.688008
-0.13861,0.038833,0.006957,0.988826,-0.099894,0.142053,0.122125,0.979631,-0.495149,0.269863,0.476712,0.68799
-0.138577,0.038787,0.006893,0.988831,-0.099888,0.142071,0.122074,0.979635,-0.495152,0.269867,0.476681,0.688006
-0.138562,0.038802,0.006857,0.988833,-0.099907,0.142081,0.122017,0.979637,-0.495183,0.269867,0.47661,0.688034
-0.138544,0.038808,0.006864,0.988835,-0.099898,0.142055,0.121924,0.979652,-0.495178,0.269778,0.476687,0.688017
-0.138559,0.038804,0.006856,0.988832,-0.099915,0.142061,0.121894,0.979652,-0.495154,0.269738,0.476718,0.688027
-0.138569,0.038838,0.006779,0.988829,-0.099873,0.142069,0.121868,0.979657,-0.495109,0.2697,0.476751,0.68805
-0.138586,0.038813,0.006725,0.988827,-0.099873,0.142002,0.121851,0.979669,-0.495105,0.269702,0.476791,0.688025
-0.138579,0.03884,0.006761,0.988827,-0.099882,0.141953,0.121812,0.979678,-0.495065,0.269756,0.476787,0.688036
-0.138557,0.038813,0.006774,0.988832,-0.099866,0.141927,0.121736,0.979692,-0.495046,0.269763,0.476763,0.688064
-0.138539,0.03884,0.006722,0.988832,-0.099827,0.141948,0.121677,0.979699,-0.495025,0.269807,0.476737,0.688081
-0.138508,0.038807,0.006709,0.988838,-0.099835,0.141999,0.121667,0.979692,-0.495019,0.2698,0.476766,0.688068
-0.138525,0.038816,0.006657,0.988834,-0.099783,0.141986,0.12167,0.979698,-0.494998,0.269757,0.47684,0.688048
-0.138474,0.038771,0.006634,0.988843,-0.099735,0.142028,0.121639,0.9797,-0.494992,0.269705,0.476897,0.688033
-0.138446,0.038733,0.006601,0.988847,-0.099701,0.142002,0.121654,0.979706,-0.494998,0.269645,0.476907,0.688044
-0.138437,0.038743,0.006565,0.988847,-0.099696,0.142016,0.121655,0.979704,-0.495032,0.269625,0.476929,0.68801
-0.138419,0.038717,0.006556,0.988851,-0.099699,0.141977,0.121674,0.979708,-0.495001,0.269603,0.476974,0.688011
-0.138413,0.038702,0.006515,0.988851,-0.099702,0.141985,0.121735,0.9797,-0.494957,0.269584,0.476998,0.688033
-0.138366,0.038644,0.006514,0.98886,-0.099711,0.141945,0.12183,0.979695,-0.494935,0.269546,0.477019,0.688049
-0.138342,0.038644,0.006396,0.988861,-0.099723,0.141932,0.121859,0.979692,-0.494993,0.269527,0.477032,0.688004
-0.138298,0.038714,0.006357,0.988865,-0.099746,0.141969,0.121789,0.979693,-0.495015,0.269526,0.476985,0.688022
-0.138289,0.038743,0.006353,0.988865,-0.09979,0.141956,0.121759,0.979693,-0.495032,0.269516,0.476952,0.688037
-0.138271,0.038736,0.006367,0.988868,-0.099827,0.141977,0.121723,0.97969,-0.495054,0.269512,0.476942,0.688028
-0.138254,0.038758,0.006326,0.988869,-0.099764,0.141988,0.121726,0.979694,-0.495082,0.269513,0.476932,0.688015
-0.138226,0.03879,0.006346,0.988871,-0.099739,0.141933,0.121711,0.979706,-0.495086,0.269465,0.476941,0.688023
-0.13823,0.038758,0.006345,0.988872,-0.099734,0.141974,0.121723,0.9797,-0.495072,0.269428,0.476935,0.688051
-0.138205,0.038718,0.006355,0.988878,-0.099731,0.142025,0.121692,0.979696,-0.495049,0.269358,0.476937,0.68809
-0.138219,0.038732,0.006367,0.988875,-0.099741,0.142081,0.121635,0.979693,-0.49508,0.26931,0.476963,0.68807
-0.138263,0.038731,0.006365,0.988869,-0.099699,0.142093,0.121606,0.979698,-0.495067,0.26931,0.476979,0.688068
-0.138221,0.03873,0.006282,0.988874,-0.099701,0.142056,0.12155,0.979709,-0.495067,0.269295,0.47696,0.688086
-0.138205,0.038774,0.006263,0.988874,-0.0997,0.14203,0.121527,0.979715,-0.495043,0.269295,0.476936,0.688121
-0.138183,0.038799,0.006216,0.988876,-0.099666,0.142019,0.121463,0.979726,-0.495029,0.269251,0.476943,0.688141
-0.13816,0.038805,0.006232,0.988879,-0.099645,0.142052,0.121449,0.979726,-0.495074,0.269232,0.476905,0.688142
-0.138152,0.038823,0.006261,0.98888,-0.099659,0.142093,0.121444,0.979719,-0.495099,0.269188,0.476925,0.688126
-0.138195,0.03881,0.006218,0.988874,-0.099635,0.14212,0.121482,0.979714,-0.495142,0.26923,0.476877,0.688113
-0.138155,0.038862,0.006194,0.988878,-0.099591,0.142105,0.121507,0.979717,-0.495178,0.269261,0.476825,0.688112
-0.138123,0.038906,0.006124,0.988878,-0.099533,0.142114,0.121492,0.979724,-0.495182,0.269242,0.476825,0.688115
-0.13805,0.038895,0.006122,0.98889,-0.099531,0.142148,0.121472,0.979721,-0.495185,0.269215,0.476828,0.688122
-0.138036,0.038935,0.006077,0.988889,-0.099551,0.142166,0.121453,0.979718,-0.495189,0.269249,0.476781,0.688138
-0.138003,0.038946,0.00602,0.988893,-0.099598,0.142112,0.121454,0.979721,-0.495168,0.269288,0.476716,0.688184
-0.137992,0.038943,0.005899,0.988892,-0.099583,0.142107,0.121445,0.979724,-0.495124,0.269273,0.476729,0.688212
-0.137982,0.038957,0.005874,0.988893,-0.099551,0.142114,0.121425,0.979728,-0.495132,0.269277,0.476701,0.688223
-0.13796,0.038989,0.005784,0.988893,-0.099485,0.142131,0.121381,0.979737,-0.495175,0.269233,0.476701,0.688209
-0.137911,0.039,0.005728,0.988899,-0.099401,0.142192,0.121308,0.979745,-0.495221,0.269229,0.476686,0.688188
-0.137881,0.039004,0.005719,0.988903,-0.099407,0.142256,0.121175,0.979749,-0.495239,0.269197,0.476699,0.688178
-0.137831,0.038993,0.005738,0.98891,-0.099405,0.142229,0.121067,0.979763,-0.495256,0.269143,0.476705,0.688181
-0.137794,0.039013,0.005709,0.988914,-0.099357,0.142204,0.120962,0.979783,-0.495294,0.269112,0.476694,0.688173
-0.137744,0.039058,0.005686,0.98892,-0.099332,0.142186,0.120984,0.979785,-0.495376,0.269145,0.476658,0.688126
-0.137743,0.039101,0.005684,0.988918,-0.099298,0.142167,0.120983,0.979791,-0.49542,0.269144,0.476628,0.688117
-0.137742,0.039103,0.005695,0.988919,-0.099266,0.142158,0.120978,0.979796,-0.495465,0.269173,0.476602,0.688092
-0.137701,0.039115,0.005679,0.988923,-0.099279,0.142172,0.120967,0.979794,-0.495438,0.269142,0.476582,0.688135
-0.137691,0.039163,0.00562,0.988922,-0.099243,0.142192,0.120991,0.979793,-0.495455,0.269149,0.47659,0.688115
-0.137669,0.039218,0.005553,0.988923,-0.099227,0.142205,0.12098,0.979793,-0.495458,0.269095,0.476641,0.688099
-0.137648,0.03922,0.005458,0.988924,-0.099218,0.142227,0.120912,0.979798,-0.495435,0.269061,0.476671,0.688107
-0.137614,0.039181,0.005343,0.988928,-0.099192,0.142245,0.120847,0.979805,-0.495448,0.268998,0.476687,0.68811
-0.137577,0.039188,0.005268,0.988932,-0.099211,0.142231,0.12079,0.979811,-0.495445,0.268989,0.476704,0.688103
-0.137533,0.039178,0.00518,0.988937,-0.099185,0.1422,0.120701,0.979827,-0.495423,0.268951,0.476718,0.688124
-0.137513,0.039162,0.005154,0.988939,-0.099175,0.142155,0.120637,0.97984,-0.495419,0.26892,0.476718,0.688137
-0.137515,0.039183,0.005095,0.988937,-0.099173,0.142139,0.120619,0.979845,-0.495443,0.268938,0.47667,0.688147
-0.137472,0.039196,0.0051,0.988944,-0.099121,0.142152,0.120596,0.97985,-0.495417,0.268955,0.476683,0.68815
-0.13745,0.039214,0.005113,0.988946,-0.099099,0.142124,0.120583,0.979858,-0.495406,0.26898,0.47667,0.688158
-0.137422,0.039187,0.005123,0.988951,-0.099082,0.142118,0.120546,0.979864,-0.49541,0.268961,0.476684,0.688152
-0.137406,0.039216,0.005078,0.988951,-0.09907,0.142085,0.120499,0.979875,-0.495387,0.268934,0.476718,0.688156
-0.13737,0.039162,0.005076,0.988958,-0.099051,0.14205,0.12044,0.979887,-0.495404,0.268937,0.476661,0.688181
-0.137375,0.039147,0.005034,0.988958,-0.099061,0.142016,0.120476,0.979887,-0.495402,0.2689,0.4767,0.68817
-0.137359,0.039151,0.005004,0.988959,-0.099055,0.141987,0.120444,0.979895,-0.495415,0.268871,0.476708,0.688166
-0.137319,0.039155,0.004939,0.988963,-0.099004,0.142033,0.120394,0.979899,-0.495378,0.268838,0.476714,0.688199
-0.137284,0.039171,0.00489,0.988967,-0.098975,0.14203,0.120372,0.979905,-0.495408,0.268814,0.476677,0.688213
-0.137246,0.039162,0.004822,0.988972,-0.098932,0.142069,0.120333,0.979907,-0.495424,0.268746,0.476697,0.688211
-0.137207,0.03919,0.004771,0.988975,-0.098887,0.142051,0.120258,0.979922,-0.495403,0.268708,0.476698,0.68824
-0.13722,0.039173,0.004701,0.988973,-0.098858,0.142004,0.120232,0.979934,-0.495378,0.268696,0.476748,0.688227
-0.137222,0.039176,0.004663,0.988971,-0.098841,0.142011,0.120164,0.979942,-0.495377,0.268659,0.476791,0.688213
-0.137169,0.039194,0.004608,0.988977,-0.098835,0.141995,0.12015,0.979946,-0.495371,0.268633,0.476777,0.688237
-0.137167,0.039235,0.004596,0.988976,-0.098802,0.142012,0.120078,0.979954,-0.495394,0.268597,0.476763,0.688242
-0.137128,0.03924,0.004631,0.988981,-0.098792,0.141991,0.120011,0.979965,-0.495392,0.268594,0.476753,0.688252
-0.137122,0.039248,0.004626,0.988982,-0.098769,0.14199,0.119928,0.979976,-0.495374,0.268665,0.476711,0.688268
-0.137172,0.039245,0.004618,0.988975,-0.098769,0.141971,0.119897,0.979981,-0.495342,0.268711,0.476663,0.688306
-0.137162,0.039239,0.004636,0.988977,-0.098737,0.141951,0.119908,0.979986,-0.495326,0.268727,0.476619,0.688342
-0.137183,0.039246,0.004603,0.988973,-0.098721,0.141955,0.1199,0.979988,-0.495343,0.268731,0.476602,0.68834
-0.137142,0.039214,0.004592,0.988979,-0.098737,0.141928,0.119901,0.97999,-0.495348,0.2688,0.47655,0.688346
-0.137104,0.03921,0.004564,0.988985,-0.098756,0.141946,0.119879,0.979988,-0.495344,0.268746,0.476579,0.688349
-0.137119,0.039198,0.004565,0.988983,-0.098761,0.141944,0.119837,0.979991,-0.495352,0.268738,0.476586,0.688341
-0.137137,0.039202,0.004564,0.988981,-0.098731,0.141888,0.119829,0.980003,-0.495366,0.268717,0.476589,0.688337
-0.13711,0.039208,0.004546,0.988984,-0.098736,0.141877,0.119795,0.980008,-0.495377,0.268679,0.476565,0.688361
-0.137092,0.039232,0.004495,0.988984,-0.098745,0.141854,0.119798,0.98001,-0.495368,0.268642,0.476516,0.688413
-0.137003,0.039241,0.004465,0.988996,-0.098702,0.14187,0.119748,0.980017,-0.49537,0.268639,0.476539,0.688397
-0.137005,0.039252,0.004434,0.988994,-0.098706,0.141891,0.119714,0.980017,-0.495362,0.268582,0.476534,0.688428
-0.136954,0.039251,0.004453,0.989002,-0.098682,0.141879,0.119657,0.980026,-0.495363,0.268617,0.476468,0.688459
-0.136969,0.039296,0.004405,0.988998,-0.098668,0.14189,0.119625,0.980029,-0.495389,0.268583,0.476518,0.688419
-0.13695,0.039335,0.004417,0.989,-0.098659,0.141899,0.119634,0.980028,-0.495334,0.268571,0.47654,0.688447
-0.137032,0.039347,0.004424,0.988988,-0.098667,0.141892,0.119634,0.980029,-0.495312,0.268585,0.476544,0.688456
-0.137019,0.039384,0.004455,0.988989,-0.098666,0.141897,0.119609,0.98003,-0.49537,0.268641,0.476513,0.688414
-0.137034,0.039373,0.004525,0.988988,-0.098675,0.141916,0.11963,0.980025,-0.495347,0.268672,0.476521,0.688414
-0.136977,0.039382,0.004544,0.988997,-0.098667,0.141913,0.119659,0.980023,-0.495317,0.268716,0.476488,0.688442
-0.136927,0.039405,0.004551,0.989003,-0.098684,0.141906,0.119716,0.980016,-0.495242,0.268748,0.476455,0.688507
-0.13691,0.039447,0.004523,0.989003,-0.098731,0.141898,0.119796,0.980006,-0.495254,0.268751,0.47642,0.688521
-0.136935,0.039477,0.004512,0.988999,-0.098726,0.141856,0.119821,0.980009,-0.495269,0.268766,0.476395,0.688522
-0.136876,0.039485,0.00449,0.989006,-0.098744,0.141919,0.119824,0.979999,-0.495243,0.268838,0.47636,0.688538
-0.136911,0.039501,0.004504,0.989001,-0.098761,0.141968,0.119752,0.979997,-0.495225,0.268792,0.476406,0.688536
-0.136929,0.03949,0.004531,0.988999,-0.098779,0.141957,0.119751,0.979997,-0.495239,0.268753,0.476415,0.688534
-0.136963,0.039484,0.004534,0.988995,-0.098757,0.141963,0.119711,0.980002,-0.495265,0.268688,0.476429,0.68853
-0.136946,0.039429,0.004573,0.989,-0.098701,0.141954,0.119752,0.980005,-0.495274,0.268648,0.476401,0.688557
-0.136974,0.039432,0.004602,0.988996,-0.098663,0.141991,0.119769,0.980002,-0.495237,0.2687,0.476359,0.688593
-0.136955,0.039365,0.004652,0.989002,-0.098666,0.141988,0.119869,0.979991,-0.49524,0.268703,0.476391,0.688567
-0.136945,0.039348,0.004686,0.989004,-0.098677,0.141978,0.119898,0.979989,-0.495243,0.268734,0.476359,0.688575
-0.136937,0.03933,0.004722,0.989007,-0.098737,0.141962,0.119958,0.979979,-0.495208,0.268776,0.476308,0.688622
-0.136931,0.039308,0.004716,0.989009,-0.09875,0.141974,0.119984,0.979974,-0.495156,0.268798,0.476351,0.68862
-0.136907,0.039285,0.004749,0.989013,-0.098755,0.141939,0.120005,0.979976,-0.495151,0.26884,0.476339,0.688617
-0.136935,0.039264,0.004795,0.989011,-0.098759,0.141929,0.120053,0.979972,-0.495132,0.26886,0.476402,0.688579
-0.136918,0.039206,0.004771,0.989015,-0.098734,0.141922,0.120084,0.979972,-0.49513,0.268879,0.476402,0.688574
-0.136898,0.039163,0.004753,0.989018,-0.098695,0.141956,0.120159,0.979964,-0.495067,0.268879,0.476466,0.688576
-0.136917,0.039149,0.004776,0.989017,-0.098693,0.141982,0.120171,0.979959,-0.495066,0.268905,0.476535,0.68852
-0.136952,0.039194,0.004796,0.989011,-0.098662,0.142037,0.120194,0.979953,-0.495046,0.268906,0.476579,0.688503
-0.136958,0.039194,0.004834,0.989011,-0.098661,0.142043,0.120179,0.979953,-0.495005,0.268949,0.476639,0.688476
-0.136974,0.039178,0.004827,0.989009,-0.098671,0.142053,0.120214,0.979948,-0.494966,0.268939,0.476693,0.688471
-0.136947,0.039156,0.004814,0.989013,-0.098672,0.142033,0.120258,0.979946,-0.494943,0.268956,0.476737,0.688451
-0.136935,0.039195,0.004822,0.989013,-0.098719,0.142035,0.120302,0.979936,-0.49494,0.268913,0.476799,0.688426
-0.136889,0.039142,0.004833,0.989022,-0.09875,0.141982,0.120348,0.979936,-0.494903,0.268915,0.476833,0.688429
-0.136909,0.039129,0.004783,0.989018,-0.098773,0.141999,0.120355,0.97993,-0.49492,0.268873,0.47688,0.688399
-0.136894,0.039114,0.004796,0.989022,-0.098762,0.142033,0.120375,0.979925,-0.494893,0.268847,0.47689,0.688422
-0.136876,0.03916,0.004859,0.989024,-0.098704,0.142037,0.120374,0.97993,-0.494906,0.268775,0.47691,0.688425
-0.136899,0.039124,0.004873,0.989022,-0.098714,0.142053,0.12038,0.979927,-0.494918,0.268705,0.476959,0.688409
-0.136902,0.039124,0.004936,0.989023,-0.09872,0.142043,0.120418,0.979923,-0.494887,0.268707,0.477066,0.688357
-0.136926,0.039116,0.00498,0.98902,-0.098712,0.14209,0.120473,0.979912,-0.494897,0.268735,0.47705,0.688351
-0.136901,0.03915,0.004985,0.989023,-0.09874,0.142119,0.120486,0.979904,-0.494875,0.268755,0.47706,0.688352
-0.136859,0.039112,0.005049,0.989031,-0.098811,0.142152,0.120483,0.979892,-0.49489,0.268803,0.47705,0.688331
-0.136847,0.039111,0.005119,0.989034,-0.098858,0.142115,0.120519,0.97989,-0.494928,0.26881,0.477062,0.688293
-0.136808,0.039147,0.005194,0.98904,-0.098847,0.142091,0.120533,0.979892,-0.494941,0.268811,0.477091,0.688263
-0.136776,0.0392,0.005206,0.989042,-0.098868,0.142091,0.120558,0.979888,-0.494929,0.268758,0.47719,0.688224
-0.136755,0.039136,0.0052,0.989048,-0.098873,0.142145,0.120565,0.979879,-0.494925,0.268708,0.477263,0.688194
-0.136722,0.039096,0.005205,0.989054,-0.098852,0.142154,0.120583,0.979878,-0.494972,0.268689,0.477334,0.688119
-0.136719,0.039104,0.005208,0.989054,-0.098843,0.142164,0.120546,0.979881,-0.494955,0.268696,0.477383,0.688096
-0.136719,0.039131,0.005214,0.989053,-0.098796,0.142157,0.120556,0.979886,-0.494902,0.268694,0.477458,0.688083
-0.136724,0.039134,0.005188,0.989053,-0.098791,0.142128,0.120612,0.979885,-0.494866,0.268663,0.477516,0.68808
-0.136719,0.03911,0.005175,0.989053,-0.098812,0.142104,0.120644,0.979883,-0.494867,0.268653,0.47759,0.688033
-0.136697,0.039114,0.005185,0.989057,-0.098815,0.142142,0.120674,0.979874,-0.494876,0.268694,0.47762,0.687991
-0.136713,0.039126,0.005239,0.989054,-0.098852,0.142154,0.120694,0.979867,-0.494909,0.268678,0.477649,0.687953
-0.136692,0.039128,0.005263,0.989058,-0.098864,0.14214,0.120716,0.979866,-0.49491,0.268701,0.477652,0.687942
-0.136655,0.03908,0.00533,0.989066,-0.098842,0.142109,0.120728,0.979871,-0.494893,0.268688,0.477683,0.687937
-0.136602,0.039133,0.005354,0.989072,-0.09885,0.142136,0.12072,0.979866,-0.494928,0.268688,0.477694,0.687905
-0.136572,0.039177,0.005373,0.989075,-0.098854,0.142153,0.12076,0.97986,-0.494933,0.26867,0.477758,0.687863
-0.136518,0.039176,0.005384,0.989083,-0.098871,0.142208,0.120774,0.979849,-0.494927,0.268675,0.477726,0.687889
-0.136527,0.039211,0.005419,0.989081,-0.098845,0.142242,0.120795,0.979845,-0.494952,0.268667,0.477757,0.687852
-0.136524,0.039218,0.005441,0.989081,-0.098822,0.142304,0.120799,0.979838,-0.494978,0.268612,0.477731,0.687872
-0.136528,0.039265,0.005381,0.989078,-0.098789,0.142303,0.120813,0.97984,-0.495021,0.268618,0.477727,0.687841
-0.136533,0.039292,0.005385,0.989077,-0.098798,0.142348,0.12081,0.979833,-0.494994,0.26862,0.477739,0.687853
-0.136548,0.039307,0.005351,0.989074,-0.098797,0.142353,0.120786,0.979835,-0.495,0.268611,0.477697,0.687879
-0.136505,0.03932,0.005309,0.989078,-0.098832,0.142368,0.120727,0.979835,-0.494999,0.268648,0.477712,0.687857
-0.136555,0.039348,0.005346,0.98907,-0.098875,0.142381,0.120657,0.979836,-0.495007,0.268687,0.477677,0.68786
-0.136569,0.039365,0.005377,0.989069,-0.098919,0.142477,0.120649,0.979819,-0.494955,0.268727,0.477677,0.687883
-0.136582,0.039406,0.00534,0.989065,-0.098971,0.142559,0.120635,0.979804,-0.494942,0.26872,0.477641,0.68792
-0.136579,0.039427,0.005306,0.989064,-0.098997,0.142597,0.120674,0.979793,-0.494965,0.268733,0.4776,0.687927
-0.13658,0.039479,0.005278,0.989062,-0.099003,0.14263,0.120786,0.979776,-0.494982,0.268736,0.477566,0.687936
-0.136553,0.039488,0.005232,0.989065,-0.099023,0.142689,0.120799,0.979764,-0.49497,0.26875,0.477538,0.687958
-0.136567,0.039478,0.005163,0.989062,-0.098987,0.142736,0.120773,0.979764,-0.494971,0.268734,0.477504,0.687987
-0.136528,0.039514,0.00508,0.989065,-0.09898,0.142778,0.120782,0.979758,-0.494983,0.268731,0.477509,0.687977
-0.136493,0.039575,0.00501,0.989066,-0.098909,0.142797,0.120773,0.979763,-0.49499,0.268712,0.477537,0.687959
-0.136428,0.039605,0.004954,0.989073,-0.098904,0.142858,0.120723,0.97976,-0.494956,0.268696,0.477524,0.687999
-0.13639,0.039642,0.004915,0.989076,-0.098899,0.142913,0.120678,0.979758,-0.494977,0.268672,0.477511,0.688001
-0.136373,0.039657,0.004932,0.989079,-0.098844,0.142933,0.120668,0.979761,-0.495018,0.26867,0.477459,0.688009
-0.136379,0.039685,0.004993,0.989077,-0.098834,0.142899,0.120675,0.979766,-0.49504,0.268647,0.477422,0.688026
-0.136413,0.039673,0.004954,0.989073,-0.098814,0.142877,0.120701,0.979769,-0.495008,0.26866,0.477392,0.688065
-0.136413,0.039691,0.004889,0.989071,-0.098775,0.142911,0.120705,0.979767,-0.494987,0.268682,0.47734,0.688107
-0.136459,0.039678,0.004839,0.989064,-0.098779,0.142945,0.120715,0.979761,-0.495013,0.268717,0.477326,0.688085
-0.136486,0.039685,0.004791,0.989059,-0.098825,0.142958,0.12075,0.979752,-0.494991,0.268685,0.477331,0.68811
-0.136479,0.039685,0.00477,0.989059,-0.098863,0.142981,0.120731,0.979746,-0.495013,0.268693,0.477345,0.688081
-0.136489,0.03969,0.004736,0.989058,-0.098897,0.142985,0.120702,0.979745,-0.494942,0.268696,0.47734,0.688134
-0.136475,0.039702,0.004714,0.989059,-0.098888,0.142957,0.12065,0.979755,-0.494925,0.26872,0.477328,0.688146
-0.136477,0.039725,0.004658,0.989056,-0.098862,0.142954,0.120662,0.979757,-0.494889,0.268727,0.477375,0.688137
-0.13648,0.039702,0.004617,0.989056,-0.09889,0.143009,0.120651,0.979747,-0.494855,0.26871,0.477386,0.688159
-0.136485,0.039746,0.004609,0.989054,-0.098916,0.143029,0.120583,0.979749,-0.494839,0.268678,0.477412,0.688165
-0.136508,0.039775,0.004611,0.98905,-0.098916,0.143071,0.120515,0.97975,-0.494814,0.268655,0.477412,0.688191
-0.136514,0.039796,0.004692,0.989049,-0.098951,0.143136,0.120421,0.979747,-0.494779,0.268609,0.477471,0.688193
-0.136505,0.03982,0.004738,0.989051,-0.098934,0.14317,0.120427,0.979744,-0.494776,0.268575,0.477531,0.688167
-0.136528,0.039789,0.004772,0.98905,-0.098929,0.143121,0.120537,0.979739,-0.494748,0.268572,0.477563,0.688165
-0.136564,0.039821,0.004738,0.989042,-0.09893,0.143108,0.120635,0.979731,-0.49476,0.268578,0.477562,0.688155
-0.136604,0.039812,0.004769,0.989037,-0.098899,0.143143,0.120711,0.979721,-0.494743,0.268578,0.477624,0.688125
-0.136591,0.039796,0.004739,0.98904,-0.098876,0.143171,0.120732,0.979718,-0.494733,0.268547,0.477614,0.68815
-0.136569,0.039816,0.004745,0.989042,-0.098896,0.14323,0.120728,0.979707,-0.494747,0.268558,0.477608,0.68814
-0.136576,0.039802,0.004767,0.989042,-0.098918,0.143287,0.120702,0.9797,-0.494761,0.268537,0.477608,0.688138
-0.136544,0.039811,0.004781,0.989046,-0.098991,0.143296,0.120759,0.979686,-0.494766,0.268504,0.477623,0.688136
-0.136563,0.039827,0.004743,0.989043,-0.099003,0.143276,0.120786,0.979685,-0.494732,0.268519,0.477599,0.688171
-0.13656,0.039835,0.004778,0.989044,-0.098991,0.143302,0.120834,0.979678,-0.494735,0.268449,0.477643,0.688165
-0.136596,0.039856,0.004798,0.989038,-0.099001,0.143344,0.120835,0.97967,-0.494748,0.268472,0.477621,0.688161
-0.136631,0.039895,0.004877,0.989033,-0.098951,0.143388,0.120836,0.97967,-0.494752,0.268445,0.477629,0.688164
-0.136599,0.039941,0.004921,0.989037,-0.098978,0.143437,0.120802,0.979663,-0.494728,0.268456,0.477654,0.688159
-0.136607,0.039858,0.004905,0.989038,-0.098961,0.143476,0.120798,0.979659,-0.494693,0.268477,0.477671,0.688166
-0.136573,0.039823,0.004867,0.989043,-0.09895,0.143476,0.120831,0.979657,-0.494714,0.268509,0.47764,0.68816
-0.1366,0.039879,0.004794,0.989036,-0.098955,0.143445,0.120888,0.979656,-0.494714,0.26853,0.477604,0.688176
-0.136635,0.039859,0.004757,0.989032,-0.099013,0.14342,0.120896,0.979653,-0.494683,0.268519,0.477616,0.688195
-0.136629,0.039834,0.004767,0.989034,-0.099019,0.14337,0.120913,0.979657,-0.494591,0.268565,0.477618,0.688242
-0.136651,0.039824,0.004832,0.989032,-0.099015,0.14336,0.12088,0.979662,-0.494566,0.268652,0.477572,0.688259
-0.136643,0.03986,0.004852,0.989032,-0.099016,0.143335,0.120889,0.979664,-0.494537,0.268688,0.477555,0.688279
-0.136603,0.039818,0.004916,0.989041,-0.099005,0.143345,0.120912,0.979663,-0.494536,0.268737,0.477544,0.688269
-0.136638,0.039759,0.004944,0.989038,-0.09904,0.143337,0.120995,0.979651,-0.494515,0.268747,0.477502,0.688309
-0.136601,0.039782,0.004956,0.989043,-0.099036,0.143326,0.121084,0.979645,-0.494554,0.268779,0.477461,0.688298
-0.136594,0.039788,0.004997,0.989045,-0.099032,0.143311,0.121166,0.979639,-0.494522,0.268776,0.477526,0.688277
-0.136584,0.03977,0.005019,0.989047,-0.09902,0.143337,0.121174,0.979635,-0.49451,0.268781,0.477521,0.688287
-0.136543,0.039771,0.00506,0.989053,-0.098989,0.1433,0.121163,0.979644,-0.494487,0.268798,0.477506,0.688308
-0.13653,0.03976,0.00504,0.989055,-0.098992,0.14329,0.12119,0.979643,-0.494484,0.268814,0.477488,0.688316
-0.136534,0.039807,0.005036,0.989053,-0.098954,0.143267,0.121195,0.979649,-0.494479,0.268838,0.477453,0.688335
-0.136599,0.039832,0.004992,0.989042,-0.098947,0.143278,0.121206,0.979647,-0.494461,0.268828,0.477439,0.688361
-0.136573,0.039794,0.00496,0.989046,-0.098938,0.143345,0.12116,0.979644,-0.494483,0.268792,0.477427,0.688367
-0.13655,0.039753,0.004942,0.989051,-0.098921,0.143355,0.121129,0.979647,-0.494528,0.26882,0.47743,0.688322
-0.136553,0.039752,0.00493,0.98905,-0.098908,0.143348,0.12107,0.979655,-0.494517,0.268795,0.477457,0.688321
-0.136541,0.039718,0.004873,0.989051,-0.098923,0.143374,0.121091,0.979647,-0.494478,0.268833,0.477405,0.688371
-0.136546,0.039682,0.004891,0.989052,-0.098944,0.143399,0.121147,0.979637,-0.494442,0.268859,0.47738,0.688404
-0.136514,0.039663,0.00481,0.989056,-0.098859,0.143397,0.121177,0.979643,-0.49444,0.26891,0.477379,0.688387
-0.136505,0.039671,0.004804,0.989057,-0.098842,0.143349,0.121209,0.979647,-0.494419,0.268928,0.477435,0.688358
-0.136533,0.039628,0.004865,0.989055,-0.098822,0.143297,0.121223,0.979655,-0.49443,0.268942,0.477383,0.68838
-0.136536,0.039574,0.004926,0.989059,-0.098795,0.14327,0.121215,0.979663,-0.494389,0.268968,0.477347,0.688423
-0.136554,0.039495,0.004996,0.98906,-0.098847,0.143294,0.121233,0.979652,-0.494386,0.26902,0.477314,0.68843
-0.136581,0.039454,0.005008,0.989058,-0.098905,0.14324,0.121264,0.979651,-0.494365,0.269042,0.477295,0.688449
-0.136623,0.039445,0.005034,0.989052,-0.098901,0.143268,0.121328,0.979641,-0.494355,0.269136,0.477243,0.688458
-0.136612,0.039418,0.005061,0.989056,-0.098921,0.143317,0.121426,0.979622,-0.494321,0.269154,0.477242,0.688477
-0.136632,0.039422,0.005051,0.989053,-0.098904,0.143304,0.12143,0.979625,-0.494352,0.269225,0.477179,0.688472
-0.136635,0.039424,0.005096,0.989053,-0.098897,0.14329,0.121472,0.979623,-0.494336,0.269326,0.47714,0.688474
-0.136629,0.039414,0.005135,0.989055,-0.098906,0.143276,0.121498,0.979622,-0.494298,0.269405,0.477094,0.688502
-0.136602,0.039375,0.005121,0.98906,-0.098877,0.143237,0.121542,0.979626,-0.494292,0.269423,0.47704,0.688537
-0.13659,0.039346,0.005135,0.989062,-0.098884,0.143246,0.121538,0.979624,-0.494285,0.269425,0.476999,0.688569
-0.136558,0.039375,0.005133,0.989066,-0.098804,0.143216,0.121561,0.979634,-0.494291,0.269383,0.477023,0.688564
-0.136561,0.039343,0.005099,0.989066,-0.098779,0.143231,0.121522,0.979639,-0.494262,0.26939,0.477014,0.688588
-0.136566,0.03933,0.005056,0.989065,-0.098731,0.143178,0.121513,0.979652,-0.49424,0.269388,0.477023,0.688598
-0.136565,0.039346,0.004969,0.989063,-0.098722,0.143153,0.121504,0.979657,-0.494243,0.269417,0.476999,0.688602
-0.13654,0.039329,0.004878,0.989065,-0.09868,0.143158,0.121518,0.979659,-0.49423,0.269373,0.477043,0.688598
-0.136531,0.039295,0.004786,0.989066,-0.098697,0.143139,0.121522,0.979659,-0.494192,0.269353,0.47707,0.688614
-0.136523,0.039321,0.004739,0.989065,-0.098709,0.143178,0.121461,0.979659,-0.494171,0.269277,0.477063,0.688661
-0.136503,0.039363,0.004744,0.989067,-0.098735,0.143195,0.121385,0.979662,-0.494191,0.269269,0.477018,0.68868
-0.13648,0.039346,0.004723,0.989071,-0.098736,0.143182,0.121314,0.97967,-0.494217,0.269274,0.477052,0.688636
-0.136408,0.039333,0.00473,0.989081,-0.098751,0.143189,0.121341,0.979666,-0.494223,0.269257,0.477066,0.688629
-0.136396,0.039301,0.004724,0.989084,-0.098705,0.143197,0.121346,0.979668,-0.494156,0.269254,0.477081,0.688667
-0.136335,0.039265,0.004682,0.989093,-0.098693,0.143122,0.121389,0.979676,-0.49413,0.269273,0.477072,0.688686
-0.136366,0.039282,0.004675,0.989088,-0.098689,0.14311,0.121378,0.97968,-0.494142,0.269287,0.477052,0.688685
-0.136356,0.039287,0.004745,0.989091,-0.098674,0.143117,0.121375,0.97968,-0.494145,0.269271,0.477103,0.688653
-0.13632,0.039289,0.004827,0.989097,-0.09871,0.143063,0.121328,0.979689,-0.494084,0.269246,0.477153,0.688672
-0.136306,0.039268,0.00484,0.9891,-0.098734,0.143037,0.121322,0.97969,-0.494068,0.269254,0.477177,0.688665
-0.136303,0.039263,0.004785,0.989099,-0.098734,0.143018,0.1214,0.979686,-0.494086,0.269204,0.477257,0.688615
-0.136312,0.039293,0.004757,0.989096,-0.098759,0.143024,0.121442,0.979678,-0.4941,0.269184,0.4773,0.688583
-0.136294,0.039273,0.004715,0.989099,-0.098807,0.143048,0.121462,0.979667,-0.494108,0.269168,0.477345,0.688552
-0.136274,0.039256,0.004708,0.989102,-0.098847,0.143062,0.121421,0.979666,-0.494121,0.269099,0.477355,0.688562
-0.136314,0.039285,0.004704,0.989095,-0.098875,0.143076,0.121387,0.979664,-0.49415,0.269036,0.47739,0.688541
-0.136318,0.039276,0.004669,0.989094,-0.098847,0.143067,0.121331,0.979674,-0.494119,0.269009,0.477394,0.688569
-0.136313,0.039238,0.004651,0.989096,-0.098782,0.143031,0.121273,0.979691,-0.494133,0.268994,0.477391,0.688568
-0.136267,0.039208,0.004618,0.989103,-0.098761,0.142983,0.12119,0.979709,-0.494125,0.268998,0.477371,0.688586
-0.136232,0.039263,0.004631,0.989107,-0.098763,0.142982,0.121126,0.979715,-0.494135,0.268986,0.477368,0.688585
-0.136185,0.039301,0.004623,0.989112,-0.09875,0.142979,0.121035,0.979726,-0.494128,0.268956,0.477419,0.688564
-0.136211,0.03938,0.004615,0.989105,-0.098761,0.14304,0.121016,0.979719,-0.494187,0.268897,0.477438,0.688533
-0.136187,0.039446,0.004593,0.989106,-0.098729,0.143069,0.121095,0.97971,-0.494218,0.268888,0.47744,0.688512
-0.136158,0.039494,0.00459,0.989108,-0.09872,0.143093,0.12106,0.979711,-0.494221,0.268817,0.477522,0.688479
-0.136133,0.039532,0.004553,0.98911,-0.098668,0.143138,0.121059,0.97971,-0.49425,0.268734,0.47753,0.688483
-0.136088,0.039574,0.004514,0.989113,-0.098647,0.143203,0.121003,0.979709,-0.494273,0.268683,0.477576,0.688455
-0.136066,0.039646,0.004448,0.989112,-0.098628,0.143266,0.120936,0.979709,-0.494272,0.268661,0.47758,0.688461
-0.13602,0.039713,0.004339,0.989114,-0.098631,0.143284,0.120875,0.979711,-0.494314,0.268595,0.477616,0.68843
-0.135968,0.039768,0.004233,0.989119,-0.098583,0.143299,0.120787,0.979723,-0.494305,0.268483,0.477624,0.688472
-0.135946,0.039823,0.004161,0.989118,-0.098575,0.14339,0.120661,0.979724,-0.494353,0.268358,0.477594,0.688503
-0.13588,0.039837,0.004035,0.989124,-0.098548,0.143436,0.120494,0.979737,-0.494333,0.268304,0.477538,0.688576
-0.135872,0.039881,0.00395,0.989123,-0.098492,0.143464,0.120364,0.979752,-0.49435,0.268186,0.477529,0.688612
-0.135872,0.039934,0.003881,0.989119,-0.098452,0.143538,0.120216,0.97976,-0.494325,0.268114,0.477538,0.688651
-0.135888,0.039929,0.003874,0.989117,-0.098407,0.143594,0.120163,0.979762,-0.494298,0.268084,0.477523,0.688691
-0.135869,0.039947,0.003808,0.989118,-0.098415,0.143644,0.120095,0.979761,-0.494323,0.268101,0.477493,0.688689
-0.135851,0.039979,0.003771,0.989119,-0.098404,0.143685,0.119978,0.979768,-0.494279,0.268067,0.477461,0.688753
-0.13581,0.039927,0.003757,0.989126,-0.098437,0.143679,0.119898,0.979773,-0.494213,0.268109,0.477438,0.6888
-0.135808,0.039911,0.003724,0.989125,-0.098478,0.143665,0.11983,0.979778,-0.494139,0.268153,0.477374,0.688882
-0.135842,0.039903,0.003676,0.989121,-0.098462,0.143616,0.119798,0.97979,-0.494099,0.268211,0.477275,0.688957
-0.135797,0.039928,0.003594,0.989125,-0.098498,0.143607,0.119808,0.979787,-0.494024,0.268207,0.477307,0.68899
-0.135783,0.039925,0.003502,0.989125,-0.098522,0.143624,0.11982,0.979781,-0.493955,0.26826,0.47726,0.689051
-0.135756,0.039908,0.003416,0.989127,-0.098571,0.143602,0.11979,0.979782,-0.493922,0.268235,0.477277,0.689072
-0.135767,0.039906,0.003315,0.989124,-0.09861,0.14363,0.119765,0.979777,-0.493883,0.268229,0.47726,0.689114
-0.135799,0.039919,0.003266,0.989118,-0.098621,0.143624,0.119719,0.979781,-0.493871,0.268195,0.477262,0.689133
-0.135804,0.039895,0.003188,0.989116,-0.098589,0.143632,0.119622,0.979793,-0.493807,0.268159,0.477217,0.689223
-0.135746,0.039876,0.003195,0.989125,-0.098595,0.143617,0.119578,0.979799,-0.493735,0.268132,0.477196,0.689298
-0.135789,0.039821,0.003208,0.989122,-0.098575,0.143588,0.119531,0.97981,-0.493697,0.268169,0.477139,0.68935
-0.135816,0.039789,0.003248,0.989119,-0.098565,0.143583,0.119517,0.979813,-0.493655,0.268157,0.477136,0.689386
-0.135857,0.039758,0.003255,0.989115,-0.098536,0.143595,0.11944,0.979822,-0.493596,0.268175,0.477088,0.689454
-0.135865,0.039727,0.003258,0.989116,-0.098583,0.143597,0.119468,0.979814,-0.493544,0.268247,0.477017,0.689513
-0.135911,0.039735,0.003326,0.98911,-0.098594,0.143592,0.119464,0.979814,-0.493519,0.268314,0.476944,0.689556
-0.135914,0.039731,0.003336,0.989109,-0.098664,0.143593,0.119483,0.979805,-0.493505,0.268364,0.476911,0.689571
-0.135927,0.03974,0.003343,0.989108,-0.098722,0.143603,0.119545,0.979792,-0.493481,0.26841,0.47687,0.689599
-0.135946,0.039766,0.003369,0.989105,-0.098735,0.143575,0.11958,0.979791,-0.493429,0.268479,0.476849,0.689624
-0.135934,0.039777,0.003337,0.989106,-0.098695,0.143596,0.119569,0.979793,-0.49343,0.268545,0.476788,0.689642
-0.135946,0.039846,0.003385,0.989103,-0.098658,0.143579,0.119597,0.979796,-0.493418,0.268566,0.476784,0.689645
-0.135933,0.039881,0.003467,0.989105,-0.098649,0.143569,0.119649,0.979793,-0.493394,0.268606,0.476724,0.689689
-0.135938,0.039864,0.003522,0.989105,-0.098595,0.14357,0.119673,0.979796,-0.49341,0.268643,0.476693,0.689685
-0.135955,0.039862,0.003567,0.989104,-0.09856,0.143564,0.119638,0.979804,-0.493435,0.268688,0.476638,0.689688
-0.135972,0.039855,0.003672,0.989104,-0.098559,0.143632,0.119708,0.979787,-0.493454,0.268704,0.476635,0.689671
-0.135984,0.039851,0.003772,0.989104,-0.098582,0.143653,0.119729,0.97978,-0.493449,0.268684,0.47664,0.689679
-0.136043,0.039823,0.003827,0.989098,-0.098574,0.14363,0.119779,0.979779,-0.493483,0.268707,0.476605,0.689671
-0.136062,0.039818,0.003878,0.989096,-0.098617,0.143665,0.119794,0.979768,-0.493526,0.26875,0.476578,0.689642
-0.136025,0.039807,0.003966,0.989104,-0.098658,0.143687,0.119903,0.97975,-0.493554,0.268809,0.476555,0.689617
-0.136021,0.039764,0.004111,0.989109,-0.098717,0.143672,0.120007,0.979736,-0.493576,0.268872,0.476553,0.689581
-0.136032,0.039761,0.004232,0.98911,-0.098708,0.143677,0.120094,0.979727,-0.493632,0.268903,0.476582,0.689509
-0.136006,0.039702,0.004312,0.989116,-0.098727,0.143682,0.120191,0.979714,-0.493658,0.268972,0.476618,0.68944
-0.136026,0.039665,0.004348,0.989116,-0.098705,0.14367,0.120245,0.979714,-0.493653,0.268964,0.476626,0.689441
-0.136089,0.039606,0.004434,0.98911,-0.09869,0.143656,0.120328,0.979709,-0.493678,0.268932,0.476692,0.68939
-0.136081,0.039565,0.004517,0.989115,-0.098654,0.143596,0.120349,0.979719,-0.493732,0.268893,0.476762,0.689318
-0.136052,0.039561,0.004598,0.989121,-0.098635,0.143543,0.120342,0.979728,-0.493815,0.26889,0.476807,0.689229
-0.136046,0.039601,0.004626,0.98912,-0.098637,0.143536,0.120376,0.979726,-0.493841,0.268834,0.476925,0.689153
-0.136048,0.039577,0.004664,0.989122,-0.098601,0.14359,0.120385,0.979721,-0.49385,0.268793,0.477001,0.689108
-0.136061,0.039524,0.004707,0.989122,-0.098549,0.143621,0.120388,0.979721,-0.493861,0.268763,0.477114,0.689035
-0.136067,0.039492,0.004755,0.989124,-0.098549,0.143609,0.120465,0.979715,-0.493864,0.268765,0.477147,0.689008
-0.136058,0.039523,0.004743,0.989123,-0.098545,0.143613,0.120544,0.979707,-0.493893,0.268784,0.477179,0.68896
-0.136043,0.039482,0.004734,0.989127,-0.098553,0.143588,0.120629,0.979702,-0.493876,0.268745,0.477191,0.688977
-0.136002,0.039454,0.004742,0.989133,-0.098564,0.143597,0.120652,0.979697,-0.493872,0.268797,0.477218,0.688943
-0.135995,0.039414,0.004764,0.989136,-0.098556,0.143542,0.120634,0.979707,-0.493882,0.268808,0.477233,0.688921
-0.135954,0.039395,0.004781,0.989143,-0.098555,0.14349,0.120662,0.979712,-0.493862,0.268779,0.477261,0.688926
-0.135904,0.039347,0.004776,0.989152,-0.098559,0.143482,0.120637,0.979715,-0.493887,0.268773,0.477321,0.688871
-0.135875,0.039315,0.004746,0.989157,-0.098539,0.143518,0.12061,0.979714,-0.493863,0.268767,0.477364,0.68886
-0.13586,0.039329,0.004651,0.989156,-0.098533,0.143569,0.120612,0.979708,-0.493888,0.26873,0.477433,0.68881
-0.135828,0.039316,0.004598,0.98916,-0.0985,0.143568,0.120627,0.979709,-0.493871,0.268683,0.477531,0.688772
-0.135818,0.039341,0.004516,0.989159,-0.098476,0.143573,0.120585,0.979715,-0.493833,0.268609,0.477587,0.688786
-0.13585,0.039344,0.004436,0.989153,-0.098449,0.143563,0.120534,0.979725,-0.493794,0.268527,0.477634,0.688812
-0.13587,0.039387,0.004359,0.989148,-0.098402,0.14357,0.120497,0.979731,-0.493788,0.268507,0.47764,0.68882
-0.135874,0.039413,0.004294,0.989145,-0.098391,0.143596,0.120508,0.979728,-0.493806,0.268501,0.477634,0.688813
-0.135888,0.039403,0.00423,0.989141,-0.098387,0.143575,0.120501,0.979732,-0.493745,0.268466,0.477669,0.688845
-0.135844,0.039388,0.004166,0.989147,-0.098388,0.143566,0.120451,0.979739,-0.493714,0.268452,0.477704,0.688848
-0.13583,0.039405,0.004127,0.989148,-0.098427,0.143611,0.120389,0.979735,-0.493714,0.268459,0.477699,0.688849
-0.135866,0.039404,0.004112,0.989143,-0.09848,0.143603,0.120423,0.979727,-0.493675,0.268476,0.477666,0.688895
-0.13589,0.03942,0.004073,0.989139,-0.098505,0.143592,0.12039,0.97973,-0.49363,0.268482,0.477678,0.688916
-0.135903,0.039383,0.003989,0.989135,-0.098535,0.143562,0.120393,0.979731,-0.493578,0.268434,0.477705,0.688952
-0.135884,0.039356,0.003892,0.989137,-0.098538,0.14357,0.120286,0.97974,-0.49358,0.268425,0.477696,0.68896
-0.135892,0.039365,0.0038,0.989135,-0.09852,0.143537,0.120134,0.979762,-0.493595,0.268372,0.477699,0.688966
-0.13583,0.039367,0.003783,0.989142,-0.098512,0.14357,0.120011,0.97977,-0.493567,0.268287,0.47774,0.688988
-0.135812,0.039436,0.003733,0.989142,-0.098464,0.143629,0.11992,0.979776,-0.493517,0.268241,0.477728,0.689049
-0.135851,0.039475,0.00373,0.989135,-0.098445,0.143679,0.119915,0.979771,-0.493528,0.268234,0.477664,0.689088
-0.135806,0.039503,0.003763,0.989141,-0.098392,0.143693,0.119852,0.979781,-0.493497,0.268201,0.477717,0.689086
-0.135791,0.03955,0.003761,0.989142,-0.098383,0.143697,0.119844,0.979782,-0.493464,0.268156,0.477726,0.689118
-0.135827,0.03955,0.00377,0.989136,-0.098366,0.14378,0.119867,0.979769,-0.49348,0.268131,0.477689,0.689143
-0.135867,0.039562,0.003719,0.98913,-0.09834,0.14381,0.119879,0.979766,-0.493451,0.268142,0.477628,0.6892
-0.135887,0.039621,0.003676,0.989124,-0.098362,0.143832,0.119917,0.979757,-0.493405,0.26814,0.477604,0.689249
-0.135875,0.039632,0.003587,0.989123,-0.098367,0.143826,0.119871,0.979762,-0.493408,0.268158,0.477512,0.689304
-0.135877,0.039612,0.003535,0.989123,-0.09839,0.143827,0.119823,0.979765,-0.493414,0.268161,0.477501,0.689307
-0.135853,0.039588,0.003457,0.989126,-0.09838,0.143852,0.119836,0.979761,-0.493421,0.268201,0.477471,0.689307
-0.13584,0.039642,0.00338,0.989125,-0.098396,0.143888,0.119805,0.979758,-0.493404,0.268212,0.477479,0.689309
-0.135788,0.039679,0.003288,0.989128,-0.09839,0.143922,0.11973,0.97976,-0.493411,0.268171,0.477466,0.689328
-0.135791,0.039696,0.003226,0.989126,-0.098335,0.143907,0.119666,0.979774,-0.493378,0.268188,0.477482,0.689335
-0.135753,0.039687,0.003191,0.989131,-0.098273,0.143914,0.11963,0.979783,-0.493352,0.268165,0.477524,0.689333
-0.135704,0.03978,0.00317,0.989134,-0.098258,0.143913,0.119637,0.979785,-0.493344,0.268148,0.477549,0.689328
-0.135672,0.039847,0.003161,0.989136,-0.098302,0.143944,0.119657,0.979773,-0.493309,0.268108,0.477545,0.68937
-0.135689,0.039886,0.003105,0.989131,-0.09835,0.143956,0.119604,0.979772,-0.493339,0.268017,0.477591,0.68935
-0.135667,0.039941,0.003106,0.989132,-0.098375,0.143961,0.119631,0.979766,-0.493362,0.268026,0.477586,0.689335
-0.135663,0.039955,0.003084,0.989132,-0.098346,0.143913,0.119603,0.979779,-0.493395,0.267953,0.477621,0.689314
-0.135641,0.039972,0.003099,0.989135,-0.098344,0.143913,0.119556,0.979784,-0.493397,0.267888,0.477662,0.689307
-0.135608,0.040045,0.003074,0.989136,-0.09829,0.143927,0.119482,0.979795,-0.493368,0.267874,0.47769,0.689314
-0.13558,0.040039,0.003033,0.989139,-0.09829,0.143933,0.119456,0.979796,-0.493414,0.267905,0.477695,0.689266
-0.135552,0.040036,0.003008,0.989143,-0.098241,0.143919,0.119496,0.9798,-0.493401,0.267839,0.477735,0.689273
-0.135532,0.040073,0.003062,0.989145,-0.098226,0.143929,0.119506,0.979798,-0.493419,0.267779,0.477786,0.689247
-0.135528,0.040069,0.003071,0.989146,-0.098267,0.143917,0.119519,0.979795,-0.493441,0.267753,0.477841,0.689202
-0.135519,0.040069,0.003133,0.989149,-0.09821,0.143897,0.119534,0.979802,-0.493415,0.267741,0.477849,0.68922
-0.135479,0.040092,0.0032,0.989155,-0.098182,0.143902,0.119571,0.9798,-0.493462,0.267739,0.477836,0.689196
-0.135445,0.040053,0.003217,0.989162,-0.098243,0.143921,0.119564,0.979792,-0.493408,0.26775,0.47788,0.6892
-0.135473,0.039999,0.003259,0.98916,-0.098255,0.143951,0.119648,0.979778,-0.493379,0.267742,0.477957,0.689171
-0.135498,0.039993,0.003268,0.989157,-0.098248,0.143922,0.119685,0.979779,-0.493351,0.267785,0.477993,0.689151
-0.135514,0.039992,0.003271,0.989155,-0.098274,0.143914,0.11977,0.979769,-0.493384,0.267777,0.478016,0.689114
-0.135485,0.039997,0.003242,0.989158,-0.098249,0.14392,0.119856,0.979762,-0.493377,0.267784,0.477996,0.68913
-0.135434,0.03997,0.003236,0.989166,-0.098246,0.143928,0.119887,0.979758,-0.493321,0.267816,0.477998,0.689158
-0.135408,0.039951,0.003203,0.98917,-0.098251,0.143935,0.119874,0.979758,-0.493276,0.267828,0.478043,0.689154
-0.135451,0.039948,0.003166,0.989164,-0.098245,0.143951,0.11986,0.979758,-0.493258,0.267781,0.478071,0.689165
-0.135458,0.039957,0.003187,0.989163,-0.098221,0.143923,0.119857,0.979765,-0.49328,0.267712,0.478138,0.689128
-0.13542,0.039942,0.003236,0.989169,-0.098184,0.143881,0.119844,0.979775,-0.493236,0.267698,0.478168,0.689145
-0.135466,0.039914,0.003256,0.989164,-0.098115,0.143881,0.119909,0.979776,-0.493209,0.267697,0.478196,0.689145
-0.135448,0.039887,0.003281,0.989168,-0.098143,0.143846,0.119877,0.979781,-0.493206,0.267647,0.478239,0.689136
-0.135464,0.03989,0.003327,0.989167,-0.098141,0.143863,0.119929,0.979774,-0.493219,0.267686,0.478241,0.689111
-0.13553,0.039894,0.003341,0.989158,-0.098153,0.143833,0.119947,0.979775,-0.493217,0.267695,0.478236,0.689113
-0.135563,0.03989,0.003397,0.989154,-0.09812,0.143801,0.11993,0.979784,-0.493266,0.267747,0.47818,0.689098
-0.135541,0.039873,0.003408,0.989158,-0.098119,0.143758,0.119957,0.979787,-0.493242,0.267751,0.478194,0.689104
-0.135542,0.039902,0.003412,0.989157,-0.098155,0.143784,0.119938,0.979783,-0.49325,0.267748,0.478205,0.689091
-0.135549,0.039891,0.003396,0.989157,-0.098168,0.143835,0.119953,0.979773,-0.493291,0.267748,0.478213,0.689056
-0.135564,0.039883,0.003375,0.989154,-0.09817,0.143857,0.119982,0.979766,-0.493281,0.267787,0.478192,0.689064
-0.135541,0.039954,0.003339,0.989154,-0.098157,0.143866,0.120001,0.979765,-0.493272,0.267764,0.478202,0.689071
-0.135559,0.039952,0.003395,0.989153,-0.098117,0.143943,0.119971,0.979761,-0.493255,0.267748,0.478196,0.689094
-0.135575,0.03998,0.003371,0.989149,-0.098161,0.143923,0.119965,0.97976,-0.493239,0.267735,0.478232,0.689085
-0.135586,0.039958,0.003394,0.989149,-0.098228,0.143973,0.119975,0.979745,-0.493241,0.267739,0.47821,0.689097
-0.135594,0.039978,0.003343,0.989146,-0.098193,0.143989,0.120023,0.979741,-0.493229,0.267747,0.478205,0.689106
-0.135578,0.039938,0.003273,0.989148,-0.098224,0.144024,0.120044,0.979731,-0.493223,0.267732,0.478204,0.689117
-0.135539,0.039905,0.003242,0.989153,-0.098235,0.14401,0.120078,0.979729,-0.493217,0.267791,0.47815,0.689137
-0.13556,0.039925,0.003133,0.989148,-0.098219,0.144026,0.120096,0.979726,-0.493212,0.267822,0.478074,0.689182
-0.135503,0.039911,0.003122,0.989156,-0.098191,0.144063,0.120084,0.979725,-0.493245,0.267825,0.478044,0.689177
-0.135498,0.039862,0.00307,0.989157,-0.098213,0.144132,0.120047,0.979717,-0.49321,0.267791,0.478064,0.6892
-0.135447,0.039852,0.003078,0.989165,-0.098238,0.144117,0.119969,0.979724,-0.49324,0.267793,0.478029,0.689202
-0.135474,0.039868,0.003063,0.989161,-0.098263,0.144085,0.119981,0.979725,-0.493246,0.267853,0.477938,0.68924
-0.135454,0.03988,0.003046,0.989163,-0.09824,0.144049,0.119994,0.979731,-0.493249,0.267859,0.477912,0.689252
-0.135419,0.03991,0.003087,0.989167,-0.098285,0.143977,0.119972,0.979739,-0.493243,0.267848,0.477931,0.689248
-0.135424,0.03994,0.003099,0.989167,-0.098312,0.144053,0.119925,0.97973,-0.493174,0.267898,0.477954,0.689263
-0.135401,0.03996,0.003058,0.989168,-0.098347,0.144088,0.119944,0.97972,-0.493211,0.267931,0.477897,0.689263
-0.135387,0.039957,0.00307,0.989171,-0.098347,0.144092,0.119977,0.979716,-0.493219,0.267946,0.477846,0.689287
-0.135405,0.039969,0.003061,0.989167,-0.098396,0.144099,0.119971,0.979711,-0.493186,0.267961,0.477775,0.689353
-0.135423,0.039947,0.003055,0.989165,-0.098402,0.144132,0.119954,0.979707,-0.493118,0.267987,0.477714,0.689433
-0.135417,0.039911,0.003049,0.989167,-0.098413,0.144123,0.119933,0.979709,-0.493115,0.268021,0.47765,0.689467
-0.135433,0.039924,0.003027,0.989163,-0.098354,0.144092,0.119922,0.979721,-0.493092,0.268054,0.477631,0.689485
-0.135441,0.039928,0.003002,0.989163,-0.098384,0.144083,0.119913,0.97972,-0.493069,0.268058,0.477605,0.689518
-0.135485,0.039936,0.003,0.989156,-0.098391,0.14409,0.119933,0.979716,-0.493056,0.268063,0.477562,0.689555
-0.135516,0.039917,0.002965,0.989152,-0.098356,0.144067,0.11993,0.979723,-0.493039,0.268148,0.477493,0.689583
-0.135526,0.039931,0.002878,0.989148,-0.098389,0.144104,0.119972,0.97971,-0.493009,0.268179,0.477481,0.689601
-0.135517,0.039936,0.002816,0.989148,-0.098356,0.144124,0.119962,0.979712,-0.492995,0.268228,0.47744,0.68962
