-0.077661,0.143139,0.48003,0.872137,-0.089392,0.044185,0.617273,0.793171,-0.502468,0.047851,0.576994,0.651085
-0.077646,0.143151,0.480026,0.872137,-0.089399,0.044199,0.617287,0.793159,-0.502479,0.047844,0.577013,0.651061
-0.077643,0.143096,0.480044,0.872137,-0.089365,0.044146,0.617286,0.793166,-0.502464,0.047777,0.577008,0.65108
-0.077619,0.143101,0.480051,0.872135,-0.089325,0.044121,0.617317,0.793147,-0.502467,0.047755,0.577024,0.651064
-0.077536,0.143111,0.48003,0.872151,-0.089335,0.044098,0.617333,0.793134,-0.502516,0.047738,0.577001,0.651048
-0.077485,0.143101,0.48003,0.872156,-0.089347,0.044044,0.61733,0.793138,-0.502512,0.047757,0.57701,0.651042
-0.077525,0.143106,0.480001,0.872169,-0.08934,0.043975,0.617355,0.793124,-0.502502,0.047726,0.577069,0.650999
-0.077496,0.143156,0.480028,0.872148,-0.089315,0.043944,0.617383,0.793106,-0.50252,0.047667,0.5771,0.650961
-0.077489,0.143183,0.479972,0.872174,-0.089317,0.043898,0.617389,0.793104,-0.502545,0.047647,0.577109,0.650935
-0.0774,0.143166,0.479976,0.872182,-0.089332,0.043836,0.617361,0.793127,-0.502517,0.047631,0.577133,0.650935
-0.077385,0.143119,0.479979,0.872189,-0.089352,0.043845,0.617316,0.793159,-0.502519,0.047603,0.577127,0.650941
-0.077355,0.143155,0.47996,0.872196,-0.08936,0.043866,0.617276,0.793188,-0.502485,0.047617,0.577111,0.65098
-0.077345,0.143174,0.479903,0.872223,-0.089361,0.043886,0.617229,0.793222,-0.502473,0.047631,0.57704,0.651052
-0.077379,0.143177,0.479882,0.872231,-0.08938,0.043911,0.617273,0.793185,-0.502426,0.047691,0.577034,0.651089
-0.077411,0.143191,0.479881,0.872228,-0.089412,0.043909,0.617278,0.79318,-0.50245,0.047699,0.577016,0.651088
-0.077427,0.143193,0.479858,0.872237,-0.089455,0.043868,0.617325,0.793141,-0.502434,0.047677,0.577004,0.651111
-0.077481,0.143156,0.47986,0.872239,-0.089473,0.043854,0.617273,0.79318,-0.502439,0.047721,0.57699,0.651116
-0.077482,0.143161,0.479895,0.872219,-0.089489,0.04382,0.617256,0.793193,-0.502428,0.047763,0.576988,0.651125
-0.077497,0.143094,0.479926,0.872212,-0.089506,0.043802,0.61725,0.793198,-0.502393,0.047777,0.576983,0.651156
-0.077486,0.143143,0.479937,0.872199,-0.089513,0.043822,0.617282,0.79317,-0.502352,0.04779,0.576954,0.651213
-0.077491,0.143093,0.479965,0.872193,-0.089556,0.043857,0.617292,0.793157,-0.502359,0.047817,0.576941,0.651217
-0.077461,0.143098,0.479957,0.872198,-0.089583,0.043869,0.617278,0.793165,-0.502354,0.047795,0.576925,0.651235
-0.077467,0.143142,0.479957,0.87219,-0.089641,0.043859,0.617324,0.793125,-0.502327,0.047782,0.576907,0.651273
-0.077397,0.143135,0.479926,0.872213,-0.089636,0.043877,0.617383,0.793079,-0.502344,0.047789,0.576926,0.651244
-0.077381,0.143156,0.479962,0.872192,-0.089653,0.043895,0.61736,0.793094,-0.502348,0.047849,0.576889,0.651269
-0.077347,0.143197,0.47995,0.872195,-0.089673,0.043912,0.617319,0.793122,-0.502317,0.047837,0.576909,0.651276
-0.077308,0.143198,0.479906,0.872221,-0.089658,0.043905,0.617289,0.793147,-0.50231,0.047842,0.57691,0.651281
-0.077303,0.14321,0.479871,0.872237,-0.089679,0.043892,0.6173,0.793138,-0.502299,0.047891,0.576903,0.651294
-0.077328,0.143218,0.479818,0.872264,-0.089656,0.043937,0.617291,0.793145,-0.50228,0.047862,0.576936,0.65128
-0.077327,0.143218,0.479805,0.87227,-0.089698,0.043906,0.617284,0.793148,-0.502236,0.047833,0.576917,0.651332
-0.077336,0.143225,0.479837,0.872251,-0.089722,0.043938,0.617235,0.793182,-0.50223,0.047783,0.576881,0.65137
-0.077367,0.143248,0.479862,0.872231,-0.089797,0.043905,0.617226,0.793182,-0.502223,0.047804,0.576863,0.65139
-0.077329,0.14322,0.479845,0.872248,-0.089844,0.043869,0.617226,0.79318,-0.502227,0.04784,0.576858,0.651389
-0.077313,0.143222,0.479785,0.872282,-0.089817,0.043802,0.617241,0.793174,-0.502198,0.047821,0.576873,0.651399
-0.077349,0.143213,0.479775,0.872285,-0.089845,0.043783,0.617217,0.79319,-0.502205,0.047802,0.576898,0.651374
-0.07731,0.143182,0.479701,0.872332,-0.089854,0.043786,0.617235,0.793175,-0.502198,0.047776,0.576915,0.651365
-0.077277,0.143191,0.479715,0.872326,-0.089864,0.043783,0.617227,0.793181,-0.502163,0.047778,0.576909,0.651398
-0.077254,0.143171,0.479718,0.87233,-0.089874,0.043716,0.617229,0.793182,-0.502145,0.047759,0.576941,0.651383
-0.077259,0.143139,0.479734,0.872326,-0.089892,0.04366,0.617236,0.793177,-0.502159,0.04778,0.576936,0.651376
-0.077284,0.143163,0.479706,0.872335,-0.089915,0.043623,0.617205,0.793201,-0.502137,0.047779,0.576964,0.651368
-0.077254,0.143178,0.47971,0.872332,-0.089917,0.043536,0.617261,0.793162,-0.502142,0.047745,0.576976,0.651356
-0.077206,0.143199,0.479713,0.872332,-0.089951,0.043467,0.617305,0.793128,-0.502086,0.047764,0.576957,0.651414
-0.077263,0.143221,0.479724,0.872318,-0.089986,0.043437,0.617264,0.793159,-0.502062,0.047799,0.576956,0.651432
-0.077307,0.143201,0.479692,0.872334,-0.089949,0.043445,0.617212,0.793202,-0.502052,0.047797,0.576985,0.651415
-0.077289,0.143182,0.479705,0.872332,-0.089992,0.043436,0.617236,0.79318,-0.50207,0.04779,0.576958,0.651426
-0.077219,0.143191,0.479687,0.872345,-0.089976,0.043412,0.617292,0.793139,-0.50203,0.04778,0.576954,0.65146
-0.077211,0.143208,0.479665,0.872355,-0.089998,0.043434,0.617304,0.793126,-0.502005,0.0478,0.576977,0.651458
-0.077195,0.143225,0.479657,0.872358,-0.089984,0.043428,0.617257,0.793164,-0.501955,0.04788,0.576999,0.651474
-0.077186,0.143209,0.479671,0.872354,-0.089979,0.043404,0.617242,0.793177,-0.50191,0.04792,0.576956,0.651545
-0.077156,0.143172,0.47968,0.872357,-0.090015,0.043418,0.617243,0.793172,-0.501888,0.047926,0.576925,0.651588
-0.077182,0.143146,0.479712,0.872343,-0.090011,0.043406,0.617237,0.793178,-0.501946,0.047976,0.576874,0.651586
-0.077179,0.143156,0.479724,0.872334,-0.090028,0.043438,0.617208,0.793198,-0.501913,0.047979,0.5769,0.651588
-0.077208,0.143137,0.479747,0.872323,-0.090034,0.043403,0.617206,0.7932,-0.501918,0.047989,0.576891,0.651592
-0.077235,0.143128,0.479798,0.872295,-0.090035,0.04334,0.617248,0.79317,-0.501905,0.047976,0.576891,0.651603
-0.07724,0.14312,0.479861,0.872262,-0.090048,0.043366,0.617249,0.793168,-0.501886,0.047997,0.576896,0.651612
-0.077261,0.143088,0.479873,0.87226,-0.090073,0.043358,0.617253,0.793162,-0.50184,0.047975,0.576934,0.651614
-0.077245,0.143026,0.479919,0.872246,-0.0901,0.043339,0.617248,0.793165,-0.501811,0.047965,0.576928,0.651642
-0.077229,0.143042,0.479958,0.872223,-0.090109,0.043301,0.617223,0.793185,-0.50179,0.048006,0.576939,0.651646
-0.077255,0.143016,0.479936,0.872238,-0.090115,0.04328,0.617174,0.793223,-0.501797,0.048008,0.576923,0.651656
-0.077249,0.143027,0.479863,0.872275,-0.090077,0.043305,0.617151,0.793242,-0.50182,0.048017,0.57689,0.651666
-0.077264,0.143086,0.479811,0.872293,-0.090115,0.043274,0.617119,0.793265,-0.501827,0.048026,0.576869,0.651679
-0.077281,0.143076,0.479825,0.872285,-0.090106,0.043257,0.617089,0.793289,-0.501844,0.048071,0.576871,0.651661
-0.077264,0.143085,0.479838,0.872279,-0.090118,0.043236,0.617091,0.793288,-0.501836,0.048068,0.576872,0.651668
-0.077251,0.143098,0.479931,0.872228,-0.090133,0.043225,0.617077,0.793299,-0.501825,0.048028,0.576858,0.651691
-0.077224,0.143116,0.479989,0.872196,-0.090136,0.043265,0.617158,0.793235,-0.501841,0.048047,0.576848,0.651687
-0.077196,0.143112,0.48002,0.872182,-0.09017,0.04325,0.617149,0.793237,-0.501845,0.048045,0.576834,0.651695
-0.077264,0.143132,0.479985,0.872193,-0.090138,0.043236,0.617105,0.793276,-0.501817,0.048081,0.576858,0.651694
-0.077232,0.143087,0.479968,0.872211,-0.090111,0.043232,0.617083,0.793295,-0.501818,0.048106,0.576845,0.651704
-0.077229,0.143109,0.479976,0.872204,-0.090111,0.043237,0.61709,0.793289,-0.501833,0.048118,0.576841,0.651694
-0.077254,0.143104,0.479974,0.872203,-0.090127,0.043241,0.617107,0.793275,-0.501781,0.04806,0.576882,0.651701
-0.07723,0.143061,0.479998,0.8722,-0.09013,0.043242,0.617138,0.79325,-0.501744,0.048029,0.576935,0.651685
-0.077186,0.143088,0.47997,0.872213,-0.090186,0.043259,0.61717,0.793219,-0.501732,0.048017,0.57696,0.651672
-0.077193,0.14311,0.479954,0.872218,-0.090178,0.043268,0.617155,0.793231,-0.501748,0.047981,0.576956,0.651665
-0.077171,0.143116,0.479948,0.872222,-0.090184,0.043216,0.617124,0.793257,-0.501727,0.047967,0.576979,0.651661
-0.077164,0.143156,0.479871,0.872257,-0.090181,0.043214,0.617154,0.793234,-0.501722,0.047917,0.576975,0.651671
-0.077149,0.143174,0.479827,0.872278,-0.090206,0.043248,0.617178,0.793213,-0.501698,0.047897,0.576971,0.651694
-0.077137,0.143183,0.479828,0.872277,-0.09024,0.043216,0.617216,0.793182,-0.501715,0.047901,0.576961,0.651691
-0.077125,0.143147,0.479826,0.872286,-0.090223,0.04319,0.617223,0.793179,-0.50169,0.04787,0.576956,0.651716
-0.077147,0.143165,0.479865,0.872259,-0.090274,0.043204,0.617227,0.793171,-0.501666,0.047852,0.576972,0.65172
-0.077156,0.143158,0.479868,0.872259,-0.090228,0.043169,0.617241,0.793165,-0.501648,0.04783,0.576961,0.651744
-0.077132,0.143181,0.479901,0.872239,-0.090162,0.04316,0.617216,0.793193,-0.501629,0.047821,0.576959,0.65176
-0.077087,0.143194,0.479909,0.872236,-0.090126,0.043181,0.617239,0.793176,-0.501595,0.047806,0.576967,0.651782
-0.077129,0.143177,0.479878,0.872252,-0.090164,0.043166,0.617187,0.793213,-0.501569,0.04775,0.577012,0.651763
-0.077095,0.143143,0.479933,0.872231,-0.090125,0.043201,0.617185,0.793217,-0.501564,0.047702,0.577031,0.651753
-0.077054,0.143101,0.479927,0.872243,-0.090126,0.043196,0.617185,0.793217,-0.501544,0.047761,0.577053,0.651746
-0.077039,0.143098,0.479921,0.872249,-0.090122,0.043186,0.617262,0.793159,-0.501509,0.047725,0.577122,0.651713
-0.077069,0.143093,0.479939,0.872238,-0.09011,0.043197,0.617312,0.793121,-0.501479,0.047707,0.577124,0.651736
-0.077117,0.143161,0.479963,0.87221,-0.090089,0.043203,0.617356,0.793089,-0.501461,0.047723,0.577154,0.651723
-0.07717,0.143148,0.479967,0.872207,-0.090106,0.043169,0.617395,0.793059,-0.501476,0.047679,0.577152,0.651716
-0.077182,0.143161,0.479962,0.872206,-0.090132,0.043152,0.617383,0.793067,-0.501471,0.047672,0.577146,0.651724
-0.077185,0.143143,0.47993,0.872226,-0.09016,0.043182,0.617375,0.793068,-0.501472,0.04762,0.577152,0.651721
-0.07721,0.143161,0.479922,0.872226,-0.090144,0.043227,0.617314,0.793115,-0.501473,0.047636,0.577139,0.651731
-0.077172,0.143116,0.479944,0.872224,-0.090132,0.043194,0.6173,0.793128,-0.501477,0.047619,0.577118,0.651747
-0.077206,0.143106,0.479918,0.872237,-0.090155,0.043173,0.617313,0.793117,-0.501488,0.047631,0.577051,0.651796
-0.07721,0.143071,0.479931,0.872235,-0.090165,0.043218,0.617345,0.79309,-0.501485,0.047684,0.577034,0.651811
-0.077224,0.143098,0.479988,0.872199,-0.090183,0.0432,0.617345,0.793089,-0.501461,0.047698,0.577037,0.651827
-0.077227,0.143055,0.479959,0.872221,-0.090223,0.043216,0.617344,0.793085,-0.5015,0.047691,0.576971,0.651854
-0.077203,0.143022,0.479928,0.872244,-0.090254,0.043176,0.617368,0.793065,-0.501518,0.047678,0.576969,0.651843
-0.077224,0.143008,0.479934,0.872243,-0.090233,0.043133,0.617344,0.793087,-0.501486,0.04767,0.576978,0.651861
-0.077156,0.143014,0.479924,0.872252,-0.090258,0.043121,0.617302,0.793118,-0.501456,0.047689,0.576981,0.651881
-0.077164,0.14297,0.479906,0.872268,-0.090254,0.043129,0.617272,0.793142,-0.501462,0.047715,0.576981,0.651873
-0.07712,0.142985,0.479939,0.872251,-0.090283,0.04309,0.617231,0.793171,-0.501447,0.047704,0.576995,0.651873
-0.077122,0.142943,0.479913,0.872272,-0.090254,0.043083,0.617183,0.793211,-0.501428,0.047681,0.577042,0.651849
-0.077082,0.142918,0.479836,0.87232,-0.090277,0.043109,0.617198,0.793197,-0.501394,0.047646,0.577032,0.651885
-0.077072,0.142964,0.479804,0.872331,-0.090291,0.043131,0.617144,0.793235,-0.501389,0.047663,0.577037,0.651884
-0.077031,0.142945,0.479785,0.872347,-0.09031,0.04307,0.617131,0.793247,-0.501369,0.047666,0.57704,0.651896
-0.076996,0.142917,0.479752,0.872372,-0.090321,0.043044,0.617143,0.793238,-0.50138,0.047639,0.577046,0.651884
-0.076975,0.142925,0.479785,0.872354,-0.090318,0.043062,0.617162,0.793223,-0.501379,0.047607,0.577063,0.651872
-0.076944,0.142934,0.4798,0.872347,-0.090301,0.04303,0.617151,0.793234,-0.501399,0.047585,0.577077,0.651843
-0.076861,0.142949,0.479836,0.872332,-0.090324,0.04303,0.617134,0.793245,-0.50145,0.047578,0.577086,0.651797
-0.07688,0.142918,0.479873,0.872315,-0.090353,0.043012,0.617113,0.793259,-0.50145,0.047637,0.57706,0.651818
-0.076892,0.142944,0.479902,0.872295,-0.090324,0.043035,0.617154,0.79323,-0.501437,0.047669,0.577054,0.651832
-0.076897,0.142946,0.479872,0.872311,-0.090375,0.043048,0.617158,0.79322,-0.501461,0.04772,0.576955,0.651898
-0.076909,0.14297,0.479817,0.872335,-0.090398,0.043069,0.61716,0.793216,-0.50145,0.047771,0.576941,0.651915
-0.076926,0.142942,0.47979,0.872352,-0.090403,0.043048,0.617168,0.79321,-0.501439,0.047795,0.576889,0.651969
-0.076922,0.142941,0.47976,0.872368,-0.090414,0.043068,0.617115,0.793249,-0.501427,0.047772,0.57689,0.651978
-0.076923,0.142901,0.47979,0.872359,-0.090408,0.043061,0.617065,0.793288,-0.501444,0.047734,0.576844,0.652007
-0.076903,0.142893,0.479802,0.872356,-0.090415,0.043063,0.617038,0.793308,-0.501408,0.047687,0.576857,0.652025
-0.076879,0.14287,0.479861,0.87233,-0.090416,0.043034,0.617012,0.79333,-0.501379,0.047733,0.576869,0.652034
-0.076891,0.142875,0.479912,0.872301,-0.090421,0.043055,0.617026,0.793318,-0.501356,0.047749,0.576921,0.652005
-0.076913,0.142848,0.479922,0.872299,-0.090422,0.043055,0.617038,0.793308,-0.501334,0.047806,0.576904,0.652035
-0.076921,0.142843,0.479897,0.872312,-0.090478,0.043031,0.616999,0.793334,-0.501356,0.047822,0.576899,0.652022
-0.076889,0.142787,0.47992,0.87231,-0.090505,0.043035,0.616993,0.793335,-0.501369,0.047806,0.576868,0.652039
-0.076878,0.142819,0.479913,0.87231,-0.09051,0.043023,0.616996,0.793334,-0.501346,0.047839,0.576898,0.65203
-0.07682,0.142879,0.479881,0.872322,-0.090502,0.043056,0.617002,0.793328,-0.501346,0.047862,0.576893,0.652034
-0.076769,0.142959,0.479913,0.872296,-0.090503,0.043033,0.617046,0.793295,-0.501329,0.047881,0.576892,0.652046
-0.076754,0.143005,0.479901,0.872296,-0.090518,0.043086,0.617027,0.793306,-0.501327,0.047907,0.576893,0.652046
-0.076749,0.143045,0.479888,0.872297,-0.090529,0.043122,0.617032,0.793299,-0.501331,0.047919,0.576916,0.652023
-0.076764,0.143058,0.479867,0.872305,-0.090533,0.043125,0.617098,0.793248,-0.501345,0.047971,0.576897,0.652027
-0.076793,0.143067,0.479871,0.872299,-0.090545,0.043125,0.617096,0.793248,-0.501332,0.047947,0.576877,0.652055
-0.076833,0.14306,0.479862,0.872302,-0.090541,0.043122,0.617054,0.79328,-0.501281,0.047973,0.576889,0.652082
-0.076807,0.143039,0.479885,0.872295,-0.090532,0.043116,0.617091,0.793254,-0.501246,0.047967,0.576956,0.652051
-0.076792,0.14301,0.47989,0.872299,-0.090524,0.043088,0.617112,0.79324,-0.501243,0.047951,0.576961,0.652049
-0.076785,0.142965,0.479923,0.872288,-0.090527,0.043056,0.617147,0.793215,-0.501222,0.047913,0.576994,0.652038
-0.076776,0.142942,0.479925,0.872292,-0.090553,0.043038,0.617193,0.793177,-0.501206,0.047868,0.577015,0.652034
-0.076764,0.142964,0.479924,0.87229,-0.09052,0.043039,0.617178,0.793192,-0.501203,0.047833,0.577007,0.652043
-0.076736,0.143006,0.479881,0.872308,-0.090567,0.043089,0.617191,0.793175,-0.501212,0.047856,0.576988,0.652054
-0.076714,0.143016,0.479839,0.872331,-0.090628,0.043071,0.617197,0.793165,-0.501218,0.047858,0.576987,0.652049
-0.076709,0.143047,0.479791,0.872351,-0.090644,0.043077,0.617173,0.793182,-0.501199,0.047864,0.576991,0.65206
-0.076687,0.143054,0.479743,0.872378,-0.090682,0.043102,0.617146,0.793198,-0.5012,0.047844,0.577007,0.652047
-0.07662,0.142994,0.479717,0.872406,-0.090664,0.043102,0.617157,0.793191,-0.501223,0.047899,0.577015,0.652019
-0.07661,0.143016,0.479736,0.872393,-0.090589,0.043075,0.617167,0.793192,-0.50125,0.047868,0.577047,0.651972
-0.07663,0.142992,0.479792,0.872365,-0.090559,0.043086,0.617177,0.793186,-0.501272,0.047834,0.577047,0.651957
-0.07658,0.142982,0.479791,0.872372,-0.09054,0.043048,0.617222,0.793156,-0.501248,0.047823,0.577071,0.651954
-0.076585,0.142992,0.479769,0.872382,-0.090534,0.043091,0.617178,0.793188,-0.501248,0.047832,0.577035,0.651986
-0.07658,0.143057,0.47973,0.872392,-0.090544,0.043054,0.617209,0.793165,-0.501219,0.047871,0.577029,0.652011
-0.076629,0.143066,0.479726,0.87239,-0.090568,0.04303,0.617255,0.793128,-0.501187,0.047891,0.577023,0.65204
-0.076644,0.14307,0.479701,0.872401,-0.090557,0.043054,0.61722,0.793155,-0.501195,0.047934,0.577002,0.65205
-0.076623,0.143099,0.479667,0.872417,-0.090534,0.043052,0.61725,0.793135,-0.501211,0.047961,0.577002,0.652038
-0.076597,0.143128,0.479691,0.8724,-0.090571,0.043098,0.617206,0.793163,-0.501196,0.047936,0.577041,0.652015
-0.076573,0.143102,0.479739,0.87238,-0.090569,0.043059,0.617232,0.793145,-0.501139,0.047914,0.577093,0.652014
-0.076586,0.143062,0.479763,0.872374,-0.090568,0.04303,0.617226,0.793151,-0.501094,0.047906,0.577105,0.652039
-0.076594,0.143065,0.479736,0.872386,-0.09054,0.042997,0.617225,0.793156,-0.50112,0.047905,0.57709,0.652032
-0.076578,0.143042,0.479733,0.872393,-0.090538,0.042961,0.617206,0.793172,-0.501106,0.047939,0.577086,0.652045
-0.076593,0.143051,0.479746,0.872383,-0.090541,0.042956,0.617188,0.793187,-0.501042,0.047938,0.577097,0.652084
-0.07659,0.143057,0.479738,0.872387,-0.090483,0.042936,0.617211,0.793175,-0.501024,0.04791,0.577113,0.652085
-0.07661,0.143093,0.479739,0.872379,-0.090455,0.042955,0.617209,0.793178,-0.501062,0.047897,0.5771,0.652067
-0.076638,0.143085,0.479741,0.872378,-0.09046,0.0429,0.617188,0.793197,-0.501035,0.047885,0.577112,0.65208
-0.076655,0.143066,0.47968,0.872412,-0.090466,0.042872,0.61715,0.793227,-0.501082,0.047926,0.577084,0.652066
-0.076673,0.143079,0.479704,0.872395,-0.090478,0.04288,0.617145,0.793229,-0.501088,0.047896,0.577113,0.652038
-0.076688,0.143041,0.479711,0.872397,-0.090472,0.042885,0.617133,0.793238,-0.501074,0.047922,0.577118,0.652042
-0.076666,0.143085,0.479686,0.872405,-0.090489,0.042937,0.617112,0.79325,-0.501069,0.047942,0.577152,0.652016
-0.076701,0.143114,0.479682,0.8724,-0.090518,0.042942,0.617143,0.793223,-0.501072,0.047969,0.577142,0.65202
-0.076649,0.143148,0.479656,0.872413,-0.090502,0.042968,0.617142,0.793225,-0.501086,0.047995,0.577106,0.65204
-0.076657,0.14317,0.479633,0.87242,-0.090487,0.04296,0.617135,0.793231,-0.501082,0.04801,0.577075,0.652069
-0.076683,0.143204,0.479649,0.872404,-0.09054,0.042994,0.617119,0.793237,-0.501079,0.048023,0.577068,0.652079
-0.076711,0.143178,0.479673,0.872393,-0.09054,0.042975,0.617096,0.793256,-0.50107,0.048031,0.577026,0.652121
-0.07666,0.143225,0.479658,0.872398,-0.090606,0.042997,0.617085,0.793257,-0.50109,0.048032,0.576996,0.652132
-0.076656,0.143258,0.479649,0.872398,-0.090624,0.043024,0.617082,0.793257,-0.501111,0.048052,0.57701,0.652103
-0.076666,0.143228,0.479634,0.87241,-0.090667,0.042963,0.617081,0.793255,-0.501134,0.048082,0.577016,0.652078
-0.076624,0.143197,0.479677,0.872395,-0.090673,0.042956,0.617079,0.793257,-0.501176,0.048077,0.577047,0.652019
-0.076645,0.143158,0.479689,0.872393,-0.090681,0.042965,0.617049,0.793279,-0.501199,0.048031,0.577047,0.652004
-0.076636,0.143082,0.479742,0.872377,-0.090646,0.042919,0.61703,0.7933,-0.501183,0.048022,0.577092,0.651977
-0.076631,0.143106,0.479692,0.8724,-0.090619,0.042906,0.617075,0.793267,-0.501174,0.048002,0.577107,0.651972
-0.076691,0.143062,0.479699,0.872399,-0.090617,0.042933,0.617119,0.793233,-0.50116,0.048071,0.577127,0.651961
-0.076677,0.143076,0.479745,0.872374,-0.090561,0.0429,0.617089,0.793263,-0.501158,0.048097,0.577116,0.651972
-0.076671,0.143127,0.479741,0.872368,-0.090553,0.042917,0.61708,0.79327,-0.501129,0.048142,0.577093,0.652012
-0.076704,0.143181,0.479764,0.872345,-0.090575,0.042939,0.617087,0.793262,-0.501114,0.04813,0.577048,0.652064
-0.076689,0.143201,0.479738,0.872357,-0.09063,0.042955,0.617093,0.79325,-0.501098,0.048076,0.577046,0.652081
-0.076689,0.143222,0.479684,0.872383,-0.09067,0.042984,0.617067,0.793265,-0.501101,0.048072,0.576995,0.652123
-0.076688,0.143238,0.479651,0.872398,-0.09067,0.043001,0.617024,0.793296,-0.501128,0.048116,0.576955,0.652135
-0.076716,0.143221,0.479638,0.872405,-0.090646,0.042983,0.61698,0.793335,-0.501096,0.048149,0.57696,0.652154
-0.076711,0.1432,0.479636,0.87241,-0.090687,0.042981,0.616975,0.793334,-0.501069,0.048146,0.576978,0.65216
-0.07669,0.143195,0.479707,0.872374,-0.090656,0.042994,0.616976,0.793336,-0.501017,0.048177,0.577056,0.652129
-0.076643,0.143194,0.479741,0.87236,-0.090659,0.042964,0.61698,0.793334,-0.501005,0.048203,0.577055,0.652137
-0.076626,0.143227,0.479836,0.872306,-0.090661,0.042968,0.616969,0.793343,-0.500964,0.048221,0.577097,0.652132
-0.076645,0.143268,0.479889,0.872268,-0.090647,0.042988,0.617005,0.793316,-0.50096,0.048304,0.577073,0.652152
-0.076659,0.143256,0.479859,0.872286,-0.090629,0.042929,0.617053,0.793283,-0.500946,0.048326,0.577121,0.65212
-0.076631,0.1433,0.479856,0.872282,-0.090603,0.042901,0.617082,0.793264,-0.500934,0.048364,0.577092,0.652152
-0.076564,0.143342,0.479874,0.872271,-0.09062,0.042905,0.617073,0.793269,-0.500946,0.04841,0.577088,0.652146
-0.076632,0.143338,0.479913,0.872245,-0.090654,0.042899,0.617086,0.793256,-0.500943,0.048389,0.577113,0.652126
-0.076663,0.143392,0.479876,0.872254,-0.090642,0.042953,0.617094,0.793249,-0.500914,0.048372,0.577099,0.652161
-0.076633,0.143442,0.479844,0.872265,-0.090664,0.042972,0.617132,0.793217,-0.500919,0.048387,0.57711,0.652148
-0.076624,0.14345,0.479869,0.872252,-0.090642,0.042991,0.617149,0.793204,-0.500915,0.048406,0.577124,0.652138
-0.076664,0.143438,0.479845,0.872264,-0.090623,0.042936,0.6171,0.793248,-0.500907,0.048369,0.577105,0.652161
-0.076656,0.143404,0.479831,0.872277,-0.090649,0.042933,0.61705,0.793282,-0.500892,0.048269,0.57712,0.652165
-0.076632,0.143406,0.479813,0.872288,-0.090644,0.042899,0.617048,0.793286,-0.500908,0.048296,0.577127,0.652146
-0.076614,0.143378,0.479809,0.872296,-0.090616,0.042864,0.616942,0.793372,-0.500881,0.048286,0.57714,0.652155
-0.076654,0.143395,0.479747,0.872324,-0.090567,0.042875,0.616908,0.793403,-0.500876,0.048299,0.577119,0.652176
-0.076655,0.143391,0.479709,0.872344,-0.09056,0.042873,0.616922,0.793393,-0.500893,0.048253,0.577131,0.652155
-0.076702,0.143392,0.479698,0.872347,-0.090567,0.042923,0.616914,0.793396,-0.500866,0.048235,0.577128,0.652179
-0.076687,0.143368,0.47976,0.872319,-0.090564,0.042903,0.61692,0.793392,-0.500853,0.048239,0.577147,0.652172
-0.076708,0.143381,0.479777,0.872306,-0.090576,0.042905,0.616947,0.79337,-0.500817,0.048206,0.577136,0.652211
-0.076749,0.143377,0.479757,0.872313,-0.090563,0.042878,0.61699,0.79334,-0.500818,0.0482,0.577167,0.652184
-0.076725,0.143381,0.479754,0.872317,-0.090552,0.042865,0.617018,0.79332,-0.500861,0.048228,0.577118,0.652192
-0.076712,0.143401,0.479791,0.872294,-0.090549,0.042827,0.617022,0.793319,-0.500863,0.048194,0.577078,0.652226
-0.076733,0.143377,0.479788,0.872298,-0.090558,0.042844,0.616999,0.793335,-0.500853,0.048122,0.577084,0.652232
-0.076734,0.143363,0.479789,0.8723,-0.090564,0.042891,0.616986,0.793342,-0.500834,0.048096,0.577065,0.652264
-0.076721,0.143349,0.479811,0.872292,-0.090567,0.042836,0.617056,0.79329,-0.500848,0.048074,0.57704,0.652277
-0.076761,0.143388,0.479784,0.872297,-0.090586,0.04281,0.61707,0.79328,-0.50084,0.048046,0.576987,0.652331
-0.076751,0.143381,0.479769,0.872307,-0.090584,0.042823,0.617075,0.793275,-0.500849,0.048101,0.576935,0.652365
-0.076746,0.143394,0.47974,0.872321,-0.090608,0.042823,0.617071,0.793276,-0.50084,0.048055,0.576933,0.652378
-0.076765,0.143367,0.479763,0.872311,-0.090618,0.042819,0.61707,0.793276,-0.500835,0.048095,0.576943,0.65237
-0.076784,0.143374,0.479755,0.872313,-0.09062,0.042819,0.617054,0.793288,-0.500823,0.048063,0.576948,0.652375
-0.076776,0.143373,0.479733,0.872325,-0.090614,0.042825,0.617026,0.79331,-0.500827,0.048051,0.576945,0.652377
-0.07675,0.143361,0.47973,0.87233,-0.090615,0.042815,0.616997,0.793333,-0.500845,0.048071,0.576949,0.652358
-0.076793,0.143411,0.479728,0.87232,-0.090628,0.042818,0.617007,0.793323,-0.500861,0.048084,0.576965,0.652332
-0.076812,0.14341,0.479731,0.872318,-0.090663,0.042825,0.617021,0.793309,-0.500844,0.048079,0.576979,0.652333
-0.076825,0.143413,0.479748,0.872307,-0.090673,0.042837,0.617098,0.793248,-0.500903,0.04808,0.577001,0.652268
-0.076812,0.143438,0.479722,0.872318,-0.090699,0.042871,0.617118,0.79323,-0.500893,0.04808,0.576997,0.65228
-0.076829,0.143508,0.479696,0.87232,-0.090701,0.042832,0.617112,0.793235,-0.500866,0.048095,0.576945,0.652345
-0.07683,0.143528,0.479639,0.872347,-0.090713,0.042873,0.6171,0.79324,-0.500872,0.04811,0.576959,0.652328
-0.076825,0.143545,0.479598,0.872366,-0.090741,0.042915,0.617028,0.793292,-0.500841,0.048128,0.576934,0.652372
-0.076846,0.14357,0.479615,0.872351,-0.090702,0.042985,0.616991,0.793321,-0.500841,0.048138,0.576926,0.652378
-0.076809,0.143568,0.479589,0.872369,-0.090728,0.043026,0.616982,0.793323,-0.500888,0.048116,0.576887,0.652378
-0.076765,0.143598,0.479629,0.872346,-0.090747,0.043006,0.616937,0.793356,-0.500891,0.048096,0.576916,0.652352
-0.076733,0.143556,0.479666,0.872335,-0.090744,0.043073,0.617,0.793305,-0.500886,0.048065,0.576956,0.652321
-0.076702,0.143519,0.479646,0.872355,-0.09071,0.043023,0.617012,0.793301,-0.500857,0.047999,0.576946,0.652355
-0.076664,0.143509,0.47959,0.872389,-0.090701,0.043021,0.616987,0.793322,-0.500844,0.04798,0.576932,0.652378
-0.076723,0.143544,0.479573,0.872388,-0.090699,0.043004,0.616988,0.793322,-0.50083,0.04801,0.576982,0.652344
-0.07673,0.143527,0.479551,0.872401,-0.090694,0.042937,0.617013,0.793306,-0.500843,0.048046,0.576969,0.652344
-0.076771,0.143581,0.479555,0.872387,-0.090752,0.042966,0.616963,0.793337,-0.500828,0.048076,0.576919,0.652397
-0.076727,0.143607,0.479585,0.87237,-0.090755,0.042981,0.616985,0.79332,-0.500833,0.048124,0.576895,0.652414
-0.076735,0.14369,0.479541,0.87238,-0.090745,0.042969,0.616963,0.793338,-0.500846,0.04809,0.576892,0.652407
-0.076749,0.143712,0.479557,0.872367,-0.090755,0.042974,0.616974,0.79333,-0.500842,0.048065,0.576898,0.652406
-0.076728,0.143739,0.479549,0.872369,-0.090778,0.042963,0.616978,0.793324,-0.500827,0.04807,0.576952,0.65237
-0.076717,0.143704,0.479538,0.872381,-0.090734,0.042995,0.617049,0.793273,-0.500852,0.048093,0.57699,0.652317
-0.07669,0.143636,0.47952,0.872403,-0.09072,0.042956,0.617039,0.793283,-0.500829,0.048063,0.577037,0.652294
-0.076693,0.143592,0.479545,0.872397,-0.090689,0.042965,0.617068,0.793263,-0.500842,0.048084,0.577015,0.652302
-0.076651,0.143556,0.47956,0.872398,-0.090747,0.043004,0.617066,0.793258,-0.500836,0.048103,0.577045,0.652281
-0.076626,0.143546,0.479518,0.872423,-0.090743,0.043,0.617033,0.793284,-0.500827,0.048121,0.577041,0.65229
-0.076595,0.14355,0.479452,0.872461,-0.090751,0.042993,0.617009,0.793301,-0.500764,0.048121,0.577076,0.652307
-0.076591,0.143553,0.479455,0.872459,-0.090706,0.042977,0.616986,0.793324,-0.500749,0.04822,0.57708,0.652311
-0.07658,0.143536,0.479448,0.872466,-0.090725,0.042985,0.617027,0.79329,-0.500707,0.04825,0.577057,0.652362
-0.07655,0.143515,0.47941,0.872491,-0.09074,0.042951,0.617027,0.793291,-0.500698,0.048273,0.577033,0.652389
-0.076539,0.143502,0.479389,0.872505,-0.090787,0.042974,0.617018,0.793292,-0.500637,0.048287,0.577068,0.652403
-0.076557,0.143472,0.479368,0.872521,-0.090832,0.042991,0.616975,0.793319,-0.500657,0.048288,0.577054,0.6524
-0.076575,0.143447,0.479342,0.872537,-0.090846,0.043017,0.616966,0.793324,-0.500616,0.04828,0.577073,0.652417
-0.076525,0.143507,0.479307,0.87255,-0.090851,0.043059,0.616981,0.793311,-0.50062,0.048286,0.577067,0.652417
-0.076518,0.14352,0.479338,0.872532,-0.090868,0.043101,0.61702,0.793277,-0.5006,0.04822,0.577121,0.652389
-0.076543,0.143494,0.479311,0.872548,-0.090862,0.043107,0.617011,0.793283,-0.500513,0.048215,0.577167,0.652416
-0.076565,0.143485,0.479319,0.872544,-0.090909,0.043124,0.617023,0.793269,-0.500495,0.048235,0.577168,0.652427
-0.076569,0.143508,0.479338,0.87253,-0.090921,0.043112,0.617009,0.79328,-0.500487,0.048284,0.57716,0.652439
-0.076542,0.143495,0.479359,0.872523,-0.090893,0.04311,0.617053,0.793248,-0.500487,0.048308,0.577177,0.652422
-0.076525,0.143499,0.479358,0.872524,-0.090879,0.043104,0.617114,0.793203,-0.50051,0.048324,0.577171,0.652409
-0.076528,0.143497,0.479365,0.872521,-0.090891,0.043113,0.617186,0.793145,-0.500501,0.04833,0.577219,0.652374
-0.076508,0.143467,0.479381,0.872518,-0.09086,0.043139,0.617226,0.793117,-0.500518,0.048324,0.577222,0.652358
-0.076566,0.143485,0.479346,0.87253,-0.090879,0.043166,0.617223,0.793117,-0.500523,0.048329,0.577204,0.652369
-0.076632,0.143498,0.479339,0.872526,-0.09088,0.043113,0.617215,0.793125,-0.500495,0.048356,0.577179,0.652413
-0.076631,0.143481,0.479337,0.87253,-0.090876,0.043128,0.617227,0.793115,-0.500458,0.048348,0.577218,0.652406
-0.076611,0.143465,0.479322,0.872542,-0.090905,0.043154,0.617178,0.793149,-0.500447,0.048328,0.577218,0.652415
-0.076635,0.143476,0.4793,0.87255,-0.090962,0.043159,0.617175,0.793146,-0.500445,0.04831,0.577233,0.652405
-0.076655,0.143409,0.479333,0.872542,-0.090921,0.043167,0.617171,0.793153,-0.500436,0.048312,0.577193,0.652447
-0.076672,0.143462,0.47936,0.872518,-0.090908,0.043152,0.617227,0.793111,-0.500416,0.04825,0.577163,0.652492
-0.076677,0.143445,0.479366,0.872518,-0.090848,0.043083,0.617221,0.793125,-0.500401,0.048262,0.577135,0.652526
-0.076684,0.14342,0.479358,0.872524,-0.090826,0.04302,0.617229,0.793123,-0.500426,0.048267,0.577102,0.652535
-0.076799,0.143484,0.479319,0.872527,-0.090775,0.042988,0.617245,0.793118,-0.500413,0.048294,0.577063,0.652579
-0.076827,0.143505,0.479272,0.872547,-0.090817,0.042939,0.617235,0.793125,-0.500398,0.048345,0.577049,0.6526
-0.07687,0.143519,0.479252,0.872552,-0.090806,0.042975,0.617199,0.793151,-0.500444,0.048396,0.577014,0.652593
-0.076873,0.143515,0.479215,0.872573,-0.090843,0.042985,0.617199,0.793148,-0.500459,0.048343,0.577009,0.652589
-0.076898,0.143505,0.479206,0.872576,-0.090867,0.04296,0.617221,0.79313,-0.500423,0.04831,0.577002,0.652624
-0.076843,0.143461,0.479269,0.872554,-0.090875,0.042976,0.617197,0.793146,-0.500438,0.048257,0.577008,0.652609
-0.076842,0.14343,0.479254,0.872567,-0.090836,0.04299,0.617162,0.793176,-0.500438,0.048289,0.576974,0.652638
-0.076861,0.14335,0.479284,0.872562,-0.090833,0.043007,0.617155,0.79318,-0.500428,0.048284,0.577009,0.652614
-0.076852,0.143333,0.479327,0.872543,-0.09086,0.042945,0.617157,0.793179,-0.500389,0.048245,0.577031,0.652628
-0.076851,0.143343,0.47929,0.872561,-0.090851,0.042977,0.617146,0.793187,-0.500379,0.048324,0.577021,0.65264
-0.076903,0.143333,0.479278,0.872565,-0.090868,0.042958,0.617171,0.793167,-0.500407,0.048344,0.576985,0.65265
-0.076908,0.143317,0.479224,0.872595,-0.090857,0.042904,0.617123,0.793207,-0.500408,0.048341,0.57699,0.652645
-0.076916,0.143329,0.479195,0.872609,-0.090832,0.04287,0.617066,0.793256,-0.500409,0.048319,0.576975,0.652657
-0.076882,0.143328,0.479169,0.872625,-0.090843,0.042887,0.617077,0.793246,-0.500367,0.048317,0.57698,0.652686
-0.076862,0.143365,0.479214,0.872597,-0.090869,0.042869,0.617095,0.79323,-0.500373,0.048338,0.576937,0.652717
-0.076843,0.143372,0.479203,0.872604,-0.090862,0.042872,0.6171,0.793226,-0.500357,0.048358,0.576953,0.652714
-0.076818,0.143403,0.479199,0.872602,-0.090854,0.042909,0.617139,0.793196,-0.500325,0.04835,0.576938,0.652753
-0.076792,0.143398,0.479192,0.872609,-0.090843,0.042885,0.61713,0.793204,-0.5003,0.048313,0.576956,0.652757
-0.0768,0.143351,0.479163,0.872631,-0.090884,0.042852,0.61711,0.793217,-0.500286,0.048333,0.576903,0.652814
-0.076782,0.143349,0.479132,0.87265,-0.090852,0.04278,0.617151,0.793193,-0.500303,0.048345,0.576866,0.652834
-0.076763,0.143345,0.479111,0.872663,-0.090875,0.042757,0.617155,0.793189,-0.500318,0.048403,0.576841,0.65284
-0.076751,0.143385,0.479178,0.872622,-0.090871,0.042765,0.617159,0.793185,-0.500304,0.048369,0.576834,0.652859
-0.076735,0.143413,0.479187,0.872613,-0.090837,0.042842,0.61712,0.793215,-0.50032,0.048371,0.576821,0.652858
-0.076679,0.143464,0.479199,0.872604,-0.090863,0.042859,0.617142,0.793195,-0.50033,0.048367,0.576855,0.652821
-0.07672,0.143483,0.479199,0.872597,-0.090842,0.042818,0.617169,0.793178,-0.500315,0.048323,0.576844,0.652843
-0.076731,0.143483,0.479161,0.872617,-0.090845,0.042816,0.617163,0.793183,-0.500304,0.048305,0.576861,0.652838
-0.07673,0.143509,0.479124,0.872632,-0.090824,0.042812,0.617153,0.793192,-0.500317,0.048323,0.576846,0.65284
-0.076742,0.143501,0.479123,0.872633,-0.090802,0.042802,0.617157,0.793192,-0.500338,0.048334,0.576857,0.652814
-0.076732,0.143415,0.479124,0.872646,-0.090813,0.042808,0.617137,0.793206,-0.500354,0.048341,0.576888,0.652775
-0.076739,0.143392,0.479162,0.87263,-0.090865,0.042825,0.617144,0.793194,-0.500356,0.048354,0.576871,0.652788
-0.076729,0.14337,0.479176,0.872627,-0.090858,0.042793,0.617072,0.793253,-0.500375,0.048374,0.576892,0.652754
-0.076715,0.143374,0.479216,0.872606,-0.090882,0.042789,0.617108,0.793222,-0.500351,0.048359,0.576913,0.652754
-0.076697,0.143377,0.479225,0.872602,-0.090884,0.042751,0.617098,0.793233,-0.50037,0.04839,0.576922,0.652731
-0.0767,0.143367,0.479216,0.872608,-0.090911,0.042786,0.617123,0.793209,-0.500362,0.048389,0.576916,0.652742
-0.07669,0.143373,0.479205,0.872613,-0.090938,0.042775,0.617112,0.793215,-0.500339,0.048427,0.576922,0.652752
-0.076637,0.143342,0.479208,0.872621,-0.090946,0.042767,0.617102,0.793222,-0.500302,0.048418,0.577006,0.652708
-0.07669,0.143308,0.479154,0.872652,-0.090934,0.042743,0.617123,0.793209,-0.500292,0.048392,0.57702,0.652704
-0.0767,0.14327,0.479142,0.872663,-0.090958,0.042742,0.617133,0.793199,-0.50028,0.048393,0.57703,0.652705
-0.076739,0.14323,0.479129,0.872673,-0.090965,0.042752,0.617192,0.793151,-0.500309,0.04839,0.576995,0.652713
-0.076704,0.14324,0.479102,0.872689,-0.090968,0.042746,0.617154,0.793181,-0.500278,0.048394,0.577013,0.652722
-0.076702,0.143256,0.47903,0.872725,-0.090965,0.042804,0.617219,0.793129,-0.500232,0.048456,0.577067,0.652707
-0.076738,0.143279,0.479022,0.872723,-0.090984,0.042844,0.617178,0.793156,-0.500217,0.048508,0.577066,0.652716
-0.076773,0.143287,0.479084,0.872686,-0.090984,0.042854,0.61715,0.793177,-0.500201,0.04853,0.577052,0.65274
-0.076784,0.143294,0.479111,0.872669,-0.091026,0.04285,0.617097,0.793214,-0.500176,0.04851,0.577089,0.652728
-0.07679,0.143301,0.479169,0.872637,-0.091064,0.042829,0.617056,0.793243,-0.500133,0.048461,0.577089,0.652763
-0.07673,0.143317,0.479139,0.872655,-0.091097,0.04283,0.617044,0.793249,-0.50011,0.048452,0.577096,0.652773
-0.076741,0.143287,0.479148,0.872654,-0.091125,0.042839,0.617018,0.793266,-0.500084,0.048503,0.577106,0.652784
-0.076778,0.143243,0.479139,0.872664,-0.091145,0.042875,0.617007,0.793271,-0.500017,0.048495,0.577112,0.65283
-0.076741,0.143233,0.47914,0.872667,-0.091134,0.042848,0.616995,0.793282,-0.499987,0.048505,0.577152,0.652817
-0.07672,0.143223,0.479107,0.872688,-0.09114,0.042842,0.616978,0.793295,-0.499993,0.048519,0.57716,0.652804
-0.076714,0.143231,0.479135,0.872672,-0.091108,0.042837,0.616993,0.793287,-0.500006,0.048566,0.577122,0.652826
-0.076707,0.143234,0.479096,0.872693,-0.091138,0.042798,0.616996,0.793283,-0.500007,0.048541,0.577112,0.652834
-0.076723,0.143222,0.479096,0.872694,-0.091133,0.042812,0.617006,0.793275,-0.500027,0.048535,0.577112,0.652821
-0.076739,0.143214,0.479072,0.872706,-0.091184,0.042834,0.616984,0.793286,-0.500081,0.048521,0.57709,0.652799
-0.076747,0.143257,0.479033,0.87272,-0.091156,0.042866,0.617016,0.793263,-0.500107,0.048576,0.577089,0.652778
-0.076799,0.143288,0.479025,0.872714,-0.091122,0.042857,0.617017,0.793266,-0.500178,0.048591,0.577078,0.652733
-0.076825,0.143303,0.47901,0.872719,-0.091111,0.042869,0.617046,0.793244,-0.500165,0.048582,0.577078,0.652743
-0.076878,0.143324,0.479028,0.872701,-0.091139,0.042914,0.617056,0.793231,-0.500188,0.048548,0.577093,0.652714
-0.076878,0.143322,0.479017,0.872708,-0.091122,0.042924,0.617064,0.793226,-0.500223,0.048513,0.577037,0.652737
-0.07687,0.143358,0.479035,0.872694,-0.091143,0.042902,0.617052,0.793235,-0.500245,0.048531,0.577061,0.652699
-0.076886,0.143318,0.479028,0.872703,-0.091133,0.042881,0.617046,0.793241,-0.500197,0.048549,0.577098,0.652702
-0.076878,0.14331,0.479029,0.872703,-0.091126,0.042869,0.616996,0.793281,-0.50019,0.048582,0.577102,0.652703
-0.076894,0.143337,0.479049,0.872687,-0.091118,0.042862,0.616986,0.793289,-0.50018,0.048565,0.577117,0.652698
-0.076873,0.143358,0.479052,0.872684,-0.091082,0.042849,0.617,0.793282,-0.500156,0.048553,0.577089,0.652741
-0.076936,0.143351,0.479048,0.872682,-0.091044,0.042815,0.617017,0.793275,-0.500153,0.048531,0.577123,0.652714
-0.076943,0.143371,0.479014,0.872697,-0.091064,0.042817,0.617037,0.793258,-0.500118,0.048553,0.57712,0.652743
-0.076957,0.143358,0.478998,0.872707,-0.091138,0.04285,0.617096,0.793204,-0.5001,0.048504,0.5771,0.652776
-0.076996,0.143321,0.479021,0.872697,-0.091139,0.042819,0.617091,0.793209,-0.500106,0.048529,0.577064,0.652802
-0.076994,0.143313,0.479,0.87271,-0.091092,0.042859,0.617082,0.793218,-0.500127,0.048524,0.577063,0.652787
-0.07695,0.143275,0.479031,0.872703,-0.09107,0.042864,0.617045,0.793249,-0.500117,0.048537,0.57704,0.652814
-0.076969,0.143274,0.479015,0.872709,-0.091103,0.04286,0.61707,0.793227,-0.500123,0.048514,0.57701,0.652837
-0.076965,0.143297,0.478991,0.872719,-0.091108,0.04283,0.617076,0.793223,-0.500141,0.048496,0.576978,0.652852
-0.076964,0.143337,0.478948,0.872736,-0.091091,0.04288,0.617078,0.793221,-0.500137,0.04853,0.576976,0.652855
-0.077002,0.143345,0.478948,0.872732,-0.091106,0.042938,0.617078,0.793216,-0.500179,0.048501,0.576966,0.652834
-0.076982,0.143332,0.478981,0.872718,-0.091145,0.042933,0.617065,0.793222,-0.500167,0.048464,0.576945,0.652863
-0.076977,0.143361,0.478957,0.872726,-0.091167,0.042926,0.617095,0.793199,-0.500171,0.048456,0.576944,0.652861
-0.076975,0.143344,0.478957,0.872729,-0.091147,0.042919,0.617105,0.793192,-0.500168,0.048472,0.576934,0.65287
-0.076931,0.143329,0.478929,0.872749,-0.091172,0.042973,0.617088,0.7932,-0.500167,0.048445,0.576965,0.652845
-0.076897,0.14335,0.478945,0.872741,-0.091128,0.042936,0.617066,0.793224,-0.500184,0.048485,0.576954,0.65284
-0.076883,0.143327,0.478959,0.872738,-0.091188,0.042943,0.617034,0.793242,-0.500217,0.048459,0.576953,0.652817
-0.076898,0.143341,0.478947,0.872741,-0.091224,0.042938,0.617021,0.793248,-0.500241,0.048469,0.576958,0.652795
-0.076913,0.143316,0.478948,0.872743,-0.091196,0.042953,0.617005,0.793263,-0.500181,0.048452,0.576971,0.65283
-0.076945,0.143328,0.478974,0.872725,-0.091203,0.042893,0.616981,0.793284,-0.50022,0.048463,0.576994,0.652778
-0.076979,0.143334,0.478983,0.872717,-0.091274,0.04285,0.616959,0.793296,-0.500203,0.048511,0.576962,0.652818
-0.077014,0.143338,0.478982,0.872714,-0.091328,0.042884,0.617004,0.793254,-0.500177,0.048542,0.576915,0.652877
-0.077015,0.143329,0.478974,0.872719,-0.091386,0.042922,0.617023,0.793233,-0.500162,0.048542,0.576926,0.65288
-0.077007,0.143337,0.478951,0.872731,-0.09141,0.04298,0.616996,0.793248,-0.500147,0.048549,0.576919,0.652897
-0.077047,0.143337,0.47893,0.872739,-0.091436,0.04303,0.616993,0.793245,-0.500138,0.048592,0.576927,0.652895
-0.077054,0.143312,0.478892,0.872763,-0.09142,0.043023,0.61697,0.793265,-0.500094,0.048552,0.576946,0.652912
-0.077059,0.14331,0.478864,0.872777,-0.091386,0.042979,0.616937,0.793296,-0.500063,0.048548,0.576953,0.652932
-0.077058,0.143355,0.478876,0.872764,-0.091422,0.042886,0.616891,0.793331,-0.500059,0.048521,0.576943,0.652944
-0.077048,0.143372,0.478875,0.872763,-0.091448,0.042861,0.616865,0.793351,-0.50005,0.048495,0.576958,0.652939
-0.077028,0.143365,0.478903,0.87275,-0.091444,0.042848,0.616858,0.793357,-0.500016,0.048488,0.577,0.652929
-0.077036,0.143323,0.478977,0.872717,-0.091504,0.042887,0.616864,0.793344,-0.499969,0.048476,0.577027,0.652942
-0.077033,0.14337,0.478976,0.872711,-0.091506,0.042812,0.616903,0.793318,-0.499982,0.048521,0.577011,0.652943
-0.076995,0.143341,0.478984,0.872714,-0.091542,0.042773,0.616925,0.7933,-0.499982,0.048492,0.577011,0.652945
-0.076957,0.143376,0.47896,0.872723,-0.091563,0.04278,0.61688,0.793331,-0.500003,0.048496,0.576997,0.652941
-0.076943,0.143386,0.478976,0.872715,-0.091597,0.042773,0.616899,0.793314,-0.499988,0.04851,0.577005,0.652944
-0.076979,0.143379,0.478978,0.872712,-0.091588,0.042727,0.616898,0.793318,-0.499969,0.048515,0.577018,0.652948
-0.076939,0.143366,0.479027,0.872692,-0.091636,0.042705,0.616901,0.793311,-0.499905,0.048552,0.577089,0.652933
-0.076988,0.143332,0.479061,0.872674,-0.091626,0.042686,0.616856,0.793348,-0.499901,0.048547,0.577117,0.65291
-0.076957,0.143317,0.479086,0.872666,-0.091624,0.042668,0.616913,0.793305,-0.4999,0.048588,0.577181,0.652855
-0.07694,0.143295,0.479059,0.872685,-0.091607,0.042647,0.61698,0.793257,-0.499885,0.048615,0.57722,0.652831
-0.076915,0.143304,0.479064,0.872683,-0.09161,0.042613,0.616978,0.79326,-0.499927,0.048636,0.577223,0.652795
-0.076873,0.143313,0.479056,0.872689,-0.091615,0.042647,0.61704,0.79321,-0.499935,0.048628,0.577225,0.652788
-0.076805,0.143247,0.479094,0.872685,-0.0916,0.042629,0.617051,0.793203,-0.499874,0.048696,0.577284,0.65278
-0.07678,0.143288,0.479096,0.872678,-0.091591,0.042608,0.617082,0.793182,-0.499852,0.048749,0.577293,0.652786
-0.076813,0.143272,0.479117,0.872667,-0.09161,0.042581,0.61704,0.793213,-0.499838,0.048755,0.577313,0.652779
-0.076847,0.143296,0.479084,0.872679,-0.091605,0.04261,0.617008,0.793237,-0.499795,0.048744,0.577359,0.652772
-0.076816,0.143298,0.479123,0.87266,-0.091635,0.042646,0.616959,0.79327,-0.499731,0.048713,0.57745,0.652742
-0.076782,0.143318,0.479149,0.872645,-0.091632,0.042649,0.617006,0.793234,-0.499677,0.048703,0.5775,0.65274
-0.076761,0.14325,0.479166,0.872649,-0.091642,0.042697,0.616952,0.793273,-0.499638,0.048651,0.577571,0.65271
-0.076746,0.143227,0.479191,0.872641,-0.091614,0.042648,0.616963,0.793269,-0.499565,0.048663,0.577662,0.652686
-0.076694,0.143179,0.479267,0.872611,-0.091523,0.042599,0.616947,0.793292,-0.499581,0.048628,0.577676,0.652662
-0.076692,0.143155,0.479308,0.872593,-0.0915,0.04258,0.616983,0.793268,-0.499561,0.048671,0.577703,0.652651
-0.07663,0.143196,0.479325,0.872582,-0.091488,0.042575,0.617009,0.79325,-0.499533,0.048665,0.577723,0.652657
-0.076598,0.1432,0.479331,0.872581,-0.091469,0.042575,0.617065,0.793209,-0.499563,0.048744,0.577768,0.65259
-0.076569,0.143189,0.479305,0.872599,-0.091469,0.04257,0.617048,0.793222,-0.499568,0.048734,0.57783,0.652534
-0.076557,0.143201,0.47932,0.87259,-0.091504,0.042556,0.617067,0.793205,-0.499603,0.048806,0.577854,0.652483
-0.07655,0.143274,0.479303,0.872588,-0.091512,0.042585,0.617055,0.793212,-0.499625,0.048856,0.577865,0.652453
-0.076602,0.143309,0.479321,0.872568,-0.091541,0.042582,0.617101,0.793173,-0.499622,0.048878,0.577877,0.652445
-0.076635,0.143273,0.479345,0.872558,-0.091557,0.042528,0.617096,0.793178,-0.499612,0.048854,0.577895,0.652438
-0.076642,0.143238,0.479363,0.872555,-0.091583,0.042538,0.617105,0.793168,-0.499644,0.048856,0.577931,0.652382
-0.076627,0.14323,0.479343,0.872567,-0.091596,0.042509,0.617107,0.793167,-0.499672,0.048798,0.577956,0.652341
-0.076673,0.143143,0.479386,0.872556,-0.091545,0.042492,0.617108,0.793172,-0.499648,0.048781,0.578015,0.652309
-0.076675,0.143141,0.479417,0.872539,-0.091483,0.042498,0.617095,0.793188,-0.499604,0.048758,0.578092,0.652276
-0.076687,0.143101,0.479448,0.872528,-0.091499,0.042472,0.617135,0.793156,-0.49958,0.048746,0.578116,0.652273
-0.07669,0.143077,0.479448,0.872531,-0.091504,0.042418,0.617074,0.793205,-0.49959,0.04873,0.578139,0.652246
-0.076721,0.143072,0.479452,0.872528,-0.0915,0.042365,0.61713,0.793166,-0.499569,0.048742,0.578172,0.652232
-0.076741,0.143058,0.479444,0.872532,-0.091531,0.042412,0.617171,0.793128,-0.499588,0.048748,0.578156,0.652232
-0.076753,0.14307,0.479425,0.87254,-0.091555,0.04237,0.617142,0.793151,-0.49959,0.04871,0.57815,0.652237
-0.07674,0.143062,0.479408,0.872551,-0.091558,0.042358,0.617116,0.793171,-0.49959,0.048705,0.578157,0.652232
-0.076765,0.14308,0.479372,0.872566,-0.091564,0.042314,0.617112,0.793175,-0.499579,0.048695,0.578133,0.652261
-0.076727,0.143074,0.479352,0.87258,-0.091574,0.042249,0.617123,0.793168,-0.499607,0.048709,0.578145,0.652229
-0.076731,0.143074,0.479375,0.872568,-0.091542,0.04226,0.61711,0.793182,-0.499656,0.048704,0.578125,0.652209
-0.07674,0.143097,0.479414,0.872542,-0.091566,0.042275,0.617144,0.793152,-0.499663,0.048742,0.578104,0.65222
-0.07675,0.143104,0.479435,0.872529,-0.091604,0.042356,0.617203,0.7931,-0.499661,0.048761,0.578084,0.652239
-0.076786,0.1431,0.479438,0.872526,-0.091646,0.0424,0.617204,0.793092,-0.49969,0.048738,0.578086,0.652215
-0.076791,0.143118,0.479429,0.872527,-0.091624,0.04241,0.617189,0.793106,-0.499706,0.048717,0.578112,0.652181
-0.076797,0.143122,0.479417,0.872533,-0.091645,0.042396,0.617244,0.793062,-0.499689,0.048739,0.57816,0.652152
-0.076805,0.143098,0.479395,0.872548,-0.091615,0.042403,0.617235,0.793072,-0.499655,0.048771,0.578203,0.652139
-0.076785,0.143151,0.47937,0.872554,-0.091613,0.042391,0.617298,0.793025,-0.499649,0.048777,0.578255,0.652098
-0.076781,0.14315,0.479381,0.872549,-0.091629,0.042361,0.617321,0.793007,-0.499645,0.048793,0.578269,0.652087
-0.076717,0.143096,0.479376,0.872565,-0.091613,0.042402,0.61731,0.793015,-0.499596,0.048789,0.57833,0.65207
-0.076707,0.143081,0.479393,0.872559,-0.091627,0.04239,0.617333,0.792996,-0.499582,0.048785,0.578344,0.652071
-0.076712,0.143116,0.479392,0.872553,-0.091679,0.04235,0.617338,0.79299,-0.499501,0.048755,0.578366,0.652114
-0.076698,0.143107,0.479359,0.872573,-0.091681,0.042378,0.617323,0.792999,-0.49946,0.048786,0.578391,0.652122
-0.076722,0.143078,0.479364,0.872574,-0.091707,0.042358,0.617339,0.792986,-0.499462,0.048743,0.578394,0.65212
-0.076757,0.143083,0.479325,0.872591,-0.091767,0.042367,0.617302,0.793008,-0.499434,0.048707,0.578389,0.652147
-0.076806,0.143075,0.479292,0.872606,-0.091823,0.042367,0.61729,0.79301,-0.499432,0.048659,0.578378,0.65216
-0.076825,0.143067,0.479332,0.872585,-0.091847,0.042385,0.617316,0.792988,-0.499468,0.048668,0.578319,0.652184
-0.076854,0.143065,0.479307,0.872596,-0.091895,0.042401,0.617338,0.792965,-0.49949,0.048669,0.578332,0.652156
-0.076905,0.143034,0.479371,0.872563,-0.091982,0.042383,0.617361,0.79294,-0.499504,0.04871,0.57834,0.652137
-0.076894,0.143084,0.479374,0.872554,-0.091928,0.042356,0.617363,0.792945,-0.499432,0.048714,0.578387,0.652149
-0.076885,0.143043,0.479346,0.872576,-0.091925,0.042371,0.617323,0.792975,-0.499426,0.048743,0.578375,0.652164
-0.076879,0.143023,0.479315,0.872596,-0.091923,0.042393,0.617324,0.792973,-0.499454,0.048707,0.578411,0.652112
-0.076872,0.143027,0.479298,0.872606,-0.091894,0.04242,0.617328,0.792972,-0.499466,0.048676,0.578419,0.652096
-0.07684,0.14302,0.479313,0.872601,-0.091871,0.042395,0.617353,0.792956,-0.499465,0.04861,0.578454,0.652071
-0.076867,0.143029,0.479319,0.872595,-0.091862,0.042394,0.617313,0.792988,-0.499497,0.04863,0.578423,0.652072
-0.076858,0.143022,0.479334,0.872588,-0.09191,0.042371,0.617325,0.792975,-0.499472,0.048613,0.578435,0.652082
-0.076892,0.143026,0.479356,0.872573,-0.09192,0.042351,0.617344,0.792961,-0.499486,0.048621,0.578432,0.652074
-0.076892,0.143048,0.479364,0.872565,-0.091963,0.042388,0.617407,0.792905,-0.499452,0.048631,0.578438,0.652093
-0.07688,0.143082,0.479374,0.872556,-0.091956,0.042367,0.617438,0.792884,-0.499456,0.04864,0.578448,0.652082
-0.076817,0.143083,0.479375,0.87256,-0.091979,0.042396,0.617493,0.792838,-0.499435,0.048638,0.578479,0.65207
-0.076834,0.143071,0.4794,0.872547,-0.091964,0.04241,0.617475,0.792853,-0.499465,0.048668,0.578492,0.652034
-0.076845,0.14307,0.479365,0.872565,-0.091946,0.042405,0.617465,0.792862,-0.499483,0.048675,0.578485,0.652027
-0.076839,0.143105,0.479379,0.872553,-0.092,0.042391,0.617424,0.792889,-0.499537,0.04869,0.578463,0.652004
-0.076823,0.143117,0.479422,0.872528,-0.091978,0.042442,0.617408,0.792901,-0.499539,0.048722,0.578478,0.651987
-0.076876,0.143156,0.47943,0.872514,-0.091959,0.042455,0.617366,0.792935,-0.499536,0.048714,0.578473,0.651995
-0.076917,0.143191,0.479404,0.87252,-0.091977,0.042414,0.617366,0.792935,-0.499512,0.048712,0.578452,0.652031
-0.07694,0.143224,0.479382,0.872524,-0.091974,0.042444,0.617345,0.792951,-0.499493,0.048673,0.5784,0.652093
-0.076918,0.143266,0.479324,0.87255,-0.092036,0.042457,0.617295,0.792981,-0.49951,0.048615,0.578411,0.652073
-0.076911,0.143284,0.479302,0.87256,-0.092021,0.042498,0.617333,0.792952,-0.499493,0.048613,0.578437,0.652064
-0.076869,0.143257,0.479315,0.87256,-0.091977,0.042488,0.617329,0.792961,-0.49946,0.048612,0.578441,0.652086
-0.076844,0.143241,0.479328,0.872558,-0.091924,0.042491,0.617286,0.792998,-0.499417,0.048635,0.578505,0.652061
-0.076829,0.143157,0.479407,0.87253,-0.091872,0.042486,0.617255,0.793027,-0.49937,0.048605,0.578519,0.652086
-0.076851,0.143126,0.479472,0.872499,-0.091844,0.042453,0.617277,0.793014,-0.499348,0.048612,0.578537,0.652087
-0.07688,0.143087,0.479494,0.872492,-0.091863,0.04241,0.617228,0.793052,-0.499296,0.048618,0.578541,0.652123
-0.076868,0.143073,0.479496,0.872493,-0.091891,0.042409,0.617255,0.793029,-0.499334,0.048673,0.578516,0.652113
-0.07688,0.143102,0.479425,0.872525,-0.091905,0.042429,0.617255,0.793027,-0.499309,0.048683,0.578497,0.652148
-0.076875,0.143146,0.479387,0.872539,-0.091892,0.042451,0.617288,0.793002,-0.499306,0.04872,0.578471,0.652171
-0.07691,0.143155,0.479371,0.872543,-0.091887,0.042482,0.617285,0.793003,-0.499325,0.048713,0.578461,0.652167
-0.076899,0.143146,0.479383,0.87254,-0.091859,0.042451,0.617325,0.792976,-0.499325,0.048742,0.578455,0.652172
-0.076929,0.143101,0.47943,0.872519,-0.091821,0.042448,0.617329,0.792978,-0.499335,0.048724,0.578433,0.652183
-0.076927,0.14312,0.479438,0.872512,-0.091811,0.042447,0.617348,0.792964,-0.499356,0.048725,0.578441,0.652159
-0.076933,0.143106,0.479414,0.872527,-0.091825,0.042471,0.617327,0.792977,-0.499353,0.048748,0.57848,0.652127
-0.07693,0.143116,0.479357,0.872556,-0.091828,0.04246,0.617307,0.792993,-0.499348,0.048722,0.578476,0.652136
-0.076944,0.143132,0.479336,0.872564,-0.091849,0.042483,0.617308,0.792989,-0.499307,0.048673,0.578445,0.652197
-0.077023,0.143068,0.479331,0.87257,-0.091848,0.04245,0.617281,0.793011,-0.49933,0.048663,0.578464,0.652162
-0.077049,0.143076,0.479325,0.87257,-0.091834,0.04245,0.617295,0.793001,-0.499312,0.048633,0.578455,0.652185
-0.077042,0.143045,0.479313,0.872582,-0.091826,0.042444,0.617354,0.792957,-0.499296,0.048671,0.578452,0.652199
-0.077023,0.143048,0.479343,0.872567,-0.091844,0.042389,0.617438,0.792894,-0.499284,0.048662,0.578434,0.652223
-0.077057,0.143071,0.479331,0.872568,-0.091883,0.042436,0.617475,0.792859,-0.499265,0.048651,0.578401,0.652268
-0.077072,0.143102,0.479312,0.872571,-0.091865,0.042428,0.617527,0.792823,-0.499281,0.04865,0.57836,0.652291
-0.077125,0.143103,0.479285,0.872581,-0.091856,0.042386,0.617517,0.792832,-0.499338,0.048669,0.578284,0.652314
-0.07706,0.143129,0.479238,0.872607,-0.091885,0.04239,0.617502,0.792841,-0.499353,0.048669,0.578258,0.652324
-0.077048,0.143161,0.479223,0.872611,-0.091872,0.042371,0.617492,0.792851,-0.499398,0.048669,0.578207,0.652335
-0.077064,0.143182,0.479179,0.87263,-0.091901,0.042365,0.617465,0.792869,-0.49939,0.048671,0.578183,0.652363
-0.077065,0.143187,0.479165,0.872636,-0.091918,0.042372,0.617422,0.7929,-0.49943,0.048692,0.578124,0.652382
-0.077079,0.143212,0.479132,0.872649,-0.091898,0.042358,0.617432,0.792895,-0.499486,0.048722,0.578066,0.65239
-0.077078,0.143195,0.479155,0.87264,-0.091949,0.042356,0.617402,0.792913,-0.499505,0.048762,0.578024,0.652411
-0.077108,0.143176,0.479133,0.872652,-0.091938,0.042354,0.61744,0.792885,-0.499529,0.048736,0.57795,0.652458
-0.077123,0.143149,0.479135,0.872655,-0.09192,0.042401,0.617483,0.792852,-0.499554,0.048749,0.57794,0.652447
-0.077156,0.14313,0.479079,0.872684,-0.091895,0.042342,0.617468,0.792868,-0.49956,0.048716,0.577963,0.652424
-0.07713,0.143102,0.479029,0.872717,-0.091899,0.042315,0.617487,0.792854,-0.499587,0.048716,0.577954,0.652412
-0.077161,0.143086,0.479026,0.872719,-0.091874,0.042283,0.617526,0.792828,-0.499552,0.048711,0.577969,0.652424
-0.077155,0.143049,0.479015,0.872732,-0.091889,0.042227,0.617535,0.792823,-0.499573,0.048697,0.577941,0.652433
-0.077106,0.143025,0.478981,0.872757,-0.091866,0.042214,0.617568,0.7928,-0.49953,0.048663,0.577931,0.652477
-0.077125,0.143012,0.478917,0.872792,-0.091813,0.042215,0.617576,0.7928,-0.499479,0.048623,0.577922,0.652526
-0.077102,0.143046,0.478897,0.872799,-0.091791,0.042241,0.617544,0.792825,-0.499471,0.048617,0.577902,0.65255
-0.077118,0.14304,0.478875,0.87281,-0.091783,0.042262,0.617498,0.79286,-0.499483,0.04859,0.577904,0.65254
-0.077129,0.143027,0.478831,0.872835,-0.091802,0.042288,0.617443,0.7929,-0.499508,0.04856,0.577849,0.65257
-0.077151,0.143078,0.478806,0.872839,-0.091792,0.042276,0.617425,0.792914,-0.499468,0.048551,0.577801,0.652643
-0.077208,0.143071,0.478807,0.872835,-0.091846,0.04231,0.617479,0.792866,-0.499431,0.048544,0.577762,0.652705
-0.077271,0.143103,0.478803,0.872827,-0.091875,0.042268,0.617474,0.792869,-0.499459,0.048533,0.577714,0.652727
-0.077311,0.143089,0.478803,0.872827,-0.091936,0.04224,0.617428,0.792901,-0.49943,0.048524,0.577688,0.652771
-0.077349,0.143048,0.478738,0.872864,-0.091962,0.042246,0.617415,0.792907,-0.499452,0.048535,0.577646,0.652791
-0.077359,0.143071,0.478684,0.872889,-0.091953,0.042205,0.61739,0.792929,-0.499474,0.048534,0.577581,0.652832
-0.077346,0.143084,0.478627,0.872918,-0.092,0.042222,0.617364,0.792943,-0.499478,0.048522,0.577548,0.652858
-0.077343,0.143054,0.478633,0.87292,-0.09205,0.042214,0.617356,0.792944,-0.499494,0.048495,0.577524,0.652867
-0.077329,0.143056,0.478622,0.872926,-0.092046,0.042285,0.617364,0.792936,-0.499478,0.048481,0.577561,0.652849
-0.077292,0.143052,0.478611,0.872936,-0.092041,0.042286,0.617303,0.792982,-0.499438,0.04854,0.577602,0.65284
-0.077273,0.142982,0.478635,0.872936,-0.092048,0.042331,0.617281,0.792997,-0.499464,0.048552,0.577582,0.652838
-0.077234,0.142981,0.478627,0.872943,-0.092066,0.042323,0.617253,0.793018,-0.499459,0.04856,0.577545,0.652873
-0.077306,0.14298,0.478631,0.872937,-0.09213,0.042294,0.617258,0.793008,-0.499451,0.048585,0.577543,0.652881
-0.077326,0.142973,0.478583,0.872962,-0.092163,0.042289,0.617287,0.792984,-0.499453,0.048591,0.577588,0.652838
-0.077325,0.142991,0.478585,0.872958,-0.09214,0.042285,0.617314,0.792965,-0.499477,0.048569,0.577561,0.652845
-0.077367,0.142985,0.47856,0.872969,-0.092109,0.042252,0.617346,0.792944,-0.499454,0.04857,0.577581,0.652845
-0.077413,0.142983,0.478594,0.872947,-0.092105,0.042265,0.617366,0.792929,-0.499446,0.048564,0.577577,0.652855
-0.077424,0.143003,0.47857,0.872956,-0.092104,0.042283,0.61741,0.792894,-0.499481,0.048543,0.577589,0.652819
-0.077386,0.143018,0.478541,0.872972,-0.092134,0.042302,0.617442,0.792866,-0.499486,0.048564,0.577611,0.652794
-0.07735,0.143038,0.478508,0.872989,-0.092159,0.042354,0.617468,0.792842,-0.499456,0.048575,0.577617,0.652811
-0.07737,0.143043,0.478485,0.872999,-0.092185,0.042369,0.617415,0.79288,-0.499403,0.048604,0.577636,0.652834
-0.077361,0.143008,0.47849,0.873002,-0.092183,0.042413,0.617416,0.792876,-0.499411,0.048642,0.577614,0.652846
-0.07735,0.143066,0.478487,0.872995,-0.092205,0.042396,0.61748,0.792826,-0.499397,0.048672,0.577569,0.652895
-0.077384,0.143074,0.478496,0.872987,-0.092173,0.042398,0.617457,0.792847,-0.499398,0.048653,0.57754,0.652919
-0.07738,0.143062,0.478482,0.872997,-0.092169,0.042399,0.617423,0.792873,-0.499395,0.048612,0.577512,0.652948
-0.07737,0.143082,0.478463,0.873004,-0.092218,0.042369,0.617392,0.792893,-0.499378,0.048636,0.577507,0.652965
-0.077375,0.143135,0.47844,0.873008,-0.092219,0.042369,0.617366,0.792913,-0.499341,0.04864,0.577498,0.653001
-0.077386,0.143148,0.478363,0.873046,-0.092283,0.042387,0.617361,0.792911,-0.499371,0.048697,0.577449,0.653019
-0.077377,0.143157,0.478411,0.873019,-0.09234,0.042381,0.61731,0.792943,-0.499347,0.048711,0.577442,0.653043
-0.077407,0.143142,0.478481,0.872982,-0.092279,0.042403,0.617333,0.792931,-0.49931,0.048716,0.577437,0.653074
-0.077425,0.143142,0.47854,0.872949,-0.092248,0.042468,0.617299,0.792957,-0.499284,0.048681,0.577421,0.653109
-0.077438,0.143152,0.478551,0.87294,-0.092255,0.042488,0.617292,0.79296,-0.49927,0.048667,0.577409,0.653131
-0.077458,0.143105,0.478569,0.872937,-0.092267,0.042509,0.617249,0.792992,-0.499246,0.048651,0.577407,0.653152
-0.07749,0.143119,0.478574,0.87293,-0.092271,0.042537,0.617261,0.79298,-0.499216,0.048672,0.577356,0.653217
-0.077482,0.143083,0.478553,0.872948,-0.092261,0.042563,0.617249,0.79299,-0.499244,0.048687,0.577322,0.653226
-0.077442,0.143099,0.478508,0.872972,-0.092288,0.042536,0.617283,0.792962,-0.499255,0.048745,0.577265,0.653265
-0.077458,0.1431,0.478513,0.872968,-0.092317,0.042568,0.617325,0.792925,-0.499262,0.048775,0.577209,0.653307
-0.07743,0.143104,0.47849,0.872982,-0.092351,0.042604,0.617329,0.792917,-0.499251,0.048787,0.577158,0.653359
-0.077403,0.143074,0.478483,0.872993,-0.092325,0.042618,0.617397,0.792867,-0.499244,0.048843,0.577149,0.65337
-0.077398,0.143105,0.478498,0.87298,-0.092311,0.042609,0.617428,0.792845,-0.499195,0.048788,0.577164,0.653397
-0.077437,0.143085,0.478522,0.872967,-0.092282,0.042641,0.617414,0.792857,-0.499181,0.048784,0.577143,0.653425
-0.077436,0.143034,0.478527,0.872973,-0.092263,0.042572,0.617433,0.792848,-0.499169,0.048748,0.57716,0.653421
-0.07746,0.143043,0.478537,0.872964,-0.092251,0.042527,0.617442,0.792844,-0.499137,0.048751,0.577179,0.653428
-0.077442,0.14305,0.4785,0.872985,-0.09227,0.042449,0.617443,0.792845,-0.499162,0.048724,0.577202,0.653391
-0.077472,0.14303,0.478458,0.873008,-0.092248,0.042417,0.617493,0.79281,-0.499208,0.048708,0.577183,0.653374
-0.077419,0.14307,0.478405,0.873033,-0.092249,0.042416,0.617528,0.792783,-0.499203,0.048724,0.577211,0.653352
-0.07739,0.143045,0.478374,0.873056,-0.092241,0.042418,0.617548,0.792768,-0.49923,0.04871,0.577172,0.653366
-0.077395,0.143081,0.478381,0.873047,-0.092245,0.0424,0.617589,0.792737,-0.49922,0.048686,0.577158,0.653387
-0.077393,0.143066,0.478409,0.873034,-0.092256,0.042395,0.617596,0.792731,-0.499203,0.048626,0.577143,0.653417
-0.077373,0.143033,0.478376,0.873058,-0.092251,0.04241,0.617564,0.792755,-0.499231,0.048628,0.577094,0.653438
-0.077324,0.143056,0.478333,0.873081,-0.092211,0.042394,0.617503,0.792808,-0.499229,0.04861,0.577074,0.653457
-0.077314,0.143059,0.478282,0.873109,-0.092191,0.042405,0.617489,0.792819,-0.499245,0.048604,0.577044,0.653472
-0.077316,0.143039,0.478242,0.873133,-0.092224,0.04237,0.617499,0.792811,-0.49927,0.048664,0.576989,0.653499
-0.077332,0.142988,0.478271,0.873125,-0.092228,0.042312,0.617512,0.792803,-0.499268,0.048699,0.57697,0.653515
-0.07735,0.142984,0.478306,0.873105,-0.092237,0.042325,0.61746,0.792841,-0.499275,0.048757,0.576945,0.653529
-0.077357,0.142992,0.478329,0.873092,-0.092221,0.042312,0.617402,0.792888,-0.499266,0.048777,0.576944,0.653536
-0.077363,0.143009,0.478376,0.873063,-0.0922,0.042285,0.617451,0.792853,-0.499269,0.048775,0.576948,0.653529
-0.077332,0.142979,0.478398,0.873058,-0.092197,0.042242,0.617517,0.792805,-0.499234,0.048775,0.576995,0.653515
-0.077325,0.142994,0.478399,0.873055,-0.0922,0.042233,0.617566,0.792768,-0.499219,0.048809,0.57696,0.653555
-0.077329,0.143023,0.478345,0.873079,-0.092236,0.042266,0.617588,0.792746,-0.499197,0.048799,0.576968,0.653566
-0.077313,0.143067,0.478318,0.873088,-0.092213,0.042236,0.617574,0.792759,-0.499165,0.04878,0.576971,0.653588
-0.077347,0.143094,0.47828,0.873101,-0.092227,0.042246,0.617601,0.792738,-0.499178,0.048803,0.57696,0.653587
-0.07729,0.143129,0.478277,0.873102,-0.092304,0.04224,0.617627,0.79271,-0.499214,0.048791,0.576937,0.65358
-0.077301,0.143135,0.47827,0.873104,-0.092297,0.042234,0.61759,0.79274,-0.499231,0.048797,0.576944,0.65356
-0.077277,0.143155,0.478244,0.873116,-0.092301,0.042222,0.61759,0.79274,-0.499225,0.048799,0.576958,0.653553
-0.077288,0.143145,0.478253,0.873112,-0.092308,0.042219,0.617635,0.792705,-0.499197,0.048774,0.576946,0.653586
-0.07725,0.143136,0.478268,0.873109,-0.092312,0.042226,0.61763,0.792707,-0.49922,0.048776,0.576899,0.653609
-0.077287,0.143131,0.478238,0.873123,-0.092314,0.042214,0.617604,0.792728,-0.499185,0.048783,0.576898,0.653636
-0.077263,0.14314,0.478219,0.873133,-0.092278,0.042207,0.61759,0.792742,-0.499112,0.048804,0.576901,0.653689
-0.077274,0.143146,0.478192,0.873146,-0.092333,0.042229,0.617618,0.792714,-0.499074,0.04881,0.576892,0.653724
-0.077272,0.143126,0.478165,0.873163,-0.092363,0.042226,0.617599,0.792726,-0.499129,0.048785,0.576834,0.653734
-0.077292,0.143125,0.478161,0.873164,-0.092362,0.042185,0.617561,0.792757,-0.499148,0.048843,0.576811,0.653739
-0.07729,0.143112,0.478165,0.873164,-0.092306,0.042214,0.617576,0.792751,-0.499134,0.048849,0.576829,0.653733
-0.077247,0.143176,0.478161,0.87316,-0.092295,0.042147,0.617559,0.792768,-0.499155,0.048875,0.576831,0.653714
-0.077182,0.143206,0.478141,0.87317,-0.092275,0.042116,0.61756,0.792771,-0.49918,0.048901,0.576849,0.653678
-0.077178,0.143215,0.478155,0.873161,-0.092259,0.042142,0.617527,0.792796,-0.499212,0.048899,0.576846,0.653655
-0.077181,0.143193,0.478166,0.873159,-0.092296,0.042193,0.617455,0.792846,-0.499196,0.048902,0.576819,0.653692
-0.077233,0.143243,0.478173,0.873143,-0.092292,0.042176,0.617451,0.79285,-0.499162,0.048893,0.576862,0.653681
-0.077265,0.14323,0.478173,0.873143,-0.092302,0.042167,0.617453,0.792847,-0.49916,0.048901,0.576817,0.65372
-0.077279,0.143231,0.478226,0.873113,-0.092292,0.04217,0.617434,0.792864,-0.499165,0.048946,0.576831,0.653703
-0.077293,0.143214,0.478263,0.873096,-0.09226,0.042132,0.617474,0.792837,-0.499116,0.048917,0.576893,0.653687
-0.077285,0.14319,0.478315,0.873073,-0.092264,0.042114,0.617527,0.792796,-0.499129,0.048885,0.576887,0.653684
-0.07728,0.143202,0.478299,0.87308,-0.092239,0.042095,0.61754,0.79279,-0.499142,0.048939,0.576849,0.653706
-0.077298,0.143224,0.478255,0.873098,-0.092274,0.042084,0.617551,0.792779,-0.499149,0.048975,0.576823,0.653722
-0.077262,0.14324,0.478268,0.873091,-0.092281,0.042099,0.617534,0.792791,-0.499085,0.049,0.576811,0.653778
-0.077289,0.143281,0.478273,0.87308,-0.092311,0.042123,0.617552,0.792772,-0.499066,0.049004,0.576774,0.653824
-0.077273,0.143283,0.478255,0.87309,-0.092333,0.042097,0.617538,0.792782,-0.499041,0.049039,0.576762,0.653854
-0.077292,0.143323,0.478248,0.873086,-0.092329,0.042065,0.617495,0.792817,-0.499042,0.049087,0.576728,0.65388
-0.077304,0.143319,0.478241,0.87309,-0.092281,0.042074,0.617471,0.792841,-0.499039,0.049043,0.576714,0.653896
-0.077276,0.143335,0.478211,0.873105,-0.092247,0.042062,0.617452,0.792859,-0.499001,0.049022,0.576718,0.653924
-0.07727,0.143344,0.478265,0.873076,-0.09219,0.042034,0.617432,0.792882,-0.499004,0.049055,0.576678,0.653953
-0.077295,0.143326,0.478354,0.873029,-0.092186,0.041963,0.617413,0.792899,-0.498953,0.049072,0.576725,0.653951
-0.077279,0.143243,0.478364,0.873038,-0.092242,0.041991,0.617471,0.792848,-0.49889,0.049054,0.576757,0.653972
-0.077264,0.143169,0.478384,0.87304,-0.092248,0.041956,0.617477,0.792845,-0.498869,0.049047,0.576762,0.653983
-0.077261,0.143171,0.478389,0.873038,-0.092264,0.041932,0.617466,0.792852,-0.498903,0.049073,0.576745,0.653971
-0.077255,0.14316,0.47835,0.87306,-0.092258,0.041976,0.617446,0.792867,-0.498923,0.049116,0.576738,0.65396
-0.077238,0.143203,0.478279,0.873093,-0.092255,0.041999,0.617454,0.792859,-0.498898,0.049128,0.576754,0.653964
-0.077249,0.143297,0.478211,0.873113,-0.092275,0.041998,0.617411,0.792891,-0.498893,0.049143,0.57675,0.653971
-0.07721,0.143298,0.478239,0.873102,-0.092303,0.042032,0.617391,0.792901,-0.498912,0.049153,0.576716,0.653986
-0.077171,0.143352,0.478283,0.873072,-0.092328,0.042057,0.617363,0.79292,-0.498917,0.049141,0.576718,0.65398
-0.077195,0.143375,0.478359,0.873027,-0.092367,0.042093,0.617357,0.792918,-0.498896,0.049149,0.576759,0.653961
-0.077206,0.143372,0.478379,0.873015,-0.092431,0.042096,0.617389,0.792887,-0.498931,0.049136,0.576729,0.653961
-0.077216,0.143348,0.478341,0.873039,-0.092408,0.042111,0.617393,0.792887,-0.498932,0.049112,0.576745,0.653948
-0.077179,0.14336,0.478324,0.873048,-0.092406,0.042065,0.617393,0.792888,-0.498932,0.049134,0.576715,0.653973
-0.077232,0.143305,0.478287,0.873073,-0.09244,0.042061,0.617428,0.792858,-0.498929,0.049098,0.576721,0.653971
-0.077232,0.143254,0.478275,0.873088,-0.092437,0.042057,0.617373,0.792901,-0.498915,0.049059,0.576723,0.653982
-0.077273,0.143253,0.478337,0.873051,-0.092375,0.042104,0.617406,0.79288,-0.498882,0.049038,0.576714,0.654016
-0.077259,0.143291,0.478331,0.87305,-0.092316,0.042086,0.617448,0.792854,-0.498863,0.049055,0.576701,0.654041
-0.077242,0.14332,0.478348,0.873038,-0.092331,0.042079,0.617477,0.79283,-0.498872,0.049079,0.576668,0.654061
-0.077222,0.143315,0.478295,0.873068,-0.092328,0.042095,0.617486,0.792823,-0.498865,0.049122,0.576667,0.654067
-0.077216,0.14331,0.478276,0.873079,-0.092286,0.042117,0.617492,0.792821,-0.498852,0.049089,0.576675,0.65407
-0.077179,0.143306,0.478244,0.8731,-0.092292,0.04212,0.617427,0.792871,-0.498837,0.049102,0.576698,0.654061
-0.077185,0.143282,0.478244,0.873103,-0.092312,0.042108,0.617434,0.792864,-0.498819,0.049053,0.576716,0.654061
-0.077203,0.143313,0.478236,0.873101,-0.092267,0.042118,0.617403,0.792892,-0.498817,0.049044,0.576751,0.654032
-0.077188,0.1433,0.478269,0.873086,-0.092247,0.042114,0.617389,0.792905,-0.498814,0.049051,0.57674,0.654044
-0.077207,0.143293,0.4783,0.87307,-0.092262,0.042098,0.617405,0.792892,-0.498808,0.049074,0.576708,0.654074
-0.077207,0.143255,0.478322,0.873065,-0.0923,0.042111,0.617373,0.792912,-0.498776,0.049039,0.576703,0.654107
-0.07715,0.143218,0.478223,0.873127,-0.092316,0.042138,0.617435,0.792862,-0.498792,0.049065,0.576709,0.654086
-0.077142,0.143198,0.478157,0.873167,-0.092345,0.042096,0.617449,0.792849,-0.498797,0.049093,0.576706,0.654085
-0.07712,0.143217,0.478108,0.873191,-0.092381,0.04212,0.61738,0.792899,-0.498806,0.049049,0.576675,0.654106
-0.077119,0.143262,0.478047,0.873216,-0.092362,0.042094,0.617406,0.792881,-0.498771,0.049049,0.57667,0.654138
-0.077095,0.143287,0.478084,0.873194,-0.092362,0.042082,0.617374,0.792906,-0.498727,0.049031,0.576723,0.654127
-0.07708,0.143355,0.478139,0.873155,-0.092364,0.042098,0.617342,0.79293,-0.498695,0.04907,0.57673,0.654142
-0.077051,0.143342,0.478149,0.873154,-0.092366,0.04207,0.617355,0.792921,-0.49866,0.049028,0.576759,0.654145
-0.077106,0.143307,0.478158,0.87315,-0.092382,0.042092,0.617382,0.792897,-0.498652,0.049026,0.576778,0.654135
-0.077117,0.143303,0.478142,0.873159,-0.092376,0.042103,0.617365,0.792911,-0.49867,0.048994,0.576754,0.654144
-0.077128,0.143315,0.47817,0.873141,-0.092377,0.042062,0.617362,0.792915,-0.498721,0.049013,0.576723,0.65413
-0.077141,0.143349,0.4782,0.87312,-0.092391,0.042078,0.617366,0.79291,-0.498712,0.048951,0.576742,0.654124
-0.077131,0.143364,0.478243,0.873094,-0.092424,0.042049,0.617346,0.792923,-0.498709,0.04892,0.576698,0.654166
-0.077138,0.143363,0.478234,0.873099,-0.092492,0.042039,0.617379,0.792892,-0.498679,0.048952,0.576688,0.654196
-0.077145,0.143374,0.47823,0.873098,-0.092536,0.042037,0.617356,0.792906,-0.498671,0.049005,0.576648,0.654235
-0.077163,0.143382,0.478217,0.873103,-0.092544,0.042045,0.617284,0.79296,-0.498617,0.04898,0.576662,0.654265
-0.077163,0.143374,0.478178,0.873125,-0.092568,0.042046,0.617295,0.792948,-0.498622,0.048983,0.576673,0.654251
-0.077136,0.143386,0.478164,0.873133,-0.092603,0.042066,0.617285,0.792951,-0.49864,0.049011,0.576676,0.654233
-0.077134,0.143406,0.478184,0.873119,-0.092556,0.042046,0.617295,0.792949,-0.49865,0.049011,0.576669,0.654232
-0.077142,0.14343,0.47819,0.873111,-0.092567,0.042072,0.61731,0.792935,-0.498625,0.048979,0.576667,0.654254
-0.077147,0.14342,0.478183,0.873116,-0.09257,0.042075,0.617289,0.792951,-0.498593,0.048954,0.576703,0.654248
-0.077143,0.143448,0.478203,0.873101,-0.092569,0.042087,0.617276,0.792961,-0.498574,0.048937,0.576702,0.654264
-0.07714,0.143501,0.478195,0.873097,-0.092596,0.042065,0.617322,0.792924,-0.498563,0.048964,0.576705,0.654269
-0.077101,0.14347,0.478233,0.873086,-0.092581,0.042058,0.617256,0.792977,-0.498576,0.048928,0.576706,0.654259
-0.077109,0.143434,0.47823,0.873092,-0.092562,0.04206,0.617269,0.792969,-0.498574,0.048903,0.576735,0.654238
-0.07712,0.143431,0.47824,0.873086,-0.092626,0.042093,0.617234,0.792987,-0.49853,0.048916,0.576759,0.654249
-0.077136,0.143428,0.478237,0.873088,-0.092614,0.042101,0.617183,0.793028,-0.498482,0.048927,0.576767,0.654278
-0.077136,0.143446,0.478221,0.873093,-0.092623,0.0421,0.617204,0.793009,-0.498459,0.048907,0.576766,0.654298
-0.077131,0.143454,0.47822,0.873093,-0.092597,0.042115,0.617163,0.793043,-0.498472,0.048895,0.57673,0.654319
-0.077096,0.143464,0.478209,0.873099,-0.092591,0.042093,0.617204,0.793013,-0.498476,0.048915,0.576718,0.654326
-0.077049,0.143482,0.478222,0.873093,-0.092569,0.04212,0.617243,0.792984,-0.498476,0.048918,0.576735,0.654311
-0.077023,0.143516,0.478238,0.873081,-0.092577,0.042119,0.61723,0.792994,-0.498488,0.048923,0.576737,0.6543
-0.077051,0.143548,0.478263,0.873061,-0.092561,0.042097,0.617229,0.792997,-0.498423,0.048917,0.57675,0.654338
-0.077058,0.143591,0.478252,0.873059,-0.092574,0.042052,0.617222,0.793004,-0.49839,0.048907,0.57677,0.654347
-0.077081,0.143639,0.478284,0.873032,-0.092606,0.04206,0.617213,0.793007,-0.498409,0.048928,0.576735,0.654361
-0.077134,0.143637,0.478326,0.873007,-0.092673,0.042034,0.617198,0.793013,-0.49838,0.048898,0.57673,0.654389
-0.07712,0.143644,0.478296,0.873023,-0.092707,0.042087,0.617185,0.793017,-0.498391,0.048907,0.576671,0.654432
-0.077112,0.14368,0.478295,0.873018,-0.092728,0.042087,0.617165,0.79303,-0.498352,0.048885,0.576664,0.654469
-0.077087,0.143677,0.478352,0.872989,-0.092734,0.042064,0.617143,0.793048,-0.498337,0.048876,0.576682,0.654464
-0.077037,0.143626,0.478397,0.872978,-0.092746,0.042069,0.617127,0.793058,-0.498323,0.048871,0.576687,0.654471
-0.077036,0.143594,0.478407,0.872978,-0.092732,0.042079,0.617086,0.793091,-0.498279,0.048867,0.576719,0.654477
-0.07703,0.143585,0.478391,0.872988,-0.092739,0.042066,0.617119,0.793065,-0.498272,0.048887,0.576726,0.654475
-0.077038,0.143522,0.478405,0.87299,-0.09275,0.042096,0.617137,0.793049,-0.498297,0.048899,0.576681,0.654494
-0.077066,0.143557,0.478411,0.872979,-0.092714,0.042154,0.617093,0.793084,-0.498337,0.048933,0.576695,0.654451
-0.07707,0.143509,0.47845,0.872966,-0.092695,0.042127,0.617083,0.793095,-0.498386,0.048979,0.576654,0.654446
-0.077075,0.143529,0.478419,0.872979,-0.092672,0.04215,0.617108,0.793076,-0.498376,0.048984,0.576707,0.654407
-0.07708,0.143506,0.478434,0.872974,-0.092696,0.042099,0.617135,0.793057,-0.4984,0.048948,0.576664,0.654428
-0.077124,0.143477,0.478443,0.87297,-0.092713,0.042121,0.617167,0.793029,-0.498413,0.048905,0.576658,0.654425
-0.077112,0.143524,0.478413,0.872979,-0.092684,0.042092,0.617184,0.79302,-0.498424,0.048916,0.576658,0.654417
-0.077138,0.143575,0.478373,0.872992,-0.092697,0.042078,0.617183,0.79302,-0.498421,0.048919,0.576663,0.654415
-0.077113,0.143553,0.478349,0.873009,-0.092692,0.042082,0.617174,0.793027,-0.498404,0.048925,0.576637,0.654451
-0.077066,0.14355,0.478315,0.873031,-0.092702,0.042085,0.617133,0.793057,-0.498404,0.048916,0.576633,0.654454
-0.077078,0.143552,0.478313,0.873031,-0.092704,0.042138,0.6171,0.79308,-0.498417,0.048948,0.576638,0.654439
-0.077121,0.143523,0.478322,0.873028,-0.092727,0.042106,0.617127,0.793059,-0.498367,0.048944,0.576643,0.654472
-0.077128,0.143502,0.478294,0.873046,-0.092722,0.042082,0.617086,0.793091,-0.498379,0.048916,0.576643,0.654465
-0.077168,0.14347,0.478324,0.873032,-0.092713,0.042102,0.617068,0.793106,-0.498341,0.04891,0.576648,0.654489
-0.0772,0.14346,0.478406,0.872987,-0.092732,0.042096,0.617057,0.793112,-0.498309,0.04892,0.57664,0.654519
-0.077187,0.143411,0.478423,0.872987,-0.092764,0.04212,0.617106,0.79307,-0.498286,0.048919,0.57663,0.654546
-0.077165,0.143406,0.478417,0.872993,-0.092755,0.042133,0.617126,0.793056,-0.498279,0.048891,0.576571,0.654603
-0.077177,0.143418,0.478396,0.873001,-0.092763,0.042159,0.617123,0.793055,-0.498284,0.048867,0.576585,0.654589
-0.077144,0.143414,0.478357,0.873025,-0.092772,0.042185,0.61709,0.793079,-0.498295,0.048916,0.576613,0.654555
-0.077125,0.143417,0.478313,0.873049,-0.09279,0.042173,0.617104,0.793066,-0.4983,0.04888,0.576596,0.654568
-0.077113,0.143396,0.478313,0.873053,-0.0928,0.04213,0.617119,0.793057,-0.498328,0.048897,0.576581,0.654558
-0.077088,0.143381,0.478356,0.873035,-0.092825,0.042055,0.617097,0.793074,-0.498374,0.048905,0.57654,0.654558
-0.07707,0.143416,0.478359,0.873029,-0.092836,0.042076,0.617069,0.793093,-0.498341,0.048895,0.576535,0.654588
-0.077037,0.143443,0.478328,0.873044,-0.092846,0.042099,0.617075,0.793087,-0.498307,0.048887,0.576541,0.654609
-0.077031,0.143423,0.478328,0.873047,-0.092815,0.042102,0.61706,0.793101,-0.498316,0.048902,0.576556,0.654589
-0.077051,0.143453,0.478351,0.873028,-0.092795,0.042111,0.617051,0.793111,-0.498337,0.048901,0.57657,0.654561
-0.077045,0.14342,0.478408,0.873004,-0.092798,0.04206,0.617088,0.793084,-0.49832,0.048936,0.576568,0.654573
-0.07701,0.143447,0.478403,0.873006,-0.09281,0.04206,0.617053,0.793109,-0.498264,0.048924,0.576555,0.654628
-0.07703,0.143412,0.478406,0.873008,-0.092776,0.042016,0.61706,0.793109,-0.498282,0.048996,0.576531,0.654632
-0.077021,0.143357,0.478388,0.873027,-0.092788,0.041948,0.617054,0.793116,-0.498312,0.04899,0.576519,0.654619
-0.077052,0.143359,0.47836,0.873038,-0.092788,0.041894,0.617075,0.793103,-0.498344,0.048996,0.576475,0.654634
-0.077008,0.143385,0.478358,0.873039,-0.092799,0.041878,0.617062,0.793112,-0.498333,0.048998,0.576461,0.654653
-0.076995,0.143418,0.47835,0.87304,-0.092752,0.041856,0.617041,0.793134,-0.498369,0.048995,0.576438,0.654647
-0.076973,0.143413,0.478343,0.873045,-0.092731,0.041854,0.617021,0.793151,-0.498375,0.048988,0.576478,0.654607
-0.076981,0.143408,0.478353,0.87304,-0.092732,0.04187,0.617045,0.793132,-0.49839,0.04901,0.576461,0.65461
-0.076974,0.14346,0.47836,0.873029,-0.092738,0.041837,0.617063,0.793119,-0.498381,0.048946,0.576484,0.654599
-0.077007,0.143481,0.478331,0.873039,-0.092761,0.041825,0.61702,0.79315,-0.4984,0.048952,0.576476,0.654592
-0.077064,0.143514,0.478324,0.873032,-0.092807,0.041825,0.616971,0.793183,-0.498378,0.048901,0.576514,0.654578
-0.077112,0.14355,0.478315,0.873028,-0.092798,0.041839,0.616971,0.793184,-0.49837,0.04893,0.576522,0.654576
-0.077145,0.143566,0.47834,0.87301,-0.092815,0.041845,0.617005,0.793156,-0.498349,0.048898,0.576548,0.654571
-0.077148,0.143581,0.478361,0.872996,-0.092828,0.0418,0.616937,0.793209,-0.498331,0.048883,0.576578,0.654558
-0.077129,0.143597,0.478367,0.872991,-0.092853,0.041775,0.616913,0.793226,-0.498361,0.048901,0.576567,0.654545
-0.077155,0.143542,0.478372,0.872995,-0.092856,0.041746,0.616942,0.793204,-0.49831,0.048847,0.576584,0.654572
-0.077146,0.143553,0.47839,0.872985,-0.092857,0.041777,0.616911,0.793227,-0.498229,0.048802,0.576605,0.654617
-0.07713,0.143574,0.478375,0.872991,-0.092864,0.041759,0.616865,0.793262,-0.498207,0.048845,0.576638,0.654601
-0.077125,0.143579,0.478343,0.873007,-0.092902,0.041753,0.616792,0.793314,-0.498221,0.048866,0.576612,0.654613
-0.077089,0.143602,0.47834,0.873008,-0.092921,0.041802,0.616775,0.793323,-0.498191,0.048883,0.576586,0.654658
-0.077052,0.143592,0.478323,0.873021,-0.092961,0.041853,0.616757,0.793331,-0.498161,0.048858,0.576616,0.654656
-0.077052,0.143631,0.478286,0.873035,-0.092957,0.041909,0.616806,0.793291,-0.498167,0.048897,0.576618,0.654648
-0.077019,0.143597,0.478302,0.873035,-0.092958,0.041942,0.616842,0.793262,-0.498173,0.048897,0.576648,0.654618
-0.076991,0.143595,0.478304,0.873036,-0.092908,0.041941,0.616923,0.793204,-0.49816,0.04885,0.576719,0.654568
-0.076989,0.143598,0.478306,0.873034,-0.092933,0.041931,0.616978,0.79316,-0.498165,0.048926,0.576764,0.654522
-0.076946,0.143566,0.478298,0.873047,-0.092937,0.0419,0.616998,0.793145,-0.498172,0.048934,0.57678,0.654502
-0.07691,0.143543,0.478299,0.873052,-0.092941,0.041856,0.617022,0.793129,-0.498182,0.048985,0.5768,0.654474
-0.076925,0.143552,0.478251,0.873076,-0.092928,0.04193,0.617026,0.793125,-0.498167,0.048984,0.576793,0.654491
-0.076931,0.143577,0.478236,0.87308,-0.092918,0.041933,0.617045,0.79311,-0.498153,0.049019,0.576778,0.654514
-0.076934,0.143551,0.478224,0.873089,-0.092941,0.041998,0.617026,0.793121,-0.498197,0.049073,0.576751,0.654502
-0.076935,0.143595,0.478244,0.873072,-0.092979,0.042054,0.617032,0.793108,-0.498167,0.049061,0.576765,0.654512
-0.076998,0.143626,0.478215,0.873078,-0.093009,0.042076,0.617052,0.79309,-0.498127,0.049048,0.576777,0.654533
-0.077011,0.143609,0.478209,0.873083,-0.093026,0.042076,0.617029,0.793105,-0.498083,0.048971,0.576807,0.654544
-0.077036,0.143619,0.478199,0.873085,-0.093069,0.042053,0.616963,0.793152,-0.498052,0.048981,0.576823,0.654553
-0.077009,0.143675,0.478211,0.873071,-0.093063,0.042095,0.616917,0.793186,-0.498042,0.048963,0.576843,0.654543
-0.077003,0.143627,0.478253,0.873058,-0.093084,0.04203,0.616938,0.793172,-0.498031,0.048986,0.576871,0.654526
-0.07696,0.143619,0.478263,0.873056,-0.09303,0.04201,0.616913,0.793197,-0.498033,0.048983,0.576886,0.654512
-0.076944,0.143606,0.478313,0.873033,-0.093028,0.042023,0.616942,0.793174,-0.498037,0.049043,0.576887,0.654506
-0.077,0.14356,0.47835,0.873017,-0.093013,0.041978,0.616882,0.793224,-0.498038,0.049092,0.576926,0.654469
-0.076962,0.14357,0.478329,0.873029,-0.092995,0.042011,0.616862,0.79324,-0.498066,0.049151,0.576946,0.654426
-0.076958,0.143587,0.478345,0.873017,-0.092978,0.041975,0.616856,0.793248,-0.498085,0.049149,0.576979,0.654384
-0.076924,0.143625,0.478334,0.873019,-0.092989,0.041968,0.61689,0.793221,-0.498097,0.049158,0.577042,0.65432
-0.076906,0.143683,0.478388,0.872983,-0.092985,0.04194,0.616919,0.7932,-0.498093,0.049174,0.577074,0.654295
-0.076878,0.143708,0.478385,0.872983,-0.093023,0.041949,0.616977,0.793152,-0.498083,0.049161,0.577135,0.65425
-0.076803,0.143727,0.478443,0.872955,-0.093028,0.041951,0.616994,0.793138,-0.49808,0.049155,0.577175,0.654217
-0.076797,0.143763,0.478461,0.872939,-0.093042,0.041972,0.617036,0.793103,-0.49809,0.049201,0.57721,0.654177
-0.076792,0.143682,0.478464,0.872952,-0.093101,0.041923,0.617086,0.793062,-0.498015,0.049192,0.577296,0.654159
-0.076797,0.143651,0.478472,0.872952,-0.093092,0.041906,0.617088,0.793062,-0.497989,0.049223,0.577334,0.654144
-0.076835,0.143641,0.478465,0.872955,-0.093133,0.041903,0.617108,0.793041,-0.497967,0.049287,0.577351,0.654143
-0.076853,0.143624,0.478458,0.87296,-0.093139,0.041898,0.617075,0.793067,-0.497929,0.049307,0.57738,0.654145
-0.076877,0.143638,0.478502,0.872932,-0.093182,0.041877,0.617077,0.793062,-0.497907,0.049322,0.577415,0.654131
-0.076894,0.143648,0.478513,0.872923,-0.093184,0.04188,0.61704,0.793091,-0.497861,0.049327,0.577452,0.654134
-0.076939,0.143669,0.478486,0.872931,-0.09318,0.041853,0.617046,0.793087,-0.497823,0.049262,0.577485,0.654136
-0.076915,0.143684,0.478468,0.87294,-0.093178,0.041848,0.61706,0.793076,-0.497817,0.049251,0.577499,0.654129
-0.076919,0.14368,0.478469,0.87294,-0.093193,0.041867,0.617042,0.793088,-0.497824,0.049156,0.577517,0.654113
-0.076996,0.143689,0.478468,0.872933,-0.093185,0.041898,0.617039,0.793089,-0.497795,0.049178,0.577501,0.654147
-0.077012,0.143686,0.478506,0.872912,-0.093241,0.041909,0.617026,0.793094,-0.497816,0.049195,0.577516,0.654118
-0.077043,0.143695,0.478496,0.872914,-0.093264,0.041891,0.617024,0.793094,-0.497865,0.04928,0.577486,0.654103
-0.077062,0.143702,0.478496,0.872911,-0.093288,0.041881,0.616963,0.793139,-0.497881,0.049273,0.577524,0.654058
-0.077109,0.143725,0.478479,0.872913,-0.093308,0.041916,0.616958,0.793139,-0.497885,0.049311,0.57755,0.654031
-0.077132,0.1437,0.478489,0.87291,-0.09333,0.041893,0.61694,0.793151,-0.497881,0.049318,0.577581,0.654006
-0.077132,0.143669,0.478466,0.872926,-0.093329,0.0419,0.61689,0.793189,-0.497861,0.049348,0.577565,0.654034
-0.077126,0.143699,0.478442,0.872936,-0.093347,0.041897,0.616896,0.793184,-0.497845,0.049339,0.577599,0.654015
-0.077174,0.143701,0.478423,0.872941,-0.093345,0.041904,0.616814,0.793247,-0.497815,0.049306,0.577598,0.654042
-0.077186,0.143708,0.478418,0.872941,-0.093372,0.041898,0.61681,0.793247,-0.497791,0.049324,0.577619,0.654041
-0.077159,0.143746,0.478425,0.872934,-0.09342,0.041907,0.616829,0.793227,-0.497826,0.049406,0.577653,0.653981
-0.077128,0.143771,0.478473,0.872907,-0.093479,0.041901,0.616867,0.793192,-0.497822,0.049435,0.577707,0.653936
-0.077166,0.14373,0.478497,0.872898,-0.093509,0.041914,0.6169,0.793163,-0.497851,0.049424,0.57772,0.653902
-0.077197,0.143759,0.478533,0.872872,-0.093509,0.041863,0.616942,0.793133,-0.497849,0.049355,0.57777,0.653863
-0.077201,0.143777,0.478521,0.872875,-0.093495,0.04178,0.61699,0.793103,-0.497866,0.049441,0.577748,0.653866
-0.077245,0.143732,0.478527,0.872876,-0.093508,0.04173,0.617008,0.793089,-0.497854,0.049474,0.577769,0.653855
-0.077274,0.143748,0.478553,0.872857,-0.093487,0.041704,0.617048,0.793062,-0.497852,0.049531,0.57774,0.653878
-0.077306,0.1437,0.478595,0.87284,-0.093512,0.041704,0.617033,0.79307,-0.497872,0.049585,0.577732,0.65387
-0.077288,0.143705,0.478623,0.872826,-0.093559,0.041703,0.617007,0.793087,-0.497849,0.049647,0.577706,0.653907
-0.077305,0.143672,0.478615,0.872834,-0.093518,0.041657,0.617043,0.793065,-0.497844,0.049631,0.577748,0.653874
-0.077299,0.143623,0.478633,0.872833,-0.093502,0.041678,0.617032,0.793074,-0.497795,0.049599,0.577782,0.653883
-0.077284,0.143604,0.47855,0.872881,-0.093492,0.04164,0.617042,0.793069,-0.49778,0.049566,0.577881,0.65381
-0.07725,0.14362,0.478536,0.872888,-0.093492,0.041608,0.617071,0.793049,-0.497816,0.049526,0.577901,0.653766
-0.077222,0.143654,0.478516,0.872895,-0.093492,0.041585,0.617038,0.793075,-0.497831,0.049514,0.577895,0.653761
-0.077213,0.143687,0.478482,0.872909,-0.093487,0.041558,0.617061,0.793058,-0.497856,0.049486,0.577902,0.653737
-0.077176,0.143698,0.47844,0.872933,-0.093507,0.041565,0.617137,0.792997,-0.497816,0.049483,0.577924,0.653748
-0.077175,0.143731,0.478394,0.872951,-0.093495,0.041578,0.61719,0.792958,-0.497789,0.049511,0.577916,0.653774
-0.077145,0.143736,0.478423,0.872938,-0.093505,0.04163,0.6171,0.793023,-0.497744,0.049517,0.577917,0.653807
-0.077155,0.14373,0.478427,0.872936,-0.093511,0.04156,0.617075,0.793045,-0.497715,0.049558,0.577907,0.653836
-0.07717,0.143731,0.478437,0.87293,-0.093512,0.041595,0.617021,0.793086,-0.497699,0.049576,0.577924,0.653833
-0.07714,0.143717,0.478497,0.872902,-0.093501,0.041589,0.617053,0.793062,-0.497708,0.049586,0.577944,0.653808
-0.077097,0.143711,0.478471,0.87292,-0.093463,0.04161,0.617052,0.793066,-0.497733,0.049568,0.577966,0.65377
-0.077109,0.143711,0.478469,0.872921,-0.093467,0.041589,0.617093,0.793036,-0.497748,0.049516,0.577973,0.653756
-0.077143,0.143736,0.478477,0.87291,-0.093502,0.041599,0.617158,0.79298,-0.497763,0.049537,0.577917,0.653792
-0.07715,0.143769,0.478453,0.872916,-0.093499,0.041614,0.617229,0.792927,-0.497776,0.049608,0.577842,0.653843
-0.077151,0.143817,0.47841,0.872932,-0.093469,0.041609,0.617285,0.792886,-0.497839,0.049626,0.577853,0.653787
-0.07717,0.143865,0.478352,0.872953,-0.093492,0.041597,0.617288,0.792882,-0.497857,0.049633,0.577837,0.653785
-0.077203,0.143869,0.478335,0.872959,-0.093488,0.041628,0.617326,0.792852,-0.49787,0.049644,0.577829,0.653783
-0.077256,0.143861,0.478365,0.87294,-0.093476,0.041656,0.617302,0.79287,-0.497862,0.04971,0.577794,0.653817
-0.077306,0.143865,0.478364,0.872936,-0.093488,0.04162,0.61732,0.792857,-0.497866,0.049747,0.577745,0.653855
-0.077264,0.143848,0.478365,0.872942,-0.093472,0.041641,0.61732,0.792858,-0.497877,0.049774,0.577727,0.65386
-0.07722,0.143825,0.478391,0.872935,-0.093437,0.041623,0.617379,0.792816,-0.497883,0.04977,0.577729,0.653854
-0.077132,0.143797,0.478427,0.872928,-0.093471,0.041611,0.617381,0.792812,-0.497899,0.049733,0.577706,0.653865
-0.077078,0.14378,0.47847,0.872911,-0.093438,0.041593,0.617363,0.79283,-0.497854,0.049741,0.5777,0.653904
-0.077027,0.143711,0.478515,0.872902,-0.093448,0.041556,0.617366,0.792828,-0.497836,0.049758,0.577693,0.653922
-0.07693,0.143687,0.478511,0.872915,-0.093426,0.041586,0.617393,0.792809,-0.49783,0.04977,0.577662,0.653953
-0.076868,0.143674,0.478472,0.872943,-0.093427,0.041546,0.617404,0.792802,-0.497846,0.049792,0.577668,0.653935
-0.07693,0.14368,0.478456,0.872945,-0.093401,0.041515,0.617386,0.79282,-0.497889,0.049759,0.577633,0.653934
-0.07695,0.143682,0.478429,0.872958,-0.093402,0.041517,0.617434,0.792783,-0.497889,0.049724,0.577571,0.653991
-0.076961,0.14373,0.478407,0.872961,-0.093434,0.041486,0.61741,0.792799,-0.497898,0.049658,0.577572,0.653985
-0.07695,0.143728,0.478415,0.872959,-0.09344,0.0415,0.617446,0.79277,-0.497936,0.049644,0.577534,0.65399
-0.076934,0.14373,0.478422,0.872956,-0.093466,0.041502,0.617527,0.792706,-0.497937,0.04961,0.5775,0.654021
-0.076983,0.143718,0.478397,0.872967,-0.093453,0.04152,0.617557,0.792683,-0.497939,0.049575,0.577487,0.654032
-0.076994,0.143681,0.478369,0.872987,-0.093461,0.041501,0.617558,0.792682,-0.497985,0.049563,0.577456,0.654025
-0.077009,0.143711,0.478346,0.872994,-0.093448,0.041541,0.61756,0.79268,-0.498003,0.049567,0.577402,0.654058
-0.076964,0.143705,0.478262,0.873042,-0.093448,0.041511,0.617586,0.792661,-0.498008,0.049568,0.577362,0.654089
-0.076958,0.143661,0.478246,0.873059,-0.093447,0.041483,0.617587,0.792663,-0.497996,0.049536,0.577353,0.654108
-0.076938,0.143632,0.478208,0.873084,-0.093436,0.041466,0.617665,0.792603,-0.497973,0.049504,0.577318,0.654158
-0.076896,0.143641,0.478191,0.873096,-0.093429,0.041423,0.617657,0.792613,-0.497954,0.049506,0.577316,0.654174
-0.076851,0.143669,0.478167,0.873107,-0.093402,0.04142,0.617699,0.792584,-0.49801,0.049427,0.577313,0.654136
-0.076901,0.143693,0.47815,0.873109,-0.093432,0.041399,0.617746,0.792546,-0.498028,0.049456,0.577295,0.654138
-0.076956,0.143681,0.47813,0.873117,-0.093411,0.041376,0.617712,0.792575,-0.498024,0.049443,0.577221,0.654206
-0.076965,0.143682,0.478055,0.873156,-0.093401,0.041329,0.617659,0.792619,-0.49804,0.049427,0.577148,0.654259
-0.077021,0.143682,0.477994,0.873185,-0.093419,0.041293,0.617638,0.792635,-0.498032,0.049455,0.577094,0.654309
-0.077062,0.143682,0.478031,0.873162,-0.09345,0.04131,0.617562,0.792689,-0.497995,0.049471,0.577002,0.654418
-0.077052,0.14364,0.478044,0.873162,-0.093454,0.041324,0.617542,0.792704,-0.497996,0.049479,0.576991,0.654426
-0.077027,0.143605,0.478027,0.873179,-0.093413,0.041327,0.617565,0.792689,-0.498035,0.049519,0.576953,0.654428
-0.077062,0.143582,0.478016,0.873185,-0.09343,0.041278,0.617566,0.79269,-0.49805,0.049474,0.576961,0.654412
-0.077132,0.143555,0.478052,0.873165,-0.093448,0.041232,0.617593,0.792669,-0.498045,0.049471,0.57694,0.654434
-0.077121,0.143574,0.477975,0.873205,-0.093493,0.041225,0.617574,0.79268,-0.498029,0.049481,0.576968,0.654421
-0.077148,0.143549,0.477964,0.873212,-0.093529,0.0412,0.617609,0.79265,-0.498065,0.049464,0.576964,0.654398
-0.0772,0.143586,0.477933,0.873219,-0.093552,0.041202,0.617658,0.792609,-0.498025,0.04947,0.576978,0.654416
-0.077226,0.143579,0.47789,0.87324,-0.093528,0.041214,0.617642,0.792624,-0.49805,0.04949,0.576986,0.65439
-0.077241,0.143588,0.477879,0.873244,-0.093514,0.041173,0.61765,0.792622,-0.498054,0.049465,0.576975,0.654397
-0.077171,0.143649,0.477891,0.873233,-0.093474,0.041187,0.617624,0.792645,-0.498075,0.049459,0.576957,0.654397
-0.077153,0.143676,0.477879,0.873236,-0.093495,0.041195,0.617659,0.792615,-0.498096,0.049473,0.576931,0.654403
-0.07722,0.143673,0.477834,0.873256,-0.093473,0.041213,0.617695,0.792589,-0.498079,0.049479,0.576926,0.654421
-0.077182,0.143659,0.477818,0.87327,-0.093436,0.041237,0.61767,0.792611,-0.498081,0.049491,0.576892,0.654447
-0.077164,0.143642,0.477816,0.873274,-0.093458,0.041253,0.617662,0.792614,-0.498081,0.049511,0.576839,0.654493
-0.077194,0.143659,0.477774,0.873291,-0.093507,0.041253,0.61768,0.792595,-0.49807,0.049494,0.576811,0.654526
-0.077232,0.143689,0.4777,0.873324,-0.093573,0.04128,0.617685,0.792583,-0.498099,0.049501,0.576735,0.65457
-0.077238,0.143698,0.477737,0.873302,-0.093544,0.041296,0.617686,0.792585,-0.498084,0.049494,0.576704,0.654608
-0.077199,0.143678,0.477731,0.873311,-0.093545,0.041292,0.617741,0.792543,-0.498079,0.049494,0.576656,0.654655
-0.077198,0.143659,0.477743,0.873308,-0.09354,0.041266,0.617756,0.792532,-0.498066,0.049494,0.576698,0.654628
-0.07724,0.143666,0.477738,0.873307,-0.093571,0.041214,0.617733,0.79255,-0.498043,0.049464,0.576711,0.654636
-0.077217,0.143687,0.477695,0.873327,-0.093552,0.041207,0.617736,0.792551,-0.49804,0.049428,0.576714,0.654636
-0.077212,0.143637,0.477666,0.873352,-0.093447,0.041164,0.617724,0.792572,-0.498031,0.049429,0.576734,0.654626
-0.077202,0.143649,0.477622,0.873374,-0.093476,0.041143,0.617748,0.792551,-0.498,0.049428,0.576746,0.654639
-0.077201,0.143641,0.477629,0.873372,-0.093505,0.041139,0.617769,0.792532,-0.498004,0.049395,0.576761,0.654625
-0.077218,0.143625,0.477664,0.873355,-0.093555,0.041145,0.617812,0.792494,-0.497993,0.049345,0.576763,0.654633
-0.077199,0.143644,0.477648,0.873361,-0.093578,0.04112,0.617825,0.792483,-0.497992,0.049327,0.576744,0.654651
-0.07717,0.143652,0.477655,0.873358,-0.093622,0.041107,0.617851,0.792459,-0.49801,0.04934,0.576758,0.654626
-0.077159,0.143658,0.477631,0.873371,-0.093642,0.041068,0.617829,0.792476,-0.497992,0.049388,0.57675,0.654644
-0.077162,0.143682,0.47758,0.873394,-0.093658,0.041017,0.617811,0.79249,-0.497938,0.049402,0.576756,0.654677
-0.077146,0.143664,0.477567,0.873405,-0.093632,0.041016,0.61781,0.792493,-0.497937,0.049439,0.576738,0.654693
-0.077148,0.14365,0.47759,0.873395,-0.093574,0.040983,0.617816,0.792496,-0.497928,0.049456,0.576741,0.654697
-0.077153,0.143643,0.477673,0.873351,-0.093569,0.04094,0.617869,0.792458,-0.497907,0.049465,0.576728,0.654723
-0.077153,0.143657,0.477705,0.873332,-0.093552,0.040959,0.617904,0.792432,-0.497898,0.049432,0.576673,0.654779
-0.077085,0.143634,0.477727,0.873329,-0.093545,0.040954,0.617886,0.792446,-0.497905,0.049385,0.576699,0.654754
-0.077048,0.143671,0.477687,0.873347,-0.093567,0.040982,0.617888,0.792442,-0.497884,0.049362,0.576708,0.654762
-0.077116,0.143674,0.47768,0.873346,-0.093599,0.041021,0.61789,0.792435,-0.497888,0.049375,0.576676,0.654788
-0.077137,0.143702,0.477665,0.873347,-0.093612,0.041027,0.6179,0.792426,-0.497863,0.049401,0.576692,0.654791
-0.077158,0.1437,0.477701,0.873327,-0.093639,0.041017,0.617905,0.792419,-0.497897,0.049436,0.576643,0.654806
-0.077164,0.143672,0.477728,0.873317,-0.093679,0.041034,0.617888,0.792428,-0.497901,0.049455,0.576623,0.65482
-0.077173,0.14369,0.477764,0.873295,-0.093736,0.041056,0.617853,0.792448,-0.497879,0.049509,0.576596,0.654857
-0.077183,0.143674,0.477752,0.873302,-0.093748,0.041058,0.617807,0.792482,-0.497846,0.0495,0.57661,0.654871
-0.0772,0.143653,0.477702,0.87333,-0.093694,0.041043,0.6178,0.792493,-0.497856,0.049484,0.576586,0.654885
-0.077183,0.143635,0.477689,0.873341,-0.093691,0.041046,0.617782,0.792508,-0.497837,0.049507,0.576586,0.654898
-0.077197,0.143659,0.477692,0.873335,-0.093665,0.041065,0.617785,0.792507,-0.497841,0.049456,0.576565,0.654915
-0.0772,0.143684,0.477713,0.87332,-0.093658,0.041064,0.617765,0.792523,-0.497836,0.049506,0.576555,0.654926
-0.077197,0.1437,0.477775,0.873285,-0.093695,0.04105,0.61779,0.792501,-0.497835,0.04952,0.576553,0.654927
-0.077201,0.143687,0.477741,0.873305,-0.093706,0.041006,0.617788,0.792503,-0.497833,0.049523,0.576532,0.654947
-0.077231,0.1437,0.477736,0.873303,-0.093725,0.041025,0.617838,0.792462,-0.49783,0.049522,0.576524,0.654956
-0.077212,0.14369,0.477711,0.873319,-0.093751,0.041023,0.617799,0.792489,-0.497839,0.049493,0.57654,0.654937
-0.077211,0.143711,0.477691,0.873327,-0.093757,0.041032,0.617802,0.792486,-0.497849,0.049537,0.576481,0.654979
-0.077249,0.143684,0.477652,0.873349,-0.093713,0.041037,0.61783,0.79247,-0.497851,0.04957,0.576498,0.654961
-0.077281,0.14368,0.477672,0.873336,-0.093695,0.040997,0.617851,0.792457,-0.497855,0.049541,0.576507,0.654951
-0.07729,0.143639,0.477724,0.873314,-0.093732,0.041012,0.617911,0.792406,-0.497867,0.049535,0.576506,0.654943
-0.077287,0.143624,0.47777,0.873293,-0.09368,0.041003,0.617951,0.792381,-0.497857,0.04955,0.576464,0.654987
-0.077238,0.143619,0.477762,0.873302,-0.093629,0.040983,0.617879,0.792442,-0.497856,0.049568,0.576487,0.654966
-0.077345,0.143645,0.477802,0.873267,-0.093627,0.040966,0.617921,0.792411,-0.497825,0.049553,0.576517,0.654965
-0.07738,0.143673,0.477779,0.873273,-0.093628,0.040993,0.617912,0.792417,-0.497805,0.04953,0.576514,0.654984
-0.077392,0.14371,0.477764,0.873273,-0.093604,0.040987,0.617891,0.792435,-0.49778,0.049538,0.576527,0.654992
-0.077338,0.143762,0.477715,0.873296,-0.093566,0.040961,0.617865,0.792461,-0.497789,0.049513,0.576498,0.65501
-0.077298,0.143753,0.477727,0.873295,-0.093568,0.04097,0.617846,0.792475,-0.497752,0.0495,0.576517,0.655022
-0.077289,0.143778,0.47777,0.873268,-0.09354,0.040964,0.617846,0.792478,-0.497764,0.049508,0.576536,0.654997
-0.077276,0.143777,0.477768,0.87327,-0.093517,0.040944,0.617883,0.792452,-0.497741,0.049501,0.576539,0.655011
-0.077233,0.143787,0.477818,0.873245,-0.093522,0.040869,0.617925,0.792423,-0.497737,0.049496,0.576545,0.65501
-0.077243,0.143769,0.477835,0.873238,-0.093531,0.040853,0.617947,0.792406,-0.497766,0.049451,0.576521,0.65501
-0.07729,0.143725,0.477827,0.873246,-0.093559,0.040823,0.617926,0.79242,-0.497736,0.049468,0.576506,0.655045
-0.077312,0.143725,0.477802,0.873257,-0.093512,0.040809,0.61787,0.792469,-0.497719,0.0495,0.57646,0.655097
-0.077297,0.143709,0.477761,0.873283,-0.093543,0.040824,0.617862,0.792472,-0.497724,0.049488,0.576448,0.655103
-0.077344,0.14373,0.477755,0.873279,-0.093572,0.040834,0.617862,0.792468,-0.497685,0.049475,0.576455,0.655128
-0.077381,0.143757,0.477718,0.873293,-0.093645,0.040836,0.617834,0.792482,-0.497632,0.049489,0.576453,0.655168
-0.077346,0.143828,0.47779,0.873245,-0.093668,0.040845,0.617781,0.79252,-0.497645,0.049498,0.576461,0.655153
-0.077331,0.143819,0.477794,0.873245,-0.093646,0.04085,0.617815,0.792496,-0.497648,0.049482,0.576476,0.655137
-0.077307,0.143838,0.477812,0.873234,-0.093654,0.04084,0.617818,0.792494,-0.497642,0.049494,0.576495,0.655125
-0.077326,0.143808,0.47779,0.87325,-0.093665,0.04084,0.617838,0.792477,-0.497665,0.049495,0.576517,0.655088
-0.077312,0.143814,0.477764,0.873263,-0.093719,0.040824,0.617818,0.792487,-0.49768,0.049508,0.5765,0.655092
-0.077308,0.143782,0.477787,0.873257,-0.093728,0.04076,0.617864,0.792454,-0.497633,0.04948,0.576557,0.655079
-0.077347,0.14377,0.477796,0.87325,-0.093744,0.04076,0.617888,0.792433,-0.49759,0.049437,0.576573,0.6551
-0.07733,0.143777,0.477804,0.873247,-0.093766,0.040817,0.617961,0.792373,-0.497617,0.049461,0.576557,0.655092
-0.07732,0.143748,0.477786,0.873262,-0.093721,0.040832,0.617979,0.792363,-0.497613,0.049489,0.576481,0.655159
-0.077367,0.143832,0.477746,0.873266,-0.09369,0.040865,0.617964,0.792376,-0.497592,0.049467,0.576478,0.655179
-0.077407,0.143827,0.477767,0.873253,-0.093662,0.040906,0.617964,0.792378,-0.497598,0.049475,0.576453,0.655196
-0.077407,0.14384,0.477737,0.873267,-0.093671,0.040877,0.618019,0.792335,-0.497596,0.04945,0.576445,0.655205
-0.077399,0.14385,0.477716,0.873277,-0.093721,0.040886,0.618047,0.792307,-0.497618,0.049423,0.576417,0.655214
-0.077409,0.143844,0.47769,0.873291,-0.09367,0.040879,0.618028,0.792328,-0.497602,0.049412,0.576391,0.655249
-0.077443,0.143826,0.477672,0.873301,-0.093655,0.040883,0.617997,0.792354,-0.497602,0.049449,0.576394,0.655245
-0.077452,0.143823,0.477705,0.873283,-0.093691,0.040925,0.617977,0.792363,-0.497594,0.049492,0.576396,0.655247
-0.077421,0.143813,0.477723,0.873277,-0.093711,0.040971,0.617945,0.792384,-0.497603,0.049502,0.576391,0.655245
-0.077366,0.143786,0.477707,0.873294,-0.093744,0.040971,0.617848,0.792456,-0.49757,0.049477,0.576429,0.655238
-0.0774,0.143745,0.477668,0.873319,-0.093733,0.040976,0.617815,0.792482,-0.49751,0.049469,0.576451,0.655264
-0.077389,0.14369,0.477624,0.873352,-0.093713,0.040999,0.617868,0.792442,-0.497522,0.049456,0.576444,0.655262
-0.077394,0.143681,0.47761,0.87336,-0.093681,0.040963,0.617921,0.792406,-0.497527,0.049448,0.576454,0.65525
-0.077393,0.143721,0.477616,0.873351,-0.093659,0.040921,0.617945,0.792392,-0.497523,0.049409,0.576484,0.655229
-0.077386,0.143691,0.477644,0.873342,-0.093608,0.040867,0.617935,0.792407,-0.497521,0.04942,0.576467,0.655244
-0.077397,0.143682,0.477643,0.873343,-0.093646,0.040913,0.617948,0.792391,-0.497507,0.049404,0.576483,0.655242
-0.077423,0.143735,0.477611,0.873348,-0.093612,0.040892,0.61792,0.792416,-0.497525,0.049443,0.576483,0.655226
-0.077435,0.143724,0.47761,0.87335,-0.093604,0.040874,0.617932,0.792409,-0.497567,0.049428,0.576422,0.655248
-0.077438,0.14367,0.477641,0.873342,-0.093589,0.040865,0.617963,0.792387,-0.497541,0.04942,0.576445,0.655248
-0.0774,0.143666,0.477627,0.873353,-0.093639,0.040812,0.61798,0.792371,-0.497516,0.049437,0.57648,0.655236
-0.077389,0.143668,0.477631,0.873352,-0.093659,0.040776,0.618036,0.792328,-0.49749,0.049436,0.576469,0.655264
-0.077388,0.143687,0.47765,0.873338,-0.09366,0.040762,0.618063,0.792309,-0.497487,0.049439,0.576482,0.655255
-0.07738,0.143652,0.477646,0.873347,-0.093683,0.040732,0.6181,0.792279,-0.497471,0.049433,0.576493,0.655259
-0.077402,0.143672,0.477646,0.873342,-0.09372,0.040737,0.618128,0.792253,-0.497454,0.049454,0.576498,0.655266
-0.077381,0.143719,0.477641,0.873339,-0.093699,0.04074,0.618116,0.792264,-0.49746,0.049518,0.576462,0.655291
-0.07738,0.143724,0.477654,0.873332,-0.093677,0.0407,0.618098,0.792281,-0.497432,0.049538,0.576493,0.655285
-0.077395,0.143712,0.47763,0.873345,-0.093673,0.040706,0.618138,0.792251,-0.497417,0.049538,0.576498,0.655291
-0.077409,0.143724,0.477616,0.873349,-0.093662,0.0407,0.618128,0.79226,-0.497426,0.049511,0.576463,0.655315
-0.07738,0.143689,0.47762,0.873355,-0.093634,0.040722,0.618118,0.79227,-0.497434,0.049507,0.576464,0.655309
-0.077403,0.143689,0.477667,0.873327,-0.093681,0.04073,0.618076,0.792297,-0.497375,0.049471,0.576466,0.655353
-0.077391,0.143629,0.477681,0.873331,-0.093716,0.04077,0.618065,0.7923,-0.497349,0.049456,0.576472,0.655369
-0.077412,0.143649,0.477697,0.873318,-0.093723,0.040787,0.618061,0.792302,-0.497355,0.049441,0.576478,0.655359
-0.077407,0.143632,0.47766,0.87334,-0.093738,0.040809,0.618051,0.792307,-0.49735,0.04941,0.576502,0.655344
-0.077383,0.143647,0.477685,0.873327,-0.093703,0.040811,0.618007,0.792345,-0.49735,0.049419,0.576514,0.655332
-0.077414,0.143653,0.477725,0.873303,-0.0937,0.040826,0.617997,0.792351,-0.497374,0.049369,0.576498,0.655331
-0.077454,0.143666,0.477757,0.87328,-0.093703,0.04082,0.618041,0.792318,-0.497388,0.049365,0.576464,0.65535
-0.077491,0.143668,0.477788,0.873261,-0.093758,0.040814,0.618078,0.792284,-0.497393,0.049415,0.576459,0.655348
-0.077491,0.143674,0.477813,0.873246,-0.09377,0.040795,0.61808,0.792281,-0.497444,0.049456,0.576463,0.655305
-0.07748,0.143668,0.477832,0.873238,-0.093737,0.040797,0.618098,0.792271,-0.49742,0.049466,0.576525,0.655267
-0.077509,0.143692,0.477775,0.873262,-0.093778,0.040821,0.618098,0.792266,-0.49741,0.049443,0.576542,0.655262
-0.077533,0.143727,0.477764,0.873261,-0.093803,0.040863,0.6181,0.792261,-0.497428,0.049416,0.576526,0.655263
-0.077505,0.143697,0.477711,0.873296,-0.09383,0.040851,0.618094,0.792262,-0.497423,0.049466,0.576553,0.655242
-0.077477,0.14368,0.477687,0.873313,-0.093864,0.040837,0.618033,0.792306,-0.497394,0.049411,0.576583,0.65524
-0.077478,0.143692,0.477691,0.873308,-0.093902,0.04082,0.618035,0.792302,-0.497396,0.049419,0.57661,0.655214
-0.077468,0.143643,0.477735,0.873295,-0.093882,0.040807,0.618053,0.792291,-0.497398,0.04941,0.576609,0.655214
-0.077423,0.143715,0.477741,0.873284,-0.093923,0.040762,0.618004,0.792327,-0.49741,0.049421,0.576598,0.655214
-0.077404,0.143697,0.477721,0.873298,-0.09392,0.040727,0.618001,0.792331,-0.497391,0.049403,0.576576,0.655247
-0.077404,0.143712,0.477669,0.873324,-0.093933,0.040669,0.617989,0.792342,-0.497388,0.049368,0.576587,0.655243
-0.077371,0.143758,0.477686,0.87331,-0.093964,0.040696,0.618012,0.792319,-0.497417,0.049375,0.576545,0.655258
-0.077374,0.143774,0.477675,0.873313,-0.093982,0.040718,0.618008,0.792319,-0.497437,0.049346,0.576526,0.65526
-0.077367,0.14377,0.477694,0.873304,-0.094001,0.040809,0.617992,0.792326,-0.497451,0.049357,0.5765,0.655272
-0.077357,0.143762,0.477698,0.873304,-0.093982,0.040855,0.617954,0.792354,-0.497448,0.049327,0.576497,0.655277
-0.077356,0.143772,0.47768,0.873312,-0.093962,0.040865,0.617994,0.792325,-0.497471,0.049353,0.576433,0.655314
-0.077358,0.143792,0.47769,0.873303,-0.09398,0.040817,0.61798,0.792337,-0.497451,0.049396,0.57642,0.655339
-0.077374,0.143803,0.477613,0.873341,-0.093983,0.040753,0.617936,0.792373,-0.497445,0.049416,0.576401,0.655359
-0.077367,0.143796,0.477593,0.873353,-0.093986,0.040716,0.617904,0.792399,-0.497432,0.049401,0.576402,0.655369
-0.077394,0.143812,0.477581,0.873355,-0.093991,0.040692,0.617884,0.792415,-0.497425,0.049439,0.576368,0.655401
-0.077397,0.143786,0.477618,0.873339,-0.093968,0.04064,0.617872,0.792429,-0.497449,0.049414,0.57638,0.655375
-0.077442,0.143787,0.477626,0.873331,-0.093966,0.040582,0.617924,0.792392,-0.497456,0.049433,0.576382,0.655366
-0.077432,0.143769,0.477631,0.873333,-0.093993,0.040578,0.618014,0.79232,-0.497401,0.049424,0.5764,0.655393
-0.077442,0.14377,0.477637,0.873329,-0.093994,0.040549,0.618013,0.792321,-0.49742,0.049407,0.576386,0.655392
-0.077412,0.143758,0.477661,0.87332,-0.093997,0.040553,0.618005,0.792328,-0.497382,0.049426,0.576414,0.655395
-0.077424,0.143753,0.477675,0.873313,-0.093967,0.040527,0.61805,0.792297,-0.497354,0.049404,0.576436,0.655398
-0.077455,0.143775,0.477725,0.873279,-0.093993,0.040524,0.618029,0.792312,-0.497354,0.049435,0.576471,0.655367
-0.077418,0.143772,0.477714,0.873289,-0.09399,0.040502,0.618035,0.792308,-0.497356,0.049403,0.57647,0.655368
-0.077435,0.143744,0.477726,0.873285,-0.094005,0.040547,0.618034,0.792306,-0.497309,0.049392,0.57646,0.655412
-0.077494,0.143753,0.477757,0.873264,-0.094014,0.040539,0.61801,0.792322,-0.497315,0.049385,0.576428,0.655434
-0.077485,0.143781,0.477688,0.873295,-0.094007,0.040515,0.618032,0.792307,-0.497305,0.049343,0.576389,0.655479
-0.07752,0.143788,0.477649,0.873313,-0.094057,0.040573,0.618016,0.792312,-0.497322,0.049353,0.576374,0.655478
-0.077592,0.14377,0.477612,0.87333,-0.094062,0.040607,0.618035,0.792295,-0.49734,0.04932,0.576345,0.655491
-0.077638,0.143765,0.477599,0.873334,-0.094084,0.04061,0.618072,0.792265,-0.497307,0.049362,0.576309,0.655546
-0.077627,0.143719,0.477627,0.873327,-0.094101,0.040601,0.618051,0.792279,-0.497318,0.049399,0.576294,0.655549
-0.077553,0.143744,0.477613,0.873337,-0.0941,0.040629,0.617999,0.792319,-0.497371,0.049403,0.576265,0.655533
-0.077562,0.143753,0.477639,0.87332,-0.094115,0.040611,0.618003,0.792314,-0.497336,0.04939,0.576287,0.655541
-0.077552,0.143743,0.477615,0.873335,-0.094095,0.040615,0.618019,0.792304,-0.497312,0.049409,0.576251,0.655589
-0.077607,0.143782,0.477609,0.873329,-0.094088,0.040619,0.617946,0.792361,-0.497307,0.049428,0.576247,0.655597
-0.077574,0.143805,0.477629,0.873317,-0.094115,0.040595,0.617917,0.792382,-0.49731,0.049405,0.57622,0.655619
-0.077571,0.14383,0.477623,0.873316,-0.094166,0.040625,0.617913,0.792379,-0.497313,0.049388,0.576231,0.655608
-0.077628,0.143854,0.477632,0.873303,-0.094167,0.040631,0.61792,0.792372,-0.497308,0.049349,0.576191,0.655647
-0.077627,0.143872,0.477662,0.873285,-0.09418,0.040602,0.617925,0.792368,-0.497279,0.049364,0.576184,0.655676
-0.077583,0.143896,0.477673,0.873278,-0.094188,0.04058,0.617917,0.792374,-0.497288,0.049384,0.576183,0.655669
-0.077558,0.143915,0.47765,0.873289,-0.0942,0.040612,0.617916,0.792372,-0.497302,0.049401,0.57618,0.655659
-0.077566,0.143944,0.477677,0.87327,-0.094199,0.04061,0.617906,0.79238,-0.497239,0.04939,0.576205,0.655685
-0.077527,0.14392,0.477721,0.873252,-0.0942,0.04061,0.617901,0.792384,-0.497183,0.049364,0.576283,0.655661
-0.077521,0.143936,0.477737,0.873243,-0.094197,0.040601,0.617909,0.792378,-0.497165,0.049338,0.576316,0.655648
-0.077496,0.14392,0.477738,0.873246,-0.094149,0.040581,0.617886,0.792403,-0.49718,0.049328,0.576366,0.655593
-0.077542,0.143914,0.477787,0.873218,-0.094126,0.040569,0.617869,0.792418,-0.497163,0.049315,0.576421,0.65556
-0.077541,0.143967,0.477824,0.873189,-0.094098,0.040611,0.617845,0.792438,-0.497188,0.049362,0.576429,0.655532
-0.077557,0.143988,0.477806,0.873195,-0.09407,0.040571,0.617843,0.792444,-0.497219,0.049379,0.576465,0.655475
-0.077575,0.14401,0.477803,0.873191,-0.094102,0.040585,0.61789,0.792403,-0.497235,0.049374,0.576491,0.655442
-0.077602,0.144012,0.477819,0.873181,-0.094153,0.040629,0.617934,0.792363,-0.497211,0.049425,0.576458,0.655486
-0.077659,0.144023,0.477847,0.873159,-0.09421,0.040617,0.617916,0.792372,-0.497214,0.049465,0.576466,0.655476
-0.077703,0.144031,0.477866,0.873144,-0.094262,0.040626,0.617879,0.792394,-0.497201,0.049485,0.576462,0.655487
-0.077704,0.14404,0.477889,0.873131,-0.094215,0.040618,0.617854,0.79242,-0.497181,0.0495,0.576501,0.655469
-0.077712,0.144043,0.477929,0.873109,-0.094214,0.040634,0.617831,0.792435,-0.497178,0.049517,0.57651,0.65546
-0.077699,0.143997,0.477946,0.873108,-0.094208,0.0406,0.617777,0.792479,-0.497179,0.049524,0.576474,0.655492
-0.077666,0.143961,0.477963,0.873107,-0.094221,0.040589,0.617759,0.792492,-0.497177,0.049506,0.5765,0.655471
-0.077662,0.143921,0.478038,0.873074,-0.094201,0.040561,0.617769,0.792488,-0.497154,0.049554,0.576539,0.655452
-0.077607,0.143866,0.478079,0.873065,-0.094202,0.040529,0.617767,0.792492,-0.497155,0.04956,0.576557,0.655437
-0.077617,0.143886,0.478105,0.873047,-0.094231,0.040528,0.617799,0.792463,-0.497143,0.049579,0.576607,0.655402
-0.077552,0.14386,0.478188,0.873012,-0.094284,0.040564,0.617845,0.792421,-0.497158,0.049649,0.576636,0.655362
-0.077523,0.143894,0.478215,0.872995,-0.094246,0.040565,0.617851,0.792421,-0.497137,0.049708,0.576746,0.655277
-0.077556,0.143912,0.478236,0.872979,-0.094294,0.04058,0.617923,0.792359,-0.497115,0.049721,0.576772,0.655271
-0.077563,0.143934,0.478251,0.872966,-0.094293,0.040575,0.617953,0.792337,-0.497068,0.049788,0.576806,0.655275
-0.07758,0.143919,0.478273,0.872956,-0.094352,0.040581,0.617982,0.792308,-0.497089,0.049824,0.576833,0.655233
-0.077591,0.143915,0.478277,0.872953,-0.094397,0.040582,0.617992,0.792296,-0.497097,0.049822,0.576898,0.65517
-0.07756,0.143875,0.478298,0.872951,-0.09437,0.040598,0.618016,0.792279,-0.497106,0.04986,0.576915,0.655148
-0.077512,0.143888,0.478272,0.872966,-0.094354,0.040565,0.618038,0.792265,-0.497061,0.049845,0.576974,0.655131
-0.077495,0.143918,0.478281,0.872958,-0.094362,0.040557,0.617998,0.792296,-0.497063,0.04985,0.577012,0.655097
-0.077536,0.143949,0.478287,0.872947,-0.094365,0.040562,0.618002,0.792293,-0.497063,0.0498,0.577051,0.655065
-0.077513,0.14391,0.478275,0.872961,-0.094407,0.04052,0.617979,0.792308,-0.497037,0.049801,0.577096,0.655046
-0.077503,0.143913,0.478254,0.872973,-0.094384,0.040504,0.618001,0.792293,-0.497008,0.049754,0.577153,0.65502
-0.077512,0.143907,0.478259,0.872971,-0.094387,0.040494,0.618027,0.792273,-0.496974,0.049755,0.577145,0.655052
-0.077496,0.143901,0.478257,0.872974,-0.094379,0.040487,0.618045,0.792262,-0.496972,0.04974,0.577208,0.655
-0.077536,0.143916,0.478258,0.872967,-0.094364,0.040454,0.618089,0.792231,-0.496958,0.049779,0.577225,0.654993
-0.077499,0.143911,0.478224,0.872989,-0.094415,0.040435,0.618111,0.792209,-0.496947,0.04975,0.57725,0.654981
-0.077427,0.143891,0.478249,0.872984,-0.094411,0.040413,0.618087,0.792229,-0.49694,0.049756,0.577245,0.65499
-0.077398,0.143882,0.478241,0.872993,-0.094442,0.040424,0.618131,0.792191,-0.49694,0.049793,0.577266,0.654971
-0.077361,0.143911,0.478223,0.873001,-0.09445,0.040404,0.618115,0.792203,-0.496925,0.049795,0.577314,0.654939
-0.077366,0.143954,0.478219,0.872995,-0.094468,0.040414,0.618085,0.792224,-0.496924,0.049825,0.577335,0.654922
-0.077429,0.143997,0.478241,0.872972,-0.094489,0.040358,0.618055,0.792248,-0.496934,0.049872,0.577285,0.654955
-0.07743,0.144018,0.478207,0.872985,-0.094515,0.040392,0.618022,0.792268,-0.496942,0.049873,0.577265,0.654967
-0.077479,0.143966,0.478234,0.872976,-0.094545,0.040413,0.618006,0.792278,-0.496925,0.049871,0.577309,0.654941
-0.077476,0.144001,0.478221,0.872978,-0.094551,0.040395,0.618042,0.79225,-0.496937,0.049858,0.577308,0.654934
-0.077484,0.14402,0.478214,0.872977,-0.09457,0.040401,0.618045,0.792245,-0.496912,0.049878,0.577318,0.654941
-0.077464,0.144009,0.478194,0.872992,-0.094602,0.040364,0.618042,0.792246,-0.496949,0.049886,0.577306,0.654926
-0.077484,0.143988,0.478217,0.872981,-0.0946,0.040407,0.618035,0.79225,-0.49693,0.049893,0.577366,0.654886
-0.077466,0.143967,0.478219,0.872985,-0.094568,0.040413,0.618052,0.792239,-0.496914,0.049908,0.577387,0.654879
-0.077486,0.143985,0.47822,0.872981,-0.094526,0.040404,0.618029,0.792262,-0.496889,0.049935,0.577415,0.654873
-0.077481,0.144044,0.478239,0.872962,-0.094495,0.04043,0.618005,0.792282,-0.496832,0.04993,0.577462,0.654874
-0.077514,0.144067,0.478288,0.872929,-0.094546,0.040422,0.617991,0.792289,-0.496805,0.049956,0.577491,0.654869
-0.077542,0.144119,0.478284,0.872921,-0.094564,0.040418,0.618059,0.792234,-0.496813,0.049975,0.57749,0.654863
-0.077512,0.14413,0.478352,0.872885,-0.094614,0.040419,0.618093,0.792203,-0.49686,0.049988,0.577465,0.654849
-0.077544,0.144153,0.478353,0.872878,-0.094651,0.040399,0.618125,0.792176,-0.496877,0.050006,0.577439,0.654857
-0.07758,0.14417,0.478329,0.872885,-0.094645,0.040396,0.618124,0.792177,-0.496846,0.050086,0.57745,0.654867
-0.077566,0.144195,0.478291,0.872902,-0.094665,0.040412,0.618102,0.792191,-0.496816,0.050082,0.577441,0.654899
-0.077576,0.14425,0.478285,0.872896,-0.094665,0.040431,0.618066,0.792218,-0.496822,0.050075,0.577477,0.654863
-0.077623,0.1443,0.478313,0.872869,-0.094644,0.040423,0.61808,0.79221,-0.496801,0.050059,0.577512,0.654848
-0.077644,0.14437,0.478333,0.872846,-0.094652,0.040422,0.618109,0.792187,-0.496793,0.050072,0.577554,0.654818
-0.077615,0.144383,0.478332,0.872847,-0.094653,0.040391,0.618112,0.792185,-0.496784,0.05008,0.577605,0.65478
-0.077585,0.14439,0.478332,0.872847,-0.094669,0.040385,0.618109,0.792187,-0.496745,0.050125,0.577593,0.654817
-0.077584,0.144395,0.478305,0.872862,-0.094713,0.040415,0.618082,0.792201,-0.49675,0.050148,0.5776,0.654806
-0.077625,0.144435,0.478253,0.872879,-0.094735,0.040415,0.618041,0.79223,-0.496744,0.050142,0.577619,0.654795
-0.077616,0.144412,0.47825,0.872886,-0.094733,0.040435,0.618018,0.792248,-0.496747,0.050184,0.577652,0.654762
-0.077586,0.144441,0.478292,0.87286,-0.094749,0.040424,0.618051,0.792222,-0.496748,0.050223,0.577691,0.654725
-0.077616,0.144457,0.478314,0.872844,-0.094762,0.040433,0.618068,0.792206,-0.496739,0.050193,0.577779,0.654657
-0.077605,0.144438,0.47836,0.872824,-0.094763,0.04044,0.618133,0.792157,-0.49675,0.05017,0.577856,0.654583
-0.077594,0.144395,0.47842,0.872799,-0.094769,0.04041,0.618166,0.792131,-0.496755,0.0502,0.577881,0.654554
-0.077624,0.144386,0.478421,0.872798,-0.094804,0.040405,0.618204,0.792099,-0.496774,0.05023,0.577879,0.654541
-0.077645,0.144397,0.478414,0.872799,-0.094795,0.040394,0.6182,0.792104,-0.496751,0.050258,0.577907,0.654532
-0.077658,0.14436,0.478398,0.872812,-0.094839,0.040389,0.618149,0.792138,-0.496775,0.050291,0.577908,0.654512
-0.07764,0.144399,0.478372,0.872821,-0.094814,0.040369,0.618125,0.792161,-0.496795,0.050355,0.577924,0.654481
-0.077642,0.144454,0.478367,0.872815,-0.094787,0.040372,0.618132,0.792158,-0.496783,0.050413,0.577905,0.654503
-0.077665,0.144492,0.478393,0.872792,-0.094772,0.04038,0.618156,0.792139,-0.496784,0.050483,0.577916,0.654489
-0.077671,0.144507,0.478424,0.872774,-0.094779,0.040371,0.618187,0.792116,-0.496821,0.050517,0.577884,0.654487
-0.077607,0.144514,0.478466,0.872755,-0.094815,0.040381,0.618211,0.792094,-0.496782,0.050518,0.577947,0.654463
-0.077635,0.144533,0.478438,0.872764,-0.094794,0.040352,0.618261,0.792058,-0.496795,0.050546,0.577985,0.654419
-0.077671,0.144508,0.478454,0.872758,-0.094803,0.040324,0.618279,0.792044,-0.496776,0.050542,0.578042,0.654382
-0.077659,0.144497,0.478495,0.872738,-0.094833,0.040366,0.618303,0.792021,-0.496744,0.050544,0.578085,0.65437
-0.077634,0.144521,0.478589,0.872686,-0.094851,0.040366,0.618269,0.792046,-0.496736,0.0505,0.578087,0.654375
-0.077584,0.144482,0.478668,0.872654,-0.094891,0.040363,0.618252,0.792054,-0.49674,0.050494,0.578077,0.654382
-0.077574,0.144453,0.478732,0.872626,-0.094878,0.040374,0.618317,0.792006,-0.496724,0.050476,0.578098,0.654376
-0.077583,0.144439,0.478805,0.872588,-0.094891,0.040359,0.618333,0.791992,-0.496757,0.050476,0.57807,0.654376
-0.0776,0.144415,0.478811,0.872587,-0.094867,0.040369,0.618391,0.79195,-0.496774,0.050535,0.578038,0.654388
-0.0776,0.14441,0.478793,0.872599,-0.094861,0.04035,0.618407,0.791939,-0.496769,0.050567,0.578025,0.654401
-0.077596,0.144434,0.478787,0.872598,-0.094875,0.040353,0.618411,0.791933,-0.496782,0.050577,0.578031,0.654386
-0.077618,0.14449,0.478764,0.8726,-0.09495,0.040351,0.618389,0.791944,-0.496782,0.050577,0.578,0.654414
-0.077631,0.144548,0.47876,0.872591,-0.094935,0.040369,0.618371,0.791958,-0.496788,0.050606,0.577981,0.654423
-0.077621,0.144576,0.478733,0.872601,-0.09493,0.040368,0.618424,0.791918,-0.496852,0.050628,0.577921,0.654427
-0.077587,0.144509,0.478786,0.872587,-0.094946,0.040334,0.618464,0.791887,-0.496852,0.050646,0.57791,0.654436
-0.077636,0.144513,0.478771,0.872591,-0.094955,0.04034,0.618474,0.791878,-0.496827,0.050632,0.577871,0.654489
-0.077586,0.144467,0.478701,0.872639,-0.094934,0.040298,0.618415,0.791927,-0.4968,0.05067,0.577856,0.654521
-0.077561,0.144449,0.478713,0.872637,-0.094986,0.040265,0.618407,0.79193,-0.496774,0.050645,0.57787,0.654529
-0.07752,0.144416,0.478709,0.872647,-0.094952,0.040227,0.618383,0.791953,-0.496758,0.050659,0.577896,0.654518
-0.077501,0.144432,0.478716,0.872643,-0.094943,0.040239,0.618353,0.791977,-0.496758,0.050633,0.577871,0.654542
-0.077436,0.144473,0.478653,0.872675,-0.094956,0.040243,0.618322,0.792,-0.496771,0.05062,0.577851,0.654549
-0.077395,0.144478,0.478623,0.872693,-0.094938,0.040161,0.61832,0.792007,-0.49675,0.050607,0.577791,0.654618
-0.077421,0.144512,0.478595,0.872701,-0.094907,0.040074,0.618293,0.792035,-0.496755,0.050499,0.577775,0.654634
-0.077423,0.144577,0.478552,0.872713,-0.094908,0.040089,0.618321,0.792012,-0.496742,0.050434,0.577757,0.654662
-0.077401,0.144617,0.478507,0.872732,-0.094886,0.040111,0.618287,0.792041,-0.496758,0.050372,0.577687,0.654714
-0.077412,0.144625,0.478462,0.872754,-0.094879,0.04011,0.618233,0.792081,-0.496778,0.050328,0.577664,0.65472
-0.077411,0.144617,0.478413,0.872781,-0.094836,0.040107,0.618223,0.792094,-0.496778,0.050238,0.577666,0.654724
-0.077406,0.144647,0.478396,0.872786,-0.094866,0.040097,0.618152,0.792146,-0.496744,0.05026,0.577637,0.654772
-0.077397,0.144661,0.478365,0.872801,-0.094873,0.040083,0.618145,0.792152,-0.49675,0.050228,0.577534,0.654859
-0.077361,0.144659,0.478343,0.872815,-0.094857,0.040096,0.618089,0.792196,-0.496796,0.050262,0.577473,0.654877
-0.077369,0.144657,0.478365,0.872804,-0.094838,0.040088,0.618078,0.792207,-0.496817,0.050271,0.577441,0.654888
-0.077392,0.14469,0.478369,0.872794,-0.094877,0.040107,0.618071,0.792207,-0.496814,0.050219,0.577428,0.654905
-0.077439,0.144743,0.478388,0.872772,-0.094827,0.040134,0.618093,0.792194,-0.496779,0.050186,0.577431,0.654931
-0.077426,0.144744,0.478362,0.872788,-0.094849,0.040142,0.618098,0.792187,-0.496829,0.050186,0.577375,0.65494
-0.077468,0.14475,0.478323,0.872804,-0.094849,0.040107,0.618097,0.79219,-0.49687,0.050225,0.577295,0.654979
-0.077563,0.144784,0.47828,0.872813,-0.09487,0.040071,0.618106,0.792182,-0.496882,0.050201,0.577249,0.65501
-0.077599,0.144801,0.47826,0.872819,-0.094841,0.040041,0.618058,0.792223,-0.496889,0.050225,0.577223,0.655027
-0.077578,0.1448,0.478257,0.872822,-0.094868,0.040036,0.618031,0.792242,-0.496893,0.050257,0.57719,0.65505
-0.077589,0.144813,0.478262,0.872816,-0.094895,0.040025,0.61803,0.792241,-0.496969,0.05019,0.577154,0.655029
-0.077654,0.144805,0.478228,0.872831,-0.094941,0.040027,0.617998,0.792261,-0.496935,0.05022,0.577104,0.655095
-0.077601,0.144818,0.478237,0.872828,-0.094916,0.040034,0.617986,0.792272,-0.49693,0.050256,0.577087,0.655113
-0.07762,0.144801,0.478226,0.872836,-0.094962,0.04003,0.617977,0.792275,-0.49693,0.050246,0.577009,0.655181
-0.077635,0.144812,0.478232,0.872829,-0.094969,0.040055,0.617965,0.792281,-0.496898,0.050197,0.576959,0.65525
-0.077632,0.144771,0.478212,0.872846,-0.094987,0.04004,0.617936,0.792303,-0.496916,0.050157,0.576928,0.655266
-0.077655,0.144778,0.478221,0.872839,-0.094994,0.040076,0.617913,0.792318,-0.496947,0.050098,0.576876,0.65529
-0.077639,0.144766,0.478194,0.872856,-0.094983,0.040084,0.617889,0.792339,-0.49694,0.0501,0.576848,0.65532
-0.077647,0.144776,0.478193,0.872855,-0.09499,0.040087,0.617906,0.792323,-0.496973,0.05007,0.576828,0.655315
-0.077682,0.144804,0.478192,0.872848,-0.094992,0.040064,0.617939,0.792299,-0.496957,0.050049,0.576832,0.655324
-0.077679,0.144774,0.478187,0.872857,-0.094974,0.040066,0.617921,0.792314,-0.496925,0.050017,0.576806,0.655371
-0.077679,0.144752,0.478215,0.872845,-0.094967,0.040068,0.617899,0.792333,-0.496932,0.050035,0.576812,0.65536
-0.077672,0.144741,0.478224,0.872842,-0.09497,0.040071,0.617916,0.792319,-0.496951,0.050046,0.57683,0.655331
-0.077685,0.144701,0.478198,0.872861,-0.094958,0.040083,0.617986,0.792265,-0.496938,0.050073,0.576818,0.65535
-0.077679,0.144704,0.478163,0.87288,-0.094964,0.040111,0.618032,0.792228,-0.496939,0.050078,0.576826,0.655341
-0.077671,0.144724,0.478124,0.872898,-0.094933,0.04005,0.618055,0.792216,-0.496954,0.050115,0.57679,0.65536
-0.077679,0.144679,0.478108,0.872913,-0.09494,0.040022,0.618046,0.792223,-0.49695,0.050108,0.576793,0.655361
-0.077711,0.144676,0.478125,0.872903,-0.094945,0.040026,0.618055,0.792217,-0.496954,0.050098,0.576789,0.655361
-0.07773,0.14473,0.478125,0.872892,-0.094893,0.039978,0.61806,0.79222,-0.496971,0.050157,0.576776,0.655358
-0.077725,0.144728,0.478129,0.872891,-0.094892,0.039991,0.61808,0.792204,-0.496981,0.050174,0.576787,0.655339
-0.077709,0.14472,0.478131,0.872893,-0.094881,0.040058,0.618074,0.792207,-0.496964,0.050164,0.576808,0.655334
-0.077722,0.14477,0.478111,0.872894,-0.094872,0.040083,0.618087,0.792196,-0.496957,0.050206,0.576863,0.655288
-0.077689,0.144799,0.478073,0.872912,-0.09489,0.04013,0.618121,0.792166,-0.496955,0.0502,0.5769,0.65526
-0.077706,0.144835,0.478117,0.872881,-0.094854,0.040128,0.618112,0.792177,-0.496966,0.050227,0.576885,0.655262
-0.077695,0.144832,0.478101,0.872891,-0.094887,0.040115,0.618065,0.792211,-0.496928,0.050197,0.576926,0.655256
-0.077721,0.144825,0.478127,0.872876,-0.094894,0.040069,0.618108,0.792178,-0.496888,0.05015,0.576913,0.6553
-0.077727,0.144794,0.478117,0.872886,-0.094894,0.040018,0.61808,0.792203,-0.496857,0.050215,0.576916,0.655319
-0.077695,0.144836,0.478149,0.872865,-0.094929,0.040002,0.618056,0.792218,-0.496868,0.050247,0.576881,0.655339
-0.077732,0.144847,0.478174,0.872847,-0.09494,0.040001,0.618053,0.792219,-0.496832,0.05022,0.576852,0.655392
-0.0777430575933396,0.144841643192113,0.478200406847869,0.872833948275862,-0.0949557482343027,0.0400018888888889,0.61805032421765,0.792219543953945,-0.496802251119963,0.0502223777971802,0.576836289794482,0.655429079161106
-0.0777519092750303,0.144827035992539,0.478229671876383,0.872821413793104,-0.0949750836153054,0.0400041111111111,0.618048325215778,0.792219841802049,-0.49677237921133,0.0502291422843099,0.576825053236271,0.65546301423508
-0.0777586422008068,0.14480537323741,0.478258379395698,0.872810224137931,-0.0949980913126922,0.040007,0.61804609814373,0.792220064937509,-0.49674485120956,0.050239740104773,0.576816098151542,0.655492989538938
-0.077763343526404,0.144778849762856,0.478283113715969,0.872801206896552,-0.0950248564961474,0.0400098888888889,0.618042738150854,0.792220384753523,-0.49672213405011,0.0502536179019532,0.576807232366471,0.6555181893897
-0.0777661004075568,0.144749660405009,0.478300459147351,0.872795189655172,-0.0950554643353553,0.0400121111111111,0.618037340386495,0.792220972643288,-0.496706694668437,0.0502702223192343,0.576796263707231,0.655537798104381
-0.077767,0.14472,0.478307,0.872793,-0.09509,0.040013,0.618029,0.792222,-0.496701,0.050289,0.576781,0.655551
-0.077747,0.144682,0.478307,0.872801,-0.095141,0.039954,0.617859,0.79235,-0.496719,0.050324,0.576754,0.655558
-0.077742,0.144669,0.478313,0.872801,-0.095144,0.039937,0.617871,0.792341,-0.496772,0.050346,0.576744,0.655525
-0.077788,0.144733,0.478323,0.872782,-0.095156,0.039933,0.61791,0.79231,-0.496754,0.050373,0.576776,0.655512
-0.077758,0.144743,0.478308,0.87279,-0.095186,0.039972,0.617946,0.792278,-0.496734,0.050344,0.576811,0.655496
-0.077763,0.144754,0.478304,0.87279,-0.095239,0.039949,0.617938,0.792279,-0.496741,0.050347,0.576813,0.65549
-0.077722,0.144762,0.47833,0.872778,-0.095253,0.040002,0.617944,0.792271,-0.496753,0.050366,0.576798,0.655492
-0.077728,0.144784,0.478347,0.872765,-0.095303,0.039951,0.617965,0.792252,-0.496708,0.050323,0.576835,0.655496
-0.077786,0.144849,0.478362,0.872743,-0.095326,0.039977,0.617972,0.792243,-0.496703,0.05034,0.576826,0.655506
-0.077789,0.14483,0.47835,0.872752,-0.095339,0.039947,0.61799,0.792229,-0.496704,0.050355,0.576804,0.655525
-0.077845,0.14484,0.478359,0.872741,-0.09528,0.039946,0.617979,0.792243,-0.49667,0.050341,0.576815,0.655541
-0.077915,0.14482,0.478342,0.872748,-0.095261,0.039955,0.617953,0.792265,-0.496654,0.050366,0.576806,0.65556
-0.077907,0.144851,0.478334,0.872748,-0.0953,0.039932,0.617977,0.792244,-0.496618,0.050376,0.576756,0.65563
-0.077959,0.144901,0.478302,0.872753,-0.095337,0.039903,0.618024,0.792204,-0.496648,0.05036,0.57668,0.655675
-0.077968,0.144927,0.478284,0.872757,-0.095313,0.039914,0.618037,0.792197,-0.496636,0.050358,0.576651,0.655709
-0.078002,0.144889,0.478297,0.872754,-0.09525,0.039904,0.617995,0.792237,-0.496635,0.050362,0.576641,0.655718
-0.077983,0.1449,0.478257,0.872775,-0.095277,0.039917,0.617943,0.792273,-0.49663,0.050326,0.576629,0.655734
-0.077956,0.144924,0.478212,0.872797,-0.095323,0.039914,0.617908,0.792296,-0.496597,0.050314,0.576575,0.655807
-0.07788,0.14494,0.478214,0.8728,-0.095343,0.039889,0.617897,0.792303,-0.496598,0.050306,0.576538,0.655838
-0.077894,0.144922,0.478203,0.872807,-0.095374,0.0399,0.617885,0.792308,-0.496599,0.050349,0.57653,0.655842
-0.077875,0.144905,0.478191,0.872817,-0.095355,0.039908,0.617911,0.79229,-0.496586,0.050322,0.57655,0.655836
-0.077878,0.1449,0.478187,0.872821,-0.095322,0.039938,0.617918,0.792287,-0.496536,0.050331,0.576507,0.655911
-0.077877,0.144919,0.478121,0.872852,-0.095344,0.039916,0.617926,0.792279,-0.496556,0.050287,0.576474,0.655926
-0.077925,0.144886,0.478152,0.872838,-0.095329,0.039923,0.617968,0.792248,-0.496551,0.050286,0.576509,0.655899
-0.077976,0.144878,0.478155,0.872833,-0.095369,0.03993,0.617944,0.792262,-0.496527,0.05028,0.576512,0.655916
-0.077976,0.144902,0.478125,0.872846,-0.095357,0.03993,0.617986,0.792231,-0.496524,0.050298,0.576488,0.655937
-0.077905,0.144947,0.478064,0.872876,-0.095386,0.039913,0.617961,0.792248,-0.496519,0.050288,0.576481,0.655948
-0.0779,0.144924,0.478094,0.872864,-0.095348,0.039914,0.617955,0.792257,-0.496504,0.050302,0.57651,0.655934
-0.077875,0.144895,0.478067,0.872885,-0.095358,0.039918,0.617954,0.792256,-0.496507,0.050279,0.576517,0.655926
-0.077857,0.144889,0.478016,0.872915,-0.095383,0.039922,0.617936,0.792267,-0.49654,0.050255,0.576513,0.655906
-0.077872,0.144861,0.478026,0.872913,-0.095406,0.039911,0.617942,0.792261,-0.496545,0.050252,0.576565,0.655856
-0.077879,0.14483,0.47801,0.872926,-0.095391,0.039913,0.617893,0.792299,-0.496531,0.050239,0.576531,0.655898
-0.077914,0.144858,0.478033,0.872906,-0.095429,0.03997,0.617898,0.792289,-0.496523,0.050258,0.576509,0.655922
-0.077915,0.144866,0.478092,0.872873,-0.095459,0.039979,0.617906,0.792279,-0.49654,0.050228,0.576451,0.655961
-0.077941,0.144854,0.478126,0.872855,-0.095422,0.040011,0.617914,0.792276,-0.49652,0.050251,0.576481,0.655949
-0.077957,0.144816,0.47811,0.872868,-0.095424,0.040039,0.61792,0.792271,-0.49652,0.050217,0.576492,0.65594
-0.077961,0.144765,0.478103,0.87288,-0.095408,0.040018,0.617961,0.792241,-0.496502,0.050221,0.576498,0.655948
-0.077969,0.144754,0.478091,0.872888,-0.09542,0.039972,0.617988,0.792221,-0.496528,0.050201,0.576502,0.655927
-0.077934,0.144739,0.478111,0.872882,-0.095399,0.039924,0.617995,0.79222,-0.496548,0.050193,0.576547,0.655874
-0.077983,0.144746,0.478116,0.872875,-0.095436,0.039894,0.617975,0.792233,-0.496469,0.050189,0.576589,0.655896
-0.078026,0.144735,0.478108,0.872877,-0.095466,0.039878,0.617967,0.792237,-0.49644,0.050177,0.5766,0.655909
-0.078037,0.144768,0.478124,0.872863,-0.095438,0.039842,0.617938,0.792264,-0.496415,0.050194,0.576591,0.655935
-0.078034,0.144823,0.478116,0.872859,-0.095445,0.039831,0.617902,0.792292,-0.496407,0.050215,0.576578,0.655951
-0.078085,0.144877,0.478058,0.872877,-0.095427,0.039861,0.617908,0.792287,-0.496381,0.050239,0.576588,0.65596
-0.078124,0.144872,0.47802,0.872895,-0.095458,0.039905,0.617828,0.792343,-0.496405,0.050209,0.576604,0.655931
-0.078121,0.144879,0.477999,0.872905,-0.095511,0.039923,0.617835,0.792331,-0.496393,0.050258,0.576602,0.655939
-0.078119,0.144851,0.477981,0.872919,-0.095504,0.039862,0.617849,0.792324,-0.496411,0.050265,0.576593,0.655934
-0.078185,0.144856,0.477945,0.872932,-0.095521,0.039828,0.617928,0.792263,-0.496394,0.050223,0.576627,0.655918
-0.078165,0.144845,0.477967,0.872923,-0.095477,0.039812,0.617966,0.792239,-0.496386,0.050232,0.576625,0.655926
-0.078175,0.14485,0.477983,0.872914,-0.095454,0.039833,0.617952,0.792251,-0.496395,0.050259,0.57663,0.655914
-0.078157,0.144886,0.477995,0.872903,-0.09547,0.039823,0.617955,0.792248,-0.496365,0.050266,0.576667,0.655903
-0.078175,0.144911,0.477985,0.872903,-0.09548,0.039828,0.617952,0.792249,-0.496344,0.050269,0.576725,0.655869
-0.078204,0.144926,0.477932,0.872926,-0.095448,0.039784,0.617966,0.792242,-0.496299,0.050219,0.576783,0.655854
-0.078207,0.144909,0.477943,0.872923,-0.095407,0.039747,0.617999,0.792224,-0.496279,0.050212,0.576842,0.655818
-0.078176,0.144903,0.47794,0.872928,-0.095382,0.039753,0.617997,0.792228,-0.496268,0.050182,0.576877,0.655797
-0.078179,0.1449,0.477957,0.872919,-0.095378,0.0397,0.618014,0.792217,-0.496222,0.050206,0.576905,0.655807
-0.07818,0.144902,0.477969,0.872913,-0.095369,0.039695,0.618019,0.792215,-0.49621,0.050215,0.576881,0.655837
-0.078176,0.144957,0.478005,0.872885,-0.095362,0.039724,0.61803,0.792206,-0.496197,0.050223,0.576865,0.65586
-0.078143,0.144935,0.477966,0.872912,-0.095385,0.039729,0.618002,0.792224,-0.496186,0.050198,0.576839,0.655893
-0.078193,0.144946,0.477964,0.872907,-0.095378,0.039691,0.617947,0.792269,-0.496158,0.050169,0.576794,0.655954
-0.078198,0.144993,0.47798,0.87289,-0.095435,0.039724,0.617932,0.792273,-0.496183,0.050209,0.576775,0.655948
-0.078189,0.145022,0.478012,0.872869,-0.09546,0.039763,0.617915,0.792282,-0.496129,0.050165,0.576816,0.655957
-0.07817,0.144984,0.478035,0.872865,-0.095479,0.039742,0.617969,0.79224,-0.496093,0.050126,0.576821,0.65598
-0.078185,0.144937,0.478112,0.872831,-0.095513,0.039706,0.618023,0.792197,-0.496085,0.050136,0.57681,0.655996
-0.07819,0.14496,0.478148,0.872807,-0.095536,0.039682,0.618032,0.792188,-0.496029,0.050149,0.576836,0.656015
-0.078192,0.144949,0.478154,0.872806,-0.095569,0.039639,0.61804,0.79218,-0.495993,0.050194,0.576822,0.656051
-0.078199,0.144917,0.478121,0.872828,-0.095551,0.039625,0.617997,0.792215,-0.496,0.050219,0.576809,0.656057
-0.078194,0.144922,0.478122,0.872826,-0.095519,0.039617,0.618027,0.792197,-0.495989,0.050239,0.576819,0.656055
-0.078171,0.144931,0.478134,0.872821,-0.095509,0.039665,0.618005,0.792213,-0.495956,0.050212,0.57684,0.656063
-0.078161,0.144981,0.478119,0.872822,-0.095512,0.039689,0.618011,0.792206,-0.495965,0.050224,0.576855,0.656043
-0.0782,0.14496,0.478168,0.872796,-0.095568,0.039686,0.618006,0.792204,-0.496007,0.050217,0.576867,0.656
-0.078202,0.145005,0.478188,0.872778,-0.095597,0.039671,0.618043,0.792173,-0.496045,0.050255,0.576853,0.655983
-0.078165,0.144967,0.478175,0.872795,-0.095622,0.039665,0.618066,0.792154,-0.496026,0.050285,0.576819,0.656027
-0.078145,0.144982,0.478161,0.872801,-0.095641,0.039638,0.618123,0.792109,-0.496,0.050319,0.576836,0.656027
-0.078141,0.144938,0.478091,0.872846,-0.095651,0.039627,0.618107,0.79212,-0.495998,0.050344,0.576819,0.656044
-0.078173,0.144926,0.478092,0.872844,-0.095647,0.039645,0.618129,0.792104,-0.495998,0.050356,0.576835,0.656029
-0.078127,0.144949,0.478121,0.872829,-0.095657,0.039641,0.61821,0.792041,-0.495941,0.050378,0.576862,0.656047
-0.078122,0.144946,0.478114,0.872833,-0.09567,0.039642,0.618197,0.792049,-0.495927,0.05042,0.576856,0.656062
-0.078108,0.144917,0.478138,0.872826,-0.095653,0.039615,0.618165,0.792077,-0.495947,0.050393,0.576843,0.656059
-0.07812,0.144891,0.478134,0.872831,-0.09562,0.039593,0.618168,0.792078,-0.495925,0.050428,0.57686,0.65606
-0.078055,0.144874,0.478124,0.872845,-0.095603,0.039605,0.618158,0.792087,-0.495941,0.05044,0.576867,0.656039
-0.077986,0.14491,0.478108,0.872853,-0.095635,0.039591,0.61813,0.792107,-0.495978,0.05042,0.576831,0.656046
-0.078017,0.144913,0.478066,0.872872,-0.095685,0.039545,0.618102,0.792124,-0.496024,0.050359,0.57682,0.656023
-0.078018,0.144929,0.478089,0.872857,-0.095689,0.039499,0.61814,0.792098,-0.496047,0.050357,0.576818,0.656006
-0.078008,0.144968,0.478131,0.872829,-0.095689,0.039523,0.618165,0.792076,-0.496024,0.050345,0.576864,0.655985
-0.078002,0.144958,0.478155,0.872819,-0.095675,0.039535,0.61818,0.792066,-0.496028,0.050372,0.576831,0.656009
-0.07801,0.144949,0.478148,0.872823,-0.095656,0.039594,0.618139,0.792097,-0.496052,0.050405,0.576845,0.655978
-0.078005,0.144964,0.47817,0.87281,-0.095666,0.03959,0.618143,0.792094,-0.496053,0.050414,0.576811,0.656007
-0.077964,0.144932,0.478135,0.872836,-0.095648,0.039613,0.618143,0.792094,-0.496014,0.050397,0.57683,0.65602
-0.077961,0.14493,0.478129,0.87284,-0.095635,0.03963,0.618195,0.792054,-0.495999,0.050385,0.576847,0.656016
-0.078006,0.144921,0.478155,0.872824,-0.095611,0.039604,0.618183,0.792067,-0.496004,0.050321,0.576852,0.656012
-0.077988,0.144933,0.478183,0.872809,-0.095626,0.039563,0.618234,0.792028,-0.495995,0.050324,0.576851,0.656019
-0.078008,0.144916,0.478185,0.872809,-0.095606,0.039507,0.618251,0.79202,-0.495987,0.050342,0.576829,0.656044
-0.077997,0.144928,0.478209,0.872795,-0.095605,0.039524,0.618264,0.792009,-0.495937,0.050383,0.576824,0.656085
-0.07802,0.144919,0.478196,0.872802,-0.095572,0.039549,0.618293,0.791988,-0.495926,0.050377,0.57681,0.656104
-0.078078,0.144907,0.47818,0.872807,-0.095579,0.039569,0.618298,0.791983,-0.495878,0.050321,0.576809,0.656143
-0.078059,0.144932,0.478159,0.872816,-0.095571,0.039557,0.618315,0.791972,-0.495907,0.050341,0.576773,0.656153
-0.078087,0.144919,0.478184,0.872803,-0.095589,0.039529,0.618299,0.791984,-0.495885,0.05034,0.576752,0.656187
-0.078089,0.144865,0.478189,0.872809,-0.095575,0.039521,0.618279,0.792001,-0.495863,0.050307,0.576753,0.656204
-0.078142,0.144777,0.478236,0.872793,-0.095549,0.03948,0.618244,0.792032,-0.495835,0.050321,0.57674,0.656237
-0.078146,0.144718,0.478228,0.872807,-0.095577,0.039502,0.61828,0.792001,-0.495833,0.050301,0.576757,0.656224
-0.078128,0.144717,0.478242,0.872802,-0.095572,0.039502,0.618301,0.791986,-0.495861,0.050292,0.576745,0.656214
-0.07816,0.144704,0.478239,0.872803,-0.095569,0.03949,0.61832,0.791971,-0.49585,0.050295,0.576751,0.656216
-0.078151,0.144724,0.478236,0.872802,-0.095589,0.039469,0.618282,0.792,-0.495833,0.0503,0.57677,0.656213
-0.078122,0.144725,0.478232,0.872806,-0.095591,0.03948,0.618238,0.792033,-0.495871,0.050285,0.576775,0.65618
-0.078085,0.14471,0.478237,0.872809,-0.095581,0.039442,0.618236,0.792037,-0.495874,0.050346,0.576769,0.656182
-0.078111,0.144708,0.478212,0.87282,-0.095571,0.039414,0.618219,0.792052,-0.495895,0.050355,0.576741,0.656188
-0.078132,0.144734,0.478216,0.872812,-0.095574,0.039412,0.618191,0.792074,-0.495877,0.050395,0.576732,0.656208
-0.078129,0.144743,0.478218,0.87281,-0.095613,0.039386,0.618154,0.792099,-0.495828,0.050437,0.5767,0.656272
-0.078099,0.144704,0.478171,0.872843,-0.095594,0.039395,0.618173,0.792086,-0.495817,0.050416,0.57666,0.656315
-0.078097,0.144684,0.478159,0.872853,-0.095584,0.039373,0.61817,0.792091,-0.495827,0.050413,0.576647,0.656319
-0.078143,0.144725,0.478118,0.872865,-0.095639,0.039379,0.6182,0.792061,-0.495825,0.050449,0.576637,0.656327
-0.078143,0.144693,0.478151,0.872852,-0.095624,0.039405,0.618162,0.792091,-0.495826,0.050439,0.576606,0.656355
-0.078157,0.144663,0.478166,0.872849,-0.095653,0.039468,0.618206,0.792051,-0.495864,0.05046,0.576575,0.656351
-0.07815,0.144659,0.478159,0.872853,-0.09565,0.039454,0.61819,0.792065,-0.495878,0.050495,0.576571,0.656342
-0.078168,0.144601,0.478165,0.872858,-0.095606,0.039476,0.618225,0.792041,-0.495868,0.050559,0.576557,0.656359
-0.078212,0.144593,0.478184,0.872846,-0.095651,0.039484,0.618263,0.792007,-0.495789,0.050567,0.576589,0.65639
-0.078206,0.144557,0.478172,0.872859,-0.095667,0.039556,0.618278,0.791991,-0.495768,0.050585,0.576593,0.656402
-0.078214,0.1446,0.478197,0.872838,-0.095641,0.039548,0.618284,0.791989,-0.49577,0.050576,0.576568,0.656423
-0.078251,0.144604,0.47816,0.872854,-0.095624,0.039564,0.618278,0.791995,-0.495781,0.05059,0.57657,0.656411
-0.078246,0.144638,0.478137,0.872862,-0.095629,0.039598,0.618217,0.792038,-0.495802,0.050615,0.576601,0.656368
-0.078251,0.144676,0.478098,0.872876,-0.095639,0.039603,0.618198,0.792053,-0.495815,0.050647,0.576591,0.656365
-0.078306,0.144661,0.478115,0.872865,-0.095628,0.039617,0.618224,0.792034,-0.495809,0.050695,0.576587,0.65637
-0.078317,0.144679,0.478101,0.872868,-0.095612,0.039608,0.618144,0.792097,-0.4958,0.05071,0.576571,0.656391
-0.078331,0.144703,0.478028,0.872902,-0.095628,0.03961,0.618132,0.792104,-0.495782,0.050739,0.57659,0.656386
-0.078297,0.144717,0.47801,0.872912,-0.095654,0.039585,0.618073,0.792149,-0.495779,0.050739,0.576568,0.656407
-0.078316,0.144681,0.478009,0.872917,-0.095633,0.039544,0.618075,0.792151,-0.495746,0.050706,0.576586,0.656417
-0.078284,0.144664,0.478021,0.872915,-0.095566,0.039532,0.61804,0.792185,-0.495731,0.050733,0.576625,0.656395
-0.078305,0.144659,0.478074,0.872887,-0.095569,0.0395,0.618031,0.792193,-0.49571,0.050748,0.576633,0.656403
-0.078332,0.144693,0.4781,0.872865,-0.09556,0.039463,0.618018,0.792206,-0.495714,0.050775,0.576632,0.6564
-0.078312,0.144721,0.478095,0.872866,-0.095551,0.039492,0.618008,0.792213,-0.495683,0.050767,0.576612,0.656441
-0.078358,0.144746,0.478125,0.872842,-0.09553,0.039569,0.618065,0.792168,-0.495694,0.0508,0.576609,0.656433
-0.07838,0.144834,0.478148,0.872813,-0.095556,0.039593,0.618078,0.792155,-0.495682,0.050824,0.576606,0.656444
-0.078373,0.144855,0.478188,0.872789,-0.095578,0.039628,0.618109,0.792126,-0.495672,0.050842,0.576609,0.656449
-0.078361,0.144898,0.478181,0.872786,-0.095633,0.039661,0.618109,0.792119,-0.495657,0.050839,0.576642,0.65643
-0.078361,0.144924,0.478198,0.872773,-0.095614,0.039676,0.618135,0.792101,-0.495663,0.05083,0.576654,0.656416
-0.078378,0.144971,0.478224,0.87275,-0.095613,0.039688,0.618129,0.792105,-0.495664,0.05081,0.576684,0.656391
-0.078418,0.14498,0.478246,0.872735,-0.095623,0.039679,0.618131,0.792103,-0.495629,0.050823,0.576691,0.65641
-0.078438,0.144984,0.478266,0.872721,-0.095611,0.039682,0.618081,0.792143,-0.49568,0.050839,0.576711,0.656353
-0.078457,0.144981,0.478285,0.87271,-0.095601,0.039709,0.618097,0.79213,-0.495666,0.050817,0.576771,0.656312
-0.078469,0.145033,0.478318,0.872683,-0.095628,0.039675,0.618111,0.792118,-0.495635,0.050794,0.576769,0.656339
-0.078452,0.145052,0.478301,0.87269,-0.095651,0.039663,0.618104,0.792122,-0.495608,0.05085,0.576799,0.656331
-0.078497,0.145086,0.478272,0.872698,-0.095687,0.039661,0.618131,0.792098,-0.49559,0.050866,0.576815,0.656329
-0.078503,0.145129,0.478266,0.872693,-0.095675,0.039628,0.618131,0.7921,-0.495548,0.05083,0.576843,0.656338
-0.078514,0.145173,0.478245,0.872696,-0.095662,0.039619,0.618133,0.792099,-0.49555,0.050858,0.576867,0.656315
-0.078474,0.145166,0.478278,0.872683,-0.095712,0.039586,0.618132,0.792097,-0.495573,0.050922,0.576855,0.656305
-0.078472,0.145179,0.478283,0.872678,-0.095674,0.039568,0.618184,0.792062,-0.495555,0.050904,0.576851,0.656323
-0.078488,0.145149,0.478297,0.872675,-0.095655,0.039615,0.6182,0.792049,-0.495564,0.050899,0.576831,0.656333
-0.078458,0.14519,0.478338,0.872649,-0.095703,0.039616,0.618167,0.79207,-0.495575,0.05091,0.576829,0.656327
-0.078485,0.145198,0.478365,0.87263,-0.095695,0.039686,0.618186,0.792052,-0.495583,0.050897,0.576869,0.656287
-0.078481,0.145239,0.478348,0.872633,-0.095712,0.039728,0.618151,0.792076,-0.495559,0.050897,0.576853,0.656318
-0.078476,0.145235,0.478293,0.872663,-0.095712,0.039748,0.618132,0.79209,-0.495563,0.050978,0.576806,0.656352
-0.078504,0.145235,0.478307,0.872654,-0.095729,0.039757,0.618121,0.792097,-0.495525,0.050982,0.576843,0.656348
-0.078547,0.145233,0.478306,0.872651,-0.095791,0.03974,0.618106,0.792102,-0.495518,0.051034,0.576838,0.656354
-0.078547,0.145217,0.478315,0.872649,-0.095795,0.039726,0.61811,0.7921,-0.495499,0.051029,0.576844,0.656365
-0.078558,0.145204,0.478343,0.872636,-0.095752,0.039769,0.618098,0.792111,-0.495488,0.051054,0.576885,0.656336
-0.078526,0.145183,0.478314,0.872657,-0.095723,0.039766,0.618098,0.792115,-0.495465,0.051026,0.576921,0.656323
-0.078555,0.145167,0.478297,0.872667,-0.09572,0.039746,0.61809,0.792122,-0.495451,0.051099,0.576943,0.656311
-0.078521,0.145112,0.478339,0.872656,-0.095729,0.039737,0.618076,0.792132,-0.495472,0.051105,0.576918,0.656317
-0.078533,0.145105,0.478315,0.872669,-0.095721,0.039745,0.618136,0.792087,-0.49543,0.051135,0.576941,0.656327
-0.078491,0.145131,0.478304,0.872673,-0.095748,0.039775,0.61816,0.792063,-0.495366,0.051107,0.576961,0.656358
-0.078554,0.145159,0.478303,0.872664,-0.09575,0.039772,0.618084,0.792121,-0.495376,0.05115,0.576936,0.65637
-0.078569,0.14518,0.47828,0.872672,-0.09571,0.039779,0.618075,0.792133,-0.495394,0.051151,0.576949,0.656347
-0.078589,0.14515,0.478241,0.872696,-0.095665,0.039813,0.61809,0.792124,-0.495386,0.051134,0.576974,0.656331
-0.078558,0.145132,0.478214,0.872716,-0.09565,0.039806,0.618077,0.792136,-0.495414,0.051163,0.57694,0.656339
-0.078564,0.145128,0.47822,0.872712,-0.095721,0.039805,0.618043,0.792155,-0.495383,0.051213,0.576984,0.656322
-0.078615,0.145114,0.47822,0.872711,-0.095739,0.03977,0.618014,0.792177,-0.495391,0.051202,0.576986,0.656314
-0.078633,0.145056,0.478169,0.872747,-0.095758,0.039761,0.617963,0.792214,-0.495361,0.051235,0.577018,0.656307
-0.07861,0.145087,0.478121,0.872769,-0.095771,0.039782,0.618005,0.79218,-0.495346,0.051228,0.577082,0.656263
-0.078593,0.145088,0.478112,0.872775,-0.095802,0.039745,0.618022,0.792165,-0.495346,0.051245,0.577068,0.656274
-0.078626,0.145094,0.47812,0.872767,-0.095812,0.039736,0.618054,0.79214,-0.495313,0.051215,0.577106,0.656268
-0.078603,0.145069,0.478145,0.87276,-0.095824,0.039787,0.618088,0.79211,-0.495296,0.05116,0.577154,0.656241
-0.078642,0.145126,0.478157,0.87274,-0.095788,0.03978,0.618074,0.792125,-0.49526,0.051136,0.577197,0.656232
-0.078607,0.145152,0.478155,0.872741,-0.095717,0.039759,0.618107,0.792108,-0.49526,0.051139,0.577223,0.65621
-0.07856,0.145217,0.47814,0.872742,-0.095729,0.039763,0.618069,0.792136,-0.495259,0.051116,0.577277,0.656165
-0.078612,0.145198,0.478111,0.872756,-0.095727,0.039789,0.618066,0.792138,-0.495248,0.051116,0.57731,0.656144
-0.078581,0.145166,0.478105,0.872767,-0.095724,0.039841,0.618036,0.792159,-0.495217,0.051147,0.577359,0.656124
-0.078563,0.145184,0.478103,0.872766,-0.095717,0.039866,0.618045,0.792152,-0.495225,0.051213,0.577356,0.656117
-0.078584,0.145205,0.478128,0.872748,-0.095715,0.039862,0.618038,0.792158,-0.495246,0.051233,0.577355,0.656101
-0.078591,0.145172,0.478166,0.872732,-0.095707,0.039854,0.618039,0.792157,-0.495214,0.051215,0.577408,0.656079
-0.078594,0.145185,0.478171,0.872728,-0.095729,0.039856,0.618117,0.792095,-0.495243,0.05125,0.57742,0.656045
-0.078566,0.145223,0.478244,0.872685,-0.09573,0.039837,0.618103,0.792106,-0.495268,0.051217,0.577436,0.656015
-0.078591,0.145247,0.478256,0.872673,-0.09574,0.039832,0.618101,0.792107,-0.49528,0.051207,0.577453,0.655991
-0.078625,0.145255,0.478252,0.872671,-0.095736,0.039852,0.618113,0.792098,-0.495314,0.05121,0.577474,0.655947
-0.078621,0.145281,0.478235,0.872676,-0.095669,0.039825,0.618118,0.792102,-0.49529,0.051184,0.577531,0.655917
-0.078647,0.145274,0.478264,0.87266,-0.095662,0.039843,0.618103,0.792113,-0.495306,0.051171,0.577592,0.655853
-0.078661,0.145276,0.478242,0.872669,-0.095668,0.039896,0.618102,0.792111,-0.495317,0.051183,0.577574,0.655859
-0.078688,0.145285,0.478209,0.872684,-0.095663,0.039863,0.618052,0.792151,-0.495344,0.051208,0.577568,0.655843
-0.078751,0.145278,0.478219,0.872675,-0.095686,0.03979,0.618054,0.792151,-0.495326,0.05127,0.577566,0.655855
-0.078778,0.145335,0.478228,0.872659,-0.095749,0.039828,0.618011,0.792176,-0.495316,0.051295,0.577557,0.655868
-0.07879,0.145316,0.478188,0.872681,-0.095758,0.039814,0.617956,0.792218,-0.495286,0.051276,0.577585,0.655867
-0.078858,0.145284,0.478196,0.872678,-0.095761,0.039873,0.61793,0.792235,-0.495233,0.051279,0.577631,0.655869
-0.078871,0.145267,0.478223,0.872665,-0.095763,0.039844,0.617959,0.792213,-0.49516,0.051294,0.57767,0.655889
-0.078874,0.145258,0.47828,0.872636,-0.095808,0.039781,0.617964,0.792208,-0.495164,0.051288,0.577681,0.655877
-0.078793,0.145235,0.478349,0.872609,-0.095771,0.039793,0.617899,0.792261,-0.495189,0.051344,0.577722,0.655818
-0.078768,0.145233,0.478417,0.872575,-0.095726,0.039772,0.617914,0.792255,-0.495184,0.05139,0.57781,0.655743
-0.078775,0.145203,0.478496,0.872537,-0.095727,0.039782,0.61796,0.79222,-0.495182,0.051399,0.577845,0.655715
-0.07879,0.145207,0.478534,0.872515,-0.095693,0.039775,0.617973,0.792213,-0.495198,0.051406,0.577865,0.655684
-0.078806,0.145229,0.478546,0.872504,-0.095735,0.039795,0.618024,0.792168,-0.495224,0.051374,0.5779,0.655636
-0.07883,0.145176,0.478549,0.87251,-0.095681,0.039744,0.618035,0.792168,-0.49521,0.051372,0.577922,0.655628
-0.07882,0.145228,0.478559,0.872497,-0.095694,0.039727,0.61803,0.792171,-0.495203,0.051367,0.577955,0.655603
-0.078822,0.145235,0.478525,0.872513,-0.095709,0.039717,0.618015,0.792182,-0.495203,0.051402,0.577947,0.655609
-0.078784,0.145217,0.478568,0.872497,-0.095676,0.039757,0.618064,0.792145,-0.495223,0.051334,0.577938,0.655606
-0.078841,0.145192,0.478608,0.872474,-0.095667,0.039729,0.618039,0.792167,-0.495212,0.051351,0.578009,0.655551
-0.078798,0.145128,0.478654,0.872464,-0.095639,0.039729,0.618,0.792201,-0.49521,0.05136,0.578055,0.655512
-0.078805,0.14512,0.478674,0.872454,-0.095657,0.039688,0.61801,0.792191,-0.495213,0.05136,0.578051,0.655514
-0.078793,0.145143,0.478732,0.87242,-0.095649,0.039636,0.618021,0.792187,-0.495175,0.051278,0.578079,0.655522
-0.078792,0.145138,0.478712,0.872431,-0.095683,0.039626,0.618004,0.792197,-0.495135,0.051265,0.578084,0.655548
-0.078819,0.145142,0.478714,0.872428,-0.095698,0.039608,0.617991,0.792206,-0.495103,0.051223,0.578071,0.655586
-0.078839,0.145163,0.478716,0.872421,-0.095699,0.039582,0.617972,0.792222,-0.495164,0.051284,0.578023,0.655578
-0.078855,0.145182,0.478709,0.872421,-0.095734,0.039617,0.617929,0.792249,-0.49516,0.051232,0.577986,0.655616
-0.078908,0.145146,0.478708,0.872424,-0.095724,0.039561,0.61799,0.792206,-0.495152,0.051227,0.577949,0.655654
-0.078942,0.145173,0.478699,0.872421,-0.095776,0.039566,0.618001,0.792193,-0.495183,0.051237,0.577902,0.655671
-0.078956,0.145211,0.478662,0.872434,-0.095804,0.039579,0.618015,0.792177,-0.495235,0.05124,0.577832,0.655695
-0.078932,0.145249,0.478658,0.872431,-0.095806,0.03956,0.617997,0.792192,-0.495247,0.051269,0.577749,0.655756
-0.078952,0.145271,0.478634,0.872439,-0.095833,0.039601,0.618019,0.792171,-0.495276,0.051276,0.577693,0.655781
-0.078989,0.145229,0.478629,0.872446,-0.095881,0.039591,0.618063,0.792133,-0.495291,0.051263,0.577655,0.655805
-0.078979,0.145254,0.478625,0.872445,-0.095894,0.039571,0.61805,0.792142,-0.495325,0.051267,0.577612,0.655815
-0.078975,0.145264,0.478622,0.872445,-0.095896,0.039623,0.618046,0.792143,-0.49534,0.051224,0.577634,0.655788
-0.078979,0.145283,0.478623,0.872441,-0.095856,0.039686,0.617994,0.792184,-0.495348,0.051174,0.577609,0.655806
-0.079023,0.145258,0.478634,0.872436,-0.095901,0.039688,0.618044,0.79214,-0.495366,0.051177,0.577566,0.65583
-0.079057,0.145243,0.478579,0.872464,-0.095937,0.039717,0.618082,0.792107,-0.495396,0.051175,0.577493,0.655871
-0.079073,0.145252,0.478546,0.87248,-0.095987,0.039753,0.618029,0.79214,-0.495452,0.051165,0.577459,0.655859
-0.079116,0.145208,0.478517,0.872499,-0.096001,0.039781,0.617984,0.792172,-0.495451,0.05114,0.577431,0.655886
-0.079108,0.145227,0.478469,0.872522,-0.096023,0.039799,0.617956,0.792191,-0.495469,0.051116,0.577403,0.655897
-0.079054,0.145215,0.478479,0.872523,-0.096044,0.03978,0.617961,0.792185,-0.495465,0.051093,0.57736,0.655939
-0.079076,0.145176,0.478466,0.872534,-0.096035,0.039764,0.617949,0.792196,-0.49546,0.051028,0.57733,0.655971
-0.079103,0.145191,0.478458,0.872534,-0.096026,0.039759,0.617907,0.79223,-0.495452,0.050975,0.577319,0.65599
-0.079081,0.145193,0.478459,0.872534,-0.096011,0.039747,0.617897,0.79224,-0.495471,0.050966,0.577251,0.656035
-0.079052,0.145219,0.478408,0.87256,-0.095987,0.039756,0.617905,0.792236,-0.49546,0.05093,0.577213,0.656079
-0.079037,0.14523,0.478369,0.87258,-0.096027,0.03975,0.617897,0.792238,-0.495495,0.050888,0.577168,0.656093
-0.079041,0.145197,0.478329,0.872607,-0.096026,0.039728,0.617916,0.792225,-0.495501,0.050865,0.577133,0.65612
-0.079015,0.145182,0.478379,0.872584,-0.095982,0.039744,0.617909,0.792233,-0.495462,0.050819,0.577111,0.65617
-0.078993,0.145149,0.478367,0.872597,-0.095982,0.039722,0.617896,0.792244,-0.495483,0.050815,0.577092,0.656172
-0.078994,0.145158,0.478362,0.872599,-0.095927,0.039744,0.617851,0.792284,-0.495493,0.050819,0.577054,0.656196
-0.079054,0.145133,0.478416,0.872569,-0.095892,0.039709,0.617889,0.792259,-0.495519,0.050833,0.577039,0.65619
-0.079085,0.14518,0.478389,0.872574,-0.095917,0.0397,0.61788,0.792265,-0.495535,0.050809,0.577021,0.656194
-0.079136,0.145216,0.478403,0.872556,-0.095915,0.039691,0.617887,0.79226,-0.495579,0.050781,0.576949,0.656225
-0.079146,0.145271,0.478409,0.872544,-0.095895,0.039672,0.617933,0.792228,-0.495621,0.050774,0.576942,0.6562
-0.079181,0.145338,0.478336,0.872569,-0.095859,0.039698,0.617926,0.792235,-0.495632,0.050788,0.576927,0.656204
-0.079179,0.145345,0.478344,0.872564,-0.095872,0.039745,0.61794,0.792221,-0.495626,0.050757,0.576905,0.656228
-0.079135,0.145329,0.478306,0.87259,-0.095861,0.039775,0.617946,0.792217,-0.495668,0.050785,0.576848,0.656246
-0.079093,0.145377,0.478314,0.872581,-0.095849,0.039798,0.617988,0.792184,-0.495688,0.050839,0.576842,0.656234
-0.079116,0.145388,0.478304,0.872582,-0.095843,0.039813,0.617951,0.792213,-0.495696,0.05085,0.576828,0.65624
-0.079113,0.145404,0.478322,0.872571,-0.095882,0.039867,0.617948,0.792208,-0.495735,0.050856,0.576794,0.656238
-0.079115,0.14541,0.4783,0.872582,-0.095868,0.039886,0.617992,0.792175,-0.495728,0.050909,0.576808,0.656229
-0.079144,0.145467,0.478311,0.872564,-0.095864,0.039925,0.617987,0.792177,-0.495746,0.05094,0.576786,0.656234
-0.079178,0.145452,0.478349,0.872544,-0.095821,0.039949,0.618002,0.792169,-0.495765,0.050991,0.576788,0.656215
-0.079168,0.145404,0.478405,0.872523,-0.095843,0.039929,0.618022,0.792153,-0.495742,0.050961,0.576817,0.656209
-0.079192,0.145385,0.478421,0.872515,-0.095821,0.039951,0.618029,0.792148,-0.495752,0.051005,0.576786,0.656227
-0.079158,0.145446,0.478389,0.872525,-0.095807,0.039947,0.617974,0.792192,-0.495756,0.05102,0.576791,0.656218
-0.079153,0.145435,0.478447,0.872496,-0.095867,0.039935,0.617976,0.792185,-0.495731,0.05103,0.576806,0.656224
-0.079158,0.145412,0.478478,0.872483,-0.095897,0.039959,0.617984,0.792175,-0.495721,0.051009,0.576799,0.656239
-0.07915,0.145376,0.478467,0.872495,-0.095924,0.039937,0.617956,0.792195,-0.495731,0.051036,0.576809,0.656221
-0.079133,0.145377,0.478475,0.872492,-0.09595,0.039915,0.617957,0.792193,-0.495735,0.051016,0.576808,0.65622
-0.079108,0.145417,0.478446,0.872504,-0.095946,0.039882,0.617994,0.792166,-0.4957,0.051012,0.576829,0.656228
-0.079064,0.14544,0.478446,0.872502,-0.095948,0.039893,0.617963,0.792189,-0.495674,0.05101,0.576876,0.656207
-0.079052,0.145466,0.478475,0.872484,-0.095928,0.039883,0.617969,0.792187,-0.495633,0.051039,0.576887,0.656226
-0.079032,0.145446,0.478476,0.872489,-0.095942,0.039906,0.618003,0.792159,-0.495612,0.051082,0.576911,0.656219
-0.079008,0.145361,0.47854,0.87247,-0.095962,0.039915,0.618011,0.79215,-0.495604,0.051114,0.576881,0.656249
-0.078986,0.145356,0.478572,0.872456,-0.095951,0.039912,0.617988,0.792169,-0.495621,0.051139,0.576902,0.656218
-0.078972,0.145331,0.478597,0.872448,-0.09598,0.039933,0.617997,0.792158,-0.495638,0.051127,0.576892,0.656214
-0.07893,0.145349,0.478567,0.872464,-0.09598,0.039958,0.617995,0.792158,-0.49563,0.051113,0.576847,0.65626
-0.078943,0.145332,0.478528,0.872486,-0.095977,0.039975,0.618049,0.792118,-0.495614,0.051105,0.576864,0.656258
-0.078896,0.145406,0.478511,0.872487,-0.095944,0.039993,0.618044,0.792123,-0.495614,0.0511,0.576869,0.656254
-0.078919,0.145411,0.478528,0.872476,-0.095957,0.039958,0.618025,0.792137,-0.495609,0.051076,0.57686,0.656266
-0.078893,0.145487,0.478554,0.872451,-0.095977,0.039893,0.618064,0.792108,-0.495613,0.051095,0.576846,0.656274
-0.078934,0.145482,0.478527,0.872464,-0.095997,0.039911,0.618076,0.792096,-0.495601,0.0511,0.576824,0.656302
-0.078871,0.145487,0.478527,0.872467,-0.096013,0.039912,0.618099,0.792077,-0.49559,0.051102,0.576808,0.656324
-0.078894,0.145439,0.478556,0.872458,-0.096049,0.039912,0.618096,0.792075,-0.495605,0.051113,0.576813,0.656308
-0.078887,0.145397,0.478555,0.872466,-0.096046,0.03994,0.618105,0.792068,-0.495597,0.051106,0.576811,0.656317
-0.078904,0.145375,0.478561,0.872465,-0.096022,0.039935,0.618085,0.792085,-0.495567,0.051078,0.576836,0.656318
-0.078869,0.145373,0.478499,0.8725,-0.09605,0.039968,0.618043,0.792114,-0.495551,0.051099,0.576848,0.656319
-0.078813,0.14535,0.478478,0.87252,-0.096056,0.039961,0.618028,0.792126,-0.49558,0.051123,0.576808,0.65633
-0.078776,0.14538,0.478455,0.87253,-0.096026,0.03994,0.618024,0.792132,-0.495583,0.0511,0.576796,0.656341
-0.078842,0.145407,0.478479,0.872508,-0.096019,0.039932,0.618085,0.792087,-0.495567,0.051116,0.576776,0.656368
-0.078876,0.145381,0.478484,0.872508,-0.096041,0.039896,0.618146,0.792039,-0.495534,0.051125,0.576755,0.656411
-0.078902,0.145392,0.478451,0.872521,-0.096033,0.039903,0.61809,0.792082,-0.495561,0.051115,0.576667,0.656467
-0.078918,0.145425,0.478422,0.872529,-0.096064,0.039941,0.618057,0.792102,-0.495572,0.0511,0.576622,0.6565
-0.078952,0.145439,0.478354,0.872561,-0.096065,0.039898,0.618063,0.792099,-0.495558,0.051141,0.576582,0.656543
-0.078943,0.145461,0.478309,0.872582,-0.096134,0.039904,0.61803,0.792117,-0.49559,0.051162,0.57658,0.656519
-0.078933,0.14548,0.478327,0.87257,-0.096115,0.039924,0.618041,0.79211,-0.495598,0.05118,0.576543,0.656545
-0.078909,0.145456,0.478332,0.872573,-0.096138,0.039962,0.618047,0.792101,-0.495582,0.051168,0.576516,0.65658
-0.078915,0.145475,0.478352,0.872559,-0.096156,0.040013,0.618049,0.792097,-0.495583,0.051201,0.576541,0.656557
-0.078869,0.145458,0.478368,0.872557,-0.096133,0.04001,0.618098,0.792061,-0.495625,0.051183,0.576544,0.656523
-0.078836,0.145463,0.47835,0.872568,-0.096164,0.04004,0.618111,0.792046,-0.495685,0.051173,0.576517,0.656501
-0.078848,0.145398,0.478364,0.872571,-0.09615,0.040081,0.618102,0.792053,-0.495642,0.051157,0.576548,0.656508
-0.078834,0.145414,0.478351,0.872576,-0.096121,0.04008,0.618098,0.792059,-0.495627,0.051178,0.576585,0.656487
-0.078814,0.145454,0.478315,0.87259,-0.096132,0.040114,0.618131,0.792031,-0.495641,0.051158,0.576578,0.656483
-0.078835,0.145487,0.478275,0.872604,-0.096153,0.040133,0.61819,0.791982,-0.495653,0.051195,0.576541,0.656503
-0.078836,0.145508,0.478335,0.872569,-0.096141,0.040071,0.618249,0.791941,-0.495688,0.051217,0.576534,0.656483
-0.078832,0.1455,0.478354,0.87256,-0.096162,0.040039,0.618288,0.79191,-0.495658,0.051224,0.576518,0.65652
-0.078835,0.145503,0.478398,0.872536,-0.096193,0.04005,0.61825,0.791936,-0.495645,0.051219,0.576507,0.656539
-0.07885,0.145487,0.478404,0.872535,-0.096261,0.040055,0.618225,0.791948,-0.495637,0.051216,0.576469,0.656578
-0.078891,0.145511,0.478369,0.872545,-0.096274,0.040038,0.618207,0.791961,-0.495603,0.051197,0.576528,0.656553
-0.078897,0.145535,0.47836,0.872546,-0.096254,0.040029,0.618239,0.791939,-0.495593,0.051221,0.576533,0.656555
-0.078895,0.145558,0.478369,0.872538,-0.096255,0.040041,0.618224,0.791949,-0.495636,0.051187,0.576509,0.656545
-0.078897,0.145596,0.478363,0.872535,-0.096252,0.040044,0.618243,0.791936,-0.495684,0.051221,0.57647,0.656542
-0.078929,0.145623,0.478363,0.872528,-0.096226,0.040075,0.618263,0.791921,-0.495696,0.051223,0.576464,0.656537
-0.078947,0.145635,0.478366,0.872523,-0.096232,0.040117,0.61824,0.791936,-0.495658,0.051195,0.57646,0.656571
-0.078928,0.145675,0.478387,0.872507,-0.096215,0.040039,0.618251,0.791933,-0.495638,0.051175,0.576444,0.6566
-0.07892,0.145656,0.478377,0.872516,-0.096177,0.039984,0.618275,0.791921,-0.495633,0.051163,0.576459,0.656593
-0.078889,0.145636,0.478412,0.872503,-0.096223,0.039981,0.618301,0.791897,-0.495629,0.051096,0.576463,0.656594
-0.078925,0.14564,0.478375,0.872519,-0.096247,0.039989,0.61832,0.791878,-0.49561,0.051105,0.576495,0.656581
-0.078921,0.145625,0.478389,0.872514,-0.096264,0.039932,0.618365,0.791844,-0.49559,0.0511,0.57651,0.656583
-0.078945,0.145633,0.478368,0.872522,-0.096255,0.039865,0.618363,0.79185,-0.495624,0.05118,0.576493,0.656568
-0.078906,0.145636,0.478357,0.872531,-0.096238,0.039886,0.618357,0.791856,-0.495613,0.051178,0.57649,0.65658
-0.078842,0.145631,0.478341,0.872545,-0.096226,0.039868,0.618354,0.79186,-0.495572,0.051167,0.576505,0.656598
-0.078802,0.145638,0.478303,0.872568,-0.096182,0.039894,0.618359,0.79186,-0.495552,0.051182,0.576542,0.65658
-0.078758,0.145643,0.478299,0.872572,-0.096172,0.039883,0.618353,0.791866,-0.495568,0.051162,0.576513,0.656594
-0.078686,0.145652,0.478286,0.872582,-0.096183,0.039869,0.618345,0.791872,-0.495553,0.051123,0.576544,0.65658
-0.078629,0.145647,0.478283,0.87259,-0.096186,0.039837,0.618381,0.791844,-0.495535,0.051106,0.576579,0.656563
-0.078623,0.14569,0.478247,0.872602,-0.096165,0.039857,0.618328,0.791887,-0.49556,0.05114,0.576553,0.656566
-0.078635,0.145726,0.478244,0.872598,-0.09618,0.039853,0.6183,0.791908,-0.495589,0.051169,0.576557,0.656539
-0.078664,0.145711,0.478228,0.872607,-0.096134,0.039874,0.618298,0.791912,-0.495577,0.051145,0.576616,0.656498
-0.078719,0.145714,0.478276,0.872576,-0.096146,0.039831,0.618277,0.791929,-0.495557,0.051162,0.576618,0.656511
-0.078664,0.145701,0.478294,0.872572,-0.096153,0.039868,0.618272,0.79193,-0.495591,0.051162,0.576591,0.65651
-0.078649,0.145717,0.47828,0.872578,-0.096143,0.039862,0.618207,0.791982,-0.49561,0.051193,0.576551,0.656527
-0.078659,0.145754,0.478269,0.872578,-0.096102,0.039878,0.618164,0.792019,-0.495621,0.051223,0.576552,0.656518
-0.078675,0.145761,0.478287,0.872566,-0.096121,0.039896,0.618132,0.792041,-0.495597,0.051245,0.57652,0.656563
-0.0787,0.145803,0.478277,0.872563,-0.096129,0.039882,0.618116,0.792054,-0.49561,0.051277,0.576488,0.65658
-0.078681,0.145844,0.478227,0.872584,-0.096166,0.03989,0.618079,0.792077,-0.495576,0.051247,0.576497,0.656599
-0.078692,0.145817,0.478286,0.872556,-0.096207,0.039893,0.618133,0.792031,-0.495535,0.051243,0.576522,0.656607
-0.078709,0.145811,0.478352,0.87252,-0.09622,0.039855,0.618117,0.792043,-0.495499,0.051221,0.576509,0.656647
-0.078669,0.145851,0.478405,0.872489,-0.096267,0.039856,0.61813,0.792029,-0.495449,0.051265,0.576517,0.656676
-0.07862,0.145794,0.478448,0.872479,-0.096255,0.039841,0.618188,0.791986,-0.49541,0.051236,0.576465,0.656749
-0.078626,0.145771,0.47847,0.872469,-0.096269,0.039863,0.618152,0.792011,-0.495426,0.051334,0.576457,0.656741
-0.078609,0.145791,0.478477,0.872465,-0.096232,0.039883,0.618183,0.79199,-0.49542,0.051305,0.576454,0.656749
-0.078612,0.14584,0.47848,0.872455,-0.096214,0.039827,0.618128,0.792037,-0.495392,0.051293,0.576464,0.656763
-0.078621,0.14585,0.478492,0.872446,-0.096214,0.039836,0.618124,0.79204,-0.495416,0.051347,0.576476,0.65673
-0.078593,0.145854,0.478463,0.872463,-0.096217,0.039854,0.618136,0.79203,-0.495406,0.051371,0.5765,0.656716
-0.07859,0.145888,0.478462,0.872458,-0.096202,0.039807,0.618157,0.792017,-0.495377,0.051393,0.576535,0.656708
-0.078557,0.145864,0.478468,0.872461,-0.096151,0.039777,0.618162,0.792019,-0.495337,0.051356,0.576568,0.656711
-0.078592,0.145887,0.478462,0.872459,-0.096187,0.039761,0.618225,0.791968,-0.49535,0.051356,0.576582,0.656688
-0.078633,0.145858,0.478461,0.87246,-0.096248,0.039761,0.618214,0.791971,-0.49531,0.05133,0.576567,0.656733
-0.078658,0.145833,0.478459,0.872464,-0.096257,0.039768,0.618161,0.79201,-0.495291,0.051371,0.576546,0.656763
-0.078642,0.145792,0.478462,0.872471,-0.09628,0.039755,0.618127,0.792034,-0.495264,0.051367,0.576556,0.656775
-0.078663,0.145748,0.478459,0.872477,-0.096287,0.039736,0.618161,0.792008,-0.495219,0.051349,0.576564,0.656802
-0.07863,0.145735,0.478522,0.872448,-0.09627,0.039705,0.618196,0.791985,-0.495219,0.051305,0.576575,0.656796
-0.07864,0.145705,0.478501,0.872463,-0.096291,0.039626,0.618162,0.792012,-0.495155,0.051259,0.576664,0.656768
-0.078658,0.145705,0.478478,0.872474,-0.096262,0.039627,0.618208,0.79198,-0.495126,0.051252,0.576727,0.656735
-0.078628,0.145707,0.478468,0.872482,-0.096272,0.039601,0.618179,0.792002,-0.495149,0.05127,0.57672,0.656724
-0.078613,0.145687,0.478452,0.872495,-0.096252,0.039636,0.618187,0.791996,-0.495172,0.051257,0.576682,0.65674
-0.078653,0.145692,0.478456,0.872489,-0.096242,0.039639,0.618174,0.792008,-0.495179,0.051277,0.576677,0.656738
-0.078635,0.145738,0.478441,0.872491,-0.096249,0.039637,0.618144,0.792029,-0.495176,0.051289,0.576667,0.656749
-0.078611,0.145755,0.47843,0.872496,-0.09626,0.039623,0.618124,0.792045,-0.495201,0.051282,0.576656,0.65674
-0.078667,0.145751,0.478427,0.872494,-0.096259,0.039617,0.618116,0.792051,-0.495189,0.051259,0.576652,0.656754
-0.078737,0.14575,0.47842,0.872492,-0.096263,0.039577,0.618104,0.792061,-0.49515,0.051254,0.57664,0.656794
-0.078791,0.145743,0.47842,0.872488,-0.096312,0.039537,0.61808,0.792077,-0.495156,0.051268,0.576667,0.656764
-0.078772,0.145741,0.478478,0.87246,-0.096341,0.039528,0.618084,0.792072,-0.495204,0.051231,0.57663,0.656763
-0.078798,0.145735,0.478447,0.872476,-0.096322,0.039505,0.618078,0.792079,-0.495221,0.051204,0.576619,0.65676
-0.0788,0.145747,0.47849,0.87245,-0.096366,0.039451,0.618071,0.792082,-0.495177,0.051148,0.57663,0.656786
-0.078781,0.145751,0.478476,0.872458,-0.096415,0.039438,0.618101,0.792054,-0.495163,0.051147,0.576621,0.656805
-0.07877,0.145743,0.478466,0.872466,-0.096455,0.039449,0.618118,0.792037,-0.495178,0.051192,0.576599,0.656811
-0.078735,0.145722,0.478488,0.87246,-0.096474,0.039462,0.618155,0.792005,-0.495215,0.051228,0.576617,0.656766
-0.078722,0.145727,0.4785,0.872454,-0.096413,0.039452,0.618123,0.792037,-0.495197,0.051202,0.576705,0.656704
-0.078704,0.14574,0.478536,0.872434,-0.096454,0.039468,0.618097,0.792052,-0.495225,0.051187,0.57672,0.656671
-0.078695,0.145756,0.478515,0.872444,-0.09645,0.03946,0.618137,0.792022,-0.495211,0.051183,0.576705,0.656693
-0.078712,0.145793,0.478522,0.872432,-0.096436,0.039447,0.618157,0.792008,-0.495265,0.051198,0.57671,0.656649
-0.078725,0.145762,0.478566,0.872414,-0.096437,0.039461,0.618201,0.791973,-0.495245,0.051189,0.576741,0.656637
-0.078682,0.1457,0.478638,0.872388,-0.09647,0.039417,0.618198,0.791974,-0.495242,0.051208,0.576774,0.65661
-0.078707,0.145748,0.478687,0.872353,-0.096457,0.039371,0.618227,0.791956,-0.495221,0.051196,0.576811,0.656594
-0.078714,0.145781,0.478704,0.872337,-0.096443,0.039345,0.618293,0.791908,-0.495211,0.051215,0.576835,0.65658
-0.07874,0.14575,0.478756,0.872313,-0.096415,0.039341,0.618309,0.791898,-0.4952,0.051243,0.576867,0.65656
-0.078734,0.145748,0.478789,0.872296,-0.096401,0.039319,0.618314,0.791896,-0.495226,0.051218,0.576913,0.6565
