0.790071,0.09025,0.116449,-0.594722,0.907919,0.045794,0.13721,-0.394426,0.75266,-0.358974,0.444571,-0.345674
0.790071,0.090219,0.116511,-0.594716,0.907908,0.045747,0.137358,-0.39441,0.752607,-0.358994,0.44466,-0.345656
0.790029,0.090223,0.116543,-0.594766,0.907948,0.045803,0.137415,-0.394291,0.752606,-0.358955,0.444732,-0.345608
0.790008,0.09026,0.116527,-0.594791,0.907952,0.045946,0.137474,-0.39424,0.752622,-0.358908,0.444749,-0.345598
0.790015,0.090356,0.116525,-0.594766,0.907949,0.046095,0.137462,-0.394232,0.752666,-0.358845,0.444726,-0.345594
0.790007,0.090458,0.116452,-0.594771,0.907958,0.046236,0.137387,-0.394214,0.75267,-0.358814,0.444723,-0.345621
0.790014,0.090537,0.116404,-0.594759,0.907995,0.04628,0.137333,-0.39414,0.752738,-0.358674,0.444753,-0.345578
0.790047,0.090594,0.116347,-0.594716,0.90802,0.046287,0.137253,-0.394108,0.752801,-0.358616,0.444703,-0.345566
0.790065,0.090662,0.116357,-0.594678,0.908045,0.046156,0.13724,-0.394073,0.752801,-0.358617,0.444708,-0.345558
0.790114,0.090649,0.116473,-0.594594,0.908079,0.045938,0.13733,-0.393996,0.752733,-0.358664,0.444787,-0.345555
0.790122,0.090583,0.116659,-0.594561,0.908151,0.045825,0.137422,-0.393818,0.752678,-0.358677,0.444929,-0.345481
0.79012,0.090535,0.11675,-0.594552,0.908142,0.045768,0.137523,-0.393813,0.752643,-0.358727,0.444978,-0.345444
0.790144,0.090577,0.116732,-0.594516,0.908168,0.045729,0.137543,-0.393751,0.752568,-0.358783,0.445088,-0.34541
0.79015,0.090642,0.116697,-0.594506,0.908181,0.045799,0.137484,-0.393732,0.75253,-0.358802,0.445151,-0.345392
0.790167,0.090725,0.116611,-0.594485,0.908219,0.045884,0.137339,-0.393679,0.752563,-0.358744,0.445215,-0.345302
0.790172,0.090782,0.116518,-0.594486,0.908232,0.045963,0.137186,-0.393688,0.752535,-0.358765,0.445241,-0.345306
0.790171,0.090758,0.116538,-0.594487,0.908221,0.045998,0.137037,-0.393757,0.752524,-0.358743,0.445242,-0.345349
0.790174,0.090735,0.116504,-0.594493,0.908216,0.045888,0.136975,-0.393804,0.752531,-0.358763,0.445129,-0.345457
0.790192,0.090625,0.116547,-0.594479,0.908229,0.045719,0.136897,-0.393826,0.752566,-0.358676,0.44509,-0.345519
0.790216,0.090567,0.116592,-0.59445,0.908229,0.045388,0.136799,-0.393909,0.75255,-0.358702,0.445032,-0.345599
0.7902,0.090457,0.116664,-0.594475,0.908227,0.045032,0.136699,-0.393999,0.75244,-0.358813,0.44505,-0.345699
0.790162,0.090305,0.116721,-0.594542,0.908192,0.044731,0.136604,-0.394151,0.752341,-0.358892,0.445109,-0.345757
0.79011,0.0902,0.116787,-0.594616,0.908194,0.044434,0.136515,-0.39422,0.752301,-0.358892,0.445165,-0.345773
0.790043,0.090106,0.11683,-0.594712,0.908159,0.044209,0.136533,-0.394328,0.752251,-0.358934,0.445222,-0.345764
0.789997,0.09001,0.116907,-0.594775,0.908092,0.044045,0.136616,-0.39448,0.752182,-0.358989,0.445249,-0.345823
0.789925,0.089848,0.116984,-0.594884,0.908039,0.043904,0.13679,-0.394563,0.752133,-0.35902,0.445276,-0.345862
0.789843,0.089699,0.117036,-0.595007,0.908031,0.043814,0.136892,-0.394562,0.752103,-0.359025,0.445343,-0.345836
0.789781,0.089589,0.117027,-0.59511,0.907971,0.043797,0.136955,-0.394681,0.752062,-0.359055,0.445377,-0.345851
0.789731,0.089498,0.116928,-0.59521,0.907932,0.043656,0.13692,-0.394801,0.751968,-0.359132,0.445458,-0.345873
0.78969,0.089415,0.116838,-0.595295,0.907899,0.043472,0.136815,-0.394937,0.751858,-0.359231,0.44555,-0.345892
0.789646,0.089433,0.116801,-0.595358,0.9079,0.043217,0.136727,-0.395003,0.751811,-0.359229,0.445674,-0.345835
0.789602,0.089316,0.116834,-0.59543,0.907873,0.042932,0.136701,-0.395111,0.751686,-0.359309,0.44578,-0.345886
0.789557,0.08912,0.117004,-0.59549,0.907812,0.042686,0.136745,-0.39527,0.751572,-0.359405,0.445857,-0.345939
0.789475,0.089029,0.117033,-0.595609,0.907744,0.042473,0.136827,-0.395431,0.75142,-0.359511,0.445994,-0.34598
0.789407,0.088901,0.117148,-0.595698,0.907683,0.042236,0.13689,-0.395584,0.751329,-0.359554,0.446111,-0.345985
0.789353,0.088795,0.117138,-0.595788,0.907591,0.042061,0.13692,-0.395806,0.751211,-0.359644,0.446207,-0.346022
0.789298,0.08873,0.116979,-0.595902,0.907557,0.041931,0.136857,-0.395923,0.751094,-0.359741,0.446294,-0.346064
0.789253,0.08873,0.116837,-0.595988,0.907515,0.041955,0.136727,-0.39606,0.751001,-0.359814,0.446393,-0.346064
0.789215,0.088731,0.116701,-0.596065,0.907501,0.041945,0.136557,-0.396147,0.750966,-0.359798,0.44647,-0.346056
0.789162,0.088777,0.11657,-0.596151,0.907499,0.041882,0.136334,-0.396236,0.750923,-0.359823,0.446475,-0.346114
0.789122,0.088768,0.116467,-0.596225,0.907513,0.041817,0.136131,-0.396277,0.750896,-0.359778,0.446464,-0.346234
0.789106,0.0888,0.116369,-0.596259,0.907492,0.041757,0.136065,-0.396355,0.750886,-0.35972,0.446458,-0.34632
0.789093,0.088793,0.116323,-0.596286,0.907522,0.041744,0.13599,-0.396312,0.750886,-0.359638,0.446489,-0.346364
0.789073,0.088809,0.116268,-0.596321,0.907489,0.041724,0.135951,-0.396402,0.750866,-0.35961,0.446483,-0.346442
0.789022,0.088863,0.116265,-0.59638,0.907478,0.041792,0.135872,-0.396445,0.75083,-0.359645,0.446509,-0.346451
0.789005,0.088899,0.116222,-0.596403,0.907465,0.041851,0.135798,-0.396491,0.750837,-0.359598,0.446501,-0.346493
0.788987,0.088941,0.116232,-0.596419,0.907438,0.041948,0.135784,-0.396543,0.750876,-0.359503,0.446515,-0.346486
0.788964,0.088938,0.116235,-0.59645,0.907416,0.04198,0.135897,-0.396551,0.750853,-0.359526,0.446515,-0.346512
0.788934,0.088807,0.116395,-0.596481,0.907389,0.041987,0.136067,-0.39656,0.750784,-0.359587,0.44656,-0.34654
0.788974,0.088646,0.11662,-0.596414,0.907369,0.041983,0.136335,-0.396518,0.750723,-0.359593,0.446598,-0.346614
0.788982,0.088497,0.116814,-0.59639,0.907378,0.041972,0.136533,-0.396432,0.750628,-0.359643,0.446736,-0.346592
0.78899,0.088511,0.116834,-0.596375,0.907387,0.042036,0.136547,-0.396399,0.750534,-0.359738,0.446813,-0.3466
0.78899,0.088612,0.116651,-0.59639,0.907427,0.042071,0.136441,-0.396338,0.750499,-0.359735,0.446868,-0.346607
0.789015,0.088758,0.116396,-0.596382,0.907434,0.042252,0.136218,-0.396368,0.7505,-0.359742,0.446845,-0.34663
0.789033,0.088939,0.116154,-0.596373,0.907462,0.04238,0.13591,-0.396388,0.75057,-0.35963,0.446838,-0.346599
0.789053,0.088996,0.116028,-0.59636,0.907468,0.04249,0.135711,-0.396424,0.750621,-0.359581,0.446783,-0.346612
0.789021,0.08899,0.116039,-0.596402,0.907463,0.042517,0.135644,-0.396454,0.750628,-0.35954,0.446763,-0.34666
0.788993,0.08891,0.116081,-0.596444,0.907461,0.042467,0.135723,-0.396438,0.750633,-0.359546,0.446716,-0.346706
0.788949,0.088844,0.116246,-0.596484,0.907475,0.042384,0.135867,-0.396372,0.750625,-0.359497,0.446764,-0.34671
0.78892,0.088775,0.116361,-0.596511,0.907475,0.042256,0.136004,-0.396346,0.750615,-0.359545,0.446726,-0.34673
0.788838,0.088739,0.116451,-0.596609,0.907473,0.042175,0.136106,-0.396329,0.750548,-0.359616,0.446759,-0.346759
0.788816,0.088737,0.116419,-0.596644,0.907444,0.042224,0.136177,-0.396364,0.750516,-0.359628,0.446812,-0.346749
0.788812,0.088787,0.116367,-0.59665,0.907452,0.042251,0.136149,-0.396353,0.750497,-0.35959,0.446914,-0.3467
0.788823,0.088782,0.116347,-0.596642,0.907456,0.042348,0.136066,-0.396356,0.750451,-0.359668,0.446926,-0.346703
0.788843,0.08871,0.116303,-0.596634,0.907457,0.042381,0.136032,-0.396359,0.750418,-0.359708,0.446914,-0.346748
0.78885,0.088631,0.116388,-0.596622,0.907461,0.042337,0.136084,-0.396339,0.750381,-0.359727,0.44691,-0.346813
0.78887,0.088505,0.116516,-0.596593,0.907507,0.042218,0.136117,-0.396239,0.750349,-0.359732,0.446979,-0.346787
0.788859,0.088396,0.116626,-0.596604,0.907536,0.042074,0.136119,-0.396195,0.750256,-0.359838,0.44706,-0.346777
0.788838,0.088325,0.116689,-0.596632,0.907556,0.041913,0.136167,-0.396153,0.750155,-0.35997,0.447127,-0.346773
0.788811,0.088342,0.1167,-0.596662,0.907545,0.04181,0.136179,-0.39619,0.75008,-0.360017,0.447169,-0.346833
0.788771,0.088358,0.116656,-0.596721,0.907552,0.041776,0.136129,-0.396195,0.75006,-0.360015,0.447248,-0.346778
0.788743,0.088381,0.116512,-0.596782,0.907529,0.041848,0.136024,-0.39627,0.750038,-0.360041,0.447229,-0.346822
0.788704,0.088388,0.116282,-0.596875,0.907523,0.041954,0.135823,-0.396336,0.750056,-0.360031,0.447159,-0.346882
0.788671,0.088455,0.116093,-0.596942,0.90751,0.042045,0.135614,-0.396418,0.750117,-0.360011,0.447019,-0.346949
0.788638,0.088472,0.115955,-0.597009,0.90755,0.042081,0.135399,-0.396393,0.750201,-0.359921,0.446923,-0.346983
0.788619,0.088497,0.115895,-0.59704,0.907581,0.042061,0.135251,-0.396373,0.750264,-0.359843,0.446807,-0.347074
0.78862,0.088449,0.115924,-0.597043,0.907616,0.04194,0.135183,-0.396331,0.750263,-0.359855,0.446738,-0.347151
0.788615,0.088331,0.11604,-0.597047,0.907625,0.04178,0.135271,-0.396305,0.750238,-0.35989,0.446728,-0.347181
0.788623,0.0882,0.116143,-0.597039,0.907636,0.041622,0.135378,-0.396265,0.750198,-0.359857,0.446824,-0.347176
0.788612,0.088155,0.116243,-0.597041,0.907599,0.041519,0.135501,-0.396326,0.750114,-0.359951,0.446882,-0.34719
0.788597,0.088002,0.116333,-0.597069,0.907598,0.041404,0.135543,-0.39633,0.750059,-0.360041,0.446923,-0.347165
0.788552,0.087929,0.116365,-0.597136,0.90759,0.041367,0.13563,-0.396325,0.749966,-0.36017,0.447,-0.347135
0.788528,0.087895,0.116264,-0.597191,0.907613,0.041382,0.13558,-0.396285,0.749927,-0.360209,0.447064,-0.347095
0.78852,0.08794,0.11611,-0.597223,0.907644,0.041406,0.13547,-0.396246,0.74987,-0.360258,0.447111,-0.347109
0.788536,0.087988,0.115867,-0.597239,0.907673,0.041398,0.135222,-0.396263,0.74986,-0.360298,0.447128,-0.347068
0.788551,0.088095,0.115671,-0.597239,0.907693,0.041419,0.135046,-0.396269,0.749848,-0.360305,0.447133,-0.347079
0.788565,0.088102,0.115554,-0.59724,0.90772,0.041389,0.134896,-0.396262,0.74989,-0.360273,0.44711,-0.347052
0.788609,0.088109,0.115514,-0.597188,0.907734,0.041327,0.134794,-0.396269,0.749905,-0.360254,0.447047,-0.347119
0.78865,0.088031,0.11553,-0.597143,0.90774,0.041317,0.134807,-0.396254,0.749922,-0.36027,0.446991,-0.347137
0.788668,0.088003,0.115516,-0.597128,0.907729,0.041364,0.134879,-0.396249,0.749946,-0.360269,0.446938,-0.347154
0.788679,0.0879,0.115553,-0.597122,0.907754,0.041328,0.13487,-0.3962,0.74997,-0.360203,0.446969,-0.347132
0.788709,0.087845,0.115637,-0.597076,0.907761,0.041287,0.134894,-0.396183,0.749954,-0.360264,0.446966,-0.347107
0.78869,0.087761,0.115672,-0.597108,0.907778,0.041302,0.134925,-0.396132,0.749848,-0.360355,0.447015,-0.347178
0.788709,0.087709,0.115692,-0.597089,0.907775,0.041255,0.13501,-0.396118,0.749754,-0.360499,0.447054,-0.347185
0.788745,0.08765,0.115738,-0.597042,0.907809,0.041202,0.135056,-0.396031,0.749733,-0.360562,0.447099,-0.347108
0.788754,0.08761,0.115759,-0.597031,0.907847,0.041138,0.135095,-0.39594,0.749673,-0.360672,0.447122,-0.347096
0.788787,0.08754,0.115774,-0.596997,0.907873,0.041049,0.135045,-0.395908,0.749565,-0.360779,0.447204,-0.347116
0.788852,0.087444,0.115721,-0.596937,0.907893,0.040967,0.135,-0.395889,0.749471,-0.360911,0.447254,-0.347117
0.788876,0.087411,0.115614,-0.596931,0.907927,0.04088,0.13492,-0.395847,0.749448,-0.360927,0.447288,-0.347108
0.788896,0.087383,0.115415,-0.596945,0.907955,0.040845,0.134721,-0.395852,0.749413,-0.361016,0.447267,-0.347118
0.788931,0.087358,0.115174,-0.596946,0.907983,0.040821,0.134475,-0.395872,0.749405,-0.361046,0.44721,-0.347177
0.788967,0.087391,0.114872,-0.596948,0.908006,0.040809,0.134078,-0.395948,0.74942,-0.361062,0.447144,-0.347213
0.788981,0.087401,0.114631,-0.596974,0.908053,0.040742,0.133705,-0.395967,0.749437,-0.361079,0.447099,-0.347216
0.788993,0.087281,0.114536,-0.596994,0.908058,0.040605,0.133521,-0.396033,0.74941,-0.361193,0.447017,-0.347262
0.789004,0.087091,0.114572,-0.597005,0.908095,0.040386,0.133428,-0.396007,0.749379,-0.361298,0.446975,-0.347277
0.788997,0.086918,0.114732,-0.597012,0.908091,0.040221,0.133489,-0.396018,0.749311,-0.361412,0.446995,-0.347281
0.789008,0.086722,0.114879,-0.597002,0.908125,0.039985,0.133593,-0.395938,0.749203,-0.361534,0.447087,-0.347266
0.788993,0.086524,0.115054,-0.597022,0.908121,0.039851,0.133712,-0.395927,0.749022,-0.361807,0.44715,-0.347295
0.789017,0.086307,0.115198,-0.596998,0.908136,0.039819,0.133779,-0.395878,0.748819,-0.362056,0.447282,-0.347308
0.789027,0.086174,0.115243,-0.596998,0.90815,0.039725,0.133793,-0.395851,0.74866,-0.362271,0.447367,-0.347321
0.78902,0.086056,0.115118,-0.59705,0.908194,0.039577,0.133664,-0.395812,0.748542,-0.362396,0.447512,-0.34726
0.789007,0.086042,0.114905,-0.597109,0.908214,0.039442,0.133423,-0.395861,0.74844,-0.362546,0.447566,-0.347258
0.789016,0.086023,0.114672,-0.597141,0.908235,0.039239,0.133143,-0.395929,0.748378,-0.362657,0.447559,-0.347284
0.788977,0.085977,0.114524,-0.597228,0.908257,0.039019,0.132971,-0.395962,0.748348,-0.362725,0.447504,-0.347348
0.788952,0.085861,0.114525,-0.59728,0.90827,0.038748,0.132837,-0.396007,0.74836,-0.362763,0.447448,-0.347357
0.788949,0.085747,0.114585,-0.597291,0.908247,0.038596,0.132827,-0.396086,0.748307,-0.362855,0.447446,-0.347377
0.788907,0.085559,0.114674,-0.597359,0.908207,0.03849,0.132895,-0.396168,0.748281,-0.362922,0.447399,-0.347422
0.788887,0.085401,0.114756,-0.597395,0.908148,0.038472,0.133046,-0.396257,0.748245,-0.363016,0.447382,-0.347425
0.788869,0.085237,0.114756,-0.597446,0.908129,0.038493,0.133227,-0.396242,0.748252,-0.363035,0.447365,-0.347415
0.788878,0.085148,0.114694,-0.597459,0.908133,0.038457,0.133292,-0.396214,0.748171,-0.363164,0.447365,-0.347454
0.788888,0.085098,0.11458,-0.597475,0.908168,0.038398,0.13327,-0.39615,0.748087,-0.363228,0.447418,-0.347499
0.788896,0.085136,0.114397,-0.597491,0.908227,0.038278,0.133086,-0.396089,0.748018,-0.363316,0.447442,-0.347526
0.788931,0.085219,0.114201,-0.597469,0.908318,0.038137,0.132856,-0.395973,0.748017,-0.363305,0.447474,-0.347499
0.788952,0.085221,0.114086,-0.597461,0.908366,0.037962,0.132625,-0.395958,0.747985,-0.363365,0.447441,-0.34755
0.789004,0.085205,0.114,-0.597409,0.908387,0.037816,0.132454,-0.395981,0.747984,-0.363352,0.447405,-0.347607
0.78902,0.085203,0.113964,-0.597396,0.908394,0.037671,0.132452,-0.395984,0.747953,-0.363336,0.447433,-0.347653
0.789011,0.085121,0.114085,-0.597398,0.908409,0.037615,0.132528,-0.395933,0.747925,-0.363346,0.447489,-0.347633
0.788998,0.084972,0.114239,-0.597412,0.908388,0.037555,0.132647,-0.395952,0.747839,-0.363424,0.447538,-0.347671
0.78898,0.084888,0.1143,-0.597439,0.908349,0.037508,0.132762,-0.396009,0.747776,-0.363464,0.447608,-0.347677
0.788945,0.084877,0.114376,-0.597471,0.908324,0.037512,0.132765,-0.396065,0.747737,-0.363539,0.44766,-0.347618
0.788959,0.084904,0.114308,-0.597461,0.908326,0.037457,0.132702,-0.396088,0.747744,-0.36352,0.447736,-0.347525
0.78894,0.084983,0.114201,-0.597494,0.908318,0.037402,0.132502,-0.396178,0.747692,-0.363545,0.4478,-0.347529
0.788955,0.085035,0.114108,-0.597483,0.908322,0.037348,0.132362,-0.396219,0.747671,-0.363524,0.44784,-0.347546
0.788988,0.085148,0.11402,-0.597437,0.908333,0.037307,0.132196,-0.396252,0.747675,-0.363509,0.44782,-0.347576
0.789041,0.08518,0.113999,-0.597366,0.908382,0.037223,0.132022,-0.396205,0.747674,-0.3635,0.447874,-0.347522
0.789072,0.085177,0.114056,-0.597314,0.908394,0.037124,0.131991,-0.396199,0.747645,-0.363512,0.447934,-0.347493
0.789101,0.085174,0.114139,-0.597261,0.908394,0.037135,0.132081,-0.39617,0.747569,-0.363571,0.448006,-0.347501
0.789119,0.085154,0.11419,-0.597232,0.908399,0.037137,0.132209,-0.396115,0.747515,-0.363571,0.44812,-0.347473
0.789096,0.085156,0.11425,-0.597251,0.908428,0.037133,0.132272,-0.39603,0.747512,-0.363534,0.448201,-0.347413
0.789094,0.085118,0.114342,-0.597243,0.908418,0.03719,0.132396,-0.396008,0.747505,-0.36356,0.448166,-0.347446
0.789068,0.085104,0.114391,-0.597271,0.908419,0.037228,0.132477,-0.395975,0.747527,-0.363503,0.448162,-0.347464
0.789053,0.085113,0.114402,-0.597288,0.908392,0.03726,0.132529,-0.396016,0.74754,-0.363458,0.448166,-0.347478
0.789041,0.085109,0.114397,-0.597305,0.908387,0.037244,0.132551,-0.396024,0.747577,-0.363359,0.448211,-0.347439
0.789021,0.085117,0.114433,-0.597323,0.908392,0.037162,0.132567,-0.396017,0.747574,-0.36337,0.448223,-0.347421
0.78902,0.085115,0.114505,-0.59731,0.908381,0.036975,0.132543,-0.396073,0.747359,-0.363539,0.448401,-0.347481
0.789053,0.085092,0.114581,-0.597258,0.908373,0.036812,0.132583,-0.396098,0.74728,-0.363544,0.448571,-0.347425
0.78904,0.085081,0.114674,-0.597259,0.908412,0.03671,0.132504,-0.396047,0.747204,-0.363596,0.448692,-0.347379
0.789043,0.085122,0.114701,-0.597244,0.908402,0.036641,0.132438,-0.396099,0.747163,-0.363612,0.448783,-0.347337
0.78906,0.08511,0.114698,-0.597224,0.908371,0.036745,0.132387,-0.396173,0.747129,-0.363638,0.448856,-0.347289
0.789013,0.085131,0.114677,-0.597286,0.90834,0.036958,0.132357,-0.396227,0.747133,-0.36364,0.448919,-0.347199
0.788964,0.085191,0.114591,-0.597358,0.908331,0.037174,0.13232,-0.396231,0.747109,-0.363646,0.44893,-0.347228
0.788959,0.085182,0.114599,-0.597364,0.908323,0.037276,0.132316,-0.39624,0.747088,-0.363681,0.448952,-0.347208
0.788957,0.0851,0.114695,-0.597361,0.908297,0.037301,0.132407,-0.396267,0.746995,-0.36378,0.449039,-0.347196
0.78897,0.085053,0.114769,-0.59734,0.908284,0.037209,0.132503,-0.396276,0.746928,-0.363775,0.449175,-0.347168
0.789004,0.084981,0.114828,-0.597294,0.908324,0.037002,0.132545,-0.396199,0.746847,-0.363895,0.44921,-0.347173
0.789016,0.084888,0.114963,-0.597269,0.908336,0.036835,0.132553,-0.396188,0.746761,-0.363972,0.44929,-0.347174
0.789043,0.084894,0.11506,-0.597214,0.908366,0.036594,0.132575,-0.396143,0.746693,-0.364023,0.449358,-0.34718
0.789064,0.08487,0.115048,-0.597193,0.908377,0.036459,0.132586,-0.396133,0.746668,-0.364009,0.449429,-0.347157
0.789075,0.084879,0.115122,-0.597164,0.908402,0.036348,0.132532,-0.396106,0.746611,-0.364099,0.449451,-0.347159
0.789076,0.084761,0.115153,-0.597175,0.908424,0.03635,0.132518,-0.396059,0.746565,-0.364111,0.44948,-0.347207
0.789087,0.08473,0.115174,-0.597161,0.908442,0.036309,0.132431,-0.39605,0.746534,-0.364119,0.449486,-0.347258
0.789052,0.084721,0.115138,-0.597216,0.908448,0.036266,0.132369,-0.396061,0.746548,-0.364073,0.449542,-0.347203
0.789034,0.08468,0.115064,-0.597259,0.908466,0.036317,0.132231,-0.396056,0.746533,-0.364098,0.449576,-0.347164
0.789015,0.084736,0.114925,-0.597302,0.908444,0.036394,0.132079,-0.396146,0.746506,-0.364118,0.449594,-0.347178
0.788985,0.084739,0.114834,-0.597357,0.908422,0.036435,0.131922,-0.396241,0.746466,-0.364172,0.449615,-0.347184
0.788954,0.084714,0.114857,-0.597398,0.908398,0.036419,0.131822,-0.39633,0.746434,-0.364182,0.449697,-0.347134
0.788929,0.084687,0.114911,-0.597425,0.908377,0.036304,0.131819,-0.396392,0.746311,-0.364305,0.449815,-0.34712
0.788937,0.084602,0.115063,-0.597401,0.908369,0.036172,0.131834,-0.396422,0.74618,-0.364415,0.449916,-0.347157
0.788938,0.084484,0.115219,-0.597388,0.908362,0.035989,0.131963,-0.39642,0.746041,-0.364513,0.450072,-0.347149
0.788974,0.084367,0.115412,-0.597324,0.908366,0.035888,0.132169,-0.396359,0.745949,-0.364555,0.450194,-0.347145
0.789,0.084323,0.115492,-0.597282,0.908397,0.035853,0.132263,-0.396263,0.745918,-0.364575,0.450227,-0.347149
0.788994,0.08439,0.115415,-0.597294,0.908429,0.035963,0.132219,-0.396189,0.745872,-0.364578,0.450284,-0.347172
0.788998,0.084482,0.115208,-0.597312,0.908481,0.036126,0.131979,-0.396126,0.745897,-0.36455,0.450281,-0.34715
0.789002,0.084659,0.114981,-0.597321,0.908495,0.036238,0.131745,-0.396154,0.745977,-0.36441,0.450278,-0.347128
0.788985,0.084815,0.114797,-0.597351,0.90853,0.036324,0.131494,-0.396141,0.74602,-0.364388,0.450206,-0.347152
0.788996,0.084811,0.114759,-0.597345,0.908525,0.036312,0.131373,-0.396193,0.746018,-0.364367,0.450166,-0.347228
0.788981,0.084727,0.1149,-0.597353,0.908507,0.036218,0.131434,-0.396227,0.745983,-0.364358,0.450178,-0.347296
0.788975,0.084597,0.115111,-0.597341,0.908481,0.036071,0.131614,-0.396247,0.74591,-0.364334,0.450307,-0.347308
0.788973,0.084454,0.115434,-0.597308,0.908479,0.03585,0.131768,-0.396231,0.745787,-0.364446,0.450404,-0.347329
0.788966,0.084363,0.115603,-0.5973,0.908458,0.03571,0.131939,-0.396242,0.745689,-0.36452,0.450523,-0.347309
0.788973,0.084313,0.115667,-0.597287,0.908455,0.035584,0.132,-0.396246,0.745571,-0.364568,0.450666,-0.347327
0.788948,0.084316,0.115589,-0.597333,0.908435,0.03557,0.131957,-0.396306,0.745518,-0.364524,0.450778,-0.34734
0.788899,0.084444,0.115431,-0.597407,0.908419,0.035667,0.131803,-0.396379,0.745498,-0.364544,0.450766,-0.347381
0.788851,0.084514,0.11519,-0.597505,0.908404,0.035748,0.131589,-0.396471,0.74547,-0.364551,0.450782,-0.347408
0.788824,0.084595,0.114991,-0.597563,0.908374,0.035888,0.131366,-0.396592,0.745453,-0.364514,0.450812,-0.347447
0.788815,0.084671,0.114794,-0.5976,0.908351,0.03599,0.131096,-0.396717,0.745448,-0.364401,0.450839,-0.347533
0.788782,0.084719,0.114674,-0.597658,0.908348,0.035996,0.130879,-0.396792,0.745349,-0.364476,0.45093,-0.347553
0.788773,0.084631,0.114738,-0.597672,0.908316,0.035887,0.130746,-0.396918,0.745251,-0.364493,0.451016,-0.347629
0.788744,0.084526,0.114751,-0.597724,0.908329,0.035695,0.13062,-0.396952,0.74518,-0.364493,0.451053,-0.347731
0.788703,0.084443,0.114763,-0.597789,0.90831,0.035514,0.130544,-0.397038,0.745192,-0.364403,0.451112,-0.347724
0.788645,0.084373,0.114781,-0.597873,0.908276,0.035384,0.130546,-0.397134,0.745146,-0.364425,0.451152,-0.347747
0.788611,0.084362,0.114827,-0.597912,0.908215,0.035321,0.130557,-0.397279,0.74507,-0.364463,0.451206,-0.347798
0.788539,0.084327,0.114837,-0.59801,0.908148,0.03533,0.130524,-0.397439,0.744995,-0.364499,0.451263,-0.347849
0.788487,0.084313,0.11482,-0.598084,0.908094,0.035358,0.130527,-0.397559,0.744929,-0.364456,0.451361,-0.347903
0.788437,0.084296,0.114773,-0.598161,0.908064,0.035375,0.130414,-0.397661,0.744813,-0.364535,0.451444,-0.347961
0.788376,0.084291,0.114745,-0.598248,0.908035,0.035375,0.130264,-0.397773,0.744744,-0.36453,0.451508,-0.348029
0.788331,0.084343,0.114527,-0.598338,0.90803,0.035393,0.129993,-0.397864,0.744703,-0.364457,0.451515,-0.348178
0.788296,0.084409,0.114357,-0.598406,0.908021,0.035337,0.129722,-0.397978,0.74471,-0.364318,0.45154,-0.348273
0.788226,0.084515,0.114167,-0.598515,0.908015,0.035277,0.12944,-0.398084,0.744714,-0.364274,0.451502,-0.348357
0.788171,0.084591,0.114001,-0.598606,0.90798,0.035195,0.129224,-0.398238,0.744722,-0.364195,0.451477,-0.348452
0.788098,0.084603,0.113912,-0.598717,0.907926,0.035108,0.129122,-0.398402,0.744689,-0.364152,0.451506,-0.348527
0.788047,0.084593,0.113838,-0.5988,0.907861,0.035025,0.129015,-0.398594,0.744713,-0.364066,0.451535,-0.348528
0.787999,0.084563,0.113803,-0.598873,0.907847,0.034946,0.128893,-0.398673,0.744661,-0.364084,0.451602,-0.348534
0.787944,0.084543,0.113763,-0.598956,0.90779,0.034992,0.128799,-0.398823,0.744627,-0.364083,0.451609,-0.348598
0.787916,0.084568,0.113636,-0.599012,0.907715,0.035072,0.128649,-0.399032,0.744581,-0.36405,0.451655,-0.348666
0.787887,0.084573,0.113515,-0.599071,0.907669,0.035099,0.128536,-0.399167,0.744579,-0.363954,0.451712,-0.348695
0.787876,0.084611,0.113438,-0.599094,0.907647,0.035109,0.12841,-0.399254,0.744546,-0.363994,0.451706,-0.348731
0.787847,0.08464,0.113443,-0.599126,0.907619,0.034963,0.128411,-0.399335,0.744507,-0.363989,0.451755,-0.348755
0.787855,0.084552,0.113531,-0.599114,0.907611,0.034767,0.128473,-0.399358,0.744444,-0.364041,0.451806,-0.348769
0.787866,0.084504,0.11368,-0.599079,0.90759,0.034614,0.128568,-0.399396,0.744386,-0.364063,0.451922,-0.348723
0.787878,0.084372,0.11386,-0.599052,0.907596,0.034474,0.12863,-0.39938,0.744306,-0.364106,0.451993,-0.348758
0.787865,0.084319,0.113922,-0.599066,0.907574,0.034359,0.128702,-0.39942,0.744249,-0.364125,0.452014,-0.348831
0.787853,0.084276,0.113915,-0.59909,0.907557,0.034316,0.12869,-0.399468,0.744236,-0.364136,0.451999,-0.348862
0.787844,0.084341,0.113844,-0.599105,0.907541,0.034354,0.128609,-0.399522,0.744252,-0.364072,0.452023,-0.348866
0.787829,0.084414,0.113715,-0.599137,0.907538,0.034422,0.128503,-0.399555,0.744241,-0.364111,0.451988,-0.348892
0.787852,0.084438,0.113611,-0.599121,0.907517,0.034438,0.128415,-0.39963,0.744234,-0.364093,0.451971,-0.348946
0.787864,0.084441,0.113568,-0.599112,0.907509,0.034403,0.128343,-0.399673,0.744201,-0.364052,0.452015,-0.349001
0.787859,0.084367,0.113564,-0.599132,0.907495,0.034238,0.128348,-0.399721,0.744192,-0.364,0.452091,-0.348975
0.787864,0.084271,0.113588,-0.599135,0.907522,0.033955,0.128295,-0.399709,0.744168,-0.364009,0.452059,-0.349058
0.787859,0.084226,0.113624,-0.599143,0.907521,0.033705,0.128162,-0.399779,0.744143,-0.364022,0.452044,-0.349116
0.787831,0.084207,0.113598,-0.599187,0.907525,0.033513,0.128056,-0.399825,0.744136,-0.364025,0.452047,-0.349122
0.787831,0.084234,0.113443,-0.599212,0.907513,0.033397,0.127891,-0.399915,0.744155,-0.363977,0.452084,-0.349085
0.787845,0.084387,0.113292,-0.599196,0.907507,0.033311,0.127684,-0.4,0.744115,-0.363977,0.452132,-0.349107
0.787865,0.084465,0.113223,-0.599169,0.907468,0.033375,0.127519,-0.400134,0.74406,-0.364025,0.452184,-0.349108
0.787811,0.084491,0.113199,-0.599241,0.907436,0.033396,0.127436,-0.400229,0.744013,-0.364061,0.452255,-0.349079
0.787798,0.084452,0.113259,-0.599252,0.907407,0.033379,0.127481,-0.400283,0.743976,-0.364031,0.452358,-0.349055
0.78777,0.08446,0.11333,-0.599276,0.907398,0.033365,0.127552,-0.400283,0.743962,-0.364037,0.452384,-0.349047
0.787749,0.084461,0.11346,-0.599281,0.907402,0.033305,0.127634,-0.400255,0.743928,-0.363979,0.452495,-0.349036
0.787787,0.08446,0.11351,-0.599221,0.907403,0.033273,0.127772,-0.400215,0.743864,-0.363975,0.45255,-0.349104
0.787767,0.084472,0.113587,-0.599233,0.907435,0.033299,0.127848,-0.400117,0.743847,-0.363901,0.452632,-0.349108
0.787769,0.084562,0.113714,-0.599192,0.907462,0.033433,0.127945,-0.400012,0.743793,-0.363844,0.452694,-0.349199
0.78777,0.084577,0.113838,-0.599166,0.907472,0.033582,0.12812,-0.399919,0.743768,-0.363847,0.452723,-0.349212
0.78776,0.084564,0.113924,-0.599166,0.907455,0.033726,0.128357,-0.39987,0.743795,-0.363791,0.452685,-0.349259
0.787758,0.084462,0.114071,-0.599159,0.907462,0.033832,0.128527,-0.399789,0.743833,-0.363684,0.452705,-0.349264
0.787744,0.084437,0.114113,-0.599172,0.907501,0.033853,0.128686,-0.399652,0.743868,-0.363647,0.452684,-0.349254
0.787731,0.084404,0.114097,-0.599197,0.907517,0.033859,0.128685,-0.399613,0.743906,-0.363594,0.452686,-0.349227
0.787721,0.084418,0.114074,-0.599213,0.907524,0.033813,0.128544,-0.399646,0.743909,-0.363545,0.452719,-0.349227
0.787685,0.084479,0.113944,-0.599273,0.907502,0.033806,0.128455,-0.399722,0.743985,-0.36345,0.452727,-0.349153
0.787645,0.08454,0.113817,-0.599341,0.907489,0.033846,0.128264,-0.399805,0.744037,-0.363433,0.45271,-0.349082
0.787589,0.0847,0.113708,-0.599408,0.907444,0.033875,0.128135,-0.399942,0.744066,-0.363395,0.45272,-0.349051
0.787567,0.08472,0.113686,-0.599439,0.907387,0.03393,0.128133,-0.400066,0.744034,-0.363408,0.452772,-0.349034
0.787589,0.084702,0.113774,-0.599397,0.907332,0.034008,0.128294,-0.400135,0.744031,-0.363358,0.452818,-0.349035
0.787583,0.084687,0.113861,-0.599391,0.907333,0.034072,0.128464,-0.400073,0.743976,-0.363395,0.452861,-0.349057
0.787591,0.084619,0.113978,-0.599369,0.907362,0.034124,0.128604,-0.399959,0.743936,-0.363377,0.452912,-0.349094
0.787619,0.084585,0.11405,-0.599325,0.907394,0.034146,0.128658,-0.399868,0.743911,-0.363388,0.452949,-0.349088
0.787633,0.084646,0.114035,-0.599301,0.90744,0.034123,0.128625,-0.399775,0.743925,-0.363316,0.452993,-0.349078
0.787664,0.084758,0.113944,-0.599259,0.907523,0.034128,0.12849,-0.399628,0.743979,-0.3633,0.452871,-0.349132
0.787652,0.084778,0.113826,-0.599292,0.90755,0.034155,0.128426,-0.399582,0.744061,-0.363286,0.452722,-0.349166
0.787652,0.084766,0.113722,-0.599313,0.907555,0.034274,0.128295,-0.399596,0.744053,-0.363313,0.452692,-0.349194
0.78768,0.084712,0.113702,-0.599289,0.907545,0.034336,0.128279,-0.399617,0.744053,-0.363327,0.452671,-0.349206
0.787665,0.084617,0.113679,-0.599326,0.907562,0.034327,0.128306,-0.399572,0.744061,-0.363389,0.452581,-0.349242
0.787668,0.084491,0.11372,-0.599336,0.907567,0.034296,0.128323,-0.399559,0.74403,-0.363449,0.452515,-0.349329
0.787668,0.08438,0.113727,-0.599352,0.90757,0.034257,0.128372,-0.399542,0.744016,-0.363442,0.452511,-0.349369
0.787713,0.084303,0.113691,-0.599311,0.907575,0.034209,0.128414,-0.399522,0.744021,-0.363465,0.45248,-0.349376
0.787679,0.084231,0.113645,-0.599374,0.907621,0.034029,0.128411,-0.39944,0.743999,-0.363617,0.452413,-0.349356
0.787687,0.084084,0.113582,-0.599398,0.907619,0.033941,0.12846,-0.399441,0.743973,-0.363735,0.452346,-0.349376
0.787675,0.083935,0.113523,-0.599449,0.907608,0.033795,0.128569,-0.399449,0.743921,-0.363846,0.45233,-0.349392
0.787628,0.083823,0.113453,-0.59954,0.907588,0.033802,0.128606,-0.399482,0.743933,-0.36389,0.452303,-0.349356
0.787582,0.083757,0.113276,-0.599643,0.907577,0.033817,0.12857,-0.399517,0.743945,-0.363966,0.452204,-0.349383
0.787529,0.083742,0.113007,-0.599763,0.907568,0.033833,0.128517,-0.39955,0.743987,-0.36401,0.452094,-0.349391
0.78747,0.083657,0.112872,-0.599877,0.907534,0.03393,0.128463,-0.399634,0.744072,-0.364003,0.451914,-0.349446
0.787438,0.083532,0.112789,-0.599954,0.907508,0.033984,0.128536,-0.399664,0.744162,-0.363947,0.451811,-0.349447
0.787462,0.083335,0.112821,-0.599948,0.907509,0.034026,0.12863,-0.399629,0.744178,-0.364039,0.451683,-0.349483
0.787478,0.083042,0.113034,-0.599934,0.907475,0.03402,0.128885,-0.399628,0.744139,-0.364152,0.451624,-0.349523
0.787498,0.082717,0.113254,-0.599916,0.907469,0.033989,0.129201,-0.399553,0.744096,-0.364245,0.451617,-0.349528
0.787545,0.082469,0.113463,-0.599856,0.907444,0.033945,0.129585,-0.399495,0.74407,-0.364271,0.451661,-0.349502
0.787555,0.082338,0.113645,-0.599831,0.907439,0.033881,0.129916,-0.399413,0.744015,-0.364348,0.451686,-0.349507
0.787597,0.082281,0.113755,-0.599765,0.90747,0.033804,0.130088,-0.399298,0.744018,-0.364352,0.45166,-0.34953
0.787629,0.082224,0.113727,-0.599736,0.907495,0.033727,0.130064,-0.399258,0.744057,-0.364403,0.451532,-0.349561
0.787667,0.082213,0.113592,-0.599712,0.907517,0.033634,0.129965,-0.399248,0.744139,-0.364333,0.451437,-0.349579
0.787707,0.082251,0.113366,-0.599695,0.907562,0.033592,0.129754,-0.399216,0.744232,-0.364311,0.451257,-0.349635
0.787746,0.08218,0.113187,-0.599685,0.907604,0.033569,0.129629,-0.399161,0.744348,-0.364234,0.451069,-0.349707
0.78775,0.082145,0.113017,-0.599716,0.907637,0.033512,0.129464,-0.399145,0.74443,-0.364202,0.450905,-0.349777
0.78775,0.082091,0.112934,-0.59974,0.907653,0.033385,0.129365,-0.399153,0.744475,-0.364184,0.450819,-0.34981
0.787747,0.082025,0.112866,-0.599766,0.907652,0.033228,0.129288,-0.399196,0.744479,-0.364277,0.450723,-0.349829
0.787745,0.081917,0.112847,-0.599788,0.907649,0.033069,0.129262,-0.399229,0.744444,-0.364352,0.450719,-0.349832
0.787741,0.081824,0.112881,-0.599801,0.907649,0.032911,0.129232,-0.399256,0.744425,-0.364409,0.450689,-0.349852
0.787752,0.081677,0.112941,-0.599799,0.907634,0.032896,0.129192,-0.399303,0.744468,-0.364356,0.450679,-0.349829
0.787775,0.081609,0.112883,-0.59979,0.907661,0.032896,0.129157,-0.399253,0.74451,-0.364356,0.450593,-0.349849
0.787794,0.081564,0.112819,-0.599783,0.907637,0.032972,0.129176,-0.399293,0.74456,-0.364342,0.45051,-0.349863
0.787778,0.081568,0.11267,-0.59983,0.907637,0.033087,0.129176,-0.399282,0.744592,-0.364354,0.450413,-0.349908
0.787729,0.08152,0.112531,-0.599926,0.907611,0.033199,0.129205,-0.399318,0.744697,-0.364243,0.450304,-0.349938
0.787738,0.081488,0.11248,-0.599928,0.907618,0.033244,0.129183,-0.399303,0.744764,-0.364167,0.450191,-0.350016
0.787683,0.081443,0.112521,-0.600001,0.907646,0.033285,0.1291,-0.39926,0.74476,-0.364207,0.450105,-0.350094
0.787685,0.081362,0.112588,-0.599998,0.907638,0.033267,0.129118,-0.399275,0.744771,-0.364236,0.450067,-0.350088
0.787695,0.081318,0.112683,-0.599974,0.907645,0.033212,0.129183,-0.399245,0.74474,-0.364189,0.450174,-0.350067
0.787695,0.081333,0.112814,-0.59995,0.907651,0.03318,0.12923,-0.399222,0.744677,-0.364223,0.450224,-0.350101
0.787687,0.08131,0.112923,-0.599943,0.90763,0.033257,0.129313,-0.399236,0.744623,-0.364289,0.450245,-0.350119
0.787686,0.081273,0.113021,-0.599932,0.907617,0.033353,0.129399,-0.399227,0.744588,-0.364316,0.450274,-0.350129
0.787673,0.081269,0.113001,-0.599953,0.907617,0.033395,0.129442,-0.399208,0.744602,-0.364248,0.450325,-0.350106
0.787666,0.081282,0.112948,-0.599971,0.907626,0.033514,0.129382,-0.399194,0.744633,-0.36424,0.450279,-0.350107
0.787599,0.081291,0.112905,-0.600064,0.907639,0.033645,0.129317,-0.399169,0.744683,-0.364205,0.450202,-0.350134
0.787577,0.081263,0.112903,-0.600098,0.907658,0.033686,0.129219,-0.39915,0.744773,-0.364065,0.450085,-0.350233
0.787542,0.081301,0.112808,-0.600156,0.90767,0.033722,0.129195,-0.399125,0.744904,-0.363896,0.449983,-0.350258
0.787497,0.081313,0.112844,-0.600205,0.907614,0.033815,0.129273,-0.399217,0.744963,-0.363843,0.449888,-0.350309
0.787469,0.081396,0.112768,-0.600245,0.907566,0.033958,0.129335,-0.399291,0.744968,-0.363798,0.449845,-0.350398
0.787405,0.081452,0.112775,-0.600318,0.907533,0.034132,0.12937,-0.399335,0.745015,-0.363764,0.449772,-0.350426
0.787393,0.081505,0.112793,-0.600322,0.90752,0.03428,0.1294,-0.399339,0.7451,-0.36362,0.449754,-0.350416
0.787381,0.081581,0.112756,-0.600333,0.907552,0.034466,0.129387,-0.39925,0.745183,-0.363545,0.449674,-0.350417
0.787368,0.08165,0.112726,-0.600345,0.907555,0.034567,0.129375,-0.399233,0.745245,-0.363434,0.449635,-0.350447
0.787352,0.081665,0.112642,-0.600379,0.907577,0.034628,0.129334,-0.399188,0.745289,-0.363382,0.449597,-0.350456
0.787346,0.081679,0.112611,-0.600391,0.907597,0.034647,0.129312,-0.399146,0.74532,-0.3633,0.449607,-0.350462
0.787339,0.081588,0.112587,-0.600417,0.907622,0.034679,0.129261,-0.399105,0.745314,-0.363267,0.44963,-0.35048
0.78733,0.081573,0.112634,-0.600424,0.907589,0.034812,0.129308,-0.399147,0.745339,-0.363246,0.449598,-0.350488
0.787308,0.081556,0.112647,-0.600453,0.907576,0.035002,0.129367,-0.399138,0.745308,-0.363278,0.449616,-0.350498
0.787272,0.081558,0.112706,-0.600489,0.907587,0.035251,0.129478,-0.399048,0.74532,-0.363233,0.449683,-0.350434
0.787251,0.081553,0.112702,-0.600518,0.90759,0.035449,0.129605,-0.398981,0.745298,-0.363284,0.449725,-0.350377
0.787222,0.081559,0.112654,-0.600564,0.907577,0.035715,0.129714,-0.398943,0.745305,-0.363299,0.449734,-0.350333
0.787203,0.08165,0.112554,-0.600593,0.907588,0.035982,0.129735,-0.39888,0.745303,-0.363305,0.449756,-0.350306
0.787238,0.081753,0.112393,-0.600559,0.907596,0.036091,0.129793,-0.398828,0.745309,-0.363244,0.449817,-0.350276
0.787269,0.081741,0.11229,-0.60054,0.90764,0.036137,0.12975,-0.398739,0.745347,-0.363221,0.449735,-0.350324
0.787293,0.081753,0.112266,-0.60051,0.907692,0.03625,0.129696,-0.398623,0.745344,-0.36322,0.44964,-0.350451
0.787318,0.08177,0.112252,-0.600478,0.907746,0.036302,0.12961,-0.398519,0.745405,-0.363174,0.449549,-0.350486
0.787329,0.081824,0.112178,-0.600469,0.907777,0.036348,0.129536,-0.398466,0.745503,-0.363079,0.449486,-0.350455
0.78737,0.081812,0.112106,-0.600429,0.907795,0.036417,0.129416,-0.398451,0.745548,-0.363106,0.449396,-0.350446
0.787393,0.081773,0.112003,-0.600422,0.907785,0.036492,0.129291,-0.398506,0.745546,-0.363093,0.449374,-0.350492
0.787423,0.081759,0.111858,-0.600412,0.907791,0.036525,0.129192,-0.398517,0.745587,-0.363065,0.449309,-0.350516
0.787419,0.081712,0.111719,-0.600448,0.907835,0.036587,0.129076,-0.398446,0.745592,-0.363027,0.449295,-0.350561
0.787441,0.08173,0.111619,-0.600435,0.9079,0.036645,0.128967,-0.398325,0.745592,-0.363006,0.449254,-0.350632
0.787455,0.081694,0.111556,-0.600432,0.907941,0.036632,0.128849,-0.39827,0.745573,-0.363029,0.449248,-0.350657
0.787483,0.08167,0.111471,-0.600414,0.907978,0.036704,0.128765,-0.3982,0.745571,-0.363055,0.449237,-0.350648
0.78751,0.081718,0.111399,-0.600384,0.908016,0.036674,0.128675,-0.398145,0.74556,-0.363014,0.449294,-0.350642
0.787504,0.081686,0.111437,-0.600391,0.908019,0.036651,0.128576,-0.398171,0.745523,-0.363083,0.449352,-0.350577
0.787508,0.081627,0.111467,-0.600389,0.907998,0.036547,0.128524,-0.398249,0.745471,-0.363127,0.449418,-0.350557
0.787502,0.081586,0.111588,-0.600383,0.907973,0.036493,0.128575,-0.398296,0.745411,-0.363199,0.449471,-0.350545
0.787485,0.081542,0.111772,-0.600379,0.907945,0.036445,0.128722,-0.398322,0.745415,-0.363203,0.449515,-0.350478
0.787473,0.081491,0.111847,-0.600388,0.90797,0.036476,0.128826,-0.39823,0.745374,-0.363243,0.449562,-0.350464
0.787484,0.081514,0.111827,-0.600373,0.907988,0.036471,0.128863,-0.398178,0.745298,-0.363311,0.449638,-0.350458
0.787498,0.081485,0.111775,-0.60037,0.907998,0.036474,0.128864,-0.398153,0.745303,-0.363288,0.449619,-0.350497
0.787498,0.081532,0.111694,-0.600377,0.908007,0.036516,0.128825,-0.398139,0.74534,-0.363148,0.449629,-0.350544
0.787554,0.081574,0.111636,-0.600307,0.908048,0.036498,0.128779,-0.398064,0.745398,-0.363084,0.44958,-0.35055
0.787567,0.081678,0.111586,-0.600283,0.908086,0.036507,0.128742,-0.397986,0.745396,-0.363081,0.449546,-0.3506
0.78756,0.081699,0.111601,-0.600285,0.90812,0.036495,0.128747,-0.397908,0.745405,-0.363056,0.449497,-0.350668
0.787556,0.081724,0.111679,-0.600273,0.908135,0.036585,0.12882,-0.397841,0.745428,-0.362948,0.449503,-0.35072
0.787525,0.081776,0.111732,-0.600298,0.908171,0.036624,0.128855,-0.397744,0.745429,-0.362943,0.449487,-0.350744
0.787506,0.08176,0.111743,-0.600323,0.908169,0.036664,0.128918,-0.397723,0.745474,-0.36287,0.449449,-0.350768
0.787511,0.081847,0.111701,-0.600311,0.908168,0.036703,0.128862,-0.397739,0.745518,-0.362823,0.449419,-0.350762
0.787467,0.081945,0.111583,-0.600374,0.908156,0.036765,0.128744,-0.397794,0.745593,-0.362656,0.4494,-0.350797
0.787455,0.081938,0.11159,-0.60039,0.908154,0.03679,0.128689,-0.397814,0.745635,-0.362588,0.449355,-0.350834
0.787427,0.081935,0.111628,-0.60042,0.908128,0.036733,0.128696,-0.397878,0.745644,-0.362602,0.449331,-0.350833
0.78739,0.081841,0.11178,-0.600457,0.908095,0.036727,0.128774,-0.397928,0.74559,-0.362648,0.449366,-0.350853
0.787329,0.081784,0.111992,-0.600507,0.908063,0.036669,0.128906,-0.397969,0.745534,-0.362617,0.449494,-0.350841
0.787306,0.081724,0.11217,-0.600516,0.908046,0.036708,0.129009,-0.397971,0.745481,-0.362605,0.449575,-0.350862
0.787302,0.081735,0.11226,-0.600503,0.90804,0.036795,0.129118,-0.397939,0.745447,-0.362589,0.449646,-0.350859
0.787292,0.081779,0.112218,-0.600516,0.908047,0.03694,0.129125,-0.397902,0.745427,-0.362606,0.44967,-0.350854
0.787285,0.081931,0.112111,-0.600523,0.90802,0.037182,0.129058,-0.397956,0.745439,-0.362508,0.449715,-0.350871
0.787304,0.082086,0.111939,-0.600502,0.908057,0.037353,0.128935,-0.397887,0.745485,-0.362406,0.449688,-0.350908
0.787308,0.082161,0.111882,-0.600496,0.908069,0.037491,0.128848,-0.397871,0.745529,-0.362367,0.449597,-0.350972
0.787305,0.082163,0.111906,-0.600496,0.908082,0.037443,0.128792,-0.397863,0.745541,-0.362329,0.449549,-0.351044
0.787313,0.082154,0.11189,-0.60049,0.908093,0.037405,0.128833,-0.397828,0.745594,-0.362205,0.44952,-0.351095
0.787316,0.082119,0.111897,-0.600491,0.908102,0.037268,0.128893,-0.39781,0.745631,-0.362173,0.449426,-0.351167
0.787286,0.082,0.111951,-0.600537,0.90809,0.037163,0.128937,-0.397835,0.745652,-0.362139,0.449381,-0.351214
0.787236,0.081984,0.111946,-0.600607,0.908092,0.037128,0.128917,-0.397844,0.745629,-0.362166,0.44938,-0.351235
0.787199,0.082007,0.111928,-0.600655,0.908071,0.037228,0.128875,-0.39789,0.745622,-0.362134,0.449437,-0.351212
0.787192,0.08203,0.111849,-0.600675,0.908054,0.037322,0.128773,-0.397948,0.745597,-0.362168,0.449442,-0.351222
0.787182,0.082039,0.111853,-0.600686,0.908055,0.037408,0.128689,-0.397961,0.745543,-0.362206,0.449469,-0.351261
0.787194,0.081984,0.111854,-0.600677,0.908078,0.03737,0.128618,-0.397935,0.745461,-0.36228,0.4495,-0.351321
0.787205,0.081907,0.111859,-0.600674,0.908102,0.037233,0.128642,-0.39789,0.745417,-0.362293,0.449575,-0.351303
0.78726,0.081817,0.111859,-0.600615,0.908153,0.03702,0.128626,-0.397806,0.745321,-0.362382,0.449648,-0.351322
0.787268,0.08176,0.111786,-0.600628,0.908166,0.036851,0.128612,-0.3978,0.745245,-0.362445,0.44966,-0.351402
0.787265,0.081667,0.111764,-0.600651,0.90818,0.036694,0.12856,-0.397803,0.745223,-0.362503,0.449649,-0.351405
0.787234,0.081611,0.111744,-0.600702,0.908199,0.036597,0.128475,-0.397797,0.745281,-0.362464,0.449636,-0.351339
0.787227,0.081607,0.11166,-0.600727,0.90822,0.036596,0.128335,-0.397793,0.745291,-0.362471,0.449636,-0.351312
0.787205,0.081651,0.111596,-0.60076,0.908231,0.036725,0.128107,-0.397821,0.745342,-0.362433,0.449585,-0.351308
0.78719,0.081686,0.111457,-0.600798,0.908218,0.036796,0.127998,-0.397876,0.745316,-0.362518,0.449522,-0.351355
0.787183,0.081699,0.111344,-0.600826,0.908199,0.036885,0.127922,-0.39793,0.745356,-0.362497,0.449488,-0.351338
0.787197,0.081651,0.111384,-0.600808,0.908209,0.036906,0.127956,-0.397895,0.745289,-0.362614,0.449469,-0.351382
0.787211,0.081564,0.111483,-0.600786,0.908236,0.036759,0.128012,-0.397834,0.745154,-0.362768,0.449561,-0.351394
0.787262,0.081361,0.111556,-0.600736,0.9083,0.036601,0.128034,-0.397701,0.745043,-0.362908,0.449647,-0.351377
0.787281,0.081341,0.111526,-0.60072,0.908364,0.036438,0.127933,-0.397606,0.745023,-0.362905,0.449679,-0.351383
0.78737,0.081293,0.111427,-0.600628,0.908442,0.036332,0.127749,-0.397496,0.745019,-0.362947,0.449639,-0.351398
0.787415,0.081285,0.111219,-0.600607,0.908512,0.036311,0.12754,-0.397402,0.745049,-0.362929,0.449523,-0.351499
0.787443,0.0813,0.111036,-0.600598,0.90856,0.036403,0.127339,-0.397342,0.7451,-0.362895,0.449432,-0.351541
0.787472,0.081305,0.110915,-0.600581,0.908591,0.036488,0.127196,-0.397304,0.745163,-0.362828,0.449356,-0.351572
0.787481,0.081239,0.110863,-0.600589,0.908616,0.036513,0.12717,-0.397252,0.745152,-0.362893,0.449308,-0.35159
0.787488,0.081119,0.111053,-0.600565,0.908575,0.036478,0.127279,-0.397316,0.745078,-0.362946,0.449342,-0.35165
0.787486,0.081009,0.111169,-0.600564,0.908564,0.036302,0.127405,-0.397324,0.744973,-0.363069,0.449426,-0.351639
0.78748,0.080869,0.111302,-0.60057,0.908544,0.036125,0.127505,-0.397365,0.744888,-0.363134,0.449554,-0.351591
0.787471,0.080741,0.111345,-0.600593,0.908561,0.03588,0.127495,-0.397357,0.744788,-0.363256,0.449643,-0.351564
0.787442,0.080737,0.111286,-0.600642,0.908586,0.035767,0.127465,-0.397322,0.744691,-0.363358,0.449687,-0.351609
0.787452,0.080758,0.111159,-0.600647,0.90861,0.035753,0.12735,-0.397305,0.74466,-0.363419,0.449639,-0.351672
0.787442,0.080795,0.110975,-0.600688,0.908629,0.035868,0.127263,-0.397274,0.744666,-0.363377,0.449632,-0.351711
0.787431,0.080794,0.110814,-0.60073,0.908662,0.035999,0.127237,-0.397189,0.744668,-0.363402,0.44956,-0.351771
0.787411,0.08081,0.110751,-0.600766,0.908672,0.036151,0.127257,-0.397144,0.744639,-0.363446,0.449542,-0.351808
0.787395,0.080739,0.1108,-0.600787,0.90867,0.036163,0.127322,-0.397128,0.744581,-0.363502,0.449588,-0.351816
0.787373,0.080637,0.110869,-0.600821,0.908677,0.036104,0.127425,-0.397086,0.744526,-0.363512,0.449683,-0.351801
0.787346,0.080536,0.110978,-0.600852,0.908654,0.036024,0.127498,-0.397124,0.744483,-0.363541,0.449733,-0.3518
0.787317,0.080447,0.11105,-0.60089,0.908644,0.035908,0.127579,-0.397139,0.744383,-0.363616,0.449843,-0.351792
0.787249,0.080303,0.11123,-0.600969,0.90863,0.035717,0.127681,-0.397164,0.744291,-0.363699,0.449925,-0.351799
0.787214,0.080181,0.111319,-0.601017,0.90862,0.035544,0.127761,-0.397182,0.744268,-0.363689,0.449968,-0.351802
0.787184,0.080111,0.111406,-0.601053,0.908631,0.035358,0.127885,-0.397141,0.744218,-0.363734,0.450001,-0.351819
0.787174,0.080141,0.111461,-0.601052,0.908632,0.03524,0.127913,-0.397146,0.744181,-0.363709,0.450063,-0.351844
0.787172,0.080214,0.111367,-0.601061,0.908609,0.035278,0.127915,-0.397194,0.744166,-0.363684,0.450086,-0.351871
0.787159,0.080323,0.111244,-0.601081,0.908603,0.035322,0.127858,-0.397219,0.744198,-0.363596,0.45009,-0.351888
0.78715,0.080446,0.111107,-0.6011,0.90861,0.035374,0.127779,-0.397219,0.744189,-0.363573,0.450074,-0.351947
0.787112,0.080472,0.111057,-0.601154,0.908593,0.035373,0.127691,-0.397286,0.744173,-0.363581,0.450068,-0.35198
0.787069,0.080437,0.111105,-0.601207,0.908568,0.035345,0.127716,-0.397338,0.744205,-0.363558,0.450024,-0.351993
0.787008,0.080379,0.111183,-0.601283,0.908541,0.035267,0.12782,-0.397377,0.744232,-0.363485,0.450069,-0.351954
0.786953,0.080261,0.111334,-0.601346,0.908514,0.035164,0.128031,-0.397387,0.744169,-0.363513,0.450142,-0.351966
0.7869,0.080187,0.111465,-0.601403,0.908481,0.035085,0.128213,-0.397417,0.744108,-0.363615,0.450188,-0.351932
0.786842,0.080103,0.111635,-0.60146,0.908453,0.034997,0.128408,-0.397432,0.744003,-0.363682,0.450316,-0.351921
0.786841,0.080087,0.111609,-0.601469,0.908427,0.034931,0.128468,-0.397481,0.743955,-0.363691,0.450412,-0.351891
0.786817,0.080137,0.111621,-0.601491,0.908447,0.035006,0.128419,-0.397442,0.74393,-0.363685,0.450434,-0.351921
0.786852,0.080244,0.11148,-0.601456,0.908445,0.03505,0.128303,-0.397476,0.743977,-0.363588,0.450395,-0.351969
0.786876,0.080366,0.11126,-0.601443,0.908479,0.035141,0.12818,-0.397427,0.744022,-0.363466,0.450337,-0.352074
0.786865,0.080482,0.111125,-0.601464,0.90849,0.035259,0.128172,-0.397389,0.744107,-0.363311,0.450276,-0.352127
0.786854,0.080564,0.11108,-0.601474,0.908508,0.035382,0.128182,-0.397328,0.744158,-0.363286,0.450166,-0.352184
0.786835,0.080576,0.111136,-0.601489,0.908494,0.035517,0.128349,-0.397296,0.744163,-0.36326,0.450108,-0.352269
0.786803,0.08051,0.111289,-0.601513,0.908464,0.035582,0.12861,-0.397276,0.744131,-0.363282,0.450117,-0.352306
0.786773,0.080421,0.111473,-0.601533,0.908444,0.035604,0.128811,-0.397257,0.744085,-0.363279,0.450194,-0.352307
0.786733,0.080333,0.111642,-0.601568,0.908442,0.035502,0.129028,-0.397208,0.744027,-0.363349,0.450241,-0.352297
0.786718,0.080282,0.111642,-0.601596,0.908446,0.035416,0.129079,-0.397193,0.743977,-0.363388,0.450306,-0.352279
0.786729,0.080248,0.111569,-0.6016,0.908466,0.03531,0.128979,-0.397192,0.74394,-0.363473,0.450289,-0.352292
0.786751,0.080299,0.111417,-0.60159,0.908492,0.035244,0.128779,-0.397201,0.743956,-0.363403,0.450294,-0.352324
0.786785,0.080293,0.11134,-0.60156,0.908563,0.035107,0.128524,-0.397133,0.743937,-0.363484,0.450234,-0.352357
0.786813,0.080318,0.11121,-0.601541,0.908624,0.035002,0.128357,-0.397059,0.743987,-0.363517,0.450113,-0.352374
0.786816,0.080295,0.111089,-0.601563,0.908649,0.035001,0.128185,-0.397053,0.743982,-0.363548,0.45003,-0.352457
0.786812,0.080322,0.110979,-0.601583,0.908643,0.034963,0.128127,-0.397088,0.744035,-0.36351,0.449958,-0.352472
0.786793,0.080349,0.11091,-0.601616,0.908643,0.034974,0.128134,-0.397085,0.744069,-0.363526,0.449901,-0.35246
0.786793,0.080286,0.110932,-0.601622,0.908632,0.034919,0.128165,-0.397107,0.744049,-0.363558,0.449883,-0.35249
0.786835,0.080149,0.110999,-0.601575,0.908634,0.034821,0.128184,-0.397108,0.743986,-0.363634,0.449933,-0.352482
0.786873,0.08016,0.111014,-0.601521,0.908646,0.034761,0.128152,-0.397097,0.743959,-0.3636,0.450016,-0.352466
0.786915,0.080153,0.11099,-0.601472,0.908656,0.03475,0.128173,-0.397069,0.743929,-0.363677,0.450014,-0.352457
0.786931,0.080142,0.110945,-0.601461,0.908686,0.034726,0.128143,-0.397012,0.743886,-0.363705,0.450053,-0.352467
0.786941,0.08015,0.110995,-0.601437,0.908704,0.034713,0.128116,-0.396983,0.743904,-0.363729,0.450005,-0.352466
0.786946,0.080158,0.110969,-0.601434,0.908706,0.034633,0.128215,-0.396956,0.74389,-0.363714,0.450048,-0.352459
0.786925,0.080095,0.11106,-0.601454,0.908729,0.034529,0.128408,-0.396857,0.743829,-0.363808,0.450071,-0.352462
0.786907,0.079994,0.11127,-0.601458,0.908729,0.034368,0.128624,-0.396812,0.743754,-0.363925,0.450129,-0.352428
0.786905,0.079838,0.111547,-0.601434,0.908717,0.03414,0.128931,-0.396771,0.743638,-0.36408,0.450252,-0.352359
0.786891,0.079758,0.111718,-0.601433,0.908708,0.034024,0.129121,-0.396747,0.743558,-0.364159,0.450378,-0.352288
0.78688,0.07974,0.111692,-0.601456,0.908731,0.034032,0.129204,-0.396669,0.743477,-0.364293,0.450425,-0.352263
0.786936,0.07977,0.111607,-0.601391,0.908735,0.034027,0.129295,-0.396631,0.743443,-0.364323,0.45043,-0.352297
0.786933,0.07981,0.111533,-0.601404,0.908706,0.034107,0.129327,-0.396679,0.743441,-0.364285,0.450427,-0.352344
0.786892,0.079799,0.111528,-0.60146,0.908681,0.034124,0.12944,-0.396699,0.7435,-0.364142,0.450392,-0.352404
0.786865,0.079781,0.111507,-0.601501,0.90868,0.034123,0.129559,-0.396663,0.743554,-0.364109,0.450296,-0.35245
0.786846,0.079726,0.111682,-0.601504,0.908654,0.034133,0.129724,-0.396672,0.743541,-0.364109,0.450298,-0.352473
0.786848,0.079659,0.111818,-0.601487,0.908646,0.034112,0.129863,-0.396649,0.74351,-0.364103,0.45032,-0.352517
0.786833,0.079564,0.111971,-0.601492,0.908634,0.034029,0.129935,-0.396663,0.743507,-0.364094,0.450368,-0.352471
0.786804,0.079508,0.112073,-0.601522,0.908653,0.033905,0.129948,-0.396631,0.743446,-0.364137,0.450442,-0.352461
0.786799,0.079491,0.112154,-0.601516,0.908662,0.033816,0.129848,-0.396653,0.743361,-0.364181,0.450573,-0.352426
0.786787,0.079508,0.112136,-0.601533,0.908668,0.033746,0.129754,-0.396676,0.743295,-0.364189,0.450686,-0.352416
0.786781,0.079545,0.112088,-0.601544,0.908648,0.033774,0.12968,-0.396743,0.743312,-0.364141,0.450724,-0.35238
0.78674,0.079662,0.111942,-0.601606,0.908625,0.033865,0.129593,-0.39681,0.743316,-0.364142,0.450711,-0.352386
0.786653,0.079787,0.111847,-0.601718,0.908598,0.033866,0.129556,-0.396884,0.743323,-0.364119,0.450673,-0.35244
0.786586,0.079799,0.111844,-0.601805,0.908552,0.033861,0.129624,-0.396966,0.743322,-0.364066,0.45065,-0.352527
0.786519,0.079734,0.111935,-0.601885,0.9085,0.033812,0.129766,-0.397051,0.743306,-0.364029,0.450682,-0.352558
0.786462,0.079664,0.112049,-0.601951,0.908469,0.033735,0.129942,-0.397075,0.743241,-0.364102,0.450734,-0.352553
0.786414,0.079537,0.112154,-0.602013,0.908435,0.033521,0.130132,-0.397119,0.743115,-0.364204,0.450842,-0.352577
0.78639,0.079428,0.112284,-0.602036,0.908408,0.033381,0.130309,-0.397142,0.743031,-0.364275,0.45095,-0.352543
0.786361,0.079341,0.112408,-0.602065,0.908398,0.033284,0.130461,-0.397129,0.742933,-0.364313,0.451094,-0.352525
0.786359,0.079254,0.112439,-0.602077,0.908424,0.033196,0.130478,-0.397073,0.742869,-0.36435,0.451159,-0.352541
0.786345,0.079237,0.112377,-0.602109,0.908446,0.033199,0.130443,-0.397033,0.742847,-0.364371,0.451151,-0.352574
0.786368,0.079308,0.112269,-0.602087,0.908451,0.033286,0.130288,-0.39706,0.742872,-0.364363,0.451088,-0.35261
0.786349,0.079478,0.112051,-0.602125,0.908446,0.033341,0.130198,-0.397093,0.742916,-0.364251,0.451109,-0.352603
0.786321,0.079506,0.111975,-0.60217,0.90842,0.033427,0.130154,-0.397158,0.742927,-0.364224,0.4511,-0.35262
0.786295,0.079543,0.111985,-0.602197,0.908381,0.033489,0.130177,-0.39723,0.742938,-0.364162,0.451096,-0.352663
0.786269,0.079479,0.112124,-0.602217,0.908346,0.033567,0.130294,-0.397266,0.74293,-0.364162,0.451089,-0.352687
0.786256,0.079367,0.112293,-0.602221,0.908336,0.033642,0.130436,-0.397235,0.742899,-0.364144,0.451182,-0.352655
0.786252,0.07932,0.112457,-0.602204,0.90835,0.033688,0.130502,-0.397179,0.742845,-0.364216,0.45127,-0.352582
0.786247,0.079307,0.112553,-0.602196,0.908343,0.033644,0.130588,-0.397174,0.742803,-0.364239,0.451365,-0.352529
0.78628,0.079241,0.112598,-0.602153,0.908349,0.033592,0.130613,-0.397157,0.742749,-0.364245,0.45148,-0.352489
0.786279,0.079297,0.112589,-0.602149,0.908357,0.033573,0.130675,-0.397123,0.742735,-0.364214,0.451577,-0.352426
0.786293,0.079446,0.112553,-0.602114,0.908369,0.03366,0.130657,-0.397093,0.742696,-0.364244,0.451645,-0.352393
0.786321,0.079552,0.112524,-0.602068,0.90836,0.033719,0.1307,-0.397091,0.742693,-0.364207,0.451655,-0.352424
0.786313,0.079576,0.112499,-0.602078,0.908336,0.03382,0.130772,-0.397112,0.742664,-0.364185,0.451691,-0.352461
0.786315,0.079604,0.112508,-0.602069,0.908329,0.033917,0.130884,-0.397081,0.742686,-0.364136,0.451718,-0.35243
0.786311,0.079652,0.112532,-0.602064,0.908331,0.03403,0.130975,-0.397035,0.742648,-0.364146,0.451734,-0.352477
0.786317,0.079671,0.112615,-0.602039,0.908327,0.034098,0.130999,-0.397027,0.742594,-0.364165,0.451757,-0.352542
0.786325,0.079643,0.112689,-0.602019,0.908303,0.034186,0.131015,-0.397069,0.742559,-0.364181,0.451839,-0.352495
0.786318,0.079627,0.112669,-0.602034,0.908312,0.034233,0.13096,-0.397058,0.742549,-0.364105,0.451939,-0.352466
0.786305,0.079653,0.112694,-0.602044,0.908343,0.034176,0.130839,-0.397034,0.742522,-0.364114,0.451985,-0.352456
0.786269,0.079656,0.112734,-0.602083,0.908342,0.034008,0.130796,-0.397069,0.742493,-0.36407,0.452033,-0.352498
0.786203,0.079595,0.112831,-0.60216,0.908316,0.033845,0.130908,-0.397112,0.742465,-0.364043,0.452102,-0.352497
0.78613,0.079511,0.113013,-0.602235,0.908275,0.033633,0.131072,-0.397178,0.742427,-0.364005,0.452222,-0.352464
0.786044,0.07949,0.113172,-0.602323,0.908231,0.033487,0.131307,-0.397222,0.74234,-0.364037,0.452307,-0.3525
0.785999,0.079474,0.113346,-0.602352,0.9082,0.033446,0.131435,-0.397258,0.742243,-0.364027,0.452416,-0.352577
0.785994,0.079512,0.113378,-0.602347,0.908184,0.033433,0.131471,-0.397286,0.742153,-0.364052,0.452501,-0.352629
0.785993,0.079524,0.113317,-0.602358,0.908144,0.033466,0.131502,-0.397364,0.742128,-0.364012,0.452562,-0.352644
0.785964,0.079595,0.113111,-0.602422,0.908144,0.033616,0.131458,-0.397359,0.742097,-0.363979,0.452566,-0.352735
0.785914,0.079639,0.112988,-0.602502,0.908146,0.03374,0.131327,-0.397382,0.742121,-0.363898,0.452521,-0.352821
0.785884,0.079619,0.112814,-0.602575,0.908115,0.033807,0.131218,-0.397478,0.742153,-0.363919,0.452432,-0.352846
0.785819,0.079555,0.112741,-0.602684,0.908096,0.033873,0.13112,-0.397544,0.742176,-0.36383,0.452447,-0.35287
0.785742,0.079481,0.112731,-0.602796,0.90807,0.033793,0.131122,-0.397613,0.742119,-0.363858,0.45249,-0.352904
0.785667,0.079341,0.112869,-0.60289,0.908021,0.033668,0.131081,-0.397753,0.741987,-0.363891,0.452632,-0.352964
0.785585,0.079159,0.11302,-0.602998,0.907948,0.033466,0.131154,-0.39792,0.741861,-0.363976,0.452718,-0.353034
0.785545,0.079021,0.113138,-0.603048,0.907889,0.033253,0.131221,-0.398059,0.741769,-0.364016,0.452833,-0.353036
0.785453,0.078913,0.113175,-0.603178,0.907872,0.033112,0.131171,-0.398128,0.741649,-0.364093,0.452973,-0.35303
0.785395,0.078958,0.113061,-0.603266,0.907862,0.033043,0.131047,-0.398195,0.741565,-0.364148,0.453017,-0.353094
0.78535,0.078982,0.112931,-0.603346,0.907844,0.033122,0.130902,-0.398272,0.741492,-0.364144,0.453038,-0.353219
0.785303,0.079027,0.112693,-0.603442,0.907823,0.033229,0.130713,-0.398366,0.741484,-0.364049,0.453063,-0.3533
0.785212,0.079034,0.112559,-0.603583,0.907813,0.0333,0.130587,-0.398421,0.741486,-0.364008,0.453033,-0.353373
0.785154,0.07898,0.112553,-0.603668,0.907789,0.033301,0.130607,-0.398471,0.741399,-0.364045,0.453088,-0.353446
0.785136,0.07887,0.112617,-0.603696,0.90777,0.033195,0.130676,-0.398505,0.741308,-0.36412,0.453131,-0.353503
0.785081,0.078716,0.112808,-0.603755,0.907721,0.032985,0.130794,-0.398603,0.741204,-0.364134,0.453324,-0.35346
0.78502,0.078602,0.112944,-0.603828,0.907668,0.032795,0.130907,-0.398709,0.741061,-0.364234,0.453492,-0.353443
0.784981,0.078502,0.113098,-0.603865,0.907628,0.032723,0.130896,-0.398813,0.740956,-0.3643,0.453604,-0.353454
0.784954,0.07846,0.113138,-0.603899,0.907553,0.032691,0.130863,-0.398999,0.740848,-0.364373,0.453751,-0.35342
0.784889,0.078627,0.113042,-0.603977,0.907483,0.032838,0.130822,-0.399152,0.740781,-0.364346,0.453881,-0.35342
0.784824,0.078671,0.112923,-0.604077,0.907445,0.032987,0.130755,-0.399243,0.740791,-0.364352,0.453842,-0.35344
0.784774,0.078745,0.112888,-0.604137,0.907398,0.033149,0.130694,-0.399351,0.74082,-0.364269,0.453798,-0.353518
0.784774,0.078794,0.112779,-0.604148,0.907377,0.033221,0.130686,-0.399393,0.740865,-0.364128,0.453787,-0.35358
0.784774,0.07884,0.112769,-0.604144,0.907374,0.033243,0.130723,-0.399386,0.740913,-0.363998,0.453785,-0.353615
0.784774,0.078906,0.112776,-0.604133,0.907409,0.033165,0.130738,-0.399311,0.740914,-0.36397,0.453763,-0.353666
0.784744,0.078964,0.112803,-0.604159,0.907428,0.033028,0.130763,-0.399275,0.740928,-0.363885,0.453782,-0.353698
0.784755,0.078971,0.112842,-0.604137,0.907435,0.03292,0.130799,-0.399258,0.740989,-0.363828,0.453726,-0.353702
0.784709,0.079003,0.112911,-0.604181,0.90743,0.032907,0.13088,-0.399248,0.741004,-0.363717,0.453789,-0.353702
0.78468,0.079037,0.112937,-0.604208,0.907408,0.03297,0.131006,-0.399252,0.741006,-0.363695,0.453768,-0.353744
0.784665,0.079069,0.112962,-0.604218,0.907377,0.033194,0.13109,-0.399269,0.741002,-0.363666,0.453791,-0.353754
0.784661,0.079072,0.112966,-0.604221,0.907357,0.033346,0.131232,-0.399254,0.74102,-0.363594,0.45377,-0.353816
0.784654,0.079086,0.113027,-0.604218,0.907354,0.033445,0.131382,-0.399201,0.741039,-0.363505,0.453848,-0.353765
0.784652,0.079041,0.113165,-0.604202,0.90738,0.03343,0.13149,-0.399113,0.740981,-0.363527,0.453911,-0.353785
0.784684,0.078967,0.11334,-0.604141,0.907429,0.03335,0.131537,-0.398996,0.740901,-0.363548,0.453983,-0.353838
0.784702,0.078978,0.113327,-0.604118,0.907476,0.033187,0.131572,-0.398895,0.740884,-0.363572,0.453977,-0.353854
0.784686,0.078989,0.113234,-0.604154,0.907528,0.03312,0.13153,-0.3988,0.740925,-0.363475,0.454005,-0.353831
0.784694,0.079053,0.113125,-0.604154,0.907531,0.033132,0.131424,-0.398822,0.740943,-0.363445,0.453977,-0.353861
0.784652,0.079121,0.112997,-0.604221,0.907481,0.033228,0.131329,-0.398955,0.740978,-0.363387,0.453964,-0.353862
0.784565,0.079172,0.11295,-0.604334,0.90742,0.033387,0.131342,-0.399071,0.741013,-0.363359,0.453929,-0.353862
0.784507,0.079215,0.112977,-0.604398,0.907357,0.033471,0.13141,-0.399183,0.741054,-0.363322,0.453924,-0.35382
0.784472,0.079172,0.113026,-0.604443,0.907308,0.033495,0.131493,-0.399267,0.741042,-0.363365,0.453929,-0.353797
0.784444,0.079105,0.113202,-0.604458,0.907266,0.033433,0.131578,-0.399341,0.740967,-0.363379,0.454053,-0.353781
0.784432,0.079076,0.113319,-0.604456,0.90725,0.033265,0.131789,-0.399333,0.7409,-0.363412,0.454192,-0.353712
0.784443,0.07905,0.113434,-0.604425,0.907243,0.033171,0.131941,-0.399312,0.740841,-0.363339,0.454351,-0.353704
0.784474,0.079111,0.113465,-0.60437,0.907261,0.033109,0.132017,-0.399253,0.740794,-0.363329,0.454437,-0.353702
0.784494,0.079181,0.113442,-0.604339,0.907297,0.033212,0.132017,-0.399159,0.740779,-0.363278,0.454452,-0.353763
0.78451,0.079222,0.113382,-0.604321,0.907333,0.033406,0.131964,-0.399074,0.740843,-0.363196,0.454368,-0.35382
0.784501,0.07933,0.113385,-0.604317,0.907357,0.033567,0.131939,-0.399007,0.740901,-0.363057,0.454328,-0.353888
0.784511,0.079393,0.113371,-0.604298,0.907386,0.033612,0.131893,-0.398951,0.740962,-0.363024,0.45425,-0.353896
0.784481,0.079385,0.11337,-0.604338,0.907408,0.033625,0.131899,-0.398898,0.740945,-0.363005,0.45427,-0.353923
0.784459,0.079342,0.113535,-0.604342,0.90741,0.033606,0.131996,-0.398864,0.740931,-0.362978,0.454255,-0.353998
0.784433,0.079262,0.113717,-0.604356,0.907383,0.033524,0.132134,-0.398893,0.740911,-0.362933,0.454337,-0.353979
0.784382,0.079225,0.113918,-0.604392,0.907375,0.033337,0.132273,-0.39889,0.740886,-0.362981,0.45434,-0.353979
0.784344,0.079202,0.113997,-0.604431,0.907347,0.033225,0.132334,-0.398946,0.740825,-0.362986,0.454441,-0.353972
0.784294,0.079149,0.114016,-0.6045,0.907289,0.033211,0.13239,-0.399063,0.740759,-0.363044,0.4545,-0.353978
0.784282,0.07922,0.113933,-0.60452,0.907265,0.033297,0.132299,-0.399137,0.740787,-0.362995,0.454532,-0.353926
0.784254,0.079302,0.113795,-0.604569,0.907281,0.033411,0.132043,-0.399165,0.740792,-0.362998,0.454544,-0.353901
0.784238,0.079404,0.113543,-0.604621,0.907274,0.033436,0.131826,-0.399248,0.7408,-0.362962,0.454538,-0.353926
0.784209,0.079508,0.113404,-0.604668,0.907275,0.03344,0.131577,-0.399321,0.740789,-0.362912,0.454561,-0.35397
0.784158,0.079554,0.113424,-0.604723,0.907274,0.033314,0.131529,-0.399353,0.740779,-0.362904,0.454586,-0.353965
0.784122,0.07945,0.113594,-0.604754,0.907276,0.033209,0.131599,-0.399342,0.740756,-0.362978,0.454556,-0.35398
0.78413,0.07937,0.113778,-0.604723,0.907252,0.033121,0.131695,-0.399372,0.74066,-0.363057,0.454597,-0.354044
0.784159,0.079267,0.113916,-0.604675,0.907238,0.033068,0.131802,-0.399378,0.740539,-0.363149,0.454711,-0.354057
0.784173,0.07923,0.113953,-0.604657,0.907218,0.033051,0.131908,-0.399392,0.74046,-0.363183,0.454838,-0.354026
0.784183,0.079255,0.113936,-0.604643,0.907245,0.033055,0.131926,-0.399325,0.740427,-0.363167,0.454918,-0.354008
0.784183,0.079308,0.113843,-0.604652,0.907253,0.03307,0.131797,-0.399343,0.740409,-0.363196,0.454907,-0.354028
0.784196,0.079375,0.113646,-0.604659,0.907277,0.033065,0.131586,-0.399355,0.740461,-0.363085,0.454861,-0.354093
0.78419,0.07947,0.113517,-0.604677,0.907305,0.033106,0.131436,-0.399334,0.740505,-0.362989,0.454787,-0.354188
0.784172,0.079455,0.113393,-0.604724,0.907307,0.033143,0.131344,-0.399355,0.740572,-0.362967,0.454625,-0.354278
0.784156,0.07938,0.113402,-0.604755,0.907307,0.033149,0.131392,-0.399339,0.740563,-0.36298,0.454558,-0.354366
0.784137,0.079223,0.113497,-0.604786,0.907318,0.033067,0.131418,-0.399317,0.740525,-0.362998,0.454534,-0.354456
0.784131,0.079108,0.113608,-0.60479,0.907315,0.032926,0.131564,-0.399292,0.740521,-0.362971,0.454549,-0.354473
0.784137,0.079035,0.11369,-0.604778,0.907324,0.032831,0.131552,-0.399287,0.740452,-0.363074,0.454608,-0.354437
0.784136,0.079036,0.113596,-0.604797,0.907329,0.032737,0.131453,-0.399317,0.740396,-0.363153,0.454657,-0.354414
0.784131,0.078922,0.113524,-0.604833,0.907345,0.032657,0.131274,-0.399347,0.740348,-0.363216,0.454706,-0.354388
0.784106,0.078938,0.113431,-0.60488,0.907342,0.032599,0.131123,-0.399407,0.740335,-0.363249,0.454712,-0.354371
0.784088,0.078935,0.113406,-0.604908,0.907335,0.032496,0.13104,-0.399459,0.74033,-0.363311,0.454642,-0.35441
0.784116,0.078806,0.113468,-0.60488,0.907329,0.032361,0.130983,-0.399507,0.740312,-0.363357,0.454599,-0.354455
0.784106,0.078692,0.113518,-0.604899,0.907316,0.032238,0.130978,-0.399552,0.740304,-0.36341,0.454564,-0.354464
0.784094,0.078632,0.113577,-0.604913,0.907319,0.032124,0.131019,-0.399543,0.74027,-0.363456,0.4546,-0.35444
0.784089,0.078543,0.113679,-0.604914,0.907327,0.031997,0.131034,-0.399536,0.740219,-0.363535,0.454614,-0.354451
0.7841,0.078493,0.113618,-0.604919,0.907316,0.031977,0.131083,-0.399548,0.740151,-0.363596,0.454643,-0.354491
0.784107,0.07849,0.113522,-0.604927,0.907319,0.031983,0.130994,-0.399569,0.740081,-0.363674,0.454635,-0.35457
0.784088,0.078496,0.113401,-0.604973,0.907333,0.031936,0.130861,-0.399582,0.740078,-0.363654,0.454599,-0.354641
0.784083,0.078457,0.113247,-0.605012,0.907352,0.031891,0.130704,-0.399593,0.74011,-0.363645,0.454559,-0.354634
0.784045,0.078448,0.113206,-0.605071,0.907367,0.031748,0.130614,-0.399602,0.74013,-0.36364,0.4545,-0.354674
0.784048,0.078307,0.113278,-0.605073,0.907362,0.031616,0.130616,-0.399628,0.74015,-0.363601,0.454402,-0.354791
0.784019,0.07823,0.113345,-0.605111,0.907365,0.031547,0.130677,-0.399608,0.740155,-0.363579,0.454402,-0.354804
0.784015,0.078164,0.113374,-0.60512,0.907355,0.031469,0.13072,-0.399627,0.740145,-0.363628,0.454367,-0.35482
0.783997,0.078053,0.113441,-0.605147,0.907355,0.031394,0.130734,-0.39963,0.740082,-0.363683,0.45439,-0.354863
0.783984,0.077977,0.113442,-0.605174,0.907354,0.031441,0.130714,-0.399634,0.740027,-0.363738,0.454445,-0.354852
0.783981,0.077959,0.11335,-0.605197,0.907356,0.03144,0.130705,-0.399633,0.740014,-0.363738,0.454437,-0.35489
0.783991,0.077936,0.113211,-0.605214,0.907387,0.031429,0.13058,-0.399602,0.740019,-0.363751,0.454388,-0.354931
0.783976,0.078002,0.11305,-0.605253,0.907421,0.031392,0.130384,-0.39959,0.740034,-0.363734,0.454328,-0.35499
0.783967,0.077987,0.11294,-0.605284,0.907446,0.031371,0.130155,-0.399605,0.740033,-0.363718,0.454315,-0.355025
0.783928,0.077987,0.112903,-0.605341,0.907471,0.031332,0.130011,-0.399597,0.740058,-0.363644,0.454356,-0.354995
0.783881,0.077996,0.112965,-0.605392,0.907451,0.031269,0.129993,-0.399656,0.740009,-0.363704,0.454392,-0.354991
0.783834,0.077925,0.113077,-0.605443,0.907414,0.031263,0.13011,-0.399704,0.739959,-0.363778,0.454442,-0.354956
0.783813,0.077834,0.113224,-0.605456,0.90739,0.031297,0.130211,-0.399724,0.739892,-0.363795,0.454519,-0.354981
0.783765,0.077825,0.113322,-0.605502,0.907339,0.031325,0.130412,-0.399774,0.739851,-0.363816,0.454591,-0.354953
0.78376,0.077851,0.113299,-0.605509,0.907324,0.031389,0.130524,-0.399767,0.739847,-0.363827,0.454615,-0.354919
0.783797,0.077878,0.113221,-0.605471,0.907337,0.031426,0.130483,-0.399746,0.739841,-0.363753,0.454682,-0.354919
0.78378,0.077922,0.113092,-0.60551,0.90735,0.031448,0.130318,-0.399765,0.739837,-0.363698,0.454729,-0.354925
0.783799,0.078019,0.112988,-0.60549,0.907375,0.031375,0.130181,-0.399758,0.739862,-0.363609,0.454738,-0.35495
0.783808,0.078085,0.112953,-0.605474,0.907422,0.031317,0.130014,-0.399709,0.739855,-0.363599,0.454732,-0.354981
0.783806,0.078109,0.112965,-0.605471,0.907427,0.03136,0.130024,-0.399689,0.739809,-0.363603,0.45476,-0.355038
0.783794,0.078152,0.11304,-0.605467,0.907423,0.031393,0.130124,-0.399665,0.739751,-0.363585,0.454834,-0.35508
0.783753,0.07816,0.113249,-0.605482,0.907388,0.031391,0.130328,-0.399682,0.739721,-0.363554,0.454886,-0.355105
0.78373,0.078176,0.11333,-0.605495,0.907361,0.031441,0.130578,-0.399661,0.739689,-0.36355,0.454968,-0.355073
0.783705,0.078212,0.113329,-0.605522,0.90734,0.031545,0.130678,-0.399664,0.739708,-0.363521,0.455017,-0.355
0.783679,0.078297,0.113215,-0.605564,0.907311,0.031656,0.130627,-0.399736,0.73971,-0.363419,0.455066,-0.355036
0.783657,0.078431,0.11298,-0.605614,0.907279,0.031723,0.130503,-0.39984,0.739762,-0.363258,0.455062,-0.355094
0.783593,0.078563,0.11283,-0.605705,0.907259,0.031816,0.130353,-0.399921,0.739806,-0.36319,0.45502,-0.355123
0.783541,0.078623,0.112813,-0.605767,0.907236,0.031837,0.130244,-0.400003,0.739846,-0.363162,0.45498,-0.355122
0.783511,0.078591,0.112949,-0.605787,0.907201,0.031821,0.130308,-0.400065,0.739815,-0.363132,0.455007,-0.355179
0.783511,0.078536,0.113176,-0.605754,0.907131,0.031825,0.130571,-0.400141,0.739744,-0.363152,0.455122,-0.355161
0.783496,0.078491,0.113471,-0.605727,0.907072,0.031816,0.130847,-0.400191,0.739646,-0.363227,0.455252,-0.355123
0.783509,0.078449,0.113589,-0.605695,0.907019,0.031796,0.131021,-0.40026,0.739549,-0.363287,0.455374,-0.355108
0.783487,0.078496,0.113577,-0.60572,0.907013,0.031832,0.131032,-0.400265,0.739475,-0.363289,0.455454,-0.355155
0.783478,0.078619,0.113444,-0.605737,0.907015,0.031918,0.130853,-0.400307,0.739502,-0.363166,0.455472,-0.355198
0.783494,0.078773,0.113159,-0.605745,0.907062,0.031955,0.130555,-0.400287,0.739582,-0.363092,0.455389,-0.355214
0.783474,0.078871,0.112905,-0.605801,0.907074,0.031935,0.130255,-0.400355,0.739675,-0.363,0.455274,-0.355262
0.783433,0.078877,0.112812,-0.60587,0.907083,0.031906,0.130052,-0.400402,0.739735,-0.36292,0.4552,-0.355309
0.783388,0.078803,0.112863,-0.605931,0.907047,0.031806,0.130059,-0.400492,0.739759,-0.362851,0.455173,-0.355361
0.78332,0.078729,0.113014,-0.606002,0.907033,0.031686,0.130161,-0.400504,0.739695,-0.362933,0.455154,-0.355435
0.783278,0.078552,0.113243,-0.606042,0.907005,0.031626,0.130318,-0.400525,0.739582,-0.362995,0.455205,-0.35554
0.783251,0.078454,0.113396,-0.606063,0.907,0.031553,0.130451,-0.400505,0.739469,-0.363097,0.455279,-0.355577
0.783245,0.078384,0.113397,-0.60608,0.906983,0.031526,0.130506,-0.400529,0.739446,-0.363078,0.455383,-0.355511
0.783223,0.078349,0.113269,-0.606137,0.906977,0.031536,0.130468,-0.400556,0.739454,-0.363081,0.455386,-0.355489
0.783191,0.078377,0.113072,-0.60621,0.906968,0.031634,0.13039,-0.400588,0.739495,-0.363057,0.455306,-0.35553
0.783189,0.078372,0.112934,-0.606237,0.906944,0.031714,0.130202,-0.40069,0.739553,-0.363022,0.455172,-0.355613
0.783198,0.078363,0.112759,-0.606258,0.906929,0.031802,0.130071,-0.400754,0.739601,-0.362972,0.455092,-0.355667
0.783195,0.078273,0.112749,-0.606278,0.906927,0.031848,0.129973,-0.400785,0.739605,-0.362997,0.455002,-0.355745
0.783185,0.078213,0.112799,-0.60629,0.906909,0.031737,0.129963,-0.400838,0.739561,-0.363057,0.454967,-0.355821
0.783182,0.078088,0.11284,-0.606303,0.906898,0.031614,0.129961,-0.40088,0.739478,-0.363162,0.454952,-0.355903
0.783199,0.077976,0.112914,-0.606285,0.906913,0.031467,0.129935,-0.40087,0.739414,-0.363182,0.455046,-0.355897
0.783234,0.077879,0.112959,-0.606246,0.906939,0.031247,0.129989,-0.400818,0.739399,-0.363211,0.455069,-0.35587
0.783227,0.077848,0.112973,-0.606257,0.906977,0.031127,0.129987,-0.400745,0.739362,-0.363195,0.455115,-0.355903
0.783217,0.077822,0.112974,-0.606273,0.907,0.031101,0.130024,-0.400686,0.739356,-0.363224,0.455086,-0.355921
0.78318,0.077863,0.113025,-0.606306,0.907008,0.031246,0.130067,-0.400638,0.739396,-0.363151,0.45507,-0.355933
0.783175,0.077852,0.113096,-0.606302,0.907005,0.031377,0.130088,-0.400625,0.73942,-0.363117,0.45502,-0.355981
0.783148,0.077875,0.113099,-0.606333,0.906987,0.031446,0.130144,-0.400641,0.739406,-0.363128,0.455082,-0.35592
0.783115,0.077883,0.113081,-0.606378,0.906962,0.031545,0.130186,-0.400672,0.739402,-0.363127,0.455111,-0.355893
0.783103,0.077979,0.113084,-0.606378,0.906959,0.031618,0.13018,-0.400672,0.739367,-0.363096,0.455223,-0.355854
0.783067,0.077963,0.113168,-0.606413,0.90697,0.03167,0.13018,-0.400643,0.739342,-0.363111,0.455257,-0.355847
0.78308,0.078013,0.11323,-0.606378,0.90699,0.031716,0.130225,-0.400578,0.739323,-0.363105,0.455324,-0.355808
0.783095,0.078118,0.113202,-0.606348,0.907011,0.031746,0.130269,-0.400515,0.7393,-0.363068,0.455384,-0.355817
0.783131,0.078226,0.113174,-0.606291,0.907034,0.031785,0.130284,-0.400453,0.739346,-0.362938,0.455447,-0.355771
0.783172,0.078365,0.113157,-0.60622,0.907042,0.031864,0.130319,-0.400415,0.739381,-0.362881,0.455411,-0.355804
0.783177,0.078467,0.113154,-0.6062,0.907051,0.031916,0.13038,-0.400371,0.739413,-0.362768,0.455426,-0.355828
0.783169,0.078495,0.113206,-0.606197,0.907033,0.03204,0.13053,-0.400354,0.739442,-0.362693,0.455475,-0.355784
0.783162,0.078522,0.113342,-0.606179,0.907016,0.032156,0.130711,-0.400322,0.739462,-0.362567,0.455575,-0.35574
0.783138,0.078541,0.113495,-0.606179,0.907024,0.032232,0.130821,-0.400261,0.739458,-0.362571,0.455601,-0.355711
0.783108,0.078611,0.113597,-0.606189,0.906999,0.032303,0.130966,-0.400265,0.739461,-0.362528,0.455627,-0.355715
0.783077,0.078684,0.113617,-0.606214,0.906949,0.032301,0.130995,-0.40037,0.739492,-0.362469,0.455671,-0.355655
0.783038,0.078849,0.11356,-0.606253,0.906915,0.032339,0.130961,-0.400452,0.73952,-0.362364,0.455747,-0.355607
0.782975,0.078991,0.113484,-0.606327,0.906889,0.032448,0.1309,-0.400518,0.739578,-0.362269,0.455719,-0.355618
0.782937,0.079137,0.113408,-0.606368,0.906864,0.032669,0.130822,-0.400574,0.739635,-0.362172,0.455715,-0.355603
0.782901,0.079217,0.113393,-0.606404,0.90684,0.032925,0.130826,-0.400598,0.739639,-0.362121,0.455704,-0.355658
0.782871,0.079334,0.113382,-0.606428,0.906816,0.033143,0.130892,-0.400608,0.739629,-0.362079,0.455742,-0.355671
0.782863,0.079358,0.113504,-0.606414,0.906813,0.03328,0.131019,-0.40056,0.739583,-0.362088,0.455838,-0.355636
0.78284,0.079372,0.113612,-0.606423,0.906798,0.033324,0.131087,-0.400566,0.739534,-0.362065,0.455901,-0.355681
0.78284,0.079417,0.113641,-0.60641,0.906777,0.033289,0.131145,-0.400602,0.739505,-0.362092,0.455936,-0.355669
0.782837,0.079383,0.113654,-0.606416,0.906792,0.033226,0.131195,-0.400559,0.739498,-0.362031,0.456046,-0.355605
0.782797,0.079403,0.11362,-0.606472,0.906818,0.033174,0.131171,-0.400513,0.739519,-0.36203,0.456045,-0.355562
0.782744,0.079443,0.11355,-0.606547,0.906815,0.033241,0.131101,-0.400534,0.739557,-0.361991,0.455977,-0.355612
0.782677,0.07946,0.113439,-0.606651,0.906786,0.033377,0.130985,-0.400621,0.739585,-0.361973,0.455903,-0.355664
0.782629,0.079525,0.11327,-0.606733,0.906759,0.033543,0.130871,-0.400697,0.739648,-0.361865,0.455833,-0.355728
0.782578,0.079555,0.113153,-0.606815,0.906718,0.033753,0.13077,-0.400797,0.739666,-0.361853,0.455785,-0.355766
0.78257,0.079531,0.113101,-0.606838,0.906672,0.033853,0.130759,-0.400891,0.73965,-0.361865,0.455732,-0.355852
0.782566,0.079404,0.113115,-0.606861,0.906657,0.033809,0.13071,-0.400948,0.739561,-0.361907,0.455793,-0.355916
0.78259,0.079294,0.113143,-0.60684,0.906656,0.033648,0.130723,-0.400963,0.739486,-0.361938,0.455886,-0.35592
0.782574,0.079193,0.113114,-0.606881,0.906704,0.033484,0.130675,-0.400889,0.739398,-0.362001,0.45596,-0.355943
0.782546,0.079137,0.113025,-0.60694,0.906761,0.033346,0.130545,-0.400814,0.739417,-0.362,0.455935,-0.355938
0.782526,0.079172,0.11282,-0.606998,0.906788,0.03328,0.130258,-0.400851,0.739474,-0.361963,0.45586,-0.355953
0.782468,0.079262,0.112583,-0.6071,0.906775,0.033357,0.130061,-0.400932,0.739564,-0.361902,0.455793,-0.355913
0.782431,0.079317,0.112349,-0.607182,0.906753,0.033448,0.12998,-0.400997,0.739595,-0.361938,0.455735,-0.35589
0.782437,0.07927,0.112414,-0.60717,0.906702,0.033567,0.129992,-0.401094,0.739598,-0.361961,0.455726,-0.35587
0.782423,0.079151,0.112589,-0.607175,0.906682,0.033507,0.130159,-0.401094,0.739518,-0.362025,0.455768,-0.355916
0.78245,0.078946,0.112882,-0.607118,0.906692,0.03336,0.1304,-0.401018,0.739384,-0.362123,0.455936,-0.355885
0.782475,0.078788,0.113109,-0.607069,0.906722,0.033158,0.130659,-0.40089,0.739223,-0.362238,0.456072,-0.355924
0.782536,0.078653,0.113179,-0.606998,0.906768,0.033061,0.130807,-0.400752,0.739064,-0.362383,0.456197,-0.355949
0.782595,0.078611,0.113154,-0.60693,0.906834,0.033032,0.1308,-0.400607,0.73901,-0.362443,0.456191,-0.356008
0.782624,0.078649,0.112921,-0.606929,0.906879,0.033041,0.130637,-0.400556,0.739098,-0.362329,0.456129,-0.356019
0.782635,0.078783,0.112564,-0.606959,0.906942,0.033088,0.130328,-0.400504,0.739214,-0.362238,0.455982,-0.356058
0.78264,0.078843,0.112277,-0.606994,0.906942,0.033149,0.130058,-0.400579,0.739322,-0.36211,0.455836,-0.356144
0.782645,0.078863,0.112079,-0.607019,0.906927,0.033264,0.129839,-0.400666,0.739374,-0.362063,0.455716,-0.356238
0.78261,0.078783,0.112081,-0.607076,0.906913,0.033261,0.129787,-0.400713,0.7394,-0.362043,0.455669,-0.356264
0.782587,0.078562,0.112278,-0.607104,0.906888,0.033135,0.129878,-0.400757,0.73937,-0.362136,0.455643,-0.356265
0.782576,0.078352,0.112517,-0.607104,0.906851,0.033011,0.130005,-0.400816,0.739254,-0.362309,0.455688,-0.356276
0.782576,0.07817,0.112712,-0.607098,0.906837,0.032786,0.130129,-0.400837,0.739116,-0.362501,0.455782,-0.35625
0.782589,0.0781,0.112784,-0.607078,0.906846,0.032608,0.130128,-0.400837,0.739016,-0.362586,0.455885,-0.35624
0.782604,0.078107,0.11263,-0.607086,0.906883,0.03254,0.129991,-0.400801,0.73896,-0.362663,0.455955,-0.356189
0.782627,0.078213,0.112365,-0.607087,0.906924,0.032604,0.129691,-0.400794,0.738973,-0.362662,0.455949,-0.356173
0.782627,0.078278,0.112109,-0.607123,0.906961,0.032741,0.129432,-0.400774,0.738998,-0.362652,0.455851,-0.356254
0.782617,0.078304,0.112008,-0.607149,0.906965,0.032863,0.129282,-0.400796,0.73909,-0.36254,0.455756,-0.356298
0.782623,0.078243,0.111973,-0.607157,0.906964,0.032922,0.129272,-0.400794,0.73913,-0.362541,0.455609,-0.356399
0.782659,0.078175,0.112007,-0.607113,0.90697,0.032891,0.129368,-0.400756,0.73911,-0.362616,0.455542,-0.356448
0.782665,0.078005,0.112212,-0.607094,0.906981,0.032768,0.129494,-0.400707,0.739054,-0.362651,0.455582,-0.356475
0.782662,0.077854,0.112419,-0.607083,0.907018,0.032629,0.129702,-0.400572,0.739041,-0.362676,0.455617,-0.356435
0.782667,0.07779,0.112464,-0.607078,0.907045,0.032531,0.129751,-0.400509,0.739009,-0.362784,0.455622,-0.356388
0.782677,0.077756,0.112448,-0.607073,0.907078,0.032466,0.129704,-0.400458,0.739011,-0.362843,0.455615,-0.356335
0.782672,0.077763,0.112311,-0.607102,0.907095,0.032504,0.129597,-0.400445,0.738987,-0.362895,0.455631,-0.356313
0.782664,0.077722,0.112182,-0.607142,0.907092,0.032565,0.129514,-0.400473,0.738998,-0.362896,0.455603,-0.356323
0.782679,0.077705,0.112106,-0.607139,0.907064,0.032591,0.129536,-0.400526,0.738981,-0.362924,0.455559,-0.356386
0.782709,0.077633,0.11214,-0.607104,0.907069,0.032552,0.129533,-0.400518,0.738931,-0.362973,0.455583,-0.35641
0.782747,0.077459,0.11229,-0.607052,0.907086,0.032404,0.129568,-0.400485,0.73889,-0.363076,0.455587,-0.356386
0.782793,0.077307,0.112447,-0.606987,0.907121,0.032216,0.129592,-0.40042,0.738814,-0.363171,0.455679,-0.356331
0.782826,0.077169,0.112537,-0.606949,0.907177,0.032045,0.12966,-0.400293,0.738691,-0.363327,0.455773,-0.356311
0.782841,0.076985,0.11259,-0.606946,0.907209,0.031947,0.129691,-0.400223,0.738572,-0.363464,0.455851,-0.35632
0.782841,0.076832,0.112562,-0.606973,0.90722,0.031839,0.129685,-0.40021,0.738544,-0.363513,0.455814,-0.356374
0.782848,0.076815,0.112388,-0.606996,0.907235,0.031845,0.129577,-0.40021,0.738624,-0.363424,0.455765,-0.356361
0.782852,0.076815,0.11227,-0.607012,0.907255,0.031942,0.129457,-0.40019,0.738711,-0.363389,0.45565,-0.356362
0.782864,0.076804,0.112133,-0.607023,0.907242,0.032031,0.129363,-0.400238,0.738704,-0.363395,0.455617,-0.356412
0.782882,0.076773,0.112091,-0.607011,0.90722,0.032056,0.129344,-0.400292,0.738668,-0.36345,0.455617,-0.356429
0.782869,0.07662,0.112191,-0.607032,0.907207,0.031955,0.129407,-0.40031,0.73861,-0.363483,0.455648,-0.356477
0.782889,0.076431,0.112392,-0.606998,0.907228,0.03178,0.129559,-0.400239,0.738515,-0.363626,0.455698,-0.356466
0.782933,0.076207,0.11263,-0.606931,0.907239,0.031522,0.129681,-0.400203,0.738389,-0.363728,0.455835,-0.356452
0.782955,0.076061,0.112755,-0.606901,0.907272,0.031312,0.129734,-0.400135,0.738296,-0.363815,0.455931,-0.356431
0.78298,0.076,0.112727,-0.606881,0.907309,0.031226,0.129742,-0.400058,0.738285,-0.363783,0.455963,-0.356444
0.782987,0.076058,0.112554,-0.606896,0.907314,0.031272,0.129629,-0.400075,0.73831,-0.363805,0.455907,-0.356442
0.782984,0.07616,0.112397,-0.606913,0.907293,0.031471,0.129512,-0.400137,0.738337,-0.363774,0.455819,-0.356529
0.782947,0.076159,0.112278,-0.606981,0.907274,0.031609,0.129395,-0.4002,0.738375,-0.363697,0.455773,-0.356587
0.782901,0.076148,0.112291,-0.607041,0.907252,0.031621,0.129448,-0.400235,0.738399,-0.363641,0.455765,-0.356602
0.782868,0.076104,0.112376,-0.607074,0.907244,0.03158,0.129501,-0.400239,0.73837,-0.363699,0.45575,-0.356621
0.782843,0.076077,0.112463,-0.607095,0.907216,0.031415,0.12949,-0.400324,0.738308,-0.363732,0.455779,-0.35668
0.782817,0.07597,0.112542,-0.60713,0.907202,0.031257,0.129496,-0.400374,0.73818,-0.363807,0.455895,-0.356719
0.78277,0.075895,0.112555,-0.607198,0.907182,0.031076,0.129397,-0.40047,0.738107,-0.363839,0.456,-0.356704
0.782761,0.075882,0.112501,-0.607222,0.907168,0.031012,0.12923,-0.400559,0.738074,-0.363904,0.456012,-0.356693
0.782743,0.075958,0.112371,-0.607255,0.907168,0.031034,0.12904,-0.400614,0.738007,-0.363955,0.456061,-0.356715
0.782731,0.075956,0.11221,-0.607301,0.907134,0.031107,0.128879,-0.400731,0.737987,-0.363945,0.456044,-0.356787
0.782678,0.076004,0.112077,-0.607385,0.907096,0.031175,0.128834,-0.400823,0.738019,-0.363833,0.456011,-0.356874
0.782627,0.07602,0.11204,-0.607457,0.907059,0.031257,0.128865,-0.400887,0.738033,-0.363767,0.455974,-0.356959
0.782591,0.075974,0.11207,-0.607503,0.907028,0.031285,0.128948,-0.400929,0.73802,-0.36373,0.455944,-0.357056
0.782554,0.07585,0.112174,-0.607551,0.907009,0.031212,0.129012,-0.40096,0.737996,-0.363728,0.455941,-0.357111
0.782527,0.075771,0.112211,-0.60759,0.906987,0.03115,0.129045,-0.401008,0.737999,-0.363652,0.456016,-0.357087
0.782498,0.075759,0.112173,-0.607636,0.906973,0.03106,0.129016,-0.401057,0.737984,-0.363666,0.456057,-0.357051
0.782438,0.075831,0.112131,-0.607709,0.906954,0.031068,0.128958,-0.401118,0.737982,-0.36361,0.456082,-0.35708
0.782369,0.075912,0.112149,-0.607785,0.90689,0.031082,0.128905,-0.401277,0.73799,-0.363547,0.456105,-0.357097
0.782323,0.075969,0.11218,-0.60783,0.906845,0.031191,0.128916,-0.401364,0.738018,-0.363454,0.456141,-0.357087
0.7823,0.076004,0.112194,-0.607852,0.906811,0.031268,0.128988,-0.40141,0.73805,-0.363356,0.45616,-0.357093
0.782298,0.076045,0.112326,-0.607826,0.906796,0.031356,0.129038,-0.401419,0.738033,-0.363381,0.456176,-0.357083
0.782298,0.076027,0.112443,-0.607807,0.906774,0.031313,0.129094,-0.401457,0.737999,-0.363414,0.456257,-0.357017
0.782291,0.076005,0.112537,-0.607803,0.906773,0.031301,0.12916,-0.40144,0.737969,-0.363401,0.456356,-0.356968
0.782311,0.076,0.112577,-0.607772,0.906803,0.031293,0.129209,-0.401358,0.737903,-0.363457,0.456454,-0.356924
0.782365,0.076024,0.112559,-0.607702,0.906819,0.031244,0.129222,-0.401324,0.73784,-0.363518,0.456533,-0.356896
0.782373,0.076079,0.112491,-0.607695,0.906834,0.031257,0.129226,-0.401286,0.737788,-0.363555,0.456566,-0.35692
0.782387,0.076129,0.112486,-0.607671,0.906868,0.031307,0.129245,-0.4012,0.737796,-0.363479,0.45663,-0.356899
0.782412,0.076146,0.112545,-0.607626,0.906881,0.031307,0.129288,-0.401158,0.737822,-0.363478,0.456606,-0.356877
0.782431,0.076209,0.112623,-0.607579,0.906895,0.031318,0.129403,-0.401091,0.737876,-0.363417,0.456579,-0.356862
0.782445,0.076249,0.112632,-0.607554,0.906886,0.031357,0.129529,-0.401069,0.737926,-0.363345,0.45654,-0.35688
0.782446,0.076281,0.11268,-0.60754,0.906867,0.031413,0.12959,-0.401086,0.737975,-0.363254,0.456573,-0.356828
0.782445,0.076414,0.112642,-0.607529,0.906871,0.031403,0.129607,-0.401073,0.738028,-0.363225,0.45657,-0.356753
0.782435,0.076525,0.112631,-0.607528,0.906891,0.031465,0.129533,-0.401044,0.737993,-0.363236,0.456632,-0.356736
0.782427,0.076615,0.112599,-0.607531,0.90691,0.031541,0.129448,-0.401017,0.73797,-0.363229,0.456709,-0.356696
0.782463,0.07674,0.112582,-0.607469,0.906888,0.031533,0.129464,-0.401062,0.738021,-0.363126,0.456777,-0.356608
0.782501,0.076801,0.112678,-0.607395,0.906891,0.031614,0.12954,-0.401023,0.738007,-0.363146,0.456826,-0.356555
0.782524,0.076856,0.112823,-0.607332,0.906905,0.031712,0.129772,-0.40091,0.738004,-0.363096,0.456858,-0.356567
0.782557,0.076861,0.112974,-0.607263,0.906926,0.031797,0.130026,-0.400778,0.737954,-0.363101,0.456944,-0.356557
0.782599,0.076922,0.113121,-0.607173,0.90693,0.031893,0.130257,-0.400685,0.73795,-0.36305,0.457031,-0.356505
0.782602,0.076968,0.113262,-0.607137,0.906972,0.03196,0.130432,-0.400531,0.737941,-0.363067,0.4571,-0.356422
0.782651,0.077032,0.113254,-0.607068,0.907005,0.032015,0.130544,-0.400415,0.737974,-0.363023,0.457084,-0.356419
0.782691,0.077088,0.113221,-0.607014,0.907032,0.032122,0.130542,-0.400342,0.738024,-0.362958,0.457043,-0.356431
0.782709,0.077203,0.113106,-0.606995,0.907054,0.032263,0.130488,-0.400293,0.7381,-0.362801,0.457056,-0.356417
0.782743,0.077285,0.112983,-0.606962,0.907071,0.032376,0.13038,-0.400273,0.738194,-0.362734,0.456957,-0.356414
0.782728,0.077339,0.112847,-0.606997,0.90708,0.032401,0.130308,-0.400275,0.738209,-0.362726,0.456901,-0.356465
0.782718,0.077361,0.11281,-0.607012,0.907089,0.032393,0.130225,-0.40028,0.738217,-0.362724,0.456858,-0.356501
0.782737,0.077316,0.112874,-0.606984,0.907074,0.032285,0.13017,-0.400343,0.738189,-0.362757,0.456898,-0.356477
0.782746,0.077308,0.112902,-0.606968,0.907064,0.032141,0.130152,-0.400388,0.73814,-0.362853,0.456929,-0.356442
0.78275,0.077353,0.112891,-0.606959,0.907055,0.032004,0.130132,-0.400428,0.738044,-0.362949,0.457034,-0.356411
0.782778,0.077289,0.112913,-0.606927,0.907075,0.031883,0.130071,-0.400414,0.737953,-0.363026,0.457103,-0.356433
0.78277,0.077305,0.112827,-0.606951,0.907086,0.031804,0.130061,-0.400403,0.737926,-0.362974,0.457202,-0.356415
0.782752,0.077284,0.112756,-0.606991,0.90712,0.031791,0.129991,-0.400349,0.73791,-0.362997,0.457171,-0.356463
0.782714,0.077281,0.112662,-0.607056,0.907124,0.031834,0.129926,-0.400356,0.737871,-0.363035,0.457132,-0.356553
0.782693,0.07731,0.112501,-0.607106,0.90712,0.031835,0.129878,-0.400377,0.737895,-0.363033,0.457068,-0.356586
0.782665,0.077308,0.112442,-0.607153,0.907111,0.031743,0.129834,-0.400421,0.737948,-0.362995,0.457035,-0.356558
0.782656,0.077219,0.112413,-0.607183,0.907087,0.031602,0.129764,-0.400513,0.737941,-0.363053,0.456996,-0.356566
0.782635,0.07713,0.112446,-0.607218,0.907053,0.031431,0.129773,-0.400607,0.737905,-0.363151,0.456983,-0.356558
0.782631,0.076975,0.112562,-0.607223,0.907051,0.031236,0.129733,-0.400644,0.737856,-0.363247,0.456994,-0.356551
0.782622,0.076792,0.112674,-0.607242,0.907059,0.031112,0.129693,-0.400653,0.737812,-0.363338,0.457055,-0.356471
0.782632,0.0767,0.112745,-0.607231,0.90706,0.031097,0.129642,-0.400668,0.737763,-0.363437,0.457066,-0.356462
0.782627,0.076679,0.112699,-0.607247,0.907087,0.031185,0.129548,-0.400625,0.737721,-0.363516,0.457096,-0.356428
0.782627,0.076648,0.112638,-0.607262,0.907101,0.031219,0.129482,-0.40061,0.737687,-0.363559,0.457118,-0.356427
0.782663,0.07664,0.112571,-0.607228,0.907126,0.031201,0.129512,-0.400547,0.737699,-0.363527,0.457127,-0.356424
0.782691,0.076598,0.112559,-0.6072,0.907154,0.031096,0.129536,-0.400487,0.73773,-0.36352,0.457045,-0.356473
0.782713,0.076568,0.112521,-0.607183,0.907175,0.03106,0.129466,-0.400463,0.737755,-0.363508,0.456999,-0.35649
0.782747,0.076468,0.112542,-0.60715,0.907196,0.030942,0.129447,-0.400434,0.737741,-0.363557,0.45698,-0.356494
0.782763,0.076419,0.112523,-0.607138,0.907202,0.030911,0.129441,-0.400427,0.737753,-0.36354,0.456994,-0.356468
0.782783,0.076366,0.112553,-0.607116,0.90723,0.030914,0.129411,-0.400373,0.737725,-0.363657,0.457013,-0.356388
0.782786,0.07636,0.112564,-0.60711,0.907228,0.030914,0.129374,-0.400387,0.737692,-0.363745,0.457026,-0.35635
0.782813,0.076342,0.112587,-0.607075,0.907235,0.030906,0.129294,-0.400398,0.73765,-0.363844,0.457064,-0.356292
0.78284,0.076331,0.112547,-0.607048,0.907271,0.030894,0.129221,-0.40034,0.737617,-0.363862,0.457179,-0.356195
0.782909,0.076419,0.112484,-0.606958,0.907314,0.030854,0.129131,-0.400276,0.737621,-0.363889,0.457168,-0.356173
0.78292,0.076511,0.112391,-0.606947,0.907352,0.030807,0.129065,-0.400215,0.737612,-0.363904,0.457182,-0.356161
0.782964,0.076557,0.112349,-0.60689,0.907382,0.030745,0.129014,-0.400168,0.737616,-0.363901,0.457142,-0.356206
0.782999,0.076603,0.112325,-0.606843,0.907406,0.030752,0.129041,-0.400105,0.737703,-0.363755,0.457129,-0.356189
0.783035,0.07661,0.112345,-0.606791,0.907432,0.030781,0.129169,-0.400004,0.737717,-0.363773,0.457099,-0.35618
0.783078,0.076566,0.11243,-0.606729,0.907453,0.03084,0.12931,-0.399907,0.737748,-0.363744,0.4571,-0.356144
0.783106,0.076506,0.112568,-0.606676,0.907464,0.030887,0.12941,-0.399845,0.73776,-0.36372,0.457124,-0.356116
0.783117,0.076526,0.112646,-0.606645,0.90746,0.030926,0.129505,-0.399821,0.737788,-0.363654,0.457168,-0.356067
0.783139,0.076555,0.112698,-0.606603,0.90748,0.030952,0.129541,-0.399762,0.737792,-0.363716,0.457176,-0.355988
0.783142,0.076609,0.112667,-0.606597,0.90748,0.031029,0.129528,-0.399759,0.73779,-0.3637,0.457221,-0.355954
0.783145,0.076712,0.112578,-0.606594,0.90749,0.031113,0.129395,-0.399767,0.737793,-0.363736,0.457179,-0.355965
0.78316,0.076787,0.112511,-0.606578,0.907482,0.031247,0.129367,-0.39978,0.737833,-0.363655,0.457175,-0.355965
0.783175,0.076829,0.11252,-0.60655,0.907501,0.031311,0.129233,-0.399771,0.737865,-0.363629,0.457149,-0.355963
0.783159,0.076841,0.112566,-0.606561,0.90753,0.031291,0.129207,-0.399714,0.737842,-0.36362,0.457164,-0.355997
0.783156,0.076852,0.112615,-0.606555,0.907544,0.031193,0.129285,-0.399667,0.737822,-0.363596,0.4572,-0.356016
0.783184,0.076888,0.112652,-0.606507,0.907573,0.031128,0.129332,-0.399595,0.737808,-0.363547,0.45729,-0.35598
0.783176,0.076886,0.112724,-0.606503,0.907588,0.031084,0.129396,-0.399549,0.737765,-0.363567,0.457381,-0.355932
0.7832,0.076926,0.112672,-0.606478,0.907622,0.031139,0.129377,-0.399469,0.737737,-0.363586,0.457431,-0.355908
0.783183,0.07692,0.112673,-0.6065,0.907623,0.031217,0.129396,-0.399453,0.73775,-0.363565,0.457447,-0.355882
0.78317,0.076955,0.112661,-0.606514,0.907616,0.031369,0.129403,-0.399451,0.737796,-0.363482,0.457468,-0.355845
0.783195,0.077002,0.112594,-0.606487,0.907606,0.031499,0.12941,-0.399458,0.737865,-0.363416,0.457411,-0.355842
0.783155,0.077061,0.11261,-0.606527,0.907587,0.03161,0.129412,-0.399486,0.737916,-0.363377,0.457374,-0.355823
0.783136,0.077041,0.112644,-0.606549,0.907591,0.031631,0.129428,-0.399472,0.737935,-0.363339,0.457382,-0.35581
0.783145,0.077034,0.112799,-0.60651,0.907573,0.031628,0.129511,-0.399485,0.737946,-0.363298,0.45745,-0.355744
0.783154,0.077034,0.112942,-0.606474,0.907569,0.03159,0.129571,-0.399481,0.737926,-0.36331,0.457538,-0.355662
0.783152,0.077055,0.113013,-0.606461,0.907566,0.03161,0.129634,-0.399468,0.737888,-0.36331,0.457593,-0.355669
0.783151,0.077058,0.113082,-0.606448,0.907578,0.031683,0.129684,-0.399417,0.737877,-0.363285,0.457606,-0.3557
0.783154,0.07715,0.11304,-0.606439,0.907592,0.031785,0.129688,-0.399372,0.737951,-0.363156,0.457588,-0.355697
0.783136,0.077316,0.11295,-0.606455,0.907592,0.031886,0.129685,-0.399363,0.738019,-0.363097,0.457521,-0.355705
0.783098,0.077418,0.112885,-0.606501,0.9076,0.031948,0.129673,-0.399339,0.738088,-0.363004,0.457442,-0.355756
0.783104,0.077423,0.112885,-0.606492,0.907614,0.031963,0.129674,-0.399307,0.738134,-0.362923,0.457405,-0.355788
0.78305,0.077397,0.112888,-0.606565,0.907582,0.032047,0.129743,-0.399348,0.738225,-0.362786,0.457389,-0.355758
0.783017,0.077406,0.112852,-0.606613,0.907567,0.032158,0.129787,-0.399356,0.738274,-0.362696,0.457363,-0.355779
0.78301,0.077383,0.112843,-0.606627,0.907517,0.032208,0.129819,-0.399454,0.738289,-0.362662,0.457368,-0.355776
0.783,0.077354,0.112877,-0.606638,0.90748,0.032214,0.129859,-0.399526,0.738279,-0.362674,0.457399,-0.355747
0.783012,0.077335,0.112893,-0.606622,0.907464,0.032196,0.129906,-0.399548,0.73827,-0.362674,0.457407,-0.355755
0.78304,0.077379,0.112919,-0.606575,0.907463,0.03212,0.129932,-0.399553,0.738199,-0.362768,0.457423,-0.355787
0.783051,0.077353,0.112962,-0.606558,0.907468,0.032042,0.129952,-0.399543,0.738159,-0.362787,0.457434,-0.355834
0.783056,0.077331,0.113001,-0.606547,0.907485,0.031998,0.129918,-0.399521,0.738162,-0.362807,0.457416,-0.355831
0.783076,0.077337,0.112958,-0.606527,0.907504,0.031959,0.129876,-0.399494,0.738223,-0.36274,0.457417,-0.355773
0.783082,0.077324,0.112916,-0.606531,0.907532,0.031953,0.129765,-0.399464,0.738266,-0.362708,0.457393,-0.355747
0.783083,0.077361,0.112831,-0.606539,0.907536,0.031996,0.129662,-0.399484,0.738251,-0.362691,0.457404,-0.355781
0.783086,0.077299,0.112819,-0.606546,0.907542,0.032,0.129649,-0.399474,0.738276,-0.36268,0.45734,-0.35582
0.783063,0.077306,0.112828,-0.606572,0.907527,0.032015,0.12977,-0.399469,0.738304,-0.362649,0.45736,-0.355771
0.783043,0.07726,0.112931,-0.606587,0.907515,0.032058,0.129858,-0.399464,0.738322,-0.362674,0.45732,-0.355759
0.783089,0.077214,0.112921,-0.606534,0.907513,0.03206,0.129907,-0.399453,0.738274,-0.362728,0.457308,-0.355817
0.783118,0.077203,0.112851,-0.606512,0.907524,0.032037,0.129851,-0.399448,0.738247,-0.36277,0.457326,-0.35581
0.783148,0.077185,0.112732,-0.606496,0.907576,0.031851,0.129716,-0.399393,0.738232,-0.362724,0.457385,-0.355811
0.783148,0.077182,0.112673,-0.606508,0.907639,0.031689,0.129526,-0.399325,0.738187,-0.362788,0.457409,-0.35581
0.783177,0.077204,0.112583,-0.606482,0.907684,0.031546,0.129369,-0.399288,0.738171,-0.362796,0.45741,-0.355832
0.783183,0.077201,0.112544,-0.606482,0.907702,0.031438,0.12931,-0.399276,0.738169,-0.36279,0.457377,-0.355882
0.783163,0.077147,0.112612,-0.606505,0.907694,0.031331,0.129378,-0.399284,0.738178,-0.362743,0.45735,-0.355946
0.783156,0.077059,0.112664,-0.606515,0.907696,0.031414,0.129437,-0.399254,0.738195,-0.362767,0.457309,-0.355941
0.783123,0.077025,0.112648,-0.606566,0.907669,0.031586,0.129496,-0.399278,0.738209,-0.36277,0.457249,-0.355985
0.783115,0.077011,0.112575,-0.606593,0.907675,0.031772,0.129501,-0.399243,0.73824,-0.362759,0.457204,-0.355988
0.783111,0.077094,0.112456,-0.606607,0.907666,0.031955,0.129357,-0.399284,0.738274,-0.362686,0.457206,-0.355985
0.783104,0.077091,0.112331,-0.606638,0.907679,0.032062,0.129162,-0.399304,0.738274,-0.362729,0.457177,-0.355982
0.783142,0.077142,0.112181,-0.606607,0.907673,0.032076,0.128954,-0.39938,0.738279,-0.362765,0.457143,-0.355981
0.783125,0.077094,0.112158,-0.60664,0.907696,0.031978,0.128804,-0.399383,0.738271,-0.362822,0.457114,-0.355978
0.7831,0.077011,0.112283,-0.606664,0.90771,0.031837,0.128844,-0.399355,0.738237,-0.362868,0.457148,-0.355955
0.783096,0.0769,0.112474,-0.606649,0.907718,0.031746,0.128936,-0.39932,0.738165,-0.362945,0.457206,-0.355954
0.783118,0.076831,0.112672,-0.606596,0.907724,0.031736,0.129101,-0.399258,0.738046,-0.363084,0.45729,-0.355952
0.783116,0.076748,0.112826,-0.606584,0.907712,0.03183,0.129169,-0.399252,0.737951,-0.36313,0.457407,-0.355954
0.78312,0.076734,0.112856,-0.606575,0.90771,0.03192,0.12923,-0.399229,0.737977,-0.363102,0.457437,-0.355892
0.78313,0.076778,0.112792,-0.606566,0.907722,0.032001,0.129169,-0.39921,0.738068,-0.363055,0.457353,-0.355859
0.783127,0.0769,0.112624,-0.606583,0.907729,0.032103,0.129038,-0.399224,0.738175,-0.362965,0.457244,-0.355866
0.783155,0.077026,0.112492,-0.606552,0.90773,0.032134,0.128882,-0.399267,0.738216,-0.362956,0.457146,-0.355916
0.783175,0.077065,0.112417,-0.606535,0.907749,0.032082,0.128787,-0.399255,0.738305,-0.362833,0.457065,-0.355958
0.783186,0.076961,0.112465,-0.606527,0.907749,0.032043,0.12882,-0.399251,0.738298,-0.362853,0.457042,-0.355981
0.783206,0.076853,0.112597,-0.606493,0.90775,0.032,0.12893,-0.399222,0.738255,-0.362885,0.457017,-0.356068
0.783202,0.076742,0.112775,-0.606482,0.907749,0.031898,0.129057,-0.399197,0.738186,-0.362967,0.457023,-0.356121
0.783227,0.076652,0.112868,-0.606446,0.907733,0.031779,0.129161,-0.399214,0.738147,-0.362978,0.457106,-0.356084
0.783249,0.076587,0.112893,-0.606422,0.907727,0.031662,0.129145,-0.399246,0.738101,-0.363011,0.457157,-0.35608
0.783217,0.076593,0.112827,-0.606474,0.907718,0.031583,0.129081,-0.399293,0.738041,-0.363016,0.457175,-0.356176
0.783161,0.0766,0.112773,-0.606554,0.907729,0.031671,0.128966,-0.399294,0.738037,-0.363006,0.457143,-0.356233
0.78319,0.076682,0.11266,-0.606526,0.90772,0.031757,0.128873,-0.399333,0.738091,-0.362904,0.457093,-0.356287
0.78318,0.076755,0.112544,-0.60655,0.907674,0.031858,0.128823,-0.399441,0.738146,-0.362858,0.457,-0.356337
0.78316,0.076786,0.112449,-0.606588,0.907648,0.03192,0.128755,-0.399515,0.73814,-0.362885,0.456907,-0.356439
0.783128,0.076705,0.112466,-0.606637,0.90761,0.031827,0.128687,-0.399633,0.738097,-0.362954,0.4569,-0.356467
0.78311,0.076609,0.112507,-0.606667,0.907581,0.031622,0.128602,-0.399746,0.737992,-0.363017,0.457057,-0.356421
0.783097,0.076471,0.112611,-0.606686,0.907581,0.031381,0.128487,-0.399808,0.737877,-0.363166,0.457152,-0.356388
0.783093,0.07631,0.112698,-0.606697,0.907593,0.031135,0.128366,-0.399844,0.737752,-0.363298,0.457223,-0.356423
0.783083,0.076169,0.11281,-0.606711,0.907616,0.030948,0.128325,-0.399825,0.73762,-0.36345,0.457288,-0.356456
0.783111,0.076162,0.112789,-0.606681,0.90762,0.03089,0.128253,-0.399844,0.737588,-0.363428,0.457304,-0.356524
0.783132,0.076175,0.112699,-0.606665,0.907636,0.030988,0.128086,-0.399847,0.73762,-0.363396,0.457224,-0.356591
0.783111,0.076271,0.112447,-0.606724,0.907631,0.031152,0.127932,-0.399886,0.73767,-0.363342,0.457105,-0.356693
0.783134,0.076357,0.112222,-0.606722,0.907631,0.03121,0.127798,-0.399922,0.737741,-0.363249,0.457012,-0.356757
0.783116,0.076351,0.112029,-0.60678,0.907651,0.031279,0.127787,-0.399868,0.737823,-0.363188,0.456869,-0.356832
0.783111,0.076274,0.11203,-0.606798,0.907667,0.031308,0.127759,-0.39984,0.737883,-0.363152,0.456767,-0.356871
0.783081,0.076206,0.112155,-0.606825,0.907662,0.031211,0.127819,-0.399846,0.737865,-0.363156,0.456728,-0.356956
0.783061,0.076058,0.112312,-0.606844,0.907636,0.031075,0.127891,-0.399894,0.73775,-0.363271,0.456806,-0.356974
0.783053,0.075954,0.112409,-0.60685,0.907622,0.030927,0.127995,-0.399914,0.737663,-0.363297,0.456943,-0.356953
0.783007,0.075958,0.112477,-0.606896,0.907586,0.030788,0.127981,-0.400012,0.737582,-0.363432,0.457025,-0.356882
0.782983,0.075989,0.112451,-0.606929,0.907567,0.030727,0.127952,-0.400071,0.737495,-0.363475,0.457102,-0.356919
0.782996,0.075931,0.112414,-0.606925,0.907559,0.030741,0.127974,-0.400081,0.73743,-0.363475,0.457204,-0.356922
0.783001,0.075885,0.11244,-0.606921,0.907543,0.030784,0.128046,-0.40009,0.737448,-0.363411,0.457218,-0.356932
0.782956,0.075883,0.112493,-0.606972,0.907531,0.030803,0.128119,-0.400094,0.73744,-0.363393,0.457199,-0.356987
0.782914,0.075829,0.11252,-0.607029,0.907494,0.030872,0.128256,-0.400128,0.73743,-0.363385,0.457199,-0.357015
0.78289,0.075739,0.112513,-0.607073,0.9075,0.030844,0.128323,-0.4001,0.737379,-0.363385,0.457217,-0.357096
0.782863,0.075724,0.112515,-0.607109,0.907498,0.030774,0.128309,-0.400116,0.737414,-0.363291,0.457253,-0.357076
0.782848,0.075746,0.112501,-0.607127,0.90749,0.030753,0.128221,-0.400161,0.737381,-0.363337,0.457307,-0.357028
0.782858,0.075727,0.112508,-0.607117,0.90748,0.030699,0.128115,-0.400224,0.737316,-0.363377,0.457404,-0.356998
0.782844,0.075649,0.112596,-0.60713,0.907463,0.030659,0.127996,-0.400303,0.737244,-0.363417,0.457468,-0.357022
0.782838,0.075633,0.112691,-0.607123,0.907443,0.030615,0.127952,-0.400364,0.737185,-0.363405,0.45754,-0.357064
0.78284,0.075605,0.112753,-0.607113,0.907421,0.030622,0.127996,-0.400401,0.737144,-0.363446,0.457555,-0.357087
0.782824,0.07558,0.112788,-0.607132,0.907431,0.030625,0.128026,-0.400369,0.737126,-0.363462,0.457535,-0.357132
0.782838,0.075571,0.112699,-0.607131,0.907427,0.030679,0.127992,-0.400381,0.737149,-0.363422,0.457483,-0.357191
0.78286,0.075633,0.112616,-0.607109,0.907423,0.030768,0.127895,-0.400411,0.737167,-0.363357,0.457461,-0.357245
0.78285,0.075663,0.112491,-0.607138,0.907434,0.030788,0.127735,-0.400432,0.737165,-0.363344,0.45744,-0.357289
0.782838,0.075716,0.112415,-0.60716,0.90744,0.030728,0.127651,-0.400451,0.737159,-0.363307,0.45745,-0.357325
0.782848,0.075681,0.112406,-0.607154,0.907445,0.030624,0.127558,-0.400478,0.737119,-0.363341,0.45742,-0.35741
0.782814,0.075653,0.112442,-0.607195,0.907449,0.030486,0.127592,-0.400473,0.737147,-0.363281,0.457436,-0.357393
0.782775,0.075621,0.112563,-0.607229,0.907441,0.030435,0.127627,-0.400486,0.73716,-0.363328,0.457409,-0.357353
0.782745,0.075564,0.112669,-0.607256,0.907423,0.03039,0.127691,-0.400511,0.737154,-0.363385,0.457374,-0.357355
0.78274,0.075522,0.112735,-0.607257,0.907413,0.030439,0.127643,-0.400547,0.737141,-0.36341,0.457357,-0.357379
0.78276,0.075489,0.112712,-0.607241,0.907391,0.030518,0.127645,-0.400585,0.737117,-0.363412,0.45739,-0.357381
0.782782,0.075461,0.112618,-0.607232,0.907395,0.030521,0.127532,-0.400608,0.737087,-0.363516,0.457353,-0.357388
0.78282,0.07544,0.112503,-0.607206,0.907411,0.030447,0.127438,-0.400609,0.737075,-0.363565,0.457307,-0.357422
0.782853,0.075445,0.11237,-0.607185,0.907454,0.030331,0.127273,-0.400573,0.737062,-0.363573,0.457278,-0.357477
0.782889,0.075429,0.112231,-0.607167,0.907491,0.03024,0.127097,-0.400552,0.737093,-0.36353,0.457267,-0.357468
0.78291,0.075399,0.112091,-0.607169,0.907533,0.030125,0.126877,-0.400538,0.737136,-0.363537,0.457191,-0.357472
0.782891,0.075398,0.11201,-0.607208,0.907549,0.030099,0.126734,-0.400543,0.737159,-0.363551,0.457134,-0.357483
0.782871,0.075362,0.111896,-0.607258,0.907541,0.03012,0.126724,-0.400564,0.737181,-0.36358,0.457088,-0.357469
0.782849,0.075238,0.111946,-0.607296,0.907515,0.03023,0.126705,-0.400616,0.737187,-0.363581,0.457097,-0.357443
0.782862,0.075119,0.11203,-0.607281,0.907499,0.030284,0.126797,-0.400619,0.737119,-0.363704,0.457113,-0.357439
0.782871,0.075034,0.112066,-0.607275,0.907466,0.030212,0.126829,-0.400693,0.737046,-0.363776,0.457159,-0.357456
0.782867,0.074938,0.112049,-0.607295,0.907468,0.030096,0.126772,-0.400716,0.736993,-0.363838,0.457201,-0.357451
0.782875,0.074975,0.111939,-0.6073,0.907493,0.030062,0.126672,-0.400696,0.737001,-0.363813,0.457182,-0.35748
0.782884,0.074995,0.111819,-0.607306,0.907549,0.030041,0.126518,-0.400617,0.737044,-0.363835,0.457082,-0.357501
0.782943,0.075011,0.111678,-0.607252,0.907601,0.030035,0.126384,-0.400538,0.737087,-0.363779,0.456996,-0.357575
0.782995,0.074993,0.111608,-0.6072,0.907648,0.029993,0.126257,-0.400472,0.737152,-0.363761,0.45687,-0.357621
0.783021,0.074954,0.111554,-0.60718,0.907642,0.029974,0.126217,-0.4005,0.737188,-0.363735,0.456819,-0.357638
0.783071,0.074928,0.111603,-0.607112,0.907653,0.029942,0.126213,-0.400481,0.737198,-0.363742,0.456791,-0.357644
0.783086,0.074821,0.111647,-0.607099,0.90769,0.029937,0.126252,-0.400388,0.73715,-0.363808,0.456824,-0.357634
0.783095,0.07475,0.111706,-0.607087,0.907702,0.029909,0.126312,-0.400344,0.737097,-0.363877,0.456813,-0.357689
0.78314,0.074774,0.111711,-0.607025,0.907732,0.029877,0.126342,-0.40027,0.737093,-0.363875,0.456853,-0.35765
0.783198,0.074749,0.111696,-0.606957,0.907773,0.029745,0.12637,-0.400184,0.73711,-0.363874,0.456854,-0.357614
0.783186,0.074771,0.111627,-0.606982,0.907821,0.029699,0.126305,-0.400098,0.737139,-0.363868,0.456794,-0.357637
0.783216,0.074745,0.111555,-0.606958,0.90784,0.029706,0.126263,-0.400065,0.737217,-0.363786,0.456749,-0.357617
0.783233,0.074753,0.111564,-0.606934,0.907852,0.029777,0.126204,-0.40005,0.737292,-0.36367,0.456723,-0.35761
0.783216,0.074801,0.11149,-0.606962,0.90788,0.029946,0.126152,-0.399985,0.73736,-0.363626,0.456657,-0.357599
0.783181,0.074844,0.111494,-0.607,0.907882,0.030119,0.126151,-0.399963,0.737376,-0.363642,0.45663,-0.357584
0.783184,0.074819,0.111536,-0.606993,0.907843,0.030205,0.126207,-0.400024,0.737338,-0.363686,0.456668,-0.357571
0.783175,0.074805,0.111625,-0.60699,0.907835,0.030262,0.126303,-0.400008,0.737258,-0.363742,0.456807,-0.357503
0.783187,0.074761,0.111714,-0.606966,0.907837,0.030201,0.126309,-0.400008,0.737231,-0.363783,0.456899,-0.357405
0.783213,0.074739,0.111731,-0.606932,0.907866,0.030076,0.126266,-0.399968,0.737165,-0.36383,0.456977,-0.357392
0.783227,0.074763,0.111766,-0.606905,0.90792,0.0299,0.12621,-0.39988,0.737152,-0.363816,0.457053,-0.357338
0.783237,0.074847,0.111767,-0.606879,0.907955,0.029798,0.126102,-0.399845,0.737192,-0.363743,0.45709,-0.357281
0.783238,0.074988,0.111666,-0.606878,0.907976,0.029788,0.126023,-0.399822,0.737269,-0.363681,0.457052,-0.357235
0.783226,0.075085,0.111563,-0.606898,0.907979,0.029945,0.125986,-0.399808,0.737349,-0.363572,0.456986,-0.357265
0.783229,0.075133,0.1115,-0.606898,0.907978,0.030099,0.12599,-0.399795,0.737431,-0.363491,0.456881,-0.357308
0.783225,0.075164,0.111537,-0.606892,0.907941,0.03024,0.126101,-0.399829,0.737459,-0.363431,0.456879,-0.357313
0.783227,0.075133,0.111633,-0.606877,0.907915,0.030364,0.126302,-0.399817,0.737459,-0.363448,0.456851,-0.357333
0.783208,0.075067,0.111757,-0.60689,0.907892,0.030428,0.126472,-0.399811,0.737455,-0.363433,0.456885,-0.357312
0.783204,0.075027,0.111823,-0.606887,0.907887,0.030484,0.126512,-0.399804,0.737436,-0.363422,0.456887,-0.357358
0.783227,0.075098,0.11177,-0.606858,0.907882,0.030527,0.126455,-0.399827,0.737486,-0.36333,0.456908,-0.357323
0.783254,0.07514,0.111687,-0.606832,0.907906,0.0305,0.126346,-0.399811,0.737488,-0.363307,0.456896,-0.357354
0.783249,0.075198,0.111607,-0.606843,0.907893,0.030491,0.126231,-0.399873,0.737544,-0.363248,0.456844,-0.357366
0.783229,0.075267,0.111578,-0.606864,0.907883,0.030467,0.12621,-0.399906,0.737576,-0.363187,0.456798,-0.35742
0.783205,0.075317,0.111545,-0.606894,0.907845,0.030493,0.126181,-0.399995,0.737646,-0.363095,0.456768,-0.357404
0.783169,0.07531,0.111635,-0.606926,0.907802,0.030582,0.126241,-0.400068,0.737671,-0.363066,0.456757,-0.357398
0.783124,0.075311,0.111727,-0.606969,0.90778,0.030735,0.126436,-0.400043,0.737648,-0.363098,0.456754,-0.357413
0.783077,0.075295,0.111846,-0.60701,0.907755,0.030896,0.126625,-0.400026,0.737609,-0.36311,0.456797,-0.357429
0.783079,0.075261,0.111957,-0.606993,0.907723,0.030985,0.126826,-0.400029,0.73758,-0.36308,0.456891,-0.357398
0.783064,0.075243,0.112129,-0.606985,0.907746,0.030985,0.126917,-0.399948,0.737544,-0.363093,0.456945,-0.357392
0.783057,0.075299,0.112144,-0.606984,0.907747,0.03097,0.126996,-0.399924,0.737518,-0.363109,0.457019,-0.357337
0.783043,0.075296,0.11214,-0.607004,0.907748,0.03091,0.127003,-0.399926,0.737489,-0.363095,0.457091,-0.357318
0.783037,0.075316,0.112152,-0.607006,0.907762,0.03082,0.126951,-0.399921,0.737483,-0.363014,0.457189,-0.357288
0.78302,0.075306,0.112151,-0.60703,0.90776,0.030764,0.126949,-0.39993,0.737509,-0.363015,0.457145,-0.357289
0.782984,0.075276,0.112083,-0.607093,0.907748,0.030738,0.1269,-0.399976,0.737541,-0.362997,0.457096,-0.357301
0.782947,0.075281,0.112072,-0.607142,0.907743,0.030763,0.126812,-0.400012,0.737585,-0.36294,0.457064,-0.35731
0.782954,0.075343,0.111992,-0.607136,0.907728,0.030817,0.126761,-0.400056,0.737612,-0.362813,0.457102,-0.357332
0.782929,0.075391,0.111987,-0.607163,0.907714,0.030885,0.126734,-0.400086,0.737656,-0.362801,0.457048,-0.357324
0.78293,0.075423,0.111982,-0.60716,0.907708,0.030876,0.126743,-0.400099,0.73763,-0.362805,0.457044,-0.357376
0.782944,0.075428,0.111953,-0.607145,0.907693,0.030915,0.12675,-0.400127,0.73767,-0.362727,0.457014,-0.357409
0.782931,0.075475,0.11196,-0.607153,0.907687,0.030952,0.126791,-0.400125,0.737686,-0.362676,0.457042,-0.357393
0.782906,0.075443,0.111961,-0.60719,0.907688,0.031023,0.126824,-0.400104,0.737646,-0.362688,0.457077,-0.357416
0.782906,0.075397,0.111964,-0.607197,0.907714,0.031145,0.126922,-0.400003,0.737602,-0.362701,0.457105,-0.357458
0.782921,0.075406,0.112021,-0.607166,0.907725,0.031181,0.127006,-0.399948,0.737586,-0.362672,0.457111,-0.357511
0.782915,0.075407,0.11205,-0.607169,0.907735,0.031227,0.127035,-0.399912,0.737558,-0.362643,0.457146,-0.357551
0.782909,0.075453,0.111988,-0.60718,0.907737,0.03117,0.126981,-0.399931,0.737537,-0.362637,0.457153,-0.35759
0.782896,0.075437,0.111899,-0.607215,0.907744,0.031077,0.126932,-0.399941,0.737536,-0.36263,0.457118,-0.357642
0.782867,0.075463,0.111809,-0.607265,0.907735,0.030976,0.126797,-0.400011,0.737523,-0.362617,0.457075,-0.357737
0.782818,0.075465,0.111712,-0.607345,0.907734,0.030884,0.126642,-0.40007,0.737577,-0.362531,0.457036,-0.357759
0.782776,0.075453,0.111673,-0.607407,0.907721,0.030818,0.126587,-0.400123,0.737581,-0.362582,0.456968,-0.357787
0.782729,0.075354,0.111734,-0.607471,0.907684,0.030777,0.126569,-0.400215,0.737507,-0.362653,0.456974,-0.357859
0.782669,0.075274,0.111778,-0.607551,0.907628,0.030812,0.126599,-0.400329,0.737424,-0.362726,0.457032,-0.357884
0.782636,0.075153,0.111804,-0.607608,0.907615,0.03086,0.126622,-0.400347,0.737368,-0.362783,0.45705,-0.357919
0.782598,0.075049,0.111807,-0.607669,0.907593,0.030905,0.126628,-0.400391,0.737335,-0.36284,0.457066,-0.357906
0.782577,0.07505,0.111691,-0.607717,0.907599,0.030902,0.126581,-0.400392,0.737311,-0.362861,0.457046,-0.357962
0.782597,0.075024,0.111543,-0.607722,0.907599,0.030911,0.126366,-0.400454,0.737295,-0.362882,0.457048,-0.357969
0.782617,0.07504,0.111385,-0.60772,0.907621,0.030847,0.12618,-0.400466,0.737308,-0.36286,0.456998,-0.358029
0.782595,0.074994,0.111388,-0.607755,0.907638,0.030708,0.126075,-0.400475,0.737294,-0.362898,0.456938,-0.358095
0.78257,0.074837,0.111485,-0.607791,0.907616,0.030568,0.126061,-0.400542,0.737239,-0.362946,0.456937,-0.35816
0.78256,0.07465,0.111629,-0.607804,0.9076,0.03038,0.126164,-0.400569,0.737162,-0.363043,0.456946,-0.358207
0.782574,0.074446,0.111931,-0.607762,0.907586,0.030242,0.126323,-0.400569,0.737049,-0.363144,0.457064,-0.358189
0.782586,0.074232,0.112146,-0.607739,0.907564,0.030096,0.126536,-0.40057,0.736926,-0.36334,0.45712,-0.358175
0.782591,0.074168,0.112184,-0.607734,0.907543,0.030071,0.126591,-0.400604,0.73683,-0.363467,0.457165,-0.358187
0.782598,0.074141,0.112054,-0.607751,0.907556,0.03003,0.126562,-0.400588,0.736826,-0.363501,0.457113,-0.358226
0.782625,0.074132,0.111834,-0.607756,0.907592,0.03013,0.126364,-0.400555,0.73685,-0.36349,0.457096,-0.35821
0.782638,0.074126,0.111578,-0.607786,0.907646,0.030219,0.126081,-0.400507,0.736881,-0.36353,0.45698,-0.358255
0.782618,0.074155,0.111367,-0.607844,0.907678,0.030134,0.125824,-0.40052,0.73692,-0.363515,0.456884,-0.358311
0.782575,0.074093,0.11127,-0.607924,0.907664,0.030061,0.125722,-0.400587,0.736954,-0.36357,0.456752,-0.358353
0.782572,0.074001,0.111333,-0.607931,0.907617,0.029878,0.125785,-0.400696,0.736972,-0.363593,0.456737,-0.358314
0.782599,0.073827,0.1115,-0.607889,0.907582,0.029725,0.12586,-0.400769,0.736852,-0.363736,0.456823,-0.358309
0.782614,0.073646,0.111725,-0.607857,0.907552,0.029548,0.125939,-0.400833,0.736648,-0.363924,0.456993,-0.358321
0.782582,0.07344,0.112008,-0.607876,0.907524,0.029372,0.126082,-0.400872,0.736512,-0.364091,0.457124,-0.358267
0.7826,0.07334,0.112095,-0.607852,0.907532,0.029299,0.126127,-0.400848,0.736374,-0.364237,0.457228,-0.358272
0.782634,0.073326,0.111982,-0.607829,0.907565,0.029279,0.126072,-0.400792,0.736297,-0.364367,0.457236,-0.358287
0.782662,0.073385,0.111767,-0.607822,0.907605,0.02931,0.125917,-0.400743,0.736242,-0.364429,0.457212,-0.358368
0.782665,0.073421,0.111491,-0.607862,0.907634,0.02935,0.125713,-0.400734,0.736297,-0.364429,0.457068,-0.358438
0.782668,0.073448,0.111319,-0.607884,0.907663,0.029348,0.125567,-0.400711,0.736423,-0.364342,0.456908,-0.35847
0.782636,0.073449,0.111158,-0.607954,0.907678,0.029273,0.125434,-0.400725,0.736481,-0.364349,0.45677,-0.358517
0.782628,0.073362,0.111177,-0.607973,0.907668,0.029183,0.125335,-0.400785,0.736483,-0.364374,0.456721,-0.35855
0.782574,0.073182,0.111353,-0.608035,0.907628,0.029086,0.12539,-0.400872,0.736417,-0.364449,0.456751,-0.358573
0.782564,0.073015,0.111599,-0.608028,0.907606,0.028983,0.125517,-0.400892,0.736312,-0.364556,0.456864,-0.358538
0.782548,0.072842,0.111763,-0.608044,0.907569,0.028807,0.125769,-0.400921,0.73617,-0.364708,0.456969,-0.358541
0.782558,0.072701,0.111949,-0.608018,0.907552,0.028671,0.125991,-0.400908,0.73601,-0.364832,0.457123,-0.35855
0.78253,0.072593,0.111877,-0.60808,0.907572,0.028597,0.126052,-0.400851,0.735912,-0.364919,0.45722,-0.358537
0.782535,0.072639,0.111652,-0.608107,0.907579,0.02862,0.125953,-0.400864,0.735878,-0.364915,0.457277,-0.358541
0.782576,0.072666,0.111389,-0.608098,0.907609,0.02866,0.12579,-0.400839,0.735896,-0.364891,0.457221,-0.358596
0.782571,0.072735,0.111149,-0.608135,0.907633,0.028726,0.125548,-0.400849,0.735954,-0.364833,0.457108,-0.358679
0.782589,0.072806,0.110973,-0.608133,0.907692,0.028768,0.125307,-0.400784,0.736021,-0.364766,0.457,-0.358746
0.782592,0.072821,0.11087,-0.608145,0.907703,0.028816,0.125175,-0.400791,0.736051,-0.364715,0.456941,-0.358808
0.782581,0.072799,0.110879,-0.60816,0.907688,0.028869,0.125245,-0.400801,0.736028,-0.364784,0.456897,-0.358842
0.782574,0.07267,0.111043,-0.608159,0.907668,0.028829,0.125323,-0.400826,0.735974,-0.364839,0.45687,-0.35893
0.782536,0.072482,0.111197,-0.608206,0.907628,0.028769,0.125472,-0.40088,0.735868,-0.364972,0.456935,-0.35893
0.782515,0.0724,0.111282,-0.60823,0.907621,0.028698,0.12551,-0.400892,0.735799,-0.364956,0.457033,-0.358963
0.782498,0.072372,0.111223,-0.608266,0.907653,0.028703,0.125365,-0.400862,0.735774,-0.36503,0.457025,-0.358949
0.782476,0.072356,0.111081,-0.60832,0.907682,0.028653,0.125088,-0.400882,0.735782,-0.365078,0.456973,-0.358951
0.782497,0.072344,0.11081,-0.608343,0.907714,0.028597,0.124783,-0.400904,0.735819,-0.365098,0.456851,-0.35901
0.782479,0.072349,0.110627,-0.608396,0.907718,0.028501,0.124534,-0.400978,0.735874,-0.365005,0.456822,-0.359026
0.782461,0.07234,0.110518,-0.608441,0.90771,0.028458,0.124372,-0.401048,0.735928,-0.364983,0.456699,-0.359093
0.782431,0.07225,0.110593,-0.608477,0.9077,0.028415,0.124372,-0.401075,0.735913,-0.365007,0.456667,-0.35914
0.782418,0.072164,0.110713,-0.608484,0.907671,0.02841,0.124477,-0.401112,0.735865,-0.365077,0.456672,-0.359159
0.78239,0.072065,0.110855,-0.60851,0.907665,0.028357,0.124653,-0.401078,0.735814,-0.365109,0.456769,-0.35911
0.782363,0.071982,0.110917,-0.608544,0.907648,0.028258,0.124805,-0.401081,0.735736,-0.365171,0.456861,-0.359091
0.78235,0.071933,0.110885,-0.608573,0.907645,0.028182,0.124884,-0.401075,0.73564,-0.365212,0.456945,-0.35914
0.782358,0.071904,0.110782,-0.608585,0.90764,0.028162,0.124797,-0.401112,0.735609,-0.365211,0.456963,-0.359179
0.782363,0.071945,0.110662,-0.608593,0.907687,0.028129,0.124673,-0.401044,0.735654,-0.365138,0.456935,-0.359196
0.782352,0.072029,0.110524,-0.60862,0.907727,0.028147,0.124476,-0.401011,0.735686,-0.365147,0.456901,-0.359166
0.782357,0.072043,0.110461,-0.608622,0.907755,0.028157,0.12435,-0.400983,0.735729,-0.365119,0.456844,-0.359178
0.782346,0.072003,0.110523,-0.608632,0.90775,0.028159,0.12441,-0.400976,0.735697,-0.365137,0.456859,-0.359208
0.782371,0.071963,0.11066,-0.608582,0.907735,0.02813,0.124542,-0.400974,0.735687,-0.36511,0.456926,-0.359168
0.782362,0.071894,0.110823,-0.608573,0.907723,0.028092,0.124693,-0.400962,0.735619,-0.365231,0.457006,-0.359086
0.78238,0.071789,0.110957,-0.608541,0.90769,0.028082,0.124856,-0.40099,0.735539,-0.365334,0.457124,-0.358999
0.782401,0.071759,0.111044,-0.608504,0.907701,0.02813,0.124992,-0.400922,0.735471,-0.36538,0.457228,-0.358959
0.782457,0.071821,0.110997,-0.608431,0.907718,0.028215,0.125059,-0.400854,0.735414,-0.3654,0.45734,-0.358915
0.782483,0.071898,0.110952,-0.608396,0.907767,0.02825,0.124969,-0.400767,0.735402,-0.365421,0.457344,-0.358914
0.782519,0.072002,0.110775,-0.608365,0.907816,0.0283,0.124815,-0.400693,0.735445,-0.365362,0.457295,-0.358948
0.782549,0.072047,0.110677,-0.608338,0.907883,0.02829,0.124614,-0.400604,0.735527,-0.365281,0.457196,-0.358983
0.78257,0.072117,0.110709,-0.608298,0.907906,0.028222,0.124525,-0.400585,0.735652,-0.365133,0.457147,-0.358941
0.782582,0.072194,0.110692,-0.608273,0.907909,0.028173,0.124482,-0.400594,0.735732,-0.365109,0.457061,-0.358911
0.782595,0.072208,0.110787,-0.608239,0.907894,0.028207,0.124577,-0.400597,0.735731,-0.365077,0.457054,-0.358953
0.782579,0.072157,0.110968,-0.608235,0.907857,0.028291,0.124781,-0.400612,0.735676,-0.365089,0.457138,-0.358947
0.782593,0.072126,0.111166,-0.608187,0.907842,0.02833,0.124994,-0.40058,0.735629,-0.365091,0.457244,-0.358907
0.782606,0.07214,0.111364,-0.608132,0.90785,0.028468,0.125179,-0.400492,0.735534,-0.365189,0.457353,-0.358865
0.782649,0.072108,0.11154,-0.608051,0.907883,0.0285,0.125287,-0.400384,0.735489,-0.365228,0.45743,-0.358822
0.782721,0.072128,0.111578,-0.607949,0.907934,0.028553,0.125336,-0.400247,0.735489,-0.365226,0.457442,-0.35881
0.782779,0.072255,0.111445,-0.60788,0.908002,0.02856,0.125276,-0.40011,0.735522,-0.365148,0.45748,-0.358771
0.782816,0.072329,0.111388,-0.607832,0.908039,0.028558,0.125172,-0.400059,0.735582,-0.365104,0.457444,-0.35874
0.782806,0.072395,0.111323,-0.607849,0.908055,0.028601,0.125133,-0.400031,0.735619,-0.365077,0.457387,-0.358761
0.782814,0.072349,0.111285,-0.60785,0.908029,0.028694,0.125136,-0.400078,0.735645,-0.365058,0.457319,-0.358815
0.782772,0.072326,0.111302,-0.607905,0.908004,0.028728,0.125128,-0.400133,0.735715,-0.364995,0.457274,-0.358792
0.782763,0.072218,0.111344,-0.607924,0.907978,0.028709,0.125159,-0.400185,0.735719,-0.36502,0.457291,-0.358738
0.782724,0.072091,0.111445,-0.607973,0.907941,0.028645,0.125244,-0.400249,0.735619,-0.365147,0.457351,-0.35874
0.782723,0.071855,0.111648,-0.607972,0.907904,0.028437,0.12539,-0.400312,0.735474,-0.365352,0.457431,-0.358728
0.782721,0.071728,0.111747,-0.607972,0.907897,0.028153,0.125532,-0.400313,0.735293,-0.365469,0.457615,-0.358748
0.782758,0.071555,0.111861,-0.607929,0.907909,0.027921,0.125567,-0.4003,0.735178,-0.365601,0.457673,-0.358775
0.782771,0.071482,0.111871,-0.607921,0.90792,0.027713,0.125487,-0.400321,0.735102,-0.365661,0.457727,-0.358799
0.782773,0.071455,0.111756,-0.607941,0.907938,0.027615,0.125368,-0.400324,0.735027,-0.365741,0.457749,-0.358843
0.782796,0.071445,0.111561,-0.607947,0.907945,0.027718,0.125201,-0.400347,0.735031,-0.365698,0.457734,-0.358897
0.782781,0.071457,0.111382,-0.607995,0.907952,0.027855,0.125028,-0.40037,0.735068,-0.365743,0.457617,-0.358926
0.782762,0.071379,0.111276,-0.608049,0.90793,0.027907,0.12494,-0.400441,0.73508,-0.365776,0.4575,-0.359016
0.782751,0.071182,0.111234,-0.608096,0.907887,0.027862,0.124923,-0.400546,0.735013,-0.365871,0.457464,-0.3591
0.782741,0.070964,0.111316,-0.608124,0.907841,0.027666,0.124969,-0.400657,0.734909,-0.365938,0.457534,-0.359154
0.782678,0.07073,0.111418,-0.608217,0.907807,0.027395,0.124931,-0.400773,0.734785,-0.366113,0.457571,-0.359185
0.782621,0.070459,0.111506,-0.608311,0.907802,0.027111,0.124852,-0.400835,0.734637,-0.366268,0.457623,-0.359264
0.782559,0.070254,0.111538,-0.608413,0.9078,0.026877,0.124727,-0.400899,0.734484,-0.366407,0.457706,-0.359331
0.782518,0.070142,0.11143,-0.608499,0.907797,0.026789,0.124488,-0.400983,0.73444,-0.36646,0.457734,-0.35933
0.782477,0.070102,0.111241,-0.60859,0.907778,0.026766,0.124186,-0.401118,0.734387,-0.366545,0.457697,-0.359398
0.782439,0.070118,0.111007,-0.608677,0.907736,0.026774,0.123977,-0.401272,0.734304,-0.366627,0.45769,-0.35949
0.782365,0.06999,0.110915,-0.608804,0.907689,0.026772,0.123855,-0.401416,0.734186,-0.366749,0.45766,-0.359645
0.782326,0.069841,0.110911,-0.608875,0.907654,0.026573,0.123885,-0.401504,0.734066,-0.366801,0.457713,-0.359767
0.782322,0.069612,0.111008,-0.608893,0.90763,0.026431,0.123896,-0.401569,0.733953,-0.366951,0.457707,-0.35985
0.782344,0.069497,0.111046,-0.608874,0.90764,0.026219,0.123847,-0.401579,0.733842,-0.367027,0.457722,-0.359978
0.782362,0.069378,0.110919,-0.608887,0.907684,0.02597,0.123643,-0.401565,0.733768,-0.367093,0.457708,-0.360077
0.782393,0.069348,0.110657,-0.608897,0.907731,0.025745,0.123299,-0.40158,0.733769,-0.367055,0.457724,-0.360095
0.782401,0.069354,0.110421,-0.608927,0.907738,0.025642,0.122939,-0.401677,0.733768,-0.367061,0.457706,-0.360113
0.782367,0.069332,0.110209,-0.60901,0.907732,0.025599,0.122687,-0.401767,0.73379,-0.367029,0.457695,-0.360117
0.78231,0.0693,0.110132,-0.6091,0.907667,0.025615,0.122505,-0.401965,0.733813,-0.366989,0.457652,-0.360161
0.782246,0.069244,0.110154,-0.609186,0.907611,0.0257,0.12251,-0.402081,0.733809,-0.366966,0.457686,-0.360151
0.782216,0.069177,0.110264,-0.609214,0.907548,0.025768,0.12268,-0.402168,0.733802,-0.367013,0.457666,-0.360143
0.7822,0.069087,0.11041,-0.609221,0.907508,0.025801,0.122811,-0.402219,0.733739,-0.367073,0.457714,-0.360149
0.782214,0.069003,0.110438,-0.609209,0.907514,0.025814,0.122898,-0.402179,0.733665,-0.367115,0.457773,-0.360182
0.782253,0.06905,0.110436,-0.609152,0.90753,0.025829,0.122873,-0.402147,0.733649,-0.367082,0.457871,-0.360125
0.782301,0.069127,0.110296,-0.609106,0.907592,0.025883,0.122682,-0.402056,0.733632,-0.367093,0.457882,-0.360133
0.782347,0.069229,0.110169,-0.609056,0.90767,0.025881,0.122449,-0.401948,0.733644,-0.367016,0.457873,-0.360196
0.782365,0.069277,0.110149,-0.609029,0.907712,0.025835,0.122331,-0.401893,0.733656,-0.366978,0.457829,-0.360264
0.782357,0.069308,0.11034,-0.609003,0.907733,0.02577,0.122382,-0.401837,0.733711,-0.36683,0.457845,-0.360279
0.782334,0.069275,0.110538,-0.609002,0.907733,0.025734,0.122595,-0.40178,0.733723,-0.366793,0.457865,-0.360268
0.782322,0.069273,0.110791,-0.608974,0.907698,0.025736,0.122957,-0.401755,0.733676,-0.366797,0.457967,-0.360231
0.782318,0.069117,0.111053,-0.608955,0.907656,0.025765,0.123301,-0.401746,0.733604,-0.366853,0.45809,-0.360165
0.782276,0.069034,0.111293,-0.608977,0.907616,0.02584,0.123555,-0.401755,0.733578,-0.366791,0.458238,-0.360095
0.782251,0.069079,0.111413,-0.608983,0.907586,0.025939,0.123766,-0.401752,0.733509,-0.366803,0.458381,-0.360041
0.782239,0.069179,0.111403,-0.608988,0.907581,0.026035,0.12381,-0.401743,0.733491,-0.366751,0.458483,-0.360002
0.782238,0.069217,0.111319,-0.608998,0.907585,0.026132,0.123761,-0.401738,0.733462,-0.366739,0.458545,-0.359993
0.782223,0.069367,0.11124,-0.60901,0.907603,0.026139,0.123771,-0.401693,0.73351,-0.366603,0.458595,-0.359968
0.782221,0.069525,0.111198,-0.609002,0.907624,0.026113,0.123725,-0.401662,0.733573,-0.366498,0.458596,-0.359946
0.782195,0.069639,0.111282,-0.609005,0.907607,0.026153,0.123769,-0.401684,0.733575,-0.366434,0.458637,-0.359953
0.782175,0.069636,0.111451,-0.609002,0.907585,0.026214,0.123879,-0.401696,0.733575,-0.366404,0.458708,-0.359896
0.782142,0.069664,0.111657,-0.609004,0.907531,0.026297,0.124138,-0.401736,0.733584,-0.366299,0.45882,-0.359839
0.782082,0.069743,0.111838,-0.60904,0.907474,0.026461,0.124359,-0.401784,0.733601,-0.366232,0.458893,-0.359784
0.782065,0.06986,0.111915,-0.609034,0.907412,0.026689,0.124527,-0.401854,0.733613,-0.366138,0.45896,-0.359766
0.782028,0.07,0.111947,-0.609057,0.907375,0.026899,0.124654,-0.401877,0.733636,-0.366039,0.458969,-0.359806
0.781983,0.07019,0.111915,-0.609095,0.907365,0.027105,0.124626,-0.401886,0.733746,-0.365834,0.458976,-0.35978
0.781986,0.070374,0.111839,-0.609081,0.907384,0.027259,0.124611,-0.401835,0.733837,-0.365691,0.45896,-0.359757
0.781976,0.070513,0.111846,-0.609075,0.90737,0.02736,0.124601,-0.401857,0.73388,-0.365559,0.458999,-0.359751
0.78197,0.070592,0.111936,-0.609057,0.907351,0.027402,0.124671,-0.401879,0.733917,-0.365472,0.459019,-0.359739
0.781955,0.070645,0.112045,-0.609049,0.90735,0.027441,0.124798,-0.401838,0.733892,-0.365381,0.459158,-0.359705
0.781919,0.070713,0.112226,-0.609056,0.907351,0.0275,0.125018,-0.401765,0.733883,-0.365371,0.459213,-0.359663
0.781893,0.070766,0.112421,-0.609048,0.90733,0.02757,0.125205,-0.401753,0.733834,-0.365321,0.459333,-0.35966
0.78189,0.070804,0.112482,-0.609034,0.907305,0.027648,0.125363,-0.401755,0.733814,-0.365276,0.459411,-0.359646
0.781911,0.070859,0.112477,-0.609001,0.907288,0.027776,0.125468,-0.401749,0.733868,-0.365177,0.459445,-0.359593
0.781869,0.070881,0.11245,-0.609059,0.907262,0.027919,0.125501,-0.401783,0.733899,-0.365135,0.459433,-0.359587
0.781848,0.07097,0.112393,-0.609083,0.907272,0.027942,0.125473,-0.401767,0.733946,-0.365037,0.459417,-0.35961
0.781852,0.070987,0.11233,-0.609086,0.907265,0.027933,0.125331,-0.401826,0.733998,-0.364973,0.459363,-0.359638
0.781834,0.071045,0.112289,-0.60911,0.907266,0.027918,0.125251,-0.401848,0.734026,-0.364885,0.459344,-0.35969
0.781824,0.071116,0.112247,-0.609122,0.907271,0.027892,0.125199,-0.401853,0.734066,-0.364838,0.45929,-0.359727
0.781827,0.071165,0.112267,-0.609107,0.907275,0.027836,0.125244,-0.401838,0.734025,-0.364848,0.459295,-0.35979
0.781818,0.071058,0.112372,-0.609113,0.907267,0.027819,0.125308,-0.40184,0.73401,-0.364841,0.459292,-0.35983
0.781815,0.070984,0.112415,-0.609119,0.907267,0.02784,0.125362,-0.401821,0.734029,-0.364777,0.459291,-0.359856
0.781777,0.070942,0.112441,-0.609169,0.907274,0.027838,0.125355,-0.401809,0.734028,-0.364776,0.459271,-0.359885
0.78173,0.070944,0.11235,-0.609245,0.907285,0.02783,0.125268,-0.401808,0.73409,-0.364729,0.459208,-0.359887
0.781712,0.070995,0.112183,-0.609291,0.907274,0.02781,0.125066,-0.401896,0.734124,-0.364668,0.459197,-0.35989
0.781677,0.071054,0.112087,-0.609346,0.907263,0.027871,0.124917,-0.401958,0.734174,-0.364608,0.459164,-0.35989
0.781631,0.071155,0.112062,-0.609395,0.907234,0.027895,0.124771,-0.402064,0.734201,-0.364594,0.459115,-0.359911
0.781602,0.071149,0.11212,-0.609422,0.907203,0.027896,0.124776,-0.402132,0.734242,-0.364531,0.459063,-0.359959
0.781595,0.071079,0.112252,-0.609418,0.907153,0.0279,0.124903,-0.402205,0.734254,-0.364498,0.459032,-0.360005
0.781582,0.071054,0.112403,-0.609412,0.907112,0.027883,0.12508,-0.402249,0.73425,-0.364382,0.459103,-0.360036
0.781584,0.071001,0.112555,-0.609389,0.907112,0.027858,0.125253,-0.402202,0.734233,-0.364388,0.459139,-0.360023
0.781601,0.07103,0.112594,-0.609356,0.907122,0.02795,0.125355,-0.402139,0.734259,-0.364346,0.459109,-0.360046
0.781583,0.07112,0.1125,-0.609385,0.907141,0.028067,0.125318,-0.402096,0.73429,-0.364321,0.459097,-0.360024
0.781618,0.071182,0.112337,-0.609361,0.907156,0.028192,0.125214,-0.40208,0.734366,-0.364201,0.459081,-0.360011
0.781605,0.071224,0.112297,-0.609378,0.907185,0.028294,0.125115,-0.402035,0.734475,-0.364122,0.45894,-0.360047
0.781568,0.071216,0.112306,-0.609426,0.907187,0.028316,0.125106,-0.402028,0.734592,-0.363996,0.458803,-0.360107
0.781576,0.071156,0.112277,-0.609428,0.907188,0.028268,0.125116,-0.402029,0.734646,-0.363945,0.458716,-0.360158
0.781557,0.071146,0.112318,-0.609446,0.907182,0.028157,0.125172,-0.402036,0.734659,-0.363931,0.458735,-0.360122
0.78155,0.07115,0.112367,-0.609447,0.90718,0.028073,0.125194,-0.402043,0.734637,-0.363996,0.458735,-0.360101
0.781546,0.071171,0.112373,-0.609447,0.907211,0.028093,0.125152,-0.401982,0.734594,-0.364038,0.45877,-0.360104
0.781563,0.071233,0.112318,-0.609428,0.907217,0.028118,0.125058,-0.401997,0.734586,-0.364056,0.458821,-0.360037
0.781588,0.071329,0.112227,-0.609399,0.907241,0.028183,0.124953,-0.401967,0.734619,-0.364035,0.458869,-0.359933
0.781635,0.071459,0.112127,-0.609338,0.907281,0.028247,0.124847,-0.4019,0.734675,-0.364046,0.45885,-0.359833
0.781675,0.071539,0.112145,-0.609273,0.907318,0.02828,0.124799,-0.401826,0.734691,-0.364087,0.458826,-0.359789
0.781706,0.071558,0.112194,-0.609222,0.907357,0.028298,0.124817,-0.401732,0.734734,-0.364074,0.458793,-0.359761
0.781733,0.071599,0.11225,-0.609172,0.907392,0.028278,0.124829,-0.401652,0.734734,-0.364065,0.458818,-0.359736
0.781779,0.071557,0.11239,-0.609095,0.907427,0.028287,0.124922,-0.401543,0.734721,-0.364141,0.458779,-0.359738
0.781797,0.071451,0.112522,-0.609063,0.907456,0.028197,0.125092,-0.401437,0.734702,-0.364225,0.458756,-0.359722
0.781833,0.071387,0.112631,-0.609004,0.907482,0.028146,0.125221,-0.401346,0.734642,-0.364339,0.458779,-0.359705
0.781887,0.071313,0.112736,-0.608927,0.907508,0.028064,0.125377,-0.40125,0.734621,-0.364397,0.458818,-0.359638
0.781941,0.071269,0.112729,-0.608865,0.90756,0.028035,0.12542,-0.401123,0.734585,-0.364516,0.458781,-0.359642
0.782004,0.071189,0.112611,-0.608816,0.9076,0.028048,0.125387,-0.401038,0.73455,-0.364564,0.458782,-0.359662
0.782072,0.071112,0.112518,-0.608755,0.90763,0.028033,0.125277,-0.401008,0.734587,-0.364566,0.458701,-0.359687
0.782096,0.071049,0.112424,-0.60875,0.907677,0.027974,0.125146,-0.400944,0.734615,-0.36458,0.458651,-0.35968
0.782108,0.071087,0.11231,-0.608748,0.907708,0.027892,0.124983,-0.40093,0.734643,-0.364592,0.458556,-0.359729
0.782148,0.071028,0.112196,-0.608725,0.907732,0.027778,0.124814,-0.400939,0.734696,-0.364616,0.458427,-0.359761
0.782159,0.070929,0.112049,-0.608748,0.907739,0.027694,0.124683,-0.400968,0.734687,-0.364669,0.458319,-0.359862
0.782167,0.070862,0.112019,-0.608751,0.90775,0.027585,0.124582,-0.400984,0.734643,-0.36471,0.458362,-0.359856
0.78217,0.070715,0.112005,-0.60877,0.907749,0.027453,0.124487,-0.401027,0.734564,-0.364843,0.45839,-0.359851
0.782184,0.070621,0.111993,-0.608767,0.907765,0.027346,0.124364,-0.401036,0.734504,-0.364951,0.458379,-0.359878
0.782191,0.070544,0.111949,-0.608776,0.90777,0.02737,0.124318,-0.401036,0.734462,-0.365039,0.45839,-0.359863
0.782196,0.070468,0.111847,-0.608798,0.9078,0.027372,0.124274,-0.400982,0.734395,-0.365103,0.458437,-0.359874
0.782222,0.070435,0.111719,-0.608792,0.907808,0.027401,0.124238,-0.400972,0.734411,-0.365148,0.458371,-0.359879
0.782228,0.070465,0.111614,-0.608797,0.907812,0.02742,0.124182,-0.400976,0.734371,-0.365222,0.458361,-0.359899
0.782228,0.070359,0.111555,-0.608821,0.907807,0.027388,0.124091,-0.401018,0.734335,-0.365307,0.458314,-0.359949
0.782213,0.070314,0.11153,-0.608851,0.907787,0.0273,0.12404,-0.401087,0.734321,-0.365343,0.458297,-0.359959
0.782184,0.070199,0.111562,-0.608898,0.907787,0.027182,0.123944,-0.401126,0.734255,-0.365463,0.458282,-0.359993
0.782161,0.070094,0.111584,-0.608938,0.907774,0.027028,0.123855,-0.401198,0.734187,-0.365547,0.458266,-0.36007
0.782165,0.069954,0.111614,-0.608945,0.907754,0.026854,0.123766,-0.401284,0.734112,-0.365588,0.458309,-0.360122
0.782163,0.069883,0.111535,-0.608971,0.907723,0.026775,0.123703,-0.401381,0.734045,-0.365631,0.458351,-0.360161
0.782133,0.069824,0.111487,-0.609026,0.907694,0.026759,0.123572,-0.401486,0.734042,-0.365674,0.458301,-0.360186
0.782109,0.069954,0.111348,-0.609063,0.907704,0.026786,0.123378,-0.401517,0.734075,-0.365654,0.458225,-0.360235
0.782093,0.069953,0.111156,-0.609116,0.907715,0.026908,0.123211,-0.401528,0.734097,-0.365584,0.458155,-0.360349
0.78207,0.069985,0.110983,-0.609173,0.907706,0.026927,0.123061,-0.401591,0.734138,-0.365505,0.458126,-0.360377
0.782034,0.06996,0.110905,-0.609235,0.907707,0.026927,0.122918,-0.401631,0.734177,-0.365469,0.458076,-0.360399
0.781986,0.069939,0.110903,-0.609301,0.90768,0.02691,0.122826,-0.401718,0.734208,-0.365428,0.458022,-0.360446
0.78194,0.069859,0.111041,-0.609347,0.907646,0.026878,0.122869,-0.401786,0.73418,-0.365424,0.457988,-0.360546
0.781896,0.069781,0.111195,-0.609385,0.907593,0.026816,0.122963,-0.401886,0.73414,-0.365467,0.458074,-0.360478
0.78186,0.069647,0.111341,-0.609424,0.907557,0.026799,0.123176,-0.401906,0.734031,-0.365592,0.458228,-0.360379
0.78187,0.069601,0.111441,-0.609399,0.907522,0.026877,0.123311,-0.401939,0.733939,-0.365667,0.458313,-0.360386
0.781849,0.069578,0.111536,-0.609413,0.90749,0.027017,0.123413,-0.401969,0.733868,-0.365716,0.458424,-0.360341
0.781842,0.069646,0.111426,-0.609432,0.90749,0.027098,0.123449,-0.401948,0.7339,-0.365632,0.458443,-0.360335
0.781858,0.069795,0.111274,-0.609419,0.907508,0.027199,0.123327,-0.401931,0.733995,-0.365543,0.458364,-0.360332
0.781918,0.069926,0.111038,-0.609367,0.90755,0.027241,0.123143,-0.401888,0.73405,-0.365482,0.458305,-0.360352
0.781925,0.070059,0.110813,-0.609379,0.907575,0.027296,0.122941,-0.401884,0.734147,-0.365424,0.458183,-0.360369
0.781925,0.07017,0.110677,-0.609388,0.907579,0.027237,0.12285,-0.401906,0.734249,-0.365268,0.458118,-0.360401
0.78193,0.070176,0.110662,-0.609383,0.907578,0.027186,0.122812,-0.401925,0.734301,-0.365228,0.45805,-0.360421
0.781927,0.070125,0.11093,-0.609348,0.907563,0.02711,0.122939,-0.401929,0.734272,-0.365275,0.458093,-0.360378
0.781916,0.070012,0.111171,-0.609334,0.907532,0.027065,0.123184,-0.401934,0.734182,-0.365387,0.458147,-0.360382
0.781892,0.06995,0.111402,-0.609332,0.907481,0.027094,0.123417,-0.401978,0.734049,-0.365521,0.458286,-0.360341
0.781892,0.069917,0.111532,-0.609315,0.907464,0.027117,0.123587,-0.401967,0.733962,-0.365625,0.458423,-0.360244
0.781919,0.069908,0.11153,-0.609282,0.907482,0.027236,0.123573,-0.401917,0.733926,-0.365695,0.458452,-0.360209
0.781906,0.069952,0.111335,-0.609327,0.907511,0.027254,0.123477,-0.401878,0.733939,-0.36567,0.458427,-0.36024
0.781927,0.070063,0.11106,-0.609333,0.907549,0.027256,0.123257,-0.401855,0.734048,-0.365536,0.458356,-0.360243
0.781951,0.070161,0.110832,-0.609328,0.907565,0.027299,0.123058,-0.401874,0.734134,-0.365481,0.458221,-0.360292
0.781931,0.070199,0.110763,-0.609362,0.907557,0.02727,0.122938,-0.401928,0.73421,-0.365448,0.458111,-0.360311
0.78193,0.070199,0.110761,-0.609362,0.907543,0.027261,0.122927,-0.401966,0.734287,-0.365389,0.458074,-0.360263
0.781926,0.070178,0.110874,-0.609352,0.907523,0.027273,0.123003,-0.401987,0.734341,-0.365339,0.458052,-0.36023
0.781929,0.070078,0.111012,-0.609336,0.907486,0.027327,0.123122,-0.402029,0.734318,-0.365414,0.45809,-0.360157
0.781963,0.07003,0.111147,-0.609276,0.907462,0.027353,0.123254,-0.402043,0.73426,-0.365538,0.458126,-0.360105
0.781976,0.069991,0.111211,-0.609253,0.907481,0.027359,0.123359,-0.40197,0.734199,-0.365624,0.458171,-0.360087
0.781981,0.069939,0.111236,-0.609249,0.907512,0.027346,0.123372,-0.401895,0.734196,-0.365581,0.458245,-0.360043
0.782005,0.069955,0.111185,-0.609225,0.907575,0.027347,0.123285,-0.401778,0.734195,-0.365633,0.458218,-0.360027
0.782058,0.069978,0.111058,-0.609175,0.907633,0.027324,0.123136,-0.401694,0.734219,-0.365645,0.458144,-0.36006
0.78206,0.069988,0.110926,-0.609195,0.907698,0.02724,0.12303,-0.401587,0.734244,-0.365639,0.458053,-0.360128
0.782068,0.069929,0.110887,-0.609198,0.907711,0.027123,0.12295,-0.401591,0.734264,-0.365611,0.45804,-0.360131
0.782137,0.069856,0.11094,-0.609111,0.907719,0.027023,0.12297,-0.401579,0.734268,-0.365691,0.45799,-0.360107
0.782139,0.069787,0.111027,-0.609102,0.907702,0.026991,0.123052,-0.401596,0.734228,-0.365766,0.457995,-0.360109
0.782146,0.069707,0.111193,-0.609074,0.907688,0.026946,0.12316,-0.401601,0.734124,-0.365851,0.458103,-0.360098
0.782147,0.069605,0.111309,-0.609066,0.907683,0.026947,0.123259,-0.401584,0.734079,-0.36587,0.458193,-0.360057
0.782168,0.069546,0.111327,-0.609045,0.907682,0.026924,0.12326,-0.401588,0.734056,-0.365918,0.458203,-0.360043
0.782164,0.069557,0.111236,-0.609063,0.907704,0.026996,0.123183,-0.401554,0.734055,-0.365919,0.458173,-0.360081
0.78218,0.069566,0.110989,-0.609085,0.907719,0.027035,0.123,-0.401566,0.734129,-0.365873,0.45805,-0.36013
0.782168,0.06964,0.11068,-0.609145,0.907748,0.027004,0.12275,-0.401578,0.734236,-0.365754,0.457935,-0.360179
0.782184,0.069701,0.110423,-0.60916,0.907756,0.027016,0.122468,-0.401637,0.73433,-0.365689,0.457812,-0.36021
0.782172,0.069712,0.1102,-0.609213,0.907776,0.027023,0.122237,-0.40166,0.734363,-0.365657,0.457736,-0.360269
0.782171,0.069687,0.110148,-0.609226,0.907773,0.027003,0.122121,-0.4017,0.734417,-0.365629,0.457642,-0.360305
0.782175,0.069594,0.110237,-0.609217,0.907777,0.02694,0.122112,-0.4017,0.734383,-0.365686,0.457674,-0.360277
0.78218,0.06948,0.110357,-0.609206,0.907776,0.02685,0.122181,-0.401693,0.73432,-0.365761,0.457702,-0.360296
0.782175,0.069345,0.110495,-0.609206,0.907759,0.02678,0.122303,-0.401703,0.734268,-0.365831,0.457716,-0.360309
0.782186,0.069241,0.110454,-0.609211,0.907755,0.026753,0.122364,-0.401698,0.734215,-0.365909,0.45775,-0.360298
0.782214,0.069319,0.110319,-0.60919,0.907764,0.026766,0.122333,-0.401685,0.734248,-0.365852,0.457761,-0.360272
0.782244,0.069414,0.11014,-0.60917,0.907781,0.026809,0.12221,-0.401676,0.734312,-0.365812,0.457677,-0.36029
0.782273,0.069512,0.109955,-0.609151,0.907813,0.026818,0.121966,-0.401674,0.734395,-0.365785,0.457555,-0.360304
0.782266,0.069553,0.109802,-0.609181,0.907843,0.026818,0.121826,-0.401647,0.734481,-0.3657,0.457448,-0.36035
0.782248,0.069626,0.109762,-0.609201,0.907854,0.026737,0.121761,-0.401648,0.734564,-0.365646,0.457374,-0.360329
0.782223,0.069649,0.109809,-0.609221,0.907833,0.026711,0.121802,-0.401686,0.734557,-0.365654,0.457385,-0.36032
0.782236,0.069563,0.109966,-0.60919,0.907813,0.026692,0.121949,-0.40169,0.734555,-0.365646,0.457418,-0.360292
0.782255,0.069475,0.110127,-0.609149,0.907813,0.02672,0.122131,-0.401636,0.734472,-0.365716,0.4575,-0.360287
0.782275,0.069407,0.110311,-0.6091,0.907838,0.02677,0.122296,-0.401527,0.7344,-0.365726,0.457621,-0.360271
0.782286,0.069441,0.110407,-0.609065,0.907859,0.026796,0.122428,-0.401438,0.734346,-0.365816,0.457693,-0.360201
0.782321,0.06945,0.1104,-0.609021,0.907891,0.026833,0.122427,-0.401364,0.734335,-0.36584,0.457715,-0.360172
0.782407,0.069503,0.110296,-0.608921,0.907935,0.02682,0.122333,-0.401293,0.734331,-0.365838,0.457686,-0.360217
0.782453,0.069639,0.110209,-0.608859,0.907961,0.026836,0.122266,-0.401252,0.734426,-0.365718,0.457651,-0.360188
0.78249,0.069706,0.110124,-0.608817,0.90798,0.026917,0.12211,-0.401244,0.734512,-0.36562,0.457583,-0.360198
0.782483,0.069785,0.110104,-0.60882,0.908004,0.026948,0.122003,-0.401219,0.734568,-0.36553,0.457521,-0.360251
0.782484,0.069839,0.110143,-0.608806,0.907984,0.026967,0.122006,-0.40126,0.734596,-0.365515,0.457443,-0.360307
0.78247,0.069851,0.110219,-0.608807,0.907956,0.026958,0.122136,-0.401287,0.734612,-0.365459,0.45747,-0.360298
0.782445,0.069844,0.110376,-0.608814,0.907939,0.026989,0.122266,-0.401286,0.734612,-0.365456,0.457493,-0.360272
0.782441,0.069839,0.110515,-0.608796,0.907935,0.027034,0.122397,-0.401252,0.734575,-0.365459,0.457603,-0.360207
0.782444,0.069863,0.110506,-0.60879,0.907939,0.027085,0.12245,-0.401226,0.734539,-0.36551,0.457682,-0.36013
0.782434,0.069973,0.110381,-0.60881,0.907964,0.027118,0.12243,-0.401169,0.734558,-0.36544,0.457721,-0.36011
0.782405,0.070119,0.110271,-0.608848,0.90798,0.027214,0.122335,-0.40115,0.734624,-0.365389,0.457685,-0.360074
0.782404,0.07024,0.110121,-0.60886,0.907998,0.027286,0.122202,-0.401143,0.734675,-0.365318,0.457646,-0.36009
0.782389,0.070293,0.110068,-0.60888,0.907992,0.027352,0.12211,-0.401175,0.734692,-0.365321,0.457623,-0.360081
0.782375,0.07029,0.110211,-0.608875,0.907974,0.027346,0.122192,-0.401193,0.734713,-0.365277,0.457625,-0.36008
0.78234,0.070246,0.110408,-0.608893,0.907957,0.027309,0.122302,-0.401203,0.734644,-0.365331,0.457676,-0.360102
0.782332,0.070151,0.110564,-0.608887,0.907919,0.027296,0.12248,-0.401239,0.734549,-0.3654,0.457801,-0.360067
0.782361,0.07009,0.110691,-0.608835,0.907891,0.027348,0.122621,-0.401258,0.734433,-0.365527,0.457871,-0.360089
0.782384,0.070066,0.110726,-0.608804,0.907895,0.027412,0.122675,-0.401226,0.734444,-0.365523,0.457898,-0.360036
0.782415,0.070095,0.110607,-0.608781,0.907917,0.027435,0.122612,-0.401194,0.734481,-0.365509,0.457861,-0.360022
0.782444,0.070189,0.11039,-0.608767,0.907946,0.027403,0.122395,-0.401191,0.734562,-0.36543,0.457765,-0.360059
0.782467,0.070275,0.110066,-0.608783,0.907969,0.027401,0.122206,-0.401194,0.734668,-0.365345,0.457577,-0.360164
0.782503,0.070285,0.109801,-0.608782,0.907976,0.02734,0.121995,-0.401246,0.734782,-0.365251,0.457413,-0.360232
0.782488,0.070235,0.109726,-0.60882,0.907984,0.027277,0.121846,-0.401277,0.734829,-0.365253,0.457316,-0.360258
0.782456,0.070129,0.109749,-0.608871,0.907954,0.027174,0.121813,-0.401362,0.734791,-0.365307,0.457279,-0.360326
0.782452,0.069958,0.109869,-0.608878,0.907946,0.02703,0.121897,-0.401373,0.73471,-0.365433,0.457277,-0.360368
0.782447,0.069783,0.110039,-0.608876,0.907943,0.026949,0.121994,-0.401358,0.73465,-0.365538,0.457329,-0.36032
0.782442,0.069664,0.110136,-0.608883,0.907943,0.026968,0.122028,-0.401347,0.734588,-0.365656,0.457379,-0.360263
0.782457,0.069659,0.110061,-0.608876,0.907964,0.027015,0.121943,-0.40132,0.734519,-0.365763,0.457376,-0.3603
0.782499,0.069676,0.109864,-0.608855,0.907988,0.027048,0.121787,-0.401308,0.734517,-0.36576,0.457354,-0.360335
0.782538,0.069685,0.109677,-0.608835,0.908016,0.026981,0.121621,-0.401298,0.73451,-0.365746,0.457321,-0.360406
0.782547,0.069671,0.109519,-0.608852,0.908037,0.026856,0.121419,-0.401321,0.734553,-0.365769,0.457226,-0.360412
0.782573,0.069629,0.109435,-0.608839,0.908054,0.026709,0.1213,-0.401329,0.734545,-0.365843,0.457156,-0.360446
0.782568,0.069543,0.109527,-0.608841,0.908058,0.02647,0.121256,-0.401356,0.734473,-0.365942,0.457122,-0.360532
0.782555,0.069437,0.109714,-0.608839,0.90809,0.026201,0.121253,-0.40131,0.734382,-0.366019,0.457222,-0.360514
0.782563,0.06931,0.109815,-0.608829,0.908093,0.026147,0.121248,-0.401311,0.734312,-0.36614,0.457239,-0.360515
0.782534,0.06926,0.109807,-0.608874,0.908073,0.026171,0.121231,-0.401359,0.734253,-0.366192,0.457264,-0.360551
0.782521,0.069276,0.109614,-0.60892,0.908068,0.026239,0.121095,-0.401403,0.734243,-0.366239,0.457215,-0.360583
0.782498,0.06933,0.109406,-0.608979,0.908089,0.026309,0.120882,-0.401406,0.734279,-0.36617,0.457177,-0.360628
0.78249,0.069365,0.109161,-0.609026,0.908105,0.026316,0.120675,-0.40143,0.734352,-0.366151,0.457053,-0.360654
0.782496,0.069302,0.108973,-0.609058,0.908136,0.026228,0.120422,-0.401439,0.734391,-0.366116,0.456992,-0.360689
0.782481,0.069249,0.108885,-0.609101,0.908163,0.026032,0.12027,-0.401439,0.734374,-0.366186,0.456945,-0.360711
0.782451,0.069146,0.109002,-0.609133,0.908148,0.025827,0.120221,-0.401506,0.734382,-0.366189,0.456941,-0.360696
0.782418,0.06902,0.10917,-0.609164,0.908116,0.025695,0.120295,-0.401571,0.734365,-0.366257,0.456914,-0.360696
0.782378,0.068913,0.109321,-0.609202,0.90807,0.025703,0.120407,-0.401644,0.734282,-0.366342,0.456983,-0.360693
0.782357,0.068877,0.109395,-0.60922,0.908032,0.025781,0.120492,-0.401696,0.734198,-0.366417,0.457061,-0.360691
0.782361,0.068917,0.109406,-0.609209,0.908013,0.025879,0.12057,-0.401709,0.734145,-0.366424,0.457112,-0.360727
0.782363,0.068978,0.109305,-0.609215,0.908014,0.025958,0.12055,-0.401704,0.73414,-0.366462,0.457101,-0.360713
0.782404,0.069035,0.109151,-0.609182,0.90804,0.025921,0.120438,-0.401682,0.734159,-0.366446,0.45703,-0.360779
0.782413,0.069106,0.109004,-0.609186,0.90809,0.025862,0.120293,-0.401615,0.734228,-0.366382,0.456937,-0.360818
0.782411,0.069155,0.10896,-0.609188,0.908118,0.02574,0.120234,-0.401578,0.734266,-0.366303,0.456891,-0.360879
0.782397,0.069157,0.109002,-0.609199,0.908131,0.025684,0.120272,-0.401545,0.734254,-0.366387,0.456812,-0.360917
0.782369,0.069129,0.109122,-0.60922,0.908146,0.025629,0.120377,-0.401485,0.734245,-0.366434,0.456793,-0.360914
0.782361,0.06905,0.109248,-0.609218,0.90812,0.025622,0.120525,-0.401505,0.734222,-0.366493,0.45681,-0.360878
0.782349,0.06903,0.10937,-0.609216,0.908098,0.025603,0.120682,-0.401512,0.734189,-0.366504,0.45692,-0.360798
0.782335,0.069013,0.109407,-0.609229,0.908101,0.025659,0.12076,-0.401477,0.734151,-0.366586,0.456956,-0.360747
0.782362,0.069029,0.109327,-0.609205,0.908095,0.025725,0.120778,-0.40148,0.734112,-0.366631,0.456991,-0.360737
0.782386,0.069108,0.109205,-0.609186,0.908139,0.025808,0.120663,-0.401404,0.734114,-0.36662,0.456985,-0.360753
0.782423,0.069169,0.109088,-0.609151,0.908167,0.025876,0.120523,-0.401373,0.734161,-0.366535,0.456985,-0.360744
0.782429,0.069178,0.109046,-0.60915,0.908171,0.025857,0.120393,-0.401405,0.734225,-0.366503,0.456899,-0.360753
0.782446,0.069205,0.109091,-0.609116,0.908162,0.025823,0.120377,-0.401432,0.73416,-0.366527,0.45695,-0.360794
0.78244,0.069129,0.109199,-0.609115,0.908143,0.025794,0.120453,-0.401457,0.734069,-0.36656,0.457027,-0.360848
0.782429,0.069033,0.109349,-0.609116,0.908122,0.025692,0.120675,-0.40145,0.733979,-0.366607,0.457152,-0.360824
0.782441,0.068888,0.109561,-0.609082,0.908092,0.025631,0.120894,-0.401464,0.733863,-0.366701,0.457291,-0.360795
0.782423,0.068725,0.109748,-0.609094,0.908087,0.025531,0.121051,-0.40144,0.733802,-0.366792,0.457381,-0.360711
0.782391,0.068571,0.109889,-0.609133,0.908091,0.025417,0.12115,-0.40141,0.733696,-0.366888,0.4575,-0.360682
0.78239,0.068512,0.109875,-0.609143,0.908088,0.025303,0.121199,-0.401416,0.733637,-0.36689,0.457587,-0.360689
0.782389,0.068515,0.109822,-0.609152,0.908102,0.02515,0.121164,-0.401409,0.733633,-0.366893,0.457595,-0.360684
0.782389,0.068574,0.109644,-0.609175,0.908109,0.025106,0.120977,-0.401448,0.733677,-0.366787,0.457579,-0.36072
0.782382,0.068635,0.109557,-0.609192,0.908104,0.025103,0.120784,-0.401516,0.733779,-0.366648,0.457496,-0.360758
0.78236,0.068723,0.109434,-0.60923,0.9081,0.025209,0.120632,-0.401558,0.733918,-0.366446,0.457389,-0.360813
0.782328,0.068796,0.109338,-0.609278,0.908073,0.02533,0.120616,-0.401611,0.734001,-0.366421,0.457259,-0.360833
0.78231,0.068825,0.109332,-0.609299,0.908053,0.025433,0.12062,-0.401647,0.734021,-0.366404,0.457232,-0.360843
0.782294,0.068801,0.109397,-0.609311,0.908007,0.025484,0.120737,-0.401712,0.733971,-0.366434,0.457308,-0.360819
0.782274,0.068748,0.109489,-0.609329,0.907972,0.025492,0.120873,-0.401753,0.733898,-0.366499,0.45741,-0.360774
0.782273,0.068766,0.109563,-0.609313,0.907978,0.0255,0.120908,-0.401728,0.733802,-0.366592,0.457509,-0.360749
0.782286,0.068799,0.109589,-0.609288,0.908014,0.025448,0.120841,-0.40167,0.733727,-0.366679,0.457623,-0.360672
0.782301,0.068911,0.109519,-0.609267,0.908043,0.025415,0.12072,-0.401644,0.733706,-0.36666,0.457668,-0.360676
0.782314,0.06906,0.109414,-0.609248,0.908039,0.025474,0.120596,-0.401681,0.733749,-0.366609,0.457644,-0.360672
0.782301,0.069114,0.109395,-0.609262,0.908033,0.025632,0.120532,-0.401697,0.733813,-0.366548,0.457566,-0.360701
0.782277,0.069172,0.109405,-0.609283,0.908026,0.025776,0.120582,-0.401685,0.733853,-0.366497,0.457494,-0.360762
0.782299,0.069113,0.109453,-0.609255,0.907987,0.025946,0.120737,-0.401713,0.733891,-0.36645,0.457427,-0.360815
0.782277,0.069085,0.109529,-0.609274,0.907967,0.02603,0.120864,-0.401717,0.733905,-0.366403,0.457434,-0.360824
0.782298,0.069048,0.109507,-0.609256,0.907961,0.026091,0.120917,-0.401708,0.733912,-0.366421,0.457448,-0.360776
0.78231,0.069044,0.109482,-0.609245,0.907952,0.026116,0.120862,-0.401741,0.733871,-0.366433,0.457509,-0.360769
0.782314,0.069044,0.109475,-0.609241,0.907982,0.026053,0.120706,-0.401721,0.733874,-0.366367,0.457558,-0.360767
0.782322,0.069149,0.109345,-0.609238,0.90801,0.025978,0.120513,-0.401722,0.733953,-0.366285,0.457541,-0.360711
0.782324,0.069257,0.109218,-0.609244,0.908018,0.025947,0.120325,-0.401758,0.734021,-0.366234,0.457476,-0.360707
0.782323,0.069305,0.109189,-0.609244,0.908012,0.025956,0.120243,-0.401794,0.734058,-0.3662,0.457429,-0.360725
0.782304,0.0693,0.109312,-0.609249,0.908001,0.025974,0.120358,-0.401788,0.7341,-0.366189,0.457362,-0.360736
0.782316,0.069286,0.109452,-0.609212,0.907982,0.026052,0.120575,-0.401762,0.734089,-0.366165,0.457421,-0.360706
0.782336,0.069247,0.109711,-0.609146,0.907965,0.026117,0.120829,-0.401721,0.734047,-0.366239,0.457496,-0.360624
0.782344,0.069227,0.10992,-0.609102,0.90795,0.026219,0.121062,-0.401681,0.733994,-0.366281,0.457595,-0.360567
0.782368,0.06921,0.10994,-0.60907,0.907984,0.02624,0.121093,-0.40159,0.733961,-0.3663,0.457673,-0.360518
0.782405,0.069358,0.109823,-0.609025,0.908027,0.026243,0.121007,-0.401516,0.734,-0.366234,0.457727,-0.360437
0.78244,0.069521,0.109629,-0.608991,0.908057,0.026297,0.12082,-0.401498,0.734081,-0.366183,0.457687,-0.360375
0.782467,0.069679,0.109468,-0.608963,0.908074,0.026387,0.120652,-0.4015,0.734138,-0.366112,0.457657,-0.360369
0.782489,0.069764,0.10942,-0.608932,0.908065,0.02647,0.120616,-0.401519,0.734208,-0.366076,0.457591,-0.360347
0.782473,0.069804,0.109537,-0.608928,0.908075,0.026531,0.120728,-0.401461,0.734269,-0.366021,0.457602,-0.360266
0.782445,0.069738,0.109787,-0.60893,0.908023,0.026602,0.120937,-0.401512,0.734274,-0.366094,0.457578,-0.360214
0.782453,0.069596,0.110118,-0.60888,0.908,0.026666,0.121229,-0.401477,0.734182,-0.366153,0.457664,-0.360232
0.782489,0.069466,0.110281,-0.608822,0.907995,0.026657,0.121453,-0.401423,0.734058,-0.366256,0.457811,-0.360194
0.782535,0.069445,0.110429,-0.608741,0.908011,0.026608,0.121618,-0.401345,0.733987,-0.366311,0.457927,-0.360138
0.782586,0.069466,0.11043,-0.608672,0.908061,0.026541,0.121617,-0.401238,0.733984,-0.366312,0.457973,-0.360087
0.782634,0.069544,0.110269,-0.608628,0.908105,0.026483,0.121463,-0.40119,0.734032,-0.366274,0.457908,-0.36011
0.782651,0.0697,0.110022,-0.608629,0.908182,0.02655,0.121187,-0.401088,0.734117,-0.366173,0.457811,-0.360159
0.78267,0.069856,0.109849,-0.608614,0.908203,0.02663,0.121054,-0.40107,0.734241,-0.366061,0.457697,-0.360161
0.78263,0.069941,0.109744,-0.608673,0.908184,0.026734,0.120984,-0.401122,0.734311,-0.366015,0.45759,-0.360203
0.782609,0.069956,0.109793,-0.608689,0.908162,0.026815,0.121025,-0.401154,0.734335,-0.365977,0.45753,-0.360267
0.782598,0.069778,0.110005,-0.60869,0.908134,0.026818,0.121205,-0.401164,0.734254,-0.366077,0.457595,-0.360251
0.782621,0.069623,0.110211,-0.608645,0.908098,0.026795,0.121431,-0.401185,0.734181,-0.366129,0.457717,-0.360192
0.782573,0.06957,0.110432,-0.608677,0.908056,0.026783,0.121569,-0.401242,0.734104,-0.366239,0.457791,-0.360148
0.782572,0.069503,0.110477,-0.608678,0.908061,0.026682,0.12157,-0.401239,0.734055,-0.366278,0.457887,-0.360085
0.782585,0.069503,0.110303,-0.60869,0.908081,0.026613,0.121387,-0.401253,0.733999,-0.36633,0.457961,-0.360054
0.782583,0.069599,0.110138,-0.608709,0.908095,0.026633,0.121245,-0.40126,0.733982,-0.366346,0.457974,-0.360056
0.782596,0.069616,0.110002,-0.608713,0.908111,0.026696,0.121089,-0.401261,0.734005,-0.366319,0.457948,-0.360068
0.782583,0.069576,0.109969,-0.608742,0.908103,0.026768,0.121082,-0.401276,0.734011,-0.366324,0.457874,-0.360142
0.782579,0.069559,0.10994,-0.608753,0.908101,0.026821,0.12118,-0.401246,0.73401,-0.366317,0.457791,-0.360256
0.782598,0.069502,0.109991,-0.608728,0.908099,0.026858,0.121248,-0.401228,0.734039,-0.366267,0.457754,-0.360296
0.782613,0.069429,0.1101,-0.6087,0.908097,0.026811,0.121344,-0.40121,0.734004,-0.366365,0.457731,-0.360294
0.782646,0.069377,0.110135,-0.608657,0.908116,0.026659,0.121404,-0.401164,0.733943,-0.366454,0.457748,-0.36031
0.782677,0.069274,0.110103,-0.608636,0.908117,0.026548,0.121329,-0.401196,0.733829,-0.366565,0.457835,-0.360318
0.782707,0.069166,0.11008,-0.608615,0.908138,0.026395,0.121256,-0.401183,0.733729,-0.366646,0.457895,-0.360363
0.782709,0.069056,0.110106,-0.608623,0.908157,0.026285,0.121154,-0.401179,0.733689,-0.366763,0.457878,-0.360351
0.782709,0.069051,0.110017,-0.608639,0.908174,0.026262,0.120971,-0.401196,0.733634,-0.36684,0.457852,-0.360415
0.782735,0.069041,0.109877,-0.608631,0.908172,0.0262,0.120817,-0.401249,0.733615,-0.366881,0.45782,-0.360451
0.782744,0.06902,0.10973,-0.608648,0.908157,0.026158,0.120682,-0.401325,0.733637,-0.36688,0.45778,-0.36046
0.782712,0.068956,0.109601,-0.608719,0.908158,0.026088,0.120619,-0.401348,0.733611,-0.366938,0.45776,-0.360478
0.78271,0.06889,0.109619,-0.608726,0.908155,0.026026,0.120571,-0.401373,0.733618,-0.366942,0.457702,-0.36053
0.78269,0.068787,0.109599,-0.608769,0.908147,0.026017,0.120524,-0.401406,0.733571,-0.367031,0.457663,-0.360589
0.782647,0.068695,0.10967,-0.608825,0.908134,0.026007,0.120503,-0.401443,0.733548,-0.367044,0.457694,-0.360583
0.782624,0.068562,0.109739,-0.608858,0.908139,0.025919,0.12053,-0.401431,0.733492,-0.367157,0.457709,-0.360565
0.782606,0.068427,0.109819,-0.608885,0.908124,0.025857,0.120593,-0.401453,0.733366,-0.367256,0.457793,-0.360613
0.782645,0.068224,0.109922,-0.608843,0.908105,0.025734,0.120754,-0.401463,0.733174,-0.367422,0.457905,-0.36069
0.782617,0.068091,0.110003,-0.608883,0.908119,0.025584,0.120832,-0.401424,0.733057,-0.367535,0.458001,-0.360694
0.782604,0.068011,0.110021,-0.608906,0.908139,0.025431,0.120826,-0.401394,0.733008,-0.36766,0.458013,-0.360653
0.782627,0.068059,0.109828,-0.608905,0.908145,0.025306,0.120624,-0.40145,0.732993,-0.367667,0.457995,-0.360696
0.782664,0.06811,0.10954,-0.608899,0.908181,0.025221,0.120324,-0.40146,0.733025,-0.367609,0.45797,-0.360724
0.782667,0.068167,0.1093,-0.608929,0.908176,0.02517,0.120019,-0.401562,0.733133,-0.367518,0.457841,-0.360757
0.78261,0.0682,0.10912,-0.609029,0.908155,0.025153,0.119839,-0.401661,0.733179,-0.36747,0.457735,-0.360846
0.782572,0.068135,0.109152,-0.60908,0.908126,0.025188,0.119846,-0.401722,0.733186,-0.367497,0.457653,-0.360906
0.782576,0.06802,0.10932,-0.609061,0.908099,0.025234,0.119967,-0.401745,0.733112,-0.367562,0.457683,-0.360955
0.782562,0.067915,0.109514,-0.609059,0.908054,0.025251,0.120198,-0.401778,0.733029,-0.367627,0.457792,-0.360916
0.78254,0.067791,0.109694,-0.609072,0.908031,0.025181,0.120278,-0.401818,0.732926,-0.367759,0.457899,-0.360858
0.78255,0.067746,0.109796,-0.609047,0.908028,0.025093,0.120293,-0.401827,0.732837,-0.367831,0.458038,-0.360794
0.782563,0.067751,0.10972,-0.609044,0.908064,0.024996,0.120237,-0.40177,0.732772,-0.367863,0.458153,-0.360749
0.782586,0.067804,0.109625,-0.609022,0.908099,0.024888,0.120146,-0.401725,0.732745,-0.367812,0.458238,-0.360744
0.782595,0.067865,0.109527,-0.609022,0.908125,0.024834,0.119984,-0.401718,0.732794,-0.367785,0.458199,-0.360725
0.782599,0.067888,0.109589,-0.609002,0.908136,0.024836,0.119953,-0.401703,0.732797,-0.36777,0.458198,-0.360732
0.782599,0.0679,0.109708,-0.608981,0.908133,0.024897,0.120035,-0.40168,0.732786,-0.367759,0.458224,-0.360736
0.782579,0.067887,0.109849,-0.608983,0.908093,0.024903,0.120251,-0.401707,0.732761,-0.367735,0.458292,-0.360724
0.782553,0.067828,0.110028,-0.608994,0.908079,0.024968,0.120482,-0.401669,0.732744,-0.367753,0.458335,-0.360686
0.782551,0.067799,0.110194,-0.608972,0.908063,0.024968,0.120658,-0.401655,0.732706,-0.367713,0.458449,-0.36066
0.782553,0.067732,0.110268,-0.608965,0.908045,0.024928,0.12071,-0.401687,0.732684,-0.367673,0.458494,-0.360684
0.782517,0.067778,0.110216,-0.609014,0.908053,0.024946,0.120708,-0.401668,0.732716,-0.367555,0.458553,-0.360663
0.782489,0.067914,0.110061,-0.609059,0.908045,0.02504,0.12055,-0.401721,0.732765,-0.367487,0.458543,-0.360648
0.782445,0.068079,0.109877,-0.609127,0.90803,0.025121,0.120393,-0.401792,0.732835,-0.367393,0.458482,-0.360676
0.782399,0.068138,0.109753,-0.609199,0.908011,0.025233,0.120327,-0.401844,0.732868,-0.367321,0.458462,-0.360706
0.782364,0.068228,0.109777,-0.609228,0.907977,0.025315,0.120415,-0.401884,0.73287,-0.367257,0.458557,-0.360646
0.782362,0.068266,0.109996,-0.60919,0.907963,0.025344,0.12056,-0.401873,0.732827,-0.367228,0.458642,-0.360656
0.782333,0.068218,0.110223,-0.609194,0.907928,0.025336,0.120796,-0.401888,0.73276,-0.367211,0.458745,-0.360677
0.782337,0.068153,0.11049,-0.609152,0.90792,0.025353,0.12099,-0.401849,0.732682,-0.367172,0.458887,-0.36069
0.782353,0.068143,0.110629,-0.609108,0.907896,0.025389,0.121158,-0.401853,0.732675,-0.367166,0.458943,-0.36064
0.782363,0.068239,0.110623,-0.609083,0.907909,0.025492,0.121187,-0.401805,0.73268,-0.36714,0.459007,-0.360578
0.782356,0.06841,0.110586,-0.609077,0.907921,0.02565,0.121101,-0.401788,0.732729,-0.36706,0.459008,-0.360557
0.782356,0.06856,0.110443,-0.609083,0.907916,0.025779,0.12108,-0.401792,0.732809,-0.366958,0.458985,-0.36053
0.782351,0.068734,0.110394,-0.609076,0.907878,0.025939,0.121105,-0.401857,0.732875,-0.366804,0.459012,-0.360515
0.782353,0.068841,0.11044,-0.609051,0.907842,0.026097,0.121181,-0.401902,0.732943,-0.366742,0.458975,-0.360488
0.782312,0.068898,0.110543,-0.609079,0.907825,0.026158,0.121316,-0.401897,0.732939,-0.366709,0.459042,-0.360444
0.782329,0.068906,0.110671,-0.609033,0.9078,0.026228,0.121517,-0.401888,0.73286,-0.366721,0.459154,-0.360448
0.782305,0.068962,0.110867,-0.609024,0.90778,0.026214,0.121726,-0.401873,0.732822,-0.36663,0.459315,-0.360411
0.782312,0.069008,0.110954,-0.608993,0.907808,0.026177,0.121862,-0.401777,0.732827,-0.366609,0.459366,-0.360362
0.782319,0.069129,0.110964,-0.608968,0.907825,0.026177,0.121963,-0.401709,0.732831,-0.366567,0.459438,-0.360304
0.782308,0.069243,0.110941,-0.60897,0.907839,0.026199,0.121994,-0.401666,0.732837,-0.366504,0.459486,-0.360294
0.782272,0.069398,0.110857,-0.609012,0.907843,0.026289,0.121904,-0.401674,0.732895,-0.36636,0.459501,-0.360301
0.782248,0.069489,0.110819,-0.609037,0.907825,0.026392,0.121853,-0.401719,0.73296,-0.366325,0.459423,-0.360304
0.782205,0.069598,0.110793,-0.609083,0.907796,0.026483,0.121864,-0.401775,0.733001,-0.366218,0.459381,-0.360379
0.782137,0.06961,0.110818,-0.609165,0.907779,0.026586,0.121842,-0.401808,0.733002,-0.366134,0.459366,-0.360479
0.782101,0.069666,0.110861,-0.609195,0.907746,0.026628,0.121887,-0.401867,0.733015,-0.366092,0.459394,-0.360458
0.782072,0.069631,0.110898,-0.609232,0.907737,0.026639,0.121882,-0.401887,0.732971,-0.366093,0.45942,-0.360511
0.782089,0.069617,0.110922,-0.609207,0.907748,0.026605,0.121954,-0.401844,0.732893,-0.366064,0.459517,-0.360573
0.782112,0.0696,0.110903,-0.609183,0.907769,0.026645,0.121937,-0.401798,0.732869,-0.366085,0.459505,-0.360617
0.782069,0.069543,0.110862,-0.609252,0.907769,0.026672,0.121952,-0.401792,0.732845,-0.36606,0.459552,-0.360632
0.782037,0.069585,0.110756,-0.609306,0.907771,0.026721,0.121849,-0.401811,0.732842,-0.366055,0.459531,-0.360668
0.781993,0.0696,0.110648,-0.60938,0.907742,0.026763,0.121769,-0.401895,0.732834,-0.366039,0.459481,-0.360761
0.781954,0.069533,0.110558,-0.609454,0.907721,0.026746,0.121683,-0.401969,0.732822,-0.366049,0.459442,-0.360823
0.781905,0.069485,0.110492,-0.609534,0.907696,0.026571,0.121624,-0.402059,0.732804,-0.366034,0.459497,-0.360805
0.781883,0.069388,0.110464,-0.60958,0.907679,0.026448,0.121521,-0.402139,0.73278,-0.366095,0.459487,-0.360805
0.781867,0.069255,0.110491,-0.609613,0.907653,0.026332,0.121445,-0.40223,0.732713,-0.366155,0.459523,-0.360836
0.781856,0.069115,0.110534,-0.609638,0.907619,0.026248,0.121371,-0.402335,0.732692,-0.366169,0.459535,-0.360849
0.781801,0.069063,0.110528,-0.609716,0.907623,0.026113,0.121303,-0.40236,0.732668,-0.366117,0.45957,-0.360903
0.781804,0.06901,0.110516,-0.609722,0.907597,0.026058,0.121302,-0.402424,0.732619,-0.366182,0.459562,-0.360947
0.781784,0.069013,0.110429,-0.609762,0.907583,0.026009,0.121245,-0.402476,0.732595,-0.366215,0.459533,-0.360998
0.781762,0.068963,0.110431,-0.609795,0.907577,0.026015,0.121225,-0.402493,0.732554,-0.36622,0.45954,-0.361066
0.781775,0.068911,0.110501,-0.609774,0.907574,0.026013,0.121321,-0.402473,0.732523,-0.366201,0.459589,-0.361086
0.781781,0.068888,0.110557,-0.609759,0.907577,0.025984,0.121369,-0.402457,0.732495,-0.366239,0.459541,-0.361163
0.78179,0.068849,0.110502,-0.609761,0.907608,0.025958,0.12132,-0.402402,0.732508,-0.36629,0.459481,-0.361162
0.781822,0.068781,0.110345,-0.609756,0.907613,0.025924,0.121151,-0.402443,0.732548,-0.366283,0.459397,-0.361196
0.781793,0.068767,0.110198,-0.609822,0.907613,0.02584,0.121041,-0.402482,0.732611,-0.366218,0.459349,-0.361192
0.781753,0.068799,0.110082,-0.609887,0.907611,0.02582,0.120927,-0.40252,0.732654,-0.366206,0.459258,-0.361234
0.781767,0.068771,0.110029,-0.609883,0.907598,0.025757,0.120906,-0.402561,0.732681,-0.366202,0.459169,-0.361293
0.78174,0.068712,0.11014,-0.609906,0.907594,0.025689,0.120944,-0.402566,0.732666,-0.366241,0.459144,-0.361317
0.781718,0.068672,0.110221,-0.609924,0.907584,0.02564,0.121086,-0.402551,0.73264,-0.36627,0.459175,-0.3613
0.781698,0.068635,0.110304,-0.609941,0.907559,0.025533,0.121202,-0.402588,0.732581,-0.366354,0.459243,-0.361252
0.781728,0.068593,0.110351,-0.6099,0.907563,0.025443,0.121161,-0.402597,0.732527,-0.366358,0.45933,-0.361247
0.78174,0.068572,0.110311,-0.609894,0.907572,0.025402,0.121039,-0.402614,0.732516,-0.366367,0.459372,-0.361208
0.781758,0.068685,0.110245,-0.609868,0.907587,0.025367,0.120943,-0.402612,0.732536,-0.366298,0.459434,-0.361157
0.781786,0.068695,0.110171,-0.609843,0.907596,0.025305,0.120804,-0.402637,0.732569,-0.36633,0.45939,-0.361113
0.781803,0.068699,0.110149,-0.609825,0.907601,0.025315,0.120801,-0.402626,0.732574,-0.366353,0.459356,-0.361126
0.781842,0.068756,0.110178,-0.609764,0.907595,0.025354,0.120864,-0.402617,0.732583,-0.366332,0.459341,-0.361147
0.781868,0.068774,0.110241,-0.609717,0.907607,0.025385,0.121033,-0.402541,0.732613,-0.366267,0.459353,-0.361137
0.781887,0.068751,0.110344,-0.609677,0.907617,0.02548,0.121184,-0.402466,0.732608,-0.366305,0.459354,-0.361106
0.78194,0.06871,0.110435,-0.609599,0.907637,0.025548,0.121359,-0.402365,0.732584,-0.366302,0.459362,-0.361148
0.781976,0.068695,0.110418,-0.609557,0.907673,0.025557,0.121438,-0.402262,0.732605,-0.366302,0.459336,-0.361139
0.781993,0.068687,0.110417,-0.609537,0.90771,0.025505,0.121387,-0.402196,0.732624,-0.366285,0.45931,-0.361149
0.782009,0.068793,0.110343,-0.609515,0.907745,0.025517,0.1213,-0.402141,0.732674,-0.366307,0.459209,-0.361156
0.782027,0.06881,0.11028,-0.609502,0.907762,0.025523,0.121145,-0.402146,0.732704,-0.366296,0.459085,-0.361262
0.782009,0.068829,0.110195,-0.609535,0.907767,0.025576,0.121102,-0.402141,0.732759,-0.36628,0.458955,-0.361328
0.782023,0.068853,0.110161,-0.609521,0.907761,0.025642,0.121127,-0.402141,0.732828,-0.366258,0.458855,-0.361336
0.782013,0.068773,0.110146,-0.609547,0.907751,0.025668,0.121198,-0.402141,0.732805,-0.366323,0.458804,-0.361383
0.781995,0.068675,0.110254,-0.609564,0.907743,0.025646,0.121216,-0.402156,0.732713,-0.366418,0.458851,-0.361414
0.782022,0.0685,0.110353,-0.609534,0.907756,0.025524,0.121251,-0.40213,0.732594,-0.366509,0.458944,-0.361446
0.782025,0.06837,0.110397,-0.609539,0.907757,0.025339,0.121203,-0.402158,0.732482,-0.366594,0.459066,-0.361431
0.782042,0.068271,0.110317,-0.609544,0.907786,0.025158,0.121043,-0.402156,0.732396,-0.366675,0.459121,-0.361454
0.782039,0.068227,0.110226,-0.60957,0.907797,0.025046,0.120801,-0.402209,0.732369,-0.366724,0.459127,-0.361453
0.782039,0.068233,0.110027,-0.609603,0.907773,0.024978,0.120546,-0.402344,0.732378,-0.366718,0.459079,-0.361501
0.781984,0.068255,0.109882,-0.609695,0.907728,0.02495,0.120394,-0.402488,0.732426,-0.366679,0.459036,-0.361498
0.781945,0.068235,0.109785,-0.609765,0.907695,0.025015,0.120317,-0.402577,0.732401,-0.366755,0.45898,-0.36154
0.781895,0.068154,0.109781,-0.609839,0.907643,0.025045,0.120348,-0.402683,0.732355,-0.366773,0.458952,-0.361649
0.781867,0.068028,0.10985,-0.609881,0.90763,0.025042,0.120382,-0.402705,0.732263,-0.366863,0.459004,-0.361682
0.781847,0.067919,0.109897,-0.609912,0.90763,0.02498,0.120377,-0.402711,0.732129,-0.366982,0.459102,-0.361706
0.781861,0.067836,0.109961,-0.609892,0.90764,0.024837,0.120354,-0.402708,0.732017,-0.367087,0.459171,-0.361739
0.781881,0.067753,0.109965,-0.609877,0.907682,0.024623,0.120264,-0.402659,0.731901,-0.367167,0.459228,-0.36182
0.781886,0.067693,0.109884,-0.609892,0.907707,0.024545,0.120127,-0.402647,0.731852,-0.367218,0.459182,-0.361924
0.781868,0.067655,0.109756,-0.609942,0.907731,0.024471,0.11995,-0.40265,0.731886,-0.367163,0.459118,-0.361989
0.781842,0.067665,0.109504,-0.610018,0.907736,0.024477,0.119709,-0.402707,0.731962,-0.367133,0.458969,-0.362055
0.781801,0.067763,0.109285,-0.610094,0.907711,0.02448,0.119515,-0.402815,0.732044,-0.367084,0.458772,-0.362187
0.781756,0.067722,0.109191,-0.610173,0.907655,0.024494,0.119329,-0.402991,0.732074,-0.367014,0.458678,-0.362309
0.781693,0.067694,0.109113,-0.610271,0.907607,0.024412,0.119237,-0.403133,0.732043,-0.367023,0.458684,-0.362354
0.781649,0.067567,0.109169,-0.610334,0.907541,0.024214,0.11929,-0.403286,0.731982,-0.367105,0.458713,-0.362358
0.781588,0.067391,0.10939,-0.610396,0.907523,0.024023,0.11939,-0.403314,0.731849,-0.367195,0.458831,-0.362388
0.781577,0.067247,0.109572,-0.610399,0.907503,0.023853,0.119482,-0.40335,0.731694,-0.367324,0.458985,-0.362376
0.78158,0.067153,0.109661,-0.610391,0.907499,0.02381,0.119491,-0.40336,0.731578,-0.367359,0.45913,-0.362391
0.781566,0.067208,0.109568,-0.610416,0.90749,0.023835,0.119459,-0.403386,0.731515,-0.367436,0.459169,-0.362391
0.781582,0.067375,0.109357,-0.610412,0.907502,0.024008,0.119353,-0.403375,0.731547,-0.367414,0.459149,-0.362374
0.781598,0.067499,0.10916,-0.610409,0.90751,0.024263,0.119206,-0.403374,0.73163,-0.367263,0.459044,-0.362489
0.781579,0.067614,0.108997,-0.610445,0.907504,0.024492,0.119111,-0.403392,0.731749,-0.367123,0.458929,-0.362531
0.781572,0.06763,0.108978,-0.610457,0.9075,0.024578,0.119146,-0.403386,0.731826,-0.367074,0.458797,-0.362593
0.781527,0.067547,0.109079,-0.610508,0.907493,0.024526,0.119158,-0.403401,0.731832,-0.367076,0.458754,-0.362632
0.781523,0.067433,0.109223,-0.610503,0.907511,0.02436,0.119228,-0.403357,0.731773,-0.367132,0.458757,-0.362691
0.781521,0.067288,0.109405,-0.610493,0.907514,0.024091,0.119334,-0.403345,0.731705,-0.367192,0.458887,-0.362606
0.781553,0.067308,0.109448,-0.610442,0.907516,0.023927,0.119373,-0.403343,0.731613,-0.367286,0.459014,-0.362538
0.781569,0.067303,0.109474,-0.610418,0.907537,0.023949,0.119322,-0.403309,0.731564,-0.36732,0.459089,-0.362507
0.78157,0.067418,0.109362,-0.610421,0.907537,0.024063,0.11924,-0.403322,0.731612,-0.367269,0.45907,-0.362486
0.781582,0.067521,0.109196,-0.610419,0.907535,0.024245,0.11913,-0.40334,0.731722,-0.367144,0.459002,-0.362475
0.781588,0.067665,0.10903,-0.610423,0.907534,0.024379,0.119028,-0.403358,0.731851,-0.36702,0.458878,-0.362495
0.781583,0.0677,0.108984,-0.610433,0.907531,0.024367,0.119065,-0.403356,0.731922,-0.366974,0.458784,-0.362519
0.781544,0.067726,0.109016,-0.610474,0.907502,0.024326,0.119147,-0.403404,0.731906,-0.366982,0.458761,-0.362568
0.781537,0.067657,0.109199,-0.610461,0.907497,0.024158,0.119294,-0.403387,0.731849,-0.366973,0.458865,-0.36256
0.781553,0.06763,0.109314,-0.610424,0.907506,0.024022,0.119347,-0.403366,0.731778,-0.367015,0.458971,-0.362529
0.781558,0.067685,0.109335,-0.610407,0.907522,0.023958,0.119312,-0.403345,0.731699,-0.367079,0.459084,-0.362484
0.781596,0.06768,0.109295,-0.610365,0.907523,0.023948,0.119264,-0.403357,0.731689,-0.367072,0.459112,-0.362474
0.781585,0.067787,0.109187,-0.610385,0.907515,0.023925,0.11917,-0.403403,0.731722,-0.367018,0.459182,-0.362375
0.7816,0.067871,0.109131,-0.610364,0.9075,0.023969,0.11916,-0.403438,0.73176,-0.367022,0.459127,-0.362366
0.781587,0.067936,0.109168,-0.610367,0.907501,0.023948,0.119208,-0.403421,0.731794,-0.367046,0.459041,-0.36238
0.781574,0.067882,0.109329,-0.610363,0.907487,0.023957,0.119358,-0.403412,0.731783,-0.367049,0.459035,-0.362408
0.781583,0.067817,0.109449,-0.610339,0.907484,0.023861,0.11951,-0.403383,0.731742,-0.367026,0.45913,-0.362394
0.781572,0.067771,0.109534,-0.610344,0.907478,0.023841,0.119566,-0.403385,0.731705,-0.367079,0.459161,-0.362378
0.781574,0.067782,0.109562,-0.610335,0.907507,0.023841,0.119537,-0.403327,0.731677,-0.367109,0.459204,-0.36235
0.781604,0.06781,0.109501,-0.610303,0.907522,0.02386,0.119485,-0.403305,0.731675,-0.367087,0.459218,-0.362357
0.781612,0.067917,0.109423,-0.610294,0.907541,0.02382,0.119405,-0.403289,0.731746,-0.367004,0.459165,-0.362364
0.781612,0.067999,0.109321,-0.6103,0.907573,0.023732,0.119292,-0.403256,0.731789,-0.367037,0.459087,-0.362343
0.78163,0.068046,0.1093,-0.610276,0.907606,0.023717,0.119225,-0.403201,0.731853,-0.366985,0.45903,-0.362338
0.781656,0.068035,0.109316,-0.610241,0.907638,0.023692,0.119171,-0.403147,0.731882,-0.366985,0.458994,-0.362325
0.781653,0.068036,0.109328,-0.610243,0.907619,0.023651,0.119218,-0.40318,0.731861,-0.366983,0.459037,-0.362314
0.781637,0.067974,0.109414,-0.610255,0.907624,0.023623,0.119203,-0.403176,0.731825,-0.367034,0.459049,-0.362321
0.781626,0.067969,0.10951,-0.610255,0.907605,0.02358,0.119198,-0.403223,0.731744,-0.367075,0.459142,-0.362326
0.781642,0.067924,0.109431,-0.610253,0.907601,0.023644,0.119177,-0.403233,0.731691,-0.36711,0.459183,-0.362344
0.781648,0.067919,0.109394,-0.610252,0.907606,0.023695,0.119177,-0.403216,0.731728,-0.367054,0.459195,-0.362312
0.78164,0.067938,0.109332,-0.610271,0.90762,0.023683,0.119142,-0.403197,0.731742,-0.367023,0.459156,-0.362365
0.781684,0.067936,0.109187,-0.61024,0.907627,0.02364,0.119053,-0.403209,0.731776,-0.366979,0.459081,-0.362432
0.781719,0.06794,0.109085,-0.610212,0.907663,0.023664,0.11895,-0.403152,0.731812,-0.366932,0.459005,-0.362501
0.781751,0.067911,0.109016,-0.610185,0.907694,0.023627,0.11879,-0.403131,0.731882,-0.366801,0.459,-0.362497
0.781738,0.067883,0.108938,-0.610219,0.907706,0.023559,0.118728,-0.403127,0.731878,-0.366795,0.459001,-0.36251
0.781711,0.067868,0.108868,-0.610266,0.907715,0.023453,0.118643,-0.403142,0.731855,-0.366832,0.45899,-0.362532
0.781688,0.067807,0.108882,-0.610302,0.907697,0.023439,0.118572,-0.403202,0.731796,-0.366917,0.458975,-0.362586
0.781664,0.067809,0.108827,-0.610342,0.907679,0.023408,0.118503,-0.403264,0.731818,-0.366885,0.458981,-0.362567
0.781619,0.067839,0.108793,-0.610402,0.907656,0.023367,0.11835,-0.403363,0.73185,-0.36688,0.458943,-0.362554
0.781591,0.067904,0.108743,-0.610437,0.907639,0.023392,0.118265,-0.403423,0.731831,-0.366835,0.458956,-0.36262
0.781548,0.067892,0.108686,-0.610503,0.907635,0.023335,0.118225,-0.403446,0.731803,-0.366791,0.458981,-0.362688
0.781555,0.067864,0.108736,-0.61049,0.907611,0.023273,0.118285,-0.40349,0.731804,-0.366739,0.459012,-0.362697
0.781526,0.067857,0.108886,-0.610503,0.907615,0.023217,0.118387,-0.403458,0.731767,-0.366783,0.459072,-0.362652
0.781532,0.067856,0.109027,-0.61047,0.907596,0.023214,0.118487,-0.403472,0.731705,-0.366795,0.459155,-0.36266
0.781542,0.067809,0.109024,-0.610464,0.907596,0.023237,0.118474,-0.403475,0.73167,-0.36679,0.459209,-0.362667
0.781553,0.067915,0.108935,-0.610454,0.90761,0.02326,0.118442,-0.403449,0.731726,-0.366738,0.459203,-0.362617
0.781576,0.068022,0.108817,-0.610429,0.907626,0.02329,0.118332,-0.403442,0.731798,-0.366702,0.459145,-0.362581
0.781581,0.068087,0.10877,-0.610423,0.907643,0.023338,0.118252,-0.403421,0.731855,-0.366619,0.459083,-0.362626
0.781581,0.068129,0.108693,-0.610431,0.907648,0.023397,0.118151,-0.403432,0.731937,-0.366502,0.459,-0.362682
0.78156,0.068179,0.108746,-0.610442,0.90765,0.023306,0.118146,-0.403438,0.732004,-0.366363,0.458976,-0.362713
0.781541,0.06819,0.10886,-0.610446,0.907641,0.02322,0.118255,-0.403436,0.732008,-0.36635,0.458998,-0.362691
0.781528,0.068076,0.109043,-0.610446,0.907632,0.023144,0.11841,-0.40342,0.731968,-0.366365,0.459041,-0.362702
0.781526,0.067983,0.109165,-0.610438,0.907621,0.023127,0.118607,-0.40339,0.731942,-0.366375,0.459106,-0.362664
0.781541,0.067992,0.109247,-0.610405,0.907632,0.023188,0.118673,-0.403344,0.731926,-0.366338,0.459191,-0.362626
0.781552,0.06811,0.109209,-0.610382,0.907621,0.023231,0.118663,-0.403366,0.731932,-0.366322,0.459225,-0.362587
0.781568,0.068229,0.109069,-0.610371,0.907641,0.023272,0.118541,-0.403351,0.731961,-0.366288,0.459233,-0.362553
0.781572,0.068382,0.108913,-0.610372,0.907689,0.023318,0.118351,-0.403293,0.732045,-0.366187,0.4592,-0.362527
0.781595,0.068502,0.10886,-0.610337,0.907698,0.023384,0.118244,-0.403296,0.732169,-0.365995,0.459139,-0.362545
0.78161,0.068588,0.108855,-0.610308,0.907658,0.023496,0.118219,-0.403383,0.73226,-0.365935,0.459038,-0.36255
0.78159,0.068685,0.108928,-0.610309,0.907632,0.02361,0.118303,-0.403407,0.732288,-0.3659,0.459012,-0.36256
0.781609,0.06869,0.109076,-0.610258,0.907599,0.023665,0.118475,-0.40343,0.732298,-0.365886,0.459006,-0.362564
0.78159,0.068642,0.109254,-0.61026,0.907564,0.023719,0.11865,-0.403456,0.732236,-0.365948,0.4591,-0.362507
0.781597,0.068627,0.109385,-0.610229,0.907553,0.02375,0.118781,-0.40344,0.732154,-0.36605,0.459219,-0.362422
0.781627,0.068644,0.109397,-0.610186,0.907594,0.023808,0.118789,-0.403342,0.732084,-0.366106,0.459298,-0.362408
0.781698,0.068663,0.10934,-0.610103,0.907633,0.023851,0.118723,-0.403269,0.732073,-0.366081,0.45932,-0.362426
0.781745,0.068688,0.109248,-0.610056,0.907677,0.023824,0.118558,-0.403217,0.732123,-0.366021,0.459279,-0.362436
0.781767,0.068761,0.109122,-0.610037,0.907685,0.023835,0.118451,-0.403227,0.732238,-0.365944,0.459128,-0.362472
0.781758,0.068793,0.10901,-0.610065,0.907693,0.023845,0.118474,-0.403203,0.732363,-0.365851,0.458926,-0.362567
0.781781,0.068789,0.109009,-0.610036,0.907691,0.023919,0.118547,-0.40318,0.732471,-0.365761,0.45873,-0.362685
0.781778,0.068723,0.109035,-0.610044,0.907689,0.023977,0.118663,-0.403146,0.73248,-0.365699,0.45872,-0.362739
0.78175,0.0687,0.109031,-0.610085,0.907671,0.024017,0.118768,-0.403156,0.732514,-0.365695,0.458657,-0.362753
0.781726,0.068671,0.109061,-0.610113,0.907687,0.024009,0.118808,-0.40311,0.732485,-0.365762,0.458645,-0.362763
0.781749,0.068638,0.108973,-0.610103,0.907699,0.023863,0.118705,-0.403124,0.732475,-0.365793,0.458652,-0.362742
0.781757,0.068631,0.108931,-0.6101,0.90772,0.023698,0.118563,-0.40313,0.732484,-0.365731,0.458704,-0.362719
0.781785,0.068705,0.108815,-0.610075,0.90775,0.023633,0.118359,-0.403123,0.732495,-0.365761,0.458677,-0.362701
0.781799,0.068809,0.10863,-0.610076,0.90777,0.023603,0.118183,-0.403131,0.732515,-0.365766,0.458624,-0.362722
0.781851,0.068783,0.10854,-0.610027,0.907799,0.023613,0.118059,-0.403099,0.732531,-0.365765,0.458561,-0.362771
0.781855,0.068811,0.10855,-0.610017,0.907772,0.023667,0.118069,-0.403151,0.732549,-0.365717,0.458545,-0.362803
0.781883,0.068725,0.108637,-0.609978,0.907764,0.023627,0.11816,-0.403148,0.732525,-0.36575,0.4585,-0.362873
0.781897,0.06863,0.10868,-0.609964,0.907764,0.023566,0.118315,-0.403111,0.732458,-0.365802,0.458537,-0.362906
0.781915,0.068503,0.108793,-0.609939,0.907791,0.023445,0.118392,-0.40304,0.732342,-0.365879,0.458621,-0.362959
0.78194,0.068423,0.108763,-0.609921,0.907818,0.023309,0.118431,-0.402982,0.732275,-0.365951,0.458694,-0.362928
0.781981,0.068418,0.108695,-0.609881,0.907836,0.023207,0.11834,-0.402974,0.732252,-0.366027,0.458625,-0.362987
0.781998,0.068469,0.108583,-0.609871,0.907836,0.023134,0.118196,-0.40302,0.732239,-0.366079,0.458584,-0.363014
0.781984,0.068465,0.108399,-0.609921,0.907838,0.02314,0.117957,-0.403082,0.732265,-0.366102,0.458489,-0.363055
0.781973,0.06848,0.108147,-0.609976,0.907832,0.023134,0.117764,-0.403148,0.732344,-0.36603,0.458427,-0.363047
0.781944,0.068513,0.108012,-0.610031,0.907813,0.023146,0.117623,-0.403229,0.732421,-0.366044,0.458273,-0.363072
0.781932,0.068401,0.108028,-0.610058,0.907786,0.023063,0.11758,-0.40331,0.732351,-0.366118,0.458304,-0.363102
0.78192,0.068142,0.1081,-0.610094,0.907788,0.022926,0.117506,-0.403337,0.732272,-0.366233,0.458296,-0.363153
0.781905,0.067971,0.108237,-0.610113,0.907802,0.02277,0.117515,-0.403316,0.732204,-0.366294,0.458358,-0.363153
0.781903,0.067872,0.108357,-0.610107,0.907813,0.022634,0.117509,-0.403305,0.73212,-0.3664,0.458388,-0.363176
0.781887,0.067808,0.108362,-0.610134,0.907828,0.022551,0.117479,-0.403287,0.732046,-0.366507,0.45842,-0.363178
0.781943,0.067751,0.108311,-0.610078,0.907857,0.022573,0.117355,-0.403253,0.731996,-0.366569,0.458429,-0.363207
0.781928,0.067772,0.108229,-0.610109,0.907874,0.022674,0.117256,-0.403234,0.731998,-0.366557,0.458422,-0.363222
0.781933,0.067802,0.10811,-0.610118,0.907883,0.022821,0.117172,-0.403221,0.732022,-0.366615,0.458334,-0.363227
0.781945,0.067796,0.10806,-0.610113,0.907886,0.022882,0.117143,-0.403217,0.732076,-0.366577,0.458263,-0.363245
0.781926,0.067728,0.108008,-0.610155,0.907868,0.022842,0.117161,-0.403259,0.732093,-0.366581,0.458191,-0.363299
0.781928,0.067672,0.108033,-0.610156,0.907851,0.022655,0.117152,-0.403313,0.732064,-0.36659,0.458226,-0.363302
0.781911,0.067525,0.108153,-0.610176,0.907871,0.022423,0.117135,-0.403295,0.732026,-0.36665,0.458279,-0.363253
0.781913,0.067413,0.108247,-0.610171,0.907877,0.02222,0.117159,-0.403292,0.731931,-0.366728,0.458344,-0.363285
0.781939,0.067276,0.108311,-0.610143,0.907895,0.022098,0.117149,-0.403265,0.731839,-0.366787,0.458428,-0.363304
0.781931,0.067282,0.108282,-0.610159,0.907895,0.02208,0.117185,-0.403256,0.731794,-0.366788,0.458495,-0.363309
0.781932,0.06734,0.108183,-0.610166,0.907889,0.022228,0.117128,-0.403273,0.731817,-0.366793,0.458492,-0.363264
0.781926,0.067423,0.108027,-0.610191,0.907902,0.022334,0.117091,-0.403244,0.73181,-0.366733,0.458533,-0.363284
0.781904,0.067483,0.107911,-0.610229,0.907923,0.022517,0.117059,-0.40319,0.731881,-0.366678,0.458491,-0.363251
0.781882,0.067577,0.107913,-0.610247,0.907923,0.022632,0.117083,-0.403173,0.731948,-0.366595,0.458445,-0.363254
0.781877,0.067589,0.107937,-0.610247,0.907907,0.022648,0.117119,-0.403198,0.731978,-0.366589,0.45841,-0.363245
0.781845,0.067561,0.108006,-0.610279,0.90789,0.02254,0.117229,-0.403216,0.731953,-0.366602,0.458422,-0.363267
0.781853,0.067427,0.108158,-0.610261,0.907853,0.022415,0.117347,-0.403276,0.731849,-0.366694,0.458512,-0.36327
0.781886,0.067285,0.108359,-0.610203,0.90785,0.022239,0.1175,-0.403258,0.731756,-0.366776,0.458673,-0.363174
0.781839,0.067183,0.108546,-0.610244,0.907848,0.022075,0.117592,-0.40325,0.731652,-0.366908,0.458798,-0.363098
0.781836,0.067172,0.108521,-0.610253,0.907853,0.021948,0.117641,-0.403238,0.731605,-0.366983,0.458864,-0.363033
0.78184,0.067152,0.108468,-0.61026,0.907862,0.021921,0.117612,-0.403227,0.731596,-0.367,0.458861,-0.363039
0.781846,0.067264,0.108361,-0.610256,0.907858,0.021993,0.117536,-0.403249,0.731623,-0.366946,0.45889,-0.363002
0.78184,0.067388,0.108245,-0.610267,0.907834,0.022106,0.117497,-0.403307,0.731721,-0.36686,0.458768,-0.363045
0.781801,0.067468,0.108095,-0.610333,0.907794,0.022272,0.117481,-0.403386,0.731827,-0.366714,0.458689,-0.363076
0.781812,0.067427,0.10806,-0.61033,0.907766,0.022397,0.117484,-0.403438,0.731867,-0.366662,0.458627,-0.363125
0.78182,0.067409,0.108106,-0.610314,0.907725,0.022375,0.117529,-0.403519,0.731863,-0.366612,0.458652,-0.363151
0.781808,0.067309,0.108239,-0.61032,0.907698,0.022305,0.117574,-0.403576,0.73181,-0.366677,0.4587,-0.363132
0.78181,0.067263,0.108309,-0.61031,0.907703,0.022133,0.117539,-0.403588,0.731698,-0.366753,0.458828,-0.363118
0.781824,0.06725,0.108357,-0.610286,0.907697,0.021937,0.117488,-0.403632,0.731611,-0.366818,0.45892,-0.363114
0.781854,0.067262,0.108311,-0.610254,0.907695,0.021782,0.117408,-0.403671,0.731582,-0.366852,0.459017,-0.363018
0.781853,0.067258,0.108252,-0.610266,0.907725,0.021725,0.117317,-0.403633,0.731568,-0.366913,0.459014,-0.362989
0.781846,0.067321,0.108181,-0.610279,0.907709,0.021836,0.117299,-0.403662,0.731612,-0.366865,0.458986,-0.362985
0.78185,0.067332,0.108211,-0.610267,0.907677,0.022088,0.117347,-0.403701,0.731624,-0.36686,0.45894,-0.363023
0.781861,0.067363,0.108162,-0.610258,0.90764,0.022315,0.117497,-0.403723,0.731706,-0.366765,0.458897,-0.363007
0.781848,0.067286,0.108255,-0.610268,0.907616,0.022432,0.117668,-0.403722,0.73177,-0.366722,0.458865,-0.362963
0.781853,0.067197,0.108334,-0.61026,0.907618,0.022463,0.117808,-0.403675,0.731739,-0.366744,0.458904,-0.362953
0.781852,0.067072,0.108503,-0.610247,0.907614,0.022382,0.117907,-0.403664,0.73164,-0.366829,0.458983,-0.362971
0.781862,0.067028,0.108556,-0.610232,0.907651,0.022215,0.117895,-0.403601,0.731627,-0.366861,0.459026,-0.362909
0.781892,0.067038,0.108546,-0.610194,0.907691,0.022064,0.11778,-0.403553,0.731644,-0.366934,0.458978,-0.362867
0.781922,0.067094,0.108406,-0.610172,0.907741,0.021971,0.117508,-0.403522,0.7317,-0.366873,0.458889,-0.362922
0.781938,0.067167,0.108128,-0.61019,0.907795,0.021896,0.117171,-0.4035,0.731766,-0.366857,0.458793,-0.362928
0.781936,0.067353,0.10791,-0.610205,0.907815,0.021951,0.116879,-0.40353,0.731811,-0.366791,0.458741,-0.362965
0.781948,0.067403,0.107803,-0.610202,0.907824,0.022013,0.116728,-0.403545,0.731883,-0.366744,0.458667,-0.362961
0.781958,0.067365,0.107822,-0.610191,0.907831,0.022072,0.116761,-0.403517,0.731885,-0.366748,0.458626,-0.363008
0.781969,0.067228,0.107938,-0.610174,0.907813,0.022055,0.116872,-0.403529,0.731824,-0.366836,0.458661,-0.362998
0.781985,0.067124,0.108039,-0.61015,0.9078,0.021933,0.117048,-0.403519,0.731792,-0.366857,0.458726,-0.362959
0.781954,0.067042,0.108127,-0.610186,0.907789,0.021885,0.117145,-0.403522,0.731752,-0.366903,0.458778,-0.36293
0.781927,0.067079,0.108093,-0.61022,0.9078,0.021887,0.117174,-0.403489,0.731726,-0.366892,0.458854,-0.362898
0.781927,0.067083,0.108046,-0.610229,0.907787,0.021879,0.117121,-0.403533,0.731755,-0.366881,0.458849,-0.362855
0.7819,0.067141,0.107969,-0.610268,0.907779,0.021917,0.117038,-0.403571,0.731777,-0.366829,0.458941,-0.362752
0.781882,0.067211,0.107933,-0.610289,0.907776,0.022005,0.117031,-0.403573,0.731812,-0.366843,0.458911,-0.362705
0.781883,0.067205,0.108058,-0.610268,0.907745,0.022013,0.117114,-0.403618,0.731787,-0.366863,0.458967,-0.362667
0.781867,0.067149,0.108184,-0.610273,0.90773,0.022,0.117307,-0.403601,0.731718,-0.366895,0.459038,-0.362683
0.78187,0.06709,0.108366,-0.610246,0.907716,0.022038,0.117451,-0.403589,0.731689,-0.366897,0.459105,-0.362657
0.78186,0.06714,0.108459,-0.610238,0.907728,0.022053,0.117596,-0.403521,0.731658,-0.366901,0.459181,-0.362618
0.781847,0.067271,0.108367,-0.610252,0.907768,0.022113,0.11757,-0.403435,0.731683,-0.366882,0.459205,-0.362557
