0.931929,-0.010149,0.030175,-0.360367,0.938582,0.034077,0.051681,-0.336948,-0.67484,0.439876,-0.306541,0.505323
0.93169,-0.010612,0.029869,-0.361014,0.938415,0.034466,0.053749,-0.336967,-0.674786,0.440111,-0.30625,0.505376
0.931486,-0.009758,0.029182,-0.361625,0.93817,0.036474,0.055577,-0.337039,-0.674712,0.440393,-0.306035,0.50537
0.931312,-0.007969,0.028282,-0.362184,0.937874,0.039671,0.056801,-0.33719,-0.674613,0.440702,-0.30593,0.505304
0.931207,-0.00547,0.027306,-0.36256,0.937529,0.043577,0.057088,-0.33753,-0.674419,0.441066,-0.305971,0.505227
0.931169,-0.002628,0.026268,-0.362749,0.937231,0.047267,0.056361,-0.337935,-0.67417,0.441431,-0.306214,0.505091
0.93119,5.8e-05,0.025245,-0.362764,0.936961,0.050253,0.054635,-0.338536,-0.67388,0.441687,-0.306584,0.505024
0.931299,0.002292,0.024312,-0.362529,0.936768,0.052236,0.052393,-0.339164,-0.673644,0.44185,-0.306965,0.504957
0.9314,0.003826,0.023586,-0.3623,0.936696,0.052946,0.049839,-0.339711,-0.673441,0.441893,-0.307364,0.504939
0.931479,0.004399,0.023133,-0.362124,0.936786,0.052303,0.047075,-0.340064,-0.673355,0.441802,-0.307657,0.504946
0.931568,0.003884,0.022923,-0.361932,0.936964,0.050435,0.044514,-0.340326,-0.673292,0.441663,-0.307813,0.505049
0.931646,0.002424,0.023039,-0.361762,0.937226,0.047655,0.042315,-0.340416,-0.673244,0.441461,-0.307861,0.505255
0.931675,0.000357,0.023467,-0.361691,0.937527,0.044439,0.040813,-0.340323,-0.673174,0.441391,-0.30778,0.50546
0.931664,-0.001885,0.023927,-0.36171,0.937846,0.040959,0.040299,-0.340028,-0.673087,0.441388,-0.307579,0.505706
0.931638,-0.004228,0.024319,-0.361763,0.93813,0.037544,0.040791,-0.339631,-0.672885,0.441533,-0.307415,0.505953
0.93157,-0.006513,0.024667,-0.361911,0.938277,0.034674,0.042449,-0.33932,-0.672747,0.441677,-0.307175,0.506165
0.931418,-0.008471,0.025024,-0.36226,0.938198,0.032858,0.044964,-0.339343,-0.672557,0.441913,-0.30702,0.506313
0.931207,-0.009642,0.02519,-0.362778,0.938006,0.032377,0.048046,-0.339402,-0.672283,0.442255,-0.306932,0.506438
0.930973,-0.009778,0.025134,-0.363379,0.937769,0.033785,0.050921,-0.339371,-0.672038,0.442596,-0.306862,0.506515
0.930746,-0.009121,0.024866,-0.363993,0.937467,0.036744,0.053059,-0.339438,-0.671898,0.442898,-0.306787,0.506489
0.930622,-0.007796,0.024539,-0.36435,0.937038,0.040482,0.0536,-0.340015,-0.671797,0.443178,-0.306833,0.506353
0.930546,-0.00609,0.024167,-0.36458,0.936621,0.043844,0.052694,-0.340854,-0.671708,0.443456,-0.307055,0.506093
0.930566,-0.004275,0.023638,-0.364574,0.936181,0.04614,0.051173,-0.341991,-0.67155,0.443718,-0.307587,0.505741
0.930619,-0.002615,0.02306,-0.36448,0.935783,0.047352,0.049179,-0.343247,-0.671505,0.443799,-0.308133,0.505385
0.930614,-0.001415,0.02246,-0.364536,0.935542,0.047584,0.046933,-0.344254,-0.671693,0.443524,-0.30848,0.505153
0.930571,-0.000874,0.022165,-0.364666,0.935581,0.046721,0.044593,-0.344677,-0.672018,0.443117,-0.308535,0.505036
0.930516,-0.001346,0.022117,-0.364818,0.935867,0.045017,0.042223,-0.34454,-0.67251,0.442557,-0.308408,0.504945
0.930428,-0.002726,0.022278,-0.365043,0.936342,0.042636,0.040293,-0.343898,-0.672994,0.442095,-0.308172,0.504848
0.930319,-0.004788,0.02262,-0.365306,0.93693,0.040171,0.039171,-0.342812,-0.673427,0.441743,-0.307867,0.504767
0.930181,-0.006946,0.023049,-0.36562,0.937438,0.037902,0.039026,-0.341748,-0.673693,0.441568,-0.307611,0.504726
0.930064,-0.008781,0.023188,-0.365897,0.937788,0.035656,0.040129,-0.340908,-0.673807,0.441594,-0.307409,0.504679
0.92989,-0.010111,0.02316,-0.366334,0.93797,0.033938,0.042418,-0.340259,-0.673762,0.441839,-0.307275,0.504614
0.929711,-0.010748,0.023177,-0.366781,0.937956,0.033617,0.0458,-0.339783,-0.673613,0.442142,-0.307279,0.504549
0.929561,-0.010575,0.02325,-0.367154,0.937866,0.034592,0.049569,-0.339253,-0.673333,0.442569,-0.307372,0.504497
0.929522,-0.009925,0.023391,-0.367243,0.937711,0.036766,0.052545,-0.338861,-0.672987,0.44296,-0.307535,0.504517
0.929621,-0.008834,0.02355,-0.366987,0.937449,0.039658,0.054515,-0.338823,-0.672663,0.44332,-0.307731,0.504512
0.929804,-0.007269,0.023808,-0.366503,0.937107,0.042468,0.054699,-0.339335,-0.67233,0.443631,-0.30798,0.504531
0.930104,-0.005399,0.02407,-0.365715,0.936702,0.044849,0.05341,-0.340345,-0.672026,0.443794,-0.308336,0.504568
0.930472,-0.003362,0.024172,-0.364753,0.93633,0.046402,0.051517,-0.341478,-0.671819,0.443774,-0.308763,0.504589
0.930825,-0.001523,0.024151,-0.363834,0.936116,0.04734,0.049284,-0.342325,-0.671764,0.443466,-0.309028,0.504758
0.931136,-4.3e-05,0.024134,-0.363016,0.936144,0.047264,0.04696,-0.342667,-0.671955,0.442867,-0.309017,0.505027
0.931408,0.000637,0.024183,-0.362301,0.936475,0.046155,0.044753,-0.342309,-0.672412,0.442001,-0.308793,0.505307
0.931606,0.000262,0.024252,-0.36179,0.937079,0.044399,0.042614,-0.341273,-0.673104,0.440975,-0.308267,0.5056
0.931731,-0.000999,0.024393,-0.361478,0.937822,0.042201,0.040841,-0.339834,-0.673903,0.439955,-0.307579,0.505846
0.931801,-0.002822,0.024515,-0.361311,0.938563,0.039889,0.039898,-0.338258,-0.67473,0.439068,-0.30672,0.506045
0.93177,-0.004704,0.024504,-0.361407,0.939222,0.037596,0.040202,-0.336692,-0.67545,0.438493,-0.305869,0.50611
0.931618,-0.006482,0.024375,-0.361817,0.939584,0.035724,0.041868,-0.335661,-0.675973,0.438207,-0.305141,0.506115
0.931368,-0.007887,0.024259,-0.36247,0.939672,0.034644,0.045052,-0.335026,-0.676243,0.438182,-0.304601,0.506113
0.931037,-0.0087,0.024136,-0.363327,0.939644,0.034974,0.049211,-0.334333,-0.676375,0.438287,-0.304188,0.506108
0.930722,-0.008755,0.024218,-0.364123,0.939455,0.036563,0.053452,-0.333864,-0.676327,0.438551,-0.303922,0.506113
0.930533,-0.008269,0.024395,-0.364589,0.939134,0.038736,0.056912,-0.333785,-0.676143,0.43889,-0.303869,0.506103
0.930448,-0.007439,0.024684,-0.364779,0.938829,0.040615,0.058769,-0.333994,-0.675802,0.439318,-0.304142,0.506022
0.930426,-0.006573,0.024998,-0.364803,0.938508,0.041651,0.058896,-0.334716,-0.675377,0.439749,-0.304776,0.505827
0.930468,-0.005852,0.025173,-0.364677,0.938198,0.041743,0.057879,-0.33578,-0.674841,0.440201,-0.305732,0.505553
0.930555,-0.005476,0.025268,-0.364446,0.937909,0.041215,0.056174,-0.337005,-0.674296,0.440591,-0.306835,0.50525
0.930605,-0.005274,0.025246,-0.364318,0.93779,0.040025,0.053907,-0.337948,-0.673849,0.440803,-0.307944,0.504961
0.93062,-0.005375,0.025157,-0.364291,0.937856,0.038438,0.051423,-0.338451,-0.673637,0.440889,-0.30866,0.504717
0.930608,-0.00592,0.025091,-0.364329,0.938091,0.036408,0.049241,-0.338468,-0.673545,0.440932,-0.308984,0.504595
0.930552,-0.006921,0.024991,-0.364485,0.938451,0.034328,0.047856,-0.337975,-0.673546,0.440972,-0.308951,0.50458
0.930445,-0.008379,0.02486,-0.364766,0.938894,0.032565,0.047568,-0.337008,-0.673648,0.440975,-0.308664,0.504626
0.930267,-0.010016,0.024683,-0.365227,0.939267,0.030973,0.048551,-0.335974,-0.673756,0.441038,-0.308156,0.50475
0.930042,-0.011497,0.024507,-0.3658,0.939473,0.03004,0.050789,-0.335093,-0.673918,0.441083,-0.307476,0.504929
0.929803,-0.012531,0.024337,-0.36641,0.93947,0.030036,0.053966,-0.334495,-0.673959,0.441263,-0.306793,0.505151
0.929621,-0.013016,0.024352,-0.366861,0.939253,0.031191,0.057972,-0.334165,-0.673929,0.441474,-0.306213,0.505376
0.929535,-0.012932,0.024669,-0.367048,0.938911,0.033356,0.062022,-0.334004,-0.673783,0.441807,-0.305745,0.505579
0.929526,-0.012331,0.025238,-0.367023,0.938533,0.035668,0.065114,-0.334085,-0.673393,0.442316,-0.305633,0.505733
0.929625,-0.011548,0.025922,-0.366713,0.938184,0.037181,0.066444,-0.334559,-0.6728,0.44284,-0.305927,0.505885
0.929858,-0.010807,0.026609,-0.366057,0.937914,0.037524,0.066191,-0.335323,-0.672108,0.44338,-0.306491,0.505984
0.930185,-0.01014,0.027222,-0.365167,0.937659,0.036762,0.064878,-0.336434,-0.671436,0.443806,-0.30723,0.50604
0.930531,-0.009618,0.027898,-0.364218,0.937547,0.034921,0.063081,-0.33738,-0.670774,0.44414,-0.308081,0.506091
0.930845,-0.009419,0.028552,-0.363343,0.937703,0.032259,0.061103,-0.337693,-0.670239,0.444247,-0.308856,0.506216
0.931136,-0.009655,0.029168,-0.362524,0.938188,0.028733,0.058743,-0.337237,-0.669895,0.444233,-0.309381,0.506349
0.931377,-0.010437,0.029812,-0.361825,0.938766,0.024956,0.056327,-0.3365,-0.669808,0.443949,-0.309621,0.506555
0.931543,-0.011623,0.030322,-0.361328,0.939301,0.02136,0.054275,-0.33574,-0.670032,0.443455,-0.309391,0.50683
0.931654,-0.012877,0.030591,-0.36099,0.939764,0.018223,0.052536,-0.33503,-0.670591,0.442719,-0.308715,0.507153
0.931679,-0.013864,0.030541,-0.360914,0.940072,0.015993,0.051237,-0.334571,-0.671428,0.441898,-0.307503,0.507515
0.931619,-0.014329,0.030037,-0.361119,0.940094,0.014897,0.050707,-0.334679,-0.672435,0.441099,-0.306005,0.507808
0.931452,-0.014226,0.029137,-0.361655,0.939895,0.014728,0.051156,-0.335164,-0.673447,0.440371,-0.304466,0.508052
0.931192,-0.013525,0.027836,-0.362481,0.939587,0.01583,0.052356,-0.335727,-0.674446,0.439725,-0.302961,0.508214
0.93088,-0.012456,0.026577,-0.363437,0.939198,0.018257,0.053664,-0.336387,-0.675405,0.439119,-0.30151,0.508356
0.930614,-0.011184,0.025552,-0.36424,0.938628,0.021545,0.054155,-0.337618,-0.676168,0.438779,-0.300278,0.508391
0.930421,-0.010061,0.024733,-0.364829,0.93792,0.024987,0.053189,-0.339457,-0.676751,0.438611,-0.299248,0.508393
0.930375,-0.009182,0.024028,-0.365024,0.937168,0.027589,0.051005,-0.341678,-0.677026,0.438752,-0.29865,0.508273
0.930439,-0.008642,0.023343,-0.364931,0.936411,0.028517,0.048233,-0.344142,-0.676868,0.439277,-0.298615,0.508061
0.930533,-0.008632,0.022782,-0.364746,0.93587,0.027519,0.045699,-0.346139,-0.67624,0.440272,-0.299091,0.507757
0.930598,-0.009303,0.022433,-0.364612,0.935731,0.024607,0.043731,-0.347107,-0.675266,0.441619,-0.299865,0.507428
0.93069,-0.010838,0.022227,-0.364383,0.935969,0.020625,0.042396,-0.347012,-0.674078,0.443096,-0.300811,0.507159
0.930829,-0.013527,0.022226,-0.363987,0.936473,0.016146,0.041806,-0.34607,-0.672813,0.444511,-0.30178,0.507021
0.930961,-0.017152,0.022355,-0.363552,0.937046,0.012187,0.042371,-0.344668,-0.671596,0.445801,-0.302645,0.506984
0.931042,-0.021028,0.022426,-0.363207,0.937681,0.009575,0.04418,-0.342783,-0.670427,0.447059,-0.303332,0.507012
0.931033,-0.024629,0.02238,-0.363076,0.93813,0.008379,0.047133,-0.341113,-0.66948,0.447972,-0.303628,0.507286
0.930973,-0.02699,0.022187,-0.363123,0.938287,0.009704,0.050941,-0.339941,-0.668852,0.448389,-0.303488,0.507839
0.930938,-0.027328,0.021787,-0.363236,0.938095,0.013627,0.055567,-0.339375,-0.668636,0.448351,-0.30287,0.508539
0.930962,-0.025417,0.021323,-0.363318,0.93757,0.019794,0.060283,-0.339432,-0.668821,0.447891,-0.301912,0.509286
0.930944,-0.021931,0.021061,-0.36355,0.936905,0.026857,0.063444,-0.339954,-0.669325,0.447117,-0.300636,0.510079
0.930883,-0.018079,0.021074,-0.363844,0.936254,0.033144,0.064744,-0.340778,-0.66997,0.446145,-0.299432,0.510806
0.930879,-0.014735,0.021311,-0.363922,0.935669,0.037578,0.064345,-0.34192,-0.670525,0.44527,-0.298658,0.5113
0.93092,-0.012558,0.021705,-0.36382,0.935151,0.040043,0.062797,-0.343341,-0.670883,0.444569,-0.298397,0.511588
0.930985,-0.011904,0.022503,-0.363588,0.934735,0.040514,0.060817,-0.344828,-0.671105,0.444009,-0.298688,0.511599
0.931038,-0.012446,0.023507,-0.363349,0.934642,0.038696,0.058524,-0.345794,-0.671195,0.443539,-0.29927,0.511527
0.93104,-0.013811,0.024482,-0.36322,0.934912,0.035346,0.056136,-0.345966,-0.671233,0.443103,-0.299996,0.511404
0.930998,-0.015681,0.025281,-0.363206,0.935595,0.031093,0.053791,-0.345066,-0.671225,0.442787,-0.300765,0.511213
0.930874,-0.017582,0.025799,-0.363419,0.936611,0.026641,0.051635,-0.343176,-0.671362,0.442395,-0.301374,0.510992
0.930709,-0.019251,0.026103,-0.363754,0.93768,0.022598,0.049596,-0.340998,-0.671559,0.442001,-0.301844,0.510779
0.930555,-0.020816,0.026158,-0.364084,0.938435,0.019299,0.047966,-0.339478,-0.671826,0.441615,-0.302152,0.510566
0.930396,-0.022168,0.025747,-0.36448,0.938653,0.016404,0.047367,-0.339188,-0.672252,0.441194,-0.302255,0.5103
0.930142,-0.023049,0.024843,-0.365181,0.938393,0.014577,0.048057,-0.339903,-0.672708,0.440726,-0.302197,0.510134
0.929714,-0.023183,0.023843,-0.366362,0.937844,0.014366,0.049957,-0.341082,-0.673188,0.440314,-0.30191,0.510027
0.929217,-0.022359,0.022806,-0.367756,0.937026,0.015828,0.053013,-0.342662,-0.673636,0.439967,-0.301539,0.509959
0.928704,-0.021116,0.022285,-0.369151,0.936095,0.018881,0.056097,-0.344384,-0.673975,0.439865,-0.3011,0.509868
0.928319,-0.019927,0.022306,-0.370156,0.935205,0.022463,0.058065,-0.346112,-0.674101,0.44006,-0.300869,0.50968
0.928017,-0.019311,0.02279,-0.370886,0.93443,0.025425,0.058375,-0.347869,-0.673828,0.440723,-0.301169,0.509294
0.927817,-0.019407,0.023524,-0.371314,0.933719,0.026997,0.057539,-0.349786,-0.673056,0.441884,-0.302252,0.508657
0.927778,-0.020162,0.02446,-0.371293,0.933173,0.026878,0.056262,-0.351497,-0.67188,0.443398,-0.303915,0.507884
0.927833,-0.0213,0.02542,-0.371017,0.932884,0.025123,0.055021,-0.352659,-0.670519,0.444965,-0.305965,0.507053
0.927925,-0.022661,0.026327,-0.370636,0.933053,0.022057,0.053672,-0.352729,-0.669136,0.446399,-0.308056,0.506322
0.92808,-0.02417,0.027156,-0.370094,0.933618,0.018215,0.052348,-0.351773,-0.667963,0.447434,-0.309875,0.505817
0.928273,-0.025776,0.027797,-0.369463,0.934466,0.014204,0.051052,-0.35002,-0.66703,0.448227,-0.311346,0.505417
0.928493,-0.02746,0.028087,-0.368789,0.935461,0.010695,0.050086,-0.347724,-0.666435,0.448624,-0.312312,0.505236
0.92873,-0.028876,0.027804,-0.368141,0.936331,0.008243,0.050082,-0.345499,-0.66617,0.448729,-0.312723,0.505228
0.928908,-0.0297,0.027193,-0.367708,0.936966,0.007409,0.051298,-0.343591,-0.666217,0.448538,-0.312474,0.505493
0.928979,-0.029543,0.02643,-0.367619,0.937261,0.008735,0.053913,-0.342241,-0.666656,0.448041,-0.311636,0.505885
0.928965,-0.028011,0.025534,-0.36784,0.937133,0.012081,0.057548,-0.341706,-0.667482,0.44717,-0.310197,0.506473
0.928956,-0.025248,0.024646,-0.368102,0.936619,0.016719,0.06214,-0.341861,-0.668517,0.446112,-0.308413,0.507158
0.928942,-0.022049,0.023931,-0.368355,0.936035,0.021967,0.066297,-0.342138,-0.669545,0.445198,-0.306619,0.507725
0.92888,-0.019,0.023575,-0.36866,0.935603,0.026891,0.068538,-0.342351,-0.670517,0.444415,-0.305036,0.50811
0.928849,-0.016542,0.023509,-0.368817,0.935251,0.031232,0.068595,-0.342846,-0.67121,0.443971,-0.303962,0.508246
0.928948,-0.014825,0.023535,-0.368604,0.934922,0.034159,0.066925,-0.343789,-0.671527,0.443857,-0.303661,0.508115
0.929213,-0.013769,0.023463,-0.367965,0.934572,0.035437,0.064305,-0.345172,-0.671446,0.444117,-0.304119,0.507712
0.929539,-0.013142,0.023297,-0.367169,0.934414,0.035039,0.061484,-0.346253,-0.671172,0.444617,-0.304968,0.507115
0.929834,-0.012887,0.023076,-0.366449,0.934664,0.033184,0.058666,-0.34638,-0.670791,0.4451,-0.306052,0.506523
0.930124,-0.013041,0.022793,-0.365737,0.935427,0.030002,0.055515,-0.345306,-0.670494,0.445374,-0.307038,0.506058
0.93038,-0.013696,0.022617,-0.365093,0.936504,0.026016,0.052471,-0.34337,-0.67034,0.445452,-0.307675,0.505791
0.93057,-0.014596,0.022658,-0.364587,0.937941,0.021381,0.049666,-0.340368,-0.67037,0.44535,-0.308,0.505633
0.930706,-0.015498,0.022606,-0.364223,0.939712,0.016634,0.046951,-0.336308,-0.670484,0.44512,-0.308146,0.50559
0.930821,-0.016431,0.022348,-0.36393,0.941435,0.012727,0.044709,-0.332109,-0.670652,0.444923,-0.308015,0.50562
0.930924,-0.017676,0.021864,-0.363677,0.942547,0.010119,0.043793,-0.329249,-0.670907,0.444776,-0.307521,0.50572
0.931005,-0.018721,0.021173,-0.363504,0.942759,0.009408,0.044619,-0.328537,-0.671194,0.444669,-0.306797,0.50589
0.93092,-0.01898,0.020296,-0.363791,0.942237,0.010469,0.047096,-0.329541,-0.67152,0.444572,-0.305883,0.50612
0.930645,-0.018268,0.019361,-0.364598,0.941283,0.012856,0.051126,-0.331379,-0.671764,0.444682,-0.305036,0.506233
0.930375,-0.016701,0.018726,-0.365386,0.940263,0.016119,0.055308,-0.333235,-0.671931,0.445033,-0.304348,0.50614
0.93016,-0.015141,0.0185,-0.365993,0.939358,0.019463,0.058357,-0.334903,-0.671973,0.445606,-0.303865,0.505892
0.930006,-0.01437,0.018602,-0.366391,0.938544,0.02199,0.05932,-0.336762,-0.671822,0.446464,-0.303785,0.505398
0.92988,-0.014528,0.018878,-0.366684,0.9378,0.023223,0.058692,-0.33885,-0.671467,0.447511,-0.304116,0.504754
0.929863,-0.015369,0.019165,-0.366683,0.937167,0.023056,0.057144,-0.340922,-0.670975,0.448594,-0.304817,0.504023
0.929959,-0.016523,0.019351,-0.366397,0.936765,0.021899,0.055041,-0.342534,-0.670465,0.449575,-0.305642,0.503322
0.930068,-0.017506,0.019213,-0.366104,0.936699,0.019903,0.052702,-0.343321,-0.670022,0.450424,-0.306393,0.50269
0.930152,-0.018314,0.01881,-0.365899,0.937023,0.017509,0.050108,-0.343095,-0.66971,0.450974,-0.307022,0.502224
0.930258,-0.018946,0.018195,-0.365661,0.937517,0.015105,0.04755,-0.342358,-0.669521,0.451345,-0.307325,0.501955
0.930349,-0.019498,0.0173,-0.365487,0.938023,0.013067,0.04546,-0.341456,-0.669467,0.451483,-0.307326,0.501903
0.930432,-0.019872,0.016218,-0.365348,0.938461,0.012082,0.044371,-0.340491,-0.669519,0.451562,-0.306979,0.501986
0.93045,-0.019829,0.014905,-0.365405,0.938794,0.012609,0.044546,-0.339515,-0.669649,0.451564,-0.306333,0.502223
0.930428,-0.019241,0.013457,-0.365586,0.938835,0.015003,0.04617,-0.338983,-0.669827,0.451522,-0.3054,0.502611
0.930398,-0.018169,0.012081,-0.365791,0.938427,0.019144,0.04914,-0.339302,-0.669989,0.45148,-0.304284,0.503138
0.930394,-0.016731,0.011012,-0.365912,0.937614,0.024236,0.052726,-0.340457,-0.670145,0.451406,-0.303048,0.503772
0.930388,-0.015318,0.010392,-0.366002,0.936648,0.029507,0.055707,-0.342007,-0.670195,0.451446,-0.301893,0.504392
0.930403,-0.014274,0.010221,-0.365998,0.935708,0.033343,0.056954,-0.343893,-0.67012,0.45149,-0.300967,0.505028
0.930458,-0.013929,0.010425,-0.365853,0.934943,0.034869,0.056649,-0.34584,-0.669798,0.451809,-0.300572,0.505418
0.930552,-0.014591,0.010841,-0.365573,0.93441,0.033884,0.055479,-0.347614,-0.669157,0.452469,-0.30077,0.505565
0.930651,-0.016371,0.011606,-0.36523,0.934085,0.031053,0.053752,-0.349129,-0.668353,0.4533,-0.301427,0.505487
0.930736,-0.018992,0.012544,-0.364873,0.933951,0.026625,0.051906,-0.350275,-0.667464,0.454287,-0.302254,0.505276
0.930744,-0.022029,0.013426,-0.364676,0.934107,0.021077,0.049994,-0.350686,-0.666536,0.455473,-0.30325,0.50483
0.930698,-0.025342,0.014131,-0.364592,0.934637,0.015052,0.047945,-0.350058,-0.665671,0.456681,-0.30418,0.504314
0.9306,-0.028677,0.014621,-0.36462,0.935436,0.008979,0.046004,-0.348577,-0.664974,0.457762,-0.304952,0.503786
0.930458,-0.03169,0.014754,-0.364777,0.936327,0.003548,0.044566,-0.346622,-0.664614,0.458416,-0.305374,0.50341
0.930263,-0.033973,0.01429,-0.365149,0.937171,-0.000111,0.043788,-0.344556,-0.664605,0.45859,-0.305352,0.503279
0.930015,-0.035009,0.013187,-0.365781,0.937796,-0.001254,0.043891,-0.342857,-0.665014,0.458243,-0.304778,0.503413
0.929691,-0.034503,0.011687,-0.366741,0.938097,0.000542,0.045065,-0.341811,-0.665817,0.457386,-0.303555,0.503889
0.929351,-0.032211,0.009793,-0.367884,0.937988,0.005194,0.047435,-0.341576,-0.666946,0.456108,-0.301839,0.504607
0.929026,-0.028385,0.007851,-0.369061,0.937507,0.01218,0.050486,-0.342037,-0.668147,0.454657,-0.299811,0.505565
0.928777,-0.02358,0.006183,-0.370023,0.936858,0.020437,0.052864,-0.342815,-0.669355,0.453115,-0.297648,0.506659
0.928543,-0.018772,0.004973,-0.370852,0.936185,0.028479,0.053427,-0.343813,-0.670266,0.451817,-0.295877,0.507674
0.928393,-0.014687,0.004115,-0.371376,0.935473,0.03457,0.052001,-0.345336,-0.670751,0.450986,-0.294813,0.508405
0.928335,-0.012199,0.003633,-0.371587,0.9348,0.037905,0.049351,-0.347213,-0.670775,0.45061,-0.294573,0.508846
0.928366,-0.01179,0.003718,-0.371512,0.934228,0.038189,0.046445,-0.349204,-0.670342,0.450647,-0.295119,0.509053
0.928399,-0.013321,0.004345,-0.371379,0.933946,0.035177,0.043829,-0.350755,-0.669551,0.45107,-0.296232,0.50905
0.928372,-0.016497,0.005345,-0.371329,0.934022,0.029415,0.041506,-0.35155,-0.668619,0.451736,-0.297516,0.508913
0.928268,-0.021066,0.006676,-0.371374,0.934317,0.021744,0.039689,-0.351743,-0.667616,0.452677,-0.298914,0.508553
0.92807,-0.026782,0.008249,-0.371526,0.93467,0.012991,0.038574,-0.351567,-0.666639,0.453689,-0.300198,0.508159
0.927759,-0.033102,0.009833,-0.371817,0.934956,0.004129,0.038516,-0.351199,-0.665756,0.454749,-0.301213,0.507758
0.927378,-0.039531,0.011187,-0.372175,0.935069,-0.003724,0.039712,-0.350879,-0.66496,0.455853,-0.301924,0.507389
0.926878,-0.045269,0.012127,-0.37281,0.93496,-0.009592,0.042175,-0.350797,-0.664404,0.456819,-0.302212,0.507084
0.926333,-0.049309,0.012648,-0.37369,0.934762,-0.012873,0.045521,-0.350751,-0.66413,0.457449,-0.302078,0.506968
0.925869,-0.050739,0.012425,-0.374691,0.934529,-0.013029,0.049345,-0.350719,-0.664123,0.457728,-0.301616,0.507016
0.925569,-0.049557,0.011548,-0.375624,0.934199,-0.010403,0.052856,-0.351001,-0.66432,0.457725,-0.300864,0.507227
0.925507,-0.046432,0.01037,-0.376191,0.933841,-0.00549,0.055658,-0.35144,-0.664636,0.457506,-0.300015,0.507531
0.925612,-0.041882,0.008993,-0.376466,0.933666,0.000673,0.056687,-0.35163,-0.665034,0.457107,-0.299279,0.507817
0.925808,-0.037019,0.00753,-0.376482,0.933648,0.007192,0.055746,-0.351663,-0.665375,0.45659,-0.298827,0.508103
0.926083,-0.032305,0.006002,-0.376233,0.933744,0.012595,0.053302,-0.351616,-0.665552,0.456089,-0.298757,0.508359
0.926436,-0.028558,0.004726,-0.37566,0.933963,0.016232,0.050001,-0.351417,-0.665535,0.455707,-0.299056,0.508533
0.926778,-0.026223,0.00397,-0.374978,0.934298,0.017665,0.046798,-0.350981,-0.665342,0.455408,-0.299573,0.508732
0.927056,-0.025595,0.003696,-0.374333,0.934822,0.016665,0.043913,-0.350128,-0.664988,0.455253,-0.300106,0.509003
0.927246,-0.026772,0.00395,-0.37379,0.935395,0.013548,0.041944,-0.349103,-0.664547,0.455213,-0.300533,0.509349
0.927342,-0.029433,0.00466,-0.373369,0.935797,0.009352,0.04114,-0.348369,-0.664032,0.455505,-0.300857,0.509565
0.927366,-0.032901,0.005559,-0.373041,0.935898,0.004643,0.041435,-0.348235,-0.663544,0.455966,-0.300994,0.509709
0.92723,-0.036608,0.00642,-0.373058,0.935834,-0.000546,0.04314,-0.348271,-0.663102,0.456537,-0.30098,0.509791
0.926957,-0.040328,0.007224,-0.373381,0.935653,-0.005537,0.046065,-0.348335,-0.662735,0.457168,-0.300766,0.509844
0.926589,-0.043515,0.008021,-0.373951,0.935416,-0.00975,0.050086,-0.348265,-0.662472,0.457799,-0.300402,0.509853
0.926215,-0.04571,0.008664,-0.374622,0.93522,-0.012099,0.054654,-0.347917,-0.662347,0.458309,-0.29996,0.509836
0.925981,-0.046373,0.008907,-0.375113,0.935091,-0.011963,0.058674,-0.347472,-0.662363,0.458716,-0.299457,0.509764
0.925892,-0.045416,0.008673,-0.37545,0.934909,-0.009471,0.060975,-0.347515,-0.662525,0.458936,-0.298993,0.509641
0.925977,-0.042827,0.00802,-0.375531,0.934664,-0.005497,0.061254,-0.348122,-0.662709,0.459073,-0.298622,0.50951
0.926217,-0.039022,0.006895,-0.375343,0.934413,-0.000764,0.059683,-0.34907,-0.662865,0.459048,-0.298585,0.509351
0.926581,-0.034832,0.005484,-0.374851,0.934258,0.004359,0.056613,-0.349975,-0.662963,0.458964,-0.298791,0.509173
0.926979,-0.030441,0.003876,-0.374242,0.934128,0.009196,0.053012,-0.350823,-0.663016,0.458838,-0.299108,0.509021
0.927319,-0.026424,0.002381,-0.373694,0.934192,0.013153,0.049471,-0.35109,-0.663045,0.458718,-0.299366,0.508932
0.9276,-0.023337,0.00114,-0.373193,0.934577,0.01558,0.046511,-0.350425,-0.663092,0.458463,-0.299566,0.508975
0.927882,-0.021725,0.00042,-0.372583,0.935191,0.016469,0.044172,-0.349115,-0.663132,0.458153,-0.299626,0.509159
0.928124,-0.021854,0.000296,-0.371978,0.935899,0.015681,0.042491,-0.347536,-0.663128,0.457948,-0.299556,0.509388
0.928255,-0.023484,0.000681,-0.37157,0.936577,0.013475,0.041908,-0.345938,-0.663073,0.457836,-0.299437,0.509631
0.928338,-0.025919,0.001101,-0.371231,0.937124,0.010509,0.042294,-0.344557,-0.662991,0.457795,-0.299226,0.509904
0.928332,-0.028563,0.001417,-0.371089,0.937422,0.006885,0.043876,-0.343656,-0.662945,0.45781,-0.298935,0.510126
0.92822,-0.031154,0.001731,-0.371195,0.937472,0.002979,0.046212,-0.343265,-0.662895,0.45791,-0.298559,0.510333
0.928044,-0.033379,0.002091,-0.371468,0.937307,-0.000643,0.049069,-0.343301,-0.66286,0.458077,-0.298078,0.510524
0.927873,-0.034962,0.002342,-0.371769,0.937039,-0.003562,0.051987,-0.343539,-0.662857,0.458311,-0.297606,0.510608
0.927688,-0.03588,0.002555,-0.372153,0.936691,-0.005272,0.054461,-0.344027,-0.662886,0.458614,-0.297108,0.510607
0.927556,-0.035863,0.002644,-0.372477,0.936266,-0.005505,0.055666,-0.344947,-0.662857,0.458998,-0.296804,0.510489
0.927544,-0.03494,0.002602,-0.372582,0.935779,-0.004722,0.055066,-0.346374,-0.662806,0.459344,-0.296593,0.510379
0.927633,-0.033441,0.002263,-0.372485,0.9352,-0.003487,0.05309,-0.348295,-0.662711,0.459675,-0.296564,0.510226
0.927733,-0.031725,0.001664,-0.372378,0.934677,-0.002389,0.050344,-0.350179,-0.662588,0.459992,-0.296678,0.510036
0.927778,-0.030126,0.001064,-0.372389,0.934373,-0.001712,0.047656,-0.351447,-0.662555,0.460181,-0.296785,0.509845
0.927758,-0.029147,0.000556,-0.372517,0.934433,-0.001559,0.045466,-0.351649,-0.662548,0.460222,-0.296846,0.509783
0.9277,-0.029192,0.000111,-0.372674,0.934865,-0.002041,0.044117,-0.350727,-0.662708,0.460049,-0.296693,0.50982
0.927584,-0.030397,-0.000172,-0.372899,0.935603,-0.003069,0.043684,-0.348839,-0.662872,0.459837,-0.296392,0.509978
0.927397,-0.032433,-0.000214,-0.373231,0.936466,-0.0043,0.044058,-0.346473,-0.663067,0.459655,-0.295981,0.510135
0.927185,-0.034924,-0.000363,-0.373582,0.937174,-0.005537,0.045267,-0.344364,-0.663203,0.459488,-0.295501,0.510396
0.92695,-0.037161,-0.000637,-0.374001,0.937577,-0.006453,0.047075,-0.342964,-0.663186,0.459483,-0.294985,0.510733
0.92675,-0.038526,-0.000882,-0.37439,0.937608,-0.006615,0.049537,-0.342448,-0.66299,0.459651,-0.294478,0.511144
0.926616,-0.038778,-0.001239,-0.374713,0.937331,-0.005899,0.052164,-0.342723,-0.662665,0.460004,-0.294075,0.511495
0.926527,-0.038027,-0.001619,-0.375005,0.936984,-0.004737,0.054191,-0.34328,-0.66225,0.460375,-0.293839,0.511845
0.926495,-0.036875,-0.001854,-0.375186,0.936674,-0.003565,0.054625,-0.344028,-0.661827,0.460773,-0.293713,0.512115
0.926559,-0.036108,-0.001947,-0.375091,0.936258,-0.002777,0.053245,-0.345411,-0.661477,0.461075,-0.293703,0.512305
0.926723,-0.035814,-0.002013,-0.37471,0.935596,-0.002429,0.05023,-0.347746,-0.661172,0.461338,-0.293837,0.512385
0.926871,-0.035846,-0.002145,-0.374345,0.934746,-0.002293,0.046594,-0.350642,-0.661029,0.461474,-0.294051,0.512323
0.926979,-0.035751,-0.002324,-0.374088,0.934012,-0.002308,0.043538,-0.353082,-0.660991,0.461507,-0.294308,0.512187
0.92701,-0.035422,-0.002606,-0.374045,0.933716,-0.002618,0.041095,-0.354239,-0.661151,0.461371,-0.294431,0.512028
0.92696,-0.035244,-0.002844,-0.374188,0.933867,-0.003407,0.03957,-0.354079,-0.66137,0.46114,-0.294352,0.511998
0.926896,-0.035553,-0.00284,-0.374324,0.934268,-0.00488,0.039206,-0.353084,-0.661678,0.460907,-0.294064,0.511977
0.926782,-0.036349,-0.002599,-0.374538,0.934966,-0.006839,0.039972,-0.351129,-0.661987,0.460691,-0.293654,0.512016
0.926611,-0.037586,-0.002164,-0.37485,0.935802,-0.008592,0.041814,-0.348614,-0.662302,0.460463,-0.293196,0.512084
0.926446,-0.038997,-0.00169,-0.375126,0.936445,-0.009893,0.044398,-0.346466,-0.662613,0.460178,-0.292706,0.512226
0.926343,-0.04012,-0.001106,-0.375266,0.936855,-0.010115,0.047131,-0.344899,-0.662911,0.459829,-0.292176,0.512465
0.926312,-0.040513,-0.000588,-0.375289,0.937085,-0.009494,0.049632,-0.343845,-0.663269,0.459283,-0.291623,0.512813
0.926344,-0.04019,-0.000148,-0.375226,0.937213,-0.00836,0.051436,-0.343176,-0.663662,0.458651,-0.291097,0.513172
0.926464,-0.039436,0.000248,-0.374982,0.937138,-0.006824,0.052042,-0.343272,-0.664088,0.457846,-0.290608,0.513617
0.926641,-0.038593,0.000691,-0.3746,0.936885,-0.00524,0.051868,-0.343989,-0.664446,0.457124,-0.290232,0.514008
0.92685,-0.037957,0.001286,-0.374116,0.936485,-0.004255,0.050982,-0.345231,-0.66476,0.456442,-0.289966,0.514355
0.927085,-0.037537,0.001921,-0.373545,0.935982,-0.004026,0.049514,-0.34685,-0.664949,0.455912,-0.289864,0.514632
0.927315,-0.037266,0.002463,-0.372972,0.935545,-0.004368,0.047955,-0.348297,-0.665047,0.455589,-0.289839,0.514801
0.927541,-0.037116,0.002764,-0.37241,0.935297,-0.005138,0.046587,-0.349197,-0.665074,0.455454,-0.289956,0.514814
0.927733,-0.037053,0.00285,-0.371935,0.935286,-0.006077,0.04551,-0.349408,-0.665026,0.455498,-0.290197,0.514697
0.927903,-0.037029,0.00304,-0.371505,0.935486,-0.006704,0.044808,-0.34899,-0.664948,0.455648,-0.290395,0.514549
0.92805,-0.0371,0.003185,-0.371126,0.935781,-0.007056,0.044806,-0.348201,-0.664871,0.455842,-0.290494,0.514423
0.928129,-0.037125,0.003159,-0.370929,0.936068,-0.007036,0.045828,-0.34726,-0.664791,0.456077,-0.290428,0.514361
0.928113,-0.036993,0.003148,-0.370977,0.936588,-0.00671,0.047428,-0.345588,-0.664772,0.456285,-0.290297,0.514281
0.928065,-0.03687,0.003168,-0.371109,0.937195,-0.005925,0.049159,-0.343639,-0.664792,0.456448,-0.290045,0.514261
0.928094,-0.037068,0.003288,-0.371014,0.937643,-0.004918,0.050743,-0.34213,-0.664857,0.456621,-0.289799,0.514171
0.928194,-0.037332,0.00344,-0.370735,0.937819,-0.003734,0.05182,-0.341444,-0.664887,0.456824,-0.28962,0.51406
0.928349,-0.037345,0.00368,-0.370335,0.937852,-0.002692,0.052355,-0.34124,-0.664822,0.456997,-0.289525,0.51405
0.928531,-0.037125,0.003945,-0.369886,0.93789,-0.001903,0.052322,-0.341133,-0.664734,0.457107,-0.289402,0.51414
0.928762,-0.036906,0.004113,-0.369316,0.937922,-0.00128,0.051835,-0.341128,-0.664661,0.457231,-0.289302,0.514185
0.929038,-0.037034,0.004301,-0.368599,0.937891,-0.000595,0.051184,-0.341321,-0.664601,0.457337,-0.289267,0.51419
0.929318,-0.037351,0.004544,-0.367856,0.937858,0.00051,0.050621,-0.341493,-0.664476,0.457551,-0.289248,0.514174
0.929606,-0.037822,0.004757,-0.367081,0.937888,0.002075,0.050173,-0.341458,-0.664362,0.457767,-0.289181,0.514174
0.929833,-0.038166,0.004869,-0.366469,0.937908,0.003314,0.049927,-0.341413,-0.664237,0.457974,-0.28909,0.514206
0.930025,-0.038272,0.004784,-0.365978,0.937993,0.003901,0.049943,-0.34116,-0.664182,0.458175,-0.288956,0.51418
0.930183,-0.038182,0.004549,-0.365593,0.938126,0.004188,0.050319,-0.340719,-0.664147,0.458373,-0.288691,0.514206
0.930311,-0.037828,0.004169,-0.365315,0.938263,0.004528,0.051087,-0.340189,-0.664202,0.458582,-0.288297,0.514183
0.930392,-0.037356,0.00369,-0.36517,0.938387,0.004931,0.0521,-0.339647,-0.664381,0.458697,-0.287771,0.514161
0.930484,-0.036924,0.003208,-0.364992,0.938516,0.005272,0.053156,-0.339079,-0.664583,0.458808,-0.287216,0.514127
0.9306,-0.036561,0.00273,-0.364745,0.938742,0.005412,0.053784,-0.338327,-0.664781,0.458997,-0.286748,0.513978
0.930728,-0.036237,0.00222,-0.364467,0.939058,0.005519,0.053717,-0.337462,-0.664894,0.459235,-0.286396,0.513827
0.930887,-0.036007,0.001695,-0.364102,0.939297,0.005558,0.052835,-0.336969,-0.664945,0.459514,-0.286195,0.513634
0.931128,-0.035713,0.001107,-0.363528,0.939392,0.00545,0.05138,-0.336982,-0.664942,0.459831,-0.286112,0.513407
0.931404,-0.035296,0.000537,-0.362874,0.939411,0.005013,0.049575,-0.337278,-0.664866,0.460145,-0.286082,0.513247
0.931646,-0.034807,-2.3e-05,-0.36231,0.939435,0.004634,0.047634,-0.337569,-0.664768,0.460455,-0.286012,0.513141
0.931885,-0.034431,-0.000505,-0.361741,0.939479,0.004265,0.045899,-0.337763,-0.664705,0.460696,-0.285926,0.513059
0.93208,-0.034347,-0.000911,-0.361257,0.939591,0.004121,0.044372,-0.337713,-0.664668,0.460934,-0.285818,0.512961
0.932241,-0.034502,-0.001223,-0.36084,0.939764,0.004306,0.04307,-0.337442,-0.66468,0.461154,-0.28567,0.512838
0.932392,-0.034733,-0.001426,-0.360435,0.93994,0.004397,0.041912,-0.337136,-0.664755,0.461314,-0.28542,0.512744
0.932514,-0.035021,-0.001612,-0.360104,0.940048,0.004468,0.041202,-0.336944,-0.664795,0.46147,-0.28517,0.5127
0.932594,-0.035187,-0.001859,-0.359892,0.940155,0.00483,0.040906,-0.336681,-0.664899,0.461605,-0.284833,0.512643
0.932644,-0.03521,-0.002225,-0.359769,0.94023,0.005589,0.041136,-0.33641,-0.665067,0.461677,-0.28445,0.512581
0.932653,-0.035244,-0.002523,-0.359752,0.940296,0.006644,0.041756,-0.336089,-0.665282,0.461762,-0.283998,0.512491
0.93264,-0.035325,-0.002833,-0.359788,0.940292,0.007816,0.042491,-0.335932,-0.665475,0.46181,-0.283648,0.512401
0.932598,-0.035346,-0.003135,-0.359903,0.940253,0.008948,0.04328,-0.335863,-0.665548,0.46193,-0.283428,0.512327
0.932519,-0.035453,-0.003278,-0.360101,0.940222,0.010036,0.043829,-0.335808,-0.665591,0.462058,-0.283277,0.512245
0.932465,-0.035713,-0.003229,-0.360218,0.940171,0.010739,0.043896,-0.335903,-0.665517,0.462251,-0.283224,0.512202
0.932462,-0.036147,-0.003208,-0.360191,0.940052,0.010687,0.043511,-0.336302,-0.665357,0.462479,-0.283349,0.512133
0.932469,-0.036547,-0.003255,-0.360141,0.939939,0.009774,0.042976,-0.336748,-0.665051,0.462858,-0.283733,0.511972
0.932446,-0.036892,-0.003303,-0.360174,0.939932,0.008344,0.04274,-0.336875,-0.66471,0.463236,-0.284284,0.51176
0.9324,-0.037218,-0.00323,-0.360263,0.940114,0.006787,0.042701,-0.33644,-0.664389,0.463509,-0.284821,0.51162
0.932391,-0.037751,-0.00301,-0.360236,0.940351,0.005305,0.042553,-0.335857,-0.664134,0.463689,-0.285218,0.511559
0.932382,-0.038342,-0.00274,-0.360203,0.940637,0.004247,0.042265,-0.335139,-0.663965,0.463807,-0.285488,0.511516
0.932381,-0.038856,-0.002415,-0.360151,0.940946,0.00361,0.041939,-0.334346,-0.663793,0.463919,-0.285746,0.511489
0.932412,-0.039157,-0.00206,-0.36003,0.941199,0.003279,0.04172,-0.333679,-0.663618,0.463971,-0.286043,0.511498
0.932465,-0.039172,-0.001724,-0.359883,0.941306,0.003015,0.041756,-0.333379,-0.663415,0.46402,-0.286223,0.51161
0.932531,-0.038841,-0.00149,-0.359737,0.941351,0.002922,0.042117,-0.333198,-0.663257,0.464016,-0.286383,0.511725
0.932527,-0.0383,-0.001298,-0.359787,0.941349,0.003291,0.042743,-0.333091,-0.663205,0.463856,-0.286443,0.511898
0.932485,-0.037809,-0.001019,-0.359931,0.941209,0.004179,0.043775,-0.333286,-0.663359,0.463543,-0.286322,0.51205
0.932387,-0.037412,-0.000734,-0.360211,0.940917,0.005051,0.04492,-0.333885,-0.663738,0.463067,-0.286021,0.512156
0.932244,-0.03724,-0.000503,-0.360588,0.940556,0.005703,0.045825,-0.334721,-0.66416,0.462564,-0.285615,0.512294
0.932083,-0.037298,-0.000275,-0.36099,0.940081,0.006012,0.046358,-0.335947,-0.664545,0.462215,-0.285295,0.512291
0.931907,-0.037402,-8.4e-05,-0.361432,0.93958,0.005924,0.046488,-0.337324,-0.665008,0.461797,-0.284968,0.512252
0.931732,-0.037507,6.3e-05,-0.361868,0.939118,0.005485,0.04612,-0.338682,-0.665445,0.461453,-0.284705,0.512143
0.931548,-0.037621,0.000164,-0.362327,0.93879,0.004579,0.045328,-0.339753,-0.665824,0.461173,-0.284503,0.512016
0.931407,-0.03769,0.000163,-0.362683,0.938574,0.003332,0.044309,-0.340555,-0.666046,0.461012,-0.284487,0.51188
0.931276,-0.037959,9e-05,-0.363,0.938481,0.001751,0.043239,-0.341026,-0.666108,0.461049,-0.284652,0.511668
0.931133,-0.038486,4.8e-05,-0.363322,0.938608,-0.000208,0.042355,-0.340863,-0.666009,0.461249,-0.284968,0.511438
0.931033,-0.039196,0.000103,-0.363515,0.938975,-0.002284,0.041766,-0.339981,-0.665741,0.461561,-0.285391,0.511265
0.930984,-0.04008,0.000259,-0.363555,0.939462,-0.004088,0.04155,-0.338688,-0.665381,0.462015,-0.285848,0.511061
0.930959,-0.041122,0.000369,-0.363515,0.93997,-0.005436,0.041712,-0.337259,-0.6649,0.462548,-0.286287,0.510956
0.930967,-0.041995,0.000447,-0.36341,0.940425,-0.005949,0.042161,-0.335923,-0.664374,0.46306,-0.286638,0.510978
0.931032,-0.042405,0.000516,-0.363202,0.940776,-0.005487,0.042998,-0.334802,-0.663765,0.463668,-0.286901,0.511072
0.931158,-0.042101,0.000431,-0.362911,0.941062,-0.004309,0.044024,-0.333826,-0.663172,0.464201,-0.287113,0.511242
0.931334,-0.041169,6e-06,-0.362564,0.941262,-0.002533,0.045118,-0.333061,-0.662581,0.464669,-0.287262,0.511502
0.931556,-0.039777,-0.000515,-0.36214,0.94138,-0.00013,0.046169,-0.33251,-0.662136,0.464987,-0.287294,0.511777
0.931747,-0.038205,-0.001031,-0.361807,0.941393,0.002486,0.047235,-0.332225,-0.661833,0.465178,-0.287143,0.512085
0.93189,-0.03677,-0.001534,-0.361572,0.941333,0.005157,0.04825,-0.332131,-0.661725,0.465197,-0.286858,0.512373
0.931974,-0.035721,-0.001939,-0.361455,0.941225,0.007803,0.048979,-0.332199,-0.661898,0.465024,-0.28637,0.512588
0.931988,-0.035164,-0.002252,-0.361473,0.9411,0.009965,0.048893,-0.332468,-0.662356,0.46463,-0.285745,0.512714
0.931976,-0.035111,-0.002412,-0.361512,0.940861,0.011054,0.04801,-0.333244,-0.662909,0.464204,-0.285032,0.512795
0.931945,-0.035457,-0.002585,-0.361566,0.940474,0.010615,0.046611,-0.334598,-0.663485,0.463813,-0.284372,0.512782
0.931859,-0.035974,-0.002774,-0.361752,0.940185,0.008825,0.044598,-0.33584,-0.663981,0.463626,-0.283815,0.512629
0.931728,-0.036733,-0.003036,-0.362034,0.94007,0.006176,0.042268,-0.336653,-0.664379,0.4636,-0.283466,0.512338
0.93157,-0.037892,-0.003347,-0.362353,0.940068,0.002846,0.039896,-0.337144,-0.664661,0.463775,-0.283268,0.511933
0.931391,-0.039509,-0.003651,-0.362678,0.940088,-0.00038,0.037692,-0.337492,-0.664859,0.46398,-0.283186,0.511539
0.931203,-0.041256,-0.004008,-0.363006,0.940226,-0.003451,0.03588,-0.337413,-0.665024,0.464257,-0.283087,0.511136
0.931018,-0.042945,-0.004433,-0.363326,0.940445,-0.005869,0.0346,-0.336994,-0.665128,0.464481,-0.282943,0.510884
0.930884,-0.044082,-0.004982,-0.363564,0.940747,-0.007407,0.03397,-0.336239,-0.665039,0.464732,-0.282912,0.510793
0.930792,-0.044447,-0.005644,-0.363776,0.941036,-0.008093,0.033948,-0.335432,-0.664727,0.465154,-0.282948,0.5108
0.93076,-0.043933,-0.006377,-0.363921,0.941269,-0.007828,0.034356,-0.334722,-0.664245,0.465673,-0.283057,0.510898
0.930796,-0.042712,-0.007242,-0.363969,0.941409,-0.006477,0.035253,-0.334206,-0.663628,0.466273,-0.283208,0.511074
0.930904,-0.041071,-0.008038,-0.363859,0.941414,-0.00425,0.036652,-0.333984,-0.662962,0.466882,-0.283432,0.511261
0.931041,-0.039364,-0.008553,-0.363671,0.941358,-0.001613,0.038259,-0.333878,-0.662334,0.467404,-0.283664,0.511471
0.931208,-0.037998,-0.008663,-0.363365,0.941211,0.000909,0.039742,-0.334019,-0.661815,0.467772,-0.283784,0.511741
0.931435,-0.037173,-0.008412,-0.362851,0.941012,0.002451,0.040773,-0.334379,-0.661348,0.468079,-0.283901,0.511999
0.931601,-0.037221,-0.007669,-0.362411,0.940787,0.002655,0.041146,-0.334945,-0.660897,0.468415,-0.28403,0.512206
0.931703,-0.038135,-0.006639,-0.362055,0.940534,0.001584,0.041242,-0.335667,-0.660504,0.468654,-0.284187,0.512406
0.931795,-0.039676,-0.005396,-0.36166,0.940319,-0.000585,0.041228,-0.336315,-0.660151,0.468957,-0.28445,0.512436
0.931828,-0.041526,-0.004269,-0.361375,0.940192,-0.003284,0.04091,-0.336755,-0.659875,0.46918,-0.284703,0.512443
0.931818,-0.043506,-0.0033,-0.361185,0.940169,-0.006286,0.040194,-0.336947,-0.659726,0.469372,-0.284901,0.512347
0.931768,-0.045348,-0.002575,-0.361101,0.940261,-0.009256,0.039275,-0.336822,-0.659751,0.46947,-0.284943,0.512201
0.93169,-0.046878,-0.002256,-0.361129,0.94043,-0.011973,0.038212,-0.336474,-0.659986,0.469414,-0.284876,0.511989
0.93162,-0.047913,-0.002363,-0.361196,0.940707,-0.013781,0.037081,-0.335836,-0.660271,0.469238,-0.284669,0.5119
0.931579,-0.048172,-0.002918,-0.361287,0.941002,-0.014607,0.036146,-0.335125,-0.660641,0.468955,-0.284338,0.51187
0.931585,-0.047727,-0.003891,-0.361346,0.941312,-0.014062,0.035543,-0.334353,-0.661106,0.468566,-0.283844,0.511908
0.931547,-0.046642,-0.004921,-0.361587,0.941563,-0.012053,0.035452,-0.333701,-0.661552,0.468221,-0.28322,0.512003
0.931517,-0.044877,-0.006048,-0.361876,0.941733,-0.009248,0.036014,-0.333176,-0.661854,0.467929,-0.282717,0.512167
0.931479,-0.042829,-0.007115,-0.362201,0.94186,-0.006099,0.037049,-0.332679,-0.662142,0.467635,-0.282247,0.51233
0.931453,-0.040924,-0.007899,-0.362462,0.941945,-0.003035,0.038046,-0.33227,-0.662257,0.467467,-0.281935,0.512512
0.931462,-0.03948,-0.008207,-0.362576,0.94191,-0.000595,0.038507,-0.332267,-0.662137,0.467599,-0.281846,0.512599
0.931523,-0.038761,-0.008084,-0.362481,0.941677,0.000516,0.038239,-0.332944,-0.6618,0.467935,-0.282111,0.512581
0.931646,-0.038929,-0.007628,-0.362146,0.941287,0.000214,0.037483,-0.334159,-0.661277,0.468474,-0.282713,0.512424
0.931741,-0.039744,-0.006953,-0.361819,0.940871,-0.001272,0.036595,-0.335481,-0.660658,0.469116,-0.283578,0.512143
0.93179,-0.041033,-0.006119,-0.361559,0.940553,-0.003685,0.035536,-0.336551,-0.660038,0.469735,-0.284554,0.511819
0.931778,-0.042524,-0.005316,-0.361431,0.940348,-0.006468,0.034462,-0.337283,-0.65954,0.47032,-0.285453,0.511409
0.931744,-0.044189,-0.004593,-0.361334,0.940331,-0.009291,0.03335,-0.337469,-0.659185,0.470785,-0.286187,0.511017
0.931678,-0.045799,-0.003986,-0.361323,0.940435,-0.011769,0.032245,-0.337298,-0.658994,0.471121,-0.28672,0.510646
0.931599,-0.047164,-0.003519,-0.361364,0.940596,-0.013799,0.031228,-0.336945,-0.658941,0.47132,-0.287008,0.510366
0.93152,-0.047973,-0.003514,-0.361476,0.940833,-0.015196,0.030641,-0.336326,-0.659032,0.471383,-0.287017,0.510187
0.931433,-0.048099,-0.004049,-0.361698,0.941139,-0.015719,0.030707,-0.335447,-0.659372,0.471192,-0.286794,0.510051
0.931327,-0.04764,-0.004784,-0.362042,0.941494,-0.015042,0.031269,-0.334396,-0.659907,0.470786,-0.286315,0.510009
0.931211,-0.046717,-0.005588,-0.362457,0.941763,-0.013234,0.032257,-0.333554,-0.660562,0.470216,-0.285665,0.51006
0.931115,-0.045372,-0.006372,-0.362862,0.941884,-0.010506,0.033578,-0.333075,-0.661224,0.469658,-0.284867,0.510175
0.931039,-0.043725,-0.00712,-0.363241,0.941957,-0.007413,0.034959,-0.332701,-0.661782,0.46916,-0.284105,0.510346
0.93102,-0.041774,-0.007816,-0.363492,0.942035,-0.004347,0.03605,-0.332321,-0.662069,0.468893,-0.283497,0.51057
0.93107,-0.039907,-0.008237,-0.363544,0.94207,-0.001465,0.036832,-0.332078,-0.662116,0.468791,-0.283214,0.510766
0.931222,-0.038303,-0.008358,-0.363299,0.942017,0.000781,0.037257,-0.332123,-0.661893,0.46888,-0.283347,0.510896
0.931408,-0.037243,-0.008229,-0.362911,0.941964,0.002162,0.037226,-0.332243,-0.661453,0.469135,-0.283774,0.510986
0.931603,-0.036903,-0.007894,-0.362435,0.941934,0.002316,0.036784,-0.332387,-0.660939,0.469466,-0.284318,0.511036
0.931806,-0.037216,-0.007292,-0.361879,0.941904,0.001276,0.035942,-0.332622,-0.660481,0.46975,-0.284903,0.511031
0.931997,-0.038077,-0.006602,-0.361303,0.941955,-0.000713,0.034826,-0.332678,-0.660135,0.469899,-0.285451,0.511023
0.932149,-0.039253,-0.00596,-0.360793,0.94202,-0.003401,0.033605,-0.332697,-0.659905,0.469994,-0.285858,0.510997
0.932249,-0.040428,-0.005415,-0.360417,0.942107,-0.006291,0.032314,-0.332639,-0.659788,0.470077,-0.286097,0.510933
0.932312,-0.041642,-0.004903,-0.36013,0.942276,-0.009316,0.031074,-0.332312,-0.659839,0.470024,-0.286125,0.510898
0.932339,-0.042729,-0.004515,-0.359946,0.94254,-0.012333,0.03007,-0.331653,-0.660031,0.469935,-0.285908,0.510859
0.932353,-0.043791,-0.004227,-0.359795,0.942879,-0.014785,0.029595,-0.330697,-0.660243,0.469854,-0.285552,0.510866
0.932352,-0.044727,-0.004257,-0.359701,0.943218,-0.016198,0.029941,-0.32965,-0.660475,0.469809,-0.285099,0.510871
0.932309,-0.045266,-0.004554,-0.359759,0.943567,-0.016277,0.031023,-0.32851,-0.660708,0.469776,-0.284677,0.510847
0.932239,-0.045067,-0.005092,-0.359973,0.943995,-0.014606,0.032885,-0.327077,-0.660894,0.469767,-0.284411,0.510769
0.93224,-0.043899,-0.005811,-0.360106,0.944348,-0.011158,0.035416,-0.32577,-0.661019,0.46975,-0.284194,0.510749
0.932344,-0.04159,-0.006625,-0.360084,0.944553,-0.006361,0.038027,-0.32482,-0.661059,0.469683,-0.284012,0.510863
0.932522,-0.03832,-0.007555,-0.359934,0.944628,-0.000517,0.040069,-0.32423,-0.661013,0.469622,-0.283854,0.511071
0.932819,-0.034302,-0.00842,-0.359506,0.944621,0.005403,0.04125,-0.323897,-0.661002,0.469396,-0.28378,0.511332
0.933172,-0.029924,-0.009241,-0.358905,0.94458,0.010744,0.041357,-0.323758,-0.660907,0.4692,-0.28384,0.511596
0.933515,-0.025886,-0.009743,-0.358254,0.944465,0.014888,0.040411,-0.324002,-0.660709,0.469008,-0.28408,0.511886
0.933864,-0.022658,-0.009906,-0.357502,0.944315,0.017474,0.038708,-0.324526,-0.660411,0.468853,-0.284451,0.512193
0.934212,-0.020578,-0.009784,-0.356677,0.944161,0.018451,0.036661,-0.32521,-0.660061,0.468757,-0.284885,0.512478
0.93449,-0.019961,-0.009441,-0.35597,0.944099,0.017259,0.03463,-0.325774,-0.65982,0.468656,-0.285255,0.512662
0.934693,-0.020827,-0.008902,-0.3554,0.944151,0.014247,0.032802,-0.326083,-0.659778,0.468458,-0.285437,0.512789
0.934776,-0.022912,-0.008164,-0.355083,0.944339,0.00991,0.031293,-0.325988,-0.659826,0.468206,-0.285488,0.512924
0.934745,-0.02604,-0.007299,-0.354999,0.944561,0.004855,0.030232,-0.325699,-0.660008,0.46794,-0.285403,0.512979
0.934597,-0.029706,-0.006385,-0.355156,0.944737,-0.00037,0.029586,-0.32541,-0.660214,0.46778,-0.28522,0.512964
0.934381,-0.03355,-0.00575,-0.355444,0.944818,-0.005334,0.029513,-0.32524,-0.660412,0.467745,-0.284984,0.512878
0.934082,-0.036999,-0.005393,-0.355944,0.944795,-0.00932,0.030501,-0.32517,-0.660607,0.467775,-0.284749,0.512736
0.933693,-0.039566,-0.005354,-0.356737,0.944765,-0.011506,0.032288,-0.324995,-0.660835,0.467854,-0.284456,0.512542
0.933245,-0.040725,-0.005705,-0.357806,0.944783,-0.01121,0.034662,-0.324616,-0.661053,0.467917,-0.284186,0.512361
0.932846,-0.040331,-0.006503,-0.358895,0.944699,-0.008444,0.037249,-0.324508,-0.661239,0.467937,-0.283919,0.512257
0.932556,-0.038495,-0.00743,-0.359829,0.944378,-0.003359,0.039736,-0.325049,-0.661418,0.467942,-0.28371,0.512143
0.932372,-0.035518,-0.008379,-0.360569,0.943889,0.003294,0.041103,-0.326112,-0.661528,0.467895,-0.283589,0.512113
0.93228,-0.031814,-0.009327,-0.361091,0.943292,0.009871,0.04103,-0.327581,-0.661481,0.467868,-0.283655,0.512162
0.932267,-0.027941,-0.010209,-0.361379,0.942672,0.015302,0.039367,-0.329303,-0.661265,0.467922,-0.28404,0.512167
0.932303,-0.024646,-0.010913,-0.361468,0.942137,0.019054,0.036947,-0.330923,-0.660919,0.468019,-0.284621,0.512191
0.932342,-0.022661,-0.011166,-0.361459,0.941704,0.020392,0.034255,-0.332428,-0.660452,0.468198,-0.285322,0.512223
0.932325,-0.022558,-0.010871,-0.361508,0.941333,0.018885,0.031757,-0.333926,-0.659973,0.468397,-0.285944,0.512299
0.932259,-0.024446,-0.010157,-0.361586,0.941073,0.014774,0.029692,-0.335206,-0.659493,0.468659,-0.286484,0.512365
0.932117,-0.028132,-0.009085,-0.361748,0.941005,0.008463,0.028339,-0.335901,-0.658936,0.469133,-0.286919,0.512401
0.931881,-0.033363,-0.007627,-0.361991,0.941031,0.000936,0.027791,-0.336147,-0.658378,0.469768,-0.287263,0.512343
0.931552,-0.03961,-0.006069,-0.362303,0.941041,-0.007337,0.028126,-0.336162,-0.657774,0.470579,-0.287583,0.5122
0.931151,-0.046217,-0.004698,-0.36265,0.940876,-0.015306,0.029435,-0.336354,-0.657261,0.47129,-0.287791,0.512092
0.930661,-0.0521,-0.003735,-0.363196,0.940595,-0.021486,0.031754,-0.336627,-0.656887,0.471947,-0.287825,0.511956
0.93016,-0.056022,-0.003275,-0.363958,0.940349,-0.024394,0.034649,-0.336786,-0.656676,0.472424,-0.287648,0.511899
0.92981,-0.057017,-0.003586,-0.364724,0.940148,-0.023688,0.037596,-0.336962,-0.656669,0.472621,-0.287323,0.511919
0.929727,-0.054947,-0.004623,-0.36524,0.939902,-0.020109,0.039733,-0.33749,-0.656914,0.472526,-0.286828,0.511982
0.929887,-0.050484,-0.005979,-0.365419,0.939576,-0.014128,0.040253,-0.338499,-0.657353,0.472155,-0.286226,0.512107
0.930243,-0.04423,-0.007619,-0.365232,0.939192,-0.006447,0.038937,-0.339845,-0.657877,0.471578,-0.285694,0.512269
0.930616,-0.037303,-0.009377,-0.364943,0.938732,0.001535,0.036366,-0.341387,-0.65841,0.470899,-0.285291,0.512434
0.930955,-0.030904,-0.011,-0.364567,0.938307,0.008677,0.033449,-0.342703,-0.658949,0.470112,-0.285086,0.51257
0.93129,-0.025919,-0.012151,-0.36401,0.938019,0.014446,0.030544,-0.343554,-0.65941,0.46936,-0.285004,0.512702
0.931509,-0.022805,-0.012726,-0.363598,0.937905,0.017794,0.028189,-0.343931,-0.659901,0.468481,-0.284887,0.51293
0.931635,-0.021937,-0.012626,-0.363312,0.938041,0.01824,0.026436,-0.343727,-0.660276,0.467761,-0.284751,0.513174
0.931707,-0.02337,-0.011861,-0.363064,0.938406,0.01581,0.025456,-0.343007,-0.660576,0.467163,-0.284649,0.513382
0.931687,-0.026548,-0.010652,-0.362954,0.938977,0.011107,0.025139,-0.341756,-0.660695,0.466832,-0.284654,0.513523
0.931562,-0.031153,-0.009073,-0.362983,0.939681,0.005012,0.02581,-0.340006,-0.660609,0.466893,-0.284648,0.513582
0.93136,-0.036454,-0.007458,-0.363088,0.940385,-0.001691,0.027545,-0.338025,-0.660351,0.467202,-0.284818,0.513537
0.931104,-0.042013,-0.006058,-0.363229,0.940852,-0.008359,0.030288,-0.336422,-0.660029,0.467707,-0.28499,0.5134
0.93079,-0.047247,-0.004885,-0.363466,0.940977,-0.014051,0.033961,-0.335512,-0.659659,0.468322,-0.285196,0.513204
0.930475,-0.051238,-0.004086,-0.36379,0.940903,-0.017877,0.038168,-0.335015,-0.65926,0.468959,-0.285327,0.513069
0.930197,-0.053228,-0.003758,-0.364243,0.940717,-0.019317,0.042394,-0.334827,-0.6589,0.469589,-0.285303,0.512979
0.930057,-0.05299,-0.003782,-0.364631,0.940536,-0.018025,0.045964,-0.334783,-0.658613,0.470132,-0.28523,0.5129
0.930131,-0.050983,-0.003977,-0.364698,0.940398,-0.014509,0.048423,-0.334841,-0.658401,0.470581,-0.285158,0.512809
0.930272,-0.04807,-0.004345,-0.364686,0.940235,-0.010376,0.049113,-0.335241,-0.658173,0.471003,-0.285164,0.512717
0.930474,-0.045259,-0.004613,-0.364484,0.94002,-0.007024,0.047821,-0.336096,-0.657997,0.471349,-0.285196,0.512611
0.930745,-0.043238,-0.004826,-0.364004,0.939719,-0.005264,0.045457,-0.337344,-0.657788,0.471645,-0.285394,0.512498
0.931013,-0.042366,-0.004844,-0.363404,0.939442,-0.005263,0.042648,-0.338574,-0.657592,0.471879,-0.285598,0.512416
0.931182,-0.042588,-0.004756,-0.362946,0.939315,-0.007012,0.040089,-0.339329,-0.657439,0.472013,-0.285834,0.512354
0.931237,-0.043898,-0.004553,-0.362669,0.939484,-0.010132,0.037769,-0.339192,-0.657356,0.472051,-0.285879,0.5124
0.931173,-0.046126,-0.004252,-0.362593,0.939878,-0.014052,0.036198,-0.338265,-0.657382,0.471923,-0.285732,0.512569
0.931024,-0.048812,-0.003963,-0.362665,0.940431,-0.018433,0.035519,-0.336698,-0.657452,0.471817,-0.285409,0.512763
0.930778,-0.051658,-0.003955,-0.362957,0.941152,-0.022557,0.035827,-0.334464,-0.657561,0.471827,-0.284956,0.512877
0.930474,-0.054187,-0.004382,-0.363424,0.941803,-0.025311,0.037122,-0.3323,-0.65775,0.47183,-0.284362,0.512977
0.930106,-0.055955,-0.005183,-0.364147,0.942167,-0.025781,0.039082,-0.330947,-0.657953,0.471925,-0.283627,0.513057
0.929795,-0.056138,-0.006184,-0.364937,0.942272,-0.02365,0.041762,-0.330341,-0.658149,0.472009,-0.28279,0.513213
0.9296,-0.054291,-0.007644,-0.365698,0.9421,-0.019576,0.044562,-0.330549,-0.658335,0.472115,-0.281886,0.513399
0.929587,-0.050774,-0.009385,-0.36619,0.941819,-0.013816,0.04687,-0.331124,-0.658496,0.472241,-0.281034,0.513566
0.929626,-0.046348,-0.011064,-0.366607,0.941541,-0.007238,0.047831,-0.33182,-0.658517,0.472534,-0.280423,0.513623
0.92977,-0.041783,-0.012709,-0.366707,0.941216,-0.000664,0.046972,-0.332842,-0.658439,0.47279,-0.280097,0.513678
0.929964,-0.037821,-0.014248,-0.366565,0.940855,0.00471,0.044446,-0.334155,-0.658232,0.472967,-0.280087,0.513787
0.930236,-0.035241,-0.015482,-0.366078,0.940434,0.008028,0.040719,-0.335808,-0.657989,0.473034,-0.280291,0.513921
0.930514,-0.034241,-0.016296,-0.365438,0.940073,0.00878,0.037025,-0.337339,-0.657684,0.472995,-0.280623,0.514158
0.930714,-0.03453,-0.016639,-0.364903,0.940099,0.006928,0.03379,-0.337796,-0.657379,0.472861,-0.280929,0.514494
0.9308,-0.036122,-0.016563,-0.36456,0.940512,0.003082,0.031106,-0.337135,-0.657172,0.472607,-0.281153,0.51486
0.930763,-0.038984,-0.016089,-0.364417,0.941137,-0.002129,0.029246,-0.335731,-0.657065,0.472296,-0.281138,0.515284
0.930627,-0.042824,-0.015244,-0.36441,0.941765,-0.007892,0.028289,-0.334111,-0.657053,0.472005,-0.280901,0.515696
0.930393,-0.047005,-0.014346,-0.364578,0.942158,-0.013596,0.028496,-0.332906,-0.65713,0.47177,-0.280485,0.516048
0.930064,-0.051195,-0.013609,-0.364934,0.942199,-0.018267,0.029976,-0.332476,-0.657233,0.471649,-0.279904,0.516353
0.92963,-0.054687,-0.013002,-0.365602,0.94193,-0.0212,0.032529,-0.332792,-0.657426,0.471625,-0.279223,0.516518
0.929173,-0.056616,-0.012508,-0.366506,0.941466,-0.022046,0.035879,-0.333599,-0.657566,0.471659,-0.27855,0.516689
0.928788,-0.056843,-0.012339,-0.36745,0.940974,-0.020667,0.039456,-0.334514,-0.657679,0.471769,-0.277951,0.516783
0.928575,-0.055806,-0.012315,-0.36813,0.940428,-0.0175,0.042545,-0.335674,-0.657714,0.471935,-0.277634,0.516768
0.928484,-0.053851,-0.012502,-0.368615,0.939836,-0.013605,0.044301,-0.337143,-0.657634,0.472205,-0.277634,0.516628
0.928469,-0.051436,-0.012868,-0.368951,0.939266,-0.009818,0.044112,-0.33881,-0.657501,0.472471,-0.277953,0.516378
0.928563,-0.049213,-0.013405,-0.368976,0.938736,-0.006572,0.042296,-0.340581,-0.657253,0.472688,-0.278631,0.516116
0.928698,-0.047181,-0.014173,-0.36886,0.938292,-0.004233,0.03964,-0.342205,-0.657035,0.472721,-0.279552,0.515843
0.928822,-0.045689,-0.014739,-0.368706,0.938117,-0.003123,0.036857,-0.343078,-0.656883,0.472639,-0.280433,0.51561
0.928864,-0.044965,-0.015003,-0.368675,0.938325,-0.003511,0.034319,-0.342866,-0.656865,0.472378,-0.281136,0.515467
0.928798,-0.045328,-0.014933,-0.368802,0.938827,-0.005536,0.031966,-0.341813,-0.656983,0.471961,-0.281552,0.515454
0.928668,-0.046763,-0.014447,-0.368982,0.939423,-0.008819,0.030196,-0.340395,-0.657153,0.47152,-0.28166,0.515572
0.928492,-0.048923,-0.013584,-0.369186,0.939986,-0.012936,0.029426,-0.338882,-0.657332,0.471123,-0.281609,0.515731
0.928247,-0.051393,-0.012631,-0.369515,0.940507,-0.016998,0.029694,-0.337302,-0.657454,0.470899,-0.281552,0.515809
0.927958,-0.054015,-0.01172,-0.369915,0.94087,-0.020413,0.031136,-0.335985,-0.657481,0.470877,-0.281466,0.515844
0.927655,-0.056604,-0.0109,-0.370333,0.940883,-0.022928,0.033555,-0.335516,-0.657454,0.471032,-0.281348,0.515806
0.927374,-0.058611,-0.010118,-0.370758,0.940576,-0.024064,0.036299,-0.335938,-0.65738,0.471188,-0.281252,0.515815
0.927211,-0.059577,-0.009515,-0.371026,0.94009,-0.023925,0.03877,-0.33694,-0.657262,0.4714,-0.28115,0.515834
0.927197,-0.059238,-0.009251,-0.371106,0.93954,-0.022167,0.040655,-0.338264,-0.65706,0.471692,-0.281161,0.515822
0.927306,-0.057455,-0.009302,-0.371083,0.939042,-0.019008,0.041378,-0.339659,-0.656876,0.471903,-0.281267,0.515806
0.927577,-0.054906,-0.009657,-0.370746,0.938581,-0.015342,0.040829,-0.341128,-0.656702,0.472013,-0.281508,0.515791
0.927936,-0.051979,-0.010214,-0.370221,0.938219,-0.011937,0.039026,-0.342461,-0.656538,0.472014,-0.281867,0.515794
0.928322,-0.049198,-0.010878,-0.369583,0.937994,-0.009036,0.036715,-0.343446,-0.656454,0.471926,-0.282216,0.51578
0.92868,-0.046815,-0.011463,-0.368951,0.937959,-0.007204,0.034348,-0.343873,-0.65645,0.471694,-0.282466,0.515851
0.928949,-0.045205,-0.011927,-0.368441,0.938247,-0.006921,0.03227,-0.343362,-0.656564,0.471364,-0.282559,0.515948
0.929091,-0.044762,-0.01215,-0.368131,0.938817,-0.008099,0.030561,-0.342017,-0.656804,0.470942,-0.282455,0.516082
0.929099,-0.045717,-0.012072,-0.368012,0.939475,-0.010721,0.029429,-0.340327,-0.657076,0.470548,-0.282166,0.516254
0.928984,-0.047698,-0.011688,-0.368087,0.940079,-0.013977,0.028956,-0.338661,-0.657315,0.470302,-0.281716,0.516428
0.928815,-0.050306,-0.01119,-0.368212,0.940539,-0.017226,0.029309,-0.337253,-0.657524,0.470211,-0.281293,0.516485
0.928619,-0.052853,-0.010831,-0.368396,0.940748,-0.019969,0.030496,-0.336427,-0.6576,0.470396,-0.280849,0.516476
0.928389,-0.055013,-0.010854,-0.368701,0.940626,-0.021948,0.032192,-0.336465,-0.657579,0.470711,-0.280449,0.516446
0.928148,-0.056408,-0.010946,-0.369121,0.940304,-0.022622,0.034082,-0.337078,-0.657524,0.471094,-0.280082,0.516381
0.92801,-0.056494,-0.011063,-0.369459,0.939985,-0.02174,0.035408,-0.337824,-0.657365,0.471492,-0.279864,0.51635
0.927998,-0.055578,-0.011463,-0.36961,0.939619,-0.019558,0.035747,-0.338879,-0.657167,0.471945,-0.279756,0.516258
0.928116,-0.053959,-0.012132,-0.369526,0.939237,-0.016254,0.035277,-0.340111,-0.656921,0.472402,-0.279896,0.516078
0.928316,-0.051771,-0.012925,-0.369297,0.938891,-0.012539,0.034203,-0.341295,-0.656697,0.472708,-0.280085,0.515981
0.928563,-0.049499,-0.013752,-0.36894,0.938616,-0.009261,0.032855,-0.342267,-0.656517,0.472855,-0.280252,0.515983
0.928801,-0.047554,-0.014504,-0.368559,0.938462,-0.006816,0.03187,-0.342829,-0.656483,0.4728,-0.280273,0.516065
0.928952,-0.046375,-0.01496,-0.368301,0.938493,-0.005328,0.031402,-0.3428,-0.656467,0.47267,-0.280213,0.516236
0.929053,-0.046155,-0.014922,-0.368071,0.938648,-0.005095,0.031223,-0.342396,-0.656493,0.472486,-0.280064,0.516454
0.929076,-0.047008,-0.01456,-0.367924,0.93895,-0.006317,0.031402,-0.341551,-0.656448,0.472397,-0.27988,0.516694
0.929014,-0.048624,-0.01394,-0.367904,0.939467,-0.008385,0.032023,-0.340046,-0.656268,0.472565,-0.279781,0.516826
0.928915,-0.050893,-0.013115,-0.367891,0.940068,-0.011028,0.033053,-0.338223,-0.655998,0.472871,-0.27977,0.516901
0.928809,-0.053556,-0.01223,-0.367831,0.940437,-0.013895,0.034196,-0.336994,-0.655635,0.473341,-0.279807,0.516917
0.928704,-0.056262,-0.011541,-0.367739,0.940468,-0.016862,0.035452,-0.336654,-0.655339,0.47381,-0.279803,0.516871
0.92857,-0.058511,-0.011087,-0.367771,0.940314,-0.019403,0.03681,-0.336807,-0.655127,0.474206,-0.279782,0.516795
0.928427,-0.059969,-0.010988,-0.36792,0.940049,-0.020908,0.038152,-0.337286,-0.654947,0.474606,-0.279675,0.516723
0.928315,-0.060406,-0.011292,-0.368142,0.939751,-0.021112,0.039173,-0.337953,-0.654808,0.47498,-0.279532,0.516642
0.928348,-0.059504,-0.01198,-0.368192,0.939391,-0.019942,0.039602,-0.338931,-0.654717,0.475309,-0.279334,0.51657
0.928515,-0.057583,-0.01296,-0.36804,0.939041,-0.017811,0.039019,-0.340065,-0.654728,0.475491,-0.279125,0.51651
0.92871,-0.054898,-0.014103,-0.367905,0.938712,-0.014828,0.037386,-0.341295,-0.654876,0.475512,-0.278974,0.516389
0.928903,-0.051653,-0.015565,-0.367817,0.938432,-0.011127,0.03517,-0.342443,-0.655174,0.475336,-0.278744,0.516301
0.929095,-0.048197,-0.017112,-0.367719,0.938206,-0.006926,0.032811,-0.343403,-0.655664,0.4749,-0.278356,0.516293
0.929226,-0.045108,-0.01847,-0.367702,0.938075,-0.00286,0.030664,-0.344014,-0.656285,0.474284,-0.277877,0.516333
0.929286,-0.042575,-0.019612,-0.367786,0.938146,0.00047,0.028685,-0.344008,-0.65693,0.473594,-0.277366,0.516423
0.929261,-0.041088,-0.0203,-0.367976,0.93845,0.00235,0.027217,-0.343305,-0.657496,0.472933,-0.276947,0.516535
0.929221,-0.040977,-0.02043,-0.368084,0.938878,0.0024,0.026338,-0.342232,-0.657834,0.472502,-0.276634,0.516668
0.929109,-0.042296,-0.020089,-0.368251,0.939321,0.000642,0.026169,-0.341079,-0.657869,0.47239,-0.276481,0.516809
0.928934,-0.044771,-0.019325,-0.368459,0.939793,-0.002652,0.026637,-0.339779,-0.657678,0.472514,-0.27659,0.51688
0.928696,-0.048074,-0.018301,-0.368725,0.940208,-0.007005,0.027734,-0.338528,-0.657301,0.472876,-0.276853,0.516887
0.928445,-0.051737,-0.017279,-0.368943,0.940496,-0.011528,0.029363,-0.337494,-0.656808,0.473433,-0.277277,0.516774
0.928179,-0.055563,-0.01633,-0.369138,0.940538,-0.016067,0.03134,-0.337036,-0.656287,0.474038,-0.277696,0.516654
0.927876,-0.059064,-0.015548,-0.369429,0.940354,-0.019932,0.03336,-0.337152,-0.655828,0.474612,-0.27804,0.516524
0.927637,-0.061442,-0.015147,-0.369688,0.939968,-0.022079,0.03532,-0.337868,-0.655493,0.47512,-0.278177,0.516413
0.927514,-0.061986,-0.01521,-0.369916,0.939535,-0.022141,0.036863,-0.338847,-0.655259,0.475591,-0.278136,0.516306
0.927567,-0.060631,-0.015699,-0.369979,0.939104,-0.019895,0.037474,-0.340044,-0.655184,0.475831,-0.278033,0.516241
0.927829,-0.057721,-0.016667,-0.369724,0.938597,-0.015786,0.036923,-0.341652,-0.65524,0.475852,-0.277782,0.516292
0.928155,-0.053461,-0.018035,-0.369449,0.938125,-0.010529,0.035233,-0.34328,-0.655404,0.475656,-0.27754,0.516399
0.92851,-0.048853,-0.019599,-0.369083,0.937863,-0.005,0.032861,-0.344327,-0.655653,0.47533,-0.277321,0.5165
0.928815,-0.044713,-0.021017,-0.368731,0.937811,-5.8e-05,0.0305,-0.344709,-0.655985,0.474918,-0.276992,0.516637
0.929077,-0.041669,-0.022055,-0.368345,0.937963,0.0037,0.028423,-0.344453,-0.656304,0.474483,-0.276574,0.516859
0.929228,-0.040229,-0.022549,-0.368084,0.938321,0.005455,0.026943,-0.343593,-0.656552,0.474117,-0.27618,0.517097
0.929326,-0.04059,-0.022431,-0.367807,0.938832,0.005001,0.026073,-0.34231,-0.656674,0.473926,-0.27581,0.51732
0.929326,-0.042604,-0.021755,-0.367632,0.939435,0.002565,0.025749,-0.340764,-0.656598,0.473967,-0.27569,0.517446
0.929251,-0.04576,-0.020743,-0.367527,0.940077,-0.001223,0.026127,-0.339032,-0.656339,0.474239,-0.275711,0.517517
0.929128,-0.049675,-0.019576,-0.367425,0.940599,-0.005784,0.027175,-0.337507,-0.655966,0.474702,-0.275784,0.517533
0.928995,-0.053807,-0.018477,-0.367277,0.940853,-0.010631,0.028809,-0.33658,-0.655512,0.475225,-0.275969,0.517533
0.928816,-0.057671,-0.017586,-0.36723,0.940732,-0.015231,0.030768,-0.336591,-0.655201,0.475675,-0.276027,0.517486
0.928631,-0.060652,-0.01695,-0.367279,0.940309,-0.01909,0.032976,-0.337363,-0.655088,0.475941,-0.27591,0.517454
0.92844,-0.062347,-0.01659,-0.367515,0.939837,-0.021466,0.035201,-0.338275,-0.655126,0.476063,-0.275648,0.517443
0.928358,-0.062733,-0.016435,-0.367666,0.939473,-0.021858,0.036776,-0.339045,-0.655289,0.476094,-0.275293,0.517407
0.928396,-0.061913,-0.016537,-0.367693,0.939199,-0.020481,0.037174,-0.3398,-0.655433,0.476155,-0.274983,0.517341
0.928537,-0.060292,-0.016965,-0.367571,0.938982,-0.018019,0.036272,-0.340619,-0.655569,0.476194,-0.274799,0.517236
0.92875,-0.058239,-0.017477,-0.367317,0.938851,-0.015038,0.034563,-0.341303,-0.65567,0.476193,-0.27477,0.517124
0.929009,-0.056122,-0.018022,-0.366944,0.938809,-0.012098,0.032655,-0.341731,-0.655697,0.476166,-0.27492,0.517032
0.929272,-0.054206,-0.018589,-0.366521,0.938944,-0.009712,0.030864,-0.341622,-0.655685,0.476131,-0.275104,0.516976
0.92946,-0.052863,-0.01904,-0.366207,0.939278,-0.008077,0.029311,-0.340904,-0.655664,0.476037,-0.275357,0.516947
0.92959,-0.052303,-0.019216,-0.365945,0.939809,-0.00755,0.028042,-0.339595,-0.655652,0.475884,-0.275629,0.516949
0.92968,-0.052653,-0.019198,-0.365671,0.940452,-0.007924,0.027264,-0.337904,-0.65567,0.475747,-0.275788,0.516962
0.929697,-0.053668,-0.018997,-0.365502,0.941063,-0.009103,0.026955,-0.336229,-0.65568,0.475629,-0.275861,0.517015
0.929608,-0.054918,-0.018765,-0.365569,0.941625,-0.010762,0.027437,-0.33458,-0.655723,0.475523,-0.275963,0.516999
0.929454,-0.05616,-0.018614,-0.365802,0.942066,-0.012034,0.028536,-0.33319,-0.65576,0.475511,-0.275998,0.516945
0.929274,-0.056995,-0.018556,-0.366144,0.942284,-0.012624,0.030251,-0.332354,-0.655899,0.475478,-0.275942,0.516828
0.929076,-0.057307,-0.018554,-0.366606,0.942275,-0.012074,0.032314,-0.33212,-0.656086,0.475385,-0.275768,0.516772
0.928936,-0.057014,-0.018562,-0.366999,0.942085,-0.010907,0.034358,-0.332399,-0.656231,0.475329,-0.275628,0.516716
0.928883,-0.056222,-0.018678,-0.367238,0.941649,-0.009504,0.035966,-0.333417,-0.656337,0.475334,-0.275542,0.516626
0.92883,-0.055169,-0.018705,-0.367514,0.9411,-0.008468,0.037042,-0.334813,-0.656395,0.475453,-0.275613,0.516406
0.928777,-0.054162,-0.018383,-0.367785,0.940596,-0.007988,0.037639,-0.336139,-0.656404,0.47558,-0.275832,0.516156
0.928715,-0.053835,-0.017753,-0.367992,0.940124,-0.008344,0.037702,-0.337441,-0.656373,0.475702,-0.276193,0.515883
0.928686,-0.05431,-0.0169,-0.368017,0.939691,-0.009368,0.037438,-0.338678,-0.656357,0.475757,-0.276668,0.515587
0.928647,-0.0554,-0.015954,-0.367983,0.939406,-0.010897,0.03702,-0.339505,-0.656291,0.475874,-0.277215,0.515257
0.928639,-0.056702,-0.014931,-0.367837,0.939341,-0.012732,0.036537,-0.339726,-0.656228,0.475984,-0.277789,0.514913
0.928686,-0.057876,-0.014007,-0.367562,0.939459,-0.014804,0.035823,-0.33946,-0.65613,0.476049,-0.27835,0.514662
0.928749,-0.058815,-0.01321,-0.367272,0.939699,-0.017045,0.034909,-0.338863,-0.655957,0.476131,-0.27889,0.514501
0.92887,-0.059407,-0.012745,-0.366884,0.940064,-0.019345,0.034203,-0.337868,-0.65587,0.476145,-0.279237,0.514402
0.928988,-0.059817,-0.012512,-0.366526,0.940538,-0.021311,0.033965,-0.336501,-0.655863,0.476035,-0.279462,0.514384
0.92908,-0.060002,-0.012521,-0.366265,0.941049,-0.022609,0.034324,-0.334964,-0.655939,0.475883,-0.279535,0.514384
0.929138,-0.059971,-0.012626,-0.366123,0.94148,-0.022794,0.035046,-0.333641,-0.656069,0.475714,-0.279411,0.514443
0.929218,-0.059576,-0.01273,-0.365979,0.941777,-0.021827,0.036089,-0.3327,-0.656203,0.475559,-0.279145,0.514565
0.929304,-0.058795,-0.012863,-0.365868,0.94196,-0.020077,0.037156,-0.332104,-0.656288,0.475485,-0.278846,0.514693
0.929419,-0.057858,-0.013056,-0.365709,0.94205,-0.017865,0.038225,-0.331772,-0.656406,0.475433,-0.278501,0.514786
0.929524,-0.056775,-0.013233,-0.365589,0.942054,-0.015868,0.039215,-0.331674,-0.656467,0.475512,-0.27837,0.514709
0.929643,-0.055931,-0.013291,-0.365402,0.942,-0.014292,0.040218,-0.33171,-0.656502,0.475676,-0.278319,0.514544
0.929732,-0.055494,-0.013179,-0.365234,0.941878,-0.013547,0.040869,-0.331969,-0.656558,0.475811,-0.278291,0.514366
0.929779,-0.055519,-0.012963,-0.365111,0.941796,-0.013599,0.041004,-0.332182,-0.656607,0.475966,-0.278307,0.514155
0.929808,-0.056031,-0.012656,-0.36497,0.941745,-0.014193,0.040727,-0.332356,-0.656688,0.476068,-0.278356,0.51393
0.929876,-0.056678,-0.012434,-0.364709,0.941756,-0.015116,0.040165,-0.332388,-0.656796,0.476158,-0.278387,0.513692
0.92995,-0.057406,-0.01226,-0.364418,0.941866,-0.01604,0.039347,-0.332181,-0.656833,0.476281,-0.278411,0.513519
0.930027,-0.057857,-0.012232,-0.364158,0.942068,-0.016875,0.038419,-0.331724,-0.656859,0.476347,-0.278389,0.513439
0.930143,-0.058092,-0.012265,-0.363828,0.942342,-0.017438,0.037475,-0.33107,-0.656888,0.476409,-0.278248,0.513425
0.930287,-0.05801,-0.012361,-0.363474,0.94267,-0.017886,0.036616,-0.330249,-0.656966,0.476332,-0.278092,0.513484
0.930452,-0.057837,-0.012526,-0.363073,0.943005,-0.018154,0.035879,-0.329389,-0.657,0.476275,-0.277873,0.513616
0.930637,-0.057802,-0.012813,-0.362604,0.943333,-0.018169,0.035323,-0.328532,-0.656957,0.476299,-0.277657,0.513772
0.930807,-0.057632,-0.013114,-0.362188,0.943598,-0.018025,0.035152,-0.327802,-0.656945,0.476345,-0.277445,0.513866
0.930984,-0.057412,-0.013453,-0.361761,0.943814,-0.017414,0.035413,-0.327163,-0.656885,0.476459,-0.27721,0.51397
0.931147,-0.057111,-0.013841,-0.361381,0.943899,-0.016427,0.036171,-0.326837,-0.65672,0.476597,-0.277009,0.514168
0.931337,-0.056537,-0.01422,-0.360969,0.943847,-0.015089,0.037165,-0.326882,-0.656642,0.476701,-0.276796,0.514291
0.931502,-0.055752,-0.014608,-0.36065,0.943838,-0.013499,0.0382,-0.326788,-0.656501,0.476826,-0.276692,0.514417
0.931666,-0.054892,-0.014937,-0.360338,0.943843,-0.011818,0.039049,-0.326675,-0.656398,0.476894,-0.276587,0.514547
0.931842,-0.0541,-0.015178,-0.359986,0.943685,-0.010443,0.039672,-0.327051,-0.656337,0.476993,-0.276424,0.514626
0.931989,-0.053438,-0.015278,-0.359691,0.943415,-0.009644,0.039871,-0.327802,-0.656373,0.477033,-0.276145,0.514701
0.932057,-0.053061,-0.015249,-0.359562,0.943176,-0.009598,0.039493,-0.328551,-0.656475,0.476989,-0.275919,0.514736
0.932074,-0.05311,-0.015124,-0.359514,0.942974,-0.010408,0.038805,-0.329226,-0.656647,0.476965,-0.275675,0.514676
0.932049,-0.0537,-0.014913,-0.359505,0.942819,-0.011972,0.037858,-0.329789,-0.65682,0.476987,-0.27551,0.514528
0.931984,-0.054724,-0.014661,-0.359539,0.942769,-0.0141,0.036692,-0.330063,-0.656999,0.477021,-0.275354,0.514356
0.931875,-0.056016,-0.014479,-0.359649,0.942782,-0.016445,0.035358,-0.330157,-0.657134,0.477116,-0.275246,0.514157
0.931758,-0.0572,-0.014488,-0.359785,0.942854,-0.018805,0.034035,-0.330057,-0.657223,0.47728,-0.275133,0.513957
0.931646,-0.05817,-0.014673,-0.35994,0.942993,-0.020966,0.032953,-0.329723,-0.657302,0.477444,-0.275029,0.513765
0.931554,-0.058887,-0.015004,-0.36007,0.943192,-0.022713,0.032325,-0.329159,-0.657319,0.477631,-0.274968,0.513605
0.931485,-0.059265,-0.015473,-0.360191,0.943463,-0.023849,0.032321,-0.328325,-0.657318,0.477801,-0.274839,0.513525
0.931407,-0.059347,-0.015984,-0.360376,0.943839,-0.023983,0.032907,-0.327157,-0.657279,0.47797,-0.274714,0.51349
0.931392,-0.059117,-0.016542,-0.360442,0.944273,-0.02311,0.033914,-0.325811,-0.657075,0.478173,-0.274533,0.513665
0.931451,-0.058684,-0.017015,-0.360347,0.94471,-0.02152,0.035346,-0.324419,-0.656773,0.478391,-0.274405,0.513923
0.931575,-0.057954,-0.017433,-0.360124,0.945079,-0.019312,0.037183,-0.323166,-0.656449,0.478578,-0.274361,0.51419
0.931776,-0.056909,-0.017687,-0.359746,0.945404,-0.016793,0.039403,-0.321961,-0.656098,0.478712,-0.274371,0.514511
0.931991,-0.055688,-0.01772,-0.359357,0.945703,-0.014256,0.041618,-0.320797,-0.655948,0.478471,-0.274258,0.514984
0.932237,-0.05452,-0.01755,-0.358878,0.945926,-0.011988,0.043347,-0.319895,-0.655956,0.477996,-0.273997,0.515554
0.932476,-0.053648,-0.017057,-0.358378,0.946016,-0.010461,0.044164,-0.319511,-0.656255,0.477152,-0.273382,0.516282
0.93271,-0.053347,-0.016346,-0.357814,0.945947,-0.009795,0.043998,-0.319751,-0.656726,0.476158,-0.272632,0.517003
0.932905,-0.053404,-0.015633,-0.357306,0.945751,-0.009931,0.043058,-0.320488,-0.657406,0.47502,-0.271727,0.517668
0.933076,-0.053677,-0.015028,-0.35683,0.94551,-0.010993,0.041599,-0.321429,-0.658205,0.473845,-0.270884,0.518177
0.933191,-0.053944,-0.01453,-0.356496,0.945229,-0.012682,0.040054,-0.322472,-0.659135,0.472605,-0.270024,0.51858
0.933202,-0.054172,-0.014213,-0.356437,0.945017,-0.014839,0.038626,-0.323269,-0.660218,0.471284,-0.269105,0.518886
0.933112,-0.054301,-0.01419,-0.356658,0.944913,-0.016906,0.037309,-0.323715,-0.66133,0.469995,-0.268165,0.51913
0.932931,-0.054265,-0.01449,-0.357135,0.944948,-0.018382,0.036263,-0.323721,-0.662364,0.468882,-0.267302,0.519269
0.932674,-0.054003,-0.015196,-0.357834,0.945088,-0.018919,0.035657,-0.323379,-0.663325,0.467946,-0.266512,0.5193
0.932372,-0.053303,-0.016169,-0.358706,0.945362,-0.018075,0.035468,-0.322639,-0.664128,0.467166,-0.265985,0.519248
0.932026,-0.05205,-0.017299,-0.359751,0.945689,-0.015307,0.035523,-0.321761,-0.664781,0.466676,-0.265614,0.519047
0.931703,-0.049832,-0.018783,-0.360836,0.945918,-0.010892,0.035694,-0.321154,-0.665275,0.466393,-0.265369,0.518795
0.931383,-0.046575,-0.020606,-0.361996,0.946012,-0.005065,0.035928,-0.320872,-0.665603,0.466276,-0.265285,0.518524
0.931121,-0.042263,-0.022553,-0.363068,0.945952,0.001503,0.03622,-0.320908,-0.665792,0.466255,-0.265273,0.518306
0.930909,-0.037507,-0.024294,-0.363994,0.945756,0.007917,0.035995,-0.321297,-0.665774,0.466413,-0.265439,0.5181
0.930714,-0.033639,-0.025487,-0.364759,0.945451,0.012946,0.034824,-0.322101,-0.665436,0.466826,-0.265918,0.51791
0.930607,-0.031428,-0.026075,-0.365164,0.945019,0.015518,0.03303,-0.323448,-0.664728,0.467615,-0.26689,0.517593
0.930606,-0.031552,-0.025945,-0.365162,0.944455,0.015299,0.031118,-0.325359,-0.663633,0.468815,-0.268337,0.517146
0.930622,-0.033727,-0.025062,-0.365,0.943752,0.01237,0.02943,-0.327785,-0.662321,0.470194,-0.270094,0.516636
0.930585,-0.037073,-0.023774,-0.364873,0.943146,0.007212,0.027799,-0.329976,-0.66086,0.471669,-0.271987,0.516144
0.930511,-0.041274,-0.022053,-0.36474,0.942772,0.000504,0.026574,-0.331395,-0.659489,0.473015,-0.273656,0.515758
0.930407,-0.045974,-0.020154,-0.364576,0.942594,-0.007158,0.026037,-0.332034,-0.65824,0.474192,-0.275145,0.51546
0.930282,-0.050907,-0.018225,-0.364368,0.942493,-0.014939,0.02601,-0.332218,-0.657184,0.475129,-0.276264,0.515329
0.930176,-0.055216,-0.016638,-0.364112,0.942462,-0.02166,0.026328,-0.332033,-0.656474,0.475724,-0.276979,0.515291
0.93007,-0.057916,-0.015883,-0.364022,0.942535,-0.025733,0.026893,-0.331552,-0.656207,0.475897,-0.277189,0.515358
0.929995,-0.058091,-0.016225,-0.364187,0.942882,-0.026236,0.027593,-0.330453,-0.656413,0.475626,-0.27681,0.515554
0.929978,-0.055722,-0.017512,-0.364539,0.943417,-0.023284,0.028297,-0.329,-0.657097,0.474865,-0.276002,0.515828
0.930024,-0.05133,-0.019552,-0.364952,0.943978,-0.017132,0.029044,-0.327555,-0.658241,0.473684,-0.274812,0.516103
0.930053,-0.045532,-0.02213,-0.36548,0.944379,-0.008837,0.029767,-0.326471,-0.659625,0.472387,-0.273372,0.516308
0.930011,-0.039264,-0.024918,-0.366111,0.944583,0.000785,0.030132,-0.32576,-0.661172,0.471013,-0.271732,0.516474
0.929948,-0.033185,-0.027598,-0.36666,0.944583,0.010033,0.030022,-0.325442,-0.662676,0.469758,-0.269969,0.51664
0.929875,-0.028148,-0.029732,-0.367075,0.944367,0.017514,0.028876,-0.325745,-0.663972,0.468714,-0.268317,0.516812
0.92984,-0.024923,-0.031023,-0.367274,0.943982,0.021806,0.026387,-0.326816,-0.66484,0.468036,-0.267095,0.516965
0.929947,-0.024156,-0.031521,-0.367017,0.943433,0.022259,0.023101,-0.328716,-0.665061,0.467913,-0.266505,0.517111
0.930143,-0.025801,-0.031209,-0.36645,0.942871,0.019088,0.020058,-0.330889,-0.664597,0.468432,-0.266706,0.517134
0.930286,-0.029194,-0.030407,-0.365936,0.94259,0.012928,0.017531,-0.332338,-0.663553,0.469492,-0.267641,0.517023
0.930396,-0.034055,-0.028983,-0.365393,0.942617,0.004733,0.015889,-0.33278,-0.662284,0.470667,-0.2688,0.516966
0.930467,-0.040086,-0.027071,-0.364795,0.942825,-0.004453,0.01542,-0.332414,-0.660892,0.47192,-0.270074,0.516928
0.930439,-0.046733,-0.024909,-0.364277,0.943083,-0.013334,0.016368,-0.331542,-0.659584,0.473049,-0.271177,0.516976
0.930334,-0.05296,-0.022895,-0.363875,0.943425,-0.020736,0.018871,-0.330107,-0.658481,0.473953,-0.271944,0.517145
0.930141,-0.057692,-0.02119,-0.36378,0.943948,-0.025157,0.02237,-0.328046,-0.657867,0.474448,-0.272144,0.517369
0.929974,-0.059717,-0.020159,-0.363944,0.944595,-0.025291,0.026287,-0.32574,-0.657665,0.474513,-0.271853,0.517727
0.929978,-0.058479,-0.019924,-0.364116,0.945094,-0.021397,0.030051,-0.324029,-0.65797,0.47403,-0.271079,0.5182
0.930118,-0.054562,-0.020517,-0.36428,0.9453,-0.014678,0.034075,-0.323125,-0.658752,0.473114,-0.269829,0.518714
0.930293,-0.048649,-0.021656,-0.364534,0.945223,-0.005952,0.037981,-0.322878,-0.659822,0.472127,-0.268361,0.519039
0.930409,-0.042096,-0.022918,-0.364899,0.944962,0.003077,0.040982,-0.323024,-0.661064,0.471063,-0.266802,0.519255
0.930388,-0.036341,-0.024067,-0.365429,0.94456,0.010539,0.042467,-0.323644,-0.662333,0.47001,-0.265398,0.519331
0.930295,-0.032631,-0.024916,-0.365917,0.94414,0.015581,0.041953,-0.324648,-0.663407,0.46915,-0.264339,0.519294
0.930178,-0.031573,-0.025399,-0.366271,0.943689,0.017589,0.039814,-0.326155,-0.664245,0.46853,-0.263638,0.519148
0.930108,-0.033294,-0.025399,-0.366327,0.943185,0.016263,0.036491,-0.328205,-0.664737,0.468193,-0.263461,0.518912
0.929965,-0.036855,-0.025129,-0.366427,0.942706,0.012051,0.032754,-0.330361,-0.664901,0.468169,-0.263712,0.518589
0.929733,-0.041202,-0.02467,-0.366647,0.942468,0.005478,0.029097,-0.331815,-0.664792,0.46843,-0.264101,0.518287
0.929366,-0.046253,-0.024195,-0.367087,0.942427,-0.002617,0.026177,-0.332469,-0.664573,0.468743,-0.264516,0.518069
0.928938,-0.051656,-0.02366,-0.367566,0.94251,-0.011541,0.024412,-0.332416,-0.664313,0.469041,-0.264814,0.517976
0.928467,-0.057379,-0.023124,-0.36803,0.942722,-0.020428,0.023981,-0.331611,-0.663964,0.469387,-0.265008,0.518012
0.927946,-0.063183,-0.02256,-0.368518,0.942931,-0.028226,0.025132,-0.330471,-0.66343,0.469881,-0.2651,0.518204
0.927397,-0.068617,-0.021918,-0.369047,0.943063,-0.033825,0.027572,-0.329395,-0.662693,0.470564,-0.265237,0.518464
0.926954,-0.072323,-0.021423,-0.369534,0.943125,-0.036349,0.031024,-0.32857,-0.661744,0.471484,-0.265417,0.518757
0.926725,-0.073316,-0.021429,-0.369931,0.94322,-0.035338,0.03484,-0.327867,-0.660554,0.47265,-0.265689,0.519082
0.92683,-0.07139,-0.022054,-0.369994,0.943296,-0.030909,0.038936,-0.327401,-0.659289,0.473883,-0.266065,0.51938
0.927227,-0.066738,-0.023154,-0.369751,0.943277,-0.023758,0.042653,-0.327315,-0.658001,0.475131,-0.266623,0.519591
0.927764,-0.060324,-0.024458,-0.369346,0.943183,-0.015044,0.044873,-0.327552,-0.656828,0.476254,-0.26719,0.519758
0.92827,-0.053452,-0.025748,-0.368962,0.943057,-0.006284,0.045241,-0.327959,-0.655916,0.4771,-0.267696,0.519872
0.92869,-0.047467,-0.02696,-0.368565,0.942931,0.001555,0.0441,-0.328416,-0.655313,0.477601,-0.268109,0.519955
0.928972,-0.043078,-0.028114,-0.368263,0.942812,0.007193,0.041821,-0.32895,-0.654896,0.477996,-0.268553,0.519885
0.929128,-0.041002,-0.029075,-0.368027,0.94273,0.010018,0.039217,-0.329469,-0.654733,0.478253,-0.268886,0.519674
0.9291,-0.041229,-0.02971,-0.368046,0.94276,0.009834,0.036683,-0.329776,-0.654871,0.478277,-0.26897,0.519435
0.928922,-0.043337,-0.029984,-0.368281,0.942852,0.006693,0.034203,-0.330004,-0.655252,0.478064,-0.268691,0.5193
0.928583,-0.046873,-0.030087,-0.368764,0.942986,0.001274,0.032069,-0.330086,-0.655793,0.47766,-0.268074,0.519317
0.928108,-0.051168,-0.030019,-0.36947,0.943164,-0.00505,0.030658,-0.329852,-0.656379,0.477299,-0.267225,0.519363
0.92759,-0.055719,-0.029786,-0.370209,0.943283,-0.011235,0.030114,-0.329552,-0.656803,0.477052,-0.266367,0.519513
0.927039,-0.059953,-0.029673,-0.371011,0.94322,-0.016829,0.030361,-0.329571,-0.657156,0.476907,-0.265504,0.519659
0.926448,-0.063564,-0.029747,-0.371949,0.942881,-0.020764,0.031399,-0.330262,-0.657278,0.477002,-0.264815,0.51979
0.925954,-0.065458,-0.030032,-0.372876,0.942489,-0.022167,0.033373,-0.331051,-0.657195,0.477308,-0.264266,0.519911
0.925644,-0.064966,-0.030656,-0.373692,0.942213,-0.020351,0.036003,-0.331543,-0.656896,0.477755,-0.263968,0.520045
0.925602,-0.062401,-0.031589,-0.37414,0.941972,-0.015863,0.038825,-0.331963,-0.656415,0.478256,-0.26388,0.520246
0.925716,-0.058402,-0.032649,-0.374376,0.941794,-0.009617,0.040916,-0.332262,-0.655803,0.478737,-0.26405,0.520491
0.925972,-0.053878,-0.033569,-0.374285,0.941719,-0.002895,0.041748,-0.332333,-0.655041,0.479336,-0.264489,0.520673
0.926267,-0.049632,-0.034384,-0.374018,0.941706,0.002874,0.041431,-0.332306,-0.654196,0.47992,-0.265191,0.520831
0.926617,-0.046442,-0.034923,-0.373471,0.941721,0.007205,0.039918,-0.332352,-0.653341,0.480518,-0.266189,0.520825
0.926933,-0.044449,-0.035274,-0.372869,0.941691,0.009446,0.037725,-0.332671,-0.65262,0.480994,-0.267231,0.520738
0.927182,-0.043873,-0.035297,-0.372303,0.941721,0.009365,0.035346,-0.332936,-0.652056,0.481362,-0.268195,0.52059
0.927305,-0.044781,-0.035041,-0.371923,0.941845,0.007085,0.033163,-0.33299,-0.651616,0.481661,-0.26898,0.520443
0.92728,-0.047012,-0.034481,-0.371783,0.942018,0.002955,0.030983,-0.332932,-0.651374,0.481797,-0.269354,0.520418
0.927127,-0.050214,-0.033672,-0.37185,0.942173,-0.002584,0.029046,-0.332847,-0.651287,0.481842,-0.269418,0.520452
0.926895,-0.054241,-0.032701,-0.371992,0.942224,-0.008869,0.027803,-0.332867,-0.651375,0.481845,-0.269177,0.52047
0.926573,-0.058762,-0.031727,-0.372243,0.942161,-0.015271,0.027591,-0.332967,-0.651513,0.48191,-0.268791,0.520448
0.926168,-0.06359,-0.030788,-0.372595,0.941925,-0.021571,0.028645,-0.333282,-0.651657,0.482039,-0.268254,0.52044
0.925655,-0.068211,-0.029981,-0.373177,0.941566,-0.027016,0.030914,-0.33372,-0.651813,0.482182,-0.267626,0.520453
0.925132,-0.072189,-0.029203,-0.373836,0.941195,-0.030673,0.034212,-0.334082,-0.651976,0.482282,-0.266873,0.520564
0.924706,-0.074848,-0.028574,-0.374443,0.940798,-0.032035,0.038419,-0.334494,-0.652019,0.482467,-0.266155,0.520726
0.924488,-0.075781,-0.02822,-0.374827,0.940509,-0.030933,0.042958,-0.334677,-0.652019,0.482629,-0.265575,0.52089
0.924476,-0.074911,-0.028232,-0.375014,0.940334,-0.027918,0.046811,-0.334718,-0.651875,0.48288,-0.265259,0.52101
0.924713,-0.0726,-0.028565,-0.374827,0.940258,-0.023882,0.04886,-0.3348,-0.651607,0.483098,-0.265222,0.521166
0.925134,-0.06935,-0.029173,-0.374318,0.94029,-0.019944,0.048717,-0.334914,-0.651318,0.483184,-0.265396,0.521356
0.925661,-0.065787,-0.029893,-0.373559,0.940429,-0.016312,0.046666,-0.335016,-0.651003,0.483156,-0.265831,0.521542
0.926229,-0.062236,-0.030769,-0.372649,0.940645,-0.013596,0.043329,-0.335045,-0.650761,0.483031,-0.266415,0.521645
0.926758,-0.059269,-0.031691,-0.371711,0.940936,-0.011779,0.039427,-0.334881,-0.650617,0.482828,-0.266988,0.521701
0.927141,-0.057161,-0.032476,-0.371006,0.941284,-0.011009,0.035399,-0.334509,-0.650661,0.482461,-0.267363,0.52178
0.927373,-0.056059,-0.033043,-0.370541,0.941603,-0.011615,0.031414,-0.334142,-0.650911,0.481966,-0.26737,0.521916
0.927442,-0.056063,-0.033258,-0.370356,0.941809,-0.013793,0.027994,-0.333945,-0.651271,0.481457,-0.267082,0.522083
0.927383,-0.057138,-0.033199,-0.37036,0.941922,-0.017014,0.02534,-0.333849,-0.651707,0.481009,-0.266557,0.522227
0.927169,-0.058905,-0.033066,-0.37066,0.941908,-0.020815,0.02358,-0.333941,-0.652014,0.480782,-0.266096,0.522297
0.926874,-0.061072,-0.033012,-0.371091,0.941721,-0.024607,0.023008,-0.334342,-0.652277,0.480711,-0.265577,0.522309
0.926413,-0.063405,-0.03306,-0.371893,0.941401,-0.027702,0.023934,-0.334963,-0.652443,0.480867,-0.265103,0.522213
0.92592,-0.0654,-0.033102,-0.372812,0.941005,-0.029134,0.026032,-0.33575,-0.652516,0.48115,-0.264647,0.522109
0.92548,-0.066745,-0.033304,-0.373679,0.940505,-0.028547,0.029085,-0.336828,-0.65249,0.481478,-0.264357,0.521998
0.925163,-0.067048,-0.033584,-0.374401,0.9399,-0.026058,0.032795,-0.338195,-0.652367,0.481911,-0.264149,0.52187
0.925002,-0.066066,-0.03387,-0.37494,0.93923,-0.022507,0.036057,-0.339786,-0.652152,0.482397,-0.264042,0.521754
0.925003,-0.064315,-0.03413,-0.375195,0.938571,-0.018884,0.038048,-0.341464,-0.651801,0.482841,-0.264122,0.521745
0.925125,-0.062332,-0.034325,-0.375182,0.938039,-0.016174,0.038193,-0.342985,-0.651382,0.483204,-0.264458,0.521758
0.925373,-0.060705,-0.034377,-0.374801,0.937677,-0.014611,0.036776,-0.344215,-0.650866,0.483537,-0.26507,0.521772
0.925629,-0.059805,-0.034293,-0.374303,0.937419,-0.014318,0.034566,-0.345226,-0.650339,0.483747,-0.265778,0.521859
0.925859,-0.059812,-0.033962,-0.373749,0.937295,-0.015351,0.031809,-0.3459,-0.649855,0.48386,-0.266483,0.52198
0.926005,-0.060627,-0.033403,-0.373303,0.937363,-0.017468,0.02896,-0.346005,-0.649486,0.483859,-0.267108,0.522106
0.926073,-0.06191,-0.032848,-0.372975,0.937632,-0.020331,0.02627,-0.345482,-0.649287,0.483711,-0.267533,0.52226
0.926027,-0.063439,-0.032364,-0.372889,0.938033,-0.023577,0.024094,-0.344485,-0.64928,0.483463,-0.267628,0.522443
0.925914,-0.064873,-0.03221,-0.372955,0.9386,-0.026609,0.022398,-0.34295,-0.649436,0.483219,-0.267484,0.522549
0.925703,-0.066033,-0.032499,-0.373283,0.939162,-0.028916,0.021493,-0.341355,-0.649727,0.482989,-0.26704,0.522635
0.92539,-0.066976,-0.033145,-0.373873,0.93954,-0.029954,0.021686,-0.340226,-0.650135,0.482767,-0.266441,0.52265
0.925032,-0.067222,-0.034083,-0.374669,0.939695,-0.029203,0.023205,-0.339698,-0.650594,0.482611,-0.265725,0.522603
0.924678,-0.066544,-0.035265,-0.375582,0.939586,-0.026491,0.025903,-0.339875,-0.651116,0.482433,-0.264956,0.522527
0.924393,-0.065023,-0.036443,-0.376449,0.939217,-0.022305,0.02936,-0.340711,-0.651575,0.482281,-0.264111,0.522542
0.924144,-0.062894,-0.037601,-0.377307,0.938668,-0.016887,0.032812,-0.341988,-0.651954,0.482228,-0.263309,0.522542
0.923916,-0.060532,-0.038415,-0.378156,0.938077,-0.011738,0.034869,-0.343445,-0.652139,0.482258,-0.262788,0.52256
0.923798,-0.058544,-0.038839,-0.378694,0.937491,-0.007685,0.035079,-0.345047,-0.65207,0.482343,-0.262567,0.522686
0.92377,-0.057267,-0.039032,-0.378919,0.936989,-0.005214,0.033707,-0.346584,-0.651683,0.482691,-0.26286,0.522696
0.923818,-0.056886,-0.039108,-0.378847,0.936659,-0.004305,0.031219,-0.347787,-0.651073,0.483205,-0.263556,0.522621
0.923922,-0.0574,-0.038959,-0.378534,0.936437,-0.005356,0.028219,-0.34875,-0.650355,0.483742,-0.264474,0.52254
0.923986,-0.058558,-0.038606,-0.378248,0.936493,-0.008105,0.025013,-0.348953,-0.649647,0.484279,-0.265383,0.522445
0.923991,-0.060311,-0.038043,-0.37803,0.936853,-0.012028,0.021994,-0.348259,-0.648975,0.484716,-0.266148,0.522473
0.92396,-0.062547,-0.037344,-0.377827,0.937443,-0.016782,0.019321,-0.346815,-0.648412,0.485011,-0.266801,0.522552
0.923853,-0.064976,-0.036681,-0.377766,0.938214,-0.022187,0.017175,-0.344713,-0.647995,0.485225,-0.267222,0.522649
0.923702,-0.067515,-0.036235,-0.377766,0.939047,-0.027526,0.015774,-0.342273,-0.647681,0.485419,-0.267452,0.522737
0.923473,-0.069998,-0.036085,-0.377928,0.939781,-0.031653,0.015393,-0.340005,-0.647525,0.485542,-0.267432,0.522829
0.92321,-0.072166,-0.035884,-0.378215,0.94031,-0.033669,0.016396,-0.338304,-0.647482,0.485633,-0.267116,0.522967
0.922948,-0.073208,-0.035938,-0.378672,0.940584,-0.033319,0.01854,-0.337382,-0.647534,0.485673,-0.266503,0.523194
0.922786,-0.072802,-0.036431,-0.379107,0.940598,-0.030472,0.02155,-0.337272,-0.64765,0.485736,-0.265735,0.523404
0.922787,-0.070779,-0.037169,-0.379406,0.940381,-0.025741,0.02532,-0.33778,-0.647758,0.485822,-0.264994,0.523586
0.922971,-0.067502,-0.037934,-0.379445,0.940074,-0.019697,0.02893,-0.338503,-0.647822,0.485939,-0.264322,0.523756
0.923227,-0.063537,-0.038674,-0.379385,0.939737,-0.013677,0.030675,-0.339401,-0.647936,0.485975,-0.263805,0.523855
0.923566,-0.059782,-0.039287,-0.379055,0.939335,-0.008462,0.030072,-0.340653,-0.647958,0.485979,-0.263429,0.524024
0.923997,-0.056877,-0.039839,-0.378358,0.938894,-0.004657,0.027396,-0.342183,-0.6479,0.485976,-0.263444,0.52409
0.924471,-0.055072,-0.040215,-0.377404,0.938477,-0.002527,0.023488,-0.343729,-0.647758,0.486002,-0.26374,0.524085
0.924894,-0.054266,-0.040252,-0.376465,0.938208,-0.002457,0.018997,-0.344895,-0.647676,0.485927,-0.264138,0.524045
0.925242,-0.054341,-0.040136,-0.375605,0.938236,-0.004718,0.014579,-0.345207,-0.647614,0.485839,-0.264501,0.52401
0.925468,-0.055248,-0.03992,-0.374946,0.93857,-0.008859,0.010716,-0.344575,-0.647666,0.48567,-0.264666,0.524012
0.925602,-0.056957,-0.039454,-0.374426,0.939075,-0.014575,0.007223,-0.343327,-0.647796,0.485496,-0.264687,0.523999
0.92564,-0.059268,-0.038813,-0.374057,0.939615,-0.021438,0.004237,-0.341771,-0.647889,0.485434,-0.264588,0.523995
0.925577,-0.062047,-0.038338,-0.373847,0.940126,-0.028519,0.002105,-0.340076,-0.647963,0.485527,-0.264376,0.52393
0.925419,-0.065256,-0.038091,-0.373767,0.940473,-0.034261,0.001176,-0.338734,-0.648001,0.485699,-0.264128,0.523857
0.92516,-0.06848,-0.037864,-0.373907,0.940607,-0.0383,0.001915,-0.337977,-0.648112,0.485897,-0.263654,0.52379
0.924822,-0.070995,-0.037663,-0.374336,0.940658,-0.039588,0.004197,-0.337612,-0.648205,0.486104,-0.263102,0.523777
0.924534,-0.072081,-0.037713,-0.374857,0.940643,-0.037902,0.007813,-0.33762,-0.648304,0.486273,-0.262546,0.523794
0.924376,-0.07166,-0.038128,-0.375291,0.940509,-0.033969,0.01224,-0.338048,-0.648235,0.486618,-0.262062,0.523817
0.92442,-0.069991,-0.038541,-0.37544,0.940258,-0.028745,0.017038,-0.338748,-0.648021,0.487162,-0.261796,0.523724
0.924631,-0.067389,-0.038786,-0.375331,0.940101,-0.023329,0.020823,-0.33915,-0.647644,0.487864,-0.261782,0.523555
0.924949,-0.064918,-0.038693,-0.374943,0.939965,-0.019018,0.022135,-0.33958,-0.647193,0.488484,-0.261951,0.523455
0.92535,-0.063174,-0.038385,-0.374239,0.939684,-0.016819,0.02146,-0.340499,-0.646677,0.489024,-0.262327,0.523396
0.925805,-0.062426,-0.038008,-0.373249,0.939439,-0.016574,0.01974,-0.341346,-0.646161,0.489469,-0.262881,0.523332
0.926259,-0.062597,-0.037548,-0.372122,0.939311,-0.017886,0.017444,-0.341861,-0.645771,0.489757,-0.263563,0.523188
0.926645,-0.063228,-0.037192,-0.371088,0.939456,-0.02034,0.014607,-0.341604,-0.645629,0.489821,-0.264196,0.522969
0.926886,-0.064064,-0.037013,-0.370367,0.939968,-0.023456,0.011778,-0.340263,-0.645755,0.489556,-0.264534,0.522879
0.92701,-0.064944,-0.0371,-0.369911,0.940655,-0.027042,0.009289,-0.33833,-0.646221,0.488986,-0.26447,0.522863
0.927033,-0.065895,-0.037396,-0.369682,0.941342,-0.030505,0.007173,-0.336312,-0.646836,0.488395,-0.264121,0.522831
0.927019,-0.066722,-0.038197,-0.36953,0.941931,-0.033182,0.005818,-0.334531,-0.647626,0.487694,-0.263471,0.52284
0.926826,-0.067316,-0.039496,-0.369825,0.942253,-0.03427,0.0057,-0.333541,-0.648545,0.48704,-0.262562,0.522784
0.926439,-0.067429,-0.040934,-0.37067,0.942357,-0.033316,0.007087,-0.33325,-0.649543,0.486426,-0.261445,0.522695
0.925944,-0.06663,-0.042607,-0.371904,0.942183,-0.029927,0.010079,-0.333813,-0.650556,0.485794,-0.260312,0.52261
0.925447,-0.065001,-0.044432,-0.373248,0.941614,-0.02458,0.014508,-0.335423,-0.651523,0.485195,-0.25922,0.522524
0.925017,-0.06264,-0.046059,-0.374533,0.940738,-0.017922,0.019485,-0.337733,-0.652339,0.484743,-0.258127,0.522488
0.924595,-0.059844,-0.047165,-0.375879,0.939699,-0.011373,0.023298,-0.340391,-0.653001,0.484385,-0.257088,0.522528
0.924265,-0.057181,-0.047608,-0.377018,0.938645,-0.005968,0.024452,-0.343195,-0.653265,0.484271,-0.256295,0.52271
0.924111,-0.055534,-0.047491,-0.377623,0.937627,-0.002421,0.023088,-0.346079,-0.653061,0.48442,-0.256063,0.52295
0.924092,-0.05529,-0.046977,-0.377747,0.936675,-0.001228,0.020288,-0.348898,-0.652378,0.484766,-0.256509,0.523255
0.924145,-0.056626,-0.045878,-0.377542,0.935853,-0.002317,0.016738,-0.351416,-0.651232,0.485409,-0.257665,0.523498
0.924256,-0.059014,-0.044357,-0.37708,0.935352,-0.005264,0.013596,-0.353015,-0.649782,0.486188,-0.259294,0.523742
0.924333,-0.061866,-0.042738,-0.376616,0.935378,-0.009987,0.011209,-0.353099,-0.64819,0.487088,-0.261087,0.523955
0.924375,-0.065144,-0.041195,-0.37614,0.935937,-0.015869,0.009593,-0.351614,-0.646791,0.487788,-0.262572,0.524262
0.924342,-0.068808,-0.039838,-0.375737,0.936804,-0.02231,0.008987,-0.349111,-0.645716,0.488232,-0.263683,0.524593
0.924273,-0.072475,-0.038642,-0.375366,0.937868,-0.02854,0.009324,-0.345882,-0.645037,0.488393,-0.264342,0.524931
0.924185,-0.075424,-0.037974,-0.375102,0.939035,-0.032915,0.010219,-0.342338,-0.644738,0.488336,-0.264564,0.525235
0.924128,-0.076996,-0.037864,-0.374958,0.940064,-0.033919,0.011602,-0.33933,-0.644898,0.487941,-0.264196,0.525595
0.924189,-0.076407,-0.038536,-0.374872,0.940711,-0.03189,0.013349,-0.337568,-0.645466,0.487292,-0.263274,0.525977
0.924287,-0.073139,-0.040191,-0.375103,0.940943,-0.026977,0.015419,-0.337091,-0.646449,0.486385,-0.261869,0.526332
0.924489,-0.067278,-0.042376,-0.375429,0.940907,-0.019153,0.01761,-0.337387,-0.647779,0.485236,-0.260063,0.526683
0.924815,-0.059594,-0.0447,-0.375593,0.940653,-0.00959,0.019257,-0.338166,-0.649319,0.483898,-0.258081,0.527022
0.925117,-0.051664,-0.0469,-0.375681,0.940291,0.000184,0.019248,-0.339116,-0.650886,0.482641,-0.256227,0.527179
0.925291,-0.044818,-0.048933,-0.375817,0.939941,0.008625,0.017293,-0.339985,-0.652233,0.481594,-0.254778,0.527195
0.925412,-0.04019,-0.050522,-0.375801,0.939599,0.01455,0.013853,-0.34089,-0.653331,0.480714,-0.253828,0.527108
0.925547,-0.038336,-0.051353,-0.375541,0.939243,0.017063,0.009995,-0.341972,-0.654141,0.480109,-0.253427,0.526851
0.925619,-0.038895,-0.051591,-0.375291,0.939004,0.015731,0.00635,-0.342931,-0.654641,0.47979,-0.253416,0.526522
0.925538,-0.04135,-0.051511,-0.375281,0.939115,0.010948,0.00333,-0.343053,-0.654832,0.479713,-0.253661,0.526229
0.925305,-0.045116,-0.051203,-0.375526,0.939647,0.003239,0.001052,-0.341999,-0.654831,0.479887,-0.253911,0.525946
0.924902,-0.050135,-0.050449,-0.376052,0.940397,-0.006295,-0.000209,-0.340122,-0.654632,0.480311,-0.254193,0.52567
0.924373,-0.056291,-0.049518,-0.376687,0.941073,-0.016556,3.4e-05,-0.338092,-0.654347,0.480854,-0.254449,0.525406
0.923733,-0.063402,-0.04868,-0.37734,0.9414,-0.026219,0.002292,-0.336666,-0.654013,0.481556,-0.254597,0.525114
0.92294,-0.070774,-0.047926,-0.378177,0.941345,-0.034537,0.006743,-0.336019,-0.65362,0.482352,-0.254623,0.524871
0.922017,-0.076832,-0.047232,-0.37942,0.941044,-0.039864,0.012906,-0.335974,-0.653179,0.483259,-0.254455,0.524682
0.921313,-0.080108,-0.04676,-0.380558,0.940625,-0.040778,0.020429,-0.336414,-0.652823,0.484066,-0.254077,0.524585
0.92089,-0.080178,-0.046854,-0.381561,0.940195,-0.037497,0.028196,-0.337098,-0.652419,0.484923,-0.253632,0.524536
0.920863,-0.077284,-0.047192,-0.382141,0.939784,-0.031347,0.034152,-0.337986,-0.652027,0.48562,-0.253217,0.5246
0.921184,-0.072402,-0.047697,-0.382191,0.939358,-0.023706,0.037166,-0.339218,-0.651493,0.486274,-0.253064,0.524745
0.921674,-0.067273,-0.048212,-0.381802,0.938884,-0.016307,0.036873,-0.340858,-0.650896,0.486866,-0.253327,0.524809
0.922259,-0.062642,-0.048751,-0.381041,0.938371,-0.010885,0.033649,-0.342818,-0.650097,0.487505,-0.25423,0.524756
0.922899,-0.059428,-0.049153,-0.379907,0.937847,-0.007952,0.028731,-0.344886,-0.649297,0.488048,-0.255388,0.524657
0.923409,-0.057941,-0.049365,-0.378845,0.937419,-0.007717,0.02395,-0.346574,-0.648807,0.488226,-0.256551,0.524503
0.923673,-0.057916,-0.049406,-0.378199,0.937406,-0.01039,0.02045,-0.346938,-0.648932,0.487778,-0.257208,0.524421
0.923619,-0.059066,-0.049141,-0.378198,0.938104,-0.015763,0.018859,-0.345095,-0.649817,0.486536,-0.256835,0.524653
0.92327,-0.061616,-0.048563,-0.378746,0.939435,-0.022219,0.019142,-0.341198,-0.651201,0.484853,-0.25546,0.52518
0.922753,-0.065555,-0.047727,-0.379498,0.940703,-0.028916,0.021316,-0.337106,-0.652921,0.482847,-0.253416,0.525905
0.922092,-0.070318,-0.046788,-0.380424,0.941203,-0.03491,0.025492,-0.334819,-0.654867,0.480612,-0.250912,0.526765
0.921297,-0.075135,-0.045945,-0.381595,0.940954,-0.039242,0.03082,-0.334486,-0.656973,0.478235,-0.248016,0.527718
0.920546,-0.07819,-0.045425,-0.382894,0.940261,-0.041087,0.036729,-0.33544,-0.659096,0.475766,-0.244999,0.528752
0.919951,-0.078682,-0.045121,-0.384261,0.93956,-0.039999,0.04147,-0.336788,-0.66113,0.473328,-0.242065,0.529793
0.919686,-0.077058,-0.045118,-0.385195,0.939089,-0.037132,0.04306,-0.338113,-0.66291,0.471053,-0.239589,0.530753
0.919772,-0.074127,-0.045483,-0.385483,0.938545,-0.033598,0.042095,-0.340071,-0.664211,0.469277,-0.237953,0.531452
0.920129,-0.071111,-0.045703,-0.385124,0.937814,-0.030901,0.039692,-0.342653,-0.664958,0.468178,-0.237391,0.531737
0.920559,-0.068757,-0.04563,-0.384488,0.936988,-0.029831,0.037244,-0.345331,-0.665262,0.467701,-0.237711,0.531618
0.92095,-0.067636,-0.045068,-0.383774,0.936399,-0.030936,0.035222,-0.347127,-0.665339,0.467458,-0.238624,0.531299
0.921266,-0.067601,-0.043813,-0.383123,0.936282,-0.034145,0.034099,-0.347357,-0.665333,0.467256,-0.239793,0.530926
0.921517,-0.068501,-0.041888,-0.382526,0.936802,-0.039303,0.034007,-0.345517,-0.665245,0.467199,-0.241032,0.530494
0.921784,-0.070431,-0.039196,-0.381763,0.937815,-0.044891,0.034528,-0.342114,-0.665092,0.467189,-0.242292,0.530087
0.922104,-0.073192,-0.036094,-0.380719,0.938808,-0.049984,0.036163,-0.338539,-0.664988,0.467044,-0.243473,0.529772
0.922467,-0.076046,-0.033057,-0.379503,0.939398,-0.053844,0.038854,-0.335989,-0.665137,0.466676,-0.244268,0.529518
0.922851,-0.078082,-0.030303,-0.378328,0.93964,-0.054636,0.042695,-0.334595,-0.665936,0.465807,-0.244341,0.529231
0.92325,-0.07773,-0.028207,-0.377512,0.939824,-0.051686,0.047291,-0.333706,-0.667474,0.464371,-0.243625,0.528884
0.923688,-0.074469,-0.026719,-0.377095,0.940191,-0.044893,0.051223,-0.332803,-0.669628,0.462315,-0.242427,0.528515
0.924175,-0.068954,-0.025993,-0.376876,0.940578,-0.035657,0.053029,-0.332297,-0.672239,0.459637,-0.241054,0.528162
0.9247,-0.062363,-0.025891,-0.37662,0.940893,-0.025616,0.052005,-0.332333,-0.675046,0.456487,-0.239723,0.527908
0.92519,-0.055529,-0.026086,-0.376354,0.940962,-0.016239,0.049681,-0.33298,-0.67795,0.453115,-0.238643,0.527562
0.925506,-0.049536,-0.02599,-0.376308,0.940791,-0.00837,0.047271,-0.334029,-0.680703,0.449794,-0.237921,0.527155
0.925657,-0.044932,-0.025185,-0.376457,0.940664,-0.002791,0.045456,-0.334685,-0.683175,0.446682,-0.237662,0.526683
0.925669,-0.042208,-0.023436,-0.376749,0.940838,-0.000842,0.044462,-0.334339,-0.68522,0.444108,-0.237662,0.526168
0.925603,-0.04189,-0.020803,-0.377008,0.941288,-0.003095,0.044199,-0.333148,-0.686761,0.442199,-0.238058,0.52555
0.925549,-0.04401,-0.01741,-0.376997,0.94199,-0.008396,0.044872,-0.331059,-0.687676,0.441109,-0.238873,0.524861
0.925508,-0.047884,-0.013412,-0.376729,0.942826,-0.015587,0.046815,-0.328219,-0.687962,0.440758,-0.240263,0.524106
0.925477,-0.052686,-0.00939,-0.376238,0.943594,-0.023104,0.049805,-0.325163,-0.687701,0.441062,-0.242137,0.523286
0.925481,-0.057843,-0.005718,-0.375517,0.944047,-0.028632,0.054118,-0.322669,-0.687166,0.441621,-0.244223,0.522504
0.925562,-0.062192,-0.002502,-0.374628,0.944156,-0.030625,0.059191,-0.321136,-0.68667,0.442137,-0.246091,0.521801
0.925782,-0.06371,5e-05,-0.37378,0.944163,-0.028727,0.064343,-0.320075,-0.686343,0.442435,-0.247374,0.521342
0.926285,-0.061637,0.001666,-0.372784,0.944315,-0.023595,0.067944,-0.319068,-0.686388,0.44238,-0.247857,0.521088
0.927059,-0.056994,0.002393,-0.371481,0.944507,-0.016304,0.06944,-0.318432,-0.686834,0.442005,-0.247643,0.520919
0.927976,-0.050613,0.002162,-0.370003,0.944604,-0.008358,0.069216,-0.318348,-0.687653,0.441243,-0.247022,0.520785
0.928821,-0.043701,0.001155,-0.36867,0.944552,-0.000793,0.067596,-0.318866,-0.688667,0.440323,-0.246354,0.520543
0.929461,-0.037443,-0.000305,-0.367681,0.944416,0.005727,0.065279,-0.319649,-0.689859,0.439134,-0.245583,0.520338
0.92983,-0.032555,-0.001844,-0.367169,0.9444,0.010704,0.062568,-0.320108,-0.691181,0.437712,-0.244743,0.520179
0.929935,-0.029661,-0.003338,-0.367133,0.944615,0.013388,0.059545,-0.320006,-0.692678,0.436104,-0.243674,0.520044
0.929845,-0.029352,-0.004541,-0.367408,0.944981,0.01322,0.056172,-0.319671,-0.694204,0.434475,-0.242521,0.519919
0.929599,-0.03151,-0.005344,-0.367908,0.945335,0.010161,0.052721,-0.319509,-0.695531,0.433216,-0.241489,0.519685
0.929232,-0.035508,-0.005789,-0.368554,0.945678,0.004428,0.049791,-0.319318,-0.696447,0.432618,-0.240753,0.519308
0.92879,-0.040629,-0.00628,-0.369239,0.945856,-0.002838,0.047684,-0.319354,-0.696791,0.432806,-0.240446,0.518844
0.928293,-0.046641,-0.00694,-0.369902,0.945637,-0.010012,0.046661,-0.32019,-0.696544,0.433851,-0.240654,0.518215
0.927669,-0.052516,-0.007909,-0.370802,0.945042,-0.015654,0.047197,-0.321728,-0.695875,0.435579,-0.241112,0.517465
0.926967,-0.056707,-0.009036,-0.372028,0.944364,-0.017842,0.048905,-0.323324,-0.694939,0.437601,-0.241658,0.516778
0.926419,-0.058118,-0.010351,-0.37321,0.94367,-0.016198,0.051421,-0.324913,-0.693702,0.439828,-0.242395,0.516217
0.926226,-0.056731,-0.012061,-0.373883,0.942895,-0.010955,0.054056,-0.326746,-0.69217,0.442114,-0.243369,0.515871
0.926317,-0.052879,-0.014215,-0.37415,0.941948,-0.003447,0.055694,-0.329144,-0.690468,0.444431,-0.244562,0.515597
0.92662,-0.047179,-0.016445,-0.374039,0.940965,0.00498,0.055,-0.331885,-0.688694,0.446665,-0.246119,0.51529
0.926949,-0.04094,-0.018813,-0.373811,0.940073,0.012717,0.052485,-0.334536,-0.686815,0.44873,-0.248138,0.515013
0.927221,-0.03522,-0.021031,-0.373569,0.939412,0.018385,0.048842,-0.336683,-0.685071,0.45055,-0.250512,0.514562
0.927431,-0.031194,-0.022697,-0.373288,0.939069,0.021519,0.044921,-0.338072,-0.683483,0.452271,-0.253108,0.513851
0.927547,-0.029373,-0.023615,-0.373089,0.939083,0.022027,0.04114,-0.338603,-0.682175,0.45375,-0.255572,0.513023
0.927572,-0.029769,-0.023964,-0.372992,0.939494,0.019288,0.037522,-0.338232,-0.681114,0.454979,-0.257752,0.512215
0.927502,-0.03223,-0.023747,-0.373013,0.940057,0.013649,0.034448,-0.337489,-0.680291,0.456151,-0.259448,0.511383
0.927347,-0.035951,-0.022925,-0.37315,0.940815,0.005516,0.032295,-0.336057,-0.679639,0.457241,-0.260758,0.51059
0.927117,-0.040455,-0.022053,-0.373369,0.941802,-0.004685,0.031364,-0.333621,-0.679022,0.458227,-0.261796,0.509984
0.926759,-0.045883,-0.021381,-0.373746,0.942566,-0.014565,0.031938,-0.331295,-0.67852,0.45899,-0.262551,0.50957
0.92638,-0.05193,-0.020604,-0.374024,0.942645,-0.021895,0.034584,-0.330449,-0.678345,0.459438,-0.262793,0.509273
0.925943,-0.056654,-0.01994,-0.374521,0.942134,-0.025785,0.039012,-0.331048,-0.678585,0.45934,-0.26243,0.509238
0.925484,-0.058276,-0.019557,-0.375443,0.941536,-0.025129,0.044103,-0.331964,-0.679177,0.45873,-0.26149,0.509497
0.925289,-0.056326,-0.019517,-0.37619,0.94122,-0.020215,0.048489,-0.33233,-0.680031,0.457738,-0.260187,0.509938
0.92534,-0.051831,-0.019871,-0.376619,0.940961,-0.013003,0.050494,-0.33291,-0.680951,0.45664,-0.258974,0.510326
0.92551,-0.046403,-0.020497,-0.376797,0.94058,-0.005933,0.049734,-0.334185,-0.681841,0.455561,-0.258068,0.51057
0.925784,-0.041236,-0.021105,-0.376618,0.940038,-0.000882,0.047293,-0.336091,-0.682601,0.454495,-0.257794,0.510633
0.926157,-0.037307,-0.021348,-0.376029,0.939418,0.001503,0.044457,-0.338251,-0.683119,0.453632,-0.258012,0.510579
0.926472,-0.03537,-0.021013,-0.375412,0.939066,0.001078,0.042501,-0.339553,-0.683436,0.452992,-0.258595,0.510405
0.926682,-0.035488,-0.019942,-0.37491,0.939265,-0.002328,0.041453,-0.33923,-0.683501,0.452648,-0.25935,0.510215
0.926835,-0.037679,-0.018289,-0.374384,0.939953,-0.007967,0.041201,-0.337386,-0.683388,0.452472,-0.260137,0.5101
0.926934,-0.041636,-0.016287,-0.373819,0.940898,-0.014646,0.041986,-0.334527,-0.683105,0.452526,-0.260986,0.509975
0.926998,-0.046533,-0.014165,-0.373185,0.941698,-0.020839,0.043963,-0.331742,-0.682793,0.45263,-0.261729,0.509901
0.927007,-0.051301,-0.012256,-0.37263,0.94217,-0.025164,0.047049,-0.329652,-0.682559,0.452644,-0.262263,0.509916
0.926979,-0.054468,-0.010703,-0.372305,0.942352,-0.026399,0.050985,-0.328332,-0.682538,0.452422,-0.262403,0.510062
0.926986,-0.054908,-0.009605,-0.372223,0.942407,-0.024293,0.055018,-0.3275,-0.682803,0.451754,-0.262165,0.510417
0.927163,-0.052432,-0.009075,-0.372088,0.942453,-0.019237,0.058399,-0.326897,-0.683305,0.450808,-0.261586,0.510879
0.927515,-0.047862,-0.008938,-0.371742,0.942415,-0.012703,0.060285,-0.326784,-0.684063,0.449635,-0.260699,0.511357
0.927926,-0.042556,-0.009055,-0.371264,0.942226,-0.00658,0.059751,-0.327505,-0.685114,0.448174,-0.259629,0.511784
0.928291,-0.037757,-0.009463,-0.370785,0.941789,-0.00145,0.057616,-0.329174,-0.686184,0.446819,-0.258699,0.51201
0.928579,-0.033766,-0.009988,-0.370376,0.94118,0.002012,0.054976,-0.331374,-0.687273,0.445598,-0.258001,0.511966
0.928742,-0.031294,-0.010378,-0.370143,0.940678,0.003248,0.05244,-0.333258,-0.688309,0.444496,-0.257521,0.51177
0.928731,-0.030712,-0.010568,-0.370208,0.940401,0.001956,0.050297,-0.334474,-0.68928,0.443446,-0.257151,0.511556
0.928543,-0.032079,-0.010486,-0.37059,0.940373,-0.001868,0.048671,-0.334925,-0.690261,0.442442,-0.256735,0.511308
0.928226,-0.034866,-0.01027,-0.371183,0.940686,-0.007458,0.047332,-0.33432,-0.691148,0.441658,-0.25637,0.510969
0.927769,-0.038658,-0.010031,-0.372017,0.941131,-0.013661,0.046612,-0.33312,-0.691811,0.441274,-0.256235,0.510469
0.927201,-0.042945,-0.009677,-0.37304,0.941529,-0.019724,0.046738,-0.331788,-0.692255,0.441276,-0.256249,0.509858
0.926561,-0.046625,-0.0093,-0.374251,0.94189,-0.024805,0.047367,-0.330413,-0.692536,0.441639,-0.256397,0.509089
0.925939,-0.049402,-0.009254,-0.375483,0.942031,-0.027761,0.048378,-0.32965,-0.692633,0.442262,-0.256662,0.508285
0.925433,-0.050807,-0.009438,-0.376571,0.941845,-0.02787,0.049479,-0.329972,-0.692614,0.443003,-0.256907,0.507546
0.925109,-0.050208,-0.009875,-0.37744,0.941377,-0.025607,0.050357,-0.331274,-0.692422,0.443781,-0.257288,0.506937
0.924928,-0.047912,-0.010675,-0.378146,0.940876,-0.021874,0.050363,-0.332883,-0.692032,0.444587,-0.257965,0.506413
0.924914,-0.044641,-0.011805,-0.378524,0.940409,-0.017373,0.0492,-0.334589,-0.691491,0.445392,-0.259062,0.505869
0.925024,-0.041211,-0.013063,-0.378581,0.939896,-0.012692,0.047271,-0.336483,-0.690872,0.44617,-0.260428,0.505303
0.925137,-0.038029,-0.014484,-0.378574,0.939366,-0.008833,0.044979,-0.338396,-0.690343,0.446848,-0.261789,0.504698
0.925154,-0.035584,-0.0159,-0.378719,0.938969,-0.006305,0.042416,-0.339922,-0.690014,0.4474,-0.263018,0.503995
0.925089,-0.034195,-0.017082,-0.378966,0.938768,-0.006071,0.039802,-0.34088,-0.689984,0.447645,-0.263929,0.503322
0.924946,-0.034248,-0.017906,-0.379301,0.938745,-0.008822,0.037565,-0.341268,-0.690107,0.447785,-0.264543,0.502694
0.924733,-0.035872,-0.018259,-0.379694,0.938896,-0.013503,0.035874,-0.341033,-0.690292,0.447954,-0.264928,0.50208
0.924461,-0.038715,-0.018336,-0.380128,0.9391,-0.018669,0.035037,-0.340443,-0.690567,0.448108,-0.264994,0.50153
0.924085,-0.042068,-0.018096,-0.380752,0.939262,-0.023247,0.035238,-0.339778,-0.69092,0.448237,-0.264833,0.501019
0.923656,-0.04513,-0.017972,-0.381501,0.939473,-0.026661,0.036379,-0.33885,-0.691375,0.448178,-0.264517,0.500619
0.923257,-0.047417,-0.017909,-0.382229,0.939595,-0.027823,0.038031,-0.338202,-0.691966,0.447977,-0.264052,0.500238
0.922928,-0.048317,-0.018005,-0.382928,0.939492,-0.026606,0.039743,-0.338304,-0.692663,0.44763,-0.263383,0.499948
0.922724,-0.047342,-0.018502,-0.383515,0.939256,-0.023351,0.040729,-0.338983,-0.693428,0.447101,-0.2627,0.499731
0.922626,-0.044797,-0.019301,-0.384,0.938869,-0.018744,0.040417,-0.340295,-0.694178,0.446577,-0.262041,0.499515
0.922667,-0.041267,-0.02029,-0.384211,0.9384,-0.013455,0.039014,-0.34194,-0.694948,0.445936,-0.261514,0.499297
0.922748,-0.03737,-0.021534,-0.38432,0.937899,-0.00831,0.037062,-0.343658,-0.695641,0.445337,-0.261257,0.499
0.922788,-0.033632,-0.022704,-0.384471,0.937382,-0.004264,0.03523,-0.345314,-0.696338,0.444752,-0.261143,0.498604
0.922818,-0.030887,-0.023586,-0.384558,0.936955,-0.001814,0.033549,-0.346667,-0.696975,0.444204,-0.261133,0.498199
0.922776,-0.029462,-0.023981,-0.384732,0.936686,-0.001258,0.032301,-0.347545,-0.697517,0.443762,-0.261156,0.497816
0.922684,-0.029483,-0.024048,-0.384949,0.93658,-0.003015,0.031575,-0.347943,-0.697984,0.443453,-0.261282,0.497362
0.922557,-0.030911,-0.023831,-0.385174,0.936798,-0.006793,0.031551,-0.34738,-0.698275,0.443373,-0.261494,0.496909
0.922356,-0.033548,-0.023392,-0.385496,0.937338,-0.01121,0.032255,-0.345803,-0.69847,0.443443,-0.261689,0.496463
0.92209,-0.03666,-0.02273,-0.385924,0.938014,-0.015441,0.033481,-0.343726,-0.698627,0.443454,-0.261827,0.496159
0.921826,-0.039343,-0.022194,-0.386353,0.938625,-0.019249,0.035089,-0.341723,-0.69876,0.443342,-0.26187,0.496044
0.921609,-0.041456,-0.021776,-0.386697,0.939145,-0.021518,0.036785,-0.339961,-0.698858,0.443196,-0.261848,0.496049
0.921505,-0.042276,-0.021623,-0.386876,0.939497,-0.021583,0.038375,-0.338756,-0.698924,0.443064,-0.261808,0.496093
0.921514,-0.041412,-0.021885,-0.386927,0.939611,-0.01944,0.03952,-0.338356,-0.698982,0.442951,-0.261777,0.496128
0.921627,-0.039197,-0.022413,-0.386834,0.939598,-0.015848,0.040213,-0.338404,-0.698937,0.442914,-0.26183,0.496194
0.921793,-0.036131,-0.023107,-0.386664,0.939485,-0.011884,0.040352,-0.338778,-0.698971,0.44279,-0.26186,0.496238
0.921939,-0.033324,-0.023631,-0.386502,0.939322,-0.008577,0.039985,-0.339322,-0.69914,0.442663,-0.261829,0.49613
0.922021,-0.031547,-0.023927,-0.386413,0.939023,-0.006539,0.039234,-0.340266,-0.699461,0.442427,-0.261765,0.495919
0.922019,-0.031124,-0.023872,-0.38645,0.93863,-0.006157,0.038205,-0.3415,-0.699831,0.442251,-0.261732,0.495568
0.921938,-0.031911,-0.023523,-0.386601,0.938278,-0.007699,0.037053,-0.342628,-0.700263,0.442073,-0.261628,0.495173
0.921818,-0.033604,-0.023086,-0.386787,0.93806,-0.010602,0.035675,-0.343396,-0.700726,0.441905,-0.261547,0.494712
0.921661,-0.035825,-0.022695,-0.387012,0.93797,-0.014012,0.034367,-0.343764,-0.70113,0.441837,-0.261567,0.494189
0.921455,-0.038,-0.022438,-0.387341,0.93802,-0.017772,0.03328,-0.343671,-0.701461,0.441836,-0.261643,0.493677
0.921274,-0.039872,-0.022378,-0.38762,0.93823,-0.021488,0.032545,-0.343054,-0.701698,0.441852,-0.261689,0.493301
0.921072,-0.041468,-0.022469,-0.387959,0.938644,-0.024529,0.03243,-0.34179,-0.701892,0.441848,-0.261565,0.493097
0.92089,-0.042665,-0.022616,-0.388279,0.939103,-0.026503,0.033056,-0.340337,-0.702024,0.441761,-0.261394,0.493083
0.920802,-0.043389,-0.022898,-0.388414,0.939558,-0.026616,0.034237,-0.338915,-0.702131,0.441589,-0.261053,0.493271
0.920746,-0.043195,-0.023334,-0.388553,0.939922,-0.024473,0.035761,-0.337813,-0.702137,0.441439,-0.260701,0.493589
0.920795,-0.041837,-0.023852,-0.388546,0.940121,-0.020873,0.037227,-0.337223,-0.702089,0.441287,-0.260397,0.49396
0.920937,-0.039721,-0.024355,-0.388377,0.940178,-0.01654,0.03836,-0.337053,-0.70192,0.441231,-0.260252,0.494329
0.921141,-0.037518,-0.024749,-0.38806,0.94006,-0.01218,0.03898,-0.337388,-0.701672,0.441259,-0.260267,0.494646
0.921308,-0.035576,-0.024976,-0.387805,0.939799,-0.008921,0.03912,-0.338131,-0.701305,0.441534,-0.260431,0.494835
0.921472,-0.034388,-0.02496,-0.387501,0.939561,-0.007229,0.038716,-0.338857,-0.700795,0.442048,-0.260831,0.494886
0.921617,-0.034418,-0.024625,-0.387163,0.939327,-0.007289,0.038219,-0.33958,-0.700186,0.442722,-0.261477,0.494796
0.921739,-0.035566,-0.024032,-0.386808,0.939102,-0.009091,0.037676,-0.340269,-0.699536,0.44353,-0.262316,0.494537
0.921762,-0.037487,-0.023357,-0.386625,0.939017,-0.012002,0.037231,-0.340533,-0.698927,0.444392,-0.263115,0.494193
0.921724,-0.039834,-0.02279,-0.38654,0.939042,-0.015167,0.03673,-0.340471,-0.698537,0.445107,-0.263709,0.493781
0.921622,-0.042241,-0.022329,-0.386582,0.939018,-0.018072,0.036331,-0.340511,-0.698351,0.445608,-0.264066,0.493399
0.921486,-0.044044,-0.022218,-0.38674,0.938966,-0.020567,0.036175,-0.340583,-0.698366,0.445949,-0.264146,0.493029
0.921285,-0.045202,-0.022611,-0.387095,0.938974,-0.022169,0.036436,-0.340454,-0.698533,0.445988,-0.26391,0.492891
0.92107,-0.045712,-0.023137,-0.387544,0.939035,-0.02261,0.037011,-0.340186,-0.698935,0.445706,-0.263286,0.492923
0.920837,-0.045756,-0.023719,-0.388076,0.93909,-0.021846,0.037708,-0.339965,-0.699417,0.445263,-0.262494,0.493076
0.920657,-0.04522,-0.024302,-0.38854,0.939084,-0.020266,0.038594,-0.33992,-0.699903,0.44476,-0.261629,0.493314
0.920503,-0.044368,-0.024911,-0.38897,0.939091,-0.018107,0.03955,-0.339837,-0.700199,0.44445,-0.260937,0.493553
0.920463,-0.04345,-0.02537,-0.389138,0.939085,-0.015807,0.040486,-0.339778,-0.700331,0.444292,-0.260463,0.493769
0.920512,-0.042527,-0.025612,-0.389098,0.939083,-0.013971,0.041011,-0.339749,-0.700208,0.444319,-0.260356,0.493978
0.920685,-0.041879,-0.025738,-0.388743,0.939115,-0.012879,0.040918,-0.339698,-0.699747,0.444621,-0.260685,0.494183
0.920944,-0.041552,-0.025655,-0.38816,0.939239,-0.012642,0.040516,-0.339421,-0.698977,0.445225,-0.261453,0.49431
0.921288,-0.041481,-0.025525,-0.387354,0.939433,-0.01315,0.040104,-0.338939,-0.697981,0.446094,-0.262518,0.494357
0.921659,-0.041588,-0.025285,-0.386467,0.939673,-0.013994,0.039675,-0.338322,-0.696904,0.447139,-0.263663,0.494306
0.922021,-0.041619,-0.025051,-0.385606,0.939942,-0.014999,0.038967,-0.337657,-0.695943,0.448147,-0.264638,0.494214
0.922367,-0.041541,-0.024941,-0.384788,0.940194,-0.016173,0.038104,-0.337055,-0.695224,0.448874,-0.265344,0.494183
0.922665,-0.041341,-0.024866,-0.38409,0.940428,-0.017316,0.03737,-0.336479,-0.694758,0.449348,-0.265733,0.494193
0.922851,-0.04121,-0.02486,-0.383657,0.940608,-0.018247,0.036925,-0.336009,-0.69467,0.449416,-0.265672,0.494291
0.922937,-0.041302,-0.025007,-0.383435,0.940699,-0.018861,0.036806,-0.33575,-0.695057,0.449071,-0.265019,0.494423
0.922939,-0.041439,-0.025179,-0.383415,0.940727,-0.019062,0.036887,-0.335652,-0.695699,0.448471,-0.264038,0.494606
0.922877,-0.041671,-0.025458,-0.383533,0.94074,-0.018763,0.037217,-0.335577,-0.696427,0.447835,-0.262967,0.494749
0.922803,-0.04191,-0.0258,-0.383679,0.940671,-0.017775,0.037939,-0.335701,-0.697181,0.447244,-0.261839,0.494839
0.922722,-0.042114,-0.025928,-0.383847,0.940517,-0.016265,0.038929,-0.336031,-0.697809,0.446807,-0.260748,0.494948
0.922678,-0.042037,-0.026067,-0.383958,0.940332,-0.014738,0.039618,-0.336481,-0.698295,0.446448,-0.259888,0.495056
0.922735,-0.041707,-0.026259,-0.383844,0.940262,-0.013626,0.039797,-0.336674,-0.698483,0.446307,-0.259351,0.495211
0.922875,-0.041286,-0.026448,-0.383537,0.940295,-0.013322,0.039431,-0.336644,-0.698361,0.446449,-0.259305,0.495284
0.923038,-0.040958,-0.026693,-0.383166,0.94037,-0.013737,0.038926,-0.336502,-0.698072,0.446714,-0.259639,0.495271
0.923238,-0.040677,-0.026848,-0.382702,0.940559,-0.014554,0.038234,-0.336063,-0.697662,0.446968,-0.260205,0.495311
0.923442,-0.040424,-0.026874,-0.382229,0.940809,-0.015692,0.037318,-0.33547,-0.697238,0.447141,-0.260733,0.495463
0.923696,-0.04027,-0.026776,-0.381634,0.941101,-0.017017,0.036149,-0.33478,-0.696877,0.447242,-0.261085,0.495686
0.923921,-0.040243,-0.026624,-0.381093,0.941385,-0.018294,0.035059,-0.334098,-0.696609,0.447271,-0.261311,0.495912
0.924119,-0.040342,-0.026362,-0.380613,0.941615,-0.019535,0.034427,-0.333492,-0.696404,0.447267,-0.26149,0.496104
0.924273,-0.040375,-0.026146,-0.380245,0.941769,-0.02087,0.034249,-0.333025,-0.696269,0.447283,-0.261552,0.496246
0.924398,-0.04032,-0.026025,-0.379949,0.941934,-0.022063,0.034446,-0.33248,-0.696177,0.447266,-0.261551,0.49639
0.924466,-0.040336,-0.026083,-0.379779,0.942083,-0.022671,0.035066,-0.331944,-0.696132,0.447249,-0.261462,0.496517
0.924494,-0.040409,-0.026153,-0.379702,0.942124,-0.022571,0.036116,-0.331678,-0.696223,0.447188,-0.261177,0.496602
0.924446,-0.040292,-0.026316,-0.379825,0.942135,-0.021427,0.037479,-0.331502,-0.696403,0.447076,-0.260745,0.496685
0.924345,-0.039941,-0.026407,-0.3801,0.942129,-0.019884,0.03871,-0.331399,-0.696672,0.446874,-0.260318,0.496723
0.924255,-0.039375,-0.026525,-0.380362,0.942131,-0.018462,0.039347,-0.33135,-0.696906,0.446691,-0.260007,0.496728
0.924224,-0.038845,-0.026656,-0.380477,0.942122,-0.017708,0.039281,-0.33141,-0.697008,0.446614,-0.259914,0.496703
0.924223,-0.038603,-0.02675,-0.380498,0.942107,-0.017832,0.038764,-0.331529,-0.697006,0.446618,-0.259971,0.496672
0.924204,-0.038694,-0.02682,-0.380531,0.942119,-0.018397,0.038133,-0.331571,-0.696933,0.446701,-0.260177,0.496587
0.924165,-0.039053,-0.026847,-0.380594,0.942207,-0.019173,0.037471,-0.33139,-0.696782,0.4468,-0.260413,0.496581
0.924139,-0.039548,-0.026751,-0.380621,0.942266,-0.019994,0.036877,-0.33128,-0.696629,0.446855,-0.260623,0.496632
0.924136,-0.039975,-0.026653,-0.380594,0.942294,-0.020756,0.036403,-0.331238,-0.69634,0.447006,-0.260896,0.496754
0.924162,-0.040273,-0.026588,-0.380507,0.942374,-0.021349,0.036008,-0.331043,-0.696015,0.447172,-0.261135,0.496929
0.924187,-0.040381,-0.026528,-0.380439,0.942458,-0.021696,0.035845,-0.330812,-0.695555,0.447486,-0.261448,0.49712
0.924222,-0.040194,-0.026613,-0.380367,0.942506,-0.022056,0.035865,-0.330659,-0.695041,0.447832,-0.261782,0.49735
0.924245,-0.039973,-0.026756,-0.380324,0.942548,-0.022444,0.036163,-0.330474,-0.694443,0.448384,-0.262101,0.497519
0.924279,-0.039691,-0.026933,-0.380261,0.942596,-0.022799,0.036544,-0.330265,-0.693905,0.4489,-0.262387,0.497653
0.9243,-0.039529,-0.027196,-0.380214,0.942619,-0.023026,0.036915,-0.330134,-0.693453,0.449375,-0.262623,0.497731
0.924278,-0.039613,-0.027393,-0.380253,0.942683,-0.023218,0.037178,-0.329904,-0.693146,0.449694,-0.262754,0.497801
0.924247,-0.039986,-0.027457,-0.380293,0.942663,-0.023242,0.037209,-0.329954,-0.69294,0.449804,-0.262803,0.497965
0.924214,-0.04047,-0.02752,-0.380329,0.942524,-0.023306,0.037044,-0.330372,-0.692883,0.449764,-0.262708,0.498132
0.924149,-0.040781,-0.027701,-0.380451,0.942349,-0.023268,0.036511,-0.330949,-0.692893,0.449719,-0.262481,0.498284
0.924059,-0.040924,-0.028013,-0.380644,0.942161,-0.023337,0.035655,-0.331603,-0.692969,0.449622,-0.262242,0.498397
0.923948,-0.04084,-0.028313,-0.380911,0.941972,-0.023475,0.034546,-0.332288,-0.693125,0.449433,-0.261962,0.498501
0.92383,-0.040791,-0.028622,-0.381186,0.941767,-0.023643,0.033264,-0.333035,-0.69334,0.449154,-0.261618,0.498639
0.923727,-0.040844,-0.02884,-0.381424,0.941592,-0.023875,0.031824,-0.33371,-0.693559,0.448844,-0.26121,0.498833
0.923624,-0.041096,-0.028999,-0.381643,0.94145,-0.024417,0.030328,-0.334273,-0.693726,0.448547,-0.260869,0.499052
0.923502,-0.041533,-0.029194,-0.381892,0.941351,-0.025299,0.028959,-0.334673,-0.693809,0.448346,-0.260591,0.499266
0.923372,-0.042124,-0.02948,-0.38214,0.941382,-0.026474,0.028012,-0.334632,-0.693769,0.448364,-0.260426,0.499396
0.923209,-0.042853,-0.029691,-0.382455,0.941567,-0.027618,0.027576,-0.334092,-0.693605,0.448552,-0.260336,0.499507
0.923048,-0.043712,-0.029908,-0.382754,0.941845,-0.028516,0.027681,-0.33324,-0.693347,0.448854,-0.260325,0.499604
0.922966,-0.044448,-0.030196,-0.382867,0.942093,-0.028912,0.028318,-0.332437,-0.69289,0.44941,-0.260494,0.499654
0.922882,-0.045027,-0.030663,-0.382992,0.942211,-0.028707,0.029374,-0.331986,-0.692268,0.450191,-0.260747,0.499687
0.922817,-0.045125,-0.03114,-0.383114,0.942306,-0.027858,0.030646,-0.331612,-0.69158,0.451059,-0.261038,0.499709
0.922786,-0.044761,-0.031605,-0.383204,0.942358,-0.026905,0.031676,-0.331389,-0.690819,0.452066,-0.261431,0.499652
0.922829,-0.044429,-0.031985,-0.383112,0.942263,-0.026171,0.032147,-0.331642,-0.690062,0.453119,-0.261864,0.499519
0.922903,-0.04436,-0.032235,-0.382929,0.942051,-0.025648,0.032182,-0.332269,-0.68938,0.454106,-0.262218,0.499385
0.922983,-0.044617,-0.03239,-0.382702,0.941715,-0.025488,0.031906,-0.333265,-0.688853,0.454987,-0.262462,0.49919
0.92302,-0.045073,-0.032422,-0.382566,0.94128,-0.025841,0.03148,-0.334523,-0.688487,0.455785,-0.262647,0.498876
0.923053,-0.045578,-0.0323,-0.382442,0.940949,-0.026583,0.030908,-0.335486,-0.688278,0.456307,-0.262723,0.498654
0.923091,-0.046168,-0.032058,-0.382302,0.940721,-0.027663,0.030209,-0.336144,-0.688191,0.456552,-0.262782,0.49852
0.923174,-0.046773,-0.031865,-0.382049,0.940604,-0.028935,0.029229,-0.336507,-0.688239,0.45661,-0.262752,0.498418
0.923289,-0.047277,-0.031683,-0.381726,0.940605,-0.030292,0.028166,-0.336541,-0.68838,0.456512,-0.262716,0.498331
0.923427,-0.04753,-0.031546,-0.38137,0.940782,-0.0316,0.027277,-0.336057,-0.688492,0.456405,-0.262601,0.498336
0.923626,-0.047484,-0.031548,-0.380893,0.941167,-0.032561,0.02671,-0.334973,-0.688616,0.456197,-0.262531,0.498392
0.923858,-0.047315,-0.031552,-0.380348,0.941762,-0.033074,0.026598,-0.33327,-0.688654,0.456048,-0.262409,0.49854
0.92413,-0.047102,-0.031591,-0.379705,0.942465,-0.033152,0.027158,-0.331207,-0.688657,0.45582,-0.262279,0.498812
0.924429,-0.046824,-0.031601,-0.379004,0.943161,-0.032837,0.02823,-0.32912,-0.688516,0.455752,-0.262148,0.499139
0.924724,-0.04642,-0.031619,-0.378325,0.943874,-0.032097,0.029706,-0.326944,-0.688392,0.455658,-0.262063,0.499443
0.925013,-0.045872,-0.031571,-0.377674,0.944541,-0.030875,0.031348,-0.324895,-0.688214,0.455594,-0.261985,0.499789
0.925259,-0.045193,-0.031546,-0.377142,0.945073,-0.029293,0.033007,-0.323236,-0.688073,0.455565,-0.261859,0.500076
0.925525,-0.044533,-0.031387,-0.376563,0.945397,-0.027513,0.034242,-0.322236,-0.687928,0.455635,-0.261697,0.500303
0.925777,-0.043982,-0.030973,-0.376019,0.945495,-0.026078,0.034916,-0.321943,-0.687848,0.455729,-0.261503,0.500436
0.926027,-0.043522,-0.030444,-0.375471,0.945443,-0.025284,0.03498,-0.322132,-0.687833,0.455804,-0.261264,0.50052
0.926325,-0.043239,-0.029955,-0.374785,0.945201,-0.025008,0.034556,-0.32292,-0.687805,0.455988,-0.261118,0.500473
0.926615,-0.043066,-0.029562,-0.374103,0.944801,-0.024948,0.033897,-0.32418,-0.687874,0.456135,-0.2609,0.500367
0.92683,-0.042948,-0.029149,-0.373598,0.944338,-0.024713,0.03306,-0.325657,-0.688134,0.456148,-0.260573,0.500176
0.927017,-0.042694,-0.028886,-0.37317,0.94387,-0.02461,0.03215,-0.327137,-0.688538,0.455991,-0.260155,0.499989
0.927179,-0.042229,-0.028837,-0.372812,0.943538,-0.024779,0.031297,-0.328197,-0.689016,0.455707,-0.259658,0.499857
0.927309,-0.041843,-0.028963,-0.372521,0.943358,-0.025352,0.030791,-0.328747,-0.689481,0.455336,-0.259235,0.49978
0.927382,-0.041656,-0.029143,-0.372348,0.94336,-0.0262,0.030912,-0.328675,-0.689928,0.454965,-0.258858,0.4997
0.927383,-0.041684,-0.029261,-0.372335,0.943624,-0.027134,0.03174,-0.327753,-0.690259,0.454645,-0.258564,0.49969
0.927352,-0.042036,-0.029386,-0.372376,0.944124,-0.028044,0.03321,-0.326051,-0.690454,0.454405,-0.258426,0.49971
0.927336,-0.042629,-0.029363,-0.372357,0.944768,-0.02866,0.035116,-0.323871,-0.69045,0.454292,-0.25841,0.499825
0.927399,-0.043273,-0.029208,-0.372147,0.945335,-0.028587,0.03702,-0.321938,-0.690254,0.454348,-0.258559,0.499965
0.927483,-0.043592,-0.029091,-0.371913,0.945783,-0.027838,0.038918,-0.320381,-0.689949,0.454506,-0.258868,0.500076
0.927609,-0.043279,-0.029004,-0.371631,0.946154,-0.0267,0.040519,-0.3191,-0.6895,0.454803,-0.259339,0.500173
0.927761,-0.042537,-0.028879,-0.371328,0.946461,-0.025407,0.041549,-0.318101,-0.688977,0.455222,-0.25995,0.500185
0.928,-0.04168,-0.028567,-0.370826,0.946603,-0.024333,0.041742,-0.317707,-0.688487,0.455592,-0.26054,0.500206
0.928258,-0.041016,-0.02819,-0.370258,0.946581,-0.023673,0.041222,-0.317898,-0.688089,0.455895,-0.261136,0.500158
0.928497,-0.040458,-0.027692,-0.369727,0.946373,-0.023692,0.04013,-0.318694,-0.687836,0.456085,-0.261623,0.500067
0.928709,-0.040138,-0.027064,-0.369249,0.946112,-0.024443,0.038618,-0.319665,-0.687739,0.456173,-0.261993,0.499917
0.928885,-0.040266,-0.026562,-0.368813,0.945762,-0.025854,0.037089,-0.320852,-0.687781,0.456117,-0.262256,0.499766
0.929009,-0.040566,-0.026178,-0.368488,0.9454,-0.027478,0.035776,-0.322007,-0.687992,0.455916,-0.262315,0.499624
0.929028,-0.04089,-0.026011,-0.368418,0.945156,-0.028917,0.034841,-0.322762,-0.688329,0.455581,-0.262164,0.499542
0.928941,-0.041145,-0.026028,-0.368612,0.944999,-0.030078,0.034392,-0.323204,-0.688754,0.455082,-0.261854,0.499574
0.928794,-0.041368,-0.026326,-0.368952,0.944925,-0.030729,0.034608,-0.323337,-0.689203,0.454553,-0.261426,0.499665
0.928559,-0.041544,-0.0268,-0.369508,0.944913,-0.030771,0.035651,-0.323218,-0.689565,0.454173,-0.261068,0.499703
0.928199,-0.04171,-0.027337,-0.370377,0.944982,-0.030141,0.037788,-0.322745,-0.689852,0.453949,-0.260805,0.49965
0.927748,-0.041749,-0.027783,-0.371482,0.945145,-0.028895,0.040587,-0.321917,-0.690015,0.453812,-0.260528,0.4997
0.927333,-0.041997,-0.027981,-0.372489,0.945244,-0.027146,0.043205,-0.321309,-0.689938,0.453932,-0.260381,0.499779
0.92695,-0.042711,-0.027749,-0.373383,0.944996,-0.025759,0.044994,-0.321808,-0.689657,0.454222,-0.260384,0.499906
0.926608,-0.043949,-0.027318,-0.374128,0.944357,-0.025433,0.045844,-0.323544,-0.688967,0.454955,-0.260782,0.499984
0.926313,-0.045203,-0.026819,-0.374752,0.943598,-0.02613,0.046002,-0.32568,-0.687872,0.456151,-0.261756,0.499885
0.926045,-0.046421,-0.026145,-0.375314,0.942888,-0.027363,0.045832,-0.327682,-0.686464,0.457753,-0.263193,0.499589
0.925815,-0.047649,-0.025484,-0.375775,0.942246,-0.028787,0.045265,-0.329524,-0.685111,0.459314,-0.264739,0.499176
0.925615,-0.048911,-0.024894,-0.376147,0.941672,-0.030288,0.044565,-0.33117,-0.683899,0.460702,-0.266207,0.498762
0.925468,-0.050084,-0.024421,-0.376394,0.941257,-0.031815,0.043509,-0.332413,-0.682942,0.461788,-0.267371,0.498431
0.925359,-0.051059,-0.024144,-0.376557,0.941033,-0.033348,0.042094,-0.333159,-0.682211,0.462615,-0.268276,0.498168
0.925319,-0.051916,-0.024136,-0.376554,0.940996,-0.034972,0.04058,-0.33337,-0.681635,0.463202,-0.268958,0.498033
0.925309,-0.05278,-0.02434,-0.376466,0.941084,-0.036778,0.039458,-0.333136,-0.681285,0.463501,-0.269342,0.498022
0.925289,-0.053677,-0.024766,-0.376391,0.941233,-0.038632,0.039276,-0.332569,-0.681196,0.463537,-0.269314,0.498127
0.925178,-0.054602,-0.025401,-0.376528,0.941471,-0.04003,0.039947,-0.331653,-0.681351,0.463311,-0.26891,0.49835
0.925025,-0.055298,-0.026119,-0.37679,0.941781,-0.040262,0.041511,-0.330505,-0.68177,0.462788,-0.268127,0.498697
0.924846,-0.055409,-0.026839,-0.37719,0.942126,-0.038732,0.043675,-0.329316,-0.682319,0.462077,-0.267055,0.499197
0.92473,-0.054847,-0.027547,-0.377517,0.942397,-0.035525,0.046148,-0.328413,-0.682894,0.461305,-0.265942,0.499736
0.924645,-0.053769,-0.028163,-0.377836,0.942418,-0.031713,0.048511,-0.328242,-0.683344,0.460678,-0.264967,0.500233
0.92459,-0.052633,-0.028503,-0.378097,0.942165,-0.028455,0.050159,-0.328894,-0.683591,0.46031,-0.264216,0.500645
0.924592,-0.051819,-0.028543,-0.378189,0.941705,-0.026661,0.050764,-0.330208,-0.683534,0.460311,-0.263862,0.500918
0.924614,-0.051796,-0.028186,-0.378149,0.941155,-0.026554,0.050397,-0.331841,-0.683217,0.460658,-0.263984,0.50097
0.924635,-0.052696,-0.02749,-0.37802,0.940551,-0.027701,0.049599,-0.333622,-0.682646,0.461355,-0.264539,0.50081
0.924642,-0.05441,-0.026563,-0.377826,0.939951,-0.02989,0.048,-0.335449,-0.681968,0.462253,-0.265256,0.50052
0.92461,-0.05644,-0.025663,-0.377676,0.939458,-0.032937,0.045995,-0.336952,-0.681266,0.463166,-0.266051,0.500202
0.924592,-0.058447,-0.024906,-0.377477,0.939213,-0.036636,0.043918,-0.337673,-0.680631,0.464059,-0.266887,0.499785
0.924582,-0.060549,-0.024251,-0.377228,0.939155,-0.040581,0.04204,-0.337765,-0.680105,0.464832,-0.267551,0.499423
0.924568,-0.062688,-0.023748,-0.376968,0.939131,-0.045226,0.040377,-0.337595,-0.679748,0.465358,-0.268005,0.499172
0.924554,-0.064814,-0.023434,-0.37669,0.939167,-0.04997,0.038996,-0.33713,-0.679551,0.46565,-0.268214,0.499053
0.924495,-0.06673,-0.023546,-0.376531,0.939279,-0.053793,0.038628,-0.336361,-0.679495,0.465785,-0.268211,0.499009
0.924419,-0.067895,-0.024136,-0.376511,0.939505,-0.05542,0.039479,-0.335367,-0.679561,0.465865,-0.267971,0.49898
0.924308,-0.068036,-0.025055,-0.376734,0.939882,-0.054174,0.041374,-0.334195,-0.679774,0.465717,-0.267458,0.499115
0.924194,-0.066997,-0.026124,-0.377143,0.940289,-0.05042,0.043996,-0.333134,-0.680102,0.465414,-0.266763,0.499336
0.924175,-0.064985,-0.027259,-0.377463,0.940641,-0.044976,0.046361,-0.33241,-0.680549,0.464901,-0.265892,0.499682
0.924265,-0.062552,-0.028316,-0.377568,0.940829,-0.039202,0.047841,-0.332232,-0.680996,0.464387,-0.265079,0.499997
0.924393,-0.060215,-0.029118,-0.377556,0.940787,-0.034504,0.048107,-0.332728,-0.68136,0.464028,-0.264462,0.500174
0.924483,-0.058329,-0.029608,-0.377578,0.940495,-0.032165,0.047332,-0.333876,-0.68148,0.463949,-0.264291,0.500176
0.924607,-0.057596,-0.029524,-0.377373,0.940061,-0.032382,0.045875,-0.335331,-0.681322,0.464178,-0.264454,0.500092
0.924729,-0.058219,-0.028835,-0.377023,0.939552,-0.034916,0.044004,-0.336867,-0.68088,0.464712,-0.264927,0.499944
0.924805,-0.06002,-0.027821,-0.376629,0.939058,-0.039457,0.041845,-0.338179,-0.680345,0.465413,-0.265582,0.499665
0.924837,-0.062643,-0.026696,-0.376212,0.938748,-0.045142,0.03985,-0.338749,-0.679804,0.46604,-0.266326,0.499412
0.924783,-0.065604,-0.025534,-0.375937,0.938721,-0.050963,0.038392,-0.338331,-0.679286,0.466604,-0.267049,0.499192
0.924721,-0.068461,-0.024505,-0.375665,0.938897,-0.055973,0.037602,-0.337263,-0.678981,0.466901,-0.267541,0.499059
0.924676,-0.070779,-0.023925,-0.375405,0.939129,-0.059151,0.037414,-0.336165,-0.678955,0.466827,-0.267655,0.499098
0.924623,-0.071868,-0.023937,-0.375349,0.93944,-0.060024,0.038075,-0.33506,-0.6793,0.466394,-0.267257,0.49925
0.924595,-0.070791,-0.024685,-0.375579,0.939945,-0.058011,0.039509,-0.333739,-0.679881,0.465702,-0.266512,0.499513
0.92461,-0.067616,-0.025999,-0.376026,0.940696,-0.053485,0.041566,-0.331964,-0.680707,0.464735,-0.26543,0.499877
0.924684,-0.063017,-0.027677,-0.376494,0.941527,-0.047002,0.043636,-0.33012,-0.681618,0.463648,-0.264285,0.500267
0.92488,-0.057849,-0.029417,-0.376675,0.942254,-0.039655,0.045328,-0.328576,-0.682481,0.462581,-0.263181,0.500672
0.925032,-0.052971,-0.030875,-0.376861,0.942862,-0.032856,0.04617,-0.327301,-0.683211,0.461659,-0.262258,0.501022
0.925145,-0.049335,-0.031762,-0.376968,0.943243,-0.027989,0.045797,-0.326624,-0.683675,0.460992,-0.261639,0.501335
0.925241,-0.047758,-0.032044,-0.376889,0.943337,-0.0255,0.04484,-0.326676,-0.683817,0.460617,-0.261504,0.501553
0.92527,-0.04838,-0.031633,-0.376771,0.943187,-0.026008,0.043702,-0.327271,-0.683507,0.460717,-0.261886,0.501675
0.925179,-0.05091,-0.030448,-0.376766,0.94298,-0.029287,0.042463,-0.327862,-0.682829,0.46129,-0.26267,0.501649
0.925063,-0.054832,-0.028746,-0.376651,0.942672,-0.03482,0.041228,-0.328518,-0.681936,0.462147,-0.263669,0.501538
0.924915,-0.059784,-0.0269,-0.376426,0.9422,-0.042547,0.04042,-0.329242,-0.680929,0.463181,-0.264806,0.50134
0.92469,-0.065466,-0.024999,-0.376204,0.941626,-0.051364,0.040529,-0.329783,-0.679988,0.464302,-0.265751,0.50107
0.924407,-0.071396,-0.023,-0.37599,0.940934,-0.060458,0.041506,-0.330238,-0.679211,0.465283,-0.266506,0.500809
0.924046,-0.076912,-0.021282,-0.375935,0.940302,-0.0683,0.043428,-0.330351,-0.67867,0.466028,-0.266911,0.500634
0.923703,-0.080941,-0.020062,-0.376033,0.939968,-0.073397,0.046041,-0.329862,-0.678305,0.466602,-0.266881,0.500622
0.923477,-0.082819,-0.019472,-0.376224,0.940058,-0.074211,0.049189,-0.328869,-0.678229,0.466894,-0.266494,0.500671
0.923479,-0.082012,-0.019611,-0.37638,0.940457,-0.070473,0.052421,-0.327862,-0.67849,0.466795,-0.265709,0.500846
0.923778,-0.078575,-0.020486,-0.3763,0.94093,-0.063403,0.055174,-0.327256,-0.679057,0.466268,-0.264767,0.501084
0.924373,-0.072878,-0.021857,-0.375847,0.941465,-0.054302,0.056398,-0.326924,-0.679819,0.465432,-0.263729,0.501391
0.925086,-0.065597,-0.023699,-0.375249,0.941969,-0.045028,0.055684,-0.326841,-0.680592,0.464454,-0.262763,0.501766
0.925781,-0.058119,-0.025674,-0.374565,0.942353,-0.03701,0.05323,-0.327076,-0.681413,0.463429,-0.26206,0.50197
0.926396,-0.05164,-0.027559,-0.373801,0.942545,-0.030808,0.049795,-0.327709,-0.682199,0.462375,-0.261552,0.502137
0.926882,-0.046948,-0.029064,-0.373064,0.942635,-0.026606,0.046045,-0.328417,-0.682943,0.461351,-0.261241,0.502221
0.927171,-0.044213,-0.030225,-0.372574,0.942761,-0.024522,0.042364,-0.328801,-0.683669,0.460305,-0.261001,0.502309
0.927255,-0.043461,-0.030983,-0.372402,0.942924,-0.024894,0.039065,-0.32884,-0.684456,0.459222,-0.260705,0.502376
0.927183,-0.044596,-0.031267,-0.372455,0.943201,-0.027416,0.036426,-0.328293,-0.685175,0.458231,-0.260287,0.502514
0.926977,-0.046739,-0.031304,-0.372744,0.943491,-0.031564,0.03451,-0.327445,-0.685818,0.4574,-0.259828,0.502631
0.926628,-0.049578,-0.031237,-0.3733,0.943725,-0.036655,0.033409,-0.326494,-0.686316,0.456885,-0.259307,0.502694
0.926187,-0.05237,-0.031372,-0.374059,0.943937,-0.041209,0.033505,-0.325417,-0.686567,0.456763,-0.258979,0.502639
0.925641,-0.054765,-0.03176,-0.375091,0.944014,-0.043436,0.034906,-0.32475,-0.686573,0.457018,-0.258747,0.50253
0.925078,-0.056403,-0.032246,-0.376241,0.943834,-0.04325,0.037596,-0.324896,-0.686289,0.457596,-0.258633,0.502461
0.924563,-0.056689,-0.032924,-0.377435,0.943464,-0.040834,0.041135,-0.325678,-0.685665,0.458491,-0.258707,0.502468
0.92424,-0.055369,-0.033646,-0.37836,0.943027,-0.036593,0.045101,-0.326689,-0.684766,0.45965,-0.259088,0.502448
0.924075,-0.052965,-0.034038,-0.37904,0.942575,-0.031559,0.048017,-0.327894,-0.683606,0.460995,-0.25977,0.502444
0.924061,-0.050177,-0.034305,-0.379388,0.941966,-0.026743,0.048959,-0.329794,-0.682169,0.462534,-0.260823,0.502432
0.924185,-0.047153,-0.034627,-0.379401,0.941311,-0.02275,0.047449,-0.332144,-0.680618,0.464024,-0.262227,0.502415
0.92448,-0.044361,-0.034994,-0.378946,0.940669,-0.019924,0.044457,-0.334596,-0.678981,0.465533,-0.263984,0.50229
0.92479,-0.042122,-0.035302,-0.378384,0.940067,-0.018435,0.041433,-0.336828,-0.677457,0.466897,-0.265913,0.502033
0.925025,-0.041195,-0.03539,-0.377889,0.939612,-0.018573,0.038894,-0.338479,-0.676094,0.46799,-0.267704,0.501872
0.92515,-0.041643,-0.035291,-0.377545,0.939293,-0.020919,0.037395,-0.339492,-0.674971,0.468801,-0.269092,0.501858
0.925165,-0.043332,-0.034999,-0.377369,0.939164,-0.025111,0.036987,-0.339705,-0.674098,0.469389,-0.269952,0.502008
0.925005,-0.045941,-0.034543,-0.377526,0.939276,-0.029863,0.037502,-0.339028,-0.673516,0.469765,-0.270269,0.502263
0.924702,-0.048935,-0.034143,-0.377968,0.939463,-0.034752,0.039203,-0.33789,-0.673089,0.470031,-0.270275,0.502586
0.924273,-0.05216,-0.033722,-0.378673,0.939696,-0.038583,0.042051,-0.336455,-0.672805,0.47026,-0.269865,0.502987
0.923799,-0.05494,-0.033263,-0.379512,0.940009,-0.040628,0.045557,-0.334796,-0.672764,0.470279,-0.269163,0.503418
0.923372,-0.056796,-0.033085,-0.380323,0.940232,-0.040511,0.048863,-0.333599,-0.672818,0.470226,-0.268238,0.503912
0.923044,-0.057446,-0.033309,-0.381021,0.940221,-0.038346,0.051533,-0.333349,-0.67296,0.470114,-0.267219,0.504392
0.92284,-0.056738,-0.033897,-0.381577,0.939925,-0.034855,0.052998,-0.334209,-0.673132,0.46992,-0.266305,0.504847
0.922735,-0.055162,-0.03469,-0.381989,0.939394,-0.031243,0.053081,-0.335966,-0.673293,0.469679,-0.265542,0.505277
0.922646,-0.053343,-0.035539,-0.382378,0.938777,-0.028535,0.052054,-0.338064,-0.673335,0.469489,-0.26514,0.505614
0.92257,-0.052026,-0.036253,-0.382678,0.938132,-0.026908,0.05003,-0.340322,-0.673306,0.469394,-0.265083,0.505769
0.922428,-0.051656,-0.036877,-0.383023,0.937448,-0.027134,0.047458,-0.342639,-0.673096,0.469446,-0.26526,0.505905
0.92222,-0.052294,-0.03727,-0.383425,0.936944,-0.029412,0.044352,-0.344391,-0.67278,0.469601,-0.26557,0.506014
0.921997,-0.053723,-0.03741,-0.38378,0.936747,-0.03387,0.041073,-0.345122,-0.672223,0.469978,-0.266069,0.506133
0.921761,-0.055772,-0.037518,-0.384087,0.936821,-0.039862,0.038372,-0.344804,-0.671605,0.470433,-0.266673,0.506205
0.921473,-0.058542,-0.03761,-0.38441,0.936974,-0.045343,0.036901,-0.344027,-0.670862,0.471049,-0.267338,0.506258
0.921131,-0.061325,-0.037718,-0.384838,0.93713,-0.049593,0.036731,-0.343123,-0.670115,0.471732,-0.267916,0.506299
0.920666,-0.063443,-0.038089,-0.385624,0.937386,-0.052437,0.037797,-0.341901,-0.669466,0.472347,-0.268309,0.506376
0.920168,-0.0647,-0.038765,-0.386582,0.9378,-0.053255,0.040217,-0.340292,-0.668931,0.472798,-0.268506,0.506559
0.919663,-0.065128,-0.039431,-0.387674,0.938271,-0.050997,0.043403,-0.338791,-0.66854,0.473038,-0.268417,0.506904
0.919252,-0.064313,-0.040117,-0.388723,0.93853,-0.046593,0.046742,-0.338062,-0.668367,0.473034,-0.268077,0.507323
0.918944,-0.062169,-0.040901,-0.389706,0.938531,-0.041074,0.049043,-0.338257,-0.668401,0.4728,-0.26752,0.507801
0.918768,-0.059151,-0.041787,-0.390473,0.938287,-0.035007,0.049718,-0.339371,-0.668527,0.472337,-0.267026,0.508332
0.918642,-0.055935,-0.042718,-0.391118,0.937799,-0.02972,0.04856,-0.341322,-0.668653,0.471894,-0.266796,0.508697
0.91851,-0.05314,-0.043467,-0.39171,0.937064,-0.026139,0.046019,-0.34399,-0.668793,0.471424,-0.266773,0.508954
0.918336,-0.051624,-0.043848,-0.392264,0.936171,-0.02495,0.043209,-0.346931,-0.668878,0.471023,-0.267019,0.509074
0.918092,-0.051794,-0.043832,-0.392816,0.935284,-0.026766,0.04027,-0.349665,-0.668931,0.470702,-0.267355,0.50911
0.917719,-0.053576,-0.043494,-0.393507,0.93463,-0.031036,0.037612,-0.351522,-0.668909,0.470509,-0.267723,0.509112
0.917241,-0.056764,-0.042841,-0.394283,0.934237,-0.036889,0.035852,-0.352354,-0.668805,0.470469,-0.268103,0.509076
0.916667,-0.060856,-0.041887,-0.395154,0.933991,-0.043198,0.035016,-0.352521,-0.66869,0.470561,-0.268398,0.50898
0.916008,-0.065414,-0.040884,-0.396108,0.933738,-0.04977,0.035131,-0.352437,-0.668637,0.470598,-0.268573,0.508918
0.915279,-0.070086,-0.040045,-0.397136,0.93343,-0.055478,0.036407,-0.352335,-0.668525,0.47075,-0.268735,0.508837
0.914529,-0.073871,-0.039393,-0.398292,0.933146,-0.05888,0.039215,-0.352202,-0.668426,0.470939,-0.268779,0.508773
0.913863,-0.07606,-0.038916,-0.399479,0.932978,-0.059127,0.042606,-0.3521,-0.668394,0.47104,-0.268684,0.508776
0.913389,-0.07601,-0.038892,-0.400574,0.932897,-0.056202,0.045547,-0.352265,-0.668347,0.471074,-0.268518,0.508897
0.913331,-0.073497,-0.039568,-0.401087,0.932782,-0.050888,0.04714,-0.35301,-0.668286,0.471045,-0.268528,0.508997
0.913664,-0.068947,-0.040687,-0.400982,0.932571,-0.043663,0.047045,-0.354411,-0.668079,0.471051,-0.268775,0.509127
0.914219,-0.062949,-0.042088,-0.400496,0.932334,-0.035693,0.045409,-0.35604,-0.667776,0.471086,-0.269309,0.509197
0.914833,-0.056613,-0.04357,-0.399812,0.932138,-0.028039,0.042854,-0.357492,-0.667355,0.471153,-0.270154,0.509218
0.915432,-0.051015,-0.044727,-0.399006,0.932035,-0.021875,0.040162,-0.358476,-0.666905,0.471184,-0.271113,0.509247
0.91601,-0.047341,-0.045061,-0.398035,0.932047,-0.017625,0.037738,-0.358943,-0.66646,0.471194,-0.272055,0.509292
0.916542,-0.045911,-0.044778,-0.396974,0.932018,-0.016355,0.035696,-0.359333,-0.666041,0.47113,-0.27296,0.50939
0.917015,-0.046631,-0.04388,-0.395879,0.931918,-0.01828,0.034154,-0.359738,-0.665652,0.471072,-0.273718,0.509526
0.917353,-0.049026,-0.042362,-0.394961,0.931897,-0.02267,0.033118,-0.359753,-0.665337,0.471021,-0.274281,0.509665
0.91758,-0.052492,-0.040334,-0.394195,0.931927,-0.028715,0.032336,-0.359457,-0.6651,0.47103,-0.27464,0.509764
0.91774,-0.056505,-0.038387,-0.393468,0.931785,-0.036607,0.0316,-0.359348,-0.665025,0.470981,-0.27486,0.509782
0.917851,-0.06079,-0.036757,-0.392747,0.931548,-0.045602,0.031187,-0.359154,-0.665109,0.470881,-0.274853,0.509767
0.917816,-0.065244,-0.035376,-0.392277,0.931415,-0.053679,0.031615,-0.35848,-0.665267,0.470835,-0.274692,0.509695
0.917685,-0.069247,-0.034377,-0.392023,0.931253,-0.059632,0.033339,-0.35786,-0.665587,0.470706,-0.274314,0.509606
0.91746,-0.072356,-0.033748,-0.392077,0.931104,-0.062234,0.036282,-0.357467,-0.66612,0.470446,-0.273575,0.509564
0.917231,-0.073581,-0.033472,-0.392421,0.931179,-0.060766,0.039722,-0.357012,-0.666673,0.47025,-0.27262,0.509555
0.917196,-0.072368,-0.033787,-0.392693,0.931522,-0.055595,0.042844,-0.356393,-0.667279,0.47005,-0.271687,0.509466
0.917401,-0.068862,-0.034739,-0.39273,0.931936,-0.048436,0.044943,-0.355891,-0.667837,0.469833,-0.270821,0.509414
0.917849,-0.063638,-0.036155,-0.392388,0.932398,-0.040742,0.045355,-0.355434,-0.668231,0.469758,-0.270301,0.509256
0.918433,-0.057585,-0.037858,-0.391741,0.932869,-0.033564,0.04369,-0.355077,-0.668515,0.469679,-0.270124,0.509053
0.91906,-0.051439,-0.039624,-0.390897,0.933237,-0.027792,0.040529,-0.354984,-0.668704,0.469563,-0.27027,0.508831
0.919737,-0.046294,-0.041121,-0.389744,0.933546,-0.024114,0.03646,-0.354951,-0.668756,0.469475,-0.270656,0.508626
0.920438,-0.042874,-0.042191,-0.388336,0.933892,-0.022971,0.032087,-0.354667,-0.668697,0.469394,-0.27126,0.508441
0.921011,-0.041644,-0.042718,-0.387044,0.934209,-0.024285,0.027962,-0.354263,-0.668462,0.46949,-0.271932,0.508286
0.921426,-0.04248,-0.042653,-0.385984,0.934554,-0.027765,0.024523,-0.353535,-0.668197,0.469539,-0.272503,0.508269
0.921659,-0.04488,-0.042255,-0.385225,0.934952,-0.032758,0.022089,-0.352394,-0.66777,0.469799,-0.272993,0.508317
0.921743,-0.048303,-0.041974,-0.384692,0.935356,-0.038144,0.021339,-0.350954,-0.667395,0.470105,-0.273241,0.508392
0.921643,-0.052158,-0.041773,-0.384513,0.935793,-0.042435,0.023079,-0.349204,-0.666988,0.470577,-0.273301,0.508462
0.921318,-0.055764,-0.041273,-0.384889,0.936209,-0.044914,0.026961,-0.347408,-0.666754,0.470938,-0.272946,0.50864
0.920876,-0.058506,-0.040599,-0.38564,0.936514,-0.045584,0.032061,-0.3459,-0.666527,0.471355,-0.272451,0.508834
0.920524,-0.059995,-0.040175,-0.38631,0.936733,-0.044166,0.037157,-0.344776,-0.666338,0.471799,-0.271848,0.509016
0.920371,-0.060152,-0.040213,-0.386651,0.936867,-0.041129,0.042052,-0.343998,-0.666128,0.472383,-0.271368,0.509026
0.920283,-0.059079,-0.040238,-0.387003,0.936807,-0.037641,0.045997,-0.343848,-0.665802,0.473116,-0.271148,0.508905
0.920335,-0.057336,-0.040231,-0.387112,0.936618,-0.034489,0.048211,-0.344251,-0.665445,0.473698,-0.271055,0.508892
0.920489,-0.055691,-0.040295,-0.386952,0.936319,-0.032657,0.048781,-0.345105,-0.665122,0.474146,-0.271192,0.508827
0.920743,-0.054682,-0.040319,-0.386471,0.936003,-0.032627,0.047647,-0.34616,-0.664821,0.474479,-0.271509,0.508737
0.921003,-0.054387,-0.040157,-0.385897,0.935778,-0.034106,0.044975,-0.347102,-0.664556,0.47469,-0.272034,0.508596
0.921251,-0.055039,-0.039982,-0.385235,0.935653,-0.037031,0.041254,-0.347784,-0.664274,0.474796,-0.272605,0.508546
0.92144,-0.056395,-0.039808,-0.384623,0.935557,-0.040951,0.037349,-0.348254,-0.663963,0.474908,-0.273123,0.508558
0.921555,-0.057749,-0.039853,-0.384166,0.935634,-0.045084,0.033594,-0.348129,-0.663766,0.474842,-0.2734,0.508719
0.921555,-0.058959,-0.040279,-0.383973,0.935821,-0.049038,0.03029,-0.347585,-0.663825,0.474572,-0.273322,0.508933
0.921448,-0.059797,-0.041293,-0.38404,0.936113,-0.052475,0.028181,-0.346616,-0.664088,0.474207,-0.272885,0.509172
0.921194,-0.060238,-0.042723,-0.38448,0.936526,-0.054047,0.027988,-0.345306,-0.664483,0.473807,-0.272268,0.509369
0.920782,-0.060064,-0.044082,-0.385383,0.937013,-0.053397,0.029892,-0.343847,-0.664942,0.47347,-0.271394,0.509567
0.920202,-0.05947,-0.045361,-0.386743,0.937512,-0.050794,0.033443,-0.342377,-0.66544,0.473134,-0.270361,0.5098
0.919683,-0.058691,-0.046443,-0.38799,0.937808,-0.047135,0.03747,-0.341462,-0.66594,0.472735,-0.26919,0.510162
0.919234,-0.05813,-0.047068,-0.389076,0.937684,-0.043164,0.04079,-0.341752,-0.666336,0.472466,-0.268069,0.510507
0.918844,-0.057864,-0.047143,-0.390024,0.937097,-0.040248,0.042613,-0.343369,-0.666514,0.472363,-0.267259,0.510815
0.918464,-0.057977,-0.04694,-0.390926,0.936161,-0.039737,0.042669,-0.345948,-0.666298,0.472551,-0.26715,0.510985
0.918185,-0.058667,-0.046407,-0.391539,0.935086,-0.041492,0.041375,-0.34887,-0.665663,0.473085,-0.267777,0.510982
0.918028,-0.060092,-0.045557,-0.391789,0.933991,-0.044711,0.039005,-0.351804,-0.66468,0.473942,-0.269061,0.510771
0.917869,-0.061894,-0.044552,-0.391996,0.93297,-0.049206,0.035875,-0.35443,-0.663558,0.474988,-0.270675,0.510381
0.917709,-0.063854,-0.043633,-0.392164,0.932148,-0.054704,0.032649,-0.356307,-0.66255,0.475824,-0.272272,0.510033
0.917557,-0.065788,-0.042939,-0.39229,0.931833,-0.059963,0.029721,-0.356741,-0.661746,0.476426,-0.273684,0.509729
0.917395,-0.067592,-0.042438,-0.392432,0.932084,-0.06412,0.027512,-0.355693,-0.661216,0.47674,-0.274729,0.50954
0.917141,-0.06916,-0.04222,-0.392799,0.932578,-0.067333,0.026289,-0.353996,-0.660996,0.476693,-0.275322,0.509534
0.916813,-0.069862,-0.042278,-0.393449,0.933519,-0.068342,0.02632,-0.351326,-0.661068,0.476351,-0.275488,0.509661
0.9165,-0.069262,-0.042631,-0.394247,0.934855,-0.067104,0.027485,-0.347846,-0.661469,0.475636,-0.275186,0.509968
0.916236,-0.067609,-0.043157,-0.39508,0.93616,-0.064165,0.029573,-0.344576,-0.662091,0.474682,-0.27461,0.510363
0.916053,-0.06541,-0.043598,-0.395804,0.937109,-0.059936,0.031858,-0.342387,-0.662889,0.473461,-0.273787,0.510905
0.915931,-0.062798,-0.043923,-0.396437,0.937507,-0.055691,0.033388,-0.341733,-0.663791,0.472111,-0.272844,0.511492
0.915944,-0.060068,-0.043998,-0.396776,0.937375,-0.052511,0.033796,-0.34248,-0.664682,0.470702,-0.271875,0.512153
0.915997,-0.057884,-0.043741,-0.396959,0.936828,-0.050984,0.032987,-0.344281,-0.66552,0.469391,-0.271057,0.512702
0.916034,-0.056854,-0.043117,-0.397055,0.93596,-0.051632,0.031249,-0.346767,-0.666221,0.468273,-0.270498,0.513109
0.916,-0.057122,-0.042168,-0.39717,0.93495,-0.05411,0.029263,-0.349393,-0.666723,0.467479,-0.270207,0.513328
0.915963,-0.058892,-0.04076,-0.397128,0.933976,-0.057992,0.027469,-0.35165,-0.667021,0.467012,-0.270182,0.513373
0.915879,-0.061684,-0.03905,-0.397068,0.933146,-0.063045,0.025951,-0.353245,-0.667096,0.466828,-0.270436,0.513301
0.915771,-0.06527,-0.037241,-0.39692,0.932522,-0.069122,0.024583,-0.354014,-0.666978,0.466997,-0.270907,0.513043
0.915633,-0.06937,-0.035403,-0.396724,0.932039,-0.075595,0.023774,-0.354168,-0.666706,0.467403,-0.271391,0.512764
0.915455,-0.073707,-0.033702,-0.396524,0.931595,-0.081969,0.023824,-0.354034,-0.666341,0.467953,-0.271887,0.51247
0.91523,-0.077601,-0.032214,-0.396444,0.931312,-0.0871,0.025013,-0.353528,-0.666029,0.468467,-0.272223,0.512226
0.915049,-0.080396,-0.031213,-0.396404,0.93139,-0.09001,0.027511,-0.352375,-0.665768,0.468934,-0.272394,0.512049
0.914936,-0.081468,-0.030697,-0.39649,0.932028,-0.089604,0.030795,-0.350394,-0.665618,0.469224,-0.272369,0.511997
0.915035,-0.080794,-0.030658,-0.396385,0.932992,-0.086062,0.03414,-0.348216,-0.665656,0.469289,-0.272132,0.512022
0.915384,-0.078525,-0.03106,-0.395976,0.933939,-0.080448,0.036601,-0.346572,-0.665843,0.469166,-0.271764,0.512094
0.915947,-0.074773,-0.031916,-0.395294,0.934785,-0.073712,0.037756,-0.345496,-0.666158,0.468886,-0.271443,0.512115
0.9166,-0.06988,-0.033273,-0.394518,0.935493,-0.067068,0.03752,-0.344837,-0.666439,0.468573,-0.271295,0.512114
0.917333,-0.064561,-0.034844,-0.393537,0.936055,-0.061255,0.036254,-0.344462,-0.666726,0.468244,-0.271228,0.512075
0.918035,-0.059735,-0.036266,-0.39249,0.936401,-0.056648,0.034348,-0.344483,-0.666987,0.467902,-0.271195,0.51206
0.918643,-0.056088,-0.037373,-0.391468,0.936552,-0.053353,0.031923,-0.344852,-0.667221,0.467545,-0.271216,0.512065
0.919122,-0.053784,-0.038259,-0.390568,0.936585,-0.051636,0.029464,-0.345296,-0.667483,0.467274,-0.271253,0.511946
0.919449,-0.052833,-0.038865,-0.38987,0.936626,-0.051504,0.027294,-0.345456,-0.667811,0.467017,-0.271182,0.511788
0.919633,-0.053341,-0.039069,-0.389359,0.936723,-0.052732,0.025676,-0.345214,-0.668128,0.466806,-0.271048,0.511639
0.919668,-0.054902,-0.038947,-0.389093,0.936764,-0.05506,0.024421,-0.344916,-0.668405,0.466719,-0.270838,0.511472
0.919625,-0.057194,-0.038757,-0.388921,0.936722,-0.057791,0.023334,-0.344749,-0.668763,0.466514,-0.270494,0.511379
0.919554,-0.059284,-0.038767,-0.388811,0.936663,-0.059991,0.022661,-0.344646,-0.66906,0.466411,-0.270115,0.511294
0.919445,-0.060733,-0.038992,-0.388858,0.936619,-0.061011,0.022455,-0.344625,-0.669328,0.466341,-0.26974,0.511214
0.919322,-0.061062,-0.039388,-0.389075,0.936619,-0.06028,0.022656,-0.344722,-0.669507,0.46635,-0.269358,0.511182
0.919238,-0.060124,-0.040008,-0.389362,0.936726,-0.057847,0.023003,-0.344765,-0.669593,0.466341,-0.269119,0.51121
0.919269,-0.058261,-0.040722,-0.389488,0.936789,-0.054419,0.02339,-0.345046,-0.669475,0.466508,-0.26903,0.511263
0.919422,-0.056096,-0.041263,-0.389365,0.936724,-0.050683,0.02364,-0.345691,-0.669214,0.466784,-0.269127,0.511303
0.919646,-0.054058,-0.04168,-0.389056,0.93652,-0.047475,0.023774,-0.346623,-0.6688,0.467141,-0.269436,0.511352
0.919871,-0.052475,-0.04176,-0.388706,0.936129,-0.045504,0.023448,-0.347938,-0.668315,0.467471,-0.269869,0.511452
0.920146,-0.051519,-0.041542,-0.388179,0.935653,-0.045048,0.022643,-0.349346,-0.667709,0.467877,-0.270447,0.511558
0.920456,-0.05132,-0.041109,-0.387496,0.93515,-0.045843,0.021332,-0.35073,-0.667092,0.468209,-0.271145,0.511675
0.920763,-0.05191,-0.040486,-0.386743,0.934606,-0.047646,0.019527,-0.352136,-0.666494,0.468539,-0.271891,0.511742
0.921025,-0.053038,-0.039782,-0.386035,0.93405,-0.050095,0.017375,-0.353502,-0.665945,0.468882,-0.272578,0.511765
0.921217,-0.05418,-0.039251,-0.385475,0.933571,-0.05292,0.01504,-0.354597,-0.665497,0.46919,-0.273099,0.511778
0.921385,-0.055233,-0.038866,-0.384967,0.933203,-0.055743,0.012647,-0.35536,-0.665244,0.46934,-0.27335,0.511831
0.92145,-0.056075,-0.038789,-0.384713,0.932929,-0.058556,0.010243,-0.355842,-0.665125,0.469436,-0.273408,0.511866
0.921459,-0.05676,-0.03909,-0.384579,0.932754,-0.060939,0.008479,-0.356052,-0.665179,0.469525,-0.273246,0.511807
0.921422,-0.057246,-0.039747,-0.384558,0.932811,-0.062167,0.00792,-0.355745,-0.665353,0.469511,-0.27288,0.511798
0.921268,-0.057405,-0.040544,-0.384849,0.933174,-0.061809,0.008613,-0.354807,-0.665661,0.469448,-0.272347,0.511751
0.921,-0.057256,-0.041348,-0.385454,0.933723,-0.060043,0.010603,-0.353508,-0.665986,0.469349,-0.271655,0.511804
0.920698,-0.057058,-0.041949,-0.386156,0.934298,-0.057112,0.013323,-0.35223,-0.666284,0.469226,-0.270956,0.511914
0.920447,-0.056974,-0.042433,-0.386728,0.934626,-0.053662,0.016195,-0.351618,-0.666523,0.469178,-0.270312,0.512005
0.920205,-0.05704,-0.042685,-0.387275,0.934587,-0.050751,0.018441,-0.351907,-0.666653,0.469217,-0.269819,0.512073
0.920006,-0.057013,-0.042693,-0.387754,0.93422,-0.049065,0.019526,-0.352992,-0.666676,0.469275,-0.269512,0.51216
0.919888,-0.057026,-0.042575,-0.388041,0.933613,-0.049313,0.019292,-0.354583,-0.666565,0.469474,-0.26951,0.512127
0.919863,-0.057249,-0.042325,-0.38809,0.932958,-0.051184,0.018227,-0.356167,-0.666257,0.469845,-0.269812,0.512026
0.919884,-0.057955,-0.04187,-0.387982,0.932379,-0.054035,0.016572,-0.357452,-0.665727,0.470452,-0.270436,0.51182
0.919908,-0.059221,-0.041387,-0.387794,0.931889,-0.057823,0.014504,-0.358369,-0.665148,0.471108,-0.271218,0.511546
0.919909,-0.06119,-0.040871,-0.387559,0.931603,-0.062053,0.012542,-0.358626,-0.664611,0.471743,-0.271916,0.51128
0.919858,-0.063793,-0.040212,-0.387353,0.931489,-0.066716,0.011256,-0.358259,-0.664175,0.472239,-0.272473,0.511083
0.919734,-0.066766,-0.039491,-0.387251,0.931555,-0.071334,0.010744,-0.357315,-0.663843,0.472564,-0.272824,0.511024
0.919585,-0.069711,-0.038884,-0.38718,0.931773,-0.075584,0.011005,-0.355933,-0.663622,0.47277,-0.272944,0.511056
0.919384,-0.072261,-0.038697,-0.387248,0.932206,-0.078743,0.012367,-0.354076,-0.663485,0.472891,-0.272846,0.511179
0.91921,-0.074083,-0.038615,-0.387356,0.932838,-0.079995,0.014848,-0.351966,-0.663526,0.472874,-0.272464,0.511355
0.919085,-0.07471,-0.038607,-0.387544,0.933591,-0.078859,0.017941,-0.349947,-0.663644,0.47275,-0.271931,0.511612
0.919067,-0.074167,-0.038924,-0.387662,0.934284,-0.075402,0.021112,-0.348505,-0.663777,0.472594,-0.271277,0.511943
0.919185,-0.072614,-0.039573,-0.387601,0.934727,-0.070125,0.024107,-0.348019,-0.663966,0.472395,-0.270565,0.512273
0.919467,-0.070203,-0.04013,-0.387295,0.93479,-0.06417,0.026492,-0.348626,-0.664066,0.472235,-0.269944,0.512635
0.919858,-0.067041,-0.040553,-0.386838,0.934561,-0.058956,0.027952,-0.349894,-0.664093,0.472086,-0.269495,0.512981
0.92032,-0.063627,-0.040953,-0.386224,0.93428,-0.05477,0.027987,-0.351238,-0.664023,0.472045,-0.269226,0.513255
0.920738,-0.060512,-0.041335,-0.385642,0.933975,-0.052153,0.026596,-0.352552,-0.663925,0.471953,-0.269227,0.513465
0.921192,-0.058368,-0.041403,-0.384842,0.933585,-0.051239,0.024289,-0.353942,-0.663813,0.471886,-0.269452,0.513548
0.921616,-0.057475,-0.04111,-0.383963,0.933191,-0.052057,0.021637,-0.355138,-0.663777,0.471653,-0.2697,0.513669
0.921899,-0.057735,-0.040691,-0.383281,0.932927,-0.054906,0.018913,-0.355705,-0.663832,0.471328,-0.269953,0.513751
0.921993,-0.059085,-0.040123,-0.382912,0.932861,-0.058928,0.016555,-0.35551,-0.664007,0.470935,-0.270083,0.513807
0.921928,-0.061158,-0.039421,-0.38283,0.933024,-0.063232,0.014662,-0.354572,-0.664298,0.470486,-0.270023,0.513871
0.921732,-0.063368,-0.038858,-0.383021,0.933323,-0.067097,0.013279,-0.353245,-0.66469,0.469984,-0.269771,0.513955
0.92143,-0.065288,-0.038735,-0.38347,0.933675,-0.070262,0.012935,-0.35178,-0.665099,0.469598,-0.269424,0.513964
0.921076,-0.066749,-0.038871,-0.384086,0.93425,-0.071595,0.013763,-0.349946,-0.66538,0.469521,-0.269142,0.513824
0.920695,-0.067197,-0.039323,-0.384901,0.934888,-0.071084,0.015596,-0.348192,-0.665616,0.469514,-0.268919,0.513646
0.92031,-0.066906,-0.040006,-0.385818,0.935405,-0.068653,0.017916,-0.34705,-0.665827,0.469578,-0.268678,0.513449
0.919962,-0.066016,-0.040843,-0.386726,0.935556,-0.064676,0.020408,-0.347105,-0.665943,0.469708,-0.268373,0.513349
0.919715,-0.064531,-0.041515,-0.38749,0.935316,-0.060156,0.022747,-0.348249,-0.666002,0.469947,-0.268145,0.513183
0.91955,-0.062753,-0.041921,-0.388112,0.934783,-0.056399,0.02461,-0.350041,-0.665888,0.47037,-0.268173,0.512933
0.919427,-0.061397,-0.04186,-0.3886,0.934053,-0.054518,0.025749,-0.352122,-0.665574,0.470937,-0.268491,0.512654
0.919347,-0.061111,-0.041324,-0.388871,0.933198,-0.054854,0.025871,-0.354323,-0.665105,0.471478,-0.269072,0.512455
0.919315,-0.061938,-0.04039,-0.388899,0.932283,-0.057122,0.025068,-0.356496,-0.664557,0.472041,-0.269822,0.512241
0.919319,-0.063938,-0.039177,-0.388686,0.931425,-0.060544,0.023546,-0.358389,-0.66391,0.47264,-0.270678,0.512063
0.919291,-0.066625,-0.037928,-0.388432,0.930769,-0.064739,0.021915,-0.359598,-0.663257,0.47322,-0.271689,0.51182
0.919226,-0.069615,-0.036787,-0.388187,0.93038,-0.069468,0.020461,-0.359944,-0.662734,0.473649,-0.272561,0.51162
0.919106,-0.072669,-0.035846,-0.388022,0.930317,-0.074076,0.019581,-0.359352,-0.662369,0.473891,-0.273147,0.511545
0.918989,-0.075394,-0.035249,-0.387863,0.93051,-0.078322,0.019481,-0.35804,-0.662196,0.473962,-0.273368,0.511582
0.91891,-0.077243,-0.035064,-0.38773,0.930962,-0.081749,0.019897,-0.356117,-0.662179,0.473831,-0.273318,0.511749
0.918862,-0.077827,-0.035555,-0.387708,0.931777,-0.083207,0.020921,-0.353572,-0.662366,0.473493,-0.272921,0.512038
0.918787,-0.077015,-0.036554,-0.387975,0.932932,-0.081725,0.022418,-0.350686,-0.662703,0.473031,-0.272202,0.512423
0.918854,-0.074442,-0.037926,-0.388186,0.934135,-0.077314,0.024242,-0.34821,-0.663224,0.472464,-0.271219,0.51281
0.919022,-0.070197,-0.039715,-0.388381,0.935248,-0.070423,0.025754,-0.346386,-0.663769,0.47178,-0.270244,0.513265
0.919327,-0.064949,-0.041704,-0.388335,0.936009,-0.061461,0.026416,-0.34579,-0.664359,0.471062,-0.269185,0.513733
0.919736,-0.058905,-0.04384,-0.388055,0.93634,-0.051999,0.025817,-0.346329,-0.664885,0.470398,-0.268281,0.514146
0.920162,-0.052664,-0.045836,-0.387664,0.936298,-0.043744,0.024175,-0.347598,-0.665293,0.469912,-0.267547,0.514457
0.920563,-0.047137,-0.047432,-0.387182,0.93611,-0.037675,0.022044,-0.348912,-0.665498,0.469568,-0.267069,0.514764
0.92086,-0.043336,-0.048364,-0.386764,0.935771,-0.034049,0.019744,-0.350338,-0.665464,0.469435,-0.266899,0.515017
0.921087,-0.041897,-0.048517,-0.386342,0.935366,-0.033014,0.017772,-0.351671,-0.665253,0.469539,-0.266974,0.515156
0.921199,-0.043031,-0.04799,-0.386019,0.934957,-0.034633,0.015969,-0.352777,-0.664896,0.469773,-0.267258,0.515253
0.921219,-0.046244,-0.0469,-0.385757,0.934581,-0.038516,0.014325,-0.353572,-0.664419,0.470142,-0.267637,0.51533
0.921135,-0.050718,-0.045499,-0.385595,0.934249,-0.044308,0.01286,-0.353986,-0.66395,0.470602,-0.268067,0.515288
0.920914,-0.05609,-0.043917,-0.385609,0.93395,-0.051042,0.01153,-0.354091,-0.6635,0.471102,-0.268408,0.51523
0.92057,-0.061529,-0.042508,-0.385812,0.933632,-0.058297,0.010542,-0.354009,-0.663147,0.471572,-0.268674,0.515116
0.920073,-0.066537,-0.041889,-0.386306,0.933356,-0.065457,0.010351,-0.353635,-0.662807,0.472107,-0.268896,0.514951
0.919485,-0.070685,-0.042026,-0.387031,0.933361,-0.07103,0.011541,-0.352571,-0.662622,0.472565,-0.268929,0.514756
0.918798,-0.07332,-0.04272,-0.38817,0.933818,-0.073326,0.014064,-0.350751,-0.662537,0.473013,-0.268669,0.514603
0.918151,-0.073958,-0.043901,-0.389499,0.93463,-0.071753,0.017618,-0.348592,-0.662575,0.473264,-0.268189,0.514591
0.917644,-0.072945,-0.045352,-0.390749,0.93553,-0.066803,0.021406,-0.346717,-0.662556,0.473599,-0.267625,0.514619
0.917283,-0.070777,-0.046953,-0.39182,0.936139,-0.060133,0.024643,-0.345839,-0.662457,0.474047,-0.267253,0.514543
0.917235,-0.067752,-0.048315,-0.392293,0.93628,-0.05319,0.026377,-0.346274,-0.662103,0.474676,-0.267174,0.514473
0.917307,-0.064234,-0.049549,-0.392539,0.93597,-0.047303,0.026371,-0.347845,-0.661584,0.475469,-0.267349,0.514322
0.917366,-0.060873,-0.050465,-0.39279,0.93538,-0.043711,0.025074,-0.349969,-0.660828,0.476361,-0.26791,0.514177
0.917426,-0.058477,-0.050844,-0.392935,0.934619,-0.042702,0.022881,-0.352324,-0.660043,0.477223,-0.268685,0.513972
0.91752,-0.058016,-0.050544,-0.392803,0.933794,-0.044245,0.020364,-0.354584,-0.659293,0.477975,-0.269514,0.513791
0.917521,-0.059585,-0.049745,-0.392672,0.93296,-0.048194,0.017756,-0.356563,-0.658572,0.478664,-0.270403,0.513596
0.917377,-0.062922,-0.048568,-0.392655,0.932221,-0.053816,0.015217,-0.357998,-0.658017,0.479238,-0.271124,0.513382
0.917121,-0.067327,-0.047202,-0.392723,0.931734,-0.060493,0.013066,-0.358483,-0.657617,0.479632,-0.271669,0.51323
0.916709,-0.072267,-0.045895,-0.393009,0.931467,-0.067761,0.011549,-0.35812,-0.657357,0.479814,-0.271908,0.513263
0.916274,-0.077151,-0.04508,-0.393251,0.931264,-0.074905,0.011077,-0.35739,-0.657301,0.479873,-0.271875,0.513299
0.915776,-0.081395,-0.044881,-0.393647,0.931194,-0.080626,0.01219,-0.356359,-0.657396,0.479764,-0.271576,0.513443
0.9152,-0.084304,-0.045113,-0.394409,0.9314,-0.083424,0.014896,-0.355031,-0.657768,0.479392,-0.270921,0.513671
0.914653,-0.085223,-0.045742,-0.395447,0.931936,-0.082607,0.018589,-0.353494,-0.658172,0.478967,-0.27011,0.513993
0.914318,-0.084302,-0.04674,-0.396319,0.932578,-0.078449,0.022409,-0.352313,-0.658695,0.478424,-0.269116,0.514366
0.91424,-0.081812,-0.048053,-0.396866,0.933031,-0.072298,0.025843,-0.351958,-0.659178,0.478009,-0.268123,0.514672
0.914361,-0.078517,-0.049285,-0.397082,0.933137,-0.065443,0.028473,-0.352597,-0.659562,0.477672,-0.267261,0.514958
0.914525,-0.074902,-0.050304,-0.397243,0.93289,-0.059621,0.029945,-0.353995,-0.659805,0.477386,-0.266584,0.515274
0.914705,-0.071739,-0.050894,-0.3973,0.932363,-0.056112,0.029927,-0.355886,-0.659883,0.477213,-0.266192,0.515546
0.914866,-0.07,-0.050915,-0.397208,0.931643,-0.055366,0.028647,-0.358015,-0.659706,0.47723,-0.266167,0.515771
0.915025,-0.070045,-0.050211,-0.396902,0.930711,-0.057662,0.026482,-0.360352,-0.659254,0.477463,-0.266573,0.515916
0.915141,-0.071978,-0.048991,-0.396432,0.929705,-0.062298,0.023664,-0.36255,-0.658538,0.477974,-0.267261,0.515991
0.915175,-0.075228,-0.047552,-0.395933,0.928836,-0.068687,0.020959,-0.363996,-0.657719,0.478661,-0.268193,0.515901
0.915061,-0.079319,-0.046052,-0.3956,0.928273,-0.075865,0.018739,-0.364339,-0.656923,0.479388,-0.269134,0.515737
0.914841,-0.083513,-0.044751,-0.395427,0.927956,-0.083423,0.016909,-0.363788,-0.656274,0.479987,-0.269903,0.515592
0.914536,-0.08773,-0.043893,-0.395363,0.927773,-0.090349,0.015897,-0.362803,-0.655853,0.480321,-0.270311,0.515597
0.914225,-0.091485,-0.043434,-0.395331,0.927852,-0.095519,0.016033,-0.361361,-0.655668,0.480498,-0.270325,0.515664
0.913895,-0.094048,-0.043476,-0.395537,0.928257,-0.098162,0.017326,-0.359551,-0.655612,0.480554,-0.270075,0.51582
0.913586,-0.095014,-0.043807,-0.39601,0.928962,-0.097532,0.019445,-0.357702,-0.655743,0.48051,-0.269526,0.515993
0.913443,-0.094282,-0.044568,-0.396447,0.929813,-0.0937,0.021844,-0.356219,-0.655975,0.480406,-0.268814,0.516185
0.913492,-0.091958,-0.045761,-0.396741,0.930454,-0.08755,0.023938,-0.355788,-0.656292,0.48021,-0.268073,0.516366
0.913739,-0.088309,-0.047221,-0.396813,0.930729,-0.079909,0.025452,-0.356567,-0.65664,0.479951,-0.267366,0.516544
0.914149,-0.083764,-0.048645,-0.396646,0.930645,-0.071889,0.026139,-0.358263,-0.657051,0.479625,-0.266735,0.516662
0.914561,-0.078597,-0.050046,-0.396531,0.930262,-0.065023,0.025566,-0.360495,-0.657416,0.479276,-0.266297,0.516755
0.914959,-0.07392,-0.051111,-0.39633,0.929725,-0.060399,0.023853,-0.362766,-0.65765,0.479033,-0.266014,0.51683
0.915312,-0.070798,-0.051446,-0.395996,0.929206,-0.058586,0.021623,-0.36457,-0.657683,0.479036,-0.26615,0.516712
0.915593,-0.070007,-0.051099,-0.395505,0.928649,-0.059557,0.019241,-0.366061,-0.657555,0.479173,-0.266564,0.516527
0.915759,-0.071604,-0.050115,-0.394955,0.928062,-0.062958,0.017064,-0.367224,-0.657232,0.479547,-0.267197,0.516252
0.915753,-0.075006,-0.048653,-0.394532,0.927607,-0.068086,0.015229,-0.367696,-0.656863,0.479969,-0.267861,0.515974
0.915644,-0.079372,-0.04686,-0.394167,0.927338,-0.074138,0.013694,-0.367426,-0.656537,0.480325,-0.268441,0.515748
0.915463,-0.08372,-0.045278,-0.3939,0.927174,-0.080826,0.012627,-0.366628,-0.656264,0.48059,-0.268902,0.5156
0.915253,-0.088023,-0.04393,-0.393632,0.927149,-0.087199,0.012398,-0.365361,-0.656083,0.480817,-0.269192,0.515463
0.915024,-0.091596,-0.042883,-0.393494,0.927484,-0.092301,0.013261,-0.363284,-0.656042,0.480881,-0.26929,0.515402
0.914821,-0.093816,-0.042325,-0.393525,0.928217,-0.095145,0.015069,-0.360587,-0.656086,0.480873,-0.269233,0.515386
0.914718,-0.094559,-0.042287,-0.393603,0.929222,-0.095249,0.017509,-0.357768,-0.656253,0.48073,-0.269028,0.515417
0.914776,-0.09369,-0.042879,-0.393615,0.930394,-0.092355,0.020156,-0.355182,-0.656505,0.480485,-0.26871,0.515495
0.915064,-0.091194,-0.043993,-0.3934,0.931529,-0.086839,0.022867,-0.353232,-0.6568,0.480207,-0.268293,0.515602
0.915488,-0.087248,-0.045474,-0.393117,0.932493,-0.079471,0.025343,-0.352029,-0.657085,0.47992,-0.267888,0.515723
0.916057,-0.082363,-0.046929,-0.392633,0.933053,-0.071077,0.02706,-0.351993,-0.65731,0.479656,-0.267495,0.515892
0.916751,-0.076894,-0.048237,-0.391907,0.933136,-0.06299,0.027738,-0.353082,-0.657506,0.479338,-0.267159,0.516115
0.917462,-0.071474,-0.049451,-0.391056,0.932878,-0.056221,0.026978,-0.354858,-0.657694,0.479049,-0.266889,0.516287
0.918103,-0.066701,-0.050182,-0.39024,0.932411,-0.051444,0.024961,-0.356928,-0.657905,0.478706,-0.266683,0.516444
0.918656,-0.06335,-0.050301,-0.389421,0.931858,-0.049151,0.02196,-0.358946,-0.658057,0.478461,-0.266607,0.516516
0.919064,-0.061831,-0.050003,-0.3887,0.931236,-0.049549,0.018534,-0.360817,-0.658195,0.478304,-0.266749,0.516403
0.91933,-0.062424,-0.049351,-0.388049,0.930491,-0.052833,0.015359,-0.362588,-0.658327,0.478275,-0.26691,0.516175
0.919367,-0.064903,-0.048333,-0.387692,0.929864,-0.058078,0.013048,-0.36366,-0.658485,0.478301,-0.267014,0.515895
0.919193,-0.068581,-0.047147,-0.387645,0.929501,-0.064566,0.011627,-0.363712,-0.658642,0.478397,-0.267051,0.515586
0.918836,-0.072997,-0.04599,-0.387866,0.92936,-0.071253,0.011304,-0.362968,-0.658722,0.478546,-0.267124,0.515308
0.91839,-0.077578,-0.045139,-0.388188,0.929435,-0.077474,0.012342,-0.361545,-0.658717,0.478792,-0.267252,0.51502
0.917878,-0.081617,-0.044602,-0.388689,0.929909,-0.082439,0.014487,-0.359158,-0.658632,0.479223,-0.267404,0.514652
0.917339,-0.08429,-0.044568,-0.389441,0.930804,-0.085314,0.017638,-0.355959,-0.658502,0.479625,-0.267542,0.514374
0.916871,-0.085455,-0.045058,-0.390271,0.932007,-0.085096,0.021189,-0.352525,-0.658399,0.479933,-0.267618,0.51418
0.916667,-0.084717,-0.046166,-0.390807,0.933168,-0.081524,0.024571,-0.349884,-0.658315,0.480153,-0.267638,0.514076
0.916735,-0.082193,-0.047684,-0.391007,0.934006,-0.074765,0.027246,-0.348735,-0.658192,0.480323,-0.267635,0.514078
0.917122,-0.07779,-0.049306,-0.390774,0.934366,-0.065631,0.028717,-0.349265,-0.658115,0.480326,-0.267564,0.514213
0.917661,-0.071782,-0.051022,-0.390386,0.934267,-0.056187,0.028609,-0.351003,-0.65804,0.480257,-0.267543,0.514383
0.918262,-0.065096,-0.05255,-0.389871,0.933921,-0.048288,0.026955,-0.35313,-0.657961,0.480083,-0.267548,0.51464
0.918826,-0.058985,-0.05357,-0.389297,0.933559,-0.042553,0.024232,-0.355001,-0.657897,0.479858,-0.267625,0.514888
0.919294,-0.054817,-0.053847,-0.388694,0.933189,-0.039432,0.020951,-0.356592,-0.65781,0.479689,-0.26779,0.515064
0.919626,-0.053391,-0.05322,-0.388147,0.932705,-0.039262,0.017696,-0.358157,-0.657719,0.479483,-0.267972,0.515269
0.919835,-0.054789,-0.051907,-0.387617,0.932029,-0.042505,0.014935,-0.359825,-0.657609,0.479353,-0.26826,0.515371
0.919831,-0.058412,-0.050147,-0.387336,0.931405,-0.048422,0.013109,-0.360937,-0.657468,0.479357,-0.268606,0.515358
0.919578,-0.063416,-0.048226,-0.387421,0.931022,-0.056459,0.012416,-0.360954,-0.657305,0.479494,-0.268929,0.515264
0.919085,-0.069612,-0.046351,-0.387808,0.930887,-0.065549,0.013005,-0.359894,-0.65716,0.479657,-0.269154,0.515176
0.918447,-0.076308,-0.044638,-0.388323,0.931006,-0.074359,0.01493,-0.357894,-0.657049,0.479867,-0.269245,0.515077
0.917678,-0.082711,-0.043331,-0.389052,0.931436,-0.081393,0.01808,-0.35511,-0.656938,0.480101,-0.269255,0.514998
0.916851,-0.087831,-0.042531,-0.390035,0.932151,-0.085044,0.022247,-0.352053,-0.656939,0.480341,-0.269037,0.514896
0.916101,-0.090849,-0.042313,-0.391178,0.933089,-0.084084,0.026642,-0.349315,-0.657019,0.480459,-0.268581,0.514934
0.915739,-0.091009,-0.042671,-0.391966,0.933811,-0.078812,0.030423,-0.34807,-0.657213,0.480464,-0.267866,0.515073
0.915873,-0.088161,-0.043548,-0.392185,0.934075,-0.071738,0.032657,-0.348476,-0.657322,0.480482,-0.267232,0.515262
0.916451,-0.083093,-0.044697,-0.391757,0.933986,-0.064509,0.032794,-0.34997,-0.657325,0.480476,-0.266734,0.515535
0.917187,-0.076698,-0.046177,-0.391101,0.933732,-0.058769,0.03101,-0.351769,-0.657164,0.480668,-0.266603,0.515635
0.917928,-0.070622,-0.047507,-0.390278,0.933403,-0.05529,0.028137,-0.353474,-0.656846,0.480976,-0.266794,0.515653
0.918551,-0.066286,-0.048355,-0.389416,0.933036,-0.054132,0.025078,-0.354932,-0.656475,0.481313,-0.267285,0.515551
0.919034,-0.064648,-0.048581,-0.388497,0.932732,-0.055373,0.0219,-0.355879,-0.656058,0.481598,-0.267917,0.515474
0.919275,-0.065798,-0.048274,-0.387781,0.932549,-0.058876,0.019037,-0.356127,-0.65578,0.481779,-0.268392,0.515403
0.919277,-0.069196,-0.047484,-0.387316,0.932591,-0.063803,0.016624,-0.355463,-0.655546,0.48189,-0.268786,0.515382
0.919028,-0.074053,-0.046475,-0.387184,0.932815,-0.069254,0.014703,-0.354107,-0.655403,0.482002,-0.268872,0.515414
0.918572,-0.079293,-0.045605,-0.387401,0.933103,-0.074721,0.013602,-0.352417,-0.65545,0.48207,-0.268682,0.515394
0.91796,-0.084372,-0.045118,-0.387909,0.933543,-0.079394,0.013944,-0.350285,-0.655611,0.482222,-0.26826,0.515282
0.917254,-0.088455,-0.045128,-0.388744,0.933982,-0.08213,0.015851,-0.348384,-0.655861,0.482427,-0.267609,0.515129
0.916605,-0.09098,-0.04572,-0.389689,0.934373,-0.082158,0.018738,-0.347079,-0.656156,0.482632,-0.266752,0.515031
0.91609,-0.091488,-0.046914,-0.390688,0.934604,-0.078676,0.022474,-0.34685,-0.656435,0.482903,-0.265757,0.514965
0.915834,-0.089646,-0.04862,-0.391532,0.934652,-0.072042,0.026768,-0.347577,-0.656702,0.483231,-0.264717,0.514886
0.915901,-0.085567,-0.05044,-0.392046,0.934586,-0.063795,0.030619,-0.348755,-0.656945,0.48352,-0.263819,0.514792
0.916134,-0.080052,-0.052258,-0.392389,0.93457,-0.055587,0.032945,-0.349748,-0.657108,0.483688,-0.263106,0.514813
0.916511,-0.074345,-0.053875,-0.392363,0.934572,-0.048424,0.03283,-0.350685,-0.657101,0.483932,-0.262703,0.514809
0.916957,-0.069336,-0.055248,-0.392,0.934503,-0.043455,0.03054,-0.35171,-0.656904,0.484108,-0.262715,0.514894
0.917496,-0.066015,-0.056138,-0.391153,0.934279,-0.040881,0.026638,-0.353011,-0.65649,0.484341,-0.263085,0.515007
0.918019,-0.064732,-0.056392,-0.390084,0.933905,-0.040569,0.022208,-0.354486,-0.655898,0.484634,-0.263848,0.515079
0.918404,-0.065232,-0.056294,-0.389112,0.933465,-0.04288,0.018147,-0.355788,-0.65529,0.484811,-0.264757,0.5152
0.918573,-0.066989,-0.056125,-0.388462,0.93317,-0.047527,0.014737,-0.356333,-0.654795,0.484807,-0.265463,0.515451
0.918498,-0.069657,-0.05585,-0.388247,0.933229,-0.053553,0.012208,-0.355617,-0.654438,0.484686,-0.265849,0.515808
0.918234,-0.072851,-0.055636,-0.388367,0.93355,-0.059888,0.011061,-0.353959,-0.654335,0.484432,-0.26584,0.516178
0.917748,-0.076331,-0.055572,-0.388918,0.933942,-0.065366,0.012047,-0.351985,-0.654406,0.484239,-0.265514,0.516441
0.917026,-0.079964,-0.055302,-0.389988,0.934373,-0.068862,0.014934,-0.350024,-0.654702,0.484031,-0.264949,0.516562
0.916197,-0.083005,-0.054991,-0.391388,0.93471,-0.069669,0.018969,-0.348642,-0.655023,0.483901,-0.264166,0.516697
0.915441,-0.084845,-0.054803,-0.392821,0.934723,-0.068057,0.02322,-0.348491,-0.655328,0.483947,-0.263353,0.516702
0.914878,-0.085116,-0.054934,-0.394064,0.934447,-0.064772,0.027647,-0.349318,-0.655557,0.484159,-0.262617,0.516611
0.914512,-0.08381,-0.055286,-0.395135,0.934062,-0.060963,0.031506,-0.350496,-0.655578,0.484587,-0.262256,0.516381
0.914309,-0.081892,-0.055463,-0.395958,0.933492,-0.057597,0.034354,-0.352148,-0.655458,0.48501,-0.26216,0.516195
0.914255,-0.080265,-0.055309,-0.396406,0.932689,-0.055809,0.036008,-0.354298,-0.655155,0.485448,-0.262475,0.516005
0.914325,-0.079409,-0.054839,-0.396448,0.931756,-0.055988,0.035888,-0.356736,-0.654674,0.485935,-0.263233,0.515759
0.914364,-0.079715,-0.05394,-0.396398,0.930889,-0.057859,0.034166,-0.358957,-0.654094,0.486387,-0.264193,0.51556
0.914473,-0.081034,-0.052695,-0.39603,0.93019,-0.061164,0.030933,-0.36068,-0.653386,0.486864,-0.265316,0.515409
0.914647,-0.082985,-0.051395,-0.395384,0.929653,-0.065747,0.027041,-0.361787,-0.652698,0.48729,-0.26646,0.515265
0.914823,-0.085138,-0.050052,-0.394683,0.929454,-0.070899,0.022794,-0.361859,-0.652086,0.48748,-0.267571,0.515257
0.914989,-0.087457,-0.048936,-0.393932,0.929527,-0.076711,0.018738,-0.360963,-0.651665,0.487468,-0.26845,0.515321
0.915103,-0.08965,-0.048291,-0.393272,0.929605,-0.082918,0.015715,-0.35975,-0.651436,0.487273,-0.269054,0.515464
0.915081,-0.092081,-0.047814,-0.392845,0.92981,-0.088033,0.014488,-0.358189,-0.651447,0.48693,-0.269284,0.515642
0.914958,-0.093981,-0.047494,-0.392741,0.930127,-0.090968,0.015277,-0.356623,-0.651678,0.486485,-0.269025,0.515905
0.914774,-0.094768,-0.047504,-0.392996,0.930617,-0.090591,0.017497,-0.355252,-0.65207,0.485941,-0.268483,0.51621
0.91468,-0.094252,-0.047644,-0.393319,0.931238,-0.08639,0.020718,-0.354309,-0.652553,0.485517,-0.267704,0.516417
0.914696,-0.09204,-0.048072,-0.393729,0.931802,-0.079456,0.02469,-0.353925,-0.652988,0.485298,-0.266908,0.516502
0.914887,-0.088455,-0.048664,-0.393989,0.932249,-0.070954,0.028702,-0.353953,-0.653408,0.485273,-0.266184,0.516387
0.915266,-0.084038,-0.049144,-0.393955,0.932468,-0.062491,0.03201,-0.354413,-0.653748,0.485358,-0.265663,0.516159
0.915811,-0.079498,-0.049421,-0.393523,0.93241,-0.055765,0.033909,-0.355316,-0.654047,0.485363,-0.265307,0.515969
0.916441,-0.075565,-0.049388,-0.392761,0.932117,-0.051752,0.03395,-0.356606,-0.654269,0.485331,-0.265248,0.51575
0.917126,-0.072941,-0.04886,-0.391657,0.931682,-0.050747,0.032323,-0.358071,-0.654386,0.48522,-0.265425,0.515608
0.917864,-0.072011,-0.047742,-0.390178,0.931223,-0.052303,0.029385,-0.359421,-0.654415,0.485049,-0.265918,0.515463
0.918611,-0.072695,-0.046371,-0.388417,0.930792,-0.056433,0.025752,-0.360392,-0.654383,0.484861,-0.266582,0.515317
0.919255,-0.0745,-0.04489,-0.386702,0.930577,-0.062406,0.021961,-0.360454,-0.654398,0.484543,-0.267265,0.515223
0.919748,-0.076975,-0.043452,-0.385201,0.930692,-0.06943,0.01786,-0.359369,-0.654532,0.484058,-0.267694,0.515266
0.920109,-0.079766,-0.042255,-0.383908,0.931002,-0.076881,0.014252,-0.357467,-0.654911,0.483322,-0.267812,0.515401
0.920288,-0.082488,-0.041809,-0.382983,0.931529,-0.083872,0.011973,-0.354805,-0.655484,0.482507,-0.267609,0.515535
0.920228,-0.084942,-0.042199,-0.382606,0.932463,-0.08867,0.011957,-0.351255,-0.656272,0.481588,-0.267113,0.515647
0.919981,-0.086587,-0.04313,-0.382786,0.933864,-0.089977,0.014219,-0.347034,-0.657369,0.480567,-0.266143,0.515715
0.919608,-0.086698,-0.044463,-0.383551,0.93548,-0.087086,0.018196,-0.343014,-0.658529,0.47961,-0.264907,0.515782
0.919247,-0.085202,-0.046303,-0.384569,0.936833,-0.079516,0.023432,-0.340502,-0.659731,0.478726,-0.263362,0.515885
0.919071,-0.081599,-0.048654,-0.385494,0.937701,-0.067696,0.029196,-0.339791,-0.660797,0.478203,-0.26181,0.515828
0.919061,-0.075551,-0.051329,-0.386387,0.938037,-0.053293,0.034519,-0.340461,-0.661582,0.478119,-0.260389,0.515653
0.919137,-0.067808,-0.053641,-0.387267,0.937902,-0.039564,0.037985,-0.341942,-0.661953,0.478397,-0.2594,0.51545
0.919321,-0.059933,-0.055381,-0.3878,0.937474,-0.028773,0.039053,-0.343819,-0.661796,0.479006,-0.259021,0.515294
0.919631,-0.053789,-0.056294,-0.387752,0.93692,-0.022599,0.037824,-0.345842,-0.661092,0.479825,-0.259288,0.515306
0.920054,-0.051006,-0.056044,-0.387101,0.936203,-0.021088,0.034634,-0.348283,-0.659905,0.481001,-0.260197,0.515265
0.92056,-0.051955,-0.054674,-0.385935,0.93526,-0.024115,0.030337,-0.351209,-0.658303,0.482297,-0.261826,0.515254
0.921073,-0.055944,-0.052443,-0.384455,0.934183,-0.031328,0.025787,-0.354152,-0.656392,0.483843,-0.264009,0.515096
0.921437,-0.062039,-0.04954,-0.383043,0.933188,-0.041518,0.021878,-0.35631,-0.654507,0.485286,-0.266197,0.514975
0.921495,-0.0695,-0.046358,-0.382047,0.932435,-0.054054,0.018642,-0.357133,-0.652914,0.486417,-0.26796,0.514986
0.92128,-0.077759,-0.043501,-0.381364,0.931926,-0.068298,0.0161,-0.356499,-0.651735,0.487141,-0.269148,0.515156
0.920764,-0.086399,-0.041359,-0.381071,0.931613,-0.082322,0.015434,-0.354663,-0.650981,0.487551,-0.269632,0.515461
0.919919,-0.094868,-0.040105,-0.381346,0.931631,-0.092966,0.017506,-0.352009,-0.650754,0.487573,-0.269412,0.515847
0.918779,-0.101951,-0.039445,-0.382441,0.931911,-0.097456,0.022548,-0.349669,-0.651115,0.487243,-0.268373,0.516266
0.917555,-0.106046,-0.03951,-0.384336,0.932325,-0.095052,0.029713,-0.348395,-0.651954,0.486694,-0.266623,0.516669
0.916674,-0.10581,-0.040773,-0.38641,0.932819,-0.085964,0.037954,-0.348174,-0.653284,0.485826,-0.26438,0.517004
0.916308,-0.100797,-0.043212,-0.388344,0.933277,-0.072764,0.045562,-0.348525,-0.654859,0.484999,-0.261952,0.517075
0.91625,-0.092169,-0.04624,-0.390224,0.933627,-0.058709,0.049863,-0.34923,-0.656436,0.484223,-0.259688,0.516991
0.916472,-0.082187,-0.049308,-0.39148,0.93377,-0.046277,0.049773,-0.350491,-0.657747,0.483558,-0.257977,0.516839
0.916763,-0.07331,-0.052082,-0.392132,0.933614,-0.037364,0.046128,-0.352414,-0.658579,0.483131,-0.257034,0.516666
0.917006,-0.06749,-0.054139,-0.392298,0.933124,-0.033075,0.039923,-0.355018,-0.658777,0.483098,-0.25712,0.5164
0.917223,-0.065804,-0.054976,-0.391954,0.932425,-0.03324,0.032045,-0.357894,-0.658381,0.483448,-0.258238,0.515997
0.917329,-0.067581,-0.054855,-0.391446,0.931652,-0.038247,0.024048,-0.360393,-0.657573,0.484029,-0.259833,0.515649
0.917293,-0.071665,-0.05374,-0.390993,0.930999,-0.047156,0.017334,-0.361804,-0.656406,0.484915,-0.261652,0.515348
0.916975,-0.077213,-0.052008,-0.390962,0.930798,-0.058392,0.012021,-0.361287,-0.655212,0.485831,-0.263315,0.515128
0.916426,-0.083354,-0.050444,-0.391249,0.930943,-0.071505,0.007886,-0.359048,-0.654114,0.486632,-0.264701,0.515033
0.915656,-0.090236,-0.049468,-0.391744,0.931065,-0.084775,0.006361,-0.356162,-0.653307,0.487185,-0.26567,0.515019
0.914665,-0.097735,-0.04876,-0.39246,0.931123,-0.095405,0.00786,-0.353424,-0.65286,0.487508,-0.265993,0.515109
0.91348,-0.10458,-0.048123,-0.393637,0.93113,-0.100704,0.012105,-0.351765,-0.652833,0.487503,-0.265618,0.515351
0.912271,-0.109199,-0.047621,-0.395316,0.930973,-0.099697,0.018941,-0.351911,-0.653106,0.487262,-0.264578,0.515792
0.911495,-0.110103,-0.047625,-0.396874,0.930842,-0.092761,0.027131,-0.353202,-0.653438,0.487058,-0.263129,0.516337
0.911312,-0.106775,-0.048526,-0.398064,0.930661,-0.082282,0.035743,-0.35501,-0.653679,0.487022,-0.26163,0.516866
0.91155,-0.100183,-0.049844,-0.399,0.930485,-0.071141,0.043026,-0.356604,-0.653738,0.487328,-0.260466,0.517125
0.91196,-0.092668,-0.050783,-0.39966,0.930436,-0.061731,0.046708,-0.357717,-0.653608,0.487793,-0.259578,0.517328
0.912427,-0.086166,-0.051172,-0.399897,0.930296,-0.055362,0.046673,-0.359003,-0.653138,0.488367,-0.259157,0.517608
0.912967,-0.082144,-0.050979,-0.399457,0.929791,-0.053051,0.044269,-0.360995,-0.652453,0.48896,-0.259143,0.517927
0.913467,-0.08109,-0.050088,-0.398592,0.929053,-0.054082,0.039662,-0.363445,-0.651777,0.489349,-0.259345,0.518311
0.913768,-0.082347,-0.048729,-0.397789,0.928482,-0.057464,0.033526,-0.365266,-0.651553,0.48926,-0.259006,0.518853
0.91384,-0.084726,-0.047328,-0.39729,0.928204,-0.062611,0.026919,-0.365993,-0.652448,0.488137,-0.257136,0.519747
0.913603,-0.08721,-0.04715,-0.397355,0.928304,-0.068366,0.021631,-0.365345,-0.654371,0.486382,-0.253965,0.520589
0.913105,-0.089538,-0.048937,-0.397867,0.928938,-0.072271,0.017782,-0.363385,-0.656861,0.484285,-0.249691,0.521555
0.912239,-0.091694,-0.0523,-0.399082,0.929947,-0.072065,0.016628,-0.360928,-0.659897,0.481601,-0.244451,0.522787
0.911229,-0.092311,-0.057003,-0.400767,0.930902,-0.066675,0.017986,-0.359285,-0.663338,0.478179,-0.238323,0.524511
0.910184,-0.090921,-0.062017,-0.40285,0.931484,-0.056427,0.021427,-0.359032,-0.667049,0.474035,-0.23155,0.526711
0.90935,-0.087681,-0.066787,-0.404787,0.931693,-0.043506,0.025649,-0.359624,-0.670814,0.469269,-0.224231,0.52948
0.90859,-0.083379,-0.071498,-0.406673,0.931308,-0.030818,0.030533,-0.36114,-0.674175,0.464585,-0.217083,0.532433
0.907974,-0.079851,-0.0754,-0.408118,0.930483,-0.021479,0.034667,-0.363245,-0.676577,0.461117,-0.210898,0.534993
0.907529,-0.078508,-0.077692,-0.408989,0.929548,-0.017505,0.037681,-0.365367,-0.677996,0.458778,-0.206216,0.537118
0.907333,-0.080425,-0.077919,-0.40905,0.928589,-0.01939,0.039486,-0.367481,-0.678246,0.457641,-0.203809,0.538736
0.907274,-0.085935,-0.076134,-0.408433,0.927501,-0.026885,0.040242,-0.369778,-0.677114,0.457788,-0.203934,0.539986
0.907266,-0.094299,-0.072615,-0.407274,0.926278,-0.038406,0.041098,-0.371908,-0.674728,0.459305,-0.206025,0.540858
0.907187,-0.104098,-0.067837,-0.4059,0.925067,-0.052669,0.042474,-0.373237,-0.67146,0.461949,-0.209431,0.541314
0.907034,-0.114221,-0.062244,-0.404406,0.924165,-0.067992,0.043941,-0.373056,-0.667588,0.465355,-0.213657,0.541472
0.906852,-0.123259,-0.05638,-0.402981,0.923844,-0.082696,0.044998,-0.370989,-0.663447,0.469266,-0.218311,0.541264
0.906896,-0.129932,-0.050796,-0.40146,0.924215,-0.095186,0.044982,-0.367284,-0.659309,0.473421,-0.223025,0.540716
0.907333,-0.133474,-0.046309,-0.399762,0.925325,-0.104564,0.04359,-0.362296,-0.655474,0.477476,-0.22766,0.53982
0.908383,-0.133774,-0.0441,-0.397444,0.926846,-0.108952,0.041335,-0.357504,-0.652385,0.481079,-0.23162,0.538625
0.909853,-0.131577,-0.043871,-0.394778,0.928461,-0.105735,0.039513,-0.354474,-0.650589,0.483658,-0.234217,0.537332
0.911444,-0.126236,-0.045191,-0.392638,0.929869,-0.095576,0.038666,-0.353599,-0.650398,0.484607,-0.234956,0.536379
0.913089,-0.116762,-0.048372,-0.391297,0.930899,-0.081184,0.038421,-0.354245,-0.651646,0.483925,-0.234109,0.535863
0.914555,-0.104262,-0.052769,-0.390753,0.931547,-0.064657,0.038256,-0.355652,-0.653971,0.481913,-0.232227,0.535682
0.915797,-0.090278,-0.05739,-0.390576,0.931942,-0.047613,0.03714,-0.357137,-0.657158,0.478951,-0.229794,0.535509
0.916563,-0.076624,-0.061818,-0.390919,0.932146,-0.032167,0.03333,-0.358537,-0.660826,0.475427,-0.227332,0.535201
0.916805,-0.065585,-0.06567,-0.391664,0.931904,-0.020002,0.02698,-0.360566,-0.664734,0.471628,-0.225084,0.534677
0.916674,-0.058401,-0.068528,-0.392584,0.93125,-0.01253,0.019732,-0.363155,-0.668521,0.46787,-0.223327,0.533985
0.916381,-0.055358,-0.069856,-0.393466,0.93035,-0.011335,0.012293,-0.366046,-0.671595,0.464736,-0.222296,0.533278
0.916021,-0.056212,-0.069798,-0.394208,0.929509,-0.016841,0.006887,-0.368389,-0.673677,0.462653,-0.222175,0.532487
0.915423,-0.060415,-0.068511,-0.395236,0.929255,-0.02853,0.003938,-0.368671,-0.674714,0.461696,-0.222923,0.531658
0.914497,-0.067729,-0.066092,-0.396658,0.929654,-0.044913,0.003564,-0.366345,-0.674718,0.461968,-0.224588,0.530678
0.913366,-0.077243,-0.06285,-0.398119,0.930386,-0.064275,0.006019,-0.361813,-0.673628,0.463434,-0.227328,0.529566
0.912066,-0.088009,-0.059504,-0.399465,0.9315,-0.081293,0.011446,-0.355466,-0.671672,0.465738,-0.230851,0.528445
0.910678,-0.09843,-0.056236,-0.400752,0.932864,-0.08964,0.019525,-0.349355,-0.669161,0.468592,-0.234788,0.52731
0.909527,-0.105871,-0.053114,-0.40193,0.934076,-0.086511,0.028801,-0.345866,-0.666446,0.471514,-0.238462,0.526441
0.909115,-0.107748,-0.05085,-0.402618,0.934475,-0.074157,0.037133,-0.346334,-0.663785,0.474216,-0.241637,0.525883
0.909875,-0.102748,-0.050223,-0.402178,0.93382,-0.057193,0.042201,-0.350211,-0.661259,0.476584,-0.244436,0.525592
0.911532,-0.091674,-0.051094,-0.400823,0.932653,-0.039914,0.04292,-0.355228,-0.659024,0.478454,-0.247051,0.525438
0.9134,-0.077385,-0.052947,-0.399141,0.93156,-0.025004,0.040347,-0.359532,-0.657232,0.479813,-0.249649,0.525167
0.91499,-0.063319,-0.054679,-0.397548,0.930762,-0.014395,0.035606,-0.362625,-0.656202,0.48045,-0.251997,0.524701
0.916111,-0.052662,-0.055597,-0.396228,0.930092,-0.008805,0.030329,-0.365065,-0.656122,0.480078,-0.253735,0.524253
0.916779,-0.047294,-0.055677,-0.395254,0.92953,-0.008503,0.02519,-0.367055,-0.656768,0.478768,-0.254544,0.52421
0.917184,-0.04735,-0.055229,-0.394352,0.929111,-0.013834,0.0209,-0.368463,-0.657909,0.476867,-0.254485,0.524516
0.917195,-0.051971,-0.054215,-0.393932,0.929225,-0.0235,0.018353,-0.368088,-0.659435,0.474665,-0.25379,0.524921
0.916697,-0.059668,-0.052763,-0.39429,0.930178,-0.036844,0.017657,-0.364877,-0.66116,0.472396,-0.252737,0.525301
0.915678,-0.069291,-0.051197,-0.395412,0.931781,-0.052298,0.018658,-0.359062,-0.66276,0.470398,-0.251627,0.52561
0.914215,-0.079332,-0.050252,-0.397178,0.933686,-0.065821,0.021101,-0.351849,-0.66407,0.468824,-0.250676,0.52582
0.912589,-0.088197,-0.049956,-0.399233,0.935348,-0.071924,0.024498,-0.345971,-0.665123,0.467787,-0.249627,0.525923
0.911036,-0.093819,-0.050257,-0.401572,0.936447,-0.068423,0.028795,-0.34315,-0.666006,0.46723,-0.248357,0.525926
0.909982,-0.093685,-0.05174,-0.403849,0.936645,-0.058327,0.033224,-0.343722,-0.666733,0.46689,-0.246877,0.526037
0.909645,-0.087893,-0.054458,-0.405541,0.93611,-0.045083,0.036969,-0.346391,-0.667154,0.466848,-0.24569,0.526127
0.909876,-0.078787,-0.057647,-0.406397,0.935267,-0.032016,0.039297,-0.349514,-0.667106,0.467208,-0.245194,0.526118
0.910257,-0.069004,-0.060453,-0.406833,0.934363,-0.021624,0.039777,-0.352441,-0.666569,0.467966,-0.245556,0.525957
0.910591,-0.060958,-0.06221,-0.407022,0.933494,-0.01532,0.038645,-0.355105,-0.665506,0.469106,-0.24678,0.525698
0.91085,-0.056447,-0.062634,-0.406963,0.932529,-0.013204,0.036695,-0.357942,-0.664012,0.470501,-0.248807,0.525354
0.911062,-0.056402,-0.061596,-0.406616,0.931584,-0.015212,0.034288,-0.360665,-0.662176,0.472131,-0.251375,0.524943
0.911222,-0.060335,-0.059567,-0.406,0.930871,-0.02094,0.031337,-0.362688,-0.660113,0.473852,-0.254261,0.524552
0.911286,-0.067212,-0.056696,-0.405212,0.930382,-0.030068,0.028454,-0.363804,-0.657853,0.475791,-0.257316,0.524095
0.911192,-0.075489,-0.053275,-0.404463,0.930005,-0.041853,0.02647,-0.364039,-0.655642,0.477813,-0.260219,0.523547
0.910856,-0.083848,-0.050098,-0.404024,0.929827,-0.055974,0.02503,-0.363013,-0.653609,0.479776,-0.262871,0.522928
0.910258,-0.091391,-0.048039,-0.404054,0.929977,-0.071627,0.023809,-0.360283,-0.651878,0.481471,-0.265144,0.52235
0.909622,-0.097709,-0.04727,-0.404184,0.9306,-0.08471,0.023711,-0.356063,-0.65061,0.482886,-0.26674,0.52179
0.909004,-0.102156,-0.04729,-0.40455,0.931804,-0.091132,0.025341,-0.351246,-0.649978,0.483869,-0.2674,0.521327
0.908463,-0.10402,-0.048042,-0.405261,0.933151,-0.089485,0.028695,-0.347671,-0.650019,0.484329,-0.266975,0.521084
0.908222,-0.102717,-0.049544,-0.405979,0.934248,-0.080888,0.033533,-0.346062,-0.650554,0.484288,-0.26577,0.521101
0.908418,-0.097814,-0.051982,-0.406439,0.934835,-0.067732,0.03907,-0.346274,-0.651415,0.483818,-0.263889,0.521458
0.90901,-0.089973,-0.054933,-0.406496,0.934972,-0.052394,0.044326,-0.347451,-0.65235,0.483293,-0.261885,0.52183
0.90974,-0.080674,-0.057682,-0.406359,0.934814,-0.037799,0.047751,-0.348913,-0.653274,0.482656,-0.260064,0.522212
0.910471,-0.071509,-0.059876,-0.406029,0.934319,-0.026395,0.048822,-0.350872,-0.654119,0.481835,-0.258514,0.52271
0.911209,-0.064458,-0.061326,-0.405259,0.933583,-0.020099,0.048198,-0.353224,-0.654774,0.480981,-0.257368,0.52326
0.911967,-0.060764,-0.061717,-0.404005,0.932958,-0.018752,0.045768,-0.355319,-0.655108,0.480218,-0.256837,0.523806
0.912606,-0.06073,-0.061078,-0.402639,0.932598,-0.021732,0.042065,-0.356734,-0.655052,0.47969,-0.257044,0.524244
0.91308,-0.063867,-0.059792,-0.40128,0.932471,-0.028455,0.03799,-0.357313,-0.65467,0.479436,-0.257662,0.52463
0.913273,-0.069237,-0.057993,-0.400248,0.932618,-0.037781,0.034318,-0.35674,-0.654233,0.47929,-0.258391,0.524931
0.913185,-0.075746,-0.05591,-0.399611,0.933079,-0.048555,0.031408,-0.354799,-0.653822,0.479206,-0.259061,0.525168
0.912812,-0.082487,-0.054311,-0.399416,0.933714,-0.05952,0.029818,-0.351845,-0.653461,0.479273,-0.259667,0.525244
0.912227,-0.088333,-0.054114,-0.399625,0.934432,-0.068042,0.029897,-0.348532,-0.653148,0.479589,-0.26028,0.52503
0.91156,-0.092268,-0.054983,-0.400238,0.935179,-0.069953,0.032239,-0.345889,-0.653161,0.479902,-0.260628,0.524552
0.910949,-0.092861,-0.056326,-0.40136,0.93596,-0.063466,0.036585,-0.344318,-0.653602,0.479989,-0.260382,0.524052
0.910705,-0.08897,-0.058315,-0.402511,0.936122,-0.050383,0.041519,-0.345051,-0.654474,0.479565,-0.259624,0.523741
0.910918,-0.080792,-0.061227,-0.403271,0.935451,-0.034346,0.046203,-0.347756,-0.655464,0.479015,-0.258698,0.523481
0.911251,-0.069958,-0.064539,-0.403943,0.934363,-0.018802,0.049699,-0.350946,-0.656458,0.47843,-0.25786,0.523197
0.911588,-0.058777,-0.067271,-0.40441,0.93331,-0.005773,0.0513,-0.353651,-0.657258,0.477867,-0.257412,0.522931
0.911835,-0.049782,-0.068646,-0.404717,0.932308,0.003257,0.051586,-0.356091,-0.657776,0.477276,-0.257324,0.522858
0.912004,-0.044908,-0.068442,-0.40485,0.931289,0.007619,0.050807,-0.358728,-0.658003,0.476757,-0.257709,0.522838
0.912241,-0.044895,-0.066512,-0.404578,0.930271,0.007215,0.049234,-0.361639,-0.657771,0.476567,-0.258659,0.522807
0.912517,-0.049106,-0.063241,-0.403958,0.9294,0.00261,0.047176,-0.364353,-0.657039,0.476819,-0.260189,0.522703
0.912626,-0.056398,-0.059016,-0.403392,0.928731,-0.005649,0.045217,-0.366482,-0.65588,0.477518,-0.262024,0.522567
0.912436,-0.065643,-0.053984,-0.403128,0.92826,-0.017153,0.043948,-0.367726,-0.654698,0.478304,-0.263808,0.522398
0.911949,-0.075429,-0.048784,-0.403186,0.928046,-0.031526,0.043102,-0.367712,-0.653397,0.479311,-0.265565,0.522183
0.911373,-0.084462,-0.044484,-0.403217,0.928131,-0.047453,0.042899,-0.366112,-0.652098,0.480432,-0.267161,0.521939
0.910782,-0.091836,-0.041765,-0.403274,0.928525,-0.062364,0.043927,-0.362986,-0.650877,0.481618,-0.268591,0.521616
0.910176,-0.09682,-0.040828,-0.403631,0.929521,-0.070129,0.047239,-0.358616,-0.649911,0.482625,-0.269726,0.52129
0.909759,-0.098292,-0.04198,-0.404159,0.930858,-0.067229,0.052255,-0.354765,-0.649735,0.483,-0.27001,0.521013
0.909827,-0.095293,-0.044202,-0.404507,0.931703,-0.053801,0.058347,-0.353423,-0.650551,0.482296,-0.268994,0.521186
0.91038,-0.086533,-0.047809,-0.404783,0.931601,-0.033033,0.064299,-0.354607,-0.652267,0.480516,-0.266666,0.521915
0.911184,-0.072329,-0.052635,-0.405069,0.930862,-0.009927,0.068025,-0.356672,-0.654571,0.477964,-0.263422,0.523066
0.912048,-0.055942,-0.057615,-0.404912,0.92994,0.011279,0.06822,-0.358579,-0.657122,0.47491,-0.259727,0.524547
0.912789,-0.040736,-0.061693,-0.404317,0.929171,0.027597,0.064656,-0.360154,-0.659478,0.471834,-0.256213,0.526138
0.91336,-0.029301,-0.064269,-0.403497,0.928753,0.037813,0.058387,-0.36139,-0.661446,0.468907,-0.253198,0.527776
0.913807,-0.023219,-0.064775,-0.402707,0.928519,0.041635,0.050593,-0.36293,-0.662777,0.46637,-0.250842,0.529501
0.914249,-0.022391,-0.063558,-0.401888,0.928605,0.038298,0.042438,-0.364454,-0.66313,0.46472,-0.249342,0.53123
0.914711,-0.0258,-0.061106,-0.40099,0.92915,0.029129,0.034941,-0.365133,-0.662403,0.464271,-0.248583,0.532896
0.915001,-0.031872,-0.05799,-0.400361,0.930493,0.016642,0.029936,-0.363341,-0.660766,0.464897,-0.248264,0.534543
0.914861,-0.038645,-0.055532,-0.400475,0.932961,0.002534,0.02722,-0.357921,-0.658551,0.466202,-0.248057,0.536256
0.914291,-0.045097,-0.054485,-0.401327,0.936371,-0.011535,0.025875,-0.349159,-0.655905,0.468173,-0.248153,0.537761
0.913484,-0.0513,-0.054656,-0.402514,0.939941,-0.020657,0.026637,-0.339104,-0.652963,0.470677,-0.248422,0.539058
0.91267,-0.057019,-0.055918,-0.403558,0.942714,-0.02169,0.029191,-0.330973,-0.649918,0.473499,-0.248787,0.540125
0.912032,-0.061567,-0.058365,-0.404145,0.943653,-0.015102,0.032792,-0.328061,-0.647116,0.476568,-0.248725,0.540863
0.911447,-0.06302,-0.061896,-0.404855,0.942582,-0.002942,0.037793,-0.330502,-0.64466,0.479457,-0.247819,0.54172
0.910984,-0.059553,-0.066667,-0.405756,0.940129,0.011806,0.043249,-0.336072,-0.642604,0.481869,-0.246285,0.542792
0.910728,-0.05233,-0.072325,-0.406413,0.937229,0.025678,0.047385,-0.342342,-0.640833,0.483857,-0.244537,0.543978
0.910624,-0.044368,-0.077721,-0.406627,0.93467,0.035923,0.048953,-0.347879,-0.639057,0.485702,-0.243127,0.545115
0.910641,-0.038359,-0.082131,-0.406368,0.932888,0.040595,0.047643,-0.352244,-0.637374,0.487168,-0.24171,0.546461
0.910844,-0.036546,-0.084545,-0.405626,0.93187,0.038693,0.043607,-0.35582,-0.635655,0.488156,-0.240515,0.54815
0.911244,-0.039894,-0.084473,-0.40448,0.931339,0.030892,0.038177,-0.358908,-0.633813,0.488935,-0.239811,0.549923
0.911788,-0.048016,-0.081758,-0.402977,0.931148,0.018441,0.032696,-0.361208,-0.631938,0.489698,-0.239546,0.551532
0.912433,-0.058443,-0.07856,-0.400843,0.93135,0.002974,0.027262,-0.362072,-0.63042,0.490519,-0.239102,0.552753
0.912721,-0.067918,-0.074776,-0.399457,0.932136,-0.012778,0.021671,-0.360698,-0.629965,0.490875,-0.23747,0.553704
0.91245,-0.074806,-0.0713,-0.39949,0.933499,-0.027254,0.015851,-0.357128,-0.631376,0.490212,-0.23361,0.554412
0.911869,-0.078977,-0.068425,-0.400501,0.935031,-0.038117,0.010841,-0.352661,-0.634748,0.488639,-0.227678,0.554546
0.911101,-0.080834,-0.067304,-0.402069,0.936188,-0.043853,0.007403,-0.349226,-0.638648,0.486695,-0.220949,0.554642
0.910423,-0.080848,-0.068261,-0.403472,0.936379,-0.044611,0.004929,-0.348761,-0.642333,0.484621,-0.214599,0.554828
0.90983,-0.079451,-0.070794,-0.40471,0.935235,-0.042459,0.002328,-0.352158,-0.645737,0.4826,-0.208897,0.554932
0.908966,-0.076153,-0.07391,-0.406773,0.933283,-0.037487,-0.00128,-0.35789,-0.649156,0.480561,-0.203645,0.554769
0.907875,-0.071367,-0.077087,-0.409502,0.931013,-0.030141,-0.006333,-0.364422,-0.652525,0.478406,-0.198994,0.554456
0.90675,-0.066317,-0.080101,-0.412272,0.928556,-0.021871,-0.013006,-0.371116,-0.655485,0.476425,-0.195353,0.554031
0.905811,-0.062699,-0.082359,-0.41447,0.926025,-0.014256,-0.020848,-0.377524,-0.657647,0.475116,-0.192871,0.553506
0.905063,-0.060762,-0.084049,-0.416075,0.923526,-0.008398,-0.029068,-0.383401,-0.658821,0.474759,-0.191534,0.552911
0.90448,-0.060022,-0.085413,-0.417204,0.921139,-0.004973,-0.036835,-0.388696,-0.659033,0.475254,-0.191259,0.552338
0.903945,-0.059466,-0.086729,-0.418206,0.919017,-0.004211,-0.043861,-0.393193,-0.658444,0.476519,-0.191832,0.551755
0.903322,-0.058693,-0.088074,-0.41941,0.917404,-0.005213,-0.04992,-0.396431,-0.657216,0.478482,-0.193018,0.551102
0.902485,-0.05803,-0.089242,-0.421085,0.916581,-0.007642,-0.055182,-0.39781,-0.655811,0.480644,-0.194487,0.550368
0.901467,-0.057811,-0.089742,-0.423203,0.91653,-0.010975,-0.060071,-0.397356,-0.654142,0.48312,-0.196363,0.549503
0.900318,-0.058518,-0.089646,-0.425583,0.917131,-0.014892,-0.064983,-0.395287,-0.652352,0.485737,-0.198472,0.548546
0.899105,-0.059934,-0.089226,-0.428051,0.91814,-0.018381,-0.069768,-0.392176,-0.650417,0.488504,-0.200749,0.547534
0.897892,-0.061381,-0.088555,-0.430537,0.919224,-0.020452,-0.074262,-0.388869,-0.64849,0.491287,-0.203066,0.546452
0.896801,-0.061809,-0.088129,-0.432833,0.919963,-0.02001,-0.078011,-0.386512,-0.646601,0.494054,-0.205315,0.545333
0.895942,-0.060456,-0.088155,-0.434779,0.920203,-0.016598,-0.080649,-0.385579,-0.644857,0.496665,-0.207469,0.54419
0.895464,-0.057108,-0.088491,-0.436104,0.919915,-0.011108,-0.081899,-0.386145,-0.64331,0.49913,-0.209474,0.542976
0.895278,-0.052319,-0.088966,-0.436924,0.919139,-0.004622,-0.082025,-0.387985,-0.642203,0.501277,-0.211036,0.54169
0.895355,-0.046423,-0.089609,-0.437224,0.918188,0.002139,-0.081512,-0.390228,-0.641873,0.502841,-0.211829,0.540321
0.895547,-0.039737,-0.090642,-0.437196,0.917282,0.008111,-0.080765,-0.392303,-0.642279,0.503668,-0.211764,0.539103
0.895726,-0.032968,-0.092312,-0.436977,0.916664,0.013275,-0.080125,-0.393628,-0.643309,0.503661,-0.210816,0.538276
0.896001,-0.026308,-0.094597,-0.436334,0.916281,0.016923,-0.079869,-0.394356,-0.644967,0.502887,-0.209073,0.537728
0.896337,-0.01967,-0.097454,-0.435334,0.916133,0.018712,-0.080243,-0.394524,-0.647007,0.501469,-0.206794,0.537523
0.896688,-0.013108,-0.100762,-0.434091,0.916243,0.018113,-0.081289,-0.394127,-0.649376,0.499552,-0.204131,0.537511
0.897143,-0.006465,-0.104571,-0.432395,0.916462,0.015059,-0.082948,-0.393504,-0.651943,0.497248,-0.201091,0.537733
0.897609,0.000412,-0.108746,-0.430445,0.916693,0.009911,-0.08532,-0.392789,-0.654824,0.494542,-0.197658,0.538053
0.898085,0.007689,-0.113027,-0.428276,0.916819,0.003042,-0.088152,-0.392196,-0.657933,0.491418,-0.193931,0.538532
0.898462,0.015519,-0.117394,-0.426087,0.916848,-0.004358,-0.091374,-0.391613,-0.66116,0.48799,-0.19013,0.539105
0.8987,0.02383,-0.121842,-0.423934,0.916904,-0.010054,-0.094695,-0.390793,-0.66444,0.484319,-0.186327,0.539759
0.898775,0.03225,-0.126149,-0.421935,0.916966,-0.012312,-0.097703,-0.389975,-0.667709,0.480456,-0.182526,0.540523
0.898711,0.04062,-0.129983,-0.420149,0.917121,-0.009888,-0.099968,-0.38913,-0.670879,0.476411,-0.178577,0.541544
0.898557,0.048758,-0.133249,-0.418543,0.917471,-0.002938,-0.101327,-0.387982,-0.673784,0.472578,-0.174821,0.542568
0.898373,0.056332,-0.135706,-0.417136,0.918037,0.007246,-0.101593,-0.386334,-0.676167,0.469323,-0.171379,0.543572
0.898173,0.063016,-0.137469,-0.415968,0.918791,0.01895,-0.100596,-0.384153,-0.677876,0.466872,-0.168504,0.544494
0.898051,0.068583,-0.138633,-0.4149,0.91965,0.030499,-0.098618,-0.381578,-0.678877,0.465273,-0.166407,0.545296
0.898056,0.07296,-0.139178,-0.413895,0.92051,0.040167,-0.096077,-0.378981,-0.679306,0.46434,-0.165091,0.545977
0.898247,0.076078,-0.139051,-0.4129,0.92138,0.046902,-0.093126,-0.3766,-0.679243,0.464025,-0.1645,0.546514
0.898587,0.07802,-0.13836,-0.411973,0.922287,0.050296,-0.089933,-0.374542,-0.678843,0.464217,-0.164448,0.546866
0.89903,0.079182,-0.137268,-0.411093,0.923185,0.050232,-0.08704,-0.37292,-0.678106,0.465013,-0.164931,0.546958
0.899532,0.079671,-0.136057,-0.410252,0.924083,0.047107,-0.08471,-0.371615,-0.677115,0.466276,-0.165824,0.546834
0.900025,0.079776,-0.134945,-0.409479,0.924979,0.041944,-0.082886,-0.370447,-0.676068,0.46783,-0.166957,0.54645
0.900497,0.079554,-0.133935,-0.408786,0.92574,0.03566,-0.081931,-0.369498,-0.675126,0.46945,-0.16807,0.545874
0.900912,0.079094,-0.133009,-0.408241,0.926266,0.029044,-0.082096,-0.368848,-0.674333,0.471028,-0.168998,0.545205
0.90134,0.078112,-0.132266,-0.407719,0.926563,0.022666,-0.08296,-0.368504,-0.673708,0.4723,-0.169959,0.544569
