-0.799303,0.161695,-0.296969,0.496255,-0.790971,0.191939,-0.255932,0.520665,-0.635343,0.430727,-0.528557,0.360986
-0.799284,0.161848,-0.296747,0.496367,-0.79094,0.192407,-0.255684,0.520655,-0.63532,0.430748,-0.528517,0.36106
-0.799202,0.162001,-0.296619,0.496525,-0.790832,0.192895,-0.255563,0.520692,-0.635324,0.430807,-0.528412,0.361136
-0.799069,0.162181,-0.296557,0.496714,-0.79073,0.193267,-0.255479,0.520748,-0.635345,0.430896,-0.528278,0.361187
-0.798947,0.162331,-0.296563,0.496858,-0.790613,0.193622,-0.255492,0.520786,-0.635343,0.430955,-0.528163,0.361285
-0.798745,0.162519,-0.296676,0.497053,-0.79045,0.194027,-0.255665,0.520793,-0.63527,0.430967,-0.52819,0.361359
-0.79858,0.162766,-0.296878,0.497114,-0.790264,0.194414,-0.255937,0.520794,-0.635164,0.430995,-0.528233,0.361447
-0.798453,0.163021,-0.29709,0.497106,-0.790138,0.194671,-0.256204,0.520757,-0.63501,0.431071,-0.528318,0.361498
-0.798358,0.163214,-0.297246,0.497102,-0.790034,0.194891,-0.256462,0.520704,-0.634787,0.431204,-0.528513,0.361448
-0.798338,0.163311,-0.297327,0.497051,-0.790022,0.194957,-0.256585,0.520638,-0.634468,0.431392,-0.528789,0.361377
-0.798467,0.163337,-0.297206,0.496909,-0.79015,0.19487,-0.256438,0.520551,-0.63416,0.431556,-0.529062,0.361321
-0.798622,0.163212,-0.296981,0.496835,-0.790303,0.194649,-0.256179,0.520528,-0.633958,0.431671,-0.529257,0.361251
-0.79882,0.163066,-0.296748,0.496705,-0.790465,0.194397,-0.255843,0.520543,-0.633861,0.431722,-0.529358,0.361212
-0.798961,0.16296,-0.296554,0.49663,-0.790569,0.194242,-0.255591,0.520569,-0.633854,0.431696,-0.52942,0.361168
-0.799038,0.162958,-0.296441,0.496574,-0.79066,0.194112,-0.255359,0.520594,-0.633882,0.43162,-0.529405,0.36123
-0.79905,0.163002,-0.296449,0.496535,-0.790719,0.193951,-0.255171,0.520657,-0.633952,0.431564,-0.529357,0.361244
-0.799063,0.163055,-0.296532,0.496448,-0.790721,0.193683,-0.255085,0.520795,-0.633947,0.43152,-0.529387,0.361263
-0.799016,0.16306,-0.29665,0.496451,-0.790682,0.193328,-0.25503,0.521015,-0.633837,0.431633,-0.529473,0.361194
-0.798954,0.16312,-0.296713,0.496494,-0.790625,0.193072,-0.255027,0.521201,-0.633671,0.431753,-0.5296,0.361155
-0.798837,0.163288,-0.296869,0.496532,-0.790586,0.192947,-0.255071,0.521284,-0.633462,0.431991,-0.529756,0.361006
-0.798776,0.163566,-0.297009,0.496454,-0.790554,0.19322,-0.255155,0.521188,-0.633227,0.432216,-0.529936,0.360886
-0.798762,0.163889,-0.29714,0.49629,-0.790508,0.193704,-0.25526,0.521025,-0.633,0.432385,-0.530148,0.360769
-0.798742,0.164145,-0.29724,0.496178,-0.790471,0.194222,-0.255355,0.52084,-0.632869,0.43251,-0.530263,0.36068
-0.798752,0.16434,-0.297238,0.496096,-0.790496,0.194625,-0.255355,0.520647,-0.632749,0.432644,-0.530399,0.36053
-0.798769,0.164391,-0.297195,0.496079,-0.790515,0.194909,-0.25543,0.520475,-0.632701,0.432725,-0.530428,0.360477
-0.798788,0.164292,-0.29711,0.496129,-0.790537,0.195104,-0.255436,0.520365,-0.632743,0.432676,-0.530392,0.360512
-0.798796,0.164131,-0.297034,0.496218,-0.790587,0.195293,-0.255415,0.520226,-0.632858,0.432478,-0.530341,0.360625
-0.798789,0.164002,-0.297002,0.496292,-0.790614,0.195446,-0.255434,0.520119,-0.632932,0.432304,-0.530327,0.360725
-0.79882,0.16394,-0.297039,0.496242,-0.790603,0.195626,-0.255478,0.520045,-0.632977,0.432156,-0.530335,0.360811
-0.798792,0.163902,-0.297147,0.496233,-0.790604,0.195791,-0.255625,0.519908,-0.632948,0.432079,-0.530424,0.360824
-0.798795,0.163873,-0.297269,0.496166,-0.790618,0.195907,-0.255816,0.51975,-0.632864,0.432074,-0.530525,0.36083
-0.798825,0.163828,-0.297362,0.496077,-0.790664,0.195904,-0.255941,0.519622,-0.632691,0.43214,-0.530719,0.360767
-0.798921,0.163802,-0.297373,0.495926,-0.790773,0.195845,-0.255945,0.519477,-0.632561,0.432237,-0.530874,0.360651
-0.799001,0.163718,-0.297337,0.495848,-0.790856,0.195727,-0.255976,0.519383,-0.632476,0.432214,-0.531041,0.360582
-0.799123,0.163487,-0.297272,0.495769,-0.79091,0.195624,-0.256001,0.519327,-0.632437,0.432135,-0.531145,0.360594
-0.799177,0.163365,-0.297289,0.495711,-0.790995,0.195452,-0.256013,0.519258,-0.63252,0.431985,-0.531094,0.3607
-0.799254,0.163249,-0.297354,0.495586,-0.791085,0.195211,-0.256012,0.519214,-0.632626,0.431766,-0.531074,0.360805
-0.799273,0.163121,-0.297486,0.495522,-0.791121,0.194991,-0.256013,0.519243,-0.632761,0.431548,-0.531028,0.360901
-0.799258,0.163122,-0.297621,0.495465,-0.791067,0.194722,-0.256168,0.519352,-0.632799,0.431444,-0.530984,0.361019
-0.799273,0.163071,-0.297797,0.495354,-0.791082,0.194366,-0.256251,0.519424,-0.632708,0.431452,-0.531042,0.361085
-0.799294,0.163002,-0.297948,0.495251,-0.791098,0.194102,-0.25633,0.519463,-0.632587,0.431513,-0.531169,0.361036
-0.79932,0.162976,-0.297978,0.495201,-0.791126,0.193998,-0.2564,0.519424,-0.632426,0.431553,-0.531351,0.361
-0.799303,0.162979,-0.297987,0.495222,-0.791129,0.194169,-0.256417,0.519347,-0.632324,0.431554,-0.531475,0.360995
-0.799316,0.163056,-0.297977,0.495181,-0.791149,0.194491,-0.25633,0.519237,-0.63225,0.431529,-0.531563,0.361026
-0.799387,0.163093,-0.297841,0.495137,-0.791208,0.194721,-0.25617,0.519138,-0.632224,0.43155,-0.531546,0.36107
-0.799414,0.163113,-0.297698,0.49517,-0.791291,0.194887,-0.255907,0.519077,-0.632318,0.431498,-0.531491,0.361051
-0.799395,0.163061,-0.297569,0.495297,-0.791312,0.195034,-0.255736,0.519073,-0.632392,0.43144,-0.531391,0.361137
-0.799353,0.16302,-0.297458,0.495443,-0.791294,0.195152,-0.255532,0.519155,-0.632488,0.431367,-0.531283,0.361215
-0.799247,0.163042,-0.297471,0.495598,-0.791205,0.195341,-0.255425,0.51927,-0.632583,0.431255,-0.531187,0.361322
-0.799104,0.163112,-0.297504,0.495787,-0.791058,0.195613,-0.255447,0.519377,-0.632631,0.431172,-0.531162,0.361375
-0.798976,0.163213,-0.297588,0.495906,-0.790922,0.195875,-0.255588,0.519415,-0.632572,0.431216,-0.531164,0.361421
-0.798868,0.16336,-0.297686,0.495973,-0.790787,0.196275,-0.255803,0.519361,-0.632413,0.431312,-0.531282,0.36141
-0.79883,0.163531,-0.297816,0.4959,-0.790699,0.196617,-0.256008,0.519263,-0.632211,0.431458,-0.531467,0.361317
-0.798859,0.163681,-0.29788,0.495763,-0.790702,0.196864,-0.256199,0.51907,-0.632018,0.431563,-0.531664,0.361239
-0.798947,0.163691,-0.297873,0.495623,-0.79076,0.197013,-0.256319,0.518866,-0.631854,0.431678,-0.531825,0.36115
-0.799091,0.163602,-0.297747,0.495497,-0.790923,0.196926,-0.256372,0.518628,-0.631724,0.431707,-0.531966,0.361135
-0.799288,0.163384,-0.297572,0.495359,-0.791106,0.196772,-0.256285,0.518451,-0.631737,0.431619,-0.532021,0.361139
-0.79951,0.163149,-0.297357,0.495208,-0.791253,0.196593,-0.256121,0.518377,-0.631794,0.431462,-0.532029,0.361213
-0.799685,0.162998,-0.297304,0.49501,-0.791389,0.196354,-0.255974,0.518335,-0.631879,0.431268,-0.531982,0.361363
-0.799786,0.16287,-0.297351,0.49486,-0.791504,0.19599,-0.255889,0.518343,-0.631976,0.431155,-0.531915,0.361429
-0.799876,0.162849,-0.297432,0.494675,-0.791566,0.195531,-0.255896,0.518421,-0.632021,0.431102,-0.531879,0.361468
-0.799935,0.162785,-0.297492,0.494566,-0.791592,0.195142,-0.255898,0.518528,-0.631994,0.431107,-0.531899,0.361477
-0.799991,0.162683,-0.297458,0.49453,-0.791712,0.194844,-0.255701,0.518557,-0.631904,0.431239,-0.531889,0.361491
-0.800032,0.162653,-0.297361,0.494531,-0.791791,0.194881,-0.255521,0.518511,-0.631812,0.431366,-0.531907,0.361474
-0.80005,0.16273,-0.297354,0.494481,-0.791828,0.195232,-0.255421,0.518369,-0.631746,0.431456,-0.531942,0.361431
-0.800002,0.162984,-0.297411,0.494439,-0.791816,0.195679,-0.25526,0.518295,-0.63172,0.431437,-0.532017,0.361388
-0.799969,0.163291,-0.297481,0.494348,-0.791812,0.196093,-0.255207,0.518168,-0.631646,0.431494,-0.532096,0.361335
-0.799949,0.163485,-0.297516,0.494292,-0.791811,0.196393,-0.255166,0.518073,-0.631585,0.431602,-0.532126,0.361266
-0.799933,0.163616,-0.297539,0.494262,-0.791864,0.196546,-0.255143,0.517945,-0.631513,0.431738,-0.532119,0.361239
-0.799932,0.163702,-0.297537,0.494235,-0.791923,0.196575,-0.255116,0.517858,-0.631519,0.431795,-0.532123,0.361157
-0.799918,0.163796,-0.297537,0.494225,-0.791962,0.196712,-0.255211,0.5177,-0.631453,0.43184,-0.532151,0.361176
-0.799876,0.164016,-0.297617,0.494172,-0.791973,0.196999,-0.255361,0.5175,-0.631355,0.431951,-0.532186,0.36116
-0.799911,0.164252,-0.297705,0.493984,-0.791977,0.197291,-0.255494,0.517314,-0.631216,0.432089,-0.53228,0.361097
-0.799948,0.164431,-0.297737,0.493844,-0.792042,0.197592,-0.255575,0.517058,-0.631057,0.432281,-0.532346,0.361051
-0.800049,0.164579,-0.297693,0.493657,-0.792131,0.197874,-0.255604,0.5168,-0.630897,0.432447,-0.532423,0.361016
-0.800193,0.164613,-0.297543,0.493502,-0.792253,0.198155,-0.255518,0.516547,-0.630741,0.432643,-0.532501,0.360937
-0.800352,0.16464,-0.297315,0.493374,-0.79237,0.198336,-0.255402,0.516356,-0.630661,0.432806,-0.532515,0.360861
-0.800487,0.164616,-0.297075,0.493306,-0.792518,0.198349,-0.255274,0.516187,-0.630641,0.432886,-0.532556,0.360741
-0.800599,0.164561,-0.296883,0.493259,-0.792645,0.198349,-0.255166,0.516048,-0.630676,0.432938,-0.532505,0.360694
-0.800679,0.164564,-0.296751,0.493207,-0.792665,0.198379,-0.255113,0.51603,-0.630753,0.432934,-0.532391,0.360732
-0.800725,0.164631,-0.296725,0.493127,-0.792673,0.1984,-0.255088,0.516022,-0.630768,0.432949,-0.532318,0.360794
-0.800743,0.164736,-0.29678,0.49303,-0.792691,0.198435,-0.254991,0.516028,-0.630727,0.43295,-0.532304,0.360883
-0.800749,0.164932,-0.296916,0.492872,-0.792669,0.1984,-0.254902,0.516119,-0.630623,0.432991,-0.532345,0.360952
-0.800838,0.165004,-0.296985,0.492663,-0.79267,0.198155,-0.254822,0.516252,-0.630452,0.433149,-0.532415,0.360955
-0.800939,0.164996,-0.296939,0.492529,-0.792771,0.197668,-0.254611,0.516391,-0.63023,0.4334,-0.532544,0.360851
-0.801055,0.164807,-0.296735,0.492526,-0.792901,0.197208,-0.254389,0.516478,-0.630025,0.433641,-0.532645,0.360769
-0.801155,0.164691,-0.296505,0.492543,-0.793035,0.197017,-0.254152,0.516464,-0.629859,0.433831,-0.532695,0.360756
-0.801165,0.164684,-0.296302,0.49265,-0.793094,0.197135,-0.253914,0.516445,-0.629799,0.433934,-0.532664,0.360781
-0.80119,0.164869,-0.296147,0.49264,-0.793095,0.19747,-0.253829,0.516354,-0.62985,0.433974,-0.532557,0.360801
-0.801162,0.165014,-0.296044,0.492695,-0.7931,0.197805,-0.253723,0.516268,-0.629977,0.433927,-0.532411,0.360849
-0.801107,0.165177,-0.295998,0.492758,-0.793081,0.198072,-0.253585,0.516261,-0.630089,0.433925,-0.532196,0.360972
-0.801045,0.165307,-0.295982,0.492824,-0.792976,0.19826,-0.253526,0.516376,-0.630156,0.433944,-0.532026,0.361083
-0.800946,0.165396,-0.295957,0.492967,-0.792861,0.198389,-0.253555,0.516487,-0.630175,0.434022,-0.53184,0.361227
-0.800816,0.165532,-0.295924,0.49315,-0.792741,0.198604,-0.253633,0.516549,-0.630153,0.43403,-0.531797,0.361318
-0.800698,0.165724,-0.295991,0.493237,-0.792646,0.198848,-0.253703,0.516564,-0.630096,0.433995,-0.531826,0.361415
-0.800569,0.165949,-0.296073,0.493319,-0.792511,0.199213,-0.253844,0.516559,-0.629985,0.434063,-0.531879,0.361445
-0.800498,0.166148,-0.296091,0.493357,-0.792438,0.199609,-0.25405,0.516414,-0.62977,0.434209,-0.532003,0.361462
-0.800457,0.166227,-0.296072,0.493405,-0.79238,0.199997,-0.2542,0.516278,-0.629556,0.434338,-0.532177,0.361421
-0.800457,0.166208,-0.296025,0.49344,-0.79237,0.200306,-0.254265,0.51614,-0.629358,0.434417,-0.532348,0.361419
-0.800535,0.166098,-0.295942,0.493401,-0.792449,0.200323,-0.254205,0.516042,-0.629251,0.434432,-0.532482,0.361389
-0.80064,0.165955,-0.2958,0.493363,-0.792522,0.200234,-0.254135,0.515999,-0.629185,0.434374,-0.532581,0.361426
-0.80069,0.165763,-0.295675,0.493424,-0.792565,0.200102,-0.254115,0.515994,-0.629194,0.434257,-0.532659,0.361438
-0.800698,0.165669,-0.295711,0.493422,-0.792546,0.200034,-0.254191,0.516015,-0.629204,0.434132,-0.53266,0.361567
-0.800702,0.165612,-0.29578,0.493394,-0.792557,0.199903,-0.254144,0.516073,-0.629246,0.434034,-0.532656,0.361617
-0.800648,0.165676,-0.295942,0.493363,-0.792513,0.199751,-0.254058,0.516241,-0.62923,0.433938,-0.532701,0.361696
-0.800591,0.165698,-0.296156,0.493319,-0.792394,0.199575,-0.254146,0.516448,-0.629169,0.433898,-0.532828,0.361663
-0.800526,0.165729,-0.296318,0.493318,-0.792311,0.199308,-0.254231,0.516637,-0.629011,0.433957,-0.533005,0.361606
-0.800451,0.165752,-0.29643,0.493364,-0.792259,0.199132,-0.254298,0.516754,-0.628835,0.434078,-0.533171,0.361522
-0.800422,0.16583,-0.296431,0.493383,-0.792253,0.199073,-0.254346,0.516762,-0.628606,0.434186,-0.533424,0.361417
-0.800382,0.165834,-0.296428,0.493449,-0.792241,0.199164,-0.254316,0.516759,-0.628448,0.434225,-0.533645,0.361319
-0.800376,0.165864,-0.296373,0.493482,-0.792241,0.199272,-0.254316,0.516717,-0.6284,0.434215,-0.533755,0.361254
-0.800384,0.165839,-0.29628,0.493531,-0.79229,0.199303,-0.254253,0.516661,-0.628449,0.434137,-0.533774,0.361236
-0.800393,0.165762,-0.296247,0.493564,-0.792345,0.199291,-0.254124,0.516645,-0.628543,0.43401,-0.533746,0.361266
-0.800382,0.165646,-0.296217,0.49364,-0.792346,0.199246,-0.254165,0.51664,-0.628674,0.433843,-0.533712,0.361291
-0.8003,0.165603,-0.296339,0.493714,-0.792337,0.199145,-0.254275,0.516641,-0.628789,0.43366,-0.533681,0.361357
-0.800266358656223,0.165653708092486,-0.296483601096372,0.493665775164114,-0.792336044559099,0.199136603418308,-0.254328071004954,0.516626533851276,-0.628807690191388,0.433601620064714,-0.533691404411765,0.361360842676311
-0.800241,0.165748,-0.296641,0.493579,-0.792335,0.199134,-0.254391,0.516592,-0.628814,0.433571,-0.533721,0.361362
-0.800212,0.165852,-0.296807,0.493492,-0.792307,0.199175,-0.254613,0.51651,-0.628716,0.433556,-0.533866,0.361337
-0.800181,0.166025,-0.296956,0.493393,-0.792292,0.199296,-0.254745,0.516422,-0.628569,0.433629,-0.534017,0.36128
-0.800223,0.166098,-0.297011,0.493267,-0.792247,0.19951,-0.254798,0.516379,-0.628353,0.433723,-0.534245,0.361205
-0.800308,0.166106,-0.297032,0.493113,-0.79224,0.199682,-0.254805,0.516319,-0.628124,0.433838,-0.534489,0.361106
-0.800435,0.165998,-0.29697,0.492983,-0.792266,0.199838,-0.254768,0.516237,-0.627975,0.433915,-0.534717,0.360935
-0.800493,0.165926,-0.296933,0.492937,-0.792284,0.199861,-0.254699,0.516234,-0.627904,0.433925,-0.534854,0.360846
-0.800562,0.165877,-0.297012,0.492794,-0.792353,0.199747,-0.254617,0.516213,-0.627857,0.433868,-0.534971,0.360824
-0.800612,0.165873,-0.297121,0.49265,-0.79236,0.199675,-0.254724,0.516178,-0.627832,0.433821,-0.535033,0.360833
-0.800698,0.165889,-0.297166,0.492477,-0.792351,0.199636,-0.254894,0.516125,-0.627785,0.433743,-0.535119,0.360879
-0.800804,0.165878,-0.29723,0.492272,-0.792462,0.199509,-0.254983,0.515963,-0.627687,0.433681,-0.535272,0.360897
-0.800929,0.165903,-0.297273,0.492033,-0.792528,0.199304,-0.255066,0.515901,-0.627538,0.433656,-0.535475,0.360886
-0.801062,0.165933,-0.297304,0.491791,-0.792659,0.199063,-0.255044,0.515807,-0.627339,0.43378,-0.535676,0.360782
-0.801191,0.165845,-0.297246,0.491647,-0.792832,0.198813,-0.254863,0.515729,-0.627095,0.433923,-0.53587,0.360744
-0.801298,0.165663,-0.297089,0.491629,-0.79298,0.198471,-0.254712,0.51571,-0.626971,0.434053,-0.535959,0.360671
-0.801389,0.165513,-0.296947,0.491616,-0.793112,0.198139,-0.254582,0.515701,-0.626952,0.43405,-0.535998,0.36065
-0.801468,0.16541,-0.29686,0.491577,-0.793221,0.19782,-0.254558,0.515671,-0.626991,0.434092,-0.535967,0.36058
-0.801454,0.165417,-0.296867,0.491593,-0.793293,0.197636,-0.254587,0.515617,-0.627103,0.434054,-0.535857,0.360597
-0.801383,0.165469,-0.296966,0.491631,-0.793275,0.197648,-0.254684,0.515594,-0.627211,0.433976,-0.535775,0.360623
-0.80135,0.1656,-0.297032,0.4916,-0.793242,0.197851,-0.254935,0.515441,-0.627316,0.433927,-0.535659,0.360672
-0.801319,0.165754,-0.297147,0.491529,-0.793205,0.198135,-0.255079,0.515318,-0.627329,0.43393,-0.535649,0.36066
-0.801295,0.165942,-0.297179,0.491484,-0.793193,0.198464,-0.25514,0.515177,-0.627298,0.433974,-0.535648,0.360663
-0.801295,0.166027,-0.297143,0.491476,-0.793157,0.198882,-0.255179,0.51505,-0.627192,0.434053,-0.535708,0.360663
-0.801317,0.166061,-0.297069,0.491473,-0.793167,0.199186,-0.255133,0.514938,-0.627042,0.434179,-0.535779,0.360665
-0.801386,0.166143,-0.296967,0.491394,-0.79321,0.199463,-0.255056,0.5148,-0.626941,0.434281,-0.535829,0.360642
-0.801447,0.166099,-0.296805,0.491408,-0.793245,0.19975,-0.254965,0.514679,-0.62688,0.434317,-0.535865,0.360651
-0.801506,0.16602,-0.296688,0.491409,-0.79333,0.199929,-0.254878,0.514521,-0.626861,0.434297,-0.535909,0.360642
-0.801563,0.165954,-0.296634,0.491372,-0.793395,0.200069,-0.254854,0.514379,-0.62692,0.434216,-0.535864,0.360705
-0.801604,0.165943,-0.29663,0.491311,-0.793449,0.20014,-0.254898,0.514246,-0.626988,0.434145,-0.53581,0.360752
-0.801605,0.165846,-0.296702,0.4913,-0.793499,0.200071,-0.255012,0.514139,-0.627057,0.434079,-0.535784,0.360748
-0.801606,0.165804,-0.29677,0.491271,-0.793537,0.199937,-0.255156,0.514065,-0.627126,0.434008,-0.53575,0.360766
-0.801651,0.165788,-0.296827,0.49117,-0.793596,0.199762,-0.255324,0.51396,-0.627181,0.433936,-0.535732,0.360784
-0.801701,0.165804,-0.296884,0.49105,-0.793653,0.199616,-0.255447,0.513871,-0.627203,0.433894,-0.535736,0.360791
-0.80181,0.165816,-0.296891,0.490864,-0.793697,0.199454,-0.255453,0.513864,-0.627187,0.433916,-0.535739,0.360788
-0.801971,0.165733,-0.296739,0.490721,-0.793771,0.199165,-0.255335,0.513921,-0.62718,0.433934,-0.535768,0.360737
-0.802153,0.165515,-0.296532,0.490624,-0.793955,0.198563,-0.25502,0.51403,-0.627111,0.434059,-0.535788,0.360677
-0.802394,0.165167,-0.296121,0.490597,-0.794165,0.197848,-0.254583,0.514202,-0.627033,0.434166,-0.535795,0.360671
-0.802526,0.16498,-0.295844,0.490612,-0.79433,0.197333,-0.254212,0.51433,-0.627021,0.434194,-0.53575,0.360726
-0.802597,0.164935,-0.295699,0.490598,-0.794489,0.197078,-0.253845,0.514364,-0.627102,0.434198,-0.535598,0.360803
-0.80258,0.165008,-0.29577,0.490559,-0.794591,0.197104,-0.253717,0.514262,-0.627277,0.434072,-0.535432,0.360899
-0.802547,0.165279,-0.296001,0.49038,-0.794585,0.197401,-0.25386,0.514085,-0.627452,0.433951,-0.535232,0.361036
-0.802447,0.165649,-0.296274,0.490253,-0.794551,0.197901,-0.254112,0.51382,-0.627576,0.433841,-0.535087,0.361165
-0.802409,0.165874,-0.296418,0.490153,-0.794497,0.198367,-0.254409,0.513574,-0.627582,0.433792,-0.535084,0.361217
-0.802412,0.16602,-0.29637,0.490126,-0.79445,0.198741,-0.254554,0.513429,-0.627455,0.433866,-0.5352,0.361176
-0.802465,0.165959,-0.296144,0.490197,-0.794441,0.199081,-0.254437,0.513367,-0.627314,0.434025,-0.535265,0.361134
-0.802513,0.165866,-0.295878,0.490309,-0.79448,0.199327,-0.254175,0.513338,-0.627242,0.434135,-0.535314,0.361054
-0.802525,0.165807,-0.295669,0.490435,-0.794545,0.199642,-0.253874,0.513261,-0.627258,0.434127,-0.535324,0.361024
-0.802531,0.165821,-0.295517,0.490512,-0.794584,0.200005,-0.253606,0.513188,-0.627312,0.434106,-0.535229,0.361092
-0.802532,0.165824,-0.295387,0.490587,-0.794615,0.200326,-0.253481,0.513077,-0.627412,0.433997,-0.535123,0.361208
-0.802534,0.165858,-0.295331,0.490605,-0.79463,0.200557,-0.253468,0.512968,-0.627504,0.433909,-0.535002,0.36133
-0.802571,0.165882,-0.295262,0.490577,-0.794675,0.200634,-0.253618,0.512794,-0.627536,0.433877,-0.534946,0.361397
-0.802571,0.165955,-0.295217,0.490579,-0.794739,0.200579,-0.253757,0.512651,-0.627399,0.433966,-0.534993,0.361455
-0.802612,0.166098,-0.295215,0.490465,-0.794796,0.200451,-0.253858,0.512563,-0.627234,0.434103,-0.535037,0.361509
-0.80261,0.166179,-0.295286,0.490398,-0.794831,0.200423,-0.253916,0.512491,-0.627059,0.43429,-0.535139,0.361435
-0.802622,0.166252,-0.295313,0.490338,-0.794871,0.200391,-0.25393,0.512437,-0.626941,0.434418,-0.535235,0.361344
-0.802618,0.166281,-0.295369,0.4903,-0.794869,0.200416,-0.25387,0.512459,-0.626852,0.434511,-0.535294,0.361299
-0.802649,0.166263,-0.29532,0.490285,-0.794825,0.200309,-0.253847,0.512578,-0.626798,0.434572,-0.535322,0.36128
-0.802646,0.166161,-0.295369,0.490296,-0.794792,0.200029,-0.25384,0.512745,-0.626812,0.434579,-0.535315,0.361258
-0.802671,0.165982,-0.295316,0.490348,-0.794732,0.19956,-0.253743,0.513071,-0.626842,0.434564,-0.535321,0.361216
-0.8026,0.165945,-0.295312,0.490479,-0.794609,0.199147,-0.253781,0.513404,-0.626873,0.434523,-0.53531,0.361226
-0.802563,0.166112,-0.295346,0.490462,-0.794531,0.199002,-0.253823,0.51356,-0.626848,0.434595,-0.535272,0.361238
-0.802525,0.166362,-0.295419,0.490393,-0.794426,0.199144,-0.253843,0.513656,-0.626784,0.434624,-0.535327,0.361233
-0.802477,0.166694,-0.295558,0.490274,-0.794375,0.199495,-0.253951,0.513543,-0.626698,0.434647,-0.535401,0.361243
-0.802553,0.16686,-0.29557,0.490086,-0.794351,0.199963,-0.254002,0.513371,-0.626596,0.434688,-0.535491,0.361236
-0.802665,0.166859,-0.295459,0.489969,-0.794433,0.200297,-0.2539,0.513163,-0.626482,0.434743,-0.53557,0.361252
-0.802797,0.166664,-0.295199,0.489979,-0.794572,0.20042,-0.253695,0.513,-0.62639,0.434797,-0.535674,0.361191
-0.802881,0.166452,-0.294962,0.490056,-0.794738,0.200412,-0.253453,0.512866,-0.626386,0.434782,-0.535716,0.361158
-0.802874,0.166373,-0.294942,0.490107,-0.794835,0.200384,-0.253322,0.512793,-0.626452,0.434729,-0.535703,0.361126
-0.802828,0.166347,-0.294982,0.490166,-0.794866,0.200394,-0.253276,0.512763,-0.626584,0.434595,-0.535639,0.361151
-0.802694,0.166429,-0.295148,0.490258,-0.794802,0.200578,-0.253418,0.512718,-0.626727,0.43444,-0.535587,0.36117
-0.802604,0.166598,-0.295347,0.490226,-0.794666,0.200867,-0.253731,0.51266,-0.62677,0.434313,-0.535616,0.361206
-0.802519,0.16682,-0.295521,0.490183,-0.79454,0.201197,-0.254015,0.512584,-0.626733,0.434333,-0.535666,0.361172
-0.802509,0.166893,-0.295625,0.490112,-0.794433,0.201385,-0.254221,0.512573,-0.626571,0.434461,-0.535812,0.361085
-0.80255,0.166813,-0.295597,0.490091,-0.794377,0.201434,-0.254386,0.512559,-0.626371,0.434566,-0.536015,0.361001
-0.802623,0.16671,-0.29556,0.490031,-0.794384,0.201386,-0.254407,0.512556,-0.62619,0.434683,-0.536216,0.360877
-0.802648,0.166667,-0.295599,0.48998,-0.794414,0.201357,-0.254297,0.512576,-0.626076,0.434761,-0.536347,0.360786
-0.802675,0.166683,-0.295712,0.489864,-0.794365,0.201426,-0.254242,0.51265,-0.626076,0.434754,-0.536395,0.360724
-0.802674,0.166715,-0.295873,0.489758,-0.794305,0.201481,-0.254343,0.512671,-0.626133,0.434719,-0.536362,0.360716
-0.802663,0.166757,-0.296094,0.489627,-0.794225,0.201566,-0.254569,0.512651,-0.626204,0.434645,-0.536357,0.360691
-0.802635,0.166678,-0.296311,0.489569,-0.794104,0.201413,-0.254823,0.512773,-0.626242,0.43456,-0.53637,0.36071
-0.802658,0.166526,-0.296354,0.48956,-0.794076,0.20105,-0.254971,0.512886,-0.626222,0.434559,-0.536419,0.360673
-0.802679,0.16639,-0.296296,0.489607,-0.794117,0.200552,-0.255086,0.512966,-0.626079,0.434667,-0.536551,0.360594
-0.802674,0.166423,-0.296276,0.489616,-0.794192,0.200249,-0.255131,0.512949,-0.625956,0.43477,-0.53665,0.360536
-0.802635,0.166554,-0.296322,0.489607,-0.794266,0.200312,-0.255162,0.512794,-0.625861,0.434808,-0.536772,0.360475
-0.802691,0.166642,-0.296273,0.489514,-0.794275,0.200662,-0.25516,0.512642,-0.625847,0.434784,-0.536791,0.360499
-0.802804,0.166555,-0.296055,0.489491,-0.794374,0.200945,-0.255078,0.512417,-0.625889,0.434774,-0.536731,0.360525
-0.802865,0.166432,-0.295859,0.489552,-0.794505,0.201065,-0.254858,0.512275,-0.625972,0.434664,-0.536669,0.360607
-0.802896,0.166221,-0.295671,0.489687,-0.794664,0.201031,-0.254606,0.512169,-0.626053,0.434596,-0.536568,0.360699
-0.802924,0.166002,-0.295574,0.489774,-0.794825,0.200888,-0.254367,0.512094,-0.626171,0.434504,-0.536435,0.360801
-0.802888,0.165896,-0.295552,0.489884,-0.794906,0.200759,-0.25428,0.512064,-0.626285,0.434425,-0.536288,0.360917
-0.802865,0.165887,-0.295591,0.489899,-0.794955,0.200736,-0.254295,0.51199,-0.626421,0.434297,-0.536158,0.361028
-0.802782,0.166056,-0.295723,0.489898,-0.794928,0.200937,-0.254459,0.511872,-0.626455,0.434229,-0.536087,0.361155
-0.802727,0.166303,-0.295835,0.489836,-0.794878,0.201279,-0.254625,0.511731,-0.626465,0.434218,-0.536027,0.361239
-0.802683,0.166419,-0.295921,0.489815,-0.794798,0.201674,-0.254826,0.511598,-0.626403,0.434248,-0.53608,0.361231
-0.802703,0.166499,-0.295908,0.489763,-0.794758,0.202021,-0.254899,0.511486,-0.626326,0.434319,-0.536153,0.361172
-0.802742,0.166518,-0.295889,0.489704,-0.794733,0.202263,-0.2549,0.511426,-0.626196,0.434425,-0.53624,0.361139
-0.802798,0.166508,-0.295797,0.489674,-0.794724,0.202312,-0.254837,0.51145,-0.62611,0.434526,-0.536279,0.361108
-0.802828,0.166497,-0.295766,0.489646,-0.79469,0.202316,-0.254701,0.511568,-0.626039,0.434611,-0.536284,0.361118
-0.802839,0.166532,-0.295769,0.489613,-0.794609,0.202456,-0.254584,0.511695,-0.626069,0.434595,-0.536232,0.361165
-0.802836,0.166486,-0.295842,0.489591,-0.794534,0.202646,-0.254414,0.511819,-0.62608,0.43453,-0.536215,0.361247
-0.802841,0.166504,-0.295872,0.489558,-0.794462,0.202734,-0.254238,0.511981,-0.62613,0.434433,-0.536194,0.361306
-0.802865,0.166433,-0.2959,0.489527,-0.794328,0.202737,-0.254152,0.512228,-0.626141,0.434368,-0.536214,0.361339
-0.802911,0.166289,-0.295856,0.489529,-0.794248,0.202444,-0.254082,0.512504,-0.626106,0.434374,-0.536259,0.361325
-0.802956,0.16614,-0.295752,0.489569,-0.79423,0.201997,-0.253937,0.512782,-0.625995,0.434457,-0.536339,0.361297
-0.802954,0.166121,-0.295646,0.489639,-0.794218,0.201603,-0.253832,0.513009,-0.62588,0.434529,-0.536401,0.361315
-0.80295,0.166181,-0.295544,0.489687,-0.794235,0.201382,-0.253794,0.513089,-0.625768,0.434657,-0.536469,0.361254
-0.802941,0.166303,-0.295467,0.489707,-0.794259,0.201459,-0.253731,0.513052,-0.625654,0.434777,-0.53652,0.36123
-0.802893,0.166447,-0.295448,0.489746,-0.794262,0.201676,-0.253694,0.512979,-0.625663,0.434797,-0.536493,0.361232
-0.802833,0.166647,-0.295472,0.489763,-0.794249,0.201966,-0.253669,0.512897,-0.625748,0.43479,-0.536374,0.36127
-0.802762,0.16678,-0.295465,0.489836,-0.794223,0.202211,-0.253595,0.512873,-0.625786,0.434837,-0.53627,0.3613
-0.802686,0.166805,-0.295477,0.489943,-0.794266,0.202342,-0.253455,0.512825,-0.625758,0.434901,-0.536241,0.361315
-0.802582,0.166939,-0.295585,0.490002,-0.794259,0.202504,-0.253373,0.51281,-0.625747,0.434942,-0.536209,0.361332
-0.802525,0.167087,-0.295735,0.489954,-0.794207,0.202726,-0.253371,0.512803,-0.62575,0.434953,-0.536164,0.361379
-0.80245,0.167276,-0.295896,0.489914,-0.794164,0.202865,-0.253467,0.512764,-0.625666,0.43501,-0.536226,0.361364
-0.8024,0.167513,-0.296071,0.48981,-0.794107,0.203052,-0.253773,0.512629,-0.625533,0.43511,-0.536336,0.36131
-0.802408,0.167684,-0.29618,0.489671,-0.794074,0.203293,-0.254043,0.512448,-0.625341,0.435228,-0.53643,0.361359
-0.802495,0.167725,-0.29614,0.489538,-0.794077,0.20341,-0.254262,0.512292,-0.625139,0.435375,-0.536552,0.361347
-0.802547,0.167668,-0.296044,0.489532,-0.794142,0.203346,-0.254341,0.512177,-0.624955,0.435518,-0.536676,0.361309
-0.802616,0.167632,-0.295912,0.489511,-0.794206,0.203226,-0.254228,0.512183,-0.624908,0.435547,-0.536731,0.361272
-0.802588,0.167657,-0.295937,0.489533,-0.79417,0.203168,-0.254186,0.512282,-0.624866,0.435549,-0.536772,0.361283
-0.802546,0.167747,-0.29603,0.489515,-0.794117,0.203194,-0.254145,0.512373,-0.624851,0.435561,-0.536758,0.361314
-0.802491,0.167845,-0.296182,0.489478,-0.794074,0.203209,-0.25406,0.512475,-0.624902,0.435502,-0.536731,0.361337
-0.802415,0.167962,-0.296311,0.489484,-0.793958,0.203225,-0.254014,0.512671,-0.624909,0.435446,-0.536756,0.361356
-0.802355,0.167987,-0.296397,0.489521,-0.793824,0.203045,-0.254039,0.512936,-0.624798,0.43548,-0.536817,0.361413
-0.80231,0.168093,-0.296457,0.489522,-0.793721,0.202771,-0.254082,0.513183,-0.624629,0.435671,-0.536871,0.361393
-0.802256,0.168174,-0.296436,0.489594,-0.793647,0.202601,-0.254164,0.513325,-0.624415,0.43585,-0.536996,0.361357
-0.802203,0.168359,-0.296416,0.489629,-0.793603,0.202616,-0.254197,0.513369,-0.624219,0.435998,-0.537151,0.36129
-0.80216,0.168577,-0.296397,0.489634,-0.793599,0.202744,-0.254207,0.513319,-0.624032,0.436106,-0.53729,0.361274
-0.802154,0.168724,-0.296291,0.489655,-0.793581,0.203097,-0.254083,0.513268,-0.623946,0.436156,-0.53737,0.361241
-0.802146,0.168741,-0.296185,0.489726,-0.793586,0.203372,-0.253858,0.51326,-0.623924,0.436224,-0.537302,0.361298
-0.802139,0.168702,-0.296006,0.489859,-0.793638,0.203539,-0.253478,0.513299,-0.623906,0.43625,-0.537285,0.361321
-0.802081,0.168688,-0.295923,0.49001,-0.793679,0.203643,-0.25318,0.513341,-0.623935,0.43619,-0.537256,0.361386
-0.802015,0.168736,-0.2959,0.490114,-0.79369,0.203804,-0.253089,0.513303,-0.624001,0.436066,-0.537233,0.361458
-0.801904,0.168923,-0.296086,0.490117,-0.793626,0.204099,-0.253194,0.51323,-0.624068,0.436,-0.537156,0.361537
-0.801799,0.169103,-0.296295,0.4901,-0.793552,0.204406,-0.25337,0.513134,-0.624069,0.43592,-0.537176,0.361598
-0.801733,0.169195,-0.296385,0.49012,-0.793437,0.204733,-0.253581,0.513076,-0.623988,0.435898,-0.537215,0.361707
-0.801737,0.169168,-0.296379,0.490128,-0.793349,0.205023,-0.25374,0.513016,-0.623828,0.435958,-0.537341,0.361719
-0.801743,0.169119,-0.296339,0.490159,-0.793301,0.205153,-0.253783,0.513017,-0.623666,0.436027,-0.537525,0.361643
-0.801787,0.168959,-0.296231,0.490209,-0.7933,0.205032,-0.253803,0.513057,-0.623548,0.436128,-0.537671,0.36151
-0.801845,0.168783,-0.296161,0.490216,-0.793321,0.204816,-0.253759,0.513132,-0.623456,0.436157,-0.537795,0.36145
-0.80191,0.168673,-0.2961,0.490187,-0.793331,0.204679,-0.253688,0.513207,-0.623389,0.436121,-0.537894,0.361461
-0.801982,0.168428,-0.295998,0.490216,-0.793326,0.204526,-0.253573,0.513332,-0.623448,0.435971,-0.537923,0.361499
-0.802014,0.168196,-0.295967,0.490263,-0.793337,0.204333,-0.253422,0.513468,-0.623514,0.435828,-0.53797,0.361488
-0.802059,0.168026,-0.296019,0.490217,-0.793346,0.204105,-0.253325,0.513593,-0.62356,0.435607,-0.538049,0.361559
-0.802082,0.167937,-0.296105,0.490159,-0.793406,0.203733,-0.253334,0.513648,-0.62359,0.435453,-0.538095,0.361625
-0.802132,0.167777,-0.296112,0.49013,-0.793454,0.203305,-0.253315,0.513754,-0.623553,0.435362,-0.538209,0.361626
-0.802163,0.167598,-0.296089,0.490155,-0.793533,0.202802,-0.253325,0.513828,-0.623453,0.435362,-0.538329,0.361622
-0.802208,0.167497,-0.296034,0.49015,-0.79365,0.202451,-0.253306,0.5138,-0.623302,0.43545,-0.538438,0.361612
-0.802194,0.167498,-0.296115,0.490123,-0.793727,0.202359,-0.253312,0.513714,-0.623273,0.435489,-0.538496,0.36153
-0.802167,0.167598,-0.296198,0.490084,-0.793719,0.202457,-0.253404,0.513643,-0.623282,0.435461,-0.538528,0.361502
-0.80209,0.167737,-0.296314,0.49009,-0.793735,0.202648,-0.253496,0.513497,-0.623367,0.435365,-0.538525,0.361477
-0.802022,0.167844,-0.296355,0.49014,-0.793746,0.202723,-0.253564,0.513417,-0.623417,0.435331,-0.538491,0.361481
-0.801941,0.167917,-0.296414,0.490211,-0.793728,0.202845,-0.253585,0.513387,-0.623464,0.435284,-0.53852,0.361415
-0.801837,0.167967,-0.296474,0.490328,-0.79367,0.203025,-0.253598,0.513397,-0.623481,0.435319,-0.538501,0.361371
-0.801746,0.168069,-0.296569,0.490381,-0.793609,0.203199,-0.253644,0.513398,-0.62345,0.435352,-0.538506,0.361379
-0.801684,0.168218,-0.296705,0.49035,-0.793551,0.203487,-0.253735,0.513328,-0.623396,0.435364,-0.538612,0.3613
-0.801662,0.168411,-0.29679,0.490266,-0.793456,0.203924,-0.253876,0.513229,-0.623369,0.435322,-0.538674,0.361304
-0.801656,0.168567,-0.296842,0.490192,-0.793367,0.204387,-0.254067,0.513084,-0.623318,0.435328,-0.538705,0.361338
-0.80171,0.168565,-0.296823,0.490115,-0.793323,0.204741,-0.254241,0.512925,-0.623215,0.435355,-0.538827,0.361302
-0.801778,0.168479,-0.296791,0.490054,-0.793368,0.204995,-0.254183,0.51278,-0.623128,0.435384,-0.53894,0.361251
-0.801873,0.168353,-0.296723,0.489983,-0.79341,0.205059,-0.254088,0.512736,-0.623107,0.435349,-0.539021,0.361207
-0.801894,0.168304,-0.29669,0.489988,-0.793442,0.205007,-0.254061,0.512722,-0.623108,0.43531,-0.539079,0.361168
-0.801909,0.168274,-0.296752,0.489935,-0.793504,0.204979,-0.254062,0.512638,-0.623114,0.435316,-0.539101,0.361117
-0.801886,0.168328,-0.296845,0.489897,-0.793512,0.204921,-0.254107,0.512627,-0.623153,0.435289,-0.539141,0.361025
-0.801852,0.16838,-0.296979,0.489854,-0.793506,0.204858,-0.25417,0.512631,-0.623164,0.435245,-0.539161,0.36103
-0.801796,0.168457,-0.297143,0.489821,-0.793467,0.204783,-0.254251,0.512681,-0.623129,0.435212,-0.539222,0.36104
-0.801786,0.168488,-0.297225,0.489776,-0.793462,0.204591,-0.254279,0.512753,-0.623057,0.435236,-0.539313,0.360999
-0.801759,0.168579,-0.29735,0.489713,-0.793431,0.204302,-0.254303,0.512905,-0.622916,0.435304,-0.539445,0.360961
-0.801753,0.168662,-0.297395,0.489667,-0.793392,0.20403,-0.254455,0.513,-0.62278,0.435425,-0.539532,0.360918
-0.801756,0.16873,-0.297392,0.48964,-0.793371,0.203815,-0.254615,0.513041,-0.62255,0.435622,-0.539676,0.360861
-0.801801,0.168792,-0.297241,0.489636,-0.793394,0.203712,-0.254673,0.513019,-0.622354,0.435784,-0.539791,0.360831
-0.801872,0.168821,-0.297056,0.489622,-0.793434,0.203803,-0.25455,0.512981,-0.622246,0.435898,-0.53981,0.360851
-0.801876,0.168919,-0.296922,0.489662,-0.793461,0.204086,-0.254371,0.512913,-0.622232,0.435915,-0.539763,0.360922
-0.801859,0.168958,-0.296811,0.489741,-0.793438,0.204449,-0.2542,0.512885,-0.622278,0.435895,-0.539703,0.360956
-0.801854,0.169003,-0.296755,0.489769,-0.793443,0.204738,-0.253999,0.51286,-0.622348,0.435861,-0.539647,0.36096
-0.801813,0.169057,-0.296725,0.489834,-0.793426,0.205008,-0.253889,0.51283,-0.622397,0.435837,-0.539557,0.361039
-0.801789,0.169046,-0.296663,0.489913,-0.793362,0.205243,-0.253817,0.51287,-0.622437,0.435817,-0.539494,0.361088
-0.801762,0.169029,-0.296559,0.490027,-0.793287,0.205535,-0.25374,0.512904,-0.622455,0.435809,-0.539441,0.361147
-0.801733,0.169097,-0.296548,0.490056,-0.793231,0.205787,-0.253694,0.51291,-0.622446,0.435799,-0.539434,0.361183
-0.801697,0.169172,-0.296551,0.490087,-0.793147,0.205996,-0.253713,0.512945,-0.622313,0.435883,-0.53949,0.361223
-0.8017,0.169232,-0.296509,0.490086,-0.793075,0.20615,-0.253685,0.513005,-0.622154,0.435982,-0.539582,0.361239
-0.801712,0.169252,-0.296443,0.490101,-0.793013,0.206285,-0.253688,0.513046,-0.622024,0.436075,-0.539648,0.361253
-0.801712,0.169301,-0.296388,0.490117,-0.792974,0.206337,-0.253641,0.513106,-0.621911,0.436174,-0.539721,0.361217
-0.801699,0.16933,-0.296379,0.490134,-0.792948,0.206377,-0.253625,0.513138,-0.621828,0.436158,-0.53984,0.361201
-0.8017,0.169358,-0.296369,0.490126,-0.792913,0.206377,-0.253658,0.513175,-0.62179,0.43612,-0.539899,0.361223
-0.801654,0.169425,-0.296466,0.490119,-0.792885,0.20637,-0.253665,0.513218,-0.621743,0.436057,-0.539978,0.361264
-0.801601,0.169489,-0.296617,0.490094,-0.792822,0.206325,-0.253738,0.513296,-0.621709,0.436009,-0.540062,0.361253
-0.801567,0.169539,-0.29679,0.490029,-0.792804,0.206149,-0.253895,0.513318,-0.621581,0.43603,-0.540212,0.361225
-0.80154,0.169583,-0.296922,0.489977,-0.79277,0.205794,-0.25408,0.513425,-0.621447,0.436081,-0.540365,0.361164
-0.801539,0.169512,-0.29697,0.489974,-0.792742,0.205445,-0.254263,0.51352,-0.62123,0.436196,-0.540582,0.361073
-0.801543,0.169404,-0.296865,0.490069,-0.792773,0.205068,-0.254295,0.513609,-0.621024,0.436294,-0.540828,0.360943
-0.801584,0.169182,-0.29666,0.490204,-0.792803,0.204773,-0.254186,0.513737,-0.620848,0.436357,-0.541035,0.360858
-0.801624,0.168981,-0.296439,0.49034,-0.792883,0.204623,-0.253913,0.513809,-0.62079,0.436359,-0.541132,0.360811
-0.801664,0.168726,-0.296191,0.490514,-0.792927,0.20456,-0.253595,0.513921,-0.620796,0.436285,-0.541198,0.36079
-0.80171,0.168475,-0.295946,0.490673,-0.793,0.204434,-0.253241,0.514033,-0.620938,0.436087,-0.541228,0.360743
-0.801699,0.168342,-0.295856,0.49079,-0.793096,0.204302,-0.252975,0.514069,-0.62108,0.4359,-0.541201,0.360769
-0.801675,0.168292,-0.295832,0.490862,-0.793151,0.204273,-0.252889,0.514038,-0.621199,0.435747,-0.541171,0.360795
-0.801675,0.168333,-0.295927,0.49079,-0.793195,0.20426,-0.252893,0.513973,-0.621254,0.435575,-0.541191,0.360877
-0.801699,0.16841,-0.29606,0.490647,-0.793264,0.204337,-0.252982,0.513792,-0.621228,0.435485,-0.541269,0.360913
-0.801715,0.168481,-0.296175,0.490525,-0.793314,0.204569,-0.253155,0.513538,-0.621083,0.435464,-0.541453,0.360914
-0.801763,0.168501,-0.296289,0.490373,-0.793353,0.204806,-0.253351,0.513288,-0.620958,0.435525,-0.54159,0.360848
-0.801791,0.16849,-0.296399,0.490264,-0.793386,0.204936,-0.253587,0.513069,-0.62085,0.435605,-0.541756,0.360689
-0.801824,0.168447,-0.296534,0.490146,-0.793436,0.204961,-0.253803,0.512876,-0.620801,0.43562,-0.541902,0.360537
-0.801837,0.168351,-0.296661,0.490079,-0.793459,0.204887,-0.25412,0.512715,-0.620747,0.435599,-0.542029,0.360469
-0.801885,0.168191,-0.296768,0.489992,-0.793448,0.204813,-0.254386,0.512631,-0.620762,0.435518,-0.54212,0.360404
-0.801942,0.168048,-0.296877,0.489886,-0.793432,0.204672,-0.254647,0.512585,-0.620847,0.435362,-0.542191,0.360342
-0.801988,0.167953,-0.296968,0.489789,-0.793473,0.204502,-0.254882,0.512476,-0.620908,0.435174,-0.542286,0.360325
-0.802073,0.167852,-0.297074,0.489621,-0.793529,0.204267,-0.255035,0.512409,-0.620951,0.435034,-0.542329,0.360355
-0.802267,0.167656,-0.297073,0.489374,-0.793652,0.203944,-0.255072,0.512331,-0.620978,0.434912,-0.542413,0.360331
-0.802521,0.167284,-0.296936,0.489169,-0.793859,0.203446,-0.254938,0.51228,-0.620989,0.434823,-0.542509,0.360276
-0.802794,0.166732,-0.296703,0.489056,-0.794092,0.202776,-0.254629,0.512341,-0.620991,0.434726,-0.542645,0.360186
-0.803062,0.166211,-0.296435,0.48896,-0.794352,0.201954,-0.254294,0.512437,-0.621017,0.434643,-0.542712,0.360143
-0.803313,0.165808,-0.296191,0.488836,-0.794695,0.201154,-0.253893,0.512423,-0.621084,0.434594,-0.54269,0.36012
-0.803477,0.165595,-0.296077,0.488707,-0.794993,0.20057,-0.253633,0.512323,-0.621162,0.434511,-0.542665,0.360125
-0.80355,0.16556,-0.296122,0.488574,-0.795188,0.200342,-0.2535,0.512178,-0.621345,0.434324,-0.54256,0.360194
-0.803537,0.165666,-0.296309,0.488446,-0.795287,0.20048,-0.253544,0.511949,-0.621498,0.434128,-0.542479,0.360289
-0.803528,0.165912,-0.296533,0.488242,-0.795354,0.200749,-0.253638,0.511692,-0.621613,0.434005,-0.542439,0.360302
-0.803513,0.166075,-0.296751,0.488078,-0.795391,0.200997,-0.253851,0.511432,-0.621634,0.434009,-0.542432,0.360269
-0.803472,0.166291,-0.296922,0.487966,-0.795421,0.201212,-0.254059,0.511198,-0.621585,0.434064,-0.542505,0.360178
-0.803459,0.166433,-0.297037,0.487869,-0.795421,0.201411,-0.254253,0.511022,-0.621435,0.434201,-0.54263,0.360085
-0.803516,0.16656,-0.297015,0.487744,-0.795403,0.201733,-0.254386,0.510857,-0.621297,0.434296,-0.542775,0.359989
-0.803536,0.166595,-0.29697,0.487728,-0.795419,0.202062,-0.254404,0.510691,-0.621258,0.434358,-0.542841,0.359883
-0.803608,0.166488,-0.29681,0.487743,-0.795499,0.202347,-0.254316,0.510496,-0.621304,0.4343,-0.542846,0.359867
-0.803676,0.166343,-0.296677,0.487763,-0.795572,0.202433,-0.254309,0.510352,-0.621353,0.434212,-0.54284,0.3599
-0.803715,0.166305,-0.296635,0.487736,-0.795619,0.202456,-0.254342,0.510255,-0.621457,0.434103,-0.542801,0.359912
-0.803725,0.166295,-0.296713,0.487677,-0.795656,0.20238,-0.254438,0.51018,-0.621549,0.43402,-0.542731,0.359956
-0.803774,0.166254,-0.296767,0.487579,-0.795723,0.202202,-0.254605,0.510063,-0.621554,0.43398,-0.542725,0.360007
-0.803821,0.166235,-0.296821,0.487473,-0.79579,0.202021,-0.254722,0.509974,-0.621493,0.433978,-0.542757,0.360065
-0.803938,0.166143,-0.296715,0.487377,-0.79588,0.201882,-0.254751,0.509877,-0.621389,0.434001,-0.542846,0.360081
-0.804114,0.165889,-0.296468,0.487327,-0.795973,0.201715,-0.254641,0.509855,-0.621286,0.434027,-0.54297,0.36004
-0.804346,0.16546,-0.296104,0.487312,-0.796102,0.201402,-0.254188,0.510004,-0.621259,0.433991,-0.543048,0.360014
-0.804621,0.164874,-0.295614,0.487358,-0.796245,0.200797,-0.253535,0.510345,-0.621314,0.433923,-0.542997,0.360078
-0.804891,0.164231,-0.295156,0.487411,-0.796416,0.199901,-0.252821,0.510787,-0.621538,0.433728,-0.542854,0.360141
-0.805033,0.163699,-0.294786,0.48758,-0.79655,0.198842,-0.252233,0.511287,-0.621825,0.433487,-0.54266,0.360233
-0.805063,0.163437,-0.29464,0.487709,-0.796646,0.198022,-0.251797,0.511673,-0.622071,0.433201,-0.542466,0.360443
-0.804982,0.163554,-0.294695,0.48777,-0.796661,0.197547,-0.251613,0.511925,-0.62228,0.43296,-0.54226,0.360679
-0.804869,0.163855,-0.294962,0.487692,-0.796595,0.197647,-0.25168,0.511954,-0.622421,0.432809,-0.542106,0.360848
-0.804737,0.164294,-0.295352,0.487524,-0.796496,0.198062,-0.251874,0.511852,-0.622416,0.432715,-0.542119,0.360948
-0.804602,0.164716,-0.295622,0.487439,-0.796364,0.198689,-0.252147,0.511676,-0.622357,0.432805,-0.542169,0.360869
-0.804556,0.164898,-0.295693,0.48741,-0.796296,0.199207,-0.252303,0.511501,-0.622156,0.432965,-0.54233,0.360781
-0.804521,0.165001,-0.29568,0.48744,-0.796284,0.199618,-0.252324,0.511346,-0.621925,0.433234,-0.542488,0.360618
-0.804474,0.165095,-0.295641,0.487507,-0.796271,0.199903,-0.252309,0.51126,-0.621764,0.433405,-0.54263,0.360476
-0.804429,0.165137,-0.295629,0.487574,-0.796256,0.200144,-0.252247,0.511219,-0.621764,0.433399,-0.542694,0.360389
-0.80434,0.165188,-0.295729,0.487643,-0.796231,0.200351,-0.252307,0.511147,-0.621798,0.433322,-0.542699,0.360416
-0.804282,0.16518,-0.295815,0.487688,-0.79616,0.200559,-0.252535,0.511063,-0.621903,0.433139,-0.542659,0.360514
-0.804194,0.165237,-0.295963,0.487725,-0.79608,0.200709,-0.2529,0.510948,-0.621945,0.433067,-0.542619,0.360589
-0.804225,0.165178,-0.295972,0.487688,-0.796063,0.20073,-0.253278,0.51078,-0.621881,0.433067,-0.542654,0.360645
-0.804278,0.165095,-0.295961,0.487635,-0.796083,0.200665,-0.253612,0.51061,-0.621774,0.433101,-0.542749,0.360643
-0.804345,0.164984,-0.295947,0.487573,-0.79611,0.200518,-0.253859,0.510507,-0.621637,0.43318,-0.542866,0.360609
-0.804484,0.164844,-0.295855,0.487448,-0.796204,0.200287,-0.253959,0.510404,-0.621539,0.433223,-0.543017,0.3605
-0.804575,0.164685,-0.295785,0.487395,-0.79629,0.20007,-0.253947,0.510363,-0.621521,0.433185,-0.543108,0.360442
-0.80465,0.16455,-0.295748,0.48734,-0.79634,0.199918,-0.253966,0.510336,-0.621611,0.433029,-0.543103,0.360482
-0.804701,0.164459,-0.295844,0.487231,-0.796345,0.199874,-0.25399,0.510332,-0.621778,0.432889,-0.543016,0.360494
-0.804786,0.164377,-0.295936,0.487063,-0.796342,0.199695,-0.253954,0.510427,-0.622006,0.432691,-0.542904,0.360508
-0.804823,0.164246,-0.296009,0.487004,-0.79626,0.199404,-0.253971,0.510661,-0.62214,0.432566,-0.542838,0.360531
-0.804845,0.164103,-0.295949,0.487053,-0.79615,0.199025,-0.253926,0.511004,-0.622177,0.43252,-0.542823,0.360543
-0.804865,0.164053,-0.295891,0.487071,-0.796109,0.198725,-0.253745,0.511273,-0.622115,0.43263,-0.54283,0.360508
-0.804772,0.164247,-0.295936,0.487131,-0.796076,0.198682,-0.253547,0.511439,-0.622048,0.432729,-0.542874,0.360436
-0.804712,0.164515,-0.296046,0.487071,-0.796034,0.199058,-0.253448,0.511403,-0.622014,0.432754,-0.542946,0.36036
-0.804675,0.164813,-0.296186,0.486947,-0.795979,0.199688,-0.253405,0.511261,-0.621969,0.432786,-0.542979,0.360349
-0.804682,0.164998,-0.296178,0.486875,-0.795947,0.200329,-0.253356,0.511081,-0.621961,0.432812,-0.542954,0.360369
-0.804711,0.164994,-0.296116,0.486866,-0.795993,0.200762,-0.253327,0.510853,-0.621992,0.432795,-0.542899,0.360417
-0.804742,0.16494,-0.296022,0.486891,-0.796065,0.200978,-0.253316,0.510659,-0.622081,0.432751,-0.542851,0.36039
-0.804778,0.164843,-0.295943,0.486911,-0.796191,0.200951,-0.253328,0.51047,-0.622129,0.432693,-0.542836,0.3604
-0.804834,0.164929,-0.295877,0.486831,-0.796344,0.200894,-0.253389,0.510226,-0.622186,0.432637,-0.542798,0.360427
-0.804814,0.165094,-0.295974,0.486748,-0.796447,0.200988,-0.253545,0.50995,-0.622243,0.432631,-0.542705,0.360474
-0.804815,0.165358,-0.296073,0.486595,-0.796455,0.201342,-0.253762,0.50969,-0.622284,0.432619,-0.542653,0.360495
-0.804818,0.16559,-0.296142,0.486468,-0.796439,0.201828,-0.253977,0.509414,-0.622245,0.432657,-0.542633,0.360548
-0.804883,0.165701,-0.296025,0.486395,-0.796462,0.202216,-0.253996,0.509213,-0.622192,0.432776,-0.542598,0.360548
-0.804943,0.165706,-0.295897,0.486371,-0.796503,0.202445,-0.253926,0.509093,-0.622099,0.432925,-0.542622,0.360494
-0.804945,0.165775,-0.29583,0.486383,-0.796519,0.202563,-0.253876,0.509043,-0.622037,0.433066,-0.542627,0.360423
-0.804906,0.165938,-0.295888,0.486358,-0.796468,0.202627,-0.253914,0.509078,-0.622008,0.43323,-0.542546,0.360397
-0.80481,0.166221,-0.296108,0.486284,-0.796353,0.202802,-0.254089,0.509101,-0.621997,0.433371,-0.542425,0.360427
-0.804652,0.166611,-0.296471,0.48619,-0.796168,0.203124,-0.254378,0.509114,-0.621975,0.43344,-0.542348,0.360496
-0.804533,0.167013,-0.296882,0.485995,-0.795985,0.20351,-0.254694,0.509087,-0.621879,0.433535,-0.542349,0.360542
-0.804443,0.167409,-0.297232,0.485796,-0.795746,0.203951,-0.255092,0.509082,-0.621658,0.433721,-0.542428,0.360578
-0.804467,0.167647,-0.297423,0.485555,-0.795532,0.204353,-0.255371,0.509112,-0.621325,0.43403,-0.54262,0.360488
-0.804545,0.167643,-0.29741,0.485434,-0.795389,0.204416,-0.255511,0.509239,-0.620978,0.43436,-0.542883,0.36029
-0.804658,0.167488,-0.297142,0.485465,-0.795392,0.204135,-0.255379,0.509414,-0.620623,0.434694,-0.543149,0.360099
-0.804759,0.167277,-0.29673,0.485624,-0.795481,0.203767,-0.254985,0.509621,-0.620322,0.43497,-0.543376,0.359943
-0.804803,0.167282,-0.296376,0.485764,-0.795587,0.203513,-0.254566,0.509766,-0.620164,0.435181,-0.543468,0.35982
-0.804713,0.167481,-0.296217,0.485939,-0.795624,0.203666,-0.254319,0.509769,-0.620177,0.435259,-0.543405,0.359798
-0.804579,0.167854,-0.296209,0.486034,-0.795552,0.204152,-0.254203,0.509741,-0.620319,0.435176,-0.543203,0.359958
-0.804434,0.16816,-0.296267,0.486131,-0.795429,0.204766,-0.254213,0.509678,-0.620445,0.435105,-0.542969,0.360177
-0.804289,0.168489,-0.296291,0.48624,-0.79529,0.205324,-0.254274,0.509635,-0.620521,0.435091,-0.542754,0.360384
-0.804124,0.168703,-0.296321,0.486417,-0.795179,0.205705,-0.254321,0.50963,-0.620514,0.435134,-0.542606,0.360563
-0.804053,0.168854,-0.296281,0.486505,-0.795108,0.205896,-0.254415,0.509613,-0.620475,0.435243,-0.542549,0.360583
-0.803983,0.16903,-0.296299,0.486548,-0.795076,0.206016,-0.254441,0.509601,-0.620332,0.435367,-0.542581,0.36063
-0.804001,0.169109,-0.296227,0.486533,-0.795053,0.206124,-0.254416,0.509606,-0.620119,0.435569,-0.542642,0.360658
-0.804054,0.169178,-0.296126,0.486483,-0.795019,0.206322,-0.25437,0.509601,-0.619938,0.435681,-0.54274,0.360684
-0.804133,0.169152,-0.295923,0.486485,-0.795076,0.206431,-0.254159,0.509571,-0.619823,0.435725,-0.542802,0.360733
-0.804134711948736,0.169127042929577,-0.295876873354196,0.486497474397968,-0.795103823384615,0.20643930394052,-0.254076503603195,0.509562191671233,-0.619792747521562,0.435730267294118,-0.542820329411765,0.360746632253572
-0.804135865942328,0.169100893295775,-0.295842672523471,0.486522768697714,-0.795122630153846,0.206445041933085,-0.254026449270256,0.509555450630137,-0.619769930961758,0.435733980705882,-0.542834370588235,0.36075348966394
-0.804136563961552,0.169077422197183,-0.295819435015647,0.486551925798476,-0.795138025230769,0.20644862795539,-0.253988043135719,0.509550713753425,-0.619754140641172,0.435736360470588,-0.542844247058824,0.360758230947524
-0.804136907987184,0.169060500732394,-0.295806198338549,0.486575988599492,-0.795155613538462,0.20645047598513,-0.253940491334121,0.509547917917808,-0.619744966880391,0.435737626823529,-0.542850082352941,0.360765514820738
-0.804137,0.169054,-0.295802,0.486586,-0.795181,0.206451,-0.253863,0.509547,-0.619742,0.435738,-0.542852,0.36078
-0.804043,0.169166,-0.296046,0.486554,-0.795226,0.20637,-0.253688,0.509596,-0.619742,0.43572,-0.542823,0.360844
-0.803941,0.16923,-0.296317,0.486536,-0.794673,0.206508,-0.254393,0.510048,-0.620013,0.43538,-0.542618,0.361097
-0.803933,0.169141,-0.296459,0.486495,-0.794508,0.206492,-0.254572,0.510223,-0.619974,0.435354,-0.542709,0.361059
-0.803943,0.168917,-0.296531,0.486513,-0.794401,0.206184,-0.254646,0.510477,-0.619859,0.435435,-0.542826,0.360983
-0.80403,0.168663,-0.296418,0.486526,-0.794432,0.205608,-0.254536,0.510719,-0.619653,0.435577,-0.543014,0.360885
-0.804117,0.168399,-0.296253,0.486577,-0.794496,0.205109,-0.254294,0.510943,-0.619471,0.435731,-0.543153,0.3608
-0.804175,0.168262,-0.296125,0.486607,-0.794628,0.204797,-0.254032,0.510992,-0.619369,0.435802,-0.543256,0.360734
-0.804181,0.1683,-0.296107,0.486596,-0.79472,0.204799,-0.2539,0.510917,-0.619373,0.435721,-0.543307,0.360745
-0.804152,0.168435,-0.296251,0.486509,-0.794803,0.20499,-0.253814,0.510751,-0.619523,0.435586,-0.54322,0.360788
-0.804086,0.168465,-0.296341,0.486553,-0.794849,0.20525,-0.253932,0.510518,-0.619675,0.435402,-0.543113,0.360908
-0.804011,0.168604,-0.296517,0.48652,-0.794924,0.205481,-0.254047,0.510251,-0.619815,0.435289,-0.543004,0.360968
-0.803933,0.168709,-0.296733,0.486479,-0.794957,0.20571,-0.25426,0.510001,-0.619895,0.435201,-0.542961,0.361002
-0.803897,0.1688,-0.296884,0.486416,-0.794979,0.205852,-0.254512,0.509785,-0.61999,0.435115,-0.542909,0.36102
-0.803845,0.168912,-0.297072,0.486347,-0.794987,0.206052,-0.254783,0.509556,-0.620038,0.435091,-0.542893,0.360993
-0.80381,0.169067,-0.297247,0.486244,-0.795005,0.206308,-0.255021,0.509306,-0.619998,0.435081,-0.542964,0.360969
-0.803821,0.169234,-0.297381,0.486087,-0.794993,0.206648,-0.255288,0.509052,-0.619877,0.435078,-0.54311,0.360959
-0.803885,0.169259,-0.297413,0.485952,-0.79504,0.206863,-0.25547,0.5088,-0.619823,0.435075,-0.543219,0.360893
-0.803947,0.169186,-0.297306,0.485941,-0.795115,0.206968,-0.255564,0.508595,-0.619758,0.435112,-0.543311,0.360821
-0.804024,0.169064,-0.297171,0.485939,-0.795192,0.206999,-0.255469,0.508508,-0.619699,0.435135,-0.543408,0.360749
-0.804031,0.168961,-0.297148,0.485977,-0.795241,0.20689,-0.255418,0.508503,-0.619716,0.435057,-0.543431,0.360778
-0.80404,0.168955,-0.297236,0.485912,-0.795206,0.206819,-0.255396,0.508599,-0.619788,0.434998,-0.543394,0.360782
-0.804034,0.168913,-0.297359,0.485861,-0.795093,0.206824,-0.255482,0.508727,-0.619873,0.434892,-0.543346,0.360838
-0.804025,0.168919,-0.297507,0.485785,-0.795014,0.206834,-0.255551,0.50881,-0.619948,0.434793,-0.543286,0.360918
-0.804036,0.168923,-0.297637,0.485686,-0.794954,0.206693,-0.255639,0.508919,-0.619988,0.434663,-0.543279,0.361017
-0.804084,0.168903,-0.297695,0.485578,-0.7949,0.206536,-0.25575,0.509013,-0.619918,0.434664,-0.543342,0.361041
-0.804157,0.168716,-0.297716,0.485511,-0.794924,0.206172,-0.255744,0.509127,-0.619863,0.43465,-0.543417,0.36104
-0.804244,0.168565,-0.297574,0.485506,-0.795012,0.205619,-0.255634,0.509273,-0.619744,0.434704,-0.543507,0.361042
-0.80431,0.168393,-0.297404,0.485563,-0.795133,0.205157,-0.255463,0.509358,-0.619602,0.434778,-0.543632,0.361005
-0.804339,0.168426,-0.297275,0.485583,-0.795252,0.204948,-0.255173,0.509403,-0.619533,0.43484,-0.543674,0.360987
-0.804284,0.168544,-0.297255,0.485642,-0.795287,0.205019,-0.254969,0.509421,-0.61951,0.434824,-0.543677,0.361042
-0.804172,0.168711,-0.297317,0.485731,-0.795221,0.205366,-0.254877,0.509426,-0.619589,0.434696,-0.543676,0.361062
-0.80404,0.168941,-0.297344,0.485852,-0.795161,0.20575,-0.254879,0.509364,-0.619677,0.434658,-0.543546,0.361151
-0.803932,0.169092,-0.29733,0.485984,-0.795088,0.20604,-0.254827,0.509383,-0.619744,0.434677,-0.543443,0.361169
-0.803813,0.169216,-0.297366,0.486114,-0.795019,0.206233,-0.254872,0.509388,-0.619728,0.434729,-0.543417,0.361172
-0.803706,0.169361,-0.297418,0.486208,-0.794956,0.206494,-0.254974,0.509329,-0.619679,0.43475,-0.54347,0.36115
-0.803627,0.169524,-0.297517,0.48622,-0.794905,0.206763,-0.255114,0.509228,-0.619544,0.434808,-0.543542,0.361202
-0.803566,0.169751,-0.297546,0.486223,-0.794816,0.207117,-0.255284,0.509136,-0.619441,0.434872,-0.543578,0.361247
-0.803551,0.169955,-0.297582,0.486153,-0.794767,0.207435,-0.255438,0.509004,-0.619292,0.434956,-0.543643,0.3613
-0.803572,0.169995,-0.297522,0.48614,-0.794733,0.207689,-0.255446,0.508948,-0.619167,0.435034,-0.543699,0.361337
-0.803613,0.169922,-0.297414,0.486165,-0.794752,0.207755,-0.255373,0.508927,-0.61904,0.435119,-0.543774,0.361335
-0.803638,0.169864,-0.297368,0.486173,-0.794807,0.207575,-0.25523,0.508987,-0.619005,0.435151,-0.543773,0.36136
-0.803573,0.169939,-0.297507,0.486167,-0.794802,0.20745,-0.255273,0.509025,-0.619036,0.435141,-0.543724,0.36139
-0.803491,0.170106,-0.297729,0.486111,-0.79473,0.207436,-0.255406,0.509077,-0.619116,0.435057,-0.543672,0.361432
-0.80339,0.170266,-0.298023,0.486039,-0.794626,0.207463,-0.255654,0.509103,-0.619161,0.434974,-0.543657,0.361477
-0.803296,0.170478,-0.298336,0.485928,-0.794478,0.207447,-0.255977,0.509179,-0.619136,0.434957,-0.543645,0.361558
-0.803257,0.17053,-0.298519,0.485863,-0.79435,0.207246,-0.256208,0.509344,-0.619087,0.434992,-0.543667,0.361567
-0.803219,0.17053,-0.298605,0.485872,-0.794214,0.206938,-0.256385,0.509593,-0.618931,0.435069,-0.543833,0.361492
-0.803229,0.170511,-0.298476,0.485941,-0.794157,0.206557,-0.256457,0.509804,-0.618689,0.435264,-0.543981,0.361446
-0.803283,0.170466,-0.298322,0.485963,-0.794211,0.206256,-0.256241,0.509951,-0.618469,0.435452,-0.544114,0.361394
-0.803321,0.170502,-0.298182,0.485972,-0.794273,0.206202,-0.255992,0.51,-0.618378,0.435541,-0.544175,0.361351
-0.803335,0.170612,-0.298153,0.485929,-0.794299,0.206429,-0.255718,0.510004,-0.618436,0.435467,-0.54414,0.361395
-0.80333,0.170692,-0.298152,0.485908,-0.794301,0.20675,-0.255584,0.509937,-0.618523,0.435373,-0.544079,0.361451
-0.803284,0.170783,-0.298215,0.485913,-0.794319,0.207007,-0.255572,0.509807,-0.618587,0.435323,-0.54398,0.36155
-0.803227,0.170903,-0.298273,0.485929,-0.794351,0.207086,-0.255731,0.509648,-0.618647,0.43531,-0.543868,0.36163
-0.803136,0.171088,-0.298361,0.485958,-0.794315,0.207221,-0.256019,0.509503,-0.618676,0.435326,-0.5438,0.361664
-0.803043,0.171289,-0.298546,0.485926,-0.794265,0.207455,-0.256311,0.509339,-0.618629,0.435404,-0.543782,0.361676
-0.802992,0.171528,-0.298708,0.485827,-0.794209,0.207721,-0.256608,0.509169,-0.618579,0.435459,-0.543769,0.361713
-0.802919,0.171756,-0.29884,0.485785,-0.794159,0.20796,-0.256869,0.509018,-0.61846,0.435566,-0.543813,0.361718
-0.802931,0.171851,-0.298822,0.485741,-0.794205,0.208057,-0.256985,0.508847,-0.618361,0.435674,-0.543891,0.361642
-0.802963,0.171852,-0.298742,0.485737,-0.794219,0.208077,-0.257063,0.508778,-0.618251,0.435782,-0.543956,0.361603
-0.80299,0.171813,-0.298729,0.485713,-0.794254,0.207937,-0.257111,0.508758,-0.618251,0.435815,-0.543946,0.361576
-0.802957,0.171803,-0.298869,0.485687,-0.79424,0.207821,-0.257243,0.508761,-0.618284,0.435828,-0.543921,0.361544
-0.802924,0.171906,-0.299051,0.485593,-0.79418,0.207816,-0.257423,0.508767,-0.618345,0.435718,-0.54391,0.361588
-0.802905,0.172018,-0.299289,0.485439,-0.79412,0.207789,-0.257674,0.508745,-0.618396,0.435589,-0.543928,0.361628
-0.802931,0.172131,-0.299512,0.485218,-0.794078,0.207726,-0.25791,0.508717,-0.618429,0.435505,-0.543967,0.361618
-0.802931,0.172222,-0.299741,0.485046,-0.794042,0.207704,-0.258156,0.508658,-0.618345,0.435524,-0.54407,0.361582
-0.802953,0.172332,-0.29987,0.48489,-0.794038,0.207671,-0.258346,0.508582,-0.618269,0.435564,-0.544182,0.361499
-0.803001,0.172366,-0.299905,0.484777,-0.794066,0.207644,-0.258418,0.508515,-0.61812,0.435721,-0.54428,0.361414
-0.803012,0.172484,-0.299899,0.48472,-0.794108,0.20778,-0.25844,0.508382,-0.618011,0.435787,-0.544424,0.361305
-0.803017,0.172607,-0.299885,0.484677,-0.794105,0.208136,-0.25842,0.508249,-0.61795,0.435868,-0.544489,0.361215
-0.803041,0.172673,-0.299885,0.484614,-0.794148,0.208404,-0.25841,0.508078,-0.618013,0.4358,-0.544499,0.361175
-0.80302,0.172752,-0.299932,0.48459,-0.794185,0.208595,-0.25843,0.50793,-0.61807,0.435794,-0.544475,0.361122
-0.80303,0.172798,-0.299972,0.484533,-0.794207,0.208755,-0.258502,0.507793,-0.618097,0.435803,-0.544404,0.36117
-0.803019,0.172755,-0.300058,0.484513,-0.794242,0.208792,-0.258633,0.507658,-0.618197,0.435765,-0.544351,0.361125
-0.802998,0.172765,-0.300191,0.484463,-0.79425,0.208786,-0.258794,0.507566,-0.618281,0.435693,-0.544346,0.361079
-0.803002,0.172747,-0.300309,0.48439,-0.794276,0.208668,-0.258973,0.507484,-0.618301,0.435658,-0.544326,0.361119
-0.803003,0.172718,-0.300451,0.48431,-0.794303,0.208532,-0.259154,0.507407,-0.618309,0.435656,-0.544357,0.36106
-0.803017,0.172728,-0.300584,0.484203,-0.794295,0.208463,-0.259412,0.507319,-0.618291,0.435646,-0.544417,0.361014
-0.803045,0.172754,-0.30071,0.484069,-0.794332,0.20841,-0.259608,0.507182,-0.618228,0.43565,-0.544519,0.360963
-0.803099,0.172803,-0.300769,0.483924,-0.794336,0.208428,-0.259816,0.507064,-0.618141,0.43564,-0.54464,0.360941
-0.803207,0.172827,-0.300786,0.483727,-0.79441,0.20837,-0.259969,0.506896,-0.618111,0.43563,-0.544727,0.360876
-0.80327,0.172799,-0.300822,0.483611,-0.794425,0.208369,-0.260094,0.50681,-0.61803,0.435666,-0.54483,0.360815
-0.803343,0.172767,-0.300886,0.483463,-0.79444,0.20838,-0.260138,0.506759,-0.618078,0.43563,-0.544851,0.360745
-0.803424,0.172689,-0.300987,0.483295,-0.794426,0.208337,-0.260182,0.506775,-0.618124,0.435598,-0.54486,0.360694
-0.803534,0.172595,-0.301037,0.483116,-0.794434,0.208305,-0.260122,0.506808,-0.618205,0.435559,-0.544807,0.360684
-0.803614,0.172449,-0.30112,0.482984,-0.794444,0.20809,-0.260081,0.506902,-0.618298,0.435473,-0.544783,0.360665
-0.803658,0.172284,-0.301122,0.48297,-0.794436,0.20779,-0.260076,0.507041,-0.61837,0.435362,-0.544809,0.360638
-0.80369,0.172193,-0.301142,0.482938,-0.794515,0.207479,-0.260023,0.507073,-0.618417,0.435273,-0.544827,0.360638
-0.8037,0.172282,-0.301213,0.482845,-0.794579,0.207249,-0.260115,0.507022,-0.618369,0.435332,-0.544865,0.360591
-0.803706,0.172369,-0.30127,0.482768,-0.794626,0.207292,-0.260197,0.506889,-0.618312,0.435399,-0.544911,0.360538
-0.803745,0.172522,-0.301328,0.482612,-0.794693,0.207559,-0.26019,0.506679,-0.618238,0.435424,-0.544993,0.360511
-0.803853,0.172514,-0.301198,0.482516,-0.79475,0.207821,-0.260111,0.506522,-0.618207,0.435421,-0.544993,0.360565
-0.803957,0.172459,-0.301043,0.48246,-0.794876,0.207944,-0.259956,0.506353,-0.618227,0.435399,-0.544992,0.360561
-0.803999,0.172335,-0.300951,0.482492,-0.795022,0.20791,-0.259823,0.506208,-0.618239,0.435436,-0.544961,0.360542
-0.803991,0.172265,-0.300915,0.482553,-0.795111,0.207929,-0.259761,0.506092,-0.61825,0.435434,-0.544957,0.360535
-0.803959,0.172265,-0.30096,0.482578,-0.795166,0.207968,-0.259789,0.505976,-0.618307,0.435392,-0.544877,0.360605
-0.803875,0.172446,-0.30106,0.48259,-0.795137,0.208142,-0.259917,0.505883,-0.618389,0.435315,-0.544785,0.360698
-0.803749,0.172651,-0.30127,0.482594,-0.795079,0.208395,-0.260091,0.505779,-0.618421,0.435267,-0.544729,0.360784
-0.80363,0.172842,-0.301468,0.482601,-0.795022,0.208764,-0.260314,0.505602,-0.618414,0.43527,-0.54469,0.36085
-0.803566,0.172969,-0.301557,0.482605,-0.794945,0.209008,-0.260535,0.505507,-0.618336,0.435349,-0.544725,0.360834
-0.803553,0.173065,-0.301544,0.482599,-0.794887,0.209188,-0.260748,0.505412,-0.618183,0.435466,-0.544807,0.360831
-0.803544,0.173171,-0.301596,0.482544,-0.794818,0.209397,-0.26095,0.505329,-0.618005,0.435617,-0.544889,0.360827
-0.803526,0.173315,-0.301646,0.482489,-0.794783,0.209525,-0.261059,0.505274,-0.617873,0.435689,-0.544972,0.360841
-0.803478,0.173434,-0.301738,0.48247,-0.794711,0.2097,-0.261112,0.505287,-0.617742,0.435756,-0.545051,0.360864
-0.803485,0.173527,-0.301797,0.482388,-0.794623,0.209897,-0.261182,0.505307,-0.617641,0.435826,-0.545111,0.36086
-0.803488,0.173579,-0.301812,0.482354,-0.794531,0.210088,-0.261213,0.505353,-0.617614,0.43585,-0.545123,0.360858
-0.803478,0.173511,-0.301784,0.482413,-0.794475,0.210145,-0.261164,0.505442,-0.617579,0.435849,-0.545135,0.360901
-0.803474,0.173403,-0.301718,0.482498,-0.794416,0.210011,-0.261037,0.505657,-0.617518,0.4359,-0.545106,0.360985
-0.803438,0.173339,-0.301685,0.482603,-0.794319,0.209696,-0.260937,0.50599,-0.61745,0.436013,-0.545056,0.361039
-0.803387,0.173313,-0.301575,0.482764,-0.794268,0.209372,-0.260861,0.506243,-0.617366,0.436099,-0.545023,0.361125
-0.803324,0.173483,-0.301468,0.482875,-0.794206,0.209136,-0.260817,0.506462,-0.617252,0.436194,-0.545039,0.361178
-0.8032,0.173808,-0.301468,0.48296,-0.794148,0.209216,-0.260838,0.506506,-0.617132,0.436299,-0.545014,0.361293
-0.803111,0.174218,-0.301534,0.482919,-0.794111,0.209641,-0.260849,0.506382,-0.617008,0.436398,-0.545014,0.361381
-0.803042,0.174505,-0.3015,0.482949,-0.794056,0.210187,-0.260853,0.506237,-0.616901,0.436497,-0.545028,0.361421
-0.803044,0.174543,-0.301274,0.483071,-0.794027,0.210631,-0.260746,0.506151,-0.616774,0.436649,-0.54506,0.361406
-0.803071,0.174499,-0.301035,0.48319,-0.794067,0.210781,-0.260468,0.506166,-0.616621,0.436802,-0.54511,0.361404
-0.803099,0.174431,-0.30081,0.483308,-0.794129,0.210823,-0.260125,0.506227,-0.616566,0.43689,-0.545098,0.361409
-0.80311,0.174291,-0.300617,0.483459,-0.79414,0.21079,-0.259808,0.506384,-0.616581,0.436889,-0.545029,0.361487
-0.803101,0.174243,-0.300475,0.483581,-0.794148,0.210753,-0.259515,0.506537,-0.616687,0.43685,-0.544882,0.361575
-0.80302,0.174367,-0.300436,0.483692,-0.794113,0.210771,-0.25943,0.506625,-0.616775,0.436722,-0.544767,0.361751
-0.802951,0.174573,-0.300488,0.483698,-0.794025,0.211005,-0.259532,0.506613,-0.616818,0.436673,-0.54461,0.36197
-0.802855,0.17483,-0.300541,0.483732,-0.793942,0.211277,-0.259676,0.506555,-0.616784,0.43674,-0.544551,0.362034
-0.802825,0.175029,-0.300619,0.48366,-0.793835,0.211611,-0.259857,0.506489,-0.616648,0.436893,-0.544586,0.362026
-0.802807,0.175163,-0.300667,0.48361,-0.793753,0.211988,-0.259909,0.506429,-0.616485,0.437034,-0.544665,0.362015
-0.802808,0.175217,-0.300621,0.483617,-0.793718,0.212241,-0.259872,0.506397,-0.616291,0.437231,-0.544782,0.361928
-0.80281,0.175209,-0.300599,0.483632,-0.793637,0.212442,-0.25978,0.506482,-0.616104,0.437383,-0.54492,0.361856
-0.802829,0.175171,-0.300565,0.483636,-0.793554,0.212568,-0.259741,0.50658,-0.616028,0.437435,-0.544996,0.361807
-0.802815,0.175137,-0.300592,0.483654,-0.793533,0.212603,-0.259636,0.50665,-0.615997,0.437413,-0.545009,0.361867
-0.802797,0.175021,-0.300563,0.483744,-0.793548,0.21249,-0.259515,0.506735,-0.616097,0.437336,-0.544907,0.361944
-0.802802,0.174922,-0.300546,0.483781,-0.79353,0.21221,-0.259516,0.506882,-0.616163,0.437244,-0.544807,0.362091
-0.802827,0.174815,-0.300552,0.483777,-0.793529,0.211839,-0.25941,0.507094,-0.616247,0.43714,-0.544732,0.362186
-0.802824,0.174777,-0.300538,0.483805,-0.793536,0.211382,-0.259396,0.507284,-0.616243,0.437087,-0.544698,0.362306
-0.802792,0.174803,-0.30058,0.483821,-0.793524,0.210975,-0.259498,0.507421,-0.616183,0.437124,-0.544709,0.362346
-0.80276,0.174937,-0.30063,0.483792,-0.79356,0.210829,-0.259563,0.507394,-0.616099,0.437167,-0.544739,0.36239
-0.802717,0.175103,-0.300682,0.483772,-0.793593,0.21096,-0.259589,0.507274,-0.616014,0.437214,-0.54481,0.36237
-0.802669,0.17518,-0.300721,0.483798,-0.793567,0.211232,-0.259594,0.507197,-0.61592,0.437269,-0.544898,0.362332
-0.802639,0.175223,-0.300702,0.483844,-0.793528,0.211505,-0.259637,0.507122,-0.615845,0.437366,-0.544929,0.362294
-0.802622,0.175227,-0.300678,0.483884,-0.793522,0.211694,-0.259588,0.507077,-0.615813,0.437406,-0.54496,0.362256
-0.802603,0.175186,-0.300599,0.48398,-0.793543,0.211746,-0.259432,0.507101,-0.615855,0.437379,-0.545004,0.362153
-0.80256,0.175148,-0.300574,0.484081,-0.793509,0.21175,-0.259369,0.507184,-0.615907,0.437326,-0.544979,0.362163
-0.802461,0.175254,-0.300704,0.484126,-0.793463,0.211871,-0.259422,0.507177,-0.615932,0.43724,-0.544938,0.362287
-0.802358,0.1754,-0.300854,0.484148,-0.793384,0.212054,-0.259529,0.50717,-0.616016,0.437143,-0.544874,0.362355
-0.802311,0.175516,-0.300961,0.484117,-0.793262,0.212402,-0.259707,0.507119,-0.616076,0.437103,-0.544846,0.362346
-0.802249,0.175549,-0.301047,0.484155,-0.793191,0.212692,-0.259866,0.507028,-0.616037,0.437079,-0.544895,0.36237
-0.802288,0.175599,-0.301019,0.484089,-0.793185,0.212902,-0.260006,0.506877,-0.615919,0.437165,-0.544982,0.362335
-0.802309,0.175479,-0.301046,0.484082,-0.793211,0.213035,-0.260029,0.506768,-0.61579,0.437238,-0.545103,0.362283
-0.802356,0.17536,-0.301027,0.484061,-0.793238,0.21308,-0.260031,0.506705,-0.615723,0.437211,-0.545273,0.362175
-0.80242,0.175184,-0.301017,0.484025,-0.793288,0.213067,-0.260018,0.506641,-0.61572,0.437161,-0.54533,0.362155
-0.802469,0.175072,-0.301024,0.483981,-0.793376,0.213017,-0.260052,0.506508,-0.615728,0.437093,-0.545385,0.362141
-0.802517,0.174965,-0.30106,0.483919,-0.793486,0.21292,-0.260071,0.506368,-0.615745,0.437034,-0.545435,0.36211
-0.802547,0.174881,-0.301168,0.483833,-0.793562,0.2128,-0.2601,0.506286,-0.615847,0.43687,-0.545417,0.362162
-0.802592,0.174769,-0.301266,0.483738,-0.793595,0.212615,-0.260157,0.506285,-0.615958,0.436716,-0.545383,0.362212
-0.802635,0.174653,-0.301348,0.483661,-0.793656,0.212211,-0.260171,0.506353,-0.616003,0.436636,-0.545395,0.362214
-0.80269,0.174508,-0.301387,0.483598,-0.793732,0.211665,-0.260244,0.50643,-0.616035,0.436629,-0.545396,0.362166
-0.802744,0.174297,-0.301386,0.483588,-0.793764,0.211106,-0.260258,0.506608,-0.61605,0.436628,-0.545401,0.362136
-0.802754,0.174201,-0.301351,0.483627,-0.793781,0.210638,-0.260268,0.506772,-0.61601,0.436669,-0.545433,0.362105
-0.802769,0.174187,-0.301367,0.483598,-0.793804,0.21034,-0.260242,0.506875,-0.615966,0.436716,-0.545457,0.362087
-0.802745,0.174253,-0.301457,0.483556,-0.793844,0.210323,-0.260165,0.506859,-0.615954,0.436715,-0.545518,0.362018
-0.802722,0.174379,-0.30153,0.483504,-0.793795,0.210586,-0.260208,0.506803,-0.615972,0.43661,-0.545593,0.362004
-0.802692,0.174546,-0.301653,0.483416,-0.793752,0.210942,-0.260265,0.506692,-0.615989,0.436562,-0.545622,0.361988
-0.802666,0.174684,-0.301787,0.483326,-0.793749,0.211212,-0.260324,0.506553,-0.615954,0.436585,-0.545672,0.361945
-0.802609,0.174883,-0.301915,0.483269,-0.793743,0.211352,-0.260511,0.506408,-0.615874,0.436633,-0.545758,0.361893
-0.80256,0.175011,-0.302015,0.483239,-0.793717,0.211521,-0.260695,0.506283,-0.615834,0.436683,-0.545802,0.361834
-0.80251,0.175156,-0.302103,0.483215,-0.793713,0.211715,-0.260797,0.506154,-0.615752,0.436718,-0.545875,0.361824
-0.802511,0.17528,-0.302065,0.483192,-0.793732,0.211888,-0.260882,0.50601,-0.615711,0.436741,-0.545879,0.361858
-0.802551,0.175263,-0.301922,0.48322,-0.793732,0.212085,-0.260977,0.505878,-0.615602,0.436785,-0.545923,0.361924
-0.802619,0.175218,-0.30171,0.483255,-0.793719,0.212314,-0.260896,0.505842,-0.615593,0.436782,-0.545885,0.361995
-0.802668,0.175161,-0.30154,0.483302,-0.793733,0.212488,-0.260755,0.505818,-0.615606,0.436759,-0.54583,0.362084
-0.802694,0.175172,-0.301412,0.483333,-0.793734,0.212564,-0.260583,0.505872,-0.615674,0.436741,-0.545734,0.362135
-0.802695,0.175092,-0.301294,0.483434,-0.793769,0.212477,-0.26046,0.505917,-0.615758,0.436662,-0.545643,0.362223
-0.802652,0.175003,-0.301281,0.483544,-0.793801,0.212313,-0.260376,0.505981,-0.615818,0.436591,-0.545584,0.362296
-0.802537,0.175119,-0.301421,0.483606,-0.793769,0.212147,-0.260475,0.506051,-0.615859,0.436563,-0.54551,0.36237
-0.802453,0.175291,-0.30156,0.483596,-0.793697,0.211996,-0.260703,0.50611,-0.615853,0.436586,-0.54547,0.362413
-0.802348,0.17558,-0.301822,0.4835,-0.793589,0.211991,-0.261037,0.506109,-0.615735,0.436659,-0.545506,0.362468
-0.8023,0.175757,-0.301969,0.483425,-0.793431,0.211967,-0.261416,0.506171,-0.61553,0.436817,-0.545593,0.362491
-0.802331,0.175788,-0.301972,0.483359,-0.793361,0.211709,-0.26164,0.506274,-0.615246,0.437027,-0.545732,0.362511
-0.802377,0.175757,-0.301769,0.48342,-0.793368,0.211153,-0.261633,0.506502,-0.614913,0.437307,-0.545896,0.362487
-0.802464,0.175609,-0.301457,0.483526,-0.793363,0.210614,-0.261459,0.506828,-0.614623,0.437605,-0.546027,0.362418
-0.802471,0.175626,-0.301105,0.483725,-0.793395,0.210384,-0.261095,0.507059,-0.614471,0.437787,-0.546103,0.362345
-0.802375,0.175853,-0.300912,0.483919,-0.793427,0.210466,-0.260616,0.50722,-0.614423,0.437852,-0.546072,0.362389
-0.802219,0.176287,-0.300908,0.484019,-0.793335,0.211023,-0.260345,0.507265,-0.614434,0.437824,-0.545983,0.362537
-0.802029,0.176819,-0.301026,0.484062,-0.793168,0.21185,-0.260311,0.507194,-0.61453,0.437737,-0.545806,0.362743
-0.801854,0.177242,-0.30125,0.484055,-0.792996,0.212587,-0.26033,0.507139,-0.614618,0.43764,-0.545668,0.362917
-0.801776,0.177459,-0.301295,0.484076,-0.792857,0.213132,-0.260411,0.507081,-0.614598,0.437669,-0.545519,0.363135
-0.801732,0.177513,-0.301214,0.484179,-0.792816,0.213356,-0.260441,0.507036,-0.614495,0.437796,-0.545464,0.363239
-0.801687,0.177524,-0.301144,0.484292,-0.792792,0.213497,-0.260434,0.507015,-0.614324,0.437948,-0.54549,0.3633
-0.801667,0.17762,-0.301067,0.484337,-0.792774,0.213616,-0.260496,0.506962,-0.614172,0.438076,-0.545593,0.363247
-0.801648,0.177744,-0.301043,0.484335,-0.792804,0.213762,-0.260503,0.506849,-0.614076,0.438183,-0.545662,0.363176
-0.801593,0.17789,-0.301022,0.484387,-0.792824,0.213964,-0.260536,0.506716,-0.614005,0.43829,-0.545702,0.363108
-0.801595,0.177808,-0.300934,0.484467,-0.792851,0.214083,-0.260496,0.506642,-0.613969,0.438321,-0.545687,0.363151
-0.80161,0.177708,-0.300851,0.484532,-0.792836,0.214102,-0.2605,0.506657,-0.614004,0.438343,-0.545647,0.363128
-0.801608,0.177528,-0.30085,0.484602,-0.792848,0.213907,-0.260483,0.50673,-0.614037,0.438301,-0.545604,0.363188
-0.801598,0.177426,-0.300897,0.484625,-0.792849,0.213655,-0.260466,0.506844,-0.614165,0.43822,-0.545561,0.363133
-0.801598,0.177428,-0.301074,0.484516,-0.792852,0.213495,-0.26054,0.50687,-0.614219,0.438189,-0.545523,0.363138
-0.801645,0.177514,-0.301278,0.484282,-0.792833,0.213498,-0.260698,0.506819,-0.614253,0.438142,-0.545525,0.363136
-0.801743,0.17757,-0.30149,0.483967,-0.792845,0.21355,-0.260834,0.506707,-0.614242,0.438139,-0.545508,0.36318
-0.801878,0.177495,-0.301625,0.483691,-0.792889,0.213541,-0.260915,0.506603,-0.614174,0.438162,-0.545592,0.363144
-0.802039,0.177314,-0.301712,0.483437,-0.792933,0.213344,-0.260998,0.506576,-0.614066,0.438228,-0.545705,0.363077
-0.802227,0.177035,-0.301646,0.483273,-0.793034,0.212938,-0.261053,0.506561,-0.61398,0.438308,-0.545852,0.362905
-0.80243,0.176645,-0.301533,0.48315,-0.793199,0.212363,-0.260987,0.506584,-0.613868,0.438371,-0.546014,0.362775
-0.802586,0.176387,-0.301391,0.483076,-0.793386,0.211906,-0.260887,0.506538,-0.613835,0.438398,-0.546121,0.362641
-0.80261,0.176369,-0.30139,0.483044,-0.793548,0.211752,-0.260848,0.50637,-0.613905,0.438299,-0.546155,0.362593
-0.80257,0.176503,-0.301505,0.48299,-0.793586,0.211966,-0.26087,0.50621,-0.614085,0.438138,-0.546118,0.362541
-0.802493,0.176625,-0.301722,0.482938,-0.793537,0.212324,-0.260995,0.50607,-0.614256,0.437985,-0.546018,0.362589
-0.802444,0.176719,-0.30193,0.482854,-0.793484,0.212626,-0.261137,0.505951,-0.614484,0.437846,-0.545859,0.36261
-0.802429,0.176736,-0.302029,0.482812,-0.793516,0.212618,-0.261171,0.505889,-0.61454,0.437818,-0.545828,0.362599
-0.802452,0.176655,-0.30207,0.482778,-0.79353,0.212474,-0.261275,0.505873,-0.614533,0.437836,-0.545847,0.362557
-0.802473,0.176624,-0.302145,0.482709,-0.793568,0.212277,-0.261357,0.505857,-0.614452,0.43787,-0.545988,0.362443
-0.802518,0.176551,-0.302215,0.482619,-0.793613,0.212137,-0.261498,0.505774,-0.61441,0.437873,-0.546112,0.362328
-0.802572,0.176441,-0.302289,0.482522,-0.793705,0.212059,-0.261543,0.505642,-0.614344,0.437885,-0.546216,0.362267
-0.802686,0.176382,-0.302249,0.482381,-0.793817,0.212056,-0.261608,0.505434,-0.614305,0.437848,-0.546335,0.362201
-0.802832,0.176191,-0.302211,0.482234,-0.793845,0.212176,-0.261687,0.505298,-0.614287,0.437777,-0.546411,0.362201
-0.80301,0.175922,-0.302093,0.482111,-0.793907,0.212238,-0.261656,0.505191,-0.614304,0.437691,-0.546448,0.362223
-0.803138,0.175689,-0.302037,0.482019,-0.794031,0.212061,-0.261649,0.505077,-0.614361,0.437596,-0.546434,0.362263
-0.803207,0.175604,-0.302094,0.481901,-0.794154,0.211881,-0.261619,0.504977,-0.614443,0.437495,-0.546388,0.362315
-0.803247,0.175622,-0.302231,0.481742,-0.79422,0.211833,-0.261637,0.504887,-0.614504,0.437415,-0.546333,0.362391
-0.8033,0.175719,-0.302382,0.481524,-0.794187,0.211909,-0.261735,0.504854,-0.61456,0.437339,-0.546261,0.362493
-0.8033,0.175811,-0.302544,0.48139,-0.794092,0.212133,-0.261901,0.504822,-0.614625,0.437343,-0.546151,0.362545
-0.803313,0.175907,-0.302668,0.481256,-0.794029,0.212341,-0.261967,0.504798,-0.614664,0.437304,-0.546103,0.362598
-0.803356,0.175909,-0.302755,0.481129,-0.793944,0.212392,-0.261973,0.504905,-0.614587,0.437349,-0.54615,0.362603
-0.803398,0.175908,-0.302727,0.481076,-0.793851,0.212235,-0.261913,0.505148,-0.6145,0.437479,-0.546179,0.36255
-0.803479,0.175783,-0.302523,0.481116,-0.793836,0.211903,-0.261757,0.505392,-0.614331,0.437672,-0.546241,0.362508
-0.803521,0.175676,-0.302287,0.481233,-0.793855,0.211576,-0.261513,0.505627,-0.614139,0.43786,-0.546352,0.362437
-0.803514,0.175764,-0.302067,0.481348,-0.793922,0.211435,-0.261194,0.505746,-0.613965,0.437987,-0.546433,0.362456
-0.803427,0.176069,-0.302063,0.481383,-0.793968,0.211622,-0.260921,0.505734,-0.613879,0.438068,-0.546493,0.362414
-0.803359,0.17639,-0.302007,0.481412,-0.793941,0.212211,-0.260784,0.505596,-0.613873,0.4381,-0.546435,0.36247
-0.803265,0.17667,-0.301999,0.481469,-0.793921,0.212824,-0.260656,0.505432,-0.613928,0.438109,-0.546373,0.362458
-0.803139,0.176975,-0.301996,0.481566,-0.793882,0.213379,-0.26059,0.505291,-0.613926,0.438177,-0.546281,0.362516
-0.803,0.177207,-0.302094,0.481651,-0.793839,0.213774,-0.26064,0.505163,-0.613881,0.438271,-0.546229,0.362556
-0.802958,0.177286,-0.30207,0.481706,-0.793832,0.213953,-0.260691,0.505071,-0.613818,0.438368,-0.5462,0.36259
-0.802897,0.177332,-0.302061,0.481794,-0.793834,0.214021,-0.260759,0.505004,-0.613718,0.438484,-0.546186,0.362636
-0.802897,0.177428,-0.302025,0.48178,-0.793838,0.21408,-0.260804,0.504949,-0.613543,0.438646,-0.54621,0.362696
-0.802923,0.177588,-0.30199,0.481698,-0.793824,0.214308,-0.260831,0.50486,-0.613393,0.438771,-0.546275,0.3627
-0.802973,0.177706,-0.301949,0.481598,-0.793825,0.214535,-0.26078,0.504786,-0.613249,0.438895,-0.54635,0.362679
-0.803029,0.177793,-0.301765,0.481587,-0.793885,0.214699,-0.260635,0.504698,-0.61313,0.438988,-0.546427,0.362649
-0.803114,0.17776,-0.301532,0.481606,-0.793963,0.214836,-0.260417,0.504628,-0.61301,0.439037,-0.54648,0.362711
-0.803187,0.177657,-0.30131,0.481659,-0.794006,0.214937,-0.26009,0.504683,-0.612975,0.439125,-0.546452,0.362708
-0.803209,0.177576,-0.301197,0.481722,-0.794009,0.214909,-0.259856,0.504811,-0.613027,0.439143,-0.546337,0.362769
-0.803192,0.177516,-0.301178,0.481784,-0.793962,0.214914,-0.259682,0.504972,-0.613159,0.439088,-0.546175,0.362856
-0.803211,0.177437,-0.301141,0.481806,-0.793885,0.214939,-0.259564,0.50514,-0.613292,0.438954,-0.546054,0.362979
-0.803218,0.177311,-0.301166,0.481825,-0.793791,0.214939,-0.259485,0.505327,-0.613409,0.438899,-0.545904,0.363071
-0.803236,0.17718,-0.30123,0.481805,-0.793774,0.214779,-0.259422,0.505455,-0.613485,0.438832,-0.545861,0.363088
-0.803274,0.177029,-0.301328,0.481737,-0.793746,0.214531,-0.25948,0.505575,-0.613483,0.438818,-0.545907,0.36304
-0.803395,0.176836,-0.301367,0.481585,-0.793718,0.214232,-0.259527,0.505724,-0.613407,0.438796,-0.546005,0.363047
-0.803507,0.176521,-0.301321,0.481545,-0.793735,0.213862,-0.259554,0.505841,-0.613319,0.438789,-0.546182,0.362938
-0.803599,0.176283,-0.30121,0.481548,-0.7938,0.213445,-0.259541,0.505925,-0.613249,0.438765,-0.546349,0.362837
-0.803643,0.176188,-0.301175,0.481534,-0.793951,0.213145,-0.259514,0.505832,-0.613196,0.438719,-0.546513,0.362737
-0.803608,0.176146,-0.301271,0.481547,-0.794071,0.213108,-0.259551,0.50564,-0.613206,0.438603,-0.546623,0.362695
-0.803585,0.176222,-0.301403,0.481475,-0.79411,0.213386,-0.259595,0.505439,-0.613322,0.438421,-0.546628,0.362714
-0.803503,0.176304,-0.301567,0.481478,-0.794146,0.213673,-0.259723,0.505196,-0.613409,0.438286,-0.546647,0.362701
-0.803373,0.176394,-0.301765,0.481538,-0.794144,0.213916,-0.259919,0.504995,-0.61353,0.438167,-0.546622,0.362681
-0.803287,0.176313,-0.301922,0.481613,-0.794108,0.214076,-0.260154,0.504863,-0.613646,0.438031,-0.546584,0.362708
-0.803221,0.176268,-0.30209,0.481634,-0.794072,0.214136,-0.260385,0.504776,-0.613718,0.437947,-0.546585,0.362688
-0.80315,0.176182,-0.302239,0.481692,-0.794039,0.214129,-0.260547,0.504746,-0.61369,0.437908,-0.546653,0.36268
-0.803108,0.176143,-0.302383,0.481684,-0.793994,0.214226,-0.260718,0.504688,-0.613686,0.437812,-0.546786,0.362603
-0.803084,0.176205,-0.302611,0.48156,-0.793941,0.214375,-0.260953,0.504587,-0.613637,0.437756,-0.546926,0.362544
-0.803096,0.176197,-0.302791,0.481431,-0.793883,0.214575,-0.261178,0.504475,-0.613515,0.437727,-0.547094,0.362534
-0.80313,0.176151,-0.302826,0.481369,-0.793863,0.214673,-0.261381,0.50436,-0.613355,0.437719,-0.547322,0.362469
-0.803196,0.175961,-0.302828,0.481329,-0.7939,0.214669,-0.261464,0.504262,-0.613243,0.437691,-0.54753,0.36238
-0.803289,0.175726,-0.302761,0.481303,-0.793947,0.214564,-0.261415,0.504259,-0.613209,0.437622,-0.547645,0.362348
-0.803367,0.175468,-0.302686,0.481317,-0.79392,0.214481,-0.261316,0.504388,-0.613279,0.437496,-0.547674,0.362337
-0.803407,0.175196,-0.302582,0.481416,-0.79392,0.214394,-0.261197,0.504487,-0.613442,0.437292,-0.54766,0.362333
-0.803408,0.17501,-0.302591,0.481475,-0.793857,0.214336,-0.261125,0.504646,-0.613677,0.437073,-0.547562,0.36235
-0.803395,0.174865,-0.302641,0.48152,-0.793806,0.214249,-0.261022,0.504815,-0.613903,0.43682,-0.547444,0.362452
-0.803415,0.174819,-0.302661,0.481492,-0.793742,0.21411,-0.260988,0.504992,-0.61409,0.43664,-0.547297,0.362573
-0.803431,0.174697,-0.302636,0.481526,-0.7937,0.213791,-0.260881,0.505249,-0.614186,0.436538,-0.547202,0.362677
-0.803455,0.174631,-0.302619,0.48152,-0.793689,0.213398,-0.260828,0.505464,-0.614178,0.436545,-0.547212,0.362668
-0.803474,0.174623,-0.302573,0.481522,-0.793666,0.213116,-0.260706,0.505679,-0.614076,0.43657,-0.547313,0.362655
-0.803472,0.174762,-0.302546,0.481489,-0.793672,0.213024,-0.260624,0.505752,-0.613939,0.43669,-0.547391,0.362625
-0.803428,0.175017,-0.302636,0.481413,-0.793679,0.213191,-0.26058,0.505692,-0.613845,0.436794,-0.547428,0.362603
-0.80341,0.175227,-0.302631,0.481368,-0.793687,0.213564,-0.260539,0.505543,-0.613781,0.436813,-0.547465,0.36263
-0.803422,0.17533,-0.302561,0.481355,-0.79371,0.213866,-0.260405,0.505445,-0.61374,0.436835,-0.547484,0.362646
-0.803479,0.175325,-0.302351,0.481391,-0.793796,0.213987,-0.260161,0.505383,-0.613708,0.436915,-0.547453,0.36265
-0.80353,0.175228,-0.302146,0.481471,-0.793863,0.213914,-0.259996,0.505394,-0.613772,0.43692,-0.547395,0.362622
-0.80355,0.175266,-0.302027,0.481498,-0.793932,0.213771,-0.259876,0.50541,-0.613856,0.436875,-0.547323,0.362642
-0.803515,0.175397,-0.302003,0.481523,-0.793976,0.213726,-0.25981,0.505394,-0.613944,0.436818,-0.547199,0.362749
-0.803427,0.175621,-0.302091,0.481531,-0.793951,0.213853,-0.259844,0.505359,-0.614017,0.436788,-0.547058,0.362871
-0.803355,0.175885,-0.302193,0.48149,-0.793893,0.214124,-0.259971,0.505271,-0.614018,0.436825,-0.546981,0.362943
-0.803275,0.176216,-0.302319,0.481421,-0.793863,0.214418,-0.260047,0.505153,-0.613958,0.436894,-0.546952,0.363001
-0.803224,0.176493,-0.302411,0.481345,-0.793804,0.214728,-0.260196,0.505037,-0.613816,0.437048,-0.546996,0.362988
-0.803194,0.176689,-0.302464,0.48129,-0.793732,0.215049,-0.260224,0.504996,-0.613599,0.437306,-0.547085,0.362909
-0.803175,0.176774,-0.302421,0.481316,-0.793649,0.215295,-0.260255,0.505003,-0.61341,0.43753,-0.547175,0.362821
-0.803194,0.176701,-0.302254,0.481416,-0.79355,0.215528,-0.260244,0.505062,-0.613313,0.437589,-0.547229,0.362832
-0.803246,0.176537,-0.302068,0.481509,-0.793535,0.215544,-0.260221,0.505092,-0.613231,0.437645,-0.547217,0.362921
-0.803282,0.176391,-0.301907,0.481601,-0.793548,0.215462,-0.260147,0.505144,-0.613215,0.437607,-0.547189,0.363033
-0.803312,0.176313,-0.301787,0.481656,-0.793523,0.215489,-0.260056,0.505218,-0.613275,0.437553,-0.547076,0.363166
-0.803382,0.176177,-0.301646,0.481677,-0.793513,0.215373,-0.259965,0.50533,-0.613326,0.437505,-0.546969,0.363297
-0.803456,0.176017,-0.301471,0.481722,-0.793576,0.215059,-0.259679,0.505512,-0.613388,0.437458,-0.546853,0.363422
-0.803501,0.175869,-0.301278,0.481821,-0.793617,0.214647,-0.259341,0.505796,-0.613406,0.437467,-0.546749,0.363537
-0.803502,0.175772,-0.301121,0.481954,-0.793613,0.214255,-0.259081,0.506104,-0.613418,0.437501,-0.546659,0.363607
-0.803468,0.1758,-0.30106,0.482037,-0.79365,0.213979,-0.258873,0.50627,-0.613372,0.437575,-0.54665,0.36361
-0.80338,0.175933,-0.301116,0.4821,-0.793686,0.213871,-0.258727,0.506332,-0.61334,0.437591,-0.546625,0.363681
-0.80331,0.176138,-0.301195,0.482093,-0.793602,0.214056,-0.258684,0.506406,-0.613353,0.437552,-0.546598,0.363744
-0.803235,0.176227,-0.30125,0.482147,-0.793515,0.214333,-0.2587,0.506414,-0.613351,0.437503,-0.546596,0.363811
-0.803199,0.176244,-0.301244,0.482204,-0.793459,0.2145,-0.258721,0.506419,-0.61335,0.437422,-0.546625,0.363863
-0.803196,0.176195,-0.301212,0.482248,-0.793444,0.21461,-0.258763,0.506375,-0.613297,0.437371,-0.546671,0.363943
-0.80321,0.176197,-0.301233,0.482212,-0.793483,0.214624,-0.258793,0.506293,-0.613264,0.43738,-0.54667,0.363992
-0.803235,0.176272,-0.301289,0.482107,-0.793537,0.214713,-0.258846,0.506145,-0.61323,0.437383,-0.546673,0.364038
-0.803229,0.176441,-0.301386,0.481994,-0.793541,0.214936,-0.258945,0.505991,-0.613204,0.43735,-0.546707,0.364072
-0.803264,0.176596,-0.301421,0.481857,-0.793568,0.215173,-0.259047,0.505797,-0.613223,0.437296,-0.546686,0.364134
-0.803291,0.176664,-0.301482,0.481751,-0.793624,0.21533,-0.259136,0.505596,-0.613199,0.437316,-0.546672,0.364171
-0.803293,0.176577,-0.301501,0.481766,-0.793663,0.215395,-0.259181,0.505483,-0.61321,0.437345,-0.546644,0.364161
-0.803288,0.176482,-0.301479,0.481824,-0.793637,0.215436,-0.259242,0.505478,-0.613258,0.437305,-0.546641,0.364131
-0.803273,0.176396,-0.301488,0.481877,-0.793604,0.215464,-0.259363,0.505455,-0.613317,0.437246,-0.546619,0.364138
-0.803277,0.176225,-0.301463,0.481948,-0.793604,0.21541,-0.259497,0.505409,-0.613371,0.437132,-0.546623,0.364179
-0.803273,0.176059,-0.30145,0.482024,-0.793586,0.21528,-0.259586,0.505448,-0.613463,0.436993,-0.546594,0.364234
-0.803317,0.175983,-0.301428,0.481994,-0.793593,0.215144,-0.259673,0.505452,-0.613552,0.436901,-0.546565,0.364237
-0.803345,0.175952,-0.301455,0.481941,-0.793573,0.214943,-0.25975,0.50553,-0.613535,0.43688,-0.546553,0.364311
-0.803413,0.175927,-0.301449,0.481842,-0.793589,0.214739,-0.259689,0.505624,-0.613511,0.436888,-0.546529,0.364375
-0.803424,0.175925,-0.301442,0.481828,-0.793639,0.214407,-0.259623,0.505723,-0.613496,0.436932,-0.546505,0.364381
-0.803452,0.175848,-0.30134,0.481874,-0.793686,0.214017,-0.259463,0.505896,-0.613449,0.436973,-0.546536,0.364367
-0.80345,0.175767,-0.301279,0.481945,-0.793746,0.213647,-0.259346,0.50602,-0.613366,0.437044,-0.546571,0.364366
-0.803419,0.175772,-0.301206,0.48204,-0.793804,0.213334,-0.259212,0.506132,-0.613302,0.437113,-0.546617,0.364323
-0.803328,0.175924,-0.301296,0.482079,-0.793798,0.213273,-0.259145,0.506202,-0.613263,0.437168,-0.546634,0.364298
-0.803239,0.176109,-0.301365,0.482114,-0.793772,0.213465,-0.25907,0.506199,-0.613262,0.437157,-0.546641,0.364301
-0.803196,0.176244,-0.301397,0.482116,-0.793718,0.213753,-0.25901,0.50619,-0.613279,0.437138,-0.546601,0.364353
-0.803126,0.176387,-0.301463,0.482137,-0.793638,0.214033,-0.259042,0.50618,-0.613296,0.43718,-0.54658,0.364308
-0.803074,0.176457,-0.301554,0.482142,-0.793578,0.214201,-0.25912,0.506162,-0.613261,0.437186,-0.546635,0.364278
-0.803049,0.176523,-0.301617,0.482118,-0.793553,0.214272,-0.259224,0.506116,-0.613179,0.437243,-0.546659,0.364309
-0.803056,0.176614,-0.301636,0.482063,-0.793532,0.214343,-0.259302,0.506078,-0.613082,0.437279,-0.546716,0.364344
-0.803061,0.17675,-0.301663,0.481985,-0.793506,0.214456,-0.259446,0.505997,-0.613003,0.437321,-0.546762,0.364357
-0.803042,0.176949,-0.301744,0.481894,-0.793482,0.214608,-0.259568,0.50591,-0.612903,0.437373,-0.546839,0.364345
-0.803037,0.177102,-0.301728,0.481857,-0.793465,0.214802,-0.259626,0.505822,-0.612826,0.437386,-0.546891,0.364381
-0.803056,0.177084,-0.301614,0.481902,-0.793464,0.215037,-0.259601,0.505737,-0.6128,0.437366,-0.546901,0.364434
-0.803119,0.17684,-0.301328,0.482065,-0.793458,0.215176,-0.259471,0.505751,-0.612838,0.437344,-0.546855,0.364463
-0.803181,0.176506,-0.301034,0.482269,-0.793543,0.215074,-0.259278,0.505761,-0.612923,0.437285,-0.546751,0.364548
-0.803185,0.176274,-0.30088,0.482443,-0.793605,0.214828,-0.25917,0.505824,-0.613059,0.437184,-0.546633,0.364616
-0.803095,0.176187,-0.300942,0.482586,-0.793613,0.214614,-0.259126,0.505925,-0.613213,0.437014,-0.546504,0.364755
-0.80302,0.17624,-0.301093,0.482596,-0.793533,0.214483,-0.259217,0.506062,-0.613368,0.436907,-0.54631,0.364912
-0.802931,0.176378,-0.301294,0.48257,-0.793449,0.214405,-0.259357,0.506155,-0.613394,0.436838,-0.546235,0.365059
-0.802858,0.176491,-0.301488,0.482527,-0.793336,0.214391,-0.259593,0.506216,-0.613292,0.436814,-0.546341,0.365102
-0.802788,0.176635,-0.301691,0.482465,-0.793259,0.214282,-0.25978,0.506288,-0.613077,0.436909,-0.546491,0.365125
-0.802783,0.176676,-0.301775,0.482406,-0.793202,0.214166,-0.259933,0.506348,-0.612826,0.437146,-0.546666,0.364999
-0.80281,0.176659,-0.301757,0.482378,-0.793193,0.213983,-0.26002,0.506396,-0.612565,0.437298,-0.546907,0.364893
-0.802823,0.176639,-0.301704,0.482397,-0.793236,0.213835,-0.259976,0.506416,-0.612366,0.437443,-0.547109,0.364749
-0.802832,0.176684,-0.301677,0.482382,-0.793256,0.21382,-0.259946,0.506406,-0.61222,0.437485,-0.547242,0.364741
-0.802833,0.176725,-0.301622,0.4824,-0.793278,0.213962,-0.259782,0.506394,-0.6122,0.437442,-0.54729,0.364757
-0.802856,0.176754,-0.301505,0.482424,-0.793283,0.214108,-0.259583,0.506424,-0.612273,0.437348,-0.547232,0.364834
-0.802803,0.176864,-0.301524,0.482459,-0.793249,0.214309,-0.259537,0.506414,-0.612391,0.43725,-0.547162,0.36486
-0.802712,0.176976,-0.301612,0.482513,-0.793202,0.214417,-0.259511,0.506454,-0.612486,0.437184,-0.547042,0.364958
-0.802653,0.177041,-0.301659,0.482559,-0.793158,0.214452,-0.25955,0.506489,-0.61257,0.437186,-0.546921,0.364996
-0.802575,0.177176,-0.301764,0.482571,-0.793078,0.214544,-0.25971,0.506492,-0.612558,0.437195,-0.546917,0.365012
-0.802481,0.177393,-0.301973,0.482516,-0.793,0.214692,-0.259852,0.506479,-0.612493,0.437229,-0.546972,0.364994
-0.802387,0.177602,-0.302167,0.482472,-0.792889,0.214917,-0.260033,0.506463,-0.612382,0.437299,-0.54706,0.364966
-0.802344,0.177709,-0.302329,0.482403,-0.792851,0.215054,-0.2602,0.506378,-0.612217,0.437466,-0.547151,0.364907
-0.802373,0.17776,-0.302326,0.482339,-0.792836,0.215192,-0.260351,0.506263,-0.612029,0.437613,-0.54731,0.364806
-0.802439,0.177685,-0.302218,0.482325,-0.79287,0.215257,-0.260318,0.506199,-0.611921,0.437711,-0.547433,0.364684
-0.802528,0.177539,-0.302096,0.482308,-0.792954,0.215253,-0.26029,0.506086,-0.611844,0.437752,-0.547476,0.364698
-0.802629,0.177392,-0.301975,0.482269,-0.793043,0.215097,-0.260244,0.506039,-0.611862,0.437726,-0.547459,0.364727
-0.80268,0.177324,-0.301949,0.482226,-0.79311,0.21489,-0.260291,0.505999,-0.611933,0.437614,-0.547391,0.364844
-0.802665,0.177369,-0.30201,0.482197,-0.793132,0.214732,-0.260389,0.505981,-0.612084,0.43748,-0.547263,0.364943
-0.802627,0.177476,-0.302114,0.482156,-0.793135,0.214654,-0.260426,0.505992,-0.612194,0.437448,-0.54709,0.365054
-0.802604,0.177619,-0.302186,0.482097,-0.793114,0.214584,-0.260478,0.506027,-0.612227,0.437455,-0.547022,0.365092
-0.802588,0.177714,-0.302245,0.48205,-0.793095,0.214497,-0.260501,0.506084,-0.61223,0.437477,-0.547021,0.365063
-0.802595,0.17771,-0.302272,0.482024,-0.793049,0.214384,-0.260437,0.506235,-0.612168,0.437573,-0.547039,0.365023
-0.802621,0.177651,-0.302242,0.48202,-0.793012,0.214229,-0.260332,0.506415,-0.612082,0.437699,-0.547071,0.36497
-0.802658,0.177564,-0.302142,0.482053,-0.793026,0.214057,-0.260212,0.506526,-0.611974,0.437782,-0.547147,0.364936
-0.802705,0.177495,-0.302,0.48209,-0.793095,0.213883,-0.260064,0.506569,-0.611954,0.437846,-0.547153,0.364885
-0.802704,0.177574,-0.302033,0.482041,-0.793144,0.213903,-0.259986,0.506525,-0.611921,0.43787,-0.547178,0.364873
-0.80268,0.177729,-0.302037,0.482022,-0.793104,0.214155,-0.260009,0.506466,-0.611945,0.437846,-0.547165,0.364884
-0.802695,0.177912,-0.302031,0.48193,-0.793144,0.214402,-0.259975,0.506316,-0.611926,0.437861,-0.547141,0.364931
-0.802669,0.178107,-0.302019,0.481908,-0.793192,0.214641,-0.259959,0.506147,-0.61191,0.437873,-0.547128,0.36496
-0.80268,0.178215,-0.30193,0.481906,-0.793216,0.21498,-0.259903,0.505993,-0.611927,0.437893,-0.547079,0.364982
-0.80269,0.178345,-0.301818,0.481911,-0.793282,0.215284,-0.259711,0.505857,-0.611889,0.437932,-0.547039,0.365056
-0.802696,0.178323,-0.301678,0.481995,-0.793305,0.215635,-0.259458,0.505799,-0.611974,0.43793,-0.546905,0.365118
-0.8027,0.178277,-0.301574,0.482069,-0.793309,0.215876,-0.25925,0.505793,-0.612099,0.437881,-0.546753,0.365192
-0.802676,0.178144,-0.301464,0.482228,-0.793335,0.215998,-0.259139,0.505757,-0.612219,0.437805,-0.546671,0.365208
-0.802626,0.178039,-0.301414,0.482382,-0.793368,0.215915,-0.259117,0.505753,-0.612257,0.437774,-0.546625,0.365249
-0.802545,0.177983,-0.301484,0.482493,-0.793333,0.215778,-0.25931,0.505767,-0.612267,0.437781,-0.546599,0.365265
-0.802498,0.178041,-0.301562,0.482501,-0.79332,0.215628,-0.259542,0.505734,-0.612212,0.437827,-0.546632,0.365251
-0.802461,0.178124,-0.301684,0.482456,-0.79331,0.215485,-0.25982,0.505671,-0.612135,0.437909,-0.546701,0.365178
-0.802498,0.178231,-0.301728,0.482327,-0.793346,0.215382,-0.259983,0.505577,-0.611933,0.437993,-0.54683,0.365221
-0.802558,0.178271,-0.301759,0.482193,-0.793375,0.2153,-0.2601,0.505507,-0.611779,0.438068,-0.546948,0.365212
-0.802657,0.178264,-0.301692,0.482073,-0.793444,0.215226,-0.260121,0.50542,-0.611669,0.438131,-0.547046,0.365172
-0.802755,0.178213,-0.301613,0.481979,-0.793493,0.215146,-0.260039,0.505421,-0.611648,0.438162,-0.5471,0.365091
-0.802859,0.178128,-0.301527,0.481892,-0.793547,0.214967,-0.259885,0.505491,-0.611686,0.438171,-0.547028,0.365125
-0.802941,0.177997,-0.301442,0.481858,-0.793526,0.21478,-0.259709,0.505694,-0.611749,0.438155,-0.54695,0.365155
-0.802984,0.177798,-0.301282,0.48196,-0.793497,0.214496,-0.259453,0.505993,-0.61184,0.438067,-0.546846,0.365262
-0.802993,0.177665,-0.301157,0.482073,-0.793531,0.214192,-0.259123,0.506236,-0.611927,0.437985,-0.546765,0.365337
-0.802907,0.177736,-0.301185,0.482171,-0.793551,0.214086,-0.258858,0.506384,-0.61195,0.437967,-0.546717,0.36539
-0.802836,0.17794,-0.301217,0.482195,-0.793453,0.214389,-0.258784,0.506445,-0.611994,0.437923,-0.546697,0.3654
-0.802761,0.178226,-0.3013,0.48216,-0.793369,0.214909,-0.258729,0.506382,-0.611993,0.437944,-0.546684,0.365397
-0.802663,0.178557,-0.301417,0.482124,-0.793309,0.215434,-0.258742,0.506241,-0.611912,0.437999,-0.546735,0.365387
-0.802629,0.178769,-0.301435,0.482089,-0.79325,0.216019,-0.258849,0.506027,-0.611818,0.438015,-0.546805,0.365422
-0.802667,0.178758,-0.301327,0.482097,-0.793267,0.216376,-0.258867,0.505838,-0.611692,0.438123,-0.546845,0.365441
-0.802734,0.178629,-0.301123,0.482161,-0.793337,0.216499,-0.2588,0.505709,-0.611626,0.438193,-0.546845,0.365465
-0.802816,0.178545,-0.300914,0.482188,-0.79346,0.216542,-0.258656,0.505572,-0.61168,0.438147,-0.546804,0.365492
-0.802829,0.178539,-0.30088,0.482189,-0.793541,0.21653,-0.258538,0.505512,-0.611729,0.438093,-0.546715,0.365606
-0.802824,0.178541,-0.300926,0.482169,-0.793602,0.216493,-0.258447,0.505478,-0.611886,0.437982,-0.546588,0.365668
-0.802822,0.178467,-0.301035,0.48213,-0.793623,0.216382,-0.258514,0.505459,-0.611988,0.437884,-0.546514,0.365724
-0.802781,0.178421,-0.301149,0.482147,-0.793606,0.216219,-0.258723,0.50545,-0.612084,0.437811,-0.546435,0.365768
-0.802746,0.178371,-0.301238,0.482167,-0.793567,0.21603,-0.259031,0.505438,-0.612043,0.437836,-0.546429,0.365815
-0.802699,0.178473,-0.301403,0.482104,-0.79349,0.215852,-0.259341,0.505476,-0.611953,0.437928,-0.546483,0.365776
-0.802672,0.178589,-0.301569,0.482003,-0.793457,0.215706,-0.259604,0.505456,-0.611858,0.43798,-0.546603,0.365692
-0.80266,0.178739,-0.301765,0.481846,-0.79339,0.215647,-0.259919,0.505427,-0.611725,0.438032,-0.546795,0.365568
-0.802716,0.178801,-0.301864,0.481666,-0.793307,0.215608,-0.260127,0.505468,-0.611559,0.438124,-0.54694,0.365518
-0.802777,0.178741,-0.301866,0.481587,-0.793248,0.215583,-0.260195,0.505534,-0.611444,0.43821,-0.547074,0.365409
-0.802839,0.178559,-0.301761,0.481618,-0.793231,0.215459,-0.260125,0.50565,-0.611393,0.43829,-0.547141,0.365296
-0.802875,0.178412,-0.301637,0.481689,-0.793212,0.215332,-0.259863,0.505867,-0.611395,0.438331,-0.547143,0.365242
-0.802881,0.178248,-0.301553,0.481795,-0.793219,0.215285,-0.259518,0.506053,-0.611436,0.438329,-0.547101,0.36524
-0.802866,0.178262,-0.301556,0.481812,-0.793249,0.215302,-0.259272,0.506123,-0.611514,0.438288,-0.547008,0.365295
-0.802791,0.17842,-0.301669,0.481806,-0.793229,0.215564,-0.259144,0.506107,-0.6116,0.4382,-0.546911,0.365405
-0.802697,0.178698,-0.301805,0.481775,-0.793158,0.215969,-0.259213,0.506008,-0.611634,0.438148,-0.546864,0.365479
-0.802618,0.178954,-0.301957,0.481714,-0.793107,0.216458,-0.259374,0.505795,-0.61161,0.438186,-0.546831,0.365521
-0.802625,0.179106,-0.302014,0.481609,-0.793053,0.216911,-0.259611,0.505561,-0.611546,0.438262,-0.546843,0.365517
-0.802658,0.179063,-0.301973,0.481597,-0.793126,0.217157,-0.259657,0.505318,-0.611493,0.438288,-0.546885,0.365512
-0.802762,0.178839,-0.301764,0.481638,-0.793243,0.217189,-0.259563,0.50517,-0.611442,0.43828,-0.546977,0.365471
-0.802846,0.178653,-0.301495,0.481737,-0.793378,0.217025,-0.259385,0.50512,-0.611397,0.438263,-0.546997,0.365535
-0.802916,0.178467,-0.301244,0.481847,-0.793543,0.216726,-0.259147,0.505115,-0.6114,0.438257,-0.546972,0.365574
-0.802956,0.178344,-0.30116,0.481878,-0.793643,0.21651,-0.259017,0.505119,-0.61151,0.438167,-0.546872,0.365648
-0.802952,0.178333,-0.301175,0.481881,-0.793674,0.216292,-0.258976,0.505186,-0.611642,0.438048,-0.546739,0.365768
-0.802902,0.178457,-0.301282,0.481849,-0.793663,0.216172,-0.259086,0.505197,-0.611721,0.437975,-0.546615,0.365907
-0.802826,0.178633,-0.301441,0.481811,-0.793622,0.216102,-0.259257,0.505206,-0.611693,0.438002,-0.546546,0.366021
-0.802762,0.1788,-0.301513,0.481811,-0.793578,0.21605,-0.25949,0.505178,-0.611587,0.438123,-0.546541,0.366059
-0.802722,0.178999,-0.301611,0.481741,-0.793498,0.2161,-0.259646,0.5052,-0.611469,0.438238,-0.546596,0.366037
-0.802706,0.179155,-0.30172,0.481639,-0.793434,0.216197,-0.259752,0.505205,-0.611312,0.438321,-0.546714,0.366023
-0.802715,0.179315,-0.301821,0.481501,-0.793369,0.216381,-0.259861,0.505172,-0.611127,0.438471,-0.546824,0.365983
-0.802745,0.179348,-0.301823,0.48144,-0.793257,0.216585,-0.259989,0.505193,-0.610952,0.438586,-0.546963,0.365932
-0.802845,0.179152,-0.301665,0.481446,-0.79324,0.216649,-0.259834,0.50527,-0.610867,0.438647,-0.547047,0.365875
-0.802923,0.178851,-0.301425,0.481579,-0.793204,0.216549,-0.259495,0.505541,-0.610842,0.438629,-0.54708,0.365888
-0.802964,0.178541,-0.301105,0.481826,-0.793157,0.21639,-0.259059,0.505905,-0.610878,0.438645,-0.547006,0.365918
-0.802938,0.178432,-0.301014,0.481966,-0.793172,0.216218,-0.258665,0.506155,-0.610989,0.438615,-0.546894,0.365935
-0.802849,0.178515,-0.301074,0.482043,-0.793123,0.216264,-0.258466,0.506314,-0.611136,0.438493,-0.546804,0.365975
-0.802707,0.178745,-0.30124,0.482092,-0.793001,0.216485,-0.258463,0.506409,-0.61126,0.43839,-0.546663,0.366102
-0.802636,0.178952,-0.301347,0.482064,-0.792937,0.21677,-0.258553,0.506339,-0.611316,0.438369,-0.546548,0.366203
-0.802564,0.1791,-0.30147,0.482052,-0.792907,0.217102,-0.258663,0.506186,-0.611238,0.438419,-0.54657,0.366237
-0.802514,0.179241,-0.301519,0.482049,-0.792871,0.217454,-0.258762,0.506039,-0.611086,0.438555,-0.546684,0.366159
-0.802501,0.179436,-0.301544,0.481983,-0.792875,0.21782,-0.258861,0.505824,-0.610928,0.438685,-0.546794,0.3661
-0.802536,0.179537,-0.301515,0.481906,-0.792945,0.218007,-0.25887,0.505631,-0.610758,0.438832,-0.54693,0.366006
-0.802628,0.179489,-0.301306,0.481901,-0.793081,0.218081,-0.258743,0.505451,-0.610648,0.438935,-0.547031,0.365914
-0.80273,0.179343,-0.301098,0.481916,-0.79318,0.218051,-0.258615,0.505372,-0.610647,0.438992,-0.547044,0.36583
-0.802755,0.179261,-0.30104,0.481941,-0.793266,0.21795,-0.258505,0.50534,-0.61071,0.438965,-0.546971,0.365864
-0.802785,0.179184,-0.301018,0.481934,-0.79331,0.217782,-0.25848,0.505357,-0.610833,0.438917,-0.546833,0.365923
-0.802776,0.179164,-0.301125,0.481888,-0.793309,0.217559,-0.258568,0.505411,-0.610992,0.438789,-0.546677,0.366045
-0.802761,0.179239,-0.301187,0.481848,-0.79329,0.217353,-0.258733,0.505445,-0.611111,0.438683,-0.546594,0.366098
-0.802773,0.179383,-0.301319,0.481693,-0.793263,0.217239,-0.258979,0.505414,-0.611119,0.43867,-0.54651,0.366221
-0.802763,0.179577,-0.301482,0.481534,-0.793218,0.217184,-0.259209,0.505392,-0.611094,0.438678,-0.546516,0.366245
-0.802765,0.179688,-0.30172,0.481341,-0.793149,0.217293,-0.259372,0.505368,-0.611072,0.438695,-0.546544,0.366221
-0.802774,0.179767,-0.301926,0.481168,-0.793068,0.217397,-0.259563,0.505351,-0.61106,0.438685,-0.546614,0.36615
-0.802806,0.179765,-0.301976,0.481084,-0.793002,0.217477,-0.259607,0.505396,-0.61099,0.438709,-0.546734,0.366058
-0.802828,0.179606,-0.301918,0.481145,-0.793002,0.217408,-0.259527,0.505468,-0.610931,0.438737,-0.54685,0.365953
-0.802827,0.179469,-0.301805,0.481269,-0.793035,0.217158,-0.259416,0.505581,-0.610899,0.43879,-0.546965,0.365772
-0.802815,0.179369,-0.301748,0.48136,-0.793046,0.217007,-0.259208,0.505735,-0.610886,0.438777,-0.547026,0.365718
-0.802722,0.179395,-0.301814,0.481465,-0.793013,0.217017,-0.259122,0.505826,-0.610924,0.438723,-0.547012,0.365742
-0.802641,0.179516,-0.301893,0.481503,-0.792916,0.217189,-0.259139,0.505892,-0.610972,0.438645,-0.546959,0.365834
-0.802522,0.179649,-0.301989,0.481592,-0.79285,0.217441,-0.259215,0.505849,-0.611002,0.438598,-0.546875,0.365964
-0.802478,0.179749,-0.30198,0.481632,-0.792863,0.217658,-0.259182,0.505752,-0.610982,0.438512,-0.54689,0.366078
-0.802495,0.17972,-0.301947,0.481635,-0.792869,0.217877,-0.259139,0.505668,-0.610965,0.438476,-0.546896,0.366137
-0.802518,0.179693,-0.30193,0.481618,-0.792932,0.218008,-0.259043,0.505561,-0.610913,0.43849,-0.546905,0.366194
-0.802527,0.179634,-0.301901,0.481643,-0.793001,0.217979,-0.259025,0.505477,-0.610878,0.438491,-0.54696,0.36617
-0.802531,0.179537,-0.301898,0.481674,-0.79307,0.217816,-0.258987,0.505458,-0.610872,0.438435,-0.547059,0.366099
-0.802498,0.179496,-0.301874,0.48176,-0.793068,0.2177,-0.259047,0.505483,-0.610866,0.438378,-0.547125,0.366081
-0.802448,0.179529,-0.301937,0.481791,-0.793044,0.217583,-0.259159,0.505513,-0.610908,0.438282,-0.547153,0.366084
-0.802389,0.179587,-0.302013,0.48182,-0.793013,0.217478,-0.259283,0.505545,-0.610866,0.438266,-0.547168,0.366149
-0.802341,0.179657,-0.302097,0.481821,-0.792918,0.217425,-0.259404,0.505654,-0.61085,0.438184,-0.54721,0.366212
-0.802268,0.179738,-0.302165,0.481869,-0.792862,0.217345,-0.259472,0.505741,-0.610788,0.438158,-0.547244,0.366295
-0.802183,0.179915,-0.302311,0.481852,-0.792793,0.217354,-0.259597,0.505782,-0.610689,0.438216,-0.547277,0.366337
-0.802117,0.180071,-0.30246,0.481811,-0.792652,0.217547,-0.259784,0.505822,-0.610592,0.438256,-0.547328,0.366374
-0.802128,0.180211,-0.302495,0.481717,-0.792535,0.217845,-0.259875,0.505827,-0.610477,0.438337,-0.547348,0.366438
-0.802143,0.180279,-0.302565,0.481621,-0.792493,0.217993,-0.259763,0.505885,-0.610395,0.43836,-0.547375,0.366504
-0.802175,0.180272,-0.302518,0.481601,-0.792439,0.21813,-0.259608,0.505988,-0.610323,0.438364,-0.547438,0.366526
-0.802215,0.18019,-0.302433,0.48162,-0.79233,0.218174,-0.259586,0.50615,-0.610235,0.438413,-0.547498,0.366523
-0.802251,0.180119,-0.302332,0.481649,-0.792325,0.217982,-0.259442,0.506315,-0.610187,0.438462,-0.54753,0.366495
-0.802305,0.180017,-0.302108,0.481739,-0.792318,0.217794,-0.259284,0.506486,-0.610117,0.438481,-0.547563,0.36654
-0.802277,0.180022,-0.301937,0.481888,-0.792324,0.217691,-0.259049,0.50664,-0.610125,0.438444,-0.547557,0.366582
-0.802228,0.180063,-0.301811,0.482033,-0.792316,0.217746,-0.258897,0.506707,-0.610215,0.438439,-0.547415,0.366647
-0.802162,0.180199,-0.30186,0.482061,-0.792272,0.217908,-0.258875,0.506716,-0.610379,0.438321,-0.54728,0.366714
-0.802074,0.180338,-0.301935,0.482108,-0.79218,0.218185,-0.258958,0.506696,-0.610492,0.438247,-0.547131,0.366841
-0.802086,0.18042,-0.301905,0.482075,-0.792159,0.218411,-0.258906,0.506657,-0.610563,0.438211,-0.546987,0.366977
-0.802112,0.180485,-0.301842,0.482045,-0.792206,0.218448,-0.258831,0.506605,-0.610549,0.438251,-0.546949,0.367007
-0.802133,0.180626,-0.301846,0.481955,-0.792237,0.218552,-0.258828,0.506513,-0.610465,0.438352,-0.546991,0.366964
-0.802171,0.180753,-0.301883,0.48182,-0.792282,0.218636,-0.258787,0.506428,-0.610293,0.438497,-0.547086,0.366934
-0.802271074661931,0.180809144067797,-0.301837524390244,0.481646862176492,-0.792327789693593,0.218664734423676,-0.258769381577881,0.506351116149068,-0.610233564834825,0.438540300485858,-0.547120848484848,0.366924841550493
-0.802383,0.180833,-0.301751,0.481521,-0.792399,0.218696,-0.258745,0.506242,-0.610189,0.438578,-0.54715,0.366914
-0.802446,0.180803,-0.301649,0.481491,-0.79264,0.218819,-0.258519,0.505927,-0.610131,0.43866,-0.547198,0.36684
-0.802513,0.180832,-0.301593,0.481405,-0.792713,0.218866,-0.258398,0.505854,-0.61012,0.438743,-0.547194,0.366764
-0.802523,0.180939,-0.301669,0.481298,-0.792767,0.218821,-0.258357,0.505809,-0.610116,0.438773,-0.547168,0.366775
-0.802465,0.181129,-0.30186,0.481205,-0.792718,0.218879,-0.258463,0.505808,-0.610122,0.438833,-0.547141,0.366735
-0.802398,0.181212,-0.302071,0.481154,-0.792572,0.219175,-0.258721,0.505775,-0.610126,0.438882,-0.547111,0.366712
-0.802333,0.181319,-0.302216,0.481128,-0.792441,0.219389,-0.258949,0.50577,-0.610094,0.438948,-0.547116,0.366682
-0.802344,0.181246,-0.30227,0.481107,-0.792369,0.219438,-0.258988,0.505839,-0.610012,0.439008,-0.547183,0.366647
-0.802381,0.181199,-0.30225,0.481075,-0.792256,0.219427,-0.259095,0.505966,-0.609924,0.439091,-0.547263,0.366571
-0.802464,0.181139,-0.302226,0.480974,-0.792265,0.219318,-0.259014,0.506042,-0.60984,0.439171,-0.547385,0.366436
-0.802553,0.180995,-0.30214,0.480935,-0.792298,0.219128,-0.258883,0.506139,-0.609743,0.439206,-0.547523,0.366349
-0.802664,0.180834,-0.302015,0.480891,-0.79235,0.218883,-0.25874,0.506237,-0.609713,0.439235,-0.547584,0.366272
-0.802769,0.180681,-0.301853,0.480876,-0.792417,0.218654,-0.258688,0.506261,-0.609739,0.439207,-0.547635,0.366188
-0.802851,0.180521,-0.301686,0.480904,-0.792505,0.218402,-0.258562,0.506297,-0.609794,0.439114,-0.547626,0.366225
-0.802929,0.18038,-0.301479,0.480957,-0.792607,0.218144,-0.258403,0.506332,-0.609916,0.43896,-0.547553,0.366315
-0.80292,0.1803,-0.301447,0.481023,-0.792669,0.217922,-0.25835,0.506359,-0.610084,0.438861,-0.547409,0.366369
-0.802867,0.180366,-0.301529,0.481033,-0.792694,0.217878,-0.258303,0.506364,-0.610232,0.438771,-0.547282,0.366421
-0.802814,0.180411,-0.301617,0.481048,-0.792725,0.217912,-0.258219,0.506343,-0.610374,0.438649,-0.547185,0.366477
-0.802778,0.180476,-0.301719,0.481021,-0.792729,0.217959,-0.258235,0.506307,-0.610431,0.438593,-0.547163,0.366482
-0.802738,0.180587,-0.301881,0.480946,-0.792744,0.217978,-0.258303,0.50624,-0.610417,0.438616,-0.547177,0.366455
-0.802695,0.18071,-0.302074,0.480849,-0.792727,0.218092,-0.258466,0.506135,-0.610332,0.438637,-0.547298,0.366393
-0.80269,0.180751,-0.302247,0.480735,-0.792733,0.21818,-0.258651,0.505995,-0.610273,0.438691,-0.547376,0.36631
-0.802697,0.180776,-0.302425,0.480601,-0.792737,0.218204,-0.258815,0.505895,-0.610167,0.438763,-0.547523,0.366182
-0.802719,0.180807,-0.302534,0.480485,-0.792731,0.218278,-0.259007,0.505775,-0.610044,0.438826,-0.547686,0.366069
-0.802786,0.180735,-0.302572,0.480378,-0.792716,0.218336,-0.259242,0.505652,-0.60993,0.438872,-0.547855,0.36595
-0.802855,0.180567,-0.302594,0.480312,-0.792745,0.218379,-0.259383,0.505518,-0.609946,0.438776,-0.547962,0.365881
-0.802977,0.180276,-0.302478,0.480293,-0.792735,0.218375,-0.259414,0.50552,-0.610025,0.438627,-0.547986,0.365895
-0.803127,0.179948,-0.302325,0.480264,-0.79278,0.218196,-0.259333,0.505569,-0.610152,0.438471,-0.547913,0.36598
-0.803248,0.17972,-0.302211,0.48022,-0.792827,0.218,-0.259196,0.50565,-0.610281,0.438319,-0.547828,0.366072
-0.803378,0.17953,-0.302124,0.48013,-0.79289,0.217872,-0.2591,0.505656,-0.610395,0.438225,-0.547743,0.366124
-0.80345,0.179488,-0.302227,0.479961,-0.793047,0.217659,-0.258987,0.505563,-0.610455,0.438138,-0.547692,0.366203
-0.803528,0.179559,-0.302288,0.479766,-0.79315,0.217519,-0.258882,0.505518,-0.61047,0.438113,-0.547677,0.366232
-0.803581,0.179616,-0.302331,0.47963,-0.793206,0.217439,-0.258839,0.505486,-0.610501,0.438124,-0.547658,0.366195
-0.803641,0.179706,-0.302357,0.47948,-0.793261,0.217382,-0.258777,0.505456,-0.6105,0.438148,-0.547681,0.366134
-0.803648,0.179736,-0.30233,0.479471,-0.793344,0.217232,-0.258759,0.505402,-0.610433,0.438165,-0.547801,0.366047
-0.803675,0.179666,-0.302233,0.479514,-0.793408,0.217128,-0.258673,0.50539,-0.610442,0.438205,-0.547765,0.366038
-0.80366,0.179634,-0.302158,0.479599,-0.793436,0.217034,-0.258557,0.505447,-0.610493,0.438178,-0.547728,0.366042
-0.80365,0.179599,-0.302122,0.479652,-0.79346,0.21697,-0.258505,0.505463,-0.610559,0.438125,-0.54768,0.366067
-0.803623,0.179656,-0.302186,0.479636,-0.793489,0.21692,-0.258411,0.505487,-0.610597,0.438065,-0.547629,0.366151
-0.803612,0.179723,-0.302231,0.4796,-0.793502,0.21698,-0.258379,0.505457,-0.610592,0.438076,-0.547571,0.366233
-0.803585,0.179887,-0.30222,0.479589,-0.793537,0.217,-0.258464,0.50535,-0.610584,0.438122,-0.547527,0.366254
-0.803609,0.180001,-0.302205,0.479518,-0.793515,0.217173,-0.258546,0.50527,-0.610533,0.438236,-0.547526,0.366204
-0.803635,0.180081,-0.302209,0.479437,-0.793508,0.217423,-0.258602,0.505144,-0.610467,0.438335,-0.547561,0.366144
-0.803706,0.180147,-0.302167,0.479322,-0.793555,0.217619,-0.258588,0.504991,-0.610386,0.4384,-0.547623,0.366107
-0.80377,0.180127,-0.302137,0.479242,-0.793548,0.217816,-0.258641,0.504887,-0.610312,0.438487,-0.54768,0.366042
-0.803828,0.180082,-0.302033,0.479227,-0.793594,0.217892,-0.258508,0.504852,-0.610268,0.43855,-0.547711,0.365992
-0.803895,0.180004,-0.301913,0.479221,-0.793684,0.217797,-0.258384,0.504816,-0.610212,0.438556,-0.547786,0.365968
-0.803936,0.179952,-0.30183,0.479224,-0.793735,0.217741,-0.258221,0.504844,-0.610263,0.438576,-0.547776,0.365873
-0.803949,0.17989,-0.301788,0.479252,-0.793753,0.217709,-0.258144,0.504867,-0.610322,0.438585,-0.547702,0.365875
-0.803909,0.179949,-0.301821,0.479274,-0.793744,0.217686,-0.258171,0.504878,-0.610367,0.438622,-0.547635,0.365857
-0.803894,0.180012,-0.301921,0.479214,-0.793725,0.217673,-0.258271,0.504863,-0.610401,0.438631,-0.547559,0.365903
-0.80387,0.18015,-0.302045,0.479124,-0.793697,0.217653,-0.25849,0.504805,-0.610427,0.438626,-0.547513,0.365933
-0.803864,0.180176,-0.30207,0.479107,-0.793733,0.217627,-0.258624,0.504691,-0.610429,0.438613,-0.547489,0.365981
-0.803909,0.180089,-0.301986,0.479118,-0.793769,0.217565,-0.25873,0.504609,-0.610411,0.438633,-0.547511,0.365956
-0.803974,0.179971,-0.301899,0.479108,-0.793841,0.217408,-0.258753,0.504552,-0.610357,0.438679,-0.547568,0.365904
-0.804064,0.179883,-0.301818,0.479043,-0.793921,0.217222,-0.258694,0.504539,-0.61032,0.438727,-0.547604,0.365856
-0.804119,0.179809,-0.301751,0.479023,-0.794012,0.217046,-0.258693,0.504473,-0.610298,0.438725,-0.547655,0.365819
-0.804134,0.179863,-0.301765,0.478966,-0.794091,0.2169,-0.258714,0.504403,-0.610323,0.43868,-0.547681,0.365793
-0.804131,0.179872,-0.301816,0.478937,-0.794146,0.216864,-0.258721,0.504329,-0.610296,0.43866,-0.547707,0.365822
-0.804116,0.179959,-0.301811,0.478932,-0.794188,0.216874,-0.258704,0.504268,-0.610281,0.438668,-0.54771,0.365833
-0.804044,0.180105,-0.30197,0.478898,-0.794211,0.216956,-0.258749,0.504173,-0.610247,0.438726,-0.547709,0.365822
-0.803974,0.180269,-0.302156,0.478835,-0.794162,0.217153,-0.258818,0.50413,-0.610227,0.438754,-0.547724,0.365797
-0.803904,0.180427,-0.302363,0.478763,-0.794049,0.217514,-0.258947,0.504081,-0.610196,0.43877,-0.547733,0.365816
-0.803875,0.180477,-0.302504,0.478704,-0.79395,0.217814,-0.259027,0.504065,-0.610176,0.43876,-0.547749,0.365838
-0.803835,0.18042,-0.302569,0.47875,-0.793887,0.217933,-0.25906,0.504097,-0.610153,0.438745,-0.547767,0.365866
-0.803832,0.180255,-0.302587,0.478809,-0.793828,0.217929,-0.259128,0.504156,-0.610084,0.438741,-0.547894,0.365797
-0.803831,0.180203,-0.302544,0.478856,-0.793828,0.217824,-0.259123,0.504204,-0.610007,0.438762,-0.547988,0.365759
-0.803858,0.180154,-0.302468,0.478876,-0.793823,0.217672,-0.259153,0.504263,-0.609987,0.438689,-0.548079,0.365748
-0.803863,0.180076,-0.302408,0.478934,-0.793783,0.217546,-0.259236,0.504337,-0.610001,0.438603,-0.548142,0.365731
-0.803812,0.180099,-0.302409,0.479012,-0.79378,0.217486,-0.259307,0.504332,-0.610075,0.438506,-0.548115,0.365767
-0.803811,0.180039,-0.30237,0.479061,-0.793822,0.217385,-0.259296,0.504316,-0.610177,0.438357,-0.548062,0.365854
-0.8038,0.179958,-0.30223,0.479198,-0.793812,0.217291,-0.259227,0.504408,-0.610248,0.438292,-0.547979,0.365939
-0.80373,0.179914,-0.302157,0.479377,-0.793798,0.217133,-0.25909,0.504569,-0.610364,0.438243,-0.54783,0.366027
-0.803626,0.179905,-0.302201,0.479525,-0.793728,0.217032,-0.25899,0.504772,-0.61047,0.438146,-0.547711,0.366141
-0.803518,0.179969,-0.302324,0.479606,-0.793664,0.216906,-0.259001,0.504921,-0.610553,0.438084,-0.547617,0.366218
-0.80341,0.180095,-0.30253,0.479608,-0.793598,0.216832,-0.259141,0.504986,-0.610537,0.438043,-0.547615,0.366295
-0.803314,0.180195,-0.302751,0.479591,-0.793495,0.216856,-0.259401,0.505004,-0.61041,0.43807,-0.547722,0.366313
-0.803261,0.180244,-0.302896,0.479571,-0.793394,0.216925,-0.259643,0.505007,-0.610236,0.438115,-0.547898,0.366287
-0.803249,0.180388,-0.303019,0.479458,-0.793358,0.216991,-0.259793,0.504959,-0.610004,0.438206,-0.54811,0.366246
-0.803283,0.180473,-0.303047,0.479352,-0.793376,0.216986,-0.259891,0.504882,-0.609723,0.438401,-0.548313,0.366173
-0.803291,0.180524,-0.303039,0.479322,-0.79342,0.216916,-0.259944,0.504817,-0.609487,0.438531,-0.548521,0.3661
-0.80337,0.180478,-0.302875,0.479313,-0.793435,0.216921,-0.259951,0.50479,-0.609348,0.43862,-0.548637,0.36605
-0.803424,0.180384,-0.302695,0.479371,-0.793464,0.21691,-0.259771,0.50484,-0.609358,0.438592,-0.54862,0.366091
-0.803494,0.18027,-0.302465,0.479442,-0.793471,0.216933,-0.259554,0.504928,-0.609482,0.438466,-0.548498,0.366218
-0.80347,0.180279,-0.302322,0.479568,-0.793447,0.216947,-0.259333,0.505074,-0.609645,0.438367,-0.548288,0.36638
-0.80341,0.180335,-0.30226,0.479687,-0.793424,0.216984,-0.259109,0.505206,-0.609844,0.43826,-0.548042,0.366542
-0.80334,0.180417,-0.302226,0.479794,-0.793356,0.217064,-0.25895,0.505359,-0.610005,0.438131,-0.547844,0.366722
-0.803258,0.180581,-0.302275,0.479836,-0.793255,0.217231,-0.258927,0.505456,-0.61007,0.438117,-0.547688,0.366864
-0.803182,0.180716,-0.302304,0.479893,-0.793161,0.217359,-0.258986,0.505516,-0.610032,0.438198,-0.547591,0.366972
-0.803128,0.180882,-0.302341,0.479896,-0.793122,0.217447,-0.259084,0.505488,-0.609914,0.438306,-0.547643,0.36696
-0.803103,0.181026,-0.30235,0.479878,-0.793078,0.217563,-0.259227,0.505435,-0.609706,0.438481,-0.547748,0.366939
-0.803101,0.181211,-0.302287,0.47985,-0.793078,0.217657,-0.259271,0.505372,-0.60947,0.43869,-0.547863,0.366907
-0.803139,0.181317,-0.302115,0.479854,-0.793112,0.217707,-0.259217,0.505324,-0.609229,0.438884,-0.54801,0.366854
-0.803247,0.181297,-0.301886,0.479825,-0.793204,0.217698,-0.258959,0.505314,-0.609096,0.439039,-0.548093,0.366764
-0.803312,0.181282,-0.301698,0.479839,-0.793301,0.217595,-0.258661,0.505359,-0.609107,0.439079,-0.54805,0.366764
-0.803353,0.181227,-0.30153,0.479896,-0.793358,0.217568,-0.258442,0.505396,-0.609187,0.439089,-0.547923,0.366806
-0.803296,0.181292,-0.301519,0.479974,-0.793385,0.217529,-0.258323,0.505428,-0.609267,0.439063,-0.54777,0.366932
-0.803233,0.181445,-0.301555,0.479998,-0.79335,0.217515,-0.258314,0.505494,-0.609391,0.438988,-0.547657,0.366985
-0.803113,0.181631,-0.301788,0.47998,-0.793283,0.217609,-0.25845,0.505489,-0.60942,0.438989,-0.547557,0.367084
-0.80302,0.181811,-0.302003,0.479933,-0.793137,0.217831,-0.258603,0.505543,-0.609407,0.439018,-0.547523,0.367121
-0.802987,0.181935,-0.302126,0.479863,-0.792992,0.218063,-0.258769,0.505583,-0.609299,0.439117,-0.54756,0.367124
-0.802991,0.182056,-0.302212,0.479754,-0.792944,0.218225,-0.258837,0.505552,-0.609127,0.439251,-0.547684,0.367064
-0.80305,0.182048,-0.302178,0.479683,-0.792926,0.218342,-0.258891,0.505501,-0.608978,0.439353,-0.547826,0.366978
-0.803135,0.182067,-0.302094,0.479585,-0.792953,0.218319,-0.258811,0.50551,-0.60882,0.439521,-0.547935,0.366875
-0.803229,0.181991,-0.301972,0.479534,-0.792997,0.218392,-0.258705,0.505464,-0.608773,0.439559,-0.548009,0.366797
-0.803307810356328,0.181991681411531,-0.301893535989717,0.479464098866383,-0.793025483096969,0.218432538509189,-0.258671078999435,0.505418131048128,-0.608779362637363,0.439578391891892,-0.547998475490196,0.366785733905579
-0.803363,0.181994,-0.301856,0.479382,-0.793065,0.218484,-0.258655,0.505342,-0.608797,0.439587,-0.547971,0.366782
-0.803386,0.182055,-0.301905,0.47929,-0.793232,0.218677,-0.25865,0.505001,-0.608873,0.439527,-0.54788,0.366862
-0.80332,0.182146,-0.302044,0.479278,-0.793257,0.218836,-0.258774,0.504829,-0.60904,0.439436,-0.547719,0.366935
-0.80324,0.182227,-0.302146,0.479316,-0.793247,0.218983,-0.258942,0.504695,-0.609215,0.439367,-0.54754,0.366995
-0.803143,0.182354,-0.302275,0.479348,-0.793227,0.219114,-0.25917,0.504552,-0.609358,0.439322,-0.547404,0.367014
-0.803066,0.182498,-0.302361,0.479368,-0.793227,0.21921,-0.25933,0.504431,-0.60937,0.439367,-0.547334,0.367044
-0.803016,0.182629,-0.302472,0.479331,-0.793137,0.219373,-0.259548,0.504388,-0.609367,0.439391,-0.547339,0.367014
-0.80305,0.18263,-0.302414,0.479311,-0.793111,0.219488,-0.25959,0.504355,-0.609284,0.43947,-0.54741,0.366949
-0.803096,0.18256,-0.302341,0.479305,-0.793135,0.219461,-0.259563,0.504346,-0.609204,0.439536,-0.547499,0.366872
-0.803192,0.182457,-0.302237,0.479251,-0.793221,0.21938,-0.259466,0.504294,-0.609126,0.439588,-0.547549,0.366863
-0.803273,0.182375,-0.302188,0.479179,-0.793313,0.21931,-0.259316,0.504258,-0.609057,0.439643,-0.547606,0.366826
-0.803284,0.182344,-0.302262,0.479125,-0.793394,0.219275,-0.259253,0.504179,-0.609077,0.439592,-0.547663,0.36677
-0.803248,0.182389,-0.302432,0.479061,-0.793414,0.219308,-0.259333,0.504094,-0.609191,0.439478,-0.547657,0.366732
-0.803184,0.182486,-0.302611,0.479018,-0.793382,0.219398,-0.259545,0.503996,-0.609279,0.439386,-0.547645,0.366714
-0.803145,0.182558,-0.302819,0.478925,-0.793308,0.219561,-0.259847,0.503886,-0.609373,0.439291,-0.547593,0.36675
-0.803174,0.182603,-0.302898,0.478809,-0.793221,0.219742,-0.260061,0.503833,-0.609398,0.439299,-0.547539,0.366779
-0.803196,0.182714,-0.303045,0.478637,-0.793175,0.219804,-0.260238,0.503787,-0.609425,0.439274,-0.54752,0.366792
-0.803277,0.18281,-0.303162,0.478392,-0.793178,0.219897,-0.260374,0.503672,-0.60939,0.43929,-0.547558,0.366774
-0.803369,0.182822,-0.30319,0.478217,-0.793215,0.219924,-0.260465,0.503555,-0.609317,0.439402,-0.547651,0.366623
-0.8035,0.182721,-0.303118,0.478082,-0.79327,0.219836,-0.260516,0.503481,-0.609249,0.439452,-0.547734,0.366552
-0.803632,0.182527,-0.303022,0.477996,-0.793403,0.219707,-0.260468,0.503356,-0.609198,0.439483,-0.547801,0.3665
-0.803745,0.182457,-0.30296,0.477874,-0.793547,0.219569,-0.260453,0.5032,-0.609175,0.439445,-0.547851,0.36651
-0.803857,0.182333,-0.302992,0.477712,-0.793673,0.219405,-0.260477,0.50306,-0.609258,0.439347,-0.547831,0.366522
-0.803947,0.182297,-0.303056,0.477536,-0.793819,0.21919,-0.260519,0.502905,-0.609365,0.439243,-0.547708,0.366651
-0.804069,0.182279,-0.303104,0.477309,-0.793973,0.219012,-0.260553,0.502726,-0.609512,0.439092,-0.547572,0.366788
-0.804154,0.18236,-0.303198,0.477076,-0.794128,0.218917,-0.260586,0.502507,-0.609609,0.438986,-0.547459,0.366921
-0.804286,0.182376,-0.303215,0.476837,-0.794291,0.218864,-0.26062,0.502258,-0.609646,0.438937,-0.54739,0.367024
-0.804426,0.182361,-0.303121,0.476667,-0.794435,0.218873,-0.260603,0.502037,-0.60962,0.438912,-0.547423,0.367046
-0.804531,0.18237,-0.303098,0.476501,-0.794569,0.218887,-0.260512,0.501865,-0.609599,0.438935,-0.547457,0.367003
-0.804608,0.182406,-0.30306,0.476383,-0.79468,0.218974,-0.260422,0.501698,-0.60951,0.438997,-0.54755,0.366937
-0.804655,0.182455,-0.303047,0.476293,-0.794778,0.219031,-0.260304,0.501581,-0.609481,0.439073,-0.547541,0.366909
-0.804656,0.182446,-0.303046,0.476295,-0.794782,0.219214,-0.260234,0.501529,-0.609494,0.439152,-0.547481,0.36688
-0.804605,0.182562,-0.303152,0.47627,-0.794677,0.21952,-0.2602,0.501577,-0.609485,0.439216,-0.547426,0.366901
-0.804578,0.182654,-0.303189,0.476255,-0.794597,0.219777,-0.260153,0.501613,-0.609494,0.439226,-0.547361,0.366967
-0.804524,0.182767,-0.303225,0.476281,-0.7945,0.219946,-0.260197,0.501667,-0.609559,0.439212,-0.547282,0.366997
-0.804485,0.182948,-0.303299,0.476228,-0.794366,0.22016,-0.260321,0.501721,-0.60957,0.43922,-0.547226,0.36705
-0.804444,0.183151,-0.303409,0.476148,-0.79425,0.220376,-0.260491,0.501719,-0.609575,0.439282,-0.547186,0.36703
-0.804488,0.183269,-0.303451,0.476003,-0.794189,0.220553,-0.260678,0.50164,-0.609462,0.439386,-0.547173,0.367111
-0.804562,0.183372,-0.303393,0.475874,-0.794183,0.220685,-0.260772,0.501542,-0.609324,0.439516,-0.547203,0.367134
-0.80466,0.183411,-0.303257,0.475779,-0.794234,0.220724,-0.260705,0.501479,-0.609165,0.439635,-0.547281,0.367136
-0.804762,0.18341,-0.30306,0.475733,-0.794316,0.220671,-0.260524,0.501467,-0.60906,0.439716,-0.547356,0.367103
-0.804817,0.183409,-0.302875,0.475758,-0.794414,0.220538,-0.260301,0.501488,-0.608949,0.439808,-0.547436,0.367058
-0.804789,0.183423,-0.302853,0.475814,-0.794508,0.220355,-0.260153,0.501497,-0.608951,0.439883,-0.547407,0.367007
-0.804684,0.183585,-0.302921,0.475883,-0.794492,0.220281,-0.260157,0.501553,-0.608975,0.439908,-0.547327,0.367054
-0.804558,0.183826,-0.303101,0.475887,-0.79443,0.220305,-0.260307,0.501563,-0.609063,0.439883,-0.54721,0.367114
-0.80443,0.184094,-0.303262,0.475897,-0.794314,0.220426,-0.260496,0.501594,-0.609097,0.439873,-0.547069,0.367278
-0.804381,0.18424,-0.303349,0.475867,-0.794231,0.220572,-0.260615,0.501598,-0.609076,0.439932,-0.547,0.367344
-0.804381,0.184356,-0.303363,0.475814,-0.794177,0.220693,-0.260638,0.501618,-0.608972,0.440051,-0.546998,0.367374
-0.804397,0.184376,-0.303308,0.475813,-0.79415,0.220803,-0.260565,0.501649,-0.608841,0.440145,-0.547097,0.36733
-0.804453,0.184375,-0.303176,0.475802,-0.794155,0.22085,-0.260429,0.50169,-0.608623,0.44031,-0.547244,0.367273
-0.80451,0.18438,-0.303063,0.475775,-0.794179,0.220869,-0.260339,0.501691,-0.608412,0.440504,-0.547386,0.367179
-0.804524,0.184381,-0.302961,0.475818,-0.794198,0.220947,-0.260161,0.501716,-0.608236,0.440639,-0.547497,0.367141
-0.804495,0.184369,-0.302897,0.47591,-0.794139,0.221065,-0.260074,0.5018,-0.60818,0.440616,-0.547553,0.367176
-0.804498,0.184298,-0.302792,0.476,-0.794084,0.221146,-0.259985,0.501899,-0.608194,0.440557,-0.547525,0.367266
-0.80443,0.184343,-0.302791,0.476097,-0.793983,0.221141,-0.259903,0.502101,-0.608303,0.44044,-0.547416,0.367387
-0.804311,0.18445,-0.302871,0.476206,-0.793867,0.221218,-0.259857,0.502273,-0.608417,0.440329,-0.547304,0.367498
-0.804236,0.184494,-0.302915,0.476285,-0.793706,0.221302,-0.259955,0.502437,-0.608532,0.440172,-0.547231,0.367605
-0.804172,0.184637,-0.302954,0.476312,-0.793581,0.22133,-0.260089,0.502551,-0.608554,0.440104,-0.547162,0.367749
-0.804104,0.184736,-0.303021,0.476345,-0.793526,0.221313,-0.260242,0.502567,-0.608575,0.440083,-0.547085,0.367854
-0.804053,0.184795,-0.30311,0.476352,-0.79347,0.221375,-0.260432,0.502531,-0.60854,0.440086,-0.547076,0.367918
-0.804007,0.184908,-0.303182,0.476341,-0.793395,0.221443,-0.260533,0.502565,-0.608453,0.440039,-0.547185,0.36796
-0.803973,0.184993,-0.303179,0.476364,-0.793385,0.221524,-0.260592,0.502516,-0.608342,0.440045,-0.54729,0.367975
-0.803968,0.185001,-0.303112,0.476415,-0.79335,0.221565,-0.260539,0.502578,-0.608231,0.440108,-0.547359,0.36798
-0.803973,0.184914,-0.303047,0.476478,-0.793353,0.221482,-0.260484,0.50264,-0.608131,0.44018,-0.547435,0.367948
-0.803947,0.184843,-0.302972,0.476598,-0.793365,0.221344,-0.260374,0.502739,-0.608039,0.440222,-0.547538,0.367896
-0.803948,0.184773,-0.302952,0.476637,-0.7934,0.221173,-0.260268,0.502813,-0.607968,0.440216,-0.547583,0.367954
-0.803907,0.184739,-0.302957,0.476714,-0.793385,0.221035,-0.260171,0.502947,-0.607925,0.440213,-0.54759,0.368015
-0.803843,0.184819,-0.303018,0.476753,-0.793371,0.220966,-0.260149,0.503013,-0.607923,0.44022,-0.547534,0.368091
-0.803777,0.184926,-0.303135,0.476749,-0.793332,0.221005,-0.260201,0.503029,-0.607954,0.440163,-0.547502,0.368154
-0.803696,0.185089,-0.303267,0.476738,-0.793251,0.221158,-0.260299,0.503038,-0.607917,0.440154,-0.547505,0.36822
-0.803633,0.185241,-0.303331,0.476742,-0.793164,0.221364,-0.26041,0.503025,-0.607853,0.440174,-0.547533,0.368261
-0.803598,0.185339,-0.303336,0.47676,-0.793053,0.221621,-0.260478,0.503049,-0.607759,0.440229,-0.547588,0.368268
-0.80362,0.185373,-0.303275,0.476747,-0.792994,0.221751,-0.260452,0.503098,-0.607661,0.440306,-0.547674,0.36821
-0.803652,0.18533,-0.303209,0.476752,-0.792981,0.221765,-0.260357,0.50316,-0.607615,0.440322,-0.547729,0.368184
-0.80369,0.185257,-0.303078,0.4768,-0.792962,0.221722,-0.260356,0.503208,-0.607562,0.440287,-0.54785,0.368134
-0.803691,0.185263,-0.303036,0.476822,-0.79296,0.221633,-0.26041,0.503225,-0.607576,0.440272,-0.547838,0.368146
-0.803681,0.185365,-0.303022,0.476809,-0.792944,0.221577,-0.260497,0.503229,-0.607598,0.440246,-0.547819,0.36817
-0.80366,0.185489,-0.303045,0.476779,-0.792886,0.221604,-0.260619,0.503247,-0.607605,0.440221,-0.547773,0.368255
-0.803622,0.185618,-0.303096,0.476761,-0.792893,0.221604,-0.260747,0.50317,-0.607716,0.440121,-0.547638,0.368393
-0.803599,0.185759,-0.303119,0.47673,-0.792901,0.221602,-0.260802,0.50313,-0.607728,0.440109,-0.547552,0.368512
-0.803576,0.18585,-0.303089,0.476751,-0.792894,0.221622,-0.260736,0.503165,-0.607725,0.440169,-0.547455,0.368588
-0.803582,0.185945,-0.303034,0.476738,-0.792875,0.221583,-0.260687,0.503239,-0.607638,0.440257,-0.547452,0.368629
-0.803563,0.186013,-0.303041,0.47674,-0.792882,0.221561,-0.260637,0.503262,-0.607602,0.440332,-0.547477,0.36856
-0.80353,0.186065,-0.303121,0.476722,-0.792896,0.221535,-0.260575,0.503284,-0.607581,0.440418,-0.547451,0.368534
-0.803511,0.186103,-0.303204,0.476686,-0.792915,0.221448,-0.260619,0.503271,-0.607553,0.44046,-0.547472,0.368498
-0.803533,0.186208,-0.30331,0.476543,-0.792921,0.221359,-0.26068,0.503268,-0.607493,0.44048,-0.547548,0.36846
-0.803577,0.186293,-0.303414,0.476369,-0.792932,0.221325,-0.260826,0.503192,-0.607395,0.440543,-0.547647,0.368399
-0.803617,0.186382,-0.303474,0.476229,-0.79296,0.221328,-0.260995,0.50306,-0.607286,0.440595,-0.547749,0.368365
-0.803661,0.186498,-0.303469,0.476112,-0.792949,0.221446,-0.261156,0.502942,-0.607134,0.440698,-0.54789,0.368281
-0.803722,0.186617,-0.303374,0.476024,-0.792992,0.221589,-0.261179,0.5028,-0.606999,0.440816,-0.547986,0.368218
-0.803765,0.186658,-0.303278,0.475993,-0.793026,0.221743,-0.260994,0.502773,-0.606908,0.440905,-0.54807,0.368137
-0.803787,0.186784,-0.303215,0.475948,-0.793014,0.221974,-0.260721,0.502828,-0.60687,0.440981,-0.548086,0.368088
-0.803791,0.186794,-0.303137,0.475986,-0.792963,0.222176,-0.260536,0.502912,-0.606933,0.440993,-0.548041,0.368036
-0.803774,0.186821,-0.30311,0.476021,-0.792959,0.222239,-0.260351,0.502988,-0.607038,0.440983,-0.5479,0.368084
-0.803697,0.186861,-0.30322,0.476066,-0.792914,0.222228,-0.26035,0.503063,-0.607185,0.440895,-0.547748,0.368173
-0.803604,0.187017,-0.303395,0.476049,-0.792848,0.222344,-0.260576,0.502998,-0.607261,0.440874,-0.547638,0.368235
-0.803531,0.187154,-0.303572,0.476004,-0.792775,0.222481,-0.260857,0.502907,-0.607296,0.440872,-0.54758,0.368267
-0.80355,0.187273,-0.303569,0.475928,-0.792725,0.222541,-0.261118,0.502823,-0.60721,0.44093,-0.547584,0.368333
-0.803624,0.187229,-0.303491,0.475871,-0.792779,0.222501,-0.261219,0.502704,-0.607106,0.441034,-0.547631,0.368307
-0.803727,0.18707,-0.303349,0.47585,-0.792865,0.222365,-0.261187,0.502649,-0.606958,0.441115,-0.547752,0.368275
-0.803851,0.186936,-0.303118,0.47584,-0.792985,0.222174,-0.261007,0.502639,-0.606842,0.441174,-0.547866,0.368222
-0.803945,0.186842,-0.302929,0.47584,-0.793139,0.22191,-0.260789,0.502627,-0.606776,0.44119,-0.547943,0.3682
-0.803994,0.186798,-0.30283,0.475836,-0.793263,0.221725,-0.26057,0.502628,-0.606774,0.441198,-0.547925,0.368218
-0.803988,0.186759,-0.302815,0.475872,-0.793323,0.221587,-0.260456,0.502654,-0.606849,0.441165,-0.547866,0.368225
-0.803929,0.186851,-0.302851,0.475913,-0.793327,0.221632,-0.260405,0.502653,-0.606962,0.441105,-0.547742,0.368292
-0.803863,0.186978,-0.303005,0.475874,-0.793269,0.221729,-0.260459,0.502674,-0.607071,0.441028,-0.547584,0.368439
-0.803801,0.187127,-0.303138,0.475836,-0.793177,0.221871,-0.260569,0.502697,-0.607137,0.441004,-0.547459,0.368545
-0.803727,0.187289,-0.303252,0.475825,-0.79304,0.222038,-0.260691,0.502774,-0.607135,0.441007,-0.547387,0.36865
-0.803714,0.187394,-0.303296,0.475777,-0.792952,0.222142,-0.260764,0.502828,-0.60711,0.441079,-0.547341,0.368672
-0.803709,0.187473,-0.303259,0.475778,-0.792906,0.222242,-0.260796,0.502841,-0.606941,0.441209,-0.547407,0.368694
-0.803742,0.18742,-0.303094,0.475846,-0.792849,0.22242,-0.260822,0.502836,-0.606754,0.44133,-0.547533,0.368667
-0.803772,0.187404,-0.302978,0.475874,-0.792804,0.222629,-0.260768,0.502843,-0.60657,0.441481,-0.547677,0.368576
-0.803811,0.187355,-0.302851,0.475911,-0.792791,0.222749,-0.26072,0.502832,-0.606506,0.441529,-0.547735,0.368538
-0.803863,0.187291,-0.302747,0.475915,-0.792834,0.222787,-0.260578,0.502821,-0.606498,0.441525,-0.54775,0.368533
-0.803826,0.187251,-0.302693,0.476026,-0.792814,0.222821,-0.260579,0.502836,-0.606604,0.441454,-0.547629,0.368623
-0.80381,0.187132,-0.3026,0.476159,-0.792805,0.222756,-0.260602,0.50287,-0.606788,0.441348,-0.547423,0.368753
-0.803745,0.187118,-0.302633,0.476252,-0.792817,0.222647,-0.260643,0.502877,-0.606944,0.441179,-0.547305,0.368872
-0.80371,0.187122,-0.302673,0.476285,-0.792799,0.222587,-0.260736,0.502883,-0.607074,0.441087,-0.547164,0.368977
-0.803678,0.187291,-0.30277,0.476209,-0.79277,0.222563,-0.260824,0.502894,-0.607108,0.4411,-0.54706,0.369061
-0.803616,0.187482,-0.302899,0.476156,-0.792754,0.222616,-0.260923,0.502847,-0.607057,0.441157,-0.547057,0.369081
-0.803607,0.187587,-0.302945,0.476101,-0.792712,0.222725,-0.26096,0.502845,-0.606944,0.441251,-0.547132,0.36904
-0.8036,0.187691,-0.302977,0.47605,-0.792714,0.222837,-0.26095,0.502796,-0.606752,0.441408,-0.547228,0.369025
-0.803631,0.187737,-0.302904,0.476026,-0.792738,0.222924,-0.260862,0.502765,-0.606553,0.441607,-0.54738,0.368889
-0.803676,0.187701,-0.302821,0.476019,-0.792791,0.222972,-0.260725,0.502731,-0.606365,0.441769,-0.54756,0.368738
-0.80372,0.187637,-0.302692,0.476052,-0.792851,0.22301,-0.260582,0.502693,-0.606263,0.441868,-0.547667,0.368628
-0.803759,0.187622,-0.302646,0.476021,-0.792913,0.223016,-0.260455,0.502658,-0.606227,0.441903,-0.547679,0.368626
-0.803789,0.187549,-0.302592,0.476035,-0.792928,0.222996,-0.260464,0.502638,-0.606293,0.441822,-0.547605,0.368724
-0.803802,0.187582,-0.302538,0.476032,-0.79292,0.222995,-0.260569,0.502598,-0.60638,0.441747,-0.547455,0.368893
-0.803826,0.187608,-0.30256,0.475967,-0.792885,0.223072,-0.260756,0.502521,-0.606519,0.441661,-0.547291,0.369009
-0.803826,0.187738,-0.302609,0.475884,-0.792859,0.223148,-0.260944,0.502433,-0.606635,0.441543,-0.547157,0.369156
-0.803799,0.187855,-0.302644,0.475861,-0.792839,0.223289,-0.261045,0.502349,-0.6067,0.441477,-0.547035,0.369309
-0.803788,0.187909,-0.302622,0.475873,-0.792823,0.223395,-0.261108,0.502292,-0.606688,0.441483,-0.547008,0.36936
-0.803806,0.188002,-0.302593,0.475825,-0.792867,0.223404,-0.261009,0.502271,-0.606714,0.44152,-0.546959,0.369346
-0.80381,0.188145,-0.302566,0.475776,-0.792918,0.22339,-0.260961,0.502222,-0.606675,0.44157,-0.546925,0.369399
-0.803817,0.188223,-0.30258,0.475725,-0.792941,0.223367,-0.261009,0.502173,-0.606594,0.441639,-0.546926,0.369445
-0.803791,0.188324,-0.302625,0.475698,-0.79294,0.223396,-0.261061,0.502135,-0.606558,0.441682,-0.546933,0.369444
-0.80379,0.188351,-0.302648,0.475676,-0.79295,0.22336,-0.261082,0.502124,-0.606531,0.441746,-0.546901,0.369457
-0.803774,0.188342,-0.302671,0.475692,-0.792942,0.223339,-0.261128,0.502123,-0.606485,0.441798,-0.546882,0.369497
-0.803792,0.188264,-0.302628,0.475722,-0.792972,0.223265,-0.261125,0.50211,-0.606449,0.441818,-0.546904,0.3695
-0.803884,0.188127,-0.302537,0.475678,-0.793022,0.223126,-0.261078,0.502118,-0.606383,0.441813,-0.546976,0.369506
-0.803978,0.188042,-0.302434,0.475618,-0.793103,0.222973,-0.260971,0.502115,-0.606343,0.441831,-0.547011,0.369498
-0.804082,0.188011,-0.302303,0.475539,-0.793177,0.222919,-0.260838,0.50209,-0.606277,0.441838,-0.547054,0.369533
-0.804122,0.188053,-0.302263,0.47548,-0.793268,0.222887,-0.260693,0.502038,-0.606297,0.441839,-0.547025,0.369545
-0.804159,0.188053,-0.302215,0.475449,-0.793359,0.222904,-0.260588,0.501941,-0.606357,0.441814,-0.546959,0.369572
-0.804138,0.188067,-0.302296,0.475427,-0.793397,0.223002,-0.260533,0.501865,-0.606427,0.441781,-0.546881,0.369612
-0.804113,0.188158,-0.302306,0.475426,-0.793354,0.223134,-0.260521,0.50188,-0.606416,0.441765,-0.546846,0.369699
-0.804048,0.188243,-0.302433,0.475423,-0.793296,0.22335,-0.260519,0.501875,-0.606461,0.441769,-0.546777,0.369723
-0.804003,0.188309,-0.302536,0.475406,-0.793219,0.223548,-0.260528,0.501902,-0.606481,0.441813,-0.546734,0.369702
-0.803955,0.188303,-0.302649,0.475416,-0.793112,0.223749,-0.260609,0.501939,-0.606497,0.44182,-0.546748,0.369648
-0.803949,0.188334,-0.302724,0.475368,-0.793007,0.223861,-0.260825,0.501942,-0.606479,0.441823,-0.546775,0.369633
-0.803964,0.188321,-0.302744,0.475335,-0.79298,0.223909,-0.260965,0.501889,-0.606468,0.441857,-0.546789,0.369591
-0.80396,0.188326,-0.302722,0.475353,-0.792973,0.22387,-0.261087,0.501857,-0.6064,0.441888,-0.546836,0.369596
-0.803993,0.188344,-0.30274,0.47528,-0.793034,0.223788,-0.261214,0.50173,-0.606315,0.441936,-0.546915,0.36956
-0.804122,0.188261,-0.302628,0.475168,-0.793133,0.223683,-0.261211,0.501625,-0.606208,0.441965,-0.547007,0.369566
-0.804252,0.188106,-0.302409,0.475148,-0.793275,0.223511,-0.261169,0.5015,-0.606144,0.442028,-0.547034,0.369553
-0.804351,0.187899,-0.302229,0.475179,-0.793447,0.223269,-0.260998,0.501427,-0.606115,0.441996,-0.547137,0.369486
-0.804425,0.187735,-0.30211,0.475193,-0.793582,0.222993,-0.260826,0.501428,-0.606192,0.441981,-0.547107,0.369424
-0.804463,0.187656,-0.302051,0.475199,-0.793694,0.222773,-0.260683,0.501425,-0.606272,0.441926,-0.547058,0.369432
-0.804473,0.187621,-0.302061,0.47519,-0.793779,0.22263,-0.260563,0.501418,-0.606401,0.441843,-0.546939,0.369495
-0.804437,0.187601,-0.302133,0.475214,-0.793792,0.222553,-0.260458,0.501485,-0.606576,0.441711,-0.546801,0.36957
-0.804454,0.1876,-0.30218,0.475156,-0.79383,0.222537,-0.260409,0.501458,-0.606672,0.441661,-0.54669,0.369637
-0.804441,0.187677,-0.302258,0.475096,-0.793802,0.222571,-0.260429,0.501478,-0.606775,0.441609,-0.546595,0.369672
-0.80442,0.187702,-0.302351,0.475062,-0.79381,0.222599,-0.260466,0.501432,-0.606844,0.441612,-0.546505,0.369686
-0.80439,0.187736,-0.30242,0.475058,-0.793792,0.222611,-0.260544,0.501415,-0.60684,0.441639,-0.546467,0.369717
-0.804386,0.187791,-0.302496,0.474993,-0.793733,0.222706,-0.260652,0.501409,-0.606773,0.441708,-0.546514,0.369674
-0.80438,0.187949,-0.302516,0.474929,-0.793679,0.222828,-0.26066,0.501436,-0.606644,0.441782,-0.546609,0.369658
-0.804402,0.187947,-0.302415,0.474956,-0.793669,0.222954,-0.260513,0.50147,-0.606507,0.44187,-0.546729,0.3696
-0.804468,0.18783,-0.302195,0.47503,-0.793648,0.223037,-0.260267,0.501593,-0.606455,0.441896,-0.546822,0.369518
-0.804492,0.187684,-0.302085,0.475117,-0.79369,0.222973,-0.259954,0.501716,-0.606514,0.441893,-0.546805,0.369451
-0.804524,0.187614,-0.302031,0.475126,-0.793718,0.222923,-0.259772,0.501788,-0.606567,0.441839,-0.546767,0.369485
-0.804494,0.187633,-0.302092,0.475131,-0.793707,0.2229,-0.25974,0.501832,-0.606677,0.441742,-0.546678,0.369551
-0.804463,0.187647,-0.302189,0.475115,-0.793678,0.222862,-0.259846,0.501842,-0.606817,0.441664,-0.546533,0.369629
-0.804441,0.187683,-0.302292,0.475072,-0.793638,0.222787,-0.26009,0.501812,-0.60697,0.44153,-0.546422,0.369703
-0.804439,0.18768,-0.302379,0.475023,-0.793652,0.222684,-0.260313,0.501722,-0.607044,0.441462,-0.546387,0.369715
-0.804453,0.187715,-0.302408,0.474967,-0.793646,0.222654,-0.260481,0.501658,-0.607026,0.441487,-0.546404,0.369688
-0.804511,0.18767,-0.302376,0.474905,-0.793687,0.222541,-0.260542,0.501614,-0.606916,0.441551,-0.546481,0.369677
-0.804596,0.18763,-0.302355,0.474793,-0.793771,0.222384,-0.260526,0.50156,-0.606807,0.441664,-0.546608,0.369536
-0.804658,0.187613,-0.302296,0.474732,-0.793912,0.222192,-0.260413,0.501482,-0.606715,0.441755,-0.54669,0.369457
-0.804719,0.187553,-0.302164,0.474737,-0.794026,0.22203,-0.260368,0.501398,-0.606688,0.441781,-0.546779,0.369341
-0.804806,0.187458,-0.302064,0.474692,-0.794113,0.221868,-0.260244,0.501397,-0.606675,0.441778,-0.546814,0.369313
-0.804864,0.187394,-0.30202,0.474649,-0.794244,0.221786,-0.260089,0.501308,-0.60667,0.441797,-0.546826,0.369281
-0.804864,0.187429,-0.302087,0.474591,-0.794293,0.221803,-0.259994,0.501272,-0.606761,0.441721,-0.546767,0.369311
-0.804834,0.187466,-0.3022,0.474555,-0.794273,0.22188,-0.260022,0.501254,-0.606876,0.441661,-0.546669,0.369339
-0.80483,0.187462,-0.302285,0.47451,-0.794204,0.221985,-0.260063,0.501295,-0.606969,0.441644,-0.54657,0.369355
-0.804821,0.187414,-0.302362,0.474497,-0.794166,0.222025,-0.260157,0.501288,-0.607019,0.44161,-0.546554,0.369337
-0.804847,0.187413,-0.302425,0.474412,-0.794146,0.221969,-0.260239,0.501304,-0.606989,0.441632,-0.546565,0.369342
-0.804867,0.18733,-0.302489,0.47437,-0.79413,0.221897,-0.260285,0.501337,-0.606926,0.441678,-0.546634,0.369292
-0.804884,0.187351,-0.302531,0.474308,-0.794101,0.22187,-0.260351,0.501362,-0.606824,0.441737,-0.546735,0.369238
-0.804899,0.187369,-0.30263,0.474212,-0.79406,0.221919,-0.260454,0.50135,-0.6068,0.441762,-0.546798,0.369156
-0.804923,0.187361,-0.302731,0.474111,-0.794039,0.221984,-0.26068,0.501237,-0.60678,0.441746,-0.54688,0.369086
-0.804976,0.18728,-0.302787,0.474018,-0.794062,0.221995,-0.260899,0.501085,-0.606811,0.441714,-0.546911,0.36903
-0.805033,0.187168,-0.302723,0.474008,-0.794104,0.221892,-0.26103,0.500998,-0.606827,0.441663,-0.546923,0.369046
-0.805106,0.187055,-0.302636,0.473985,-0.794175,0.221709,-0.261051,0.500955,-0.606864,0.441562,-0.546969,0.369039
-0.805138,0.186912,-0.302571,0.47403,-0.794298,0.221518,-0.260931,0.500909,-0.606869,0.441537,-0.546938,0.369105
-0.805172,0.186817,-0.302476,0.474068,-0.794384,0.221293,-0.260869,0.500907,-0.606944,0.441469,-0.546893,0.36913
-0.805201,0.186704,-0.302393,0.474116,-0.794478,0.221063,-0.26076,0.500918,-0.607042,0.441376,-0.546814,0.369198
-0.805214,0.186702,-0.302397,0.474094,-0.794534,0.220915,-0.26067,0.500943,-0.607154,0.441308,-0.546734,0.369215
-0.805205,0.186738,-0.302496,0.474033,-0.794575,0.220766,-0.260644,0.500957,-0.607251,0.441202,-0.546651,0.369305
-0.805157,0.186848,-0.302627,0.473986,-0.794567,0.220771,-0.260683,0.500945,-0.60724,0.441212,-0.546598,0.369386
-0.805111,0.186941,-0.30279,0.473922,-0.794539,0.220833,-0.260804,0.500901,-0.607202,0.441262,-0.546584,0.369409
-0.805114,0.187023,-0.302908,0.473811,-0.794533,0.22088,-0.260957,0.500811,-0.607101,0.441363,-0.546654,0.36935
-0.805096,0.187102,-0.30302,0.473738,-0.794529,0.220955,-0.261116,0.500702,-0.606955,0.441477,-0.546781,0.369266
-0.8051,0.187155,-0.303087,0.473668,-0.794446,0.221142,-0.261256,0.500677,-0.606824,0.44156,-0.546882,0.369233
-0.805167,0.187119,-0.30301,0.473619,-0.794391,0.221292,-0.261238,0.500705,-0.60668,0.441673,-0.547007,0.369148
-0.805269,0.187035,-0.30287,0.473569,-0.794432,0.221325,-0.261093,0.500702,-0.606574,0.441751,-0.54709,0.369107
-0.805363,0.186962,-0.302729,0.473528,-0.794462,0.221354,-0.260861,0.500759,-0.606456,0.441757,-0.547179,0.36916
-0.805421,0.186915,-0.302591,0.473536,-0.794495,0.221465,-0.260661,0.500762,-0.606442,0.441742,-0.547171,0.369212
-0.805404,0.186948,-0.302521,0.473595,-0.794534,0.221549,-0.260459,0.500767,-0.606535,0.441702,-0.547045,0.369293
-0.805342,0.187045,-0.302595,0.473616,-0.794542,0.221661,-0.26041,0.500731,-0.60671,0.441655,-0.546858,0.369339
-0.805283,0.187154,-0.30271,0.473599,-0.794526,0.221738,-0.26055,0.500647,-0.606874,0.441576,-0.546647,0.369478
-0.805216,0.187342,-0.302807,0.473576,-0.794491,0.221964,-0.260784,0.500481,-0.606942,0.441565,-0.546514,0.369574
-0.805153,0.187547,-0.302909,0.473533,-0.794432,0.222185,-0.26102,0.500354,-0.606924,0.441581,-0.546445,0.369683
-0.805123,0.18773,-0.302931,0.473498,-0.794402,0.222399,-0.26117,0.500228,-0.606793,0.441687,-0.546481,0.369716
-0.805162,0.187839,-0.302805,0.473467,-0.794416,0.222494,-0.261212,0.500141,-0.606566,0.441849,-0.546621,0.369686
-0.805218,0.187863,-0.302686,0.47344,-0.79447,0.222511,-0.261124,0.500093,-0.606338,0.442038,-0.546774,0.369607
-0.805283,0.187855,-0.302519,0.47344,-0.794573,0.2225,-0.260899,0.500053,-0.606147,0.442212,-0.546891,0.369537
-0.805345,0.187818,-0.302337,0.473464,-0.794689,0.222397,-0.260653,0.500042,-0.606048,0.442305,-0.546933,0.369525
-0.805383,0.187828,-0.302211,0.473477,-0.794756,0.222351,-0.260393,0.500094,-0.606116,0.442274,-0.546872,0.369541
-0.805365,0.187907,-0.302167,0.473502,-0.794744,0.222396,-0.260223,0.500178,-0.606179,0.44228,-0.546754,0.369606
-0.805293,0.188009,-0.302258,0.473526,-0.79471,0.222427,-0.260142,0.50026,-0.606271,0.442272,-0.546618,0.369663
-0.805209,0.188141,-0.302415,0.473516,-0.794655,0.222505,-0.260293,0.500234,-0.606338,0.442251,-0.546534,0.369704
-0.805145,0.188337,-0.302591,0.473434,-0.7946,0.222614,-0.260443,0.500195,-0.606388,0.442277,-0.54642,0.369757
-0.805115,0.188494,-0.302764,0.473312,-0.794522,0.222736,-0.260722,0.50012,-0.606384,0.442324,-0.54637,0.369782
-0.805093,0.188665,-0.302961,0.473155,-0.794451,0.222964,-0.261004,0.499983,-0.606281,0.442434,-0.546401,0.369773
-0.805071,0.188882,-0.303107,0.473011,-0.794403,0.223134,-0.261257,0.499851,-0.606098,0.44259,-0.546539,0.369681
-0.805152,0.18897,-0.303144,0.472815,-0.794401,0.223342,-0.261424,0.499674,-0.605891,0.442739,-0.546697,0.369605
-0.80525,0.188983,-0.30311,0.472664,-0.79447,0.223429,-0.261524,0.499474,-0.605712,0.442897,-0.546851,0.369485
-0.805379,0.18896,-0.302978,0.472539,-0.794559,0.223455,-0.261502,0.499332,-0.605556,0.443044,-0.547001,0.369342
-0.805444,0.188919,-0.302909,0.472489,-0.794675,0.223304,-0.26145,0.499244,-0.605502,0.443101,-0.54709,0.369231
-0.805478,0.188952,-0.302888,0.472434,-0.794815,0.223195,-0.261375,0.49911,-0.605491,0.443143,-0.547114,0.369164
-0.805471,0.189001,-0.302894,0.472421,-0.79489,0.223156,-0.261401,0.498996,-0.605567,0.443139,-0.547027,0.369172
-0.805445,0.189016,-0.302929,0.472438,-0.794944,0.223097,-0.261369,0.498955,-0.605699,0.443122,-0.546857,0.369228
-0.80541,0.188992,-0.30297,0.472478,-0.794958,0.22305,-0.26143,0.498923,-0.605831,0.44309,-0.546699,0.369283
-0.805383,0.189049,-0.303025,0.472467,-0.794965,0.223003,-0.261485,0.498905,-0.605898,0.443094,-0.546585,0.369336
-0.805351,0.18905,-0.303099,0.472474,-0.794995,0.222956,-0.261605,0.498815,-0.605947,0.443154,-0.546491,0.369323
-0.805373,0.189047,-0.303091,0.472444,-0.795054,0.222821,-0.261694,0.498737,-0.605958,0.44321,-0.546463,0.369283
-0.805392,0.189033,-0.303126,0.472395,-0.795056,0.222779,-0.261806,0.498695,-0.605902,0.443263,-0.546518,0.369228
-0.80548,0.189046,-0.303099,0.472257,-0.795116,0.222763,-0.261824,0.498597,-0.605774,0.44331,-0.546674,0.369149
-0.805573,0.188947,-0.303041,0.472176,-0.795182,0.222757,-0.261846,0.498485,-0.605609,0.443415,-0.546822,0.369074
-0.805675,0.188892,-0.303018,0.472038,-0.795282,0.222707,-0.261771,0.498389,-0.605507,0.443437,-0.546958,0.369014
-0.805749,0.188744,-0.302977,0.472001,-0.795391,0.222666,-0.261672,0.498285,-0.605435,0.443453,-0.547066,0.368953
-0.805802,0.188613,-0.30294,0.471987,-0.795451,0.222679,-0.261539,0.498252,-0.605461,0.443342,-0.547119,0.368965
-0.805859,0.188474,-0.302898,0.471972,-0.795489,0.222712,-0.261394,0.498253,-0.605532,0.443293,-0.547094,0.368948
-0.805869,0.188475,-0.302943,0.471926,-0.795443,0.222773,-0.261332,0.498331,-0.605634,0.443202,-0.547029,0.368986
-0.805898,0.188422,-0.302994,0.471866,-0.7954,0.222816,-0.261351,0.49837,-0.605778,0.443078,-0.546932,0.369045
-0.80587,0.188463,-0.303125,0.471814,-0.79535,0.222789,-0.261527,0.498369,-0.605889,0.442965,-0.546856,0.369111
-0.805842,0.18851,-0.303244,0.471766,-0.795338,0.222838,-0.261677,0.498288,-0.60597,0.442892,-0.546803,0.369144
-0.805813,0.188571,-0.303364,0.471716,-0.795254,0.222847,-0.26195,0.498274,-0.606027,0.442884,-0.546752,0.369135
-0.805808,0.188664,-0.303445,0.471634,-0.795233,0.222801,-0.262186,0.498208,-0.606042,0.442884,-0.546748,0.369117
-0.805817,0.188732,-0.303522,0.471542,-0.795236,0.222779,-0.262289,0.498157,-0.605966,0.442946,-0.546807,0.369079
-0.805857,0.188686,-0.303461,0.471531,-0.795242,0.222703,-0.262295,0.498179,-0.605902,0.442953,-0.54691,0.369024
-0.805944,0.188505,-0.303289,0.471566,-0.795298,0.222606,-0.262184,0.498193,-0.605815,0.442979,-0.547011,0.368987
-0.806023,0.188352,-0.303098,0.471616,-0.79536,0.222395,-0.262014,0.498278,-0.605815,0.442987,-0.547052,0.368918
-0.806069,0.188171,-0.302983,0.471685,-0.795451,0.222071,-0.261884,0.498346,-0.605854,0.442967,-0.547034,0.368904
-0.806105,0.188029,-0.302925,0.471717,-0.79554,0.221724,-0.261782,0.498416,-0.605966,0.442869,-0.546941,0.368976
-0.806114,0.187945,-0.302963,0.471711,-0.795601,0.221454,-0.261737,0.498465,-0.606113,0.442705,-0.546807,0.36913
-0.806113,0.187983,-0.303026,0.471657,-0.795635,0.221277,-0.261756,0.498479,-0.606265,0.442562,-0.546685,0.369232
-0.80609,0.188019,-0.303223,0.471557,-0.795632,0.221295,-0.261873,0.498414,-0.606353,0.442464,-0.546609,0.369317
-0.806077,0.188113,-0.303411,0.471422,-0.795669,0.221327,-0.261973,0.49829,-0.606361,0.442432,-0.546629,0.369314
-0.806092,0.188127,-0.303514,0.471323,-0.795693,0.221403,-0.262065,0.49817,-0.606267,0.442424,-0.546773,0.369264
-0.806135,0.188079,-0.303618,0.471203,-0.795732,0.221495,-0.262153,0.498021,-0.606154,0.442495,-0.546971,0.369075
-0.806174,0.188049,-0.30367,0.471115,-0.795745,0.221612,-0.262157,0.497946,-0.606029,0.442528,-0.547145,0.368982
-0.806241,0.187946,-0.303693,0.471029,-0.795764,0.221758,-0.262087,0.497887,-0.605918,0.44258,-0.547275,0.36891
-0.806338,0.187741,-0.303557,0.471034,-0.795756,0.221772,-0.261946,0.497966,-0.605898,0.442567,-0.547347,0.368852
-0.806425,0.18753,-0.303413,0.471061,-0.795771,0.221782,-0.261795,0.498015,-0.605973,0.442434,-0.547358,0.368873
-0.806502,0.187403,-0.303395,0.470992,-0.795824,0.22182,-0.261655,0.497987,-0.606085,0.442271,-0.547311,0.368956
-0.806505,0.187388,-0.303398,0.470993,-0.795838,0.22175,-0.261606,0.498023,-0.606257,0.442088,-0.547229,0.369017
-0.806472,0.187471,-0.30347,0.470969,-0.795799,0.22174,-0.261664,0.498058,-0.606435,0.441942,-0.547072,0.36913
-0.806447,0.187488,-0.303572,0.470939,-0.7958,0.221707,-0.2618,0.498003,-0.606617,0.441825,-0.54691,0.369211
-0.806418,0.187562,-0.303679,0.470892,-0.795792,0.2217,-0.261959,0.497934,-0.606704,0.441762,-0.546839,0.369248
-0.80647,0.187581,-0.30368,0.470794,-0.795781,0.221651,-0.262101,0.497901,-0.606731,0.441777,-0.546775,0.36928
-0.806508,0.187598,-0.303624,0.470758,-0.795801,0.221604,-0.262108,0.497886,-0.606687,0.441807,-0.546812,0.369263
-0.806559,0.18751,-0.303541,0.470759,-0.795882,0.221493,-0.262006,0.49786,-0.606601,0.441866,-0.546906,0.369197
-0.806619,0.187513,-0.303422,0.470732,-0.79596,0.221369,-0.261878,0.497859,-0.606512,0.441947,-0.546989,0.369124
-0.80662,0.187508,-0.303397,0.470749,-0.796045,0.22125,-0.261744,0.497846,-0.606464,0.44202,-0.547042,0.369035
-0.806619,0.187515,-0.303398,0.470748,-0.796099,0.221167,-0.261659,0.497843,-0.606457,0.442008,-0.547057,0.369038
-0.806602,0.187556,-0.303475,0.470709,-0.7961,0.221146,-0.261687,0.497835,-0.606499,0.441963,-0.547044,0.369042
-0.806589,0.187621,-0.303547,0.47066,-0.796098,0.221154,-0.261743,0.497807,-0.606545,0.441927,-0.546989,0.369093
-0.806576,0.187713,-0.303609,0.470606,-0.796084,0.221135,-0.261833,0.497791,-0.606558,0.441933,-0.546947,0.369126
-0.806533,0.187832,-0.303748,0.470542,-0.796053,0.221182,-0.262004,0.497729,-0.606542,0.44196,-0.546917,0.369162
-0.806527,0.187905,-0.303875,0.470441,-0.796004,0.221386,-0.262123,0.497654,-0.606458,0.442005,-0.546962,0.369178
-0.806533,0.188062,-0.303851,0.470382,-0.795913,0.221728,-0.262152,0.497628,-0.606335,0.442055,-0.547036,0.36921
-0.806554,0.188086,-0.303727,0.470417,-0.795865,0.22202,-0.262084,0.497609,-0.606253,0.442132,-0.547084,0.369178
-0.806581,0.188053,-0.303519,0.470516,-0.795816,0.222232,-0.261881,0.497698,-0.606212,0.442188,-0.547106,0.369148
-0.806614,0.187979,-0.303344,0.470603,-0.795771,0.222395,-0.261691,0.497795,-0.606238,0.442198,-0.547122,0.369071
-0.806622,0.187911,-0.303158,0.470737,-0.795753,0.222516,-0.261447,0.497896,-0.606222,0.442229,-0.547102,0.369089
-0.806599,0.187878,-0.30305,0.470858,-0.795767,0.222549,-0.261259,0.497956,-0.606323,0.442216,-0.54698,0.369122
-0.806525,0.187901,-0.30309,0.470948,-0.79574,0.222592,-0.261282,0.497968,-0.606449,0.442169,-0.54681,0.36922
-0.806468,0.187985,-0.303181,0.470954,-0.795693,0.222655,-0.261344,0.497982,-0.606564,0.44209,-0.546661,0.369346
-0.806439,0.188129,-0.303236,0.47091,-0.79566,0.222717,-0.261467,0.497942,-0.606635,0.44205,-0.546496,0.369518
-0.806408,0.1883,-0.303243,0.470887,-0.795648,0.22276,-0.261589,0.497878,-0.606662,0.442081,-0.546412,0.369562
-0.806464,0.188376,-0.30322,0.470778,-0.795703,0.222759,-0.261618,0.497774,-0.606589,0.442173,-0.54641,0.369573
-0.806525,0.188458,-0.303182,0.470665,-0.795793,0.222727,-0.261578,0.497668,-0.606482,0.442322,-0.546435,0.369531
-0.806564,0.188533,-0.303107,0.470616,-0.795882,0.222736,-0.261471,0.497579,-0.606323,0.442486,-0.546512,0.36948
-0.80659,0.188557,-0.303018,0.47062,-0.795951,0.222703,-0.261376,0.497533,-0.606183,0.442621,-0.546605,0.369411
-0.806596,0.188555,-0.302915,0.470676,-0.795999,0.222708,-0.261205,0.497545,-0.606071,0.442753,-0.546678,0.369329
-0.806603,0.188504,-0.302819,0.470745,-0.796032,0.222667,-0.260995,0.497619,-0.606064,0.44279,-0.54667,0.369308
-0.806619,0.188462,-0.302629,0.470856,-0.79603,0.222582,-0.26075,0.497788,-0.606079,0.442769,-0.5466,0.36941
-0.806577,0.188458,-0.302572,0.470965,-0.796022,0.222477,-0.260586,0.497932,-0.606183,0.442711,-0.546465,0.369508
-0.806489,0.18857,-0.302635,0.47103,-0.795956,0.222496,-0.260455,0.498097,-0.606267,0.442649,-0.54634,0.369627
-0.806435,0.188693,-0.302746,0.471002,-0.795871,0.222538,-0.26039,0.498245,-0.606315,0.442605,-0.546237,0.369754
-0.806426,0.188801,-0.302819,0.470928,-0.795783,0.222698,-0.260381,0.498319,-0.60633,0.442562,-0.546164,0.369885
-0.806441,0.188886,-0.302821,0.470865,-0.795722,0.222816,-0.2604,0.498352,-0.606294,0.442557,-0.54614,0.369984
-0.806494,0.188976,-0.30276,0.470779,-0.795726,0.222968,-0.260396,0.49828,-0.606169,0.442653,-0.546158,0.370045
-0.806548,0.188954,-0.302672,0.47075,-0.795698,0.223125,-0.260329,0.498288,-0.606031,0.442752,-0.546273,0.369983
-0.806584,0.188891,-0.302493,0.470829,-0.795707,0.223157,-0.260212,0.498319,-0.605893,0.442875,-0.546389,0.369891
-0.80657,0.188845,-0.302373,0.470948,-0.795732,0.223108,-0.260072,0.498374,-0.605805,0.442983,-0.546466,0.369792
-0.806546,0.188841,-0.302362,0.470998,-0.795706,0.223097,-0.260112,0.498399,-0.605771,0.443063,-0.546449,0.369776
-0.806464,0.188869,-0.302412,0.471094,-0.795643,0.223132,-0.26023,0.498423,-0.605853,0.443002,-0.546391,0.369803
-0.806373,0.188998,-0.302513,0.471133,-0.795557,0.223213,-0.260371,0.498448,-0.605963,0.442881,-0.546282,0.369926
-0.806359,0.188996,-0.302553,0.471132,-0.795472,0.223193,-0.260567,0.498491,-0.606106,0.442771,-0.546124,0.370055
-0.806359,0.188931,-0.302581,0.471141,-0.795429,0.223108,-0.260707,0.498525,-0.606157,0.442757,-0.545992,0.370182
-0.806378,0.188925,-0.302599,0.471099,-0.795455,0.222988,-0.260764,0.498509,-0.606105,0.442789,-0.545994,0.370226
-0.806456,0.18885,-0.302602,0.470995,-0.795534,0.222921,-0.260773,0.498409,-0.605981,0.442892,-0.546059,0.370208
-0.806571,0.188769,-0.302528,0.470879,-0.795625,0.222783,-0.26079,0.498318,-0.60586,0.442965,-0.546172,0.370153
-0.806664,0.188675,-0.302449,0.470808,-0.795757,0.222609,-0.260639,0.498266,-0.605718,0.443046,-0.546283,0.370121
-0.806753,0.188622,-0.302326,0.470755,-0.795921,0.222501,-0.260453,0.498151,-0.60568,0.443074,-0.546378,0.370013
-0.806822,0.188556,-0.302282,0.470693,-0.796055,0.222421,-0.260278,0.498064,-0.605648,0.44305,-0.54646,0.369972
-0.80683,0.188524,-0.302266,0.470702,-0.796129,0.2224,-0.26019,0.498002,-0.605647,0.443088,-0.546412,0.369999
-0.806748,0.188586,-0.302334,0.470776,-0.796158,0.222404,-0.260163,0.49797,-0.605751,0.443073,-0.546311,0.369996
-0.806669,0.188692,-0.302414,0.470815,-0.796101,0.222454,-0.260196,0.49802,-0.605851,0.443055,-0.54623,0.369975
-0.806571,0.188786,-0.302561,0.47085,-0.795954,0.222616,-0.260316,0.498117,-0.605936,0.443016,-0.546139,0.370016
-0.806463,0.188861,-0.302642,0.470952,-0.795792,0.22273,-0.260434,0.498263,-0.605988,0.442968,-0.546055,0.370112
-0.806399,0.188874,-0.302696,0.471023,-0.795672,0.222802,-0.260517,0.498377,-0.605998,0.442956,-0.546038,0.370134
-0.806386,0.188888,-0.302777,0.470987,-0.795551,0.222898,-0.260571,0.498496,-0.606006,0.442931,-0.546092,0.370073
-0.806408,0.188874,-0.302772,0.470958,-0.795447,0.222977,-0.260659,0.498582,-0.605954,0.442947,-0.546173,0.370021
-0.806458,0.188839,-0.302773,0.470885,-0.79543,0.22296,-0.260779,0.498553,-0.605885,0.442978,-0.546252,0.369981
-0.806536,0.188768,-0.302716,0.470817,-0.795452,0.222871,-0.260946,0.498473,-0.605816,0.442978,-0.546374,0.369912
-0.806579,0.188753,-0.302684,0.470773,-0.795519,0.222784,-0.261032,0.498361,-0.605744,0.443,-0.546457,0.369883
-0.806633,0.188788,-0.302622,0.470704,-0.795604,0.222754,-0.26109,0.49821,-0.605701,0.442992,-0.546525,0.369863
-0.806717,0.188749,-0.302508,0.470649,-0.795686,0.222772,-0.261038,0.498098,-0.605686,0.442978,-0.546542,0.369877
-0.806757,0.188681,-0.302375,0.470696,-0.795806,0.222708,-0.260827,0.498047,-0.605732,0.442973,-0.546477,0.369905
-0.806778,0.18856,-0.302224,0.470804,-0.795852,0.222636,-0.260663,0.498091,-0.605856,0.442949,-0.546332,0.369945
-0.80679,0.18849,-0.302128,0.470873,-0.795906,0.222491,-0.260448,0.498182,-0.605992,0.442831,-0.546204,0.370052
-0.806763,0.188481,-0.302114,0.470933,-0.795956,0.22231,-0.260359,0.498231,-0.6061,0.442787,-0.546055,0.370147
-0.806742,0.188579,-0.302157,0.4709,-0.795951,0.222231,-0.260319,0.498294,-0.606208,0.442745,-0.545916,0.370227
-0.806707,0.188609,-0.302253,0.470886,-0.795906,0.222266,-0.260387,0.498315,-0.606225,0.442739,-0.545839,0.370317
-0.806678,0.188725,-0.302402,0.470795,-0.79587,0.222383,-0.260498,0.498262,-0.606217,0.442731,-0.54581,0.370382
-0.806679,0.188799,-0.302464,0.470723,-0.795812,0.222532,-0.260737,0.498163,-0.606101,0.442795,-0.545861,0.370418
-0.806708,0.188783,-0.302454,0.470686,-0.795791,0.222664,-0.260874,0.498067,-0.605922,0.442879,-0.545991,0.370417
-0.806808,0.188634,-0.302352,0.470641,-0.795782,0.222843,-0.260908,0.497982,-0.605732,0.442962,-0.546167,0.370366
-0.806971,0.188425,-0.302134,0.470587,-0.795792,0.222838,-0.260728,0.49806,-0.605625,0.442999,-0.546285,0.370325
-0.807145,0.188241,-0.301907,0.470509,-0.795917,0.222663,-0.260425,0.4981,-0.605613,0.44296,-0.546354,0.37029
-0.807253,0.188182,-0.301779,0.47043,-0.796052,0.222482,-0.260143,0.498112,-0.605639,0.442865,-0.546378,0.370326
-0.807313,0.188191,-0.301708,0.47037,-0.79617,0.222343,-0.259942,0.498091,-0.605727,0.442773,-0.54635,0.370334
-0.807295,0.188278,-0.301759,0.470333,-0.796225,0.222369,-0.2599,0.498015,-0.605845,0.442655,-0.546273,0.370396
-0.807211,0.188483,-0.301917,0.470293,-0.796259,0.222515,-0.259992,0.497847,-0.605984,0.442627,-0.546107,0.370447
-0.807101,0.188732,-0.302138,0.470238,-0.796223,0.222632,-0.26025,0.497719,-0.606087,0.442628,-0.545954,0.370504
-0.806992,0.188997,-0.302331,0.470194,-0.796117,0.222788,-0.260594,0.497639,-0.606125,0.442668,-0.545843,0.370556
-0.806937,0.189161,-0.302408,0.470172,-0.796033,0.222899,-0.260886,0.497571,-0.606068,0.442714,-0.545831,0.37061
-0.806924,0.189238,-0.302398,0.47017,-0.795964,0.222901,-0.261047,0.497594,-0.605962,0.442823,-0.545879,0.370583
-0.806956,0.189192,-0.302319,0.470182,-0.795929,0.22285,-0.261115,0.497637,-0.605787,0.442968,-0.545992,0.370526
-0.806986,0.18911,-0.302209,0.470235,-0.795995,0.222652,-0.261049,0.497657,-0.605604,0.443107,-0.546139,0.370442
-0.807061,0.189071,-0.302067,0.470214,-0.796091,0.222499,-0.260918,0.497642,-0.605463,0.4432,-0.546234,0.370421
-0.807093,0.189069,-0.302017,0.470193,-0.796199,0.22235,-0.260728,0.497636,-0.605369,0.443218,-0.546308,0.370443
-0.807118,0.189072,-0.301945,0.470195,-0.796247,0.222305,-0.260627,0.497631,-0.605359,0.443186,-0.546321,0.370479
-0.807089,0.18911,-0.301942,0.47023,-0.79626,0.222373,-0.260496,0.49765,-0.60538,0.44316,-0.546305,0.370496
-0.807009,0.189258,-0.30202,0.470258,-0.79621,0.222561,-0.260436,0.497675,-0.60538,0.443169,-0.546244,0.370576
-0.806888,0.189468,-0.302156,0.470291,-0.796114,0.222824,-0.260412,0.49772,-0.605436,0.443201,-0.546133,0.370608
-0.806773,0.189543,-0.3023,0.470365,-0.795954,0.223098,-0.260423,0.497846,-0.605466,0.443232,-0.546054,0.370638
-0.806701,0.189609,-0.302359,0.470423,-0.795794,0.223278,-0.260448,0.498005,-0.605516,0.443227,-0.546007,0.370634
-0.806664,0.189661,-0.302358,0.470468,-0.795626,0.223368,-0.260497,0.498204,-0.605488,0.443252,-0.546008,0.370647
-0.806646,0.189704,-0.302348,0.470485,-0.795499,0.223407,-0.260556,0.498358,-0.605434,0.443353,-0.546007,0.370614
-0.806676,0.189739,-0.302334,0.47043,-0.795427,0.223484,-0.260587,0.498421,-0.605306,0.443464,-0.546097,0.37056
-0.806745,0.189793,-0.302233,0.470355,-0.795422,0.223592,-0.260624,0.49836,-0.605235,0.443498,-0.546189,0.370497
-0.806842,0.189793,-0.302111,0.470265,-0.795494,0.22363,-0.260605,0.498239,-0.605153,0.443533,-0.546269,0.370473
-0.806962,0.189699,-0.301953,0.4702,-0.795645,0.223569,-0.260456,0.498105,-0.605102,0.443572,-0.546323,0.370428
-0.807043,0.189606,-0.301815,0.470188,-0.79578,0.223521,-0.2603,0.497993,-0.605148,0.443522,-0.546278,0.370479
-0.80709,0.189559,-0.301809,0.470131,-0.795913,0.223388,-0.260185,0.497902,-0.605243,0.443481,-0.546162,0.370545
-0.80707,0.189624,-0.301927,0.470062,-0.795966,0.223246,-0.260178,0.497885,-0.605363,0.443417,-0.546057,0.370581
-0.807017,0.189721,-0.302083,0.470015,-0.796009,0.223103,-0.260237,0.497852,-0.605488,0.443423,-0.54591,0.370587
-0.806965,0.189859,-0.302237,0.469949,-0.795985,0.223089,-0.260363,0.49783,-0.6056,0.443379,-0.545803,0.370613
-0.806928,0.189943,-0.302401,0.469872,-0.79599,0.223068,-0.260477,0.497774,-0.605663,0.443388,-0.545722,0.370619
-0.806959,0.189981,-0.302437,0.469781,-0.79602,0.223054,-0.260579,0.497679,-0.605617,0.44346,-0.5457,0.370638
-0.807022,0.189925,-0.302395,0.469723,-0.796093,0.223076,-0.260595,0.497546,-0.605492,0.443575,-0.545773,0.370596
-0.80711,0.189869,-0.302335,0.469634,-0.796181,0.223022,-0.260524,0.497467,-0.60535,0.443687,-0.54589,0.370523
-0.80722,0.189877,-0.302268,0.469486,-0.796246,0.222984,-0.260487,0.4974,-0.605253,0.443734,-0.546003,0.370457
-0.807258,0.189938,-0.302315,0.469365,-0.796314,0.223027,-0.260444,0.497294,-0.605126,0.443781,-0.546134,0.370415
-0.807293,0.189988,-0.302337,0.46927,-0.796363,0.223135,-0.260437,0.497173,-0.605062,0.443834,-0.546197,0.370364
-0.807369,0.189913,-0.302272,0.469215,-0.796336,0.223261,-0.260447,0.497152,-0.605026,0.443868,-0.546196,0.370384
-0.80743,0.189848,-0.302224,0.469168,-0.796348,0.22335,-0.260342,0.497148,-0.605129,0.443772,-0.546142,0.370411
-0.807478,0.189732,-0.30212,0.469199,-0.796359,0.223358,-0.260215,0.497193,-0.605241,0.443716,-0.545999,0.370504
-0.807484,0.189662,-0.302031,0.469273,-0.796342,0.223205,-0.260144,0.497325,-0.605343,0.443675,-0.545861,0.37059
-0.807433,0.189724,-0.302038,0.469332,-0.796324,0.223162,-0.260089,0.497403,-0.605439,0.443656,-0.545742,0.370632
-0.807347,0.189881,-0.302164,0.469334,-0.7963,0.223188,-0.260129,0.497408,-0.605563,0.443576,-0.545616,0.370709
-0.807292,0.190033,-0.302271,0.469299,-0.796213,0.223358,-0.260228,0.497419,-0.605606,0.44359,-0.545514,0.37077
-0.807207,0.190218,-0.302402,0.469283,-0.796144,0.223514,-0.260313,0.497413,-0.605573,0.443592,-0.545528,0.3708
-0.807158,0.19033,-0.302424,0.469306,-0.796089,0.223667,-0.260364,0.497403,-0.605527,0.44366,-0.545524,0.370801
-0.807119,0.190398,-0.302416,0.469352,-0.796088,0.223708,-0.260288,0.497426,-0.605442,0.443773,-0.545585,0.370712
-0.807142,0.1904,-0.302294,0.469389,-0.796103,0.223711,-0.260163,0.497465,-0.605331,0.443865,-0.545649,0.37069
-0.807135,0.1904,-0.302203,0.469458,-0.796115,0.223709,-0.260061,0.497499,-0.605196,0.443965,-0.545727,0.370677
-0.807153,0.190417,-0.302116,0.469476,-0.796157,0.223636,-0.259973,0.497513,-0.605136,0.443988,-0.545776,0.370675
-0.807145,0.190382,-0.302096,0.469518,-0.796193,0.223637,-0.259864,0.497511,-0.605131,0.443977,-0.545756,0.370722
-0.807139,0.190417,-0.302101,0.469509,-0.796209,0.223669,-0.259822,0.497493,-0.605151,0.443923,-0.545721,0.370806
-0.807121,0.190471,-0.30213,0.469501,-0.79624,0.223649,-0.259801,0.497463,-0.605161,0.44393,-0.545655,0.370877
-0.807102,0.190566,-0.302146,0.469483,-0.796227,0.223641,-0.259896,0.497439,-0.605149,0.443932,-0.545604,0.370969
-0.807104,0.190601,-0.302155,0.469461,-0.796219,0.223647,-0.260059,0.497364,-0.605106,0.44394,-0.54563,0.370989
-0.807085,0.190662,-0.302181,0.469452,-0.796179,0.223777,-0.260159,0.497317,-0.605035,0.443932,-0.545685,0.371034
-0.807071,0.190707,-0.302219,0.469433,-0.796094,0.223934,-0.260209,0.497355,-0.60493,0.444032,-0.545759,0.370974
-0.807061,0.190767,-0.302205,0.469434,-0.796071,0.224045,-0.260155,0.497368,-0.604867,0.444108,-0.545844,0.370864
-0.807024,0.19076,-0.302224,0.469487,-0.795995,0.224247,-0.260048,0.497454,-0.604796,0.444148,-0.545925,0.370814
-0.807029,0.190615,-0.302173,0.469572,-0.795885,0.224413,-0.259957,0.497599,-0.604782,0.444161,-0.54593,0.370812
-0.807018,0.190502,-0.302128,0.469665,-0.795861,0.22431,-0.259943,0.497692,-0.60483,0.44415,-0.545883,0.370818
-0.807009,0.190428,-0.30212,0.469717,-0.795842,0.224251,-0.260043,0.497696,-0.60489,0.444131,-0.545813,0.370845
-0.806971,0.190485,-0.302221,0.469693,-0.795812,0.224231,-0.26021,0.497668,-0.604993,0.444049,-0.545736,0.370889
-0.806956,0.190551,-0.302271,0.46966,-0.795765,0.224363,-0.260458,0.497553,-0.605059,0.443997,-0.545655,0.370961
-0.807009,0.1906,-0.302273,0.469548,-0.795756,0.224449,-0.260646,0.49743,-0.605115,0.443935,-0.545572,0.371065
-0.807072,0.190534,-0.302175,0.46953,-0.795819,0.22449,-0.260686,0.497291,-0.605134,0.443864,-0.545535,0.371171
-0.807168,0.190439,-0.302052,0.469483,-0.795874,0.224475,-0.260602,0.497253,-0.605093,0.4439,-0.545568,0.371148
-0.807245,0.190407,-0.301911,0.469455,-0.796023,0.224354,-0.260355,0.4972,-0.60504,0.443941,-0.545579,0.371169
-0.807239,0.190426,-0.301871,0.469483,-0.796116,0.224304,-0.260162,0.497176,-0.605018,0.444009,-0.545566,0.371142
-0.807147,0.190558,-0.301946,0.469539,-0.796144,0.2243,-0.260078,0.497176,-0.605047,0.444038,-0.545551,0.371085
-0.807086,0.190673,-0.301995,0.469565,-0.796144,0.224367,-0.260077,0.497148,-0.605113,0.444008,-0.545508,0.371075
-0.806975,0.190844,-0.302053,0.469645,-0.796037,0.224583,-0.26019,0.49716,-0.605102,0.444059,-0.545443,0.371126
-0.806865,0.190968,-0.3022,0.469689,-0.795913,0.224794,-0.260293,0.497209,-0.605106,0.444064,-0.545391,0.371189
-0.806758,0.191025,-0.302324,0.46977,-0.795751,0.225,-0.260505,0.497262,-0.60513,0.4441,-0.545327,0.3712
-0.806646,0.191077,-0.302472,0.469844,-0.79558,0.225175,-0.260737,0.497332,-0.60514,0.4441,-0.545359,0.37114
-0.806608,0.191135,-0.302535,0.469845,-0.795429,0.225341,-0.260985,0.497368,-0.605051,0.444127,-0.545444,0.371124
-0.806637,0.191122,-0.302498,0.469826,-0.795317,0.225452,-0.261106,0.497432,-0.604918,0.44415,-0.545555,0.371148
-0.806709,0.191062,-0.302373,0.469807,-0.795261,0.225559,-0.261104,0.497471,-0.604755,0.44418,-0.545734,0.371117
-0.806817,0.190899,-0.302178,0.469814,-0.795275,0.225568,-0.260938,0.497531,-0.604642,0.444143,-0.545939,0.371044
-0.806918,0.190775,-0.301978,0.469818,-0.795324,0.225541,-0.260696,0.497591,-0.604578,0.444113,-0.546072,0.370989
-0.806963,0.190703,-0.301887,0.46983,-0.795404,0.225427,-0.260442,0.497649,-0.604596,0.444076,-0.546083,0.37099
-0.806897,0.190734,-0.301957,0.469886,-0.795438,0.225269,-0.260352,0.497713,-0.604675,0.444031,-0.545996,0.371042
-0.806788,0.190853,-0.302079,0.469945,-0.795391,0.225238,-0.260443,0.497755,-0.604814,0.443934,-0.54586,0.37113
-0.806661,0.190988,-0.302254,0.469995,-0.795302,0.225305,-0.26066,0.497753,-0.604879,0.443902,-0.545727,0.371258
-0.806529,0.191109,-0.302414,0.470068,-0.795182,0.225371,-0.260942,0.497767,-0.604924,0.443864,-0.545628,0.371376
-0.806457,0.191131,-0.302468,0.470149,-0.795111,0.225391,-0.261136,0.497771,-0.604881,0.443861,-0.545586,0.371508
-0.806474,0.191041,-0.302416,0.470189,-0.795077,0.225362,-0.261217,0.497794,-0.604783,0.443894,-0.545646,0.371537
-0.806516,0.190953,-0.302259,0.470254,-0.795115,0.225261,-0.261193,0.497793,-0.604619,0.443943,-0.545774,0.371557
-0.806605,0.190708,-0.30205,0.470336,-0.795182,0.225097,-0.261016,0.497853,-0.604431,0.444019,-0.545906,0.371574
-0.806679,0.190535,-0.301786,0.47045,-0.795276,0.224895,-0.260732,0.497944,-0.604337,0.444013,-0.546032,0.371552
-0.806718,0.190432,-0.301569,0.470562,-0.795413,0.224698,-0.260398,0.497989,-0.604329,0.443932,-0.546098,0.371564
-0.806704,0.190414,-0.301485,0.470647,-0.795467,0.224606,-0.260059,0.498123,-0.604348,0.443849,-0.546107,0.371619
-0.806644,0.190507,-0.301502,0.470701,-0.795456,0.224673,-0.259893,0.498194,-0.60447,0.443782,-0.545985,0.371681
-0.806523,0.190656,-0.301624,0.470769,-0.79539,0.224776,-0.259865,0.498266,-0.604627,0.443693,-0.54581,0.371788
-0.806368,0.190825,-0.301842,0.470824,-0.795247,0.224934,-0.259953,0.498377,-0.604714,0.443633,-0.545701,0.371875
-0.806222,0.190982,-0.302052,0.470876,-0.795032,0.225114,-0.260128,0.498543,-0.604745,0.443601,-0.545606,0.372002
-0.806125,0.191151,-0.302262,0.470836,-0.794833,0.225334,-0.260406,0.498614,-0.604669,0.443656,-0.54562,0.372038
-0.806103,0.19128,-0.302376,0.47075,-0.794682,0.225516,-0.260664,0.498636,-0.604541,0.443791,-0.545659,0.372029
-0.806128,0.191377,-0.302442,0.470623,-0.794622,0.225659,-0.260777,0.498608,-0.604358,0.443922,-0.545809,0.371947
-0.806207,0.191442,-0.302372,0.470509,-0.794602,0.225798,-0.260767,0.49858,-0.604099,0.444065,-0.546014,0.371894
-0.806313,0.191417,-0.302244,0.470417,-0.794609,0.225877,-0.260707,0.498563,-0.603918,0.444121,-0.546218,0.371822
-0.806416,0.191321,-0.302064,0.470397,-0.794727,0.225833,-0.260552,0.498478,-0.603799,0.4442,-0.546343,0.371738
-0.806431,0.191298,-0.30196,0.470448,-0.794861,0.225718,-0.260358,0.49842,-0.603807,0.444211,-0.546394,0.371638
-0.806429,0.191304,-0.301901,0.470486,-0.794953,0.225702,-0.260278,0.498324,-0.603879,0.444182,-0.546309,0.371681
-0.806432,0.1913,-0.301886,0.470492,-0.794986,0.225654,-0.260241,0.498312,-0.604039,0.444094,-0.546105,0.371825
-0.806443,0.191342,-0.301801,0.470511,-0.794987,0.225639,-0.260206,0.498334,-0.604219,0.443991,-0.545873,0.371993
-0.806452,0.191322,-0.301758,0.47053,-0.795034,0.225583,-0.26012,0.498329,-0.604424,0.44389,-0.54565,0.37211
-0.806481,0.191327,-0.301672,0.470534,-0.795057,0.225546,-0.260084,0.498328,-0.604567,0.443867,-0.545427,0.372231
-0.806477,0.191426,-0.301714,0.470473,-0.79508,0.225566,-0.25996,0.498348,-0.604614,0.443899,-0.545333,0.372255
-0.806456,0.191606,-0.301818,0.47037,-0.795076,0.225715,-0.259885,0.498325,-0.604591,0.443973,-0.545284,0.372274
-0.806481,0.191752,-0.301871,0.470232,-0.795059,0.225974,-0.259846,0.498254,-0.604461,0.444127,-0.54535,0.372201
-0.806473,0.191926,-0.301948,0.470125,-0.795042,0.22616,-0.259965,0.498134,-0.604249,0.4443,-0.545519,0.372092
-0.806479,0.192034,-0.301989,0.470045,-0.79507,0.226345,-0.260025,0.497974,-0.604038,0.444461,-0.545677,0.372013
-0.806492,0.192088,-0.301986,0.470001,-0.795043,0.226596,-0.260091,0.497868,-0.603845,0.444612,-0.545811,0.371948
-0.80652,0.192038,-0.301915,0.47002,-0.794987,0.226849,-0.260069,0.497851,-0.603719,0.444749,-0.545936,0.371802
-0.806583,0.192011,-0.301782,0.470007,-0.794954,0.226951,-0.259975,0.497905,-0.603703,0.44475,-0.54598,0.371766
-0.806591,0.191953,-0.301694,0.470075,-0.794915,0.227005,-0.259918,0.497971,-0.603743,0.44478,-0.545919,0.371753
-0.806618,0.191872,-0.301557,0.47015,-0.794845,0.227079,-0.259774,0.498124,-0.603837,0.444736,-0.545835,0.371778
-0.806637,0.19188,-0.301494,0.470153,-0.79478,0.227129,-0.259656,0.498263,-0.603964,0.444617,-0.545719,0.371883
-0.806631,0.191919,-0.301496,0.470147,-0.794735,0.227129,-0.259575,0.498375,-0.604147,0.444518,-0.545537,0.371971
-0.806649,0.191938,-0.301585,0.470052,-0.794717,0.22711,-0.259578,0.498412,-0.604309,0.444441,-0.545367,0.372049
-0.806631,0.191988,-0.301664,0.470012,-0.794719,0.227107,-0.259709,0.498344,-0.604424,0.444377,-0.545206,0.372173
-0.806676,0.192077,-0.301779,0.469824,-0.794719,0.227176,-0.259847,0.498241,-0.604421,0.444361,-0.545217,0.37218
-0.806734,0.192082,-0.301862,0.469669,-0.794802,0.227216,-0.259968,0.498027,-0.60433,0.444408,-0.545312,0.372133
-0.80681,0.192023,-0.301871,0.469559,-0.794904,0.227176,-0.260055,0.497839,-0.604225,0.444488,-0.54545,0.372007
-0.806932,0.191825,-0.301768,0.469499,-0.795026,0.22702,-0.260075,0.497707,-0.604131,0.44451,-0.545602,0.371913
-0.80703,0.191633,-0.301675,0.469468,-0.795199,0.226797,-0.260005,0.497571,-0.604119,0.444476,-0.545742,0.371769
-0.807112,0.191461,-0.301526,0.469496,-0.795382,0.226563,-0.259851,0.497468,-0.604116,0.444424,-0.545867,0.371656
-0.80722,0.191264,-0.301439,0.469447,-0.795523,0.226334,-0.259657,0.49745,-0.60418,0.444366,-0.54585,0.371647
-0.807281,0.191149,-0.301358,0.469441,-0.795604,0.226193,-0.259442,0.497499,-0.604324,0.444257,-0.545772,0.371659
-0.80731,0.191087,-0.301362,0.469416,-0.795637,0.226112,-0.259338,0.497536,-0.604487,0.444086,-0.545677,0.371738
-0.807273,0.191127,-0.301448,0.469406,-0.795644,0.226099,-0.259301,0.49755,-0.604599,0.443938,-0.545552,0.371914
-0.807237,0.191206,-0.301589,0.469344,-0.795585,0.226198,-0.259391,0.497552,-0.604659,0.443871,-0.545457,0.372036
-0.807174,0.191223,-0.30176,0.469337,-0.795489,0.226383,-0.25954,0.497544,-0.604678,0.443871,-0.545415,0.372066
-0.807136,0.191264,-0.301832,0.469339,-0.79536,0.226527,-0.259664,0.497617,-0.604671,0.443853,-0.545463,0.372029
-0.807159,0.191268,-0.301882,0.469267,-0.795277,0.226619,-0.259786,0.497642,-0.604581,0.44388,-0.545567,0.37199
-0.807166,0.19121,-0.301844,0.469303,-0.795225,0.226657,-0.259866,0.497665,-0.604464,0.443932,-0.545729,0.371884
-0.80722,0.191108,-0.301736,0.46932,-0.795141,0.226674,-0.259889,0.49778,-0.604309,0.443995,-0.54589,0.371821
-0.807258,0.191096,-0.301687,0.469291,-0.795124,0.22662,-0.25994,0.497805,-0.604234,0.443956,-0.546045,0.371763
-0.807263,0.191137,-0.301705,0.469256,-0.795144,0.22665,-0.259998,0.497731,-0.604137,0.443928,-0.546151,0.371799
-0.807208,0.191259,-0.301778,0.469253,-0.795163,0.226789,-0.260058,0.497607,-0.604166,0.443861,-0.546159,0.37182
-0.807176,0.19133,-0.301815,0.469255,-0.795167,0.226929,-0.260132,0.497495,-0.604203,0.443809,-0.546121,0.371878
-0.80711,0.191411,-0.301886,0.469289,-0.795143,0.227129,-0.260247,0.497384,-0.604238,0.443753,-0.546082,0.371946
-0.807041,0.191474,-0.301939,0.469347,-0.795126,0.227291,-0.260351,0.497281,-0.60428,0.44374,-0.546027,0.371972
-0.807006,0.191491,-0.301979,0.469375,-0.795115,0.227365,-0.260384,0.497246,-0.604316,0.443802,-0.545932,0.371978
-0.806999,0.191469,-0.302016,0.469372,-0.795145,0.227381,-0.260378,0.497197,-0.604305,0.443858,-0.545892,0.371988
-0.807017,0.191387,-0.302013,0.469377,-0.795165,0.22728,-0.260404,0.497196,-0.604265,0.443893,-0.545921,0.371967
-0.807067,0.19132,-0.301938,0.469366,-0.795212,0.227158,-0.260431,0.497163,-0.604169,0.443938,-0.545986,0.371973
-0.807152,0.191232,-0.30175,0.469379,-0.795319,0.22698,-0.26035,0.497118,-0.604109,0.44395,-0.546035,0.371985
-0.807286,0.191087,-0.301523,0.469353,-0.795394,0.226882,-0.260194,0.497126,-0.603989,0.443967,-0.546132,0.372014
-0.807495,0.190792,-0.301169,0.469341,-0.795545,0.226747,-0.259865,0.497119,-0.603905,0.443974,-0.546246,0.371977
-0.807709,0.190521,-0.300796,0.469326,-0.795677,0.226523,-0.259496,0.497203,-0.603854,0.444011,-0.546279,0.371968
-0.807928,0.190117,-0.300428,0.46935,-0.795835,0.226175,-0.259087,0.497322,-0.603915,0.443963,-0.546241,0.371982
-0.808074,0.189773,-0.300002,0.469511,-0.795978,0.225829,-0.258598,0.497505,-0.604028,0.443877,-0.546113,0.37209
-0.808173,0.189577,-0.299751,0.46958,-0.796115,0.225387,-0.258194,0.497699,-0.604184,0.443803,-0.545945,0.372168
-0.808196,0.189578,-0.299672,0.469591,-0.796211,0.225094,-0.257888,0.497837,-0.604296,0.443745,-0.545758,0.372329
-0.808161,0.189676,-0.299695,0.469595,-0.796226,0.224983,-0.25776,0.497928,-0.604426,0.443674,-0.545576,0.372468
-0.80807,0.189919,-0.299938,0.469498,-0.796154,0.225038,-0.257888,0.497954,-0.604527,0.443651,-0.545404,0.372584
-0.80796,0.190225,-0.30026,0.469356,-0.796091,0.225196,-0.258191,0.497826,-0.604562,0.443636,-0.545368,0.372595
-0.807901,0.190498,-0.300448,0.469227,-0.796036,0.225464,-0.258546,0.497608,-0.60449,0.443733,-0.545397,0.372554
-0.807891,0.190566,-0.300513,0.469175,-0.796001,0.225635,-0.258828,0.497441,-0.604366,0.443845,-0.545461,0.372528
-0.807956,0.19053,-0.300411,0.469142,-0.796024,0.22568,-0.258972,0.497307,-0.604185,0.444016,-0.545573,0.372451
-0.808073,0.190391,-0.300261,0.469096,-0.796126,0.225568,-0.258929,0.497221,-0.604023,0.444106,-0.545747,0.372353
-0.808178,0.190267,-0.300095,0.469071,-0.79628,0.225377,-0.258683,0.49719,-0.60387,0.444189,-0.545909,0.372266
-0.80822,0.190169,-0.300002,0.469098,-0.79645,0.225164,-0.258396,0.497165,-0.603897,0.444197,-0.545899,0.372227
-0.808241,0.190165,-0.299976,0.46908,-0.79657,0.224932,-0.258185,0.497189,-0.603997,0.444143,-0.545819,0.372248
-0.80822,0.19025,-0.300066,0.469026,-0.796653,0.224847,-0.258098,0.497141,-0.60414,0.444022,-0.545715,0.372314
-0.808143,0.190404,-0.300257,0.468973,-0.796629,0.224921,-0.258168,0.497108,-0.604291,0.443932,-0.545566,0.372391
-0.808057,0.190593,-0.300454,0.468916,-0.796564,0.225049,-0.258324,0.497072,-0.604367,0.443929,-0.545455,0.372435
-0.80799,0.190713,-0.30067,0.468845,-0.796471,0.225181,-0.258493,0.497075,-0.60439,0.443937,-0.545363,0.372523
-0.807906,0.190912,-0.300938,0.468738,-0.796354,0.225323,-0.258671,0.497104,-0.604363,0.443973,-0.545414,0.372449
-0.807877,0.191053,-0.301072,0.468643,-0.796255,0.225538,-0.258827,0.497081,-0.604201,0.444121,-0.545533,0.372361
-0.807914,0.19103,-0.301048,0.468605,-0.796153,0.225723,-0.258915,0.497114,-0.60404,0.444263,-0.545654,0.372275
-0.807946,0.191023,-0.300993,0.468586,-0.796047,0.225866,-0.258957,0.497196,-0.603905,0.444304,-0.54583,0.372187
-0.808,0.191048,-0.300983,0.468491,-0.796022,0.22602,-0.258881,0.497203,-0.603853,0.444306,-0.545961,0.372077
-0.808059,0.190956,-0.300859,0.468506,-0.795979,0.226133,-0.258753,0.497287,-0.603816,0.444305,-0.546014,0.372064
-0.808026,0.190942,-0.300824,0.468591,-0.795872,0.226246,-0.258757,0.4974,-0.603879,0.444237,-0.545987,0.372082
-0.80795,0.191025,-0.300943,0.468612,-0.795798,0.22622,-0.258798,0.497509,-0.603957,0.44419,-0.545895,0.372144
-0.80788,0.191085,-0.301033,0.46865,-0.795743,0.226272,-0.258918,0.497512,-0.604082,0.444141,-0.545763,0.372196
-0.807781,0.191152,-0.301105,0.468746,-0.795673,0.226351,-0.259018,0.497535,-0.604161,0.4441,-0.545632,0.372306
-0.807706,0.19119,-0.301141,0.468835,-0.795565,0.226467,-0.259168,0.497574,-0.604251,0.444008,-0.545553,0.372387
-0.807668,0.191202,-0.301127,0.468905,-0.795513,0.226484,-0.259285,0.49759,-0.604301,0.443957,-0.5455,0.372444
-0.807667,0.191158,-0.301092,0.468947,-0.795531,0.226503,-0.25934,0.497524,-0.604273,0.443926,-0.545507,0.372514
-0.807693,0.191105,-0.301078,0.468931,-0.795576,0.226441,-0.259327,0.497488,-0.604227,0.443931,-0.545542,0.372531
-0.807723,0.191101,-0.300986,0.468942,-0.795666,0.226281,-0.259274,0.497446,-0.604163,0.443935,-0.545609,0.372531
-0.8078,0.191053,-0.30089,0.468891,-0.795812,0.226123,-0.259149,0.49735,-0.604046,0.44395,-0.545715,0.372547
-0.807853,0.190969,-0.300793,0.468897,-0.795901,0.225957,-0.258976,0.497375,-0.60395,0.443942,-0.545818,0.372562
-0.8079,0.190865,-0.300669,0.468937,-0.79599,0.225762,-0.258783,0.497422,-0.603878,0.443917,-0.545934,0.372537
-0.807904,0.190749,-0.300577,0.469038,-0.796053,0.225547,-0.258591,0.49752,-0.603861,0.443897,-0.545968,0.372539
-0.807874,0.190706,-0.30056,0.469115,-0.796086,0.225344,-0.258356,0.497682,-0.603932,0.443844,-0.545931,0.372542
-0.807835,0.190709,-0.300556,0.469184,-0.796029,0.225249,-0.258243,0.497873,-0.604036,0.443764,-0.545877,0.37255
-0.807771,0.190841,-0.300637,0.469187,-0.795915,0.225299,-0.258191,0.498057,-0.604104,0.443719,-0.545824,0.372571
-0.807724,0.190886,-0.30071,0.469205,-0.795773,0.225389,-0.258235,0.498218,-0.604142,0.443669,-0.545778,0.372637
-0.807689,0.191013,-0.300745,0.469189,-0.795681,0.22542,-0.25835,0.49829,-0.604147,0.443645,-0.545743,0.372704
-0.807628,0.191138,-0.300907,0.469139,-0.795589,0.225527,-0.258533,0.498294,-0.604127,0.443662,-0.545747,0.372712
-0.807613,0.191319,-0.301012,0.469025,-0.795526,0.225693,-0.258758,0.498202,-0.604037,0.443734,-0.545789,0.372712
-0.807576,0.191572,-0.301163,0.468885,-0.795463,0.225871,-0.259067,0.498062,-0.603943,0.44378,-0.545871,0.372688
-0.80761,0.191695,-0.30112,0.468806,-0.795466,0.226012,-0.259315,0.497866,-0.603788,0.443889,-0.545991,0.372633
-0.807685,0.191711,-0.300959,0.468772,-0.79553,0.22612,-0.259431,0.497655,-0.603712,0.443961,-0.546049,0.372584
-0.807794,0.191604,-0.300766,0.468752,-0.795636,0.226095,-0.25941,0.497509,-0.603619,0.444009,-0.5461,0.372603
-0.807851,0.191536,-0.300595,0.468791,-0.795741,0.225997,-0.25929,0.497449,-0.603674,0.444031,-0.546006,0.372623
-0.807849,0.191458,-0.300468,0.468909,-0.795835,0.225858,-0.259055,0.497485,-0.60373,0.444085,-0.545882,0.372648
-0.807792,0.191506,-0.300436,0.469007,-0.795903,0.225743,-0.258905,0.497508,-0.603897,0.444052,-0.545669,0.372729
-0.80771,0.191591,-0.300471,0.469088,-0.795923,0.225636,-0.258798,0.49758,-0.604041,0.443952,-0.545476,0.372896
-0.807638,0.191683,-0.300523,0.469142,-0.795919,0.22554,-0.258783,0.497636,-0.604161,0.443899,-0.545262,0.373076
-0.807547,0.191757,-0.300576,0.469234,-0.795904,0.225506,-0.258731,0.497701,-0.60422,0.443906,-0.54511,0.373193
-0.807554,0.191796,-0.300573,0.469207,-0.795872,0.225439,-0.258715,0.497793,-0.604154,0.443978,-0.545061,0.373285
-0.807574,0.191855,-0.300518,0.469183,-0.795858,0.225456,-0.258628,0.497851,-0.604027,0.444085,-0.545095,0.373309
-0.807624,0.19184,-0.300399,0.469179,-0.795899,0.225507,-0.258455,0.497852,-0.603838,0.444198,-0.545247,0.373258
-0.807674,0.191818,-0.300291,0.469173,-0.795908,0.225584,-0.258225,0.497921,-0.603647,0.444327,-0.545389,0.373205
-0.807703,0.191775,-0.300184,0.469208,-0.795877,0.225701,-0.258059,0.498003,-0.603531,0.444375,-0.545541,0.373115
-0.807735,0.191728,-0.300064,0.469249,-0.795855,0.225793,-0.25792,0.498065,-0.603402,0.444427,-0.545652,0.3731
-0.807747,0.191683,-0.299958,0.469314,-0.795863,0.22579,-0.257722,0.498156,-0.603405,0.444411,-0.545669,0.373086
-0.807723,0.191663,-0.299987,0.469347,-0.795829,0.225754,-0.257672,0.498253,-0.603451,0.444356,-0.5456,0.373178
-0.807678,0.191698,-0.300008,0.469394,-0.79572,0.225776,-0.257685,0.498408,-0.603535,0.444307,-0.545466,0.373298
-0.807603,0.191825,-0.300114,0.469404,-0.795632,0.225793,-0.257858,0.498451,-0.603669,0.444223,-0.545276,0.373455
-0.807514,0.192038,-0.300262,0.469375,-0.795522,0.225838,-0.258228,0.498416,-0.603771,0.44416,-0.545119,0.373593
-0.807453,0.192175,-0.300427,0.469318,-0.795447,0.225976,-0.258547,0.498307,-0.603769,0.444171,-0.545039,0.373698
-0.807449,0.192224,-0.300461,0.469281,-0.795402,0.226158,-0.258766,0.498182,-0.603749,0.444215,-0.545022,0.373702
-0.807477,0.192148,-0.300401,0.469304,-0.795389,0.226235,-0.258893,0.498102,-0.603666,0.444255,-0.545085,0.373698
-0.807529,0.191995,-0.30026,0.469367,-0.795446,0.226178,-0.258867,0.498051,-0.603567,0.444364,-0.545148,0.373636
-0.807563,0.191825,-0.300139,0.469456,-0.795523,0.226007,-0.258721,0.498082,-0.603453,0.44446,-0.545253,0.373551
-0.807603,0.191627,-0.300039,0.469533,-0.795579,0.225823,-0.258519,0.498181,-0.603448,0.444432,-0.545327,0.373488
-0.807568,0.191548,-0.3,0.469649,-0.795601,0.225711,-0.258393,0.498263,-0.603526,0.444328,-0.545282,0.373549
-0.807565,0.191458,-0.299959,0.469718,-0.795685,0.22549,-0.258249,0.498305,-0.603664,0.444242,-0.545116,0.373671
-0.807567,0.191447,-0.299961,0.469718,-0.795702,0.225411,-0.258175,0.498352,-0.603731,0.444159,-0.544998,0.373833
-0.807576,0.191441,-0.299981,0.469691,-0.795696,0.225341,-0.258204,0.498377,-0.603803,0.444059,-0.5449,0.373976
-0.807576,0.191513,-0.300013,0.46964,-0.795672,0.225379,-0.258239,0.498383,-0.603805,0.444004,-0.544865,0.374088
-0.807518,0.191653,-0.300144,0.4696,-0.795659,0.225466,-0.258279,0.498342,-0.603743,0.444025,-0.544876,0.374145
-0.807493,0.191749,-0.300184,0.469578,-0.795623,0.225647,-0.258301,0.498305,-0.6036,0.444138,-0.544966,0.374109
-0.807475,0.191794,-0.300198,0.469582,-0.795544,0.225846,-0.258297,0.49834,-0.60347,0.444177,-0.545138,0.374023
