-0.169387,-0.076396,-0.001591,0.983747,-0.42397,-0.025353,0.190986,0.884142,-0.414169,-0.280541,0.61672,0.608809
-0.169421,-0.076456,-0.001795,0.983739,-0.424051,-0.025346,0.190835,0.884136,-0.414214,-0.280573,0.61667,0.608815
-0.16941,-0.076529,-0.00187,0.983737,-0.424125,-0.025399,0.190824,0.884103,-0.414261,-0.280581,0.616605,0.608845
-0.169375,-0.076599,-0.001774,0.983738,-0.424172,-0.025515,0.190976,0.884045,-0.414351,-0.280589,0.616581,0.608804
-0.169406,-0.076648,-0.001611,0.983729,-0.424144,-0.025656,0.191092,0.884031,-0.414418,-0.280591,0.616623,0.608716
-0.169341,-0.076746,-0.00138,0.983733,-0.424066,-0.025747,0.191288,0.884024,-0.414424,-0.28066,0.616687,0.608615
-0.169255,-0.076852,-0.001216,0.983741,-0.424008,-0.025797,0.191395,0.884027,-0.414428,-0.280728,0.616762,0.608505
-0.169201,-0.076874,-0.001191,0.983749,-0.423928,-0.025803,0.191349,0.884075,-0.414388,-0.28081,0.616858,0.608397
-0.169144,-0.076873,-0.001173,0.983759,-0.423886,-0.025745,0.191208,0.884128,-0.414338,-0.280906,0.616906,0.608339
-0.169101,-0.076908,-0.001243,0.983765,-0.423826,-0.025649,0.191069,0.884188,-0.41431,-0.280935,0.61696,0.608291
-0.169012,-0.076961,-0.001414,0.983778,-0.42387,-0.025583,0.190926,0.8842,-0.414295,-0.280978,0.616957,0.608285
-0.168937,-0.077019,-0.001455,0.983787,-0.423783,-0.025586,0.190864,0.884255,-0.414381,-0.280971,0.616906,0.608281
-0.16886,-0.077063,-0.00153,0.983799,-0.42364,-0.02562,0.190913,0.884312,-0.414465,-0.28099,0.616889,0.608233
-0.168815,-0.077103,-0.001386,0.983803,-0.423512,-0.025716,0.191083,0.884334,-0.414502,-0.281008,0.616881,0.608208
-0.168766,-0.077194,-0.001085,0.983804,-0.42337,-0.025916,0.191358,0.884339,-0.41451,-0.281076,0.616934,0.608116
-0.168733,-0.077363,-0.000708,0.983798,-0.423281,-0.026138,0.191679,0.884307,-0.414482,-0.281112,0.617099,0.607952
-0.16871,-0.077512,-0.000337,0.983791,-0.423268,-0.02641,0.191955,0.884249,-0.414396,-0.281183,0.617301,0.607772
-0.168742,-0.077628,1.5e-05,0.983777,-0.423262,-0.026746,0.192236,0.884185,-0.414308,-0.281331,0.617586,0.607474
-0.168815,-0.077855,0.000353,0.983748,-0.423262,-0.027022,0.192414,0.884141,-0.414161,-0.281505,0.617868,0.607207
-0.168897,-0.078045,0.000632,0.98372,-0.423304,-0.027272,0.192546,0.884088,-0.414058,-0.281636,0.618111,0.606971
-0.169,-0.078185,0.000737,0.983693,-0.423387,-0.027446,0.192593,0.884035,-0.414018,-0.281788,0.61827,0.606766
-0.169053,-0.07825,0.000763,0.98368,-0.423494,-0.027499,0.192495,0.884005,-0.413953,-0.281931,0.618387,0.606627
-0.169097,-0.078295,0.000649,0.98367,-0.423515,-0.027499,0.192453,0.884004,-0.413963,-0.282005,0.61845,0.606522
-0.169125,-0.078335,0.000496,0.983664,-0.423494,-0.027422,0.192298,0.88405,-0.414024,-0.282079,0.618412,0.606484
-0.169114,-0.078305,0.000321,0.983669,-0.42351,-0.027334,0.192125,0.884082,-0.414108,-0.282104,0.618356,0.606472
-0.169043,-0.078347,0.000173,0.98368,-0.423453,-0.027307,0.192001,0.884137,-0.414173,-0.28211,0.618286,0.606498
-0.16898,-0.078387,0.000158,0.983689,-0.423439,-0.027272,0.191971,0.884151,-0.414221,-0.282143,0.618216,0.606522
-0.168941,-0.078431,0.000157,0.983693,-0.423454,-0.0273,0.191936,0.884151,-0.41426,-0.282122,0.618186,0.606536
-0.168877,-0.078457,0.000204,0.983702,-0.423378,-0.027388,0.19201,0.884169,-0.414319,-0.282107,0.618124,0.606565
-0.168869,-0.078531,0.000343,0.983698,-0.423369,-0.027454,0.192063,0.884161,-0.414367,-0.28217,0.618066,0.606564
-0.168872,-0.078523,0.000519,0.983696,-0.423375,-0.027492,0.192167,0.884135,-0.41445,-0.282175,0.618027,0.606545
-0.168878,-0.07854,0.000631,0.983693,-0.423384,-0.027577,0.19226,0.884109,-0.414489,-0.282223,0.618052,0.60647
-0.168933,-0.078559,0.000691,0.983683,-0.42344,-0.027633,0.192347,0.884062,-0.414541,-0.282238,0.618084,0.606396
-0.168962,-0.078637,0.000818,0.983671,-0.423496,-0.027671,0.192416,0.884019,-0.414643,-0.282249,0.618131,0.606272
-0.169057,-0.078716,0.000955,0.98365,-0.423549,-0.027815,0.192484,0.883977,-0.414687,-0.282297,0.618243,0.606105
-0.169112,-0.078807,0.001161,0.983633,-0.423614,-0.02803,0.192582,0.88392,-0.414763,-0.282317,0.618343,0.605941
-0.169115,-0.07892,0.001387,0.983624,-0.423652,-0.028261,0.192699,0.883873,-0.414799,-0.282426,0.618447,0.60576
-0.169157,-0.079011,0.001569,0.98361,-0.42368,-0.028394,0.192799,0.883834,-0.414775,-0.282541,0.618611,0.605556
-0.169209,-0.079056,0.001776,0.983596,-0.423692,-0.028451,0.19291,0.883803,-0.414776,-0.282587,0.618724,0.605419
-0.169216,-0.079044,0.001806,0.983595,-0.423685,-0.028394,0.192962,0.883796,-0.414741,-0.282613,0.618854,0.605296
-0.169187,-0.078994,0.001811,0.983604,-0.423729,-0.028289,0.192946,0.883781,-0.41478,-0.282609,0.618925,0.605197
-0.169133,-0.078893,0.001729,0.98362,-0.423752,-0.02809,0.192886,0.883785,-0.414888,-0.282591,0.618885,0.605174
-0.169125,-0.078793,0.001543,0.98363,-0.423746,-0.027904,0.1928,0.883811,-0.414988,-0.282557,0.618857,0.60515
-0.169071,-0.078697,0.001315,0.983646,-0.423737,-0.027753,0.192691,0.883842,-0.415106,-0.28246,0.618823,0.605146
-0.169006,-0.078643,0.001258,0.983661,-0.423724,-0.02764,0.192601,0.883869,-0.415182,-0.28242,0.618802,0.605134
-0.168934,-0.078571,0.001265,0.983678,-0.423728,-0.027574,0.192597,0.883869,-0.415259,-0.282367,0.618794,0.605113
-0.168893,-0.078506,0.00123,0.983689,-0.423692,-0.027615,0.192571,0.883892,-0.415328,-0.28229,0.618798,0.605096
-0.168915,-0.078449,0.001298,0.983689,-0.4237,-0.027605,0.192602,0.883882,-0.415404,-0.282234,0.618804,0.605063
-0.16888,-0.078471,0.001486,0.983691,-0.423657,-0.027642,0.192629,0.883895,-0.41547,-0.282186,0.618808,0.605036
-0.168885,-0.078452,0.001663,0.983691,-0.423638,-0.027651,0.192762,0.883874,-0.415535,-0.282117,0.61887,0.604957
-0.168868,-0.07843,0.001754,0.983694,-0.423561,-0.027659,0.192866,0.883888,-0.415572,-0.282071,0.618958,0.604863
-0.16879,-0.078399,0.001905,0.983708,-0.42349,-0.027634,0.192957,0.883902,-0.415611,-0.282005,0.619024,0.604798
-0.168653,-0.078367,0.002024,0.983733,-0.423412,-0.027585,0.192985,0.883934,-0.415622,-0.28193,0.61913,0.604715
-0.168603,-0.078281,0.00205,0.983746,-0.42335,-0.027465,0.193006,0.883961,-0.415654,-0.281866,0.619172,0.604678
-0.168491,-0.078163,0.00208,0.983773,-0.423306,-0.027348,0.192984,0.883988,-0.415658,-0.281818,0.619185,0.604684
-0.168373,-0.078064,0.002008,0.9838,-0.423202,-0.027126,0.192942,0.88405,-0.415716,-0.28175,0.61915,0.604711
-0.168274,-0.077986,0.001939,0.983822,-0.42313,-0.026936,0.19293,0.88409,-0.415784,-0.281661,0.619069,0.604788
-0.168122,-0.077911,0.001881,0.983853,-0.423054,-0.026756,0.192921,0.884131,-0.415865,-0.281538,0.619055,0.604802
-0.167978,-0.077855,0.001865,0.983881,-0.423019,-0.02664,0.192845,0.884167,-0.415892,-0.281434,0.619037,0.604848
-0.167832,-0.077853,0.001837,0.983906,-0.422923,-0.026565,0.192779,0.884228,-0.41591,-0.281385,0.619044,0.604851
-0.167675,-0.077785,0.001737,0.983938,-0.422832,-0.026537,0.192696,0.884291,-0.415932,-0.281325,0.619039,0.60487
-0.167543,-0.077727,0.001674,0.983965,-0.422734,-0.026505,0.192623,0.884354,-0.415945,-0.281282,0.619061,0.604857
-0.167417,-0.077777,0.00163,0.983984,-0.422594,-0.026474,0.192613,0.884423,-0.41593,-0.281264,0.619117,0.604817
-0.167277,-0.077882,0.001697,0.984001,-0.422486,-0.026506,0.192582,0.884481,-0.4159,-0.281233,0.619207,0.604759
-0.167112,-0.077981,0.001789,0.984022,-0.422382,-0.02657,0.192553,0.884536,-0.415828,-0.281259,0.619326,0.604675
-0.167013,-0.078118,0.001843,0.98403,-0.422256,-0.026677,0.19256,0.884594,-0.415705,-0.281319,0.619516,0.604537
-0.166898,-0.078229,0.001944,0.984042,-0.422115,-0.026873,0.192672,0.884632,-0.415581,-0.281345,0.619685,0.604436
-0.166788,-0.078397,0.002234,0.984049,-0.421995,-0.027055,0.192783,0.884663,-0.415484,-0.281405,0.619837,0.604318
-0.166712,-0.078489,0.002462,0.984054,-0.421919,-0.027159,0.192903,0.88467,-0.415422,-0.281407,0.619921,0.604274
-0.166638,-0.078514,0.002584,0.984064,-0.421851,-0.027253,0.193017,0.884676,-0.415375,-0.28142,0.619943,0.604278
-0.166609,-0.078526,0.002646,0.984067,-0.421876,-0.027247,0.193042,0.884659,-0.415368,-0.281344,0.619972,0.604286
-0.166566,-0.078465,0.002652,0.984079,-0.421892,-0.027255,0.193061,0.884647,-0.415367,-0.28132,0.619983,0.604286
-0.16654,-0.078453,0.002586,0.984085,-0.421927,-0.027182,0.192995,0.884646,-0.415384,-0.281341,0.619892,0.60436
-0.166484,-0.078446,0.00249,0.984094,-0.42196,-0.02712,0.192869,0.884658,-0.415458,-0.281312,0.619782,0.604436
-0.166418,-0.078515,0.002369,0.984103,-0.421956,-0.027061,0.192767,0.884684,-0.415519,-0.281291,0.619695,0.604492
-0.166369,-0.078537,0.002209,0.984112,-0.421963,-0.027024,0.192646,0.884709,-0.41553,-0.281338,0.619682,0.604477
-0.166314449971558,-0.0785677146770333,0.00216586034736776,0.984120197732095,-0.421959939020136,-0.0270265017215408,0.192565554138604,0.884737729764806,-0.415527832219443,-0.281387558684875,0.619676852672446,0.604466781401171
-0.166258977871574,-0.0786023466937198,0.00212492253363146,0.98412819053145,-0.421950902213388,-0.0270338745695646,0.192487983064925,0.884767028208475,-0.415521532904178,-0.281438535143593,0.619672372131254,0.604456670106841
-0.166202584059069,-0.0786407602631046,0.00208613650496915,0.984135993578269,-0.421936108779028,-0.0270459200691736,0.192413203244799,0.884796910370198,-0.415511408093813,-0.281490796421027,0.619668504341731,0.604446684391159
-0.166145268893068,-0.078682819598233,0.00204945220755889,0.984143622052754,-0.421915777916324,-0.0270624397454698,0.192341131144064,0.884827391289166,-0.415497763827955,-0.281544209562047,0.619665195269186,0.604436842528273
-0.166087032732594,-0.0787283889121499,0.0020148195875787,0.984151091135108,-0.421890128824545,-0.0270832351235555,0.192271683228556,0.884858486004568,-0.415480906146213,-0.281598641611523,0.619662390878927,0.604427162792333
-0.16602787593667,-0.0787773324179004,0.00198218859120665,0.984158416005535,-0.421859380702961,-0.0271081077285328,0.192204775964112,0.884890209555595,-0.415461141088195,-0.281653959614326,0.619660037136263,0.604417663457487
-0.16596779886432,-0.0788295143285298,0.00195150916462078,0.984165611844236,-0.421823752750841,-0.0271368590855037,0.192140325816568,0.884922576981439,-0.415438774693509,-0.281710030615327,0.619658080006501,0.604408362797883
-0.165906801874566,-0.078884798857083,0.00192273125399913,0.984172693831416,-0.421783464167456,-0.0271692907195705,0.192078249251761,0.884955603321289,-0.415414113001763,-0.281766721659398,0.619656465454951,0.604399279087671
-0.165844885326433,-0.0789430502166052,0.00189580480551975,0.984179677147277,-0.421738734152073,-0.0272052041558353,0.192018462735528,0.884989303614335,-0.415387462052565,-0.281823899791408,0.619655139446919,0.604390430600999
-0.165782049578944,-0.0790041326201415,0.00187067976536069,0.984186576972021,-0.421689781903964,-0.0272444009194002,0.191960882733707,0.885023692899769,-0.415359127885522,-0.281881432056229,0.619654047947715,0.604381835612016
-0.165718294991122,-0.079067910280737,0.00184730607969999,0.984193408485852,-0.421636826622396,-0.0272866825353674,0.191905425712132,0.885058786216781,-0.415329416540244,-0.281939185498731,0.619653136922646,0.60437351239487
-0.16565362192199,-0.0791342474114368,0.0018256336947157,0.984200186868973,-0.42158008750664,-0.0273318505288389,0.191852008136642,0.885094598604562,-0.415298634056337,-0.281997027163785,0.619652352337022,0.60436547922371
-0.165588030730571,-0.0792030082252861,0.00180561255658586,0.984206927301587,-0.421519783755964,-0.027379706424917,0.191800546473073,0.885131145102301,-0.41526708647341,-0.282054824096262,0.619651640156149,0.604357754372686
-0.16552152177589,-0.0792740569353298,0.00178719261148852,0.984213644963896,-0.421456134569639,-0.0274300517487038,0.191750957187262,0.885168440749189,-0.415235079831071,-0.282112443341033,0.619650946345337,0.604350356115945
-0.165454095416969,-0.0793472577546132,0.00177032380560173,0.984220355036104,-0.421389359146934,-0.0274826880253014,0.191703156745045,0.885206500584418,-0.415202920168929,-0.282169751942969,0.619650216869893,0.604343302727637
-0.165385752012832,-0.0794224748961813,0.00175495608510354,0.984227072698413,-0.421319676687117,-0.0275374167798119,0.191657061612259,0.885245339647177,-0.41517091352659,-0.28222661694694,0.619649397695126,0.60433661248191
-0.165316491922502,-0.0794995725730792,0.00174103939617198,0.984233813131027,-0.42124730638946,-0.0275940395373375,0.191612588254741,0.885284972976657,-0.415139365943663,-0.282282905397817,0.619648434786344,0.604330303652912
-0.165246315505003,-0.0795784149983521,0.00172852368498511,0.984240591514148,-0.42117246745323,-0.0276523578229804,0.191569653138328,0.885325415612049,-0.415108583459756,-0.282338484340471,0.619647274108856,0.604324394514793
-0.165175223119357,-0.079658866385045,0.00171735889772097,0.984247423027979,-0.421095379077697,-0.0277121731618426,0.191528172728856,0.885366682592542,-0.415078872114478,-0.282393220819773,0.619645861627969,0.604318903341702
-0.165103215124589,-0.0797407909462031,0.00170749498055761,0.984254322852724,-0.421016260462132,-0.0277732870790263,0.191488063492163,0.885408788957328,-0.415050537947435,-0.282446981880594,0.619644143308992,0.604313848407786
-0.165030291879721,-0.0798240528948714,0.00169888187967307,0.984261306168584,-0.420935330805802,-0.0278355010996336,0.191449241894084,0.885451749745597,-0.415023886998237,-0.282499634567804,0.619642065117233,0.604309247987195
-0.164956453743777,-0.0799085164440951,0.00169146954124541,0.984268388155764,-0.420852809307978,-0.0278986167487668,0.191411624400457,0.88549557999654,-0.414999225306491,-0.282551045926274,0.619639573018,0.604305120354077
-0.16488170107578,-0.0799940458069193,0.00168520791145266,0.984275583994465,-0.42076891516793,-0.0279624355515278,0.191375127477118,0.885540294749347,-0.414976858911805,-0.282601083000875,0.619636612976602,0.604301483782582
-0.164806034234754,-0.080080505196389,0.00168004693647287,0.984282908864892,-0.420683867584925,-0.0280267590330189,0.191339667589905,0.885585909043208,-0.414957093853787,-0.282649612836478,0.619633130958347,0.604298356546857
-0.164729453579722,-0.0801677588255494,0.00167593656248409,0.984290377947246,-0.420597885758235,-0.0280913887183422,0.191305161204653,0.885632437917314,-0.414940236172045,-0.282696502477954,0.619629072928543,0.604295756921052
-0.164651959469707,-0.0802556709074456,0.00167282673566437,0.984298006421731,-0.420511188887128,-0.0281561261325998,0.1912715247872,0.885679896410856,-0.414926591906187,-0.282741618970174,0.619624384852497,0.604293703179315
-0.164573552263733,-0.0803441056551227,0.00167066740219175,0.98430580946855,-0.420423996170873,-0.0282207728008939,0.191238674803382,0.885728299563024,-0.414916467095822,-0.282784829358007,0.61961901269552,0.604292213595795
-0.164494232320823,-0.0804329272816258,0.00166940850824428,0.984313802267905,-0.420336526808741,-0.0282851302483266,0.191206527719037,0.885777662413008,-0.414910167780557,-0.282826000686326,0.619612902422918,0.60429130644464
-0.164414,-0.080522,0.001669,0.984322,-0.420249,-0.028349,0.191175,0.885828,-0.414908,-0.282865,0.619606,0.604291
-0.164324,-0.080628,0.001669,0.984331,-0.420132,-0.028429,0.191149,0.885889,-0.414976,-0.282898,0.619481,0.604358
-0.164191,-0.080739,0.001711,0.984346,-0.420044,-0.028548,0.191156,0.885926,-0.415011,-0.28299,0.619386,0.604391
-0.164085,-0.080889,0.001776,0.984353,-0.419949,-0.028695,0.191172,0.885966,-0.414975,-0.283046,0.619324,0.604454
-0.164014,-0.081059,0.001807,0.984355,-0.419893,-0.028769,0.191117,0.886002,-0.414953,-0.283119,0.619301,0.604461
-0.163907,-0.081199,0.001819,0.984363,-0.419729,-0.028954,0.190871,0.886132,-0.414888,-0.283179,0.619291,0.604488
-0.163860014290958,-0.0813603671848885,0.00176661904761905,0.984361,-0.419690333478528,-0.0290644857180946,0.190687570681491,0.886189385648639,-0.41487825,-0.283278116817965,0.619236440825223,0.604514416270784
-0.163821,-0.081517,0.001669,0.984359,-0.419666,-0.029143,0.190578,0.886223,-0.414875,-0.283382,0.61917,0.604529
-0.163769808288937,-0.0816540098823538,0.00153736153490522,0.984360119565217,-0.419643040232701,-0.0291912885192078,0.19055369777025,0.886238351131619,-0.4148755,-0.283456697336562,0.619139218868564,0.604527
-0.16371,-0.081762,0.001441,0.984363,-0.419614,-0.029244,0.19053,0.886255,-0.414876,-0.283522,0.619111,0.604525
-0.163633,-0.081825,0.001429,0.984372,-0.41954,-0.029365,0.190444,0.886309,-0.414841,-0.283582,0.619071,0.604563
-0.163527,-0.08191,0.001391,0.984385,-0.419461,-0.029472,0.190394,0.886354,-0.414811,-0.283674,0.619064,0.604549
-0.16336,-0.082043,0.001416,0.984403,-0.419351,-0.029587,0.190395,0.886404,-0.414777,-0.283718,0.619081,0.604535
-0.163203,-0.08216,0.001442,0.984422,-0.419223,-0.029685,0.190348,0.886473,-0.41472,-0.283798,0.619113,0.604506
-0.163105,-0.082287,0.001464,0.98443,-0.419089,-0.029731,0.190286,0.886549,-0.414659,-0.283911,0.619131,0.604477
-0.162958,-0.082358,0.001337,0.98445,-0.41895,-0.029823,0.190276,0.886615,-0.41455,-0.283976,0.6192,0.604451
-0.162848,-0.082449,0.001307,0.984464,-0.418826,-0.029885,0.190334,0.88666,-0.414474,-0.284022,0.619238,0.604442
-0.162729,-0.082493,0.001291,0.984481,-0.418684,-0.029884,0.190415,0.886709,-0.414395,-0.284108,0.619226,0.604471
-0.162655,-0.08248,0.001348,0.984493,-0.418614,-0.029925,0.190395,0.886746,-0.414353,-0.284137,0.61926,0.60445
-0.162614,-0.082474,0.00134,0.9845,-0.41859,-0.02988,0.190351,0.886768,-0.414362,-0.284114,0.619273,0.604442
-0.162569,-0.082456,0.001259,0.98451,-0.418482,-0.029896,0.190369,0.886814,-0.414342,-0.284074,0.619294,0.604453
-0.162583,-0.082435,0.001235,0.984508,-0.418473,-0.029882,0.190368,0.886819,-0.41439,-0.284029,0.619271,0.604464
-0.162546,-0.082387,0.001305,0.984518,-0.418478,-0.029922,0.190404,0.886808,-0.414496,-0.283947,0.619244,0.604456
-0.162499,-0.082375,0.001428,0.984525,-0.418431,-0.029892,0.190492,0.886811,-0.414576,-0.28394,0.619202,0.604448
-0.162461,-0.082285,0.00151,0.984537,-0.418424,-0.029862,0.190528,0.886808,-0.414662,-0.283866,0.619199,0.604424
-0.162459,-0.082229,0.001574,0.98454,-0.418414,-0.029746,0.190446,0.886832,-0.414713,-0.283794,0.619188,0.604433
-0.162418,-0.082182,0.001468,0.984551,-0.418428,-0.029531,0.19027,0.886868,-0.414733,-0.283733,0.619179,0.604457
-0.16237,-0.082122,0.001332,0.984563,-0.418437,-0.029291,0.190138,0.886896,-0.414806,-0.283686,0.619154,0.604455
-0.162323,-0.082017,0.001091,0.98458,-0.41848,-0.02915,0.189982,0.886913,-0.414856,-0.283623,0.619159,0.604443
-0.162224,-0.081914,0.001012,0.984604,-0.418467,-0.029003,0.189943,0.88693,-0.414924,-0.283548,0.619151,0.604438
-0.162166,-0.081797,0.000999,0.98462,-0.418425,-0.028867,0.189981,0.886943,-0.41502,-0.283451,0.619167,0.6044
-0.162153,-0.081743,0.001025,0.984626,-0.418347,-0.028786,0.190158,0.886943,-0.415134,-0.28338,0.619177,0.604343
-0.162119,-0.081639,0.00118,0.984638,-0.418304,-0.028708,0.190391,0.886912,-0.415242,-0.283313,0.619207,0.60427
-0.162116,-0.081537,0.001472,0.984642,-0.418282,-0.02871,0.190685,0.886859,-0.415292,-0.283231,0.619352,0.604122
-0.162119,-0.081459,0.001752,0.984645,-0.418208,-0.028606,0.190946,0.886838,-0.415308,-0.283183,0.619462,0.604019
-0.162114,-0.081364,0.001888,0.98465,-0.4182,-0.028471,0.191083,0.886813,-0.415282,-0.283163,0.619585,0.603919
-0.162126,-0.081258,0.002012,0.984655,-0.418221,-0.028328,0.191028,0.886819,-0.415262,-0.283153,0.619667,0.603853
-0.162156,-0.081086,0.001926,0.984661,-0.418348,-0.028144,0.190916,0.886786,-0.415251,-0.283146,0.619687,0.603844
-0.162245,-0.080945,0.001742,0.984656,-0.41845,-0.028024,0.190778,0.886771,-0.415331,-0.283105,0.619666,0.603828
-0.162333,-0.080795,0.001538,0.984654,-0.418624,-0.027858,0.190542,0.886742,-0.415519,-0.283041,0.619526,0.603872
-0.16244,-0.080673,0.001344,0.984645,-0.41876,-0.027768,0.190329,0.886726,-0.415747,-0.282949,0.619383,0.603904
-0.162567,-0.080596,0.001226,0.984629,-0.418842,-0.027689,0.190224,0.886712,-0.415881,-0.282861,0.619339,0.603897
-0.162717,-0.0805,0.001232,0.984611,-0.418937,-0.02767,0.190212,0.88667,-0.415947,-0.282789,0.619342,0.603881
-0.162756,-0.080413,0.001386,0.984608,-0.418977,-0.027683,0.190324,0.886626,-0.416003,-0.282738,0.619386,0.60382
-0.162795,-0.080366,0.001558,0.984604,-0.418971,-0.027715,0.190543,0.886581,-0.41598,-0.282739,0.619504,0.603714
-0.162777,-0.080367,0.00174,0.984605,-0.418835,-0.027762,0.190784,0.886592,-0.415956,-0.2828,0.619615,0.603588
-0.162759,-0.08037,0.002074,0.984606,-0.418702,-0.02785,0.191042,0.886596,-0.415908,-0.282805,0.619669,0.603563
-0.162704,-0.080438,0.00228,0.984609,-0.418567,-0.027942,0.191285,0.886604,-0.41581,-0.282858,0.619797,0.603476
-0.162581,-0.080423,0.002413,0.984629,-0.418402,-0.027991,0.191367,0.886663,-0.415788,-0.282923,0.619819,0.603439
-0.162437,-0.08042,0.002431,0.984653,-0.418311,-0.028009,0.19124,0.886734,-0.415774,-0.282968,0.619788,0.603457
-0.162305,-0.080435,0.002294,0.984675,-0.418196,-0.027972,0.191129,0.886813,-0.415731,-0.282985,0.619749,0.603522
-0.16223,-0.08042,0.002061,0.98469,-0.418161,-0.027947,0.190963,0.886866,-0.415775,-0.282937,0.619642,0.603624
-0.162154,-0.080398,0.0018,0.984706,-0.418148,-0.02783,0.190819,0.886906,-0.41584,-0.282886,0.619506,0.603743
-0.162131,-0.080368,0.001606,0.984713,-0.418161,-0.027804,0.190711,0.886924,-0.415879,-0.282828,0.619325,0.603927
-0.162154,-0.080392,0.001537,0.984709,-0.418228,-0.027762,0.190621,0.886913,-0.415924,-0.282764,0.61916,0.604096
-0.162176,-0.080414,0.001591,0.984703,-0.418268,-0.027749,0.190607,0.886898,-0.415982,-0.282725,0.619041,0.604196
-0.16223,-0.08041,0.001726,0.984693,-0.418299,-0.027806,0.190668,0.886869,-0.415977,-0.28272,0.618974,0.604272
-0.162237,-0.080349,0.001759,0.984696,-0.418363,-0.02784,0.19061,0.886851,-0.415981,-0.282736,0.618977,0.604259
-0.162289,-0.080358,0.001742,0.984687,-0.418431,-0.027931,0.190562,0.886828,-0.415903,-0.282818,0.619045,0.604206
-0.162298,-0.080385,0.001656,0.984683,-0.418439,-0.027944,0.190431,0.886852,-0.415795,-0.282888,0.619096,0.604194
-0.162303,-0.080456,0.00152,0.98468,-0.418446,-0.027946,0.190276,0.886883,-0.415721,-0.28291,0.619145,0.604186
-0.162201,-0.080541,0.00141,0.984693,-0.418383,-0.02793,0.190148,0.886941,-0.415627,-0.28292,0.619233,0.604157
-0.162098,-0.080614,0.001344,0.984705,-0.418317,-0.027934,0.1901,0.886982,-0.41553,-0.282977,0.619323,0.604103
-0.16201,-0.080724,0.001325,0.984713,-0.418195,-0.027957,0.190085,0.887043,-0.415458,-0.282929,0.619422,0.604072
-0.161862,-0.080795,0.001256,0.984733,-0.418028,-0.028002,0.190115,0.887114,-0.415428,-0.282923,0.61942,0.604099
-0.161751,-0.080832,0.001307,0.984749,-0.417933,-0.028023,0.190223,0.887135,-0.415351,-0.282893,0.619448,0.604135
-0.161649,-0.080827,0.001373,0.984766,-0.4178,-0.028038,0.190238,0.887195,-0.415341,-0.282888,0.619409,0.604186
-0.16152,-0.080811,0.001353,0.984788,-0.417686,-0.027979,0.190289,0.887238,-0.415361,-0.282803,0.61937,0.60425
-0.161433,-0.080765,0.001294,0.984806,-0.417626,-0.027881,0.19031,0.887263,-0.415441,-0.282706,0.61931,0.604302
-0.161323,-0.080756,0.001185,0.984825,-0.417569,-0.0278,0.190276,0.887298,-0.415479,-0.282674,0.619257,0.604345
-0.161272,-0.080756,0.001119,0.984834,-0.41753,-0.027781,0.190239,0.887325,-0.415529,-0.282614,0.6192,0.604396
-0.161234,-0.080735,0.001142,0.984841,-0.417498,-0.027743,0.190245,0.887339,-0.415522,-0.282585,0.619192,0.604423
-0.161241,-0.080682,0.001128,0.984844,-0.417498,-0.02772,0.190256,0.887337,-0.415528,-0.2825,0.619197,0.604453
-0.161259,-0.080656,0.001178,0.984842,-0.417554,-0.027666,0.190365,0.887287,-0.41553,-0.282489,0.619259,0.604391
-0.161272,-0.080658,0.001233,0.984839,-0.417545,-0.027718,0.190403,0.887283,-0.415522,-0.282485,0.619342,0.604314
-0.161257,-0.080708,0.001297,0.984838,-0.417554,-0.027774,0.190431,0.887271,-0.415539,-0.282477,0.619424,0.604221
-0.161233,-0.080748,0.001215,0.984841,-0.417594,-0.027858,0.190366,0.887266,-0.415517,-0.282485,0.619497,0.604157
-0.161272,-0.080798,0.001235,0.98483,-0.417535,-0.027919,0.190272,0.887313,-0.415505,-0.282528,0.619618,0.60402
-0.161287,-0.080877,0.00125,0.984823,-0.417536,-0.02803,0.190236,0.887319,-0.415474,-0.28258,0.619665,0.60397
-0.161303,-0.080939,0.001275,0.984816,-0.417519,-0.028085,0.190275,0.887317,-0.415467,-0.282622,0.619749,0.603869
-0.161335,-0.080975,0.001413,0.984808,-0.417493,-0.028125,0.19039,0.887304,-0.41544,-0.282645,0.619806,0.603818
-0.1613,-0.080947,0.001565,0.984814,-0.417499,-0.028182,0.190551,0.887265,-0.415475,-0.282675,0.619821,0.603766
-0.161291,-0.080945,0.001759,0.984814,-0.417482,-0.028201,0.190746,0.887229,-0.41546,-0.282731,0.6199,0.603668
-0.161313,-0.080926,0.001909,0.98481,-0.417449,-0.028224,0.190858,0.88722,-0.415476,-0.282786,0.619947,0.603583
-0.161288,-0.080902,0.001953,0.984816,-0.417432,-0.028212,0.19092,0.887215,-0.415537,-0.282797,0.619931,0.603552
-0.161305,-0.080875,0.001875,0.984816,-0.41742,-0.028174,0.190899,0.887226,-0.415573,-0.282803,0.619956,0.603498
-0.161297,-0.080876,0.001858,0.984816,-0.417426,-0.028108,0.190831,0.887238,-0.415635,-0.2828,0.619923,0.603491
-0.161289,-0.080843,0.001767,0.984821,-0.417468,-0.028002,0.190812,0.887225,-0.415686,-0.282845,0.619881,0.603479
-0.161318,-0.080768,0.001641,0.984822,-0.4175,-0.02791,0.19086,0.887201,-0.41572,-0.282852,0.619851,0.603484
-0.161375,-0.080702,0.001674,0.984816,-0.417564,-0.027856,0.190883,0.887166,-0.415774,-0.282855,0.619827,0.60347
-0.161447,-0.080662,0.001707,0.984807,-0.41762,-0.027847,0.190889,0.887138,-0.415875,-0.282887,0.619744,0.603471
-0.161516,-0.080672,0.001789,0.984794,-0.417727,-0.027916,0.190922,0.88708,-0.415963,-0.28289,0.619712,0.603442
-0.16155,-0.080646,0.001815,0.984791,-0.417799,-0.027953,0.190908,0.887049,-0.415995,-0.282949,0.619699,0.603407
-0.161588,-0.08069,0.001804,0.984781,-0.417857,-0.027999,0.190783,0.887048,-0.416042,-0.28302,0.619692,0.603349
-0.161657,-0.080756,0.001745,0.984766,-0.417935,-0.02812,0.190629,0.887043,-0.41608,-0.283095,0.619652,0.60333
-0.161703,-0.080825,0.001728,0.984754,-0.417985,-0.028214,0.19054,0.887038,-0.416098,-0.283141,0.61967,0.603278
-0.161758,-0.080919,0.001674,0.98474,-0.417993,-0.028336,0.190535,0.887033,-0.416133,-0.28321,0.619645,0.603248
-0.161817,-0.080919,0.001743,0.984729,-0.418029,-0.028368,0.190549,0.887013,-0.416142,-0.283277,0.619683,0.603171
-0.161832,-0.080963,0.001765,0.984723,-0.418036,-0.02838,0.190567,0.887006,-0.41612,-0.283312,0.619721,0.603131
-0.161815,-0.081032,0.001855,0.984721,-0.417997,-0.028406,0.190669,0.887001,-0.416095,-0.283352,0.619761,0.603089
-0.161807,-0.081048,0.001918,0.984721,-0.418056,-0.02842,0.190749,0.886956,-0.416052,-0.283405,0.619809,0.603046
-0.161785,-0.081046,0.002006,0.984724,-0.418012,-0.028387,0.190762,0.886974,-0.416077,-0.283401,0.619832,0.603006
-0.161756,-0.081016,0.001961,0.984731,-0.417982,-0.028333,0.190663,0.887011,-0.416069,-0.283422,0.619774,0.603061
-0.161721,-0.081021,0.001818,0.984738,-0.417949,-0.028295,0.190562,0.887049,-0.416066,-0.283442,0.619745,0.603086
-0.161682,-0.081038,0.001746,0.984744,-0.417912,-0.028298,0.190533,0.887073,-0.416132,-0.283468,0.619624,0.603152
-0.161607,-0.081045,0.001693,0.984756,-0.417853,-0.028313,0.19049,0.887111,-0.416198,-0.283487,0.619507,0.603219
-0.16151,-0.081078,0.001665,0.984771,-0.417849,-0.028359,0.190438,0.887122,-0.41624,-0.283422,0.619443,0.603286
-0.161448,-0.081213,0.001695,0.984772,-0.417838,-0.028394,0.190385,0.887139,-0.41627,-0.283443,0.619431,0.603269
-0.161403,-0.081286,0.00168,0.984774,-0.417732,-0.028537,0.190389,0.887185,-0.416315,-0.283403,0.619439,0.603245
-0.161378,-0.081378,0.001632,0.984773,-0.417677,-0.028671,0.19037,0.887214,-0.416304,-0.283427,0.619467,0.603215
-0.161391,-0.081434,0.001685,0.984768,-0.41764,-0.028828,0.190395,0.887223,-0.416241,-0.283462,0.619536,0.603171
-0.161343,-0.08152,0.001771,0.984768,-0.417577,-0.028997,0.190537,0.887219,-0.416218,-0.283479,0.619592,0.60312
-0.161332,-0.081539,0.001962,0.984768,-0.417531,-0.029099,0.190685,0.887206,-0.416251,-0.283487,0.619627,0.603058
-0.161267,-0.081583,0.002121,0.984774,-0.417548,-0.029119,0.190702,0.887194,-0.416367,-0.283466,0.619571,0.603045
-0.161213,-0.08164,0.002146,0.98478,-0.417502,-0.02908,0.190717,0.887212,-0.416471,-0.28347,0.619513,0.603032
-0.161112,-0.081672,0.002101,0.984795,-0.417475,-0.029042,0.190635,0.887243,-0.416555,-0.283449,0.619512,0.602984
-0.161044,-0.08162,0.001997,0.98481,-0.417398,-0.02897,0.19057,0.887295,-0.416626,-0.283506,0.619469,0.602953
-0.160999,-0.081634,0.001963,0.984816,-0.417313,-0.028913,0.190632,0.887322,-0.416702,-0.283493,0.619465,0.602911
-0.160931,-0.081631,0.001982,0.984828,-0.417249,-0.028903,0.190715,0.887334,-0.416694,-0.28356,0.619464,0.602887
-0.160884,-0.081667,0.002082,0.984832,-0.417139,-0.028879,0.190875,0.887351,-0.416741,-0.283559,0.619486,0.602832
-0.160846,-0.081676,0.00216,0.984837,-0.417093,-0.028894,0.190984,0.887349,-0.416761,-0.28359,0.619541,0.602746
-0.160783,-0.081708,0.002263,0.984845,-0.417041,-0.028911,0.190957,0.887378,-0.416776,-0.283621,0.619601,0.60266
-0.160737,-0.081778,0.002324,0.984847,-0.416936,-0.028989,0.191008,0.887415,-0.416775,-0.283667,0.619598,0.602642
-0.160728,-0.081826,0.002355,0.984845,-0.416909,-0.029061,0.190996,0.887429,-0.41676,-0.283738,0.61966,0.602557
-0.160727,-0.081835,0.00242,0.984844,-0.41692,-0.029098,0.190964,0.887431,-0.41672,-0.283778,0.619754,0.602469
-0.160699,-0.081836,0.002413,0.984849,-0.416884,-0.029068,0.190983,0.887444,-0.416773,-0.283811,0.619796,0.602373
-0.160682,-0.081873,0.002424,0.984849,-0.4169,-0.029035,0.190902,0.887455,-0.416854,-0.283818,0.619828,0.60228
-0.160648,-0.081829,0.002393,0.984858,-0.416972,-0.028964,0.190843,0.887435,-0.416902,-0.283818,0.619825,0.602251
-0.160664,-0.081745,0.002277,0.984861,-0.417002,-0.028847,0.190815,0.887429,-0.416975,-0.283779,0.619821,0.602222
-0.160672,-0.081642,0.002221,0.984867,-0.416963,-0.028665,0.190901,0.887431,-0.417115,-0.283696,0.619772,0.602212
-0.160622,-0.081548,0.002204,0.984881,-0.416976,-0.028525,0.190926,0.887422,-0.41723,-0.283592,0.619693,0.602262
-0.160579,-0.081438,0.002235,0.984896,-0.417004,-0.028375,0.190846,0.887429,-0.417314,-0.283475,0.619583,0.602371
-0.160547,-0.081388,0.002174,0.984905,-0.417019,-0.028267,0.190774,0.887439,-0.417428,-0.283403,0.619513,0.602398
-0.160516,-0.081326,0.00203,0.984915,-0.417016,-0.028167,0.190702,0.887458,-0.417546,-0.283279,0.619411,0.602478
-0.160446,-0.081289,0.001946,0.98493,-0.417024,-0.028085,0.190691,0.887458,-0.417609,-0.283223,0.619345,0.602528
-0.160454,-0.081294,0.001908,0.984928,-0.416995,-0.028154,0.190648,0.887481,-0.417661,-0.28323,0.619328,0.602505
-0.160414,-0.081398,0.001914,0.984928,-0.416987,-0.028233,0.190665,0.887478,-0.417687,-0.283249,0.619385,0.60242
-0.160385,-0.08151,0.002062,0.984924,-0.416939,-0.028318,0.190723,0.887488,-0.417649,-0.283316,0.619476,0.602321
-0.160419,-0.081641,0.002147,0.98491,-0.416901,-0.028489,0.1908,0.887486,-0.417586,-0.283359,0.6196,0.602218
-0.160383,-0.081771,0.0023,0.984906,-0.416884,-0.028672,0.190837,0.887483,-0.417469,-0.283429,0.619732,0.602131
-0.160323,-0.081895,0.002382,0.984907,-0.416885,-0.028819,0.190847,0.887477,-0.417396,-0.283484,0.619878,0.602005
-0.160299,-0.081982,0.00242,0.984905,-0.416877,-0.028915,0.190738,0.887504,-0.417332,-0.283557,0.619996,0.601892
-0.160279,-0.082032,0.002434,0.984905,-0.416858,-0.028948,0.190601,0.887542,-0.417316,-0.283551,0.620079,0.60182
-0.160235,-0.082082,0.002353,0.98491,-0.416744,-0.028932,0.190507,0.887616,-0.41735,-0.283564,0.620117,0.601752
-0.160162,-0.082069,0.002253,0.984923,-0.41665,-0.028847,0.190425,0.88768,-0.417446,-0.283525,0.620104,0.601716
-0.160058,-0.082089,0.002309,0.984938,-0.41653,-0.028788,0.190441,0.887734,-0.417455,-0.283475,0.620143,0.601692
-0.15994,-0.08206,0.002328,0.98496,-0.416352,-0.028707,0.190496,0.887805,-0.417556,-0.28341,0.620117,0.601679
-0.159849,-0.082,0.002375,0.984978,-0.416255,-0.028629,0.190487,0.887855,-0.417631,-0.283352,0.620068,0.601705
-0.159667,-0.082005,0.00248,0.985006,-0.416124,-0.028624,0.190455,0.887923,-0.417673,-0.283299,0.620036,0.601732
-0.159454,-0.082044,0.002496,0.985038,-0.415946,-0.028583,0.190409,0.888017,-0.417735,-0.283288,0.620021,0.60171
-0.159216,-0.082159,0.002481,0.98507,-0.415784,-0.02864,0.190302,0.888115,-0.417771,-0.283242,0.620041,0.601685
-0.158995,-0.082253,0.002363,0.985101,-0.415588,-0.028627,0.19019,0.888232,-0.417749,-0.283198,0.620087,0.601671
-0.158743,-0.082318,0.002335,0.985137,-0.41547,-0.028665,0.190113,0.888303,-0.417757,-0.283143,0.620145,0.601632
-0.158477,-0.082401,0.002368,0.985175,-0.415241,-0.028704,0.190086,0.888416,-0.417706,-0.283081,0.620227,0.601611
-0.158226,-0.082488,0.002477,0.985209,-0.415045,-0.028744,0.190115,0.888499,-0.41771,-0.283021,0.620299,0.60156
-0.157979,-0.08252,0.002513,0.985246,-0.4149,-0.028712,0.190188,0.888552,-0.417704,-0.282961,0.620413,0.601475
-0.157765,-0.082511,0.002536,0.985281,-0.414728,-0.028615,0.190238,0.888623,-0.417686,-0.282844,0.62049,0.60146
-0.157556,-0.082463,0.002558,0.985317,-0.414511,-0.028501,0.190344,0.888703,-0.417724,-0.282717,0.62059,0.601389
-0.157354,-0.0823,0.00257,0.98536,-0.414369,-0.028292,0.190476,0.888742,-0.417815,-0.282581,0.620582,0.601395
-0.157176,-0.082148,0.002582,0.985399,-0.41424,-0.028035,0.190491,0.888804,-0.417904,-0.282411,0.620546,0.601448
-0.156996,-0.081972,0.002515,0.985439,-0.414151,-0.027791,0.190384,0.888872,-0.418005,-0.282243,0.620479,0.601523
-0.156867,-0.08186,0.002435,0.985467,-0.413993,-0.027614,0.190319,0.888962,-0.418099,-0.282097,0.620412,0.601595
-0.156698,-0.08176,0.002353,0.985502,-0.413865,-0.027446,0.190253,0.889039,-0.418183,-0.281996,0.62033,0.601667
-0.156546,-0.081681,0.002298,0.985532,-0.413742,-0.027319,0.190226,0.889104,-0.418293,-0.281844,0.620293,0.601698
-0.15638,-0.081668,0.002325,0.985559,-0.413547,-0.027244,0.190324,0.889173,-0.418371,-0.281743,0.620365,0.601615
-0.156255,-0.081636,0.002416,0.98558,-0.413455,-0.027212,0.190321,0.889217,-0.418381,-0.281713,0.620479,0.601503
-0.156093,-0.081629,0.002505,0.985606,-0.413336,-0.027229,0.190394,0.889256,-0.418396,-0.28168,0.620652,0.601328
-0.155982,-0.081649,0.002598,0.985622,-0.413217,-0.027315,0.19042,0.889305,-0.418363,-0.281699,0.620826,0.601163
-0.155867,-0.081654,0.002683,0.985639,-0.413126,-0.027397,0.190506,0.889327,-0.418279,-0.281757,0.62101,0.601003
-0.155738,-0.081667,0.002877,0.985656,-0.413006,-0.027469,0.190679,0.889343,-0.418216,-0.28184,0.621177,0.600835
-0.155628,-0.081686,0.003107,0.985671,-0.412922,-0.02744,0.19091,0.889332,-0.418166,-0.281859,0.621316,0.600716
-0.155593,-0.081684,0.003181,0.985675,-0.412863,-0.027366,0.191019,0.889336,-0.418141,-0.281855,0.621384,0.600664
-0.155578045584046,-0.0816490807431226,0.00310107086373797,0.985681731182796,-0.412927474640011,-0.0272399936921962,0.19082529830021,0.889352097833683,-0.418184224599091,-0.281832475177944,0.621324544810613,0.600706
-0.155567800569801,-0.0815877070382279,0.0029206972830315,0.985689365591398,-0.413056393724467,-0.0270964412905426,0.190447818822642,0.889375826694619,-0.418273671420405,-0.281794996344475,0.621208200732337,0.600784
-0.155564,-0.081555,0.002729,0.985693,-0.413153,-0.027028,0.190192,0.889388,-0.418349,-0.281769,0.621128,0.600826
-0.155624425507901,-0.081565016983017,0.0025222631885292,0.9856845859375,-0.413190533497111,-0.0270351765799257,0.190109706078931,0.889386481707317,-0.418387766604629,-0.281758639266706,0.62110700613568,0.600824227272727
-0.155721,-0.081592,0.002357,0.985669,-0.41322,-0.027055,0.190074,0.889382,-0.418425,-0.281754,0.621088,0.60082
-0.155789,-0.081694,0.002298,0.985652,-0.413251,-0.027139,0.190129,0.889355,-0.418478,-0.281784,0.62105,0.60081
-0.15581,-0.081809,0.002525,0.985639,-0.413223,-0.027259,0.190344,0.889319,-0.418505,-0.281838,0.621061,0.600754
-0.155851,-0.081912,0.00285,0.985623,-0.413156,-0.027395,0.190592,0.889294,-0.418477,-0.281933,0.621144,0.600644
-0.155745,-0.082073,0.003163,0.985627,-0.413014,-0.027499,0.190792,0.889314,-0.418438,-0.282026,0.621244,0.600526
-0.155662,-0.082233,0.003288,0.985628,-0.412913,-0.027651,0.190795,0.889358,-0.418309,-0.282187,0.621337,0.600445
-0.155585,-0.082429,0.003194,0.985629,-0.412907,-0.027746,0.19061,0.8894,-0.418165,-0.282356,0.621414,0.600388
-0.155526,-0.082628,0.002973,0.985627,-0.412903,-0.027823,0.190246,0.88948,-0.41806,-0.282484,0.621452,0.600364
-0.155444,-0.082788,0.002719,0.985632,-0.412882,-0.027924,0.189965,0.88955,-0.418011,-0.282683,0.621476,0.600281
-0.155355,-0.083009,0.00244,0.985635,-0.412847,-0.028069,0.189839,0.889592,-0.417966,-0.282838,0.621514,0.600202
-0.155324,-0.083157,0.002391,0.98563,-0.412788,-0.028216,0.189903,0.889603,-0.417928,-0.282964,0.621535,0.600149
-0.155262,-0.083285,0.00266,0.985629,-0.412738,-0.02839,0.190177,0.889564,-0.417925,-0.283045,0.62158,0.600066
-0.155199,-0.083448,0.003078,0.985624,-0.412677,-0.028612,0.190511,0.889515,-0.417968,-0.28315,0.621586,0.599982
-0.155161,-0.083573,0.003462,0.985619,-0.412608,-0.0287,0.190756,0.889492,-0.417998,-0.283295,0.621583,0.599899
-0.155136,-0.083717,0.003669,0.985611,-0.412551,-0.028873,0.190882,0.889488,-0.418017,-0.283356,0.62159,0.59985
-0.155055,-0.083802,0.00378,0.985617,-0.41245,-0.028994,0.190946,0.889518,-0.418053,-0.283389,0.621523,0.59988
-0.155064,-0.083871,0.003715,0.985612,-0.41247,-0.029033,0.19082,0.889536,-0.418057,-0.283444,0.621453,0.599924
-0.155027,-0.083918,0.003572,0.985616,-0.412482,-0.028998,0.190599,0.889579,-0.418092,-0.283466,0.621377,0.599968
-0.154933,-0.083964,0.003351,0.985629,-0.412423,-0.029025,0.190375,0.889656,-0.418117,-0.283572,0.621246,0.600038
-0.1549,-0.084033,0.003221,0.985632,-0.412374,-0.029072,0.190167,0.889724,-0.41818,-0.283618,0.621145,0.600079
-0.154875,-0.084132,0.003117,0.98563,-0.412331,-0.029102,0.190018,0.889775,-0.418267,-0.28369,0.621046,0.600088
-0.154805,-0.084259,0.003125,0.985633,-0.412253,-0.029219,0.189992,0.889815,-0.418326,-0.283724,0.621023,0.600055
-0.154712,-0.084414,0.003211,0.985635,-0.41217,-0.029354,0.190037,0.889841,-0.418308,-0.283812,0.621078,0.599971
-0.154607,-0.084537,0.003396,0.985642,-0.412108,-0.029462,0.19005,0.889865,-0.418323,-0.283866,0.621167,0.599842
-0.154486,-0.08466,0.003459,0.985652,-0.411999,-0.029521,0.190033,0.889918,-0.418322,-0.283984,0.621264,0.599687
-0.15438,-0.084728,0.003496,0.985665,-0.411877,-0.029608,0.190049,0.88997,-0.418305,-0.284033,0.621363,0.599575
-0.154253,-0.084764,0.003435,0.985683,-0.411765,-0.029593,0.189907,0.890052,-0.418294,-0.284083,0.621419,0.599499
-0.154107,-0.084788,0.003272,0.985706,-0.411636,-0.029508,0.189772,0.890143,-0.418321,-0.284047,0.621456,0.599458
-0.153941,-0.08478,0.003055,0.985735,-0.41155,-0.029291,0.189554,0.890234,-0.418405,-0.284038,0.621401,0.599461
-0.153797,-0.08471,0.002871,0.985763,-0.411458,-0.029105,0.189341,0.890326,-0.418507,-0.283968,0.621337,0.599489
-0.153696,-0.084654,0.00262,0.985785,-0.411467,-0.028899,0.189157,0.890365,-0.418581,-0.283902,0.621185,0.599626
-0.153606,-0.084574,0.002427,0.985806,-0.411407,-0.028749,0.189053,0.890418,-0.418738,-0.283817,0.621027,0.599719
-0.153586,-0.084488,0.002403,0.985816,-0.411425,-0.028664,0.189063,0.890408,-0.418886,-0.283726,0.620868,0.599824
-0.153604,-0.084436,0.002478,0.985815,-0.411507,-0.028652,0.1891,0.890363,-0.419024,-0.283711,0.62068,0.59993
-0.153603,-0.084405,0.002566,0.985816,-0.411595,-0.02862,0.189179,0.890305,-0.419209,-0.283675,0.620521,0.599982
-0.153628,-0.084416,0.00269,0.985811,-0.41168,-0.028638,0.189202,0.890261,-0.419284,-0.283612,0.620497,0.599983
-0.153676,-0.084424,0.002744,0.985803,-0.411757,-0.028726,0.189206,0.890224,-0.419342,-0.283626,0.620543,0.599888
-0.153757,-0.084546,0.002751,0.985781,-0.411801,-0.028819,0.189213,0.890199,-0.41926,-0.283709,0.620687,0.599757
-0.153806,-0.084647,0.002824,0.985766,-0.411807,-0.028981,0.189211,0.890195,-0.419172,-0.283848,0.620809,0.599627
-0.153828,-0.084746,0.002888,0.985756,-0.411748,-0.029223,0.18928,0.890203,-0.419046,-0.284,0.620972,0.599478
-0.153887,-0.084802,0.003133,0.98574,-0.411713,-0.029451,0.189441,0.890181,-0.41899,-0.284144,0.621125,0.59929
-0.153953,-0.084932,0.003424,0.985718,-0.411681,-0.029634,0.189659,0.890145,-0.418941,-0.284213,0.621258,0.599154
-0.15397,-0.084999,0.003723,0.985709,-0.411596,-0.029792,0.189956,0.890117,-0.418866,-0.284306,0.6214,0.599015
-0.153959,-0.085053,0.003932,0.985705,-0.411569,-0.029869,0.190139,0.890087,-0.418832,-0.284407,0.621514,0.598873
-0.153961,-0.085082,0.004113,0.9857,-0.411587,-0.029882,0.190202,0.890066,-0.418808,-0.284471,0.621615,0.598755
-0.153927,-0.08508,0.004165,0.985705,-0.411547,-0.029888,0.190245,0.890074,-0.418799,-0.28449,0.621688,0.598677
-0.153903,-0.085042,0.004053,0.985713,-0.411574,-0.029823,0.190147,0.890084,-0.418735,-0.284478,0.621754,0.598658
-0.153888,-0.085,0.003911,0.985719,-0.411656,-0.029697,0.190094,0.89006,-0.418783,-0.28446,0.621746,0.598641
-0.15388,-0.084919,0.003847,0.985727,-0.411697,-0.029537,0.190013,0.890062,-0.418854,-0.284411,0.621743,0.598617
-0.1539,-0.084852,0.003807,0.985729,-0.41175,-0.029442,0.190025,0.890036,-0.418972,-0.284337,0.621695,0.598617
-0.153933,-0.08478,0.003877,0.985727,-0.411828,-0.029349,0.190081,0.889989,-0.419059,-0.284233,0.621672,0.598629
-0.153946,-0.084699,0.003976,0.98573,-0.411893,-0.029301,0.19019,0.889936,-0.419133,-0.284182,0.621652,0.598623
-0.153975,-0.084646,0.004158,0.985727,-0.41197,-0.029277,0.19023,0.889893,-0.419167,-0.284155,0.62171,0.598549
-0.154019,-0.084578,0.004247,0.985724,-0.411929,-0.029309,0.190377,0.889878,-0.419184,-0.284141,0.621771,0.598481
-0.154041,-0.084475,0.004404,0.985725,-0.411935,-0.029292,0.190458,0.889858,-0.419196,-0.284112,0.621852,0.598401
-0.154007,-0.084389,0.004472,0.985736,-0.411922,-0.029224,0.190505,0.889855,-0.419226,-0.284012,0.621945,0.598329
-0.153958,-0.084291,0.004483,0.98575,-0.411883,-0.029176,0.190451,0.889886,-0.419209,-0.283994,0.622009,0.598282
-0.15392,-0.084245,0.004394,0.98576,-0.411882,-0.029065,0.190354,0.889909,-0.419232,-0.283913,0.622023,0.598289
-0.153835,-0.08422,0.004232,0.985777,-0.411864,-0.028914,0.190227,0.889948,-0.419264,-0.283834,0.621978,0.598349
-0.153779,-0.084114,0.004105,0.985794,-0.411793,-0.028772,0.190077,0.890016,-0.419316,-0.283727,0.621931,0.598411
-0.153687,-0.084037,0.003995,0.985815,-0.411741,-0.02866,0.190056,0.890046,-0.419362,-0.283644,0.621853,0.5985
-0.153555,-0.083988,0.003951,0.985839,-0.411706,-0.028576,0.190072,0.89006,-0.419431,-0.283523,0.621804,0.598556
-0.153508,-0.083893,0.003992,0.985852,-0.411624,-0.028491,0.190156,0.890081,-0.419492,-0.283394,0.621796,0.598583
-0.153456,-0.0838,0.003998,0.985866,-0.411574,-0.028408,0.190286,0.890077,-0.419541,-0.283269,0.621836,0.598565
-0.153401,-0.083691,0.004136,0.985881,-0.411513,-0.02836,0.190549,0.890048,-0.419582,-0.283149,0.621915,0.598507
-0.153335,-0.083583,0.004277,0.985897,-0.411511,-0.028268,0.190737,0.890009,-0.419622,-0.283081,0.621984,0.598438
-0.153217,-0.083533,0.004423,0.985917,-0.411509,-0.028142,0.190821,0.889994,-0.419645,-0.282965,0.622053,0.598403
-0.153173,-0.083403,0.004407,0.985933,-0.411417,-0.02801,0.190953,0.890009,-0.41969,-0.282838,0.622156,0.598322
-0.153132,-0.083283,0.004473,0.985946,-0.411372,-0.027902,0.191029,0.890015,-0.419715,-0.282739,0.622242,0.598261
-0.153058,-0.083168,0.004478,0.985966,-0.411345,-0.027795,0.191046,0.890025,-0.419765,-0.28266,0.622295,0.598205
-0.152995,-0.08304,0.00444,0.985984,-0.411256,-0.027675,0.191103,0.890056,-0.41981,-0.28259,0.622319,0.59818
-0.152924,-0.082901,0.004466,0.986004,-0.411164,-0.027564,0.191149,0.89009,-0.419863,-0.282497,0.622361,0.598142
-0.152876,-0.082799,0.00447,0.986018,-0.411133,-0.027434,0.191173,0.890101,-0.419899,-0.282364,0.622387,0.598151
-0.152788,-0.082686,0.004436,0.986039,-0.411121,-0.027313,0.191184,0.890106,-0.420032,-0.282228,0.622314,0.598196
-0.152727,-0.082581,0.004418,0.986056,-0.411065,-0.027158,0.191207,0.890128,-0.420093,-0.282077,0.622288,0.59825
-0.152681,-0.082514,0.004381,0.986068,-0.411018,-0.027028,0.191123,0.89017,-0.420155,-0.281945,0.622274,0.598281
-0.152622,-0.082449,0.004347,0.986082,-0.411015,-0.026914,0.191111,0.890176,-0.420252,-0.28181,0.622262,0.598287
-0.152599,-0.082347,0.004355,0.986092,-0.411032,-0.026776,0.191093,0.890174,-0.420303,-0.281681,0.622262,0.59831
-0.152575,-0.082223,0.004344,0.986103,-0.411039,-0.026681,0.191079,0.890176,-0.420342,-0.281609,0.622322,0.598253
-0.152553,-0.082085,0.004387,0.986116,-0.410981,-0.02669,0.191184,0.890179,-0.420385,-0.281535,0.622381,0.598195
-0.152542,-0.082026,0.004431,0.986121,-0.41097,-0.026668,0.191238,0.890172,-0.420424,-0.28148,0.622413,0.598158
-0.152515,-0.081996,0.00453,0.986126,-0.41097,-0.026615,0.191336,0.890152,-0.420457,-0.281362,0.622515,0.598082
-0.152428,-0.081947,0.004641,0.986141,-0.410893,-0.026578,0.191383,0.890178,-0.420449,-0.281313,0.622632,0.597988
-0.152326,-0.081883,0.004717,0.98616,-0.410845,-0.026532,0.191423,0.890192,-0.420503,-0.28122,0.622743,0.597876
-0.152265,-0.08179,0.004686,0.986176,-0.410807,-0.02645,0.191497,0.890194,-0.420515,-0.281133,0.622825,0.597822
-0.152224,-0.081695,0.004708,0.986188,-0.410734,-0.026394,0.19162,0.890201,-0.420497,-0.28102,0.622915,0.597791
-0.152165,-0.08153,0.004815,0.986207,-0.410668,-0.026259,0.191741,0.890207,-0.420503,-0.280952,0.622998,0.597731
-0.152182,-0.081362,0.004889,0.986214,-0.410651,-0.026087,0.191835,0.890196,-0.420628,-0.28084,0.623019,0.597672
-0.152153,-0.081183,0.004953,0.986229,-0.410605,-0.025853,0.191941,0.890197,-0.420823,-0.280669,0.622978,0.597657
-0.152147,-0.080975,0.004954,0.986243,-0.410631,-0.025617,0.192003,0.890174,-0.420979,-0.280501,0.622924,0.597679
-0.152103,-0.080746,0.00501,0.986264,-0.410655,-0.025333,0.19201,0.890165,-0.421111,-0.280304,0.622824,0.597779
-0.152082,-0.080567,0.004919,0.98628,-0.410724,-0.025075,0.191978,0.890143,-0.421193,-0.280175,0.622792,0.597815
-0.152056,-0.080401,0.004835,0.986295,-0.410676,-0.024915,0.191951,0.890174,-0.421276,-0.280038,0.622769,0.597841
-0.152065,-0.080248,0.004819,0.986303,-0.410643,-0.024823,0.1919,0.8902,-0.421336,-0.279943,0.622778,0.597834
-0.15198,-0.080162,0.004828,0.986321,-0.410614,-0.024743,0.191962,0.890201,-0.421366,-0.279844,0.622833,0.597799
-0.15192,-0.080122,0.004973,0.986332,-0.410533,-0.024749,0.192121,0.890203,-0.421386,-0.27979,0.622874,0.597767
-0.151839,-0.080077,0.005182,0.986344,-0.410477,-0.024842,0.192299,0.89019,-0.421386,-0.279751,0.623018,0.597634
-0.151786,-0.080072,0.005429,0.98635,-0.410404,-0.024929,0.192488,0.89018,-0.421314,-0.279741,0.623159,0.597542
-0.151682,-0.080032,0.00561,0.986367,-0.410329,-0.025002,0.192577,0.890194,-0.421214,-0.27976,0.623358,0.597395
-0.151637,-0.079986,0.005763,0.986375,-0.410233,-0.025051,0.192592,0.890233,-0.421151,-0.279764,0.623497,0.59729
-0.151605,-0.079952,0.005826,0.986381,-0.410161,-0.024996,0.192578,0.89027,-0.421138,-0.279706,0.623617,0.597201
-0.151511,-0.079903,0.005817,0.986399,-0.410131,-0.024839,0.192571,0.890287,-0.42118,-0.279627,0.623685,0.597136
-0.151427,-0.079819,0.005852,0.986417,-0.410112,-0.02463,0.192561,0.890301,-0.421223,-0.279507,0.623724,0.597119
-0.151337,-0.079771,0.005872,0.986433,-0.410103,-0.02445,0.192565,0.890306,-0.421291,-0.279432,0.62373,0.597099
-0.151225,-0.079708,0.005909,0.986454,-0.410062,-0.024323,0.192574,0.890325,-0.421436,-0.279326,0.623675,0.597101
-0.151102,-0.07962,0.00587,0.986479,-0.409931,-0.024226,0.192537,0.890393,-0.421529,-0.279227,0.623684,0.597071
-0.150993,-0.079524,0.005851,0.986502,-0.409771,-0.024186,0.192478,0.890481,-0.421626,-0.279131,0.623684,0.597046
-0.150876,-0.079444,0.00582,0.986525,-0.409647,-0.024063,0.192412,0.890554,-0.421753,-0.279087,0.62366,0.597001
-0.150699,-0.079355,0.005702,0.986559,-0.4095,-0.023966,0.192406,0.890624,-0.421852,-0.27903,0.623627,0.596992
-0.150519,-0.07926,0.005689,0.986592,-0.409338,-0.023801,0.192431,0.890694,-0.421966,-0.278918,0.623564,0.597027
-0.150323,-0.07922,0.005761,0.986624,-0.409228,-0.023707,0.192493,0.890732,-0.422051,-0.278903,0.623521,0.59702
-0.150156,-0.079132,0.005838,0.986655,-0.409021,-0.023641,0.192541,0.890817,-0.422147,-0.278849,0.623463,0.597038
-0.150007,-0.079099,0.005896,0.986679,-0.408899,-0.023552,0.192557,0.89087,-0.422199,-0.278794,0.623403,0.597088
-0.149878,-0.079102,0.005925,0.986698,-0.408816,-0.023498,0.192518,0.890917,-0.422213,-0.278811,0.623374,0.597102
-0.149787,-0.079141,0.005923,0.986709,-0.408795,-0.023528,0.192498,0.890931,-0.422241,-0.27881,0.623348,0.597108
-0.149802,-0.07914,0.005812,0.986709,-0.408816,-0.023473,0.192413,0.890941,-0.422332,-0.278809,0.623298,0.597098
-0.149837,-0.079158,0.005753,0.986703,-0.408862,-0.023454,0.192272,0.890951,-0.422423,-0.278882,0.623205,0.597098
-0.149932,-0.079177,0.005647,0.986688,-0.408944,-0.02345,0.192133,0.890944,-0.422491,-0.278952,0.623123,0.597104
-0.150012,-0.079147,0.005503,0.986679,-0.409036,-0.023438,0.192013,0.890929,-0.42256,-0.278976,0.623076,0.597092
-0.150096,-0.079091,0.005436,0.986671,-0.409175,-0.023405,0.19187,0.890897,-0.422651,-0.279054,0.623023,0.59705
-0.150152,-0.07908,0.005465,0.986662,-0.409252,-0.023403,0.191818,0.890873,-0.422717,-0.279111,0.623023,0.596975
-0.150227,-0.079099,0.005489,0.98665,-0.409322,-0.023426,0.191803,0.890843,-0.422725,-0.279198,0.623,0.596955
-0.150333,-0.079133,0.005544,0.986631,-0.409374,-0.023384,0.191844,0.890812,-0.422767,-0.279296,0.623011,0.59687
-0.150388,-0.079187,0.005605,0.986619,-0.409438,-0.023484,0.19194,0.890761,-0.422764,-0.279443,0.623012,0.596804
-0.150408,-0.07928,0.005642,0.986609,-0.409458,-0.023532,0.19194,0.89075,-0.422777,-0.279555,0.623036,0.596717
-0.150468,-0.079352,0.005575,0.986597,-0.409527,-0.023578,0.191954,0.890715,-0.422792,-0.279673,0.623025,0.596666
-0.150508,-0.079439,0.005509,0.986586,-0.409547,-0.023675,0.191912,0.890714,-0.422721,-0.279838,0.623018,0.596647
-0.150562,-0.079569,0.005402,0.986571,-0.409574,-0.023818,0.1918,0.890725,-0.422707,-0.28002,0.623016,0.596577
-0.150588,-0.079674,0.005344,0.98656,-0.409641,-0.023973,0.191689,0.890716,-0.422638,-0.280167,0.623045,0.596528
-0.150651,-0.079784,0.005262,0.986545,-0.409677,-0.024118,0.191675,0.890702,-0.422564,-0.280317,0.623042,0.596516
-0.15077,-0.079936,0.00519,0.986519,-0.40974,-0.024177,0.191669,0.890674,-0.422512,-0.280426,0.623009,0.596537
-0.150855,-0.080046,0.005128,0.986499,-0.409851,-0.024254,0.191658,0.890625,-0.422504,-0.280528,0.622996,0.59651
-0.150964,-0.080191,0.005123,0.986473,-0.409911,-0.024283,0.191691,0.890589,-0.422492,-0.280639,0.622951,0.596514
-0.151045,-0.08025,0.005029,0.986458,-0.41005,-0.024333,0.191683,0.890527,-0.422551,-0.280694,0.622844,0.59656
-0.151094,-0.080334,0.004968,0.986446,-0.410142,-0.02443,0.191522,0.890518,-0.422589,-0.28077,0.622728,0.59662
-0.151155,-0.080408,0.004809,0.986435,-0.410195,-0.024469,0.191421,0.890517,-0.422636,-0.280856,0.622612,0.596669
-0.151185,-0.080491,0.004665,0.986426,-0.410227,-0.024507,0.191312,0.890525,-0.422668,-0.280943,0.622504,0.59672
-0.151201,-0.080603,0.004538,0.986417,-0.410216,-0.024583,0.191175,0.890559,-0.422769,-0.28106,0.622319,0.596788
-0.151157,-0.080698,0.004454,0.98642,-0.410227,-0.024668,0.191014,0.890589,-0.422844,-0.281107,0.622176,0.596863
-0.151101,-0.080809,0.004437,0.986421,-0.410177,-0.024774,0.190893,0.890637,-0.422925,-0.281217,0.622031,0.596907
-0.151074,-0.080939,0.004374,0.986417,-0.410151,-0.02486,0.190814,0.890665,-0.422988,-0.281311,0.621928,0.596928
-0.151009,-0.081024,0.004338,0.986423,-0.410155,-0.02491,0.190721,0.890683,-0.423044,-0.281378,0.62183,0.596959
-0.150923,-0.081118,0.004326,0.98643,-0.410173,-0.024936,0.190625,0.890696,-0.423048,-0.28144,0.621731,0.597033
-0.150878,-0.081244,0.00417,0.986431,-0.410209,-0.024941,0.190442,0.890719,-0.423111,-0.281487,0.621663,0.597038
-0.150829,-0.081342,0.00401,0.986434,-0.410262,-0.024937,0.190327,0.890719,-0.423122,-0.281516,0.621583,0.597101
-0.150809,-0.081341,0.003838,0.986438,-0.410313,-0.024945,0.190136,0.890738,-0.423108,-0.281548,0.62152,0.597161
-0.150831,-0.081422,0.003576,0.986433,-0.410432,-0.024925,0.189871,0.890742,-0.423087,-0.28159,0.621509,0.597169
-0.15086,-0.081454,0.00337,0.986427,-0.410539,-0.024939,0.189643,0.890742,-0.423069,-0.281652,0.621476,0.597187
-0.15093,-0.081521,0.003195,0.986415,-0.410563,-0.024962,0.189485,0.890764,-0.423087,-0.281672,0.621489,0.597152
-0.151044,-0.081567,0.003117,0.986395,-0.410585,-0.025018,0.189481,0.890756,-0.423093,-0.281716,0.621505,0.597111
-0.151064,-0.081563,0.00318,0.986391,-0.410558,-0.025096,0.189531,0.890755,-0.423048,-0.281754,0.621585,0.597042
-0.151085,-0.081572,0.003308,0.986386,-0.410558,-0.025168,0.189614,0.890736,-0.4231,-0.281768,0.621642,0.596939
-0.151092,-0.081571,0.003407,0.986384,-0.410544,-0.025172,0.189654,0.890734,-0.423167,-0.281758,0.621694,0.596841
-0.151041,-0.081553,0.003465,0.986393,-0.410455,-0.02513,0.189663,0.890774,-0.42315,-0.281753,0.62176,0.596786
-0.150928,-0.081552,0.003481,0.98641,-0.410346,-0.025044,0.189692,0.890818,-0.423164,-0.281728,0.621775,0.596771
-0.150837,-0.081533,0.00342,0.986426,-0.410261,-0.024959,0.189675,0.890862,-0.42317,-0.281695,0.621725,0.596834
-0.150741,-0.081511,0.003396,0.986442,-0.410137,-0.024838,0.189649,0.890926,-0.4232,-0.281628,0.621687,0.596885
-0.15062,-0.081493,0.003363,0.986462,-0.410037,-0.024761,0.18965,0.890973,-0.42331,-0.281565,0.621605,0.59692
-0.15046,-0.081472,0.003367,0.986488,-0.409935,-0.024724,0.189714,0.891006,-0.423358,-0.281486,0.621544,0.596987
-0.15029,-0.081455,0.00344,0.986515,-0.409771,-0.024686,0.189778,0.891069,-0.423432,-0.281387,0.621512,0.597012
-0.150172,-0.081382,0.003521,0.986537,-0.409593,-0.024741,0.189877,0.891128,-0.423423,-0.281304,0.621579,0.596988
-0.150075,-0.081366,0.003685,0.986551,-0.409477,-0.024762,0.189992,0.891155,-0.42346,-0.281231,0.621621,0.59695
-0.150002,-0.081373,0.003815,0.98656,-0.40942,-0.024724,0.190094,0.89116,-0.42349,-0.281158,0.621667,0.596915
-0.149965,-0.081341,0.003992,0.986566,-0.409372,-0.024697,0.190261,0.891146,-0.423519,-0.281056,0.621702,0.596904
-0.149895,-0.081295,0.004032,0.986579,-0.409361,-0.024594,0.190345,0.891133,-0.423557,-0.280896,0.621778,0.59687
-0.149924,-0.081239,0.004047,0.986579,-0.409343,-0.024458,0.190415,0.891127,-0.423577,-0.280805,0.621831,0.596843
-0.149929,-0.081138,0.004052,0.986584,-0.409321,-0.024332,0.190539,0.891112,-0.423553,-0.280737,0.621919,0.596798
-0.149906,-0.081048,0.004018,0.986593,-0.409322,-0.024239,0.190561,0.891108,-0.423565,-0.280659,0.621954,0.596789
-0.149801,-0.080982,0.004115,0.986612,-0.409272,-0.024193,0.190588,0.891126,-0.423595,-0.280597,0.621987,0.596759
-0.149691,-0.080879,0.004244,0.986635,-0.409128,-0.024118,0.190662,0.891176,-0.423614,-0.280561,0.622075,0.596673
-0.149552,-0.080856,0.004367,0.986656,-0.408916,-0.024152,0.190775,0.891248,-0.423584,-0.280527,0.622186,0.596593
-0.14937,-0.080891,0.00456,0.98668,-0.408758,-0.02426,0.190859,0.891301,-0.423475,-0.280584,0.622339,0.596484
-0.149184,-0.080979,0.004686,0.986701,-0.408521,-0.024364,0.191053,0.891365,-0.42333,-0.280572,0.62256,0.59636
-0.148997,-0.081041,0.004938,0.986723,-0.408292,-0.024468,0.19119,0.891439,-0.423186,-0.280569,0.622792,0.59622
-0.148771,-0.081109,0.005096,0.986751,-0.407995,-0.024551,0.191335,0.891542,-0.423009,-0.280532,0.62301,0.596133
-0.148596,-0.081183,0.00523,0.986771,-0.407713,-0.024675,0.19149,0.891635,-0.422837,-0.280505,0.623206,0.596061
-0.148394,-0.081217,0.005459,0.986797,-0.407488,-0.024623,0.19165,0.891704,-0.422685,-0.28052,0.623307,0.596057
-0.148175,-0.081157,0.005557,0.986832,-0.407346,-0.024524,0.191752,0.891746,-0.422649,-0.280407,0.623345,0.596095
-0.147995,-0.081171,0.005664,0.986857,-0.407213,-0.024427,0.191737,0.891812,-0.42258,-0.280344,0.623305,0.596214
-0.147864,-0.08117,0.005559,0.986879,-0.4071,-0.024358,0.19172,0.891867,-0.422582,-0.280212,0.623264,0.596317
-0.147727,-0.081141,0.005481,0.986902,-0.407055,-0.024251,0.191604,0.891915,-0.422651,-0.280095,0.623178,0.596411
-0.147651,-0.081132,0.005339,0.986916,-0.40705,-0.024145,0.191396,0.891964,-0.4227,-0.279933,0.623109,0.596524
-0.147574,-0.081096,0.00522,0.986931,-0.407011,-0.024133,0.191198,0.892025,-0.422741,-0.279777,0.623029,0.596649
-0.147488,-0.08111,0.005033,0.986945,-0.406962,-0.024138,0.191005,0.89209,-0.422729,-0.279722,0.622972,0.596743
-0.147409,-0.081201,0.004903,0.986953,-0.406864,-0.024204,0.190884,0.89216,-0.422717,-0.279654,0.622985,0.596769
-0.147366,-0.08124,0.00495,0.986956,-0.406833,-0.024294,0.19081,0.892189,-0.422678,-0.279598,0.62304,0.596763
-0.14728,-0.081313,0.004995,0.986963,-0.406752,-0.024376,0.19085,0.892217,-0.422607,-0.279599,0.623088,0.596763
-0.147211,-0.08134,0.005026,0.986972,-0.406676,-0.024489,0.190934,0.892231,-0.422569,-0.279619,0.62316,0.596706
-0.147093,-0.081452,0.005107,0.986982,-0.406532,-0.024557,0.191057,0.892269,-0.422525,-0.279661,0.62324,0.596634
-0.146984,-0.081493,0.005249,0.986994,-0.406421,-0.02457,0.191163,0.892296,-0.422512,-0.279672,0.623285,0.59659
-0.14687,-0.08153,0.005295,0.987008,-0.406262,-0.02452,0.191265,0.892347,-0.422479,-0.279751,0.623339,0.596521
-0.146726,-0.0815,0.005298,0.987031,-0.406166,-0.024447,0.191288,0.892386,-0.422462,-0.27977,0.623335,0.596529
-0.14663,-0.081397,0.005259,0.987052,-0.40606,-0.024423,0.191243,0.892444,-0.422442,-0.279779,0.623269,0.596609
-0.146508,-0.081362,0.005201,0.987074,-0.405986,-0.024253,0.191235,0.892481,-0.422465,-0.279752,0.623176,0.596703
-0.146468,-0.081315,0.005107,0.987084,-0.405938,-0.024129,0.191163,0.892521,-0.422504,-0.279706,0.623064,0.596813
-0.146436,-0.081298,0.005013,0.987091,-0.405948,-0.024101,0.191045,0.892542,-0.422545,-0.27964,0.62297,0.596912
-0.146468833457637,-0.0813371114293861,0.00501523281722054,0.987083440664557,-0.406002723344082,-0.0241422295766803,0.191010456313505,0.8925232508967,-0.422554068943299,-0.27966452493196,0.622970907258065,0.596901213709677
-0.146551972553699,-0.0814357138116964,0.00502262084592145,0.987064341772152,-0.406118057845261,-0.0242567788711474,0.190985766723116,0.892474835724534,-0.422560283505155,-0.279728316485226,0.622974086021505,0.596869903225806
-0.146662375372912,-0.0815657092881584,0.00503619845166163,0.987039071993671,-0.406268113423809,-0.0244309387300408,0.190970943771168,0.8924085026901,-0.422563856314433,-0.279816699795879,0.622980221774194,0.596819641129032
-0.146777,-0.081699,0.005057,0.987013,-0.406427,-0.024651,0.190966,0.892336,-0.422565,-0.279915,0.62299,0.596752
-0.146911,-0.08185,0.005206,0.986983,-0.406619,-0.025118,0.190986,0.892239,-0.422546,-0.280053,0.623122,0.596564
-0.147017,-0.081937,0.00533,0.986959,-0.406715,-0.025261,0.190997,0.892191,-0.422468,-0.280191,0.623302,0.596367
-0.147096,-0.08208,0.005419,0.986937,-0.406739,-0.025361,0.191022,0.892174,-0.422383,-0.280361,0.623484,0.596158
-0.14717,-0.08214,0.00544,0.986922,-0.406711,-0.025361,0.191085,0.892173,-0.422352,-0.280526,0.623611,0.59597
-0.147193,-0.082166,0.005477,0.986917,-0.406617,-0.025358,0.191143,0.892202,-0.422296,-0.280631,0.623648,0.595924
-0.147145,-0.082162,0.005479,0.986924,-0.406553,-0.02531,0.191243,0.89221,-0.422323,-0.280723,0.623594,0.595919
-0.147114,-0.082089,0.005507,0.986933,-0.406448,-0.025215,0.191315,0.892243,-0.422389,-0.28076,0.623492,0.595962
-0.147048,-0.082044,0.005605,0.986944,-0.406472,-0.025119,0.191377,0.89222,-0.422532,-0.280783,0.623327,0.596025
-0.146985,-0.082057,0.005651,0.986953,-0.406551,-0.025105,0.191339,0.892193,-0.422641,-0.280754,0.62318,0.596115
-0.146968,-0.082047,0.005619,0.986956,-0.406614,-0.02513,0.191274,0.892178,-0.42273,-0.28078,0.623057,0.596169
-0.146998,-0.082128,0.005503,0.986948,-0.406722,-0.025301,0.191219,0.892138,-0.422799,-0.280839,0.622969,0.596186
-0.147075,-0.082182,0.005498,0.986934,-0.406847,-0.025453,0.191192,0.892086,-0.422808,-0.280915,0.622957,0.596156
-0.147136,-0.082282,0.005508,0.986918,-0.406983,-0.025658,0.191214,0.892017,-0.422794,-0.280991,0.62298,0.596107
-0.14729,-0.082402,0.005568,0.986886,-0.407149,-0.025832,0.191183,0.891945,-0.422742,-0.281121,0.623041,0.596021
-0.147447,-0.082504,0.005666,0.986854,-0.4073,-0.025981,0.191214,0.891868,-0.422724,-0.281259,0.623085,0.595923
-0.147593,-0.082596,0.005748,0.986825,-0.40742,-0.026124,0.191208,0.891813,-0.4227,-0.281357,0.623185,0.595791
-0.147731,-0.082641,0.005821,0.986801,-0.407527,-0.026196,0.191121,0.891782,-0.422715,-0.281485,0.623251,0.595652
-0.147897,-0.082658,0.005851,0.986775,-0.407655,-0.026179,0.190986,0.891755,-0.422738,-0.281548,0.623266,0.595591
-0.148009,-0.082638,0.005759,0.98676,-0.407746,-0.026116,0.190864,0.89174,-0.422812,-0.281618,0.623209,0.595565
-0.148085,-0.082623,0.005615,0.986752,-0.407813,-0.025955,0.19069,0.891749,-0.422908,-0.281632,0.623109,0.595597
-0.148114,-0.082585,0.005443,0.986751,-0.407877,-0.025788,0.190568,0.89175,-0.423032,-0.281604,0.622997,0.595639
-0.148098,-0.082498,0.005273,0.986761,-0.407923,-0.025605,0.190437,0.891759,-0.423114,-0.281624,0.622882,0.595692
-0.148067,-0.082434,0.005075,0.986772,-0.407935,-0.025493,0.190375,0.891769,-0.423175,-0.28164,0.622697,0.595837
-0.148011,-0.082362,0.004971,0.986786,-0.407955,-0.025483,0.190369,0.89176,-0.423277,-0.281639,0.622565,0.595903
-0.148016,-0.082305,0.004924,0.98679,-0.407926,-0.025553,0.190394,0.891767,-0.423308,-0.28168,0.622517,0.595912
-0.14799,-0.082302,0.004962,0.986794,-0.407895,-0.025599,0.190428,0.891774,-0.423301,-0.281671,0.622508,0.595932
-0.14797,-0.082336,0.005043,0.986794,-0.407934,-0.025704,0.190405,0.89176,-0.423292,-0.281743,0.622476,0.595938
-0.147942,-0.082412,0.005097,0.986792,-0.40795,-0.025792,0.190256,0.891784,-0.423228,-0.281826,0.622554,0.595863
-0.147962,-0.082473,0.005087,0.986785,-0.407981,-0.02588,0.190101,0.891802,-0.423202,-0.281915,0.62258,0.595814
-0.147968,-0.082565,0.005022,0.98678,-0.407941,-0.026012,0.189998,0.891841,-0.423137,-0.281969,0.622704,0.595705
-0.147941,-0.082685,0.00494,0.986777,-0.407911,-0.026111,0.189901,0.891875,-0.423072,-0.282054,0.622794,0.595617
-0.147942,-0.082763,0.004936,0.986772,-0.407857,-0.026176,0.189962,0.891885,-0.422989,-0.282097,0.622889,0.595556
-0.147926,-0.082874,0.004993,0.986766,-0.407824,-0.02624,0.19002,0.891887,-0.422971,-0.282124,0.622943,0.5955
-0.147857,-0.082909,0.00516,0.986772,-0.407714,-0.026253,0.190147,0.891909,-0.422922,-0.282174,0.622957,0.595497
-0.147825,-0.082937,0.005289,0.986774,-0.407638,-0.026301,0.19029,0.891912,-0.422924,-0.282215,0.622956,0.595479
-0.147758,-0.082942,0.005444,0.986782,-0.407568,-0.02634,0.190309,0.891939,-0.422991,-0.282167,0.622934,0.595475
-0.147717,-0.082945,0.005516,0.986787,-0.40759,-0.026321,0.190319,0.891928,-0.423084,-0.282132,0.622848,0.595515
-0.147644,-0.082962,0.005541,0.986797,-0.407576,-0.026286,0.190226,0.891954,-0.423203,-0.28211,0.62275,0.595544
-0.147584,-0.082964,0.005498,0.986806,-0.407602,-0.02616,0.190096,0.891973,-0.423296,-0.282065,0.622662,0.59559
-0.147513,-0.082907,0.005364,0.986822,-0.407623,-0.026073,0.189976,0.89199,-0.423393,-0.282025,0.622604,0.595602
-0.147463,-0.082924,0.005214,0.98683,-0.407613,-0.026003,0.189888,0.892015,-0.423493,-0.281994,0.622547,0.595605
-0.147471,-0.082883,0.00511,0.986833,-0.407558,-0.026002,0.189865,0.892045,-0.423526,-0.281985,0.622551,0.595581
-0.147395,-0.082881,0.00507,0.986845,-0.407531,-0.02601,0.189943,0.892041,-0.42356,-0.28196,0.622562,0.595555
-0.147355,-0.082909,0.005096,0.986848,-0.407504,-0.025964,0.190018,0.892036,-0.423582,-0.281989,0.6226,0.595487
-0.147297,-0.082895,0.005154,0.986857,-0.407407,-0.026012,0.190099,0.892063,-0.423516,-0.281979,0.622716,0.595418
-0.147271,-0.082878,0.005213,0.986862,-0.407395,-0.026099,0.190123,0.892062,-0.423495,-0.281988,0.622801,0.595338
-0.14722,-0.082885,0.00529,0.986868,-0.407371,-0.026177,0.190119,0.892073,-0.423433,-0.282043,0.622908,0.595244
-0.147188,-0.082951,0.005387,0.986868,-0.407301,-0.026231,0.190279,0.892069,-0.423372,-0.282078,0.623013,0.595161
-0.147155,-0.082984,0.005507,0.986869,-0.407261,-0.026276,0.190338,0.892074,-0.423317,-0.282063,0.623161,0.595051
-0.147147,-0.082995,0.005657,0.986867,-0.40729,-0.026279,0.19044,0.892038,-0.42332,-0.282008,0.623272,0.594959
-0.147104,-0.082992,0.005888,0.986871,-0.407249,-0.026263,0.190526,0.892038,-0.423295,-0.281986,0.623388,0.594863
-0.147099,-0.082939,0.006059,0.986873,-0.4072,-0.026159,0.190571,0.892051,-0.423318,-0.281948,0.623433,0.594817
-0.147065,-0.082862,0.006156,0.986883,-0.407184,-0.026012,0.190514,0.892074,-0.423383,-0.281865,0.623491,0.594748
-0.147033,-0.082782,0.006224,0.986892,-0.40718,-0.025839,0.190471,0.892087,-0.423423,-0.281789,0.623535,0.594709
-0.147027,-0.082628,0.006269,0.986902,-0.407103,-0.02565,0.190406,0.892139,-0.423472,-0.281688,0.623539,0.594715
-0.146992,-0.082468,0.006188,0.986919,-0.407087,-0.025462,0.190377,0.892155,-0.42347,-0.281552,0.623562,0.594754
-0.146915,-0.082328,0.006175,0.986939,-0.407018,-0.025213,0.190339,0.892197,-0.423579,-0.281403,0.623574,0.594733
-0.146825,-0.082167,0.006127,0.986964,-0.406941,-0.024986,0.190374,0.892227,-0.423694,-0.281287,0.623577,0.5947
-0.146778,-0.081992,0.006101,0.986983,-0.406918,-0.024748,0.190407,0.892234,-0.423812,-0.281135,0.623625,0.594635
-0.146691,-0.081815,0.006057,0.987007,-0.406828,-0.024495,0.190474,0.892263,-0.42389,-0.280991,0.623636,0.594635
-0.146592,-0.081596,0.006066,0.987036,-0.406737,-0.02424,0.190507,0.8923,-0.424004,-0.280826,0.623657,0.594606
-0.146451,-0.081362,0.006052,0.987072,-0.406698,-0.024023,0.190422,0.892339,-0.424115,-0.280604,0.623648,0.59464
-0.146302,-0.081162,0.005991,0.987108,-0.406625,-0.023853,0.190292,0.892402,-0.424239,-0.280417,0.623602,0.594683
-0.146167,-0.081006,0.005903,0.987139,-0.406471,-0.023755,0.190304,0.89247,-0.424388,-0.280183,0.623567,0.594722
-0.146044,-0.080857,0.005825,0.987168,-0.406428,-0.023636,0.190335,0.892484,-0.424529,-0.280007,0.623528,0.594743
-0.145987,-0.080652,0.005901,0.987188,-0.406326,-0.023568,0.190506,0.892494,-0.424614,-0.279793,0.623543,0.594765
-0.14589,-0.0805,0.005985,0.987211,-0.406261,-0.02347,0.190713,0.89248,-0.424764,-0.279596,0.623536,0.594755
-0.145818,-0.080364,0.006139,0.987229,-0.406224,-0.023294,0.190867,0.892464,-0.424836,-0.279397,0.62359,0.594736
-0.14578,-0.080151,0.006299,0.987245,-0.406163,-0.023074,0.190944,0.892476,-0.42486,-0.279231,0.623675,0.594705
-0.145742,-0.079891,0.006396,0.987266,-0.406148,-0.022819,0.190953,0.892484,-0.424917,-0.279033,0.623723,0.594705
-0.145719,-0.079672,0.006418,0.987283,-0.40617,-0.022506,0.19097,0.892473,-0.424923,-0.278857,0.62376,0.594741
-0.145669,-0.079471,0.00636,0.987303,-0.406205,-0.02221,0.190931,0.892468,-0.424987,-0.278707,0.623715,0.594811
-0.145589,-0.079284,0.006311,0.987327,-0.406254,-0.021982,0.190844,0.892468,-0.425129,-0.278506,0.623642,0.594877
-0.145529,-0.079158,0.006218,0.987345,-0.406226,-0.021824,0.190749,0.892502,-0.425267,-0.278368,0.623531,0.594959
-0.145498,-0.079052,0.006179,0.987357,-0.406162,-0.021836,0.190774,0.892525,-0.425388,-0.278283,0.623443,0.595003
-0.145445,-0.07908,0.006141,0.987363,-0.406156,-0.021951,0.190765,0.892529,-0.425414,-0.278192,0.623479,0.594989
-0.145424,-0.079075,0.006183,0.987366,-0.406138,-0.022056,0.190739,0.892543,-0.425392,-0.27818,0.623554,0.594931
-0.145349,-0.079138,0.006265,0.987372,-0.406086,-0.02212,0.190784,0.892555,-0.425316,-0.278208,0.623712,0.594806
-0.145252,-0.079235,0.006342,0.98738,-0.406035,-0.022165,0.190861,0.892561,-0.425154,-0.278234,0.623976,0.594631
-0.145186,-0.079295,0.006401,0.987385,-0.405931,-0.022192,0.190957,0.892587,-0.425021,-0.278303,0.624191,0.594468
-0.145143,-0.079366,0.006479,0.987386,-0.405891,-0.022184,0.190968,0.892603,-0.424929,-0.278353,0.624338,0.594355
-0.14512,-0.079365,0.006508,0.987389,-0.405883,-0.022142,0.190934,0.892615,-0.424914,-0.278339,0.624425,0.59428
-0.145084,-0.079393,0.006471,0.987394,-0.405862,-0.022106,0.190849,0.892643,-0.424887,-0.278354,0.624439,0.594277
-0.145063,-0.079383,0.006408,0.987398,-0.405923,-0.022023,0.190743,0.892639,-0.42491,-0.278353,0.624382,0.594322
-0.145052,-0.079386,0.006315,0.9874,-0.405926,-0.021963,0.190584,0.892673,-0.424944,-0.278317,0.624289,0.594412
-0.145059,-0.079438,0.006209,0.987397,-0.405996,-0.021971,0.190475,0.892665,-0.425042,-0.278272,0.624152,0.594508
-0.145048,-0.079439,0.006093,0.987401,-0.406068,-0.022045,0.19038,0.892653,-0.425094,-0.278238,0.624066,0.594577
-0.145098,-0.079507,0.006025,0.98739,-0.406107,-0.022125,0.190345,0.892642,-0.425142,-0.278242,0.623963,0.594648
-0.145073,-0.079554,0.006023,0.98739,-0.406157,-0.02219,0.190341,0.892619,-0.425135,-0.278267,0.623934,0.594674
-0.145069,-0.079623,0.006009,0.987386,-0.406141,-0.022286,0.190404,0.892612,-0.425148,-0.278278,0.62394,0.594653
-0.145055,-0.079728,0.006066,0.987382,-0.406082,-0.022366,0.190388,0.892642,-0.425134,-0.278303,0.62398,0.594609
-0.144987,-0.079846,0.006139,0.987383,-0.406057,-0.02244,0.190375,0.892655,-0.425131,-0.278374,0.624036,0.59452
-0.144903,-0.0799,0.006201,0.987392,-0.40599,-0.022462,0.190435,0.892672,-0.4251,-0.278396,0.624155,0.594407
-0.144816,-0.079938,0.006191,0.987403,-0.405974,-0.022453,0.190422,0.892682,-0.425056,-0.278463,0.624261,0.594296
-0.144766,-0.079889,0.006128,0.987413,-0.406011,-0.022327,0.190286,0.892696,-0.425064,-0.278464,0.624265,0.594285
-0.14472,-0.079885,0.006118,0.987421,-0.405968,-0.02217,0.190084,0.892761,-0.425093,-0.278411,0.624245,0.594309
-0.144612,-0.079802,0.005946,0.987444,-0.405945,-0.021964,0.189935,0.892806,-0.425129,-0.278341,0.624205,0.594358
-0.144573,-0.079662,0.005742,0.98746,-0.40594,-0.021727,0.189971,0.892802,-0.425186,-0.278286,0.624118,0.594434
-0.144547,-0.079464,0.005605,0.987479,-0.405998,-0.021451,0.190097,0.892751,-0.425327,-0.278168,0.623988,0.594524
-0.144546,-0.079243,0.005592,0.987492,-0.40604,-0.021203,0.190196,0.892712,-0.425483,-0.278054,0.623826,0.594635
-0.14451,-0.079008,0.005596,0.987512,-0.406061,-0.020996,0.190239,0.892695,-0.425637,-0.277946,0.623686,0.594722
-0.144477,-0.078856,0.005644,0.987525,-0.406077,-0.020846,0.19027,0.892682,-0.425821,-0.277794,0.623557,0.594794
-0.144509,-0.078674,0.005636,0.987532,-0.406133,-0.020824,0.190192,0.892674,-0.425951,-0.277688,0.623547,0.594759
-0.144512,-0.078519,0.005621,0.987541,-0.406156,-0.020798,0.190082,0.892687,-0.426019,-0.277614,0.623556,0.594734
-0.14454,-0.078406,0.005572,0.987545,-0.406136,-0.020706,0.189997,0.892716,-0.426112,-0.277555,0.623572,0.594678
-0.144577,-0.078369,0.005532,0.987542,-0.406093,-0.020674,0.189921,0.892751,-0.426156,-0.277518,0.623613,0.59462
-0.144534,-0.078312,0.005493,0.987552,-0.406041,-0.020699,0.189952,0.892768,-0.42621,-0.277451,0.623676,0.594544
-0.144497,-0.078307,0.005481,0.987558,-0.405975,-0.020694,0.190126,0.89276,-0.426212,-0.277442,0.623777,0.59444
-0.144507,-0.078289,0.005549,0.987557,-0.405908,-0.020655,0.190305,0.892752,-0.42616,-0.277476,0.623908,0.594324
-0.1445,-0.078264,0.005703,0.987558,-0.405848,-0.020682,0.190492,0.892738,-0.426103,-0.27753,0.624007,0.594237
-0.144484,-0.078237,0.005894,0.987559,-0.405837,-0.020656,0.190656,0.892707,-0.426089,-0.277544,0.624083,0.594159
-0.144511,-0.07817,0.006049,0.987558,-0.405894,-0.020506,0.190691,0.892675,-0.426205,-0.277497,0.624083,0.594097
-0.144549,-0.078138,0.006195,0.987552,-0.405908,-0.02038,0.190661,0.892676,-0.426338,-0.277473,0.623998,0.594101
-0.144565,-0.078078,0.006195,0.987553,-0.405944,-0.020281,0.190572,0.89268,-0.426462,-0.277449,0.623893,0.594135
-0.14457,-0.077984,0.006134,0.987559,-0.406033,-0.020202,0.190494,0.892657,-0.426554,-0.277413,0.62377,0.594215
-0.144626,-0.077899,0.006058,0.987557,-0.406121,-0.020163,0.190371,0.892644,-0.426631,-0.277348,0.62362,0.594347
-0.14469,-0.077894,0.005941,0.987549,-0.406211,-0.020234,0.190257,0.892628,-0.426713,-0.277383,0.623473,0.594428
-0.144782,-0.077979,0.005888,0.987531,-0.406255,-0.02042,0.190106,0.89264,-0.426757,-0.277415,0.623373,0.594487
-0.144823,-0.078116,0.005874,0.987517,-0.40629,-0.020701,0.190121,0.892619,-0.426732,-0.277542,0.623323,0.5945
-0.144847,-0.078328,0.005911,0.9875,-0.406279,-0.021073,0.190207,0.892602,-0.426631,-0.277675,0.623397,0.594435
-0.144831,-0.078574,0.006042,0.987486,-0.406255,-0.021472,0.190297,0.89259,-0.426489,-0.27789,0.623522,0.594306
-0.144858,-0.078827,0.006287,0.987463,-0.406208,-0.021915,0.190383,0.89259,-0.426286,-0.27814,0.623657,0.594196
-0.144862,-0.079135,0.006472,0.987442,-0.406137,-0.022266,0.190497,0.892594,-0.426122,-0.278374,0.623812,0.594044
-0.144858,-0.079438,0.006644,0.987422,-0.406049,-0.022587,0.190465,0.892639,-0.425952,-0.278629,0.623967,0.593888
-0.144817,-0.079728,0.006757,0.987408,-0.405999,-0.022784,0.190357,0.892682,-0.425814,-0.278867,0.624049,0.593791
-0.144711,-0.079945,0.006736,0.987411,-0.405898,-0.022858,0.190197,0.892762,-0.425665,-0.279037,0.624124,0.59374
-0.1446,-0.080164,0.006631,0.987415,-0.405809,-0.022929,0.190028,0.892838,-0.42563,-0.279167,0.624073,0.59376
-0.144534,-0.080337,0.006455,0.987416,-0.405689,-0.022973,0.189919,0.892917,-0.4256,-0.279301,0.623957,0.593844
-0.144412,-0.080477,0.006296,0.987427,-0.405593,-0.023055,0.189774,0.892991,-0.425592,-0.279428,0.623793,0.593965
-0.144238,-0.080597,0.006191,0.987446,-0.40554,-0.023108,0.189653,0.893041,-0.425612,-0.279478,0.62364,0.594088
-0.144054,-0.080727,0.006096,0.987467,-0.405469,-0.023171,0.189549,0.893095,-0.425605,-0.279542,0.623434,0.594282
-0.143947,-0.080851,0.005951,0.987476,-0.405452,-0.0232,0.189464,0.893121,-0.425625,-0.279574,0.623256,0.59444
-0.143852,-0.080999,0.005888,0.987482,-0.405441,-0.023295,0.189298,0.89316,-0.425602,-0.279652,0.623128,0.594558
-0.143797,-0.081182,0.005737,0.987479,-0.405449,-0.023485,0.189147,0.893189,-0.425544,-0.279724,0.623009,0.594691
-0.143749,-0.081372,0.005681,0.987475,-0.405425,-0.023723,0.188994,0.893229,-0.42551,-0.279834,0.622975,0.594701
-0.143765,-0.081586,0.00565,0.98746,-0.405402,-0.024023,0.18895,0.893246,-0.42541,-0.27998,0.623021,0.594658
-0.143796,-0.08184,0.005636,0.987439,-0.405324,-0.024329,0.188944,0.89328,-0.425269,-0.280139,0.623059,0.594646
-0.143768,-0.082059,0.005702,0.987428,-0.405249,-0.024698,0.18898,0.893302,-0.425099,-0.280338,0.623125,0.594608
-0.143661,-0.082354,0.005827,0.987423,-0.405134,-0.025002,0.188983,0.89335,-0.424951,-0.280508,0.62326,0.594492
-0.143558,-0.082633,0.006052,0.987418,-0.405027,-0.025291,0.189078,0.893374,-0.424782,-0.280648,0.62347,0.594327
-0.143468,-0.082888,0.006263,0.987412,-0.404859,-0.025492,0.189107,0.893441,-0.424582,-0.280844,0.623662,0.594179
-0.14335,-0.083124,0.006411,0.987412,-0.40466,-0.025603,0.189169,0.893517,-0.424452,-0.280998,0.62381,0.594044
-0.143155,-0.083283,0.006484,0.987429,-0.404436,-0.025636,0.18917,0.893617,-0.424321,-0.281144,0.623946,0.593928
-0.142957,-0.083376,0.006514,0.987451,-0.404229,-0.025554,0.189135,0.893719,-0.424289,-0.281237,0.623997,0.593853
-0.142703,-0.083457,0.006512,0.987482,-0.403959,-0.02546,0.189109,0.893848,-0.424277,-0.281258,0.623949,0.593903
-0.142447,-0.083476,0.006409,0.98752,-0.403722,-0.025305,0.189017,0.893976,-0.424295,-0.281237,0.623839,0.594018
-0.142105,-0.083467,0.006282,0.987572,-0.403515,-0.025141,0.188902,0.894097,-0.424343,-0.281248,0.623661,0.594165
-0.141795,-0.083477,0.006091,0.987618,-0.40333,-0.025009,0.188696,0.894226,-0.424403,-0.281187,0.623481,0.59434
-0.141527,-0.083492,0.005826,0.987659,-0.40319,-0.024936,0.188487,0.894335,-0.4245,-0.281106,0.623292,0.594507
-0.141259,-0.083532,0.005614,0.987697,-0.403037,-0.024933,0.188253,0.894454,-0.424551,-0.281041,0.623176,0.594624
-0.14099,-0.083674,0.00546,0.987728,-0.402882,-0.025071,0.188065,0.894562,-0.424603,-0.280992,0.623076,0.594715
-0.14075,-0.083786,0.00536,0.987757,-0.402699,-0.025188,0.187999,0.894658,-0.424635,-0.28093,0.623,0.594801
-0.140615,-0.083912,0.005353,0.987768,-0.402601,-0.025331,0.187931,0.894714,-0.424694,-0.280865,0.622989,0.594799
-0.1405,-0.084049,0.005355,0.987775,-0.402459,-0.025519,0.187952,0.894771,-0.424705,-0.280828,0.623063,0.59473
-0.140361,-0.084164,0.005468,0.987787,-0.402255,-0.025624,0.187988,0.894854,-0.4247,-0.280852,0.623144,0.594638
-0.140266,-0.084288,0.005469,0.987792,-0.402131,-0.025662,0.187872,0.894934,-0.424636,-0.280837,0.623268,0.594561
-0.140121,-0.084373,0.005464,0.987807,-0.401949,-0.025674,0.187804,0.895031,-0.424623,-0.28082,0.623416,0.59442
-0.139977,-0.084371,0.005513,0.987826,-0.401763,-0.025671,0.187825,0.895109,-0.424612,-0.28083,0.623537,0.594296
-0.139783,-0.084352,0.005553,0.987856,-0.401608,-0.025601,0.187836,0.895177,-0.42452,-0.280848,0.62366,0.594223
-0.139599,-0.084298,0.005565,0.987885,-0.401443,-0.0255,0.187852,0.895249,-0.424539,-0.28081,0.623693,0.594193
-0.139379,-0.084226,0.00559,0.987921,-0.401197,-0.025339,0.187895,0.895351,-0.424584,-0.280763,0.623672,0.594204
-0.139163,-0.084146,0.005623,0.987956,-0.401019,-0.025116,0.187922,0.895428,-0.424623,-0.280736,0.623648,0.594213
-0.138951,-0.084074,0.005579,0.987992,-0.400893,-0.024999,0.187921,0.895485,-0.424639,-0.280667,0.623622,0.594261
-0.138787,-0.08396,0.005526,0.988023,-0.400755,-0.024941,0.187993,0.895532,-0.42467,-0.280588,0.623593,0.594306
-0.138624,-0.0839,0.005479,0.98805,-0.400667,-0.024956,0.188003,0.895569,-0.424691,-0.280567,0.623573,0.594324
-0.13848,-0.083922,0.005448,0.98807,-0.400593,-0.024944,0.187956,0.895613,-0.424708,-0.280514,0.623583,0.594322
-0.138411,-0.083904,0.005512,0.98808,-0.400537,-0.025029,0.187948,0.895639,-0.424722,-0.280503,0.623623,0.594277
-0.138346,-0.083942,0.005641,0.988084,-0.400499,-0.02519,0.188006,0.895641,-0.424698,-0.280489,0.623711,0.594208
-0.138294,-0.083965,0.005715,0.98809,-0.400475,-0.025308,0.188075,0.895636,-0.424689,-0.280471,0.62383,0.594095
-0.138279,-0.084014,0.005801,0.988088,-0.400466,-0.025387,0.188091,0.895635,-0.42469,-0.280435,0.623923,0.594013
-0.138239,-0.08402,0.00596,0.988091,-0.400479,-0.025407,0.18808,0.895632,-0.424647,-0.280411,0.624026,0.593946
-0.138232,-0.084062,0.006036,0.988088,-0.400559,-0.025355,0.188027,0.895607,-0.424626,-0.280361,0.624092,0.593914
-0.138213,-0.084055,0.005995,0.988092,-0.400528,-0.025237,0.187956,0.895638,-0.424625,-0.280304,0.624119,0.593912
-0.138183,-0.084033,0.005867,0.988099,-0.400531,-0.025074,0.187807,0.89567,-0.424639,-0.28026,0.624138,0.593903
-0.138121,-0.084002,0.005769,0.988111,-0.400491,-0.024912,0.187669,0.89572,-0.424667,-0.280231,0.62412,0.593915
-0.138031,-0.08394,0.005621,0.98813,-0.400416,-0.024768,0.1877,0.895748,-0.424729,-0.280181,0.624069,0.593948
-0.137934,-0.083854,0.005515,0.98815,-0.400323,-0.024668,0.187703,0.89579,-0.424814,-0.280102,0.623992,0.594005
-0.137852,-0.083768,0.005437,0.988168,-0.400205,-0.024577,0.187763,0.895832,-0.424878,-0.28003,0.623908,0.59408
-0.137723,-0.083738,0.005539,0.988187,-0.400089,-0.024476,0.187866,0.895862,-0.424937,-0.279927,0.623891,0.594103
-0.1376,-0.083665,0.005666,0.988207,-0.399948,-0.024421,0.187964,0.895904,-0.424963,-0.279836,0.623874,0.594144
-0.137519,-0.08364,0.005808,0.988219,-0.39989,-0.024382,0.187978,0.895928,-0.424992,-0.279763,0.623919,0.59411
-0.137468,-0.083574,0.005907,0.988229,-0.39986,-0.024413,0.188013,0.895933,-0.425039,-0.279696,0.624008,0.594013
-0.137346,-0.083577,0.006018,0.988245,-0.399797,-0.024415,0.188031,0.895958,-0.42502,-0.279685,0.624173,0.593855
-0.137241,-0.083654,0.006107,0.988254,-0.399732,-0.024453,0.188036,0.895984,-0.424972,-0.279739,0.624388,0.59364
-0.137115,-0.083691,0.006176,0.988267,-0.399684,-0.024424,0.188069,0.895999,-0.424926,-0.279775,0.624583,0.593448
-0.137037,-0.083677,0.00627,0.988278,-0.399654,-0.024329,0.188121,0.896002,-0.424921,-0.279724,0.62474,0.593308
-0.136935,-0.083637,0.006302,0.988295,-0.399664,-0.02413,0.188149,0.895993,-0.424925,-0.279659,0.624772,0.593303
-0.13683,-0.0835,0.006319,0.988318,-0.399709,-0.023805,0.188098,0.895988,-0.424956,-0.279553,0.624703,0.593402
-0.136777,-0.083296,0.006209,0.98834,-0.399836,-0.02349,0.18801,0.895954,-0.425065,-0.279365,0.624595,0.593524
-0.136685,-0.083105,0.006108,0.988367,-0.399965,-0.023167,0.187947,0.895913,-0.425232,-0.27916,0.624362,0.593743
-0.136684,-0.082897,0.005903,0.988383,-0.400088,-0.022924,0.187868,0.895877,-0.425409,-0.279018,0.624149,0.593907
-0.136697,-0.082774,0.005715,0.988391,-0.400159,-0.022767,0.187739,0.895874,-0.425603,-0.278891,0.62396,0.594025
-0.136699,-0.082684,0.005628,0.988397,-0.400229,-0.02269,0.187692,0.895854,-0.425757,-0.278761,0.623816,0.594126
-0.136731,-0.082607,0.00558,0.988399,-0.400266,-0.022778,0.18771,0.895833,-0.425847,-0.278732,0.62372,0.594176
-0.136751,-0.082647,0.005617,0.988392,-0.400204,-0.022967,0.187832,0.895833,-0.425903,-0.27873,0.623781,0.594073
-0.136725,-0.082752,0.005683,0.98839,-0.399635,-0.0231,0.188319,0.89598,-0.425874,-0.278756,0.623957,0.593896
-0.136676842029583,-0.0827914521465333,0.00580599033562434,0.988391723163842,-0.399635860821759,-0.0230923431660592,0.188311495084453,0.895992539228316,-0.425808255790004,-0.278807172930859,0.624133422660169,0.593740017612756
-0.136606962579773,-0.0828240409697849,0.00598480985182137,0.988396514124294,-0.399638532407407,-0.0230701425758338,0.188290006492472,0.896001231750705,-0.425703842966761,-0.278883496907055,0.624324572116127,0.593579586988771
-0.136522700151239,-0.082849628318256,0.00618458956247428,0.988403805084746,-0.3996431484375,-0.0230345530967195,0.188256073456047,0.896007000828119,-0.425583336253205,-0.278969606765328,0.624509576472983,0.593429339021776
-0.136431393244652,-0.082868076040448,0.00637046048146624,0.988413028248588,-0.399649842592593,-0.0229867295961119,0.188211235207167,0.896010769721507,-0.425469310372269,-0.279050137342416,0.624667563835842,0.593303904605497
-0.136340380360682,-0.0828792459848622,0.00650755362268042,0.988423615819209,-0.399658748553241,-0.0229278269414069,0.188157030977821,0.896013461691817,-0.42538434004689,-0.279109723475061,0.624777662309812,0.593217914633662
-0.136257,-0.082883,0.006561,0.988435,-0.39967,-0.022859,0.188095,0.896016,-0.425351,-0.279133,0.624819,0.593186
-0.13618082194045,-0.0828152258064516,0.00635968849536487,0.988452012590799,-0.39971806508425,-0.022672705331845,0.187959244784687,0.896018692307692,-0.425399397648316,-0.279095349153567,0.624749934346925,0.593241625755135
-0.136104,-0.082707,0.006046,0.988473,-0.399803,-0.0225,0.187812,0.89602,-0.425498,-0.279015,0.624605,0.593361
-0.136024,-0.082631,0.005842,0.988493,-0.399916,-0.022471,0.187744,0.895985,-0.42564,-0.278882,0.624377,0.593562
-0.136062,-0.08252,0.005672,0.988496,-0.400011,-0.022535,0.187763,0.895937,-0.425766,-0.27878,0.624229,0.593674
-0.136069,-0.082456,0.005604,0.9885,-0.4001,-0.022669,0.187842,0.89588,-0.425858,-0.27871,0.624101,0.593775
-0.136103,-0.082469,0.005688,0.988494,-0.400134,-0.022883,0.187967,0.895836,-0.426006,-0.278644,0.624018,0.593786
-0.136178,-0.082513,0.005832,0.988479,-0.400129,-0.023064,0.188076,0.895813,-0.425989,-0.278692,0.624096,0.593696
-0.136203,-0.082636,0.006029,0.988465,-0.400091,-0.023198,0.188098,0.895824,-0.425892,-0.278744,0.624273,0.593555
-0.136277,-0.082717,0.0062,0.988448,-0.400087,-0.023319,0.188124,0.895819,-0.425764,-0.27888,0.624493,0.593351
-0.136357,-0.082821,0.006359,0.988427,-0.400048,-0.02337,0.188145,0.895831,-0.425568,-0.279025,0.624709,0.593197
-0.136348,-0.082887,0.006404,0.988424,-0.399965,-0.023373,0.18817,0.895864,-0.425463,-0.279149,0.624852,0.593064
-0.136286,-0.082991,0.006427,0.988426,-0.399892,-0.023328,0.1881,0.895912,-0.425442,-0.279253,0.624907,0.592973
-0.136201,-0.083046,0.006445,0.988433,-0.39984,-0.02323,0.18805,0.895946,-0.425433,-0.279312,0.624918,0.592941
-0.136131,-0.083056,0.006389,0.988444,-0.399776,-0.023191,0.18807,0.89597,-0.425429,-0.279328,0.624863,0.592995
-0.136029,-0.083038,0.006366,0.988459,-0.399814,-0.023118,0.18808,0.895952,-0.425527,-0.279294,0.624706,0.593107
-0.13595,-0.083018,0.006327,0.988471,-0.399878,-0.023092,0.188029,0.895934,-0.425657,-0.279256,0.624548,0.593197
-0.135891,-0.082991,0.006349,0.988481,-0.399892,-0.023108,0.187968,0.895941,-0.425759,-0.279293,0.624377,0.593288
-0.135814,-0.083028,0.006373,0.988489,-0.399979,-0.023173,0.187908,0.895915,-0.425923,-0.279298,0.624257,0.593295
-0.135846,-0.083094,0.006336,0.988481,-0.40006,-0.023318,0.187844,0.895892,-0.425985,-0.279311,0.62422,0.593284
-0.135887,-0.083225,0.006287,0.988467,-0.400105,-0.02357,0.187947,0.895847,-0.425959,-0.279363,0.624219,0.59328
-0.135922,-0.08335,0.006333,0.988454,-0.400153,-0.023825,0.188048,0.895802,-0.425927,-0.279479,0.624274,0.593191
-0.136002,-0.083537,0.006422,0.988429,-0.400158,-0.024075,0.188246,0.895753,-0.425897,-0.279586,0.62435,0.593082
-0.136023,-0.083679,0.006647,0.988414,-0.400208,-0.024249,0.188325,0.895713,-0.425819,-0.279711,0.624529,0.592892
-0.136053,-0.083801,0.006829,0.988399,-0.400255,-0.024368,0.188357,0.895683,-0.425802,-0.279804,0.624655,0.592729
-0.13614,-0.083889,0.006944,0.98838,-0.400305,-0.024405,0.188302,0.895672,-0.425762,-0.279917,0.624779,0.592574
-0.136224,-0.083981,0.007033,0.988361,-0.400364,-0.024413,0.188177,0.895673,-0.425702,-0.28004,0.624876,0.592457
-0.136238,-0.084038,0.007003,0.988356,-0.400442,-0.024378,0.188113,0.895652,-0.425676,-0.28023,0.624936,0.592324
-0.136269,-0.08407,0.006862,0.988352,-0.400494,-0.024316,0.188148,0.895623,-0.42575,-0.280278,0.624877,0.592312
-0.136278,-0.084062,0.006789,0.988352,-0.400547,-0.024247,0.188263,0.895575,-0.425736,-0.280328,0.624862,0.592315
-0.136234,-0.083998,0.006684,0.988363,-0.400591,-0.024228,0.188328,0.895541,-0.42582,-0.280308,0.624744,0.59239
-0.136242,-0.083963,0.00664,0.988366,-0.400637,-0.02424,0.188326,0.895521,-0.425909,-0.280271,0.624676,0.592414
-0.136286,-0.083938,0.006724,0.98836,-0.400691,-0.02427,0.188347,0.895493,-0.425981,-0.280276,0.624675,0.592362
-0.136291,-0.083937,0.006791,0.988358,-0.400763,-0.024289,0.188263,0.895478,-0.42607,-0.280295,0.624661,0.592303
-0.136332,-0.083934,0.006773,0.988353,-0.400842,-0.024206,0.188175,0.895463,-0.426125,-0.280318,0.624698,0.592213
-0.13645,-0.083945,0.006758,0.988336,-0.400896,-0.02419,0.18812,0.89545,-0.426146,-0.280368,0.624771,0.592098
-0.136487,-0.083948,0.006721,0.988331,-0.400964,-0.024132,0.188078,0.89543,-0.426163,-0.280465,0.624826,0.591982
-0.136511,-0.083919,0.006714,0.98833,-0.400954,-0.024045,0.188104,0.895429,-0.426207,-0.280511,0.62485,0.591903
-0.136545,-0.083918,0.006702,0.988326,-0.400961,-0.023999,0.188095,0.895428,-0.426288,-0.280506,0.624886,0.59181
-0.136541,-0.083876,0.00671,0.988328,-0.400974,-0.0239,0.188097,0.895424,-0.426391,-0.280448,0.624912,0.591734
-0.136593,-0.083789,0.006704,0.988328,-0.400946,-0.023802,0.188177,0.89542,-0.426484,-0.280449,0.624839,0.591743
-0.13662,-0.083713,0.006731,0.988328,-0.401007,-0.023763,0.188215,0.895384,-0.426576,-0.28041,0.624784,0.591753
-0.136663,-0.083637,0.006721,0.988327,-0.401036,-0.023697,0.188299,0.895354,-0.426729,-0.280355,0.624753,0.591702
-0.136685,-0.083552,0.00676,0.988329,-0.401043,-0.023626,0.188424,0.895325,-0.426816,-0.280291,0.624717,0.591707
-0.136657,-0.08346,0.00677,0.988339,-0.401079,-0.023545,0.188635,0.895264,-0.426946,-0.280182,0.624681,0.591699
-0.136651,-0.083437,0.006818,0.988341,-0.401108,-0.023459,0.188791,0.895218,-0.427024,-0.280135,0.624718,0.591626
-0.136669,-0.083364,0.00694,0.988342,-0.401113,-0.02333,0.188955,0.895182,-0.427098,-0.28009,0.624805,0.591501
-0.136704,-0.083233,0.00712,0.988343,-0.40117,-0.023161,0.189052,0.895138,-0.427182,-0.280034,0.624881,0.591384
-0.136734,-0.083134,0.007268,0.988343,-0.4012,-0.02301,0.189014,0.895133,-0.427269,-0.28002,0.624926,0.591279
-0.136805,-0.083009,0.007326,0.988341,-0.401226,-0.022817,0.188896,0.895149,-0.427379,-0.279944,0.624962,0.591198
-0.136838,-0.082898,0.007261,0.988344,-0.401225,-0.022618,0.188747,0.895184,-0.427496,-0.279899,0.625014,0.591078
-0.136768,-0.082834,0.007084,0.988361,-0.401249,-0.022483,0.188577,0.895211,-0.427615,-0.279852,0.625041,0.590984
-0.136671,-0.08278,0.006992,0.988378,-0.401241,-0.022463,0.188501,0.895231,-0.427718,-0.279859,0.625002,0.590948
-0.136615,-0.082762,0.006797,0.98839,-0.401142,-0.02249,0.188531,0.895269,-0.427828,-0.279858,0.624956,0.590917
-0.13653,-0.082725,0.006653,0.988406,-0.400999,-0.022557,0.188616,0.895313,-0.427931,-0.279843,0.624927,0.59088
-0.136338,-0.082754,0.006578,0.988432,-0.400882,-0.022725,0.188788,0.895326,-0.427963,-0.279834,0.624923,0.590866
-0.136183,-0.082732,0.006714,0.988453,-0.400756,-0.022797,0.188904,0.895358,-0.42801,-0.279805,0.62496,0.590805
-0.136034,-0.082849,0.006894,0.988464,-0.400635,-0.022898,0.188873,0.895417,-0.428061,-0.279823,0.62497,0.590749
-0.135889,-0.082967,0.00715,0.988473,-0.400478,-0.022998,0.188921,0.895476,-0.428129,-0.279842,0.625024,0.590634
-0.135759,-0.083116,0.007259,0.988479,-0.400309,-0.022983,0.189008,0.895532,-0.42822,-0.279894,0.625098,0.590465
-0.135606,-0.083225,0.007346,0.988492,-0.400165,-0.022938,0.189063,0.895586,-0.428266,-0.279946,0.625178,0.590321
-0.13544,-0.083326,0.007354,0.988509,-0.399949,-0.022819,0.189116,0.895672,-0.428362,-0.279959,0.625192,0.590231
-0.135259,-0.083311,0.007376,0.988534,-0.399786,-0.02259,0.189161,0.895736,-0.428435,-0.279972,0.62515,0.590216
-0.135062,-0.083255,0.007414,0.988564,-0.399701,-0.022398,0.189109,0.895787,-0.428563,-0.279921,0.625044,0.590259
-0.134865,-0.083178,0.007492,0.988595,-0.399655,-0.022279,0.188967,0.89584,-0.428778,-0.279841,0.624812,0.590386
-0.134683,-0.083129,0.007497,0.988624,-0.399688,-0.022145,0.188798,0.895862,-0.428961,-0.279805,0.624577,0.590521
-0.134542,-0.08316,0.007311,0.988643,-0.399711,-0.02214,0.188524,0.895911,-0.429142,-0.279793,0.624324,0.590664
-0.134363,-0.083202,0.007119,0.988668,-0.399756,-0.022258,0.188221,0.895955,-0.429296,-0.279787,0.62405,0.590846
-0.134209,-0.083314,0.006933,0.988683,-0.399804,-0.022486,0.18807,0.895964,-0.429382,-0.279831,0.623813,0.591013
-0.134116,-0.083458,0.006712,0.98869,-0.399805,-0.022762,0.188005,0.895975,-0.429497,-0.279851,0.623685,0.591058
-0.134076,-0.083698,0.006585,0.988681,-0.399791,-0.023014,0.187921,0.895997,-0.429488,-0.279963,0.623681,0.591016
-0.134042,-0.084,0.006657,0.988664,-0.399739,-0.023268,0.187941,0.896014,-0.429451,-0.280113,0.623843,0.590801
-0.134011,-0.084295,0.006791,0.988648,-0.399625,-0.023436,0.187995,0.896051,-0.429351,-0.280325,0.624063,0.590544
-0.133992,-0.08458,0.006904,0.98863,-0.399552,-0.023569,0.187951,0.896093,-0.429248,-0.280534,0.624342,0.590225
-0.133907,-0.084736,0.007059,0.988629,-0.399428,-0.023556,0.18793,0.896152,-0.42913,-0.280745,0.624601,0.589937
-0.133838,-0.084837,0.007177,0.98863,-0.399349,-0.023464,0.187942,0.896186,-0.428987,-0.280993,0.62481,0.589703
-0.133689,-0.084906,0.007209,0.988646,-0.399267,-0.023275,0.18786,0.896241,-0.428911,-0.281172,0.624962,0.589515
-0.133476,-0.084882,0.007202,0.988676,-0.399144,-0.022992,0.187845,0.896302,-0.428899,-0.281238,0.624992,0.589461
-0.133296,-0.084848,0.007079,0.988705,-0.399069,-0.022612,0.187707,0.896368,-0.428945,-0.281257,0.624941,0.589471
-0.133091,-0.084747,0.006945,0.988741,-0.399072,-0.02228,0.187546,0.896405,-0.429025,-0.281224,0.624765,0.589617
-0.132905,-0.084628,0.006745,0.988777,-0.399063,-0.022032,0.187474,0.896426,-0.429194,-0.281156,0.624472,0.589838
-0.132723,-0.084511,0.006439,0.988813,-0.399121,-0.021934,0.187404,0.896416,-0.429412,-0.281006,0.624166,0.590073
-0.132659,-0.084382,0.006168,0.988833,-0.399188,-0.021863,0.187379,0.896392,-0.429663,-0.280878,0.623904,0.590228
-0.132627,-0.084297,0.006026,0.988845,-0.399324,-0.021862,0.187389,0.896329,-0.429883,-0.280763,0.623695,0.590344
-0.132634,-0.084226,0.00602,0.988849,-0.399424,-0.021886,0.18741,0.89628,-0.43009,-0.280699,0.623561,0.590365
-0.13266,-0.084192,0.006082,0.988847,-0.399525,-0.021912,0.187532,0.896209,-0.430159,-0.280714,0.623576,0.59029
-0.132753,-0.084252,0.006187,0.988829,-0.399608,-0.021879,0.187664,0.896144,-0.430186,-0.280744,0.623661,0.590166
-0.132895,-0.084263,0.006272,0.988808,-0.39964,-0.021872,0.187801,0.8961,-0.43017,-0.280799,0.623821,0.589982
-0.133053,-0.084186,0.00639,0.988791,-0.399697,-0.021824,0.188012,0.896031,-0.430096,-0.280884,0.624002,0.589804
-0.133194,-0.084145,0.006529,0.988772,-0.399729,-0.021731,0.188143,0.895988,-0.43002,-0.280963,0.624194,0.589619
-0.133321,-0.084037,0.006686,0.98876,-0.39977,-0.021561,0.188301,0.895938,-0.430022,-0.281003,0.624346,0.589437
-0.133408,-0.083949,0.006876,0.988752,-0.39981,-0.021439,0.188387,0.895903,-0.430084,-0.281065,0.624402,0.589303
-0.133476,-0.083881,0.006987,0.988746,-0.399884,-0.021298,0.188289,0.895892,-0.4302,-0.281124,0.624402,0.589192
-0.133548,-0.083823,0.007076,0.988738,-0.399966,-0.021147,0.188173,0.895881,-0.430326,-0.281093,0.624362,0.589155
-0.133581,-0.083747,0.007042,0.988739,-0.400042,-0.021051,0.188069,0.89587,-0.430448,-0.281092,0.624324,0.589107
-0.133625,-0.083682,0.006888,0.98874,-0.400094,-0.021049,0.188016,0.895858,-0.430552,-0.281065,0.62431,0.589058
-0.133679,-0.083694,0.006687,0.988734,-0.400165,-0.021105,0.188052,0.895819,-0.430642,-0.281079,0.624274,0.589024
-0.133724,-0.083722,0.006596,0.988728,-0.400207,-0.021154,0.188175,0.895773,-0.430726,-0.281095,0.624236,0.588995
-0.133812,-0.083736,0.006595,0.988715,-0.40021,-0.021182,0.188357,0.895732,-0.430768,-0.281054,0.624252,0.588967
-0.133891,-0.083788,0.00677,0.988698,-0.40024,-0.021246,0.18859,0.895668,-0.43079,-0.281096,0.624258,0.588924
-0.13396,-0.083863,0.006945,0.988681,-0.400304,-0.021292,0.188782,0.895597,-0.430831,-0.281129,0.624345,0.588786
-0.133987,-0.083893,0.007185,0.988672,-0.400325,-0.021405,0.188846,0.895574,-0.430834,-0.281172,0.624469,0.588632
-0.134042,-0.083945,0.007398,0.988659,-0.400385,-0.02145,0.188787,0.89556,-0.430805,-0.281253,0.624598,0.588478
-0.134115,-0.084016,0.007522,0.988642,-0.400477,-0.021472,0.188726,0.895532,-0.430784,-0.281313,0.624708,0.588348
-0.134157,-0.0841,0.007453,0.988632,-0.400544,-0.021527,0.188694,0.895508,-0.430758,-0.281375,0.624752,0.588291
-0.134191,-0.084156,0.007434,0.988624,-0.40052,-0.021498,0.188613,0.895537,-0.430801,-0.281446,0.624731,0.588248
-0.134203,-0.084173,0.007407,0.988622,-0.400561,-0.021489,0.188568,0.895528,-0.430856,-0.281487,0.624716,0.588206
-0.134228,-0.084187,0.007378,0.988618,-0.400591,-0.021503,0.188504,0.895528,-0.430905,-0.281507,0.624717,0.588158
-0.134244,-0.084197,0.007352,0.988616,-0.400654,-0.02147,0.188452,0.895512,-0.431008,-0.281517,0.624649,0.588153
-0.134251,-0.084213,0.00731,0.988614,-0.400711,-0.021413,0.188398,0.895498,-0.431076,-0.281558,0.624619,0.588114
-0.13421,-0.084226,0.007213,0.988619,-0.400724,-0.021368,0.188351,0.895503,-0.43112,-0.281592,0.624555,0.588134
-0.134232,-0.084275,0.007121,0.988615,-0.400703,-0.021411,0.188349,0.895513,-0.431154,-0.281641,0.624537,0.588105
-0.134229,-0.084276,0.007077,0.988615,-0.400648,-0.021459,0.188389,0.895528,-0.431228,-0.281668,0.624516,0.58806
-0.134201,-0.084318,0.007129,0.988616,-0.400658,-0.02156,0.188382,0.895524,-0.431272,-0.28171,0.62454,0.587982
-0.13418,-0.084368,0.007193,0.988614,-0.400648,-0.021575,0.188482,0.895507,-0.431357,-0.28171,0.62456,0.5879
-0.134136,-0.08438,0.00728,0.988619,-0.400634,-0.021596,0.188545,0.895499,-0.431389,-0.281696,0.624631,0.587806
-0.134089,-0.084366,0.007424,0.988624,-0.400599,-0.021529,0.188525,0.89552,-0.431413,-0.281757,0.624649,0.587741
-0.134094,-0.084337,0.007385,0.988626,-0.400665,-0.02144,0.188495,0.895498,-0.43146,-0.281788,0.62465,0.587691
-0.134021,-0.084291,0.007421,0.988639,-0.400715,-0.021259,0.188507,0.895475,-0.43157,-0.281779,0.624567,0.587703
-0.134048,-0.084211,0.007401,0.988641,-0.400727,-0.021096,0.188556,0.895459,-0.431712,-0.281725,0.624487,0.587709
-0.1341,-0.084096,0.0073,0.988642,-0.400848,-0.020949,0.188598,0.895397,-0.431855,-0.281692,0.6244,0.587712
-0.134152,-0.083993,0.007222,0.988643,-0.400956,-0.020809,0.188658,0.895338,-0.431986,-0.281657,0.624292,0.587747
-0.134174,-0.083889,0.007214,0.988647,-0.401005,-0.020685,0.188727,0.895302,-0.432135,-0.281607,0.624242,0.587715
-0.134262,-0.083781,0.0072,0.988643,-0.401045,-0.020562,0.188831,0.895262,-0.432297,-0.281582,0.624162,0.587691
-0.134305,-0.083657,0.007126,0.988645,-0.401097,-0.020425,0.18883,0.895239,-0.432418,-0.281531,0.624143,0.587647
-0.134366,-0.083566,0.007144,0.988643,-0.401148,-0.020251,0.188783,0.895228,-0.432568,-0.281507,0.624139,0.587551
-0.1344,-0.083552,0.007137,0.98864,-0.401241,-0.020099,0.188636,0.89522,-0.432626,-0.281499,0.624179,0.58747
-0.134353,-0.083515,0.007128,0.988649,-0.401194,-0.020052,0.188486,0.895273,-0.432746,-0.281497,0.624182,0.587378
-0.134283,-0.083564,0.00706,0.988655,-0.401187,-0.020087,0.188384,0.895297,-0.432838,-0.281505,0.624212,0.587273
-0.134192,-0.083592,0.006988,0.988667,-0.401162,-0.020109,0.188497,0.895284,-0.432876,-0.28153,0.624252,0.587193
-0.13417,-0.083605,0.006817,0.988672,-0.401027,-0.020203,0.188732,0.895293,-0.432888,-0.281526,0.624336,0.587095
-0.134126,-0.083589,0.006921,0.988677,-0.400948,-0.02029,0.188942,0.895283,-0.432973,-0.281528,0.62435,0.587016
-0.134088,-0.083627,0.007085,0.988678,-0.400905,-0.020324,0.189114,0.895265,-0.433018,-0.281584,0.624446,0.586854
-0.134009,-0.08365,0.007275,0.988685,-0.400882,-0.020291,0.189228,0.89525,-0.43303,-0.281638,0.624527,0.586731
-0.133946,-0.083644,0.007493,0.988691,-0.400854,-0.020243,0.18932,0.895243,-0.433148,-0.281655,0.624565,0.586596
-0.133849,-0.083624,0.007688,0.988702,-0.400843,-0.02012,0.189354,0.895242,-0.43331,-0.281628,0.624562,0.586492
-0.133758,-0.083584,0.007775,0.988716,-0.400845,-0.020078,0.189263,0.89526,-0.433436,-0.281586,0.624517,0.586467
-0.133688,-0.083539,0.007722,0.98873,-0.400859,-0.01997,0.189276,0.895252,-0.433568,-0.281517,0.624479,0.586443
-0.133662,-0.083466,0.00765,0.988739,-0.40084,-0.019863,0.189255,0.895266,-0.433664,-0.281477,0.624444,0.586427
-0.133639,-0.083383,0.00764,0.988747,-0.400843,-0.01973,0.189319,0.895252,-0.433774,-0.281423,0.624379,0.58644
-0.133587,-0.083307,0.00769,0.988758,-0.40088,-0.019674,0.189331,0.895233,-0.433919,-0.281372,0.624282,0.58646
-0.133534,-0.083276,0.007668,0.988769,-0.400892,-0.019645,0.1894,0.895214,-0.434006,-0.28133,0.624241,0.586458
-0.133509,-0.083277,0.007637,0.988772,-0.400919,-0.019676,0.189498,0.895179,-0.434059,-0.281308,0.624254,0.586415
-0.133523,-0.083276,0.007702,0.988769,-0.400908,-0.019704,0.189685,0.895144,-0.434052,-0.281269,0.624343,0.586344
-0.133524,-0.083258,0.007821,0.988769,-0.400885,-0.01976,0.189778,0.895132,-0.434052,-0.281279,0.624393,0.586285
-0.133542,-0.083288,0.007982,0.988762,-0.400867,-0.019822,0.1898,0.895136,-0.434075,-0.281294,0.624502,0.586145
-0.133539,-0.083368,0.008116,0.988755,-0.4008,-0.019835,0.189853,0.895154,-0.43406,-0.281325,0.624613,0.586023
-0.13356,-0.083435,0.008199,0.988747,-0.400769,-0.019802,0.189846,0.89517,-0.434016,-0.281382,0.624778,0.585851
-0.133518,-0.083446,0.008207,0.988752,-0.400693,-0.019747,0.189953,0.895181,-0.433919,-0.28145,0.624924,0.585735
-0.133502,-0.083408,0.008177,0.988756,-0.4006,-0.019666,0.190038,0.895205,-0.433808,-0.281461,0.625019,0.58571
-0.133458,-0.083388,0.008187,0.988765,-0.400562,-0.019612,0.190061,0.895217,-0.43375,-0.281461,0.625068,0.585701
-0.133378,-0.083326,0.008292,0.988777,-0.400465,-0.019547,0.190071,0.895258,-0.433796,-0.281486,0.625023,0.585703
-0.133295,-0.083302,0.008335,0.988789,-0.400358,-0.019517,0.190155,0.895288,-0.433798,-0.281467,0.624997,0.585738
-0.133212,-0.083282,0.008332,0.988802,-0.400242,-0.019511,0.190224,0.895325,-0.433865,-0.281423,0.624944,0.585767
-0.133085,-0.083246,0.008293,0.988822,-0.400101,-0.019514,0.190324,0.895366,-0.433893,-0.281373,0.624959,0.585753
-0.133021,-0.083233,0.008305,0.988832,-0.400014,-0.019508,0.19041,0.895386,-0.433897,-0.281352,0.624963,0.585757
-0.132927,-0.083222,0.008379,0.988843,-0.399869,-0.019517,0.190501,0.895431,-0.433912,-0.281299,0.62496,0.585772
-0.132793,-0.083245,0.008555,0.988857,-0.399709,-0.019475,0.190552,0.895491,-0.433957,-0.281232,0.624982,0.585746
-0.132638,-0.083272,0.008652,0.988876,-0.399595,-0.019462,0.190525,0.895547,-0.433931,-0.281244,0.625039,0.585699
-0.132478,-0.083313,0.008685,0.988894,-0.399445,-0.019439,0.190462,0.895628,-0.43387,-0.281255,0.625132,0.585641
-0.132279,-0.083348,0.008614,0.98892,-0.399334,-0.019414,0.190334,0.895706,-0.433829,-0.281253,0.625157,0.585645
-0.132076,-0.083371,0.008631,0.988945,-0.39923,-0.01935,0.190244,0.895772,-0.433818,-0.281245,0.625165,0.585647
-0.131887,-0.083377,0.008535,0.988971,-0.399181,-0.019309,0.190185,0.895806,-0.433815,-0.281217,0.625156,0.585671
-0.131729,-0.083467,0.00842,0.988988,-0.399108,-0.019237,0.190221,0.895831,-0.433839,-0.281136,0.62512,0.585731
-0.131576,-0.083567,0.008338,0.989004,-0.399054,-0.019263,0.190342,0.895828,-0.433863,-0.28112,0.625086,0.585756
-0.131446,-0.083594,0.008275,0.98902,-0.398982,-0.019299,0.190442,0.89584,-0.433897,-0.281116,0.625046,0.585776
-0.131383,-0.083617,0.008284,0.989027,-0.398888,-0.019298,0.1905,0.895868,-0.433956,-0.281094,0.625027,0.585764
-0.131281,-0.083652,0.008384,0.989037,-0.39885,-0.019343,0.190488,0.895888,-0.433981,-0.281096,0.62509,0.585674
-0.131121,-0.083686,0.008543,0.989053,-0.39866,-0.01938,0.190564,0.895955,-0.433949,-0.281121,0.625186,0.585585
-0.131045,-0.083732,0.008608,0.989059,-0.398531,-0.019441,0.190616,0.896001,-0.433902,-0.281165,0.625281,0.585497
-0.131005,-0.083742,0.008557,0.989065,-0.398411,-0.019499,0.190614,0.896054,-0.433816,-0.281224,0.625386,0.585421
-0.130972,-0.083789,0.008519,0.989067,-0.398301,-0.019502,0.190729,0.896078,-0.433806,-0.281302,0.625408,0.585368
-0.130946,-0.083839,0.00858,0.989066,-0.398275,-0.019539,0.190825,0.896068,-0.433797,-0.281355,0.625382,0.585378
-0.130888,-0.083883,0.008597,0.98907,-0.398297,-0.019533,0.19086,0.896051,-0.433779,-0.281355,0.625375,0.585398
-0.130875,-0.083911,0.008666,0.98907,-0.398315,-0.019589,0.190915,0.89603,-0.43378,-0.281428,0.625362,0.585378
-0.130839,-0.083925,0.008736,0.989073,-0.398387,-0.019707,0.190931,0.895994,-0.433774,-0.28148,0.62537,0.585349
-0.13085,-0.083976,0.008787,0.989067,-0.398465,-0.01981,0.190845,0.895978,-0.433739,-0.281514,0.625373,0.585358
-0.130938,-0.084063,0.008768,0.98905,-0.398566,-0.019949,0.190793,0.895944,-0.433746,-0.281623,0.625368,0.585304
-0.130998,-0.084131,0.008765,0.989037,-0.398661,-0.020055,0.190735,0.895914,-0.433782,-0.281683,0.625397,0.58522
-0.131108,-0.084198,0.008754,0.989018,-0.398791,-0.020123,0.190646,0.895875,-0.433814,-0.281712,0.62547,0.585104
-0.13122,-0.084264,0.008774,0.988999,-0.398862,-0.020184,0.190635,0.895845,-0.433816,-0.281768,0.625507,0.585035
-0.131367,-0.084302,0.008809,0.988976,-0.398923,-0.020244,0.190714,0.895802,-0.433821,-0.281827,0.62557,0.584937
-0.131499,-0.084354,0.008869,0.988954,-0.398988,-0.02028,0.190751,0.895764,-0.433854,-0.281893,0.625651,0.584794
-0.131574,-0.084354,0.008986,0.988942,-0.398993,-0.020271,0.190805,0.89575,-0.433864,-0.281958,0.625737,0.584664
-0.131641,-0.084382,0.009054,0.988931,-0.398937,-0.02024,0.190845,0.895766,-0.433837,-0.282079,0.625814,0.584544
-0.131649,-0.084359,0.009048,0.988931,-0.398903,-0.020235,0.190884,0.895773,-0.433837,-0.282144,0.625885,0.584436
-0.131644,-0.084382,0.009022,0.98893,-0.398868,-0.020215,0.190874,0.89579,-0.433911,-0.282164,0.625933,0.58432
-0.131607,-0.084435,0.009058,0.988931,-0.398804,-0.02022,0.190861,0.895822,-0.433951,-0.282175,0.625945,0.584273
-0.131545,-0.084484,0.009061,0.988937,-0.398721,-0.020274,0.190875,0.895856,-0.433963,-0.282181,0.625938,0.584267
-0.131555,-0.084521,0.009006,0.988933,-0.398748,-0.020293,0.190897,0.895838,-0.434016,-0.282191,0.625902,0.584262
-0.131551,-0.084539,0.009026,0.988933,-0.398712,-0.020325,0.191005,0.895831,-0.434033,-0.282198,0.625927,0.58422
-0.13157,-0.084558,0.009034,0.988928,-0.398743,-0.020376,0.190998,0.895818,-0.434002,-0.282199,0.625953,0.584215
-0.131608,-0.084544,0.009131,0.988923,-0.398841,-0.020425,0.191009,0.895772,-0.43396,-0.282213,0.626009,0.584178
-0.131615,-0.084565,0.009228,0.988919,-0.399047,-0.02044,0.191004,0.895681,-0.43395,-0.282235,0.626014,0.58417
-0.131656,-0.084587,0.009338,0.98891,-0.399093,-0.020423,0.190959,0.895671,-0.433976,-0.282218,0.626015,0.584159
-0.131746286692853,-0.0846150548628429,0.00938622560113154,0.988895299830672,-0.399122744897959,-0.0204048065841678,0.190959611111111,0.8956585,-0.434042937072663,-0.282161985849057,0.626031378246753,0.584117314709945
-0.131836,-0.084632,0.009414,0.988882,-0.399137,-0.020387,0.190961,0.895651,-0.434105,-0.282118,0.626053,0.584068
-0.131874893188854,-0.0846315517241379,0.00942611191069438,0.988875465514443,-0.399126396706587,-0.0203708367861465,0.190962996110499,0.895657477272727,-0.434123146779993,-0.282121993243243,0.626060595348617,0.584046274199729
-0.131911,-0.08463,0.009439,0.988871,-0.399101,-0.020356,0.190968,0.895666,-0.434137,-0.28213,0.626071,0.584019
-0.131971,-0.084566,0.00948,0.988868,-0.39904,-0.020343,0.191077,0.895669,-0.434155,-0.282141,0.626154,0.583911
-0.131972,-0.084488,0.009542,0.988871,-0.398982,-0.020332,0.191189,0.895671,-0.434138,-0.282142,0.626243,0.583827
-0.131988,-0.084385,0.009635,0.988874,-0.398924,-0.020263,0.191214,0.895691,-0.434197,-0.28218,0.626225,0.583785
-0.131945,-0.084305,0.009737,0.988884,-0.398832,-0.020146,0.191237,0.895728,-0.43421,-0.282163,0.626248,0.583758
-0.131866,-0.084209,0.00979,0.988901,-0.398785,-0.020048,0.191211,0.895755,-0.434257,-0.282121,0.626252,0.583739
-0.131759,-0.084106,0.009777,0.988921,-0.398731,-0.01999,0.191153,0.895792,-0.434318,-0.28203,0.626229,0.58376
-0.131719,-0.084056,0.009819,0.988929,-0.398732,-0.020006,0.19123,0.895774,-0.434318,-0.282,0.626241,0.583761
-0.131641,-0.084026,0.009806,0.988942,-0.398725,-0.020018,0.191319,0.895758,-0.434372,-0.281926,0.626256,0.58374
-0.131619,-0.083992,0.009856,0.988947,-0.398782,-0.020028,0.191441,0.895706,-0.434326,-0.281859,0.626337,0.583719
-0.131633,-0.083983,0.009924,0.988944,-0.398851,-0.01999,0.191618,0.895637,-0.434325,-0.281801,0.626405,0.583673
-0.131617,-0.083928,0.010103,0.988947,-0.398961,-0.019943,0.191724,0.895565,-0.434335,-0.281819,0.62651,0.583543
-0.131662,-0.083848,0.010279,0.988944,-0.399099,-0.019864,0.191769,0.895494,-0.434448,-0.281784,0.626557,0.583424
-0.131771,-0.08382,0.010332,0.988929,-0.399208,-0.019803,0.191774,0.895446,-0.434573,-0.28176,0.626526,0.583376
-0.131882,-0.083767,0.01042,0.988917,-0.39929,-0.019723,0.191788,0.895405,-0.434709,-0.281725,0.626503,0.583316
-0.131951,-0.083692,0.010468,0.988912,-0.399384,-0.019634,0.191716,0.89538,-0.43478,-0.281712,0.626516,0.583254
-0.132002,-0.083641,0.010557,0.988907,-0.399385,-0.01956,0.19163,0.895399,-0.434839,-0.281721,0.626556,0.583162
-0.132056,-0.083521,0.01059,0.988907,-0.399392,-0.019541,0.191608,0.895401,-0.434921,-0.281726,0.626547,0.58311
-0.132078,-0.083475,0.010613,0.988906,-0.399397,-0.01953,0.19157,0.895408,-0.434985,-0.281725,0.626525,0.583084
-0.132119,-0.083478,0.010577,0.988901,-0.399394,-0.01955,0.191622,0.895397,-0.435068,-0.281729,0.626496,0.583052
-0.132146,-0.083461,0.010659,0.988898,-0.399327,-0.019575,0.191718,0.895405,-0.435174,-0.281677,0.626429,0.58307
-0.1321,-0.083488,0.010692,0.988901,-0.399347,-0.019694,0.191804,0.895378,-0.435239,-0.281691,0.626389,0.583059
-0.13211,-0.083508,0.010741,0.988898,-0.399281,-0.019831,0.191875,0.89539,-0.435281,-0.281707,0.626397,0.583011
-0.132139,-0.083525,0.01079,0.988892,-0.399255,-0.01995,0.191901,0.895396,-0.435248,-0.281745,0.626475,0.582933
-0.132183,-0.083586,0.010848,0.988882,-0.399219,-0.020039,0.191964,0.895398,-0.435221,-0.281829,0.626553,0.582828
-0.132199,-0.083605,0.010943,0.988876,-0.39923,-0.020094,0.19205,0.895373,-0.435184,-0.281893,0.626657,0.582713
-0.132238,-0.083634,0.011021,0.988867,-0.399253,-0.020067,0.192177,0.895335,-0.435159,-0.281951,0.626754,0.582601
-0.132316,-0.083618,0.011103,0.988857,-0.399318,-0.020082,0.192246,0.895291,-0.435124,-0.281974,0.626817,0.582548
-0.132359,-0.083604,0.011203,0.98885,-0.399385,-0.020028,0.19222,0.895268,-0.435151,-0.281982,0.626831,0.582509
-0.132366,-0.08362,0.011304,0.988846,-0.399474,-0.019966,0.192182,0.895236,-0.435166,-0.281996,0.626851,0.582469
-0.132453,-0.083561,0.011322,0.988838,-0.399562,-0.019923,0.192113,0.895212,-0.435177,-0.281995,0.626892,0.582416
-0.132471,-0.083551,0.011218,0.988838,-0.39961,-0.019848,0.191985,0.89522,-0.43516,-0.281979,0.626883,0.582448
-0.13251,-0.083515,0.011135,0.988837,-0.399637,-0.019792,0.191929,0.895221,-0.43519,-0.281933,0.626836,0.582499
-0.132545,-0.083495,0.011005,0.988835,-0.399654,-0.019709,0.19184,0.895233,-0.435249,-0.281946,0.626763,0.582526
-0.13257,-0.083474,0.010906,0.988835,-0.399658,-0.019648,0.1918,0.895241,-0.435333,-0.281968,0.626696,0.582526
-0.132536,-0.083462,0.010856,0.988841,-0.399654,-0.019653,0.191821,0.895237,-0.435353,-0.28196,0.626688,0.582522
-0.132519,-0.083437,0.010818,0.988846,-0.39957,-0.019716,0.191888,0.89526,-0.435363,-0.281977,0.626689,0.582506
-0.132464,-0.083459,0.010836,0.988851,-0.399427,-0.019765,0.192005,0.895298,-0.435318,-0.282023,0.626714,0.58249
-0.132454,-0.0834,0.01083,0.988857,-0.399408,-0.01973,0.192081,0.895289,-0.435269,-0.282077,0.626747,0.582466
-0.132436,-0.083384,0.010836,0.988861,-0.399352,-0.019655,0.192238,0.89528,-0.435207,-0.282045,0.626883,0.582381
-0.132391,-0.083374,0.010898,0.988866,-0.399273,-0.019508,0.192351,0.895291,-0.43519,-0.281997,0.626918,0.582378
-0.132356,-0.083292,0.010957,0.988875,-0.399259,-0.019409,0.19238,0.895292,-0.435233,-0.281939,0.62692,0.582372
-0.132297,-0.083222,0.010995,0.988886,-0.399288,-0.01934,0.192348,0.895286,-0.435268,-0.281906,0.626889,0.582394
-0.132283,-0.083133,0.011057,0.988894,-0.399263,-0.019293,0.192347,0.895298,-0.435314,-0.281823,0.62685,0.582441
-0.132295,-0.083039,0.011098,0.988897,-0.399282,-0.019277,0.192267,0.895307,-0.435396,-0.281702,0.626789,0.582503
-0.132312,-0.082948,0.010997,0.988903,-0.399296,-0.019279,0.192219,0.895311,-0.435433,-0.281609,0.62674,0.582572
-0.132302,-0.082929,0.01091,0.988907,-0.399314,-0.019302,0.192228,0.895302,-0.435498,-0.281513,0.62674,0.582569
-0.132331,-0.08293,0.010908,0.988903,-0.39932,-0.0193,0.192223,0.8953,-0.435538,-0.281468,0.626766,0.58253
-0.132375,-0.082975,0.010922,0.988894,-0.399303,-0.019267,0.192224,0.895306,-0.43549,-0.281481,0.626874,0.582445
-0.132372,-0.082969,0.010866,0.988896,-0.399274,-0.019186,0.192345,0.895294,-0.435421,-0.281506,0.62702,0.582325
-0.132387,-0.08295,0.010839,0.988895,-0.399247,-0.019092,0.192464,0.89528,-0.435339,-0.281532,0.627182,0.5822
-0.132413,-0.082937,0.010905,0.988892,-0.399221,-0.018994,0.192492,0.895286,-0.435269,-0.281536,0.62724,0.582187
-0.132372,-0.082915,0.010987,0.988897,-0.399204,-0.018841,0.192495,0.895294,-0.43525,-0.281527,0.627299,0.582141
-0.13232,-0.082811,0.010976,0.988911,-0.399165,-0.018736,0.192419,0.895328,-0.435285,-0.281522,0.627271,0.582148
-0.132223,-0.082701,0.010941,0.988932,-0.399077,-0.018665,0.192408,0.895369,-0.435321,-0.281462,0.627244,0.582179
-0.132204,-0.082588,0.010897,0.988943,-0.399037,-0.018665,0.192326,0.895406,-0.435402,-0.281387,0.627175,0.582228
-0.132168,-0.082539,0.010872,0.988951,-0.399007,-0.018635,0.192263,0.895433,-0.435461,-0.281311,0.627122,0.582276
-0.132155,-0.0825,0.010802,0.988957,-0.398964,-0.018651,0.192274,0.89545,-0.435581,-0.281237,0.627012,0.582341
-0.132145,-0.082463,0.01068,0.988962,-0.398972,-0.018663,0.192248,0.895451,-0.435664,-0.28118,0.626973,0.582348
-0.132126,-0.082442,0.010677,0.988967,-0.398983,-0.018719,0.192295,0.895436,-0.435704,-0.281161,0.626981,0.582318
-0.132164,-0.082408,0.010698,0.988963,-0.39893,-0.018673,0.192323,0.895455,-0.435726,-0.28118,0.627015,0.582255
-0.132161,-0.082407,0.010764,0.988962,-0.399024,-0.018633,0.1923,0.895417,-0.435748,-0.281226,0.627022,0.582209
-0.132175,-0.082376,0.010845,0.98896,-0.399072,-0.018554,0.192221,0.895414,-0.435725,-0.281248,0.627091,0.582142
-0.132211,-0.082351,0.010899,0.988956,-0.399148,-0.018475,0.192148,0.895396,-0.435691,-0.28128,0.627137,0.582103
-0.132218,-0.082343,0.010875,0.988957,-0.399211,-0.018463,0.192009,0.895399,-0.435658,-0.28131,0.627187,0.582061
-0.132228,-0.082344,0.010809,0.988957,-0.399264,-0.018385,0.191874,0.895406,-0.435694,-0.28131,0.627187,0.582032
-0.132243,-0.082354,0.010735,0.988955,-0.399301,-0.018361,0.191701,0.895427,-0.435702,-0.28129,0.627155,0.582069
-0.132264,-0.082332,0.010567,0.988957,-0.399367,-0.018365,0.191606,0.895418,-0.435724,-0.281315,0.627098,0.582103
-0.132239,-0.082316,0.010453,0.988963,-0.399376,-0.018379,0.191556,0.895425,-0.435764,-0.281323,0.627035,0.582138
-0.132231,-0.082288,0.010306,0.988969,-0.399327,-0.018411,0.191516,0.895455,-0.435816,-0.281304,0.626964,0.582185
-0.13221,-0.08225,0.010273,0.988974,-0.399315,-0.018466,0.191527,0.895459,-0.435854,-0.281316,0.626922,0.582195
-0.132162,-0.082246,0.010309,0.98898,-0.399269,-0.018478,0.191536,0.895477,-0.435859,-0.281335,0.626889,0.582219
-0.132142,-0.082271,0.010302,0.988981,-0.399223,-0.018492,0.191531,0.895499,-0.435892,-0.281315,0.626869,0.582226
-0.132105,-0.082281,0.010377,0.988985,-0.399142,-0.018546,0.191536,0.895533,-0.435917,-0.28132,0.626869,0.582205
-0.132051,-0.082299,0.010454,0.988989,-0.399069,-0.018583,0.191455,0.895583,-0.435956,-0.281325,0.626852,0.582192
-0.13202,-0.082326,0.010494,0.988991,-0.398991,-0.018602,0.191393,0.895631,-0.436005,-0.281359,0.62685,0.582141
-0.131991,-0.082404,0.010435,0.988991,-0.398884,-0.01861,0.191401,0.895677,-0.436001,-0.281399,0.626864,0.58211
-0.131935,-0.082471,0.010358,0.988995,-0.398802,-0.018598,0.191373,0.89572,-0.436015,-0.281441,0.626839,0.582106
-0.131866,-0.082431,0.010313,0.989007,-0.398708,-0.018492,0.191389,0.895758,-0.436017,-0.281454,0.626805,0.582136
-0.13176,-0.082401,0.010292,0.989024,-0.398654,-0.018361,0.191379,0.895785,-0.436008,-0.28147,0.626743,0.582203
-0.131676,-0.082362,0.010243,0.989039,-0.39855,-0.018243,0.191248,0.89586,-0.436064,-0.28145,0.626699,0.582217
-0.131576,-0.082274,0.010173,0.989059,-0.39852,-0.018106,0.191113,0.895903,-0.43615,-0.281388,0.626591,0.582299
-0.131527,-0.082202,0.010028,0.989072,-0.398504,-0.018041,0.190974,0.895941,-0.436187,-0.281343,0.62651,0.58238
-0.131457,-0.082146,0.009934,0.989087,-0.39851,-0.017998,0.190863,0.895962,-0.43621,-0.281317,0.626412,0.582481
-0.13142,-0.08205,0.009764,0.989101,-0.39849,-0.017947,0.190798,0.895986,-0.43625,-0.281277,0.626331,0.582556
-0.131368,-0.081994,0.009609,0.989114,-0.39849,-0.017937,0.190736,0.895999,-0.436292,-0.281226,0.626273,0.582612
-0.131321,-0.081968,0.009493,0.989123,-0.398529,-0.017992,0.190804,0.895967,-0.436307,-0.28119,0.626196,0.582701
-0.131319,-0.081957,0.009449,0.989125,-0.398546,-0.018091,0.190914,0.895936,-0.436338,-0.281194,0.626163,0.582712
-0.131345,-0.082002,0.009491,0.989118,-0.398508,-0.018212,0.190927,0.895948,-0.436369,-0.281181,0.626163,0.582694
-0.131383,-0.082095,0.009552,0.989106,-0.39847,-0.018277,0.190973,0.895956,-0.436414,-0.281211,0.626184,0.582624
-0.131385,-0.082124,0.009719,0.989101,-0.398417,-0.018302,0.19093,0.895989,-0.436434,-0.281254,0.626236,0.582532
-0.131366,-0.082183,0.009787,0.989099,-0.398321,-0.01829,0.190868,0.896045,-0.436436,-0.28128,0.626324,0.582423
-0.131368,-0.082311,0.009752,0.989091,-0.398218,-0.018278,0.190834,0.896097,-0.436438,-0.281336,0.626376,0.582339
-0.131295,-0.082378,0.009631,0.989098,-0.398153,-0.018225,0.190784,0.896138,-0.43642,-0.281379,0.626366,0.582343
-0.131182,-0.08239,0.009466,0.989116,-0.398144,-0.018153,0.190687,0.896163,-0.436377,-0.281401,0.626323,0.582412
-0.131104,-0.08238,0.009393,0.989128,-0.398163,-0.018098,0.190618,0.896169,-0.436304,-0.281436,0.626219,0.582563
-0.131035,-0.082344,0.009343,0.98914,-0.398143,-0.018128,0.190575,0.896188,-0.436304,-0.281433,0.626099,0.582695
-0.130971,-0.082302,0.009282,0.989152,-0.398239,-0.018162,0.190406,0.896182,-0.436342,-0.281434,0.625922,0.582857
-0.130945,-0.082309,0.009194,0.989157,-0.398319,-0.018249,0.190255,0.896179,-0.436386,-0.281445,0.625748,0.583005
-0.13097,-0.08233,0.009062,0.989154,-0.398461,-0.018382,0.190081,0.896153,-0.436403,-0.281465,0.62561,0.583133
-0.131046,-0.082392,0.008968,0.989142,-0.398611,-0.018498,0.189829,0.896141,-0.43642,-0.281504,0.625506,0.583213
-0.131172,-0.082501,0.008775,0.98912,-0.398722,-0.018666,0.189639,0.896132,-0.436453,-0.2816,0.625419,0.583238
-0.131278,-0.082688,0.008687,0.989096,-0.398777,-0.018848,0.189551,0.896126,-0.436454,-0.281667,0.625388,0.583239
-0.131384,-0.082833,0.008596,0.989073,-0.398809,-0.01901,0.189553,0.89611,-0.436458,-0.281785,0.625378,0.583193
-0.131459,-0.082956,0.008492,0.989057,-0.398793,-0.019135,0.189572,0.896113,-0.436443,-0.281917,0.625388,0.583129
-0.131506,-0.083052,0.008511,0.989044,-0.39875,-0.019168,0.189571,0.896133,-0.436367,-0.282063,0.625428,0.583076
-0.131519,-0.08318,0.008548,0.989033,-0.398657,-0.019199,0.189574,0.896172,-0.436311,-0.282172,0.625483,0.583006
-0.131507,-0.08324,0.008641,0.98903,-0.398581,-0.01924,0.189501,0.896222,-0.436238,-0.282243,0.62556,0.582944
-0.131465,-0.083326,0.008627,0.98903,-0.398503,-0.019246,0.189415,0.896276,-0.436175,-0.282333,0.62561,0.582896
-0.1314,-0.083407,0.008586,0.989034,-0.398469,-0.019234,0.189315,0.896312,-0.43613,-0.282417,0.625579,0.582923
-0.131282,-0.083449,0.008552,0.989047,-0.39852,-0.019189,0.189223,0.896309,-0.436112,-0.282503,0.625477,0.583006
-0.131267,-0.083494,0.008419,0.989049,-0.398549,-0.01919,0.189105,0.896322,-0.436051,-0.282536,0.625375,0.583146
-0.131272,-0.083499,0.008269,0.989049,-0.398631,-0.019191,0.188984,0.896311,-0.436095,-0.282559,0.625225,0.583263
-0.131281,-0.083504,0.008177,0.98905,-0.398776,-0.019225,0.188795,0.896288,-0.436139,-0.282584,0.625047,0.583412
-0.131304,-0.083547,0.008094,0.989044,-0.398962,-0.019289,0.188678,0.89623,-0.43619,-0.282583,0.624912,0.583519
-0.131398,-0.083588,0.00798,0.989031,-0.399114,-0.019374,0.188519,0.896196,-0.436206,-0.282597,0.62483,0.583589
-0.131507,-0.083696,0.007951,0.98901,-0.399278,-0.019551,0.188404,0.896147,-0.436199,-0.282656,0.624784,0.583615
-0.131613,-0.083817,0.007876,0.988989,-0.399355,-0.019709,0.188334,0.896127,-0.436157,-0.282721,0.624812,0.583586
-0.13171,-0.083947,0.007777,0.988969,-0.399424,-0.019841,0.188318,0.896099,-0.436111,-0.282809,0.624866,0.583523
-0.131776,-0.084065,0.007766,0.988952,-0.39932,-0.019994,0.188299,0.896148,-0.436026,-0.282954,0.624941,0.583436
-0.131838,-0.084162,0.007747,0.988938,-0.399178,-0.020126,0.188282,0.896215,-0.435904,-0.283083,0.62504,0.58336
-0.131837,-0.084298,0.007792,0.988928,-0.399024,-0.020206,0.1882,0.896301,-0.43585,-0.283197,0.625125,0.583254
-0.131767,-0.084417,0.007794,0.988929,-0.398783,-0.020274,0.188191,0.896409,-0.435748,-0.283305,0.625252,0.583143
-0.131635,-0.084473,0.007779,0.988944,-0.398603,-0.020247,0.188146,0.896498,-0.435645,-0.283381,0.625354,0.583074
-0.131502,-0.084563,0.007704,0.988957,-0.398463,-0.020199,0.188043,0.896583,-0.435576,-0.283424,0.625375,0.583083
-0.131304,-0.084624,0.007707,0.988979,-0.398342,-0.020095,0.187834,0.896682,-0.435493,-0.283412,0.625324,0.583206
-0.131127,-0.084685,0.00771,0.988999,-0.398299,-0.02008,0.187586,0.896754,-0.43553,-0.283376,0.625191,0.58334
-0.130947,-0.084767,0.007547,0.98902,-0.398189,-0.020071,0.187497,0.896822,-0.435561,-0.283314,0.625024,0.583525
-0.130697,-0.084788,0.007207,0.989056,-0.398164,-0.020087,0.187431,0.896847,-0.435583,-0.283271,0.624909,0.583653
-0.130519,-0.084803,0.006952,0.989082,-0.398138,-0.020205,0.187429,0.896859,-0.435621,-0.283217,0.624754,0.583816
-0.130421,-0.084823,0.006816,0.989095,-0.39815,-0.020295,0.187407,0.896857,-0.435663,-0.283122,0.624611,0.583984
-0.130382,-0.084911,0.006792,0.989095,-0.398221,-0.020381,0.187441,0.896819,-0.435642,-0.283095,0.624486,0.584147
-0.130325,-0.084988,0.006873,0.989097,-0.398243,-0.020458,0.187373,0.896822,-0.435617,-0.283102,0.624433,0.584218
-0.130311,-0.08509,0.006982,0.98909,-0.398282,-0.02057,0.187345,0.896811,-0.435564,-0.283167,0.624471,0.584188
-0.130363,-0.085227,0.006998,0.989073,-0.39831,-0.020645,0.187294,0.896808,-0.435515,-0.283223,0.624518,0.584148
-0.130385,-0.085283,0.006909,0.989068,-0.398323,-0.020758,0.187167,0.896829,-0.435457,-0.283298,0.624564,0.584106
-0.130406,-0.085353,0.006845,0.989061,-0.398312,-0.020873,0.187082,0.896852,-0.43543,-0.283377,0.624592,0.584058
-0.130367,-0.085431,0.006802,0.989062,-0.398211,-0.020996,0.187055,0.896901,-0.435356,-0.283501,0.624639,0.584004
-0.130313,-0.085526,0.006841,0.989062,-0.398086,-0.021102,0.187085,0.89695,-0.435245,-0.283611,0.624732,0.583935
-0.130214,-0.085601,0.006854,0.98907,-0.397987,-0.021158,0.187118,0.896985,-0.435143,-0.283673,0.624818,0.58389
-0.130145,-0.085687,0.006872,0.989073,-0.397914,-0.021164,0.187176,0.897005,-0.435094,-0.283738,0.624876,0.583832
-0.130026,-0.085725,0.006903,0.989086,-0.397848,-0.021124,0.187179,0.897035,-0.435046,-0.283783,0.624933,0.583786
-0.129946,-0.085734,0.006971,0.989094,-0.397826,-0.021044,0.187145,0.897052,-0.434948,-0.28386,0.624967,0.583785
-0.129858,-0.085807,0.00702,0.989101,-0.397901,-0.020921,0.18706,0.897038,-0.434863,-0.283919,0.624956,0.583834
-0.12984,-0.085787,0.006973,0.989105,-0.398042,-0.020835,0.18691,0.897008,-0.434819,-0.283912,0.62492,0.583909
-0.129854,-0.085768,0.006833,0.989107,-0.398195,-0.020787,0.186765,0.896971,-0.434835,-0.283946,0.624835,0.583972
-0.129891,-0.085725,0.006735,0.989105,-0.398299,-0.020766,0.18664,0.896952,-0.434854,-0.283947,0.624808,0.583987
-0.129954,-0.085753,0.006545,0.989098,-0.398419,-0.020806,0.18651,0.896926,-0.434864,-0.283969,0.624772,0.584008
-0.130088,-0.085778,0.006303,0.989081,-0.398479,-0.020893,0.186442,0.896914,-0.434907,-0.283964,0.624748,0.584004
-0.130277,-0.085823,0.00616,0.989055,-0.398588,-0.020971,0.18642,0.896869,-0.43492,-0.283944,0.624722,0.584032
-0.130378,-0.085843,0.006096,0.989042,-0.398699,-0.021072,0.186405,0.896822,-0.434923,-0.284011,0.624693,0.584028
-0.130436,-0.085915,0.006093,0.989029,-0.398672,-0.021147,0.186402,0.896834,-0.434902,-0.284082,0.624717,0.583984
-0.130493,-0.085971,0.006139,0.989017,-0.398641,-0.0212,0.186392,0.89685,-0.434859,-0.28413,0.624739,0.58397
-0.130462,-0.085994,0.006147,0.98902,-0.398567,-0.021243,0.186322,0.896898,-0.434823,-0.28417,0.624749,0.583968
-0.13053,-0.08604,0.006182,0.989006,-0.398498,-0.02124,0.186245,0.896945,-0.434773,-0.284254,0.624755,0.583958
-0.130501,-0.086091,0.006186,0.989007,-0.398445,-0.02118,0.186157,0.896987,-0.434792,-0.284292,0.624708,0.583976
-0.130445,-0.086136,0.006138,0.989012,-0.398387,-0.021141,0.186034,0.897039,-0.434827,-0.284302,0.624667,0.583991
-0.130385,-0.086185,0.00602,0.989018,-0.39836,-0.021139,0.185965,0.897066,-0.434812,-0.284293,0.624645,0.58403
-0.130296,-0.086234,0.005999,0.989027,-0.398294,-0.021116,0.185921,0.897105,-0.434746,-0.284274,0.624627,0.584107
-0.130221,-0.086215,0.005894,0.989039,-0.398259,-0.021107,0.185855,0.897134,-0.434694,-0.284233,0.624599,0.584196
-0.130169,-0.086234,0.005801,0.989046,-0.398236,-0.021133,0.185746,0.897167,-0.434666,-0.284215,0.624553,0.584274
-0.130149,-0.086247,0.005812,0.989048,-0.398294,-0.021175,0.185655,0.897161,-0.43464,-0.284195,0.624547,0.58431
-0.130098,-0.0862,0.005755,0.989058,-0.398351,-0.02126,0.185539,0.897159,-0.434662,-0.284159,0.624517,0.584343
-0.130121,-0.086179,0.005717,0.989057,-0.398439,-0.021354,0.185394,0.89715,-0.434696,-0.28411,0.624487,0.584373
-0.130198,-0.086167,0.005633,0.989049,-0.398611,-0.021496,0.1853,0.897093,-0.434651,-0.284126,0.624461,0.584428
-0.130278,-0.086163,0.005543,0.98904,-0.398714,-0.0216,0.185278,0.897051,-0.43461,-0.284156,0.624479,0.584424
-0.130361,-0.08617,0.005448,0.989029,-0.398817,-0.02171,0.185317,0.896996,-0.434617,-0.284191,0.624499,0.58438
-0.130469,-0.086203,0.00546,0.989012,-0.398877,-0.021759,0.185391,0.896954,-0.43465,-0.284231,0.624483,0.584354
-0.130541,-0.086307,0.005508,0.988995,-0.398853,-0.021776,0.185542,0.896932,-0.434689,-0.284225,0.62449,0.58432
-0.130568,-0.086355,0.005634,0.988987,-0.398809,-0.021761,0.185676,0.896924,-0.434707,-0.284218,0.624495,0.584305
-0.130608,-0.086365,0.005738,0.988979,-0.398755,-0.021728,0.185635,0.896956,-0.434687,-0.28419,0.624524,0.584302
-0.130653,-0.086355,0.005952,0.988972,-0.398681,-0.021663,0.185454,0.897028,-0.434691,-0.284169,0.624609,0.584217
-0.13063,-0.086381,0.006004,0.988973,-0.398547,-0.021665,0.185265,0.897128,-0.434643,-0.284186,0.624708,0.584139
-0.130528,-0.086319,0.005959,0.988991,-0.398369,-0.021686,0.185107,0.897239,-0.434554,-0.284251,0.624809,0.584067
-0.13046,-0.086265,0.005782,0.989005,-0.398242,-0.021688,0.185053,0.897308,-0.434481,-0.284278,0.62486,0.584053
-0.130388,-0.086259,0.00557,0.989018,-0.398134,-0.021664,0.185229,0.897318,-0.434466,-0.284302,0.624831,0.584083
-0.13024,-0.086268,0.005436,0.989038,-0.398011,-0.021626,0.185564,0.897302,-0.434473,-0.284265,0.624749,0.584185
-0.130142,-0.086267,0.005464,0.989052,-0.397933,-0.021624,0.185929,0.897259,-0.434483,-0.284236,0.624682,0.584263
-0.130027,-0.086248,0.00556,0.989067,-0.397879,-0.021643,0.186267,0.897211,-0.434482,-0.284203,0.624574,0.584395
-0.129925,-0.086246,0.005826,0.989078,-0.397806,-0.021651,0.186429,0.897209,-0.434527,-0.284155,0.624504,0.58446
-0.129838,-0.086232,0.006189,0.989085,-0.397752,-0.021607,0.186326,0.897255,-0.434605,-0.284129,0.624446,0.584477
-0.12978,-0.086225,0.006465,0.98909,-0.39773,-0.021602,0.186111,0.89731,-0.434631,-0.284098,0.624436,0.584482
-0.129715,-0.08627,0.006409,0.989096,-0.397789,-0.021541,0.185765,0.897358,-0.43463,-0.284049,0.624486,0.584452
-0.129734,-0.086283,0.006196,0.989095,-0.397828,-0.021476,0.18554,0.897389,-0.434591,-0.284048,0.624532,0.584433
-0.129733,-0.086339,0.00589,0.989095,-0.397826,-0.021496,0.185485,0.897402,-0.434547,-0.284022,0.624583,0.584423
-0.12972,-0.086352,0.005618,0.9891,-0.397821,-0.021483,0.185623,0.897374,-0.434537,-0.283975,0.624623,0.584409
-0.1297,-0.086392,0.00548,0.989101,-0.397767,-0.021496,0.185778,0.897366,-0.434543,-0.28398,0.624638,0.584387
-0.129621,-0.08648,0.005461,0.989106,-0.397568,-0.021635,0.186004,0.897404,-0.434557,-0.283936,0.624663,0.584369
-0.12957,-0.08652,0.005652,0.989108,-0.397475,-0.02176,0.186164,0.89741,-0.434495,-0.283978,0.624745,0.584308
-0.129489,-0.086528,0.005831,0.989116,-0.397408,-0.021792,0.186244,0.897423,-0.434444,-0.283989,0.624818,0.584263
-0.129436,-0.086553,0.006069,0.989117,-0.397406,-0.021781,0.186235,0.897425,-0.434393,-0.283983,0.624902,0.584213
-0.129389,-0.086596,0.006244,0.989119,-0.397451,-0.021792,0.186156,0.897422,-0.434356,-0.284054,0.624923,0.584185
-0.129352,-0.086627,0.006246,0.989122,-0.397499,-0.021748,0.185982,0.897439,-0.434283,-0.28408,0.624967,0.58418
-0.129329,-0.086689,0.006219,0.989121,-0.3976,-0.021746,0.185835,0.897426,-0.434241,-0.284089,0.625039,0.584129
-0.12933,-0.086747,0.006134,0.989117,-0.397681,-0.021746,0.185708,0.897417,-0.434215,-0.284112,0.625096,0.584076
-0.129378,-0.086792,0.006013,0.989109,-0.397756,-0.021664,0.186098,0.897301,-0.434274,-0.284083,0.625101,0.584041
-0.129421,-0.08685,0.005907,0.989102,-0.397617,-0.021523,0.186415,0.897296,-0.434351,-0.284081,0.625104,0.58398
-0.129475,-0.086868,0.005867,0.989094,-0.397597,-0.021385,0.186432,0.897303,-0.434416,-0.284071,0.625095,0.583946
-0.129468276159012,-0.086863235701107,0.00590641254218223,0.989094780923345,-0.397577698529412,-0.0212862842731457,0.186417166022284,0.897317293497839,-0.43447220297019,-0.284056917674785,0.625116137512575,0.583882897934037
-0.129449819757366,-0.086849795202952,0.00600310011248594,0.98909699912892,-0.397558176470588,-0.0212029973167361,0.186379026059425,0.897337365994236,-0.43452548847866,-0.284039324367251,0.625166616700201,0.583796440467778
-0.129422203477036,-0.086828957103321,0.00612473762654668,0.989100467770035,-0.397543066176471,-0.0211282117019585,0.186327123066853,0.897356005493516,-0.4345697797478,-0.284017818876091,0.625227037537726,0.58371076276763
-0.129388,-0.086802,0.006239,0.989105,-0.397537,-0.021055,0.186271,0.897366,-0.434599,-0.283992,0.625278,0.58365
-0.129309039841988,-0.0867384080790639,0.00636994994375703,0.989117195960832,-0.397558890862944,-0.0209871333903524,0.186196458932904,0.897368817002882,-0.434611246846213,-0.283956543342376,0.625323941649899,0.583610434938525
-0.129226,-0.08664,0.006451,0.989134,-0.397606,-0.020916,0.186115,0.89737,-0.434626,-0.283907,0.62535,0.583591
-0.129193,-0.086519,0.006421,0.989148,-0.397686,-0.020822,0.186052,0.897348,-0.434699,-0.283831,0.625322,0.583603
-0.129202,-0.086457,0.006291,0.989152,-0.397803,-0.020747,0.186024,0.897303,-0.434827,-0.283762,0.625227,0.583644
-0.12917,-0.086394,0.006155,0.989162,-0.397958,-0.020708,0.186115,0.897215,-0.434953,-0.283672,0.625091,0.583737
-0.129159,-0.086345,0.006,0.98917,-0.398134,-0.020721,0.186253,0.897108,-0.435079,-0.283546,0.624962,0.583842
-0.12919,-0.086302,0.00597,0.989168,-0.398251,-0.020735,0.186323,0.897041,-0.435231,-0.283454,0.624852,0.583891
-0.129257,-0.086268,0.006048,0.989161,-0.398344,-0.020778,0.186411,0.896981,-0.435401,-0.283376,0.624786,0.583871
-0.129356,-0.086235,0.00621,0.989148,-0.398452,-0.020795,0.186497,0.896915,-0.435493,-0.283322,0.624791,0.583823
-0.129482,-0.086196,0.006365,0.989133,-0.398478,-0.020761,0.186584,0.896885,-0.435538,-0.28336,0.624904,0.58365
-0.12966,-0.086136,0.006551,0.989111,-0.398536,-0.020704,0.186792,0.896815,-0.435545,-0.283377,0.625067,0.58346
-0.12976,-0.086095,0.00667,0.989099,-0.398492,-0.020694,0.187005,0.896789,-0.435516,-0.283404,0.625231,0.583293
-0.129845,-0.086051,0.006877,0.989088,-0.398428,-0.020704,0.187092,0.896799,-0.435497,-0.283465,0.625379,0.583117
-0.129923,-0.085959,0.006937,0.989083,-0.398349,-0.020667,0.187221,0.896806,-0.435455,-0.283492,0.625505,0.583
-0.129941,-0.085918,0.00709,0.989082,-0.398271,-0.02067,0.187295,0.896826,-0.435444,-0.283532,0.62562,0.582866
-0.129945,-0.085892,0.007171,0.989082,-0.398265,-0.020706,0.187217,0.896844,-0.435424,-0.283612,0.625607,0.582859
-0.129913,-0.085844,0.007226,0.989088,-0.398196,-0.020743,0.187126,0.896893,-0.435444,-0.283626,0.625644,0.582796
-0.129873,-0.085876,0.00729,0.989091,-0.398126,-0.020815,0.18708,0.896934,-0.435468,-0.283571,0.625649,0.582799
-0.129833,-0.085887,0.007224,0.989096,-0.398146,-0.020873,0.187119,0.896917,-0.435497,-0.283534,0.625658,0.582784
-0.129784,-0.085938,0.007181,0.9891,-0.398152,-0.020929,0.187226,0.896891,-0.435494,-0.283495,0.625661,0.582802
-0.12976,-0.085972,0.007125,0.989101,-0.398202,-0.020926,0.187341,0.896844,-0.435483,-0.283473,0.625652,0.58283
-0.129764,-0.085984,0.007126,0.9891,-0.398208,-0.020969,0.187488,0.89681,-0.435456,-0.283459,0.625671,0.582837
-0.129773,-0.086009,0.007221,0.989096,-0.398201,-0.020974,0.187535,0.896803,-0.435434,-0.283435,0.625651,0.582886
-0.129775,-0.08597,0.007366,0.989096,-0.398233,-0.020982,0.187432,0.896812,-0.435429,-0.283408,0.625654,0.582899
-0.129805,-0.085942,0.007534,0.989092,-0.39825,-0.021017,0.187294,0.896833,-0.435452,-0.28337,0.625662,0.582892
-0.129852,-0.085934,0.00757,0.989086,-0.398273,-0.020972,0.187098,0.896864,-0.43549,-0.283358,0.625647,0.582885
-0.12985,-0.085942,0.007631,0.989084,-0.398293,-0.02101,0.186943,0.896888,-0.435508,-0.283346,0.625623,0.582902
-0.129829,-0.086011,0.007504,0.989084,-0.398252,-0.021072,0.186908,0.896914,-0.435509,-0.283405,0.625559,0.582944
-0.129804,-0.086087,0.007283,0.989086,-0.398196,-0.021184,0.186937,0.896931,-0.43552,-0.283436,0.625501,0.582983
-0.129736,-0.086173,0.00707,0.989092,-0.398115,-0.021332,0.187036,0.896946,-0.435476,-0.283477,0.625477,0.583022
-0.12969,-0.086284,0.006973,0.989091,-0.398024,-0.021479,0.187173,0.896954,-0.435465,-0.283501,0.625426,0.583075
-0.129637,-0.08637,0.006992,0.989092,-0.397934,-0.021581,0.187241,0.89698,-0.435454,-0.283594,0.625427,0.583037
-0.129555,-0.086449,0.007101,0.989096,-0.397815,-0.021716,0.187289,0.897021,-0.43542,-0.283648,0.62549,0.582969
-0.129469,-0.086552,0.007194,0.989099,-0.397726,-0.02179,0.187282,0.897061,-0.435279,-0.283741,0.625615,0.582896
-0.129447,-0.086667,0.007328,0.989092,-0.397676,-0.021842,0.18721,0.897098,-0.435218,-0.283812,0.625663,0.582855
-0.129405,-0.086769,0.007391,0.989091,-0.397609,-0.021849,0.187171,0.897136,-0.435152,-0.283847,0.625729,0.582819
-0.129322,-0.086855,0.00735,0.989096,-0.397582,-0.021884,0.187134,0.897156,-0.435051,-0.283926,0.625787,0.582793
-0.129288,-0.086905,0.007301,0.989098,-0.397607,-0.021888,0.187171,0.897136,-0.434989,-0.283942,0.62581,0.582807
-0.129285,-0.086982,0.007207,0.989093,-0.397616,-0.021905,0.187316,0.897102,-0.434962,-0.283926,0.625777,0.582871
-0.129252,-0.087061,0.007129,0.989093,-0.39766,-0.021937,0.187413,0.897061,-0.43496,-0.283953,0.625706,0.582936
-0.129244,-0.087092,0.007112,0.989093,-0.397734,-0.021969,0.187433,0.897024,-0.434956,-0.283961,0.625673,0.582972
-0.129279,-0.087085,0.007192,0.989088,-0.397767,-0.021957,0.187448,0.897006,-0.434972,-0.283984,0.625653,0.58297
-0.129356,-0.087099,0.00737,0.989074,-0.397854,-0.021976,0.187373,0.896983,-0.435012,-0.283939,0.625644,0.58297
-0.12943,-0.08717,0.007472,0.989058,-0.397958,-0.022028,0.187276,0.896958,-0.435056,-0.283948,0.625637,0.58294
-0.129494,-0.087175,0.007568,0.989048,-0.397986,-0.022024,0.187131,0.896976,-0.435134,-0.283978,0.625562,0.582949
-0.129576,-0.087227,0.007601,0.989033,-0.398042,-0.021978,0.187015,0.896976,-0.435207,-0.284024,0.625562,0.582874
-0.129647,-0.087256,0.007458,0.989023,-0.398048,-0.021939,0.186947,0.896989,-0.435242,-0.284024,0.6256,0.582806
-0.129652,-0.087321,0.007392,0.989019,-0.397974,-0.021934,0.186951,0.897021,-0.435223,-0.28413,0.625632,0.582735
-0.12961,-0.087372,0.007297,0.989023,-0.397834,-0.021977,0.187009,0.89707,-0.435181,-0.284165,0.625635,0.582747
-0.129587,-0.087358,0.007152,0.989029,-0.397761,-0.022076,0.187125,0.897077,-0.43519,-0.284262,0.625578,0.582755
-0.129546,-0.087362,0.007083,0.989034,-0.39769,-0.022181,0.187263,0.897078,-0.435248,-0.284304,0.625491,0.582786
-0.129582,-0.087418,0.007079,0.989026,-0.39764,-0.022296,0.187409,0.897068,-0.435227,-0.284362,0.62549,0.582776
-0.129524,-0.087494,0.007154,0.989027,-0.397653,-0.022427,0.187473,0.897047,-0.435203,-0.284396,0.625479,0.582789
-0.129492,-0.087557,0.007273,0.989025,-0.397669,-0.022452,0.187468,0.897041,-0.43519,-0.284462,0.625518,0.582726
-0.12946,-0.087605,0.007436,0.989024,-0.397712,-0.022399,0.187401,0.897037,-0.435139,-0.284529,0.625585,0.58266
-0.129486,-0.087644,0.00752,0.989017,-0.397811,-0.022311,0.187353,0.897005,-0.435092,-0.284573,0.625643,0.58261
-0.129537,-0.087679,0.007533,0.989008,-0.397854,-0.022238,0.187292,0.896999,-0.435105,-0.28462,0.625644,0.582579
-0.129581,-0.087705,0.00745,0.989001,-0.397957,-0.022132,0.187146,0.896986,-0.435191,-0.284636,0.62557,0.582585
-0.129655,-0.087673,0.007403,0.988994,-0.398037,-0.022069,0.187058,0.896969,-0.435269,-0.284623,0.625472,0.582637
-0.129717,-0.087597,0.007286,0.988993,-0.398147,-0.022077,0.187,0.896933,-0.435416,-0.284593,0.625333,0.582692
-0.12971,-0.087571,0.007144,0.988997,-0.398209,-0.022053,0.186942,0.896918,-0.435557,-0.28454,0.625214,0.582742
-0.129773,-0.087518,0.007007,0.988995,-0.398191,-0.022063,0.18692,0.89693,-0.435612,-0.284545,0.625105,0.582815
-0.129814,-0.087494,0.006916,0.988992,-0.398211,-0.022123,0.186986,0.896907,-0.435675,-0.284532,0.625022,0.582863
-0.129866,-0.08746,0.006853,0.988989,-0.398204,-0.022238,0.187036,0.896899,-0.435745,-0.284518,0.624947,0.582899
-0.12988,-0.087397,0.00682,0.988992,-0.398134,-0.022392,0.187093,0.896916,-0.435749,-0.284523,0.624912,0.58293
-0.129942,-0.087375,0.006886,0.988984,-0.398128,-0.022637,0.187047,0.896927,-0.435708,-0.284588,0.624916,0.582926
-0.129977,-0.087468,0.006969,0.988972,-0.398088,-0.022899,0.187043,0.896942,-0.435648,-0.284615,0.625011,0.582857
-0.129989,-0.087535,0.007078,0.988964,-0.398005,-0.02306,0.187116,0.896962,-0.435593,-0.284643,0.625123,0.582764
-0.130038,-0.087598,0.00717,0.988952,-0.397941,-0.023147,0.187261,0.896959,-0.435487,-0.284729,0.625277,0.582636
-0.130066,-0.087771,0.00721,0.988935,-0.3978,-0.023191,0.187485,0.896973,-0.43536,-0.284845,0.625464,0.582473
-0.130061,-0.08789,0.007309,0.988927,-0.397704,-0.023132,0.187698,0.89697,-0.435241,-0.284972,0.625612,0.582342
-0.130053,-0.08794,0.007399,0.988923,-0.397694,-0.023022,0.187776,0.896959,-0.435186,-0.28508,0.625726,0.582209
-0.130017,-0.087961,0.007555,0.988924,-0.397745,-0.022854,0.187655,0.896965,-0.435167,-0.28513,0.62574,0.582184
-0.129977,-0.087957,0.007778,0.988927,-0.39784,-0.022681,0.18743,0.896971,-0.435187,-0.285135,0.625724,0.582184
-0.129965,-0.087884,0.007926,0.988932,-0.397928,-0.022556,0.187189,0.896986,-0.435254,-0.285088,0.625672,0.582212
-0.129978,-0.087755,0.007833,0.98894,-0.398031,-0.022433,0.187055,0.89697,-0.43534,-0.285089,0.625556,0.582272
-0.130028,-0.087721,0.007638,0.988939,-0.398129,-0.022381,0.187098,0.896917,-0.435454,-0.285037,0.62538,0.582403
-0.130019,-0.087698,0.007354,0.988945,-0.398179,-0.022456,0.187191,0.896874,-0.435551,-0.284982,0.625237,0.58251
-0.130031,-0.087699,0.007102,0.988947,-0.398209,-0.022581,0.187435,0.896808,-0.435673,-0.284921,0.62508,0.582618
-0.130037,-0.087713,0.007074,0.988945,-0.398228,-0.022731,0.187656,0.896751,-0.435753,-0.284919,0.625026,0.582616
-0.130066,-0.087786,0.007228,0.988934,-0.398257,-0.022882,0.18768,0.896731,-0.435761,-0.284941,0.625073,0.582548
-0.130031,-0.087896,0.007419,0.988929,-0.398171,-0.022998,0.187689,0.896767,-0.435706,-0.285051,0.62519,0.582411
-0.130057,-0.088019,0.007588,0.988914,-0.398154,-0.023091,0.187542,0.896805,-0.435643,-0.285136,0.625335,0.58226
-0.13011,-0.088076,0.007756,0.988901,-0.398148,-0.023018,0.187424,0.896834,-0.435518,-0.285217,0.625501,0.582138
-0.130094,-0.08817,0.007806,0.988896,-0.398156,-0.022884,0.187413,0.896833,-0.435425,-0.285301,0.625636,0.58202
-0.130102,-0.088219,0.007785,0.988892,-0.398246,-0.02269,0.187462,0.896784,-0.435318,-0.285418,0.625753,0.581919
-0.130108,-0.088212,0.007675,0.988893,-0.398327,-0.022497,0.187426,0.896759,-0.435268,-0.285433,0.625781,0.581919
-0.130135,-0.088115,0.007451,0.988899,-0.398419,-0.022309,0.187387,0.896728,-0.435346,-0.285403,0.625722,0.581938
-0.130105,-0.08802,0.007349,0.988911,-0.398428,-0.022164,0.187419,0.896718,-0.435505,-0.285397,0.625557,0.582001
-0.13013,-0.087922,0.007242,0.988916,-0.398462,-0.022084,0.18742,0.896704,-0.435661,-0.285328,0.625407,0.582079
-0.130192,-0.087807,0.007122,0.988918,-0.398488,-0.022082,0.187455,0.896684,-0.435807,-0.28527,0.625263,0.582152
-0.130278,-0.087709,0.007058,0.988914,-0.398452,-0.022096,0.187544,0.896681,-0.435915,-0.28522,0.625168,0.582198
-0.130338,-0.087598,0.007071,0.988913,-0.398505,-0.022131,0.187589,0.896648,-0.435988,-0.28519,0.62516,0.582166
-0.13039,-0.087552,0.007125,0.988909,-0.398511,-0.022209,0.187743,0.896611,-0.436066,-0.285175,0.625153,0.582122
-0.130443,-0.0875,0.007137,0.988906,-0.398553,-0.022243,0.187942,0.89655,-0.436086,-0.285195,0.625224,0.582021
-0.130517,-0.087506,0.007237,0.988894,-0.398636,-0.022275,0.188002,0.8965,-0.436064,-0.285243,0.625301,0.581932
-0.130569,-0.087525,0.007374,0.988884,-0.398658,-0.022322,0.187984,0.896494,-0.436048,-0.28532,0.625415,0.581783
-0.130619,-0.087557,0.007557,0.988872,-0.398687,-0.02237,0.187979,0.896481,-0.436058,-0.285394,0.625468,0.581683
-0.130626,-0.087584,0.007663,0.988868,-0.398739,-0.022415,0.188018,0.896449,-0.436073,-0.285448,0.625523,0.581586
-0.130662,-0.087609,0.007761,0.988861,-0.398707,-0.02247,0.188155,0.896434,-0.436083,-0.285532,0.625573,0.581483
-0.130698,-0.08766,0.007789,0.988851,-0.398762,-0.022539,0.188248,0.896389,-0.436105,-0.285573,0.625617,0.5814
-0.130722,-0.087661,0.007811,0.988848,-0.398711,-0.022554,0.188443,0.896369,-0.436206,-0.285571,0.625588,0.581356
-0.130734,-0.087695,0.00781,0.988844,-0.398701,-0.022533,0.188636,0.896333,-0.436262,-0.285554,0.625607,0.581301
-0.13076,-0.087739,0.007968,0.988835,-0.398668,-0.022549,0.188726,0.896327,-0.436293,-0.285569,0.625601,0.581278
-0.13071,-0.087718,0.008115,0.988841,-0.3987,-0.022546,0.188736,0.896312,-0.43635,-0.285537,0.625597,0.581255
-0.130742,-0.087706,0.008223,0.988837,-0.398836,-0.022442,0.188531,0.896296,-0.436428,-0.285513,0.625606,0.581197
-0.130763,-0.087693,0.00833,0.988833,-0.39887,-0.022402,0.188371,0.896316,-0.436457,-0.285559,0.625593,0.581167
-0.13077,-0.087708,0.008345,0.988831,-0.398866,-0.0224,0.188232,0.896348,-0.436501,-0.285565,0.625565,0.581162
-0.130743,-0.087738,0.008264,0.988833,-0.398873,-0.022418,0.18816,0.896359,-0.436542,-0.285582,0.625511,0.581181
-0.130739,-0.087792,0.008073,0.988833,-0.398814,-0.022446,0.188322,0.896351,-0.436567,-0.285614,0.625477,0.581184
-0.130798,-0.087787,0.007796,0.98883,-0.398746,-0.022423,0.188605,0.89632,-0.436623,-0.28562,0.625451,0.581166
-0.130812,-0.087786,0.007708,0.988829,-0.39867,-0.022449,0.188795,0.896313,-0.436658,-0.285592,0.625484,0.581119
-0.130855,-0.087774,0.007762,0.988823,-0.398605,-0.022415,0.188958,0.896306,-0.43672,-0.285547,0.625522,0.581053
-0.130871,-0.087729,0.008007,0.988821,-0.398544,-0.022401,0.188996,0.896326,-0.436764,-0.285501,0.625575,0.580984
-0.130836,-0.087734,0.008266,0.988821,-0.398542,-0.022333,0.188937,0.89634,-0.436806,-0.285512,0.625648,0.580867
-0.130845,-0.087676,0.008454,0.988821,-0.398512,-0.022324,0.188825,0.896377,-0.436802,-0.285504,0.625702,0.580816
-0.130796,-0.087602,0.008524,0.988832,-0.398449,-0.02231,0.188766,0.896418,-0.436739,-0.285484,0.625745,0.580827
-0.13077,-0.087565,0.008515,0.988839,-0.398387,-0.022298,0.188796,0.896439,-0.436747,-0.285448,0.625731,0.580851
-0.1307,-0.087532,0.008487,0.98885,-0.398371,-0.022319,0.188793,0.896447,-0.436787,-0.285344,0.625728,0.580876
-0.130633,-0.087537,0.008418,0.98886,-0.398334,-0.022305,0.188748,0.896473,-0.436829,-0.285262,0.625739,0.580871
-0.130591,-0.087554,0.008432,0.988864,-0.398223,-0.022262,0.188808,0.896509,-0.436919,-0.285242,0.625725,0.580827
-0.130526,-0.087572,0.008434,0.988872,-0.398067,-0.022167,0.188893,0.896562,-0.437066,-0.285218,0.625687,0.58077
-0.130412,-0.087622,0.008449,0.988883,-0.397905,-0.022166,0.188999,0.89661,-0.437144,-0.285174,0.62574,0.580674
-0.130298,-0.087655,0.008428,0.988896,-0.397665,-0.022144,0.18923,0.896667,-0.437196,-0.285124,0.625744,0.580655
-0.130164,-0.087642,0.008567,0.988913,-0.397404,-0.022077,0.18938,0.89675,-0.43719,-0.285051,0.625825,0.580605
-0.130008,-0.087575,0.008791,0.988934,-0.3972,-0.021987,0.18944,0.896829,-0.437175,-0.28502,0.625863,0.58059
-0.129822,-0.087518,0.008983,0.98896,-0.397054,-0.021898,0.189385,0.896905,-0.437176,-0.284988,0.625862,0.580606
-0.129649,-0.087497,0.009057,0.988984,-0.397014,-0.021797,0.189242,0.896955,-0.437215,-0.284951,0.625844,0.580614
-0.129464,-0.087432,0.009132,0.989011,-0.396971,-0.021661,0.189079,0.897011,-0.437315,-0.284881,0.625802,0.580618
-0.129283,-0.087349,0.0091,0.989042,-0.396956,-0.021506,0.188867,0.897063,-0.437366,-0.284826,0.625747,0.580664
-0.129188,-0.087298,0.008975,0.989059,-0.396877,-0.021431,0.188743,0.897125,-0.437419,-0.284727,0.625669,0.580757
-0.129067,-0.087236,0.008768,0.989082,-0.396821,-0.021404,0.188718,0.897156,-0.437488,-0.284578,0.625625,0.580825
-0.128995,-0.087217,0.008646,0.989095,-0.396773,-0.021388,0.188762,0.897168,-0.437537,-0.284508,0.625549,0.580902
-0.12889,-0.087201,0.008442,0.989113,-0.396762,-0.021328,0.188782,0.897168,-0.437654,-0.284427,0.625469,0.580939
-0.128818,-0.087151,0.00836,0.989127,-0.396726,-0.021368,0.188899,0.897159,-0.437725,-0.28441,0.625373,0.580998
-0.128786,-0.087079,0.008338,0.989137,-0.39672,-0.021405,0.188928,0.897155,-0.437791,-0.284335,0.625349,0.58101
-0.128751,-0.087041,0.008465,0.989142,-0.39672,-0.02145,0.188909,0.897158,-0.437819,-0.284281,0.625359,0.581004
-0.128704,-0.087033,0.008596,0.989147,-0.396722,-0.021469,0.188855,0.89717,-0.437855,-0.284299,0.625375,0.58095
-0.128635,-0.087053,0.008701,0.989153,-0.396744,-0.021422,0.188787,0.897175,-0.437848,-0.284326,0.625448,0.580864
-0.128594,-0.087094,0.008699,0.989155,-0.396634,-0.021474,0.188808,0.897218,-0.437792,-0.284347,0.62553,0.580808
-0.128544,-0.087095,0.008683,0.989162,-0.396557,-0.02152,0.188965,0.897218,-0.437764,-0.284397,0.625583,0.580747
-0.128543,-0.087142,0.008548,0.98916,-0.396567,-0.021541,0.189008,0.897204,-0.437701,-0.284425,0.625653,0.580704
-0.128542,-0.087174,0.008469,0.98916,-0.396596,-0.021533,0.189104,0.897171,-0.437636,-0.28443,0.625687,0.580715
-0.128538,-0.087158,0.00852,0.989161,-0.396616,-0.021531,0.189154,0.897152,-0.437624,-0.284517,0.625664,0.580708
-0.12852,-0.087119,0.008685,0.989163,-0.396703,-0.021477,0.189063,0.897133,-0.437682,-0.284547,0.625664,0.580649
-0.128487,-0.0871,0.008768,0.989168,-0.396802,-0.021462,0.188948,0.897115,-0.437769,-0.284567,0.625632,0.580611
-0.128542,-0.08708,0.008789,0.989162,-0.396856,-0.02142,0.18885,0.897112,-0.4378,-0.284558,0.625627,0.580594
-0.128594,-0.08701,0.00879,0.98916,-0.39689,-0.021449,0.188831,0.897101,-0.43783,-0.284522,0.62567,0.580544
-0.128656,-0.08697,0.008785,0.989154,-0.396937,-0.021454,0.188834,0.897079,-0.437839,-0.284569,0.625725,0.580455
-0.128769,-0.086949,0.008717,0.989142,-0.397002,-0.02142,0.188916,0.897033,-0.437895,-0.284533,0.62572,0.580435
-0.12891,-0.08693,0.00862,0.989127,-0.397024,-0.021434,0.189074,0.896989,-0.437999,-0.284561,0.625705,0.580357
-0.129024,-0.086902,0.0086,0.989113,-0.397046,-0.021418,0.189194,0.896954,-0.438108,-0.284534,0.625687,0.580307
-0.129092,-0.086851,0.008719,0.989107,-0.397031,-0.021373,0.189328,0.896932,-0.438209,-0.284548,0.625696,0.580216
-0.129126,-0.086839,0.008876,0.989101,-0.39697,-0.021256,0.189318,0.896962,-0.438273,-0.284551,0.625719,0.58014
-0.129154,-0.086766,0.009055,0.9891,-0.396947,-0.021176,0.18932,0.896972,-0.438301,-0.284572,0.625795,0.580026
-0.129154,-0.086654,0.009243,0.989104,-0.396951,-0.021109,0.189275,0.89698,-0.438318,-0.284577,0.62587,0.579929
-0.129124,-0.086569,0.009254,0.989114,-0.396908,-0.02107,0.189298,0.896994,-0.43832,-0.284569,0.625884,0.579916
-0.129074,-0.086513,0.00917,0.989125,-0.396916,-0.020991,0.189347,0.896982,-0.4384,-0.284509,0.625869,0.579901
-0.129014,-0.086446,0.009057,0.989139,-0.396947,-0.020911,0.189408,0.896955,-0.438439,-0.284447,0.62584,0.579933
-0.129004,-0.086383,0.009034,0.989146,-0.397005,-0.020866,0.189586,0.896891,-0.438534,-0.284396,0.625748,0.579985
-0.129002,-0.086389,0.00906,0.989145,-0.39707,-0.020761,0.189705,0.896838,-0.438636,-0.284297,0.625703,0.580003
-0.129027,-0.08628,0.00909,0.989149,-0.397186,-0.020653,0.18977,0.896773,-0.438677,-0.284275,0.625683,0.580005
-0.129055,-0.086182,0.009144,0.989151,-0.397285,-0.02059,0.189808,0.896722,-0.438779,-0.284198,0.625679,0.579968
-0.129125,-0.086104,0.009264,0.989145,-0.397409,-0.020569,0.189765,0.896676,-0.438863,-0.284105,0.625667,0.579962
-0.129191,-0.085989,0.00941,0.989142,-0.397527,-0.020592,0.18974,0.896629,-0.438933,-0.284064,0.625669,0.579924
-0.129311,-0.085889,0.009451,0.989132,-0.397571,-0.020628,0.189684,0.896621,-0.438987,-0.284069,0.625684,0.579866
-0.12941,-0.085825,0.009467,0.989124,-0.39757,-0.020749,0.189743,0.896608,-0.439075,-0.284064,0.625698,0.579787
-0.12951,-0.085838,0.009443,0.989109,-0.397626,-0.020917,0.189844,0.896561,-0.439098,-0.28409,0.625769,0.579679
-0.129602,-0.085864,0.0094,0.989097,-0.397543,-0.021135,0.190078,0.896545,-0.439088,-0.284151,0.625868,0.57955
-0.129631,-0.085886,0.009399,0.989091,-0.397383,-0.021282,0.19046,0.896531,-0.439029,-0.284221,0.626054,0.579361
-0.129709,-0.085948,0.009469,0.989075,-0.397275,-0.021456,0.190792,0.896506,-0.438931,-0.284272,0.626269,0.579176
-0.129754,-0.086016,0.009727,0.989061,-0.397161,-0.021585,0.19114,0.896479,-0.438814,-0.284353,0.6265,0.578975
-0.129782,-0.08604,0.01004,0.989051,-0.397059,-0.02164,0.191397,0.896467,-0.438726,-0.284409,0.626737,0.578756
-0.129769,-0.086083,0.010384,0.989044,-0.396975,-0.021682,0.19147,0.896489,-0.438656,-0.284423,0.626953,0.578566
-0.129704,-0.086152,0.010672,0.989043,-0.39692,-0.021684,0.191471,0.896513,-0.438578,-0.284479,0.62711,0.578429
-0.129667,-0.086188,0.010929,0.989041,-0.396963,-0.021561,0.191383,0.896513,-0.438496,-0.284515,0.627279,0.57829
-0.129589,-0.086176,0.011104,0.989049,-0.396952,-0.021511,0.191362,0.896524,-0.43846,-0.284528,0.627389,0.57819
-0.129557,-0.086197,0.011168,0.989051,-0.396987,-0.021456,0.191327,0.896516,-0.438496,-0.284497,0.627415,0.578149
-0.129522,-0.086223,0.011156,0.989054,-0.39707,-0.021402,0.19134,0.896477,-0.438582,-0.28447,0.627347,0.578172
-0.129526,-0.086197,0.011091,0.989056,-0.397072,-0.02137,0.191437,0.896455,-0.438685,-0.284391,0.627288,0.578195
-0.129534,-0.086173,0.010959,0.989059,-0.397091,-0.021329,0.191579,0.896416,-0.438789,-0.284304,0.627225,0.578226
-0.129551,-0.086119,0.011,0.989059,-0.39716,-0.021285,0.19166,0.896369,-0.438877,-0.284231,0.627181,0.578242
-0.12955,-0.086091,0.011042,0.98906,-0.397196,-0.0212,0.191715,0.896342,-0.438931,-0.284227,0.627171,0.578215
-0.12954,-0.086079,0.011163,0.989061,-0.397282,-0.02116,0.191775,0.89629,-0.438983,-0.284156,0.627214,0.578162
-0.129541,-0.086009,0.011254,0.989064,-0.397394,-0.021077,0.191693,0.896259,-0.439031,-0.284155,0.627217,0.578123
-0.129506,-0.085979,0.011303,0.98907,-0.397416,-0.02108,0.191612,0.896268,-0.439043,-0.284185,0.627255,0.578057
-0.129483,-0.085932,0.011332,0.989075,-0.397331,-0.021111,0.191591,0.896309,-0.439023,-0.284224,0.627275,0.578032
-0.129438,-0.08591,0.011293,0.989083,-0.397383,-0.021186,0.191538,0.896297,-0.439037,-0.284175,0.627335,0.577979
-0.129433,-0.085883,0.011169,0.989088,-0.397337,-0.021205,0.19157,0.89631,-0.439064,-0.284194,0.627345,0.577938
-0.129455,-0.085888,0.011064,0.989086,-0.3973,-0.021188,0.191656,0.896308,-0.439071,-0.28421,0.627346,0.577925
-0.129433,-0.085875,0.011111,0.98909,-0.397304,-0.021185,0.191771,0.896281,-0.439048,-0.284215,0.627395,0.577887
-0.129423,-0.085905,0.011205,0.989087,-0.397343,-0.021147,0.191829,0.896252,-0.439067,-0.284231,0.627379,0.577882
-0.129418,-0.085894,0.011193,0.989089,-0.39795,-0.021163,0.191855,0.895977,-0.439075,-0.284243,0.627429,0.577817
-0.129466,-0.085825,0.011247,0.989086,-0.397944,-0.021086,0.19182,0.895988,-0.439036,-0.284278,0.627489,0.577761
-0.129467,-0.085778,0.011353,0.989088,-0.397908,-0.021083,0.191548,0.896064,-0.4391,-0.284272,0.627467,0.577742
-0.129495864699077,-0.0857488649351184,0.0114045160461013,0.989084469388375,-0.397897763829455,-0.0210839840829193,0.191521600592339,0.896075014977811,-0.439151070484269,-0.284276548996411,0.627450431633755,0.577714978931796
-0.129569714655896,-0.0857215017924189,0.0114458431195103,0.989075127188716,-0.39789111117241,-0.0210872847128663,0.191500549594865,0.896083909763314,-0.439194442950146,-0.28428944477341,0.62743838922782,0.577680134858965
-0.129674165856005,-0.0856965617629364,0.0114793234142729,0.989061847853842,-0.397886873296478,-0.0210934244616243,0.191484283432151,0.896090885170118,-0.439233259909075,-0.284309560512643,0.627428619568646,0.577640989436422
-0.129794834284948,-0.0856746960377057,0.0115072991244353,0.989046505836576,-0.397883881469273,-0.0211029259009768,0.191472238528769,0.896096142011834,-0.439270663872498,-0.284335769395759,0.627418869442685,0.57760106431908
-0.129917335928273,-0.0856565558077618,0.0115321124440432,0.989030975589737,-0.39788096695841,-0.0211163116027071,0.191463851309291,0.896099881102071,-0.439309797351859,-0.284366944604405,0.627406885636388,0.577563881161853
-0.130027286771526,-0.0856427922641396,0.0115561055671426,0.989017131566148,-0.3978769610315,-0.0211341041385989,0.191458558198288,0.896102303254438,-0.439353802858601,-0.284401959320229,0.627390414936207,0.577532961619655
-0.130110302800253,-0.0856340565978741,0.0115816206877796,0.989006848218628,-0.397870694956159,-0.0211568260804353,0.191455795620334,0.896103609282544,-0.439405822904167,-0.284439686724878,0.627367204128594,0.577511827347399
-0.130152,-0.085631,0.011611,0.989002,-0.397861,-0.021185,0.191455,0.896104,-0.439469,-0.284479,0.627335,0.577504
-0.130163,-0.085631,0.011643,0.989001,-0.397832,-0.021386,0.191544,0.896096,-0.439569,-0.284537,0.627187,0.57756
-0.130175744019139,-0.0856501678082192,0.0115936323529412,0.988998515704584,-0.397832985294118,-0.0214210351607836,0.191615444713479,0.896082111362793,-0.439598060463122,-0.284568379288566,0.627158879549755,0.577556
-0.130191,-0.085689,0.011499,0.988995,-0.397836,-0.021449,0.191704,0.896059,-0.439621,-0.284598,0.627132,0.577552
-0.130212,-0.085744,0.011385,0.988991,-0.397859,-0.021518,0.191899,0.896005,-0.43966,-0.284645,0.627016,0.577627
-0.130224913498099,-0.0858101477832512,0.0113010408560311,0.988986279990045,-0.397865074858454,-0.021568259957588,0.191891562240664,0.896005,-0.439681324946467,-0.284646956112853,0.62697277749626,0.577666997191011
-0.130231,-0.085888,0.011259,0.988981,-0.397872,-0.021632,0.191869,0.896005,-0.439691,-0.284649,0.626939,0.577685
-0.130218,-0.085987,0.011298,0.988975,-0.39792,-0.0218,0.191707,0.896018,-0.439654,-0.284864,0.626893,0.577661
-0.130244,-0.08607,0.011405,0.988964,-0.397961,-0.021947,0.191516,0.89604,-0.439679,-0.284953,0.626867,0.577628
-0.13026,-0.086174,0.011631,0.988951,-0.398059,-0.022074,0.191378,0.896026,-0.4397,-0.285033,0.626862,0.577578
-0.130262,-0.086243,0.01172,0.988945,-0.39815,-0.022138,0.19139,0.895983,-0.439705,-0.285116,0.626838,0.577561
-0.130337,-0.086316,0.011612,0.988931,-0.398166,-0.022141,0.191605,0.895929,-0.439704,-0.285182,0.626832,0.577536
-0.130451,-0.086433,0.011489,0.98891,-0.398196,-0.022205,0.191908,0.895848,-0.43966,-0.285235,0.626836,0.57754
-0.130478,-0.086516,0.011352,0.988904,-0.39819,-0.022217,0.192316,0.895762,-0.439598,-0.285304,0.626869,0.577517
-0.130549,-0.086592,0.011307,0.98889,-0.398181,-0.022175,0.192734,0.895674,-0.439565,-0.285419,0.626911,0.577442
-0.130627,-0.086604,0.011365,0.988877,-0.398136,-0.022088,0.19307,0.895621,-0.439591,-0.28551,0.626956,0.577328
-0.130688,-0.086585,0.011595,0.988866,-0.398123,-0.021971,0.19322,0.895594,-0.4396,-0.285514,0.627009,0.577263
-0.130745,-0.086532,0.011946,0.988856,-0.398158,-0.021764,0.193046,0.895618,-0.439557,-0.285547,0.62706,0.577225
-0.13076,-0.086493,0.012324,0.98885,-0.398253,-0.021642,0.192633,0.895669,-0.439505,-0.285609,0.627078,0.577214
-0.130743,-0.086398,0.012639,0.988853,-0.398319,-0.021628,0.192165,0.895742,-0.439569,-0.285621,0.627059,0.577179
-0.130723,-0.086275,0.012832,0.988861,-0.398323,-0.021665,0.191819,0.895816,-0.439595,-0.285605,0.626988,0.577246
-0.130689,-0.086218,0.012765,0.98887,-0.39835,-0.02178,0.191661,0.895838,-0.439612,-0.285665,0.626881,0.57732
-0.130636,-0.086219,0.012456,0.988883,-0.398267,-0.021943,0.19169,0.895867,-0.439625,-0.28571,0.626769,0.57741
-0.130591,-0.086297,0.011997,0.988892,-0.398205,-0.022131,0.191846,0.895859,-0.439595,-0.285789,0.626684,0.577488
-0.130534,-0.086402,0.011524,0.988901,-0.398145,-0.022388,0.192022,0.895844,-0.439558,-0.2858,0.626643,0.577556
-0.13048,-0.086543,0.011291,0.988902,-0.39809,-0.022645,0.192204,0.895827,-0.43954,-0.28585,0.626633,0.577556
-0.130443,-0.086697,0.011304,0.988897,-0.397942,-0.022821,0.192321,0.895865,-0.43947,-0.285925,0.626741,0.577457
-0.130433,-0.086834,0.011428,0.988887,-0.397938,-0.023002,0.192247,0.895882,-0.43938,-0.285992,0.626862,0.57736
-0.130438,-0.086986,0.011644,0.988872,-0.397895,-0.023095,0.192181,0.895914,-0.439222,-0.286127,0.626987,0.577279
-0.130411,-0.087152,0.011887,0.988859,-0.397915,-0.023086,0.192072,0.895929,-0.439117,-0.286176,0.627123,0.577187
-0.130423,-0.087275,0.011971,0.988847,-0.397959,-0.023036,0.191942,0.895938,-0.439006,-0.286247,0.6272,0.577153
-0.130389,-0.087408,0.012036,0.988842,-0.398054,-0.022935,0.191838,0.89592,-0.438921,-0.286285,0.627204,0.577195
-0.130351,-0.087489,0.011998,0.988842,-0.398121,-0.022878,0.191749,0.89591,-0.438935,-0.286324,0.627121,0.577256
-0.13035,-0.087548,0.01184,0.98884,-0.398179,-0.022883,0.191706,0.895894,-0.43893,-0.28635,0.627017,0.577361
-0.130318,-0.087559,0.011756,0.988845,-0.398199,-0.022833,0.191604,0.895908,-0.438965,-0.286322,0.626911,0.577464
-0.130287,-0.087562,0.011582,0.988852,-0.398203,-0.022839,0.191534,0.895921,-0.439012,-0.286236,0.62682,0.577569
-0.130245,-0.087568,0.011426,0.98886,-0.398263,-0.022797,0.191492,0.895905,-0.439138,-0.286231,0.626687,0.57762
-0.130233,-0.08758,0.011275,0.988864,-0.398287,-0.022805,0.191485,0.895895,-0.439199,-0.286176,0.626621,0.577674
-0.130207,-0.087589,0.011216,0.988867,-0.398275,-0.022802,0.191494,0.895899,-0.439218,-0.286154,0.626604,0.577688
-0.130174,-0.087569,0.011143,0.988875,-0.39818,-0.022878,0.191555,0.895927,-0.439219,-0.286202,0.62662,0.577645
-0.130162,-0.087597,0.011108,0.988875,-0.39808,-0.022926,0.191637,0.895953,-0.439196,-0.286233,0.626624,0.577644
-0.130129,-0.087584,0.011114,0.988881,-0.398015,-0.022947,0.191713,0.895964,-0.439163,-0.286233,0.626651,0.577639
-0.130109,-0.087549,0.011106,0.988885,-0.397977,-0.022865,0.191811,0.895961,-0.43919,-0.286238,0.626685,0.577579
-0.130093,-0.087501,0.011156,0.988891,-0.397964,-0.02271,0.1919,0.895949,-0.439224,-0.286268,0.626748,0.577469
-0.130089,-0.087466,0.011237,0.988892,-0.397961,-0.022557,0.191901,0.895951,-0.439261,-0.286206,0.62681,0.577405
-0.130023,-0.087396,0.01142,0.988902,-0.39797,-0.022395,0.191805,0.895969,-0.439268,-0.286153,0.626862,0.577368
-0.129946,-0.087326,0.011558,0.988915,-0.398013,-0.022176,0.191704,0.895974,-0.439315,-0.286112,0.626859,0.577355
-0.129914,-0.087248,0.01154,0.988924,-0.398089,-0.022,0.191683,0.895947,-0.439409,-0.286054,0.626829,0.577344
-0.129893,-0.087141,0.011429,0.988937,-0.398126,-0.02181,0.191789,0.895909,-0.439527,-0.285945,0.6268,0.577339
-0.129922,-0.086997,0.011314,0.988944,-0.39813,-0.021625,0.191955,0.895872,-0.439597,-0.285831,0.626774,0.577368
-0.129907,-0.086821,0.011175,0.988961,-0.398176,-0.021473,0.192176,0.895804,-0.439702,-0.285749,0.626708,0.5774
-0.129966,-0.086622,0.011055,0.988969,-0.398221,-0.021351,0.192377,0.895741,-0.439823,-0.28555,0.626695,0.577417
-0.129969,-0.086447,0.010996,0.988982,-0.398306,-0.021293,0.192466,0.895684,-0.439994,-0.28542,0.626653,0.577395
-0.129999,-0.086287,0.011098,0.988988,-0.398411,-0.021199,0.192419,0.895649,-0.440103,-0.285322,0.626635,0.577378
-0.130012,-0.086138,0.011299,0.988992,-0.39847,-0.02116,0.192322,0.895644,-0.440205,-0.285273,0.626603,0.577359
-0.130037,-0.086029,0.011382,0.988995,-0.398462,-0.021142,0.192296,0.895653,-0.44028,-0.285231,0.626677,0.577241
-0.129974,-0.085887,0.011509,0.989011,-0.398404,-0.021193,0.192432,0.895649,-0.440314,-0.285156,0.62676,0.577161
-0.129988,-0.085808,0.01154,0.989013,-0.398402,-0.021236,0.192609,0.89561,-0.440334,-0.285126,0.626813,0.577101
-0.129994,-0.085808,0.011471,0.989014,-0.398313,-0.021238,0.192854,0.895596,-0.440353,-0.285104,0.626842,0.577066
-0.130026,-0.085821,0.011423,0.98901,-0.398248,-0.021232,0.193038,0.895585,-0.440401,-0.285119,0.62686,0.577001
-0.130022,-0.08581,0.011531,0.98901,-0.39821,-0.021202,0.193007,0.895609,-0.440428,-0.285105,0.626927,0.576915
-0.130002,-0.085826,0.011777,0.989007,-0.3982,-0.02106,0.192878,0.895642,-0.440446,-0.285072,0.627033,0.576801
-0.129971,-0.085809,0.012078,0.989006,-0.398192,-0.020896,0.192644,0.895698,-0.440411,-0.285083,0.627162,0.576682
-0.12995,-0.085779,0.012281,0.989007,-0.398187,-0.02071,0.192358,0.895765,-0.440395,-0.285099,0.62721,0.576634
-0.129923,-0.085762,0.012446,0.989009,-0.398179,-0.020513,0.192175,0.89581,-0.440409,-0.285039,0.627195,0.57667
-0.129929,-0.085759,0.012363,0.989009,-0.398162,-0.020423,0.192082,0.895839,-0.440484,-0.284985,0.627085,0.576757
-0.129965,-0.085685,0.012124,0.989015,-0.398103,-0.020425,0.192149,0.89585,-0.440557,-0.284921,0.626949,0.576881
-0.129911,-0.085595,0.011842,0.989033,-0.398056,-0.0205,0.192308,0.895835,-0.440638,-0.284851,0.626834,0.576978
-0.129878,-0.085539,0.011558,0.989045,-0.39808,-0.02069,0.192524,0.895776,-0.440745,-0.28478,0.626721,0.577055
-0.129834,-0.085528,0.011374,0.989055,-0.398103,-0.020897,0.192653,0.895736,-0.440794,-0.284718,0.626696,0.577073
-0.129829,-0.085577,0.011404,0.989053,-0.39815,-0.021108,0.19269,0.895706,-0.440778,-0.284694,0.626703,0.57709
-0.12986,-0.085633,0.01161,0.989041,-0.398174,-0.021254,0.192724,0.895686,-0.44073,-0.284709,0.62677,0.577045
-0.129901,-0.085763,0.011759,0.989024,-0.398139,-0.021341,0.192752,0.895695,-0.440709,-0.284773,0.626868,0.576925
-0.129978,-0.085917,0.012018,0.988999,-0.398157,-0.02134,0.192677,0.895704,-0.440669,-0.284854,0.627013,0.576758
-0.130019,-0.086074,0.012185,0.988979,-0.39811,-0.021335,0.192614,0.895738,-0.440576,-0.284962,0.62712,0.576659
-0.130025,-0.086186,0.012283,0.988969,-0.398045,-0.021236,0.192527,0.895787,-0.440513,-0.285015,0.627188,0.576608
-0.130026,-0.086259,0.012315,0.988964,-0.397989,-0.021152,0.192456,0.895828,-0.44048,-0.285025,0.627189,0.576627
-0.130028,-0.086249,0.012315,0.988964,-0.39788,-0.021103,0.192472,0.895873,-0.440407,-0.285059,0.627226,0.576626
-0.129959,-0.086255,0.012223,0.988974,-0.397816,-0.021045,0.192488,0.895898,-0.440386,-0.285074,0.627186,0.576679
-0.129889,-0.086227,0.012068,0.988988,-0.397729,-0.021,0.192487,0.895938,-0.440394,-0.285024,0.62706,0.576836
-0.129787,-0.086158,0.011946,0.989009,-0.397643,-0.021005,0.192438,0.895986,-0.440404,-0.284966,0.626913,0.577017
-0.129688,-0.086088,0.011895,0.989028,-0.397543,-0.021097,0.192346,0.89605,-0.440449,-0.284884,0.626758,0.57719
-0.12959,-0.086103,0.011818,0.989041,-0.397525,-0.021211,0.192256,0.896077,-0.440472,-0.284825,0.626666,0.577301
-0.129503,-0.086088,0.011871,0.989053,-0.397491,-0.021295,0.192148,0.896115,-0.44045,-0.284826,0.62661,0.577379
-0.129384,-0.086107,0.011924,0.989066,-0.397401,-0.021336,0.192092,0.896167,-0.440368,-0.28485,0.626634,0.577404
-0.129291,-0.086197,0.011921,0.989072,-0.397311,-0.021377,0.192085,0.896208,-0.440304,-0.284838,0.626712,0.577375
-0.129218,-0.086323,0.011905,0.989074,-0.397198,-0.021328,0.192085,0.896258,-0.440204,-0.284855,0.62678,0.577368
-0.129133,-0.086354,0.011835,0.989084,-0.397097,-0.021299,0.192109,0.896298,-0.440138,-0.28482,0.626838,0.577373
-0.129047,-0.086405,0.011826,0.989092,-0.396916,-0.021194,0.19214,0.896371,-0.440094,-0.284768,0.626897,0.577365
-0.128955,-0.086476,0.011825,0.989099,-0.396767,-0.021071,0.192239,0.896416,-0.440066,-0.28475,0.626942,0.577346
-0.128818,-0.086539,0.011897,0.989112,-0.39668,-0.020857,0.192209,0.896463,-0.440007,-0.284743,0.627007,0.577323
-0.128655,-0.086552,0.011805,0.989133,-0.396527,-0.020651,0.192277,0.896518,-0.439919,-0.284701,0.627032,0.577384
-0.128568,-0.086477,0.011752,0.989151,-0.396543,-0.020521,0.192255,0.896516,-0.439934,-0.284591,0.626948,0.577518
-0.128444,-0.086363,0.011713,0.989175,-0.396548,-0.020449,0.192253,0.896515,-0.440007,-0.284476,0.626784,0.577697
-0.128275,-0.086212,0.011704,0.989208,-0.396493,-0.020369,0.192256,0.896539,-0.44008,-0.284375,0.626595,0.577896
-0.128125,-0.086094,0.011656,0.989236,-0.396513,-0.020405,0.192242,0.896533,-0.440196,-0.284293,0.626439,0.578015
-0.128038,-0.085979,0.011549,0.989258,-0.396532,-0.020545,0.192325,0.896506,-0.440207,-0.284217,0.62634,0.578153
-0.127983,-0.085916,0.011472,0.98927,-0.396522,-0.020704,0.192422,0.896487,-0.440227,-0.284157,0.626311,0.578196
-0.127961,-0.085876,0.011419,0.989277,-0.396465,-0.020835,0.192601,0.896472,-0.440241,-0.284191,0.626325,0.578154
-0.12796,-0.085877,0.011466,0.989276,-0.396421,-0.021011,0.19278,0.896451,-0.440273,-0.284196,0.626401,0.578045
-0.128009,-0.085936,0.011587,0.989264,-0.39642,-0.021107,0.192908,0.896423,-0.440282,-0.284218,0.626497,0.577923
-0.128063,-0.085989,0.011732,0.989251,-0.396356,-0.021119,0.192981,0.896435,-0.440227,-0.28425,0.626693,0.577736
-0.128084,-0.086035,0.011947,0.989241,-0.396268,-0.02103,0.192996,0.896471,-0.440103,-0.284323,0.626933,0.577534
-0.12807,-0.086081,0.01219,0.989234,-0.396214,-0.020934,0.192952,0.896504,-0.439987,-0.284415,0.627085,0.577411
-0.128088,-0.086154,0.012323,0.989225,-0.396063,-0.02079,0.192861,0.896593,-0.439982,-0.284478,0.627121,0.577346
-0.128069,-0.086175,0.012331,0.989226,-0.395968,-0.02064,0.192777,0.896654,-0.439973,-0.284485,0.627194,0.577271
-0.127967,-0.086129,0.01236,0.989242,-0.395943,-0.020465,0.192593,0.896706,-0.440001,-0.284478,0.627188,0.577258
-0.127861,-0.086054,0.012316,0.989262,-0.395909,-0.020375,0.192481,0.896746,-0.440069,-0.284397,0.627076,0.577369
-0.127762,-0.08596,0.012181,0.989283,-0.395898,-0.020297,0.19243,0.896763,-0.44011,-0.28432,0.626904,0.577561
-0.127637,-0.085855,0.012026,0.98931,-0.395937,-0.020328,0.192348,0.896764,-0.440233,-0.28417,0.626733,0.577726
-0.127498,-0.085712,0.011927,0.989339,-0.395971,-0.020362,0.192371,0.896744,-0.44039,-0.284042,0.62653,0.577888
-0.127398,-0.085651,0.011791,0.989359,-0.39602,-0.020457,0.192353,0.896726,-0.440517,-0.283938,0.6264,0.577984
-0.127415,-0.08563,0.011649,0.989361,-0.396051,-0.020612,0.192314,0.896719,-0.440627,-0.283896,0.626356,0.577968
-0.127413,-0.085595,0.011636,0.989363,-0.396139,-0.020724,0.192288,0.896685,-0.440642,-0.283944,0.626332,0.577958
-0.127444,-0.085647,0.011625,0.989356,-0.396212,-0.020767,0.192243,0.896662,-0.440637,-0.283944,0.626379,0.577912
-0.127483,-0.085702,0.011657,0.989347,-0.396294,-0.02075,0.192219,0.896632,-0.440619,-0.283983,0.626497,0.577779
-0.127534,-0.085776,0.011759,0.989333,-0.39635,-0.020669,0.192174,0.896618,-0.440554,-0.284041,0.626637,0.577647
-0.127594,-0.085837,0.011827,0.98932,-0.396329,-0.020568,0.192115,0.896641,-0.440431,-0.284137,0.626821,0.577494
-0.127654,-0.085888,0.011856,0.989308,-0.396322,-0.020461,0.192002,0.89667,-0.440322,-0.284203,0.626931,0.577424
-0.127722,-0.085893,0.011866,0.989299,-0.396326,-0.020371,0.191857,0.8967,-0.440252,-0.284231,0.627015,0.577375
-0.127765,-0.085854,0.011827,0.989297,-0.396259,-0.020312,0.191741,0.896755,-0.440266,-0.284222,0.62698,0.577405
-0.127755,-0.08582,0.01173,0.989302,-0.396219,-0.02026,0.191724,0.896777,-0.440296,-0.284207,0.626888,0.577491
-0.127704,-0.085776,0.011625,0.989313,-0.396206,-0.020197,0.191664,0.896796,-0.440319,-0.284174,0.626791,0.577594
-0.127656,-0.085746,0.011435,0.989325,-0.396142,-0.020152,0.191778,0.8968,-0.440398,-0.284128,0.626693,0.577663
-0.127612,-0.085712,0.011326,0.989335,-0.396095,-0.020156,0.19192,0.896789,-0.440429,-0.284112,0.62662,0.577727
-0.12752,-0.085632,0.011258,0.989353,-0.396036,-0.020159,0.192056,0.896785,-0.440463,-0.284091,0.626597,0.577736
-0.127463,-0.085611,0.01131,0.989361,-0.395972,-0.020122,0.192126,0.896799,-0.440448,-0.284085,0.626638,0.577708
-0.12742,-0.085521,0.011323,0.989373,-0.395919,-0.02011,0.192098,0.896828,-0.440423,-0.284072,0.62664,0.577728
-0.127437,-0.08553,0.011402,0.989369,-0.395903,-0.020089,0.191984,0.896861,-0.440407,-0.284065,0.62666,0.577722
-0.127363,-0.085412,0.011589,0.989383,-0.395918,-0.020006,0.191842,0.896885,-0.440422,-0.284022,0.626668,0.577723
-0.127319,-0.085394,0.011745,0.989387,-0.395937,-0.019943,0.191722,0.896903,-0.440389,-0.283983,0.626689,0.577745
-0.127271,-0.085362,0.011775,0.989395,-0.396006,-0.019873,0.191622,0.896895,-0.440409,-0.283923,0.626699,0.577746
-0.12723,-0.085346,0.011762,0.989402,-0.396027,-0.019838,0.191612,0.896887,-0.440442,-0.283912,0.626655,0.577775
