-0.937405,0.091757,-0.221719,0.252918,-0.903622,0.060684,-0.189334,0.379423,0.821567,-0.252044,0.378592,-0.344054
-0.937302,0.092143,-0.222127,0.25281,-0.903685,0.060618,-0.188932,0.379481,0.821325,-0.252198,0.379024,-0.344043
-0.937218,0.092343,-0.222323,0.252875,-0.903669,0.060527,-0.188584,0.379709,0.821019,-0.252434,0.37953,-0.344041
-0.937154,0.092394,-0.222378,0.253048,-0.903644,0.060436,-0.188254,0.379947,0.820704,-0.252684,0.380048,-0.344037
-0.93707,0.092369,-0.222417,0.253327,-0.903628,0.060356,-0.188002,0.380124,0.820404,-0.252957,0.380574,-0.343968
-0.937026,0.092407,-0.222356,0.253529,-0.903588,0.060347,-0.187817,0.380308,0.820078,-0.253272,0.381111,-0.343921
-0.936993,0.092584,-0.222279,0.253659,-0.903561,0.060439,-0.18764,0.380447,0.819789,-0.253524,0.381605,-0.343871
-0.936994,0.092778,-0.22218,0.253675,-0.903564,0.060641,-0.187524,0.380463,0.819577,-0.253681,0.381999,-0.343826
-0.937042,0.092917,-0.221986,0.253621,-0.903525,0.060813,-0.187574,0.380506,0.819443,-0.253792,0.382217,-0.343822
-0.937107,0.092956,-0.221709,0.253609,-0.903466,0.061008,-0.187814,0.380497,0.819443,-0.253756,0.382226,-0.343837
-0.937179,0.092885,-0.221499,0.253553,-0.903398,0.061204,-0.188066,0.3805,0.81952,-0.253661,0.382031,-0.343939
-0.937218,0.09278,-0.221385,0.253546,-0.903354,0.06126,-0.188151,0.380556,0.819684,-0.253514,0.381648,-0.344082
-0.937243,0.092598,-0.221378,0.253523,-0.903294,0.061196,-0.188166,0.380699,0.819909,-0.253368,0.381145,-0.34421
-0.937252,0.092396,-0.221429,0.253517,-0.903298,0.060925,-0.188107,0.380763,0.820186,-0.253164,0.380573,-0.344333
-0.937221,0.092223,-0.221615,0.253528,-0.903321,0.060719,-0.188113,0.380738,0.820418,-0.25308,0.380038,-0.344435
-0.937186,0.092039,-0.221827,0.253536,-0.903285,0.060598,-0.188252,0.380773,0.820607,-0.25299,0.37959,-0.344544
-0.937124,0.09197,-0.222104,0.253542,-0.90322,0.060604,-0.188494,0.380805,0.820756,-0.252883,0.379251,-0.344641
-0.937056,0.092099,-0.222318,0.253561,-0.903166,0.060742,-0.188829,0.380747,0.820796,-0.252886,0.379087,-0.344724
-0.936964,0.092341,-0.222559,0.253603,-0.903138,0.060835,-0.188924,0.380752,0.820745,-0.252883,0.37918,-0.344744
-0.936901,0.092582,-0.222716,0.253615,-0.903147,0.060891,-0.188753,0.380807,0.820605,-0.252981,0.379411,-0.344751
-0.936892,0.092839,-0.222621,0.253642,-0.903164,0.060695,-0.188393,0.380974,0.820426,-0.253024,0.379785,-0.344733
-0.936922,0.092856,-0.222298,0.253808,-0.903209,0.060328,-0.18783,0.381203,0.820213,-0.253128,0.380276,-0.344622
-0.936972,0.09269,-0.221784,0.254134,-0.903203,0.059926,-0.187316,0.381534,0.820012,-0.253287,0.380716,-0.344497
-0.936975,0.092332,-0.221299,0.254667,-0.903175,0.059633,-0.18686,0.38187,0.81986,-0.253411,0.381029,-0.344423
-0.936978,0.092042,-0.220841,0.255157,-0.903134,0.05959,-0.186595,0.382102,0.819705,-0.253599,0.381261,-0.344395
-0.936899,0.092152,-0.220695,0.255532,-0.903085,0.059884,-0.186493,0.38222,0.819564,-0.253722,0.381485,-0.344393
-0.9368,0.092553,-0.220871,0.255606,-0.902991,0.060442,-0.186635,0.382288,0.819454,-0.253943,0.381607,-0.344357
-0.936674,0.09326,-0.221265,0.255476,-0.902908,0.061206,-0.186926,0.382221,0.819315,-0.254174,0.381742,-0.344367
-0.93652,0.094234,-0.22186,0.255183,-0.902862,0.062115,-0.187208,0.382048,0.81917,-0.254403,0.381906,-0.344359
-0.93639,0.095217,-0.222424,0.254817,-0.902848,0.062932,-0.187417,0.381846,0.819021,-0.254569,0.382088,-0.34439
-0.93633,0.095914,-0.222825,0.254433,-0.902932,0.063429,-0.187363,0.381591,0.81891,-0.254694,0.382281,-0.344345
-0.936375,0.096207,-0.222887,0.254108,-0.903076,0.063395,-0.186948,0.381463,0.81891,-0.254701,0.382305,-0.344316
-0.936509,0.095992,-0.222632,0.25392,-0.90327,0.062906,-0.186372,0.381363,0.818974,-0.254637,0.38221,-0.344317
-0.936723,0.09531,-0.222098,0.253845,-0.903493,0.061982,-0.185678,0.381325,0.819171,-0.254462,0.381883,-0.344339
-0.936984,0.094285,-0.221352,0.253904,-0.903726,0.060836,-0.185037,0.381267,0.819479,-0.254258,0.381305,-0.344398
-0.937229,0.093186,-0.220589,0.254057,-0.903911,0.059689,-0.184558,0.381239,0.819883,-0.25404,0.380505,-0.344483
-0.937449,0.092119,-0.219998,0.254133,-0.903999,0.05879,-0.184381,0.381255,0.820321,-0.253759,0.37959,-0.344661
-0.937596,0.091343,-0.219673,0.254143,-0.904008,0.058187,-0.184552,0.381239,0.820778,-0.253529,0.378607,-0.344822
-0.937668,0.090926,-0.219623,0.254067,-0.903957,0.058039,-0.185105,0.381117,0.821135,-0.253394,0.377731,-0.345033
-0.937693,0.090812,-0.219796,0.253864,-0.903876,0.058325,-0.185921,0.380867,0.821349,-0.253361,0.377171,-0.345158
-0.937655,0.091096,-0.220149,0.253594,-0.903761,0.058941,-0.186878,0.38058,0.821387,-0.25347,0.376946,-0.345235
-0.937598,0.091703,-0.220626,0.253182,-0.903627,0.059803,-0.187944,0.380238,0.821318,-0.253615,0.377019,-0.34521
-0.9375,0.092381,-0.221125,0.252872,-0.903529,0.060647,-0.188834,0.379897,0.821103,-0.253863,0.37745,-0.345072
-0.937408,0.092947,-0.221617,0.252581,-0.903459,0.061414,-0.189318,0.379703,0.820811,-0.254102,0.37808,-0.3449
-0.93731,0.093467,-0.221956,0.252463,-0.903439,0.061946,-0.189438,0.379605,0.820463,-0.254361,0.378851,-0.344693
-0.937207,0.093901,-0.222206,0.252472,-0.903451,0.062158,-0.189109,0.379707,0.820069,-0.254663,0.379662,-0.344513
-0.937124,0.094156,-0.222319,0.252587,-0.903483,0.062135,-0.188494,0.37994,0.819698,-0.254876,0.380535,-0.344276
-0.937064,0.09427,-0.22227,0.252814,-0.903534,0.061933,-0.187766,0.380213,0.819357,-0.255095,0.381285,-0.344095
-0.937039,0.094181,-0.222122,0.253061,-0.90359,0.061719,-0.187082,0.380449,0.819119,-0.255213,0.381844,-0.343955
-0.937031,0.094115,-0.221944,0.253272,-0.903664,0.061458,-0.186399,0.380651,0.818954,-0.255321,0.382147,-0.343933
-0.937046,0.094057,-0.221782,0.253382,-0.903717,0.061235,-0.185865,0.380822,0.818933,-0.255344,0.382218,-0.343886
-0.937089,0.093964,-0.221581,0.253431,-0.903736,0.061053,-0.185533,0.380966,0.819054,-0.255201,0.382045,-0.343896
-0.937145,0.093754,-0.221435,0.253429,-0.903835,0.060914,-0.185344,0.380848,0.819295,-0.254949,0.381637,-0.343962
-0.937219,0.09351,-0.221211,0.253437,-0.903962,0.060782,-0.185294,0.380593,0.819603,-0.254658,0.381052,-0.344093
-0.937308,0.093298,-0.221085,0.253294,-0.904043,0.060718,-0.185416,0.380347,0.82,-0.254347,0.380299,-0.344211
-0.93741,0.093106,-0.221035,0.253025,-0.904114,0.060583,-0.185611,0.380107,0.820451,-0.253966,0.379433,-0.344375
-0.937502,0.092814,-0.221019,0.252805,-0.904164,0.060306,-0.185864,0.379908,0.820878,-0.253604,0.378601,-0.34454
-0.937586,0.092418,-0.221017,0.252636,-0.904205,0.059925,-0.186095,0.379755,0.821243,-0.253257,0.377916,-0.344676
-0.937677,0.091984,-0.220966,0.252495,-0.904228,0.059506,-0.186409,0.379613,0.8215,-0.253034,0.377434,-0.344757
-0.937771,0.091523,-0.220939,0.252331,-0.904239,0.059159,-0.186813,0.379439,0.82161,-0.252879,0.377225,-0.344836
-0.937854,0.091199,-0.220882,0.252188,-0.904202,0.058946,-0.187343,0.379299,0.821574,-0.252876,0.377315,-0.344825
-0.937889,0.091038,-0.220887,0.252106,-0.904134,0.058993,-0.187962,0.379151,0.821436,-0.252962,0.377631,-0.344743
-0.937887,0.091035,-0.220925,0.252081,-0.904062,0.059304,-0.188477,0.379016,0.821225,-0.253113,0.37809,-0.344634
-0.937833,0.091288,-0.221116,0.252027,-0.903995,0.059772,-0.188813,0.378937,0.820948,-0.253322,0.378671,-0.344501
-0.937758,0.091717,-0.221376,0.251927,-0.903913,0.060125,-0.188935,0.379015,0.820666,-0.253567,0.379296,-0.344307
-0.937676,0.0921,-0.221593,0.251904,-0.90388,0.06027,-0.18877,0.379153,0.820371,-0.253859,0.379891,-0.344137
-0.937605,0.092288,-0.221753,0.251965,-0.903903,0.060181,-0.188351,0.379321,0.820082,-0.25413,0.38047,-0.343987
-0.937542,0.092458,-0.221791,0.252102,-0.904015,0.059929,-0.187763,0.379386,0.819813,-0.254417,0.380996,-0.343834
-0.937495,0.092526,-0.221797,0.252249,-0.904121,0.059684,-0.187159,0.379472,0.819567,-0.254689,0.381503,-0.343661
-0.937461,0.09261,-0.221777,0.252365,-0.904254,0.059557,-0.186567,0.379464,0.819423,-0.254837,0.381819,-0.343541
-0.937458,0.09272,-0.221684,0.252417,-0.904401,0.059655,-0.186052,0.379355,0.819366,-0.254947,0.38195,-0.343452
-0.937466,0.09285,-0.22161,0.252407,-0.904532,0.059938,-0.185582,0.379228,0.81947,-0.254842,0.381863,-0.343379
-0.937474,0.093056,-0.221592,0.252321,-0.904686,0.060207,-0.185191,0.379008,0.819679,-0.254626,0.381538,-0.343403
-0.937494,0.093317,-0.221665,0.25209,-0.904836,0.060482,-0.184841,0.378778,0.819998,-0.25434,0.380972,-0.343482
-0.937548,0.093444,-0.22162,0.251884,-0.904995,0.060659,-0.184573,0.378501,0.820393,-0.254018,0.380204,-0.343628
-0.93766,0.093381,-0.221536,0.251564,-0.905122,0.060546,-0.184442,0.378283,0.820813,-0.253679,0.379318,-0.343852
-0.937829,0.093032,-0.221327,0.251247,-0.905194,0.060165,-0.184579,0.378102,0.821271,-0.253382,0.378333,-0.344064
-0.938052,0.092311,-0.220977,0.25098,-0.905179,0.05963,-0.185002,0.378014,0.821621,-0.253118,0.377523,-0.344312
-0.938268,0.091386,-0.220553,0.250869,-0.905132,0.058866,-0.185599,0.377953,0.821898,-0.252979,0.376836,-0.344505
-0.938443,0.090432,-0.22018,0.250875,-0.905033,0.057963,-0.18626,0.378,0.822044,-0.252878,0.376474,-0.344626
-0.938584,0.089501,-0.219865,0.250945,-0.904935,0.057117,-0.1869,0.378044,0.822063,-0.252928,0.376379,-0.344651
-0.938639,0.088826,-0.219725,0.251089,-0.904833,0.056496,-0.187474,0.378098,0.821926,-0.253076,0.376599,-0.344626
-0.938601,0.088554,-0.219855,0.251214,-0.904709,0.056378,-0.187953,0.378174,0.821675,-0.253249,0.377104,-0.344544
-0.938469,0.088677,-0.220229,0.251334,-0.904624,0.056745,-0.188239,0.37818,0.82132,-0.253486,0.377853,-0.344396
-0.938236,0.089314,-0.22088,0.251413,-0.904546,0.057471,-0.188404,0.378174,0.82087,-0.253865,0.378708,-0.344248
-0.937978,0.090342,-0.221621,0.251369,-0.904496,0.05864,-0.188369,0.378135,0.820403,-0.254248,0.379591,-0.344106
-0.937697,0.091653,-0.22248,0.2512,-0.904464,0.059841,-0.188185,0.378122,0.819935,-0.254621,0.38043,-0.344021
-0.937468,0.092914,-0.223191,0.250975,-0.904455,0.060986,-0.187939,0.378085,0.819503,-0.254986,0.381188,-0.34394
-0.937281,0.094036,-0.223754,0.250773,-0.904491,0.061831,-0.187724,0.37797,0.819137,-0.255322,0.381785,-0.3439
-0.93722,0.094703,-0.223926,0.250607,-0.904552,0.062215,-0.187404,0.37792,0.818874,-0.255612,0.382126,-0.34393
-0.937273,0.094904,-0.223737,0.250501,-0.904624,0.062041,-0.187036,0.377959,0.818682,-0.255827,0.382286,-0.344048
-0.937433,0.09456,-0.223186,0.250521,-0.90475,0.061338,-0.186555,0.378006,0.81866,-0.255935,0.38218,-0.344133
-0.937682,0.093702,-0.222237,0.250752,-0.904862,0.060362,-0.186055,0.378143,0.818813,-0.255871,0.381787,-0.344256
-0.937945,0.092604,-0.221234,0.251047,-0.904975,0.059303,-0.18549,0.378314,0.819072,-0.255687,0.381213,-0.34441
-0.938183,0.091501,-0.220285,0.251386,-0.905103,0.058373,-0.184995,0.378392,0.819426,-0.255395,0.380434,-0.344648
-0.938366,0.090649,-0.21952,0.251667,-0.905205,0.057719,-0.184541,0.378471,0.819893,-0.255074,0.379493,-0.344813
-0.938459,0.090228,-0.219073,0.251857,-0.905249,0.057479,-0.184307,0.378516,0.820387,-0.254725,0.378515,-0.344971
-0.938463,0.090174,-0.218985,0.251939,-0.905264,0.057694,-0.184226,0.378485,0.82087,-0.254361,0.377545,-0.345152
-0.9384,0.090466,-0.219144,0.251935,-0.905223,0.058198,-0.184328,0.378458,0.821299,-0.254089,0.376669,-0.345293
-0.938259,0.091081,-0.219597,0.251849,-0.90512,0.058987,-0.184609,0.378446,0.821565,-0.253843,0.376095,-0.345464
-0.938037,0.091922,-0.22026,0.251802,-0.905038,0.059755,-0.184834,0.378412,0.821642,-0.25372,0.375864,-0.345621
-0.93781,0.092831,-0.220987,0.251686,-0.90494,0.060471,-0.185029,0.378441,0.821539,-0.25376,0.375971,-0.345717
-0.937623,0.093609,-0.221545,0.251616,-0.904836,0.061044,-0.18518,0.378524,0.821226,-0.253952,0.37648,-0.345767
-0.937508,0.094066,-0.221873,0.25159,-0.904733,0.061204,-0.185325,0.378674,0.820729,-0.254254,0.37735,-0.345774
-0.937422,0.094228,-0.221939,0.251793,-0.904658,0.060953,-0.18532,0.378896,0.82016,-0.254601,0.378454,-0.345661
-0.937385,0.094004,-0.221813,0.252123,-0.904607,0.060532,-0.185152,0.379164,0.819576,-0.254919,0.379611,-0.34554
-0.937384,0.093571,-0.221504,0.252548,-0.904601,0.059933,-0.184778,0.379458,0.819036,-0.25528,0.38073,-0.345323
-0.937377,0.093135,-0.221171,0.253021,-0.904558,0.059462,-0.184342,0.379844,0.81857,-0.255561,0.381689,-0.34516
-0.93737,0.092783,-0.220873,0.253432,-0.904556,0.059164,-0.183905,0.380106,0.81827,-0.255809,0.382261,-0.345054
-0.937334,0.092675,-0.220672,0.25378,-0.90458,0.059191,-0.183669,0.380159,0.818098,-0.255942,0.382572,-0.345018
-0.937290088575905,0.0928169636276238,-0.220728186963979,0.253789303797468,-0.904597958715596,0.059478355568798,-0.183665112127548,0.380096561749571,0.818071046272493,-0.255989831486776,0.382570679704342,-0.345028717473525
-0.937244,0.09312,-0.220855,0.253792,-0.904607,0.059993,-0.183664,0.379971,0.818062,-0.256009,0.382566,-0.345061
-0.937201,0.093622,-0.221105,0.253558,-0.904601,0.060618,-0.183857,0.379797,0.818348,-0.256003,0.381758,-0.345282
-0.937172057692308,0.0941528436730523,-0.221374623793606,0.25327676927991,-0.904613782608696,0.0611707323740709,-0.184080617071228,0.379576387856411,0.818501368368368,-0.25596042278494,0.381397033175755,-0.345355566717896
-0.937158,0.094555,-0.221571,0.252976,-0.904643,0.061623,-0.184281,0.379332,0.818668,-0.255868,0.381031,-0.345425
-0.937208,0.094717,-0.221636,0.252677,-0.904703,0.06192,-0.184408,0.379079,0.81906,-0.255648,0.380178,-0.345599
-0.937281,0.09472,-0.221577,0.252459,-0.904745,0.061977,-0.18451,0.37892,0.819421,-0.255397,0.379372,-0.345814
-0.937434,0.094446,-0.221221,0.252306,-0.904792,0.061753,-0.184552,0.378825,0.819776,-0.255162,0.37864,-0.34595
-0.937623,0.093929,-0.220714,0.252232,-0.904852,0.061228,-0.184545,0.378767,0.820141,-0.254925,0.377954,-0.346013
-0.937791,0.093199,-0.220236,0.252285,-0.904898,0.060522,-0.184493,0.378795,0.820471,-0.254772,0.377342,-0.346011
-0.937955288918798,0.0924700801532132,-0.219792884409235,0.25232168162449,-0.904926559035816,0.0601650179031882,-0.184443105573016,0.378808482876712,0.820615627129657,-0.254703114261242,0.377078174011967,-0.346007413043478
-0.938083,0.091823,-0.219463,0.25236,-0.904961,0.059756,-0.184363,0.378827,0.820725,-0.254641,0.376885,-0.346005
-0.938146,0.091353,-0.219313,0.252422,-0.905055,0.058545,-0.184031,0.378953,0.820844,-0.254537,0.376689,-0.346013
-0.938124,0.091192,-0.21939,0.25249,-0.905072,0.058438,-0.184038,0.378922,0.820775,-0.254636,0.376804,-0.345976
-0.938044,0.091401,-0.219668,0.252472,-0.905045,0.058669,-0.184235,0.378857,0.820576,-0.254813,0.377158,-0.345935
-0.937888,0.091989,-0.220184,0.252399,-0.905011,0.05925,-0.184521,0.378709,0.820317,-0.255056,0.377612,-0.345873
-0.937694,0.092838,-0.220854,0.252233,-0.904961,0.060139,-0.184812,0.378549,0.820047,-0.255305,0.37812,-0.345775
-0.937542,0.093749,-0.221401,0.251993,-0.904932,0.061059,-0.184942,0.378411,0.819727,-0.255605,0.37876,-0.345609
-0.937439,0.094621,-0.221772,0.251736,-0.90495,0.061859,-0.18489,0.378263,0.81942,-0.255896,0.379397,-0.345426
-0.937392,0.095243,-0.221929,0.251547,-0.905008,0.062391,-0.184672,0.378148,0.819167,-0.256133,0.379956,-0.345239
-0.937414,0.09547,-0.221843,0.251459,-0.905123,0.06247,-0.184275,0.378051,0.818978,-0.256311,0.380375,-0.345091
-0.937502,0.095326,-0.221492,0.251495,-0.905246,0.062128,-0.183721,0.378081,0.818882,-0.256327,0.380673,-0.344982
-0.937669,0.094816,-0.22086,0.251616,-0.905346,0.061412,-0.18313,0.378245,0.818894,-0.256311,0.380778,-0.344849
-0.93784,0.094039,-0.220138,0.251891,-0.905484,0.060493,-0.18254,0.378347,0.819023,-0.256162,0.380608,-0.344842
-0.938018,0.093085,-0.219377,0.252235,-0.905571,0.059564,-0.18209,0.378501,0.81929,-0.255974,0.380126,-0.344878
-0.938166,0.092187,-0.218784,0.252518,-0.905626,0.058832,-0.181878,0.378583,0.819679,-0.255735,0.379367,-0.344969
-0.93825,0.091574,-0.218467,0.252697,-0.90563,0.058424,-0.181861,0.378646,0.820139,-0.25548,0.378402,-0.345125
-0.938246,0.091334,-0.218467,0.252793,-0.9056,0.058353,-0.181924,0.378697,0.820595,-0.255188,0.377431,-0.345318
-0.9382,0.091383,-0.218622,0.252814,-0.905583,0.058475,-0.182003,0.37868,0.820974,-0.254901,0.376603,-0.345533
-0.938133,0.091723,-0.218945,0.25266,-0.90556,0.058741,-0.182068,0.378663,0.821248,-0.254707,0.376041,-0.34564
-0.938064,0.092209,-0.219324,0.252419,-0.905569,0.058958,-0.182176,0.378558,0.821369,-0.25454,0.37581,-0.345726
-0.938029,0.092683,-0.219586,0.252155,-0.905539,0.059128,-0.182263,0.378561,0.821333,-0.254476,0.375913,-0.345748
-0.938025,0.09289,-0.219743,0.251961,-0.905497,0.059021,-0.18235,0.378636,0.821193,-0.254503,0.376276,-0.345663
-0.938053,0.092794,-0.219721,0.251908,-0.905434,0.058652,-0.182412,0.378815,0.820937,-0.254585,0.376885,-0.345547
-0.938084,0.092418,-0.219535,0.252087,-0.90535,0.058217,-0.182411,0.379079,0.820665,-0.254692,0.377545,-0.345397
-0.938062,0.092007,-0.219401,0.252433,-0.905273,0.057881,-0.182373,0.379333,0.820334,-0.254945,0.378202,-0.345274
-0.938002,0.091738,-0.21933,0.252804,-0.905177,0.0578,-0.182496,0.379516,0.820047,-0.255219,0.378761,-0.345142
-0.937895,0.091746,-0.219432,0.253109,-0.905048,0.058229,-0.182871,0.379578,0.819789,-0.255492,0.379264,-0.345002
-0.937748,0.092119,-0.21973,0.253266,-0.904929,0.059042,-0.183384,0.379491,0.819546,-0.255745,0.37965,-0.344963
-0.937576,0.09285,-0.220186,0.253249,-0.904851,0.060274,-0.18385,0.379259,0.819361,-0.255975,0.379952,-0.344902
-0.937427,0.093879,-0.220732,0.252959,-0.904842,0.061554,-0.18418,0.378919,0.819194,-0.256169,0.38023,-0.344849
-0.937326,0.094944,-0.221229,0.252518,-0.904921,0.062553,-0.184149,0.378583,0.819097,-0.256289,0.380379,-0.344824
-0.937284,0.095825,-0.221579,0.252046,-0.905062,0.063182,-0.183781,0.37832,0.819042,-0.256338,0.380453,-0.344838
-0.937345,0.09635,-0.221579,0.251624,-0.905249,0.063263,-0.183126,0.37818,0.819096,-0.256325,0.380406,-0.344772
-0.93753,0.096215,-0.221105,0.251407,-0.905485,0.062757,-0.182243,0.378125,0.819208,-0.256208,0.380284,-0.344727
-0.937754,0.095615,-0.2204,0.251412,-0.905762,0.061697,-0.18133,0.378074,0.81942,-0.256036,0.379972,-0.344696
-0.938044,0.094529,-0.219456,0.251557,-0.905983,0.060354,-0.180517,0.378148,0.819778,-0.255773,0.379402,-0.344671
-0.938329,0.093146,-0.21855,0.251778,-0.906152,0.058949,-0.179982,0.378215,0.820213,-0.2555,0.378619,-0.344702
-0.938592,0.091763,-0.21776,0.251974,-0.906256,0.057767,-0.179824,0.378222,0.820706,-0.25521,0.377654,-0.344801
-0.938747,0.090767,-0.2174,0.252053,-0.9063,0.056931,-0.180129,0.378095,0.821183,-0.254975,0.376637,-0.344952
-0.938837,0.090214,-0.217378,0.25193,-0.906276,0.056564,-0.180706,0.37793,0.821623,-0.254782,0.375723,-0.345046
-0.938809,0.090166,-0.21781,0.251675,-0.906207,0.056846,-0.181504,0.377674,0.821939,-0.254609,0.37506,-0.345142
-0.938717,0.090633,-0.218506,0.251251,-0.906131,0.05759,-0.182488,0.37727,0.822061,-0.254538,0.37482,-0.345166
-0.938566,0.091365,-0.219404,0.250776,-0.906022,0.058726,-0.183499,0.376868,0.822048,-0.254543,0.374929,-0.345073
-0.938373,0.092321,-0.220435,0.250254,-0.905911,0.060006,-0.18444,0.376475,0.821851,-0.25465,0.37536,-0.344997
-0.938168,0.093335,-0.221409,0.249798,-0.905784,0.061268,-0.185157,0.376228,0.821554,-0.25481,0.376081,-0.344801
-0.938024,0.094143,-0.222161,0.249378,-0.905674,0.061944,-0.185537,0.376196,0.821175,-0.255026,0.376985,-0.344556
-0.937939,0.09457,-0.222632,0.249124,-0.905596,0.061871,-0.185594,0.376369,0.820752,-0.255246,0.377954,-0.344342
-0.937922,0.094435,-0.222675,0.249197,-0.905565,0.061298,-0.185415,0.376623,0.820349,-0.255533,0.378833,-0.344123
-0.937987,0.093762,-0.222328,0.249508,-0.90558,0.060391,-0.185101,0.376888,0.819979,-0.255814,0.379588,-0.343963
-0.93808,0.092927,-0.221761,0.249961,-0.90564,0.059549,-0.18462,0.37711,0.819721,-0.256086,0.380096,-0.343814
-0.938123,0.092253,-0.221291,0.250454,-0.905748,0.05894,-0.1841,0.377198,0.819586,-0.256262,0.380368,-0.343706
-0.93813,0.091958,-0.221016,0.250779,-0.905835,0.058814,-0.183666,0.377221,0.819558,-0.256289,0.380425,-0.343689
-0.9381,0.092011,-0.22096,0.250918,-0.905954,0.059088,-0.183289,0.377078,0.819647,-0.256277,0.380266,-0.343663
-0.93807,0.092417,-0.221083,0.250782,-0.906093,0.059661,-0.18297,0.376811,0.819797,-0.256166,0.379987,-0.343696
-0.938066,0.093015,-0.221246,0.25044,-0.90625,0.060315,-0.182623,0.376498,0.819996,-0.255995,0.379644,-0.34373
-0.938095,0.093599,-0.221451,0.249942,-0.906451,0.060685,-0.182253,0.376135,0.820258,-0.255742,0.379204,-0.343778
-0.938183,0.093894,-0.22151,0.249454,-0.906581,0.060733,-0.18202,0.37593,0.820566,-0.255429,0.37868,-0.343855
-0.938318,0.093684,-0.221289,0.24922,-0.906631,0.060326,-0.182012,0.375877,0.82093,-0.255045,0.378038,-0.343977
-0.938488,0.092958,-0.220859,0.249225,-0.906628,0.059628,-0.182141,0.375931,0.821314,-0.254694,0.377368,-0.344056
-0.938643,0.091844,-0.220322,0.249513,-0.906541,0.058775,-0.182416,0.376139,0.821673,-0.25441,0.376695,-0.344148
-0.938739,0.090772,-0.219982,0.24983,-0.906384,0.058022,-0.182912,0.376393,0.821962,-0.254189,0.376058,-0.344316
-0.938774,0.089898,-0.219816,0.250143,-0.906161,0.057438,-0.183583,0.376688,0.822184,-0.254005,0.375508,-0.344521
-0.938762,0.089378,-0.219881,0.250312,-0.905914,0.057213,-0.184416,0.376909,0.822292,-0.253962,0.375133,-0.344702
-0.938677,0.089389,-0.220129,0.250404,-0.905665,0.057369,-0.185267,0.377066,0.8222,-0.254095,0.37508,-0.344881
-0.938526,0.089814,-0.220578,0.250426,-0.905483,0.057927,-0.186031,0.37704,0.821971,-0.254292,0.375343,-0.344993
-0.938352,0.090574,-0.22107,0.250383,-0.905355,0.058828,-0.186479,0.376991,0.821614,-0.254557,0.375904,-0.345034
-0.938178,0.091527,-0.221575,0.250251,-0.905313,0.059837,-0.186461,0.376943,0.821155,-0.254868,0.376735,-0.344991
-0.93798,0.092564,-0.22199,0.250258,-0.905366,0.060746,-0.18611,0.376845,0.820616,-0.255225,0.377767,-0.34488
-0.937818,0.093644,-0.222297,0.250209,-0.905467,0.061491,-0.185362,0.376854,0.820084,-0.255496,0.378824,-0.344782
-0.937719,0.094538,-0.222392,0.250173,-0.905592,0.06191,-0.184478,0.376921,0.819621,-0.255764,0.379718,-0.344699
-0.93769,0.095059,-0.222247,0.250224,-0.905707,0.061918,-0.183573,0.377085,0.819202,-0.256022,0.380479,-0.344666
-0.937739,0.095101,-0.221842,0.250382,-0.905797,0.061663,-0.182721,0.377326,0.818954,-0.256178,0.380961,-0.344605
-0.937828,0.094725,-0.221278,0.250687,-0.905874,0.061127,-0.181971,0.377586,0.818874,-0.256287,0.381071,-0.344591
-0.937961,0.094171,-0.22064,0.250952,-0.905902,0.060556,-0.181576,0.377802,0.819,-0.256262,0.380734,-0.344685
-0.938103,0.093576,-0.220003,0.2512,-0.905878,0.060054,-0.181478,0.377984,0.819301,-0.25612,0.380073,-0.344804
-0.938223,0.092989,-0.219526,0.251379,-0.905856,0.059761,-0.181527,0.378059,0.81975,-0.25586,0.379195,-0.344898
-0.938282,0.092606,-0.21924,0.251545,-0.905809,0.059671,-0.181737,0.378085,0.820242,-0.255622,0.378184,-0.345017
-0.938292,0.092472,-0.219256,0.251541,-0.905747,0.059872,-0.182029,0.37806,0.820729,-0.255369,0.377226,-0.345095
-0.938257,0.092565,-0.219503,0.251423,-0.905734,0.060181,-0.182359,0.377885,0.821173,-0.255144,0.376347,-0.345168
-0.938207,0.092809,-0.219889,0.251182,-0.905726,0.060494,-0.182699,0.377692,0.821527,-0.254973,0.375614,-0.34525
-0.93816,0.093092,-0.220333,0.250871,-0.905728,0.060756,-0.183097,0.377453,0.821734,-0.254823,0.375198,-0.345321
-0.938118,0.09338,-0.220711,0.25059,-0.905709,0.060845,-0.183481,0.377297,0.82181,-0.254755,0.37504,-0.345362
-0.93808,0.093546,-0.221032,0.250389,-0.905676,0.060854,-0.183807,0.377214,0.821704,-0.254872,0.375216,-0.345337
-0.93806,0.093552,-0.221249,0.250266,-0.905646,0.060642,-0.184005,0.377225,0.821451,-0.255106,0.375681,-0.34526
-0.938023,0.093491,-0.221311,0.250373,-0.905613,0.060478,-0.183984,0.377339,0.821092,-0.255374,0.376348,-0.345186
-0.937976,0.093481,-0.221275,0.250582,-0.905626,0.060377,-0.183796,0.377417,0.82066,-0.25568,0.377187,-0.345071
-0.937901,0.093577,-0.221301,0.250811,-0.905674,0.060469,-0.183433,0.377463,0.820222,-0.256026,0.378083,-0.344876
-0.93782,0.09388,-0.22129,0.251011,-0.905729,0.060748,-0.182962,0.377518,0.819814,-0.25633,0.378971,-0.344646
-0.937738,0.09436,-0.221315,0.251121,-0.905828,0.06119,-0.182345,0.377508,0.819488,-0.25655,0.379685,-0.344472
-0.937644,0.094966,-0.221437,0.251145,-0.905978,0.061662,-0.181572,0.377444,0.819251,-0.25672,0.380241,-0.344295
-0.937557,0.09559,-0.221586,0.251111,-0.906137,0.062033,-0.180799,0.377375,0.81913,-0.25674,0.380608,-0.344164
-0.937506,0.096009,-0.221758,0.250993,-0.906314,0.062285,-0.180121,0.377235,0.819117,-0.256739,0.380736,-0.344057
-0.937525,0.096215,-0.221808,0.250808,-0.906436,0.062357,-0.179643,0.377158,0.819176,-0.256645,0.380673,-0.344053
-0.93761,0.096091,-0.221757,0.250577,-0.90649,0.062241,-0.179456,0.377138,0.819369,-0.256522,0.380325,-0.344071
-0.937757,0.095616,-0.221423,0.250502,-0.906482,0.061794,-0.179753,0.377085,0.819704,-0.256332,0.379645,-0.344168
-0.937943,0.094778,-0.221035,0.250455,-0.906421,0.061182,-0.180382,0.377029,0.820095,-0.25607,0.378843,-0.344315
-0.938156,0.093799,-0.220614,0.250385,-0.906328,0.060427,-0.181188,0.376986,0.820554,-0.25579,0.377912,-0.344454
-0.938353,0.092745,-0.220246,0.250346,-0.90625,0.059664,-0.181946,0.376929,0.82103,-0.255515,0.376958,-0.34457
-0.938482,0.091887,-0.220065,0.250326,-0.906185,0.058988,-0.182576,0.376884,0.821428,-0.255236,0.37613,-0.344733
-0.938547,0.091363,-0.22002,0.250306,-0.906136,0.05864,-0.183104,0.376799,0.821702,-0.255019,0.375522,-0.344903
-0.938556,0.091171,-0.220215,0.250169,-0.906116,0.05861,-0.183506,0.376655,0.82185,-0.254791,0.375174,-0.345097
-0.938512,0.091311,-0.220543,0.249994,-0.906132,0.058831,-0.183723,0.376476,0.821844,-0.254679,0.375161,-0.345209
-0.938434,0.091822,-0.220947,0.249749,-0.906159,0.059208,-0.183741,0.376344,0.821709,-0.254627,0.375484,-0.345212
-0.938317,0.092469,-0.221368,0.24959,-0.906206,0.059564,-0.183516,0.376288,0.821459,-0.254668,0.376016,-0.345197
-0.938213,0.093102,-0.221686,0.249469,-0.90627,0.059886,-0.18304,0.376314,0.821155,-0.254723,0.376681,-0.345154
-0.93812,0.093557,-0.22183,0.249526,-0.906307,0.059951,-0.182398,0.376529,0.820864,-0.254796,0.37739,-0.34502
-0.938039,0.093788,-0.221795,0.249777,-0.906322,0.059818,-0.181726,0.376837,0.820582,-0.254905,0.378039,-0.344897
-0.937983,0.093792,-0.221576,0.250182,-0.906285,0.05967,-0.181235,0.377188,0.820362,-0.255037,0.378606,-0.344702
-0.937937,0.093638,-0.221296,0.250652,-0.906259,0.059568,-0.180962,0.377393,0.820166,-0.255258,0.379043,-0.344525
-0.937876,0.093547,-0.221118,0.251072,-0.906213,0.059633,-0.180924,0.377516,0.819985,-0.255483,0.379399,-0.344397
-0.937818,0.093657,-0.221069,0.251296,-0.906165,0.05996,-0.181122,0.377484,0.819882,-0.255726,0.379604,-0.344239
-0.937781,0.09399,-0.22113,0.251258,-0.906116,0.060391,-0.181374,0.377411,0.819808,-0.255929,0.379697,-0.344164
-0.937787,0.094333,-0.221266,0.250995,-0.906108,0.060729,-0.181657,0.377241,0.819803,-0.256023,0.379639,-0.344167
-0.937848,0.094522,-0.221302,0.250667,-0.906138,0.060779,-0.181909,0.377042,0.819905,-0.255968,0.379374,-0.344257
-0.937952,0.094332,-0.221203,0.25043,-0.906192,0.060439,-0.182027,0.376908,0.820133,-0.255875,0.378886,-0.344323
-0.938112,0.093815,-0.220868,0.250317,-0.906243,0.059785,-0.181963,0.376919,0.820404,-0.255677,0.378341,-0.344423
-0.938276,0.093058,-0.220431,0.250362,-0.906308,0.058933,-0.181805,0.37697,0.820712,-0.255469,0.377704,-0.344543
-0.938402,0.092234,-0.219991,0.250572,-0.906377,0.058141,-0.181609,0.377018,0.821025,-0.25523,0.377088,-0.34465
-0.938479,0.091552,-0.219635,0.250834,-0.906428,0.057543,-0.181523,0.377029,0.821294,-0.255007,0.376504,-0.344813
-0.938489,0.091246,-0.219478,0.251038,-0.906404,0.057408,-0.181645,0.377048,0.821507,-0.254842,0.376013,-0.34496
-0.938431,0.091374,-0.219593,0.251107,-0.906369,0.05775,-0.181786,0.377014,0.821626,-0.254716,0.375657,-0.345158
-0.938296,0.092032,-0.219957,0.251068,-0.906328,0.058597,-0.181939,0.376908,0.821652,-0.254656,0.375512,-0.345297
-0.93813,0.093101,-0.220499,0.250829,-0.906286,0.059708,-0.18204,0.376788,0.821548,-0.254735,0.375571,-0.34542
-0.937927,0.094403,-0.221128,0.250567,-0.906237,0.060878,-0.182139,0.376675,0.821366,-0.254883,0.375886,-0.3454
-0.937744,0.095631,-0.221655,0.250338,-0.906194,0.061831,-0.182079,0.376655,0.821118,-0.255073,0.376401,-0.345292
-0.937651,0.096325,-0.221841,0.250264,-0.906185,0.062197,-0.1818,0.376751,0.820814,-0.255323,0.377023,-0.345149
-0.937589,0.096564,-0.221867,0.250386,-0.906238,0.061952,-0.181227,0.376942,0.820482,-0.255624,0.377686,-0.34499
-0.937609,0.096338,-0.22154,0.250685,-0.90628,0.061271,-0.180664,0.377218,0.820133,-0.256028,0.378373,-0.344769
-0.937666,0.095756,-0.221092,0.251079,-0.906301,0.060503,-0.180266,0.377483,0.819799,-0.256381,0.379055,-0.344553
-0.937742,0.095138,-0.220625,0.251436,-0.906297,0.05986,-0.180046,0.377696,0.819541,-0.256704,0.379542,-0.344389
-0.93779,0.094704,-0.220252,0.251741,-0.90627,0.059554,-0.180111,0.37778,0.819335,-0.256993,0.379889,-0.344284
-0.937807,0.094497,-0.220123,0.251867,-0.906281,0.059616,-0.180259,0.37767,0.819211,-0.257211,0.380036,-0.344253
-0.9378,0.094689,-0.220155,0.251795,-0.906346,0.060078,-0.180438,0.377359,0.819188,-0.257348,0.37999,-0.344256
-0.937766,0.095179,-0.220342,0.251581,-0.906439,0.060765,-0.180439,0.377029,0.819281,-0.25735,0.37971,-0.344343
-0.937729,0.095868,-0.220595,0.251244,-0.906598,0.061683,-0.180267,0.376579,0.819503,-0.257222,0.379272,-0.344393
-0.937695,0.096581,-0.220861,0.250876,-0.906778,0.062365,-0.179939,0.376193,0.819791,-0.256939,0.378746,-0.344497
-0.937746,0.097014,-0.220899,0.250491,-0.906955,0.06266,-0.179499,0.375931,0.820171,-0.256549,0.378114,-0.34458
-0.937873,0.096994,-0.220693,0.250206,-0.907095,0.062379,-0.179088,0.375835,0.820577,-0.256152,0.377403,-0.34469
-0.938083,0.096393,-0.220217,0.250065,-0.907162,0.061455,-0.178881,0.375923,0.820983,-0.255757,0.376672,-0.344814
-0.938384,0.095201,-0.219528,0.249984,-0.907129,0.060164,-0.179039,0.376129,0.82136,-0.255395,0.375965,-0.344958
-0.938707,0.093601,-0.218757,0.250032,-0.907042,0.058567,-0.179609,0.376317,0.821681,-0.25511,0.375304,-0.345122
-0.938987,0.091902,-0.218032,0.250214,-0.906865,0.057025,-0.180583,0.376508,0.821915,-0.254911,0.374817,-0.345241
-0.9392,0.090386,-0.217572,0.250349,-0.906639,0.055884,-0.181887,0.376593,0.822044,-0.254913,0.37445,-0.345332
-0.939291,0.089428,-0.217467,0.250429,-0.906394,0.055375,-0.183304,0.376566,0.822056,-0.255023,0.374271,-0.345415
-0.939251,0.089143,-0.217724,0.250452,-0.906149,0.055592,-0.184596,0.376496,0.821979,-0.255233,0.374304,-0.345405
-0.939081,0.089485,-0.21829,0.250476,-0.905933,0.05657,-0.18557,0.376391,0.821783,-0.255508,0.37461,-0.345338
-0.938786,0.090526,-0.219201,0.250424,-0.905791,0.058005,-0.186098,0.376255,0.821469,-0.255845,0.375172,-0.345225
-0.938399,0.092144,-0.220332,0.250308,-0.905781,0.059683,-0.186092,0.376027,0.821065,-0.256196,0.375959,-0.345071
-0.937998,0.094058,-0.221476,0.250119,-0.905879,0.061407,-0.185525,0.375796,0.820613,-0.256523,0.376883,-0.344892
-0.937655,0.095941,-0.22245,0.249848,-0.906062,0.062864,-0.18434,0.375703,0.820176,-0.256799,0.377841,-0.344679
-0.937437,0.097444,-0.22309,0.249538,-0.906341,0.063592,-0.182679,0.375722,0.819755,-0.257038,0.378814,-0.344432
-0.937354,0.098303,-0.22331,0.249329,-0.906633,0.063499,-0.180909,0.375891,0.819402,-0.257276,0.379607,-0.344225
-0.937424,0.09831,-0.22295,0.249388,-0.906906,0.062764,-0.179181,0.376183,0.819186,-0.257419,0.380128,-0.344056
-0.937618,0.097612,-0.222192,0.2496,-0.907058,0.061766,-0.177964,0.376558,0.819153,-0.257413,0.380279,-0.343975
-0.937869,0.096401,-0.22115,0.25004,-0.907106,0.060722,-0.177593,0.376783,0.819281,-0.257338,0.380073,-0.343953
-0.938153,0.094871,-0.220026,0.250527,-0.907088,0.059803,-0.177909,0.376821,0.819592,-0.257135,0.379466,-0.344036
-0.938416,0.093379,-0.219139,0.25086,-0.906992,0.059161,-0.178778,0.376741,0.820052,-0.256881,0.378521,-0.34417
-0.93862,0.092248,-0.218597,0.250973,-0.906848,0.058841,-0.17991,0.376596,0.820615,-0.256601,0.377332,-0.344343
-0.938763,0.091537,-0.218475,0.250792,-0.906695,0.058734,-0.18115,0.376386,0.821199,-0.256341,0.376035,-0.344566
-0.938795,0.091412,-0.218835,0.250404,-0.906541,0.05883,-0.182289,0.376192,0.821714,-0.256106,0.374788,-0.344871
-0.938768,0.091656,-0.219392,0.249931,-0.906424,0.059188,-0.183286,0.375933,0.822069,-0.255939,0.37388,-0.345133
-0.938664,0.092188,-0.220115,0.249497,-0.906371,0.059731,-0.183961,0.375646,0.822257,-0.25588,0.373373,-0.345279
-0.938532,0.092848,-0.220882,0.249079,-0.906345,0.060224,-0.184299,0.375468,0.822167,-0.256,0.373389,-0.345384
-0.938363,0.093567,-0.221549,0.248861,-0.906316,0.060621,-0.184336,0.375455,0.82187,-0.256207,0.373848,-0.345441
-0.938208,0.094187,-0.22202,0.248802,-0.906267,0.060822,-0.184064,0.375675,0.821439,-0.25645,0.374667,-0.345397
-0.938087,0.094589,-0.222208,0.24894,-0.906207,0.060831,-0.183677,0.376008,0.82094,-0.256705,0.37567,-0.345301
-0.937983,0.09476,-0.222154,0.249319,-0.906115,0.060796,-0.183331,0.376401,0.820413,-0.2571,0.376654,-0.345187
-0.937922,0.094707,-0.221849,0.249835,-0.905986,0.060672,-0.183093,0.376847,0.819878,-0.257535,0.37763,-0.345067
-0.937867,0.09459,-0.221444,0.250443,-0.905847,0.060636,-0.18301,0.377228,0.81938,-0.25799,0.378506,-0.344949
-0.937843,0.09451,-0.221043,0.250917,-0.905713,0.060751,-0.183095,0.377488,0.818954,-0.258347,0.379189,-0.344942
-0.937802,0.09458,-0.220751,0.251301,-0.905584,0.061081,-0.183196,0.377698,0.818617,-0.258628,0.379724,-0.344941
-0.93776,0.094898,-0.220603,0.251474,-0.905536,0.061507,-0.183104,0.377789,0.818374,-0.258827,0.380072,-0.344983
-0.937703,0.095409,-0.22059,0.251513,-0.905611,0.062074,-0.18272,0.377703,0.818238,-0.258928,0.380261,-0.34502
-0.937648,0.096013,-0.220645,0.251447,-0.905773,0.062569,-0.182045,0.377563,0.818181,-0.258964,0.380267,-0.34512
-0.93763,0.096537,-0.220711,0.251266,-0.905967,0.06297,-0.181223,0.377428,0.818224,-0.258882,0.38013,-0.345231
-0.937629,0.096977,-0.220767,0.251058,-0.906185,0.063337,-0.18034,0.377267,0.818369,-0.258699,0.379777,-0.345411
-0.937646,0.097249,-0.220708,0.25095,-0.906396,0.06358,-0.17957,0.377089,0.818638,-0.25841,0.379246,-0.345573
-0.9377,0.09732,-0.220623,0.250793,-0.906546,0.06359,-0.179102,0.376949,0.818995,-0.258031,0.378497,-0.345832
-0.937815,0.097015,-0.220362,0.250706,-0.906568,0.063384,-0.179083,0.376939,0.819447,-0.257694,0.377552,-0.346045
-0.937973,0.096316,-0.219993,0.250703,-0.906524,0.062884,-0.179391,0.376979,0.819947,-0.257313,0.376531,-0.346258
-0.938148,0.095381,-0.219549,0.250778,-0.906401,0.062224,-0.180007,0.37709,0.820421,-0.257011,0.375491,-0.346488
-0.938304,0.094316,-0.219171,0.250916,-0.906242,0.061392,-0.180697,0.377275,0.820784,-0.256758,0.374704,-0.346666
-0.938398,0.093298,-0.218919,0.251146,-0.906053,0.060552,-0.181431,0.37751,0.821055,-0.256586,0.374123,-0.346782
-0.938442,0.09253,-0.218807,0.251357,-0.905882,0.059953,-0.182022,0.377731,0.821188,-0.256526,0.373826,-0.346831
-0.93837,0.092183,-0.219001,0.251574,-0.905702,0.059742,-0.182536,0.377945,0.82114,-0.256612,0.373882,-0.346818
-0.938204,0.092289,-0.219418,0.251791,-0.905539,0.060031,-0.183053,0.378041,0.820938,-0.256806,0.374307,-0.346698
-0.937993,0.092832,-0.22012,0.251768,-0.905397,0.060688,-0.183505,0.378057,0.820525,-0.257119,0.375111,-0.346571
-0.937739,0.093775,-0.220944,0.251654,-0.905288,0.061482,-0.183877,0.37801,0.819969,-0.257492,0.376196,-0.346432
-0.937479,0.09492,-0.221736,0.251515,-0.905252,0.062352,-0.183999,0.377898,0.819308,-0.257973,0.377465,-0.346258
-0.937245,0.096053,-0.222438,0.251348,-0.905287,0.063102,-0.183742,0.377818,0.818635,-0.258414,0.378796,-0.346065
-0.937115,0.096966,-0.222807,0.251167,-0.905377,0.06365,-0.183219,0.377763,0.817956,-0.258891,0.38014,-0.34584
-0.937066,0.097626,-0.222802,0.251111,-0.905548,0.064036,-0.182462,0.377655,0.817369,-0.259292,0.381335,-0.345612
-0.93712,0.097914,-0.222408,0.251152,-0.905728,0.064097,-0.181542,0.37766,0.816928,-0.259615,0.382186,-0.34547
-0.937262,0.097838,-0.22173,0.251254,-0.905876,0.063841,-0.18075,0.377728,0.816761,-0.259723,0.38256,-0.34537
-0.937494,0.097257,-0.220811,0.251417,-0.905978,0.06319,-0.180133,0.377888,0.816811,-0.259667,0.382463,-0.345402
-0.937772,0.0963,-0.219704,0.251709,-0.906062,0.06226,-0.179686,0.37805,0.817117,-0.259467,0.381849,-0.345507
-0.938031,0.095171,-0.218706,0.252028,-0.906131,0.061254,-0.179377,0.378194,0.817616,-0.259153,0.380811,-0.345709
-0.938219,0.094158,-0.217987,0.252318,-0.906177,0.060398,-0.179197,0.378305,0.818291,-0.258768,0.379406,-0.345948
-0.938325,0.093422,-0.217691,0.25244,-0.906155,0.059845,-0.179303,0.378391,0.819029,-0.2584,0.377776,-0.346258
-0.938331,0.0931,-0.217819,0.252423,-0.906084,0.059726,-0.179627,0.378428,0.819808,-0.257993,0.376114,-0.34653
-0.938246,0.093269,-0.2183,0.252261,-0.90599,0.060081,-0.180215,0.378318,0.820452,-0.257697,0.374641,-0.346821
-0.938087,0.093822,-0.219024,0.252026,-0.905852,0.060886,-0.180965,0.378163,0.820922,-0.257432,0.373598,-0.347033
-0.937956,0.094427,-0.219726,0.251685,-0.905725,0.061833,-0.1817,0.377962,0.821176,-0.25727,0.373052,-0.347139
-0.937797,0.095192,-0.220435,0.251376,-0.905653,0.062543,-0.182259,0.377749,0.821206,-0.257239,0.372996,-0.347152
-0.937646,0.095841,-0.221048,0.251162,-0.905585,0.063067,-0.18255,0.377686,0.821038,-0.257316,0.373423,-0.347033
-0.937566,0.096191,-0.221318,0.251098,-0.905553,0.0631,-0.182467,0.377797,0.820647,-0.257431,0.374302,-0.346923
-0.937523,0.096226,-0.22133,0.251233,-0.905547,0.062744,-0.18201,0.378091,0.820126,-0.257679,0.375428,-0.346756
-0.937541,0.095986,-0.220976,0.251562,-0.905518,0.062256,-0.181501,0.378485,0.819548,-0.257954,0.376665,-0.346576
-0.937567,0.095608,-0.220548,0.251981,-0.90548,0.061718,-0.181111,0.378846,0.818977,-0.258286,0.377843,-0.346395
-0.937584,0.095287,-0.220093,0.252432,-0.905416,0.061392,-0.180973,0.379118,0.818462,-0.258594,0.378887,-0.34624
-0.937531,0.095225,-0.219851,0.252862,-0.905336,0.061456,-0.180968,0.379304,0.818019,-0.258877,0.379754,-0.346123
-0.937441,0.095446,-0.219812,0.253148,-0.905265,0.06189,-0.18093,0.379419,0.817651,-0.259137,0.380405,-0.346082
-0.937329,0.096033,-0.219999,0.253187,-0.905229,0.062595,-0.180852,0.37943,0.817428,-0.259381,0.380766,-0.346027
-0.937185,0.096866,-0.220347,0.253113,-0.905285,0.063489,-0.180672,0.379237,0.817293,-0.259599,0.380882,-0.346058
-0.937076,0.097791,-0.220671,0.252892,-0.905418,0.064337,-0.180358,0.378925,0.817271,-0.259691,0.38082,-0.346108
-0.937015,0.09865,-0.220935,0.252565,-0.905579,0.065015,-0.179945,0.378625,0.817358,-0.259711,0.380657,-0.346067
-0.937050795691906,0.0992396796750133,-0.220916603773585,0.252196519233084,-0.905825832605791,0.0652277301058124,-0.179232053104392,0.378300116436591,0.81744176843592,-0.259674943375112,0.380502161880174,-0.346074551136364
-0.937137,0.099528,-0.22086,0.251849,-0.906107,0.06531,-0.178341,0.378073,0.817561,-0.259589,0.380284,-0.346091
-0.937348,0.099192,-0.22041,0.251586,-0.90637,0.064615,-0.177381,0.378012,0.817883,-0.259386,0.379704,-0.34612
-0.937665,0.098243,-0.219647,0.251435,-0.9066,0.063209,-0.176551,0.378084,0.818859,-0.258744,0.377835,-0.346341
-0.938064,0.096699,-0.218551,0.251482,-0.906809,0.061287,-0.175987,0.37816,0.819508,-0.258312,0.37657,-0.346506
-0.938473,0.094783,-0.217399,0.251659,-0.906914,0.059378,-0.175848,0.378271,0.82019,-0.257882,0.375264,-0.346632
-0.938785,0.092921,-0.216485,0.251953,-0.906928,0.05774,-0.176105,0.378366,0.820835,-0.257492,0.373967,-0.3468
-0.939014,0.091401,-0.215828,0.252196,-0.906845,0.056702,-0.176767,0.37841,0.821346,-0.257237,0.3729,-0.346928
-0.939072,0.090599,-0.215744,0.252333,-0.906739,0.056393,-0.177614,0.378312,0.821695,-0.257104,0.372183,-0.34697
-0.938977,0.090575,-0.216185,0.252316,-0.906618,0.056822,-0.1785,0.378123,0.821843,-0.257109,0.37182,-0.347005
-0.938755,0.091346,-0.217149,0.252042,-0.906494,0.057864,-0.179374,0.377851,0.821813,-0.257224,0.371829,-0.346983
-0.938419,0.09277,-0.218483,0.251635,-0.906432,0.059329,-0.180002,0.377477,0.821524,-0.257477,0.372364,-0.346906
-0.938035,0.094614,-0.219921,0.251152,-0.906424,0.060963,-0.18033,0.377084,0.821069,-0.257729,0.373309,-0.34678
-0.937674,0.09636,-0.221232,0.250706,-0.906475,0.062254,-0.18027,0.376782,0.820494,-0.258044,0.374553,-0.346563
-0.937422,0.097675,-0.222144,0.25035,-0.906576,0.062972,-0.17982,0.376637,0.81987,-0.258371,0.37599,-0.346242
-0.937285,0.098419,-0.222618,0.25016,-0.906649,0.063054,-0.179117,0.376783,0.819247,-0.258738,0.377399,-0.345909
-0.937267,0.098474,-0.22264,0.250188,-0.906726,0.062533,-0.178244,0.377097,0.818754,-0.259078,0.378593,-0.345517
-0.937329,0.097958,-0.222259,0.250488,-0.906793,0.061627,-0.177332,0.377513,0.818384,-0.259354,0.379515,-0.345175
-0.937441,0.097178,-0.22159,0.250953,-0.906838,0.060634,-0.176655,0.377882,0.818197,-0.259562,0.380017,-0.344913
-0.937668,0.096131,-0.220639,0.251338,-0.906825,0.059721,-0.176343,0.378202,0.8182,-0.259625,0.380105,-0.344764
-0.93792,0.095091,-0.219625,0.251669,-0.906839,0.05905,-0.176413,0.37824,0.818395,-0.25951,0.379824,-0.344696
-0.938159,0.094316,-0.218763,0.251808,-0.906831,0.058663,-0.176816,0.378128,0.818759,-0.259254,0.379171,-0.344746
-0.938392,0.093766,-0.218147,0.251679,-0.906871,0.058545,-0.177299,0.377823,0.81927,-0.258968,0.378119,-0.344904
-0.938572,0.093562,-0.217834,0.251352,-0.906934,0.058741,-0.177772,0.37742,0.819869,-0.258614,0.376817,-0.345171
-0.938686,0.093702,-0.217909,0.250814,-0.90706,0.059177,-0.17812,0.376886,0.820525,-0.25827,0.375343,-0.345478
-0.938726,0.094119,-0.218232,0.250229,-0.907196,0.059727,-0.178329,0.376376,0.821175,-0.257866,0.373896,-0.3458
-0.938723,0.094573,-0.218693,0.249674,-0.907318,0.060259,-0.178506,0.375912,0.821754,-0.257574,0.372538,-0.346111
-0.938695,0.095047,-0.219133,0.24922,-0.907419,0.06056,-0.178609,0.375574,0.822173,-0.257359,0.371524,-0.346363
-0.938665,0.095355,-0.219474,0.24892,-0.907483,0.060675,-0.17868,0.375366,0.822395,-0.257325,0.370916,-0.346515
-0.938628,0.095409,-0.219693,0.248847,-0.907526,0.060602,-0.178711,0.375261,0.822417,-0.257396,0.370751,-0.346586
-0.938601,0.09529,-0.219678,0.249002,-0.907532,0.060452,-0.178622,0.375312,0.822242,-0.257551,0.371048,-0.34657
-0.938552,0.095135,-0.2196,0.249316,-0.907536,0.060237,-0.178392,0.375445,0.821906,-0.257812,0.371717,-0.346454
-0.93846,0.095121,-0.219571,0.249688,-0.907517,0.060198,-0.178003,0.375681,0.821492,-0.258104,0.372615,-0.346253
-0.93833,0.095256,-0.219609,0.250095,-0.907466,0.060265,-0.177548,0.37601,0.821025,-0.258412,0.373644,-0.346021
-0.938171,0.095584,-0.219739,0.250452,-0.907396,0.060472,-0.177066,0.376374,0.820562,-0.258792,0.374701,-0.345694
-0.937996,0.09611,-0.219911,0.250763,-0.907314,0.060834,-0.176677,0.376696,0.820101,-0.259147,0.375713,-0.345422
-0.937855,0.096706,-0.220086,0.250914,-0.907205,0.061338,-0.176496,0.376963,0.819698,-0.259444,0.376628,-0.345162
-0.937727,0.097207,-0.220277,0.251042,-0.907103,0.061835,-0.176602,0.377077,0.819346,-0.259697,0.377362,-0.345004
-0.937649,0.097611,-0.220357,0.25111,-0.90702,0.062278,-0.176804,0.37711,0.819044,-0.259983,0.377901,-0.344916
-0.937633,0.097879,-0.220376,0.251052,-0.906976,0.062603,-0.17696,0.377092,0.818856,-0.260136,0.3782,-0.344921
-0.937675,0.097896,-0.220298,0.25096,-0.90699,0.062708,-0.177026,0.377009,0.818773,-0.260189,0.378252,-0.345019
-0.93775,0.097797,-0.220137,0.250857,-0.907089,0.06257,-0.176903,0.376852,0.818806,-0.260139,0.378051,-0.345196
-0.937858,0.097524,-0.21993,0.250739,-0.907219,0.062281,-0.176672,0.376694,0.819,-0.259901,0.377628,-0.345377
-0.938014,0.097151,-0.219708,0.250491,-0.907354,0.061871,-0.17634,0.376591,0.819284,-0.259623,0.376997,-0.3456
-0.938221,0.096595,-0.219339,0.250249,-0.90754,0.061187,-0.175997,0.376416,0.819683,-0.259303,0.37617,-0.345796
-0.938428,0.09588,-0.218934,0.250094,-0.907712,0.060338,-0.175692,0.376278,0.82015,-0.258885,0.375215,-0.346038
-0.938619,0.095073,-0.218553,0.250004,-0.907812,0.059519,-0.175612,0.376203,0.820632,-0.258489,0.37419,-0.3463
-0.938809,0.094361,-0.218152,0.249906,-0.907811,0.058843,-0.175725,0.376257,0.821071,-0.25816,0.373211,-0.34656
-0.938928,0.093867,-0.217878,0.249874,-0.90777,0.058396,-0.175997,0.376296,0.821447,-0.257934,0.372378,-0.346734
-0.938972,0.093562,-0.217785,0.249902,-0.907664,0.058326,-0.17652,0.376316,0.821703,-0.257764,0.371813,-0.346861
-0.938925,0.093517,-0.217904,0.249987,-0.907528,0.05851,-0.177102,0.376344,0.821788,-0.257781,0.371593,-0.346884
-0.938773,0.093842,-0.218275,0.250116,-0.907344,0.058966,-0.177699,0.376433,0.821704,-0.257987,0.371662,-0.346858
-0.938533,0.094484,-0.218896,0.250241,-0.907146,0.059889,-0.178165,0.376547,0.82149,-0.258293,0.372036,-0.346734
-0.938236,0.095423,-0.219645,0.25035,-0.906979,0.061018,-0.178497,0.376614,0.821108,-0.258676,0.372734,-0.346604
-0.937955,0.096503,-0.2204,0.250341,-0.906897,0.062119,-0.178609,0.376581,0.82061,-0.259062,0.373738,-0.346415
-0.937705,0.097646,-0.221107,0.250227,-0.906913,0.063059,-0.178449,0.376464,0.819969,-0.259563,0.37504,-0.346151
-0.937513,0.09859,-0.221685,0.250074,-0.906973,0.063659,-0.178114,0.376382,0.819278,-0.260048,0.376417,-0.345925
-0.937424,0.099302,-0.221948,0.249904,-0.907078,0.063934,-0.177587,0.376331,0.818647,-0.260497,0.37771,-0.345671
-0.937454,0.099591,-0.22192,0.249708,-0.907238,0.06383,-0.176976,0.376249,0.81806,-0.260905,0.378818,-0.34554
-0.937582,0.099375,-0.221569,0.249622,-0.907397,0.063398,-0.17632,0.376248,0.817674,-0.261198,0.379526,-0.345453
-0.937766,0.09867,-0.220967,0.249737,-0.90755,0.062639,-0.175657,0.376316,0.817514,-0.261384,0.379752,-0.345443
-0.937982,0.097765,-0.220232,0.249917,-0.907693,0.061723,-0.175065,0.376396,0.817676,-0.261273,0.379393,-0.345537
-0.938199,0.096784,-0.219498,0.250119,-0.907812,0.060931,-0.174575,0.376465,0.818056,-0.261017,0.378594,-0.345708
-0.938378,0.095943,-0.218948,0.250243,-0.907898,0.060404,-0.174295,0.376471,0.818614,-0.26064,0.377401,-0.345975
-0.938475,0.095453,-0.218621,0.250349,-0.907926,0.060216,-0.174295,0.376433,0.819288,-0.260201,0.375978,-0.346262
-0.938509,0.095328,-0.218622,0.250264,-0.907927,0.060423,-0.174473,0.376315,0.819985,-0.259815,0.374501,-0.346501
-0.9385,0.095545,-0.21883,0.250037,-0.907897,0.060827,-0.174765,0.376187,0.820595,-0.259511,0.373172,-0.346722
-0.938445,0.096115,-0.219243,0.249672,-0.907883,0.061325,-0.175038,0.376014,0.821038,-0.259315,0.372161,-0.346905
-0.938378,0.096739,-0.219744,0.24925,-0.907884,0.06183,-0.175275,0.375819,0.821296,-0.259141,0.371634,-0.346991
-0.938305,0.097309,-0.220178,0.24893,-0.907863,0.062178,-0.175415,0.375748,0.821349,-0.259069,0.37161,-0.346945
-0.938255,0.097623,-0.220465,0.248743,-0.907793,0.062327,-0.175601,0.375806,0.821189,-0.259199,0.372018,-0.346791
-0.938194,0.097627,-0.220583,0.248868,-0.907688,0.062289,-0.175859,0.375943,0.820873,-0.259414,0.37275,-0.346592
-0.938186,0.097247,-0.220428,0.249175,-0.90759,0.062106,-0.17614,0.376079,0.820399,-0.2597,0.373787,-0.346385
-0.93819,0.09675,-0.22021,0.249538,-0.907496,0.061876,-0.176474,0.376186,0.819854,-0.260061,0.374904,-0.346196
-0.938201,0.096308,-0.220041,0.249811,-0.907432,0.061656,-0.176756,0.376241,0.81928,-0.260382,0.376062,-0.346055
-0.938224,0.096091,-0.219902,0.249925,-0.907408,0.061444,-0.176869,0.376282,0.818797,-0.260749,0.376981,-0.345921
-0.938227,0.096081,-0.219934,0.249892,-0.907447,0.061491,-0.176793,0.376215,0.818414,-0.261042,0.377705,-0.345816
-0.938206,0.096315,-0.220103,0.249736,-0.907536,0.061802,-0.176613,0.376036,0.81814,-0.261243,0.378199,-0.345771
-0.93817,0.096714,-0.220363,0.249493,-0.907626,0.062334,-0.176438,0.375815,0.81803,-0.26131,0.378422,-0.345737
-0.938128,0.097145,-0.22067,0.249219,-0.907739,0.062929,-0.176327,0.375499,0.818064,-0.261289,0.378365,-0.345735
-0.938102,0.097462,-0.220917,0.248977,-0.907855,0.063346,-0.176171,0.375221,0.818226,-0.261189,0.378065,-0.345754
-0.938127,0.097567,-0.221032,0.248743,-0.908004,0.06334,-0.175974,0.374955,0.81854,-0.260922,0.37757,-0.345757
-0.93821,0.097403,-0.22099,0.24853,-0.908145,0.062883,-0.175604,0.374863,0.818952,-0.260637,0.376814,-0.345821
-0.938352,0.096958,-0.220766,0.24836,-0.908255,0.062078,-0.17519,0.374922,0.819445,-0.260242,0.375903,-0.345946
-0.938541,0.096202,-0.220354,0.248294,-0.908352,0.061142,-0.174869,0.374988,0.819965,-0.259791,0.374905,-0.346133
-0.938738,0.095269,-0.219866,0.248332,-0.908426,0.060156,-0.17476,0.375018,0.820513,-0.259364,0.373856,-0.346292
-0.938915,0.094304,-0.219417,0.248415,-0.908463,0.059397,-0.174892,0.374986,0.820994,-0.25895,0.372966,-0.346423
-0.939078,0.09351,-0.219077,0.248385,-0.908445,0.058854,-0.175283,0.37493,0.821408,-0.258594,0.372198,-0.346533
-0.939179,0.092992,-0.218997,0.248263,-0.908424,0.058599,-0.175855,0.374751,0.8217,-0.258248,0.371725,-0.346605
-0.939212,0.092789,-0.219149,0.248078,-0.908347,0.058695,-0.176585,0.37458,0.821896,-0.258031,0.371464,-0.346585
-0.939188,0.092893,-0.21952,0.247802,-0.908288,0.059235,-0.177366,0.374268,0.821889,-0.257958,0.37152,-0.346593
-0.9391,0.09323,-0.220019,0.247568,-0.908231,0.059812,-0.177974,0.374029,0.821743,-0.25804,0.37182,-0.346558
-0.938972,0.093708,-0.22056,0.2474,-0.908164,0.060354,-0.178418,0.373894,0.82149,-0.258181,0.372367,-0.346465
-0.938809,0.094245,-0.221116,0.247323,-0.908118,0.060724,-0.178561,0.373878,0.821159,-0.258391,0.3731,-0.346306
-0.938637,0.094734,-0.221591,0.247367,-0.908063,0.061041,-0.178508,0.373986,0.820747,-0.258678,0.373973,-0.346126
-0.93847,0.095176,-0.22191,0.247552,-0.908025,0.061279,-0.17836,0.37411,0.820273,-0.25906,0.374924,-0.345932
-0.938354,0.095493,-0.222048,0.247746,-0.908,0.061528,-0.178046,0.374281,0.819823,-0.259446,0.375897,-0.345658
-0.93826,0.095894,-0.22207,0.247936,-0.908011,0.061764,-0.177611,0.374424,0.819405,-0.259784,0.376787,-0.345425
-0.938213,0.096235,-0.222018,0.248032,-0.908062,0.061841,-0.177113,0.374524,0.819052,-0.260081,0.377528,-0.345228
-0.938225,0.096439,-0.221823,0.248086,-0.908143,0.061814,-0.176478,0.374631,0.818855,-0.260251,0.377983,-0.345072
-0.938302,0.096463,-0.221459,0.248116,-0.908276,0.061618,-0.175713,0.374702,0.818819,-0.260292,0.37813,-0.344965
-0.9384,0.096305,-0.221043,0.248178,-0.908452,0.06125,-0.174862,0.374735,0.819003,-0.260109,0.377873,-0.34495
-0.938524,0.09598,-0.220566,0.248256,-0.908606,0.06083,-0.174157,0.374755,0.81932,-0.259848,0.377287,-0.345034
-0.938649,0.095579,-0.220128,0.24832,-0.908741,0.060498,-0.173642,0.37472,0.819758,-0.259515,0.376405,-0.345208
-0.938764,0.095101,-0.219806,0.248349,-0.90883,0.060139,-0.173378,0.374683,0.820267,-0.259209,0.375352,-0.345378
-0.938882,0.094695,-0.219533,0.24829,-0.908847,0.059892,-0.173478,0.374635,0.820779,-0.258925,0.374189,-0.345636
-0.938968,0.094325,-0.21944,0.248188,-0.908791,0.059633,-0.173936,0.374599,0.821241,-0.258721,0.373032,-0.345939
-0.939039,0.094059,-0.219468,0.247989,-0.908646,0.059414,-0.174708,0.374626,0.821574,-0.258605,0.3721,-0.34624
-0.939063,0.093839,-0.219553,0.247904,-0.908486,0.059266,-0.17561,0.374614,0.82175,-0.258597,0.371532,-0.346436
-0.93907,0.093814,-0.219634,0.247816,-0.908312,0.059197,-0.176405,0.374672,0.821725,-0.258675,0.371363,-0.346619
-0.939061,0.0938,-0.219671,0.247819,-0.908157,0.059271,-0.176985,0.374764,0.821543,-0.2588,0.371608,-0.346691
-0.938997,0.093988,-0.219764,0.247913,-0.908059,0.059429,-0.177226,0.374859,0.821198,-0.25902,0.372271,-0.346633
-0.938891,0.094316,-0.219886,0.248086,-0.908008,0.059693,-0.177038,0.375032,0.820755,-0.259236,0.373177,-0.346543
-0.938744,0.094768,-0.220021,0.248353,-0.907982,0.060056,-0.176524,0.375282,0.82032,-0.259428,0.374157,-0.346375
-0.938563,0.095369,-0.220214,0.248645,-0.908008,0.060479,-0.175696,0.37554,0.819857,-0.259741,0.375097,-0.346218
-0.938359,0.096048,-0.22045,0.248952,-0.908046,0.060964,-0.174886,0.375749,0.819447,-0.260022,0.375938,-0.346066
-0.938187,0.096635,-0.220628,0.249223,-0.908114,0.061414,-0.173998,0.375925,0.819106,-0.26027,0.37664,-0.345921
-0.938026,0.097258,-0.220816,0.249428,-0.908171,0.061814,-0.173222,0.376081,0.818876,-0.260434,0.377118,-0.34582
-0.937925,0.097738,-0.22087,0.249581,-0.908212,0.062095,-0.172724,0.376166,0.818718,-0.260549,0.377407,-0.345796
-0.9379,0.098069,-0.22086,0.249554,-0.908259,0.06219,-0.172307,0.376229,0.818584,-0.260679,0.377526,-0.345882
-0.937952,0.098095,-0.220732,0.249465,-0.908303,0.06206,-0.172155,0.376213,0.818562,-0.260725,0.377459,-0.345973
-0.938085,0.097888,-0.220454,0.249294,-0.908364,0.061657,-0.172188,0.376117,0.818615,-0.260702,0.377287,-0.346051
-0.938273,0.097395,-0.220053,0.249128,-0.908419,0.061116,-0.172458,0.375944,0.818742,-0.260642,0.377012,-0.346097
-0.938518,0.096644,-0.219565,0.248919,-0.908458,0.060515,-0.172919,0.375737,0.818938,-0.260462,0.376639,-0.346175
-0.938769,0.095795,-0.219039,0.248754,-0.908465,0.059959,-0.173506,0.375537,0.819192,-0.260266,0.37612,-0.346283
-0.938945,0.095008,-0.218705,0.248671,-0.908423,0.059509,-0.174122,0.375423,0.819543,-0.260013,0.375455,-0.346365
-0.939043,0.094275,-0.218627,0.248638,-0.908365,0.059193,-0.174634,0.375374,0.819928,-0.259749,0.374697,-0.346474
-0.939095,0.093737,-0.218673,0.248596,-0.908298,0.059004,-0.175165,0.375318,0.820296,-0.259489,0.373922,-0.346635
-0.939111,0.093391,-0.218871,0.248489,-0.908207,0.058911,-0.175716,0.375295,0.820599,-0.259293,0.373275,-0.346762
-0.939076,0.093226,-0.219182,0.248406,-0.908119,0.05876,-0.176204,0.375301,0.820795,-0.259129,0.372844,-0.346883
-0.939002,0.093242,-0.219525,0.248373,-0.908025,0.058711,-0.176586,0.375355,0.820863,-0.259041,0.372642,-0.347007
-0.938889,0.093499,-0.219918,0.248359,-0.907965,0.058725,-0.176747,0.375423,0.820772,-0.25911,0.372724,-0.34708
-0.938728,0.093957,-0.220305,0.248458,-0.907935,0.058948,-0.176684,0.375491,0.820515,-0.259242,0.373157,-0.347122
-0.938542,0.09456,-0.220794,0.248504,-0.907933,0.059416,-0.17648,0.375522,0.820142,-0.259424,0.373892,-0.347074
-0.938352,0.095307,-0.221258,0.248533,-0.907967,0.060013,-0.175986,0.375575,0.819682,-0.25967,0.374834,-0.346961
-0.938183,0.096094,-0.221664,0.248515,-0.907995,0.060678,-0.175463,0.375647,0.819153,-0.259972,0.375939,-0.346785
-0.938024,0.096789,-0.222061,0.2485,-0.908079,0.061212,-0.174796,0.375672,0.818694,-0.260249,0.376975,-0.34654
-0.937912,0.09724,-0.222344,0.248497,-0.908176,0.061507,-0.174134,0.375698,0.818327,-0.260476,0.377798,-0.346339
-0.93788,0.097433,-0.222381,0.248513,-0.908267,0.061517,-0.173593,0.375726,0.818057,-0.260658,0.378376,-0.346209
-0.937911,0.097302,-0.222297,0.248522,-0.908341,0.061229,-0.173144,0.375801,0.817869,-0.26079,0.378715,-0.346183
-0.938009,0.096902,-0.222022,0.24855,-0.908386,0.060711,-0.173003,0.37584,0.817817,-0.260808,0.378766,-0.346236
-0.938128,0.096315,-0.221664,0.248642,-0.908385,0.060112,-0.173135,0.375876,0.817935,-0.260729,0.378455,-0.346356
-0.938266,0.095656,-0.22121,0.248769,-0.908329,0.059608,-0.173475,0.375933,0.818157,-0.2606,0.377936,-0.346496
-0.938406,0.09493,-0.220732,0.248934,-0.908289,0.059298,-0.173886,0.375888,0.818498,-0.26042,0.377171,-0.346659
-0.938504,0.09449,-0.22038,0.249042,-0.908242,0.059237,-0.174341,0.375801,0.818901,-0.260212,0.376277,-0.346835
-0.938561,0.094307,-0.220182,0.249067,-0.908203,0.059466,-0.174742,0.375673,0.819338,-0.259949,0.375346,-0.347009
-0.938603,0.094391,-0.220085,0.248963,-0.908176,0.05976,-0.175005,0.37557,0.819745,-0.259688,0.374495,-0.347162
-0.938613,0.094666,-0.220133,0.248786,-0.908187,0.0599,-0.174977,0.375534,0.820057,-0.259491,0.373805,-0.347317
-0.938624,0.094833,-0.220169,0.24865,-0.90824,0.05983,-0.174764,0.375516,0.820281,-0.259285,0.373307,-0.347477
-0.938657,0.094777,-0.220159,0.248556,-0.908275,0.059555,-0.17441,0.375638,0.82037,-0.25912,0.373117,-0.347595
-0.938716,0.094648,-0.22003,0.248495,-0.908318,0.059168,-0.174104,0.375737,0.820328,-0.259085,0.373167,-0.347666
-0.938739,0.094389,-0.219938,0.248585,-0.908331,0.058792,-0.174047,0.37579,0.820191,-0.259148,0.373421,-0.347667
-0.938724,0.094162,-0.219854,0.248795,-0.908299,0.05866,-0.174228,0.375805,0.820003,-0.259301,0.373766,-0.347627
-0.938687,0.09402,-0.219913,0.248935,-0.908244,0.058808,-0.174488,0.375795,0.819755,-0.259543,0.374161,-0.347602
-0.938577,0.094137,-0.220177,0.249073,-0.908182,0.059257,-0.17471,0.375772,0.819478,-0.259851,0.374587,-0.347569
-0.938426,0.094727,-0.220542,0.249102,-0.90814,0.059943,-0.174845,0.375701,0.819185,-0.260161,0.375026,-0.34755
-0.938262,0.095483,-0.220996,0.249035,-0.908116,0.060625,-0.17481,0.375671,0.818909,-0.260443,0.37551,-0.347469
-0.938128,0.096273,-0.221355,0.248931,-0.908138,0.06134,-0.174538,0.375629,0.818626,-0.260772,0.375999,-0.347359
-0.938055,0.096887,-0.221545,0.248806,-0.908191,0.061814,-0.174143,0.375608,0.818434,-0.261017,0.37639,-0.347207
-0.938031,0.09726,-0.221543,0.248764,-0.908292,0.061946,-0.173602,0.375592,0.818274,-0.26121,0.37666,-0.347146
-0.93808,0.097347,-0.22133,0.248733,-0.908414,0.061778,-0.173009,0.3756,0.818208,-0.261268,0.376831,-0.347071
-0.938189,0.09707,-0.220962,0.248754,-0.908543,0.061323,-0.172372,0.375655,0.818271,-0.261186,0.376719,-0.347107
-0.938302,0.096682,-0.220569,0.248828,-0.908633,0.060724,-0.17182,0.375785,0.818404,-0.261077,0.376452,-0.347166
-0.938441,0.096177,-0.220082,0.248922,-0.908699,0.060188,-0.171527,0.375844,0.818631,-0.26091,0.375996,-0.347247
-0.938554,0.09566,-0.219687,0.249039,-0.908689,0.059839,-0.171543,0.375916,0.818935,-0.260699,0.375348,-0.34739
-0.93864,0.09519,-0.21938,0.249158,-0.908606,0.05977,-0.171932,0.375951,0.819322,-0.260421,0.374595,-0.347499
-0.938678,0.094904,-0.219202,0.249278,-0.9085,0.059947,-0.17256,0.37589,0.81964,-0.260194,0.373876,-0.347695
-0.938678,0.094815,-0.219228,0.249284,-0.908421,0.060167,-0.173271,0.375719,0.819944,-0.259947,0.373236,-0.347851
-0.938682,0.09482,-0.219382,0.249135,-0.908354,0.06046,-0.173895,0.375545,0.820143,-0.25976,0.372773,-0.348016
-0.938676,0.094961,-0.219575,0.248934,-0.908318,0.060634,-0.174343,0.375398,0.820171,-0.25965,0.372672,-0.34814
-0.938639,0.095097,-0.219873,0.248761,-0.9083,0.060721,-0.174555,0.375328,0.820149,-0.25955,0.372782,-0.348149
-0.938571,0.095179,-0.220118,0.24877,-0.908256,0.060772,-0.174614,0.375399,0.820021,-0.259546,0.37312,-0.34809
-0.938448,0.095245,-0.220417,0.24894,-0.908225,0.060685,-0.174498,0.375541,0.819797,-0.25959,0.373689,-0.347975
-0.938312,0.095243,-0.220745,0.249165,-0.9082,0.060683,-0.174337,0.375678,0.819517,-0.259667,0.374405,-0.347806
-0.938179,0.095276,-0.221073,0.249359,-0.908131,0.060633,-0.174196,0.375915,0.819208,-0.259731,0.375151,-0.347684
-0.938052,0.095386,-0.221392,0.249507,-0.908026,0.060652,-0.174197,0.376165,0.818912,-0.259853,0.375807,-0.347578
-0.937961,0.09547,-0.221659,0.249582,-0.907962,0.060547,-0.174163,0.376352,0.818613,-0.259986,0.376404,-0.347538
-0.937899,0.095554,-0.221826,0.249633,-0.907904,0.060416,-0.17408,0.376552,0.81837,-0.260146,0.376844,-0.347513
-0.937843,0.095682,-0.221949,0.249689,-0.907886,0.060364,-0.173961,0.37666,0.818182,-0.260303,0.37717,-0.347481
-0.937805,0.095805,-0.221976,0.249764,-0.907925,0.060372,-0.173691,0.376686,0.81805,-0.26043,0.377362,-0.34749
-0.937774,0.095939,-0.221993,0.249816,-0.908046,0.060371,-0.173228,0.376609,0.817988,-0.260384,0.37747,-0.347552
-0.937777,0.096187,-0.221955,0.249744,-0.908209,0.060308,-0.172593,0.376521,0.81803,-0.260213,0.377465,-0.347587
-0.937828,0.096323,-0.221844,0.249601,-0.908376,0.060141,-0.171961,0.376434,0.818157,-0.260022,0.377295,-0.347614
-0.937928,0.096208,-0.221663,0.249432,-0.908499,0.059856,-0.171494,0.376395,0.818336,-0.259762,0.377034,-0.34767
-0.938068,0.095876,-0.221327,0.24933,-0.908603,0.059516,-0.171297,0.376287,0.818596,-0.259503,0.376577,-0.347749
-0.938204,0.095407,-0.220935,0.249338,-0.908604,0.059264,-0.171462,0.376245,0.818871,-0.259215,0.376062,-0.347871
-0.938357,0.094802,-0.220563,0.249316,-0.908564,0.059045,-0.171952,0.376153,0.819143,-0.258954,0.375496,-0.348039
-0.938479,0.094272,-0.220268,0.249312,-0.908507,0.058914,-0.172552,0.376038,0.819414,-0.258694,0.374925,-0.348208
-0.938586,0.093851,-0.220032,0.249273,-0.908398,0.058904,-0.173365,0.375928,0.819642,-0.258494,0.374421,-0.348361
-0.938644,0.093621,-0.21996,0.2492,-0.908271,0.058954,-0.174184,0.375847,0.819801,-0.258371,0.374026,-0.348503
-0.938689,0.093468,-0.219972,0.249073,-0.908154,0.059115,-0.174897,0.375774,0.819904,-0.258344,0.373741,-0.348586
-0.93869,0.093513,-0.220072,0.248963,-0.908031,0.059335,-0.175462,0.375773,0.81993,-0.258352,0.373609,-0.348659
-0.938635,0.093614,-0.220272,0.248959,-0.90796,0.059566,-0.175773,0.375763,0.819903,-0.25839,0.373616,-0.348687
-0.938548,0.093886,-0.220507,0.24898,-0.90795,0.059766,-0.175714,0.375784,0.819822,-0.258455,0.373808,-0.348624
-0.938407,0.094266,-0.220827,0.249085,-0.907966,0.059941,-0.175278,0.37592,0.819647,-0.258604,0.374167,-0.34854
-0.938255,0.094761,-0.221137,0.249201,-0.908042,0.060179,-0.174695,0.375972,0.819402,-0.25883,0.3747,-0.348377
-0.938099,0.095294,-0.221478,0.249292,-0.90815,0.060366,-0.173852,0.376073,0.8191,-0.259091,0.375351,-0.348191
-0.93791,0.09591,-0.221847,0.249444,-0.908289,0.06069,-0.172878,0.376135,0.818832,-0.259304,0.376002,-0.347962
-0.937767,0.096478,-0.222144,0.249507,-0.908443,0.061154,-0.171844,0.376164,0.818636,-0.259444,0.376553,-0.347724
-0.937723,0.096921,-0.222434,0.249251,-0.908635,0.061682,-0.170701,0.376136,0.8185,-0.259549,0.376946,-0.347541
-0.93784,0.097046,-0.222492,0.24871,-0.908888,0.062444,-0.169629,0.37589,0.818492,-0.259506,0.3771,-0.347426
-0.937877,0.097146,-0.222678,0.248369,-0.909106,0.063159,-0.168933,0.375558,0.818591,-0.259455,0.376974,-0.347369
-0.937866,0.097421,-0.222838,0.248163,-0.909293,0.063633,-0.168632,0.375162,0.818725,-0.259469,0.376652,-0.34739
-0.938018,0.097572,-0.222906,0.247471,-0.909465,0.063739,-0.168893,0.374609,0.818902,-0.259463,0.376176,-0.347496
-0.938329,0.097631,-0.222706,0.246451,-0.909633,0.063375,-0.169601,0.373943,0.819123,-0.259424,0.375588,-0.347641
-0.938742,0.097461,-0.222166,0.245435,-0.909748,0.062706,-0.170829,0.373215,0.81938,-0.259354,0.374937,-0.347788
-0.93924,0.096696,-0.221165,0.244732,-0.909823,0.061691,-0.172486,0.372434,0.819668,-0.259296,0.374248,-0.347895
-0.939652,0.095604,-0.219975,0.24464,-0.909857,0.060526,-0.17431,0.37169,0.819945,-0.259289,0.373486,-0.34807
-0.940041,0.094293,-0.218658,0.244817,-0.90985,0.059436,-0.175998,0.371082,0.820205,-0.259288,0.37276,-0.348235
-0.940396,0.093004,-0.217461,0.244997,-0.909822,0.058599,-0.177327,0.370647,0.820467,-0.25925,0.372089,-0.348361
-0.940602,0.092121,-0.216693,0.245214,-0.909796,0.058084,-0.178139,0.3704,0.820675,-0.259268,0.37153,-0.348459
-0.940667,0.091772,-0.216285,0.245451,-0.909752,0.05805,-0.178511,0.370335,0.820819,-0.259371,0.371085,-0.348515
-0.940557,0.092052,-0.216324,0.245733,-0.909678,0.058621,-0.178527,0.37042,0.820902,-0.259455,0.370869,-0.348486
-0.940324,0.0929,-0.21675,0.245942,-0.909609,0.059643,-0.178332,0.370523,0.820881,-0.259577,0.37093,-0.348382
-0.94004,0.094099,-0.217433,0.245986,-0.90955,0.060947,-0.177765,0.370734,0.820756,-0.259737,0.371241,-0.348227
-0.939659,0.095488,-0.218382,0.246079,-0.909522,0.062267,-0.176758,0.371069,0.820571,-0.259981,0.371733,-0.347958
-0.939252,0.096998,-0.219353,0.246201,-0.909514,0.063543,-0.175317,0.37156,0.820293,-0.260228,0.372407,-0.347709
-0.938866,0.09825,-0.220222,0.246415,-0.909561,0.064706,-0.173453,0.372124,0.819993,-0.26047,0.373161,-0.34743
-0.938587,0.099179,-0.220809,0.246594,-0.909673,0.065458,-0.171236,0.372745,0.81973,-0.260649,0.373831,-0.347195
-0.938428686226749,0.0996590612272977,-0.221032185046281,0.246778472499116,-0.909856464500064,0.0658818315396442,-0.168721863485127,0.373397591082433,0.81961586416185,-0.260692582914064,0.374142059618265,-0.347095673630204
-0.938356,0.099873,-0.221123,0.246916,-0.910105,0.066076,-0.166249,0.373841,0.819528,-0.260718,0.3744,-0.347009
-0.938458,0.09969,-0.220711,0.24697,-0.91045,0.065935,-0.164163,0.373949,0.819427,-0.26074,0.374738,-0.346868
-0.93864,0.099349,-0.220235,0.246842,-0.910813,0.06544,-0.163124,0.373607,0.819539,-0.260571,0.374644,-0.34683
-0.938949,0.098972,-0.219537,0.24644,-0.911141,0.064672,-0.163621,0.372725,0.819755,-0.2604,0.374218,-0.34691
-0.939489,0.098503,-0.218802,0.245219,-0.911509,0.063369,-0.166062,0.37096,0.820058,-0.260227,0.373579,-0.347011
-0.940051,0.097969,-0.218212,0.2438,-0.911781,0.061641,-0.170242,0.368673,0.820359,-0.260034,0.372885,-0.347191
-0.940392,0.097747,-0.21784,0.242907,-0.911811,0.059692,-0.175721,0.366337,0.820654,-0.259895,0.372154,-0.347384
-0.940608,0.097725,-0.217708,0.242201,-0.911639,0.057652,-0.181837,0.364085,0.820873,-0.259887,0.371465,-0.347609
-0.940761,0.097655,-0.217772,0.241576,-0.911253,0.055624,-0.188254,0.36209,0.821036,-0.259939,0.370864,-0.347825
-0.940775,0.09747,-0.217939,0.241441,-0.910739,0.05394,-0.194184,0.360491,0.821111,-0.26011,0.370433,-0.347977
-0.940722,0.097397,-0.218207,0.241433,-0.910283,0.052863,-0.198996,0.359166,0.821123,-0.260315,0.370236,-0.348006
-0.94061,0.097837,-0.21889,0.241078,-0.910021,0.053105,-0.201842,0.358203,0.820986,-0.260569,0.370354,-0.348013
-0.940189,0.09919,-0.220367,0.240841,-0.909905,0.054848,-0.201976,0.358166,0.820774,-0.260893,0.370687,-0.347919
-0.939422,0.101282,-0.222638,0.240897,-0.909974,0.057756,-0.199455,0.35896,0.820536,-0.261256,0.371084,-0.347783
-0.938417,0.104062,-0.225292,0.241194,-0.91018,0.061614,-0.195031,0.360241,0.820253,-0.261534,0.37162,-0.347671
-0.937315,0.107801,-0.228257,0.241094,-0.910447,0.066334,-0.189497,0.361701,0.819969,-0.261728,0.372294,-0.347473
-0.936338,0.11153,-0.23124,0.240404,-0.91074,0.071773,-0.182944,0.363321,0.819656,-0.261817,0.373122,-0.347256
-0.935538,0.114604,-0.233597,0.239833,-0.910986,0.077559,-0.175935,0.364996,0.819381,-0.261666,0.374039,-0.347034
-0.93517,0.116495,-0.234833,0.239175,-0.911318,0.083103,-0.168712,0.366378,0.819133,-0.261483,0.374821,-0.346913
-0.93517,0.11713,-0.234902,0.238813,-0.911731,0.087411,-0.162117,0.367344,0.819045,-0.261144,0.375306,-0.346848
-0.935381,0.116702,-0.233954,0.239123,-0.912299,0.089544,-0.156933,0.367679,0.819115,-0.26076,0.375387,-0.346885
-0.935785,0.115524,-0.232314,0.2397,-0.912965,0.088892,-0.1537,0.367555,0.819365,-0.260325,0.375114,-0.346917
-0.93637,0.11403,-0.230656,0.239713,-0.913604,0.085938,-0.152355,0.367223,0.819814,-0.259883,0.374457,-0.346899
-0.937333,0.111886,-0.228728,0.238783,-0.914131,0.081263,-0.152882,0.36674,0.820421,-0.259474,0.373335,-0.346981
-0.938371,0.108767,-0.22635,0.238375,-0.914434,0.075093,-0.155574,0.366146,0.821051,-0.259098,0.371949,-0.347262
-0.939177,0.105118,-0.223732,0.239254,-0.914338,0.068451,-0.160042,0.365737,0.82158,-0.258827,0.370637,-0.347615
-0.939748,0.101524,-0.22128,0.240786,-0.913843,0.062165,-0.166038,0.365396,0.821937,-0.258763,0.369651,-0.347865
-0.940169,0.098166,-0.219239,0.242344,-0.913002,0.057004,-0.172929,0.365117,0.822087,-0.258863,0.369111,-0.348013
-0.940392,0.095637,-0.217888,0.243666,-0.911986,0.053271,-0.180079,0.364744,0.822036,-0.259094,0.369028,-0.348048
-0.940369,0.094424,-0.217591,0.244471,-0.911033,0.051486,-0.186149,0.364326,0.8218,-0.25941,0.369439,-0.347934
-0.940132,0.094582,-0.21836,0.244629,-0.910316,0.051586,-0.190271,0.363969,0.821349,-0.259866,0.37026,-0.347785
-0.93959,0.096076,-0.220232,0.244468,-0.909969,0.053328,-0.192003,0.363679,0.820768,-0.260402,0.371351,-0.347593
-0.938757,0.098697,-0.222902,0.244236,-0.909912,0.05624,-0.191287,0.363769,0.820059,-0.260969,0.3727,-0.347395
-0.937709,0.102146,-0.225995,0.244043,-0.910174,0.059575,-0.188292,0.364162,0.819246,-0.261469,0.374276,-0.347241
-0.93662,0.105703,-0.228908,0.244036,-0.910687,0.06294,-0.183391,0.364829,0.818361,-0.261894,0.375965,-0.347177
-0.935731,0.109017,-0.231222,0.24385,-0.911363,0.066007,-0.177138,0.365703,0.817512,-0.262127,0.377733,-0.347079
-0.935298,0.111042,-0.232563,0.243355,-0.912088,0.068596,-0.169792,0.366918,0.816795,-0.262171,0.379333,-0.346986
-0.935285,0.11151,-0.23246,0.243294,-0.912844,0.070466,-0.16244,0.36802,0.816322,-0.261969,0.38047,-0.347002
-0.935656,0.11034,-0.231073,0.243706,-0.913671,0.071097,-0.156149,0.368578,0.816162,-0.26162,0.381018,-0.347041
-0.936365,0.107843,-0.228641,0.244366,-0.914474,0.07051,-0.151723,0.368551,0.816339,-0.261096,0.380884,-0.347164
-0.937006,0.105278,-0.226246,0.245223,-0.915155,0.068877,-0.149285,0.368161,0.816823,-0.2605,0.380137,-0.347295
-0.937565,0.103245,-0.224439,0.245584,-0.915666,0.066868,-0.148674,0.367506,0.817625,-0.259873,0.37867,-0.34748
-0.938087,0.101835,-0.223533,0.244987,-0.915979,0.064939,-0.149835,0.366592,0.818579,-0.259274,0.376629,-0.347899
-0.93855,0.100965,-0.223224,0.243848,-0.916052,0.063564,-0.152249,0.365651,0.819568,-0.258695,0.374348,-0.348465
-0.938823,0.10062,-0.223489,0.24269,-0.915775,0.063064,-0.156059,0.36482,0.820563,-0.258222,0.371872,-0.349123
-0.938853,0.100784,-0.224247,0.241811,-0.915167,0.063814,-0.161191,0.363979,0.821574,-0.257676,0.369354,-0.349817
-0.938638,0.101477,-0.225268,0.241413,-0.914218,0.065954,-0.167584,0.363097,0.822649,-0.257168,0.366647,-0.350512
-0.938176,0.10289,-0.226482,0.24149,-0.913089,0.068923,-0.174316,0.36222,0.82358,-0.257004,0.364311,-0.350885
-0.937668,0.104894,-0.227716,0.241467,-0.911942,0.072246,-0.180355,0.361509,0.824195,-0.257228,0.36279,-0.350857
-0.937085,0.107513,-0.22918,0.241232,-0.911099,0.075182,-0.184098,0.361157,0.824467,-0.257635,0.36213,-0.350605
-0.936569,0.109806,-0.230503,0.240977,-0.91068,0.076888,-0.185087,0.361354,0.824447,-0.258043,0.362163,-0.350322
-0.936202,0.111321,-0.231242,0.241018,-0.910705,0.076815,-0.183519,0.362104,0.824283,-0.258333,0.362665,-0.349976
-0.936036,0.111795,-0.231206,0.241484,-0.911034,0.075456,-0.179701,0.363473,0.824013,-0.258611,0.363442,-0.349602
-0.936024,0.111183,-0.230385,0.242588,-0.911479,0.073342,-0.174575,0.36528,0.823681,-0.258782,0.364411,-0.349251
-0.936047,0.109657,-0.229022,0.244446,-0.911971,0.07103,-0.168873,0.367177,0.823257,-0.258887,0.365503,-0.34903
-0.936151,0.107677,-0.227191,0.246595,-0.912421,0.069115,-0.163396,0.368893,0.822848,-0.258819,0.366575,-0.348923
-0.936466,0.105682,-0.225233,0.248026,-0.912888,0.067826,-0.158578,0.370077,0.822515,-0.258671,0.367435,-0.348909
-0.936859,0.10403,-0.223504,0.248782,-0.913308,0.067068,-0.155186,0.370618,0.82234,-0.258534,0.367855,-0.348978
-0.937163,0.103248,-0.222287,0.249048,-0.913695,0.066673,-0.153363,0.370495,0.822278,-0.258402,0.367941,-0.349132
-0.937392,0.103467,-0.221854,0.248489,-0.914016,0.066965,-0.153013,0.369796,0.822364,-0.258326,0.367617,-0.349323
-0.937556,0.104551,-0.22231,0.247022,-0.91424,0.067808,-0.153958,0.368699,0.822556,-0.258205,0.367021,-0.349586
-0.937674,0.106086,-0.223275,0.245071,-0.914381,0.068949,-0.155893,0.367328,0.822813,-0.258123,0.366169,-0.349933
-0.937811,0.107501,-0.224315,0.242999,-0.914395,0.070355,-0.158511,0.365908,0.823075,-0.258114,0.365201,-0.350332
-0.937921,0.108574,-0.225348,0.241158,-0.914272,0.07163,-0.16151,0.364659,0.823308,-0.258203,0.364199,-0.350762
-0.9381,0.108914,-0.225991,0.23971,-0.914017,0.072471,-0.16476,0.363678,0.823513,-0.258229,0.36328,-0.351209
-0.938268,0.108465,-0.226238,0.239017,-0.913668,0.072746,-0.168143,0.362946,0.82376,-0.258225,0.362368,-0.351573
-0.938433,0.107484,-0.226019,0.239007,-0.913273,0.072402,-0.17137,0.362499,0.824,-0.258395,0.361435,-0.351846
-0.938655,0.106188,-0.225478,0.239202,-0.912931,0.071601,-0.174055,0.362234,0.824278,-0.258649,0.360528,-0.351941
-0.938863,0.104782,-0.224813,0.239609,-0.912672,0.070569,-0.175837,0.362223,0.824567,-0.258888,0.359698,-0.351938
-0.938986,0.103662,-0.224173,0.240198,-0.912624,0.069494,-0.176163,0.362387,0.824853,-0.259199,0.358995,-0.351763
-0.938932,0.103096,-0.223841,0.240947,-0.912753,0.06869,-0.174878,0.362837,0.825087,-0.259508,0.358494,-0.3515
-0.938706,0.103108,-0.22389,0.241773,-0.912987,0.068131,-0.1724,0.363537,0.825289,-0.259715,0.358135,-0.351244
-0.938329,0.103615,-0.224164,0.242764,-0.913267,0.068077,-0.168794,0.364538,0.825473,-0.259774,0.357929,-0.350981
-0.937782,0.104714,-0.22467,0.243945,-0.913503,0.068728,-0.164776,0.365665,0.825577,-0.259727,0.358006,-0.350696
-0.937186,0.106198,-0.225287,0.245039,-0.913676,0.069934,-0.160816,0.366772,0.825612,-0.259632,0.3583,-0.350385
-0.936728,0.107898,-0.225758,0.245639,-0.913764,0.071382,-0.157646,0.367657,0.825519,-0.259518,0.358816,-0.350161
-0.936423,0.109314,-0.226103,0.245875,-0.913771,0.072909,-0.155773,0.368143,0.825335,-0.259442,0.359499,-0.349952
-0.936218,0.110621,-0.2263,0.245913,-0.913742,0.07407,-0.155319,0.368178,0.825107,-0.25941,0.360132,-0.349862
-0.936212,0.111656,-0.226342,0.245444,-0.913694,0.074562,-0.156287,0.367791,0.824877,-0.259458,0.360675,-0.349809
-0.936416,0.112218,-0.226271,0.244488,-0.913618,0.074394,-0.158599,0.367022,0.824668,-0.259519,0.361064,-0.349854
-0.936773,0.112182,-0.226009,0.243384,-0.913489,0.073484,-0.162242,0.365928,0.824464,-0.259554,0.361316,-0.350045
-0.93711,0.111555,-0.225516,0.242829,-0.913226,0.072005,-0.166846,0.364797,0.824262,-0.259658,0.361473,-0.350278
-0.937404,0.110532,-0.224747,0.24286,-0.912827,0.070116,-0.171714,0.363894,0.824078,-0.259818,0.361525,-0.350536
-0.937794,0.109009,-0.223869,0.242836,-0.912437,0.068119,-0.176048,0.363168,0.823906,-0.260036,0.361512,-0.350789
-0.938058,0.107428,-0.223226,0.243085,-0.912165,0.066119,-0.179202,0.362667,0.823747,-0.260269,0.36156,-0.350936
-0.93831,0.105978,-0.222824,0.243099,-0.912164,0.064729,-0.180563,0.362243,0.823587,-0.260483,0.361683,-0.351027
-0.938422,0.104759,-0.22283,0.243164,-0.912328,0.063812,-0.180348,0.362095,0.823414,-0.260678,0.36189,-0.351071
-0.93833,0.104254,-0.223236,0.243353,-0.912594,0.063516,-0.178899,0.362196,0.823177,-0.260886,0.362289,-0.351062
-0.938023,0.104547,-0.224169,0.243555,-0.912961,0.063823,-0.176318,0.362489,0.822819,-0.261145,0.362927,-0.351047
-0.937542,0.105599,-0.225435,0.243793,-0.91334,0.064798,-0.173041,0.362942,0.822371,-0.26134,0.363902,-0.350941
-0.93698,0.107244,-0.22688,0.243917,-0.913717,0.066507,-0.169105,0.36355,0.821844,-0.261445,0.365093,-0.350858
-0.936595,0.109013,-0.228262,0.243342,-0.91407,0.068823,-0.16463,0.364297,0.821317,-0.261515,0.366356,-0.350723
-0.936298,0.11052,-0.229476,0.242686,-0.914309,0.071409,-0.159927,0.365305,0.820843,-0.26153,0.367541,-0.350581
-0.936103,0.111596,-0.230058,0.242414,-0.914481,0.073904,-0.155396,0.366345,0.8205,-0.261489,0.368483,-0.350423
-0.936207,0.111829,-0.229896,0.242063,-0.914692,0.075698,-0.151714,0.367,0.820333,-0.261424,0.36898,-0.350339
-0.93649,0.111439,-0.2291,0.2419,-0.914934,0.076355,-0.149902,0.36701,0.820352,-0.261283,0.369071,-0.350305
-0.936792,0.111029,-0.228173,0.241793,-0.91511,0.076072,-0.150286,0.366475,0.820563,-0.261082,0.368775,-0.350272
-0.93737,0.110396,-0.227158,0.240797,-0.915199,0.075169,-0.152825,0.365386,0.820921,-0.260844,0.368187,-0.350232
-0.938097,0.109362,-0.226258,0.239275,-0.915108,0.073461,-0.157576,0.36393,0.821416,-0.260594,0.36716,-0.350338
-0.938619,0.108237,-0.225471,0.238469,-0.91467,0.071195,-0.164174,0.362548,0.821949,-0.260397,0.365874,-0.35058
-0.938932,0.107208,-0.224701,0.238415,-0.91387,0.068781,-0.172016,0.361378,0.822467,-0.260363,0.36442,-0.350905
-0.93908,0.106255,-0.224279,0.238644,-0.912922,0.066499,-0.179529,0.360532,0.822948,-0.260423,0.363185,-0.351015
-0.939027,0.105888,-0.224477,0.238817,-0.912226,0.064715,-0.184867,0.359904,0.82329,-0.260635,0.362343,-0.350931
-0.938918,0.105741,-0.225218,0.23861,-0.912032,0.063778,-0.186952,0.359482,0.82346,-0.26093,0.36189,-0.350782
-0.938654,0.105896,-0.226365,0.238493,-0.912227,0.063745,-0.186013,0.359482,0.823479,-0.261209,0.361801,-0.350622
-0.938133,0.106598,-0.227788,0.238873,-0.912726,0.064459,-0.182633,0.359829,0.823347,-0.261463,0.362166,-0.350369
-0.937402,0.108018,-0.229439,0.239539,-0.913484,0.065605,-0.177519,0.360267,0.822995,-0.261662,0.362984,-0.350201
-0.936547,0.109919,-0.231118,0.240419,-0.91429,0.067298,-0.171603,0.360788,0.822499,-0.261738,0.364224,-0.350022
-0.935919,0.112036,-0.232569,0.240516,-0.915077,0.069606,-0.164765,0.361559,0.82189,-0.261733,0.365774,-0.349836
-0.935479,0.113876,-0.233795,0.2402,-0.915693,0.072251,-0.157495,0.362731,0.821242,-0.261655,0.367423,-0.349685
-0.93528,0.115026,-0.234284,0.239969,-0.916145,0.074985,-0.150183,0.364149,0.820723,-0.261561,0.368884,-0.349435
-0.935498,0.115047,-0.233801,0.239587,-0.916529,0.077527,-0.143818,0.365233,0.820353,-0.261471,0.369937,-0.349256
-0.935977,0.114097,-0.232545,0.239384,-0.91686,0.079307,-0.139399,0.365741,0.820165,-0.261352,0.370478,-0.349213
-0.936359,0.112965,-0.231068,0.239841,-0.9171,0.080199,-0.137588,0.365637,0.820151,-0.261198,0.370565,-0.349267
-0.93665,0.112251,-0.229756,0.240292,-0.917228,0.080287,-0.13851,0.36495,0.820384,-0.261051,0.370078,-0.349348
-0.93729,0.111448,-0.22858,0.239291,-0.917314,0.079683,-0.141874,0.363571,0.82077,-0.260886,0.369115,-0.349583
-0.938029,0.110517,-0.227575,0.237778,-0.917181,0.078234,-0.14798,0.361775,0.821273,-0.260645,0.367772,-0.349997
-0.938461,0.109924,-0.2268,0.237084,-0.916685,0.076171,-0.156135,0.360026,0.821742,-0.260496,0.3664,-0.350442
-0.938647,0.109639,-0.226215,0.237039,-0.915802,0.073956,-0.165604,0.358481,0.822163,-0.260533,0.365094,-0.350789
-0.938623,0.109558,-0.226106,0.237271,-0.914663,0.072228,-0.174972,0.357274,0.822489,-0.260637,0.363986,-0.351099
-0.938481,0.109772,-0.226603,0.237259,-0.913671,0.071311,-0.182651,0.356141,0.822691,-0.260834,0.363223,-0.351269
-0.938224,0.110488,-0.227788,0.236817,-0.913131,0.071509,-0.187022,0.355212,0.822796,-0.261136,0.362755,-0.351282
-0.937848,0.111286,-0.229415,0.236371,-0.913056,0.072474,-0.187939,0.354729,0.82287,-0.261602,0.362476,-0.351054
-0.937218,0.11247,-0.231295,0.236483,-0.913376,0.073277,-0.18585,0.354846,0.822778,-0.262106,0.36254,-0.350831
-0.936456,0.114102,-0.23322,0.236849,-0.914002,0.073824,-0.181298,0.355485,0.822442,-0.26266,0.363107,-0.350619
-0.935691,0.115882,-0.23493,0.237334,-0.914737,0.073981,-0.175194,0.356625,0.82179,-0.263181,0.364361,-0.350454
-0.935046,0.117349,-0.236105,0.238002,-0.915434,0.074161,-0.168341,0.358103,0.820969,-0.263523,0.36608,-0.350327
-0.934692,0.11824,-0.23666,0.238413,-0.916131,0.074827,-0.161066,0.359536,0.820002,-0.263679,0.368128,-0.350323
-0.934589,0.118456,-0.236591,0.238778,-0.916813,0.075953,-0.153274,0.360977,0.819025,-0.263701,0.370243,-0.350357
-0.934863,0.117923,-0.235625,0.238921,-0.91753,0.07763,-0.145504,0.362024,0.818236,-0.263681,0.371954,-0.350397
-0.935405,0.116705,-0.23403,0.238955,-0.918272,0.07945,-0.139048,0.362299,0.817673,-0.263638,0.373132,-0.350489
-0.936033,0.115198,-0.232062,0.239128,-0.918989,0.081161,-0.13457,0.361806,0.817394,-0.263454,0.373703,-0.350664
-0.936395,0.114372,-0.230476,0.239632,-0.919537,0.082671,-0.132623,0.360802,0.817436,-0.263086,0.373626,-0.350924
-0.93651,0.114624,-0.229659,0.239858,-0.919828,0.084172,-0.133038,0.359569,0.817826,-0.262631,0.372728,-0.351305
-0.936775,0.115182,-0.229439,0.238776,-0.919886,0.08557,-0.135602,0.358136,0.818498,-0.262245,0.371096,-0.351756
-0.937125,0.11592,-0.229524,0.236984,-0.919727,0.086527,-0.139778,0.35671,0.81939,-0.261845,0.368905,-0.352282
-0.937407,0.116364,-0.229845,0.235346,-0.919276,0.086942,-0.145472,0.35549,0.820296,-0.261527,0.366563,-0.352854
-0.937435,0.116685,-0.23019,0.234746,-0.918503,0.086733,-0.151962,0.354817,0.821079,-0.261434,0.364402,-0.353338
-0.93742,0.116542,-0.230328,0.23474,-0.917619,0.086059,-0.158334,0.354468,0.821689,-0.26153,0.362634,-0.35367
-0.937363,0.116125,-0.230481,0.235013,-0.916894,0.084915,-0.163289,0.354362,0.821978,-0.261807,0.361545,-0.353908
-0.937317,0.115574,-0.230727,0.235215,-0.916552,0.083593,-0.165893,0.354343,0.822077,-0.262172,0.361077,-0.353888
-0.937276,0.114893,-0.231091,0.235339,-0.916615,0.082276,-0.165873,0.35449,0.821967,-0.262647,0.36118,-0.353686
-0.937152,0.11424,-0.231439,0.235791,-0.916908,0.080957,-0.163738,0.355024,0.821683,-0.263165,0.361743,-0.35339
-0.936912,0.114072,-0.231834,0.236429,-0.917298,0.079874,-0.16052,0.355729,0.821229,-0.263664,0.362755,-0.353037
-0.936562,0.114367,-0.232244,0.237265,-0.917717,0.079474,-0.156448,0.356554,0.820604,-0.264107,0.364211,-0.352659
-0.936134,0.114925,-0.232639,0.238298,-0.91806,0.07984,-0.152323,0.357376,0.81989,-0.264348,0.365913,-0.352377
-0.935885,0.11572,-0.232743,0.238805,-0.918375,0.080816,-0.148627,0.357912,0.819181,-0.264564,0.367644,-0.352061
-0.935772,0.116376,-0.232724,0.238954,-0.918628,0.082209,-0.145958,0.358052,0.818548,-0.264659,0.369171,-0.351861
-0.935672,0.117028,-0.232692,0.239068,-0.918791,0.083667,-0.144223,0.358008,0.818084,-0.264665,0.370311,-0.351738
-0.935551,0.117834,-0.232786,0.239069,-0.918829,0.084924,-0.143441,0.357934,0.817828,-0.264597,0.370828,-0.351837
-0.935492,0.118633,-0.23292,0.238788,-0.918779,0.085907,-0.143494,0.357811,0.817763,-0.264523,0.370866,-0.351998
-0.935534,0.119151,-0.233001,0.2383,-0.918696,0.086446,-0.144247,0.357596,0.817789,-0.264428,0.370547,-0.352343
-0.935745,0.119108,-0.232718,0.23777,-0.918572,0.086318,-0.145666,0.357367,0.817926,-0.264434,0.369949,-0.352649
-0.936161,0.118366,-0.23199,0.237209,-0.918359,0.085569,-0.147603,0.357295,0.818114,-0.264448,0.369297,-0.352881
-0.936668,0.116884,-0.230972,0.236919,-0.918118,0.084152,-0.149767,0.35734,0.818341,-0.264545,0.368567,-0.353047
-0.937213,0.114748,-0.229674,0.237037,-0.917871,0.08221,-0.151782,0.357567,0.818536,-0.264593,0.367922,-0.353232
-0.937731,0.112334,-0.228266,0.237471,-0.917687,0.079934,-0.153431,0.357838,0.81877,-0.264654,0.367278,-0.353315
-0.938194,0.110005,-0.2271,0.237813,-0.917706,0.077484,-0.154145,0.35801,0.818989,-0.264692,0.366708,-0.35337
-0.93851,0.108093,-0.226335,0.238141,-0.917896,0.075287,-0.153714,0.358167,0.819159,-0.264873,0.36624,-0.353327
-0.938638,0.106881,-0.225989,0.238489,-0.91814,0.073712,-0.152313,0.358464,0.819309,-0.265028,0.365888,-0.353231
-0.938569,0.106601,-0.226137,0.238739,-0.918443,0.072982,-0.150297,0.358688,0.819349,-0.265214,0.365738,-0.353155
-0.938333,0.1072,-0.226599,0.238968,-0.918746,0.073363,-0.148083,0.35876,0.819313,-0.265351,0.365787,-0.353084
-0.937922,0.108596,-0.227365,0.239243,-0.919041,0.074916,-0.145857,0.358605,0.819193,-0.265502,0.366044,-0.352986
-0.937376,0.110767,-0.228429,0.239404,-0.919306,0.077416,-0.143812,0.358232,0.818999,-0.265517,0.366492,-0.352956
-0.936936,0.113259,-0.229586,0.23889,-0.919522,0.08063,-0.142041,0.357692,0.818796,-0.265456,0.367047,-0.352899
-0.936547,0.115713,-0.230738,0.238171,-0.919698,0.083898,-0.140976,0.356927,0.818666,-0.265288,0.367519,-0.352832
-0.936206,0.117879,-0.231844,0.237406,-0.919762,0.086683,-0.140744,0.356202,0.818611,-0.265121,0.367875,-0.352717
-0.935949,0.119774,-0.23274,0.236625,-0.919745,0.088682,-0.141511,0.355457,0.818612,-0.264964,0.367979,-0.352724
-0.935963,0.120811,-0.233248,0.235564,-0.91962,0.089787,-0.143397,0.354753,0.818692,-0.264874,0.367841,-0.352749
-0.936208,0.120802,-0.233269,0.234576,-0.919374,0.089858,-0.146497,0.354104,0.818822,-0.264881,0.367539,-0.352756
-0.936644,0.119672,-0.232756,0.23391,-0.918968,0.088851,-0.15093,0.353541,0.818982,-0.264978,0.367096,-0.352774
-0.937096,0.117649,-0.231789,0.234056,-0.918397,0.086926,-0.15629,0.353157,0.819132,-0.265177,0.36658,-0.352817
-0.937544,0.115344,-0.230649,0.234497,-0.917735,0.084488,-0.161996,0.352881,0.819253,-0.265424,0.366085,-0.352861
-0.93796,0.113118,-0.229607,0.234903,-0.917163,0.082255,-0.166977,0.352559,0.819309,-0.265699,0.365775,-0.352848
-0.938204,0.111493,-0.229097,0.235177,-0.916932,0.080605,-0.169828,0.352167,0.819277,-0.266029,0.365675,-0.352778
-0.938167,0.110745,-0.229248,0.235517,-0.917146,0.079776,-0.169439,0.351985,0.819208,-0.266315,0.365801,-0.352593
-0.937732,0.111234,-0.230213,0.236076,-0.917648,0.079901,-0.166092,0.352247,0.819121,-0.266541,0.366005,-0.352416
-0.93703,0.11281,-0.231752,0.236621,-0.918448,0.080553,-0.160462,0.352634,0.81903,-0.266578,0.366336,-0.352254
-0.936207,0.11519,-0.233463,0.237083,-0.919379,0.081623,-0.153458,0.353091,0.818874,-0.266552,0.366862,-0.352093
-0.935664,0.117626,-0.234819,0.236725,-0.92032,0.083228,-0.145839,0.353514,0.818614,-0.266367,0.367688,-0.351975
-0.935337,0.119555,-0.235849,0.236063,-0.921208,0.085086,-0.137833,0.353986,0.818302,-0.266043,0.368664,-0.35192
-0.935406,0.120384,-0.235914,0.23532,-0.922127,0.086931,-0.129894,0.354168,0.817969,-0.265685,0.369633,-0.351946
-0.935779,0.120244,-0.23519,0.234637,-0.922948,0.088386,-0.122998,0.354146,0.817782,-0.265328,0.370308,-0.35194
-0.936282,0.119404,-0.233891,0.234351,-0.923579,0.089291,-0.11793,0.354013,0.817746,-0.265025,0.37053,-0.352017
-0.936687,0.118517,-0.232444,0.234612,-0.924048,0.089474,-0.11524,0.353634,0.817887,-0.264768,0.370246,-0.352179
-0.937112,0.117831,-0.230958,0.234721,-0.924329,0.089098,-0.115309,0.352971,0.818215,-0.26449,0.369444,-0.352468
-0.937801,0.116894,-0.229642,0.233727,-0.924468,0.08819,-0.11816,0.351888,0.818738,-0.264169,0.368222,-0.352774
-0.938635,0.11544,-0.228277,0.232426,-0.924368,0.086848,-0.123701,0.350572,0.819377,-0.26379,0.366701,-0.353154
-0.939176,0.114081,-0.227091,0.232055,-0.92383,0.085075,-0.132034,0.349364,0.820029,-0.263489,0.365063,-0.353564
-0.939477,0.112893,-0.226158,0.232314,-0.922845,0.083286,-0.142218,0.348378,0.820627,-0.263355,0.363446,-0.353941
-0.939562,0.111963,-0.225762,0.232786,-0.921572,0.081758,-0.152829,0.347593,0.821124,-0.263379,0.362025,-0.354228
-0.939503,0.111677,-0.226048,0.232877,-0.920357,0.080823,-0.162104,0.346808,0.821513,-0.263562,0.360863,-0.354376
-0.93923,0.112075,-0.227273,0.232597,-0.919351,0.080856,-0.169172,0.346087,0.821774,-0.263869,0.360061,-0.35436
-0.938734,0.113118,-0.229284,0.232129,-0.918711,0.081679,-0.173101,0.345649,0.821888,-0.264288,0.359607,-0.354248
-0.938136,0.114554,-0.23159,0.231567,-0.918517,0.082967,-0.173736,0.345544,0.821824,-0.264783,0.359557,-0.354078
-0.937206,0.116633,-0.234238,0.231656,-0.91864,0.084396,-0.171844,0.345826,0.821535,-0.265403,0.359959,-0.353877
-0.936169,0.118938,-0.236806,0.232088,-0.919051,0.085783,-0.167768,0.346406,0.820963,-0.266013,0.361005,-0.35368
-0.935147,0.121242,-0.238964,0.232827,-0.919562,0.087064,-0.162212,0.347386,0.820098,-0.266595,0.362708,-0.353507
-0.934374,0.123266,-0.240351,0.233461,-0.920022,0.088309,-0.155736,0.348825,0.819083,-0.267036,0.364897,-0.35327
-0.934071,0.124545,-0.240773,0.233581,-0.92046,0.089758,-0.148795,0.350339,0.817934,-0.267365,0.367409,-0.353074
-0.934138,0.124871,-0.240064,0.233877,-0.921021,0.091134,-0.141825,0.351411,0.816912,-0.267573,0.36981,-0.352775
-0.934587,0.124139,-0.238221,0.234353,-0.921693,0.09211,-0.135778,0.351796,0.816114,-0.267625,0.371753,-0.352537
-0.935159,0.122947,-0.235893,0.235041,-0.922389,0.092393,-0.131481,0.351539,0.815664,-0.267511,0.373061,-0.352283
-0.935799,0.121727,-0.233258,0.235747,-0.922991,0.09175,-0.129549,0.350849,0.815625,-0.267209,0.373391,-0.352251
-0.936573,0.120672,-0.230839,0.235596,-0.923482,0.090503,-0.129909,0.349745,0.815996,-0.266744,0.372752,-0.352421
-0.937454,0.119647,-0.228867,0.234534,-0.923802,0.089064,-0.132713,0.348205,0.816736,-0.266166,0.371171,-0.352812
-0.938236,0.118624,-0.227471,0.233282,-0.923788,0.087603,-0.137777,0.346636,0.817753,-0.265544,0.368779,-0.353434
-0.938651,0.117923,-0.226538,0.232866,-0.923325,0.086474,-0.144614,0.345353,0.81885,-0.265073,0.365972,-0.354163
-0.9388,0.1176,-0.22618,0.232774,-0.922436,0.085969,-0.152992,0.344232,0.819916,-0.264774,0.363172,-0.3548
-0.938666,0.11777,-0.226496,0.232924,-0.921318,0.086066,-0.161663,0.343225,0.82077,-0.264703,0.360792,-0.355307
-0.938396,0.11847,-0.227506,0.232681,-0.920343,0.08697,-0.168905,0.342118,0.821419,-0.264814,0.35887,-0.355671
-0.937978,0.119765,-0.229194,0.232063,-0.919812,0.088319,-0.173178,0.341066,0.82182,-0.265008,0.357643,-0.355835
-0.937454,0.121227,-0.231214,0.231436,-0.919802,0.089713,-0.174095,0.340269,0.821931,-0.265366,0.357119,-0.355842
-0.936855,0.122586,-0.23315,0.231213,-0.920234,0.090345,-0.171886,0.340065,0.821757,-0.2658,0.357382,-0.355655
-0.936297,0.123859,-0.234703,0.231241,-0.920983,0.089974,-0.167379,0.340391,0.821237,-0.266359,0.358441,-0.355373
-0.935805,0.124745,-0.235719,0.23173,-0.921764,0.089045,-0.161601,0.341311,0.820463,-0.266759,0.360273,-0.35501
-0.93539,0.125123,-0.236163,0.232742,-0.922509,0.08798,-0.154673,0.342785,0.819438,-0.267088,0.362684,-0.354671
-0.935304,0.124719,-0.235845,0.233619,-0.923203,0.087441,-0.147033,0.344417,0.818383,-0.267258,0.365249,-0.354342
-0.935351,0.123736,-0.235302,0.234476,-0.923774,0.087711,-0.139342,0.34602,0.81739,-0.2674,0.367661,-0.354033
-0.935696,0.122328,-0.234102,0.23502,-0.924218,0.088984,-0.132076,0.34737,0.816662,-0.267551,0.369464,-0.353718
-0.93619,0.120834,-0.232536,0.235361,-0.924639,0.090673,-0.126364,0.347953,0.816186,-0.267604,0.370619,-0.353565
-0.93664,0.119586,-0.230938,0.235767,-0.924985,0.092297,-0.123242,0.347739,0.816019,-0.267533,0.371001,-0.353605
-0.936768,0.119445,-0.229956,0.236288,-0.925205,0.093773,-0.123164,0.346797,0.816108,-0.267369,0.370774,-0.353759
-0.936883,0.120497,-0.229648,0.235617,-0.925259,0.095243,-0.125776,0.345321,0.816509,-0.267138,0.369796,-0.35403
-0.937182,0.121867,-0.229914,0.233495,-0.925114,0.096484,-0.131253,0.343326,0.817083,-0.266765,0.368356,-0.354487
-0.937331,0.123273,-0.230449,0.231652,-0.924639,0.097054,-0.139048,0.34137,0.817738,-0.266401,0.366657,-0.355012
-0.937299,0.124644,-0.230868,0.230659,-0.923763,0.09686,-0.148253,0.339909,0.818396,-0.266149,0.36491,-0.355484
-0.937098,0.125601,-0.231334,0.230509,-0.922614,0.095504,-0.157852,0.339066,0.818903,-0.266024,0.363509,-0.355844
-0.937017,0.125657,-0.231586,0.230552,-0.921548,0.093014,-0.166344,0.338571,0.819324,-0.266061,0.362359,-0.35602
-0.937147,0.124672,-0.231695,0.230432,-0.920879,0.089788,-0.172197,0.338308,0.819661,-0.266201,0.361505,-0.35601
-0.937379,0.122681,-0.231766,0.230448,-0.920627,0.086422,-0.175072,0.338371,0.819928,-0.266471,0.360791,-0.355919
-0.93764,0.120146,-0.231629,0.230812,-0.920801,0.083269,-0.175006,0.338704,0.82007,-0.266743,0.360373,-0.355815
-0.937633,0.118133,-0.231662,0.231797,-0.92114,0.080832,-0.172868,0.339458,0.819974,-0.267109,0.360454,-0.355683
-0.937342,0.117141,-0.232034,0.233075,-0.921515,0.07962,-0.169336,0.340502,0.819616,-0.267493,0.361153,-0.35551
-0.936764,0.117464,-0.232961,0.234301,-0.921926,0.079946,-0.164773,0.341558,0.818996,-0.267831,0.362419,-0.355392
-0.93607,0.118997,-0.234167,0.235114,-0.922343,0.081784,-0.159332,0.342592,0.818201,-0.268033,0.364194,-0.355253
-0.935442,0.121133,-0.235628,0.23509,-0.922784,0.084896,-0.153059,0.343531,0.817352,-0.268097,0.366164,-0.355131
-0.934905,0.123711,-0.23695,0.234599,-0.923183,0.088918,-0.146668,0.344257,0.816591,-0.268045,0.36801,-0.355009
-0.93468,0.125936,-0.237637,0.233657,-0.923657,0.093053,-0.140864,0.344349,0.81599,-0.267984,0.369516,-0.354869
-0.934658,0.127705,-0.237708,0.232746,-0.924112,0.096356,-0.136724,0.343912,0.815571,-0.267882,0.370569,-0.354812
-0.934614,0.129179,-0.237508,0.232344,-0.924472,0.098664,-0.134802,0.343069,0.815378,-0.267715,0.371126,-0.354799
-0.934701,0.130488,-0.23703,0.23178,-0.92468,0.099962,-0.135284,0.341951,0.81541,-0.267506,0.371133,-0.354874
-0.935111,0.131113,-0.236497,0.230336,-0.924718,0.100296,-0.138345,0.340528,0.815726,-0.267278,0.370436,-0.355048
-0.935812,0.130685,-0.235572,0.228685,-0.924477,0.099572,-0.143679,0.339172,0.816331,-0.267008,0.368994,-0.35536
-0.936342,0.129654,-0.234592,0.228104,-0.923739,0.098037,-0.151417,0.338245,0.817105,-0.266806,0.367095,-0.355702
-0.936678,0.128499,-0.2337,0.228278,-0.922528,0.09642,-0.160693,0.33771,0.817908,-0.266779,0.365019,-0.356013
-0.936789,0.127455,-0.233306,0.228784,-0.92102,0.095332,-0.170399,0.337353,0.818637,-0.266922,0.363053,-0.356245
-0.936765,0.126829,-0.233604,0.228912,-0.919745,0.095244,-0.178026,0.336906,0.81919,-0.267154,0.361552,-0.356329
-0.936514,0.126989,-0.234983,0.228436,-0.919056,0.096216,-0.182033,0.336367,0.819577,-0.267502,0.360465,-0.356281
-0.935832,0.127847,-0.237236,0.228423,-0.919132,0.097538,-0.181318,0.336173,0.819792,-0.267882,0.359816,-0.35616
-0.934822,0.129429,-0.240039,0.228755,-0.920004,0.098522,-0.17601,0.33634,0.819815,-0.268318,0.359603,-0.355998
-0.933584,0.131855,-0.24308,0.229234,-0.921414,0.098887,-0.167013,0.336975,0.81957,-0.26866,0.35999,-0.355911
-0.93236,0.1349,-0.24581,0.22957,-0.923013,0.098896,-0.15542,0.33816,0.818997,-0.268898,0.361183,-0.355839
-0.931734,0.137062,-0.247572,0.228971,-0.92464,0.099041,-0.142393,0.339428,0.818095,-0.269026,0.363133,-0.355829
-0.931756,0.137662,-0.248076,0.227984,-0.926136,0.10004,-0.128106,0.340772,0.81699,-0.268992,0.365609,-0.35585
-0.932483,0.136551,-0.246944,0.226903,-0.927375,0.102116,-0.113598,0.34196,0.815869,-0.26884,0.368224,-0.355835
-0.933755,0.133956,-0.244032,0.226343,-0.928392,0.104556,-0.100649,0.342554,0.814939,-0.268692,0.370474,-0.355736
-0.93516,0.130558,-0.240158,0.226627,-0.929176,0.106646,-0.09115,0.342473,0.814302,-0.268382,0.372102,-0.355728
-0.936192,0.127971,-0.236346,0.227818,-0.929805,0.108201,-0.086284,0.341559,0.813986,-0.267956,0.372978,-0.355851
-0.936947,0.126694,-0.232995,0.228864,-0.930241,0.109171,-0.085981,0.340154,0.814217,-0.267265,0.372731,-0.356099
-0.937833,0.126281,-0.230461,0.228041,-0.930546,0.109906,-0.089777,0.338105,0.81515,-0.266504,0.370926,-0.35642
-0.938553,0.126213,-0.229392,0.226207,-0.930403,0.110278,-0.098601,0.335909,0.816918,-0.265906,0.367053,-0.356831
-0.938629,0.127246,-0.229498,0.225228,-0.929506,0.110161,-0.112326,0.3341,0.819298,-0.26629,0.36137,-0.356903
-0.938011,0.129488,-0.230715,0.225317,-0.927606,0.109669,-0.130296,0.332981,0.821784,-0.267791,0.354994,-0.356486
-0.936995,0.132758,-0.232793,0.225551,-0.924644,0.109397,-0.150859,0.332586,0.82403,-0.269516,0.348817,-0.356118
-0.935688,0.136517,-0.235723,0.225743,-0.920941,0.109854,-0.171625,0.332599,0.825899,-0.270882,0.343539,-0.355899
-0.934201,0.140361,-0.239411,0.225714,-0.917555,0.111198,-0.187952,0.332658,0.827391,-0.271692,0.339252,-0.355938
-0.932449,0.144262,-0.244017,0.225607,-0.915393,0.11334,-0.196517,0.332932,0.828496,-0.272194,0.336037,-0.356043
-0.930758,0.147096,-0.248593,0.225788,-0.91473,0.115539,-0.196824,0.333822,0.829244,-0.27266,0.333906,-0.355958
-0.929129,0.149042,-0.25238,0.227017,-0.915389,0.116116,-0.190482,0.3355,0.829505,-0.27312,0.333133,-0.355726
-0.927766,0.150703,-0.254973,0.228594,-0.91697,0.114629,-0.179066,0.337976,0.829048,-0.273364,0.334129,-0.355666
-0.927042,0.151577,-0.255641,0.230196,-0.918869,0.111416,-0.165014,0.341027,0.827764,-0.273201,0.337179,-0.355893
-0.92716,0.151004,-0.254325,0.231539,-0.920877,0.107113,-0.148558,0.344528,0.825664,-0.272822,0.342142,-0.356305
-0.928213,0.148317,-0.251247,0.232382,-0.9229,0.102555,-0.130312,0.347863,0.823172,-0.272583,0.347938,-0.356623
-0.930427,0.142934,-0.246081,0.232367,-0.925068,0.098006,-0.112093,0.349757,0.820653,-0.27263,0.353786,-0.356623
-0.933639,0.134972,-0.238748,0.231802,-0.927233,0.093453,-0.096859,0.349824,0.818457,-0.272638,0.358899,-0.356541
-0.936832,0.126994,-0.230489,0.23169,-0.92919,0.088865,-0.086703,0.348492,0.816803,-0.272339,0.363045,-0.356358
-0.939325,0.120224,-0.22301,0.232441,-0.930807,0.084641,-0.082587,0.34622,0.815748,-0.272073,0.365533,-0.356426
-0.941474,0.114906,-0.216861,0.232196,-0.932247,0.080983,-0.083629,0.342949,0.815297,-0.271904,0.366169,-0.356925
-0.943614,0.110393,-0.212668,0.229518,-0.933394,0.077958,-0.089666,0.338973,0.815727,-0.271284,0.364541,-0.358067
-0.945205,0.10695,-0.210746,0.226315,-0.933877,0.075582,-0.101191,0.334892,0.81706,-0.270716,0.360533,-0.359509
-0.945883,0.105185,-0.210829,0.2242,-0.9333,0.07408,-0.117911,0.331318,0.819042,-0.271306,0.354532,-0.360524
-0.945674,0.105203,-0.212775,0.223226,-0.931506,0.074008,-0.138672,0.328294,0.821392,-0.273927,0.346909,-0.360624
-0.94475,0.107253,-0.216456,0.222645,-0.928548,0.075534,-0.161783,0.32571,0.823498,-0.27835,0.338995,-0.359989
-0.943267,0.111463,-0.221712,0.221748,-0.924974,0.078823,-0.18357,0.32352,0.825393,-0.282516,0.331226,-0.359654
-0.941114,0.1179,-0.228803,0.220451,-0.921676,0.084054,-0.1999,0.321939,0.827288,-0.285028,0.324054,-0.359867
-0.938386,0.125591,-0.237131,0.21914,-0.91934,0.090653,-0.208231,0.321573,0.829331,-0.28581,0.317361,-0.360515
-0.935519,0.133056,-0.245387,0.218001,-0.918227,0.097187,-0.208872,0.32247,0.831284,-0.285452,0.311777,-0.361178
-0.932622,0.139844,-0.252777,0.217816,-0.918112,0.102138,-0.203293,0.324858,0.832783,-0.284782,0.30799,-0.36151
-0.929968,0.14597,-0.258393,0.21863,-0.918616,0.105364,-0.192958,0.32871,0.833471,-0.284047,0.306755,-0.361554
-0.927923,0.150427,-0.261671,0.220442,-0.919359,0.107009,-0.179226,0.333854,0.833166,-0.283379,0.30845,-0.361339
-0.926646,0.152872,-0.262438,0.223221,-0.92019,0.107783,-0.162055,0.34004,0.831713,-0.283232,0.313145,-0.36076
-0.926479,0.153052,-0.260424,0.226123,-0.921336,0.107926,-0.14271,0.345526,0.829309,-0.283798,0.320039,-0.359795
-0.927839,0.150349,-0.254943,0.228556,-0.922913,0.106851,-0.124474,0.3487,0.826382,-0.284861,0.327991,-0.358519
-0.930162,0.145079,-0.247325,0.230812,-0.924674,0.104297,-0.111071,0.349338,0.823287,-0.286047,0.336083,-0.357195
-0.932284,0.139398,-0.239883,0.233517,-0.926189,0.101175,-0.104219,0.348359,0.820374,-0.286799,0.343601,-0.356133
-0.933806,0.1355,-0.233775,0.235863,-0.927364,0.09841,-0.103179,0.346328,0.81794,-0.287218,0.349682,-0.355466
-0.935503,0.132704,-0.22924,0.235161,-0.928111,0.096625,-0.107827,0.343398,0.816432,-0.287183,0.353321,-0.355352
-0.937072,0.130706,-0.226376,0.232796,-0.928032,0.095331,-0.118714,0.340358,0.815778,-0.287042,0.354276,-0.356008
-0.938115,0.13009,-0.225072,0.230203,-0.926991,0.09397,-0.134948,0.337487,0.815811,-0.286943,0.352908,-0.357352
-0.938316,0.130831,-0.225623,0.22844,-0.924897,0.092325,-0.155037,0.335008,0.816293,-0.286907,0.349956,-0.35916
-0.937887,0.132225,-0.227635,0.227423,-0.921967,0.090656,-0.176421,0.332908,0.816871,-0.287207,0.346445,-0.360991
-0.937085,0.133865,-0.230908,0.226489,-0.918885,0.089817,-0.195204,0.331132,0.81755,-0.287844,0.342689,-0.362515
-0.935955,0.135979,-0.235253,0.225444,-0.916325,0.090525,-0.208551,0.329871,0.818403,-0.288819,0.338642,-0.363609
-0.934595,0.138378,-0.240152,0.224481,-0.914605,0.093187,-0.21572,0.329297,0.819425,-0.289841,0.334518,-0.364311
-0.933073,0.14131,-0.245071,0.223702,-0.913773,0.097072,-0.217214,0.329521,0.82046,-0.29049,0.330868,-0.364799
-0.93135,0.144895,-0.249552,0.223674,-0.913587,0.101112,-0.214223,0.330804,0.821335,-0.290562,0.328245,-0.365144
-0.929588,0.14882,-0.253358,0.224189,-0.913939,0.104796,-0.207363,0.333078,0.82174,-0.290215,0.327259,-0.365392
-0.928027,0.152264,-0.256082,0.225286,-0.914684,0.107612,-0.197133,0.336352,0.821579,-0.289642,0.328112,-0.365443
-0.927022,0.15434,-0.257356,0.226574,-0.915769,0.109593,-0.183541,0.340445,0.820821,-0.28917,0.330667,-0.365214
-0.926896,0.154555,-0.256657,0.22773,-0.917181,0.110605,-0.168014,0.344329,0.819533,-0.288983,0.33457,-0.364697
-0.92797,0.152515,-0.253204,0.228573,-0.919083,0.109729,-0.153713,0.346225,0.817975,-0.28902,0.339148,-0.363934
-0.929847,0.148205,-0.247694,0.229758,-0.921083,0.106522,-0.143943,0.346112,0.816494,-0.289013,0.343613,-0.363079
-0.931502,0.143562,-0.242165,0.231827,-0.922717,0.101786,-0.139852,0.344851,0.815309,-0.288722,0.347487,-0.362284
-0.933162,0.13943,-0.23725,0.232701,-0.923896,0.096764,-0.140765,0.342749,0.814579,-0.288301,0.350177,-0.361672
-0.934866,0.135264,-0.233478,0.232089,-0.924296,0.091881,-0.147326,0.340217,0.814347,-0.287794,0.351314,-0.361498
-0.936172,0.131603,-0.230786,0.231572,-0.92367,0.087346,-0.158971,0.337826,0.814526,-0.28758,0.350796,-0.361765
-0.936912,0.129423,-0.229465,0.231097,-0.92195,0.083473,-0.174595,0.335738,0.81499,-0.287977,0.348968,-0.362171
-0.936963,0.128885,-0.229814,0.230834,-0.919407,0.080935,-0.191634,0.333993,0.815598,-0.288794,0.346469,-0.36255
-0.936538,0.130157,-0.231869,0.229801,-0.916922,0.08055,-0.205793,0.332462,0.816318,-0.289485,0.343701,-0.363013
-0.935734,0.132743,-0.235443,0.227997,-0.91503,0.082868,-0.214893,0.331344,0.817171,-0.289964,0.340809,-0.363441
-0.934696,0.135544,-0.239617,0.22629,-0.914013,0.087362,-0.218713,0.330518,0.818092,-0.290188,0.338027,-0.363789
-0.933197,0.139189,-0.244115,0.225502,-0.913745,0.092357,-0.218441,0.330111,0.818923,-0.290218,0.335892,-0.363879
-0.931502,0.143487,-0.248461,0.225123,-0.914069,0.097033,-0.214647,0.330397,0.819378,-0.289976,0.335049,-0.363824
-0.929967,0.147665,-0.252055,0.224832,-0.914764,0.100786,-0.208199,0.331505,0.819395,-0.289581,0.335514,-0.363675
-0.928744,0.150843,-0.254574,0.224981,-0.915779,0.103238,-0.199298,0.333439,0.818924,-0.289202,0.337297,-0.363387
-0.928076,0.152519,-0.255793,0.225247,-0.917048,0.104785,-0.188092,0.335987,0.817998,-0.289021,0.340204,-0.362907
-0.927949,0.152625,-0.255784,0.225704,-0.918446,0.105621,-0.175615,0.33867,0.816765,-0.289075,0.343671,-0.362372
-0.928605,0.151083,-0.253983,0.226059,-0.919987,0.105786,-0.163588,0.340466,0.815455,-0.289208,0.34717,-0.361877
-0.92998,0.147707,-0.250759,0.226193,-0.921448,0.105086,-0.154274,0.341093,0.814289,-0.289132,0.350271,-0.36157
-0.931338,0.143971,-0.247174,0.226909,-0.922543,0.103747,-0.149255,0.34078,0.813423,-0.288758,0.352835,-0.361323
-0.932277,0.141047,-0.244077,0.228193,-0.923132,0.102231,-0.148828,0.339826,0.812939,-0.288082,0.354481,-0.361341
-0.933386,0.138434,-0.241402,0.228073,-0.923304,0.100842,-0.152576,0.338101,0.812944,-0.287376,0.354896,-0.36148
-0.934635,0.135724,-0.23948,0.226581,-0.922944,0.099282,-0.160235,0.335984,0.813332,-0.286969,0.354072,-0.361738
-0.935563,0.133473,-0.238572,0.225016,-0.921993,0.097691,-0.170813,0.33382,0.814047,-0.287262,0.352137,-0.361791
-0.935889,0.132483,-0.238597,0.224207,-0.92048,0.096341,-0.182649,0.332093,0.81491,-0.288072,0.349498,-0.361769
-0.935843,0.132417,-0.239529,0.223439,-0.918921,0.095455,-0.192953,0.330814,0.816015,-0.288865,0.34627,-0.361759
-0.935387,0.133136,-0.241371,0.22294,-0.917658,0.095364,-0.200091,0.330092,0.817245,-0.289217,0.342929,-0.361889
-0.934771,0.134008,-0.243696,0.222475,-0.916958,0.096046,-0.203562,0.329717,0.818459,-0.289331,0.339739,-0.362068
-0.934046,0.135149,-0.246164,0.222125,-0.916771,0.097312,-0.203726,0.329769,0.819489,-0.289237,0.337087,-0.362296
-0.933137,0.136706,-0.248481,0.222428,-0.916822,0.098914,-0.201384,0.330601,0.820265,-0.289011,0.335263,-0.362417
-0.93208,0.138745,-0.25063,0.223204,-0.917005,0.100909,-0.197094,0.332087,0.820656,-0.288704,0.33449,-0.362492
-0.930925,0.141181,-0.252476,0.224436,-0.91732,0.103134,-0.191033,0.334086,0.820552,-0.288384,0.335032,-0.36248
-0.929853,0.143616,-0.253799,0.225864,-0.917788,0.105172,-0.183615,0.336334,0.819905,-0.288304,0.336834,-0.362335
-0.929286,0.145436,-0.254273,0.226523,-0.918496,0.106868,-0.175529,0.338194,0.818821,-0.288503,0.339656,-0.361992
-0.929265,0.146185,-0.25364,0.226853,-0.919336,0.107772,-0.168464,0.339232,0.817515,-0.288792,0.342968,-0.361587
-0.929718,0.145824,-0.251806,0.227275,-0.92021,0.107323,-0.164006,0.339197,0.816134,-0.289113,0.346392,-0.361182
-0.930487,0.144726,-0.249285,0.227602,-0.920968,0.105642,-0.1625,0.338385,0.814837,-0.289168,0.349591,-0.360977
-0.931653,0.142981,-0.246491,0.226968,-0.921486,0.103148,-0.164194,0.336915,0.813792,-0.288999,0.352149,-0.360978
-0.933119,0.140405,-0.243534,0.225724,-0.921645,0.099989,-0.169039,0.335012,0.813093,-0.288556,0.35373,-0.361351
-0.934477,0.13733,-0.240932,0.22475,-0.9214,0.096252,-0.17625,0.333031,0.812778,-0.287915,0.354335,-0.361969
-0.935501,0.134418,-0.238657,0.224641,-0.920764,0.092386,-0.184318,0.33148,0.8128,-0.287228,0.35404,-0.362744
-0.936214,0.132006,-0.237299,0.224503,-0.92008,0.089192,-0.191181,0.330336,0.813119,-0.28686,0.352949,-0.363377
-0.936599,0.130237,-0.237111,0.224098,-0.919526,0.087608,-0.195653,0.329667,0.813695,-0.28701,0.351206,-0.36366
-0.936466,0.129273,-0.2381,0.224137,-0.9191,0.087856,-0.197916,0.329436,0.814516,-0.287547,0.348737,-0.363777
-0.935778,0.129874,-0.240116,0.224509,-0.918778,0.089845,-0.198504,0.329454,0.815545,-0.28784,0.345996,-0.363861
-0.934606,0.132395,-0.243013,0.224827,-0.918433,0.093434,-0.197876,0.329815,0.816603,-0.287845,0.343438,-0.363916
-0.933062,0.136549,-0.246612,0.224893,-0.917999,0.098512,-0.196332,0.330499,0.817454,-0.287538,0.341671,-0.363916
-0.931302,0.141727,-0.250472,0.224795,-0.917573,0.104604,-0.193962,0.331247,0.818014,-0.287135,0.340755,-0.363838
-0.929468,0.147237,-0.254168,0.224776,-0.917289,0.110806,-0.190633,0.331987,0.818172,-0.2868,0.340793,-0.363713
-0.927849,0.152139,-0.257293,0.224716,-0.917226,0.116262,-0.186094,0.332908,0.817968,-0.286707,0.341617,-0.363475
-0.926748,0.155918,-0.259432,0.224272,-0.917468,0.120094,-0.180335,0.334074,0.81744,-0.286823,0.343175,-0.363104
-0.926415,0.157766,-0.26013,0.223577,-0.918016,0.121415,-0.174706,0.335097,0.816621,-0.287115,0.345258,-0.362739
-0.926918,0.157311,-0.258745,0.223428,-0.918795,0.119795,-0.170604,0.335654,0.815643,-0.28739,0.347564,-0.362517
-0.92831,0.154471,-0.255347,0.223508,-0.919634,0.115346,-0.169191,0.335609,0.814632,-0.287578,0.34987,-0.362417
-0.930427,0.149455,-0.250626,0.223393,-0.920367,0.108708,-0.171113,0.334805,0.813709,-0.287762,0.351902,-0.362374
-0.932691,0.142856,-0.24544,0.223931,-0.92075,0.100235,-0.176227,0.333685,0.812967,-0.287872,0.353456,-0.362432
-0.934956,0.13562,-0.239779,0.225003,-0.920807,0.090974,-0.183064,0.332437,0.812487,-0.287843,0.354297,-0.362704
-0.937004,0.128464,-0.234737,0.22589,-0.920678,0.082171,-0.189862,0.331207,0.812257,-0.287931,0.354376,-0.363067
-0.93847,0.122404,-0.231043,0.226873,-0.920499,0.075467,-0.194987,0.330271,0.812253,-0.288419,0.353753,-0.363297
-0.939375,0.118243,-0.228996,0.22734,-0.920454,0.071704,-0.197832,0.329515,0.812568,-0.289293,0.352303,-0.363307
-0.939605,0.116211,-0.228755,0.227638,-0.920416,0.070999,-0.199151,0.328974,0.813268,-0.289896,0.350135,-0.363362
-0.939166,0.116854,-0.230118,0.227751,-0.920327,0.07309,-0.19956,0.328529,0.814347,-0.28986,0.347512,-0.363497
-0.938091,0.120165,-0.233034,0.22754,-0.920127,0.077604,-0.199583,0.32807,0.815532,-0.289316,0.345056,-0.363616
-0.936484,0.125509,-0.237198,0.22705,-0.919706,0.084168,-0.199446,0.327757,0.816685,-0.288591,0.342934,-0.363619
-0.934578,0.131971,-0.24198,0.22629,-0.919124,0.091884,-0.198925,0.327685,0.817563,-0.287895,0.341423,-0.363626
-0.932631,0.138708,-0.246798,0.225196,-0.918549,0.099408,-0.197857,0.327795,0.818168,-0.287323,0.340461,-0.363622
-0.930955,0.144733,-0.251041,0.223738,-0.918091,0.10543,-0.196247,0.328207,0.818422,-0.286924,0.340233,-0.363579
-0.929871,0.149064,-0.25412,0.222003,-0.917794,0.109085,-0.194209,0.329074,0.818321,-0.286845,0.340675,-0.363458
-0.929355,0.151244,-0.255684,0.220931,-0.917713,0.109935,-0.191883,0.330385,0.817948,-0.286963,0.341593,-0.363341
-0.929451,0.150954,-0.255469,0.22097,-0.917922,0.108096,-0.189188,0.331949,0.817374,-0.287074,0.342905,-0.363305
-0.930116,0.148182,-0.253559,0.222188,-0.918357,0.104083,-0.186201,0.333686,0.816617,-0.287248,0.344585,-0.363278
-0.931087,0.143659,-0.250424,0.224548,-0.918975,0.098696,-0.183042,0.335335,0.815738,-0.287462,0.346604,-0.363159
-0.932414,0.137965,-0.246259,0.227104,-0.919657,0.092953,-0.179933,0.336756,0.814804,-0.287606,0.348729,-0.363101
-0.933739,0.132021,-0.242165,0.229482,-0.920314,0.087538,-0.17717,0.337847,0.813932,-0.287635,0.350728,-0.363105
-0.934865,0.12677,-0.238567,0.23153,-0.920835,0.083245,-0.174998,0.338621,0.813216,-0.287671,0.352307,-0.363147
-0.935639,0.122967,-0.235977,0.233039,-0.921161,0.080606,-0.173651,0.339052,0.81273,-0.287867,0.353334,-0.36308
-0.936061,0.120983,-0.234515,0.233826,-0.921307,0.079919,-0.173212,0.339039,0.812492,-0.288046,0.35378,-0.363034
-0.936092,0.120952,-0.234365,0.233869,-0.921268,0.081377,-0.174003,0.338403,0.812557,-0.288166,0.353511,-0.363054
-0.935782,0.122864,-0.23546,0.233047,-0.921061,0.084391,-0.17592,0.337252,0.812935,-0.288089,0.352597,-0.363161
-0.935326,0.126049,-0.237463,0.231192,-0.920622,0.088355,-0.178892,0.33589,0.813554,-0.287973,0.351115,-0.363304
-0.934749,0.129948,-0.240105,0.228698,-0.920036,0.092325,-0.182594,0.334452,0.814296,-0.287767,0.349321,-0.363538
-0.934188,0.133642,-0.242826,0.226043,-0.919373,0.095762,-0.186668,0.333072,0.815068,-0.287549,0.347351,-0.363866
-0.933737,0.136566,-0.245142,0.223704,-0.918853,0.097954,-0.1902,0.331881,0.815779,-0.287241,0.345612,-0.364175
-0.933453,0.138301,-0.246863,0.221962,-0.918583,0.098635,-0.192441,0.331134,0.816366,-0.286987,0.344197,-0.3644
-0.93335,0.138636,-0.247741,0.221209,-0.918589,0.098034,-0.193174,0.330866,0.81672,-0.286836,0.343299,-0.364572
-0.933505,0.137571,-0.247695,0.221253,-0.918808,0.096421,-0.192683,0.33101,0.816867,-0.286796,0.342966,-0.364589
-0.93381,0.135748,-0.24698,0.221855,-0.919099,0.094271,-0.191367,0.331573,0.816797,-0.286747,0.343255,-0.364511
-0.934084,0.133725,-0.245987,0.222985,-0.919395,0.092163,-0.189592,0.332351,0.816459,-0.286785,0.344208,-0.36434
-0.934343,0.131876,-0.244827,0.22424,-0.919653,0.090654,-0.187587,0.333182,0.815876,-0.28683,0.345753,-0.364147
-0.934473,0.130566,-0.243862,0.225486,-0.919894,0.089872,-0.185366,0.333966,0.815087,-0.286941,0.347717,-0.363952
-0.934466,0.130045,-0.243233,0.226479,-0.92012,0.089959,-0.183338,0.334444,0.814247,-0.287058,0.349753,-0.363789
-0.934426,0.130214,-0.242814,0.227001,-0.920332,0.090779,-0.181904,0.33443,0.813433,-0.287167,0.35172,-0.363622
-0.934437,0.131028,-0.242645,0.226684,-0.92053,0.091827,-0.181532,0.333809,0.812701,-0.287088,0.353453,-0.363637
-0.934517,0.1321,-0.242742,0.225655,-0.920706,0.092794,-0.182128,0.332738,0.812078,-0.286907,0.354924,-0.363734
-0.934642,0.133026,-0.243052,0.224281,-0.920814,0.093391,-0.183606,0.331462,0.811659,-0.286686,0.355891,-0.363893
-0.934879,0.133439,-0.243262,0.22283,-0.920796,0.093437,-0.185884,0.330227,0.81153,-0.286679,0.356089,-0.363991
-0.935188,0.13325,-0.24329,0.221618,-0.92068,0.092916,-0.188533,0.329187,0.811638,-0.286972,0.355589,-0.364008
-0.935522,0.132518,-0.24311,0.220833,-0.920513,0.092001,-0.191115,0.328416,0.811992,-0.287446,0.354511,-0.3639
-0.935781,0.131388,-0.242867,0.220665,-0.920416,0.090903,-0.192929,0.327924,0.812522,-0.287897,0.353029,-0.363807
-0.935892,0.130137,-0.242832,0.220943,-0.920412,0.089956,-0.193734,0.327713,0.813189,-0.288232,0.351291,-0.363737
-0.935896,0.129176,-0.242929,0.221361,-0.920431,0.089389,-0.193747,0.327804,0.813926,-0.288372,0.349522,-0.363687
-0.935776,0.12883,-0.243274,0.221681,-0.920476,0.089305,-0.193212,0.328018,0.814692,-0.288256,0.347855,-0.363669
-0.935495,0.129282,-0.24383,0.22199,-0.920534,0.089822,-0.192163,0.328331,0.815374,-0.28801,0.346497,-0.363638
-0.935106,0.130411,-0.244682,0.222052,-0.920538,0.091058,-0.190689,0.32885,0.815982,-0.287598,0.345523,-0.363528
-0.934592,0.13219,-0.24569,0.222081,-0.920476,0.092819,-0.18912,0.329445,0.816377,-0.287179,0.345045,-0.363433
-0.934024,0.134226,-0.246697,0.222164,-0.920385,0.095002,-0.187385,0.330085,0.816557,-0.286833,0.345079,-0.363271
-0.933465,0.13625,-0.247616,0.222291,-0.920275,0.097283,-0.185681,0.330706,0.816586,-0.286515,0.345451,-0.363103
-0.933027,0.137826,-0.248288,0.222434,-0.920107,0.099432,-0.184165,0.331391,0.816488,-0.286341,0.346076,-0.362868
-0.932771,0.138992,-0.248524,0.222543,-0.919966,0.100767,-0.183408,0.33181,0.816265,-0.286244,0.346916,-0.362645
-0.932804,0.139247,-0.248204,0.222608,-0.919919,0.100896,-0.183462,0.33187,0.815956,-0.286224,0.347734,-0.362573
-0.933086,0.138553,-0.247503,0.222631,-0.91987,0.100071,-0.184398,0.331733,0.815659,-0.286232,0.34848,-0.362516
-0.933465,0.137364,-0.24671,0.222638,-0.919789,0.098616,-0.1861,0.331432,0.81533,-0.286383,0.349137,-0.362502
-0.933936,0.135834,-0.245788,0.222595,-0.919664,0.096958,-0.188286,0.331018,0.814918,-0.286611,0.349791,-0.362616
-0.934404,0.134193,-0.244886,0.222598,-0.919501,0.095294,-0.19073,0.330543,0.81444,-0.286839,0.350462,-0.362857
-0.934803,0.132809,-0.244072,0.222625,-0.919394,0.093958,-0.192742,0.330044,0.813909,-0.287127,0.35115,-0.363146
-0.935048,0.131834,-0.243562,0.222718,-0.919429,0.093062,-0.193846,0.329547,0.813385,-0.287411,0.351949,-0.363317
-0.935165,0.131297,-0.243397,0.222712,-0.919548,0.092833,-0.194038,0.329166,0.812854,-0.287642,0.352837,-0.363457
-0.93511,0.131365,-0.243586,0.222697,-0.919767,0.093095,-0.193363,0.328882,0.812439,-0.287776,0.353621,-0.363516
-0.934922,0.132016,-0.244091,0.222562,-0.920051,0.093701,-0.192068,0.328682,0.812137,-0.287718,0.354251,-0.36362
-0.934678,0.133032,-0.244726,0.222301,-0.920337,0.094589,-0.190386,0.328613,0.811998,-0.28755,0.354674,-0.363649
-0.934351,0.134251,-0.245543,0.22206,-0.920555,0.095637,-0.188656,0.328707,0.811982,-0.287303,0.354808,-0.363749
-0.934033,0.135415,-0.246355,0.221813,-0.920678,0.096704,-0.187008,0.328999,0.812096,-0.287044,0.354679,-0.363823
-0.933739,0.136476,-0.247067,0.221624,-0.920672,0.097683,-0.185903,0.329363,0.812336,-0.286687,0.354347,-0.363895
-0.933567,0.137141,-0.24753,0.221433,-0.920568,0.098503,-0.185656,0.329553,0.812629,-0.286384,0.353866,-0.363947
-0.933538,0.137405,-0.247716,0.221191,-0.920475,0.098808,-0.186319,0.329347,0.812924,-0.286095,0.353342,-0.364027
-0.933657,0.13729,-0.247673,0.220809,-0.92029,0.098816,-0.187956,0.328928,0.81323,-0.2858,0.352873,-0.36403
-0.933868,0.136911,-0.247548,0.220286,-0.920024,0.098518,-0.190127,0.32851,0.813449,-0.285601,0.352539,-0.364022
-0.934151,0.136259,-0.247296,0.219766,-0.919719,0.097826,-0.192495,0.328187,0.813579,-0.285408,0.352357,-0.364061
-0.934452,0.135395,-0.24692,0.219434,-0.919506,0.096848,-0.194236,0.328037,0.813591,-0.285256,0.352339,-0.364166
-0.934689,0.134508,-0.246548,0.219372,-0.919486,0.095837,-0.194924,0.327975,0.813507,-0.285249,0.35249,-0.364213
-0.934865,0.133594,-0.246225,0.219526,-0.919638,0.09482,-0.194516,0.32808,0.813323,-0.285281,0.352817,-0.364279
-0.934992,0.132762,-0.245939,0.219796,-0.919896,0.093833,-0.193319,0.328341,0.813062,-0.285454,0.35328,-0.364277
-0.935083,0.132148,-0.245631,0.22011,-0.920175,0.093204,-0.191703,0.328687,0.81268,-0.285641,0.353997,-0.364286
-0.935084,0.131903,-0.245438,0.220456,-0.920437,0.092943,-0.189996,0.329016,0.812217,-0.285825,0.354861,-0.364331
-0.934985,0.132066,-0.245444,0.220775,-0.920681,0.093227,-0.188283,0.329245,0.811708,-0.285945,0.355904,-0.364349
-0.934783,0.132715,-0.245626,0.221049,-0.92085,0.094261,-0.186709,0.329383,0.811254,-0.286092,0.356924,-0.364246
-0.934465,0.13386,-0.246082,0.221213,-0.92094,0.09579,-0.185442,0.329416,0.810908,-0.28622,0.357747,-0.364108
-0.934105,0.135416,-0.246653,0.22118,-0.92095,0.097715,-0.184644,0.329286,0.810767,-0.286341,0.358198,-0.363886
-0.9337,0.137264,-0.247453,0.220888,-0.920866,0.099729,-0.18442,0.329055,0.810851,-0.286465,0.358185,-0.363614
-0.93333,0.139042,-0.248326,0.220395,-0.920716,0.101699,-0.184869,0.328634,0.811122,-0.286553,0.35783,-0.363298
-0.933011,0.140699,-0.24915,0.219793,-0.920514,0.103454,-0.185968,0.328042,0.811564,-0.286473,0.357015,-0.363179
-0.932819,0.141804,-0.249799,0.219186,-0.920239,0.104761,-0.187777,0.327376,0.812128,-0.286268,0.355914,-0.363164
-0.932838,0.142207,-0.25015,0.218452,-0.919932,0.105202,-0.190264,0.326659,0.812766,-0.286044,0.354674,-0.36313
-0.933107,0.141804,-0.250066,0.217659,-0.919574,0.104642,-0.193456,0.325964,0.813433,-0.285853,0.353325,-0.363105
-0.933528,0.140714,-0.249715,0.216947,-0.919198,0.103269,-0.196974,0.32534,0.813936,-0.285653,0.352204,-0.363227
-0.934008,0.139209,-0.249142,0.216488,-0.91887,0.101335,-0.200288,0.324835,0.814307,-0.285481,0.351297,-0.363409
-0.934377,0.13764,-0.248572,0.21653,-0.918676,0.099211,-0.20275,0.324495,0.814475,-0.285332,0.350826,-0.363603
-0.934732,0.136148,-0.247867,0.216719,-0.918738,0.097324,-0.203931,0.324135,0.81442,-0.28527,0.350866,-0.363737
-0.935041,0.134914,-0.247296,0.216788,-0.919041,0.095948,-0.203749,0.323793,0.81414,-0.285315,0.351353,-0.363854
-0.935215,0.134105,-0.246939,0.216928,-0.919486,0.095079,-0.202464,0.323589,0.813753,-0.285341,0.352137,-0.363939
-0.935274,0.133695,-0.246753,0.217131,-0.919922,0.094879,-0.20056,0.323597,0.813314,-0.285366,0.353084,-0.363978
-0.935175,0.133876,-0.246855,0.217332,-0.920329,0.095268,-0.198363,0.323687,0.812915,-0.285329,0.354119,-0.363892
-0.93495,0.134503,-0.247177,0.217558,-0.920621,0.096097,-0.196243,0.323914,0.8125,-0.285235,0.355161,-0.363875
-0.934614,0.135389,-0.247781,0.217778,-0.920796,0.097264,-0.194152,0.324342,0.812103,-0.285266,0.3561,-0.363817
-0.93428,0.136247,-0.248423,0.217956,-0.920908,0.098449,-0.192387,0.324725,0.811866,-0.285295,0.356721,-0.363716
-0.933999,0.13698,-0.249013,0.218036,-0.920909,0.099485,-0.191378,0.32501,0.81177,-0.285371,0.35703,-0.363569
-0.933812,0.137611,-0.249467,0.21793,-0.920842,0.100163,-0.191499,0.324924,0.811768,-0.285486,0.357026,-0.363487
-0.93385,0.137916,-0.249631,0.217399,-0.920715,0.100437,-0.192961,0.324338,0.811839,-0.285598,0.356783,-0.36348
-0.934056,0.137816,-0.249613,0.216601,-0.92045,0.100387,-0.195831,0.323378,0.81199,-0.285601,0.356456,-0.363461
-0.934431,0.137304,-0.249369,0.215582,-0.920071,0.099807,-0.199859,0.322163,0.812161,-0.285584,0.356066,-0.363474
-0.934911,0.136425,-0.24892,0.21457,-0.919586,0.098761,-0.204427,0.320987,0.812349,-0.285513,0.355643,-0.363527
-0.935363,0.135251,-0.248351,0.213984,-0.918988,0.097409,-0.209218,0.320006,0.812517,-0.285469,0.355189,-0.363629
-0.935752,0.134096,-0.247697,0.213753,-0.91861,0.095782,-0.212837,0.319182,0.81267,-0.285432,0.354788,-0.363708
-0.93606,0.13309,-0.247305,0.213469,-0.918502,0.094459,-0.214657,0.318652,0.812805,-0.285438,0.354516,-0.363667
-0.936193,0.132541,-0.247292,0.21323,-0.918657,0.093984,-0.214389,0.318526,0.812945,-0.285435,0.354269,-0.363601
-0.93605,0.132661,-0.247808,0.213186,-0.919039,0.094532,-0.21193,0.318918,0.81306,-0.285449,0.354141,-0.363458
-0.935598,0.133622,-0.248677,0.213571,-0.91959,0.096166,-0.207598,0.319707,0.813117,-0.285456,0.354161,-0.363308
-0.934819,0.135597,-0.249898,0.214335,-0.920159,0.098754,-0.202239,0.320741,0.813113,-0.285461,0.354297,-0.36318
-0.933803,0.138596,-0.251447,0.215081,-0.920666,0.101888,-0.196615,0.321828,0.813009,-0.285387,0.354689,-0.363089
-0.932977,0.141668,-0.252935,0.214974,-0.921187,0.105138,-0.190851,0.322795,0.812763,-0.285278,0.355375,-0.363055
-0.932414,0.144072,-0.254096,0.214493,-0.921635,0.108057,-0.185936,0.323446,0.812471,-0.28514,0.356264,-0.362942
-0.932061,0.14583,-0.25481,0.214028,-0.922069,0.110294,-0.182067,0.323679,0.812222,-0.285057,0.357085,-0.362761
-0.931912,0.14691,-0.254997,0.21374,-0.922488,0.111479,-0.179773,0.323375,0.812076,-0.285073,0.3576,-0.36257
-0.932014,0.147226,-0.254698,0.213448,-0.922817,0.111599,-0.179331,0.322646,0.812132,-0.285223,0.357469,-0.362455
-0.932369,0.146783,-0.25403,0.212997,-0.92294,0.110906,-0.180831,0.321692,0.812377,-0.28545,0.356831,-0.362359
-0.932923,0.145703,-0.253098,0.212408,-0.922807,0.109434,-0.184403,0.320537,0.812831,-0.285742,0.355627,-0.362301
-0.933619,0.144032,-0.25186,0.21194,-0.922329,0.107311,-0.189761,0.319477,0.813324,-0.286242,0.354165,-0.362235
-0.934233,0.141874,-0.250603,0.212138,-0.921359,0.104779,-0.196966,0.318722,0.813805,-0.286729,0.352697,-0.362204
-0.934755,0.139768,-0.249143,0.212913,-0.920022,0.102152,-0.205045,0.318304,0.814273,-0.287064,0.351376,-0.362174
-0.935228,0.137835,-0.247889,0.213522,-0.918726,0.099747,-0.212254,0.318049,0.814685,-0.287203,0.350286,-0.362195
-0.935597,0.136308,-0.247062,0.21382,-0.917849,0.098165,-0.216839,0.317959,0.814949,-0.287353,0.349492,-0.362252
-0.935579,0.135667,-0.247146,0.214191,-0.917672,0.097793,-0.217452,0.318164,0.815136,-0.287447,0.348856,-0.36237
-0.935103,0.136202,-0.248045,0.214884,-0.918297,0.098506,-0.213296,0.318963,0.81528,-0.287482,0.348281,-0.362568
-0.934195,0.137917,-0.249693,0.215846,-0.919662,0.099915,-0.204731,0.320228,0.815321,-0.287467,0.347985,-0.362772
-0.932924,0.14092,-0.251707,0.2171,-0.921454,0.101646,-0.193762,0.32139,0.815213,-0.287293,0.348165,-0.362976
-0.931922,0.144398,-0.253314,0.217307,-0.923434,0.103498,-0.181222,0.322466,0.814861,-0.286957,0.349005,-0.36322
-0.931459,0.147108,-0.254339,0.216335,-0.925216,0.105109,-0.168872,0.323576,0.814285,-0.286473,0.350424,-0.363521
-0.931776,0.147999,-0.253874,0.214938,-0.92685,0.106294,-0.158009,0.324031,0.813623,-0.286058,0.352052,-0.363749
-0.932783,0.146752,-0.251951,0.213683,-0.928247,0.106757,-0.150245,0.323597,0.813017,-0.285704,0.353534,-0.36394
-0.933922,0.144458,-0.249332,0.213315,-0.929395,0.106216,-0.145925,0.322466,0.81256,-0.285502,0.35461,-0.364068
-0.935003,0.141994,-0.246476,0.21352,-0.930306,0.104628,-0.145309,0.320631,0.812388,-0.285344,0.354848,-0.364338
-0.936195,0.139437,-0.24395,0.21285,-0.931034,0.102147,-0.148134,0.318004,0.812468,-0.285193,0.354284,-0.364822
-0.937517,0.136706,-0.241958,0.211035,-0.931293,0.099237,-0.154533,0.315085,0.812905,-0.285235,0.352669,-0.365378
-0.938619,0.134317,-0.240777,0.208985,-0.930647,0.096501,-0.165301,0.312327,0.81379,-0.285959,0.349866,-0.365537
-0.939047,0.132926,-0.240644,0.208084,-0.928701,0.094998,-0.180318,0.310224,0.814993,-0.288474,0.345901,-0.364673
-0.938889,0.133175,-0.24113,0.208073,-0.925317,0.095391,-0.198728,0.308925,0.816111,-0.293163,0.341208,-0.36288
-0.938003,0.135526,-0.242438,0.209066,-0.920652,0.09771,-0.219217,0.308241,0.817014,-0.2983,0.336535,-0.361055
-0.936529,0.140001,-0.244602,0.210276,-0.915424,0.101616,-0.238795,0.307984,0.818038,-0.301961,0.331893,-0.360014
-0.934547,0.146464,-0.247911,0.210928,-0.910955,0.106813,-0.25288,0.308232,0.819356,-0.303227,0.327754,-0.359759
-0.932193,0.153684,-0.252431,0.210969,-0.908174,0.113004,-0.258587,0.30952,0.820958,-0.302861,0.323842,-0.359964
-0.929739,0.160249,-0.257416,0.210989,-0.907447,0.118536,-0.255733,0.311984,0.822635,-0.301845,0.320399,-0.360078
-0.927312,0.165483,-0.262075,0.211959,-0.908518,0.122729,-0.24491,0.315942,0.824113,-0.30064,0.317673,-0.36013
-0.925171,0.169446,-0.26519,0.214328,-0.910863,0.124619,-0.229089,0.320322,0.824975,-0.299424,0.316616,-0.360108
-0.923633,0.17193,-0.266319,0.217564,-0.913786,0.124014,-0.210059,0.325256,0.825034,-0.298304,0.317529,-0.360098
-0.923403,0.172348,-0.264784,0.220063,-0.916739,0.1216,-0.189711,0.330328,0.824205,-0.297394,0.320432,-0.360168
-0.924893,0.169517,-0.260067,0.221587,-0.91996,0.116804,-0.170119,0.333751,0.822702,-0.297074,0.324598,-0.360126
-0.928009,0.162902,-0.252168,0.222568,-0.923412,0.109488,-0.154087,0.334476,0.821008,-0.297125,0.32886,-0.360073
-0.931596,0.154326,-0.243166,0.223597,-0.926571,0.100798,-0.143073,0.333343,0.819396,-0.297194,0.332912,-0.359954
-0.93474,0.146245,-0.235045,0.224485,-0.929109,0.092334,-0.137019,0.331234,0.818074,-0.297218,0.336139,-0.359936
-0.937692,0.139098,-0.228047,0.223843,-0.93119,0.084553,-0.135401,0.328086,0.817154,-0.297207,0.338068,-0.360217
-0.940379,0.132834,-0.222724,0.221657,-0.932745,0.078169,-0.137892,0.324159,0.816759,-0.297094,0.338109,-0.361151
-0.942622,0.12762,-0.219192,0.21863,-0.933566,0.073382,-0.14436,0.320036,0.816834,-0.296998,0.336392,-0.362644
-0.944316,0.123407,-0.217475,0.215377,-0.933419,0.070628,-0.155147,0.315976,0.817231,-0.29701,0.333433,-0.364448
-0.945164,0.120297,-0.217776,0.21305,-0.931956,0.070526,-0.170429,0.312392,0.817709,-0.297889,0.32982,-0.365931
-0.945086,0.119237,-0.219803,0.211876,-0.929131,0.073803,-0.189353,0.309119,0.818138,-0.30082,0.325504,-0.366435
-0.944186,0.120992,-0.223433,0.211114,-0.925134,0.080287,-0.209866,0.306241,0.818569,-0.305676,0.320422,-0.365946
-0.942288,0.126587,-0.228989,0.210446,-0.920717,0.089349,-0.227963,0.30413,0.819102,-0.310052,0.315036,-0.365757
-0.939431,0.135727,-0.236399,0.209486,-0.91676,0.100313,-0.240169,0.303332,0.820374,-0.311801,0.309442,-0.3662
-0.935956,0.146346,-0.245163,0.207998,-0.913911,0.11163,-0.24502,0.304172,0.82217,-0.311587,0.304305,-0.366665
-0.932288,0.156462,-0.254152,0.20648,-0.912399,0.121376,-0.242573,0.306997,0.823897,-0.311027,0.30022,-0.366643
-0.928814,0.165092,-0.261941,0.205823,-0.912146,0.127989,-0.234007,0.311728,0.824974,-0.310666,0.298298,-0.366111
-0.926048,0.171004,-0.267109,0.206893,-0.912901,0.130778,-0.221022,0.317797,0.825416,-0.310247,0.298593,-0.365242
-0.924306,0.173656,-0.26915,0.20981,-0.91429,0.129887,-0.204306,0.325261,0.825089,-0.30987,0.3012,-0.364172
-0.923866,0.173377,-0.267368,0.214173,-0.916224,0.126068,-0.186339,0.332018,0.823896,-0.309889,0.306057,-0.362814
-0.925149,0.169527,-0.261323,0.219039,-0.918883,0.118947,-0.170166,0.335933,0.822,-0.310407,0.312417,-0.361254
-0.927594,0.162966,-0.252859,0.223454,-0.92174,0.109797,-0.157948,0.337154,0.819766,-0.311185,0.319286,-0.359658
-0.930314,0.155851,-0.244264,0.22665,-0.92428,0.100984,-0.150518,0.336323,0.817594,-0.31198,0.325549,-0.358298
-0.932903,0.149621,-0.23707,0.227768,-0.926255,0.093913,-0.148237,0.33392,0.815751,-0.31266,0.33038,-0.357479
-0.935239,0.14471,-0.231563,0.226977,-0.927451,0.089116,-0.15166,0.330336,0.814531,-0.312969,0.333123,-0.357438
-0.937267,0.141056,-0.2278,0.224685,-0.927746,0.086095,-0.160579,0.326043,0.814145,-0.312834,0.333531,-0.358044
-0.938758,0.138848,-0.225855,0.22177,-0.927002,0.084251,-0.174048,0.321671,0.814223,-0.312475,0.332195,-0.3594
-0.939653,0.138073,-0.225781,0.218532,-0.925316,0.083429,-0.190362,0.317439,0.814671,-0.312078,0.329464,-0.361218
-0.939827,0.138183,-0.227612,0.215807,-0.922952,0.083663,-0.20697,0.313814,0.815377,-0.31155,0.325862,-0.363321
-0.939231,0.139522,-0.231086,0.213861,-0.920525,0.086011,-0.220926,0.310767,0.816019,-0.311461,0.322176,-0.365217
-0.938014,0.142059,-0.235898,0.212302,-0.918381,0.091311,-0.230793,0.308444,0.816478,-0.312422,0.318556,-0.366531
-0.935956,0.146501,-0.241862,0.211716,-0.916536,0.099371,-0.236479,0.307183,0.816708,-0.314231,0.315212,-0.367354
-0.933213,0.153456,-0.248413,0.211413,-0.915137,0.109087,-0.237975,0.306978,0.816985,-0.315861,0.312288,-0.367832
-0.930158,0.16182,-0.255089,0.210826,-0.91418,0.119042,-0.235513,0.308108,0.817416,-0.316614,0.310241,-0.367961
-0.927216,0.169915,-0.261039,0.210267,-0.913749,0.127773,-0.229762,0.310294,0.817905,-0.316486,0.309456,-0.367655
-0.924734,0.17623,-0.265587,0.210398,-0.913896,0.134007,-0.22081,0.31376,0.818097,-0.316102,0.31023,-0.366916
-0.923078,0.179864,-0.26813,0.211411,-0.914741,0.137269,-0.208681,0.318184,0.817771,-0.31582,0.312607,-0.365878
-0.922493,0.180454,-0.268466,0.213021,-0.916299,0.137362,-0.194222,0.322793,0.817029,-0.31575,0.316054,-0.364643
-0.923307,0.177814,-0.265854,0.214924,-0.918452,0.133803,-0.180046,0.326355,0.816039,-0.315824,0.319857,-0.363487
-0.925329,0.172102,-0.260626,0.217165,-0.920705,0.12671,-0.169258,0.328573,0.814873,-0.315927,0.323716,-0.362596
-0.92771,0.1651,-0.254207,0.219917,-0.922529,0.117255,-0.16376,0.329698,0.813747,-0.315948,0.32727,-0.361918
-0.930473,0.157553,-0.247438,0.22138,-0.923821,0.107026,-0.164019,0.329372,0.812838,-0.315862,0.329957,-0.361594
-0.933152,0.149774,-0.241391,0.222064,-0.924175,0.096913,-0.170903,0.327937,0.812297,-0.315644,0.331312,-0.361755
-0.935389,0.143026,-0.236171,0.222612,-0.9235,0.08766,-0.183154,0.325739,0.81208,-0.315418,0.331353,-0.362391
-0.937048,0.137831,-0.23241,0.222789,-0.921737,0.080426,-0.198739,0.323377,0.811931,-0.315382,0.330779,-0.363266
-0.937974,0.135076,-0.230801,0.222212,-0.919491,0.076567,-0.213939,0.320948,0.811744,-0.315752,0.330033,-0.36403
-0.938171,0.134917,-0.231774,0.220463,-0.917376,0.076842,-0.225905,0.318706,0.811563,-0.316515,0.329057,-0.364646
-0.93764,0.136734,-0.235048,0.218158,-0.915719,0.081281,-0.233451,0.316945,0.811675,-0.317289,0.327386,-0.365222
-0.936166,0.140813,-0.240102,0.216442,-0.91444,0.088836,-0.237015,0.31601,0.812086,-0.317671,0.325203,-0.365918
-0.933808,0.147326,-0.24642,0.215293,-0.913553,0.09846,-0.236886,0.315891,0.812643,-0.317592,0.323008,-0.366687
-0.930743,0.155645,-0.253557,0.214552,-0.912901,0.109218,-0.23381,0.31661,0.813109,-0.317149,0.321583,-0.367284
-0.927448,0.164607,-0.260513,0.213932,-0.912656,0.120024,-0.22815,0.317618,0.813353,-0.316686,0.321081,-0.36758
-0.924571,0.17239,-0.266673,0.212794,-0.9129,0.129354,-0.21988,0.31916,0.813213,-0.31635,0.321768,-0.367579
-0.922623,0.17782,-0.271191,0.211157,-0.913612,0.136186,-0.209131,0.32155,0.812642,-0.316211,0.323515,-0.367425
-0.921902,0.180372,-0.27332,0.209447,-0.914897,0.139855,-0.19669,0.324202,0.811693,-0.31624,0.326128,-0.367183
-0.922775,0.179253,-0.272084,0.208173,-0.916661,0.139501,-0.184873,0.326328,0.810551,-0.316235,0.329233,-0.366936
-0.924777,0.174724,-0.267677,0.20878,-0.918579,0.134652,-0.176571,0.327552,0.809428,-0.316014,0.332379,-0.366762
-0.927351,0.168107,-0.260976,0.21115,-0.920259,0.126188,-0.17307,0.328029,0.808338,-0.315635,0.33556,-0.36659
-0.930543,0.159246,-0.253228,0.213247,-0.921549,0.115418,-0.174306,0.327652,0.807493,-0.315128,0.338191,-0.366465
-0.933636,0.149286,-0.245444,0.215845,-0.922091,0.103188,-0.180346,0.32685,0.806924,-0.314575,0.339943,-0.366568
-0.936319,0.139463,-0.238324,0.218576,-0.921819,0.090804,-0.189772,0.32586,0.806681,-0.313993,0.340619,-0.366968
-0.938262,0.130969,-0.232867,0.22121,-0.920843,0.079875,-0.200567,0.324918,0.806675,-0.313675,0.340313,-0.367529
-0.939414,0.124877,-0.229786,0.222944,-0.919535,0.072259,-0.210516,0.324042,0.806833,-0.313705,0.339304,-0.368082
-0.93973,0.121901,-0.229618,0.223371,-0.918156,0.06965,-0.218264,0.323366,0.807199,-0.314135,0.337508,-0.368563
-0.939042,0.122463,-0.23223,0.223251,-0.91686,0.07244,-0.22338,0.322941,0.807792,-0.314598,0.335046,-0.369111
-0.937227,0.12705,-0.237143,0.22321,-0.915751,0.079849,-0.225849,0.322671,0.80867,-0.314655,0.332238,-0.369676
-0.93446,0.135437,-0.243756,0.222878,-0.914922,0.090578,-0.22542,0.322559,0.809555,-0.314252,0.329918,-0.370157
-0.931093,0.146204,-0.251167,0.222103,-0.91427,0.102997,-0.222394,0.322871,0.810347,-0.313559,0.328324,-0.370429
-0.927663,0.157467,-0.258177,0.220896,-0.913955,0.114875,-0.21692,0.323565,0.810752,-0.312909,0.327888,-0.370482
-0.924714,0.167469,-0.264171,0.218983,-0.914096,0.12459,-0.20921,0.324717,0.810696,-0.312425,0.328695,-0.3703
-0.922859,0.174532,-0.267934,0.216839,-0.914806,0.130861,-0.200323,0.325909,0.810221,-0.312096,0.330536,-0.369979
-0.922517,0.177481,-0.268588,0.215164,-0.916105,0.13269,-0.19153,0.326831,0.809458,-0.312047,0.33298,-0.369501
-0.923447,0.176583,-0.26632,0.214733,-0.917743,0.130377,-0.184114,0.327426,0.808601,-0.312043,0.335508,-0.369093
-0.925119,0.172873,-0.261954,0.215867,-0.919299,0.124986,-0.17934,0.327793,0.807816,-0.311974,0.337756,-0.36882
-0.927415,0.167005,-0.256232,0.217406,-0.920615,0.117736,-0.177442,0.327774,0.807241,-0.311869,0.339382,-0.368672
-0.930057,0.159607,-0.250055,0.218749,-0.92145,0.109342,-0.179327,0.327255,0.806905,-0.311758,0.340346,-0.368611
-0.932773,0.151291,-0.243838,0.219977,-0.92154,0.100515,-0.185292,0.326445,0.806886,-0.311585,0.34046,-0.368694
-0.934996,0.143683,-0.238436,0.221427,-0.92068,0.092322,-0.19487,0.325642,0.807138,-0.311469,0.339818,-0.36883
-0.936667,0.137597,-0.234386,0.222451,-0.919072,0.086012,-0.206156,0.324898,0.807518,-0.311552,0.338632,-0.369019
-0.937619,0.133635,-0.232396,0.222874,-0.917174,0.082626,-0.21675,0.324202,0.808044,-0.311869,0.336987,-0.369108
-0.937665,0.132464,-0.232912,0.222815,-0.915583,0.083389,-0.224216,0.323416,0.80865,-0.312426,0.334959,-0.36916
-0.936654,0.134463,-0.236155,0.222478,-0.914406,0.088021,-0.228163,0.32278,0.809474,-0.312935,0.332461,-0.369186
-0.934696,0.139826,-0.241406,0.221841,-0.913583,0.095584,-0.229072,0.322365,0.810264,-0.31338,0.330141,-0.369164
-0.932153,0.147659,-0.247789,0.220552,-0.913127,0.10452,-0.227546,0.322025,0.810979,-0.313566,0.328305,-0.369079
-0.929424,0.156422,-0.254274,0.218779,-0.912978,0.113116,-0.224282,0.321899,0.811401,-0.313396,0.327499,-0.369015
-0.926967,0.164628,-0.259729,0.216912,-0.913245,0.120144,-0.219445,0.321985,0.811441,-0.313042,0.327936,-0.368843
-0.925218,0.17079,-0.263273,0.215452,-0.914013,0.124542,-0.213378,0.322253,0.811102,-0.31272,0.329424,-0.368537
-0.924501,0.174168,-0.264323,0.214607,-0.915254,0.125527,-0.206859,0.322619,0.810441,-0.312616,0.331688,-0.36805
-0.924954,0.174295,-0.262725,0.214531,-0.916772,0.123292,-0.201109,0.322804,0.809639,-0.312677,0.334195,-0.367499
-0.926414,0.17146,-0.259039,0.214961,-0.918191,0.118512,-0.197384,0.32284,0.808835,-0.312768,0.336466,-0.367116
-0.928413,0.166463,-0.254286,0.21586,-0.919295,0.112262,-0.196254,0.322582,0.808243,-0.312709,0.338113,-0.366957
-0.930524,0.160448,-0.249292,0.21705,-0.919897,0.105411,-0.198057,0.322031,0.8079,-0.312538,0.339083,-0.36696
-0.932621,0.153848,-0.24447,0.218203,-0.919835,0.098628,-0.202901,0.321285,0.80782,-0.312291,0.339393,-0.367058
-0.934521,0.147212,-0.240295,0.219172,-0.919019,0.09244,-0.210427,0.320563,0.80799,-0.312056,0.339013,-0.367232
-0.935935,0.141657,-0.237058,0.22022,-0.917477,0.087529,-0.219748,0.320049,0.808253,-0.311991,0.338157,-0.367498
-0.936745,0.137851,-0.235304,0.221002,-0.915571,0.084775,-0.229152,0.319612,0.808595,-0.312184,0.336919,-0.367717
-0.936667,0.136679,-0.23564,0.221671,-0.913724,0.08491,-0.236589,0.319429,0.808971,-0.312536,0.335462,-0.367923
-0.935879,0.13814,-0.237987,0.221596,-0.912361,0.088389,-0.240969,0.31912,0.809471,-0.312837,0.333799,-0.368081
-0.934362,0.141961,-0.242067,0.221216,-0.911549,0.094095,-0.242345,0.318805,0.810009,-0.313057,0.33221,-0.368153
-0.932306,0.14779,-0.24717,0.220514,-0.91122,0.10069,-0.240987,0.318809,0.810495,-0.3132,0.331014,-0.368041
-0.930057,0.154519,-0.252651,0.219291,-0.91112,0.106886,-0.23776,0.319543,0.810779,-0.313142,0.330638,-0.367809
-0.92802,0.160768,-0.257444,0.217952,-0.91125,0.11204,-0.233098,0.320881,0.810781,-0.312949,0.331195,-0.367472
-0.926591,0.165167,-0.260612,0.217051,-0.911669,0.115198,-0.227492,0.322618,0.810476,-0.31271,0.332547,-0.367131
-0.926004,0.167016,-0.261685,0.216881,-0.912372,0.115882,-0.221703,0.324422,0.809935,-0.31263,0.334423,-0.366689
-0.926267,0.166291,-0.260602,0.217606,-0.913237,0.114253,-0.216634,0.32598,0.809239,-0.312666,0.336538,-0.36626
-0.927251,0.163242,-0.257838,0.218956,-0.914112,0.110604,-0.213203,0.327029,0.808579,-0.312683,0.338472,-0.365922
-0.928694,0.158626,-0.254143,0.220469,-0.914802,0.105636,-0.211781,0.327634,0.808081,-0.312562,0.34003,-0.36568
-0.930282,0.153248,-0.250335,0.22184,-0.915224,0.100104,-0.212367,0.327778,0.807809,-0.312337,0.341032,-0.36554
-0.931771,0.147999,-0.246899,0.222915,-0.915357,0.094808,-0.214563,0.327514,0.807766,-0.311918,0.341412,-0.365636
-0.93298,0.143512,-0.244149,0.223742,-0.915173,0.090641,-0.217761,0.327065,0.807907,-0.311449,0.341279,-0.365847
-0.933764,0.140319,-0.242493,0.224243,-0.914767,0.088224,-0.22095,0.326701,0.808221,-0.31102,0.340706,-0.366051
-0.933998,0.138787,-0.242185,0.224526,-0.914452,0.08783,-0.222872,0.32638,0.808694,-0.310698,0.339662,-0.36625
-0.933675,0.13901,-0.24315,0.224681,-0.914412,0.089166,-0.222959,0.326076,0.809192,-0.3104,0.338433,-0.366539
-0.932974,0.140688,-0.245073,0.224482,-0.914752,0.09128,-0.221383,0.325632,0.809776,-0.310069,0.337045,-0.366808
-0.932072,0.143519,-0.247509,0.223808,-0.915389,0.093537,-0.218408,0.32523,0.810344,-0.309621,0.33588,-0.367004
-0.931159,0.146764,-0.249964,0.222826,-0.916089,0.095528,-0.21472,0.32516,0.810708,-0.309161,0.33521,-0.3672
-0.930371,0.149917,-0.251956,0.221831,-0.916759,0.097158,-0.211086,0.325183,0.810785,-0.308805,0.335262,-0.367282
-0.929958,0.152276,-0.253082,0.220719,-0.91738,0.098312,-0.2081,0.325027,0.81065,-0.308537,0.335933,-0.367191
-0.929851,0.153547,-0.253356,0.220005,-0.917812,0.098892,-0.206426,0.324706,0.810367,-0.308352,0.337028,-0.366968
-0.929995,0.153795,-0.252935,0.219714,-0.917931,0.098983,-0.206431,0.324342,0.81002,-0.308354,0.33816,-0.366694
-0.930397,0.152985,-0.252072,0.219563,-0.917658,0.098819,-0.208447,0.32387,0.809642,-0.308602,0.339123,-0.366432
-0.930795,0.15186,-0.251277,0.21955,-0.916989,0.098448,-0.212255,0.323396,0.809352,-0.309123,0.339641,-0.366153
-0.931128,0.150665,-0.250731,0.219567,-0.915911,0.098156,-0.217624,0.322955,0.809264,-0.309618,0.339667,-0.36591
-0.931293,0.149794,-0.250644,0.219545,-0.914365,0.098505,-0.224245,0.322688,0.80935,-0.310092,0.339182,-0.36577
-0.931253,0.14954,-0.251057,0.219409,-0.912358,0.099693,-0.231816,0.322645,0.80961,-0.310362,0.33833,-0.365758
-0.930963,0.149896,-0.252029,0.219285,-0.909986,0.101693,-0.239994,0.322738,0.809978,-0.310377,0.337377,-0.365812
-0.930362,0.151142,-0.253443,0.219365,-0.907654,0.10413,-0.247427,0.322909,0.81033,-0.31015,0.336673,-0.365875
-0.929651,0.152928,-0.255147,0.219192,-0.905661,0.106527,-0.253055,0.323366,0.81064,-0.309841,0.33618,-0.365904
-0.928995,0.154623,-0.256873,0.218789,-0.904564,0.108083,-0.25543,0.324051,0.810788,-0.309558,0.335968,-0.366009
-0.928526,0.155528,-0.258366,0.218394,-0.904555,0.108127,-0.253696,0.32542,0.810761,-0.309357,0.336084,-0.366133
-0.928259,0.155359,-0.259382,0.218436,-0.905715,0.106477,-0.247634,0.327399,0.810543,-0.309131,0.336527,-0.366392
-0.928225,0.154068,-0.259573,0.219232,-0.907752,0.103296,-0.238283,0.329702,0.81012,-0.309032,0.337291,-0.366704
-0.928538,0.151572,-0.258645,0.220679,-0.910193,0.098928,-0.227603,0.331839,0.809477,-0.309102,0.338494,-0.366948
-0.929297,0.148413,-0.256409,0.222179,-0.912683,0.093869,-0.21729,0.333368,0.808642,-0.309232,0.340182,-0.36711
-0.930555,0.144821,-0.253173,0.222938,-0.914941,0.088872,-0.209272,0.333665,0.807694,-0.309274,0.342236,-0.367246
-0.931914,0.141259,-0.249679,0.223435,-0.916729,0.084801,-0.204451,0.332793,0.806713,-0.309299,0.344554,-0.367206
-0.93312,0.138283,-0.246516,0.223737,-0.917918,0.08237,-0.202912,0.331056,0.805803,-0.309514,0.346691,-0.367009
-0.933949,0.136544,-0.244354,0.223699,-0.918531,0.081595,-0.204141,0.328785,0.805229,-0.310049,0.34794,-0.366636
-0.934408,0.136196,-0.243319,0.223129,-0.918532,0.082289,-0.207772,0.326324,0.805171,-0.311011,0.347727,-0.366157
-0.934502,0.137191,-0.243507,0.221942,-0.917939,0.084159,-0.213389,0.32389,0.805645,-0.3123,0.345964,-0.365697
-0.934235,0.139449,-0.244822,0.220257,-0.916667,0.087132,-0.220616,0.321867,0.806561,-0.313513,0.342935,-0.365502
-0.933603,0.142798,-0.247157,0.218238,-0.914635,0.091285,-0.229307,0.320427,0.807845,-0.314256,0.339036,-0.365672
-0.932478,0.14699,-0.250475,0.216554,-0.911826,0.096608,-0.23912,0.319718,0.809334,-0.314324,0.335034,-0.366014
-0.930985,0.151844,-0.254523,0.21499,-0.908558,0.103268,-0.248823,0.319556,0.810982,-0.313866,0.330937,-0.366492
-0.929184,0.157128,-0.258955,0.213777,-0.905453,0.11085,-0.256521,0.319773,0.812609,-0.313056,0.327146,-0.36699
-0.927236,0.162423,-0.263385,0.212946,-0.903254,0.118097,-0.260078,0.320558,0.814126,-0.31218,0.3239,-0.367257
-0.925375,0.166651,-0.267566,0.212626,-0.902641,0.123379,-0.257362,0.322511,0.815271,-0.311452,0.321653,-0.367317
-0.923799,0.169089,-0.270922,0.213321,-0.903786,0.125769,-0.248434,0.325395,0.815896,-0.310932,0.32065,-0.367253
-0.922821,0.16958,-0.272421,0.215222,-0.906263,0.124502,-0.235616,0.328517,0.81587,-0.310652,0.321129,-0.367132
-0.922689,0.168281,-0.271762,0.217579,-0.909296,0.120161,-0.220543,0.332187,0.815136,-0.310609,0.323143,-0.367023
-0.923795,0.165043,-0.268638,0.219186,-0.912404,0.113918,-0.205462,0.335503,0.813876,-0.310646,0.326491,-0.366823
-0.925828,0.159975,-0.263448,0.220584,-0.915326,0.106428,-0.193187,0.337269,0.812225,-0.310937,0.330771,-0.366395
-0.928373,0.153701,-0.256895,0.221982,-0.917918,0.098737,-0.185022,0.337118,0.810333,-0.311412,0.335415,-0.365951
-0.930803,0.147834,-0.250563,0.222948,-0.920025,0.091841,-0.18109,0.33543,0.808496,-0.311934,0.339752,-0.36556
-0.932946,0.143124,-0.245493,0.22265,-0.921625,0.086319,-0.180907,0.332567,0.807056,-0.312304,0.343023,-0.365366
-0.934606,0.139781,-0.242144,0.221443,-0.922555,0.082483,-0.184335,0.329043,0.806081,-0.312721,0.344934,-0.365354
-0.935716,0.137891,-0.240509,0.219702,-0.922642,0.080491,-0.191206,0.325331,0.80554,-0.313587,0.345287,-0.365469
-0.936257,0.137681,-0.24045,0.217599,-0.921697,0.08057,-0.201585,0.32169,0.80552,-0.315332,0.343902,-0.365318
-0.936102,0.138982,-0.241895,0.215862,-0.919483,0.082805,-0.2152,0.318615,0.805898,-0.317696,0.341067,-0.3651
-0.935343,0.141699,-0.244328,0.214691,-0.916028,0.087097,-0.231141,0.316248,0.806833,-0.319836,0.33684,-0.365098
-0.933899,0.146215,-0.248112,0.213682,-0.91169,0.093697,-0.247484,0.314536,0.808179,-0.321363,0.33182,-0.365384
-0.931838,0.152685,-0.253356,0.212111,-0.907276,0.103073,-0.260664,0.313757,0.809909,-0.321928,0.326467,-0.365883
-0.92915,0.160109,-0.259523,0.211091,-0.903539,0.114452,-0.268352,0.314174,0.811872,-0.321713,0.321286,-0.366316
-0.926173,0.167627,-0.265826,0.210609,-0.901396,0.125565,-0.268982,0.31561,0.813947,-0.321039,0.316273,-0.366674
-0.923001,0.174626,-0.272105,0.210926,-0.901132,0.133622,-0.262425,0.318618,0.815712,-0.320199,0.312313,-0.36689
-0.920372,0.179593,-0.276837,0.212133,-0.902535,0.137512,-0.250506,0.322594,0.816927,-0.319194,0.310168,-0.366889
-0.919037,0.181297,-0.278685,0.214041,-0.905055,0.13661,-0.23493,0.327597,0.817356,-0.318267,0.310327,-0.366612
-0.919307,0.179805,-0.277069,0.216186,-0.908132,0.131767,-0.217146,0.333272,0.816965,-0.31762,0.312671,-0.366057
-0.921204,0.174916,-0.271815,0.21869,-0.911357,0.124248,-0.199926,0.338066,0.815746,-0.317512,0.31691,-0.365226
-0.92419,0.167225,-0.263627,0.22198,-0.914584,0.11502,-0.185746,0.340663,0.813992,-0.317805,0.32225,-0.364212
-0.927363,0.158774,-0.254408,0.225548,-0.917358,0.105562,-0.17648,0.341162,0.812058,-0.318184,0.32785,-0.363197
-0.930253,0.151439,-0.246073,0.227827,-0.919559,0.097238,-0.172167,0.339883,0.810247,-0.31858,0.33283,-0.362364
-0.932882,0.145057,-0.239551,0.228106,-0.921184,0.09056,-0.172482,0.337131,0.808848,-0.318755,0.336555,-0.36189
-0.934923,0.140592,-0.235586,0.226624,-0.922124,0.085697,-0.176935,0.333483,0.807934,-0.318866,0.338532,-0.361983
-0.93642,0.138151,-0.23393,0.223628,-0.922237,0.082452,-0.185139,0.329487,0.807684,-0.318735,0.338616,-0.362568
-0.937222,0.13768,-0.234272,0.220189,-0.921359,0.080585,-0.196638,0.325694,0.807947,-0.318433,0.337102,-0.363645
-0.93732,0.138647,-0.236291,0.217018,-0.919448,0.080474,-0.210719,0.322272,0.808575,-0.318127,0.334359,-0.365032
-0.936871,0.140475,-0.239491,0.214294,-0.916649,0.082329,-0.226191,0.319262,0.809214,-0.318169,0.331275,-0.366374
-0.935772,0.143336,-0.243717,0.212478,-0.913471,0.086697,-0.240683,0.316611,0.809768,-0.318801,0.328253,-0.367311
-0.934146,0.147566,-0.248725,0.210995,-0.910767,0.093718,-0.251098,0.314331,0.810242,-0.320272,0.325183,-0.367715
-0.93193,0.153121,-0.254406,0.210143,-0.908851,0.102411,-0.255921,0.313325,0.810498,-0.32229,0.322513,-0.367741
-0.929346,0.159832,-0.260211,0.209591,-0.907934,0.111215,-0.254998,0.313802,0.810777,-0.323854,0.320269,-0.367716
-0.926669,0.166748,-0.26564,0.209351,-0.90783,0.118651,-0.249117,0.316154,0.81136,-0.324306,0.318503,-0.367573
-0.924263,0.172761,-0.269854,0.209815,-0.908331,0.123828,-0.240016,0.319788,0.812063,-0.323846,0.317522,-0.367283
-0.922523,0.17682,-0.27221,0.211095,-0.909329,0.126559,-0.22811,0.324581,0.812528,-0.323152,0.317844,-0.366599
-0.921744,0.178329,-0.27234,0.213063,-0.910763,0.126947,-0.21493,0.329378,0.812595,-0.322434,0.319572,-0.365592
-0.922183,0.176869,-0.269764,0.2156,-0.912606,0.124662,-0.202582,0.332949,0.812334,-0.321817,0.322068,-0.364536
-0.923567,0.172939,-0.265133,0.218514,-0.914551,0.119569,-0.192731,0.335302,0.811855,-0.321383,0.324862,-0.363517
-0.925439,0.167806,-0.25962,0.221111,-0.916162,0.112686,-0.186587,0.336728,0.811284,-0.321012,0.327525,-0.362735
-0.927521,0.16235,-0.254254,0.222608,-0.917363,0.105502,-0.184113,0.337113,0.810801,-0.320681,0.329536,-0.36229
-0.929592,0.156802,-0.249705,0.223013,-0.917969,0.098611,-0.186216,0.336356,0.810538,-0.320436,0.33055,-0.362168
-0.931366,0.151775,-0.2463,0.222805,-0.917797,0.09232,-0.19277,0.334875,0.810473,-0.320253,0.330555,-0.362469
-0.932641,0.14813,-0.244015,0.222388,-0.916732,0.087317,-0.202647,0.333254,0.810532,-0.320153,0.329878,-0.363035
-0.933491,0.146198,-0.243074,0.221109,-0.915148,0.084608,-0.213571,0.331447,0.810628,-0.320111,0.32883,-0.363796
-0.933925,0.145637,-0.243478,0.219197,-0.91346,0.084526,-0.223561,0.329513,0.81071,-0.320078,0.327664,-0.364681
-0.933822,0.146199,-0.245138,0.217416,-0.911842,0.087222,-0.231607,0.327733,0.810724,-0.320213,0.326464,-0.365595
-0.933176,0.14793,-0.247778,0.216051,-0.910468,0.092349,-0.237329,0.326076,0.810631,-0.320657,0.325447,-0.366308
-0.931846,0.151215,-0.251249,0.21556,-0.909301,0.099007,-0.240981,0.324733,0.810477,-0.321446,0.324628,-0.366679
-0.930087,0.155845,-0.255199,0.215289,-0.90849,0.105808,-0.24245,0.323807,0.810219,-0.322417,0.324156,-0.36681
-0.928313,0.160875,-0.259125,0.214633,-0.908038,0.111534,-0.24185,0.323637,0.809864,-0.323273,0.324211,-0.366788
-0.926837,0.165205,-0.262425,0.213784,-0.907954,0.115481,-0.239211,0.324478,0.809424,-0.323799,0.324775,-0.366795
-0.925784,0.168148,-0.264555,0.213472,-0.908307,0.117327,-0.234511,0.326268,0.808942,-0.324095,0.325761,-0.366722
-0.925258,0.169497,-0.265198,0.213909,-0.909049,0.117209,-0.228275,0.328658,0.808395,-0.324161,0.32713,-0.366645
-0.92538,0.16895,-0.264287,0.214923,-0.910177,0.115014,-0.221656,0.33083,0.807852,-0.324006,0.328695,-0.366576
-0.926125,0.166713,-0.26186,0.216385,-0.911443,0.111098,-0.215827,0.332515,0.807383,-0.323676,0.330194,-0.366552
-0.927259,0.163431,-0.258578,0.217913,-0.912543,0.106321,-0.211794,0.333628,0.806997,-0.323198,0.331609,-0.366545
-0.92858,0.159706,-0.255064,0.219129,-0.913326,0.101569,-0.210351,0.333856,0.806811,-0.322507,0.332684,-0.366584
-0.929973,0.155737,-0.251697,0.219907,-0.913678,0.097245,-0.212145,0.333017,0.80681,-0.321733,0.333417,-0.366601
-0.931301,0.15187,-0.248937,0.220076,-0.913499,0.093767,-0.216928,0.331398,0.806952,-0.320929,0.333726,-0.366711
-0.932273,0.148795,-0.247347,0.219805,-0.912755,0.09172,-0.22348,0.329642,0.80723,-0.320184,0.333542,-0.366919
-0.932744,0.147179,-0.247112,0.219135,-0.911737,0.091601,-0.230012,0.327983,0.807469,-0.319715,0.333033,-0.367258
-0.932622,0.147265,-0.248479,0.21805,-0.910784,0.093615,-0.235023,0.326514,0.807688,-0.319448,0.332281,-0.367687
-0.931876,0.148948,-0.251175,0.217031,-0.910091,0.097316,-0.237529,0.325568,0.807807,-0.319378,0.331465,-0.368217
-0.930664,0.152034,-0.254717,0.216008,-0.909731,0.101989,-0.237686,0.325058,0.807861,-0.319408,0.330763,-0.368697
-0.92911,0.15615,-0.258677,0.215116,-0.909784,0.106797,-0.235829,0.324753,0.807772,-0.319545,0.330454,-0.369044
-0.92749,0.160667,-0.262386,0.21436,-0.910186,0.111172,-0.232395,0.324671,0.807547,-0.319705,0.330708,-0.369169
-0.926057,0.164907,-0.26532,0.213792,-0.910816,0.114827,-0.227711,0.324982,0.807168,-0.319904,0.331556,-0.369064
-0.925172,0.16815,-0.266929,0.213161,-0.911676,0.117697,-0.221948,0.325561,0.806627,-0.320096,0.332957,-0.368816
-0.924879,0.169971,-0.267281,0.212585,-0.91276,0.119426,-0.215764,0.326072,0.806052,-0.320216,0.334571,-0.368511
-0.925102,0.170386,-0.266322,0.212499,-0.914036,0.119598,-0.210409,0.325948,0.805483,-0.32033,0.336288,-0.368094
-0.925834,0.169563,-0.264052,0.212804,-0.915117,0.118009,-0.207605,0.325291,0.804999,-0.320233,0.337867,-0.367791
-0.927106,0.167689,-0.260981,0.212524,-0.91581,0.115114,-0.208147,0.324017,0.804715,-0.319941,0.339004,-0.367621
-0.928731,0.164851,-0.257836,0.211462,-0.915917,0.110919,-0.212877,0.322069,0.804719,-0.319446,0.339566,-0.367523
-0.930162,0.161482,-0.255164,0.210965,-0.915107,0.105774,-0.221944,0.319928,0.804986,-0.318992,0.339367,-0.36752
-0.931266,0.158283,-0.252896,0.211196,-0.913295,0.100222,-0.23429,0.318025,0.805528,-0.318542,0.338421,-0.367598
-0.932081,0.155352,-0.25147,0.211427,-0.91043,0.09501,-0.248977,0.316609,0.806213,-0.318319,0.336914,-0.367679
-0.932177,0.153574,-0.251356,0.212386,-0.90688,0.091062,-0.263732,0.315951,0.806894,-0.318356,0.335245,-0.367679
-0.931559,0.153999,-0.253204,0.21259,-0.903879,0.090169,-0.274539,0.315569,0.807487,-0.318735,0.33345,-0.367687
-0.930407,0.156225,-0.257021,0.211461,-0.902007,0.093518,-0.279415,0.315682,0.808052,-0.319171,0.331731,-0.367629
-0.928548,0.159754,-0.262143,0.210748,-0.901485,0.099919,-0.27817,0.316356,0.808553,-0.319604,0.330199,-0.367533
-0.925883,0.165294,-0.267946,0.210972,-0.902452,0.107654,-0.270738,0.317572,0.808873,-0.319855,0.329295,-0.367427
-0.923024,0.172175,-0.273455,0.21103,-0.904358,0.114905,-0.259569,0.319003,0.808917,-0.319764,0.329429,-0.367289
-0.920861,0.178278,-0.277591,0.210115,-0.907013,0.120402,-0.245769,0.320427,0.808549,-0.319404,0.330839,-0.367148
-0.919821,0.182243,-0.279648,0.20862,-0.910192,0.123881,-0.229534,0.322176,0.807748,-0.319042,0.33349,-0.366824
-0.920193,0.183055,-0.27894,0.207253,-0.913844,0.125378,-0.212263,0.323147,0.806674,-0.318803,0.336727,-0.366436
-0.921833,0.180564,-0.275447,0.206801,-0.917507,0.124567,-0.196244,0.32324,0.805475,-0.318919,0.34011,-0.365847
-0.924321,0.175996,-0.26963,0.207246,-0.920537,0.122086,-0.184024,0.322776,0.804312,-0.319058,0.343132,-0.365458
-0.926879,0.170754,-0.263017,0.208619,-0.922542,0.118545,-0.177732,0.321895,0.803538,-0.318913,0.345155,-0.365381
-0.929111,0.166106,-0.25681,0.210104,-0.923665,0.114497,-0.177238,0.32039,0.803329,-0.318453,0.345831,-0.365597
-0.931442,0.161132,-0.251584,0.209912,-0.923884,0.110055,-0.182777,0.318164,0.803788,-0.318023,0.344808,-0.365929
-0.933505,0.155912,-0.247866,0.20904,-0.922726,0.105336,-0.194743,0.315958,0.804668,-0.318078,0.342305,-0.366295
-0.934711,0.151921,-0.246044,0.208671,-0.919889,0.100539,-0.212411,0.314333,0.805815,-0.318616,0.338678,-0.366683
-0.934826,0.14983,-0.24644,0.209144,-0.915082,0.096531,-0.234844,0.313575,0.807011,-0.319296,0.334638,-0.367171
-0.933854,0.15005,-0.248873,0.210415,-0.908916,0.094455,-0.258501,0.313458,0.80828,-0.319972,0.330449,-0.367587
-0.931941,0.153182,-0.253649,0.210967,-0.902963,0.095541,-0.278022,0.313589,0.809421,-0.32065,0.326668,-0.367869
-0.929428,0.158595,-0.260554,0.209712,-0.898501,0.100792,-0.289699,0.314199,0.810337,-0.321286,0.323699,-0.367929
-0.926529,0.165122,-0.268486,0.207585,-0.896171,0.109022,-0.29273,0.315337,0.811026,-0.32184,0.321559,-0.367809
-0.923282,0.172228,-0.276286,0.206149,-0.896025,0.117673,-0.287866,0.317178,0.811362,-0.321952,0.32067,-0.367748
-0.920133,0.17936,-0.282778,0.205448,-0.897613,0.125398,-0.276797,0.319638,0.81117,-0.321602,0.32155,-0.367709
-0.917715,0.185216,-0.286753,0.205653,-0.900626,0.130806,-0.261236,0.32214,0.81029,-0.321025,0.324593,-0.367476
-0.916618,0.18872,-0.287742,0.206039,-0.905061,0.133711,-0.241033,0.324318,0.808748,-0.320645,0.329377,-0.366944
-0.917353,0.188585,-0.285669,0.205791,-0.910568,0.134686,-0.216665,0.325748,0.80665,-0.32075,0.335297,-0.366108
-0.919871,0.185211,-0.280198,0.205118,-0.916299,0.133815,-0.191812,0.325674,0.804268,-0.321162,0.341384,-0.365353
-0.923688,0.179097,-0.271752,0.204698,-0.921309,0.130776,-0.170544,0.324647,0.80211,-0.321525,0.346745,-0.364721
-0.927659,0.171809,-0.262051,0.205548,-0.924985,0.126117,-0.157061,0.322852,0.800507,-0.321558,0.350881,-0.364255
-0.931006,0.165431,-0.252659,0.207311,-0.927266,0.120311,-0.152574,0.320651,0.79976,-0.321227,0.353172,-0.363971
-0.934583,0.158807,-0.244021,0.206671,-0.928621,0.113625,-0.155782,0.31758,0.800049,-0.320804,0.352839,-0.364033
-0.937848,0.151573,-0.237205,0.205148,-0.92849,0.106025,-0.167815,0.314369,0.801409,-0.320577,0.349436,-0.364526
-0.94004,0.145439,-0.232665,0.204653,-0.926393,0.09813,-0.188589,0.311226,0.803443,-0.320949,0.343464,-0.365399
-0.940662,0.141787,-0.231272,0.205846,-0.921762,0.091229,-0.217319,0.308206,0.805782,-0.322523,0.335738,-0.366049
-0.939871,0.141143,-0.23316,0.207716,-0.914502,0.086596,-0.250917,0.305517,0.807979,-0.325416,0.327343,-0.366263
-0.93773,0.144157,-0.238433,0.209346,-0.905165,0.08558,-0.285013,0.303603,0.809904,-0.328637,0.318938,-0.366561
-0.934037,0.152335,-0.247629,0.209497,-0.895704,0.090438,-0.313023,0.302636,0.811755,-0.330786,0.311147,-0.367236
-0.928857,0.165118,-0.260713,0.207157,-0.888162,0.1027,-0.3289,0.304164,0.814005,-0.33117,0.303929,-0.367961
-0.923092,0.178468,-0.274871,0.203745,-0.883503,0.120079,-0.332295,0.307766,0.816269,-0.330848,0.297708,-0.368332
-0.916608,0.191453,-0.288806,0.202134,-0.881847,0.137909,-0.324986,0.312923,0.817798,-0.330701,0.293687,-0.36831
-0.910001,0.203753,-0.300713,0.202757,-0.883205,0.152982,-0.308526,0.318794,0.818304,-0.330267,0.293136,-0.368024
-0.904807,0.2138,-0.308603,0.203925,-0.887147,0.163555,-0.283994,0.325409,0.817773,-0.329319,0.296463,-0.367391
-0.902916,0.218853,-0.310978,0.203432,-0.893477,0.169696,-0.251706,0.331527,0.815777,-0.328871,0.303857,-0.36619
-0.905114,0.216792,-0.306919,0.202039,-0.901556,0.171598,-0.213822,0.335324,0.812383,-0.329194,0.314299,-0.364625
-0.910233,0.20955,-0.296557,0.202097,-0.909977,0.168606,-0.177007,0.335623,0.80809,-0.330269,0.326115,-0.362803
-0.916737,0.199025,-0.28138,0.204886,-0.917393,0.160502,-0.148077,0.333459,0.803667,-0.331645,0.33757,-0.360887
-0.922883,0.1872,-0.265396,0.209531,-0.922869,0.149174,-0.131434,0.330576,0.799799,-0.332875,0.347132,-0.359271
-0.928727,0.175509,-0.250604,0.211869,-0.926915,0.135995,-0.126822,0.326688,0.797164,-0.333605,0.353478,-0.358251
-0.934125,0.1641,-0.238312,0.211325,-0.92965,0.120695,-0.132975,0.322369,0.796326,-0.333742,0.355263,-0.358217
-0.938601,0.154122,-0.228668,0.209531,-0.930582,0.104786,-0.148651,0.318244,0.79744,-0.333641,0.351741,-0.359299
-0.941565,0.145744,-0.222947,0.20826,-0.928971,0.090064,-0.174447,0.31418,0.799729,-0.333868,0.343749,-0.36171
-0.942981,0.139015,-0.221141,0.208243,-0.924659,0.078836,-0.208195,0.309165,0.802309,-0.334626,0.333598,-0.364765
-0.942817,0.135523,-0.223423,0.208746,-0.917626,0.07305,-0.246006,0.303579,0.804633,-0.336543,0.322805,-0.367559
-0.9409,0.137696,-0.230189,0.208621,-0.909192,0.074266,-0.280641,0.298499,0.806806,-0.338748,0.312154,-0.369944
-0.937162,0.14645,-0.24182,0.206442,-0.901069,0.08448,-0.30579,0.295722,0.809058,-0.339934,0.302042,-0.372305
-0.932162,0.158752,-0.256411,0.202551,-0.894789,0.102584,-0.318322,0.295963,0.811415,-0.340154,0.292885,-0.374272
-0.925842,0.172752,-0.272164,0.199727,-0.890624,0.124433,-0.319739,0.298772,0.81341,-0.340256,0.285844,-0.37529
-0.918434,0.187489,-0.287882,0.198821,-0.88867,0.145554,-0.311117,0.304262,0.814514,-0.340708,0.28219,-0.375261
-0.911431,0.200893,-0.3011,0.198568,-0.888815,0.162636,-0.29505,0.311232,0.814386,-0.341311,0.28295,-0.37443
-0.906835,0.210129,-0.309246,0.197674,-0.891401,0.173393,-0.271793,0.31918,0.812865,-0.341991,0.288147,-0.373156
-0.905989,0.212706,-0.310766,0.196471,-0.89626,0.177889,-0.242043,0.326987,0.810123,-0.342721,0.297068,-0.371455
-0.908495,0.209339,-0.305482,0.196765,-0.902647,0.176253,-0.208997,0.333063,0.806408,-0.343483,0.308754,-0.369302
-0.913166,0.201795,-0.29418,0.200104,-0.909797,0.168256,-0.178294,0.3356,0.8021,-0.344544,0.321681,-0.366661
-0.918856,0.19184,-0.278785,0.205655,-0.91658,0.155108,-0.155729,0.334703,0.797687,-0.345808,0.334108,-0.363981
-0.924571,0.180574,-0.263104,0.210657,-0.92204,0.13968,-0.144285,0.331585,0.793997,-0.34665,0.344175,-0.361866
-0.929778,0.169466,-0.250078,0.212668,-0.925914,0.123699,-0.143977,0.327181,0.791633,-0.346868,0.350366,-0.36089
-0.934015,0.161059,-0.239176,0.213077,-0.927903,0.107936,-0.154015,0.322422,0.791166,-0.346608,0.351606,-0.360955
-0.937191,0.154324,-0.231108,0.212942,-0.927745,0.092738,-0.172904,0.317866,0.792447,-0.346313,0.347565,-0.362328
-0.939046,0.149149,-0.227048,0.212746,-0.924652,0.079963,-0.200787,0.31378,0.794761,-0.346398,0.339452,-0.364839
-0.939537,0.14583,-0.227217,0.212623,-0.918578,0.071652,-0.23529,0.309481,0.797498,-0.346663,0.329179,-0.36799
-0.938578,0.145661,-0.231889,0.211899,-0.910869,0.069034,-0.26933,0.304975,0.800074,-0.347528,0.318307,-0.371104
-0.935905,0.150352,-0.241025,0.210296,-0.903136,0.073639,-0.29608,0.30206,0.802331,-0.348862,0.307891,-0.373735
-0.931628,0.159427,-0.25357,0.20796,-0.896605,0.086203,-0.312071,0.302154,0.804389,-0.349796,0.298433,-0.376081
-0.925988,0.171719,-0.26762,0.205928,-0.891914,0.104541,-0.317696,0.304507,0.806266,-0.349965,0.290538,-0.378065
-0.919489,0.186009,-0.281602,0.204203,-0.889381,0.125121,-0.313332,0.308794,0.807599,-0.349821,0.285401,-0.379255
-0.913044,0.200035,-0.294039,0.202549,-0.88891,0.144154,-0.300744,0.314453,0.80792,-0.349831,0.28422,-0.379447
-0.908354,0.21061,-0.302517,0.200604,-0.89074,0.15897,-0.281035,0.320412,0.80698,-0.350138,0.287563,-0.37865
-0.906661,0.215155,-0.305438,0.199106,-0.894828,0.168244,-0.254597,0.326405,0.804805,-0.350712,0.294995,-0.377035
-0.907941,0.213923,-0.302567,0.198986,-0.900547,0.171828,-0.223892,0.331335,0.801787,-0.351183,0.305052,-0.375029
-0.91126,0.20863,-0.29474,0.201091,-0.907128,0.169635,-0.194088,0.333352,0.7984,-0.351575,0.316136,-0.372709
-0.915573,0.201033,-0.283504,0.205224,-0.913491,0.161854,-0.170845,0.332589,0.79512,-0.352032,0.326609,-0.370265
-0.92,0.192504,-0.271534,0.209601,-0.918597,0.150222,-0.157385,0.330609,0.792457,-0.352146,0.335196,-0.3682
-0.924545,0.183658,-0.261015,0.210785,-0.922353,0.137345,-0.153751,0.327408,0.790692,-0.351726,0.341098,-0.366977
-0.928305,0.17579,-0.253207,0.21039,-0.924372,0.123764,-0.160998,0.323547,0.790162,-0.351025,0.343459,-0.366591
-0.931151,0.169278,-0.246858,0.21061,-0.924186,0.110595,-0.177711,0.31997,0.790828,-0.350492,0.342054,-0.366977
-0.932959,0.163765,-0.242887,0.211486,-0.921323,0.099616,-0.202528,0.316946,0.792249,-0.35034,0.33748,-0.368282
-0.933644,0.160182,-0.242514,0.211561,-0.916038,0.092009,-0.232953,0.313524,0.794175,-0.350318,0.330876,-0.370126
-0.933296,0.159331,-0.245673,0.210061,-0.909604,0.088747,-0.262993,0.309322,0.7963,-0.350256,0.323411,-0.372198
-0.931784,0.161815,-0.252152,0.20721,-0.903414,0.091111,-0.286896,0.305471,0.79829,-0.350368,0.316031,-0.374146
-0.929124,0.167064,-0.261087,0.203983,-0.898593,0.100042,-0.300937,0.303417,0.799806,-0.350901,0.309461,-0.375883
-0.925335,0.174745,-0.270911,0.202064,-0.895263,0.113616,-0.306056,0.303452,0.80083,-0.35159,0.304301,-0.377253
-0.920732,0.184868,-0.280634,0.20097,-0.893784,0.129092,-0.303023,0.304782,0.801288,-0.352337,0.301193,-0.378069
-0.916192,0.195199,-0.289493,0.199552,-0.894007,0.143485,-0.292965,0.307631,0.801267,-0.352847,0.300659,-0.37806
-0.91295,0.202932,-0.295907,0.197426,-0.895805,0.155156,-0.277432,0.311218,0.800616,-0.353243,0.303108,-0.377123
-0.911608,0.206372,-0.298845,0.195709,-0.899065,0.163225,-0.257071,0.315232,0.799079,-0.353892,0.308251,-0.375615
-0.91206,0.206152,-0.297938,0.195222,-0.903514,0.167282,-0.234339,0.318155,0.796808,-0.354705,0.315323,-0.373806
-0.913902,0.203075,-0.293503,0.196499,-0.908659,0.166301,-0.213038,0.319042,0.794219,-0.355286,0.323138,-0.372096
-0.916453,0.198569,-0.286732,0.199123,-0.913584,0.160278,-0.197575,0.318023,0.791781,-0.355691,0.330378,-0.370548
-0.919385,0.193675,-0.279021,0.201296,-0.917317,0.150542,-0.190843,0.316111,0.7897,-0.356011,0.336153,-0.369487
-0.9227,0.187893,-0.272236,0.200833,-0.919762,0.139267,-0.192264,0.313243,0.788273,-0.355846,0.340077,-0.369099
-0.92533,0.182818,-0.267124,0.200223,-0.920191,0.128165,-0.202086,0.310434,0.787591,-0.355491,0.341741,-0.369351
-0.927247,0.178055,-0.263181,0.200779,-0.918476,0.118384,-0.218895,0.307879,0.787591,-0.355561,0.341043,-0.369919
-0.928547,0.173587,-0.260752,0.201757,-0.914645,0.111128,-0.241033,0.305335,0.788073,-0.356105,0.33873,-0.370487
-0.929089,0.170659,-0.26095,0.201437,-0.909572,0.108097,-0.264489,0.302064,0.788638,-0.357105,0.335559,-0.371199
-0.928679,0.170335,-0.264144,0.199418,-0.904521,0.110727,-0.283843,0.298668,0.789312,-0.3585,0.331722,-0.371864
-0.927021,0.172424,-0.269672,0.197954,-0.900309,0.118387,-0.295983,0.296701,0.790255,-0.359766,0.327139,-0.37269
-0.92398,0.177852,-0.27665,0.197805,-0.897665,0.129021,-0.300052,0.296272,0.791565,-0.360477,0.322138,-0.373573
-0.920211,0.185913,-0.284274,0.197283,-0.896572,0.140477,-0.29718,0.297359,0.792959,-0.360619,0.317492,-0.374454
-0.91651,0.194492,-0.291506,0.195837,-0.896831,0.151256,-0.28843,0.299994,0.794167,-0.36023,0.314249,-0.375002
-0.913657,0.201523,-0.296887,0.194109,-0.898364,0.159735,-0.275314,0.3034,0.79497,-0.359587,0.312965,-0.375001
-0.91212,0.205762,-0.299533,0.192914,-0.900865,0.165047,-0.258707,0.30778,0.795038,-0.359172,0.313919,-0.374466
-0.912069,0.206625,-0.298994,0.19309,-0.904052,0.16758,-0.239164,0.312867,0.79444,-0.359093,0.316644,-0.373525
-0.913359,0.204427,-0.29561,0.194495,-0.907688,0.168018,-0.218369,0.317308,0.793331,-0.359176,0.320554,-0.372476
-0.915568,0.200132,-0.289857,0.197129,-0.911326,0.166627,-0.19979,0.319866,0.792003,-0.359101,0.324896,-0.371613
-0.9182,0.194944,-0.282382,0.200802,-0.914539,0.162599,-0.186927,0.32055,0.790811,-0.358888,0.328874,-0.370861
-0.920802,0.189965,-0.274645,0.204265,-0.917095,0.155725,-0.18162,0.319687,0.789987,-0.358559,0.33178,-0.37035
-0.923707,0.184749,-0.267503,0.205342,-0.919063,0.146569,-0.183254,0.317381,0.7897,-0.357926,0.333266,-0.370239
-0.926155,0.179885,-0.262022,0.205635,-0.919578,0.135301,-0.193246,0.314867,0.789868,-0.357205,0.333095,-0.370724
-0.927889,0.176011,-0.258066,0.206114,-0.918196,0.123095,-0.210302,0.312852,0.790377,-0.356519,0.331428,-0.371783
-0.9289,0.173336,-0.255762,0.20665,-0.914705,0.111733,-0.23247,0.311513,0.791023,-0.356163,0.328765,-0.373094
-0.929165,0.172331,-0.255424,0.2067,-0.909502,0.103012,-0.256754,0.310561,0.791634,-0.356213,0.325713,-0.374408
-0.928722,0.172982,-0.257412,0.205684,-0.903843,0.099123,-0.278241,0.309754,0.792207,-0.356633,0.322584,-0.375492
-0.927681,0.174467,-0.261596,0.203862,-0.899321,0.10117,-0.292532,0.309068,0.792636,-0.35745,0.319682,-0.376282
-0.925588,0.177582,-0.26775,0.202726,-0.896172,0.108754,-0.299243,0.309256,0.792865,-0.358603,0.317167,-0.37682
-0.922072,0.18375,-0.275261,0.203263,-0.893955,0.120282,-0.300787,0.309977,0.793037,-0.359549,0.315196,-0.377205
-0.918003,0.191945,-0.28321,0.203298,-0.892788,0.132858,-0.298173,0.310822,0.793182,-0.35985,0.314175,-0.377462
-0.914356,0.200208,-0.290382,0.201781,-0.892441,0.144552,-0.292714,0.311873,0.79331,-0.359443,0.31446,-0.377346
-0.911569,0.206941,-0.295898,0.1997,-0.893176,0.153937,-0.28434,0.313101,0.793135,-0.358952,0.316117,-0.376804
-0.909823,0.211281,-0.299056,0.198497,-0.895138,0.159862,-0.273377,0.314348,0.792347,-0.358926,0.319104,-0.375975
-0.909253,0.213062,-0.299627,0.198382,-0.898104,0.161792,-0.261151,0.315333,0.79099,-0.359284,0.323042,-0.37513
-0.909946,0.212456,-0.297466,0.199102,-0.901561,0.159595,-0.249992,0.315648,0.789299,-0.359759,0.327407,-0.37445
-0.911703,0.209867,-0.293236,0.200045,-0.904888,0.153785,-0.242033,0.315206,0.787618,-0.360105,0.331598,-0.373962
-0.914169,0.206035,-0.287897,0.200489,-0.907492,0.145763,-0.23846,0.314218,0.78622,-0.360218,0.335122,-0.373649
-0.916999,0.200917,-0.282644,0.200171,-0.909255,0.136562,-0.239397,0.312481,0.785281,-0.36008,0.337571,-0.373549
-0.919423,0.19559,-0.277846,0.200952,-0.909664,0.126972,-0.245307,0.310672,0.784896,-0.359814,0.338693,-0.373594
-0.921609,0.190143,-0.273619,0.201871,-0.908649,0.118399,-0.254872,0.309243,0.784881,-0.359734,0.338699,-0.373697
-0.923597,0.184526,-0.270552,0.202026,-0.906297,0.112028,-0.266981,0.308222,0.785148,-0.359842,0.337786,-0.373856
-0.925029,0.180127,-0.26921,0.201161,-0.903714,0.108916,-0.277849,0.307268,0.785617,-0.360074,0.336128,-0.374143
-0.925465,0.177481,-0.270144,0.200193,-0.901668,0.109387,-0.284904,0.306634,0.786261,-0.36039,0.333756,-0.374604
-0.924423,0.1773,-0.273352,0.200773,-0.900515,0.11309,-0.28716,0.306598,0.787024,-0.360904,0.33091,-0.375031
-0.922001,0.180854,-0.278453,0.201756,-0.90034,0.119386,-0.284789,0.306989,0.787736,-0.361666,0.328007,-0.375349
-0.918957,0.187224,-0.284441,0.201577,-0.900756,0.127248,-0.279045,0.307954,0.788348,-0.362474,0.32545,-0.37551
-0.916155,0.194403,-0.289848,0.199955,-0.901587,0.13527,-0.271161,0.309216,0.788946,-0.36284,0.323731,-0.375394
-0.914046,0.200606,-0.293684,0.198009,-0.902973,0.141998,-0.261126,0.310854,0.789586,-0.36248,0.323001,-0.375037
-0.912872,0.20485,-0.295025,0.19718,-0.904952,0.146785,-0.24941,0.312549,0.790119,-0.361741,0.323321,-0.374366
-0.912962,0.20626,-0.293618,0.197437,-0.907515,0.148627,-0.237577,0.313506,0.790419,-0.361023,0.324479,-0.373441
-0.914072,0.205166,-0.289981,0.198795,-0.91019,0.146953,-0.227577,0.313973,0.790593,-0.360147,0.325985,-0.372621
-0.915723,0.20249,-0.285191,0.200814,-0.912492,0.142655,-0.220511,0.314304,0.790764,-0.359297,0.327249,-0.371983
-0.917831,0.198667,-0.279943,0.202327,-0.914298,0.136696,-0.216997,0.314116,0.791001,-0.358481,0.328027,-0.37159
-0.920158,0.193922,-0.275124,0.202899,-0.915334,0.129744,-0.218056,0.313265,0.791323,-0.357804,0.328154,-0.37145
-0.922157,0.188983,-0.271286,0.203567,-0.915131,0.122774,-0.224332,0.312175,0.791761,-0.357239,0.327669,-0.37149
-0.923553,0.185045,-0.268394,0.204613,-0.91334,0.116678,-0.235422,0.311521,0.79222,-0.356914,0.326722,-0.371659
-0.924536,0.182192,-0.266711,0.204883,-0.909977,0.112411,-0.250386,0.311192,0.792633,-0.356873,0.325477,-0.37191
-0.925028,0.180652,-0.26639,0.204419,-0.905115,0.110856,-0.267966,0.311227,0.793042,-0.356934,0.324038,-0.372234
-0.924671,0.181082,-0.267662,0.203992,-0.899545,0.112382,-0.285286,0.311403,0.793335,-0.357236,0.322593,-0.372572
-0.923588,0.1832,-0.270646,0.203098,-0.894594,0.116905,-0.298908,0.31122,0.793468,-0.357606,0.321378,-0.372977
-0.921799,0.186838,-0.275207,0.201839,-0.891082,0.123343,-0.307042,0.310915,0.7934,-0.358066,0.320623,-0.373321
-0.919366,0.191452,-0.280747,0.201049,-0.889124,0.130511,-0.309867,0.310834,0.79309,-0.358613,0.320452,-0.373597
-0.916747,0.196571,-0.286403,0.200163,-0.888672,0.136433,-0.308211,0.311271,0.792474,-0.359189,0.32108,-0.373803
-0.914549,0.201033,-0.291267,0.198842,-0.88942,0.140207,-0.303212,0.312396,0.791686,-0.359464,0.322566,-0.373921
-0.913143,0.203839,-0.29441,0.197867,-0.891168,0.141663,-0.295686,0.31399,0.790732,-0.359411,0.324957,-0.373914
-0.912701,0.204416,-0.295537,0.197634,-0.893745,0.141206,-0.28624,0.315636,0.789662,-0.359237,0.327882,-0.373784
-0.913165,0.202846,-0.294736,0.198268,-0.89677,0.139024,-0.276176,0.316991,0.788432,-0.359145,0.331176,-0.373558
-0.914304,0.199703,-0.292436,0.199539,-0.899665,0.13605,-0.266722,0.318171,0.787158,-0.3591,0.334393,-0.373414
-0.915835,0.195914,-0.289127,0.20102,-0.901995,0.132849,-0.259291,0.319066,0.786017,-0.358957,0.337215,-0.373409
-0.917373,0.19219,-0.285544,0.202643,-0.903458,0.129878,-0.254853,0.319713,0.785078,-0.358744,0.339482,-0.373529
-0.918742,0.189001,-0.282165,0.204104,-0.904098,0.127216,-0.253426,0.320093,0.78458,-0.358269,0.34089,-0.373744
-0.919861,0.186624,-0.279464,0.204927,-0.904307,0.125051,-0.253813,0.320035,0.784456,-0.357868,0.341374,-0.373942
-0.920717,0.184792,-0.277644,0.205187,-0.904084,0.123728,-0.255303,0.319983,0.784698,-0.357687,0.340918,-0.374024
-0.921246,0.183453,-0.276736,0.205217,-0.903539,0.123118,-0.25742,0.320052,0.785277,-0.357611,0.339514,-0.37416
-0.921359,0.182815,-0.276815,0.205159,-0.902825,0.123202,-0.259865,0.320051,0.786066,-0.35747,0.337533,-0.374433
-0.921066,0.182988,-0.277753,0.205053,-0.901987,0.124048,-0.262191,0.320189,0.786946,-0.357323,0.335356,-0.374681
-0.920385,0.183905,-0.279449,0.20499,-0.901053,0.125742,-0.264282,0.320444,0.78771,-0.357171,0.333553,-0.374834
-0.919544,0.185382,-0.281483,0.204675,-0.900121,0.127953,-0.266149,0.320654,0.78837,-0.357001,0.331998,-0.374992
-0.918653,0.187135,-0.283656,0.204104,-0.899316,0.130099,-0.267737,0.320732,0.788721,-0.356908,0.331164,-0.375078
-0.917939,0.188727,-0.285445,0.203386,-0.898693,0.131794,-0.268987,0.320749,0.788796,-0.356864,0.331037,-0.375076
-0.917526,0.189726,-0.286516,0.202832,-0.898329,0.132562,-0.269779,0.32079,0.788572,-0.356863,0.331607,-0.375045
-0.917422,0.189948,-0.286834,0.202648,-0.89823,0.132296,-0.270251,0.320776,0.788103,-0.35698,0.332767,-0.374893
-0.917618,0.189492,-0.286387,0.202813,-0.89828,0.131347,-0.270463,0.320843,0.787495,-0.357231,0.334263,-0.374598
-0.918048,0.188403,-0.285424,0.203216,-0.898341,0.130217,-0.270709,0.320915,0.786849,-0.357444,0.335875,-0.374308
-0.91859,0.186932,-0.284197,0.203816,-0.898468,0.128864,-0.270947,0.320896,0.786285,-0.357588,0.337384,-0.373999
