0.573378,-0.153651,-0.157838,0.789124,0.568713,-0.093422,-0.057006,0.815223,0.744621,-0.662373,0.038403,-0.072986
0.573443,-0.153792,-0.157887,0.789039,0.568765,-0.093585,-0.057035,0.815166,0.744582,-0.662403,0.038428,-0.073091
0.573475,-0.153864,-0.157988,0.788982,0.568803,-0.093611,-0.057138,0.815129,0.744538,-0.662437,0.038463,-0.073217
0.57352,-0.153878,-0.158077,0.788929,0.568799,-0.093703,-0.057274,0.815112,0.744506,-0.662459,0.038458,-0.073346
0.573569,-0.153906,-0.15822,0.788858,0.568804,-0.09378,-0.057449,0.815087,0.744506,-0.662447,0.038493,-0.07344
0.573642,-0.153867,-0.158328,0.788791,0.568794,-0.093883,-0.057621,0.81507,0.744515,-0.66242,0.038595,-0.073531
0.573708,-0.153821,-0.158429,0.788732,0.56881,-0.093955,-0.0577,0.815045,0.744555,-0.662369,0.038646,-0.073569
0.573766,-0.153748,-0.158564,0.788677,0.568834,-0.094049,-0.057812,0.815009,0.744609,-0.662297,0.038741,-0.073613
0.573809,-0.153719,-0.158739,0.788616,0.568867,-0.094047,-0.057854,0.814983,0.744692,-0.662195,0.038834,-0.073642
0.573866,-0.153628,-0.158835,0.788573,0.568918,-0.093942,-0.057908,0.814956,0.744753,-0.662129,0.038894,-0.073592
0.573916,-0.153542,-0.158944,0.788532,0.568999,-0.093824,-0.058013,0.814906,0.744816,-0.662054,0.038933,-0.073608
0.574005,-0.153427,-0.158928,0.788492,0.569155,-0.093697,-0.058117,0.814804,0.744871,-0.661989,0.039021,-0.07359
0.574067,-0.153342,-0.158946,0.78846,0.569245,-0.093584,-0.058225,0.814746,0.744922,-0.661927,0.039124,-0.073579
0.574128,-0.153321,-0.158937,0.788422,0.569315,-0.093481,-0.058295,0.814704,0.745007,-0.661826,0.039156,-0.07361
0.57419,-0.153371,-0.158929,0.788369,0.569331,-0.093443,-0.058328,0.814695,0.745028,-0.661798,0.039186,-0.073637
0.574193,-0.153436,-0.158946,0.78835,0.569408,-0.093491,-0.058358,0.814634,0.744993,-0.661829,0.039184,-0.073699
0.574219,-0.153468,-0.158908,0.788333,0.569457,-0.093541,-0.058243,0.814602,0.744935,-0.661889,0.039229,-0.073735
0.574261,-0.153481,-0.158762,0.788329,0.569485,-0.093604,-0.058064,0.814588,0.744873,-0.661953,0.039229,-0.073779
0.574327,-0.153529,-0.15871,0.788282,0.569496,-0.093707,-0.057817,0.814586,0.744851,-0.661976,0.039191,-0.073825
0.574349,-0.153553,-0.158594,0.788284,0.569551,-0.093826,-0.057643,0.814546,0.744772,-0.662062,0.039124,-0.073882
0.574398,-0.153614,-0.158549,0.788246,0.569585,-0.09394,-0.057603,0.814513,0.744756,-0.662079,0.039068,-0.073911
0.574467,-0.153668,-0.158527,0.78819,0.569598,-0.094037,-0.05756,0.814495,0.744716,-0.662125,0.039046,-0.073921
0.574484,-0.153672,-0.158535,0.788175,0.569667,-0.09413,-0.057536,0.814437,0.744746,-0.662093,0.039019,-0.073923
0.574513,-0.153658,-0.158519,0.788159,0.569709,-0.094108,-0.057485,0.814415,0.744765,-0.662066,0.039002,-0.073982
0.574494,-0.153726,-0.158565,0.788151,0.569733,-0.094112,-0.057448,0.8144,0.744807,-0.662019,0.038989,-0.073978
0.574495,-0.153711,-0.158574,0.788152,0.569725,-0.094107,-0.057443,0.814406,0.74478,-0.66205,0.03899,-0.073974
0.574422,-0.15372,-0.158593,0.788199,0.569676,-0.094076,-0.057485,0.814442,0.744789,-0.662044,0.038956,-0.07395
0.574373,-0.153703,-0.158615,0.788233,0.569607,-0.094034,-0.057507,0.814492,0.744793,-0.662048,0.038931,-0.073893
0.574326,-0.153619,-0.158581,0.788291,0.569547,-0.093995,-0.057503,0.814539,0.744802,-0.662051,0.03889,-0.073796
0.574214,-0.153579,-0.158611,0.788375,0.569517,-0.093933,-0.057473,0.81457,0.744826,-0.662039,0.038839,-0.073694
0.574097,-0.153553,-0.158625,0.788462,0.569451,-0.09392,-0.057477,0.814617,0.744844,-0.662028,0.038771,-0.073644
0.574024,-0.153503,-0.158727,0.788504,0.569313,-0.093897,-0.057498,0.814715,0.744868,-0.662009,0.038724,-0.073598
0.573907,-0.153531,-0.158836,0.788562,0.5692,-0.093953,-0.057647,0.814776,0.744915,-0.661968,0.038661,-0.073523
0.573846,-0.153591,-0.158933,0.788575,0.569119,-0.094007,-0.057821,0.814815,0.744945,-0.661938,0.03863,-0.073512
0.573795,-0.15361,-0.15902,0.788591,0.569035,-0.093986,-0.058047,0.814859,0.74497,-0.661917,0.038629,-0.073436
0.573766,-0.153585,-0.159009,0.788619,0.56905,-0.09394,-0.058119,0.814849,0.744975,-0.661911,0.038586,-0.073469
0.573719239742108,-0.153605844713656,-0.158997934664247,0.788651904678029,0.569012,-0.093987,-0.0580773342318059,0.814873397260274,0.7449595,-0.6619325,0.0384916731274711,-0.0734840037735849
0.57366,-0.153639,-0.158981,0.788692,0.568974,-0.094034,-0.057988,0.814901,0.744944,-0.661954,0.038376,-0.073501
0.57359,-0.153662,-0.158926,0.788749,0.568984,-0.094029,-0.057838,0.814905,0.744971,-0.661924,0.038278,-0.073556
0.573591,-0.15373,-0.158864,0.788748,0.568938,-0.094056,-0.057754,0.81494,0.744987,-0.661904,0.038272,-0.073571
0.573548,-0.153732,-0.158896,0.788772,0.568897,-0.094147,-0.057797,0.814955,0.744965,-0.661927,0.038276,-0.073585
0.573531,-0.153812,-0.158912,0.788766,0.568761,-0.094341,-0.05786,0.815023,0.744868,-0.662033,0.038232,-0.073633
0.573515,-0.153864,-0.158928,0.788764,0.568722,-0.094359,-0.057889,0.815047,0.744776,-0.662135,0.038249,-0.073643
0.573539,-0.153884,-0.158878,0.788752,0.568601,-0.094459,-0.05791,0.815118,0.744741,-0.662173,0.038271,-0.073647
0.5735315,-0.15387247459893,-0.158826196428571,0.788771438016529,0.568565893102321,-0.0945044543373494,-0.0579090777310924,0.815136542935821,0.744743700729927,-0.662170697214076,0.038257,-0.073645
0.573524,-0.153847,-0.158758,0.788794,0.568537,-0.094548,-0.057906,0.815152,0.744751,-0.662164,0.038243,-0.073643
0.57357,-0.1538,-0.158623,0.788798,0.568482,-0.094633,-0.057849,0.815185,0.744779,-0.662127,0.038254,-0.073679
0.573565,-0.153802,-0.158565,0.788813,0.568467,-0.09471,-0.057737,0.815195,0.744799,-0.662104,0.038314,-0.073656
0.573548,-0.153765,-0.158545,0.788836,0.568469,-0.094754,-0.057617,0.815197,0.744818,-0.66208,0.03835,-0.073656
0.573582,-0.153778,-0.158515,0.788815,0.568489,-0.094724,-0.057586,0.815188,0.744811,-0.662089,0.038322,-0.073667
0.573646,-0.153776,-0.158531,0.788766,0.568573,-0.094743,-0.057625,0.815124,0.744778,-0.662121,0.038299,-0.073726
0.573688,-0.153845,-0.158552,0.788717,0.568644,-0.094831,-0.057706,0.815059,0.744813,-0.662073,0.038286,-0.073807
0.573686,-0.15392,-0.158657,0.788683,0.568698,-0.09497,-0.057817,0.814997,0.744815,-0.662066,0.038294,-0.073844
0.573698,-0.154051,-0.158794,0.788621,0.568749,-0.095105,-0.057852,0.814943,0.744779,-0.662095,0.038262,-0.073954
0.573682,-0.154194,-0.158906,0.788582,0.568831,-0.095193,-0.057794,0.81488,0.744787,-0.662077,0.038256,-0.074049
0.573693,-0.154248,-0.158962,0.788552,0.568892,-0.095201,-0.057825,0.814834,0.74479,-0.662064,0.038251,-0.074139
0.573663,-0.154277,-0.158981,0.788565,0.568938,-0.095209,-0.057893,0.814796,0.744811,-0.662033,0.038263,-0.074194
0.573657,-0.154287,-0.159034,0.788556,0.56899,-0.095204,-0.057996,0.814753,0.74484,-0.661997,0.038249,-0.074234
0.573669,-0.154317,-0.159075,0.788534,0.568966,-0.095193,-0.058089,0.814765,0.744816,-0.662023,0.038237,-0.074248
0.57361,-0.154335,-0.159162,0.788556,0.568873,-0.095284,-0.058158,0.814814,0.744776,-0.66207,0.03822,-0.074244
0.573592,-0.154314,-0.159217,0.788561,0.568776,-0.095405,-0.058208,0.814864,0.744768,-0.662078,0.038222,-0.074248
0.573549,-0.154355,-0.159174,0.788594,0.568709,-0.095555,-0.058193,0.814894,0.744731,-0.662115,0.038197,-0.074294
0.573559,-0.154409,-0.159108,0.788589,0.568644,-0.095688,-0.058186,0.814924,0.744684,-0.662161,0.038124,-0.074395
0.573553,-0.154456,-0.159115,0.788583,0.568581,-0.095843,-0.058153,0.814953,0.74468,-0.662161,0.038065,-0.074475
0.5735,-0.154535,-0.159247,0.788579,0.568554,-0.09595,-0.058134,0.814961,0.744681,-0.662163,0.038032,-0.074457
0.573482,-0.154666,-0.159393,0.788537,0.56856,-0.096027,-0.058068,0.814952,0.7447,-0.662139,0.038056,-0.074474
0.573501,-0.154671,-0.159491,0.788503,0.568629,-0.096002,-0.057966,0.814914,0.744732,-0.662096,0.038104,-0.07451
0.573601,-0.154585,-0.159485,0.788447,0.568735,-0.095967,-0.057919,0.814847,0.744775,-0.66205,0.038163,-0.074456
0.57372,-0.154446,-0.159411,0.788404,0.568865,-0.095873,-0.057934,0.814767,0.744843,-0.661972,0.038271,-0.07441
0.573783,-0.154373,-0.159364,0.788381,0.568951,-0.0958,-0.058046,0.814707,0.744899,-0.661905,0.038375,-0.074395
0.573911,-0.154236,-0.159275,0.788333,0.568996,-0.095713,-0.058102,0.814682,0.744902,-0.661897,0.03848,-0.074381
0.574019,-0.154155,-0.159261,0.788273,0.569054,-0.095609,-0.058083,0.814655,0.744875,-0.661915,0.038588,-0.074433
0.574075,-0.154131,-0.159295,0.78823,0.56914,-0.095567,-0.058023,0.814604,0.744883,-0.661899,0.038709,-0.07444
0.574129,-0.154114,-0.159347,0.788183,0.569224,-0.095559,-0.057969,0.81455,0.744853,-0.661925,0.038756,-0.074482
0.574167,-0.154136,-0.159453,0.78813,0.569283,-0.0955,-0.057948,0.814517,0.744841,-0.661934,0.038804,-0.07449
0.574161,-0.154145,-0.159522,0.788119,0.569325,-0.095448,-0.057974,0.814492,0.744808,-0.661968,0.038787,-0.074529
0.574133,-0.154173,-0.159552,0.788127,0.569353,-0.095434,-0.058044,0.814469,0.744848,-0.661922,0.038786,-0.074542
0.57417,-0.154186,-0.15955,0.788098,0.569335,-0.09539,-0.058,0.814491,0.744832,-0.661941,0.038753,-0.074547
0.574174,-0.154172,-0.159532,0.788102,0.56933,-0.09535,-0.05792,0.814504,0.744853,-0.661923,0.038632,-0.074557
0.574145,-0.154154,-0.159447,0.788143,0.569316,-0.095313,-0.057852,0.814523,0.744836,-0.661947,0.038587,-0.074548
0.574097,-0.154158,-0.159428,0.788182,0.569269,-0.095275,-0.057784,0.814565,0.744808,-0.661975,0.038502,-0.07462
0.574031,-0.154194,-0.159446,0.78822,0.56921,-0.095319,-0.057865,0.814596,0.744746,-0.662046,0.038403,-0.074654
0.573987,-0.15426,-0.159488,0.78823,0.569118,-0.095452,-0.057976,0.814636,0.744693,-0.662103,0.038313,-0.074726
0.57393,-0.15438,-0.159575,0.788231,0.56902,-0.095641,-0.058075,0.814675,0.744657,-0.662143,0.03823,-0.074779
0.573899,-0.154443,-0.159723,0.788211,0.56897,-0.095768,-0.058059,0.814697,0.744692,-0.662101,0.038127,-0.074846
0.573923,-0.154516,-0.159887,0.788146,0.568967,-0.095871,-0.058118,0.814682,0.744734,-0.662052,0.037973,-0.074945
0.573952,-0.154582,-0.160011,0.788086,0.568993,-0.096002,-0.058252,0.814639,0.744823,-0.66195,0.037844,-0.075031
0.574038,-0.154621,-0.160105,0.787997,0.569073,-0.096143,-0.058413,0.814555,0.744926,-0.66183,0.037764,-0.075106
0.574132,-0.154658,-0.160239,0.787894,0.569191,-0.096175,-0.058523,0.814461,0.745024,-0.66171,0.037683,-0.075224
0.574214,-0.15467,-0.160384,0.787802,0.569307,-0.096183,-0.05863,0.814371,0.745121,-0.661595,0.037628,-0.075303
0.574274,-0.154643,-0.160508,0.787738,0.569427,-0.096165,-0.058754,0.814281,0.745185,-0.661514,0.037596,-0.075393
0.574346,-0.154611,-0.16065,0.787664,0.569546,-0.096123,-0.058792,0.8142,0.745187,-0.661503,0.037616,-0.075471
0.57438,-0.154527,-0.160705,0.787644,0.569586,-0.096042,-0.058874,0.814176,0.745231,-0.661443,0.037651,-0.075537
0.574448,-0.154473,-0.16067,0.787612,0.569632,-0.09598,-0.058956,0.814145,0.745266,-0.661411,0.037657,-0.075478
0.574479,-0.154341,-0.160632,0.787623,0.569664,-0.095821,-0.059025,0.814136,0.745301,-0.661371,0.03772,-0.075448
0.574469,-0.154201,-0.160548,0.787675,0.569667,-0.095683,-0.059117,0.814143,0.745325,-0.661346,0.037704,-0.07543
0.574463,-0.154159,-0.160536,0.78769,0.569664,-0.095575,-0.059187,0.814153,0.745341,-0.661334,0.037684,-0.075396
0.574462,-0.154143,-0.160564,0.787688,0.569682,-0.095532,-0.059203,0.814144,0.745365,-0.66131,0.037634,-0.075394
0.574428,-0.154186,-0.160588,0.787699,0.569635,-0.095641,-0.059233,0.814162,0.745428,-0.66124,0.037613,-0.075389
0.574388,-0.154261,-0.160656,0.7877,0.569588,-0.095707,-0.059268,0.814185,0.745454,-0.661215,0.037578,-0.075371
0.574337,-0.154351,-0.16073,0.787704,0.569579,-0.095798,-0.059247,0.814182,0.745473,-0.661192,0.037545,-0.075403
0.574336,-0.154394,-0.160699,0.787704,0.569573,-0.095915,-0.059219,0.814174,0.745444,-0.661225,0.037531,-0.075409
0.574318,-0.154424,-0.160632,0.787724,0.56951,-0.096015,-0.059242,0.814205,0.745417,-0.66126,0.037501,-0.075378
0.574288,-0.154439,-0.160572,0.787755,0.569466,-0.096096,-0.059118,0.814235,0.745372,-0.661314,0.037469,-0.075366
0.574275,-0.154419,-0.160481,0.787787,0.569469,-0.096147,-0.059076,0.81423,0.745297,-0.661395,0.037481,-0.075386
0.574288,-0.154413,-0.160311,0.787814,0.569456,-0.09624,-0.059012,0.814233,0.745195,-0.661509,0.037492,-0.0754
0.574278,-0.15444,-0.160216,0.787835,0.569448,-0.096269,-0.058941,0.814241,0.745079,-0.66164,0.037518,-0.075385
0.574265,-0.154507,-0.16017,0.787841,0.569458,-0.096368,-0.058942,0.814222,0.745021,-0.661705,0.037521,-0.075384
0.574273,-0.154661,-0.160174,0.787804,0.569418,-0.096502,-0.058904,0.814236,0.744979,-0.661749,0.037526,-0.075406
0.574278,-0.154757,-0.160137,0.787789,0.569392,-0.096647,-0.058858,0.814241,0.744914,-0.661824,0.037438,-0.075437
0.574269,-0.154857,-0.160096,0.787784,0.569344,-0.096801,-0.058789,0.814261,0.744875,-0.661862,0.037438,-0.07549
0.574262,-0.154938,-0.160064,0.78778,0.5693,-0.096882,-0.058691,0.814289,0.744819,-0.661924,0.037402,-0.075513
0.574227,-0.154967,-0.160035,0.787805,0.569271,-0.096981,-0.058691,0.814298,0.744764,-0.661975,0.037444,-0.075592
0.574172,-0.154946,-0.160051,0.787846,0.569228,-0.096947,-0.058621,0.814337,0.744716,-0.662022,0.037498,-0.075629
0.574116,-0.154933,-0.160078,0.787884,0.569169,-0.096916,-0.05862,0.814382,0.744667,-0.662078,0.03755,-0.075589
0.574074,-0.154898,-0.160182,0.787901,0.569157,-0.096783,-0.058586,0.814408,0.744662,-0.662087,0.037599,-0.075536
0.574054,-0.154812,-0.160249,0.787919,0.569162,-0.096687,-0.058565,0.814418,0.744727,-0.662019,0.03768,-0.075447
0.574076,-0.154716,-0.160214,0.787929,0.569187,-0.096635,-0.058619,0.814403,0.744865,-0.661869,0.037682,-0.075398
0.574114,-0.154595,-0.16017,0.787933,0.569207,-0.096575,-0.058732,0.814388,0.744955,-0.661771,0.037663,-0.075392
0.574139,-0.154541,-0.160179,0.787924,0.569236,-0.096562,-0.058762,0.814367,0.745021,-0.661696,0.037641,-0.075405
0.574181,-0.154584,-0.160195,0.787882,0.569305,-0.096588,-0.058772,0.814315,0.745062,-0.661647,0.037646,-0.075427
0.574205,-0.154645,-0.160183,0.787854,0.569371,-0.096605,-0.058772,0.814267,0.745083,-0.661619,0.037666,-0.075447
0.574282,-0.15475,-0.16018,0.787779,0.569455,-0.096606,-0.058766,0.814208,0.745078,-0.661621,0.037656,-0.075488
0.574325,-0.154908,-0.160171,0.787718,0.569512,-0.096642,-0.058782,0.814162,0.745028,-0.661671,0.03766,-0.075549
0.574395,-0.154983,-0.160103,0.787666,0.569558,-0.096764,-0.058756,0.814118,0.744988,-0.661706,0.03765,-0.075636
0.574465,-0.155014,-0.160104,0.787609,0.569651,-0.096902,-0.058751,0.814037,0.744942,-0.661749,0.037648,-0.075713
0.574529,-0.155064,-0.160123,0.787548,0.56973,-0.097057,-0.058738,0.813964,0.744919,-0.661765,0.03763,-0.075812
0.574573,-0.155114,-0.160124,0.787506,0.569777,-0.097196,-0.058753,0.813914,0.744874,-0.661801,0.037638,-0.075931
0.574608,-0.155177,-0.160167,0.787459,0.569797,-0.097272,-0.058817,0.813886,0.744899,-0.66176,0.037631,-0.076046
0.574682,-0.155254,-0.160275,0.787369,0.569849,-0.097316,-0.058886,0.813839,0.744896,-0.661756,0.037587,-0.076134
0.574639,-0.15536,-0.160393,0.787355,0.569868,-0.097403,-0.058927,0.813813,0.744865,-0.661782,0.037553,-0.076233
0.574643,-0.155433,-0.160507,0.787314,0.569921,-0.09747,-0.059033,0.81376,0.744838,-0.661811,0.037484,-0.076281
0.574615,-0.15549,-0.160616,0.787301,0.56992,-0.097448,-0.059075,0.81376,0.744859,-0.661785,0.037452,-0.076314
0.574587,-0.15548,-0.160652,0.787316,0.569929,-0.097361,-0.059101,0.813762,0.744901,-0.661735,0.037464,-0.076322
0.574586,-0.155324,-0.160595,0.787359,0.569894,-0.097271,-0.059098,0.813798,0.744943,-0.661685,0.03755,-0.076308
0.574588,-0.155155,-0.160521,0.787406,0.569876,-0.09727,-0.059138,0.813808,0.744955,-0.661682,0.037554,-0.076216
0.574625,-0.155027,-0.160467,0.787416,0.569876,-0.097261,-0.059222,0.813803,0.744988,-0.661649,0.037604,-0.076157
0.57461,-0.154994,-0.16047,0.787432,0.569873,-0.09727,-0.059317,0.813797,0.744999,-0.661633,0.037604,-0.076187
0.574588,-0.155011,-0.160505,0.787437,0.569898,-0.097318,-0.059376,0.813769,0.745046,-0.661575,0.037555,-0.076247
0.574577,-0.155115,-0.160663,0.787393,0.569899,-0.097465,-0.059492,0.813742,0.745085,-0.66153,0.037446,-0.076312
0.574545,-0.155326,-0.160855,0.787336,0.569905,-0.097603,-0.059594,0.813714,0.745121,-0.661479,0.037333,-0.07646
0.574526,-0.155551,-0.161036,0.787268,0.5699,-0.097763,-0.05964,0.813695,0.745095,-0.661504,0.037195,-0.076567
0.574504,-0.155696,-0.161171,0.787228,0.56993,-0.097868,-0.05969,0.813658,0.745112,-0.661477,0.037102,-0.076682
0.574482,-0.155811,-0.161189,0.787217,0.56992,-0.097905,-0.059746,0.813656,0.745134,-0.661442,0.037084,-0.076775
0.57452,-0.155839,-0.161204,0.787181,0.56993,-0.098023,-0.05978,0.813633,0.745135,-0.661427,0.037146,-0.07686
0.574579,-0.155833,-0.161088,0.787163,0.569967,-0.098149,-0.059727,0.813595,0.745071,-0.661491,0.03723,-0.076891
0.57467,-0.155842,-0.160979,0.787117,0.570017,-0.098194,-0.059667,0.813559,0.745005,-0.661553,0.037351,-0.076938
0.574735,-0.155828,-0.160865,0.787096,0.570153,-0.098149,-0.059553,0.813478,0.74498,-0.66157,0.037444,-0.076999
0.574824,-0.155846,-0.160802,0.78704,0.570299,-0.098207,-0.059514,0.813371,0.744921,-0.661621,0.037539,-0.077078
0.574914,-0.155875,-0.160837,0.786962,0.570439,-0.098233,-0.059541,0.813268,0.744831,-0.661713,0.037549,-0.077152
0.574921,-0.155926,-0.160888,0.786935,0.570501,-0.098265,-0.059602,0.813216,0.744782,-0.661754,0.037587,-0.077256
0.574958,-0.155947,-0.160959,0.78689,0.570557,-0.098332,-0.059678,0.813163,0.744737,-0.661792,0.037671,-0.077321
0.574963,-0.155931,-0.160928,0.786896,0.570636,-0.098308,-0.059711,0.813108,0.74473,-0.661796,0.037717,-0.077338
0.574953,-0.155905,-0.16089,0.786916,0.570667,-0.098287,-0.059687,0.81309,0.744805,-0.661708,0.037763,-0.077341
0.574943,-0.155853,-0.160833,0.786945,0.570667,-0.098245,-0.059629,0.8131,0.744812,-0.661701,0.037787,-0.077328
0.574937,-0.155795,-0.160757,0.786977,0.570621,-0.098206,-0.059639,0.813136,0.744875,-0.661636,0.037827,-0.077251
0.574886,-0.15577,-0.160707,0.787029,0.570557,-0.098266,-0.059739,0.813167,0.744868,-0.661649,0.037849,-0.077205
0.57483,-0.155759,-0.160641,0.787085,0.570472,-0.098331,-0.059764,0.813217,0.744841,-0.661685,0.037858,-0.077149
0.574804,-0.155792,-0.160665,0.787093,0.570405,-0.098433,-0.05971,0.813255,0.744814,-0.661725,0.037813,-0.077093
0.574785,-0.155891,-0.160681,0.787084,0.570329,-0.098536,-0.059612,0.813303,0.744816,-0.661728,0.037727,-0.077083
0.574714,-0.156001,-0.160759,0.787099,0.57027,-0.098675,-0.059578,0.81333,0.744826,-0.661714,0.037688,-0.077128
0.574678,-0.156106,-0.160801,0.787095,0.570245,-0.098787,-0.059614,0.813331,0.744802,-0.661744,0.037586,-0.077154
0.574655,-0.156218,-0.160848,0.787081,0.570287,-0.098932,-0.059688,0.813279,0.744771,-0.661781,0.037585,-0.077133
0.574655,-0.156331,-0.160914,0.787044,0.57033,-0.099058,-0.059794,0.813226,0.744756,-0.661799,0.037578,-0.077123
0.574664,-0.156459,-0.160929,0.787009,0.570397,-0.099244,-0.059983,0.813142,0.744746,-0.661811,0.037574,-0.077115
0.574684,-0.156598,-0.161002,0.786952,0.570446,-0.099389,-0.060089,0.813082,0.744689,-0.66187,0.037574,-0.077173
0.574722,-0.156778,-0.161061,0.786877,0.57048,-0.099535,-0.060173,0.813034,0.744579,-0.661986,0.037621,-0.077209
0.574685,-0.15686,-0.161134,0.786872,0.570517,-0.099655,-0.060245,0.812988,0.744452,-0.662125,0.037658,-0.077222
0.574668,-0.156919,-0.161207,0.786858,0.570487,-0.099747,-0.060298,0.812994,0.744318,-0.662271,0.037624,-0.077276
0.574664,-0.157005,-0.16121,0.786843,0.570464,-0.099755,-0.060349,0.813006,0.744238,-0.662364,0.037614,-0.07726
0.574643,-0.157085,-0.161204,0.786844,0.570495,-0.099728,-0.060349,0.812987,0.744184,-0.662426,0.037561,-0.077273
0.574628,-0.157127,-0.161252,0.786837,0.570472,-0.099694,-0.060412,0.813002,0.744206,-0.662404,0.037495,-0.077286
0.574564,-0.157151,-0.161356,0.786857,0.570441,-0.099697,-0.060495,0.813017,0.744258,-0.662352,0.03742,-0.077268
0.574519,-0.1572,-0.161399,0.786872,0.57038,-0.099722,-0.060662,0.813045,0.744332,-0.662279,0.037351,-0.077205
0.574473,-0.157244,-0.16148,0.78688,0.570394,-0.099713,-0.060869,0.813021,0.744403,-0.662207,0.037285,-0.077173
0.574438,-0.157183,-0.161502,0.786913,0.570362,-0.099754,-0.061137,0.813019,0.744473,-0.662137,0.037269,-0.077113
0.57441,-0.157253,-0.161677,0.786883,0.570363,-0.099892,-0.061293,0.812989,0.744541,-0.662066,0.037216,-0.077085
0.574421,-0.157356,-0.161829,0.786824,0.570368,-0.099867,-0.061405,0.81298,0.744577,-0.662029,0.037183,-0.077075
0.574473,-0.157372,-0.161927,0.786762,0.570404,-0.099918,-0.061513,0.81294,0.744545,-0.662061,0.037187,-0.077103
0.574543,-0.157387,-0.161963,0.786701,0.570476,-0.099932,-0.061579,0.812883,0.744552,-0.662057,0.03714,-0.0771
0.574581,-0.157428,-0.162007,0.786655,0.570553,-0.100074,-0.061734,0.8128,0.744592,-0.662006,0.037083,-0.077164
0.574686,-0.157545,-0.16203,0.78655,0.570659,-0.100253,-0.061919,0.812689,0.74467,-0.661914,0.037043,-0.077231
0.574699,-0.157739,-0.162222,0.786462,0.570671,-0.100506,-0.062193,0.812629,0.744701,-0.661867,0.036977,-0.077365
0.574733,-0.157986,-0.162424,0.786346,0.570713,-0.100748,-0.062434,0.812551,0.74467,-0.661887,0.036896,-0.077527
0.574763,-0.158229,-0.162638,0.786232,0.570732,-0.101028,-0.06264,0.812487,0.744671,-0.661878,0.036787,-0.077645
0.574749,-0.158479,-0.162799,0.786158,0.570779,-0.101298,-0.062911,0.812399,0.744651,-0.661886,0.036735,-0.077796
0.574731,-0.158689,-0.162978,0.786092,0.570747,-0.101507,-0.063109,0.81238,0.744568,-0.661967,0.036729,-0.077911
0.574669,-0.158751,-0.163165,0.786086,0.57064,-0.10159,-0.063202,0.812438,0.744491,-0.662037,0.03679,-0.078018
0.574568,-0.158733,-0.163389,0.786117,0.570507,-0.101584,-0.063172,0.812534,0.744495,-0.662028,0.036885,-0.078012
0.574442,-0.158642,-0.163522,0.786199,0.570415,-0.101366,-0.063124,0.81263,0.744512,-0.662021,0.036997,-0.077853
0.574417,-0.158403,-0.163462,0.786278,0.570357,-0.101086,-0.063116,0.812706,0.744612,-0.66193,0.037097,-0.077624
0.574406,-0.158057,-0.163322,0.786385,0.570274,-0.100877,-0.063181,0.812785,0.744703,-0.661843,0.037278,-0.077399
0.574425,-0.157763,-0.16318,0.78646,0.570248,-0.100693,-0.063279,0.812819,0.744804,-0.661746,0.037422,-0.077199
0.574406,-0.157546,-0.16308,0.786538,0.570266,-0.100574,-0.063306,0.812818,0.74483,-0.661729,0.037451,-0.077076
0.574431,-0.157469,-0.162998,0.786552,0.570272,-0.100489,-0.06325,0.812829,0.744827,-0.661742,0.037489,-0.076979
0.57445,-0.15744,-0.162899,0.786564,0.570299,-0.100393,-0.06309,0.812834,0.744862,-0.661706,0.037522,-0.07692
0.574455,-0.157483,-0.16281,0.786571,0.570418,-0.100364,-0.062922,0.812768,0.744855,-0.661716,0.037564,-0.076886
0.574499,-0.157577,-0.162688,0.786545,0.570586,-0.100407,-0.062734,0.812659,0.744844,-0.661728,0.037584,-0.076888
0.574504,-0.157731,-0.162665,0.786515,0.570655,-0.100532,-0.062678,0.812599,0.744778,-0.661801,0.037583,-0.076898
0.574467,-0.15792,-0.162723,0.786492,0.57067,-0.10069,-0.062614,0.812574,0.744594,-0.662003,0.03759,-0.076938
0.574405,-0.158072,-0.162746,0.786503,0.570714,-0.100903,-0.062656,0.812513,0.744407,-0.662209,0.037563,-0.076984
0.574337,-0.15821,-0.162728,0.786528,0.5707,-0.101142,-0.062638,0.812495,0.744213,-0.66242,0.03752,-0.077067
0.574275,-0.158309,-0.162632,0.786573,0.57063,-0.101359,-0.062544,0.812524,0.744121,-0.662514,0.037456,-0.077175
0.574206,-0.158326,-0.162611,0.786624,0.570555,-0.101502,-0.062395,0.812571,0.744073,-0.662566,0.037345,-0.077242
0.574143,-0.158415,-0.162704,0.786634,0.57049,-0.101569,-0.062298,0.812616,0.744078,-0.662563,0.037244,-0.077281
0.574114,-0.158519,-0.16281,0.786611,0.570441,-0.10162,-0.06233,0.812641,0.744119,-0.662528,0.037115,-0.077244
0.574071,-0.158543,-0.162964,0.786606,0.570417,-0.101659,-0.062469,0.812643,0.744241,-0.662406,0.036951,-0.077193
0.574095,-0.158543,-0.163109,0.786559,0.57034,-0.101711,-0.062682,0.812674,0.744316,-0.662328,0.036851,-0.077189
0.574108,-0.158542,-0.16327,0.786516,0.570306,-0.101776,-0.062942,0.812669,0.744393,-0.662244,0.036732,-0.077217
0.574217,-0.158398,-0.163316,0.786456,0.570295,-0.101758,-0.063158,0.812662,0.744465,-0.662169,0.036667,-0.077203
0.574315,-0.158309,-0.163331,0.786399,0.570361,-0.101722,-0.063269,0.812612,0.744514,-0.662112,0.03665,-0.077222
0.574446,-0.158213,-0.163289,0.786331,0.570502,-0.101641,-0.063368,0.812515,0.744573,-0.66204,0.036593,-0.077296
0.574619,-0.158168,-0.163322,0.786207,0.570642,-0.101648,-0.063471,0.812408,0.744638,-0.661955,0.036582,-0.077405
0.574748,-0.158225,-0.163449,0.786075,0.570776,-0.101735,-0.063659,0.812288,0.744666,-0.661904,0.036546,-0.077589
0.574865,-0.158364,-0.163661,0.785918,0.570936,-0.101863,-0.063804,0.812148,0.744644,-0.661907,0.036552,-0.077776
0.574935,-0.15856,-0.163902,0.785776,0.571069,-0.101921,-0.06387,0.812043,0.744614,-0.661918,0.036567,-0.077958
0.575016,-0.15866,-0.164015,0.785673,0.571208,-0.101951,-0.063859,0.811942,0.744599,-0.661915,0.036661,-0.078085
0.575178,-0.158641,-0.164005,0.785561,0.571358,-0.101902,-0.063734,0.811852,0.744584,-0.661916,0.036721,-0.078193
0.575298,-0.158537,-0.163859,0.785525,0.571494,-0.101866,-0.063658,0.811767,0.744591,-0.661897,0.036861,-0.078214
0.575484,-0.158357,-0.163677,0.785462,0.571668,-0.101833,-0.063687,0.811647,0.744554,-0.661928,0.037002,-0.078244
0.575638,-0.158208,-0.163493,0.785418,0.571788,-0.101852,-0.063728,0.811556,0.744578,-0.661893,0.037167,-0.078225
0.575807,-0.158117,-0.163402,0.785331,0.571966,-0.101829,-0.06369,0.811436,0.744573,-0.661886,0.037337,-0.078263
0.57591,-0.158087,-0.163352,0.785272,0.572145,-0.101726,-0.063614,0.811329,0.744578,-0.661865,0.037457,-0.07833
0.576035,-0.158087,-0.163294,0.785192,0.572298,-0.101629,-0.063509,0.811242,0.744565,-0.661863,0.037576,-0.078415
0.576092,-0.158103,-0.16331,0.785144,0.572395,-0.101512,-0.063505,0.811188,0.744537,-0.661885,0.037724,-0.078425
0.576156,-0.158065,-0.163282,0.78511,0.572436,-0.10142,-0.063567,0.811166,0.744485,-0.661939,0.037826,-0.078415
0.576199,-0.158024,-0.163257,0.785093,0.572509,-0.101411,-0.063588,0.811114,0.74445,-0.661973,0.03796,-0.078392
0.57626,-0.157977,-0.163172,0.785075,0.572559,-0.101426,-0.063535,0.811081,0.744438,-0.661981,0.038076,-0.078379
0.576287,-0.157899,-0.16301,0.785104,0.572523,-0.101396,-0.063348,0.811125,0.744431,-0.661984,0.038171,-0.078373
0.57634,-0.157747,-0.162861,0.785127,0.572527,-0.101393,-0.063171,0.811136,0.744395,-0.66203,0.03824,-0.078297
0.57639,-0.157657,-0.162754,0.785131,0.572542,-0.101413,-0.063072,0.811131,0.744377,-0.662054,0.038303,-0.078237
0.576361,-0.157697,-0.162676,0.78516,0.572558,-0.101409,-0.063041,0.811122,0.744379,-0.662048,0.038389,-0.078222
0.576327,-0.157791,-0.162703,0.78516,0.572524,-0.101492,-0.063083,0.811133,0.744345,-0.662078,0.038457,-0.078256
0.576302,-0.1579,-0.162819,0.785133,0.572488,-0.101539,-0.063025,0.811157,0.744262,-0.662163,0.038495,-0.078312
0.576257,-0.158005,-0.162919,0.785124,0.572453,-0.101575,-0.062991,0.811179,0.744211,-0.662215,0.038561,-0.078325
0.576268,-0.158063,-0.162833,0.785122,0.572402,-0.10156,-0.062971,0.811219,0.74412,-0.662315,0.038552,-0.07835
0.576293,-0.158069,-0.16271,0.785128,0.572432,-0.101611,-0.062995,0.811189,0.744111,-0.662328,0.038489,-0.078359
0.576378,-0.158079,-0.162598,0.785087,0.572473,-0.101726,-0.063038,0.811143,0.744097,-0.662338,0.038459,-0.078415
0.57642,-0.158203,-0.162592,0.785032,0.572503,-0.101871,-0.063062,0.811102,0.744069,-0.662366,0.038388,-0.078484
0.576444,-0.158411,-0.162614,0.784968,0.572518,-0.102089,-0.063013,0.811068,0.744026,-0.662406,0.038285,-0.078605
0.576461,-0.15866,-0.162662,0.784896,0.572627,-0.102224,-0.062933,0.81098,0.744004,-0.662422,0.038184,-0.078729
0.576486,-0.158949,-0.162794,0.784791,0.572712,-0.102402,-0.062924,0.810898,0.743953,-0.662466,0.038097,-0.07888
0.576511,-0.159251,-0.162924,0.784685,0.572762,-0.10258,-0.062979,0.810836,0.743871,-0.662535,0.03807,-0.079078
0.5765,-0.159495,-0.163065,0.784613,0.572792,-0.102682,-0.063013,0.810799,0.74384,-0.66254,0.038106,-0.079314
0.576479,-0.159718,-0.163248,0.784546,0.572768,-0.102746,-0.063075,0.810803,0.743783,-0.66259,0.03817,-0.079401
0.57645,-0.159774,-0.16336,0.784533,0.572758,-0.10277,-0.063113,0.810804,0.743723,-0.66266,0.038231,-0.07935
0.576498,-0.159674,-0.163324,0.784525,0.572825,-0.102678,-0.063115,0.810768,0.743741,-0.662649,0.038387,-0.079202
0.576604,-0.159423,-0.163066,0.784552,0.572886,-0.102544,-0.062991,0.810752,0.743781,-0.662615,0.038633,-0.078981
0.57673,-0.159079,-0.16266,0.784613,0.572972,-0.102352,-0.062786,0.810731,0.743798,-0.662611,0.038857,-0.078748
0.57681,-0.158778,-0.162326,0.784685,0.573002,-0.102167,-0.062615,0.810747,0.743746,-0.662681,0.039112,-0.078523
0.576896,-0.158566,-0.162052,0.784721,0.573053,-0.102019,-0.062415,0.810744,0.743667,-0.662773,0.039316,-0.078397
0.576932,-0.158482,-0.161862,0.784751,0.573081,-0.101899,-0.062284,0.81075,0.743523,-0.662944,0.039421,-0.078258
0.576902,-0.158422,-0.161731,0.784812,0.57312,-0.101855,-0.062195,0.810735,0.74341,-0.663078,0.03958,-0.078119
0.576836,-0.158415,-0.161632,0.784882,0.573124,-0.101835,-0.062063,0.810745,0.74331,-0.663193,0.039666,-0.078044
0.576776,-0.158391,-0.161448,0.784969,0.573142,-0.101904,-0.061916,0.810735,0.743212,-0.663328,0.039713,-0.077819
0.576693,-0.15835,-0.161205,0.785088,0.573035,-0.101911,-0.061608,0.810833,0.743134,-0.663436,0.039639,-0.077674
0.576594,-0.15837,-0.160952,0.785209,0.572877,-0.102022,-0.061379,0.810948,0.74303,-0.663561,0.039571,-0.077634
0.576449,-0.158458,-0.160709,0.785347,0.572677,-0.102227,-0.061136,0.811082,0.742897,-0.663727,0.03944,-0.077563
0.576325,-0.158604,-0.160551,0.785441,0.57252,-0.1025,-0.061058,0.811164,0.742734,-0.663919,0.039237,-0.077576
0.57612,-0.15888,-0.160575,0.785531,0.572385,-0.102802,-0.061071,0.81122,0.742603,-0.664072,0.03899,-0.077647
0.575959,-0.159191,-0.160721,0.785556,0.572176,-0.103101,-0.061157,0.811323,0.742492,-0.664199,0.038754,-0.077737
0.57577,-0.159528,-0.160944,0.78558,0.572014,-0.103343,-0.061241,0.8114,0.742395,-0.664316,0.038452,-0.077813
0.575654,-0.159822,-0.161219,0.785549,0.571919,-0.103396,-0.061296,0.811456,0.74239,-0.664329,0.03821,-0.077872
0.575542,-0.159965,-0.161492,0.785546,0.571899,-0.103462,-0.061408,0.811453,0.742475,-0.66424,0.037997,-0.077921
0.575471,-0.160017,-0.161613,0.785563,0.57192,-0.103403,-0.061496,0.811439,0.742645,-0.664056,0.03782,-0.077952
0.575513,-0.159986,-0.161667,0.785527,0.571958,-0.103312,-0.061701,0.811409,0.742757,-0.66394,0.037662,-0.077953
0.575557,-0.159911,-0.161737,0.785496,0.572031,-0.103237,-0.061906,0.811351,0.742884,-0.663797,0.037576,-0.078002
0.575667,-0.159815,-0.161749,0.785432,0.572169,-0.103259,-0.06215,0.811233,0.742956,-0.663708,0.037505,-0.078107
0.575776,-0.159889,-0.161902,0.785306,0.57229,-0.103389,-0.062367,0.811114,0.743019,-0.663626,0.03739,-0.078258
0.575843,-0.160071,-0.162086,0.785182,0.5724,-0.103511,-0.062524,0.811008,0.743071,-0.663558,0.037279,-0.078402
0.575864,-0.16034,-0.162325,0.785062,0.572523,-0.103631,-0.062709,0.810892,0.74312,-0.663487,0.037214,-0.078569
0.575916,-0.160569,-0.162563,0.784928,0.572657,-0.103786,-0.062839,0.810767,0.743133,-0.66345,0.037166,-0.078782
0.575976,-0.160805,-0.162664,0.784814,0.572715,-0.103978,-0.062934,0.810694,0.7431,-0.663472,0.0371,-0.078934
0.57602,-0.161007,-0.162727,0.784727,0.572818,-0.104124,-0.062975,0.8106,0.74306,-0.663503,0.0371,-0.079052
0.576055,-0.16103,-0.162684,0.784706,0.572839,-0.104263,-0.062964,0.810568,0.743033,-0.663523,0.03715,-0.07912
0.576171,-0.161032,-0.162552,0.784648,0.572876,-0.104386,-0.06297,0.810525,0.742976,-0.663582,0.037207,-0.079124
0.576206,-0.160981,-0.162392,0.784666,0.572924,-0.104415,-0.062903,0.810493,0.742967,-0.663585,0.037285,-0.079151
0.576248,-0.160955,-0.162308,0.784658,0.572944,-0.104429,-0.062805,0.810485,0.742913,-0.663634,0.037355,-0.079207
0.57632,-0.160937,-0.162214,0.784628,0.573007,-0.104478,-0.06267,0.810444,0.742828,-0.663721,0.037455,-0.079234
0.576412,-0.16097,-0.162201,0.784556,0.573087,-0.104517,-0.062567,0.810391,0.742761,-0.663787,0.03754,-0.079268
0.576466,-0.160983,-0.162212,0.784512,0.57316,-0.104495,-0.062464,0.81035,0.742719,-0.663822,0.037653,-0.079318
0.576532,-0.160965,-0.162265,0.784456,0.573294,-0.104365,-0.062392,0.810277,0.742701,-0.663826,0.037771,-0.079389
0.576644,-0.160906,-0.162241,0.784391,0.573422,-0.104278,-0.062435,0.810194,0.742716,-0.663799,0.037888,-0.079422
0.576754,-0.160813,-0.162271,0.784323,0.573529,-0.104141,-0.062482,0.810133,0.742758,-0.663746,0.038024,-0.079411
0.576836,-0.160728,-0.162287,0.784276,0.573685,-0.104017,-0.062562,0.810032,0.742792,-0.663701,0.038138,-0.079414
0.576966,-0.160627,-0.162316,0.784196,0.57379,-0.103918,-0.062641,0.809964,0.742835,-0.663647,0.03826,-0.079403
0.577088,-0.160476,-0.162355,0.784128,0.573862,-0.10384,-0.062733,0.809916,0.742881,-0.66359,0.03835,-0.07941
0.577192,-0.160334,-0.162348,0.784082,0.573907,-0.103754,-0.062823,0.809888,0.742936,-0.663528,0.038446,-0.079367
0.577275,-0.160201,-0.162319,0.784055,0.573912,-0.103703,-0.062867,0.809888,0.742974,-0.663485,0.038502,-0.079344
0.577316,-0.160088,-0.162339,0.784044,0.573915,-0.103615,-0.062948,0.809891,0.743059,-0.663401,0.038512,-0.079245
0.577334,-0.160027,-0.162353,0.78404,0.573894,-0.103604,-0.063015,0.809902,0.743091,-0.663363,0.038564,-0.079232
0.577312,-0.159983,-0.162419,0.784052,0.573842,-0.103622,-0.063101,0.809929,0.743108,-0.663346,0.038581,-0.079209
0.577312,-0.159949,-0.162452,0.784051,0.573785,-0.103668,-0.063182,0.809958,0.743177,-0.663268,0.03861,-0.079198
0.577328,-0.159857,-0.162454,0.784058,0.573763,-0.103669,-0.063189,0.809972,0.743214,-0.663227,0.038619,-0.079191
0.577314,-0.159793,-0.162425,0.784087,0.573753,-0.103653,-0.063139,0.809986,0.74322,-0.663218,0.038594,-0.079224
0.577333,-0.159746,-0.162393,0.78409,0.573737,-0.103623,-0.063069,0.810007,0.74322,-0.663218,0.038599,-0.079224
0.577353,-0.159683,-0.162391,0.784088,0.573719,-0.103579,-0.063092,0.810023,0.743227,-0.663209,0.038624,-0.079223
0.577359,-0.159626,-0.162431,0.784087,0.573719,-0.10347,-0.06312,0.810035,0.743228,-0.663208,0.038683,-0.079189
0.577359,-0.159602,-0.162499,0.784078,0.573717,-0.103352,-0.063152,0.810049,0.74324,-0.66319,0.038802,-0.079169
0.577373,-0.159556,-0.162536,0.784069,0.573705,-0.103251,-0.063178,0.810068,0.743235,-0.663196,0.038914,-0.079114
0.577386,-0.159453,-0.162573,0.784073,0.573718,-0.10311,-0.063187,0.810076,0.743272,-0.663151,0.038991,-0.079106
0.577439,-0.159341,-0.162551,0.784061,0.573797,-0.102973,-0.063244,0.810033,0.74327,-0.663153,0.039075,-0.079058
0.577493,-0.159259,-0.1625,0.784049,0.573874,-0.10291,-0.063286,0.809984,0.743274,-0.663147,0.039134,-0.079046
0.577574,-0.159186,-0.162434,0.784018,0.573947,-0.102857,-0.063365,0.809932,0.743332,-0.663076,0.039211,-0.079061
0.577632,-0.159189,-0.16246,0.783969,0.574025,-0.102823,-0.06335,0.809883,0.743396,-0.663,0.039232,-0.079083
0.577676,-0.159238,-0.16251,0.783916,0.574062,-0.102871,-0.063326,0.809852,0.743392,-0.662997,0.039221,-0.079157
0.577692,-0.15928,-0.162539,0.78389,0.574106,-0.102943,-0.063268,0.809816,0.743386,-0.662988,0.039281,-0.079249
0.577693,-0.159355,-0.162561,0.783869,0.57413,-0.103015,-0.06319,0.809796,0.743367,-0.662995,0.039394,-0.079315
0.577696,-0.159363,-0.162574,0.783862,0.574121,-0.103083,-0.063186,0.809794,0.74334,-0.663014,0.039472,-0.079368
0.577709,-0.159312,-0.162489,0.783881,0.574152,-0.103093,-0.063144,0.809774,0.743327,-0.66303,0.039559,-0.079324
0.577771,-0.159207,-0.162419,0.783871,0.574191,-0.103047,-0.063157,0.809751,0.743336,-0.663019,0.039625,-0.079294
0.577847,-0.159104,-0.162311,0.783858,0.57424,-0.102966,-0.063145,0.809728,0.74336,-0.66299,0.039676,-0.079281
0.577897,-0.159039,-0.162223,0.783853,0.574312,-0.102872,-0.063191,0.809685,0.743384,-0.662956,0.039742,-0.079309
0.577951,-0.158936,-0.162237,0.783831,0.574367,-0.102773,-0.063192,0.809658,0.743418,-0.662911,0.039812,-0.079331
0.577996,-0.158941,-0.162333,0.783777,0.574433,-0.102688,-0.063192,0.809623,0.743428,-0.66289,0.039888,-0.079374
0.578039,-0.158929,-0.162416,0.78373,0.57446,-0.102545,-0.063248,0.809617,0.743444,-0.662867,0.039933,-0.079396
0.578013,-0.158963,-0.162526,0.78372,0.574481,-0.102474,-0.063285,0.809608,0.743464,-0.66284,0.03995,-0.079433
0.578081,-0.158931,-0.162584,0.783664,0.574505,-0.102373,-0.06332,0.809601,0.743481,-0.662814,0.039973,-0.079475
0.578098,-0.158885,-0.162602,0.783657,0.574543,-0.102356,-0.063388,0.809572,0.743502,-0.66279,0.039959,-0.079487
0.578113,-0.158856,-0.162643,0.783644,0.57458,-0.102348,-0.063472,0.809539,0.743557,-0.662727,0.039917,-0.079514
0.578169,-0.158837,-0.162656,0.783603,0.574642,-0.102335,-0.063481,0.809496,0.743571,-0.66271,0.039894,-0.079532
0.578193,-0.158824,-0.162685,0.783582,0.574644,-0.102384,-0.063557,0.809482,0.743553,-0.662727,0.039857,-0.079587
0.578165,-0.158846,-0.162788,0.783578,0.574659,-0.102432,-0.063651,0.809459,0.74356,-0.662718,0.039812,-0.07961
0.578172,-0.158835,-0.16292,0.783547,0.574708,-0.102458,-0.063749,0.809412,0.743603,-0.66267,0.039772,-0.079638
0.578195,-0.158868,-0.163024,0.783502,0.574716,-0.10245,-0.063732,0.80941,0.743681,-0.662579,0.039739,-0.079677
0.578174,-0.158883,-0.163125,0.783493,0.574735,-0.10242,-0.063773,0.809396,0.743724,-0.662535,0.039688,-0.07967
0.57819,-0.1589,-0.163086,0.783486,0.574706,-0.102429,-0.063725,0.80942,0.743821,-0.662433,0.039616,-0.079645
0.578223,-0.158879,-0.162906,0.783503,0.574678,-0.102469,-0.063699,0.809436,0.743888,-0.662364,0.039552,-0.079626
0.578215,-0.158854,-0.162735,0.78355,0.574685,-0.102569,-0.063723,0.809417,0.743908,-0.662348,0.039455,-0.079619
0.578194,-0.15889,-0.162658,0.783574,0.574696,-0.102602,-0.063663,0.80941,0.743916,-0.662344,0.039378,-0.079623
0.578165,-0.15899,-0.162617,0.783583,0.574674,-0.102734,-0.063671,0.809408,0.743905,-0.662358,0.039254,-0.079658
0.578137,-0.159059,-0.162674,0.783578,0.574651,-0.102863,-0.063675,0.809407,0.743857,-0.662407,0.039228,-0.079715
0.57814,-0.159166,-0.162772,0.783534,0.574669,-0.102971,-0.063656,0.809383,0.743811,-0.66246,0.039202,-0.07972
0.578124,-0.159154,-0.162797,0.783543,0.574651,-0.103026,-0.063694,0.809385,0.743767,-0.662507,0.039225,-0.079732
0.578139,-0.159119,-0.162743,0.78355,0.57461,-0.103098,-0.063791,0.809398,0.743826,-0.66244,0.039184,-0.079755
0.578148,-0.159122,-0.162687,0.783554,0.574598,-0.103158,-0.063841,0.809394,0.743848,-0.662427,0.039061,-0.079722
0.578102,-0.159118,-0.162702,0.783587,0.574544,-0.103173,-0.063867,0.809429,0.743885,-0.662384,0.039018,-0.07975
0.578058,-0.159105,-0.162679,0.783626,0.574491,-0.103201,-0.06385,0.809464,0.743898,-0.662372,0.038933,-0.079779
0.578039,-0.159135,-0.162672,0.783635,0.574451,-0.103232,-0.063792,0.809493,0.743934,-0.662337,0.038816,-0.079779
0.577995,-0.159182,-0.162677,0.783657,0.574382,-0.103334,-0.063779,0.809531,0.743965,-0.662308,0.038665,-0.079805
0.57797,-0.159273,-0.162727,0.783647,0.57437,-0.103371,-0.063771,0.809535,0.743964,-0.66231,0.038607,-0.079823
0.577967,-0.159349,-0.162761,0.783627,0.574371,-0.103429,-0.063802,0.809524,0.743948,-0.662336,0.03856,-0.079781
0.577989,-0.159393,-0.162774,0.783599,0.574366,-0.103518,-0.063836,0.809514,0.743928,-0.662353,0.038577,-0.079821
0.57801,-0.159451,-0.162769,0.783572,0.574354,-0.103541,-0.063778,0.809524,0.743903,-0.662383,0.038506,-0.079832
0.577961,-0.159472,-0.162801,0.783598,0.574372,-0.103549,-0.063702,0.809516,0.74389,-0.662407,0.03847,-0.079783
0.577927,-0.159494,-0.162769,0.783625,0.574448,-0.103556,-0.06362,0.809468,0.74382,-0.662487,0.038454,-0.079772
0.57794,-0.159458,-0.162648,0.783648,0.574518,-0.103509,-0.063597,0.809426,0.743805,-0.662504,0.03844,-0.079782
0.577959,-0.159403,-0.162682,0.783638,0.574596,-0.103431,-0.063597,0.809381,0.743808,-0.662492,0.038531,-0.079806
0.578012,-0.159339,-0.162726,0.783603,0.574617,-0.103411,-0.06364,0.809365,0.743788,-0.662511,0.038592,-0.079805
0.578034,-0.159341,-0.162803,0.78357,0.574601,-0.103415,-0.063684,0.809372,0.743739,-0.662558,0.038665,-0.079838
0.578078,-0.159307,-0.162851,0.783535,0.574588,-0.103385,-0.063675,0.809386,0.743738,-0.662561,0.038708,-0.079808
0.578078,-0.159222,-0.162864,0.783549,0.574618,-0.10332,-0.063606,0.809378,0.743778,-0.662516,0.038711,-0.079803
0.578074,-0.159163,-0.162869,0.783563,0.574657,-0.103274,-0.063617,0.809356,0.743847,-0.662437,0.038715,-0.079813
0.578074,-0.159175,-0.162916,0.783551,0.574687,-0.103316,-0.063813,0.809313,0.743896,-0.662383,0.038665,-0.079831
0.578047,-0.159278,-0.163044,0.783523,0.574664,-0.103478,-0.064061,0.80929,0.743958,-0.662311,0.038595,-0.079886
0.577993,-0.159446,-0.16327,0.783482,0.57467,-0.10363,-0.064236,0.809252,0.744023,-0.66223,0.038506,-0.079991
0.577892,-0.159561,-0.163487,0.783488,0.574567,-0.103745,-0.064397,0.809298,0.744083,-0.662155,0.038422,-0.080091
0.577876,-0.159692,-0.163603,0.783449,0.574481,-0.103869,-0.064469,0.809337,0.744156,-0.662073,0.038347,-0.080129
0.577811,-0.159726,-0.16373,0.783463,0.574405,-0.103963,-0.064563,0.809372,0.744203,-0.662019,0.038254,-0.080188
0.577761,-0.159737,-0.163828,0.783477,0.574331,-0.103978,-0.064692,0.809412,0.744276,-0.661934,0.038227,-0.080213
0.577731,-0.159751,-0.163888,0.783484,0.57422,-0.104016,-0.064879,0.809471,0.744355,-0.661851,0.038217,-0.080182
0.57768,-0.159737,-0.163929,0.783516,0.574106,-0.104057,-0.065032,0.809534,0.74441,-0.661782,0.038231,-0.080229
0.577649,-0.159735,-0.163943,0.783537,0.5741,-0.104099,-0.065152,0.809523,0.744417,-0.661779,0.038171,-0.08021
0.577618,-0.159806,-0.164013,0.78353,0.574144,-0.104136,-0.065207,0.809483,0.744381,-0.661826,0.038112,-0.080194
0.577598,-0.159877,-0.163989,0.783535,0.574214,-0.104155,-0.065118,0.809438,0.744363,-0.661844,0.038046,-0.080245
0.577632,-0.159865,-0.163906,0.78353,0.574266,-0.10418,-0.064971,0.80941,0.74429,-0.661921,0.037979,-0.080319
0.577695,-0.159917,-0.163811,0.783493,0.574349,-0.104137,-0.064758,0.809374,0.74426,-0.661947,0.037962,-0.080389
0.577782,-0.159969,-0.163754,0.78343,0.574446,-0.104102,-0.06465,0.809317,0.744245,-0.661963,0.037926,-0.080414
0.577813,-0.160072,-0.163726,0.783392,0.5745,-0.104208,-0.064758,0.809257,0.74424,-0.661963,0.037944,-0.080442
0.577812,-0.160252,-0.163792,0.783342,0.574549,-0.104325,-0.064852,0.8092,0.744211,-0.661987,0.037934,-0.080521
0.577762,-0.160442,-0.163959,0.783305,0.574582,-0.104492,-0.064975,0.809144,0.74418,-0.662012,0.03795,-0.080595
0.577701,-0.160545,-0.164074,0.783305,0.574567,-0.104513,-0.064955,0.809154,0.744103,-0.662097,0.037983,-0.080596
0.577637,-0.160474,-0.16404,0.783374,0.574509,-0.104504,-0.06487,0.809204,0.744006,-0.662201,0.037996,-0.080627
0.57758,-0.160326,-0.163904,0.783474,0.574408,-0.104529,-0.064683,0.809287,0.743926,-0.662294,0.038005,-0.080602
0.57754,-0.160202,-0.163706,0.783571,0.57432,-0.104487,-0.064534,0.809367,0.743885,-0.662344,0.037993,-0.080582
0.577476,-0.160153,-0.163655,0.783639,0.574196,-0.104573,-0.064451,0.80945,0.743912,-0.662318,0.038032,-0.080519
0.577345,-0.160272,-0.163668,0.783708,0.574107,-0.104639,-0.064414,0.809508,0.743969,-0.662256,0.037997,-0.080514
0.577243,-0.160494,-0.163776,0.783715,0.57398,-0.104804,-0.064451,0.809574,0.743983,-0.662247,0.037888,-0.080512
0.577165,-0.160651,-0.163893,0.783716,0.573843,-0.104969,-0.064499,0.809645,0.744002,-0.66223,0.037769,-0.080539
0.577107,-0.160734,-0.16393,0.783734,0.573756,-0.105086,-0.064484,0.809693,0.743962,-0.662284,0.037687,-0.080496
0.577088,-0.160735,-0.16389,0.783756,0.573709,-0.105188,-0.064425,0.809718,0.743948,-0.662304,0.037606,-0.080501
0.577151,-0.16072,-0.163703,0.783752,0.573681,-0.105219,-0.064268,0.809746,0.743919,-0.662339,0.037557,-0.08051
0.577204,-0.160708,-0.163501,0.783758,0.573691,-0.105142,-0.064044,0.809766,0.743875,-0.662384,0.037537,-0.080554
0.577256,-0.160672,-0.163309,0.783767,0.573786,-0.105103,-0.063898,0.809716,0.743773,-0.662491,0.037556,-0.080603
0.577335,-0.160699,-0.163204,0.783725,0.573884,-0.105076,-0.063835,0.809655,0.743713,-0.662548,0.037603,-0.080667
0.57738,-0.160791,-0.163188,0.783676,0.573994,-0.105033,-0.06389,0.809579,0.743658,-0.662595,0.037693,-0.080749
0.57743,-0.160872,-0.163212,0.783617,0.57409,-0.104989,-0.06391,0.809515,0.743571,-0.662676,0.037795,-0.080831
0.577492,-0.160878,-0.163286,0.783555,0.574094,-0.104939,-0.06395,0.809515,0.743475,-0.662774,0.037899,-0.080863
0.577492,-0.160734,-0.163339,0.783574,0.574082,-0.104911,-0.064003,0.809523,0.743417,-0.662837,0.038042,-0.080814
0.577513,-0.160553,-0.16332,0.7836,0.574089,-0.104829,-0.064009,0.809528,0.743412,-0.662844,0.038129,-0.080765
0.577565,-0.160403,-0.163164,0.783624,0.574048,-0.104819,-0.064039,0.809556,0.743487,-0.662761,0.038206,-0.080718
0.577525,-0.160272,-0.163001,0.783715,0.573951,-0.104739,-0.064061,0.809633,0.743552,-0.662691,0.038228,-0.080685
0.577436,-0.160204,-0.162939,0.783807,0.573877,-0.104729,-0.064048,0.809688,0.743599,-0.662641,0.038212,-0.080665
0.577324,-0.160331,-0.162964,0.783858,0.573805,-0.104839,-0.064022,0.809727,0.743597,-0.662654,0.038164,-0.080608
0.57722,-0.160561,-0.163039,0.783872,0.57369,-0.10504,-0.064098,0.809776,0.743597,-0.66265,0.038097,-0.080662
0.577082,-0.160843,-0.163159,0.783891,0.573594,-0.105274,-0.064134,0.809811,0.743564,-0.662684,0.038004,-0.080732
0.576973,-0.161121,-0.16323,0.7839,0.573508,-0.105483,-0.064027,0.809853,0.743518,-0.662735,0.037866,-0.080802
0.576936,-0.161312,-0.163193,0.783895,0.573402,-0.105782,-0.063905,0.809899,0.743457,-0.662806,0.037714,-0.080856
0.576974,-0.161426,-0.16302,0.78388,0.573332,-0.106066,-0.063772,0.809922,0.743371,-0.66289,0.037604,-0.081013
0.577036,-0.161536,-0.16284,0.783848,0.573306,-0.106285,-0.063649,0.809922,0.743334,-0.66292,0.037517,-0.081151
0.577073,-0.161679,-0.162797,0.783801,0.573331,-0.106444,-0.063583,0.809888,0.743285,-0.66296,0.037399,-0.081313
0.577082,-0.16188,-0.162903,0.783731,0.573375,-0.106637,-0.063633,0.809827,0.743235,-0.663005,0.037439,-0.081388
0.577171,-0.162046,-0.163046,0.783601,0.573404,-0.106865,-0.063836,0.809761,0.743176,-0.663061,0.037425,-0.081478
0.577247,-0.162186,-0.163266,0.78347,0.573515,-0.106987,-0.064064,0.809648,0.743085,-0.663155,0.037454,-0.08153
0.577334,-0.162208,-0.163426,0.783369,0.573668,-0.106996,-0.064306,0.809519,0.743076,-0.663157,0.037566,-0.081551
0.577448,-0.162192,-0.163599,0.783252,0.573858,-0.106866,-0.06451,0.809385,0.743117,-0.663097,0.037653,-0.081622
0.577584,-0.16199,-0.163692,0.783174,0.573988,-0.106644,-0.06458,0.809317,0.743169,-0.663033,0.03775,-0.081627
0.577681,-0.161864,-0.163707,0.783125,0.574124,-0.106478,-0.064649,0.809237,0.743222,-0.662968,0.03783,-0.081629
0.577772,-0.161682,-0.163729,0.783091,0.574224,-0.106312,-0.064699,0.809184,0.743309,-0.662868,0.037903,-0.081611
0.577857,-0.161515,-0.163747,0.783059,0.574283,-0.106221,-0.06484,0.809142,0.743416,-0.662749,0.037887,-0.081608
0.577854,-0.161481,-0.163793,0.783058,0.574333,-0.106168,-0.064966,0.809104,0.743502,-0.662655,0.037837,-0.081616
0.577832,-0.16151,-0.163926,0.783041,0.574355,-0.106158,-0.065016,0.809086,0.743586,-0.662556,0.037771,-0.081692
0.577825,-0.161641,-0.164028,0.782998,0.574392,-0.106201,-0.065027,0.809053,0.743602,-0.662538,0.03767,-0.081735
0.577808,-0.161773,-0.164143,0.782959,0.574445,-0.106196,-0.065028,0.809016,0.743604,-0.662528,0.037597,-0.08183
0.577783,-0.161928,-0.16421,0.782931,0.574424,-0.106286,-0.065049,0.809017,0.743663,-0.662454,0.037499,-0.081933
0.577759,-0.162041,-0.164269,0.782913,0.57442,-0.106375,-0.065027,0.80901,0.743661,-0.662451,0.037417,-0.082024
0.577771,-0.162083,-0.164238,0.782902,0.574428,-0.106429,-0.064952,0.809003,0.743634,-0.662473,0.037391,-0.082097
0.577779,-0.1621,-0.164129,0.782915,0.574468,-0.106458,-0.064872,0.808978,0.743616,-0.66249,0.037365,-0.082133
0.57785,-0.16204,-0.163978,0.782907,0.5745,-0.106534,-0.064823,0.808949,0.743597,-0.662511,0.037398,-0.08212
0.577866,-0.162031,-0.163875,0.782919,0.57452,-0.106613,-0.064837,0.808923,0.743537,-0.662567,0.037476,-0.082172
0.577916,-0.162059,-0.163869,0.782877,0.574534,-0.106715,-0.064924,0.808893,0.743518,-0.662578,0.037529,-0.082231
0.577964,-0.162167,-0.163887,0.782816,0.574583,-0.106837,-0.065022,0.808834,0.743447,-0.662649,0.03748,-0.082325
0.57796,-0.162327,-0.163946,0.782773,0.574615,-0.106929,-0.065042,0.808798,0.743394,-0.662696,0.037474,-0.082428
0.577981,-0.162448,-0.163968,0.782728,0.574676,-0.106973,-0.065017,0.808751,0.743381,-0.662691,0.037512,-0.08257
0.577962,-0.162526,-0.164009,0.782717,0.574744,-0.106894,-0.065005,0.808714,0.743377,-0.66268,0.037584,-0.08266
0.57799,-0.162494,-0.164018,0.782701,0.574807,-0.106777,-0.065101,0.808676,0.743352,-0.662701,0.037658,-0.082682
0.577961,-0.162458,-0.164078,0.782717,0.574858,-0.106704,-0.065113,0.808649,0.743374,-0.662671,0.037752,-0.082691
0.577931,-0.162344,-0.164153,0.782748,0.57481,-0.106693,-0.065252,0.808673,0.743379,-0.662678,0.037861,-0.082537
0.577923,-0.162218,-0.164148,0.782781,0.57475,-0.106599,-0.065323,0.808722,0.743445,-0.66261,0.037926,-0.082454
0.577873,-0.162121,-0.164159,0.782835,0.574695,-0.106493,-0.065263,0.80878,0.743441,-0.662614,0.038006,-0.082425
0.577847,-0.161954,-0.164094,0.782903,0.574663,-0.106438,-0.065145,0.80882,0.743513,-0.662535,0.038062,-0.082382
0.577811,-0.161924,-0.164032,0.782948,0.574609,-0.106416,-0.065022,0.808871,0.743565,-0.662473,0.038057,-0.08241
0.577796,-0.161959,-0.164058,0.782947,0.574595,-0.106468,-0.065032,0.808873,0.743621,-0.662408,0.038037,-0.082442
0.577778,-0.162101,-0.16417,0.782907,0.574585,-0.106573,-0.06515,0.808857,0.74366,-0.662371,0.037968,-0.08242
0.577796,-0.162318,-0.164338,0.782814,0.574575,-0.106689,-0.065195,0.808845,0.743613,-0.662424,0.037886,-0.082456
0.577802,-0.162486,-0.164451,0.782751,0.574652,-0.106786,-0.065233,0.808775,0.743547,-0.662489,0.037779,-0.082575
0.577796,-0.162528,-0.164487,0.782739,0.574674,-0.106897,-0.065221,0.808745,0.743476,-0.662561,0.037701,-0.08267
0.577859,-0.162547,-0.164372,0.782713,0.574692,-0.107023,-0.065127,0.808723,0.743447,-0.662583,0.037637,-0.08279
0.57792,-0.162493,-0.164211,0.782712,0.574722,-0.107116,-0.065089,0.808693,0.74343,-0.662594,0.037621,-0.082857
0.577998,-0.162452,-0.164105,0.782686,0.574755,-0.107206,-0.065085,0.808658,0.743424,-0.662592,0.037585,-0.082949
0.578068,-0.162486,-0.164026,0.782643,0.574801,-0.107291,-0.065148,0.808609,0.743418,-0.662589,0.037538,-0.083045
0.578126,-0.162572,-0.164031,0.782582,0.574852,-0.107359,-0.065289,0.808552,0.743432,-0.662564,0.037503,-0.083127
0.578182,-0.162657,-0.164196,0.782488,0.574946,-0.10742,-0.065396,0.808469,0.743478,-0.662498,0.037449,-0.083267
0.57822,-0.162705,-0.164433,0.782401,0.574992,-0.1075,-0.065503,0.808417,0.743561,-0.662396,0.037414,-0.083363
0.578217,-0.16272,-0.164632,0.782358,0.575,-0.107465,-0.065582,0.808409,0.743653,-0.662287,0.037375,-0.083423
0.578253,-0.162705,-0.164778,0.782304,0.575009,-0.107316,-0.065685,0.808414,0.743725,-0.662197,0.03733,-0.083514
0.578367,-0.16258,-0.164872,0.782226,0.575046,-0.107147,-0.065783,0.808402,0.743804,-0.662108,0.037373,-0.083501
0.578416,-0.162395,-0.164817,0.782239,0.575078,-0.106961,-0.065839,0.808399,0.743854,-0.662051,0.03748,-0.083454
0.578473,-0.162197,-0.164651,0.782273,0.575133,-0.10674,-0.065873,0.808387,0.743945,-0.661952,0.037571,-0.083383
0.578545,-0.162047,-0.164661,0.782249,0.575168,-0.106618,-0.065907,0.808375,0.74396,-0.661931,0.037655,-0.083387
0.578574,-0.161976,-0.164611,0.782253,0.575197,-0.106643,-0.0659,0.808352,0.743933,-0.661956,0.03768,-0.083414
0.578612,-0.162008,-0.164623,0.782215,0.575206,-0.10669,-0.065859,0.808343,0.743858,-0.662031,0.03777,-0.083453
0.578644,-0.162107,-0.164579,0.782181,0.575242,-0.10677,-0.065822,0.80831,0.743777,-0.662118,0.037838,-0.083451
0.578649,-0.162203,-0.164479,0.782178,0.575307,-0.106838,-0.065732,0.808262,0.743657,-0.662253,0.037879,-0.083432
0.578673,-0.162309,-0.164339,0.782168,0.575308,-0.106989,-0.065618,0.80825,0.743554,-0.662369,0.037872,-0.083427
0.578727,-0.162338,-0.164147,0.782162,0.575255,-0.10715,-0.065468,0.808279,0.743426,-0.662515,0.037878,-0.083411
0.578707,-0.162346,-0.163912,0.782224,0.575224,-0.107257,-0.065243,0.808305,0.743344,-0.662613,0.037863,-0.083364
0.578726,-0.162337,-0.163621,0.782273,0.575208,-0.107268,-0.065011,0.808333,0.743277,-0.662693,0.037885,-0.083319
0.578787,-0.162284,-0.163358,0.782294,0.575214,-0.107228,-0.064846,0.808348,0.743209,-0.662771,0.037952,-0.083271
0.578772,-0.162252,-0.163123,0.782361,0.575211,-0.107221,-0.06469,0.808363,0.743112,-0.662882,0.037937,-0.083266
0.578731,-0.162236,-0.163054,0.782408,0.575196,-0.107307,-0.064632,0.808367,0.743059,-0.662937,0.037939,-0.083296
0.578742,-0.162266,-0.162928,0.782421,0.575224,-0.107333,-0.064556,0.80835,0.742994,-0.663014,0.037955,-0.083261
0.578745,-0.162337,-0.16295,0.782399,0.575252,-0.107357,-0.064503,0.808331,0.74294,-0.663077,0.037882,-0.083268
0.57869,-0.162407,-0.163008,0.782413,0.575286,-0.107368,-0.0645,0.808305,0.742975,-0.663036,0.037826,-0.083309
0.578671,-0.162549,-0.163082,0.782382,0.57528,-0.10739,-0.064527,0.808305,0.742984,-0.663027,0.037829,-0.0833
0.578639,-0.162632,-0.163139,0.782377,0.575248,-0.107447,-0.064578,0.808316,0.742993,-0.663024,0.037772,-0.083269
0.578638,-0.162706,-0.163105,0.782369,0.575225,-0.107468,-0.064603,0.808327,0.742967,-0.663056,0.037737,-0.083261
0.578651,-0.162731,-0.163125,0.78235,0.575255,-0.107447,-0.064673,0.808303,0.742967,-0.663054,0.037743,-0.083277
0.578663,-0.162701,-0.163075,0.782358,0.575255,-0.107463,-0.064707,0.808298,0.74296,-0.663055,0.037729,-0.083331
0.578675,-0.162707,-0.16304,0.782355,0.575224,-0.10755,-0.064757,0.808305,0.742933,-0.663083,0.037656,-0.083387
0.578678,-0.162786,-0.163141,0.782316,0.575208,-0.107643,-0.064806,0.8083,0.742894,-0.663117,0.037541,-0.083517
0.578654,-0.162861,-0.163297,0.782285,0.575244,-0.10771,-0.064803,0.808266,0.742886,-0.663118,0.037463,-0.083611
0.578639,-0.162929,-0.163402,0.78226,0.575287,-0.107712,-0.064841,0.808232,0.742886,-0.663113,0.037421,-0.083674
0.578659,-0.163002,-0.163457,0.782219,0.575332,-0.107708,-0.064911,0.808194,0.742883,-0.663105,0.037419,-0.083762
0.578682,-0.163038,-0.163552,0.782174,0.57538,-0.107686,-0.064936,0.808161,0.742896,-0.663082,0.03743,-0.083826
0.578732,-0.16307,-0.163594,0.782122,0.575403,-0.10764,-0.064921,0.808152,0.742938,-0.663032,0.037437,-0.083848
0.578789,-0.163077,-0.163572,0.782083,0.575493,-0.1076,-0.064891,0.808096,0.743,-0.662959,0.037489,-0.083845
0.578855,-0.163013,-0.163528,0.782056,0.575616,-0.107495,-0.064802,0.80803,0.743011,-0.662945,0.037549,-0.08384
0.578922,-0.162976,-0.163416,0.782038,0.575752,-0.107438,-0.064745,0.807944,0.743022,-0.662929,0.03758,-0.083855
0.579024,-0.162953,-0.163358,0.781979,0.575854,-0.107406,-0.06472,0.807878,0.743026,-0.662921,0.037605,-0.083873
0.579124,-0.163024,-0.163354,0.781891,0.575924,-0.107535,-0.064779,0.807807,0.743029,-0.662902,0.037664,-0.083961
0.579184,-0.163161,-0.16344,0.7818,0.576008,-0.107611,-0.06476,0.807738,0.742958,-0.662964,0.037679,-0.084097
0.57923,-0.163301,-0.163503,0.781724,0.576064,-0.10772,-0.064646,0.807693,0.742935,-0.662972,0.037666,-0.084239
0.579297,-0.163368,-0.163488,0.781663,0.576111,-0.107858,-0.064592,0.807645,0.742899,-0.663004,0.037627,-0.084329
0.579365,-0.163417,-0.163351,0.781631,0.576201,-0.107896,-0.064517,0.807582,0.742881,-0.663018,0.037611,-0.084384
0.579409,-0.163447,-0.163311,0.781601,0.576312,-0.107888,-0.064446,0.80751,0.742855,-0.663033,0.037636,-0.084476
0.579477,-0.163435,-0.163288,0.781558,0.576385,-0.107875,-0.064459,0.807458,0.742815,-0.663063,0.037733,-0.084563
0.579563,-0.163378,-0.163291,0.781505,0.576466,-0.107855,-0.06449,0.8074,0.742752,-0.663114,0.037867,-0.084653
0.57962,-0.163327,-0.163345,0.781463,0.576497,-0.107871,-0.064675,0.807361,0.742681,-0.663187,0.037954,-0.084661
0.579664,-0.163277,-0.16337,0.781435,0.576543,-0.107895,-0.064945,0.807304,0.742608,-0.66326,0.038052,-0.084682
0.579719,-0.163257,-0.163502,0.781371,0.5766,-0.10791,-0.065272,0.807235,0.742577,-0.663287,0.038102,-0.084719
0.579795,-0.163182,-0.163549,0.78132,0.576598,-0.107917,-0.065429,0.807222,0.742615,-0.663245,0.038118,-0.084716
0.579869,-0.163105,-0.163614,0.781268,0.576658,-0.107882,-0.065503,0.807178,0.74268,-0.66317,0.038157,-0.084714
0.579945,-0.163034,-0.163687,0.781211,0.576699,-0.107808,-0.065393,0.807167,0.742759,-0.663074,0.038129,-0.084779
0.579995,-0.163008,-0.163712,0.781174,0.576756,-0.107767,-0.065393,0.807132,0.742841,-0.662974,0.038133,-0.084844
0.580004,-0.163062,-0.1638,0.781138,0.576824,-0.107732,-0.065483,0.807081,0.742852,-0.662959,0.038101,-0.084881
0.579992,-0.163144,-0.163891,0.78111,0.576869,-0.107735,-0.06561,0.807038,0.742878,-0.662929,0.038056,-0.084903
0.579966,-0.16324,-0.164011,0.781084,0.576912,-0.107777,-0.065662,0.806998,0.742901,-0.662901,0.038008,-0.084943
0.579973,-0.163256,-0.164016,0.781075,0.576926,-0.107866,-0.065566,0.806984,0.742854,-0.662957,0.037977,-0.084932
0.580036,-0.163234,-0.16389,0.781058,0.576951,-0.107947,-0.065332,0.806974,0.742801,-0.663009,0.03794,-0.085012
0.580061,-0.163249,-0.163687,0.781079,0.576966,-0.108027,-0.065131,0.806969,0.742788,-0.663024,0.037891,-0.085023
0.580119,-0.163331,-0.163553,0.781047,0.577012,-0.108197,-0.065072,0.806918,0.742714,-0.663102,0.037848,-0.085084
0.580132,-0.163484,-0.163441,0.781029,0.57702,-0.108399,-0.065024,0.806889,0.742572,-0.663247,0.037875,-0.085178
0.580115,-0.163703,-0.16347,0.78099,0.576988,-0.108619,-0.065098,0.806876,0.742445,-0.663375,0.037882,-0.085282
0.580032,-0.163936,-0.163617,0.780972,0.576951,-0.108745,-0.065105,0.806885,0.742328,-0.663499,0.037894,-0.085337
0.580035,-0.164069,-0.163693,0.780926,0.576943,-0.108779,-0.06503,0.806892,0.74224,-0.663587,0.037944,-0.085398
0.580003,-0.1641,-0.163638,0.780955,0.57696,-0.108733,-0.064997,0.806889,0.742183,-0.663653,0.037985,-0.085356
0.579993,-0.164001,-0.163532,0.781005,0.576973,-0.108677,-0.06496,0.80689,0.742166,-0.663672,0.03809,-0.085315
0.579996,-0.163828,-0.163384,0.78107,0.576926,-0.108573,-0.06499,0.806935,0.742158,-0.663679,0.038167,-0.085292
0.579991,-0.163617,-0.163314,0.781133,0.576879,-0.108492,-0.065011,0.806978,0.742167,-0.663676,0.038203,-0.085222
0.579966,-0.163527,-0.163337,0.781166,0.576873,-0.108449,-0.064945,0.806993,0.742187,-0.663645,0.038345,-0.08523
0.579934,-0.163519,-0.163389,0.78118,0.576798,-0.108363,-0.064865,0.807065,0.742214,-0.663617,0.038397,-0.085193
0.579883,-0.163499,-0.163441,0.781211,0.576771,-0.108252,-0.064808,0.807104,0.742259,-0.66357,0.038479,-0.085128
0.579849,-0.163435,-0.163479,0.781242,0.576704,-0.108128,-0.064768,0.807172,0.742242,-0.663599,0.038598,-0.084997
0.579799,-0.163339,-0.163455,0.781304,0.576658,-0.108024,-0.064693,0.807224,0.742244,-0.663603,0.03874,-0.084876
0.579786,-0.163183,-0.163334,0.781372,0.57662,-0.107887,-0.064638,0.807275,0.742259,-0.6636,0.038825,-0.084728
0.579803,-0.16302,-0.163125,0.781437,0.576592,-0.107719,-0.06445,0.807332,0.742241,-0.663633,0.038938,-0.084578
0.57986,-0.162901,-0.162944,0.781457,0.576589,-0.107542,-0.064266,0.807372,0.742213,-0.663671,0.039017,-0.084489
0.579938,-0.162784,-0.162784,0.781456,0.576633,-0.10745,-0.064078,0.807368,0.742186,-0.663701,0.039117,-0.084447
0.580042,-0.162696,-0.16268,0.781419,0.57666,-0.107433,-0.064071,0.807351,0.742134,-0.663754,0.039201,-0.084444
0.58014,-0.162712,-0.162664,0.781347,0.576713,-0.107466,-0.064114,0.807306,0.742088,-0.663803,0.039213,-0.084457
0.5802,-0.162785,-0.162692,0.781281,0.57679,-0.107457,-0.064069,0.807256,0.742045,-0.66384,0.039273,-0.084513
0.580245,-0.162886,-0.162744,0.781216,0.57686,-0.107489,-0.064052,0.807202,0.741989,-0.663889,0.039362,-0.084577
0.580301,-0.162957,-0.162786,0.781151,0.576926,-0.107439,-0.063991,0.807167,0.741943,-0.663929,0.039401,-0.084657
0.580307,-0.162986,-0.16283,0.781131,0.57701,-0.107385,-0.063964,0.807117,0.741915,-0.663954,0.039434,-0.084692
0.580389,-0.162978,-0.162792,0.78108,0.577045,-0.107384,-0.063929,0.807094,0.741864,-0.664006,0.039443,-0.08472
0.580465,-0.162964,-0.162722,0.781041,0.57707,-0.107427,-0.06399,0.807065,0.741855,-0.664015,0.039413,-0.084751
0.580452,-0.162905,-0.162669,0.781074,0.577096,-0.107466,-0.064076,0.807035,0.741893,-0.663972,0.039381,-0.084764
0.580445,-0.162936,-0.162674,0.781071,0.577096,-0.107525,-0.064126,0.807024,0.741893,-0.663972,0.039285,-0.08481
0.580439,-0.163025,-0.162755,0.78104,0.577146,-0.107617,-0.064164,0.806972,0.741913,-0.663958,0.039144,-0.084807
0.580382,-0.163213,-0.162886,0.781016,0.577191,-0.107643,-0.064213,0.806932,0.741949,-0.663917,0.039067,-0.084853
0.580343,-0.163343,-0.163022,0.78099,0.57719,-0.107693,-0.064289,0.806921,0.742042,-0.663811,0.038931,-0.08493
0.580334,-0.163521,-0.163164,0.78093,0.57714,-0.10779,-0.064425,0.806933,0.742086,-0.663763,0.038768,-0.084992
0.58026,-0.163742,-0.163326,0.780904,0.57707,-0.107923,-0.064421,0.806965,0.742101,-0.663755,0.038607,-0.084999
0.580232,-0.163861,-0.163365,0.780892,0.576999,-0.108041,-0.064387,0.807003,0.742093,-0.663769,0.038471,-0.085022
0.580192,-0.163897,-0.163301,0.780928,0.576985,-0.10815,-0.064428,0.806995,0.742098,-0.663766,0.038383,-0.085042
0.580165,-0.163943,-0.163169,0.780966,0.576992,-0.108223,-0.064364,0.806985,0.742056,-0.663808,0.038308,-0.085109
0.580151,-0.164056,-0.163146,0.780957,0.576994,-0.108315,-0.064349,0.806973,0.741954,-0.663925,0.038202,-0.085138
0.580116,-0.164252,-0.163164,0.780938,0.577029,-0.108419,-0.064354,0.806933,0.741889,-0.66398,0.038161,-0.085295
0.580094,-0.164483,-0.163209,0.780896,0.577061,-0.108585,-0.064316,0.806891,0.741785,-0.664083,0.038137,-0.085409
0.580076,-0.164704,-0.163347,0.780834,0.577015,-0.108733,-0.064317,0.806904,0.741625,-0.664246,0.03814,-0.085526
0.580018,-0.16486,-0.163446,0.780824,0.577024,-0.108879,-0.064329,0.806877,0.741511,-0.664369,0.038187,-0.085546
0.579998,-0.164894,-0.163411,0.780838,0.576986,-0.109055,-0.06433,0.80688,0.741431,-0.664459,0.038181,-0.08554
0.579977,-0.164842,-0.163294,0.78089,0.576987,-0.109118,-0.064176,0.806883,0.741391,-0.66451,0.038187,-0.085489
0.580079,-0.164672,-0.163084,0.780894,0.576973,-0.109083,-0.063999,0.806912,0.741417,-0.664483,0.038239,-0.085448
0.580125,-0.164489,-0.162892,0.780938,0.577008,-0.109016,-0.063814,0.806911,0.741372,-0.664535,0.038301,-0.085407
0.580156,-0.164388,-0.162713,0.780974,0.577031,-0.109008,-0.063658,0.806908,0.741351,-0.664558,0.038384,-0.085365
0.580193,-0.164334,-0.162639,0.780973,0.577072,-0.109061,-0.063585,0.806877,0.741295,-0.664617,0.038481,-0.085353
0.580161,-0.164362,-0.162624,0.780994,0.577085,-0.109103,-0.063538,0.806866,0.74125,-0.664666,0.038589,-0.085313
0.580131,-0.164402,-0.162687,0.780995,0.577116,-0.109041,-0.063478,0.806857,0.741206,-0.664715,0.038675,-0.085276
0.580084,-0.16443,-0.162796,0.781001,0.577106,-0.108988,-0.063449,0.806873,0.741161,-0.664764,0.038782,-0.085236
0.580122,-0.16434,-0.162773,0.780997,0.577139,-0.108943,-0.063481,0.806854,0.74113,-0.664802,0.038831,-0.085189
0.580136,-0.164193,-0.162712,0.78103,0.577155,-0.108879,-0.063477,0.806851,0.741166,-0.664764,0.0389,-0.085138
0.58019,-0.164086,-0.162636,0.781028,0.577165,-0.108774,-0.063499,0.806856,0.7412,-0.664728,0.03898,-0.085087
0.580193,-0.163986,-0.162613,0.781052,0.577174,-0.108718,-0.063543,0.806853,0.741184,-0.664742,0.038968,-0.085122
0.580227,-0.16394,-0.162685,0.781021,0.577181,-0.108729,-0.063602,0.806843,0.741164,-0.664768,0.038986,-0.085086
0.580218,-0.164032,-0.162764,0.780992,0.577173,-0.108741,-0.063585,0.806848,0.741157,-0.664774,0.03894,-0.085116
0.580217,-0.164091,-0.162848,0.780963,0.577158,-0.108761,-0.063593,0.806855,0.741184,-0.664743,0.038919,-0.085136
0.580289,-0.16409,-0.16291,0.780897,0.577153,-0.108758,-0.063659,0.806854,0.741171,-0.664752,0.038918,-0.085178
0.580315,-0.164113,-0.162982,0.780857,0.5772,-0.10869,-0.063687,0.806827,0.741147,-0.664772,0.038922,-0.08523
0.580344,-0.16403,-0.162973,0.780855,0.577207,-0.108675,-0.063733,0.806821,0.74118,-0.664728,0.038962,-0.085274
0.580393,-0.163961,-0.162968,0.780834,0.577261,-0.10865,-0.063704,0.806788,0.741201,-0.664704,0.038967,-0.085269
0.580479,-0.163927,-0.162887,0.780794,0.57738,-0.108691,-0.06366,0.806701,0.741237,-0.664666,0.038987,-0.085247
0.580523,-0.163862,-0.162778,0.780798,0.577498,-0.108728,-0.063544,0.80662,0.741201,-0.664701,0.038994,-0.085283
0.580557,-0.163855,-0.162742,0.780782,0.57757,-0.108752,-0.063418,0.806575,0.741214,-0.664678,0.039046,-0.085331
0.58063,-0.163848,-0.162719,0.780734,0.577665,-0.108742,-0.063391,0.806511,0.741175,-0.664717,0.03907,-0.085355
0.580714,-0.163844,-0.162692,0.780678,0.577725,-0.108658,-0.063406,0.806478,0.741174,-0.664707,0.039172,-0.085383
0.580743,-0.163847,-0.16271,0.780652,0.577798,-0.108611,-0.063462,0.806428,0.741137,-0.664748,0.039269,-0.085345
0.580774,-0.163788,-0.162706,0.780642,0.577844,-0.108526,-0.063499,0.806403,0.741136,-0.664742,0.039422,-0.085335
0.580824,-0.163682,-0.16272,0.780624,0.577893,-0.108377,-0.063517,0.806387,0.741137,-0.664741,0.039533,-0.085275
0.580869,-0.163523,-0.162651,0.780638,0.577881,-0.108298,-0.063457,0.806411,0.741122,-0.664755,0.039645,-0.085251
0.580906,-0.163364,-0.162556,0.780663,0.577926,-0.108213,-0.063413,0.806394,0.741073,-0.664803,0.039803,-0.085225
0.580973,-0.163237,-0.162385,0.780676,0.577976,-0.108085,-0.063309,0.806383,0.741055,-0.664825,0.039905,-0.085161
0.58104,-0.163134,-0.162235,0.780679,0.578035,-0.107986,-0.063194,0.806363,0.741052,-0.664831,0.039976,-0.085108
0.581099,-0.163099,-0.162139,0.780662,0.578063,-0.107906,-0.06311,0.80636,0.741085,-0.664795,0.040021,-0.085083
0.581135,-0.163128,-0.162067,0.780644,0.578133,-0.107861,-0.063015,0.806323,0.741124,-0.664756,0.040029,-0.085043
0.581172,-0.163227,-0.16206,0.780598,0.578194,-0.107846,-0.062979,0.806285,0.741162,-0.664713,0.040063,-0.085031
0.58117,-0.163325,-0.161968,0.780598,0.578264,-0.107901,-0.062964,0.806228,0.741146,-0.664723,0.040132,-0.085061
0.581157,-0.163425,-0.161867,0.780607,0.57829,-0.107906,-0.06288,0.806216,0.741106,-0.66476,0.040182,-0.085092
0.581208,-0.163464,-0.161739,0.780588,0.578292,-0.107979,-0.0628,0.806211,0.741055,-0.664819,0.040241,-0.085048
0.581193,-0.163486,-0.161598,0.780623,0.578281,-0.10808,-0.062712,0.806212,0.74101,-0.664861,0.040281,-0.085098
0.581271,-0.163549,-0.161417,0.78059,0.578318,-0.108165,-0.062627,0.80618,0.74091,-0.664974,0.040291,-0.085087
0.581312,-0.163594,-0.161279,0.780578,0.578332,-0.108259,-0.062528,0.806165,0.740822,-0.66507,0.040229,-0.085123
0.581335,-0.163686,-0.161258,0.780547,0.578352,-0.108395,-0.062453,0.806138,0.740724,-0.665166,0.040216,-0.085237
0.581338,-0.163863,-0.16128,0.780503,0.578418,-0.108438,-0.062388,0.806091,0.740706,-0.665177,0.040213,-0.085308
0.58134,-0.163982,-0.161439,0.780443,0.578472,-0.108435,-0.062293,0.806059,0.740697,-0.665177,0.040223,-0.085382
0.581357,-0.164032,-0.161602,0.780386,0.578503,-0.108375,-0.062293,0.806045,0.740702,-0.665165,0.040222,-0.085437
0.581364,-0.163945,-0.161657,0.780388,0.578534,-0.108237,-0.062277,0.806043,0.740711,-0.66515,0.040247,-0.085458
0.58139,-0.163878,-0.161702,0.780373,0.5786,-0.108082,-0.062304,0.806014,0.740794,-0.665051,0.040291,-0.085484
0.581423,-0.163716,-0.161668,0.78039,0.578653,-0.107949,-0.06237,0.805988,0.740874,-0.664951,0.040363,-0.085536
0.581466,-0.163617,-0.161701,0.780371,0.578682,-0.107848,-0.062479,0.805973,0.740934,-0.664883,0.040379,-0.085539
0.58147,-0.163559,-0.161771,0.780366,0.578698,-0.107822,-0.062642,0.805952,0.740984,-0.664824,0.040414,-0.085552
0.581468,-0.163566,-0.161885,0.780342,0.578737,-0.107852,-0.06272,0.805914,0.741055,-0.664737,0.040406,-0.085619
0.581495,-0.163655,-0.162004,0.780279,0.578779,-0.10794,-0.062852,0.805862,0.741125,-0.664651,0.040385,-0.085687
0.581522,-0.163786,-0.162148,0.780201,0.578793,-0.10806,-0.062961,0.805827,0.741184,-0.664579,0.040354,-0.085748
0.581482,-0.16391,-0.162301,0.780173,0.578772,-0.108134,-0.063036,0.805826,0.741219,-0.664534,0.040224,-0.085856
0.581471,-0.164046,-0.162386,0.780135,0.578749,-0.108217,-0.063062,0.80583,0.741297,-0.664445,0.040137,-0.085912
0.581476,-0.164105,-0.16244,0.780108,0.57872,-0.108284,-0.063096,0.805839,0.741313,-0.664424,0.040079,-0.085962
0.581474,-0.164144,-0.162424,0.780104,0.578743,-0.108383,-0.063033,0.805814,0.741301,-0.66443,0.040051,-0.086032
0.581507,-0.164099,-0.162372,0.7801,0.578733,-0.108423,-0.063042,0.805815,0.741315,-0.664406,0.040085,-0.086084
0.581527,-0.164059,-0.162342,0.7801,0.578732,-0.10845,-0.06308,0.805809,0.741334,-0.664379,0.0401,-0.086114
0.581576,-0.164041,-0.162246,0.780087,0.578766,-0.108486,-0.063154,0.805774,0.74136,-0.664347,0.040119,-0.086136
0.581614,-0.164042,-0.162222,0.780064,0.578799,-0.108522,-0.063194,0.805743,0.741336,-0.664372,0.040154,-0.086131
0.581639,-0.1641,-0.162221,0.780034,0.578854,-0.108529,-0.063181,0.805703,0.741327,-0.664379,0.040163,-0.086148
0.581661,-0.16418,-0.162259,0.779992,0.57895,-0.108549,-0.063098,0.805638,0.741311,-0.664389,0.040156,-0.086209
0.581672,-0.164255,-0.16228,0.779963,0.579009,-0.108602,-0.063061,0.805592,0.741298,-0.664401,0.040172,-0.08622
0.5817,-0.164266,-0.16226,0.779944,0.579012,-0.108639,-0.063086,0.805582,0.741289,-0.664416,0.040095,-0.086221
0.581712,-0.164259,-0.162279,0.779933,0.579002,-0.108683,-0.063151,0.805578,0.741252,-0.664453,0.040117,-0.08624
0.581687,-0.164249,-0.162298,0.77995,0.578952,-0.108788,-0.063205,0.805596,0.741187,-0.664525,0.040155,-0.086226
0.581682,-0.16425,-0.162239,0.779966,0.578929,-0.108822,-0.063172,0.805611,0.741174,-0.664543,0.040121,-0.08622
0.581621,-0.164238,-0.162258,0.78001,0.578896,-0.108839,-0.063163,0.805632,0.741136,-0.664585,0.04009,-0.086235
0.581558,-0.16431,-0.162277,0.780037,0.578843,-0.1089,-0.063271,0.805654,0.74113,-0.664595,0.040031,-0.086241
0.581487,-0.164317,-0.162349,0.780074,0.578734,-0.108971,-0.063418,0.805711,0.741159,-0.664567,0.039956,-0.086244
0.581413,-0.164347,-0.162492,0.780093,0.578583,-0.108985,-0.063596,0.805804,0.74119,-0.664544,0.039837,-0.08621
0.581298,-0.164337,-0.162632,0.780152,0.578455,-0.109005,-0.063683,0.805886,0.741195,-0.664551,0.039762,-0.086145
0.581163,-0.164355,-0.162752,0.780223,0.578325,-0.109052,-0.06381,0.805963,0.741235,-0.66452,0.039749,-0.086045
0.581057,-0.164379,-0.162743,0.780299,0.578169,-0.109017,-0.063885,0.806073,0.741331,-0.664432,0.039693,-0.085922
0.580932,-0.164414,-0.162824,0.780368,0.578046,-0.108982,-0.063924,0.806163,0.741395,-0.664378,0.039644,-0.085812
0.580829,-0.164437,-0.16292,0.78042,0.577937,-0.108999,-0.063981,0.806235,0.741427,-0.664353,0.039555,-0.085771
0.580769,-0.164502,-0.162955,0.780443,0.577824,-0.1091,-0.064092,0.806293,0.741445,-0.664347,0.039462,-0.085705
0.580688,-0.164638,-0.16302,0.780461,0.57774,-0.109262,-0.064202,0.806323,0.741456,-0.664346,0.039403,-0.085641
0.580679,-0.164739,-0.163098,0.780431,0.577649,-0.109422,-0.064333,0.806356,0.741424,-0.664385,0.039342,-0.085647
0.580629,-0.164902,-0.163254,0.780401,0.577632,-0.109548,-0.064425,0.806344,0.741413,-0.664406,0.039267,-0.085615
0.58059,-0.16504,-0.16332,0.780387,0.577592,-0.109673,-0.064503,0.806349,0.741361,-0.664466,0.039204,-0.085629
0.580581,-0.165189,-0.163316,0.780363,0.577597,-0.109769,-0.064523,0.806331,0.741325,-0.664506,0.039184,-0.085637
0.580575,-0.165248,-0.163215,0.780376,0.577597,-0.109878,-0.064552,0.806314,0.741312,-0.664522,0.039134,-0.085649
0.5806,-0.165289,-0.163188,0.780354,0.577567,-0.109993,-0.064527,0.806321,0.74128,-0.66455,0.039096,-0.085729
0.580599,-0.165338,-0.163179,0.780347,0.577578,-0.110123,-0.064587,0.806291,0.741216,-0.66461,0.0391,-0.085816
0.580599,-0.16543,-0.163196,0.780323,0.577573,-0.110261,-0.064656,0.80627,0.741139,-0.664689,0.039122,-0.085855
0.580559,-0.165539,-0.163279,0.780313,0.57755,-0.110394,-0.064768,0.80626,0.741063,-0.664763,0.039097,-0.085946
0.580533,-0.165661,-0.163411,0.780278,0.577543,-0.110542,-0.064907,0.806233,0.740979,-0.664849,0.039091,-0.086009
0.580501,-0.1658,-0.163556,0.780242,0.577518,-0.110681,-0.064981,0.806226,0.740977,-0.664851,0.039063,-0.086023
0.580459,-0.1659,-0.16363,0.780237,0.577508,-0.11077,-0.065058,0.806214,0.741001,-0.664823,0.039063,-0.086033
0.580438,-0.165947,-0.163683,0.780232,0.577515,-0.110818,-0.06515,0.806196,0.740988,-0.664837,0.039079,-0.086028
0.580457,-0.165892,-0.163704,0.780225,0.577497,-0.110786,-0.065228,0.806207,0.741013,-0.664818,0.039104,-0.085951
0.58049,-0.165826,-0.163684,0.780219,0.577513,-0.110753,-0.065266,0.806197,0.741026,-0.664806,0.039143,-0.085911
0.580545,-0.165755,-0.163629,0.780204,0.577517,-0.110751,-0.065306,0.806191,0.741084,-0.664746,0.039199,-0.08586
0.580596,-0.165703,-0.163569,0.78019,0.577554,-0.11076,-0.065368,0.806158,0.741159,-0.664662,0.039221,-0.08585
0.580621,-0.165763,-0.163592,0.780154,0.577574,-0.110855,-0.06543,0.806126,0.741206,-0.664605,0.039216,-0.085884
0.580654,-0.165849,-0.163698,0.780088,0.577596,-0.110943,-0.065498,0.806092,0.741229,-0.664569,0.039186,-0.085982
0.580658,-0.166024,-0.163907,0.780004,0.577572,-0.111072,-0.065612,0.806082,0.741275,-0.664517,0.03911,-0.086017
0.580603,-0.166142,-0.164039,0.779993,0.577575,-0.111185,-0.065693,0.806058,0.741299,-0.664486,0.039015,-0.086098
0.580552840624358,-0.166256365948038,-0.164170936501529,0.779978601918465,0.57757898389694,-0.111269218174716,-0.0657529696298492,0.806036374532427,0.741298185939504,-0.664486900497512,0.0389758720293946,-0.0861190725806452
0.580508253645512,-0.166360516307352,-0.164292579361876,0.779963800959233,0.577583103059581,-0.11134084764945,-0.0658024932770291,0.806017242821769,0.74129559410123,-0.664489800995025,0.0389502681381093,-0.0861318279569892
0.580489,-0.166406,-0.164346,0.779957,0.577585,-0.111405,-0.065829,0.806009,0.741291,-0.664495,0.038916,-0.086137
0.580493,-0.166389,-0.164299,0.779967,0.577556,-0.111461,-0.065836,0.806022,0.741262,-0.664531,0.038852,-0.086138
0.58048,-0.166383,-0.164238,0.779991,0.577547,-0.111464,-0.065806,0.806031,0.741275,-0.664518,0.038781,-0.086157
0.580465,-0.166315,-0.1642,0.780024,0.577491,-0.111491,-0.065871,0.806061,0.741249,-0.664542,0.038772,-0.086201
0.58047,-0.166296,-0.164242,0.780016,0.577455,-0.111588,-0.065959,0.806066,0.741235,-0.664555,0.038756,-0.086226
0.58049,-0.166348,-0.164421,0.779952,0.577439,-0.111719,-0.066061,0.806051,0.741197,-0.664591,0.038713,-0.086296
0.580508,-0.166482,-0.164601,0.779872,0.57746,-0.111807,-0.066155,0.806016,0.741228,-0.664555,0.038631,-0.086349
0.580498,-0.166599,-0.164756,0.779822,0.577528,-0.111808,-0.06624,0.805961,0.741223,-0.664552,0.038616,-0.086415
0.580471,-0.166686,-0.164927,0.779788,0.57758,-0.111735,-0.0663,0.805929,0.741321,-0.664438,0.038618,-0.086452
0.580457,-0.166687,-0.164979,0.779787,0.577587,-0.111643,-0.066288,0.805937,0.741342,-0.664419,0.038608,-0.086423
0.580485,-0.166619,-0.164949,0.779787,0.577565,-0.111595,-0.066272,0.805961,0.741352,-0.664406,0.03864,-0.086425
0.580448,-0.166489,-0.164909,0.77985,0.577561,-0.111613,-0.066243,0.805964,0.741368,-0.664394,0.038697,-0.086357
0.580421,-0.166377,-0.164809,0.779916,0.577525,-0.111609,-0.06625,0.80599,0.74141,-0.664356,0.038672,-0.086293
0.580448,-0.16625,-0.164679,0.77995,0.577526,-0.111559,-0.06626,0.805995,0.74141,-0.664352,0.038661,-0.086328
0.580443,-0.166261,-0.164625,0.779963,0.577487,-0.11167,-0.066297,0.806004,0.741384,-0.664384,0.038604,-0.08633
0.580393,-0.166434,-0.164687,0.77995,0.577453,-0.11178,-0.066247,0.806018,0.741352,-0.664416,0.038529,-0.086395
0.58032,-0.166659,-0.164758,0.779941,0.577414,-0.111911,-0.066215,0.806031,0.741364,-0.664407,0.038432,-0.086402
0.580265,-0.166861,-0.16484,0.779922,0.577367,-0.112083,-0.06619,0.806042,0.74138,-0.664388,0.038367,-0.086442
0.580167,-0.167088,-0.164858,0.779942,0.57731,-0.112201,-0.066179,0.806067,0.741365,-0.664406,0.038224,-0.086503
0.58007,-0.167183,-0.164882,0.779989,0.577233,-0.112347,-0.066205,0.8061,0.741345,-0.66443,0.038116,-0.086536
0.580005,-0.167176,-0.164844,0.780047,0.577184,-0.112415,-0.066136,0.806131,0.741267,-0.66452,0.038105,-0.086515
0.580002,-0.167185,-0.164717,0.780074,0.577141,-0.112489,-0.066035,0.80616,0.74117,-0.664624,0.038066,-0.086557
0.580011,-0.167159,-0.16458,0.780102,0.577059,-0.112493,-0.065932,0.806226,0.741085,-0.664717,0.038032,-0.086589
0.579999,-0.167226,-0.164438,0.780126,0.577027,-0.112562,-0.065832,0.806248,0.741037,-0.664767,0.03798,-0.086639
0.579996,-0.167242,-0.164412,0.78013,0.577041,-0.112607,-0.065828,0.806232,0.741029,-0.664774,0.037957,-0.086667
0.580008,-0.167321,-0.164444,0.780098,0.577077,-0.112681,-0.065906,0.806189,0.741028,-0.664776,0.037908,-0.08668
0.580034,-0.167348,-0.164527,0.780055,0.577108,-0.112814,-0.066053,0.806136,0.741039,-0.664764,0.037869,-0.086697
0.580004,-0.16741,-0.164661,0.780036,0.577136,-0.112904,-0.066128,0.806098,0.741077,-0.664713,0.03777,-0.086803
0.579992,-0.167522,-0.164805,0.77999,0.577116,-0.113056,-0.066185,0.806086,0.741156,-0.664617,0.037726,-0.086883
0.579948,-0.167554,-0.165002,0.779974,0.577119,-0.113105,-0.06626,0.806071,0.74118,-0.664577,0.037668,-0.087009
0.579917,-0.167621,-0.165128,0.779957,0.577112,-0.113073,-0.066257,0.806081,0.741193,-0.664558,0.037583,-0.087079
0.579878,-0.16772,-0.165234,0.779942,0.577099,-0.113046,-0.066374,0.806084,0.741165,-0.664585,0.037528,-0.087138
0.579848,-0.167775,-0.16529,0.77994,0.577066,-0.11303,-0.066498,0.8061,0.74116,-0.664584,0.037502,-0.0872
0.579859,-0.167789,-0.165315,0.779924,0.577076,-0.113062,-0.066703,0.806071,0.741185,-0.664553,0.037444,-0.087252
0.579887,-0.167837,-0.165377,0.77988,0.577054,-0.113077,-0.066864,0.806072,0.741195,-0.664534,0.037404,-0.087319
0.579927,-0.167781,-0.165412,0.779854,0.577065,-0.113078,-0.066953,0.806056,0.741222,-0.664495,0.037388,-0.087402
0.579963,-0.167761,-0.165443,0.779826,0.577115,-0.113126,-0.066979,0.806011,0.74124,-0.664456,0.037381,-0.087543
0.580031,-0.16768,-0.165381,0.779806,0.577119,-0.113142,-0.066902,0.806013,0.741255,-0.664432,0.037447,-0.087578
0.580117,-0.167713,-0.165353,0.779741,0.577165,-0.113205,-0.066833,0.805977,0.741292,-0.664375,0.037483,-0.087677
0.580172,-0.167691,-0.165442,0.779685,0.577223,-0.113194,-0.066817,0.805938,0.741322,-0.66433,0.037584,-0.08772
0.580262,-0.167642,-0.165474,0.779622,0.577325,-0.11319,-0.066796,0.805867,0.741335,-0.664309,0.037703,-0.087715
0.580444,-0.167562,-0.165391,0.779521,0.577415,-0.113176,-0.066805,0.805804,0.741368,-0.664262,0.037841,-0.087731
0.580554,-0.167449,-0.165381,0.779466,0.577535,-0.113155,-0.066827,0.805719,0.741353,-0.664266,0.037942,-0.087796
0.580674,-0.167366,-0.165303,0.779411,0.577614,-0.11314,-0.066853,0.805662,0.741351,-0.664257,0.038093,-0.087808
0.580779,-0.167329,-0.165274,0.779347,0.577745,-0.113165,-0.066871,0.805563,0.741351,-0.664246,0.038167,-0.08786
0.580854,-0.167326,-0.165271,0.779292,0.577852,-0.113145,-0.066881,0.805489,0.741331,-0.664256,0.038214,-0.087925
0.580871,-0.167357,-0.165233,0.779281,0.57793,-0.113143,-0.066911,0.805431,0.741319,-0.664261,0.038264,-0.087968
0.580813,-0.167405,-0.165219,0.779317,0.577926,-0.113181,-0.066879,0.805431,0.741311,-0.664265,0.038261,-0.088011
0.580702,-0.167499,-0.165284,0.779366,0.577838,-0.113242,-0.066886,0.805485,0.741297,-0.664277,0.038214,-0.088059
0.580614,-0.167554,-0.165328,0.77941,0.577654,-0.113333,-0.066824,0.805609,0.741228,-0.664358,0.038132,-0.088066
0.580467,-0.16759,-0.165353,0.779506,0.577481,-0.113482,-0.06675,0.805718,0.741182,-0.664416,0.038044,-0.088052
0.580318,-0.167605,-0.165364,0.779612,0.577278,-0.113557,-0.066734,0.805855,0.741171,-0.664447,0.037911,-0.087969
0.580178,-0.167573,-0.165323,0.779731,0.577113,-0.113624,-0.066705,0.805966,0.74117,-0.664469,0.037734,-0.087883
0.580045,-0.167564,-0.165337,0.779829,0.576988,-0.113734,-0.066692,0.806041,0.741215,-0.664433,0.037557,-0.08786
0.579888,-0.167612,-0.165368,0.779929,0.57684,-0.113844,-0.066751,0.806127,0.741234,-0.664426,0.037315,-0.08785
0.57974,-0.167772,-0.165385,0.780001,0.576738,-0.113998,-0.066751,0.806177,0.74129,-0.664368,0.037156,-0.087885
0.579613,-0.167848,-0.165478,0.780059,0.576648,-0.114093,-0.066804,0.806224,0.741302,-0.66436,0.037063,-0.08788
0.5795,-0.167966,-0.165532,0.780107,0.576563,-0.11422,-0.06684,0.806264,0.741309,-0.664352,0.036982,-0.087915
0.579459,-0.168041,-0.165548,0.780117,0.576561,-0.114284,-0.066868,0.806254,0.741266,-0.664403,0.036938,-0.087917
0.579397,-0.168092,-0.165514,0.78016,0.576545,-0.114353,-0.066805,0.80626,0.741218,-0.664458,0.036879,-0.087927
0.579381,-0.168146,-0.165396,0.780185,0.576545,-0.11444,-0.066816,0.806247,0.741137,-0.664543,0.036854,-0.087977
0.579389,-0.168199,-0.165326,0.780183,0.576563,-0.114538,-0.066829,0.806219,0.74106,-0.664627,0.036817,-0.088011
0.579343,-0.168302,-0.165282,0.780204,0.576616,-0.114644,-0.066765,0.806172,0.74102,-0.664662,0.036783,-0.088096
0.57931,-0.168419,-0.165289,0.780201,0.576648,-0.114818,-0.066756,0.806125,0.740991,-0.66468,0.036698,-0.088239
0.579271,-0.168619,-0.165365,0.780171,0.576609,-0.114961,-0.066726,0.806135,0.740948,-0.664722,0.036599,-0.088326
0.579194,-0.168807,-0.165417,0.780177,0.576586,-0.115086,-0.066711,0.806135,0.740929,-0.664739,0.036548,-0.088372
0.579099,-0.168955,-0.165527,0.780192,0.576574,-0.11521,-0.066674,0.806129,0.74094,-0.664723,0.036449,-0.088445
0.579033,-0.169027,-0.165556,0.780219,0.576546,-0.115277,-0.066622,0.806143,0.740911,-0.664758,0.03641,-0.088446
0.579001,-0.169038,-0.165522,0.780248,0.576491,-0.115383,-0.066626,0.806167,0.740888,-0.664785,0.036339,-0.088458
0.579005,-0.169057,-0.165432,0.78026,0.576494,-0.115332,-0.066608,0.806174,0.740858,-0.664825,0.036267,-0.088446
0.578968,-0.169072,-0.165439,0.780282,0.576473,-0.115332,-0.066571,0.806192,0.740832,-0.664856,0.036198,-0.088456
0.578927,-0.169144,-0.165419,0.780301,0.576483,-0.115378,-0.066606,0.806175,0.740797,-0.664895,0.036127,-0.088488
0.578858,-0.169265,-0.165531,0.780303,0.576439,-0.115436,-0.066712,0.80619,0.740782,-0.664901,0.036049,-0.088597
0.578782,-0.169372,-0.165679,0.780304,0.576332,-0.115592,-0.066806,0.806237,0.74076,-0.664923,0.035958,-0.088655
0.578712,-0.169509,-0.165825,0.780296,0.576257,-0.115656,-0.06692,0.806271,0.740735,-0.664947,0.0359,-0.088702
0.578587,-0.169584,-0.165975,0.78034,0.576165,-0.115731,-0.066985,0.806321,0.740761,-0.664918,0.035889,-0.088709
0.578434,-0.169629,-0.166084,0.78042,0.576086,-0.115743,-0.067035,0.806371,0.740798,-0.664882,0.035819,-0.088701
0.57829,-0.169608,-0.166168,0.780514,0.575961,-0.115783,-0.067042,0.806454,0.740841,-0.664834,0.035725,-0.088733
0.578116,-0.16958,-0.166143,0.780654,0.575796,-0.115816,-0.067016,0.80657,0.740924,-0.66475,0.035705,-0.088676
0.577909,-0.169505,-0.166129,0.780826,0.575585,-0.115865,-0.067096,0.806706,0.740963,-0.664717,0.035662,-0.088618
0.577718,-0.169418,-0.166167,0.780979,0.575369,-0.115956,-0.067142,0.806844,0.740953,-0.664741,0.035608,-0.088545
0.577518,-0.169454,-0.166107,0.781132,0.575146,-0.116011,-0.067142,0.806994,0.74093,-0.664774,0.035505,-0.088524
0.577357,-0.169547,-0.166097,0.781232,0.574964,-0.116074,-0.067036,0.807124,0.740896,-0.664821,0.035439,-0.088485
0.577232,-0.169566,-0.166057,0.78133,0.574822,-0.116097,-0.066939,0.80723,0.740874,-0.664854,0.035334,-0.088467
0.577159,-0.169678,-0.166061,0.781358,0.574705,-0.116113,-0.066824,0.80732,0.74092,-0.6648,0.035221,-0.088528
0.577104,-0.169781,-0.166062,0.781376,0.574626,-0.116181,-0.066835,0.807366,0.740929,-0.664797,0.035186,-0.088492
0.577067,-0.169849,-0.16609,0.781383,0.574605,-0.116259,-0.066792,0.807374,0.740914,-0.664817,0.035104,-0.088508
0.577065,-0.169937,-0.166061,0.781371,0.574603,-0.116335,-0.06671,0.807371,0.740867,-0.664865,0.03504,-0.088564
0.577104,-0.169995,-0.16597,0.78135,0.574672,-0.116383,-0.066604,0.807323,0.740817,-0.664915,0.035064,-0.088588
0.57717,-0.170009,-0.165832,0.781327,0.574761,-0.116411,-0.066564,0.807259,0.74082,-0.664909,0.035031,-0.088625
0.577238,-0.170036,-0.165725,0.781294,0.574871,-0.116451,-0.066524,0.807179,0.740743,-0.664989,0.035048,-0.088665
0.577329,-0.170075,-0.165701,0.781222,0.574971,-0.116466,-0.066561,0.807102,0.740617,-0.665115,0.035141,-0.088729
0.577382,-0.170083,-0.1657,0.781182,0.575043,-0.116544,-0.066595,0.807037,0.740546,-0.665182,0.0352,-0.088796
0.577431,-0.170177,-0.165834,0.781097,0.575081,-0.116628,-0.066708,0.806988,0.740466,-0.665257,0.035174,-0.088914
0.577454,-0.170281,-0.165928,0.781037,0.575128,-0.116671,-0.066762,0.806944,0.740459,-0.665251,0.035185,-0.08902
0.577474,-0.170349,-0.166032,0.780985,0.575148,-0.116635,-0.066838,0.806929,0.740426,-0.665288,0.035155,-0.089022
0.577548,-0.170343,-0.166062,0.780926,0.575233,-0.116551,-0.066907,0.806874,0.74048,-0.665228,0.035128,-0.089037
0.577556,-0.170344,-0.166104,0.78091,0.57527,-0.11647,-0.066985,0.806854,0.740534,-0.66516,0.035066,-0.089118
0.577634,-0.170337,-0.166094,0.780857,0.575305,-0.116479,-0.067,0.806826,0.740572,-0.665111,0.034983,-0.089195
0.577701,-0.170398,-0.166105,0.780792,0.575357,-0.116453,-0.067039,0.806789,0.740581,-0.6651,0.034987,-0.08921
0.577767,-0.170488,-0.166135,0.780717,0.57541,-0.116478,-0.067071,0.806745,0.740627,-0.665043,0.034926,-0.089269
0.57784,-0.170565,-0.166141,0.780644,0.575505,-0.116559,-0.06705,0.806667,0.740609,-0.665058,0.034903,-0.089313
0.577926,-0.17067,-0.166132,0.78056,0.575609,-0.116672,-0.067023,0.806579,0.740577,-0.665085,0.034874,-0.089399
0.578028,-0.170807,-0.166136,0.780454,0.575696,-0.116847,-0.066994,0.806494,0.740538,-0.665111,0.034865,-0.089526
0.578099,-0.17091,-0.166182,0.780368,0.575791,-0.117,-0.066979,0.806405,0.740488,-0.665155,0.034828,-0.089633
0.578141,-0.171012,-0.166143,0.780323,0.575949,-0.117036,-0.066989,0.806287,0.740473,-0.665145,0.034897,-0.089801
0.578215,-0.171157,-0.166173,0.78023,0.57606,-0.117143,-0.066961,0.806194,0.740477,-0.665123,0.03495,-0.089916
0.578276,-0.1712,-0.166174,0.780176,0.57608,-0.1172,-0.06697,0.806171,0.740432,-0.665155,0.035003,-0.09002
0.578283,-0.171212,-0.166173,0.780168,0.576078,-0.117223,-0.066995,0.806167,0.740337,-0.66526,0.035097,-0.08999
0.578318,-0.171143,-0.166051,0.780183,0.576046,-0.11716,-0.066952,0.806202,0.740264,-0.665336,0.035185,-0.089992
0.578346,-0.171031,-0.165831,0.780233,0.576055,-0.117059,-0.066879,0.806217,0.740205,-0.665396,0.035269,-0.090006
0.578342,-0.170885,-0.165728,0.780291,0.576005,-0.116982,-0.066761,0.806273,0.740149,-0.665461,0.035327,-0.089961
0.578278,-0.170819,-0.165665,0.780365,0.575947,-0.116938,-0.066675,0.806328,0.740102,-0.665511,0.035398,-0.089951
0.578186,-0.1709,-0.165749,0.780398,0.575834,-0.116999,-0.06671,0.806397,0.740115,-0.665501,0.035408,-0.08991
0.578069,-0.171047,-0.165871,0.780427,0.575736,-0.117101,-0.066756,0.806448,0.740103,-0.665516,0.035342,-0.089924
0.577977,-0.171237,-0.166023,0.780421,0.575612,-0.117165,-0.066783,0.806525,0.740123,-0.665499,0.035312,-0.0899
0.577879,-0.171318,-0.166111,0.780457,0.575567,-0.117151,-0.066765,0.806561,0.74011,-0.665521,0.03529,-0.089853
0.577852,-0.171314,-0.166081,0.780484,0.575504,-0.117072,-0.066684,0.806624,0.740089,-0.665551,0.035253,-0.08982
0.577865,-0.171211,-0.16593,0.78053,0.575466,-0.116996,-0.066606,0.806669,0.74007,-0.665577,0.035291,-0.089768
0.577829,-0.171124,-0.165829,0.780597,0.575462,-0.11694,-0.066479,0.80669,0.740048,-0.665609,0.035342,-0.089689
0.577841,-0.171123,-0.165768,0.780601,0.57546,-0.116944,-0.066448,0.806693,0.740051,-0.665616,0.035332,-0.08962
0.577859,-0.171139,-0.165828,0.780571,0.575499,-0.116992,-0.066519,0.806653,0.740041,-0.665626,0.03539,-0.089599
0.57789,-0.171196,-0.16589,0.780523,0.575591,-0.117023,-0.066612,0.806575,0.740021,-0.665646,0.035384,-0.089628
0.577871,-0.171251,-0.165985,0.780505,0.575687,-0.117022,-0.06666,0.806502,0.740019,-0.665647,0.03535,-0.089651
0.577876,-0.171364,-0.166089,0.780454,0.57577,-0.11701,-0.06664,0.806447,0.739986,-0.665683,0.035279,-0.089682
0.577911,-0.171412,-0.166175,0.7804,0.575845,-0.116992,-0.06661,0.806399,0.739999,-0.665674,0.035265,-0.089639
0.57792,-0.171391,-0.1662,0.780392,0.575871,-0.117023,-0.066603,0.806376,0.740029,-0.665641,0.035251,-0.089644
0.577899,-0.171434,-0.166182,0.780402,0.575888,-0.117003,-0.066668,0.806361,0.740049,-0.66562,0.035181,-0.089664
0.577872,-0.171454,-0.166205,0.780413,0.575854,-0.117003,-0.066766,0.806378,0.740082,-0.665579,0.035124,-0.089714
0.577869,-0.171537,-0.166226,0.780392,0.575831,-0.117003,-0.066828,0.806389,0.740066,-0.665594,0.03507,-0.089763
0.57786,-0.17156,-0.166289,0.78038,0.575834,-0.117008,-0.06688,0.806382,0.740064,-0.665588,0.035045,-0.089833
0.577898,-0.171566,-0.166334,0.780341,0.575821,-0.116996,-0.066911,0.80639,0.740047,-0.665606,0.035041,-0.089841
0.577891,-0.171554,-0.16638,0.780339,0.575845,-0.11693,-0.066904,0.806383,0.740067,-0.665577,0.035091,-0.089868
0.577931,-0.171508,-0.166417,0.780312,0.575933,-0.116833,-0.06694,0.806331,0.740136,-0.665509,0.035043,-0.089828
0.577989,-0.171417,-0.166422,0.780288,0.575943,-0.116822,-0.066956,0.806324,0.7402,-0.665437,0.035045,-0.08983
0.578038,-0.171359,-0.166432,0.780262,0.575977,-0.116842,-0.067044,0.80629,0.74025,-0.665381,0.035054,-0.089836
0.578091,-0.17134,-0.16646,0.780221,0.576043,-0.116847,-0.067117,0.806236,0.740291,-0.665329,0.035062,-0.089877
0.578135,-0.171339,-0.166456,0.78019,0.576102,-0.116813,-0.067201,0.806192,0.740326,-0.665288,0.035065,-0.089887
0.578217,-0.171355,-0.166503,0.780115,0.576142,-0.116836,-0.067216,0.806158,0.740342,-0.665263,0.035154,-0.089907
0.578237,-0.171368,-0.166547,0.780088,0.576175,-0.116855,-0.067279,0.806127,0.740292,-0.66531,0.035202,-0.089954
0.57828,-0.171398,-0.166519,0.780055,0.576168,-0.116886,-0.06722,0.806132,0.74025,-0.665355,0.035238,-0.089946
0.578307,-0.171344,-0.166483,0.780055,0.576164,-0.116859,-0.067117,0.806147,0.740183,-0.665422,0.035293,-0.089986
0.578313,-0.171251,-0.166394,0.78009,0.57616,-0.116809,-0.066989,0.806168,0.740156,-0.665447,0.035326,-0.090013
0.578318,-0.171225,-0.166268,0.780119,0.5761,-0.116785,-0.066963,0.806217,0.740141,-0.665459,0.035361,-0.09003
0.578266,-0.171181,-0.166257,0.78017,0.576075,-0.116794,-0.067008,0.80623,0.740095,-0.665515,0.035404,-0.089974
0.578224,-0.171212,-0.166385,0.780166,0.576024,-0.116861,-0.067065,0.806252,0.740097,-0.665518,0.035368,-0.089958
0.578197,-0.171162,-0.166486,0.780176,0.57593,-0.116903,-0.067189,0.806303,0.740096,-0.665516,0.035371,-0.089971
0.578174,-0.171112,-0.166545,0.780191,0.575844,-0.116915,-0.067303,0.806353,0.740136,-0.665469,0.035383,-0.089983
0.578178,-0.171009,-0.166622,0.780194,0.575771,-0.116822,-0.067351,0.806414,0.740169,-0.665431,0.035403,-0.089991
0.578138,-0.170954,-0.166688,0.780222,0.575733,-0.116735,-0.067363,0.806453,0.740241,-0.665353,0.035482,-0.089939
0.578163,-0.170814,-0.166681,0.780236,0.575679,-0.116592,-0.067333,0.806515,0.740321,-0.665271,0.035513,-0.089878
0.578149,-0.170734,-0.166685,0.780262,0.575691,-0.116473,-0.06734,0.806523,0.740344,-0.665251,0.035517,-0.089842
0.57817,-0.170659,-0.166656,0.780269,0.575791,-0.116411,-0.067402,0.806455,0.740392,-0.665204,0.035497,-0.089797
0.578172,-0.170651,-0.166651,0.780271,0.575905,-0.116345,-0.067418,0.806382,0.740388,-0.665206,0.035547,-0.089795
0.578215,-0.170682,-0.16665,0.780233,0.575994,-0.116329,-0.067438,0.806319,0.740343,-0.665245,0.035592,-0.089857
0.578278,-0.170696,-0.166642,0.780184,0.576044,-0.116336,-0.067455,0.806281,0.740311,-0.665275,0.035609,-0.089898
0.578297,-0.170772,-0.166663,0.780149,0.576062,-0.116363,-0.067454,0.806264,0.740232,-0.665353,0.035637,-0.089956
0.578301,-0.170827,-0.166733,0.780119,0.576112,-0.116394,-0.067517,0.806219,0.740173,-0.665414,0.035604,-0.090005
0.578328,-0.170867,-0.166776,0.780081,0.576106,-0.116431,-0.067586,0.806212,0.740141,-0.665441,0.035596,-0.090072
0.578324,-0.170899,-0.166861,0.780059,0.576136,-0.116428,-0.06761,0.806189,0.740118,-0.665459,0.03562,-0.090121
0.578324,-0.170891,-0.166906,0.780051,0.576153,-0.116386,-0.067617,0.806182,0.74013,-0.665439,0.035606,-0.090169
0.578337,-0.170855,-0.166879,0.780055,0.576221,-0.116323,-0.06767,0.806138,0.740177,-0.665395,0.035599,-0.090117
0.578322,-0.170785,-0.16689,0.780079,0.576284,-0.116223,-0.067751,0.806101,0.740231,-0.665344,0.035672,-0.090017
0.578374,-0.170657,-0.16687,0.780073,0.576329,-0.116128,-0.067776,0.806081,0.740255,-0.665314,0.035733,-0.090018
0.57839,-0.170574,-0.166891,0.780075,0.576382,-0.116102,-0.067823,0.806042,0.740245,-0.665325,0.035783,-0.089997
0.578463,-0.170532,-0.166922,0.780024,0.576382,-0.116127,-0.067821,0.806038,0.740287,-0.665274,0.035755,-0.090046
0.578533,-0.170508,-0.166968,0.779967,0.576401,-0.116194,-0.067861,0.806013,0.740335,-0.66521,0.035772,-0.090108
0.57857,-0.170511,-0.167075,0.779916,0.576416,-0.116275,-0.068019,0.805977,0.740376,-0.665158,0.035755,-0.09017
0.578622,-0.170578,-0.167172,0.779842,0.576441,-0.116256,-0.068065,0.805958,0.740407,-0.665118,0.035794,-0.090191
0.578687,-0.170634,-0.167247,0.779765,0.576518,-0.11624,-0.06816,0.805896,0.740448,-0.665071,0.035767,-0.090212
0.578773,-0.170648,-0.16722,0.779704,0.576628,-0.116165,-0.068256,0.805821,0.740497,-0.665022,0.035721,-0.090195
0.578902,-0.170642,-0.167202,0.779614,0.576706,-0.116188,-0.068331,0.805755,0.740534,-0.664972,0.03574,-0.090243
0.579006,-0.170602,-0.167158,0.779554,0.576772,-0.116283,-0.068385,0.80569,0.740511,-0.664995,0.035733,-0.090271
0.57909,-0.170586,-0.167137,0.7795,0.576851,-0.116339,-0.068383,0.805625,0.740474,-0.665029,0.03573,-0.090326
0.579155,-0.170609,-0.167073,0.779461,0.57698,-0.116386,-0.068355,0.805528,0.740447,-0.665052,0.035749,-0.090365
0.579196,-0.170655,-0.167058,0.779423,0.577084,-0.116373,-0.068354,0.805456,0.740472,-0.66502,0.035714,-0.090413
0.579213,-0.170744,-0.167103,0.779381,0.577156,-0.116464,-0.068409,0.805387,0.740501,-0.664975,0.035722,-0.090501
0.579202,-0.17093,-0.167184,0.779331,0.577184,-0.116593,-0.068402,0.805349,0.740459,-0.665009,0.035694,-0.090605
0.579104,-0.171075,-0.16729,0.77935,0.577104,-0.116734,-0.06846,0.80538,0.740405,-0.665064,0.035609,-0.090674
0.578975,-0.171221,-0.167257,0.77942,0.577044,-0.116779,-0.068457,0.805417,0.740385,-0.665092,0.035547,-0.090662
0.57888,-0.17127,-0.167177,0.779497,0.576943,-0.116839,-0.068433,0.805483,0.740404,-0.665079,0.035437,-0.090644
0.578797,-0.171261,-0.167086,0.779581,0.576781,-0.116908,-0.06838,0.805593,0.740353,-0.665145,0.035355,-0.090611
0.578664,-0.171211,-0.16698,0.779713,0.576658,-0.116963,-0.068441,0.805668,0.740318,-0.665192,0.035288,-0.090572
0.57855,-0.171228,-0.166887,0.779814,0.576524,-0.117146,-0.068472,0.805735,0.740256,-0.665266,0.035232,-0.090564
0.578393,-0.171329,-0.166947,0.779895,0.576386,-0.117313,-0.068394,0.805816,0.740226,-0.665303,0.035173,-0.090555
0.578304,-0.171458,-0.167003,0.779921,0.576258,-0.117395,-0.068342,0.8059,0.740194,-0.665348,0.035078,-0.090518
0.578231,-0.171592,-0.167067,0.779932,0.576166,-0.117467,-0.068292,0.805959,0.740173,-0.665373,0.034999,-0.090537
0.578172,-0.171745,-0.167099,0.779935,0.576197,-0.117542,-0.068317,0.805924,0.740163,-0.665383,0.034922,-0.090577
0.578161,-0.171825,-0.167163,0.779912,0.576218,-0.117572,-0.068325,0.805904,0.740181,-0.665352,0.034877,-0.090678
0.578195,-0.171809,-0.167144,0.779894,0.576223,-0.117591,-0.068342,0.805896,0.740199,-0.66532,0.034908,-0.090749
0.578241,-0.171721,-0.167121,0.779884,0.576246,-0.11753,-0.068393,0.805884,0.740187,-0.665328,0.034953,-0.090774
0.578379,-0.171607,-0.16709,0.779814,0.576362,-0.11732,-0.068378,0.805833,0.740173,-0.665345,0.035098,-0.090708
0.57851,-0.171409,-0.166982,0.779784,0.576492,-0.117159,-0.06829,0.805771,0.740194,-0.665319,0.035273,-0.090661
0.578636,-0.17125,-0.166849,0.779754,0.576656,-0.117007,-0.068309,0.805674,0.740167,-0.665345,0.035444,-0.090628
0.578766,-0.171173,-0.166797,0.779684,0.576823,-0.116896,-0.068504,0.805554,0.740188,-0.665315,0.035588,-0.090618
0.578856,-0.171162,-0.166819,0.779615,0.576934,-0.116926,-0.068684,0.805455,0.740215,-0.665266,0.035715,-0.090709
0.578924,-0.171275,-0.166973,0.779507,0.576988,-0.117008,-0.068783,0.805396,0.740244,-0.665212,0.035808,-0.090828
0.578912,-0.17144,-0.167147,0.779442,0.576999,-0.117073,-0.068838,0.805374,0.740229,-0.665221,0.035869,-0.09086
0.578873,-0.171536,-0.167149,0.77945,0.577047,-0.117094,-0.068748,0.805344,0.740214,-0.665229,0.035921,-0.090905
0.578827,-0.171574,-0.167095,0.779488,0.577053,-0.117053,-0.068633,0.805356,0.740187,-0.665244,0.03591,-0.091013
0.578827,-0.17148,-0.166945,0.779541,0.576981,-0.117047,-0.06859,0.805412,0.740142,-0.665289,0.035944,-0.091041
0.578785,-0.171446,-0.166891,0.77959,0.576927,-0.117062,-0.068515,0.805455,0.740082,-0.665359,0.035902,-0.091029
0.578784,-0.171414,-0.166842,0.779609,0.576863,-0.117091,-0.068518,0.805496,0.740043,-0.665402,0.035915,-0.091027
0.578779,-0.171457,-0.166806,0.779611,0.576858,-0.117114,-0.068551,0.805494,0.740023,-0.665424,0.035919,-0.091031
0.578764,-0.171521,-0.166862,0.779596,0.57686,-0.117122,-0.068549,0.805491,0.74003,-0.665411,0.03589,-0.091082
0.578785,-0.171603,-0.166899,0.779554,0.576922,-0.117137,-0.06852,0.805447,0.740032,-0.665406,0.035815,-0.091134
0.578812,-0.171699,-0.166928,0.779507,0.576959,-0.117198,-0.06853,0.805411,0.740033,-0.665396,0.035763,-0.091218
0.578819,-0.171768,-0.16699,0.779473,0.576996,-0.117291,-0.068544,0.80537,0.74005,-0.665364,0.035792,-0.091296
0.578806,-0.171842,-0.167028,0.779458,0.57707,-0.117362,-0.068543,0.805306,0.740045,-0.665364,0.035856,-0.091322
0.578836,-0.171846,-0.167073,0.779426,0.577065,-0.11734,-0.068514,0.805316,0.740039,-0.665359,0.035959,-0.091352
0.578859,-0.171777,-0.166997,0.77944,0.577026,-0.117276,-0.068398,0.805363,0.740041,-0.665353,0.036105,-0.091332
0.578882,-0.171665,-0.166874,0.779474,0.576997,-0.11725,-0.068346,0.805392,0.740007,-0.665398,0.036221,-0.09123
0.578908,-0.171475,-0.166686,0.779537,0.577002,-0.11723,-0.068327,0.805393,0.740003,-0.665412,0.036324,-0.091113
0.578967,-0.171333,-0.16645,0.779574,0.577008,-0.117206,-0.068254,0.805398,0.739911,-0.665524,0.036428,-0.091012
0.579042,-0.171301,-0.166302,0.779558,0.577055,-0.117197,-0.068174,0.805372,0.739853,-0.66558,0.036557,-0.091019
0.579078,-0.171258,-0.166188,0.779564,0.577101,-0.117162,-0.068063,0.805354,0.7398,-0.665638,0.036645,-0.090994
0.579085,-0.171314,-0.166169,0.779551,0.577146,-0.117139,-0.067946,0.805335,0.739767,-0.665675,0.036687,-0.090974
0.579074,-0.17138,-0.166164,0.779546,0.577211,-0.117118,-0.067831,0.805301,0.739745,-0.665703,0.036699,-0.090942
0.579096,-0.171438,-0.166178,0.779514,0.57726,-0.11706,-0.067735,0.805282,0.739756,-0.665688,0.036744,-0.09094
0.579156,-0.171457,-0.166169,0.779467,0.577317,-0.117028,-0.06759,0.805258,0.739722,-0.665724,0.036786,-0.090935
0.579203,-0.171465,-0.166022,0.779462,0.57739,-0.116989,-0.067487,0.805221,0.739669,-0.665776,0.03688,-0.090945
0.579284,-0.171361,-0.165861,0.779459,0.577437,-0.116959,-0.0674,0.805198,0.739573,-0.665878,0.036967,-0.090956
0.579393,-0.171257,-0.165697,0.779435,0.577485,-0.116971,-0.067317,0.805169,0.739519,-0.665928,0.037111,-0.090963
0.579505,-0.171205,-0.165584,0.779387,0.577598,-0.116968,-0.06727,0.805092,0.73946,-0.665983,0.037236,-0.09099
0.579607,-0.17124,-0.165571,0.779307,0.577692,-0.116945,-0.067228,0.805032,0.739417,-0.666017,0.037372,-0.091036
0.579683,-0.171299,-0.165569,0.779237,0.577786,-0.116961,-0.067216,0.804963,0.73941,-0.666007,0.037381,-0.091165
0.579721,-0.171377,-0.165628,0.779179,0.577874,-0.116989,-0.067241,0.804894,0.739344,-0.666062,0.037432,-0.091272
0.579764,-0.171441,-0.165676,0.779123,0.577931,-0.117006,-0.067296,0.804845,0.739348,-0.666047,0.037408,-0.091356
0.579781,-0.171501,-0.165711,0.77909,0.577955,-0.117014,-0.067302,0.804827,0.739358,-0.666023,0.037407,-0.091458
0.579812,-0.171492,-0.165672,0.779078,0.578001,-0.116937,-0.067257,0.804808,0.739379,-0.665987,0.037381,-0.091554
0.579921,-0.171446,-0.165586,0.779024,0.578066,-0.116842,-0.067212,0.804779,0.739408,-0.665951,0.037393,-0.091576
0.580024,-0.171401,-0.165493,0.778978,0.578098,-0.116831,-0.067223,0.804757,0.739427,-0.665923,0.03738,-0.091637
0.580057,-0.171426,-0.165422,0.778962,0.578154,-0.116871,-0.067191,0.804714,0.739456,-0.665882,0.037372,-0.091699
0.580073,-0.171486,-0.16539,0.778944,0.578144,-0.116945,-0.067218,0.804708,0.739486,-0.665845,0.037306,-0.091757
0.580064,-0.171633,-0.16548,0.778899,0.578169,-0.117034,-0.067154,0.804683,0.739483,-0.665839,0.037247,-0.091852
0.580088,-0.17179,-0.165522,0.778838,0.57819,-0.117123,-0.067116,0.804658,0.739483,-0.665827,0.037152,-0.091972
0.580092,-0.171881,-0.165511,0.778817,0.578254,-0.117195,-0.067105,0.804602,0.739504,-0.665788,0.037147,-0.092085
0.580109,-0.172031,-0.165572,0.778758,0.57828,-0.117348,-0.067061,0.804565,0.739514,-0.665768,0.03717,-0.092143
0.580103,-0.1721,-0.165546,0.778753,0.578309,-0.117435,-0.067003,0.804536,0.739455,-0.665826,0.037192,-0.092184
0.580096,-0.172145,-0.165525,0.778753,0.57832,-0.117473,-0.066927,0.804529,0.739401,-0.665876,0.03723,-0.092245
0.580162,-0.172119,-0.165376,0.778741,0.578356,-0.117462,-0.066808,0.804515,0.739325,-0.66596,0.037243,-0.09224
0.580287,-0.172116,-0.165159,0.778695,0.578396,-0.117549,-0.066818,0.804473,0.739258,-0.666027,0.037268,-0.092282
0.580325,-0.172129,-0.165023,0.778693,0.57839,-0.117741,-0.066818,0.804448,0.739178,-0.6661,0.037301,-0.092389
0.580346,-0.17222,-0.164966,0.778669,0.578406,-0.117966,-0.066848,0.804402,0.739122,-0.666155,0.037269,-0.092452
0.580329,-0.172351,-0.164964,0.778652,0.578404,-0.118073,-0.066839,0.804388,0.739068,-0.666211,0.037301,-0.092466
0.580311,-0.172471,-0.165035,0.778625,0.578399,-0.118117,-0.066781,0.80439,0.739002,-0.666275,0.037352,-0.092508
0.580275,-0.172567,-0.165125,0.778611,0.578393,-0.118122,-0.066671,0.804403,0.738923,-0.66636,0.037368,-0.092521
0.580248,-0.172537,-0.165167,0.778629,0.578378,-0.118061,-0.066589,0.804429,0.738864,-0.666427,0.037498,-0.092459
0.580265,-0.172431,-0.165139,0.778645,0.578385,-0.118034,-0.066557,0.804431,0.738862,-0.666436,0.037609,-0.092367
0.580285,-0.172248,-0.164933,0.778715,0.57835,-0.117974,-0.066583,0.804463,0.738851,-0.666456,0.037709,-0.092275
0.580297,-0.172115,-0.164794,0.778765,0.578336,-0.117901,-0.066532,0.804488,0.738847,-0.666458,0.037851,-0.092231
0.580341,-0.172031,-0.164661,0.778779,0.578403,-0.117783,-0.066486,0.80446,0.738844,-0.666462,0.037917,-0.092198
0.580387,-0.171953,-0.164605,0.778774,0.578457,-0.117743,-0.066446,0.804431,0.738782,-0.666528,0.038008,-0.092184
0.580431,-0.171973,-0.164601,0.778737,0.578551,-0.11775,-0.066429,0.804364,0.738756,-0.66655,0.03805,-0.092215
0.580452,-0.172074,-0.164676,0.778684,0.578614,-0.117766,-0.066385,0.804319,0.738741,-0.666561,0.038111,-0.092231
0.580458,-0.17215,-0.164739,0.778649,0.578669,-0.117722,-0.066337,0.80429,0.738726,-0.666572,0.038171,-0.092236
0.58046,-0.17221,-0.164804,0.778621,0.578686,-0.117723,-0.066329,0.804279,0.738705,-0.666599,0.038148,-0.092227
0.580371,-0.172196,-0.164845,0.778681,0.578682,-0.117721,-0.066284,0.804286,0.738701,-0.666612,0.038183,-0.092148
0.580364,-0.172086,-0.164777,0.778725,0.578662,-0.117656,-0.066263,0.804312,0.738672,-0.666648,0.038239,-0.092099
0.580357,-0.171901,-0.164681,0.778792,0.578633,-0.117547,-0.066305,0.804344,0.738685,-0.666639,0.038313,-0.092028
0.580353,-0.171717,-0.164549,0.778863,0.578551,-0.117483,-0.066335,0.804411,0.738669,-0.666663,0.038369,-0.091959
0.580356,-0.171584,-0.164491,0.778902,0.578485,-0.117502,-0.066299,0.804458,0.738668,-0.66667,0.038348,-0.091922
0.58027,-0.171621,-0.164501,0.778956,0.578448,-0.117566,-0.06629,0.804476,0.738688,-0.666643,0.038335,-0.09197
0.580175,-0.171705,-0.164633,0.77898,0.578376,-0.117665,-0.066348,0.804509,0.738712,-0.666618,0.03821,-0.092009
0.580104,-0.17188,-0.164784,0.778962,0.578326,-0.11778,-0.066465,0.804518,0.738703,-0.666634,0.038088,-0.092018
0.580027,-0.171995,-0.16496,0.778957,0.578273,-0.117856,-0.066545,0.804539,0.738703,-0.666635,0.037907,-0.09208
0.580007,-0.17208,-0.165077,0.778929,0.578223,-0.117885,-0.066604,0.804565,0.738714,-0.66663,0.037853,-0.092048
0.580005,-0.172087,-0.165151,0.778913,0.57823,-0.117871,-0.066599,0.804563,0.73872,-0.666628,0.037811,-0.092033
0.580049,-0.171991,-0.165101,0.778912,0.578197,-0.117848,-0.066537,0.804595,0.738727,-0.666622,0.0378,-0.09203
0.580088,-0.171915,-0.165044,0.778912,0.578205,-0.117856,-0.066531,0.804589,0.738737,-0.666613,0.037812,-0.092005
0.580145,-0.171854,-0.164935,0.778906,0.578262,-0.117872,-0.06649,0.804549,0.738759,-0.666583,0.03776,-0.092065
0.5802,-0.171846,-0.164942,0.778866,0.578288,-0.117949,-0.066593,0.80451,0.738765,-0.666563,0.037725,-0.092182
0.580193,-0.172001,-0.165054,0.778812,0.578324,-0.118138,-0.066757,0.804443,0.738753,-0.666572,0.037595,-0.092264
0.580234,-0.172161,-0.165226,0.778711,0.578331,-0.118333,-0.066917,0.804396,0.73871,-0.666606,0.037525,-0.092391
0.580254,-0.172296,-0.165424,0.778623,0.578347,-0.118486,-0.066962,0.804358,0.738693,-0.666619,0.037468,-0.092454
0.580305,-0.172358,-0.165565,0.778541,0.578354,-0.118584,-0.066984,0.804337,0.738665,-0.666639,0.03745,-0.092542
0.580345,-0.172252,-0.165527,0.778544,0.578311,-0.118519,-0.066913,0.804384,0.738692,-0.666601,0.037459,-0.092595
0.580397,-0.172087,-0.165417,0.778565,0.578291,-0.118405,-0.066748,0.804428,0.738681,-0.666607,0.037503,-0.092625
0.580452,-0.171862,-0.165233,0.778612,0.57825,-0.118316,-0.066615,0.804482,0.738673,-0.666613,0.03754,-0.092627
0.580542,-0.17173,-0.165048,0.778613,0.5782,-0.118184,-0.066494,0.804547,0.738698,-0.666588,0.037558,-0.092596
0.580611,-0.171562,-0.164956,0.778619,0.578141,-0.118151,-0.066428,0.804599,0.738743,-0.666528,0.037656,-0.092635
0.580653,-0.171555,-0.16493,0.778594,0.578093,-0.11815,-0.066365,0.80464,0.738765,-0.666502,0.037658,-0.092644
0.580687,-0.171563,-0.165003,0.778552,0.578108,-0.118207,-0.066374,0.80462,0.738795,-0.66646,0.037667,-0.092703
0.580726,-0.171607,-0.165051,0.778503,0.578145,-0.118265,-0.066407,0.804582,0.738826,-0.666421,0.037649,-0.092742
0.580745,-0.171727,-0.165082,0.778455,0.578204,-0.118361,-0.066474,0.80452,0.73885,-0.666392,0.037641,-0.092764
0.58076,-0.171868,-0.165096,0.77841,0.57826,-0.118421,-0.066514,0.804467,0.738865,-0.666376,0.037603,-0.092777
0.580785,-0.171971,-0.165148,0.778358,0.578321,-0.118533,-0.066494,0.804409,0.73882,-0.66642,0.037653,-0.092799
0.58077,-0.17203,-0.165128,0.77836,0.578346,-0.118545,-0.066365,0.804399,0.738833,-0.666405,0.037661,-0.092802
0.580805,-0.172011,-0.164988,0.778368,0.578343,-0.118562,-0.066261,0.804408,0.738788,-0.666455,0.037757,-0.092765
0.580794,-0.171911,-0.164787,0.778441,0.578386,-0.118563,-0.066132,0.804387,0.738805,-0.666439,0.037782,-0.092731
0.580817,-0.171784,-0.164625,0.778486,0.578375,-0.118537,-0.066026,0.804408,0.738792,-0.666451,0.037832,-0.09272
0.580808,-0.171706,-0.164556,0.778524,0.578342,-0.118512,-0.065937,0.804443,0.738793,-0.66646,0.037874,-0.092639
0.580775,-0.171693,-0.164544,0.778554,0.578308,-0.118451,-0.065842,0.804484,0.738831,-0.666429,0.037892,-0.092549
0.580759,-0.171755,-0.164562,0.778549,0.578245,-0.118468,-0.065792,0.804531,0.738803,-0.666467,0.037894,-0.092504
0.580709,-0.171867,-0.164561,0.778562,0.578216,-0.118488,-0.065754,0.804551,0.738807,-0.666465,0.037873,-0.092494
0.580656,-0.171913,-0.164595,0.778584,0.578232,-0.118511,-0.065731,0.804538,0.738781,-0.666491,0.037849,-0.092521
0.580595,-0.172014,-0.164609,0.778604,0.578195,-0.118551,-0.065712,0.804561,0.738766,-0.666498,0.037824,-0.092595
0.580569,-0.172103,-0.164691,0.778587,0.578156,-0.118665,-0.065723,0.804571,0.738747,-0.666522,0.037775,-0.092597
0.580469,-0.172186,-0.164764,0.778627,0.578052,-0.118718,-0.065748,0.804636,0.738696,-0.666576,0.037745,-0.092633
0.580382,-0.17224,-0.164831,0.778666,0.577998,-0.118746,-0.065785,0.804667,0.738644,-0.666635,0.03768,-0.092649
0.58034,-0.172221,-0.164831,0.778702,0.577963,-0.118737,-0.065866,0.804688,0.738638,-0.666648,0.037648,-0.092614
0.580295,-0.172216,-0.164866,0.778729,0.577946,-0.118765,-0.065975,0.804687,0.738702,-0.666582,0.037595,-0.092595
0.580263,-0.172209,-0.164924,0.778742,0.577868,-0.118838,-0.066153,0.804717,0.738751,-0.666532,0.03748,-0.092617
0.580195,-0.172347,-0.165084,0.778728,0.577823,-0.118955,-0.066287,0.804721,0.738811,-0.666466,0.03738,-0.092654
0.580149,-0.172437,-0.165259,0.778705,0.577788,-0.119014,-0.066501,0.80472,0.738912,-0.666351,0.037277,-0.092711
0.580129,-0.172529,-0.165391,0.778672,0.577738,-0.119038,-0.066571,0.804747,0.738952,-0.666299,0.037224,-0.092793
0.58013,-0.172547,-0.165407,0.778664,0.577731,-0.119024,-0.066649,0.804747,0.738986,-0.666248,0.037204,-0.092898
0.580126,-0.172532,-0.165384,0.778675,0.577754,-0.119024,-0.066656,0.80473,0.739027,-0.666201,0.037142,-0.092929
0.580131,-0.172513,-0.165423,0.778667,0.577781,-0.118993,-0.066609,0.804719,0.73908,-0.666129,0.037093,-0.093041
0.580198,-0.172491,-0.165404,0.778626,0.577835,-0.118942,-0.066513,0.804696,0.739062,-0.666144,0.037117,-0.093074
0.580279,-0.172481,-0.165387,0.778571,0.577845,-0.118975,-0.066513,0.804684,0.739068,-0.666128,0.037129,-0.093132
0.580354,-0.172524,-0.165423,0.778498,0.577906,-0.118999,-0.066568,0.804632,0.73907,-0.666122,0.037106,-0.093168
0.5804,-0.172588,-0.165448,0.778445,0.577996,-0.119027,-0.066606,0.80456,0.739113,-0.666063,0.037081,-0.093257
0.580509,-0.172626,-0.165478,0.778349,0.578093,-0.119075,-0.066758,0.804471,0.739117,-0.666044,0.037076,-0.093365
0.580549,-0.172717,-0.165575,0.778278,0.578195,-0.119131,-0.066879,0.804379,0.739119,-0.666028,0.037057,-0.093472
0.580554,-0.172794,-0.1657,0.778231,0.578283,-0.119221,-0.067002,0.804292,0.73912,-0.666012,0.037023,-0.093591
0.580568,-0.172828,-0.165836,0.778184,0.578283,-0.119258,-0.06707,0.804281,0.739158,-0.665957,0.03702,-0.093678
0.580549,-0.172885,-0.165896,0.778172,0.578278,-0.119238,-0.067096,0.804286,0.739189,-0.665909,0.037039,-0.09377
0.580577,-0.172944,-0.165955,0.778126,0.578274,-0.119228,-0.067102,0.804289,0.739195,-0.665894,0.037053,-0.093825
0.580571,-0.172921,-0.165965,0.778133,0.578234,-0.119155,-0.067091,0.80433,0.739206,-0.665877,0.037097,-0.09384
0.580548,-0.172838,-0.165919,0.778179,0.57824,-0.119134,-0.067086,0.804329,0.739197,-0.665878,0.0371,-0.0939
0.58058,-0.172812,-0.165895,0.778166,0.578249,-0.119113,-0.067094,0.804325,0.739196,-0.665877,0.037105,-0.093918
0.580518,-0.17284,-0.165935,0.778197,0.578271,-0.119109,-0.06708,0.804311,0.739234,-0.665837,0.037078,-0.09391
0.580494,-0.172839,-0.165998,0.778202,0.578254,-0.119126,-0.067083,0.80432,0.739298,-0.665761,0.037104,-0.093936
0.580433,-0.172856,-0.166039,0.778235,0.57826,-0.119142,-0.067086,0.804313,0.739383,-0.665674,0.037039,-0.093915
0.580411,-0.172855,-0.166033,0.778253,0.578289,-0.119174,-0.067079,0.804289,0.739444,-0.665616,0.037019,-0.093849
0.580418,-0.172924,-0.166031,0.778232,0.578284,-0.119202,-0.066971,0.804297,0.739477,-0.665587,0.037008,-0.093805
0.580429,-0.172916,-0.165924,0.778249,0.578263,-0.119232,-0.066818,0.80432,0.739459,-0.665614,0.037019,-0.093744
0.580405,-0.172881,-0.165798,0.778302,0.578199,-0.119252,-0.066703,0.804373,0.73941,-0.665675,0.037055,-0.093685
0.580381,-0.17281,-0.165578,0.778382,0.57812,-0.119294,-0.066633,0.804429,0.739318,-0.665785,0.037094,-0.093612
0.580363,-0.172776,-0.165427,0.778435,0.578085,-0.119368,-0.066532,0.804451,0.739231,-0.66589,0.037103,-0.09355
0.580347,-0.172803,-0.165296,0.778469,0.578064,-0.119412,-0.066521,0.804461,0.739155,-0.66598,0.03711,-0.093508
0.58029,-0.172851,-0.165172,0.778527,0.577978,-0.119466,-0.066514,0.804516,0.739102,-0.666036,0.037127,-0.093522
0.580271,-0.172934,-0.165093,0.778539,0.577912,-0.119511,-0.066449,0.804561,0.739004,-0.666142,0.037165,-0.093524
0.580184,-0.172992,-0.165221,0.778564,0.577853,-0.119561,-0.066445,0.804597,0.738921,-0.666232,0.037146,-0.093549
0.580136,-0.173014,-0.165279,0.778583,0.577803,-0.11957,-0.066411,0.804634,0.73888,-0.666278,0.037153,-0.093539
0.580107,-0.173062,-0.165368,0.778575,0.577749,-0.119553,-0.066418,0.804675,0.738897,-0.666262,0.037205,-0.093495
0.580047,-0.173034,-0.165429,0.778613,0.577737,-0.119478,-0.066439,0.804693,0.73897,-0.666192,0.037187,-0.093434
0.580052,-0.172939,-0.165454,0.778625,0.57775,-0.119407,-0.066478,0.804691,0.739015,-0.666153,0.037203,-0.093337
0.58003,-0.172841,-0.16547,0.77866,0.577689,-0.119315,-0.066504,0.804746,0.739063,-0.666114,0.037218,-0.093237
0.58001,-0.172705,-0.165475,0.778704,0.577663,-0.119173,-0.06653,0.804784,0.739101,-0.666079,0.037259,-0.093169
0.580023,-0.172614,-0.165472,0.778715,0.577681,-0.119135,-0.066554,0.804775,0.739148,-0.666026,0.037307,-0.093155
0.580064,-0.172616,-0.165469,0.778685,0.577702,-0.119134,-0.066581,0.804757,0.739153,-0.666017,0.037328,-0.09317
0.580098,-0.17265,-0.165558,0.778633,0.577768,-0.119145,-0.066635,0.804704,0.739135,-0.666032,0.037303,-0.093217
0.580143,-0.172725,-0.165644,0.778564,0.577855,-0.119172,-0.066744,0.804629,0.739171,-0.665982,0.037299,-0.093295
0.580172,-0.172758,-0.165746,0.778514,0.577947,-0.119193,-0.066783,0.804556,0.739202,-0.665932,0.037285,-0.093414
0.580205,-0.172884,-0.165893,0.77843,0.578009,-0.119291,-0.066856,0.804491,0.73925,-0.665867,0.037253,-0.093501
0.580247,-0.172915,-0.165954,0.778378,0.578065,-0.119308,-0.066952,0.80444,0.739256,-0.665851,0.037235,-0.093576
0.580316,-0.172924,-0.166037,0.778307,0.578113,-0.119293,-0.066973,0.804406,0.739281,-0.665805,0.03726,-0.093692
0.580407,-0.172897,-0.16601,0.778251,0.578167,-0.119312,-0.06702,0.80436,0.739305,-0.665767,0.037348,-0.09374
0.580505,-0.172813,-0.165917,0.778217,0.578201,-0.119352,-0.067036,0.804329,0.739284,-0.665772,0.03738,-0.093857
0.580524,-0.172798,-0.165913,0.778207,0.578232,-0.119426,-0.067055,0.804294,0.739281,-0.665769,0.037373,-0.093904
0.580566,-0.172855,-0.165923,0.77816,0.578298,-0.119428,-0.06709,0.804243,0.739321,-0.665722,0.037335,-0.093939
0.580592,-0.172981,-0.166022,0.778092,0.578322,-0.11952,-0.067152,0.804207,0.739358,-0.665673,0.03725,-0.09403
0.580589,-0.17312,-0.166142,0.778037,0.578352,-0.119595,-0.067211,0.804169,0.739368,-0.665653,0.0372,-0.094112
0.580542,-0.173279,-0.166236,0.778018,0.578387,-0.119634,-0.067251,0.804135,0.739385,-0.665633,0.037118,-0.094153
0.580535,-0.173366,-0.166216,0.778008,0.578415,-0.119617,-0.067249,0.804118,0.739368,-0.665655,0.037052,-0.094158
0.580526,-0.173386,-0.166222,0.778009,0.578495,-0.119618,-0.067276,0.804058,0.739317,-0.665712,0.036999,-0.094176
0.580511,-0.173383,-0.166239,0.778017,0.578489,-0.119612,-0.067273,0.804063,0.739304,-0.665718,0.037006,-0.094228
0.580444,-0.173404,-0.16629,0.778051,0.578415,-0.119593,-0.067258,0.804121,0.739274,-0.665747,0.037015,-0.09426
0.580379,-0.173467,-0.166382,0.778066,0.57833,-0.119603,-0.067266,0.80418,0.739253,-0.665764,0.037025,-0.094298
0.580329,-0.173474,-0.166414,0.778095,0.578264,-0.119581,-0.067253,0.804232,0.739213,-0.665818,0.037012,-0.094239
0.580318,-0.173457,-0.166397,0.77811,0.578193,-0.119557,-0.067229,0.804288,0.739209,-0.665825,0.037035,-0.094208
0.580323,-0.173371,-0.16633,0.77814,0.578151,-0.119546,-0.067218,0.804321,0.739186,-0.665861,0.037043,-0.094134
0.580276,-0.173355,-0.166264,0.778193,0.578158,-0.119546,-0.067178,0.804319,0.739194,-0.665851,0.037062,-0.094133
0.580251,-0.173384,-0.166299,0.778197,0.578112,-0.119683,-0.06718,0.804331,0.739221,-0.665823,0.037058,-0.094118
0.580208,-0.173517,-0.166386,0.778181,0.578055,-0.119774,-0.067091,0.804366,0.739223,-0.665827,0.037052,-0.094083
0.580165,-0.173606,-0.166495,0.778171,0.577983,-0.119828,-0.067068,0.804412,0.739238,-0.665818,0.037059,-0.094023
0.580146,-0.173653,-0.16654,0.778165,0.577986,-0.11987,-0.067054,0.804405,0.739258,-0.665811,0.037084,-0.093906
0.58013,-0.173635,-0.166541,0.77818,0.577973,-0.119869,-0.067014,0.804418,0.739225,-0.665856,0.037096,-0.093847
0.580167,-0.173547,-0.166398,0.778203,0.577979,-0.119876,-0.067003,0.804413,0.739192,-0.665905,0.037072,-0.093763
0.580154,-0.173524,-0.166321,0.778234,0.578024,-0.119859,-0.066982,0.804385,0.739148,-0.665956,0.03704,-0.093757
0.58016,-0.173512,-0.166267,0.778243,0.578011,-0.119866,-0.066898,0.804401,0.739129,-0.665976,0.036983,-0.093784
0.580124,-0.173565,-0.166223,0.778268,0.577953,-0.119979,-0.066826,0.804432,0.739127,-0.665979,0.03689,-0.093819
0.580077,-0.173647,-0.166314,0.778266,0.577882,-0.120073,-0.066813,0.804469,0.739115,-0.665999,0.036754,-0.093825
0.579968,-0.173751,-0.16641,0.778303,0.577837,-0.120205,-0.066804,0.804482,0.739133,-0.665979,0.036632,-0.093876
0.579847,-0.173937,-0.166549,0.778322,0.577762,-0.120384,-0.066836,0.804507,0.739141,-0.665969,0.03656,-0.093911
0.579731,-0.174052,-0.166604,0.77837,0.577647,-0.120483,-0.066931,0.804567,0.739139,-0.665975,0.036462,-0.09392
0.579692,-0.174125,-0.166697,0.778363,0.577593,-0.120601,-0.066999,0.804583,0.739125,-0.666,0.036338,-0.093909
0.579661,-0.174141,-0.166728,0.778376,0.577489,-0.120645,-0.06702,0.804648,0.739144,-0.665985,0.036251,-0.093893
0.579627,-0.174069,-0.166684,0.778427,0.577428,-0.120692,-0.067005,0.804687,0.739167,-0.665955,0.036198,-0.093948
0.579655,-0.173944,-0.166706,0.77843,0.577425,-0.120745,-0.067036,0.804678,0.739123,-0.666002,0.036159,-0.093977
0.579627,-0.173931,-0.166791,0.778435,0.577415,-0.120754,-0.067042,0.804683,0.73909,-0.666029,0.036107,-0.094057
0.579667,-0.173904,-0.166957,0.778376,0.577437,-0.12072,-0.067063,0.804671,0.739098,-0.666012,0.035991,-0.094165
0.579623,-0.174001,-0.167146,0.778346,0.577435,-0.120682,-0.067081,0.804677,0.73915,-0.665942,0.035984,-0.094252
0.579623,-0.174005,-0.167278,0.778317,0.577435,-0.120628,-0.067163,0.804678,0.739187,-0.665896,0.035983,-0.09429
0.579697,-0.173946,-0.167426,0.778244,0.577483,-0.120508,-0.067264,0.804653,0.739226,-0.665852,0.036037,-0.094273
0.579766,-0.173765,-0.167446,0.778229,0.57751,-0.120378,-0.067333,0.804647,0.739273,-0.665802,0.036144,-0.094215
0.579837,-0.173588,-0.167367,0.778232,0.577586,-0.120238,-0.067397,0.804609,0.739319,-0.665746,0.036271,-0.094201
0.579956,-0.173387,-0.167204,0.778223,0.577638,-0.120069,-0.06737,0.804599,0.739363,-0.665698,0.03642,-0.094143
0.580057,-0.173232,-0.167082,0.778208,0.577715,-0.119967,-0.067367,0.804559,0.739394,-0.66566,0.03663,-0.094083
0.580151,-0.173149,-0.16703,0.778168,0.577796,-0.119943,-0.0674,0.804501,0.739425,-0.665618,0.036749,-0.094091
0.580255,-0.173156,-0.166944,0.778107,0.577873,-0.119932,-0.067427,0.804445,0.739495,-0.665533,0.036857,-0.0941
0.580323,-0.173189,-0.166914,0.778055,0.577958,-0.120007,-0.067401,0.804376,0.739481,-0.665541,0.03694,-0.094122
0.580312,-0.173312,-0.166914,0.778037,0.577953,-0.120128,-0.067352,0.804365,0.739439,-0.665579,0.036993,-0.094155
0.580312,-0.173408,-0.166929,0.778012,0.577918,-0.120275,-0.067296,0.804373,0.739394,-0.665626,0.03708,-0.094147
0.580303,-0.17347,-0.166802,0.778032,0.577855,-0.120338,-0.067226,0.804415,0.739282,-0.66575,0.037084,-0.094152
0.580261,-0.173438,-0.166667,0.778099,0.577701,-0.120398,-0.067094,0.804528,0.739158,-0.665891,0.037053,-0.094142
0.580228,-0.173379,-0.166473,0.778178,0.577609,-0.120426,-0.066991,0.804598,0.739057,-0.666007,0.036959,-0.094144
0.580191,-0.173322,-0.166353,0.778244,0.577488,-0.120446,-0.066906,0.804689,0.739027,-0.666044,0.036919,-0.09413
0.580123,-0.173293,-0.166286,0.778316,0.577375,-0.120523,-0.066901,0.804758,0.739009,-0.666072,0.036846,-0.094106
0.58004,-0.173358,-0.166357,0.778348,0.577276,-0.120577,-0.066934,0.804819,0.739021,-0.666071,0.036688,-0.094082
0.579984,-0.173455,-0.166511,0.778335,0.577191,-0.120596,-0.06697,0.804874,0.739054,-0.666043,0.036527,-0.094079
0.579851,-0.173546,-0.166639,0.778387,0.577112,-0.120583,-0.067079,0.804923,0.739159,-0.665936,0.036337,-0.094093
0.579775,-0.17362,-0.166808,0.778391,0.577041,-0.120603,-0.067163,0.804965,0.739252,-0.665836,0.036146,-0.09414
0.579692,-0.173705,-0.166871,0.77842,0.577004,-0.120596,-0.067276,0.804983,0.739285,-0.665807,0.035986,-0.094153
0.57963,-0.173698,-0.16694,0.778453,0.576976,-0.120526,-0.067355,0.805007,0.739319,-0.665777,0.035851,-0.094148
0.579649,-0.173708,-0.166948,0.778435,0.576976,-0.120495,-0.067438,0.805004,0.739356,-0.665735,0.035769,-0.094188
0.579663,-0.173729,-0.166955,0.778418,0.576946,-0.120513,-0.067569,0.805012,0.739365,-0.665723,0.035721,-0.09421
0.579684,-0.173762,-0.167,0.778386,0.576958,-0.120545,-0.067682,0.804989,0.739338,-0.66575,0.035661,-0.094253
0.57967,-0.173864,-0.167097,0.778352,0.576974,-0.120667,-0.067761,0.804953,0.739331,-0.665751,0.035613,-0.094319
0.579687,-0.174004,-0.167167,0.778294,0.576995,-0.120803,-0.067807,0.804914,0.739239,-0.665844,0.035584,-0.094395
0.579681,-0.174152,-0.167207,0.778256,0.577013,-0.120958,-0.067805,0.804878,0.739188,-0.665891,0.035558,-0.094474
0.579686,-0.174267,-0.167242,0.77822,0.577049,-0.121102,-0.067791,0.804831,0.739121,-0.665947,0.035523,-0.094621
0.579664,-0.174432,-0.167282,0.77819,0.577099,-0.121244,-0.067738,0.804779,0.739069,-0.665986,0.035507,-0.094754
0.579639,-0.174511,-0.167274,0.778193,0.577103,-0.12134,-0.067675,0.804767,0.73902,-0.66602,0.035582,-0.094876
0.579648,-0.174615,-0.167244,0.77817,0.577131,-0.121439,-0.067607,0.804737,0.738998,-0.666036,0.035631,-0.094912
0.579641,-0.174635,-0.167181,0.778184,0.577121,-0.121506,-0.067572,0.804737,0.738972,-0.666063,0.035644,-0.094916
0.579679,-0.174604,-0.167087,0.778182,0.577156,-0.121511,-0.067593,0.80471,0.738949,-0.666085,0.035662,-0.094933
0.57972,-0.174563,-0.166948,0.778191,0.577237,-0.121497,-0.067566,0.804656,0.738881,-0.666156,0.035715,-0.094949
0.579781,-0.174551,-0.166874,0.778164,0.577277,-0.121461,-0.067527,0.804636,0.738863,-0.66617,0.035779,-0.094968
0.57984,-0.174574,-0.166875,0.778115,0.577367,-0.121473,-0.067497,0.804572,0.738849,-0.666169,0.035869,-0.095051
0.579872,-0.174606,-0.166934,0.778071,0.577444,-0.121539,-0.067504,0.804506,0.738885,-0.666117,0.035931,-0.095108
0.579904,-0.174649,-0.166953,0.778033,0.57749,-0.12157,-0.067563,0.804463,0.738903,-0.666087,0.035964,-0.095168
0.579927,-0.17471,-0.16705,0.777981,0.577534,-0.121544,-0.067597,0.804433,0.738922,-0.666058,0.035989,-0.095215
0.579948,-0.174751,-0.16711,0.777944,0.577557,-0.121574,-0.067693,0.804404,0.738968,-0.666006,0.035946,-0.095242
0.579985,-0.174738,-0.16716,0.777909,0.577546,-0.121561,-0.067825,0.804402,0.738999,-0.665956,0.035998,-0.095321
0.579997,-0.1747,-0.167221,0.777895,0.577567,-0.121544,-0.067915,0.804382,0.739,-0.665951,0.036025,-0.095342
0.579999,-0.174678,-0.167255,0.777891,0.577573,-0.121545,-0.067981,0.804372,0.739041,-0.665899,0.036048,-0.095384
0.580011,-0.174646,-0.167276,0.777885,0.577568,-0.121486,-0.068049,0.804379,0.739097,-0.665827,0.036082,-0.095438
0.58006,-0.174622,-0.16728,0.777853,0.577559,-0.121548,-0.068114,0.804371,0.73913,-0.665787,0.036059,-0.095463
0.580099,-0.17468,-0.167371,0.777791,0.577603,-0.121543,-0.06818,0.804334,0.739183,-0.665727,0.035979,-0.095504
0.580119,-0.174793,-0.167488,0.777725,0.577637,-0.121658,-0.068247,0.804286,0.739257,-0.665645,0.035862,-0.095555
0.580201,-0.174927,-0.167557,0.77762,0.577683,-0.121786,-0.068379,0.804223,0.739296,-0.665587,0.035791,-0.095677
0.580288,-0.175079,-0.167704,0.777488,0.577813,-0.121851,-0.068502,0.804109,0.739317,-0.665553,0.035706,-0.095786
0.58034,-0.175247,-0.167928,0.777363,0.577898,-0.12191,-0.068606,0.804031,0.73936,-0.665482,0.035617,-0.095985
0.580411,-0.175395,-0.168069,0.777247,0.578003,-0.121969,-0.068598,0.803947,0.739383,-0.665436,0.035542,-0.096146
0.580488,-0.175425,-0.168202,0.777154,0.578081,-0.122005,-0.068662,0.80388,0.739377,-0.665428,0.035557,-0.096244
0.580539,-0.175444,-0.168257,0.7771,0.57815,-0.122037,-0.068773,0.803816,0.739358,-0.665435,0.035591,-0.096332
0.58062,-0.175465,-0.168278,0.777029,0.578232,-0.122031,-0.068915,0.803746,0.739353,-0.665429,0.035637,-0.096394
0.580666,-0.175496,-0.16823,0.776998,0.578364,-0.122065,-0.069003,0.803638,0.739369,-0.665398,0.035712,-0.096456
0.580704,-0.175493,-0.168263,0.776964,0.578422,-0.122068,-0.068981,0.803598,0.73936,-0.665408,0.035751,-0.096442
0.580732,-0.175547,-0.168266,0.77693,0.578454,-0.12209,-0.068965,0.803572,0.739291,-0.665477,0.035765,-0.096494
0.580778,-0.175569,-0.168314,0.77688,0.578462,-0.12214,-0.068895,0.803565,0.739272,-0.665489,0.035811,-0.096533
0.580793,-0.175648,-0.168293,0.776856,0.578494,-0.122217,-0.068855,0.803534,0.73926,-0.665494,0.035829,-0.09659
0.580835,-0.175714,-0.168263,0.776816,0.578502,-0.122263,-0.068821,0.803524,0.739263,-0.66549,0.035856,-0.096579
0.580839,-0.175753,-0.16817,0.776824,0.57847,-0.122302,-0.068823,0.803541,0.739188,-0.665573,0.035829,-0.096595
0.580843,-0.175763,-0.168095,0.776835,0.578469,-0.122361,-0.068692,0.803544,0.739112,-0.665656,0.035838,-0.096599
0.580822,-0.175725,-0.167969,0.776887,0.578426,-0.122409,-0.068554,0.803579,0.739048,-0.66573,0.035845,-0.096572
0.580835,-0.175737,-0.167818,0.776907,0.578421,-0.122421,-0.068428,0.803592,0.738958,-0.665828,0.035915,-0.096563
0.580802,-0.175749,-0.167743,0.776945,0.578453,-0.122451,-0.068368,0.803569,0.7389,-0.665896,0.035921,-0.09654
0.580806,-0.175808,-0.167765,0.776924,0.578411,-0.122503,-0.068416,0.803588,0.738848,-0.665947,0.035958,-0.096564
0.580772,-0.175864,-0.167767,0.776937,0.578355,-0.122618,-0.068389,0.803613,0.738828,-0.665964,0.035954,-0.096604
0.580795,-0.175942,-0.167811,0.776892,0.578331,-0.122612,-0.068376,0.803632,0.738788,-0.666004,0.035938,-0.096642
0.580801,-0.175985,-0.167851,0.776869,0.578351,-0.122658,-0.068347,0.803613,0.738777,-0.666021,0.03591,-0.096619
0.580816,-0.176039,-0.167809,0.776854,0.578402,-0.122656,-0.06833,0.803578,0.738789,-0.666,0.035898,-0.096681
0.580838,-0.176161,-0.167792,0.776814,0.578469,-0.122633,-0.068368,0.80353,0.738828,-0.665941,0.035946,-0.096766
0.580856,-0.176217,-0.167781,0.776791,0.578546,-0.122585,-0.068393,0.80348,0.73881,-0.66595,0.035983,-0.096827
0.580897,-0.176181,-0.167802,0.776763,0.578604,-0.122555,-0.068358,0.803446,0.738805,-0.665941,0.035965,-0.096934
0.58091,-0.176209,-0.167786,0.776751,0.578654,-0.122549,-0.06838,0.803408,0.738801,-0.665933,0.035948,-0.097026
0.580987,-0.176233,-0.167716,0.776703,0.578762,-0.12247,-0.068348,0.803346,0.7388,-0.665914,0.036032,-0.09713
0.581059,-0.176264,-0.167692,0.776647,0.578842,-0.122415,-0.068382,0.803293,0.738796,-0.665901,0.036101,-0.097226
0.581143,-0.176271,-0.167704,0.77658,0.578957,-0.122382,-0.068445,0.803211,0.738768,-0.66591,0.036139,-0.097364
0.58122,-0.176325,-0.16777,0.776496,0.579054,-0.12241,-0.068447,0.803136,0.738755,-0.665905,0.036237,-0.097458
0.581269,-0.176427,-0.167896,0.776409,0.579187,-0.12248,-0.068432,0.80303,0.738761,-0.665873,0.036258,-0.097626
0.58135,-0.176489,-0.168,0.776312,0.579278,-0.122591,-0.068477,0.802944,0.73878,-0.665835,0.036301,-0.097727
0.581428,-0.176567,-0.168038,0.776227,0.579418,-0.122625,-0.068522,0.802834,0.738826,-0.665768,0.036364,-0.097811
0.58147,-0.176558,-0.168011,0.776204,0.579546,-0.122606,-0.068516,0.802745,0.73885,-0.665727,0.036437,-0.097882
0.581528,-0.176522,-0.16792,0.776188,0.579607,-0.122626,-0.068478,0.802702,0.738882,-0.665682,0.036464,-0.097938
0.581581,-0.176481,-0.167913,0.776159,0.579594,-0.122595,-0.068489,0.802715,0.738864,-0.66569,0.036518,-0.097994
0.581569,-0.176459,-0.167906,0.776175,0.579617,-0.122611,-0.068416,0.802702,0.738805,-0.665752,0.036601,-0.09799
0.581553,-0.176401,-0.167878,0.776206,0.579582,-0.122684,-0.068351,0.802721,0.738753,-0.665799,0.036777,-0.097994
0.581536,-0.176296,-0.167878,0.776243,0.579572,-0.122588,-0.068301,0.802747,0.738704,-0.665849,0.036901,-0.097978
0.581549,-0.176182,-0.167811,0.776273,0.579543,-0.122515,-0.068264,0.802783,0.738653,-0.665896,0.037035,-0.097999
0.581585,-0.17615,-0.167753,0.776266,0.579546,-0.12248,-0.068179,0.802794,0.738612,-0.665941,0.037127,-0.097961
0.581549,-0.176113,-0.167622,0.77633,0.579545,-0.122391,-0.068074,0.802816,0.738603,-0.665949,0.037254,-0.097925
0.58155,-0.176079,-0.16756,0.77635,0.579574,-0.122326,-0.068016,0.80281,0.738629,-0.665928,0.037342,-0.097844
0.581553,-0.176096,-0.167454,0.776367,0.579596,-0.122329,-0.068005,0.802795,0.738625,-0.66594,0.037396,-0.097766
0.581541,-0.176095,-0.167412,0.776385,0.579644,-0.122369,-0.068016,0.802753,0.738616,-0.665947,0.037431,-0.097777
0.581608,-0.176119,-0.16736,0.77634,0.579687,-0.122448,-0.068004,0.802711,0.73859,-0.66598,0.037469,-0.097739
0.581668,-0.176154,-0.167357,0.776288,0.579713,-0.122492,-0.067994,0.802687,0.738584,-0.665977,0.037544,-0.097773
0.58169,-0.17621,-0.167345,0.776262,0.579759,-0.122566,-0.067981,0.802643,0.738543,-0.66602,0.037575,-0.097775
0.581679,-0.176279,-0.167432,0.776236,0.579743,-0.122636,-0.067963,0.802645,0.738503,-0.666056,0.037628,-0.097812
0.581657,-0.176344,-0.167515,0.776219,0.579762,-0.122737,-0.067969,0.802616,0.738496,-0.666057,0.037658,-0.097847
0.581642,-0.176426,-0.167535,0.776208,0.579773,-0.122752,-0.067915,0.80261,0.738456,-0.6661,0.037712,-0.097826
0.581623,-0.176408,-0.167508,0.776232,0.579786,-0.122741,-0.067954,0.802599,0.738443,-0.666115,0.037736,-0.097825
0.581645,-0.176354,-0.167462,0.776238,0.579822,-0.122735,-0.06797,0.802573,0.738431,-0.666128,0.037769,-0.097813
0.581711,-0.176288,-0.167409,0.776215,0.579852,-0.122714,-0.068048,0.802547,0.738467,-0.666094,0.037764,-0.09777
0.581734,-0.176323,-0.167359,0.7762,0.579854,-0.122729,-0.068107,0.802539,0.738503,-0.666059,0.037741,-0.097746
0.581716,-0.176341,-0.167431,0.776194,0.579935,-0.122753,-0.068177,0.802471,0.738516,-0.666038,0.037707,-0.097805
0.581703,-0.176406,-0.167548,0.776164,0.57999,-0.122754,-0.068234,0.802426,0.738472,-0.666084,0.037654,-0.097844
0.581735,-0.176519,-0.167676,0.776086,0.580036,-0.122757,-0.068244,0.802391,0.738464,-0.666092,0.037535,-0.0979
0.581712,-0.176622,-0.167793,0.776055,0.580089,-0.122794,-0.068251,0.802346,0.738489,-0.666066,0.037479,-0.097909
0.581654,-0.176711,-0.167934,0.776048,0.580109,-0.12277,-0.068181,0.802342,0.738476,-0.666081,0.037402,-0.09793
0.58164,-0.176717,-0.167951,0.776053,0.580104,-0.122748,-0.068154,0.802351,0.738456,-0.666108,0.037366,-0.097912
0.581645,-0.176695,-0.167899,0.776066,0.580084,-0.12273,-0.068213,0.802363,0.738428,-0.666136,0.037372,-0.097926
0.581624,-0.176612,-0.167834,0.776114,0.580027,-0.122758,-0.068206,0.802401,0.738435,-0.666129,0.037412,-0.09791
0.581614,-0.176599,-0.167766,0.77614,0.580021,-0.122849,-0.068203,0.802391,0.738439,-0.666124,0.037403,-0.097915
0.581579,-0.176627,-0.167806,0.776151,0.579978,-0.122874,-0.068202,0.802419,0.738448,-0.666113,0.037405,-0.097922
0.581543,-0.17671,-0.167832,0.776153,0.579966,-0.122924,-0.06815,0.802424,0.738407,-0.666149,0.037424,-0.097977
0.581553,-0.176748,-0.167807,0.776142,0.579983,-0.122917,-0.068077,0.802419,0.738382,-0.666175,0.037391,-0.098004
0.581586,-0.17683,-0.167861,0.776088,0.580034,-0.122864,-0.068029,0.802395,0.738391,-0.666166,0.037401,-0.097999
0.581609,-0.176855,-0.167845,0.776068,0.580123,-0.12288,-0.068006,0.80233,0.738357,-0.6662,0.037466,-0.097994
0.581662,-0.17681,-0.167786,0.776051,0.580205,-0.122797,-0.068056,0.802279,0.738353,-0.666198,0.037477,-0.098034
0.581728,-0.176742,-0.167709,0.776034,0.580305,-0.122803,-0.06809,0.802203,0.738385,-0.666154,0.037557,-0.098059
0.581842,-0.176718,-0.167694,0.775957,0.580378,-0.122845,-0.068157,0.802138,0.738393,-0.666135,0.037591,-0.098112
0.581972,-0.176716,-0.167693,0.775861,0.580478,-0.122824,-0.068171,0.802068,0.738394,-0.666124,0.037636,-0.098166
0.582111,-0.176713,-0.167635,0.775769,0.580602,-0.122859,-0.068162,0.801973,0.738387,-0.666122,0.037696,-0.098205
0.582241,-0.176694,-0.167644,0.775674,0.580725,-0.122806,-0.068183,0.80189,0.738415,-0.666085,0.03775,-0.098234
0.5824,-0.176737,-0.167619,0.775551,0.580903,-0.122806,-0.068241,0.801757,0.738455,-0.666023,0.037804,-0.098327
0.58256,-0.176758,-0.167659,0.775416,0.581093,-0.122781,-0.068257,0.801621,0.738461,-0.665995,0.037879,-0.098445
0.58271,-0.176795,-0.167729,0.77528,0.581289,-0.122871,-0.068338,0.801458,0.738481,-0.665954,0.037908,-0.098556
0.58288,-0.176843,-0.167772,0.775132,0.581442,-0.122943,-0.06837,0.801334,0.738459,-0.665959,0.037944,-0.098673
0.583059,-0.176847,-0.167758,0.775,0.58158,-0.122946,-0.068353,0.801235,0.738405,-0.665995,0.038003,-0.098819
0.583194,-0.176748,-0.167692,0.774935,0.581698,-0.122936,-0.068378,0.801148,0.738406,-0.665972,0.038084,-0.098934
0.583336,-0.176615,-0.167673,0.774863,0.581829,-0.122815,-0.068465,0.801064,0.73843,-0.66593,0.03817,-0.099002
0.583389,-0.176469,-0.167667,0.774857,0.581885,-0.122739,-0.068515,0.801031,0.738429,-0.665934,0.038221,-0.098966
0.583455,-0.176328,-0.16768,0.774837,0.581898,-0.122613,-0.068602,0.801033,0.738417,-0.66595,0.038344,-0.098902
0.583502,-0.176204,-0.167673,0.774831,0.581899,-0.122494,-0.068663,0.801045,0.738405,-0.665966,0.038391,-0.098862
0.583566,-0.176024,-0.167684,0.774822,0.581898,-0.122315,-0.068645,0.801075,0.738423,-0.66595,0.038474,-0.0988
0.583555,-0.175867,-0.167668,0.774869,0.581929,-0.12224,-0.068597,0.801069,0.738451,-0.665929,0.038523,-0.098719
0.583548,-0.175776,-0.167622,0.774905,0.581928,-0.122162,-0.068518,0.801087,0.738521,-0.665858,0.038563,-0.098651
0.583575,-0.175731,-0.167581,0.774903,0.58191,-0.122148,-0.068494,0.801105,0.738557,-0.665825,0.038662,-0.098571
0.583488,-0.175764,-0.167549,0.774968,0.581884,-0.122127,-0.068383,0.801136,0.738549,-0.66584,0.038711,-0.098507
0.583443,-0.175798,-0.167426,0.775021,0.581894,-0.122108,-0.068237,0.801144,0.73851,-0.665896,0.038745,-0.098415
0.583397,-0.175863,-0.167311,0.775066,0.581889,-0.122074,-0.068025,0.801172,0.73842,-0.666005,0.038792,-0.09833
0.583349,-0.17585,-0.167135,0.775143,0.581861,-0.1221,-0.067878,0.8012,0.738304,-0.666138,0.038864,-0.098267
0.583327,-0.175827,-0.166944,0.775206,0.581801,-0.122146,-0.067707,0.801251,0.738168,-0.666286,0.038985,-0.098244
0.583284,-0.175799,-0.166778,0.77528,0.581709,-0.122181,-0.067532,0.801328,0.738012,-0.66646,0.039106,-0.098189
0.583264,-0.175703,-0.166599,0.775356,0.581673,-0.12219,-0.06738,0.801365,0.737864,-0.666626,0.039178,-0.098141
0.583316,-0.175597,-0.166413,0.775381,0.581673,-0.122202,-0.067259,0.801373,0.73778,-0.666728,0.039285,-0.098034
0.583344,-0.175469,-0.166221,0.775429,0.581666,-0.122199,-0.067163,0.801387,0.73771,-0.666809,0.039377,-0.097974
0.583362,-0.175414,-0.16607,0.77546,0.581672,-0.122261,-0.067117,0.801377,0.73769,-0.666835,0.039489,-0.0979
0.583369,-0.175397,-0.166043,0.775465,0.58167,-0.122319,-0.067114,0.80137,0.737665,-0.666864,0.039553,-0.097868
0.583328,-0.175453,-0.166081,0.775475,0.581668,-0.122379,-0.067194,0.801355,0.737661,-0.66687,0.039576,-0.09785
0.583227,-0.175553,-0.166214,0.7755,0.581636,-0.122399,-0.067282,0.801368,0.737642,-0.666886,0.039574,-0.097883
0.583158,-0.175694,-0.166312,0.775499,0.581624,-0.122381,-0.067323,0.801376,0.737619,-0.66691,0.039548,-0.097904
0.583091,-0.17574,-0.166451,0.775509,0.581599,-0.122371,-0.067413,0.801389,0.737663,-0.666867,0.039493,-0.097889
0.58305,-0.175674,-0.166553,0.775533,0.581603,-0.122356,-0.067513,0.801379,0.737719,-0.6668,0.039417,-0.097957
0.583004,-0.175656,-0.166639,0.775553,0.581547,-0.122403,-0.067653,0.801401,0.737759,-0.666753,0.039321,-0.098004
0.583016,-0.175715,-0.166763,0.775504,0.581457,-0.122456,-0.0678,0.801446,0.737848,-0.666651,0.039172,-0.098095
0.582972,-0.175812,-0.166939,0.775477,0.581449,-0.122534,-0.067885,0.801432,0.737949,-0.666536,0.039039,-0.098168
0.582969,-0.17595,-0.167138,0.775405,0.581462,-0.122538,-0.067991,0.801413,0.738067,-0.666397,0.038907,-0.09828
0.58301,-0.176029,-0.167318,0.775317,0.581508,-0.122586,-0.068153,0.801359,0.738172,-0.666273,0.038744,-0.098395
0.583061,-0.176064,-0.167486,0.775235,0.581554,-0.122664,-0.068282,0.801303,0.738238,-0.666188,0.038662,-0.09851
0.583093,-0.176117,-0.167591,0.775176,0.581605,-0.122806,-0.068442,0.80123,0.738336,-0.66607,0.038582,-0.098602
0.583189,-0.176219,-0.167645,0.775069,0.581697,-0.122865,-0.068517,0.801148,0.738365,-0.666023,0.038523,-0.09872
0.583264,-0.176301,-0.16776,0.774969,0.581769,-0.122957,-0.068608,0.801074,0.738368,-0.666004,0.038477,-0.098855
0.583346,-0.17638,-0.167837,0.774873,0.581882,-0.123014,-0.068739,0.800972,0.738328,-0.666032,0.038474,-0.098956
0.5834,-0.176496,-0.167839,0.774805,0.581978,-0.123111,-0.068879,0.800875,0.738321,-0.666023,0.038437,-0.09908
0.583438,-0.176619,-0.167878,0.774741,0.582039,-0.123208,-0.068945,0.80081,0.73831,-0.666017,0.03838,-0.099229
0.583472,-0.176722,-0.167974,0.77467,0.582085,-0.123333,-0.068997,0.800753,0.738297,-0.666005,0.038387,-0.099409
0.583461,-0.176814,-0.168098,0.774631,0.582104,-0.123395,-0.069005,0.800729,0.738281,-0.666,0.038424,-0.099537
0.583429,-0.176852,-0.168206,0.774623,0.582087,-0.123454,-0.069074,0.800726,0.738326,-0.66594,0.038395,-0.099622
0.583405,-0.176896,-0.168303,0.77461,0.582091,-0.123521,-0.06914,0.800708,0.738374,-0.66588,0.038401,-0.099667
0.583404,-0.176848,-0.168344,0.774613,0.582059,-0.123512,-0.069144,0.800732,0.738409,-0.66585,0.038366,-0.099622
0.583416,-0.176804,-0.168316,0.77462,0.58203,-0.1235,-0.069219,0.800748,0.73845,-0.665812,0.038371,-0.099565
0.583443,-0.176717,-0.168241,0.774636,0.581989,-0.123482,-0.069249,0.800778,0.738491,-0.665774,0.038335,-0.099532
0.583419,-0.176697,-0.168193,0.774668,0.581972,-0.123441,-0.06924,0.800798,0.738508,-0.665751,0.038323,-0.099565
0.583453,-0.176723,-0.168209,0.774633,0.581983,-0.123474,-0.06924,0.800784,0.738541,-0.665717,0.038317,-0.099553
0.583466,-0.176735,-0.168241,0.774615,0.582009,-0.123558,-0.069253,0.800752,0.738555,-0.665694,0.038265,-0.099613
0.583453,-0.176807,-0.168346,0.774585,0.582022,-0.123646,-0.069365,0.800719,0.738534,-0.665717,0.038243,-0.099629
0.583442,-0.17693,-0.16843,0.774547,0.582047,-0.123732,-0.069509,0.800675,0.73852,-0.665731,0.038205,-0.099649
0.583421,-0.177052,-0.168536,0.774511,0.58208,-0.12384,-0.069539,0.800632,0.738507,-0.665735,0.038177,-0.099732
0.583388,-0.177122,-0.168629,0.7745,0.582056,-0.123873,-0.069542,0.800644,0.738503,-0.665736,0.03818,-0.099756
0.583365,-0.177126,-0.168622,0.774518,0.582046,-0.123914,-0.069552,0.800643,0.738446,-0.665798,0.038185,-0.099764
0.583344,-0.1771,-0.16856,0.774553,0.581986,-0.123915,-0.069481,0.800693,0.738406,-0.665838,0.038154,-0.099804
0.583323,-0.177062,-0.168464,0.774598,0.581977,-0.123943,-0.069474,0.800696,0.738351,-0.665906,0.03813,-0.099769
0.583257,-0.177085,-0.168409,0.774655,0.581951,-0.123988,-0.069435,0.800711,0.738391,-0.665871,0.038078,-0.099726
0.583228,-0.177156,-0.168313,0.774682,0.581886,-0.124066,-0.069467,0.800744,0.738407,-0.665855,0.037999,-0.09974
0.583163,-0.177165,-0.168258,0.77474,0.581836,-0.124151,-0.069433,0.80077,0.738403,-0.665875,0.037937,-0.099661
0.583109,-0.17727,-0.168264,0.774756,0.581787,-0.124214,-0.069419,0.800797,0.738405,-0.665878,0.037856,-0.099654
0.583098,-0.177345,-0.168235,0.774753,0.581748,-0.124334,-0.06942,0.800807,0.738404,-0.665875,0.037773,-0.099715
0.583094,-0.177446,-0.168226,0.774735,0.581722,-0.124471,-0.069483,0.800799,0.738376,-0.66591,0.037719,-0.099706
0.583059,-0.177526,-0.168199,0.774749,0.581716,-0.12452,-0.069497,0.800795,0.738315,-0.665978,0.037707,-0.099712
0.583056,-0.177602,-0.168253,0.774722,0.581696,-0.124548,-0.069481,0.800806,0.738281,-0.666015,0.03769,-0.099723
0.58306,-0.177696,-0.16822,0.774704,0.581685,-0.124619,-0.069469,0.800804,0.738269,-0.666023,0.037664,-0.09977
0.583068,-0.177766,-0.168141,0.7747,0.581682,-0.124727,-0.069457,0.80079,0.738255,-0.666035,0.037651,-0.099796
0.583048,-0.177858,-0.168057,0.774712,0.581708,-0.124818,-0.069382,0.800764,0.738205,-0.666084,0.037601,-0.099859
0.583027,-0.177988,-0.167976,0.774715,0.581714,-0.124902,-0.069314,0.800752,0.738133,-0.666164,0.03759,-0.099862
0.583104,-0.178118,-0.167827,0.77466,0.581715,-0.125045,-0.06926,0.800733,0.738038,-0.666263,0.037554,-0.099916
0.583159,-0.17831,-0.16771,0.7746,0.581766,-0.125219,-0.069184,0.800676,0.737911,-0.666386,0.037596,-0.100012
0.583233,-0.178516,-0.167635,0.774513,0.581842,-0.125479,-0.069113,0.800586,0.737742,-0.666554,0.037609,-0.100135
0.583296,-0.178743,-0.167604,0.774419,0.581912,-0.125748,-0.069013,0.800501,0.737617,-0.66667,0.037598,-0.100288
0.583337,-0.179027,-0.167528,0.774339,0.582027,-0.12597,-0.068852,0.800397,0.737466,-0.666821,0.037594,-0.100402
0.583422,-0.179324,-0.167369,0.774241,0.582093,-0.126164,-0.068671,0.800334,0.737321,-0.666952,0.037562,-0.100612
0.58355,-0.179607,-0.167224,0.774111,0.582166,-0.126456,-0.068478,0.800252,0.737141,-0.667118,0.03737,-0.100896
0.583624,-0.179834,-0.167141,0.77402,0.582249,-0.126706,-0.068363,0.800162,0.736883,-0.667365,0.037285,-0.101181
0.583674,-0.180122,-0.167158,0.773911,0.582376,-0.126954,-0.068282,0.800037,0.736683,-0.667568,0.037262,-0.101307
0.583776,-0.180438,-0.167062,0.773782,0.582473,-0.127263,-0.068196,0.799924,0.736516,-0.667734,0.03719,-0.101453
0.58387,-0.180662,-0.16698,0.773676,0.582591,-0.127536,-0.068092,0.799803,0.736419,-0.66782,0.037008,-0.101658
0.583926,-0.180906,-0.166989,0.773574,0.582742,-0.12778,-0.068032,0.799659,0.736311,-0.667916,0.036873,-0.101858
0.583997,-0.181106,-0.166961,0.77348,0.582852,-0.128014,-0.06798,0.799547,0.73622,-0.66799,0.036885,-0.102025
0.584116,-0.181236,-0.166925,0.773368,0.58293,-0.128234,-0.067952,0.799457,0.73613,-0.668075,0.036877,-0.102124
0.584277,-0.181344,-0.166921,0.773222,0.583055,-0.128383,-0.068038,0.799335,0.736055,-0.668129,0.036912,-0.102291
0.584388,-0.181384,-0.166958,0.773121,0.583205,-0.128511,-0.068144,0.799195,0.736013,-0.668145,0.036929,-0.102491
0.584454,-0.181484,-0.167102,0.773016,0.583306,-0.12868,-0.068347,0.799077,0.736066,-0.668065,0.036884,-0.102643
0.584554,-0.181615,-0.167214,0.772886,0.583449,-0.128838,-0.068526,0.798932,0.736136,-0.667967,0.036967,-0.102755
0.584676,-0.181693,-0.167386,0.772738,0.583596,-0.128864,-0.068618,0.798812,0.736219,-0.667851,0.037144,-0.102848
0.584759,-0.181751,-0.167507,0.772635,0.583763,-0.128721,-0.068364,0.798735,0.736286,-0.667739,0.037398,-0.102999
0.584753,-0.182048,-0.167458,0.77258,0.583657,-0.128746,-0.067928,0.798846,0.736313,-0.667674,0.037606,-0.103156
0.584841,-0.181785,-0.167291,0.772612,0.583779,-0.128754,-0.06777,0.798769,0.736283,-0.667685,0.037776,-0.103238
0.584964,-0.181709,-0.167075,0.772583,0.583862,-0.128883,-0.067608,0.798701,0.736258,-0.667697,0.037909,-0.103285
0.585044,-0.181722,-0.166788,0.772582,0.584,-0.128828,-0.067169,0.798646,0.736243,-0.667706,0.038001,-0.103297
0.585157,-0.181914,-0.166475,0.772519,0.584021,-0.129037,-0.066517,0.798651,0.736218,-0.667718,0.038088,-0.10337
0.585304,-0.181992,-0.166128,0.772464,0.584108,-0.129385,-0.066014,0.798574,0.736109,-0.66782,0.038163,-0.103461
