-0.509295,0.043279,-0.152491,-0.84689,-0.384285,0.05589,0.008124,-0.920863,0.321067,0.059516,-0.459089,-0.831112
-0.50926,0.043706,-0.152334,-0.846914,-0.384365,0.056242,0.008083,-0.920807,0.321039,0.059565,-0.459238,-0.831038
-0.509165,0.044088,-0.152192,-0.846973,-0.384442,0.056922,0.007844,-0.920733,0.321039,0.059583,-0.459338,-0.830982
-0.509098,0.044406,-0.152076,-0.847014,-0.384424,0.057793,0.007464,-0.920686,0.321055,0.059627,-0.459374,-0.830953
-0.509044,0.04459,-0.152058,-0.847039,-0.38435,0.058914,0.007172,-0.920643,0.321054,0.059622,-0.459404,-0.830938
-0.50897,0.044579,-0.1521,-0.847078,-0.384175,0.060121,0.006831,-0.920635,0.321058,0.059595,-0.45935,-0.830968
-0.508902,0.044474,-0.152092,-0.847126,-0.383783,0.061366,0.006304,-0.920716,0.321067,0.059499,-0.459225,-0.83104
-0.508823,0.04441,-0.151982,-0.847195,-0.383305,0.062264,0.005626,-0.920859,0.321086,0.059476,-0.459065,-0.831121
-0.508727,0.044332,-0.151779,-0.847292,-0.382854,0.062598,0.00507,-0.92103,0.321137,0.059531,-0.458879,-0.831198
-0.508612,0.044459,-0.151489,-0.847403,-0.382479,0.062338,0.004842,-0.921209,0.32116,0.059561,-0.458797,-0.831231
-0.508418,0.044668,-0.151093,-0.847574,-0.382245,0.061568,0.004861,-0.921364,0.321195,0.059648,-0.458792,-0.831214
-0.508093,0.044815,-0.150951,-0.847785,-0.381998,0.060522,0.005081,-0.92154,0.321158,0.059875,-0.458838,-0.831185
-0.507781,0.044858,-0.151009,-0.847959,-0.381798,0.059237,0.005551,-0.921708,0.321212,0.060152,-0.458997,-0.831055
-0.507497,0.044897,-0.15137,-0.848067,-0.38166,0.057839,0.00628,-0.921852,0.321337,0.060506,-0.459271,-0.830829
-0.507239,0.044883,-0.151816,-0.848146,-0.38162,0.05659,0.007283,-0.921938,0.321438,0.060879,-0.459597,-0.830581
-0.507003,0.044907,-0.152243,-0.848214,-0.381566,0.05558,0.008161,-0.922012,0.321575,0.061253,-0.45997,-0.830294
-0.506799,0.044984,-0.152468,-0.848293,-0.381453,0.055061,0.008752,-0.922083,0.321776,0.061504,-0.460269,-0.830032
-0.506564,0.045103,-0.152549,-0.848412,-0.381348,0.055121,0.009098,-0.922115,0.321959,0.061716,-0.460492,-0.829822
-0.506355,0.045287,-0.152428,-0.848547,-0.38129,0.055681,0.009187,-0.9221,0.322117,0.06187,-0.460685,-0.829642
-0.506117,0.045592,-0.152146,-0.848719,-0.381295,0.056403,0.00916,-0.922049,0.322227,0.061917,-0.460734,-0.829568
-0.505958,0.045846,-0.152035,-0.848818,-0.381294,0.057324,0.009011,-0.921989,0.322312,0.06188,-0.460695,-0.82956
-0.505829,0.045932,-0.152073,-0.848882,-0.3812,0.058313,0.008684,-0.921965,0.3223,0.061807,-0.460636,-0.829602
-0.505809,0.045821,-0.152228,-0.848875,-0.380996,0.059355,0.008233,-0.921984,0.322281,0.061708,-0.46054,-0.82967
-0.505827,0.045596,-0.152438,-0.848843,-0.380726,0.060499,0.007642,-0.922024,0.322326,0.061643,-0.460364,-0.829754
-0.505821,0.045389,-0.152528,-0.848844,-0.380344,0.061429,0.006819,-0.922127,0.322367,0.061552,-0.460119,-0.829879
-0.50581,0.045306,-0.152565,-0.848849,-0.37997,0.06204,0.006018,-0.92225,0.32249,0.061388,-0.459876,-0.829978
-0.505884,0.045369,-0.152614,-0.848792,-0.379759,0.06212,0.005572,-0.922338,0.322498,0.061233,-0.4598,-0.83003
-0.505943,0.045588,-0.152515,-0.84876,-0.379721,0.061724,0.005519,-0.922384,0.322501,0.0612,-0.459801,-0.83003
-0.505885,0.045803,-0.152339,-0.848812,-0.379774,0.061158,0.005702,-0.922401,0.322502,0.061279,-0.45981,-0.830019
-0.505842,0.045852,-0.152323,-0.848837,-0.379886,0.060466,0.006053,-0.922399,0.322436,0.061476,-0.459854,-0.830004
-0.50588,0.045805,-0.152429,-0.8488,-0.380106,0.059702,0.006437,-0.922358,0.322335,0.061596,-0.459931,-0.829991
-0.505934,0.045704,-0.152655,-0.848735,-0.380405,0.059016,0.006928,-0.922276,0.322229,0.061689,-0.460034,-0.829969
-0.506012,0.045589,-0.152902,-0.848653,-0.380762,0.058429,0.007486,-0.92216,0.322127,0.061783,-0.46023,-0.829894
-0.506135,0.045542,-0.153065,-0.848554,-0.381093,0.058095,0.007844,-0.92204,0.322046,0.061827,-0.460419,-0.829818
-0.506217,0.045583,-0.153024,-0.84851,-0.381415,0.057994,0.008044,-0.921911,0.322005,0.061901,-0.460567,-0.829746
-0.50625,0.045641,-0.152883,-0.848511,-0.38172,0.058204,0.008038,-0.92177,0.321939,0.061901,-0.460688,-0.829706
-0.506279,0.045691,-0.152692,-0.848524,-0.382066,0.058645,0.007961,-0.921597,0.321862,0.061858,-0.460722,-0.829721
-0.50633,0.045641,-0.152631,-0.848506,-0.382282,0.059262,0.007739,-0.921468,0.321727,0.061749,-0.460696,-0.829797
-0.506391,0.045525,-0.152625,-0.848478,-0.382425,0.060002,0.007469,-0.921361,0.321605,0.061544,-0.460577,-0.829926
-0.506502,0.045293,-0.152741,-0.848405,-0.382449,0.060858,0.007159,-0.921293,0.321434,0.061417,-0.460466,-0.830064
-0.506627,0.044987,-0.152855,-0.848329,-0.382264,0.061603,0.006727,-0.921323,0.321306,0.061319,-0.460367,-0.830177
-0.506805,0.044783,-0.152995,-0.848211,-0.382072,0.062144,0.00616,-0.921372,0.321179,0.061194,-0.46024,-0.830305
-0.507025,0.044627,-0.153073,-0.848076,-0.381876,0.062432,0.005529,-0.921442,0.321045,0.06105,-0.460124,-0.830432
-0.50723,0.044631,-0.152954,-0.847973,-0.381829,0.062391,0.004895,-0.921474,0.320824,0.061015,-0.460037,-0.830568
-0.507305,0.044736,-0.152813,-0.847947,-0.381893,0.06211,0.004371,-0.921476,0.320637,0.061012,-0.459977,-0.830673
-0.507282,0.044835,-0.15276,-0.847963,-0.381964,0.061742,0.004035,-0.92148,0.320477,0.06105,-0.459969,-0.830736
-0.507291,0.04483,-0.152806,-0.847951,-0.382012,0.061401,0.004058,-0.921484,0.320309,0.061123,-0.460091,-0.830728
-0.507384,0.044874,-0.152968,-0.847863,-0.382102,0.06106,0.004398,-0.921468,0.320172,0.061247,-0.460171,-0.830728
-0.507457,0.04504,-0.152993,-0.847806,-0.382275,0.060733,0.004987,-0.921411,0.320017,0.061399,-0.460344,-0.830681
-0.507519,0.045285,-0.1528,-0.847787,-0.382492,0.060409,0.005761,-0.921332,0.319886,0.061559,-0.460445,-0.830663
-0.507548,0.045596,-0.152371,-0.847824,-0.382714,0.060247,0.006456,-0.92124,0.319717,0.061691,-0.460587,-0.830639
-0.507609,0.045906,-0.151898,-0.847849,-0.382912,0.06035,0.006925,-0.921143,0.31957,0.061776,-0.460617,-0.830673
-0.507643,0.046117,-0.151451,-0.847891,-0.38315,0.060616,0.007047,-0.921022,0.319391,0.061743,-0.460568,-0.830771
-0.507712,0.046177,-0.151217,-0.847886,-0.383367,0.060978,0.006863,-0.920909,0.319285,0.061727,-0.460498,-0.830852
-0.507845,0.04609,-0.151207,-0.847813,-0.383579,0.061342,0.006436,-0.920801,0.319172,0.06162,-0.460394,-0.830961
-0.507954,0.045921,-0.151488,-0.847711,-0.383691,0.06177,0.005973,-0.92073,0.319109,0.06157,-0.46029,-0.831046
-0.508126,0.045703,-0.1519,-0.84755,-0.38369,0.062272,0.005579,-0.9207,0.319072,0.061511,-0.460246,-0.831089
-0.508275,0.045481,-0.152202,-0.847423,-0.383609,0.062788,0.005283,-0.920699,0.318961,0.061507,-0.460209,-0.831153
-0.508298,0.045355,-0.152428,-0.847379,-0.383423,0.063143,0.005017,-0.920754,0.318993,0.061444,-0.460085,-0.831213
-0.508278,0.04537,-0.152497,-0.847377,-0.383125,0.063146,0.004821,-0.920881,0.318991,0.061399,-0.459971,-0.831279
-0.50827,0.045594,-0.152317,-0.8474,-0.382876,0.062788,0.004814,-0.92101,0.318948,0.061433,-0.45994,-0.83131
-0.508118,0.0459,-0.151966,-0.847532,-0.382584,0.062212,0.00498,-0.921173,0.318882,0.061508,-0.459902,-0.83135
-0.507847,0.046171,-0.151515,-0.847755,-0.382238,0.061539,0.005213,-0.921363,0.318884,0.061613,-0.459961,-0.831308
-0.50755,0.046368,-0.151221,-0.847971,-0.381896,0.060915,0.005635,-0.921544,0.31894,0.061846,-0.460079,-0.831202
-0.507288,0.046503,-0.151138,-0.848133,-0.38164,0.060223,0.006235,-0.92169,0.319055,0.062066,-0.460292,-0.831024
-0.507016,0.046606,-0.151195,-0.84828,-0.381452,0.059371,0.006986,-0.921817,0.319209,0.062294,-0.460537,-0.830812
-0.506696,0.04662,-0.151344,-0.848446,-0.38127,0.058449,0.007761,-0.921944,0.319287,0.062495,-0.460763,-0.830642
-0.506399,0.046575,-0.151437,-0.84861,-0.381153,0.057582,0.008603,-0.922037,0.31941,0.062651,-0.46092,-0.830495
-0.506062,0.04661,-0.151478,-0.848803,-0.380986,0.056985,0.00938,-0.922132,0.319511,0.062785,-0.461036,-0.830382
-0.505743,0.046616,-0.151415,-0.849003,-0.380833,0.056689,0.009912,-0.922205,0.319579,0.062932,-0.46107,-0.830324
-0.50538,0.046559,-0.151238,-0.849254,-0.380661,0.056694,0.010286,-0.922268,0.319664,0.063043,-0.461021,-0.83031
-0.505065,0.046483,-0.151075,-0.849474,-0.380476,0.056918,0.010472,-0.922324,0.319791,0.063154,-0.460942,-0.830294
-0.504783,0.046422,-0.150997,-0.849659,-0.380345,0.057272,0.010444,-0.922354,0.319872,0.06321,-0.460814,-0.830328
-0.50451,0.046265,-0.150982,-0.849833,-0.380155,0.057756,0.01024,-0.922403,0.319985,0.063214,-0.460719,-0.830336
-0.504271,0.046071,-0.151048,-0.849975,-0.379863,0.058426,0.009792,-0.922485,0.32006,0.063205,-0.460667,-0.830336
-0.504114,0.045876,-0.151206,-0.850054,-0.379489,0.059178,0.00903,-0.922602,0.320153,0.063212,-0.460643,-0.830312
-0.503977,0.045768,-0.15141,-0.850108,-0.379166,0.059883,0.007986,-0.922703,0.320241,0.063128,-0.460667,-0.830273
-0.50385,0.045772,-0.15165,-0.850143,-0.378769,0.060414,0.007031,-0.922845,0.320315,0.063006,-0.460781,-0.830191
-0.503795,0.045947,-0.151938,-0.850116,-0.378364,0.060785,0.006423,-0.922995,0.320336,0.062919,-0.46096,-0.830093
-0.503758,0.046186,-0.152047,-0.850104,-0.378056,0.06091,0.006176,-0.923116,0.32032,0.062911,-0.461208,-0.829965
-0.503649,0.046491,-0.152166,-0.85013,-0.377883,0.06079,0.00617,-0.923196,0.320296,0.062979,-0.461418,-0.829854
-0.503488,0.046758,-0.152292,-0.850188,-0.377846,0.06049,0.006471,-0.923227,0.320243,0.063149,-0.46169,-0.82971
-0.503346,0.046995,-0.152438,-0.850233,-0.377803,0.059926,0.006986,-0.923277,0.320208,0.063406,-0.461926,-0.829573
-0.503213,0.047177,-0.152482,-0.850292,-0.377906,0.059258,0.007734,-0.923269,0.320095,0.063644,-0.46215,-0.829473
-0.503069,0.047401,-0.152386,-0.850381,-0.37804,0.058724,0.008442,-0.923239,0.319946,0.063889,-0.462393,-0.829376
-0.502986,0.04761,-0.151989,-0.850484,-0.378243,0.058395,0.009082,-0.923167,0.319802,0.064157,-0.462575,-0.82931
-0.502973,0.047877,-0.151594,-0.850542,-0.378514,0.058407,0.009554,-0.923046,0.319634,0.064382,-0.46265,-0.829314
-0.50302,0.048084,-0.151242,-0.85056,-0.378745,0.058769,0.009892,-0.922918,0.319497,0.06452,-0.462564,-0.829401
-0.503122,0.048169,-0.151048,-0.850527,-0.379042,0.059276,0.010015,-0.922758,0.319345,0.064535,-0.462355,-0.829574
-0.503257,0.048221,-0.150864,-0.850474,-0.379306,0.059872,0.009961,-0.922608,0.319224,0.064533,-0.462096,-0.829763
-0.503419,0.048154,-0.150734,-0.850404,-0.379575,0.060527,0.009643,-0.922457,0.319107,0.064444,-0.461853,-0.829949
-0.5036,0.047983,-0.150612,-0.850328,-0.379713,0.061134,0.009169,-0.922365,0.319007,0.064363,-0.461631,-0.830116
-0.503736,0.047763,-0.150541,-0.850273,-0.379755,0.061724,0.008639,-0.922315,0.318911,0.064323,-0.461364,-0.830301
-0.503843,0.047593,-0.150494,-0.850228,-0.379628,0.062183,0.008177,-0.922342,0.318846,0.064286,-0.461138,-0.830454
-0.503961,0.047498,-0.150353,-0.850188,-0.379397,0.062365,0.007969,-0.922427,0.318787,0.064277,-0.460891,-0.830612
-0.504112,0.047556,-0.150101,-0.850137,-0.379205,0.062225,0.008187,-0.922512,0.318738,0.064206,-0.460706,-0.830737
-0.504117,0.04778,-0.149754,-0.850178,-0.378961,0.061863,0.00857,-0.922632,0.318729,0.064202,-0.460603,-0.830798
-0.504057,0.047981,-0.149433,-0.850255,-0.378806,0.061332,0.008933,-0.922728,0.318743,0.064262,-0.4606,-0.830789
-0.503937,0.048141,-0.149065,-0.850376,-0.378737,0.060626,0.009334,-0.9228,0.318757,0.064439,-0.460663,-0.830733
-0.503788,0.048157,-0.148978,-0.850479,-0.37889,0.059717,0.009863,-0.922792,0.318683,0.064656,-0.460791,-0.830674
-0.503704,0.048089,-0.149061,-0.850519,-0.379167,0.058663,0.010578,-0.922738,0.318644,0.064901,-0.460856,-0.830632
-0.503663,0.047989,-0.149271,-0.850515,-0.379514,0.057637,0.011408,-0.922649,0.318515,0.065079,-0.460888,-0.830648
-0.503648,0.047832,-0.149364,-0.850518,-0.379864,0.056737,0.012246,-0.922549,0.318385,0.06518,-0.460929,-0.830668
-0.50367,0.047633,-0.149255,-0.850536,-0.38016,0.056114,0.01307,-0.922451,0.318318,0.065266,-0.460839,-0.830734
-0.503683,0.047529,-0.14904,-0.85057,-0.380408,0.055962,0.0137,-0.922343,0.318228,0.065343,-0.46069,-0.830843
-0.503636,0.047451,-0.148802,-0.850642,-0.380559,0.056178,0.014075,-0.922257,0.318196,0.065418,-0.460504,-0.830951
-0.503631,0.04728,-0.148528,-0.850701,-0.380668,0.056719,0.01408,-0.922175,0.318158,0.065354,-0.460332,-0.831064
-0.503696,0.047128,-0.148256,-0.850717,-0.380753,0.057452,0.013845,-0.922095,0.318135,0.065266,-0.460089,-0.831213
-0.503649,0.04691,-0.148073,-0.850789,-0.380754,0.058288,0.013443,-0.922046,0.318131,0.06512,-0.459797,-0.831387
-0.503624,0.04667,-0.148,-0.850831,-0.380683,0.059138,0.012973,-0.922026,0.318092,0.064881,-0.459541,-0.831562
-0.503632,0.046415,-0.148116,-0.850823,-0.380421,0.059902,0.01269,-0.922087,0.318049,0.064618,-0.45932,-0.831721
-0.503652,0.046267,-0.148266,-0.850795,-0.379968,0.060644,0.01237,-0.922226,0.318038,0.06441,-0.45916,-0.83183
-0.503688,0.046323,-0.148298,-0.850765,-0.379504,0.061254,0.011944,-0.922382,0.317994,0.064262,-0.45908,-0.831904
-0.503642,0.046742,-0.148153,-0.85079,-0.379049,0.061575,0.011577,-0.922554,0.318022,0.064244,-0.45916,-0.831851
-0.50349,0.047323,-0.147979,-0.850872,-0.378706,0.061514,0.011238,-0.922706,0.318025,0.064278,-0.459428,-0.831701
-0.503206,0.047899,-0.147834,-0.851029,-0.378367,0.061116,0.010982,-0.92288,0.318049,0.064416,-0.459848,-0.831451
-0.502878,0.048487,-0.148013,-0.851156,-0.378151,0.060507,0.010851,-0.923016,0.31811,0.06464,-0.460349,-0.831136
-0.502641,0.048939,-0.148423,-0.8512,-0.377957,0.059802,0.010741,-0.923149,0.318146,0.064942,-0.460965,-0.83076
-0.502402,0.0493,-0.148965,-0.851228,-0.377842,0.059236,0.010753,-0.923236,0.318221,0.065313,-0.461553,-0.830377
-0.502203,0.049697,-0.149527,-0.851227,-0.377767,0.058864,0.010843,-0.923292,0.318289,0.065645,-0.462124,-0.830009
-0.502066,0.050021,-0.150033,-0.851201,-0.377738,0.058805,0.010904,-0.923307,0.318381,0.065934,-0.462649,-0.829661
-0.501933,0.050357,-0.150334,-0.851208,-0.377765,0.05904,0.010925,-0.923278,0.318417,0.066222,-0.463083,-0.829383
-0.501816,0.050745,-0.150421,-0.851237,-0.377844,0.059491,0.01088,-0.923215,0.318397,0.066419,-0.463423,-0.829187
-0.501712,0.05113,-0.150305,-0.851292,-0.377934,0.060177,0.010879,-0.923128,0.318365,0.066562,-0.463599,-0.829088
-0.501659,0.051567,-0.150112,-0.851326,-0.378025,0.060966,0.010766,-0.923036,0.318301,0.066637,-0.463673,-0.829066
-0.501706,0.051886,-0.149959,-0.851303,-0.378082,0.061869,0.010514,-0.922951,0.318221,0.06663,-0.463673,-0.829098
-0.501748,0.052116,-0.149859,-0.851278,-0.378164,0.062821,0.01025,-0.922852,0.318129,0.066569,-0.463701,-0.829123
-0.501811,0.052217,-0.149846,-0.851237,-0.378145,0.063782,0.009936,-0.922794,0.318008,0.06654,-0.463622,-0.829216
-0.501882,0.052211,-0.149862,-0.851192,-0.377998,0.064607,0.009697,-0.922795,0.317915,0.066563,-0.46345,-0.829343
-0.501918,0.052199,-0.149783,-0.851184,-0.377797,0.065151,0.009583,-0.922838,0.31782,0.066571,-0.463308,-0.829458
-0.50198,0.052128,-0.149623,-0.85118,-0.377569,0.065151,0.009485,-0.922933,0.317747,0.066571,-0.463123,-0.829587
-0.502,0.052204,-0.14947,-0.851189,-0.377426,0.064656,0.009642,-0.923026,0.317679,0.066548,-0.463005,-0.82968
-0.501971,0.052269,-0.149247,-0.851238,-0.377373,0.063871,0.009956,-0.923102,0.317592,0.066514,-0.46286,-0.829797
-0.501802,0.052335,-0.148955,-0.851381,-0.377254,0.062816,0.010347,-0.923222,0.317516,0.06654,-0.462811,-0.829851
-0.501609,0.05238,-0.148783,-0.851521,-0.377151,0.06172,0.010767,-0.923338,0.317496,0.066626,-0.462771,-0.829872
-0.501362,0.052373,-0.148808,-0.851662,-0.377151,0.06066,0.011376,-0.923402,0.317512,0.066772,-0.462779,-0.829848
-0.501106,0.052244,-0.148884,-0.851809,-0.377133,0.059804,0.012062,-0.923457,0.317478,0.066949,-0.462888,-0.829786
-0.500926,0.052014,-0.148906,-0.851928,-0.37718,0.059186,0.012741,-0.923465,0.317398,0.067198,-0.46304,-0.82971
-0.500789,0.051865,-0.148832,-0.852031,-0.377198,0.058916,0.013164,-0.923467,0.317338,0.067436,-0.463202,-0.829623
-0.500691,0.051725,-0.148736,-0.852114,-0.377284,0.05892,0.013314,-0.923429,0.317321,0.067603,-0.463249,-0.829589
-0.500609,0.051616,-0.148575,-0.852196,-0.377426,0.059065,0.013281,-0.923361,0.317306,0.067722,-0.463201,-0.82961
-0.500486,0.051442,-0.14846,-0.852299,-0.377608,0.05954,0.013085,-0.923257,0.317236,0.067727,-0.463169,-0.829654
-0.500476,0.051261,-0.148416,-0.852324,-0.377801,0.060204,0.012688,-0.923139,0.317163,0.067652,-0.463027,-0.829767
-0.500499,0.050998,-0.148383,-0.852334,-0.377974,0.061018,0.012215,-0.923021,0.317126,0.067564,-0.462812,-0.829906
-0.50055,0.05074,-0.148467,-0.852307,-0.377985,0.061919,0.011728,-0.92296,0.317129,0.067393,-0.462551,-0.830064
-0.500704,0.050453,-0.148703,-0.852197,-0.377748,0.062887,0.011287,-0.922996,0.317081,0.067185,-0.462265,-0.830258
-0.500894,0.050376,-0.14882,-0.852071,-0.377454,0.063785,0.010875,-0.923056,0.317021,0.066962,-0.462074,-0.830406
-0.501066,0.050386,-0.148831,-0.851968,-0.377186,0.064492,0.010587,-0.923117,0.316958,0.06668,-0.461893,-0.830554
-0.501141,0.050642,-0.148592,-0.851946,-0.37687,0.06484,0.010385,-0.923224,0.316935,0.066449,-0.461816,-0.830625
-0.501159,0.051111,-0.148303,-0.851951,-0.376648,0.064752,0.010333,-0.923322,0.316911,0.06633,-0.461859,-0.830623
-0.50104,0.051649,-0.148088,-0.852021,-0.376487,0.064193,0.010409,-0.923429,0.316878,0.066353,-0.461994,-0.830558
-0.500839,0.052082,-0.147991,-0.852125,-0.376346,0.063223,0.010675,-0.923555,0.316836,0.066532,-0.462204,-0.830444
-0.500617,0.052381,-0.148109,-0.852217,-0.376258,0.062037,0.011149,-0.923669,0.316794,0.066731,-0.46253,-0.830263
-0.500439,0.052644,-0.14832,-0.852268,-0.376215,0.060829,0.011769,-0.923762,0.316744,0.066997,-0.462875,-0.830068
-0.500296,0.052899,-0.148451,-0.852313,-0.376245,0.059876,0.012379,-0.923805,0.3167,0.067272,-0.463268,-0.829846
-0.500208,0.053038,-0.148618,-0.852328,-0.376264,0.059284,0.012799,-0.923831,0.316716,0.067537,-0.463575,-0.829647
-0.50015,0.053163,-0.148773,-0.852327,-0.376283,0.059069,0.013133,-0.92383,0.316702,0.067736,-0.463789,-0.829516
-0.500097,0.053239,-0.148789,-0.852351,-0.376285,0.059286,0.01326,-0.92381,0.316722,0.067816,-0.463887,-0.829448
-0.50001,0.053295,-0.148669,-0.852418,-0.376242,0.059755,0.013199,-0.923796,0.31677,0.067835,-0.46382,-0.829465
-0.499915,0.053351,-0.148476,-0.852501,-0.376193,0.060369,0.013099,-0.923774,0.316773,0.067793,-0.463661,-0.829555
-0.49977,0.053319,-0.148291,-0.852619,-0.376184,0.06121,0.013069,-0.923717,0.316724,0.067705,-0.463429,-0.829709
-0.499666,0.053186,-0.148116,-0.852719,-0.376111,0.062098,0.012965,-0.923683,0.316698,0.06768,-0.463229,-0.829831
-0.499576,0.053022,-0.14794,-0.852811,-0.375888,0.063028,0.012819,-0.923708,0.316675,0.067654,-0.462973,-0.829983
-0.499542,0.052795,-0.147832,-0.852865,-0.375535,0.063808,0.012707,-0.923794,0.316684,0.06773,-0.462627,-0.830162
-0.499433,0.052621,-0.14768,-0.852966,-0.375085,0.064167,0.0126,-0.923952,0.316699,0.067842,-0.46235,-0.830297
-0.499334,0.052411,-0.14763,-0.853046,-0.37466,0.064081,0.012595,-0.924131,0.31668,0.067949,-0.462041,-0.830465
-0.499223,0.052383,-0.147325,-0.853163,-0.374338,0.063479,0.01287,-0.924301,0.316664,0.068001,-0.461836,-0.830578
-0.499054,0.052487,-0.146972,-0.853313,-0.374132,0.062594,0.013243,-0.924442,0.316691,0.068066,-0.461666,-0.830655
-0.498798,0.052523,-0.146661,-0.853511,-0.373979,0.061554,0.013671,-0.92457,0.31668,0.068183,-0.461602,-0.830684
-0.498589,0.052578,-0.14643,-0.853667,-0.37388,0.060453,0.014274,-0.924676,0.316688,0.068334,-0.461588,-0.830675
-0.498407,0.052613,-0.146442,-0.85377,-0.373919,0.059443,0.01491,-0.924716,0.31663,0.068502,-0.461733,-0.830601
-0.498238,0.052546,-0.146613,-0.853845,-0.374062,0.058634,0.015523,-0.9247,0.316586,0.06864,-0.461874,-0.830529
-0.498104,0.052537,-0.146792,-0.853895,-0.374269,0.05803,0.016085,-0.924644,0.316569,0.068724,-0.462032,-0.830441
-0.498073,0.052648,-0.146773,-0.853909,-0.374477,0.057705,0.016582,-0.924569,0.31654,0.068758,-0.462166,-0.830375
-0.498072,0.052741,-0.146815,-0.853896,-0.374622,0.057663,0.016972,-0.924502,0.316558,0.068749,-0.462187,-0.830358
-0.498055,0.05287,-0.146756,-0.853907,-0.374752,0.05794,0.017091,-0.924427,0.316556,0.068682,-0.462217,-0.830349
-0.498024,0.05295,-0.146614,-0.853942,-0.37492,0.058463,0.016896,-0.924327,0.31657,0.068589,-0.462196,-0.830363
-0.498028,0.053024,-0.146548,-0.853945,-0.375128,0.059191,0.016459,-0.924203,0.316574,0.068473,-0.462164,-0.83039
-0.498057,0.053032,-0.146437,-0.853946,-0.375327,0.060047,0.015992,-0.924074,0.316602,0.068359,-0.462086,-0.830432
-0.498102,0.052987,-0.146509,-0.85391,-0.375435,0.060999,0.01554,-0.923974,0.316593,0.068202,-0.461948,-0.830526
-0.498282,0.052782,-0.14669,-0.85379,-0.375403,0.061908,0.015221,-0.923928,0.316562,0.068047,-0.461876,-0.830592
-0.498469,0.052615,-0.146842,-0.853668,-0.375169,0.062745,0.015129,-0.923963,0.316488,0.06792,-0.461825,-0.830659
-0.498602,0.052551,-0.146902,-0.853585,-0.374831,0.063232,0.015095,-0.924063,0.316365,0.067851,-0.461733,-0.830763
-0.498759,0.052717,-0.146649,-0.853522,-0.374543,0.06327,0.015231,-0.924174,0.316279,0.067792,-0.461614,-0.830866
-0.498797,0.053078,-0.146158,-0.853555,-0.374367,0.062858,0.015398,-0.924272,0.316191,0.067733,-0.461587,-0.83092
-0.498732,0.053432,-0.145566,-0.853665,-0.374302,0.062061,0.015661,-0.92435,0.316129,0.067712,-0.461594,-0.830941
-0.49856,0.053691,-0.145105,-0.853821,-0.374365,0.061034,0.015955,-0.924393,0.316052,0.067711,-0.461707,-0.830909
-0.498437,0.053733,-0.144957,-0.853914,-0.374541,0.05978,0.016394,-0.924401,0.315956,0.06778,-0.461822,-0.830876
-0.498357,0.053675,-0.145187,-0.853927,-0.374768,0.058574,0.017012,-0.924377,0.315895,0.067893,-0.461904,-0.830844
-0.498313,0.053486,-0.145494,-0.853917,-0.375016,0.057507,0.017689,-0.924333,0.315832,0.068049,-0.462045,-0.830777
-0.498321,0.053219,-0.145666,-0.853904,-0.375268,0.056689,0.018368,-0.924267,0.315816,0.06816,-0.462103,-0.830741
-0.498315,0.053126,-0.145651,-0.853916,-0.375534,0.056164,0.018787,-0.924182,0.315825,0.068238,-0.462143,-0.830708
-0.498202,0.053161,-0.145485,-0.854006,-0.375794,0.055991,0.018886,-0.924085,0.315853,0.068236,-0.462137,-0.830701
-0.498045,0.053202,-0.145221,-0.854137,-0.375914,0.056134,0.018807,-0.92403,0.315914,0.068138,-0.462075,-0.830721
-0.497864,0.053206,-0.145074,-0.854267,-0.375994,0.056566,0.018518,-0.923976,0.315999,0.06799,-0.461946,-0.830773
-0.497724,0.053154,-0.144988,-0.854364,-0.376096,0.057222,0.018214,-0.923898,0.316107,0.067861,-0.461818,-0.830814
-0.497655,0.053058,-0.145021,-0.854406,-0.376139,0.058039,0.01786,-0.923834,0.316229,0.067708,-0.461702,-0.830845
-0.497611,0.052886,-0.145136,-0.854426,-0.376126,0.058935,0.017479,-0.923788,0.31635,0.067516,-0.461561,-0.830893
-0.497634,0.052671,-0.145337,-0.854395,-0.376068,0.059849,0.016935,-0.923761,0.316398,0.067377,-0.461505,-0.830917
-0.497667,0.052487,-0.145503,-0.854362,-0.375794,0.060659,0.016372,-0.923829,0.316451,0.067198,-0.461425,-0.830957
-0.497692,0.052461,-0.145636,-0.854327,-0.375289,0.061216,0.016114,-0.924001,0.31655,0.067092,-0.461358,-0.830966
-0.497726,0.05255,-0.145633,-0.854302,-0.374795,0.061419,0.016238,-0.924183,0.316547,0.066916,-0.461333,-0.830996
-0.497723,0.052854,-0.145331,-0.854332,-0.374387,0.061291,0.016623,-0.924347,0.316545,0.066711,-0.461302,-0.831032
-0.497513,0.053226,-0.144758,-0.85452,-0.374009,0.060798,0.017128,-0.924521,0.316566,0.066578,-0.461257,-0.83106
-0.497168,0.05358,-0.14428,-0.854773,-0.373685,0.06009,0.01767,-0.924688,0.316597,0.0665,-0.461271,-0.831048
-0.496778,0.053876,-0.144002,-0.855024,-0.373365,0.059256,0.018265,-0.924859,0.316713,0.066565,-0.461322,-0.83097
-0.496389,0.054095,-0.14399,-0.855237,-0.37304,0.058452,0.018825,-0.925031,0.316747,0.066782,-0.461541,-0.830818
-0.496093,0.054142,-0.144147,-0.855381,-0.372771,0.057687,0.019203,-0.925181,0.316823,0.067066,-0.461932,-0.83055
-0.495853,0.054007,-0.144424,-0.855485,-0.372615,0.057127,0.019335,-0.925278,0.316913,0.067332,-0.462297,-0.830291
-0.495677,0.053771,-0.144708,-0.855558,-0.372488,0.056785,0.01917,-0.925358,0.317014,0.06759,-0.462547,-0.830092
-0.4955,0.053514,-0.144914,-0.855646,-0.372422,0.056762,0.018906,-0.925395,0.317165,0.067728,-0.462651,-0.829965
-0.495295,0.053327,-0.145105,-0.855748,-0.372404,0.057034,0.018583,-0.925393,0.317268,0.067825,-0.462709,-0.829884
-0.495167,0.053234,-0.145274,-0.855801,-0.372395,0.057449,0.018327,-0.925375,0.317357,0.067812,-0.462647,-0.829886
-0.495072,0.0532,-0.145328,-0.85585,-0.372424,0.058219,0.018108,-0.925316,0.317413,0.067707,-0.462521,-0.829944
-0.495044,0.053116,-0.145321,-0.855873,-0.372498,0.05913,0.01786,-0.92523,0.317414,0.067586,-0.462348,-0.830049
-0.49511,0.053106,-0.145181,-0.855858,-0.372596,0.060127,0.017562,-0.925128,0.317398,0.067443,-0.462178,-0.830161
-0.495158,0.053115,-0.145035,-0.855852,-0.372557,0.061065,0.017204,-0.925085,0.317381,0.067244,-0.462081,-0.830238
-0.49528,0.053173,-0.145003,-0.855783,-0.37242,0.061739,0.016987,-0.925097,0.317303,0.067005,-0.462008,-0.83033
-0.495352,0.053164,-0.145032,-0.855738,-0.372316,0.062122,0.016983,-0.92511,0.317227,0.066792,-0.462029,-0.830367
-0.495429,0.053194,-0.145088,-0.855682,-0.372163,0.062209,0.017083,-0.925162,0.317123,0.066641,-0.462015,-0.830427
-0.495538,0.053246,-0.144968,-0.855635,-0.372069,0.062013,0.017304,-0.925207,0.317008,0.066504,-0.462019,-0.830482
-0.495686,0.053451,-0.144787,-0.855562,-0.371997,0.0615,0.017606,-0.925267,0.316969,0.066441,-0.462078,-0.83047
-0.495711,0.053708,-0.144683,-0.855547,-0.371927,0.06063,0.018042,-0.925346,0.316897,0.066439,-0.46218,-0.830443
-0.495587,0.053847,-0.144662,-0.855613,-0.371865,0.059652,0.018541,-0.925426,0.31686,0.066465,-0.462348,-0.830361
-0.495484,0.053969,-0.144521,-0.855686,-0.37187,0.058661,0.019017,-0.92548,0.316792,0.066495,-0.46251,-0.830296
-0.495414,0.054081,-0.144471,-0.855727,-0.37192,0.057796,0.019417,-0.925509,0.316695,0.066559,-0.462593,-0.830281
-0.495353,0.0541,-0.144367,-0.855777,-0.371949,0.057147,0.019685,-0.925534,0.316646,0.066601,-0.462607,-0.830288
-0.495278,0.054042,-0.144357,-0.855827,-0.371997,0.056923,0.019843,-0.925525,0.316574,0.066618,-0.462583,-0.830328
-0.495257,0.053911,-0.14432,-0.855855,-0.372024,0.056918,0.020015,-0.925509,0.316563,0.066642,-0.462578,-0.830333
-0.495219,0.053785,-0.144253,-0.855896,-0.372014,0.057126,0.020206,-0.925492,0.316603,0.066745,-0.462511,-0.830345
-0.495183,0.053713,-0.144101,-0.855946,-0.372097,0.057574,0.020365,-0.925423,0.316636,0.066829,-0.462388,-0.830393
-0.49517,0.053609,-0.143966,-0.855982,-0.37218,0.058201,0.020351,-0.925347,0.316655,0.066883,-0.462219,-0.830474
-0.495197,0.053624,-0.143763,-0.855998,-0.372303,0.058961,0.020096,-0.925251,0.316585,0.066928,-0.462042,-0.830593
-0.495251,0.053621,-0.143595,-0.855993,-0.372338,0.059867,0.019773,-0.925183,0.316576,0.066995,-0.46187,-0.830685
-0.495401,0.053649,-0.143518,-0.855916,-0.372305,0.060807,0.019357,-0.925141,0.316562,0.067063,-0.461735,-0.830757
-0.495621,0.053734,-0.143538,-0.85578,-0.372217,0.061636,0.018817,-0.925132,0.316541,0.067157,-0.461647,-0.830805
-0.4958,0.05387,-0.143529,-0.855668,-0.372144,0.062179,0.018227,-0.925139,0.316516,0.067227,-0.46157,-0.83085
-0.495924,0.054211,-0.143432,-0.855587,-0.3721,0.062353,0.017693,-0.925159,0.316362,0.067275,-0.461511,-0.830937
-0.496059,0.054676,-0.143336,-0.855491,-0.372077,0.062154,0.01743,-0.925191,0.316242,0.067377,-0.461563,-0.830946
-0.496058,0.055156,-0.143276,-0.855467,-0.372029,0.061708,0.017479,-0.925242,0.316159,0.067587,-0.461665,-0.830902
-0.49597,0.055641,-0.143195,-0.855496,-0.371897,0.061193,0.017783,-0.925324,0.316164,0.067811,-0.461904,-0.830749
-0.495887,0.056015,-0.143229,-0.855511,-0.371712,0.060756,0.018248,-0.925416,0.31613,0.068136,-0.462089,-0.830632
-0.495686,0.056369,-0.143226,-0.855602,-0.371466,0.060434,0.018648,-0.925527,0.316069,0.068477,-0.46229,-0.830513
-0.495467,0.056724,-0.143147,-0.855716,-0.37126,0.060268,0.018938,-0.925612,0.315955,0.068836,-0.46248,-0.83042
-0.495214,0.057011,-0.142946,-0.855874,-0.371051,0.060288,0.019261,-0.925685,0.315977,0.069165,-0.462592,-0.830319
-0.494986,0.057216,-0.142698,-0.85603,-0.370846,0.060433,0.019547,-0.925748,0.315988,0.069476,-0.462646,-0.830256
-0.494798,0.05737,-0.142353,-0.856182,-0.370699,0.060755,0.019823,-0.925774,0.316023,0.069604,-0.462605,-0.830254
-0.49464,0.057419,-0.142159,-0.856299,-0.370615,0.061142,0.019934,-0.925776,0.31612,0.069646,-0.462458,-0.830294
-0.494469,0.057368,-0.142105,-0.85641,-0.370575,0.061636,0.019833,-0.925759,0.316222,0.069561,-0.462262,-0.83037
-0.494361,0.057224,-0.142086,-0.856487,-0.370553,0.06226,0.019415,-0.925734,0.31637,0.069477,-0.462076,-0.830424
-0.494289,0.057015,-0.142104,-0.856541,-0.370534,0.062986,0.018783,-0.925707,0.31648,0.069386,-0.461915,-0.830478
-0.49425,0.056786,-0.142209,-0.856565,-0.370345,0.063608,0.018199,-0.925753,0.316533,0.069235,-0.461782,-0.830545
-0.494226,0.056526,-0.142462,-0.856557,-0.370089,0.063896,0.017638,-0.92585,0.316604,0.06907,-0.461719,-0.830568
-0.494188,0.056364,-0.142721,-0.856551,-0.36987,0.063806,0.01734,-0.925953,0.316623,0.068888,-0.461659,-0.83061
-0.49418,0.056236,-0.142873,-0.85654,-0.369682,0.063282,0.01723,-0.92607,0.316737,0.068753,-0.461629,-0.830594
-0.494097,0.056219,-0.142832,-0.856596,-0.369611,0.06246,0.01729,-0.926159,0.316814,0.068623,-0.461681,-0.830549
-0.49397,0.05624,-0.142859,-0.856663,-0.369552,0.061401,0.017519,-0.926254,0.316862,0.068535,-0.461816,-0.830464
-0.493817,0.056262,-0.142939,-0.856738,-0.369525,0.060221,0.017918,-0.926339,0.316887,0.068486,-0.462009,-0.830354
-0.493682,0.056231,-0.143158,-0.856783,-0.369524,0.059078,0.018411,-0.926407,0.316858,0.068515,-0.462231,-0.830241
-0.493647,0.056168,-0.143412,-0.856769,-0.369591,0.058199,0.018896,-0.926428,0.316845,0.068528,-0.462403,-0.83015
-0.493631,0.056129,-0.143617,-0.856747,-0.369715,0.057651,0.019202,-0.926407,0.316855,0.068488,-0.462604,-0.83004
-0.493617,0.056151,-0.143723,-0.856738,-0.369839,0.057405,0.019287,-0.926372,0.316887,0.068433,-0.462746,-0.829955
-0.493667,0.056284,-0.143755,-0.856694,-0.369972,0.057417,0.019177,-0.926322,0.316889,0.06832,-0.462936,-0.829861
-0.493664,0.056432,-0.14379,-0.856679,-0.370126,0.057699,0.018974,-0.926246,0.316893,0.068122,-0.463094,-0.82979
-0.493623,0.056507,-0.143856,-0.856687,-0.370257,0.058104,0.018714,-0.926175,0.316909,0.067902,-0.463264,-0.82971
-0.493616,0.056548,-0.143992,-0.856667,-0.370439,0.058823,0.018369,-0.926061,0.31696,0.067645,-0.463359,-0.829663
-0.493653,0.056501,-0.144081,-0.856635,-0.370619,0.059836,0.01808,-0.925926,0.316986,0.067319,-0.463377,-0.829672
-0.493754,0.05647,-0.144112,-0.856574,-0.37075,0.060933,0.017949,-0.925798,0.317037,0.067,-0.46333,-0.829707
-0.493848,0.056391,-0.144066,-0.856532,-0.370731,0.062009,0.017774,-0.925731,0.31703,0.066652,-0.463258,-0.82978
-0.493974,0.056226,-0.144034,-0.856477,-0.370596,0.062965,0.017662,-0.925717,0.316965,0.066312,-0.463131,-0.829906
-0.494081,0.056131,-0.143877,-0.856447,-0.37026,0.063566,0.01765,-0.925805,0.31695,0.066003,-0.462992,-0.830015
-0.494109,0.056084,-0.143553,-0.856485,-0.369998,0.063767,0.017646,-0.925895,0.316921,0.065685,-0.462838,-0.830139
-0.494096,0.056043,-0.143109,-0.856565,-0.369731,0.063734,0.017721,-0.926002,0.31687,0.065417,-0.462746,-0.830233
-0.494055,0.056138,-0.142508,-0.856677,-0.369544,0.063487,0.017885,-0.926091,0.316771,0.0652,-0.462737,-0.830295
-0.494051,0.056256,-0.142167,-0.856725,-0.369399,0.063007,0.018201,-0.926176,0.316686,0.065092,-0.462741,-0.830334
-0.494037,0.056352,-0.142023,-0.856748,-0.369288,0.062256,0.018582,-0.926264,0.316613,0.065118,-0.462838,-0.830306
-0.493979,0.056351,-0.142185,-0.856756,-0.369251,0.061258,0.018957,-0.926341,0.316517,0.065146,-0.463025,-0.830238
-0.49392,0.056264,-0.14244,-0.856757,-0.369278,0.060172,0.019383,-0.926397,0.316412,0.065268,-0.463271,-0.830132
-0.493849,0.056229,-0.142678,-0.856763,-0.369375,0.05916,0.019747,-0.92642,0.316303,0.065417,-0.463523,-0.830023
-0.493686,0.056172,-0.142827,-0.856838,-0.369448,0.058363,0.019936,-0.926441,0.316235,0.065577,-0.46376,-0.829905
-0.493542,0.056091,-0.142923,-0.856911,-0.369451,0.058033,0.020261,-0.926452,0.31619,0.065767,-0.463894,-0.829831
-0.493414,0.056043,-0.142946,-0.856984,-0.369368,0.058112,0.020482,-0.926473,0.316221,0.065932,-0.463984,-0.829754
-0.493308,0.056039,-0.142913,-0.857052,-0.3693,0.058463,0.02054,-0.926473,0.316247,0.066053,-0.464009,-0.829721
-0.493215,0.056111,-0.142784,-0.857121,-0.369272,0.059055,0.0205,-0.926444,0.316326,0.066031,-0.463935,-0.829733
-0.493116,0.056177,-0.142635,-0.857197,-0.369336,0.059738,0.020446,-0.926371,0.316375,0.065998,-0.463829,-0.829775
-0.493067,0.056217,-0.142572,-0.857231,-0.369419,0.060529,0.020366,-0.926283,0.316391,0.06596,-0.463723,-0.829831
-0.493026,0.056211,-0.14246,-0.857273,-0.369326,0.061297,0.020097,-0.926274,0.316404,0.065892,-0.463629,-0.829884
-0.493056,0.056133,-0.142432,-0.857266,-0.369192,0.062057,0.019722,-0.926283,0.316446,0.065856,-0.463488,-0.829949
-0.493113,0.056114,-0.14245,-0.857231,-0.368934,0.06269,0.019228,-0.926353,0.316436,0.065819,-0.463379,-0.830015
-0.493124,0.056179,-0.14236,-0.857233,-0.368635,0.063017,0.018807,-0.926461,0.316374,0.065827,-0.463292,-0.830086
-0.493181,0.056353,-0.142126,-0.857226,-0.368397,0.06284,0.018655,-0.926573,0.316326,0.065857,-0.463193,-0.830156
-0.49321,0.056658,-0.141914,-0.857219,-0.368318,0.062139,0.018738,-0.926655,0.31626,0.065854,-0.463145,-0.830209
-0.493136,0.056829,-0.141833,-0.857263,-0.36826,0.061019,0.018875,-0.926755,0.316213,0.065848,-0.463181,-0.830206
-0.493023,0.056817,-0.141981,-0.857305,-0.368314,0.059719,0.019083,-0.926822,0.31617,0.06597,-0.46333,-0.83013
-0.492893,0.056739,-0.142183,-0.857354,-0.368349,0.058401,0.01947,-0.92689,0.316113,0.066173,-0.463482,-0.830051
-0.492824,0.056662,-0.142434,-0.85736,-0.368487,0.057229,0.019885,-0.926904,0.316099,0.066417,-0.463586,-0.829977
-0.492754,0.056506,-0.142673,-0.857374,-0.368552,0.056448,0.020286,-0.926919,0.316101,0.066639,-0.463672,-0.829909
-0.492685,0.0564,-0.142661,-0.857424,-0.368591,0.056002,0.02058,-0.926925,0.316131,0.066764,-0.463671,-0.829887
-0.492547,0.056422,-0.142473,-0.857531,-0.368608,0.055812,0.020906,-0.92692,0.316167,0.066872,-0.463573,-0.829918
-0.492337,0.056474,-0.14213,-0.857702,-0.368613,0.055908,0.021158,-0.926903,0.316215,0.066911,-0.46341,-0.829985
-0.492174,0.056555,-0.141756,-0.857848,-0.368579,0.056238,0.021388,-0.926887,0.316249,0.066896,-0.463273,-0.830049
-0.492047,0.056673,-0.141401,-0.857968,-0.368517,0.056837,0.021547,-0.926865,0.316322,0.066881,-0.463131,-0.8301
-0.491903,0.056688,-0.14105,-0.858103,-0.36843,0.057686,0.021659,-0.926837,0.316391,0.066797,-0.462938,-0.830188
-0.491769,0.056805,-0.140703,-0.858225,-0.368264,0.058765,0.021792,-0.926823,0.316454,0.066715,-0.462745,-0.830277
-0.491685,0.056896,-0.140408,-0.858313,-0.368043,0.059988,0.021825,-0.926823,0.316592,0.066611,-0.462586,-0.83032
-0.491626,0.056952,-0.140166,-0.85838,-0.367764,0.061036,0.021726,-0.926859,0.316679,0.066489,-0.462495,-0.830348
-0.491508,0.05707,-0.14021,-0.858432,-0.367471,0.061767,0.021507,-0.92693,0.316689,0.066383,-0.462474,-0.830365
-0.491432,0.057155,-0.140305,-0.858455,-0.367304,0.06196,0.0214,-0.926985,0.316716,0.066353,-0.462581,-0.830299
-0.491429,0.057196,-0.140452,-0.858431,-0.367177,0.06169,0.021216,-0.927061,0.31676,0.066397,-0.462783,-0.830167
-0.491472,0.057208,-0.140612,-0.858381,-0.367181,0.060973,0.021089,-0.927117,0.316719,0.066491,-0.46305,-0.830028
-0.491511,0.057233,-0.140835,-0.858322,-0.367236,0.059836,0.020985,-0.92718,0.316704,0.066505,-0.463275,-0.829909
-0.491486,0.057309,-0.141069,-0.858294,-0.367295,0.058521,0.020926,-0.927253,0.316685,0.066523,-0.463494,-0.829795
-0.491394,0.057285,-0.14142,-0.858295,-0.36737,0.057307,0.021058,-0.927303,0.316652,0.066512,-0.463662,-0.829715
-0.49126,0.057249,-0.141692,-0.858332,-0.367442,0.056335,0.021339,-0.927333,0.316646,0.066555,-0.463862,-0.829604
-0.491186,0.057122,-0.141866,-0.858356,-0.367474,0.055724,0.021534,-0.927355,0.316677,0.066569,-0.463945,-0.829545
-0.4912,0.057014,-0.141943,-0.858344,-0.367548,0.055372,0.021693,-0.927344,0.316672,0.066574,-0.463999,-0.829517
-0.491122,0.05698,-0.141872,-0.858402,-0.367611,0.05537,0.021915,-0.927312,0.316652,0.066465,-0.464017,-0.829525
-0.49106,0.056881,-0.141673,-0.858477,-0.367619,0.055589,0.022104,-0.927288,0.316585,0.066354,-0.463949,-0.829597
-0.491043,0.056851,-0.141375,-0.858535,-0.367588,0.056005,0.022171,-0.927269,0.316532,0.066224,-0.463757,-0.829735
-0.491001,0.056831,-0.141151,-0.858595,-0.36754,0.056745,0.022184,-0.927237,0.316533,0.066112,-0.463522,-0.829874
-0.490933,0.056874,-0.140911,-0.858668,-0.367511,0.057676,0.022048,-0.927189,0.316608,0.065971,-0.4633,-0.82998
-0.490871,0.056831,-0.140814,-0.858722,-0.367434,0.058705,0.021823,-0.927155,0.316708,0.065786,-0.463147,-0.830042
-0.490804,0.056906,-0.140776,-0.85876,-0.367346,0.059828,0.021512,-0.92712,0.316795,0.065595,-0.463012,-0.8301
-0.490721,0.056881,-0.140893,-0.858791,-0.36719,0.060819,0.020945,-0.927129,0.31681,0.065416,-0.463091,-0.830067
-0.4907,0.05693,-0.141145,-0.858761,-0.36693,0.061566,0.020274,-0.927199,0.316861,0.065263,-0.463251,-0.829973
-0.490728,0.056964,-0.141461,-0.858693,-0.366643,0.06187,0.019599,-0.927311,0.316911,0.065179,-0.463487,-0.829831
-0.49078,0.057019,-0.141811,-0.858605,-0.366442,0.061782,0.018971,-0.927416,0.316971,0.065131,-0.463759,-0.829663
-0.490811,0.057144,-0.142173,-0.858521,-0.366393,0.061329,0.01848,-0.927483,0.317001,0.065108,-0.464127,-0.82945
-0.490747,0.057249,-0.142458,-0.858506,-0.366369,0.060606,0.01822,-0.927553,0.31701,0.065088,-0.464541,-0.829221
-0.490639,0.057344,-0.142765,-0.858513,-0.366356,0.05969,0.018281,-0.927623,0.317028,0.065117,-0.464896,-0.829016
-0.490603,0.057438,-0.143159,-0.858465,-0.36636,0.058762,0.018554,-0.927679,0.316984,0.065169,-0.46523,-0.828843
-0.490564,0.057504,-0.14351,-0.858427,-0.366427,0.05791,0.019033,-0.927698,0.316939,0.0652,-0.465483,-0.828718
-0.490542,0.057476,-0.143799,-0.858396,-0.366499,0.057253,0.019467,-0.927702,0.316935,0.065203,-0.465675,-0.828613
-0.490554,0.057526,-0.143846,-0.858377,-0.366631,0.056849,0.019695,-0.927671,0.316877,0.065244,-0.465793,-0.828567
-0.490583,0.057545,-0.143752,-0.858375,-0.366837,0.056668,0.019686,-0.927602,0.316884,0.065262,-0.465822,-0.828547
-0.490593,0.057501,-0.14366,-0.858386,-0.367062,0.056576,0.019659,-0.927521,0.316875,0.065215,-0.465708,-0.828617
-0.490577,0.057475,-0.14357,-0.858412,-0.367199,0.056653,0.019762,-0.927458,0.316846,0.065148,-0.465559,-0.828717
-0.490595,0.057342,-0.143626,-0.858402,-0.367295,0.056936,0.019896,-0.927396,0.316823,0.065017,-0.465368,-0.828842
-0.490625,0.057216,-0.143661,-0.858389,-0.367351,0.057329,0.020073,-0.927341,0.316878,0.064881,-0.465105,-0.828978
-0.490638,0.057111,-0.143565,-0.858404,-0.367384,0.057839,0.020213,-0.927288,0.316918,0.064648,-0.464812,-0.829146
-0.490655,0.057125,-0.143423,-0.858417,-0.367345,0.058386,0.020313,-0.927262,0.316911,0.064527,-0.464571,-0.829291
-0.4906,0.057093,-0.143205,-0.858484,-0.367196,0.058825,0.020249,-0.927292,0.316875,0.06443,-0.464347,-0.829437
-0.490554,0.057103,-0.143006,-0.858541,-0.366982,0.059089,0.020142,-0.927361,0.316854,0.064387,-0.464184,-0.829539
-0.490518,0.057095,-0.142836,-0.85859,-0.366784,0.05918,0.02004,-0.927436,0.316828,0.064382,-0.464079,-0.829607
-0.490496,0.057087,-0.142655,-0.858632,-0.366633,0.05906,0.019915,-0.927509,0.316862,0.06438,-0.464056,-0.829606
-0.490524,0.057173,-0.142555,-0.858624,-0.366514,0.058715,0.019623,-0.927589,0.316858,0.064482,-0.4641,-0.829575
-0.490617,0.057248,-0.142587,-0.85856,-0.366476,0.058237,0.019521,-0.927641,0.316874,0.064613,-0.46422,-0.829492
-0.490619,0.057253,-0.142687,-0.858543,-0.366439,0.057557,0.019513,-0.927704,0.316888,0.064736,-0.464373,-0.829391
-0.490577,0.057263,-0.142951,-0.858524,-0.366496,0.056777,0.019584,-0.927732,0.316885,0.06484,-0.464628,-0.829242
-0.490591,0.057244,-0.143281,-0.858466,-0.36654,0.056114,0.019843,-0.927752,0.316899,0.064922,-0.464821,-0.829124
-0.490553,0.057292,-0.143548,-0.858443,-0.366615,0.055492,0.020291,-0.92775,0.316843,0.065036,-0.465052,-0.829008
-0.490475,0.057356,-0.14364,-0.858468,-0.366662,0.05497,0.020607,-0.927757,0.316826,0.065153,-0.465166,-0.82894
-0.490392,0.057425,-0.143617,-0.858514,-0.366706,0.054717,0.02069,-0.927753,0.316806,0.065245,-0.46527,-0.828883
-0.490288,0.057516,-0.143451,-0.858593,-0.366745,0.054744,0.020831,-0.927732,0.316828,0.065314,-0.465287,-0.828859
-0.490195,0.057621,-0.143276,-0.858666,-0.366749,0.055004,0.02106,-0.927706,0.3168,0.065316,-0.465287,-0.82887
-0.490067,0.057823,-0.143053,-0.858759,-0.366763,0.055349,0.021269,-0.92767,0.316784,0.065322,-0.465241,-0.828901
-0.490005,0.057889,-0.143069,-0.858788,-0.366814,0.055763,0.021362,-0.927619,0.316707,0.065282,-0.465232,-0.828939
-0.489933,0.057826,-0.143143,-0.858822,-0.366857,0.056251,0.021313,-0.927571,0.316729,0.065223,-0.465217,-0.828944
-0.48991,0.057691,-0.143257,-0.858827,-0.366834,0.056699,0.021099,-0.927556,0.316801,0.065203,-0.465166,-0.828946
-0.489898,0.057543,-0.143366,-0.858827,-0.366757,0.057201,0.020704,-0.927565,0.316814,0.06516,-0.465097,-0.828982
-0.489868,0.057339,-0.143332,-0.858865,-0.366586,0.057681,0.020104,-0.927618,0.316875,0.065109,-0.465029,-0.829001
-0.489826,0.057147,-0.143223,-0.85892,-0.366366,0.058044,0.019481,-0.927699,0.316894,0.065059,-0.464992,-0.829019
-0.489855,0.057235,-0.143031,-0.858927,-0.366201,0.058044,0.01909,-0.927776,0.316918,0.064971,-0.464972,-0.829029
-0.489909,0.057404,-0.142825,-0.858916,-0.366156,0.057672,0.018965,-0.927823,0.316926,0.064892,-0.464946,-0.829046
-0.489805,0.057497,-0.142614,-0.859002,-0.366231,0.057086,0.018805,-0.927839,0.316854,0.064846,-0.464986,-0.829056
-0.489767,0.057509,-0.142538,-0.859035,-0.366323,0.056328,0.018675,-0.927859,0.316783,0.064851,-0.465039,-0.829054
-0.489832,0.057383,-0.142682,-0.858984,-0.366515,0.055317,0.018805,-0.927848,0.316701,0.064985,-0.465097,-0.829042
-0.489962,0.057284,-0.142908,-0.858882,-0.366727,0.054309,0.019167,-0.92782,0.316598,0.06518,-0.465148,-0.829036
-0.490051,0.057159,-0.143134,-0.858805,-0.367063,0.053428,0.019712,-0.927728,0.316535,0.065304,-0.465199,-0.829021
-0.490156,0.057196,-0.143131,-0.858743,-0.367288,0.052754,0.020139,-0.927669,0.316456,0.065376,-0.465216,-0.829036
-0.49019,0.057403,-0.142987,-0.85873,-0.367506,0.052457,0.020518,-0.92759,0.316344,0.065456,-0.465162,-0.829102
-0.490208,0.05765,-0.14284,-0.858726,-0.367631,0.05254,0.020818,-0.927525,0.316275,0.065536,-0.465094,-0.829157
-0.490167,0.057964,-0.142693,-0.858748,-0.367726,0.052965,0.020926,-0.927457,0.316253,0.06553,-0.465022,-0.829207
-0.490107,0.058209,-0.142594,-0.85878,-0.367716,0.053707,0.020958,-0.927411,0.316294,0.065547,-0.465012,-0.829195
-0.490078,0.058423,-0.142619,-0.858777,-0.367656,0.054621,0.020902,-0.927377,0.316368,0.06555,-0.465031,-0.829156
-0.490002,0.058617,-0.142712,-0.85879,-0.367535,0.05565,0.020687,-0.927364,0.316444,0.065618,-0.465103,-0.829081
-0.489896,0.05878,-0.14273,-0.858836,-0.367393,0.056828,0.020401,-0.927349,0.316508,0.065635,-0.465211,-0.828995
-0.489762,0.05887,-0.142792,-0.858896,-0.367096,0.058123,0.019918,-0.927392,0.31658,0.065662,-0.46538,-0.828872
-0.489622,0.059008,-0.142913,-0.858946,-0.366691,0.059348,0.019357,-0.927483,0.316657,0.065673,-0.465517,-0.828766
-0.489556,0.059179,-0.143035,-0.858952,-0.366171,0.060243,0.018874,-0.927639,0.316717,0.065693,-0.465594,-0.828699
-0.489419,0.05929,-0.143117,-0.859008,-0.365715,0.060497,0.018478,-0.927812,0.316801,0.065632,-0.46568,-0.828625
-0.48933,0.059482,-0.143102,-0.859047,-0.365532,0.060053,0.018268,-0.927922,0.31685,0.065624,-0.46576,-0.828563
-0.489183,0.059615,-0.143039,-0.859131,-0.365474,0.059076,0.01836,-0.928012,0.316935,0.0656,-0.465911,-0.828448
-0.489009,0.059617,-0.142979,-0.859239,-0.365482,0.057735,0.018629,-0.928094,0.31692,0.065703,-0.466113,-0.828333
-0.488925,0.059533,-0.143011,-0.859288,-0.365486,0.056418,0.019001,-0.928173,0.316878,0.065835,-0.466257,-0.828257
-0.48886,0.0593,-0.143215,-0.859312,-0.365528,0.055269,0.019404,-0.928222,0.316809,0.065951,-0.466387,-0.828202
-0.48883,0.058967,-0.143465,-0.859314,-0.365603,0.054432,0.019678,-0.928239,0.316784,0.066006,-0.4664,-0.8282
-0.488828,0.058635,-0.143633,-0.859314,-0.36571,0.053959,0.019985,-0.928218,0.316749,0.065901,-0.466355,-0.828246
-0.488816,0.058375,-0.143625,-0.859342,-0.365827,0.053739,0.020242,-0.928178,0.316773,0.065724,-0.46622,-0.828328
-0.488786,0.058212,-0.143504,-0.85939,-0.365876,0.053709,0.020442,-0.928155,0.316832,0.065509,-0.466016,-0.828438
-0.488645,0.058089,-0.14328,-0.859515,-0.36586,0.053874,0.020742,-0.928141,0.316925,0.065306,-0.465773,-0.828554
-0.488559,0.057909,-0.143049,-0.859614,-0.365839,0.054262,0.020992,-0.928116,0.317041,0.065133,-0.465504,-0.828674
-0.488491,0.057791,-0.142749,-0.859707,-0.365915,0.054821,0.021142,-0.928044,0.317129,0.06499,-0.465271,-0.828781
-0.488451,0.057625,-0.14254,-0.859776,-0.365889,0.05557,0.021206,-0.928002,0.317241,0.064894,-0.464998,-0.828897
-0.488424,0.057448,-0.142341,-0.859836,-0.365828,0.056506,0.021116,-0.927965,0.317308,0.064818,-0.464729,-0.829027
-0.488411,0.057337,-0.142115,-0.859887,-0.365595,0.05749,0.021059,-0.927991,0.317295,0.064729,-0.464488,-0.829173
-0.488437,0.057201,-0.141995,-0.8599,-0.365295,0.05838,0.021029,-0.928048,0.317348,0.064668,-0.464231,-0.829299
-0.488488,0.057166,-0.141833,-0.859898,-0.364979,0.059103,0.021003,-0.928122,0.317375,0.06454,-0.464014,-0.829419
-0.488475,0.057237,-0.141589,-0.859939,-0.364722,0.059407,0.020971,-0.928203,0.317436,0.064467,-0.463923,-0.829453
-0.488453,0.057517,-0.141332,-0.859971,-0.364598,0.059307,0.021018,-0.928257,0.317493,0.064458,-0.463973,-0.829403
-0.488382,0.057882,-0.141019,-0.860033,-0.364617,0.058913,0.021119,-0.928273,0.31754,0.064621,-0.464131,-0.829284
-0.488289,0.05821,-0.140839,-0.860089,-0.36466,0.058301,0.021277,-0.928295,0.31758,0.064814,-0.464385,-0.829112
-0.488196,0.05834,-0.140898,-0.860123,-0.364742,0.057626,0.021475,-0.928302,0.317575,0.065025,-0.464696,-0.828924
-0.488223,0.058364,-0.141206,-0.860058,-0.364933,0.057056,0.02169,-0.92826,0.317562,0.065226,-0.464956,-0.828768
-0.488286,0.0583,-0.141641,-0.85996,-0.365068,0.056685,0.021638,-0.928235,0.317527,0.065398,-0.465168,-0.828649
-0.488383,0.058216,-0.142032,-0.85985,-0.365273,0.056607,0.021343,-0.92817,0.317533,0.065545,-0.465309,-0.828556
-0.488472,0.058183,-0.14223,-0.859771,-0.365453,0.056674,0.021134,-0.9281,0.317493,0.065729,-0.465317,-0.828551
-0.488521,0.058179,-0.142235,-0.859743,-0.365703,0.056854,0.021085,-0.927992,0.317453,0.065823,-0.46526,-0.82859
-0.488603,0.058119,-0.142311,-0.859689,-0.365946,0.057163,0.021086,-0.927875,0.317463,0.0659,-0.465145,-0.828642
-0.488736,0.058089,-0.142274,-0.859621,-0.366075,0.057773,0.021103,-0.927781,0.317463,0.065945,-0.465008,-0.828715
-0.488915,0.058112,-0.142125,-0.85954,-0.36619,0.058651,0.02104,-0.927676,0.317414,0.065961,-0.464832,-0.828829
-0.489053,0.05819,-0.141985,-0.859478,-0.36629,0.059688,0.020867,-0.927569,0.317388,0.065976,-0.464642,-0.828942
-0.489187,0.058315,-0.141811,-0.859419,-0.366285,0.060709,0.020663,-0.927503,0.317375,0.065979,-0.464538,-0.829004
-0.489295,0.058489,-0.141674,-0.859366,-0.366173,0.06156,0.020349,-0.927496,0.317306,0.065998,-0.464443,-0.829082
-0.48939,0.058638,-0.141643,-0.859306,-0.365982,0.062086,0.019863,-0.927547,0.317201,0.065971,-0.464307,-0.829198
-0.489436,0.05885,-0.141565,-0.859275,-0.365929,0.062183,0.019289,-0.927579,0.317181,0.06594,-0.464153,-0.829294
-0.489497,0.059191,-0.14145,-0.859232,-0.365976,0.062031,0.018865,-0.927584,0.317141,0.065991,-0.464178,-0.829291
-0.489571,0.059554,-0.141348,-0.859178,-0.366142,0.061591,0.01866,-0.927558,0.317153,0.066147,-0.464322,-0.829194
-0.489632,0.059805,-0.141398,-0.859117,-0.366294,0.060961,0.018678,-0.927543,0.317122,0.066443,-0.464635,-0.829006
-0.489756,0.059885,-0.141652,-0.859,-0.366512,0.060429,0.018879,-0.927491,0.317046,0.066807,-0.464914,-0.828848
-0.489951,0.059763,-0.142019,-0.858841,-0.366723,0.059961,0.019213,-0.92743,0.31687,0.067106,-0.465182,-0.828741
-0.490076,0.059671,-0.142305,-0.858731,-0.366899,0.05969,0.019625,-0.927368,0.316713,0.067371,-0.465336,-0.828693
-0.490161,0.059676,-0.142363,-0.858674,-0.36708,0.059583,0.019967,-0.927293,0.316595,0.067502,-0.465374,-0.828704
-0.490202,0.059789,-0.142155,-0.858674,-0.367237,0.0597,0.020201,-0.927215,0.316514,0.067517,-0.465287,-0.828783
-0.49017,0.060034,-0.141815,-0.858727,-0.367335,0.060059,0.020357,-0.927146,0.316417,0.06742,-0.465119,-0.828921
-0.490111,0.060169,-0.14154,-0.858792,-0.367383,0.060497,0.020414,-0.927093,0.316403,0.067317,-0.464967,-0.829019
-0.490174,0.060245,-0.141307,-0.858787,-0.367452,0.061009,0.020367,-0.92703,0.316388,0.067327,-0.464908,-0.829058
-0.490209,0.060246,-0.141231,-0.858779,-0.367559,0.061586,0.020181,-0.926951,0.316422,0.067352,-0.464965,-0.82901
-0.490247,0.060169,-0.141366,-0.858742,-0.367666,0.062159,0.019911,-0.926875,0.316452,0.067446,-0.465144,-0.828891
-0.490314,0.060071,-0.141668,-0.858664,-0.367729,0.062776,0.019583,-0.926814,0.316469,0.067577,-0.465295,-0.828791
-0.490434,0.059944,-0.141958,-0.85856,-0.367721,0.063292,0.019094,-0.926793,0.316513,0.067713,-0.465388,-0.828709
-0.490512,0.059893,-0.142334,-0.85846,-0.367688,0.063723,0.018476,-0.926793,0.316528,0.067809,-0.465444,-0.828664
-0.490574,0.059906,-0.142645,-0.858376,-0.367628,0.064061,0.017905,-0.926807,0.316581,0.067874,-0.465526,-0.828593
-0.490579,0.060101,-0.142693,-0.85835,-0.367569,0.06419,0.017428,-0.926835,0.316617,0.06787,-0.465625,-0.828524
-0.490559,0.060386,-0.142688,-0.858341,-0.367558,0.064161,0.01708,-0.926852,0.316593,0.067893,-0.465712,-0.828483
-0.49047,0.060666,-0.142675,-0.858371,-0.367501,0.06404,0.017023,-0.926885,0.316572,0.06794,-0.46578,-0.828449
-0.490411,0.060976,-0.142734,-0.858372,-0.367486,0.063932,0.017145,-0.926895,0.31656,0.068008,-0.465932,-0.828364
-0.490357,0.061162,-0.142881,-0.858365,-0.367424,0.0637,0.017492,-0.926928,0.316543,0.068109,-0.466159,-0.828235
-0.490324,0.061403,-0.14295,-0.858355,-0.367434,0.063409,0.017952,-0.926933,0.316488,0.068199,-0.466424,-0.828102
-0.490248,0.061601,-0.143071,-0.858364,-0.367488,0.063093,0.018327,-0.926924,0.31643,0.068322,-0.466666,-0.827978
-0.490248,0.061786,-0.14312,-0.858341,-0.367587,0.062872,0.018642,-0.926892,0.316471,0.068442,-0.46689,-0.827827
-0.490284,0.061959,-0.143041,-0.858319,-0.367806,0.062701,0.018784,-0.926814,0.316431,0.068585,-0.467084,-0.827721
-0.490374,0.06202,-0.143065,-0.858259,-0.367981,0.062716,0.018672,-0.926747,0.316403,0.068619,-0.467143,-0.827696
-0.490472,0.061942,-0.143188,-0.85819,-0.368226,0.062828,0.01848,-0.926647,0.316379,0.068623,-0.467101,-0.827728
-0.490623,0.061852,-0.143308,-0.858091,-0.368427,0.062966,0.018457,-0.926558,0.316334,0.068539,-0.466956,-0.827834
-0.490811,0.06169,-0.143445,-0.857975,-0.36859,0.063195,0.018493,-0.926475,0.316268,0.068399,-0.466712,-0.828007
-0.491002,0.06149,-0.143516,-0.857871,-0.368742,0.063488,0.018424,-0.926394,0.316266,0.068245,-0.466436,-0.828175
-0.491162,0.061306,-0.143406,-0.85781,-0.368831,0.063861,0.01836,-0.926332,0.316182,0.068166,-0.466261,-0.828311
-0.491258,0.061103,-0.143292,-0.857789,-0.368874,0.064269,0.01831,-0.926285,0.31611,0.068138,-0.466072,-0.828447
-0.491259,0.060958,-0.143129,-0.857826,-0.36878,0.064679,0.018294,-0.926291,0.316083,0.068122,-0.465868,-0.828571
-0.491305,0.060931,-0.142995,-0.857823,-0.368646,0.064959,0.018293,-0.926323,0.316067,0.06812,-0.465701,-0.82867
-0.491304,0.060882,-0.142772,-0.857861,-0.368471,0.065051,0.018316,-0.926385,0.316068,0.068129,-0.465599,-0.828724
-0.49133,0.060902,-0.142537,-0.857882,-0.368375,0.06498,0.018378,-0.926426,0.316021,0.068126,-0.465591,-0.828747
-0.491292,0.061045,-0.142344,-0.857923,-0.368247,0.064725,0.018432,-0.926496,0.315947,0.068133,-0.465576,-0.828784
-0.491217,0.061193,-0.142208,-0.857976,-0.368216,0.064249,0.018496,-0.926543,0.315904,0.068178,-0.465614,-0.828775
-0.491247,0.061314,-0.142177,-0.857954,-0.368212,0.06354,0.018746,-0.926591,0.315878,0.06823,-0.465678,-0.828745
-0.491315,0.06145,-0.142196,-0.857901,-0.368284,0.062502,0.019161,-0.926628,0.315784,0.068303,-0.465847,-0.82868
-0.491337,0.061511,-0.142286,-0.85787,-0.368388,0.061467,0.019859,-0.926642,0.315659,0.068402,-0.465985,-0.828642
-0.491469,0.061488,-0.142367,-0.857783,-0.368586,0.060583,0.020446,-0.926609,0.315501,0.068494,-0.466058,-0.828654
-0.491592,0.061479,-0.142303,-0.857723,-0.368728,0.060155,0.020812,-0.926572,0.315353,0.06858,-0.466076,-0.828693
-0.491621,0.061426,-0.142101,-0.857743,-0.368823,0.060054,0.020959,-0.926536,0.315232,0.068586,-0.466032,-0.828762
-0.491632,0.061419,-0.14181,-0.857782,-0.368926,0.060265,0.021101,-0.926476,0.315119,0.068513,-0.465912,-0.828879
-0.491623,0.061455,-0.141506,-0.857832,-0.368892,0.060636,0.021257,-0.926457,0.31504,0.068393,-0.465705,-0.829034
-0.491583,0.06153,-0.14127,-0.857885,-0.368885,0.061059,0.021365,-0.926425,0.314962,0.068223,-0.465502,-0.829192
-0.491507,0.061519,-0.141043,-0.857965,-0.36885,0.061545,0.021452,-0.926401,0.314928,0.06811,-0.465303,-0.829325
-0.491484,0.061344,-0.140938,-0.858008,-0.368695,0.06219,0.021464,-0.926414,0.314888,0.068021,-0.465154,-0.829431
-0.49145,0.061166,-0.140929,-0.858043,-0.368485,0.063121,0.021172,-0.926438,0.314844,0.067877,-0.465033,-0.829527
-0.491401,0.061035,-0.14079,-0.858103,-0.368134,0.064018,0.020866,-0.926519,0.314823,0.067794,-0.464998,-0.829562
-0.491317,0.060909,-0.140654,-0.858182,-0.367666,0.064678,0.020583,-0.926663,0.314858,0.067696,-0.464998,-0.829557
-0.49123,0.060948,-0.140453,-0.85826,-0.367072,0.064893,0.020299,-0.92689,0.314914,0.067548,-0.465033,-0.82953
-0.491117,0.0612,-0.140257,-0.858335,-0.366608,0.064626,0.020039,-0.927103,0.314995,0.067499,-0.465146,-0.829441
-0.490947,0.06148,-0.140085,-0.858436,-0.36638,0.063965,0.019763,-0.927252,0.315034,0.067577,-0.465409,-0.829275
-0.490666,0.061648,-0.14004,-0.858592,-0.366352,0.062965,0.019647,-0.927342,0.315094,0.067798,-0.465725,-0.829057
-0.49042,0.061782,-0.140298,-0.858683,-0.366326,0.061666,0.019863,-0.927442,0.315127,0.067996,-0.466108,-0.828814
-0.490239,0.061713,-0.140813,-0.858712,-0.366402,0.060266,0.020313,-0.927501,0.315104,0.06824,-0.466439,-0.828617
-0.490196,0.06154,-0.141388,-0.85866,-0.366543,0.058991,0.020804,-0.927521,0.315061,0.068411,-0.466738,-0.828452
-0.490203,0.061347,-0.141873,-0.858596,-0.366618,0.058065,0.021319,-0.927539,0.315065,0.068531,-0.466909,-0.828345
-0.490151,0.061288,-0.142081,-0.858598,-0.36664,0.057673,0.021855,-0.92754,0.315155,0.068553,-0.466883,-0.828324
-0.490065,0.06138,-0.141913,-0.858667,-0.366654,0.057778,0.022154,-0.927517,0.31524,0.0685,-0.466764,-0.828362
-0.48998,0.061554,-0.141509,-0.858765,-0.366732,0.058223,0.022122,-0.927457,0.315285,0.068341,-0.466556,-0.828474
-0.489833,0.061735,-0.141049,-0.858906,-0.366899,0.05879,0.022041,-0.927353,0.315359,0.068119,-0.466298,-0.82861
-0.48976,0.061786,-0.140674,-0.859001,-0.367108,0.059525,0.021761,-0.927228,0.315423,0.067894,-0.466002,-0.82877
-0.48978,0.061671,-0.140428,-0.859037,-0.367267,0.060341,0.021662,-0.92711,0.315518,0.067636,-0.465687,-0.828931
-0.489903,0.061387,-0.140485,-0.85898,-0.367366,0.061189,0.021547,-0.927012,0.315684,0.067376,-0.465351,-0.829077
-0.490093,0.061042,-0.140606,-0.858881,-0.367381,0.062273,0.02131,-0.926934,0.315765,0.067176,-0.46503,-0.829242
-0.490232,0.060711,-0.14068,-0.858814,-0.367199,0.06349,0.021077,-0.926923,0.315886,0.066975,-0.464732,-0.829378
-0.490296,0.060555,-0.140637,-0.858797,-0.36681,0.064568,0.020976,-0.926997,0.315997,0.066861,-0.464491,-0.829478
-0.490285,0.060665,-0.140428,-0.858827,-0.366282,0.065225,0.021041,-0.927153,0.316122,0.066756,-0.464283,-0.829555
-0.490256,0.06091,-0.140172,-0.858864,-0.365806,0.06528,0.021203,-0.92733,0.316236,0.066703,-0.464162,-0.829583
-0.490161,0.061327,-0.139749,-0.85895,-0.36547,0.064772,0.021339,-0.927498,0.316411,0.066689,-0.464282,-0.829451
-0.489854,0.061706,-0.139501,-0.859134,-0.365261,0.063811,0.021553,-0.927646,0.316591,0.066721,-0.464567,-0.829221
-0.489454,0.061999,-0.139584,-0.859326,-0.36506,0.062563,0.021848,-0.92781,0.316742,0.066834,-0.464974,-0.828929
-0.489078,0.062181,-0.140012,-0.859461,-0.364925,0.061268,0.022321,-0.927943,0.31691,0.067032,-0.465514,-0.82855
-0.488788,0.062236,-0.140666,-0.85952,-0.364769,0.060105,0.022699,-0.928076,0.317058,0.067301,-0.466138,-0.828123
-0.488549,0.062216,-0.141347,-0.859553,-0.364605,0.059221,0.023007,-0.928193,0.317162,0.067561,-0.466688,-0.827754
-0.488322,0.062223,-0.141834,-0.859606,-0.36447,0.058701,0.02317,-0.928276,0.317265,0.06776,-0.467037,-0.827503
-0.488113,0.062209,-0.14214,-0.859679,-0.364345,0.058571,0.023173,-0.928335,0.317332,0.067864,-0.467262,-0.827343
-0.487887,0.062306,-0.142109,-0.859805,-0.364204,0.058831,0.02291,-0.928381,0.317433,0.067861,-0.467357,-0.827251
-0.48767,0.062388,-0.141953,-0.859946,-0.364085,0.0593,0.022609,-0.928405,0.31752,0.067764,-0.467339,-0.827237
-0.487468,0.062491,-0.141685,-0.860093,-0.364056,0.05995,0.022306,-0.92838,0.317631,0.067601,-0.467308,-0.827227
-0.487267,0.062493,-0.141549,-0.860228,-0.364045,0.060716,0.022048,-0.928338,0.317782,0.067431,-0.467179,-0.827256
-0.487194,0.06243,-0.141595,-0.860268,-0.363966,0.061602,0.021706,-0.928315,0.317872,0.067293,-0.4671,-0.827277
-0.487179,0.062294,-0.141783,-0.860258,-0.363941,0.062596,0.021334,-0.928263,0.317947,0.067155,-0.467008,-0.827312
-0.487114,0.062245,-0.14191,-0.860279,-0.363886,0.063538,0.021084,-0.928222,0.317999,0.067051,-0.466899,-0.827362
-0.487023,0.062203,-0.142111,-0.860302,-0.363619,0.064282,0.020872,-0.928277,0.318037,0.066959,-0.46685,-0.827383
-0.486992,0.062199,-0.142324,-0.860288,-0.363219,0.064824,0.02046,-0.928404,0.318097,0.066889,-0.466876,-0.827351
-0.486926,0.062218,-0.142501,-0.860296,-0.362871,0.064939,0.020009,-0.928546,0.318195,0.066875,-0.46699,-0.827251
-0.486844,0.062337,-0.14258,-0.860321,-0.362647,0.064644,0.019746,-0.928664,0.318282,0.066889,-0.467237,-0.827079
-0.486682,0.062573,-0.142576,-0.860394,-0.36257,0.063863,0.019748,-0.928754,0.318372,0.066882,-0.46748,-0.82691
-0.486462,0.062706,-0.142684,-0.860492,-0.362525,0.062612,0.019969,-0.928859,0.318549,0.066892,-0.467698,-0.82672
-0.486282,0.062733,-0.143019,-0.860538,-0.362563,0.061307,0.02032,-0.92893,0.318662,0.066978,-0.468007,-0.826496
-0.486176,0.062526,-0.143332,-0.860566,-0.362632,0.060033,0.020581,-0.928987,0.318756,0.067075,-0.468248,-0.826316
-0.486098,0.062347,-0.143569,-0.860587,-0.362761,0.059016,0.020712,-0.929005,0.31878,0.067126,-0.468424,-0.826205
-0.486061,0.062136,-0.143702,-0.860604,-0.362938,0.058258,0.020959,-0.928982,0.318805,0.067145,-0.468514,-0.826143
-0.486075,0.061914,-0.143836,-0.860592,-0.363148,0.057896,0.021252,-0.928916,0.318822,0.067076,-0.468513,-0.826144
-0.486101,0.061775,-0.143786,-0.860596,-0.36337,0.057779,0.021326,-0.928835,0.318779,0.066911,-0.468363,-0.826258
-0.486172,0.061578,-0.143644,-0.860595,-0.363578,0.057899,0.021291,-0.928746,0.318734,0.066654,-0.468155,-0.826414
-0.486267,0.061401,-0.143454,-0.860585,-0.363749,0.058261,0.021145,-0.928658,0.3187,0.066327,-0.467851,-0.826626
-0.486312,0.061144,-0.143356,-0.860595,-0.363967,0.058807,0.020892,-0.928543,0.318663,0.065972,-0.467499,-0.826868
-0.486423,0.060897,-0.143184,-0.860577,-0.364171,0.059477,0.020634,-0.928424,0.318654,0.065701,-0.467146,-0.827093
-0.486537,0.060613,-0.143183,-0.860536,-0.364303,0.060293,0.020344,-0.928324,0.318679,0.065378,-0.466864,-0.827268
-0.486655,0.060331,-0.143209,-0.860486,-0.364283,0.061148,0.020063,-0.928277,0.318645,0.065063,-0.466551,-0.827482
-0.48672,0.060068,-0.143265,-0.860461,-0.364149,0.061979,0.019871,-0.928275,0.318621,0.064822,-0.466347,-0.827626
-0.48676,0.060008,-0.143319,-0.860434,-0.363869,0.062556,0.019534,-0.928352,0.318606,0.064668,-0.466206,-0.827724
-0.486761,0.060098,-0.14334,-0.860423,-0.363623,0.062809,0.019232,-0.928439,0.318693,0.064569,-0.466167,-0.827721
-0.486698,0.060278,-0.1434,-0.860435,-0.363434,0.062672,0.019029,-0.928529,0.318809,0.064528,-0.466318,-0.827596
-0.486495,0.06057,-0.143478,-0.860516,-0.363368,0.062193,0.018927,-0.928594,0.318942,0.064565,-0.466693,-0.827334
-0.486304,0.060877,-0.143601,-0.86058,-0.363262,0.061391,0.019007,-0.928692,0.319079,0.064788,-0.467147,-0.827008
-0.486123,0.061059,-0.143887,-0.860624,-0.36319,0.060443,0.019275,-0.928781,0.319177,0.065082,-0.467692,-0.826641
-0.485949,0.061122,-0.144289,-0.860654,-0.363132,0.059587,0.019602,-0.928856,0.319232,0.065397,-0.468209,-0.826304
-0.485836,0.061174,-0.14463,-0.86066,-0.363084,0.058963,0.019777,-0.928913,0.319218,0.065606,-0.468617,-0.826064
-0.485749,0.061364,-0.144716,-0.86068,-0.36306,0.058716,0.019948,-0.928935,0.31923,0.06577,-0.468872,-0.825901
-0.485603,0.061522,-0.144751,-0.860745,-0.36307,0.058734,0.020072,-0.928926,0.319219,0.065848,-0.469037,-0.825807
-0.485533,0.061688,-0.144598,-0.860796,-0.36306,0.058891,0.020118,-0.928917,0.31923,0.065886,-0.469033,-0.825801
-0.485543,0.061758,-0.144451,-0.860809,-0.36315,0.059167,0.020017,-0.928865,0.319269,0.065896,-0.468943,-0.825836
-0.485599,0.061735,-0.14433,-0.860797,-0.363278,0.059605,0.019787,-0.928792,0.319277,0.065837,-0.468771,-0.825934
-0.48564,0.061636,-0.144278,-0.86079,-0.363356,0.060146,0.019463,-0.928732,0.319279,0.0657,-0.468533,-0.826078
-0.485708,0.061493,-0.14429,-0.860761,-0.363399,0.060764,0.0191,-0.928682,0.319307,0.065542,-0.468263,-0.826233
-0.485826,0.061327,-0.144423,-0.860686,-0.363462,0.061285,0.018719,-0.928631,0.319305,0.06539,-0.467954,-0.826419
-0.485932,0.061164,-0.144518,-0.860623,-0.363473,0.061821,0.018462,-0.928594,0.319346,0.065278,-0.467656,-0.826578
-0.485957,0.061012,-0.144602,-0.860608,-0.363385,0.062211,0.018217,-0.928607,0.319391,0.065177,-0.467502,-0.826656
-0.485951,0.060828,-0.144708,-0.860609,-0.363211,0.062301,0.018043,-0.928674,0.319408,0.065148,-0.467332,-0.826746
-0.485907,0.060686,-0.144759,-0.860637,-0.362989,0.062125,0.018068,-0.928772,0.319432,0.065153,-0.467272,-0.82677
-0.485845,0.060695,-0.144564,-0.860703,-0.362812,0.061817,0.018425,-0.928854,0.319502,0.065221,-0.467265,-0.82674
-0.485641,0.060832,-0.144225,-0.860862,-0.362567,0.061457,0.018925,-0.92896,0.319546,0.065288,-0.46732,-0.826687
-0.485403,0.061138,-0.143917,-0.86102,-0.362342,0.061064,0.019283,-0.929066,0.319649,0.065421,-0.467473,-0.82655
-0.485171,0.061521,-0.14379,-0.861141,-0.362136,0.060687,0.019535,-0.929166,0.31973,0.065613,-0.467731,-0.826359
-0.484927,0.061813,-0.143892,-0.861239,-0.361945,0.060404,0.019654,-0.929258,0.319746,0.06583,-0.468025,-0.82617
-0.484692,0.062157,-0.144126,-0.861307,-0.361779,0.060243,0.019732,-0.929331,0.319853,0.065999,-0.468326,-0.825945
-0.484498,0.06251,-0.144458,-0.861337,-0.361621,0.060201,0.019631,-0.929399,0.319931,0.0661,-0.468654,-0.825722
-0.484351,0.062862,-0.144893,-0.861322,-0.361494,0.060345,0.019319,-0.929447,0.319975,0.066167,-0.46899,-0.825511
-0.484212,0.063212,-0.145396,-0.861293,-0.361446,0.060657,0.018813,-0.929459,0.320067,0.066161,-0.4693,-0.825302
-0.484066,0.063528,-0.145872,-0.861274,-0.361301,0.061149,0.018201,-0.929498,0.320249,0.066091,-0.469571,-0.825087
-0.483916,0.06391,-0.146348,-0.861251,-0.361177,0.061835,0.017483,-0.929517,0.320454,0.066002,-0.469944,-0.824805
-0.483764,0.064288,-0.146811,-0.861231,-0.361031,0.06258,0.01672,-0.929539,0.320589,0.065932,-0.470388,-0.82451
-0.483588,0.064566,-0.147217,-0.861241,-0.360878,0.063261,0.015916,-0.92957,0.320643,0.065841,-0.47079,-0.824271
-0.483478,0.064795,-0.147594,-0.861224,-0.360651,0.063896,0.015151,-0.929631,0.320649,0.065794,-0.471111,-0.824094
-0.483351,0.064966,-0.148,-0.861215,-0.360326,0.064443,0.014356,-0.929735,0.320682,0.06576,-0.47135,-0.823948
-0.483204,0.065136,-0.148299,-0.861235,-0.360039,0.064894,0.013756,-0.929826,0.320683,0.065774,-0.47159,-0.823811
-0.483093,0.065216,-0.148536,-0.861252,-0.359774,0.06511,0.013442,-0.92992,0.32069,0.065764,-0.471773,-0.823706
-0.483037,0.065377,-0.14868,-0.861246,-0.359568,0.065177,0.013439,-0.929995,0.320715,0.065729,-0.471906,-0.823625
-0.482955,0.065532,-0.148678,-0.861281,-0.359377,0.065077,0.013618,-0.930071,0.320661,0.065773,-0.472034,-0.823569
-0.482833,0.065687,-0.148604,-0.861348,-0.359306,0.064847,0.013899,-0.930111,0.320631,0.065901,-0.472152,-0.823504
-0.482702,0.065788,-0.148537,-0.861424,-0.359255,0.064438,0.014229,-0.930152,0.320653,0.066032,-0.472319,-0.823389
-0.482567,0.065852,-0.148479,-0.861504,-0.359225,0.063948,0.014558,-0.930193,0.320688,0.066142,-0.472391,-0.823325
-0.482434,0.065823,-0.148396,-0.861594,-0.359335,0.063361,0.015068,-0.930182,0.320762,0.066314,-0.472469,-0.823236
-0.482372,0.065757,-0.14839,-0.861636,-0.359473,0.062817,0.015732,-0.930152,0.320849,0.066416,-0.472469,-0.823193
-0.482422,0.065625,-0.148367,-0.861622,-0.359685,0.062381,0.016319,-0.930087,0.32094,0.066482,-0.472417,-0.823181
-0.482557,0.065383,-0.148234,-0.861589,-0.35997,0.06209,0.016625,-0.929989,0.320972,0.066476,-0.47234,-0.823213
-0.482729,0.065075,-0.147962,-0.861561,-0.36025,0.061976,0.01661,-0.92989,0.320988,0.066393,-0.472074,-0.823364
-0.482871,0.064758,-0.14775,-0.861542,-0.36066,0.061936,0.016408,-0.929739,0.321012,0.06621,-0.471748,-0.823555
-0.483073,0.064436,-0.147572,-0.861484,-0.361088,0.061853,0.016265,-0.929584,0.320853,0.06594,-0.471366,-0.823856
-0.483277,0.064095,-0.147463,-0.861415,-0.361509,0.061762,0.016149,-0.929431,0.320742,0.065566,-0.470999,-0.824139
-0.483598,0.0637,-0.147469,-0.861266,-0.361861,0.061677,0.016033,-0.929303,0.320727,0.065242,-0.470636,-0.824378
-0.483926,0.063277,-0.147466,-0.861116,-0.362187,0.061675,0.015848,-0.929181,0.320671,0.064963,-0.47029,-0.824619
-0.484181,0.062896,-0.147533,-0.860992,-0.36234,0.061749,0.015549,-0.929125,0.320561,0.064788,-0.470025,-0.824826
-0.484379,0.062595,-0.147474,-0.860915,-0.362462,0.061866,0.015306,-0.929075,0.32042,0.064705,-0.469837,-0.824994
-0.484524,0.062415,-0.14729,-0.860876,-0.362512,0.061899,0.015316,-0.929053,0.320252,0.064604,-0.469619,-0.82519
-0.484579,0.062374,-0.147061,-0.860886,-0.362428,0.061902,0.015585,-0.929078,0.320139,0.064567,-0.469472,-0.82532
-0.48458,0.062394,-0.146738,-0.860936,-0.362291,0.061863,0.016107,-0.92912,0.31999,0.064602,-0.469424,-0.825401
-0.48456,0.062514,-0.146318,-0.861005,-0.362157,0.061801,0.016736,-0.92916,0.319847,0.064671,-0.46941,-0.825459
-0.484507,0.06268,-0.145899,-0.861088,-0.362037,0.061708,0.017333,-0.929197,0.31973,0.064813,-0.469494,-0.825444
-0.484427,0.062847,-0.145594,-0.861169,-0.361882,0.061465,0.017867,-0.929258,0.319687,0.065012,-0.469579,-0.825396
-0.48424,0.062996,-0.1454,-0.861293,-0.361783,0.061149,0.018295,-0.929308,0.319608,0.065161,-0.469692,-0.82535
-0.484036,0.063161,-0.145302,-0.861411,-0.361696,0.06087,0.018605,-0.929352,0.319609,0.065331,-0.469849,-0.825246
-0.483868,0.063306,-0.145251,-0.861502,-0.361622,0.060711,0.01881,-0.929387,0.319639,0.065444,-0.47002,-0.82513
-0.483806,0.063417,-0.145306,-0.86152,-0.361662,0.060638,0.018714,-0.92938,0.319624,0.065622,-0.470176,-0.825032
-0.483778,0.063467,-0.145339,-0.861526,-0.361664,0.060703,0.018535,-0.92938,0.319655,0.065762,-0.470284,-0.824947
-0.48383,0.063409,-0.145455,-0.861483,-0.361791,0.060824,0.018251,-0.929329,0.319606,0.065847,-0.470294,-0.824953
-0.483901,0.063279,-0.145544,-0.861439,-0.36197,0.060965,0.018075,-0.929255,0.319536,0.065827,-0.470249,-0.825007
-0.48407,0.063214,-0.145665,-0.861329,-0.362116,0.06113,0.017953,-0.92919,0.319438,0.065705,-0.470138,-0.825118
-0.484279,0.062962,-0.145819,-0.861207,-0.362335,0.061335,0.017987,-0.929089,0.319305,0.065589,-0.470015,-0.825249
-0.484471,0.06269,-0.145851,-0.861116,-0.362454,0.061531,0.018036,-0.929026,0.319202,0.065496,-0.469784,-0.825427
-0.484673,0.062486,-0.145727,-0.861038,-0.362446,0.06172,0.018128,-0.929013,0.31914,0.065383,-0.469578,-0.825576
-0.48482,0.062321,-0.145523,-0.861001,-0.36246,0.06191,0.018247,-0.92899,0.319076,0.065243,-0.469355,-0.825739
-0.484919,0.062277,-0.145107,-0.861015,-0.362475,0.061889,0.018337,-0.928982,0.319026,0.065165,-0.469108,-0.825902
-0.484932,0.062444,-0.144634,-0.86107,-0.362422,0.061656,0.018448,-0.929017,0.318938,0.065144,-0.468894,-0.826057
-0.484919,0.062606,-0.144162,-0.861139,-0.362305,0.06121,0.0185,-0.929094,0.318867,0.065133,-0.468696,-0.826196
-0.48492,0.062687,-0.143878,-0.861176,-0.362209,0.060672,0.01863,-0.929167,0.318769,0.065203,-0.468619,-0.826272
-0.484912,0.062641,-0.14373,-0.861208,-0.362173,0.059854,0.018864,-0.929233,0.318709,0.065334,-0.468633,-0.826275
-0.484836,0.062648,-0.143731,-0.86125,-0.362201,0.05882,0.019389,-0.92928,0.318587,0.065603,-0.468744,-0.826237
-0.484729,0.062598,-0.1438,-0.861304,-0.362169,0.057738,0.02,-0.929349,0.318528,0.065897,-0.468911,-0.82614
-0.484629,0.062568,-0.143868,-0.861351,-0.362104,0.056859,0.020696,-0.929412,0.318514,0.066213,-0.469096,-0.826014
-0.484542,0.062609,-0.143876,-0.861397,-0.362014,0.056333,0.021236,-0.929466,0.318547,0.066442,-0.469261,-0.825888
-0.484482,0.062735,-0.143664,-0.861453,-0.361954,0.056299,0.021552,-0.929481,0.3186,0.066673,-0.469301,-0.825826
-0.484423,0.062941,-0.143245,-0.861535,-0.36182,0.056679,0.021674,-0.929502,0.318646,0.066771,-0.469315,-0.825791
-0.484331,0.063216,-0.142843,-0.861629,-0.361836,0.057348,0.021488,-0.929457,0.31864,0.066807,-0.469306,-0.825795
-0.484269,0.063393,-0.142549,-0.861695,-0.362017,0.058052,0.021001,-0.929354,0.318604,0.066805,-0.469178,-0.825881
-0.484311,0.063486,-0.142435,-0.861681,-0.362263,0.058758,0.020406,-0.929227,0.318533,0.066731,-0.469101,-0.825958
-0.484474,0.063416,-0.142626,-0.861565,-0.362558,0.059487,0.01979,-0.929081,0.318481,0.066623,-0.469012,-0.826038
-0.484726,0.063206,-0.143018,-0.861378,-0.362786,0.060267,0.019251,-0.928953,0.318429,0.066501,-0.468956,-0.826099
-0.484967,0.063075,-0.143414,-0.861192,-0.36283,0.061191,0.018678,-0.928885,0.318415,0.066449,-0.468952,-0.826112
-0.485129,0.062906,-0.143746,-0.861062,-0.362779,0.062102,0.018178,-0.928852,0.318426,0.066379,-0.468969,-0.826103
-0.48524,0.062912,-0.143829,-0.860985,-0.362611,0.062837,0.018062,-0.928868,0.318401,0.066373,-0.468982,-0.826107
-0.485231,0.063097,-0.143654,-0.861004,-0.362373,0.063258,0.018241,-0.928923,0.31839,0.066383,-0.46898,-0.826112
-0.48516,0.063376,-0.143334,-0.861071,-0.362214,0.063301,0.018477,-0.928975,0.318357,0.066389,-0.468995,-0.826116
-0.484988,0.063708,-0.143018,-0.861191,-0.362067,0.062942,0.018657,-0.929053,0.318343,0.066435,-0.469064,-0.826078
-0.484768,0.064025,-0.142801,-0.861323,-0.361983,0.062258,0.01888,-0.92913,0.318279,0.066568,-0.469244,-0.825991
-0.484636,0.064251,-0.14277,-0.861384,-0.361883,0.061409,0.019258,-0.92922,0.318239,0.06689,-0.469492,-0.825838
-0.484511,0.064427,-0.142968,-0.861409,-0.361809,0.060517,0.019723,-0.9293,0.318262,0.067128,-0.469781,-0.825646
-0.484413,0.064525,-0.143283,-0.861406,-0.361807,0.059778,0.019953,-0.929347,0.318292,0.067453,-0.470143,-0.825402
-0.484318,0.064624,-0.143609,-0.861401,-0.361782,0.059431,0.020084,-0.929377,0.318345,0.067741,-0.470524,-0.825141
-0.484307,0.064733,-0.143789,-0.86137,-0.36186,0.05953,0.019976,-0.929344,0.318412,0.067957,-0.470832,-0.824924
-0.484322,0.064926,-0.143815,-0.861341,-0.361932,0.059964,0.019741,-0.929292,0.318481,0.068075,-0.471008,-0.824786
-0.484331,0.065185,-0.143746,-0.861326,-0.362027,0.06058,0.019515,-0.929217,0.318521,0.068122,-0.471101,-0.824714
-0.484389,0.065361,-0.143666,-0.861291,-0.362208,0.061337,0.019162,-0.929102,0.318551,0.068078,-0.471118,-0.824697
-0.484505,0.06544,-0.143568,-0.861235,-0.362464,0.062158,0.018753,-0.928954,0.318458,0.068052,-0.471004,-0.8248
-0.484642,0.065425,-0.143534,-0.861164,-0.362778,0.062923,0.018467,-0.928784,0.318354,0.067928,-0.470754,-0.824991
-0.484892,0.065223,-0.143618,-0.861027,-0.36302,0.063771,0.018128,-0.928635,0.318232,0.06779,-0.470479,-0.825205
-0.485126,0.065078,-0.143703,-0.860893,-0.363145,0.064666,0.017649,-0.928532,0.318075,0.067634,-0.470238,-0.825416
-0.485408,0.064976,-0.143755,-0.860734,-0.363072,0.065398,0.017451,-0.92851,0.317949,0.067466,-0.46997,-0.82563
-0.485598,0.064924,-0.143689,-0.860641,-0.362999,0.06579,0.01737,-0.92851,0.317761,0.067429,-0.469758,-0.825824
-0.485793,0.065021,-0.143414,-0.860566,-0.362933,0.065763,0.017365,-0.928538,0.317572,0.067417,-0.469622,-0.825975
-0.485868,0.065226,-0.14303,-0.860568,-0.362921,0.065331,0.017466,-0.928573,0.317413,0.067467,-0.469565,-0.826064
-0.48584,0.065437,-0.142693,-0.860618,-0.362837,0.06461,0.017744,-0.928653,0.31732,0.067573,-0.469599,-0.826071
-0.485771,0.065543,-0.142452,-0.860686,-0.36272,0.063804,0.018124,-0.92875,0.317223,0.067779,-0.469645,-0.826063
-0.485685,0.065676,-0.142385,-0.860734,-0.362683,0.062937,0.018583,-0.928816,0.317138,0.068036,-0.469736,-0.826022
-0.485555,0.065758,-0.142475,-0.860787,-0.362557,0.06203,0.019126,-0.928916,0.317112,0.068329,-0.469851,-0.825941
-0.485484,0.065703,-0.142584,-0.860815,-0.36252,0.061322,0.019594,-0.928968,0.317112,0.068604,-0.47,-0.82583
-0.48539,0.065724,-0.142517,-0.860876,-0.362507,0.060876,0.019755,-0.929001,0.3171,0.068772,-0.470098,-0.825766
-0.485303,0.065841,-0.142387,-0.860936,-0.362517,0.060785,0.019704,-0.929005,0.317144,0.068957,-0.470134,-0.825711
-0.485192,0.065938,-0.142229,-0.861016,-0.362532,0.060955,0.019635,-0.928989,0.317228,0.06905,-0.470164,-0.825653
-0.485118,0.066047,-0.14211,-0.861067,-0.362577,0.06131,0.019552,-0.928949,0.317297,0.069144,-0.470118,-0.825645
-0.485067,0.066149,-0.142002,-0.861103,-0.3627,0.061795,0.019489,-0.928867,0.317399,0.06919,-0.470023,-0.825654
-0.485121,0.066156,-0.141916,-0.861086,-0.362807,0.062398,0.019271,-0.928786,0.31746,0.069145,-0.470002,-0.825646
-0.48519,0.066119,-0.14196,-0.861043,-0.362959,0.063088,0.01894,-0.928686,0.317504,0.069084,-0.469975,-0.82565
-0.485291,0.066036,-0.142072,-0.860976,-0.363082,0.063756,0.018501,-0.928602,0.317499,0.069023,-0.469961,-0.825665
-0.485401,0.065954,-0.142326,-0.860881,-0.363208,0.064293,0.017931,-0.928528,0.317455,0.06894,-0.469987,-0.825675
-0.485582,0.065853,-0.142647,-0.860737,-0.363234,0.064599,0.017241,-0.928515,0.317407,0.068892,-0.470006,-0.825688
-0.485777,0.065744,-0.142939,-0.860589,-0.363254,0.064594,0.016611,-0.928524,0.317358,0.068841,-0.470046,-0.825689
-0.485931,0.065729,-0.143176,-0.860467,-0.363361,0.064397,0.016202,-0.92851,0.31734,0.068798,-0.470106,-0.825667
-0.486055,0.065851,-0.143357,-0.860358,-0.363398,0.064073,0.016133,-0.928521,0.31727,0.068781,-0.470202,-0.825641
-0.486106,0.065994,-0.143317,-0.860323,-0.363413,0.063819,0.016346,-0.928529,0.317247,0.068757,-0.470272,-0.825613
-0.486139,0.066208,-0.14317,-0.86031,-0.363394,0.063635,0.016635,-0.928542,0.317171,0.068789,-0.470366,-0.825586
-0.486184,0.0664,-0.143066,-0.860285,-0.363377,0.063454,0.016907,-0.928555,0.317133,0.068827,-0.470418,-0.825568
-0.486142,0.066521,-0.143047,-0.860301,-0.363338,0.063246,0.017202,-0.928577,0.317033,0.068868,-0.47052,-0.825546
-0.486057,0.066584,-0.142995,-0.860353,-0.363279,0.063094,0.017468,-0.928605,0.316985,0.068868,-0.470617,-0.82551
-0.486022,0.066651,-0.142984,-0.860368,-0.363291,0.062935,0.017539,-0.92861,0.316943,0.068915,-0.470806,-0.825415
-0.485941,0.066641,-0.142992,-0.860414,-0.363419,0.062819,0.017395,-0.928573,0.316945,0.068904,-0.470892,-0.825367
-0.485879,0.06654,-0.143074,-0.860444,-0.363555,0.062786,0.017159,-0.928529,0.31696,0.068876,-0.470982,-0.825314
-0.48589,0.066376,-0.143264,-0.860422,-0.363734,0.062845,0.017051,-0.928458,0.316982,0.068853,-0.471044,-0.825273
-0.485959,0.066114,-0.143587,-0.860354,-0.363941,0.063073,0.01708,-0.928358,0.317014,0.068847,-0.471033,-0.825267
-0.486137,0.065858,-0.143921,-0.860223,-0.364227,0.063307,0.017126,-0.928228,0.317053,0.068799,-0.471018,-0.825264
-0.48637,0.065642,-0.144128,-0.860075,-0.364586,0.063647,0.017179,-0.92806,0.317024,0.068705,-0.47096,-0.825317
-0.486672,0.065377,-0.144352,-0.859892,-0.364885,0.063969,0.017161,-0.927918,0.316968,0.068514,-0.470857,-0.825414
-0.486911,0.065158,-0.144478,-0.859754,-0.365113,0.064232,0.016948,-0.927814,0.316897,0.068249,-0.470665,-0.825574
-0.48722,0.065097,-0.144462,-0.859587,-0.36535,0.064458,0.016578,-0.927714,0.316754,0.068019,-0.470495,-0.825745
-0.487472,0.065012,-0.144437,-0.859454,-0.365477,0.064579,0.016139,-0.927668,0.316627,0.067807,-0.470376,-0.82588
-0.487685,0.065106,-0.144272,-0.859352,-0.365618,0.064696,0.01579,-0.927612,0.316549,0.067667,-0.470374,-0.825925
-0.487803,0.06535,-0.144058,-0.859298,-0.365685,0.064772,0.015512,-0.927588,0.316488,0.067509,-0.470409,-0.825942
-0.487888,0.065557,-0.143904,-0.859257,-0.365724,0.064859,0.015389,-0.927569,0.316436,0.067318,-0.470494,-0.825932
-0.487935,0.065721,-0.143884,-0.85922,-0.365795,0.064793,0.015515,-0.927543,0.316351,0.067218,-0.47061,-0.825909
-0.487966,0.065883,-0.144036,-0.859164,-0.365913,0.064607,0.01573,-0.927505,0.316336,0.0672,-0.470773,-0.825825
-0.488052,0.065972,-0.144147,-0.85909,-0.365997,0.064295,0.016049,-0.927488,0.316306,0.067209,-0.470988,-0.825714
-0.488102,0.066067,-0.144261,-0.859036,-0.366073,0.063951,0.016327,-0.927475,0.316235,0.067281,-0.471249,-0.825589
-0.488135,0.066106,-0.144436,-0.858987,-0.366172,0.06367,0.016467,-0.927454,0.316172,0.067331,-0.471459,-0.82549
-0.488133,0.066178,-0.144547,-0.858964,-0.366254,0.063538,0.016463,-0.927433,0.316062,0.067462,-0.471701,-0.825384
-0.488129,0.066255,-0.144585,-0.858953,-0.366319,0.063485,0.016364,-0.927413,0.315964,0.06755,-0.47185,-0.82533
-0.488135,0.066192,-0.144639,-0.858947,-0.366386,0.063566,0.016351,-0.927381,0.315975,0.067614,-0.471903,-0.825291
-0.48814,0.066219,-0.144664,-0.858937,-0.366394,0.063697,0.016343,-0.927368,0.316009,0.067659,-0.47189,-0.82528
-0.488232,0.066166,-0.1448,-0.858868,-0.366467,0.063915,0.016375,-0.927322,0.316017,0.067633,-0.471834,-0.825312
-0.488306,0.066092,-0.144883,-0.858819,-0.366546,0.064212,0.016363,-0.927268,0.316009,0.067556,-0.47173,-0.825379
-0.488427,0.065978,-0.144903,-0.858756,-0.366608,0.064419,0.016273,-0.92723,0.315939,0.067487,-0.471557,-0.82551
-0.488543,0.065895,-0.144864,-0.858703,-0.366573,0.064581,0.016174,-0.927234,0.315846,0.06743,-0.471398,-0.825641
-0.488662,0.065825,-0.144891,-0.858638,-0.366558,0.06475,0.015956,-0.927232,0.315755,0.067333,-0.471306,-0.825736
-0.488773,0.065766,-0.144805,-0.858593,-0.366547,0.064771,0.015708,-0.927243,0.315697,0.067257,-0.471251,-0.825796
-0.4889,0.065697,-0.144773,-0.858532,-0.366624,0.064677,0.015568,-0.927223,0.315688,0.067199,-0.471246,-0.825807
-0.488989,0.065687,-0.144678,-0.858497,-0.366672,0.064478,0.015468,-0.927222,0.315693,0.067176,-0.471232,-0.825816
-0.489014,0.065581,-0.144666,-0.858493,-0.366676,0.064261,0.015513,-0.927236,0.315682,0.067165,-0.471225,-0.825825
-0.488999,0.065498,-0.144715,-0.8585,-0.366666,0.06402,0.015741,-0.927252,0.315626,0.067144,-0.471186,-0.825871
-0.488989,0.065434,-0.144663,-0.85852,-0.366689,0.06366,0.016101,-0.927261,0.315625,0.067101,-0.471117,-0.825913
-0.488969,0.06536,-0.144583,-0.858549,-0.366752,0.063296,0.016564,-0.927251,0.315638,0.067106,-0.471033,-0.825955
-0.488925,0.06535,-0.144481,-0.858592,-0.366767,0.062962,0.017014,-0.927257,0.315628,0.067083,-0.470986,-0.825987
-0.488869,0.065259,-0.144427,-0.858641,-0.366742,0.062725,0.017586,-0.927269,0.31558,0.067142,-0.470978,-0.826005
-0.488805,0.065289,-0.144335,-0.858689,-0.366674,0.062555,0.017914,-0.927298,0.315546,0.067239,-0.471006,-0.825993
-0.488696,0.065336,-0.144218,-0.858766,-0.366623,0.06256,0.017955,-0.927318,0.315539,0.067287,-0.470989,-0.826001
-0.488533,0.065381,-0.144108,-0.858873,-0.366466,0.062706,0.017929,-0.927369,0.315585,0.067346,-0.470976,-0.825985
-0.488381,0.065462,-0.144043,-0.858962,-0.366296,0.063007,0.017914,-0.927414,0.315687,0.067467,-0.471036,-0.825902
-0.488244,0.065538,-0.144076,-0.859028,-0.366146,0.063399,0.017831,-0.927446,0.315824,0.067558,-0.471083,-0.825815
-0.488111,0.065567,-0.144177,-0.859085,-0.365931,0.063807,0.017768,-0.927502,0.315971,0.067642,-0.471074,-0.825755
-0.487953,0.065554,-0.144216,-0.859172,-0.365771,0.064191,0.017606,-0.92754,0.316054,0.067693,-0.471015,-0.825752
-0.487822,0.065513,-0.144181,-0.859255,-0.365551,0.064466,0.017345,-0.927612,0.316061,0.067688,-0.470928,-0.825799
-0.487701,0.065573,-0.144046,-0.859339,-0.365343,0.064674,0.017,-0.927689,0.316072,0.067704,-0.470847,-0.825839
-0.487612,0.065595,-0.144005,-0.859394,-0.365148,0.064675,0.016718,-0.927774,0.316109,0.067696,-0.470784,-0.82586
-0.487575,0.065623,-0.143898,-0.85943,-0.365018,0.06448,0.016521,-0.927844,0.316075,0.067669,-0.470707,-0.825918
-0.487541,0.065685,-0.143854,-0.859451,-0.364835,0.064153,0.016516,-0.927942,0.316097,0.067616,-0.470698,-0.825921
-0.487507,0.065788,-0.143773,-0.859475,-0.364655,0.063698,0.016675,-0.928043,0.316087,0.067617,-0.470703,-0.825921
-0.487451,0.065851,-0.143732,-0.859508,-0.364512,0.063266,0.016851,-0.928127,0.316138,0.067596,-0.470737,-0.825885
-0.487381,0.065814,-0.143789,-0.859542,-0.364422,0.062782,0.017014,-0.928193,0.316199,0.067602,-0.470855,-0.825794
-0.487336,0.065698,-0.143939,-0.859554,-0.364427,0.062319,0.017306,-0.928219,0.316251,0.067593,-0.471007,-0.825691
-0.487313,0.065579,-0.143996,-0.859568,-0.364483,0.061857,0.017751,-0.928218,0.316304,0.067618,-0.471087,-0.825623
-0.487303,0.065473,-0.144114,-0.859563,-0.36461,0.06143,0.018255,-0.928185,0.316315,0.067646,-0.471112,-0.825602
-0.487355,0.06535,-0.144233,-0.859525,-0.364797,0.060952,0.018707,-0.928132,0.316358,0.067632,-0.471088,-0.8256
-0.487375,0.065193,-0.144302,-0.859516,-0.364997,0.060731,0.018786,-0.928068,0.31633,0.067579,-0.471005,-0.825663
-0.487422,0.064981,-0.14426,-0.859513,-0.365218,0.060696,0.01863,-0.927988,0.31633,0.067454,-0.47091,-0.825727
-0.487472,0.064813,-0.14422,-0.859506,-0.365432,0.060848,0.018487,-0.927897,0.316316,0.06738,-0.470796,-0.825803
-0.487533,0.064671,-0.144236,-0.85948,-0.365679,0.061146,0.018388,-0.927781,0.316319,0.067235,-0.470673,-0.825884
-0.487659,0.064517,-0.144332,-0.859406,-0.365939,0.061505,0.01828,-0.927656,0.31632,0.067089,-0.470505,-0.825991
-0.487808,0.064345,-0.144454,-0.859315,-0.36613,0.061852,0.018073,-0.927561,0.31633,0.066931,-0.470418,-0.826051
-0.487994,0.064182,-0.144566,-0.859205,-0.366288,0.062184,0.017733,-0.927484,0.316338,0.066765,-0.470331,-0.82611
-0.488145,0.063988,-0.144575,-0.859134,-0.366355,0.06244,0.017429,-0.927447,0.31629,0.066628,-0.470261,-0.826181
-0.48831,0.063908,-0.144529,-0.859054,-0.366405,0.062657,0.017192,-0.927418,0.316181,0.066493,-0.470256,-0.826238
-0.488514,0.063922,-0.144402,-0.858956,-0.366395,0.062689,0.017003,-0.927425,0.316082,0.066423,-0.47031,-0.826251
-0.488763,0.064076,-0.144136,-0.858844,-0.366457,0.062542,0.016989,-0.927412,0.315978,0.066339,-0.470284,-0.826314
-0.488975,0.064256,-0.143788,-0.858764,-0.366476,0.062459,0.01708,-0.927408,0.315835,0.066245,-0.470256,-0.826392
-0.489095,0.064448,-0.143506,-0.858724,-0.366512,0.062307,0.017316,-0.927398,0.315722,0.066203,-0.470248,-0.826444
-0.489166,0.064678,-0.143226,-0.858708,-0.366552,0.062156,0.017617,-0.927385,0.315556,0.066199,-0.470235,-0.826515
-0.489211,0.064787,-0.143149,-0.858686,-0.366598,0.061962,0.017883,-0.927374,0.315361,0.066281,-0.47027,-0.826563
-0.489225,0.064863,-0.143074,-0.858684,-0.366689,0.061844,0.018039,-0.927342,0.315211,0.066346,-0.470342,-0.826573
-0.48925,0.064898,-0.143062,-0.858668,-0.36675,0.061783,0.018201,-0.927318,0.315147,0.066391,-0.470399,-0.826563
-0.48919,0.064999,-0.142972,-0.858708,-0.366725,0.061778,0.01826,-0.927326,0.315145,0.066447,-0.470464,-0.826522
-0.489127,0.065131,-0.142971,-0.858734,-0.366719,0.061873,0.018187,-0.927323,0.315171,0.066457,-0.470576,-0.826448
-0.489005,0.065247,-0.143008,-0.858788,-0.366771,0.062012,0.018073,-0.927296,0.315117,0.066519,-0.470723,-0.826381
-0.488888,0.065271,-0.143149,-0.858831,-0.366818,0.062206,0.017903,-0.927268,0.315132,0.066554,-0.470837,-0.826308
-0.488793,0.065274,-0.14334,-0.858855,-0.366797,0.062507,0.017755,-0.927258,0.315143,0.066618,-0.470967,-0.826225
-0.488701,0.065242,-0.143537,-0.858878,-0.366792,0.062891,0.017601,-0.927236,0.315185,0.066695,-0.471084,-0.826136
-0.488651,0.065177,-0.1437,-0.858887,-0.366771,0.063242,0.017435,-0.927223,0.315251,0.066766,-0.471132,-0.826077
-0.488583,0.065164,-0.143831,-0.858906,-0.366709,0.063589,0.017152,-0.927228,0.315291,0.066761,-0.471177,-0.826038
-0.488516,0.065198,-0.143876,-0.858934,-0.366708,0.063842,0.016951,-0.927216,0.315339,0.066785,-0.471182,-0.826014
-0.488461,0.065194,-0.143859,-0.858968,-0.366571,0.063973,0.016672,-0.927268,0.315349,0.066776,-0.47124,-0.825979
-0.488448,0.065194,-0.143835,-0.858979,-0.366407,0.064021,0.016484,-0.927334,0.315349,0.066829,-0.471255,-0.825966
-0.488472,0.065265,-0.143738,-0.858975,-0.366273,0.063956,0.016367,-0.927396,0.31532,0.066813,-0.471242,-0.825985
-0.488495,0.065461,-0.143503,-0.858983,-0.366161,0.063805,0.016378,-0.927451,0.315275,0.066821,-0.47123,-0.82601
-0.488503,0.065664,-0.143254,-0.859001,-0.365993,0.063558,0.016534,-0.927531,0.31524,0.06679,-0.471177,-0.826054
-0.488479,0.065848,-0.143056,-0.859029,-0.365823,0.063385,0.016768,-0.927604,0.315213,0.066759,-0.47119,-0.82606
-0.48844,0.065943,-0.142911,-0.859067,-0.365697,0.063152,0.017194,-0.927659,0.315214,0.066762,-0.471154,-0.82608
-0.488371,0.066037,-0.142806,-0.859115,-0.365664,0.062908,0.017587,-0.927679,0.315235,0.066782,-0.471128,-0.826085
-0.488275,0.066103,-0.142759,-0.859172,-0.365689,0.062647,0.017843,-0.927682,0.315264,0.066817,-0.471081,-0.826096
-0.488155,0.066045,-0.142773,-0.859242,-0.365732,0.062401,0.018001,-0.927679,0.315282,0.066862,-0.471074,-0.82609
-0.488066,0.065912,-0.142823,-0.859296,-0.365801,0.062226,0.018028,-0.927665,0.315311,0.066865,-0.471067,-0.826082
-0.487985,0.065779,-0.142876,-0.859345,-0.365882,0.062115,0.017906,-0.927644,0.315395,0.066846,-0.471051,-0.826062
-0.487936,0.065633,-0.143024,-0.859362,-0.366045,0.062103,0.017853,-0.927583,0.315453,0.066799,-0.470998,-0.826073
-0.487907,0.065466,-0.143178,-0.859368,-0.366131,0.062149,0.017886,-0.927544,0.315534,0.066743,-0.470977,-0.826059
-0.487916,0.06526,-0.143375,-0.859349,-0.366233,0.062292,0.01788,-0.927493,0.315602,0.06665,-0.470934,-0.826064
-0.487979,0.065101,-0.143477,-0.859311,-0.366356,0.06261,0.017897,-0.927421,0.315642,0.066536,-0.470858,-0.826102
-0.488057,0.064959,-0.143538,-0.859268,-0.366458,0.062963,0.017704,-0.92736,0.31563,0.066495,-0.470761,-0.826165
-0.48804,0.064776,-0.1436,-0.859283,-0.36652,0.063317,0.017421,-0.927317,0.315601,0.066396,-0.470628,-0.826261
-0.488011,0.064734,-0.143627,-0.859298,-0.36651,0.063566,0.017224,-0.927307,0.315542,0.066283,-0.470517,-0.826354
-0.488059,0.064732,-0.143603,-0.859276,-0.366394,0.063583,0.016962,-0.927359,0.315464,0.066213,-0.470537,-0.82638
-0.488104,0.064742,-0.143665,-0.859239,-0.366327,0.063428,0.016824,-0.927401,0.315356,0.066222,-0.470532,-0.826422
-0.488126,0.064758,-0.143613,-0.859234,-0.366217,0.06319,0.016855,-0.927462,0.315271,0.066234,-0.470629,-0.8264
-0.48815,0.06489,-0.143421,-0.859239,-0.36607,0.062857,0.017188,-0.927535,0.315173,0.066271,-0.470706,-0.826391
-0.488207,0.065118,-0.143172,-0.859228,-0.365873,0.06252,0.017511,-0.927629,0.315067,0.066297,-0.47083,-0.82636
-0.488236,0.06533,-0.142897,-0.859236,-0.365778,0.062172,0.017712,-0.927686,0.314939,0.066377,-0.470915,-0.826353
-0.488204,0.065674,-0.142592,-0.859273,-0.365752,0.061956,0.017861,-0.927708,0.314835,0.066432,-0.47106,-0.826307
-0.4881,0.065958,-0.142411,-0.859337,-0.365717,0.06167,0.017959,-0.92774,0.314731,0.066509,-0.471204,-0.826259
-0.487953,0.066141,-0.14246,-0.859398,-0.365795,0.061364,0.018212,-0.927724,0.314638,0.066619,-0.471346,-0.826204
-0.487901,0.066175,-0.142642,-0.859396,-0.365852,0.061153,0.018379,-0.927713,0.314536,0.066723,-0.471545,-0.826122
-0.48789,0.066151,-0.142837,-0.859374,-0.365914,0.061098,0.018436,-0.92769,0.314496,0.066914,-0.47172,-0.826023
-0.487888,0.066174,-0.142987,-0.85935,-0.366057,0.061237,0.018468,-0.927624,0.314441,0.067067,-0.47185,-0.825957
-0.487841,0.066241,-0.14306,-0.859359,-0.366179,0.061498,0.018498,-0.927555,0.314414,0.067147,-0.471921,-0.82592
-0.487853,0.066291,-0.143146,-0.859334,-0.366304,0.061803,0.018526,-0.927483,0.314425,0.067133,-0.471958,-0.825896
-0.487896,0.06636,-0.143212,-0.859295,-0.366395,0.062145,0.018466,-0.927423,0.314399,0.067064,-0.471911,-0.825938
-0.488011,0.06629,-0.143334,-0.859215,-0.366552,0.062591,0.01832,-0.927333,0.314407,0.066953,-0.471829,-0.825992
-0.488099,0.066194,-0.143487,-0.85915,-0.366765,0.06302,0.017992,-0.927226,0.31435,0.066848,-0.471744,-0.82607
-0.488207,0.06611,-0.143554,-0.859085,-0.366906,0.063454,0.017584,-0.927149,0.314338,0.06679,-0.471686,-0.826112
-0.488381,0.066025,-0.143625,-0.858981,-0.366983,0.063767,0.016998,-0.927111,0.314309,0.066693,-0.471589,-0.826187
-0.488578,0.065942,-0.143734,-0.858859,-0.367005,0.063921,0.016549,-0.927104,0.314287,0.066609,-0.471541,-0.82623
-0.488734,0.065849,-0.143834,-0.858761,-0.367046,0.06396,0.016259,-0.927093,0.314165,0.066484,-0.471497,-0.826312
-0.488814,0.06589,-0.143745,-0.858727,-0.367024,0.06373,0.016063,-0.927124,0.314073,0.066337,-0.471458,-0.826382
-0.488919,0.066035,-0.143566,-0.858683,-0.366975,0.063542,0.016157,-0.927155,0.313999,0.066183,-0.47134,-0.826491
-0.489006,0.066175,-0.143264,-0.85867,-0.366837,0.063295,0.016436,-0.92722,0.313881,0.066078,-0.471296,-0.826569
-0.489035,0.066378,-0.142935,-0.858688,-0.366707,0.063131,0.016697,-0.927277,0.313778,0.066034,-0.471264,-0.826631
-0.489023,0.066516,-0.142701,-0.858719,-0.366611,0.062922,0.016891,-0.927325,0.313717,0.066054,-0.47126,-0.826656
-0.489011,0.066491,-0.142678,-0.858733,-0.366609,0.06271,0.017137,-0.927336,0.313696,0.066117,-0.471303,-0.826632
-0.488981,0.066416,-0.142684,-0.858755,-0.36663,0.062431,0.017427,-0.92734,0.313674,0.066194,-0.471336,-0.826616
-0.488948,0.066331,-0.142733,-0.858773,-0.366707,0.062147,0.017725,-0.927321,0.313657,0.06624,-0.471386,-0.82659
-0.488942,0.066188,-0.142852,-0.85877,-0.366886,0.06187,0.018054,-0.927262,0.313619,0.066329,-0.471439,-0.826566
-0.488934,0.06604,-0.143021,-0.85876,-0.367017,0.061686,0.0182,-0.92722,0.313609,0.066408,-0.471435,-0.826566
-0.488944,0.065903,-0.143152,-0.858745,-0.367169,0.061624,0.018057,-0.927168,0.313638,0.066399,-0.471394,-0.826579
-0.488973,0.065822,-0.143201,-0.858728,-0.367321,0.061757,0.017961,-0.927102,0.313729,0.066349,-0.471346,-0.826575
-0.488969,0.065778,-0.143266,-0.858723,-0.367461,0.061992,0.018041,-0.927026,0.31379,0.066318,-0.471337,-0.82656
-0.489019,0.065709,-0.143402,-0.858679,-0.367671,0.062226,0.018003,-0.926926,0.313815,0.066229,-0.471284,-0.826589
-0.48913,0.065715,-0.143437,-0.85861,-0.367832,0.062524,0.017984,-0.926841,0.313796,0.066123,-0.471319,-0.826585
-0.48927,0.065641,-0.143536,-0.858521,-0.367973,0.062823,0.017755,-0.926769,0.313728,0.066032,-0.471307,-0.826626
-0.4894,0.065623,-0.143602,-0.858438,-0.368085,0.063015,0.017397,-0.926721,0.313672,0.065992,-0.471306,-0.826651
-0.489501,0.065619,-0.143678,-0.858369,-0.368041,0.063198,0.017041,-0.926735,0.313567,0.065885,-0.471304,-0.826702
-0.489582,0.065675,-0.14366,-0.85832,-0.36797,0.063355,0.01661,-0.926763,0.313478,0.065802,-0.471306,-0.826742
-0.489665,0.065908,-0.143615,-0.858261,-0.367858,0.063403,0.016305,-0.926812,0.313393,0.065787,-0.471324,-0.826766
-0.489732,0.066217,-0.143521,-0.858211,-0.367777,0.063336,0.016056,-0.926856,0.313353,0.065731,-0.471405,-0.82674
-0.489736,0.06649,-0.143441,-0.858199,-0.367695,0.063172,0.015937,-0.926905,0.313342,0.065737,-0.47157,-0.826651
-0.489734,0.066709,-0.143442,-0.858181,-0.367615,0.062966,0.016002,-0.92695,0.313338,0.065801,-0.471703,-0.826573
-0.489696,0.066887,-0.143475,-0.858182,-0.367452,0.062774,0.016162,-0.927024,0.313276,0.065896,-0.471878,-0.826489
-0.489653,0.066941,-0.143473,-0.858202,-0.367401,0.062502,0.016438,-0.927057,0.313277,0.06597,-0.472066,-0.826376
-0.489614,0.067052,-0.143431,-0.858221,-0.367335,0.062069,0.016727,-0.927108,0.313224,0.066109,-0.472233,-0.82629
-0.489529,0.067172,-0.143377,-0.858268,-0.36735,0.061707,0.017071,-0.927119,0.313183,0.066199,-0.472338,-0.826238
-0.489405,0.067208,-0.143262,-0.858354,-0.36739,0.061278,0.017363,-0.927126,0.313194,0.066199,-0.472393,-0.826204
-0.489277,0.067166,-0.143217,-0.858439,-0.367383,0.061026,0.017532,-0.927143,0.313216,0.066112,-0.472368,-0.826217
-0.489107,0.067118,-0.14317,-0.858547,-0.367405,0.060959,0.01753,-0.92714,0.313278,0.066051,-0.472293,-0.826241
-0.488949,0.06703,-0.143111,-0.858654,-0.367406,0.061009,0.017562,-0.927134,0.313363,0.065931,-0.472159,-0.826294
-0.488866,0.067017,-0.143083,-0.858707,-0.367367,0.061163,0.017642,-0.927136,0.313429,0.065817,-0.471998,-0.826371
-0.488785,0.066891,-0.143177,-0.858748,-0.367425,0.061325,0.017598,-0.927102,0.313569,0.06559,-0.471793,-0.826452
-0.488703,0.066642,-0.143371,-0.858785,-0.367546,0.061441,0.017564,-0.927047,0.313618,0.065406,-0.471743,-0.826478
-0.488728,0.066286,-0.143631,-0.85876,-0.367666,0.061536,0.017314,-0.926999,0.313659,0.065345,-0.471727,-0.826477
-0.4888,0.065951,-0.143875,-0.858709,-0.367737,0.061587,0.016911,-0.926979,0.313698,0.065308,-0.471728,-0.826465
-0.488833,0.0656,-0.144171,-0.858673,-0.367765,0.061533,0.016412,-0.926986,0.313736,0.065311,-0.471644,-0.826497
-0.48893,0.065207,-0.144394,-0.858615,-0.36771,0.061301,0.016125,-0.927033,0.313768,0.065274,-0.471551,-0.826541
-0.488979,0.06485,-0.144427,-0.858611,-0.367575,0.060945,0.016112,-0.927113,0.313838,0.065228,-0.471405,-0.826601
-0.488972,0.064649,-0.144139,-0.858678,-0.36743,0.060536,0.016296,-0.927195,0.313912,0.065155,-0.471215,-0.826685
-0.488932,0.064583,-0.143674,-0.85878,-0.367292,0.06011,0.016603,-0.927271,0.31397,0.065144,-0.47102,-0.826773
-0.488746,0.06464,-0.14312,-0.858968,-0.367112,0.059737,0.016993,-0.927358,0.313998,0.065137,-0.470859,-0.826854
-0.48853,0.064674,-0.142627,-0.859166,-0.366875,0.05934,0.017578,-0.927464,0.314018,0.065171,-0.470751,-0.826903
-0.48836,0.064668,-0.142339,-0.859308,-0.366765,0.058889,0.018312,-0.927518,0.314048,0.065238,-0.470686,-0.826923
-0.488277,0.064625,-0.142183,-0.859383,-0.366573,0.058485,0.018895,-0.927605,0.314113,0.065336,-0.470621,-0.826925
-0.488124,0.064591,-0.142153,-0.859478,-0.366435,0.058275,0.019173,-0.927666,0.314171,0.065446,-0.470584,-0.826915
-0.487952,0.064621,-0.142137,-0.859576,-0.366271,0.058235,0.019109,-0.927735,0.314277,0.065597,-0.470616,-0.826844
-0.487762,0.064707,-0.142159,-0.859673,-0.366236,0.058372,0.018879,-0.927747,0.314435,0.065725,-0.470586,-0.826789
-0.487544,0.064808,-0.142306,-0.859765,-0.366153,0.058691,0.018681,-0.927762,0.314582,0.065837,-0.470605,-0.826711
-0.487369,0.064894,-0.142575,-0.859817,-0.366064,0.059095,0.018513,-0.927774,0.314764,0.065907,-0.47064,-0.826617
-0.487317,0.064921,-0.142849,-0.859801,-0.365976,0.059682,0.018475,-0.927768,0.3149,0.066001,-0.470667,-0.826542
-0.487333,0.064926,-0.143037,-0.859761,-0.365933,0.060365,0.018456,-0.927736,0.314959,0.066104,-0.470711,-0.826485
-0.487363,0.064915,-0.143175,-0.859723,-0.365902,0.061149,0.018389,-0.927693,0.315002,0.066182,-0.470652,-0.826495
-0.487355,0.064934,-0.143158,-0.85973,-0.365878,0.061816,0.018279,-0.927656,0.314997,0.066183,-0.470571,-0.826541
-0.487348,0.064971,-0.143064,-0.859745,-0.365829,0.062234,0.018018,-0.927653,0.315028,0.066145,-0.470463,-0.826594
-0.487353,0.064989,-0.14292,-0.859763,-0.365835,0.06243,0.017696,-0.927646,0.315077,0.066093,-0.470352,-0.826643
-0.487374,0.06502,-0.142832,-0.859762,-0.365772,0.062261,0.017369,-0.927692,0.315073,0.066072,-0.47025,-0.826702
-0.487486,0.064955,-0.142783,-0.859712,-0.36574,0.0618,0.017199,-0.927744,0.31506,0.066029,-0.470202,-0.826738
-0.487542,0.064868,-0.142784,-0.859687,-0.365715,0.061144,0.017232,-0.927801,0.315006,0.06606,-0.470192,-0.826762
-0.487512,0.06476,-0.1428,-0.85971,-0.365729,0.06045,0.017446,-0.927839,0.314969,0.066047,-0.470235,-0.826753
-0.48752,0.064676,-0.142887,-0.859699,-0.365664,0.059771,0.017888,-0.927902,0.314943,0.066039,-0.470331,-0.826709
-0.487503,0.064524,-0.142963,-0.859709,-0.365573,0.059213,0.018282,-0.927966,0.314908,0.066022,-0.470414,-0.826679
-0.487492,0.06437,-0.14301,-0.859721,-0.365563,0.058736,0.018688,-0.927991,0.314869,0.06603,-0.470443,-0.826676
-0.487486,0.06426,-0.143001,-0.859735,-0.365624,0.058455,0.018819,-0.927983,0.314844,0.066021,-0.470344,-0.826743
-0.487476,0.064129,-0.142892,-0.859769,-0.365734,0.058283,0.018796,-0.927953,0.314821,0.065954,-0.470295,-0.826785
-0.487485,0.063964,-0.142725,-0.859803,-0.365903,0.058222,0.018794,-0.92789,0.314868,0.065812,-0.470214,-0.826824
-0.487503,0.063838,-0.142745,-0.8598,-0.366108,0.058229,0.018806,-0.927809,0.31483,0.065674,-0.470142,-0.826891
-0.487609,0.063645,-0.142847,-0.859739,-0.366402,0.058334,0.018884,-0.927683,0.314775,0.065506,-0.470027,-0.826991
-0.487754,0.063465,-0.142962,-0.859653,-0.366668,0.058495,0.018977,-0.927564,0.314665,0.065379,-0.46985,-0.827144
-0.487997,0.063317,-0.143021,-0.859518,-0.366996,0.058778,0.019007,-0.927413,0.314545,0.065268,-0.469699,-0.827284
-0.488205,0.06312,-0.143059,-0.85941,-0.367295,0.059169,0.019016,-0.927267,0.314433,0.065158,-0.469601,-0.82739
-0.488394,0.063092,-0.143027,-0.859309,-0.367575,0.059609,0.018984,-0.927126,0.314263,0.065038,-0.469556,-0.827492
-0.488582,0.063079,-0.142962,-0.859214,-0.367795,0.05994,0.018887,-0.927018,0.31419,0.064893,-0.469447,-0.827593
-0.488752,0.063124,-0.1429,-0.859123,-0.367903,0.06013,0.018708,-0.926966,0.314142,0.064737,-0.469346,-0.827681
-0.488909,0.063174,-0.142866,-0.859035,-0.367897,0.060026,0.018552,-0.926982,0.314113,0.064636,-0.469306,-0.827723
-0.489069,0.063226,-0.142933,-0.858929,-0.367842,0.059712,0.01846,-0.927029,0.314052,0.06458,-0.469331,-0.827737
-0.489237,0.063412,-0.142875,-0.858827,-0.367834,0.059265,0.018426,-0.927066,0.313968,0.064625,-0.469431,-0.827708
-0.489308,0.063574,-0.142703,-0.858799,-0.36773,0.058659,0.018513,-0.927146,0.313875,0.064751,-0.469551,-0.827666
-0.489309,0.063722,-0.142631,-0.858799,-0.36757,0.058058,0.018675,-0.927247,0.313814,0.064896,-0.469684,-0.827602
-0.489253,0.063894,-0.142602,-0.858821,-0.36737,0.057578,0.018913,-0.927353,0.313722,0.065041,-0.469752,-0.827586
-0.489155,0.064062,-0.142523,-0.858876,-0.367291,0.057268,0.019103,-0.927399,0.313663,0.065151,-0.469856,-0.827541
-0.489063,0.064226,-0.142378,-0.858938,-0.367266,0.057105,0.019305,-0.927414,0.313655,0.065337,-0.469922,-0.827491
-0.488964,0.064401,-0.142276,-0.858995,-0.367226,0.057105,0.019449,-0.927425,0.313675,0.065508,-0.469949,-0.827454
-0.488845,0.064516,-0.142258,-0.859056,-0.367266,0.057195,0.019556,-0.9274,0.313695,0.065703,-0.46998,-0.827412
-0.488775,0.064585,-0.142155,-0.859107,-0.367262,0.057418,0.019639,-0.927384,0.313683,0.065893,-0.469947,-0.827418
-0.488758,0.064584,-0.142111,-0.859124,-0.367341,0.057712,0.019731,-0.927329,0.313638,0.06604,-0.469873,-0.827462
-0.488779,0.064592,-0.142037,-0.859123,-0.367375,0.058119,0.019919,-0.927281,0.313606,0.066187,-0.469799,-0.827503
-0.488821,0.064498,-0.141949,-0.85912,-0.367487,0.058609,0.020046,-0.927199,0.31356,0.066235,-0.46967,-0.827588
-0.48898,0.064503,-0.141781,-0.859055,-0.36765,0.059202,0.020226,-0.927087,0.313523,0.066222,-0.469464,-0.827719
-0.489096,0.06449,-0.141621,-0.859015,-0.367797,0.059692,0.020245,-0.926993,0.313507,0.066179,-0.46924,-0.827854
-0.489184,0.064514,-0.14152,-0.858979,-0.367854,0.059955,0.020167,-0.926954,0.313429,0.066162,-0.469052,-0.82799
-0.489288,0.064423,-0.141471,-0.858935,-0.367887,0.059906,0.019946,-0.926951,0.313345,0.066142,-0.468865,-0.828127
-0.489384,0.064331,-0.14142,-0.858896,-0.367906,0.059544,0.019682,-0.926978,0.313311,0.066142,-0.468718,-0.828222
-0.489549,0.064255,-0.141414,-0.858808,-0.367933,0.058985,0.019505,-0.927012,0.313243,0.066218,-0.468721,-0.82824
-0.489713,0.064243,-0.141277,-0.858737,-0.367951,0.058394,0.019414,-0.92705,0.313146,0.066357,-0.46876,-0.828243
-0.489795,0.064297,-0.141135,-0.858708,-0.367918,0.05785,0.0195,-0.927098,0.313043,0.066503,-0.468764,-0.828266
-0.489817,0.064352,-0.14106,-0.858702,-0.367945,0.057319,0.019864,-0.927113,0.312929,0.066645,-0.468777,-0.828289
-0.489807,0.064379,-0.14102,-0.858712,-0.367875,0.05691,0.020341,-0.927154,0.312811,0.066815,-0.468805,-0.828304
-0.489779,0.064363,-0.140944,-0.858741,-0.36784,0.056676,0.020804,-0.927169,0.31277,0.066955,-0.468767,-0.828328
-0.489775,0.064392,-0.140769,-0.858768,-0.367788,0.056642,0.021203,-0.927179,0.312715,0.067091,-0.468737,-0.828352
-0.489719,0.064474,-0.14049,-0.858836,-0.367748,0.056781,0.021472,-0.927177,0.312705,0.067205,-0.4687,-0.828366
-0.489623,0.064604,-0.140158,-0.858931,-0.367798,0.057027,0.021669,-0.927133,0.312706,0.067224,-0.468604,-0.828418
-0.489561,0.064721,-0.139939,-0.858991,-0.367799,0.057344,0.021817,-0.927106,0.312687,0.067232,-0.468477,-0.828495
-0.48949,0.064782,-0.139832,-0.859044,-0.367886,0.057686,0.021894,-0.927046,0.312657,0.067196,-0.468407,-0.828548
-0.489514,0.064853,-0.139892,-0.859014,-0.36795,0.058096,0.021945,-0.926989,0.312673,0.067215,-0.468316,-0.828591
-0.489516,0.064791,-0.140088,-0.858988,-0.367957,0.058534,0.021887,-0.926957,0.312629,0.067224,-0.468295,-0.828619
-0.489499,0.064805,-0.140249,-0.858971,-0.367951,0.059105,0.021756,-0.926924,0.312597,0.067272,-0.468303,-0.828623
-0.489524,0.064777,-0.140408,-0.858935,-0.36792,0.059666,0.021501,-0.926905,0.312681,0.067273,-0.468275,-0.828606
-0.489534,0.064845,-0.140494,-0.858911,-0.367872,0.060127,0.021074,-0.926905,0.312694,0.067263,-0.468281,-0.828599
-0.489472,0.06492,-0.140615,-0.85892,-0.36778,0.060357,0.020574,-0.92694,0.312764,0.06722,-0.468357,-0.828533
-0.48937,0.065052,-0.140641,-0.858964,-0.367649,0.060284,0.020088,-0.927014,0.312832,0.067271,-0.468435,-0.82846
-0.489301,0.065181,-0.140663,-0.858989,-0.367554,0.059983,0.019659,-0.927087,0.312892,0.06733,-0.468555,-0.828365
-0.489273,0.065371,-0.140718,-0.858981,-0.367486,0.059562,0.019422,-0.927152,0.312938,0.06739,-0.468733,-0.828243
-0.489243,0.065492,-0.140818,-0.858973,-0.367371,0.059062,0.019424,-0.927232,0.313022,0.067434,-0.468913,-0.828107
-0.489148,0.065671,-0.140964,-0.85899,-0.367182,0.05853,0.019546,-0.927341,0.31308,0.067473,-0.469132,-0.82796
-0.489072,0.065819,-0.141121,-0.858995,-0.366999,0.058133,0.019677,-0.927438,0.313117,0.067571,-0.469286,-0.827851
-0.488934,0.065889,-0.141312,-0.859039,-0.366878,0.057782,0.019872,-0.927503,0.313211,0.06769,-0.469474,-0.827699
-0.488783,0.065992,-0.14138,-0.859107,-0.366731,0.057566,0.019925,-0.927574,0.313331,0.06774,-0.469702,-0.827522
-0.488554,0.066042,-0.141386,-0.859231,-0.366595,0.057464,0.020038,-0.927632,0.313446,0.067775,-0.469833,-0.827401
-0.488382,0.066105,-0.14134,-0.859332,-0.366542,0.057481,0.020312,-0.927643,0.313579,0.067842,-0.469951,-0.82728
-0.488177,0.066121,-0.141368,-0.859443,-0.366513,0.057569,0.020474,-0.927643,0.313715,0.067852,-0.469953,-0.827225
-0.488052,0.066084,-0.141402,-0.859512,-0.366525,0.057703,0.02067,-0.927622,0.313828,0.067884,-0.469911,-0.827203
-0.48802,0.065991,-0.141415,-0.859536,-0.366472,0.057951,0.020997,-0.927615,0.313973,0.06787,-0.469821,-0.8272
-0.488022,0.065887,-0.141453,-0.859538,-0.366511,0.058309,0.021269,-0.927566,0.31403,0.06781,-0.469736,-0.827231
-0.488021,0.065844,-0.141417,-0.859546,-0.366568,0.058752,0.021408,-0.927507,0.314086,0.067735,-0.469584,-0.827302
-0.488036,0.065742,-0.14125,-0.859573,-0.366642,0.059221,0.021376,-0.927446,0.314173,0.067701,-0.469478,-0.82733
-0.488039,0.065715,-0.141171,-0.859585,-0.366715,0.059598,0.021148,-0.927398,0.31424,0.067581,-0.469326,-0.827401
-0.488038,0.065634,-0.141242,-0.859582,-0.366799,0.059821,0.020788,-0.927361,0.314286,0.067436,-0.469195,-0.82747
-0.488088,0.06553,-0.141356,-0.859545,-0.36684,0.059823,0.020412,-0.927356,0.314325,0.067292,-0.469111,-0.827515
-0.488126,0.065372,-0.141588,-0.8595,-0.366842,0.059648,0.020117,-0.927378,0.314399,0.067182,-0.469066,-0.827522
-0.488166,0.065317,-0.141749,-0.859457,-0.366841,0.059262,0.01992,-0.927412,0.314449,0.067094,-0.469079,-0.827504
-0.488163,0.065264,-0.141886,-0.859441,-0.366715,0.058764,0.019931,-0.927496,0.314478,0.067122,-0.469163,-0.827444
-0.488116,0.065344,-0.141923,-0.859456,-0.366545,0.058133,0.020029,-0.927605,0.314537,0.067091,-0.469248,-0.827376
-0.488048,0.065443,-0.141934,-0.859484,-0.36635,0.057509,0.02031,-0.927716,0.314603,0.067076,-0.469403,-0.827265
-0.487851,0.065507,-0.141849,-0.859605,-0.366148,0.056991,0.020656,-0.927821,0.314669,0.067162,-0.469527,-0.827163
-0.487638,0.065664,-0.141732,-0.859731,-0.365924,0.056573,0.021036,-0.927926,0.314683,0.067176,-0.469617,-0.827106
-0.487397,0.065768,-0.141676,-0.859867,-0.365699,0.056344,0.02144,-0.928016,0.314677,0.067304,-0.46974,-0.827028
-0.487184,0.065822,-0.141638,-0.85999,-0.365594,0.056274,0.021742,-0.928053,0.314716,0.067388,-0.469863,-0.826937
-0.487063,0.065812,-0.141559,-0.860072,-0.365501,0.056339,0.021951,-0.928077,0.314736,0.067418,-0.46986,-0.826929
-0.486983,0.065778,-0.141533,-0.860124,-0.365465,0.056521,0.022197,-0.928071,0.314741,0.067413,-0.46976,-0.826983
-0.486925,0.065802,-0.141446,-0.860168,-0.365414,0.056808,0.022322,-0.928067,0.314738,0.067425,-0.46962,-0.827061
-0.486906,0.06578,-0.141427,-0.860183,-0.365416,0.057168,0.022394,-0.928039,0.314699,0.067391,-0.469522,-0.827134
-0.486898,0.065756,-0.141409,-0.860193,-0.365441,0.057559,0.022334,-0.928004,0.314729,0.067397,-0.469452,-0.827161
-0.486893,0.065731,-0.141375,-0.860203,-0.365547,0.057907,0.022185,-0.927943,0.31472,0.067428,-0.469475,-0.827149
-0.48696,0.065683,-0.141414,-0.860162,-0.365645,0.058348,0.02197,-0.927881,0.314753,0.067348,-0.469449,-0.827158
-0.487009,0.065672,-0.141516,-0.860121,-0.365678,0.05864,0.021715,-0.927856,0.314732,0.067287,-0.469385,-0.827207
-0.487027,0.065577,-0.141741,-0.860083,-0.3657,0.058659,0.02147,-0.927855,0.31472,0.067142,-0.469387,-0.827223
-0.487082,0.065465,-0.14195,-0.860029,-0.365641,0.058536,0.021221,-0.927894,0.314724,0.06705,-0.469405,-0.82722
-0.487112,0.065405,-0.142063,-0.859999,-0.365586,0.058233,0.020984,-0.927945,0.314778,0.066951,-0.469408,-0.827206
-0.487161,0.065384,-0.142073,-0.859972,-0.365453,0.057815,0.020818,-0.928032,0.314828,0.066944,-0.469476,-0.827151
-0.487176,0.065472,-0.141945,-0.859976,-0.365316,0.057341,0.020681,-0.928123,0.314875,0.066935,-0.469588,-0.827071
-0.487107,0.065561,-0.141924,-0.860011,-0.365222,0.056908,0.020652,-0.928191,0.314912,0.066938,-0.46974,-0.826971
-0.48699,0.065612,-0.14183,-0.860087,-0.365135,0.056439,0.020733,-0.928255,0.31495,0.067017,-0.469876,-0.826874
-0.486875,0.065637,-0.141753,-0.860162,-0.365027,0.056058,0.020912,-0.928317,0.315002,0.067103,-0.469999,-0.826777
-0.486806,0.065599,-0.141662,-0.860219,-0.364939,0.055852,0.021116,-0.928359,0.315018,0.067208,-0.470091,-0.82671
-0.486766,0.065589,-0.141656,-0.860243,-0.364943,0.055817,0.021257,-0.928355,0.315044,0.067273,-0.470076,-0.826703
-0.486714,0.065619,-0.141586,-0.860281,-0.36498,0.055889,0.021442,-0.92833,0.315077,0.067294,-0.470021,-0.826719
-0.48666,0.065588,-0.141521,-0.860325,-0.365058,0.056131,0.021542,-0.92828,0.315054,0.067253,-0.469922,-0.826787
-0.48661,0.065594,-0.14152,-0.860352,-0.365128,0.056431,0.021637,-0.928229,0.314998,0.067189,-0.469806,-0.826879
-0.486651,0.065582,-0.141521,-0.86033,-0.365224,0.056757,0.02169,-0.928166,0.314932,0.067131,-0.469669,-0.826987
-0.48677,0.065549,-0.141508,-0.860267,-0.365359,0.057122,0.021762,-0.928086,0.314841,0.067024,-0.469587,-0.827076
-0.486882,0.065487,-0.141621,-0.860192,-0.365598,0.057513,0.021746,-0.927966,0.314797,0.066931,-0.469487,-0.827158
-0.486996,0.065357,-0.141729,-0.860121,-0.365728,0.057867,0.021659,-0.927892,0.314698,0.066836,-0.469479,-0.827208
-0.487072,0.065269,-0.141834,-0.860068,-0.365833,0.058155,0.021459,-0.927837,0.314622,0.066844,-0.46946,-0.827247
-0.48716,0.065172,-0.141891,-0.860019,-0.365824,0.058303,0.021218,-0.927839,0.314577,0.066887,-0.469483,-0.827247
-0.487249,0.06505,-0.142021,-0.859958,-0.36576,0.058212,0.021016,-0.927877,0.31452,0.066906,-0.469491,-0.827263
-0.487292,0.064989,-0.141941,-0.859951,-0.365624,0.057929,0.021025,-0.92795,0.314434,0.066958,-0.469445,-0.827317
-0.487327,0.06498,-0.141649,-0.859977,-0.365526,0.057489,0.02107,-0.928017,0.314308,0.066968,-0.469412,-0.827383
-0.487324,0.064975,-0.141206,-0.860047,-0.365382,0.056954,0.021239,-0.928105,0.314224,0.06701,-0.469338,-0.827452
-0.487216,0.065017,-0.140625,-0.860196,-0.365203,0.056451,0.021533,-0.928201,0.314075,0.067092,-0.469312,-0.827516
-0.487034,0.065031,-0.140098,-0.860378,-0.364973,0.056039,0.021928,-0.928306,0.313954,0.067197,-0.469244,-0.82759
-0.486885,0.065051,-0.139751,-0.860515,-0.364737,0.055677,0.022404,-0.928407,0.313864,0.067332,-0.469155,-0.827661
-0.486745,0.065041,-0.139499,-0.860633,-0.364544,0.055336,0.022896,-0.928489,0.313802,0.067415,-0.469099,-0.827709
-0.486573,0.065035,-0.13935,-0.860753,-0.364502,0.054971,0.023377,-0.928513,0.313784,0.067538,-0.469099,-0.827705
-0.486476,0.064994,-0.139263,-0.860825,-0.364546,0.054748,0.023806,-0.928495,0.313791,0.067677,-0.469164,-0.827653
-0.486389,0.065034,-0.139156,-0.860887,-0.364611,0.054593,0.024202,-0.928466,0.313811,0.067809,-0.469236,-0.827594
-0.486355,0.065017,-0.139096,-0.860917,-0.364755,0.054611,0.02443,-0.928399,0.313858,0.067972,-0.469282,-0.827535
-0.486393,0.064967,-0.139203,-0.860883,-0.364926,0.054711,0.024494,-0.928323,0.313882,0.068029,-0.4693,-0.827511
-0.486479,0.06495,-0.139351,-0.860814,-0.365083,0.054977,0.024486,-0.928244,0.313912,0.06801,-0.46926,-0.827523
-0.486588,0.064998,-0.139504,-0.860724,-0.365286,0.055231,0.024457,-0.92815,0.31393,0.067981,-0.469181,-0.827563
-0.486714,0.065034,-0.13965,-0.860628,-0.365477,0.055585,0.024279,-0.928056,0.313958,0.067935,-0.469123,-0.827589
-0.48686,0.064994,-0.139815,-0.860523,-0.365637,0.055975,0.023984,-0.927977,0.313978,0.06784,-0.469113,-0.827596
-0.486943,0.064966,-0.13995,-0.860457,-0.365768,0.056334,0.023589,-0.927916,0.314045,0.06773,-0.469047,-0.827618
-0.487081,0.064941,-0.140059,-0.860366,-0.365801,0.05645,0.023056,-0.927914,0.314095,0.067654,-0.469011,-0.827625
-0.487145,0.06487,-0.14023,-0.860309,-0.365651,0.056314,0.022541,-0.928,0.314121,0.067633,-0.468993,-0.827628
-0.487274,0.064894,-0.140327,-0.860218,-0.365609,0.055991,0.022182,-0.928051,0.31415,0.067533,-0.468937,-0.827656
-0.487334,0.064972,-0.140333,-0.860176,-0.365515,0.055641,0.021884,-0.928121,0.314165,0.067425,-0.468986,-0.827634
-0.487306,0.065021,-0.140362,-0.860184,-0.36539,0.055366,0.021673,-0.928196,0.314207,0.067251,-0.469021,-0.827613
-0.487275,0.065045,-0.140385,-0.860196,-0.365212,0.055255,0.02165,-0.928274,0.314214,0.06716,-0.469127,-0.82756
-0.48719,0.065144,-0.140524,-0.860215,-0.365106,0.05527,0.021831,-0.928309,0.314173,0.067202,-0.469281,-0.827486
-0.487101,0.065221,-0.140603,-0.860247,-0.364992,0.055335,0.022125,-0.928339,0.314184,0.067291,-0.469422,-0.827395
-0.487052,0.06536,-0.140617,-0.860261,-0.364995,0.055372,0.022439,-0.928325,0.314244,0.067412,-0.469643,-0.827237
-0.487058,0.06548,-0.140607,-0.86025,-0.365095,0.055397,0.022692,-0.928275,0.314271,0.067529,-0.469833,-0.82711
-0.486967,0.065689,-0.140653,-0.860276,-0.365165,0.055401,0.022876,-0.928241,0.314267,0.067587,-0.469976,-0.827026
-0.486916,0.065971,-0.140708,-0.860274,-0.365249,0.055568,0.023003,-0.928193,0.314228,0.067608,-0.470125,-0.826956
-0.48691,0.066173,-0.140853,-0.860237,-0.365441,0.055828,0.022919,-0.928102,0.314153,0.067622,-0.470262,-0.826907
-0.486992,0.066324,-0.141019,-0.860152,-0.365626,0.056144,0.022721,-0.928015,0.314076,0.067569,-0.47043,-0.826847
-0.487139,0.066481,-0.141191,-0.860029,-0.365877,0.056497,0.022534,-0.927899,0.313931,0.067511,-0.470579,-0.826824
-0.487266,0.066499,-0.141413,-0.859921,-0.36608,0.056847,0.022368,-0.9278,0.313761,0.067442,-0.470691,-0.826832
-0.487491,0.066515,-0.14166,-0.859753,-0.366363,0.057126,0.022257,-0.927674,0.313586,0.067366,-0.470748,-0.826874
-0.487702,0.066395,-0.141901,-0.859606,-0.366658,0.057316,0.021981,-0.927554,0.313442,0.067274,-0.470773,-0.826923
-0.487944,0.066253,-0.141967,-0.85947,-0.366891,0.057407,0.021604,-0.927468,0.313418,0.067208,-0.47076,-0.826945
-0.488214,0.066096,-0.141985,-0.859327,-0.367159,0.057382,0.021202,-0.927378,0.313358,0.0671,-0.470686,-0.827019
-0.488425,0.066037,-0.141803,-0.85924,-0.367363,0.057307,0.020741,-0.927316,0.313179,0.067043,-0.470592,-0.827145
-0.488589,0.065806,-0.141532,-0.859208,-0.367545,0.057234,0.020502,-0.927258,0.313004,0.066994,-0.470425,-0.82731
-0.488898,0.065563,-0.141178,-0.859109,-0.367693,0.05713,0.020518,-0.927205,0.312818,0.066907,-0.470231,-0.827496
-0.489183,0.065449,-0.140784,-0.859015,-0.36781,0.056998,0.020806,-0.927159,0.312606,0.066835,-0.470001,-0.827711
-0.489373,0.065458,-0.140362,-0.858972,-0.367949,0.056854,0.021109,-0.927104,0.312424,0.066744,-0.469755,-0.827925
-0.489519,0.065534,-0.140045,-0.858931,-0.368058,0.056755,0.021379,-0.927058,0.312265,0.06669,-0.469655,-0.828046
-0.489599,0.065696,-0.13969,-0.858926,-0.368207,0.056641,0.021643,-0.926998,0.312098,0.066658,-0.469599,-0.828145
-0.4896,0.065844,-0.139476,-0.858946,-0.368329,0.056589,0.021924,-0.926944,0.312049,0.066709,-0.469647,-0.828131
-0.489526,0.066056,-0.139448,-0.858976,-0.368452,0.05664,0.022262,-0.92688,0.312035,0.06678,-0.46978,-0.828056
-0.489519,0.066213,-0.139501,-0.858958,-0.368568,0.056752,0.022517,-0.926818,0.311988,0.066835,-0.469908,-0.827996
-0.48946,0.066344,-0.139627,-0.858961,-0.368662,0.057026,0.022604,-0.926759,0.311974,0.066936,-0.469995,-0.827944
-0.489431,0.066429,-0.139739,-0.858953,-0.368719,0.057314,0.022586,-0.926717,0.311965,0.067094,-0.470092,-0.827879
-0.489442,0.066488,-0.139765,-0.858938,-0.368742,0.057675,0.022671,-0.92668,0.311912,0.067171,-0.470137,-0.827867
-0.489479,0.066539,-0.139808,-0.858906,-0.368806,0.058026,0.022676,-0.92663,0.311805,0.067292,-0.470138,-0.827895
-0.489537,0.066569,-0.139893,-0.858857,-0.368824,0.058305,0.022727,-0.926601,0.311729,0.06737,-0.470098,-0.82794
-0.48958,0.066553,-0.139921,-0.85883,-0.368798,0.058647,0.022755,-0.926587,0.311666,0.067461,-0.470024,-0.827997
-0.489645,0.066445,-0.139975,-0.858794,-0.368729,0.058909,0.022741,-0.926597,0.311674,0.06746,-0.469882,-0.828073
-0.489663,0.066332,-0.139915,-0.858802,-0.368674,0.059027,0.022618,-0.926613,0.311646,0.067504,-0.469724,-0.828168
-0.489591,0.066189,-0.139758,-0.858879,-0.368546,0.058956,0.022604,-0.92667,0.311558,0.067484,-0.469564,-0.828293
-0.489522,0.065996,-0.139648,-0.858951,-0.368352,0.058783,0.022642,-0.926758,0.311575,0.067526,-0.46941,-0.828368
-0.489412,0.065848,-0.139524,-0.859046,-0.368166,0.058497,0.022764,-0.926847,0.31161,0.067569,-0.469246,-0.828442
-0.489305,0.065764,-0.139391,-0.859134,-0.368002,0.058133,0.022875,-0.926935,0.311641,0.067634,-0.469151,-0.828478
-0.489186,0.065737,-0.139203,-0.859233,-0.367842,0.057856,0.023134,-0.927008,0.311642,0.067722,-0.469109,-0.828493
-0.48908,0.065657,-0.139006,-0.85933,-0.367666,0.057591,0.023401,-0.927087,0.311678,0.067856,-0.469134,-0.828453
-0.488965,0.065702,-0.138831,-0.859419,-0.367487,0.057358,0.023659,-0.927165,0.311723,0.067985,-0.469162,-0.828409
-0.488802,0.065735,-0.138754,-0.85952,-0.367407,0.057055,0.023893,-0.927209,0.311783,0.068116,-0.469205,-0.828351
-0.488662,0.065753,-0.138681,-0.85961,-0.367392,0.056783,0.024074,-0.927227,0.311876,0.06826,-0.469234,-0.828286
-0.48855,0.06578,-0.138595,-0.859684,-0.367463,0.056548,0.024189,-0.927211,0.311988,0.068325,-0.469243,-0.828233
-0.488503,0.065812,-0.13861,-0.859706,-0.367597,0.05641,0.024278,-0.927164,0.312078,0.06837,-0.469224,-0.828205
-0.488523,0.065819,-0.138722,-0.859677,-0.3678,0.056261,0.024375,-0.92709,0.312146,0.068342,-0.469201,-0.828195
-0.488574,0.065808,-0.138903,-0.859621,-0.367977,0.056188,0.024251,-0.92703,0.312148,0.068195,-0.46908,-0.828275
-0.488682,0.065781,-0.138982,-0.85955,-0.368165,0.056184,0.024041,-0.926963,0.312097,0.068078,-0.468951,-0.828377
-0.488766,0.065768,-0.139098,-0.859485,-0.368424,0.05623,0.023925,-0.926861,0.312036,0.067974,-0.468845,-0.828469
-0.488891,0.065784,-0.139229,-0.859394,-0.368593,0.056335,0.023812,-0.926791,0.311958,0.067828,-0.468769,-0.828553
-0.488993,0.065734,-0.139396,-0.859314,-0.368778,0.056473,0.02364,-0.926714,0.31191,0.067584,-0.468696,-0.828634
-0.4891,0.065625,-0.139594,-0.859232,-0.368901,0.056587,0.023394,-0.926666,0.311895,0.067414,-0.468677,-0.828666
-0.489166,0.065501,-0.139711,-0.859186,-0.368956,0.056595,0.023037,-0.926656,0.311937,0.067245,-0.468594,-0.828712
-0.489129,0.06526,-0.139848,-0.859207,-0.368906,0.05644,0.022676,-0.9267,0.311955,0.067082,-0.468501,-0.828771
-0.489078,0.06498,-0.139913,-0.859249,-0.3688,0.056184,0.022497,-0.926766,0.311971,0.066907,-0.468429,-0.828821
-0.489044,0.064593,-0.139891,-0.859304,-0.368563,0.055922,0.022515,-0.926877,0.312002,0.066756,-0.468362,-0.828861
-0.488994,0.064365,-0.139728,-0.859376,-0.368325,0.055528,0.022708,-0.926991,0.312007,0.066722,-0.468413,-0.828833
-0.489008,0.0643,-0.139396,-0.859423,-0.368114,0.055104,0.023142,-0.927087,0.311999,0.066771,-0.468443,-0.828816
-0.488907,0.064241,-0.13907,-0.859535,-0.367953,0.05467,0.023606,-0.927164,0.311954,0.066828,-0.468539,-0.828774
-0.488806,0.064294,-0.138735,-0.859641,-0.367743,0.054299,0.024023,-0.927257,0.311955,0.066889,-0.468613,-0.828726
-0.488704,0.064375,-0.138552,-0.859719,-0.367625,0.054021,0.024303,-0.927312,0.312011,0.066924,-0.468697,-0.828655
-0.488559,0.064477,-0.138472,-0.859806,-0.36765,0.053868,0.024536,-0.927304,0.31208,0.066964,-0.468825,-0.828555
-0.488544,0.064574,-0.138485,-0.859804,-0.367746,0.053829,0.024655,-0.927263,0.312101,0.066922,-0.468904,-0.828506
-0.488596,0.064653,-0.138592,-0.859752,-0.367914,0.053933,0.024681,-0.927189,0.312186,0.066969,-0.468983,-0.828427
-0.488721,0.064788,-0.138764,-0.859644,-0.368214,0.054108,0.024598,-0.927062,0.31223,0.067024,-0.469079,-0.82835
-0.488829,0.064915,-0.138998,-0.859536,-0.36853,0.054402,0.024369,-0.926925,0.312212,0.067104,-0.469135,-0.82832
-0.489001,0.06505,-0.139236,-0.85939,-0.368828,0.054766,0.024025,-0.926796,0.312115,0.067115,-0.469273,-0.828278
-0.489204,0.065204,-0.139465,-0.859227,-0.369152,0.055137,0.023594,-0.926658,0.312065,0.067094,-0.46937,-0.828244
-0.489406,0.06532,-0.139723,-0.859063,-0.369397,0.055557,0.023165,-0.926547,0.31197,0.067026,-0.469446,-0.828244
-0.489627,0.06536,-0.139989,-0.858893,-0.369659,0.055974,0.022701,-0.926431,0.311863,0.06692,-0.469462,-0.828285
-0.4898,0.065399,-0.140153,-0.858766,-0.369873,0.056315,0.022219,-0.926338,0.31178,0.066771,-0.469491,-0.828314
-0.489929,0.065439,-0.140234,-0.858676,-0.370041,0.056546,0.021775,-0.926271,0.311709,0.06664,-0.469443,-0.828379
-0.490009,0.065359,-0.140132,-0.858653,-0.370174,0.056561,0.021485,-0.926227,0.311668,0.066529,-0.46941,-0.828423
-0.490131,0.065202,-0.139903,-0.85863,-0.370159,0.056455,0.021448,-0.92624,0.311553,0.066417,-0.469319,-0.828526
-0.490152,0.065078,-0.139542,-0.858685,-0.370078,0.056268,0.021527,-0.926283,0.311423,0.066375,-0.469292,-0.828595
-0.490149,0.06503,-0.139163,-0.858748,-0.369935,0.055987,0.021772,-0.926351,0.311303,0.066345,-0.469221,-0.828682
-0.490156,0.065075,-0.13876,-0.858802,-0.369809,0.055673,0.022138,-0.926411,0.311219,0.066357,-0.469207,-0.82872
-0.490123,0.065199,-0.138421,-0.858862,-0.369677,0.055333,0.022545,-0.926471,0.311188,0.066442,-0.469244,-0.828704
-0.49008,0.065311,-0.13816,-0.858917,-0.369522,0.055065,0.022869,-0.92654,0.311138,0.066539,-0.469341,-0.82866
-0.490027,0.065332,-0.138091,-0.858956,-0.369425,0.054824,0.023137,-0.926585,0.31108,0.066632,-0.469478,-0.828598
-0.489966,0.06537,-0.138208,-0.85897,-0.369432,0.054552,0.023246,-0.926597,0.3111,0.066737,-0.469609,-0.828507
-0.489937,0.065299,-0.138395,-0.858964,-0.369518,0.05437,0.02328,-0.926574,0.311128,0.066718,-0.469671,-0.828464
-0.489895,0.065225,-0.138594,-0.858963,-0.369593,0.054258,0.023194,-0.926554,0.311112,0.066697,-0.469724,-0.828442
-0.489855,0.065267,-0.138768,-0.858957,-0.369646,0.054223,0.023088,-0.926539,0.311111,0.066583,-0.469702,-0.828465
-0.489787,0.065309,-0.139035,-0.858951,-0.369777,0.054325,0.023064,-0.926481,0.31114,0.066458,-0.469625,-0.828508
-0.489755,0.065276,-0.139215,-0.858945,-0.369905,0.054471,0.023068,-0.92642,0.311128,0.066399,-0.469631,-0.828514
-0.489828,0.065254,-0.139395,-0.858878,-0.370007,0.054623,0.023121,-0.926368,0.311092,0.066275,-0.469645,-0.828531
-0.48994,0.065216,-0.139492,-0.858802,-0.370139,0.054771,0.023118,-0.926305,0.311089,0.066128,-0.469649,-0.828543
-0.490061,0.065138,-0.139526,-0.858734,-0.370355,0.054924,0.023046,-0.926212,0.311066,0.065933,-0.469584,-0.828606
-0.490136,0.065007,-0.139528,-0.858701,-0.370565,0.054928,0.02293,-0.926131,0.311079,0.06568,-0.46943,-0.828709
-0.490256,0.064738,-0.139488,-0.858662,-0.370754,0.054675,0.02261,-0.926084,0.311066,0.065371,-0.469227,-0.828854
-0.490413,0.064404,-0.139561,-0.858588,-0.370926,0.054176,0.022235,-0.926061,0.311143,0.065202,-0.468974,-0.828982
-0.490572,0.063938,-0.139608,-0.858529,-0.371114,0.053533,0.021853,-0.92604,0.311184,0.065034,-0.468766,-0.829096
-0.490674,0.063462,-0.139586,-0.858512,-0.371151,0.052946,0.02154,-0.926074,0.311205,0.064944,-0.468561,-0.82921
-0.490786,0.063171,-0.139472,-0.858489,-0.371095,0.052434,0.021467,-0.926132,0.31115,0.064864,-0.468443,-0.829304
-0.490796,0.062938,-0.139343,-0.858521,-0.370926,0.052031,0.021761,-0.926215,0.311147,0.064881,-0.468379,-0.829338
-0.490775,0.062893,-0.139066,-0.858579,-0.370742,0.051794,0.022289,-0.926286,0.311189,0.064943,-0.468284,-0.829371
-0.490699,0.062962,-0.138766,-0.858663,-0.37056,0.051698,0.022888,-0.926344,0.311228,0.065055,-0.468215,-0.829385
-0.490578,0.063097,-0.138402,-0.858777,-0.370439,0.051575,0.023481,-0.926379,0.311275,0.065173,-0.468229,-0.829349
-0.490393,0.063217,-0.138086,-0.858921,-0.370341,0.051407,0.023929,-0.926413,0.311318,0.065224,-0.46826,-0.829311
-0.490228,0.063378,-0.137894,-0.859031,-0.370351,0.051342,0.024212,-0.926404,0.311342,0.065306,-0.468263,-0.829293
-0.490098,0.063523,-0.137739,-0.859117,-0.370431,0.051324,0.024264,-0.926371,0.311338,0.065418,-0.468244,-0.829295
-0.490014,0.06365,-0.137833,-0.859141,-0.37054,0.051417,0.024183,-0.926325,0.311312,0.065468,-0.46825,-0.829297
-0.489986,0.063705,-0.138093,-0.859113,-0.370607,0.051634,0.023981,-0.926291,0.311353,0.065534,-0.468259,-0.829271
-0.48995,0.063758,-0.138524,-0.859064,-0.370686,0.051942,0.02379,-0.926247,0.311353,0.065562,-0.468225,-0.829287
-0.489951,0.063759,-0.138956,-0.858997,-0.3707,0.052303,0.023685,-0.926222,0.311353,0.065643,-0.468282,-0.829247
-0.489959,0.063789,-0.13929,-0.858939,-0.370646,0.052765,0.023496,-0.926221,0.311296,0.065655,-0.468405,-0.829201
-0.489982,0.063823,-0.139498,-0.858892,-0.370622,0.053275,0.023277,-0.926205,0.311311,0.065684,-0.468484,-0.829148
-0.48992,0.063952,-0.139543,-0.85891,-0.370569,0.053753,0.023026,-0.926204,0.311342,0.065709,-0.468485,-0.829135
-0.489873,0.063999,-0.139531,-0.858933,-0.370554,0.054098,0.022769,-0.926196,0.311319,0.065722,-0.468462,-0.829154
-0.489841,0.063906,-0.13944,-0.858974,-0.370442,0.054249,0.02251,-0.92624,0.311274,0.065707,-0.468465,-0.82917
-0.489788,0.063819,-0.139282,-0.859036,-0.370236,0.054091,0.022414,-0.926337,0.311236,0.065669,-0.468401,-0.829224
-0.489784,0.063821,-0.139175,-0.859054,-0.370011,0.053834,0.022421,-0.926442,0.311168,0.065605,-0.468401,-0.829255
-0.489786,0.063789,-0.138974,-0.859086,-0.36973,0.053516,0.022622,-0.926568,0.31113,0.065624,-0.468417,-0.829259
-0.489663,0.063949,-0.138604,-0.8592,-0.36936,0.053272,0.02286,-0.926723,0.311068,0.065692,-0.468462,-0.829251
-0.489477,0.064117,-0.138332,-0.859333,-0.369009,0.053057,0.023273,-0.926863,0.311041,0.065762,-0.468536,-0.829214
-0.489299,0.064267,-0.138187,-0.859445,-0.368817,0.0529,0.023665,-0.926935,0.311096,0.065893,-0.468714,-0.829083
-0.489041,0.064431,-0.13817,-0.85958,-0.368675,0.052745,0.023995,-0.92699,0.311128,0.06601,-0.468914,-0.828948
-0.488872,0.064512,-0.138333,-0.859646,-0.368614,0.052686,0.024177,-0.92701,0.31117,0.06609,-0.469186,-0.828775
-0.488795,0.064557,-0.138582,-0.859648,-0.368633,0.052747,0.024128,-0.927002,0.311253,0.066192,-0.469449,-0.828588
-0.488729,0.064662,-0.138902,-0.859628,-0.368693,0.052883,0.023919,-0.926976,0.311325,0.066246,-0.46963,-0.828454
-0.488685,0.064762,-0.139274,-0.859589,-0.368898,0.053083,0.023648,-0.926892,0.311377,0.066222,-0.469754,-0.828369
-0.488722,0.064878,-0.139643,-0.859501,-0.369151,0.053241,0.023279,-0.926793,0.311382,0.066108,-0.469874,-0.82831
-0.488832,0.064911,-0.140031,-0.859376,-0.369412,0.053468,0.02306,-0.926683,0.311405,0.06598,-0.469902,-0.828297
-0.489007,0.064852,-0.140412,-0.859223,-0.369719,0.053686,0.022895,-0.926551,0.31137,0.065781,-0.469892,-0.828332
-0.489171,0.064786,-0.140642,-0.8591,-0.370011,0.053924,0.022873,-0.926421,0.311363,0.065604,-0.469793,-0.828407
-0.489367,0.064731,-0.140667,-0.858988,-0.370283,0.054185,0.022873,-0.926296,0.311276,0.065418,-0.469637,-0.828542
-0.48956,0.06463,-0.140542,-0.858906,-0.370499,0.054301,0.022866,-0.926202,0.31121,0.065282,-0.469436,-0.828691
-0.489693,0.064536,-0.14034,-0.858869,-0.370686,0.054168,0.022783,-0.926139,0.311118,0.065191,-0.469227,-0.828851
-0.489802,0.064408,-0.140148,-0.858847,-0.370884,0.053908,0.022657,-0.926081,0.311066,0.065092,-0.468989,-0.829012
-0.489921,0.064085,-0.139991,-0.858829,-0.371037,0.053457,0.022611,-0.926051,0.310951,0.064991,-0.46885,-0.829141
-0.489994,0.06381,-0.139823,-0.858836,-0.371026,0.053065,0.022559,-0.926082,0.310869,0.064913,-0.468685,-0.82927
-0.490023,0.063567,-0.139691,-0.85886,-0.370912,0.052724,0.022606,-0.926148,0.310785,0.064872,-0.468593,-0.829356
-0.489976,0.063454,-0.139523,-0.858921,-0.370696,0.05245,0.022743,-0.926248,0.310746,0.064844,-0.468512,-0.829419
-0.48994,0.063453,-0.139296,-0.858976,-0.370437,0.05222,0.023112,-0.926353,0.31072,0.064882,-0.468443,-0.829464
-0.489806,0.063544,-0.139008,-0.85909,-0.370167,0.051993,0.023567,-0.926459,0.310751,0.064905,-0.468418,-0.829464
-0.489631,0.063691,-0.138747,-0.859217,-0.369926,0.051791,0.024033,-0.926551,0.310768,0.065033,-0.468476,-0.829415
-0.489444,0.063916,-0.138577,-0.859332,-0.369696,0.051607,0.024403,-0.926641,0.310772,0.065169,-0.468561,-0.829353
-0.48922,0.064195,-0.138429,-0.859459,-0.369542,0.05165,0.024571,-0.926693,0.31076,0.065383,-0.468688,-0.829268
-0.489041,0.06444,-0.138422,-0.859542,-0.369379,0.051886,0.024542,-0.926744,0.310753,0.065556,-0.468847,-0.829168
-0.488926,0.064722,-0.138565,-0.859562,-0.369346,0.052215,0.024346,-0.926744,0.310796,0.0657,-0.469032,-0.829035
-0.48883,0.064954,-0.138893,-0.859549,-0.369363,0.052589,0.024088,-0.926723,0.310856,0.065761,-0.46923,-0.828897
-0.488773,0.065163,-0.139331,-0.859496,-0.369402,0.052925,0.023871,-0.926693,0.31084,0.065781,-0.469425,-0.828793
-0.488722,0.065287,-0.139779,-0.859446,-0.369403,0.053267,0.023734,-0.926676,0.310873,0.065789,-0.469625,-0.828668
-0.488717,0.06537,-0.140181,-0.859381,-0.369453,0.053591,0.023523,-0.926642,0.31095,0.065769,-0.46978,-0.828554
-0.488715,0.065467,-0.140422,-0.859338,-0.369506,0.053881,0.023296,-0.92661,0.311056,0.065722,-0.469859,-0.828474
-0.488695,0.0655,-0.140509,-0.859332,-0.369603,0.054098,0.023073,-0.926565,0.311065,0.065641,-0.469941,-0.828433
-0.488641,0.065413,-0.140555,-0.859363,-0.369703,0.05418,0.022892,-0.926527,0.311102,0.065544,-0.469911,-0.828444
-0.488618,0.065304,-0.140502,-0.859394,-0.369766,0.054126,0.022717,-0.926511,0.311107,0.065521,-0.469827,-0.828491
-0.488634,0.06502,-0.140429,-0.85942,-0.369823,0.053842,0.022614,-0.92651,0.311103,0.065524,-0.469697,-0.828564
-0.488694,0.064723,-0.140431,-0.85941,-0.369868,0.053402,0.022469,-0.926526,0.311074,0.065421,-0.46961,-0.828633
-0.488653,0.064491,-0.14033,-0.859467,-0.369805,0.052969,0.022329,-0.926584,0.311105,0.065383,-0.469477,-0.828699
-0.488596,0.064297,-0.140131,-0.859547,-0.369767,0.052609,0.022289,-0.926624,0.311178,0.065396,-0.469367,-0.828732
-0.488505,0.064127,-0.140058,-0.859623,-0.369687,0.052407,0.022406,-0.926664,0.311268,0.065396,-0.469309,-0.82873
-0.488429,0.064063,-0.139939,-0.85969,-0.369623,0.052228,0.022646,-0.926693,0.311343,0.06535,-0.469259,-0.828734
-0.488392,0.063964,-0.13983,-0.859736,-0.369598,0.05205,0.023043,-0.926701,0.311411,0.065351,-0.4692,-0.828741
-0.488373,0.063893,-0.139726,-0.859768,-0.369586,0.051794,0.023453,-0.926708,0.311543,0.065354,-0.46915,-0.82872
-0.488344,0.063864,-0.13961,-0.859805,-0.36961,0.051521,0.023727,-0.926705,0.311572,0.065319,-0.469108,-0.828734
-0.488356,0.063829,-0.139558,-0.859809,-0.369773,0.051253,0.023828,-0.926653,0.311605,0.065159,-0.469,-0.828797
-0.488368,0.063842,-0.139483,-0.859812,-0.370021,0.051014,0.02374,-0.926572,0.311673,0.065003,-0.468793,-0.828899
-0.488418,0.063786,-0.139565,-0.859776,-0.37026,0.050803,0.023616,-0.926495,0.311721,0.064803,-0.468599,-0.829007
-0.488476,0.063637,-0.139784,-0.859721,-0.370479,0.050616,0.023507,-0.926423,0.311736,0.064574,-0.468435,-0.829113
-0.488596,0.063478,-0.139989,-0.859635,-0.370685,0.050473,0.023415,-0.926353,0.311782,0.064299,-0.468256,-0.829219
-0.48869,0.063224,-0.140178,-0.859572,-0.370809,0.050411,0.023343,-0.92631,0.311804,0.06404,-0.468057,-0.829344
-0.488743,0.062998,-0.140233,-0.859553,-0.370856,0.050442,0.023338,-0.926288,0.311895,0.063826,-0.467955,-0.829385
-0.488705,0.062803,-0.140091,-0.859611,-0.370856,0.050432,0.02335,-0.926289,0.311923,0.063598,-0.467815,-0.829472
-0.488671,0.062574,-0.139929,-0.859674,-0.370763,0.050403,0.023431,-0.926325,0.311927,0.063386,-0.46766,-0.829575
-0.488578,0.062372,-0.139681,-0.859781,-0.370599,0.050307,0.023666,-0.926388,0.311989,0.063156,-0.467457,-0.829682
-0.4885,0.062109,-0.13933,-0.8599,-0.370334,0.050016,0.023928,-0.926503,0.312042,0.062947,-0.467319,-0.829758
-0.488412,0.061912,-0.138821,-0.860043,-0.370061,0.04951,0.024237,-0.926631,0.312065,0.06289,-0.467226,-0.829805
-0.488302,0.061833,-0.138289,-0.860193,-0.369689,0.048922,0.024569,-0.926803,0.312079,0.062976,-0.467231,-0.82979
-0.48805,0.061687,-0.137794,-0.860423,-0.369294,0.048412,0.024895,-0.926978,0.312103,0.063149,-0.467339,-0.829706
-0.48777,0.061671,-0.137359,-0.860648,-0.368868,0.047967,0.025347,-0.927158,0.312153,0.063292,-0.467383,-0.82965
-0.487514,0.061709,-0.137123,-0.860826,-0.368499,0.047681,0.025799,-0.927304,0.312219,0.063451,-0.467461,-0.829569
-0.487292,0.061743,-0.137063,-0.860957,-0.368188,0.047554,0.026139,-0.927422,0.312246,0.063543,-0.467536,-0.829509
-0.487043,0.061843,-0.137094,-0.861086,-0.367907,0.047609,0.026391,-0.927521,0.312356,0.063582,-0.467666,-0.829392
-0.48687,0.061996,-0.137176,-0.86116,-0.367772,0.04773,0.026611,-0.927559,0.312484,0.063636,-0.467778,-0.829276
-0.486688,0.062138,-0.137301,-0.861233,-0.367798,0.047939,0.026685,-0.927533,0.312654,0.063645,-0.46793,-0.829127
-0.486554,0.062326,-0.137458,-0.86127,-0.36786,0.048104,0.026697,-0.927499,0.312768,0.063651,-0.468043,-0.829021
-0.486516,0.062583,-0.137607,-0.861249,-0.367997,0.048253,0.02664,-0.927437,0.31285,0.063598,-0.46814,-0.828941
-0.486525,0.062704,-0.137745,-0.861213,-0.368225,0.048421,0.026492,-0.927342,0.31292,0.063548,-0.468178,-0.828898
-0.486645,0.062756,-0.138087,-0.861089,-0.368621,0.048552,0.026299,-0.927185,0.312938,0.063544,-0.46813,-0.828919
-0.486877,0.062728,-0.138337,-0.860924,-0.368996,0.048666,0.026074,-0.927038,0.312891,0.063474,-0.468012,-0.829007
-0.487088,0.062593,-0.138559,-0.86078,-0.36937,0.048831,0.025929,-0.926885,0.3128,0.063388,-0.467899,-0.829112
-0.487354,0.062462,-0.138728,-0.860615,-0.369769,0.049011,0.025793,-0.926721,0.312698,0.063275,-0.467739,-0.829249
-0.487669,0.062376,-0.138726,-0.860443,-0.370135,0.04919,0.025638,-0.926569,0.312597,0.063179,-0.467574,-0.829386
-0.487916,0.062337,-0.138644,-0.860318,-0.370417,0.049251,0.025426,-0.926461,0.312516,0.063059,-0.467378,-0.829536
-0.48811,0.062251,-0.138472,-0.860241,-0.370595,0.04912,0.025272,-0.926403,0.312479,0.062946,-0.467171,-0.829674
-0.488272,0.06209,-0.138272,-0.860192,-0.370748,0.048838,0.025184,-0.926364,0.312408,0.062835,-0.466993,-0.82981
-0.488384,0.061853,-0.138056,-0.86018,-0.370807,0.048518,0.025288,-0.926355,0.312305,0.062697,-0.466782,-0.829977
-0.488431,0.061666,-0.137681,-0.860224,-0.370646,0.048199,0.025439,-0.926432,0.312151,0.062574,-0.466643,-0.830123
-0.488488,0.061623,-0.137269,-0.860257,-0.370316,0.047935,0.02588,-0.926563,0.312065,0.062481,-0.466514,-0.830234
-0.488426,0.0616,-0.136813,-0.860363,-0.370016,0.047766,0.026498,-0.926669,0.31201,0.062395,-0.466447,-0.830299
-0.488236,0.061741,-0.136287,-0.860537,-0.369686,0.047609,0.027085,-0.926787,0.311997,0.062381,-0.466437,-0.83031
-0.487896,0.061904,-0.135879,-0.860778,-0.369307,0.047418,0.027616,-0.926928,0.312023,0.062429,-0.46652,-0.83025
-0.487543,0.062021,-0.135585,-0.861013,-0.368946,0.047132,0.028004,-0.927073,0.31213,0.062592,-0.466696,-0.830099
-0.487153,0.062127,-0.135492,-0.861239,-0.368661,0.046869,0.028283,-0.927189,0.312283,0.062728,-0.466939,-0.829896
-0.486826,0.062126,-0.135553,-0.861415,-0.368472,0.046659,0.028413,-0.927271,0.31248,0.062861,-0.467153,-0.829692
-0.4865,0.062109,-0.135699,-0.86158,-0.368371,0.046466,0.028426,-0.927322,0.312599,0.062971,-0.46733,-0.829538
-0.486249,0.062054,-0.135958,-0.861688,-0.36833,0.046351,0.028406,-0.927346,0.31268,0.06301,-0.467472,-0.829427
-0.486112,0.061976,-0.136325,-0.861716,-0.368343,0.046267,0.028327,-0.927349,0.31276,0.062965,-0.467562,-0.82935
-0.486012,0.06182,-0.136657,-0.861736,-0.368385,0.046236,0.02819,-0.92734,0.312825,0.062867,-0.467531,-0.829351
-0.486005,0.061627,-0.136954,-0.861711,-0.368501,0.046271,0.027993,-0.9273,0.312856,0.062709,-0.467522,-0.829358
-0.485997,0.061499,-0.137089,-0.861706,-0.368591,0.046413,0.027951,-0.927257,0.312903,0.062585,-0.467406,-0.829415
-0.485973,0.061417,-0.137086,-0.861726,-0.368728,0.046494,0.027798,-0.927205,0.312937,0.062448,-0.467305,-0.82947
-0.485995,0.061264,-0.13714,-0.861718,-0.368923,0.04655,0.027544,-0.927134,0.312963,0.062295,-0.467211,-0.829525
-0.486025,0.061058,-0.137134,-0.861717,-0.369111,0.046429,0.027216,-0.927079,0.312934,0.062146,-0.467153,-0.82958
-0.486124,0.060693,-0.1371,-0.861695,-0.369305,0.046149,0.026828,-0.927034,0.312934,0.062039,-0.467045,-0.82965
-0.486311,0.060185,-0.136973,-0.861648,-0.369518,0.045696,0.026286,-0.926996,0.312926,0.061944,-0.466894,-0.829743
-0.486516,0.05973,-0.136589,-0.861624,-0.369752,0.045085,0.025963,-0.926949,0.312879,0.0619,-0.466716,-0.829863
-0.486571,0.059474,-0.136114,-0.861684,-0.369876,0.044509,0.026061,-0.926927,0.312811,0.061813,-0.466543,-0.829992
-0.486542,0.0594,-0.135681,-0.861769,-0.36988,0.044114,0.02657,-0.926928,0.312743,0.061775,-0.466395,-0.830103
-0.486549,0.059417,-0.135169,-0.86184,-0.369835,0.043902,0.02724,-0.926931,0.312645,0.061798,-0.466313,-0.830183
-0.486545,0.059502,-0.134665,-0.861909,-0.369808,0.043776,0.027753,-0.926929,0.312575,0.061887,-0.466255,-0.830234
-0.486499,0.059665,-0.134168,-0.861996,-0.369878,0.043777,0.028224,-0.926882,0.312469,0.061954,-0.46624,-0.830278
-0.486472,0.059809,-0.133712,-0.862067,-0.369907,0.043792,0.028604,-0.926855,0.312387,0.062075,-0.466225,-0.830306
-0.48645,0.059903,-0.133306,-0.862131,-0.369998,0.043881,0.029022,-0.926796,0.312389,0.062134,-0.466233,-0.830297
-0.48644,0.060088,-0.13308,-0.862155,-0.370132,0.04405,0.029421,-0.926717,0.312398,0.062269,-0.46626,-0.830267
-0.486428,0.060255,-0.133014,-0.862159,-0.370209,0.044265,0.0297,-0.926663,0.312295,0.062321,-0.466228,-0.830318
-0.486475,0.060367,-0.133086,-0.862113,-0.370266,0.044556,0.029833,-0.926619,0.312242,0.06236,-0.46617,-0.830368
-0.486566,0.060487,-0.133321,-0.862018,-0.370266,0.045017,0.029709,-0.926598,0.312178,0.062323,-0.466132,-0.830416
-0.486589,0.060636,-0.133666,-0.861943,-0.370242,0.045499,0.029369,-0.926595,0.312071,0.062345,-0.46615,-0.830443
-0.486684,0.060766,-0.134078,-0.861819,-0.370297,0.046038,0.028997,-0.926558,0.311996,0.062317,-0.466216,-0.830439
-0.486785,0.060902,-0.134516,-0.861688,-0.370372,0.046662,0.028633,-0.926507,0.311924,0.062323,-0.466334,-0.830399
-0.486948,0.061026,-0.134893,-0.861531,-0.370485,0.047258,0.028175,-0.926445,0.311915,0.062332,-0.46651,-0.830306
-0.487108,0.061017,-0.135239,-0.86139,-0.370598,0.047599,0.027699,-0.9264,0.31194,0.062324,-0.466589,-0.830253
-0.48721,0.060882,-0.135454,-0.861311,-0.370672,0.047653,0.027191,-0.926386,0.311865,0.062291,-0.466617,-0.830268
-0.487375,0.060741,-0.135517,-0.861219,-0.37071,0.047458,0.026719,-0.926402,0.311823,0.062201,-0.466615,-0.830292
-0.48741,0.060663,-0.13547,-0.861213,-0.370717,0.047127,0.026393,-0.926431,0.311766,0.062075,-0.466577,-0.830346
-0.48747,0.060625,-0.135324,-0.861203,-0.370724,0.046684,0.026292,-0.926458,0.31167,0.061994,-0.466532,-0.830413
-0.487428,0.060663,-0.135156,-0.861249,-0.370599,0.046248,0.026512,-0.926524,0.311599,0.061941,-0.466487,-0.83047
-0.487334,0.06068,-0.135,-0.861323,-0.370383,0.045738,0.026974,-0.926621,0.311594,0.061978,-0.46649,-0.830466
-0.487263,0.060714,-0.134766,-0.861395,-0.370186,0.045391,0.027521,-0.926698,0.311649,0.06207,-0.46656,-0.8304
-0.487148,0.060796,-0.134449,-0.8615,-0.370058,0.045154,0.027972,-0.926744,0.311721,0.062163,-0.466622,-0.830331
-0.486989,0.060859,-0.134118,-0.861634,-0.369986,0.044927,0.028263,-0.926774,0.311786,0.062227,-0.466668,-0.830275
-0.486803,0.060944,-0.134019,-0.861747,-0.369944,0.044683,0.028417,-0.926798,0.311893,0.062306,-0.466668,-0.830229
-0.486617,0.060909,-0.134109,-0.861842,-0.369935,0.044488,0.028604,-0.926806,0.312018,0.062322,-0.466678,-0.830174
-0.486521,0.060841,-0.134358,-0.861865,-0.369883,0.044383,0.028579,-0.926833,0.312188,0.062286,-0.46664,-0.830134
-0.486434,0.0608,-0.134628,-0.861878,-0.369861,0.044439,0.028357,-0.926847,0.31228,0.06228,-0.46663,-0.830106
-0.486409,0.060734,-0.134981,-0.861846,-0.369853,0.044637,0.02817,-0.926847,0.312428,0.062288,-0.466612,-0.830059
-0.486361,0.060671,-0.135267,-0.861835,-0.36983,0.044929,0.028077,-0.926843,0.312601,0.062257,-0.466547,-0.830033
-0.486357,0.060715,-0.135555,-0.861791,-0.369891,0.045245,0.027993,-0.926805,0.312693,0.062203,-0.466567,-0.829992
-0.486369,0.060768,-0.135661,-0.861764,-0.369904,0.045563,0.027825,-0.926789,0.312774,0.062177,-0.466621,-0.829934
-0.486399,0.060755,-0.13575,-0.861735,-0.369913,0.04588,0.027544,-0.926779,0.312854,0.062163,-0.466611,-0.82991
-0.486466,0.060692,-0.135799,-0.861695,-0.369962,0.046087,0.027157,-0.926762,0.312869,0.062144,-0.466623,-0.829899
-0.486503,0.060546,-0.135733,-0.861696,-0.370023,0.04606,0.026717,-0.926756,0.31289,0.062127,-0.466562,-0.829926
-0.486476,0.060367,-0.13567,-0.861735,-0.369954,0.045833,0.026315,-0.926812,0.312869,0.062112,-0.466546,-0.829943
-0.48647,0.060172,-0.135609,-0.861762,-0.369876,0.045466,0.026106,-0.926873,0.312845,0.062085,-0.466591,-0.829931
-0.486514,0.060103,-0.135341,-0.861782,-0.369777,0.045152,0.026193,-0.926926,0.31278,0.062091,-0.466586,-0.829957
-0.486493,0.060131,-0.135097,-0.861828,-0.369605,0.044868,0.026623,-0.926994,0.312725,0.062163,-0.466585,-0.829972
-0.486433,0.060287,-0.134703,-0.861907,-0.369422,0.044701,0.027191,-0.927054,0.312677,0.062165,-0.466558,-0.830005
-0.486345,0.060409,-0.134304,-0.862006,-0.369247,0.044604,0.027773,-0.927106,0.312645,0.062252,-0.466594,-0.829991
-0.486195,0.060581,-0.133954,-0.862128,-0.369103,0.044555,0.028185,-0.927149,0.312572,0.062288,-0.466607,-0.830007
-0.486089,0.060704,-0.133788,-0.862203,-0.369085,0.044488,0.028483,-0.927149,0.312567,0.062363,-0.46665,-0.829979
-0.486021,0.060725,-0.133874,-0.862227,-0.369114,0.044362,0.028569,-0.92714,0.312548,0.062398,-0.466733,-0.829938
-0.48597,0.06071,-0.134135,-0.862219,-0.369143,0.044277,0.028617,-0.927132,0.312525,0.062438,-0.466838,-0.829885
-0.486007,0.060601,-0.134497,-0.862154,-0.369177,0.04431,0.028589,-0.927117,0.312518,0.062523,-0.466932,-0.829828
-0.486063,0.060516,-0.134828,-0.862081,-0.369248,0.0445,0.028525,-0.927082,0.312515,0.062603,-0.466984,-0.829794
-0.486087,0.060477,-0.13523,-0.862011,-0.36928,0.044744,0.02847,-0.927057,0.312497,0.062627,-0.46705,-0.829762
-0.48609,0.060531,-0.135431,-0.861975,-0.369304,0.045107,0.028498,-0.927026,0.31251,0.06261,-0.467039,-0.829765
-0.486074,0.060593,-0.135453,-0.861977,-0.369349,0.045522,0.028502,-0.926985,0.312541,0.062596,-0.466992,-0.82978
-0.486095,0.060701,-0.135396,-0.861963,-0.369405,0.045905,0.02844,-0.926943,0.312577,0.062565,-0.466913,-0.829813
-0.486088,0.060708,-0.135163,-0.862002,-0.369455,0.04617,0.028151,-0.92692,0.312544,0.062506,-0.466846,-0.829866
-0.486062,0.060634,-0.134907,-0.86206,-0.369476,0.046278,0.027712,-0.926923,0.312559,0.062504,-0.466765,-0.829907
-0.486066,0.060393,-0.134785,-0.862094,-0.369517,0.046191,0.027192,-0.926932,0.312563,0.062527,-0.466698,-0.829941
-0.486117,0.060225,-0.13462,-0.862104,-0.369527,0.045928,0.026865,-0.926956,0.312535,0.062527,-0.466618,-0.829995
-0.486175,0.060222,-0.134475,-0.862091,-0.369555,0.045557,0.026696,-0.926973,0.312461,0.062575,-0.466537,-0.830063
-0.486179,0.060227,-0.134335,-0.862109,-0.369507,0.045182,0.026823,-0.927008,0.312421,0.062628,-0.466535,-0.830075
-0.486141,0.060304,-0.134101,-0.862159,-0.369377,0.044845,0.027141,-0.927066,0.312378,0.062658,-0.466523,-0.830096
-0.486123,0.060484,-0.133869,-0.862189,-0.369216,0.044624,0.027643,-0.927122,0.312351,0.062756,-0.466493,-0.830114
-0.486054,0.060749,-0.133613,-0.862245,-0.369038,0.044537,0.028142,-0.927177,0.3123,0.062821,-0.466517,-0.830115
-0.485898,0.061015,-0.133432,-0.862339,-0.36884,0.044535,0.028498,-0.927242,0.312287,0.062931,-0.46663,-0.830048
-0.485787,0.061334,-0.133313,-0.862393,-0.368725,0.044641,0.028746,-0.927272,0.312231,0.063052,-0.466713,-0.830013
-0.485682,0.061551,-0.133321,-0.862435,-0.368706,0.044721,0.028846,-0.927271,0.312225,0.063181,-0.466809,-0.829951
-0.485588,0.061704,-0.133534,-0.862444,-0.368708,0.044794,0.028889,-0.927264,0.312187,0.063236,-0.466946,-0.829885
-0.485546,0.061845,-0.133834,-0.862414,-0.368688,0.044934,0.02888,-0.927265,0.31222,0.06326,-0.467091,-0.829791
-0.48553,0.061863,-0.134166,-0.862373,-0.368765,0.045128,0.028832,-0.927226,0.312262,0.063343,-0.467172,-0.829722
-0.485553,0.061894,-0.134587,-0.862295,-0.368851,0.045349,0.028735,-0.927183,0.312274,0.063423,-0.467154,-0.829721
-0.485625,0.061849,-0.13484,-0.862222,-0.368967,0.045572,0.02866,-0.927126,0.312283,0.063459,-0.467175,-0.829702
-0.485634,0.061817,-0.134926,-0.862206,-0.36899,0.045841,0.028509,-0.927109,0.312266,0.063397,-0.46721,-0.829695
-0.485597,0.06186,-0.13493,-0.862223,-0.369049,0.046028,0.028271,-0.927084,0.312259,0.0633,-0.467224,-0.829699
-0.485616,0.061884,-0.134952,-0.862207,-0.369063,0.046159,0.027986,-0.927083,0.312231,0.063184,-0.46723,-0.829716
-0.485625,0.061864,-0.134935,-0.862206,-0.369103,0.046221,0.02754,-0.927081,0.312216,0.063033,-0.467168,-0.829768
-0.485647,0.061836,-0.135,-0.862186,-0.369065,0.046201,0.027252,-0.927109,0.312237,0.062859,-0.467153,-0.829783
-0.485723,0.061778,-0.135163,-0.862124,-0.369013,0.046024,0.026962,-0.927151,0.312219,0.062792,-0.467112,-0.829819
-0.485736,0.061678,-0.135264,-0.86211,-0.368968,0.045874,0.026757,-0.927186,0.312254,0.062796,-0.467161,-0.829778
-0.485728,0.06163,-0.135311,-0.862111,-0.368877,0.045714,0.026603,-0.927237,0.31232,0.062797,-0.467193,-0.829735
-0.485674,0.061691,-0.135374,-0.862127,-0.368782,0.045561,0.026606,-0.927284,0.312338,0.062759,-0.467294,-0.829675
-0.485643,0.061808,-0.135326,-0.862142,-0.368703,0.045398,0.026675,-0.927321,0.31236,0.062728,-0.467371,-0.829627
-0.485587,0.061886,-0.135281,-0.862176,-0.368712,0.045209,0.026824,-0.927322,0.312399,0.062639,-0.467405,-0.829602
-0.485537,0.061999,-0.135249,-0.862199,-0.368706,0.045053,0.026792,-0.927334,0.312435,0.062548,-0.46749,-0.829548
-0.485548,0.062082,-0.135269,-0.862183,-0.368837,0.044933,0.026658,-0.927295,0.31251,0.062496,-0.467625,-0.82945
-0.485544,0.062111,-0.135397,-0.862164,-0.369057,0.044837,0.026535,-0.927217,0.312533,0.062457,-0.467797,-0.829348
-0.4856,0.06206,-0.135723,-0.862088,-0.369206,0.044714,0.026358,-0.927171,0.312583,0.062492,-0.468018,-0.829204
-0.485744,0.061997,-0.136098,-0.861957,-0.369495,0.044561,0.026228,-0.927071,0.312583,0.062535,-0.468132,-0.829137
-0.485902,0.0619,-0.136406,-0.86183,-0.369671,0.044554,0.026172,-0.927003,0.31258,0.062512,-0.468182,-0.829111
-0.485972,0.061807,-0.136661,-0.86176,-0.369877,0.044638,0.026181,-0.926915,0.312539,0.06242,-0.468133,-0.829163
-0.486071,0.061749,-0.136774,-0.861692,-0.370059,0.044748,0.026226,-0.926835,0.31246,0.062315,-0.468079,-0.829232
-0.486191,0.061818,-0.136729,-0.861624,-0.370187,0.044962,0.026309,-0.926769,0.312415,0.062133,-0.468001,-0.829307
-0.486273,0.061869,-0.136635,-0.861589,-0.370228,0.045191,0.026331,-0.926739,0.312356,0.061978,-0.467901,-0.829397
-0.486334,0.061963,-0.136466,-0.861571,-0.370161,0.045386,0.026248,-0.926759,0.312273,0.061924,-0.467866,-0.829453
-0.486416,0.061984,-0.136387,-0.861535,-0.370141,0.045546,0.02619,-0.926759,0.312189,0.061884,-0.467827,-0.829509
-0.48643,0.061879,-0.13629,-0.86155,-0.37009,0.045667,0.026162,-0.926773,0.312039,0.061897,-0.467906,-0.829522
-0.486426,0.061967,-0.136,-0.861589,-0.370013,0.04577,0.026188,-0.926798,0.311919,0.061978,-0.46791,-0.829558
-0.486373,0.062005,-0.135711,-0.861658,-0.369882,0.045883,0.026276,-0.926839,0.311755,0.062025,-0.46796,-0.829587
-0.486341,0.062154,-0.135512,-0.861694,-0.369779,0.045958,0.026406,-0.926872,0.311626,0.062096,-0.467992,-0.829612
-0.48629,0.062205,-0.135457,-0.861727,-0.36964,0.04598,0.026518,-0.926922,0.311496,0.062115,-0.467961,-0.829677
-0.486275,0.062258,-0.135433,-0.861734,-0.3695,0.045983,0.026688,-0.92697,0.311437,0.062156,-0.467951,-0.829701
-0.486259,0.062342,-0.135411,-0.861741,-0.369437,0.046029,0.026845,-0.926986,0.3114,0.062173,-0.467995,-0.829689
-0.486243,0.062382,-0.13545,-0.86174,-0.369427,0.046078,0.026802,-0.92699,0.31136,0.062215,-0.468104,-0.82964
-0.486244,0.06249,-0.135503,-0.861724,-0.369505,0.046044,0.026752,-0.926963,0.31129,0.062319,-0.468326,-0.829534
-0.486243,0.062529,-0.135616,-0.861705,-0.369665,0.045964,0.026782,-0.926903,0.311268,0.062422,-0.468478,-0.82945
-0.48632,0.062572,-0.135804,-0.861629,-0.369825,0.045851,0.026842,-0.926843,0.311284,0.062515,-0.468651,-0.82934
-0.486412,0.06252,-0.136039,-0.861547,-0.369946,0.045811,0.026912,-0.926794,0.311297,0.062541,-0.468761,-0.82927
-0.486518,0.062472,-0.136205,-0.861466,-0.370082,0.04585,0.026963,-0.926735,0.311242,0.062519,-0.468764,-0.829292
-0.486639,0.062559,-0.136292,-0.861377,-0.370235,0.045949,0.027041,-0.926666,0.311192,0.062496,-0.468748,-0.829321
-0.486735,0.062698,-0.136282,-0.861314,-0.370369,0.046037,0.027038,-0.926607,0.311165,0.06248,-0.46868,-0.829371
-0.486796,0.062779,-0.13625,-0.861277,-0.37048,0.046103,0.026928,-0.926563,0.311125,0.062423,-0.468642,-0.829412
-0.486826,0.06285,-0.136214,-0.86126,-0.370558,0.046184,0.026705,-0.926537,0.311071,0.062326,-0.468674,-0.829422
-0.486833,0.06286,-0.136247,-0.861251,-0.370569,0.046266,0.026291,-0.926543,0.311069,0.062316,-0.468701,-0.82941
-0.48683,0.062839,-0.136308,-0.861244,-0.370434,0.046266,0.025886,-0.926613,0.31112,0.062264,-0.468739,-0.829374
-0.486783,0.062654,-0.136396,-0.861273,-0.370282,0.046232,0.025684,-0.926683,0.311197,0.062171,-0.468751,-0.829344
-0.48672,0.062469,-0.1363,-0.861338,-0.370136,0.046216,0.025599,-0.926746,0.311261,0.062114,-0.468819,-0.829289
-0.486644,0.062506,-0.136059,-0.861414,-0.369923,0.046197,0.025554,-0.926833,0.311317,0.062047,-0.468836,-0.829264
-0.486552,0.062604,-0.13585,-0.861489,-0.369691,0.046204,0.025674,-0.926921,0.311354,0.06209,-0.468912,-0.829204
-0.486472,0.06276,-0.135689,-0.861546,-0.369507,0.04615,0.02589,-0.926989,0.311369,0.062114,-0.468981,-0.829158
-0.486444,0.062948,-0.135409,-0.861588,-0.369308,0.046012,0.026135,-0.927067,0.311363,0.062145,-0.469043,-0.829123
-0.486406,0.063125,-0.13517,-0.86163,-0.369129,0.045882,0.026289,-0.927139,0.311329,0.062211,-0.469142,-0.829076
-0.486273,0.063294,-0.135066,-0.861708,-0.369022,0.045781,0.026406,-0.927183,0.311281,0.06222,-0.469195,-0.829063
-0.486148,0.063506,-0.135078,-0.861759,-0.36901,0.045641,0.026492,-0.927193,0.311288,0.062296,-0.469261,-0.829017
-0.48606,0.063614,-0.135188,-0.861783,-0.369012,0.045542,0.026553,-0.927195,0.311302,0.062265,-0.469324,-0.82898
-0.486023,0.063684,-0.135347,-0.861776,-0.369044,0.045494,0.026663,-0.927181,0.311299,0.062226,-0.469384,-0.82895
-0.48602,0.063769,-0.135522,-0.861744,-0.369104,0.045596,0.026755,-0.927147,0.311305,0.062221,-0.46946,-0.828905
-0.486068,0.063781,-0.135716,-0.861687,-0.369205,0.045727,0.026852,-0.927096,0.311287,0.06223,-0.469477,-0.828903
-0.486109,0.063846,-0.135913,-0.861631,-0.369316,0.045857,0.026895,-0.927043,0.311216,0.062208,-0.469519,-0.828908
-0.48616,0.063857,-0.136082,-0.861575,-0.369489,0.046004,0.026896,-0.926966,0.311171,0.0622,-0.469554,-0.828906
-0.486224,0.063812,-0.136224,-0.861522,-0.369633,0.046125,0.026864,-0.926903,0.31113,0.062168,-0.469568,-0.828916
-0.486317,0.063705,-0.136226,-0.861477,-0.369812,0.046263,0.026665,-0.926831,0.311053,0.06214,-0.469531,-0.828969
-0.486433,0.063571,-0.13628,-0.861414,-0.369912,0.046284,0.026268,-0.926805,0.310932,0.062102,-0.469469,-0.82905
-0.486558,0.063357,-0.136373,-0.861347,-0.369934,0.046208,0.025925,-0.926814,0.310855,0.062027,-0.469374,-0.82914
-0.486615,0.063207,-0.136363,-0.861329,-0.369912,0.046075,0.025689,-0.926839,0.310776,0.061982,-0.469313,-0.829207
-0.486748,0.063087,-0.136218,-0.861285,-0.369932,0.045937,0.025685,-0.92684,0.310665,0.061896,-0.469193,-0.829322
-0.486951,0.063215,-0.135765,-0.861226,-0.369937,0.045827,0.025895,-0.926836,0.310533,0.061804,-0.469137,-0.829411
-0.487018,0.063409,-0.13519,-0.861259,-0.369877,0.045787,0.0262,-0.926851,0.310402,0.061767,-0.469067,-0.829503
-0.487077,0.0636,-0.134753,-0.861274,-0.369877,0.04577,0.026456,-0.926841,0.31027,0.061713,-0.469058,-0.829561
-0.487135,0.063734,-0.134489,-0.861268,-0.369956,0.045786,0.02662,-0.926803,0.31013,0.061743,-0.469032,-0.829625
-0.487184,0.063875,-0.134251,-0.861265,-0.370084,0.045758,0.026656,-0.926752,0.309957,0.061741,-0.469018,-0.829699
-0.487271,0.063828,-0.134311,-0.86121,-0.370291,0.045756,0.026589,-0.926672,0.309849,0.061752,-0.469026,-0.829733
-0.48737,0.063775,-0.134438,-0.861139,-0.370539,0.045734,0.026464,-0.926579,0.309753,0.061755,-0.469009,-0.829777
-0.487466,0.063693,-0.134822,-0.861035,-0.370791,0.045772,0.026391,-0.926479,0.309675,0.061722,-0.468979,-0.829827
-0.487581,0.06356,-0.135186,-0.860928,-0.371079,0.045737,0.026451,-0.926364,0.309588,0.061691,-0.468976,-0.829864
-0.487691,0.06336,-0.135523,-0.860832,-0.371276,0.045738,0.026556,-0.926281,0.309521,0.061707,-0.468925,-0.829916
-0.48782,0.063277,-0.135707,-0.860737,-0.371503,0.045772,0.026681,-0.926183,0.309443,0.061687,-0.468887,-0.829968
-0.487908,0.063258,-0.135709,-0.860689,-0.371716,0.045888,0.026789,-0.926087,0.309371,0.061741,-0.468841,-0.830016
-0.488023,0.063244,-0.135679,-0.86063,-0.371956,0.0461,0.026897,-0.925975,0.309281,0.061691,-0.468713,-0.830124
-0.488071,0.063319,-0.135605,-0.860607,-0.372164,0.046295,0.026862,-0.925881,0.309231,0.061698,-0.468655,-0.830174
-0.488176,0.063381,-0.135513,-0.860556,-0.372348,0.046413,0.026681,-0.925808,0.309189,0.061708,-0.468663,-0.830186
-0.488286,0.063293,-0.135595,-0.860488,-0.372471,0.046514,0.026325,-0.925765,0.309184,0.06171,-0.468614,-0.830215
-0.488447,0.063164,-0.135855,-0.860369,-0.372539,0.046549,0.025904,-0.925753,0.30915,0.061709,-0.4686,-0.830234
-0.488544,0.063046,-0.136148,-0.86028,-0.372472,0.046538,0.025667,-0.925789,0.309183,0.061709,-0.468584,-0.830232
-0.488594,0.062906,-0.136345,-0.860233,-0.372354,0.046499,0.025651,-0.92584,0.309134,0.06172,-0.46856,-0.830262
-0.488622,0.062779,-0.136302,-0.860233,-0.372186,0.046296,0.025752,-0.925915,0.309002,0.06171,-0.468545,-0.830321
-0.488694,0.062792,-0.135874,-0.860256,-0.372131,0.045986,0.026082,-0.925942,0.308848,0.061695,-0.46845,-0.830432
-0.488669,0.062924,-0.135126,-0.86037,-0.372001,0.045596,0.026709,-0.925993,0.308725,0.061751,-0.468302,-0.830555
-0.488607,0.063111,-0.134382,-0.8605,-0.37183,0.045229,0.027549,-0.926049,0.308691,0.061838,-0.468265,-0.830581
-0.488581,0.063294,-0.13386,-0.860575,-0.371814,0.045,0.028182,-0.926043,0.308569,0.061916,-0.468261,-0.830622
-0.488559,0.063334,-0.133452,-0.860645,-0.371858,0.044944,0.028538,-0.926013,0.308507,0.062024,-0.468251,-0.830642
-0.488546,0.063316,-0.133194,-0.860691,-0.371942,0.044943,0.028636,-0.925975,0.308468,0.062135,-0.468241,-0.830653
-0.488506,0.06326,-0.133254,-0.86071,-0.372092,0.044844,0.028615,-0.925922,0.308487,0.062152,-0.468222,-0.830654
-0.488536,0.063089,-0.133534,-0.860666,-0.372286,0.04472,0.028641,-0.92585,0.308559,0.062094,-0.468192,-0.830649
-0.488606,0.062914,-0.134019,-0.860568,-0.372477,0.044669,0.028646,-0.925775,0.308625,0.061999,-0.468165,-0.830648
-0.488643,0.062836,-0.134468,-0.860488,-0.372591,0.044721,0.028682,-0.925726,0.308689,0.061945,-0.46815,-0.830637
-0.488635,0.062754,-0.134802,-0.860451,-0.372683,0.044907,0.028725,-0.925677,0.308686,0.06193,-0.468229,-0.830595
-0.488625,0.062697,-0.134974,-0.860436,-0.372791,0.045121,0.028775,-0.925619,0.308668,0.061929,-0.468308,-0.830558
-0.488625,0.062708,-0.135009,-0.860429,-0.372853,0.045287,0.028746,-0.925586,0.308674,0.061836,-0.468325,-0.830554
-0.488581,0.062785,-0.13497,-0.860453,-0.372876,0.045448,0.028573,-0.925575,0.308712,0.061712,-0.468311,-0.830559
-0.488587,0.062751,-0.134991,-0.86045,-0.372872,0.045544,0.028293,-0.925582,0.308731,0.061599,-0.468274,-0.830582
-0.488659,0.062643,-0.135166,-0.860392,-0.37286,0.045485,0.027823,-0.925609,0.308752,0.061457,-0.468231,-0.830609
-0.488688,0.062506,-0.135403,-0.860351,-0.372828,0.045269,0.027402,-0.925651,0.308748,0.061311,-0.468192,-0.830644
-0.488718,0.062196,-0.135506,-0.860344,-0.372818,0.044918,0.026969,-0.925692,0.308776,0.061265,-0.468235,-0.830614
-0.488745,0.061943,-0.135467,-0.860354,-0.372794,0.044515,0.026517,-0.925741,0.308767,0.061228,-0.468353,-0.830554
-0.488756,0.06185,-0.135345,-0.860374,-0.372776,0.044209,0.026265,-0.925775,0.308739,0.061237,-0.468486,-0.830491
-0.488758,0.06192,-0.135209,-0.860387,-0.372736,0.044098,0.026287,-0.925797,0.308661,0.061199,-0.468676,-0.830417
-0.488759,0.062123,-0.1351,-0.860387,-0.372672,0.044101,0.026638,-0.925809,0.308644,0.061143,-0.468875,-0.830318
-0.488746,0.062339,-0.134959,-0.860397,-0.37262,0.044289,0.026941,-0.925808,0.308637,0.061063,-0.469002,-0.830256
-0.488812,0.062542,-0.134831,-0.860362,-0.372622,0.044525,0.027085,-0.925788,0.308689,0.061004,-0.469126,-0.830173
-0.488795,0.062709,-0.134799,-0.860364,-0.372681,0.044744,0.027103,-0.925752,0.308624,0.06099,-0.469281,-0.830112
-0.488761,0.06284,-0.134906,-0.860356,-0.372763,0.04487,0.026979,-0.925716,0.308604,0.061002,-0.469358,-0.830077
-0.488736,0.06292,-0.135174,-0.860325,-0.372929,0.044852,0.026883,-0.925655,0.308527,0.060988,-0.469435,-0.830063
-0.488776,0.062881,-0.135532,-0.860252,-0.373085,0.044891,0.026835,-0.925591,0.308495,0.060973,-0.46952,-0.830029
-0.48889,0.062788,-0.135964,-0.86013,-0.373215,0.044997,0.026917,-0.925529,0.308406,0.061007,-0.469514,-0.830062
-0.48896,0.062753,-0.136301,-0.860043,-0.373314,0.045146,0.02699,-0.925479,0.308307,0.061026,-0.469527,-0.83009
-0.489025,0.062797,-0.136513,-0.859971,-0.373389,0.045435,0.027128,-0.925427,0.308184,0.061041,-0.469491,-0.830155
-0.489041,0.062947,-0.136547,-0.859945,-0.373417,0.04578,0.027325,-0.925388,0.308062,0.061061,-0.469533,-0.830175
-0.489043,0.063172,-0.13647,-0.859938,-0.373426,0.046052,0.027396,-0.925367,0.307957,0.06103,-0.469572,-0.830195
-0.489026,0.06336,-0.136362,-0.859948,-0.373388,0.046247,0.02737,-0.925371,0.3079,0.061017,-0.469527,-0.830243
-0.48907,0.063492,-0.136232,-0.859932,-0.373386,0.046376,0.027124,-0.925375,0.307841,0.061065,-0.469526,-0.83026
-0.489097,0.063402,-0.136186,-0.859931,-0.373391,0.046254,0.026645,-0.925399,0.30779,0.061099,-0.469562,-0.830256
-0.489199,0.063216,-0.136245,-0.859879,-0.37338,0.045913,0.02623,-0.925438,0.307739,0.061121,-0.469612,-0.830246
-0.489298,0.063031,-0.136287,-0.85983,-0.373369,0.045455,0.025725,-0.925488,0.307667,0.06119,-0.469687,-0.830225
-0.489449,0.062883,-0.136185,-0.859771,-0.373387,0.044936,0.0254,-0.925522,0.307605,0.061247,-0.46973,-0.830219
-0.489527,0.062859,-0.13601,-0.859756,-0.373398,0.044519,0.025438,-0.925539,0.30755,0.06133,-0.469746,-0.830224
-0.489517,0.062895,-0.135881,-0.859778,-0.37331,0.044197,0.02587,-0.925577,0.307468,0.061405,-0.469741,-0.830252
-0.48959,0.063009,-0.135645,-0.859761,-0.373238,0.044033,0.026497,-0.92559,0.307403,0.061477,-0.469772,-0.830252
-0.489687,0.063071,-0.135202,-0.859768,-0.373229,0.043999,0.027072,-0.925574,0.307272,0.061471,-0.469734,-0.830322
-0.489686,0.063275,-0.134704,-0.859824,-0.373333,0.044018,0.027434,-0.925516,0.307184,0.061416,-0.469638,-0.830413
-0.489659,0.063462,-0.134238,-0.859894,-0.373474,0.044015,0.027641,-0.925452,0.307118,0.061328,-0.469497,-0.830524
-0.489659,0.063524,-0.134052,-0.859916,-0.373678,0.043969,0.027717,-0.925369,0.307061,0.061225,-0.46935,-0.830635
-0.489668,0.063492,-0.134147,-0.859899,-0.373944,0.043943,0.027803,-0.92526,0.306992,0.061216,-0.469202,-0.830743
-0.489787,0.063369,-0.134444,-0.859798,-0.374132,0.043926,0.02788,-0.925181,0.306958,0.061269,-0.469064,-0.830828
-0.489906,0.063208,-0.134832,-0.859686,-0.374307,0.043943,0.027918,-0.925108,0.306914,0.061351,-0.468996,-0.830875
-0.49,0.06307,-0.135137,-0.859598,-0.374373,0.0441,0.028026,-0.925069,0.306906,0.061469,-0.468972,-0.830881
-0.490012,0.063052,-0.135383,-0.859557,-0.374428,0.044297,0.028168,-0.92503,0.30694,0.061576,-0.468949,-0.830873
-0.48994,0.063137,-0.135374,-0.859591,-0.374346,0.044594,0.028168,-0.925046,0.306907,0.061642,-0.468905,-0.830904
-0.48984,0.063327,-0.135278,-0.859648,-0.374217,0.044943,0.028145,-0.92508,0.306906,0.061685,-0.46888,-0.830914
-0.489724,0.063514,-0.135242,-0.859704,-0.373959,0.045218,0.027957,-0.925176,0.306979,0.061733,-0.468889,-0.830879
-0.489647,0.063693,-0.135286,-0.859727,-0.37373,0.045259,0.027656,-0.925278,0.307016,0.061749,-0.468933,-0.83084
-0.489527,0.063793,-0.135398,-0.859771,-0.37356,0.045095,0.027411,-0.925367,0.307054,0.061795,-0.469039,-0.830762
-0.489396,0.06383,-0.135442,-0.859836,-0.373414,0.044758,0.027038,-0.925458,0.307055,0.061853,-0.469241,-0.830645
-0.48938,0.063759,-0.135275,-0.859875,-0.373277,0.04443,0.026641,-0.925547,0.307122,0.061859,-0.469439,-0.83051
-0.489327,0.063656,-0.135175,-0.85993,-0.37315,0.044077,0.026294,-0.925631,0.307173,0.061873,-0.469603,-0.830398
-0.489202,0.063681,-0.135148,-0.860002,-0.372983,0.043811,0.026253,-0.925714,0.307207,0.061964,-0.469696,-0.830326
-0.489118,0.063735,-0.135214,-0.860036,-0.372892,0.043661,0.026508,-0.925749,0.307199,0.061961,-0.469813,-0.830264
-0.489074,0.063722,-0.135198,-0.860065,-0.372798,0.043674,0.026984,-0.925768,0.307233,0.062002,-0.469896,-0.830202
-0.489066,0.06377,-0.135033,-0.86009,-0.372668,0.043772,0.027386,-0.925799,0.307235,0.062008,-0.469862,-0.83022
-0.488992,0.063875,-0.134806,-0.860157,-0.372679,0.043855,0.027625,-0.925781,0.307228,0.061934,-0.469806,-0.83026
-0.488901,0.063994,-0.134635,-0.860224,-0.372733,0.043912,0.027703,-0.925753,0.307237,0.061766,-0.46974,-0.830308
-0.488775,0.064046,-0.1346,-0.860296,-0.372856,0.043952,0.027744,-0.9257,0.307234,0.061668,-0.469677,-0.830352
-0.488723,0.064043,-0.134785,-0.860299,-0.372988,0.044022,0.027777,-0.925641,0.307249,0.061631,-0.469682,-0.830347
-0.488745,0.063911,-0.135121,-0.860247,-0.373193,0.044036,0.027708,-0.925561,0.307332,0.061574,-0.469699,-0.830311
-0.488793,0.063805,-0.135529,-0.860168,-0.373336,0.044157,0.027655,-0.925499,0.307345,0.061565,-0.469712,-0.8303
-0.488879,0.063709,-0.135905,-0.860072,-0.373431,0.044318,0.027696,-0.92545,0.307369,0.061572,-0.469705,-0.830294
-0.488959,0.063675,-0.136158,-0.85999,-0.373572,0.044463,0.027653,-0.925386,0.307407,0.061485,-0.469649,-0.830318
-0.488977,0.063602,-0.136319,-0.859963,-0.373688,0.044629,0.027491,-0.925337,0.307423,0.061334,-0.469596,-0.830354
-0.488962,0.063546,-0.136378,-0.859968,-0.373766,0.044865,0.0272,-0.925304,0.307418,0.061249,-0.469486,-0.830424
-0.488922,0.063564,-0.136357,-0.859991,-0.373742,0.044882,0.026876,-0.925325,0.307437,0.061187,-0.469362,-0.830491
-0.488946,0.063524,-0.13643,-0.85997,-0.373711,0.044711,0.026594,-0.925359,0.307471,0.061142,-0.469328,-0.830502
-0.488971,0.063348,-0.136346,-0.859983,-0.373633,0.04434,0.026268,-0.925424,0.307453,0.061108,-0.469347,-0.830501
-0.489094,0.063241,-0.136144,-0.859951,-0.373596,0.044025,0.026,-0.925465,0.307436,0.061042,-0.469403,-0.830481
-0.489153,0.063182,-0.135895,-0.85996,-0.373533,0.043742,0.025807,-0.925514,0.307412,0.060972,-0.469452,-0.830469
-0.489159,0.06325,-0.135698,-0.85998,-0.373508,0.043635,0.025842,-0.925529,0.307428,0.060939,-0.469514,-0.830431
-0.48916,0.063268,-0.135667,-0.859982,-0.373504,0.043657,0.026145,-0.925517,0.307407,0.060901,-0.469628,-0.830378
-0.489202,0.06328,-0.135636,-0.859962,-0.373539,0.043813,0.02642,-0.925484,0.307371,0.060852,-0.469766,-0.830319
-0.489324,0.063288,-0.135602,-0.859897,-0.373595,0.044078,0.026691,-0.925436,0.307389,0.060868,-0.469851,-0.830263
-0.48938,0.063422,-0.135498,-0.85987,-0.3737,0.044316,0.026717,-0.92538,0.307392,0.060823,-0.469911,-0.830233
-0.489407,0.063612,-0.135434,-0.859848,-0.373846,0.044506,0.026604,-0.925315,0.307465,0.060756,-0.469905,-0.830215
-0.489386,0.063738,-0.135509,-0.859839,-0.374039,0.044608,0.026416,-0.925239,0.307485,0.06066,-0.469938,-0.830197
-0.489347,0.063818,-0.135763,-0.859818,-0.37419,0.044741,0.026155,-0.92518,0.307514,0.0606,-0.469972,-0.830172
-0.489398,0.063799,-0.136138,-0.859734,-0.374317,0.044913,0.025982,-0.925126,0.307541,0.060513,-0.470031,-0.830136
-0.489433,0.063786,-0.136569,-0.859651,-0.374391,0.045137,0.025942,-0.925086,0.307601,0.060453,-0.470118,-0.83007
-0.489463,0.063806,-0.136981,-0.859569,-0.37444,0.045434,0.025807,-0.925054,0.307635,0.060405,-0.470218,-0.830006
-0.489472,0.063866,-0.137233,-0.859523,-0.374427,0.045665,0.025668,-0.925051,0.307715,0.060409,-0.470346,-0.829903
-0.48941,0.063966,-0.137314,-0.859537,-0.374412,0.045855,0.025606,-0.925049,0.307776,0.060388,-0.470404,-0.829851
-0.489328,0.064055,-0.137309,-0.859578,-0.374327,0.045904,0.025487,-0.925085,0.307813,0.060413,-0.470443,-0.829813
-0.489217,0.064034,-0.137251,-0.859651,-0.37415,0.045666,0.025404,-0.925173,0.307859,0.060374,-0.470396,-0.829826
-0.489106,0.063961,-0.137143,-0.859737,-0.373928,0.045303,0.025294,-0.925288,0.307865,0.060341,-0.47029,-0.829885
-0.489068,0.063853,-0.136917,-0.859801,-0.373739,0.04486,0.025174,-0.925393,0.307921,0.06031,-0.470172,-0.829933
-0.489046,0.063742,-0.136553,-0.859877,-0.373622,0.044428,0.024958,-0.925472,0.307967,0.060309,-0.470027,-0.829997
-0.488977,0.063549,-0.136173,-0.859989,-0.373546,0.044025,0.02467,-0.925535,0.307992,0.060287,-0.469968,-0.830021
-0.488904,0.063329,-0.135988,-0.860076,-0.373458,0.043742,0.024545,-0.925591,0.30803,0.060278,-0.469913,-0.830039
-0.48886,0.063107,-0.136015,-0.860115,-0.373447,0.043452,0.024651,-0.925607,0.30809,0.060231,-0.469861,-0.830049
-0.488873,0.062803,-0.136129,-0.860115,-0.373423,0.043299,0.024975,-0.925613,0.308129,0.06022,-0.469814,-0.830063
-0.488888,0.062588,-0.136151,-0.86012,-0.373404,0.043235,0.025335,-0.925612,0.308115,0.060195,-0.469738,-0.830112
-0.488809,0.062448,-0.136096,-0.860184,-0.373309,0.043274,0.025718,-0.925633,0.308146,0.060108,-0.469576,-0.830197
-0.488679,0.062333,-0.13594,-0.86029,-0.373223,0.043276,0.026017,-0.925656,0.308174,0.060058,-0.469431,-0.830273
-0.488529,0.062309,-0.135721,-0.86041,-0.373254,0.043283,0.026306,-0.925632,0.308196,0.059978,-0.469298,-0.830345
-0.488387,0.062269,-0.135661,-0.860504,-0.37323,0.043263,0.026587,-0.925633,0.308183,0.059836,-0.469136,-0.83045
-0.488302,0.062188,-0.135683,-0.860555,-0.373232,0.043165,0.02688,-0.925625,0.30822,0.059775,-0.469012,-0.830512
-0.488232,0.062065,-0.135781,-0.86059,-0.373266,0.043078,0.027072,-0.925609,0.308284,0.059751,-0.468968,-0.830514
-0.488252,0.061876,-0.136018,-0.860558,-0.373342,0.043071,0.027115,-0.925577,0.308334,0.059731,-0.468889,-0.830541
-0.488261,0.061793,-0.136183,-0.860536,-0.373433,0.043099,0.02703,-0.925541,0.30833,0.05974,-0.46887,-0.830553
-0.488297,0.061696,-0.136363,-0.860496,-0.373571,0.043131,0.026883,-0.92549,0.308313,0.059709,-0.468779,-0.830612
-0.488338,0.061631,-0.136537,-0.860451,-0.373663,0.043145,0.026746,-0.925458,0.308328,0.059706,-0.468698,-0.830651
-0.488403,0.061559,-0.136671,-0.8604,-0.373708,0.043206,0.026498,-0.925446,0.308362,0.059645,-0.468584,-0.830708
-0.488468,0.061437,-0.136735,-0.860363,-0.373696,0.043187,0.026238,-0.925462,0.308407,0.059574,-0.468511,-0.830737
-0.488513,0.061384,-0.13672,-0.860344,-0.373595,0.042988,0.025996,-0.925522,0.308449,0.05955,-0.468409,-0.830779
-0.488518,0.06129,-0.13656,-0.860372,-0.373489,0.042679,0.025889,-0.925586,0.308434,0.059522,-0.468345,-0.830822
-0.488551,0.061163,-0.136166,-0.860422,-0.373284,0.0424,0.025936,-0.925681,0.308439,0.059471,-0.46817,-0.830923
-0.488462,0.061126,-0.135545,-0.860568,-0.373043,0.042216,0.02611,-0.925782,0.30833,0.059398,-0.468031,-0.831046
-0.488323,0.061193,-0.134914,-0.860734,-0.372781,0.042147,0.0266,-0.925872,0.308322,0.059295,-0.467876,-0.831143
-0.488228,0.061413,-0.134412,-0.860845,-0.372554,0.042247,0.027314,-0.92593,0.308336,0.059234,-0.467784,-0.831193
-0.488191,0.061502,-0.134066,-0.860909,-0.372347,0.042406,0.027995,-0.925977,0.308342,0.059267,-0.467777,-0.831192
-0.488126,0.061612,-0.133696,-0.860992,-0.3722,0.042475,0.028456,-0.926014,0.308387,0.059366,-0.467827,-0.83114
-0.488064,0.061695,-0.133531,-0.861046,-0.372094,0.04252,0.028773,-0.926042,0.308447,0.059532,-0.46791,-0.831058
-0.487926,0.061726,-0.133511,-0.861124,-0.372094,0.042483,0.028925,-0.926037,0.308511,0.059644,-0.468038,-0.830954
-0.487749,0.061765,-0.133578,-0.861211,-0.372144,0.042467,0.028995,-0.926014,0.308572,0.059737,-0.468097,-0.830891
-0.487689,0.061792,-0.133706,-0.861225,-0.372286,0.042505,0.028967,-0.925957,0.308659,0.059732,-0.468153,-0.830829
-0.487708,0.061702,-0.134019,-0.861176,-0.372435,0.042518,0.028806,-0.925903,0.308706,0.059715,-0.468182,-0.830797
-0.487775,0.061605,-0.134455,-0.861081,-0.372691,0.042575,0.028595,-0.925806,0.308754,0.059673,-0.468249,-0.830744
-0.487852,0.061543,-0.134845,-0.860984,-0.372906,0.042607,0.028457,-0.925723,0.308702,0.059699,-0.468248,-0.830763
-0.487923,0.061444,-0.135168,-0.860905,-0.373155,0.042647,0.028275,-0.925628,0.308681,0.059702,-0.468266,-0.83076
-0.488042,0.061407,-0.135376,-0.860809,-0.373384,0.042717,0.028036,-0.925543,0.308706,0.059664,-0.468273,-0.83075
-0.488162,0.061355,-0.135489,-0.860729,-0.373544,0.042833,0.027742,-0.925483,0.308764,0.059651,-0.468184,-0.830779
-0.488266,0.061218,-0.135562,-0.86067,-0.373643,0.042902,0.027465,-0.925451,0.30875,0.059625,-0.468103,-0.830831
-0.488386,0.061075,-0.135529,-0.860618,-0.373723,0.04275,0.027178,-0.925438,0.308687,0.059512,-0.468007,-0.830917
-0.488503,0.060813,-0.135393,-0.860592,-0.373746,0.04245,0.026979,-0.925453,0.308637,0.059407,-0.467878,-0.831016
-0.488689,0.060539,-0.135046,-0.860558,-0.373779,0.042086,0.026882,-0.925462,0.308538,0.059355,-0.467726,-0.831141
-0.488782,0.060365,-0.134632,-0.86058,-0.373795,0.041691,0.026855,-0.925477,0.308424,0.059199,-0.467495,-0.831324
-0.488848,0.060261,-0.134122,-0.860625,-0.373776,0.041416,0.027035,-0.925492,0.30824,0.059036,-0.467312,-0.831506
