0.355458,-0.136379,0.009621,0.928099,-0.484117,-0.039496,-0.247714,-0.83513,-0.360001,-0.234058,0.493848,0.7583
0.355508,-0.136372,0.009678,0.92808,-0.484155,-0.039485,-0.247683,-0.835118,-0.360025,-0.234011,0.493858,0.758295
0.355487,-0.136353,0.009692,0.92809,-0.484179,-0.03949,-0.247666,-0.835109,-0.360016,-0.233945,0.493818,0.758346
0.35553,-0.136323,0.009627,0.928078,-0.484202,-0.039474,-0.247667,-0.835097,-0.360006,-0.233942,0.493767,0.758385
0.355557,-0.136293,0.00969,0.92807,-0.484248,-0.039481,-0.24767,-0.835069,-0.360023,-0.233892,0.493728,0.758417
0.355605,-0.136282,0.009683,0.928054,-0.484274,-0.039463,-0.24769,-0.835049,-0.360006,-0.233843,0.493771,0.758411
0.355608,-0.136313,0.009761,0.928048,-0.484277,-0.039449,-0.247715,-0.835041,-0.359973,-0.233816,0.493841,0.758389
0.355605,-0.13634,0.009725,0.928046,-0.48435,-0.039429,-0.247762,-0.834986,-0.359959,-0.233799,0.4939,0.758362
0.355629,-0.136347,0.009746,0.928035,-0.48435,-0.039408,-0.247798,-0.834976,-0.359977,-0.233766,0.49396,0.758323
0.355619,-0.136361,0.009714,0.928038,-0.484339,-0.03941,-0.247835,-0.834971,-0.359952,-0.2338,0.493963,0.758324
0.355621,-0.136327,0.009732,0.928041,-0.48438,-0.039366,-0.247771,-0.83497,-0.359924,-0.233808,0.493954,0.75834
0.355638,-0.136332,0.009632,0.928036,-0.484419,-0.03932,-0.247668,-0.834983,-0.3599,-0.233752,0.493973,0.758355
0.355668,-0.136357,0.009601,0.928022,-0.48442,-0.039308,-0.247644,-0.83499,-0.359864,-0.233702,0.494034,0.758347
0.355664,-0.136403,0.009566,0.928019,-0.484429,-0.03932,-0.247665,-0.834978,-0.359848,-0.233756,0.494066,0.758318
0.355688,-0.136337,0.009757,0.928014,-0.484442,-0.039334,-0.247796,-0.83493,-0.359932,-0.233755,0.494132,0.758236
0.355659,-0.136271,0.009936,0.928029,-0.484377,-0.039326,-0.247967,-0.834916,-0.359996,-0.233715,0.494198,0.758173
0.355579,-0.136243,0.010121,0.928061,-0.484328,-0.039376,-0.248079,-0.834906,-0.360087,-0.233655,0.494164,0.758168
0.3555,-0.136133,0.010209,0.928102,-0.48424,-0.039357,-0.248163,-0.834933,-0.360154,-0.233605,0.494106,0.758189
0.355403,-0.136061,0.010283,0.928148,-0.484162,-0.039393,-0.248185,-0.83497,-0.36019,-0.233534,0.494084,0.758207
0.35534,-0.136026,0.010268,0.928176,-0.484122,-0.039391,-0.248102,-0.835018,-0.360206,-0.233527,0.494055,0.758221
0.355282,-0.136034,0.010221,0.928197,-0.484044,-0.039359,-0.248016,-0.835092,-0.360193,-0.233517,0.494048,0.758235
0.355265,-0.136001,0.010043,0.928211,-0.48403,-0.039325,-0.247889,-0.835141,-0.360211,-0.233515,0.494077,0.758208
0.35525,-0.136023,0.009878,0.928216,-0.483965,-0.039289,-0.247787,-0.835213,-0.360183,-0.233629,0.494046,0.758209
0.355218,-0.136023,0.009753,0.928231,-0.483919,-0.039241,-0.247745,-0.835255,-0.360127,-0.233652,0.494028,0.75824
0.355148,-0.136066,0.009668,0.928254,-0.483876,-0.039206,-0.247722,-0.83529,-0.360074,-0.233657,0.494024,0.758267
0.355131,-0.136066,0.009674,0.928261,-0.483827,-0.039246,-0.247745,-0.835309,-0.36003,-0.233707,0.494017,0.758278
0.355073,-0.136082,0.00969,0.928281,-0.48378,-0.039267,-0.247818,-0.835312,-0.360056,-0.233703,0.493995,0.758281
0.35507,-0.136059,0.00973,0.928284,-0.483799,-0.039251,-0.247862,-0.835288,-0.360061,-0.233713,0.493947,0.758307
0.355025,-0.13603,0.009774,0.928303,-0.483771,-0.039178,-0.247916,-0.835294,-0.360046,-0.233781,0.493932,0.758305
0.354962,-0.136036,0.009812,0.928326,-0.483741,-0.03911,-0.247924,-0.835314,-0.360056,-0.233782,0.493931,0.758299
0.354946,-0.136084,0.009862,0.928325,-0.483701,-0.039052,-0.247927,-0.835342,-0.360066,-0.233789,0.493918,0.758302
0.354942,-0.136181,0.009853,0.928316,-0.483689,-0.038996,-0.247939,-0.835349,-0.360077,-0.233771,0.493969,0.758267
0.354904,-0.136251,0.009838,0.928323,-0.483708,-0.038962,-0.247903,-0.835351,-0.360059,-0.23379,0.49398,0.758264
0.354863,-0.136338,0.009803,0.928328,-0.483711,-0.038933,-0.24789,-0.835356,-0.360056,-0.233791,0.493997,0.758254
0.354812,-0.136363,0.009831,0.928344,-0.483721,-0.038901,-0.247936,-0.835339,-0.360038,-0.233819,0.494032,0.758231
0.354851,-0.136326,0.009919,0.928333,-0.483724,-0.038958,-0.24799,-0.835316,-0.360064,-0.233831,0.494043,0.758209
0.354861,-0.13632,0.009934,0.92833,-0.483739,-0.038996,-0.247964,-0.835312,-0.360041,-0.23384,0.494063,0.758204
0.35488,-0.136326,0.009928,0.928321,-0.483764,-0.039034,-0.247918,-0.835309,-0.360023,-0.233851,0.49405,0.758216
0.354954,-0.136373,0.009971,0.928287,-0.483808,-0.039079,-0.247893,-0.835288,-0.360033,-0.233807,0.49405,0.758226
0.354962,-0.13637,0.009927,0.928285,-0.48381,-0.039173,-0.247905,-0.835276,-0.360068,-0.233733,0.494057,0.758225
0.354999,-0.13636,0.009929,0.928272,-0.483904,-0.039221,-0.247915,-0.835214,-0.360075,-0.233685,0.494039,0.758248
0.355033,-0.136341,0.009977,0.92826,-0.483954,-0.039308,-0.247962,-0.835165,-0.360102,-0.233621,0.494007,0.758274
0.355048,-0.136322,0.010049,0.928256,-0.483956,-0.039377,-0.247999,-0.835147,-0.360117,-0.233535,0.493993,0.758303
0.355072,-0.13622,0.010096,0.928258,-0.483956,-0.039432,-0.248035,-0.835131,-0.360136,-0.233447,0.494004,0.758311
0.355081,-0.136187,0.010113,0.928258,-0.483979,-0.039462,-0.248053,-0.83511,-0.360186,-0.233404,0.493969,0.758323
0.355114,-0.136089,0.010107,0.928257,-0.483971,-0.039496,-0.248038,-0.835116,-0.360221,-0.233381,0.49394,0.758333
0.355115,-0.136058,0.010112,0.92826,-0.483981,-0.039563,-0.248067,-0.835097,-0.360238,-0.233374,0.493942,0.758324
0.355117,-0.135982,0.01009,0.928269,-0.484,-0.039634,-0.248094,-0.835072,-0.360251,-0.233361,0.493981,0.758297
0.355119,-0.135965,0.010093,0.92827,-0.483966,-0.039694,-0.248144,-0.835072,-0.3603,-0.23331,0.494017,0.758265
0.355144,-0.135942,0.010102,0.928263,-0.483956,-0.039676,-0.248175,-0.835069,-0.360302,-0.233304,0.49405,0.758243
0.355136,-0.135957,0.010131,0.928264,-0.483943,-0.039695,-0.248238,-0.835057,-0.360313,-0.233293,0.494122,0.758194
0.35516,-0.135965,0.010212,0.928252,-0.483909,-0.039689,-0.248332,-0.835048,-0.360382,-0.233248,0.494159,0.75815
0.355134,-0.135923,0.010264,0.928266,-0.483928,-0.039679,-0.248413,-0.835013,-0.360451,-0.233206,0.494202,0.758101
0.355087,-0.135899,0.010328,0.928286,-0.483912,-0.039634,-0.24845,-0.835015,-0.360496,-0.233235,0.494222,0.758058
0.355029,-0.13591,0.010335,0.928307,-0.483938,-0.039618,-0.248474,-0.834994,-0.360556,-0.233209,0.494313,0.757976
0.35499,-0.135916,0.010389,0.92832,-0.483921,-0.039616,-0.24857,-0.834976,-0.360591,-0.233209,0.494346,0.757937
0.354977,-0.135916,0.010465,0.928324,-0.483953,-0.03957,-0.248647,-0.834937,-0.360596,-0.23318,0.494383,0.757919
0.35497,-0.135875,0.010526,0.92833,-0.483956,-0.039491,-0.248751,-0.83491,-0.360599,-0.233204,0.494433,0.757878
0.354953,-0.135885,0.010592,0.928335,-0.483923,-0.039465,-0.248838,-0.834906,-0.360641,-0.233197,0.494455,0.757845
0.35494,-0.135907,0.010703,0.928335,-0.483904,-0.039387,-0.248955,-0.834886,-0.36066,-0.233196,0.494513,0.757799
0.354911,-0.135909,0.010793,0.928344,-0.48389,-0.039322,-0.248967,-0.834895,-0.360651,-0.233228,0.494522,0.757788
0.354939,-0.135947,0.010776,0.928329,-0.483885,-0.039301,-0.24897,-0.8349,-0.360648,-0.233279,0.494504,0.757786
0.354976,-0.135971,0.010778,0.928312,-0.4839,-0.039267,-0.248984,-0.83489,-0.360633,-0.233324,0.494503,0.757781
0.354997,-0.135968,0.010781,0.928304,-0.483868,-0.039257,-0.248961,-0.834915,-0.360672,-0.233286,0.49451,0.757769
0.354973,-0.135962,0.010742,0.928316,-0.483853,-0.039204,-0.248989,-0.834921,-0.360669,-0.233304,0.494492,0.757777
0.354977,-0.135954,0.010741,0.928315,-0.483868,-0.039183,-0.249011,-0.834906,-0.360665,-0.2333,0.494475,0.757791
0.355027,-0.135959,0.010762,0.928295,-0.483841,-0.039169,-0.248999,-0.834926,-0.360651,-0.233296,0.494417,0.757836
0.355032,-0.135952,0.010799,0.928292,-0.483798,-0.039192,-0.249,-0.83495,-0.360594,-0.233322,0.494381,0.757881
0.355063,-0.135968,0.010825,0.928279,-0.483776,-0.039217,-0.248995,-0.834962,-0.360563,-0.233347,0.494339,0.757915
0.355073,-0.135965,0.010838,0.928275,-0.483784,-0.039229,-0.248988,-0.834959,-0.360603,-0.233341,0.494287,0.757932
0.35503,-0.135991,0.010824,0.928289,-0.483802,-0.039221,-0.248991,-0.834947,-0.360634,-0.233353,0.494275,0.757921
0.355008,-0.136029,0.010793,0.928292,-0.483778,-0.039205,-0.249011,-0.834957,-0.360616,-0.233347,0.494325,0.7579
0.355066,-0.13607,0.010819,0.928266,-0.483818,-0.039174,-0.249071,-0.834918,-0.360654,-0.233348,0.494314,0.757887
0.355007,-0.136105,0.010816,0.928285,-0.48381,-0.039151,-0.24908,-0.834922,-0.360631,-0.233323,0.494316,0.757906
0.355011,-0.136088,0.01085,0.928284,-0.483812,-0.0391,-0.249057,-0.834931,-0.360637,-0.233348,0.494324,0.75789
0.354986,-0.136026,0.010877,0.928301,-0.483798,-0.039079,-0.249049,-0.834943,-0.360632,-0.233346,0.494331,0.757887
0.354966,-0.136009,0.010863,0.928311,-0.483759,-0.039038,-0.249034,-0.834974,-0.360593,-0.233392,0.494359,0.757875
0.354971,-0.135971,0.010853,0.928313,-0.483741,-0.039038,-0.24903,-0.834986,-0.360608,-0.23336,0.49438,0.757863
0.354969,-0.135953,0.010832,0.928316,-0.483764,-0.039071,-0.249061,-0.834961,-0.360617,-0.233329,0.494343,0.757893
0.355,-0.135941,0.010844,0.928306,-0.483783,-0.039133,-0.249073,-0.834941,-0.360568,-0.233369,0.494387,0.757875
0.355006,-0.135879,0.010919,0.92831,-0.483775,-0.039143,-0.249054,-0.834951,-0.360567,-0.233391,0.494386,0.757871
0.355001,-0.135857,0.010939,0.928314,-0.483786,-0.039156,-0.249057,-0.834941,-0.360552,-0.233388,0.49437,0.757889
0.354996,-0.13589,0.010864,0.928313,-0.483755,-0.0392,-0.249042,-0.834961,-0.360548,-0.233346,0.494392,0.757888
0.355006,-0.135885,0.01077,0.928312,-0.483721,-0.039178,-0.24905,-0.83498,-0.360562,-0.233333,0.494441,0.757853
0.355008,-0.135939,0.010754,0.928304,-0.483732,-0.039108,-0.249001,-0.834994,-0.360559,-0.233335,0.494462,0.75784
0.354997,-0.135935,0.010821,0.928308,-0.48372,-0.039111,-0.24901,-0.834999,-0.360532,-0.233333,0.494525,0.757812
0.35498,-0.135979,0.010816,0.92831,-0.483734,-0.039076,-0.249016,-0.834991,-0.360542,-0.233353,0.494513,0.757809
0.354985,-0.136018,0.010836,0.928303,-0.483738,-0.039021,-0.248997,-0.834999,-0.36057,-0.233379,0.494546,0.757766
0.355026,-0.136024,0.010843,0.928287,-0.483804,-0.038968,-0.249012,-0.83496,-0.360608,-0.233377,0.494577,0.757729
0.355045,-0.13607,0.010854,0.928273,-0.483868,-0.038903,-0.249087,-0.834905,-0.360621,-0.233374,0.494626,0.757691
0.355068,-0.136112,0.010916,0.928258,-0.483885,-0.038905,-0.249195,-0.834863,-0.360671,-0.23338,0.494717,0.757606
0.355068,-0.136118,0.011049,0.928255,-0.483867,-0.03895,-0.249369,-0.834816,-0.360775,-0.233287,0.494763,0.757553
0.355043,-0.13612,0.011236,0.928262,-0.483781,-0.038935,-0.249586,-0.834801,-0.360871,-0.233189,0.494825,0.757493
0.354961,-0.136103,0.011377,0.928292,-0.483721,-0.038916,-0.249813,-0.834769,-0.360951,-0.233082,0.494889,0.757445
0.354845,-0.136078,0.011542,0.928337,-0.483635,-0.038918,-0.249967,-0.834772,-0.361031,-0.232996,0.494881,0.757436
0.354764,-0.135971,0.011737,0.928377,-0.483576,-0.038914,-0.249979,-0.834802,-0.361076,-0.232899,0.494911,0.757424
0.354718,-0.13588,0.011839,0.928403,-0.483491,-0.038964,-0.25003,-0.834832,-0.361078,-0.232853,0.494936,0.757419
0.35467,-0.135833,0.011842,0.928427,-0.483435,-0.038987,-0.250043,-0.834859,-0.361117,-0.232796,0.494948,0.757409
0.354631,-0.135826,0.011844,0.928443,-0.483354,-0.038952,-0.250014,-0.834918,-0.361137,-0.232726,0.494943,0.757423
0.354599,-0.135872,0.011744,0.928451,-0.483299,-0.038933,-0.250007,-0.834953,-0.361138,-0.232683,0.494951,0.757429
0.354551,-0.13582,0.011707,0.928476,-0.483254,-0.03892,-0.250006,-0.83498,-0.361138,-0.232585,0.494955,0.757456
0.35452,-0.135782,0.011699,0.928492,-0.483252,-0.038954,-0.25,-0.834981,-0.361145,-0.232581,0.494974,0.757442
0.354525,-0.135738,0.011738,0.928495,-0.483233,-0.038975,-0.250059,-0.834971,-0.361189,-0.232567,0.494947,0.757442
0.354522,-0.135692,0.011862,0.928499,-0.483222,-0.038909,-0.250091,-0.834974,-0.361228,-0.232555,0.49493,0.757438
0.354541,-0.135705,0.011912,0.92849,-0.483226,-0.038877,-0.250187,-0.834945,-0.361249,-0.232486,0.494976,0.757417
0.354571,-0.135744,0.011962,0.928473,-0.483272,-0.038899,-0.250282,-0.834887,-0.361273,-0.23248,0.495046,0.757362
0.354564,-0.135754,0.012036,0.928473,-0.483284,-0.038834,-0.250317,-0.834875,-0.361298,-0.232442,0.495101,0.757324
0.35457,-0.135768,0.012046,0.928469,-0.483315,-0.038762,-0.250322,-0.834861,-0.361285,-0.23243,0.495152,0.757301
0.354593,-0.135835,0.012016,0.928452,-0.483313,-0.038721,-0.250359,-0.834854,-0.361295,-0.232404,0.49523,0.757252
0.354602,-0.13589,0.012032,0.928443,-0.483352,-0.038687,-0.250374,-0.83483,-0.361242,-0.232421,0.495329,0.757208
0.35464,-0.135954,0.012115,0.928419,-0.4834,-0.03867,-0.250475,-0.834772,-0.361224,-0.23243,0.495374,0.757183
0.354636,-0.135968,0.012168,0.928418,-0.483394,-0.038666,-0.250548,-0.834754,-0.361188,-0.232495,0.495433,0.757143
0.354661,-0.136002,0.012197,0.928404,-0.483418,-0.038651,-0.250623,-0.834718,-0.36117,-0.23249,0.495463,0.757133
0.354671,-0.135979,0.012201,0.928403,-0.483463,-0.038691,-0.250641,-0.834683,-0.36112,-0.232514,0.495512,0.757118
0.35473,-0.136012,0.012157,0.928377,-0.483527,-0.038657,-0.250597,-0.834663,-0.361082,-0.232511,0.495536,0.757121
0.354791,-0.136046,0.012167,0.928349,-0.48355,-0.038667,-0.250549,-0.834663,-0.361046,-0.232489,0.495557,0.75713
0.354843,-0.136133,0.012132,0.92832,-0.48364,-0.038689,-0.250555,-0.834607,-0.361022,-0.232462,0.495598,0.757123
0.354871,-0.136164,0.012114,0.928306,-0.483675,-0.038722,-0.250587,-0.834575,-0.360972,-0.232502,0.49566,0.757095
0.354903,-0.13619,0.012176,0.92829,-0.483712,-0.038738,-0.250643,-0.834535,-0.360951,-0.232519,0.495665,0.757097
0.354941,-0.136201,0.012223,0.928273,-0.483714,-0.038763,-0.25069,-0.834517,-0.360938,-0.232484,0.495701,0.75709
0.354897,-0.136167,0.012241,0.928294,-0.483747,-0.038801,-0.250747,-0.834479,-0.360942,-0.232423,0.495684,0.757116
0.354914,-0.136151,0.012222,0.928289,-0.48373,-0.038801,-0.250807,-0.83447,-0.360941,-0.232421,0.495636,0.757149
0.354932,-0.136091,0.012232,0.928289,-0.483706,-0.038794,-0.250833,-0.834476,-0.360957,-0.232441,0.495613,0.757151
0.354971,-0.136086,0.012199,0.928275,-0.483674,-0.03879,-0.250834,-0.834494,-0.361002,-0.232487,0.495566,0.757147
0.355004,-0.136072,0.01209,0.928266,-0.483651,-0.038784,-0.250762,-0.83453,-0.360988,-0.232499,0.495531,0.757173
0.355015,-0.136071,0.012051,0.928263,-0.483645,-0.038755,-0.250747,-0.834541,-0.360987,-0.2325,0.495557,0.757156
0.355043,-0.136093,0.012015,0.928251,-0.483644,-0.038784,-0.250747,-0.834538,-0.361018,-0.232516,0.495563,0.757133
0.355071,-0.136064,0.012023,0.928244,-0.48366,-0.038815,-0.250776,-0.834518,-0.361048,-0.232508,0.495583,0.757106
0.355072,-0.13608,0.012047,0.92824,-0.483649,-0.038802,-0.250759,-0.834531,-0.361049,-0.232453,0.495576,0.757128
0.35511,-0.136055,0.012131,0.928227,-0.483697,-0.038756,-0.250781,-0.8345,-0.361035,-0.23242,0.495555,0.757158
0.355142,-0.136021,0.012193,0.928218,-0.483703,-0.038725,-0.250854,-0.834477,-0.360986,-0.232435,0.495571,0.757166
0.355133,-0.136015,0.012222,0.928221,-0.483708,-0.038691,-0.250856,-0.834476,-0.360954,-0.232478,0.495601,0.75715
0.355188,-0.135998,0.01222,0.928203,-0.483706,-0.038632,-0.250895,-0.83447,-0.360956,-0.2325,0.495611,0.757136
0.355208,-0.136028,0.012247,0.928192,-0.483698,-0.038625,-0.250937,-0.834462,-0.36096,-0.2325,0.495657,0.757103
0.355223,-0.13603,0.012351,0.928183,-0.483735,-0.038676,-0.251011,-0.834415,-0.360981,-0.232506,0.49571,0.757056
0.355201,-0.136011,0.012334,0.928194,-0.483755,-0.038696,-0.251034,-0.834394,-0.360946,-0.232585,0.495757,0.757018
0.355192,-0.136022,0.012341,0.928196,-0.483767,-0.03861,-0.251001,-0.834404,-0.360948,-0.232572,0.495742,0.757031
0.355176,-0.136064,0.012318,0.928198,-0.48376,-0.038555,-0.250947,-0.834428,-0.360923,-0.232546,0.495763,0.757037
0.355177,-0.136062,0.012238,0.9282,-0.483722,-0.038543,-0.250963,-0.834447,-0.360901,-0.232604,0.495816,0.756996
0.355177,-0.136083,0.012249,0.928196,-0.483697,-0.038534,-0.250969,-0.83446,-0.360867,-0.232651,0.495876,0.756959
0.35516,-0.136051,0.012279,0.928206,-0.483693,-0.038543,-0.251009,-0.83445,-0.360879,-0.232659,0.495899,0.756935
0.355149,-0.136045,0.012269,0.928211,-0.483689,-0.03859,-0.251016,-0.834445,-0.36089,-0.232666,0.495914,0.756918
0.355163,-0.136045,0.012237,0.928206,-0.483687,-0.038631,-0.250992,-0.834451,-0.36086,-0.232679,0.495943,0.75691
0.355162,-0.136036,0.012221,0.928208,-0.483672,-0.038643,-0.250992,-0.834459,-0.360889,-0.232609,0.495938,0.75692
0.355142,-0.136057,0.012193,0.928214,-0.483673,-0.038669,-0.251027,-0.834446,-0.360896,-0.232575,0.495929,0.756932
0.35512,-0.136035,0.012239,0.928224,-0.48367,-0.038723,-0.251067,-0.834431,-0.3609,-0.232595,0.495914,0.756934
0.355087,-0.135984,0.012231,0.928243,-0.483661,-0.038723,-0.251108,-0.834424,-0.360933,-0.232614,0.495897,0.756925
0.355129,-0.135897,0.012337,0.928234,-0.48368,-0.038773,-0.251152,-0.834396,-0.360955,-0.232629,0.495912,0.7569
0.355127,-0.135896,0.012413,0.928235,-0.483709,-0.038785,-0.251189,-0.834367,-0.360975,-0.232606,0.495864,0.756928
0.355104,-0.135862,0.012498,0.928245,-0.483706,-0.038819,-0.25127,-0.83434,-0.361047,-0.232532,0.495825,0.756941
0.355148,-0.135842,0.012579,0.92823,-0.483697,-0.038778,-0.251384,-0.834314,-0.361014,-0.232489,0.495823,0.756971
0.355199,-0.135849,0.012614,0.928209,-0.483677,-0.038827,-0.251437,-0.834305,-0.361012,-0.232464,0.495824,0.756978
0.355244,-0.135891,0.012659,0.928186,-0.48366,-0.038829,-0.251495,-0.834297,-0.361018,-0.232444,0.495853,0.756962
0.355238,-0.135919,0.012653,0.928185,-0.483639,-0.038822,-0.251508,-0.834306,-0.36104,-0.232428,0.495852,0.756956
0.355246,-0.135949,0.012625,0.928178,-0.483663,-0.038835,-0.251501,-0.834293,-0.361065,-0.232434,0.495838,0.756953
0.355274,-0.135939,0.012692,0.928168,-0.483647,-0.038857,-0.251535,-0.834291,-0.361051,-0.232445,0.495879,0.756929
0.35531,-0.135923,0.012722,0.928155,-0.483677,-0.038853,-0.251566,-0.834264,-0.361071,-0.232405,0.495891,0.756923
0.355333,-0.135929,0.012742,0.928146,-0.483704,-0.038835,-0.251606,-0.834238,-0.361106,-0.232354,0.495872,0.756934
0.355391,-0.135939,0.012769,0.928122,-0.483731,-0.038908,-0.251634,-0.834207,-0.361084,-0.232354,0.495876,0.756942
0.355462,-0.135966,0.012766,0.928092,-0.483743,-0.038897,-0.251702,-0.834181,-0.361084,-0.232346,0.495897,0.75693
0.355527,-0.135918,0.01278,0.928072,-0.483748,-0.038875,-0.251694,-0.834182,-0.361084,-0.232314,0.495893,0.756941
0.3556,-0.135947,0.012833,0.92804,-0.48378,-0.038867,-0.251763,-0.834142,-0.361045,-0.232308,0.495935,0.756934
0.355621,-0.135963,0.012888,0.928029,-0.483906,-0.038659,-0.252108,-0.83398,-0.361021,-0.232267,0.495994,0.756918
0.355634883486842,-0.135993802474071,0.0129549550649803,0.928018023548942,-0.483914660352098,-0.038655888946485,-0.252118282259891,-0.833972029867257,-0.360995327168367,-0.232247125523013,0.496080786921099,0.756883053508937
0.355646904210526,-0.13603822454624,0.0130301167324205,0.92800702385637,-0.483918022577661,-0.0386549661005793,-0.252121782643713,-0.833969026548673,-0.360968207482993,-0.232231278242678,0.496187928553352,0.75682986341122
0.355655722828947,-0.13608853434529,0.0131112200336505,0.927996512235612,-0.483920873514394,-0.0386540602043839,-0.252124891705678,-0.833966509955752,-0.360946734056122,-0.232220791841004,0.496296105908929,0.756769741607893
0.35566,-0.136137,0.013196,0.927987,-0.483928,-0.038651,-0.252134,-0.83396,-0.360938,-0.232217,0.496386,0.756714
0.355661,-0.136183,0.013289,0.927979,-0.483959,-0.038546,-0.252203,-0.83393,-0.360939,-0.232242,0.49645,0.756665
0.355659,-0.136297,0.0133,0.927966,-0.483981,-0.038478,-0.252289,-0.833895,-0.360976,-0.232232,0.496539,0.75659
0.355685,-0.136352,0.013383,0.927949,-0.483949,-0.038448,-0.252459,-0.833863,-0.36103,-0.232201,0.496654,0.756497
0.355651,-0.136367,0.013482,0.927958,-0.483835,-0.038442,-0.252635,-0.833876,-0.361157,-0.232105,0.496737,0.756409
0.355583,-0.13632,0.013622,0.927986,-0.483749,-0.038503,-0.252794,-0.833871,-0.361241,-0.231992,0.496744,0.756397
0.35553,-0.136251,0.013829,0.928011,-0.483657,-0.038543,-0.252987,-0.833863,-0.361308,-0.231916,0.496774,0.756367
0.35546,-0.136153,0.014009,0.928045,-0.483572,-0.038598,-0.253091,-0.833876,-0.361358,-0.231838,0.496803,0.756347
0.355419,-0.136063,0.014136,0.928069,-0.483484,-0.038671,-0.253209,-0.833884,-0.36144,-0.231767,0.496818,0.756317
0.355356,-0.135994,0.014181,0.9281,-0.483421,-0.038712,-0.253335,-0.833879,-0.361471,-0.231712,0.496811,0.756323
0.355293,-0.136008,0.014136,0.928124,-0.483358,-0.03869,-0.253409,-0.833894,-0.361474,-0.231684,0.496792,0.756341
0.35524,-0.13599,0.014177,0.928145,-0.483301,-0.038693,-0.253422,-0.833924,-0.361492,-0.231631,0.496834,0.756321
0.355217,-0.135964,0.014148,0.928157,-0.483268,-0.03867,-0.253403,-0.833949,-0.361512,-0.231586,0.496838,0.756322
0.35522,-0.135934,0.014145,0.92816,-0.483262,-0.038681,-0.253413,-0.83395,-0.361537,-0.231548,0.496836,0.756322
0.355236,-0.135861,0.014165,0.928162,-0.4833,-0.038739,-0.253493,-0.833898,-0.36159,-0.23149,0.49685,0.756304
0.355248,-0.135858,0.014203,0.928157,-0.483305,-0.038755,-0.253599,-0.833862,-0.361569,-0.231471,0.49689,0.756293
0.355263,-0.135857,0.014283,0.928149,-0.483342,-0.03877,-0.253676,-0.833816,-0.361586,-0.231449,0.496932,0.756264
0.355248,-0.135822,0.014288,0.92816,-0.48333,-0.038764,-0.253719,-0.833809,-0.361593,-0.231409,0.496956,0.756255
0.355203,-0.135837,0.014362,0.928173,-0.483334,-0.03869,-0.253715,-0.833814,-0.361649,-0.231396,0.496979,0.756218
0.355149,-0.135854,0.014379,0.928191,-0.48329,-0.038684,-0.253698,-0.833846,-0.361684,-0.231399,0.496994,0.75619
0.355121,-0.135916,0.014384,0.928195,-0.483256,-0.038689,-0.253734,-0.833853,-0.361704,-0.231429,0.497001,0.756167
0.355109,-0.135927,0.014398,0.928197,-0.483266,-0.038699,-0.253765,-0.833837,-0.361685,-0.23146,0.497005,0.756164
0.355092,-0.135902,0.01437,0.928208,-0.483235,-0.038703,-0.253816,-0.833839,-0.361706,-0.231471,0.497028,0.756135
0.355037,-0.135887,0.014423,0.928229,-0.483227,-0.038689,-0.253852,-0.833833,-0.361746,-0.231518,0.497042,0.756094
0.354954,-0.135856,0.014409,0.928265,-0.483228,-0.038678,-0.253843,-0.833836,-0.361738,-0.231554,0.49704,0.756089
0.354919,-0.135856,0.014454,0.928278,-0.483232,-0.038664,-0.253875,-0.833826,-0.36179,-0.231622,0.497015,0.756061
0.354922,-0.135839,0.014468,0.928278,-0.483215,-0.038664,-0.253944,-0.833814,-0.361815,-0.231702,0.49702,0.756021
0.354886,-0.135836,0.014533,0.928291,-0.483252,-0.038633,-0.254049,-0.833763,-0.361878,-0.231709,0.497002,0.756001
0.354868,-0.13586,0.014602,0.928293,-0.483259,-0.038627,-0.254063,-0.833755,-0.361939,-0.231695,0.496997,0.755979
0.354855,-0.135903,0.014582,0.928294,-0.483248,-0.038647,-0.254099,-0.833748,-0.361955,-0.231731,0.497033,0.755937
0.354844,-0.135956,0.014533,0.928293,-0.483251,-0.038596,-0.254113,-0.833747,-0.361979,-0.231788,0.497036,0.755906
0.354809,-0.136011,0.014532,0.9283,-0.483249,-0.038537,-0.2541,-0.833756,-0.361998,-0.231787,0.497077,0.755871
0.354779,-0.136044,0.014505,0.928308,-0.483266,-0.038507,-0.254093,-0.833751,-0.362011,-0.231764,0.497044,0.755893
0.354781,-0.136095,0.014489,0.928302,-0.483215,-0.038511,-0.254132,-0.833768,-0.362004,-0.231769,0.497039,0.755898
0.354738,-0.13608,0.01454,0.928319,-0.483207,-0.038498,-0.254123,-0.833776,-0.362027,-0.231764,0.497071,0.755867
0.354713,-0.136045,0.01463,0.92833,-0.483204,-0.038482,-0.254169,-0.833764,-0.362031,-0.231799,0.497123,0.75582
0.35469,-0.136033,0.014664,0.92834,-0.483181,-0.038509,-0.254189,-0.833769,-0.362049,-0.231851,0.49712,0.755798
0.354698,-0.136,0.014677,0.92834,-0.483186,-0.038572,-0.254195,-0.83376,-0.362039,-0.231881,0.497145,0.755779
0.354725,-0.135967,0.01469,0.928333,-0.483174,-0.038566,-0.254189,-0.83377,-0.362069,-0.23189,0.497129,0.755771
0.354712,-0.135967,0.014685,0.928338,-0.483194,-0.038559,-0.254225,-0.833747,-0.362069,-0.23188,0.497116,0.755784
0.354726,-0.135965,0.014722,0.928333,-0.483172,-0.038618,-0.254261,-0.833744,-0.362058,-0.231846,0.497146,0.755778
0.354745,-0.135934,0.014764,0.928328,-0.483169,-0.038592,-0.254241,-0.833755,-0.36206,-0.231802,0.497154,0.755786
0.354769,-0.135901,0.014793,0.928322,-0.483165,-0.038593,-0.254213,-0.833766,-0.362084,-0.231776,0.497112,0.755809
0.354784,-0.135887,0.014754,0.928319,-0.483183,-0.038586,-0.254205,-0.833757,-0.362126,-0.23175,0.497087,0.755812
0.354835,-0.135858,0.014733,0.928304,-0.483208,-0.038602,-0.254168,-0.833754,-0.362133,-0.231727,0.497105,0.755804
0.354882,-0.135867,0.014778,0.928284,-0.483178,-0.038621,-0.254238,-0.833747,-0.362117,-0.2317,0.497097,0.755825
0.354884,-0.135828,0.01487,0.928285,-0.483164,-0.038677,-0.25434,-0.83372,-0.36216,-0.231696,0.497122,0.755788
0.354866,-0.135739,0.014899,0.928303,-0.483151,-0.038694,-0.254429,-0.833699,-0.362206,-0.231672,0.49712,0.755775
0.35485,-0.135681,0.014979,0.928313,-0.4831,-0.038772,-0.254489,-0.833704,-0.362231,-0.23164,0.49718,0.755733
0.354836,-0.135717,0.015029,0.928313,-0.483096,-0.038775,-0.254519,-0.833697,-0.362245,-0.231617,0.497177,0.755735
0.354814,-0.135737,0.015051,0.928319,-0.483087,-0.038835,-0.25458,-0.833678,-0.362273,-0.231599,0.497147,0.755746
0.354804,-0.135714,0.01505,0.928325,-0.4831,-0.038825,-0.254636,-0.833654,-0.36231,-0.231601,0.497206,0.755688
0.354786,-0.135724,0.01507,0.92833,-0.483104,-0.038863,-0.254719,-0.833622,-0.362341,-0.231551,0.497242,0.755664
0.354789,-0.135724,0.015095,0.928329,-0.483112,-0.038892,-0.254764,-0.833602,-0.362328,-0.23151,0.497305,0.755641
0.354774,-0.135714,0.015183,0.928334,-0.48311,-0.038926,-0.254817,-0.833584,-0.362312,-0.231458,0.497302,0.755665
0.354777,-0.135713,0.015263,0.928331,-0.48309,-0.038982,-0.254872,-0.833574,-0.362317,-0.231429,0.497376,0.755622
0.354777,-0.1357,0.015252,0.928333,-0.483074,-0.038981,-0.25492,-0.833569,-0.362277,-0.231454,0.497419,0.755605
0.354793,-0.135668,0.015309,0.928329,-0.483033,-0.038992,-0.254952,-0.833581,-0.362261,-0.231409,0.497449,0.755607
0.35482,-0.135658,0.015294,0.928321,-0.483036,-0.039042,-0.25497,-0.833571,-0.362274,-0.231387,0.49748,0.755586
0.354825,-0.135694,0.015288,0.928314,-0.483029,-0.039059,-0.255047,-0.833549,-0.362253,-0.231374,0.497486,0.755596
0.354815,-0.135694,0.015364,0.928316,-0.483052,-0.039067,-0.255112,-0.833514,-0.362237,-0.231319,0.49756,0.755571
0.354812,-0.135602,0.015421,0.928327,-0.483114,-0.03912,-0.255227,-0.833439,-0.362189,-0.231277,0.497599,0.755579
0.354783,-0.135577,0.015372,0.928343,-0.483146,-0.039122,-0.255287,-0.833401,-0.36217,-0.231225,0.497651,0.755569
0.354801,-0.135549,0.015431,0.928338,-0.483129,-0.039092,-0.255329,-0.8334,-0.362165,-0.231236,0.497673,0.755554
0.354783,-0.135592,0.015435,0.928339,-0.483107,-0.039119,-0.255349,-0.833405,-0.362193,-0.231229,0.497721,0.75551
0.354773,-0.135585,0.015437,0.928344,-0.483116,-0.039118,-0.255388,-0.833388,-0.362226,-0.231225,0.497757,0.755472
0.354744,-0.135633,0.015387,0.928351,-0.48313,-0.039067,-0.25539,-0.833382,-0.362252,-0.231225,0.497783,0.755443
0.354744,-0.135665,0.015298,0.928349,-0.483137,-0.039078,-0.255446,-0.833361,-0.36228,-0.231198,0.497815,0.755416
0.354748,-0.135639,0.015397,0.928347,-0.483101,-0.039096,-0.255444,-0.833381,-0.362289,-0.231227,0.4978,0.755412
0.354721,-0.135606,0.015488,0.928361,-0.483053,-0.039076,-0.255517,-0.833387,-0.362287,-0.231191,0.497782,0.755436
0.354728,-0.13558,0.01555,0.928359,-0.48301,-0.039043,-0.255541,-0.833407,-0.362311,-0.231174,0.497752,0.755449
0.354732,-0.135575,0.015567,0.928358,-0.482973,-0.039086,-0.255557,-0.833421,-0.362304,-0.231155,0.497732,0.755472
0.354727,-0.135605,0.015555,0.928357,-0.48298,-0.039045,-0.255563,-0.833418,-0.362311,-0.231143,0.497739,0.755467
0.354755,-0.13565,0.015506,0.928342,-0.482991,-0.038978,-0.255527,-0.833428,-0.362299,-0.23115,0.497754,0.75546
0.354703,-0.135629,0.015496,0.928364,-0.483024,-0.038972,-0.25559,-0.83339,-0.362329,-0.231106,0.497755,0.755458
0.35468,-0.135624,0.015536,0.928372,-0.483018,-0.038955,-0.255688,-0.833364,-0.362324,-0.231054,0.497808,0.755441
0.354692,-0.135592,0.015636,0.92837,-0.483054,-0.038961,-0.255815,-0.833303,-0.362314,-0.231022,0.497821,0.755446
0.354689,-0.135577,0.015769,0.92837,-0.483075,-0.038946,-0.255913,-0.833262,-0.362374,-0.23099,0.497863,0.755398
0.35469,-0.135608,0.015857,0.928363,-0.483111,-0.038947,-0.255986,-0.833218,-0.362373,-0.230945,0.497878,0.755401
0.354703,-0.135662,0.01589,0.928351,-0.48312,-0.038869,-0.256039,-0.833201,-0.362385,-0.230919,0.497924,0.755373
0.354717,-0.135674,0.016004,0.928342,-0.483144,-0.038814,-0.256099,-0.833173,-0.362451,-0.230892,0.497979,0.755313
0.354752,-0.135645,0.016199,0.928328,-0.483166,-0.038821,-0.256186,-0.833133,-0.362492,-0.23086,0.498078,0.755236
0.354729,-0.135689,0.016297,0.928329,-0.483157,-0.038795,-0.256296,-0.833105,-0.362548,-0.230826,0.498173,0.755156
0.354693,-0.135663,0.016361,0.928345,-0.483139,-0.038852,-0.25641,-0.833076,-0.36263,-0.230767,0.498208,0.755109
0.354682,-0.135597,0.016452,0.928355,-0.483122,-0.038918,-0.256455,-0.833067,-0.362679,-0.230641,0.498259,0.755089
0.354604,-0.135481,0.016574,0.928395,-0.48308,-0.038989,-0.256519,-0.833067,-0.362713,-0.230521,0.498238,0.755122
0.354578,-0.135387,0.016658,0.928414,-0.483048,-0.038995,-0.256484,-0.833095,-0.362795,-0.230451,0.498232,0.755105
0.354568,-0.13533,0.016663,0.928424,-0.48302,-0.039034,-0.25647,-0.833112,-0.362808,-0.230416,0.498207,0.755124
0.35449,-0.135289,0.016683,0.928458,-0.482957,-0.039073,-0.256418,-0.833162,-0.362826,-0.230377,0.498174,0.75515
0.354415,-0.135236,0.016649,0.928494,-0.482904,-0.039145,-0.256427,-0.833185,-0.362837,-0.230351,0.498138,0.755177
0.354374,-0.135214,0.016644,0.928512,-0.482911,-0.039235,-0.256436,-0.833171,-0.362857,-0.230346,0.49813,0.755173
0.354325,-0.135211,0.016613,0.928531,-0.482882,-0.039292,-0.256414,-0.833189,-0.362841,-0.230384,0.498082,0.755202
0.354338,-0.135173,0.016593,0.928531,-0.482832,-0.039265,-0.256328,-0.833248,-0.36284,-0.230388,0.498078,0.755205
0.35433,-0.135104,0.016608,0.928543,-0.482806,-0.039259,-0.256293,-0.833274,-0.362843,-0.230477,0.498056,0.755192
0.35431,-0.135142,0.016576,0.928546,-0.482799,-0.039242,-0.256313,-0.833273,-0.362908,-0.230537,0.498031,0.755159
0.354299,-0.13517,0.016561,0.928548,-0.482739,-0.039143,-0.256357,-0.833302,-0.362939,-0.230598,0.498031,0.755127
0.354232,-0.13521,0.016605,0.928568,-0.482682,-0.039093,-0.256449,-0.83331,-0.362955,-0.230681,0.498045,0.755086
0.35415,-0.13531,0.016615,0.928587,-0.482659,-0.039079,-0.256518,-0.833303,-0.362963,-0.230736,0.498051,0.755061
0.354089,-0.135359,0.016645,0.928603,-0.482646,-0.039006,-0.256578,-0.833298,-0.362968,-0.230767,0.498039,0.755058
0.354069,-0.135386,0.016626,0.928608,-0.482622,-0.038973,-0.256601,-0.833307,-0.362967,-0.230865,0.498052,0.755022
0.354032,-0.13545,0.016647,0.928614,-0.482569,-0.038922,-0.256605,-0.83334,-0.362945,-0.23095,0.498089,0.754983
0.353969,-0.135444,0.016608,0.92864,-0.482553,-0.038896,-0.2566,-0.833353,-0.362933,-0.231037,0.4981,0.754956
0.353946,-0.13548,0.01643,0.928649,-0.482534,-0.03881,-0.256512,-0.833398,-0.362937,-0.231097,0.498047,0.754972
0.353939,-0.1355,0.01634,0.928651,-0.482526,-0.038732,-0.256428,-0.833435,-0.362912,-0.231178,0.49799,0.754998
0.353956,-0.135514,0.016321,0.928644,-0.48254,-0.038754,-0.256349,-0.83345,-0.36284,-0.231281,0.497953,0.755029
0.353923,-0.135491,0.016275,0.92866,-0.482585,-0.038785,-0.256296,-0.833438,-0.362852,-0.231365,0.497911,0.755026
0.353938,-0.13548,0.016236,0.928656,-0.482592,-0.038738,-0.256277,-0.833444,-0.362827,-0.231436,0.497851,0.755058
0.35394,-0.135471,0.016142,0.928659,-0.482616,-0.038765,-0.256225,-0.833444,-0.362843,-0.231455,0.497814,0.755068
0.35388,-0.135454,0.01611,0.928684,-0.482672,-0.03871,-0.256178,-0.83343,-0.3628,-0.23146,0.49776,0.755123
0.353905,-0.135475,0.016034,0.928674,-0.482687,-0.038713,-0.256126,-0.833437,-0.362776,-0.231478,0.497739,0.755145
0.353895,-0.135429,0.015993,0.928685,-0.482676,-0.038713,-0.256164,-0.833432,-0.362764,-0.231496,0.497724,0.755155
0.353924,-0.135442,0.015932,0.928673,-0.482719,-0.03874,-0.256182,-0.833399,-0.362736,-0.231505,0.497761,0.755142
0.353887,-0.135465,0.015941,0.928684,-0.482743,-0.038787,-0.256235,-0.833366,-0.362691,-0.23154,0.497773,0.755144
0.353927,-0.135451,0.016008,0.928669,-0.482716,-0.038799,-0.256286,-0.833365,-0.362674,-0.231621,0.497764,0.755136
0.353944,-0.135426,0.016024,0.928665,-0.48271,-0.038791,-0.256267,-0.833375,-0.36266,-0.23162,0.497773,0.755136
0.353979,-0.135434,0.015985,0.928652,-0.482701,-0.038802,-0.25629,-0.833372,-0.362618,-0.231636,0.497828,0.755115
0.353987,-0.135408,0.016011,0.928651,-0.482724,-0.038743,-0.25622,-0.833384,-0.362619,-0.231651,0.497865,0.755087
0.354012,-0.135404,0.016031,0.928642,-0.482767,-0.038722,-0.256182,-0.833373,-0.362614,-0.231655,0.497834,0.755108
0.35403,-0.135415,0.016027,0.928633,-0.482817,-0.038745,-0.256106,-0.833366,-0.362611,-0.231686,0.497875,0.755073
0.35409,-0.135368,0.016043,0.928616,-0.482844,-0.038805,-0.256173,-0.833325,-0.362569,-0.23165,0.497916,0.755076
0.354143,-0.135344,0.01609,0.928598,-0.482818,-0.038923,-0.256294,-0.833293,-0.362564,-0.231575,0.497957,0.755075
0.354205,-0.135284,0.016081,0.928581,-0.482828,-0.039019,-0.256331,-0.833269,-0.362554,-0.231525,0.497954,0.755095
0.354251,-0.135232,0.016073,0.92857,-0.482889,-0.039099,-0.25631,-0.833234,-0.362536,-0.231514,0.497987,0.755086
0.354294,-0.135181,0.016105,0.928558,-0.482897,-0.039141,-0.256367,-0.833207,-0.362491,-0.231464,0.498057,0.755076
0.354309,-0.135142,0.01611,0.928557,-0.482885,-0.039186,-0.256407,-0.833199,-0.362432,-0.231429,0.498078,0.7551
0.354365,-0.135165,0.01611,0.928533,-0.48289,-0.039231,-0.25641,-0.83319,-0.362399,-0.231415,0.498076,0.755121
0.354431,-0.135141,0.016077,0.928512,-0.482866,-0.039331,-0.256462,-0.83318,-0.362378,-0.231358,0.498093,0.755136
0.354498,-0.135078,0.01613,0.928492,-0.482874,-0.0394,-0.256494,-0.833161,-0.362386,-0.231334,0.498082,0.755147
0.354528,-0.134993,0.016206,0.928489,-0.482872,-0.039494,-0.256544,-0.833139,-0.362347,-0.231278,0.498098,0.755172
0.354564,-0.134955,0.016159,0.928481,-0.482914,-0.039512,-0.256527,-0.833119,-0.362344,-0.231264,0.4981,0.755176
0.354587,-0.134925,0.016111,0.928477,-0.48289,-0.039513,-0.256491,-0.833144,-0.362324,-0.231231,0.498112,0.755187
0.354617,-0.134931,0.016097,0.928465,-0.482898,-0.039508,-0.256468,-0.833146,-0.362313,-0.231232,0.49808,0.755213
0.354659,-0.134926,0.016022,0.928451,-0.482896,-0.039541,-0.256446,-0.833152,-0.362276,-0.231261,0.498091,0.755215
0.354681,-0.134936,0.015998,0.928443,-0.482888,-0.039611,-0.25649,-0.833137,-0.362245,-0.231221,0.49811,0.75523
0.35475,-0.134852,0.016062,0.928425,-0.482931,-0.03967,-0.256492,-0.833107,-0.362206,-0.231177,0.498127,0.75525
0.354766,-0.134795,0.016165,0.928423,-0.482998,-0.039794,-0.256571,-0.833034,-0.362163,-0.231199,0.498145,0.755252
0.35478,-0.134808,0.016172,0.928416,-0.483023,-0.039817,-0.25671,-0.832974,-0.362178,-0.231176,0.498129,0.755261
0.354834,-0.134809,0.016169,0.928395,-0.483041,-0.039802,-0.256781,-0.832943,-0.36215,-0.231193,0.498138,0.755265
0.354867,-0.134844,0.016236,0.928377,-0.483098,-0.039784,-0.256793,-0.832908,-0.362109,-0.231146,0.498152,0.755289
0.354905,-0.13485,0.016258,0.928361,-0.483107,-0.039737,-0.256852,-0.832887,-0.362051,-0.231138,0.498196,0.755289
0.354924,-0.134879,0.016265,0.928351,-0.483111,-0.03969,-0.256877,-0.83288,-0.36205,-0.231093,0.498222,0.755286
0.354984,-0.134915,0.016288,0.928323,-0.48312,-0.039695,-0.256883,-0.832874,-0.362023,-0.231123,0.498262,0.755264
0.355021,-0.134933,0.016295,0.928306,-0.483183,-0.039662,-0.256839,-0.832854,-0.362046,-0.231124,0.498274,0.755245
0.355074,-0.134981,0.016283,0.92828,-0.483219,-0.039664,-0.256931,-0.832803,-0.361967,-0.231157,0.498295,0.75526
0.355118,-0.135009,0.016283,0.92826,-0.483261,-0.039664,-0.257005,-0.832755,-0.361951,-0.231151,0.498353,0.755231
0.355186,-0.13502,0.016335,0.928232,-0.483288,-0.039638,-0.257069,-0.832722,-0.361914,-0.2312,0.498375,0.755219
0.355188,-0.135065,0.016313,0.928227,-0.483316,-0.039544,-0.25703,-0.832725,-0.361894,-0.231184,0.498394,0.75522
0.35525,-0.135089,0.016326,0.9282,-0.483316,-0.039514,-0.257032,-0.832727,-0.361858,-0.231208,0.498439,0.755202
0.355284,-0.135138,0.016324,0.928181,-0.483341,-0.039437,-0.256979,-0.832735,-0.361823,-0.231253,0.498478,0.755179
0.355284,-0.135159,0.01635,0.928178,-0.483332,-0.039361,-0.256915,-0.832767,-0.361835,-0.231325,0.498531,0.755117
0.355293,-0.135218,0.016355,0.928168,-0.483357,-0.039249,-0.25683,-0.832788,-0.361781,-0.231311,0.498625,0.755085
0.355287,-0.135301,0.016343,0.928161,-0.48338,-0.039225,-0.256807,-0.832782,-0.361786,-0.231315,0.498661,0.755057
0.355307,-0.135388,0.016298,0.928144,-0.483443,-0.039202,-0.256802,-0.83275,-0.361753,-0.231401,0.498715,0.755013
0.355302,-0.135453,0.016295,0.928138,-0.483515,-0.039171,-0.256821,-0.832705,-0.361714,-0.231478,0.498735,0.754995
0.355268,-0.135502,0.016307,0.928145,-0.483536,-0.039109,-0.256805,-0.832702,-0.361672,-0.231481,0.498764,0.754995
0.355282,-0.135542,0.016328,0.928135,-0.483573,-0.039057,-0.256793,-0.832689,-0.361628,-0.231518,0.498763,0.755006
0.355302,-0.135603,0.016308,0.92812,-0.483644,-0.038933,-0.256805,-0.832653,-0.361588,-0.231592,0.498864,0.754938
0.355351,-0.13561,0.016312,0.928101,-0.483702,-0.038855,-0.256819,-0.832621,-0.361547,-0.231613,0.498947,0.754895
0.355399,-0.135662,0.016351,0.928076,-0.483725,-0.038793,-0.256869,-0.832598,-0.361504,-0.231611,0.499006,0.754878
0.355425,-0.135727,0.016381,0.928057,-0.483725,-0.03881,-0.256953,-0.832569,-0.361525,-0.231584,0.499038,0.754854
0.355386,-0.135714,0.016486,0.928071,-0.483707,-0.03877,-0.257067,-0.832548,-0.361554,-0.231541,0.499051,0.754844
0.355396,-0.135698,0.016526,0.928068,-0.48368,-0.038755,-0.257095,-0.832556,-0.361568,-0.231454,0.499048,0.754864
0.355335,-0.135714,0.016573,0.928088,-0.483654,-0.038724,-0.257053,-0.832586,-0.361636,-0.231363,0.498974,0.754907
0.355305,-0.135724,0.016528,0.928099,-0.483618,-0.038681,-0.257004,-0.832626,-0.361623,-0.231388,0.498965,0.754913
0.355271,-0.135744,0.016491,0.928111,-0.483615,-0.038679,-0.25699,-0.832632,-0.361631,-0.231409,0.498935,0.754922
0.355273,-0.13576,0.016445,0.92811,-0.483607,-0.038691,-0.256891,-0.832666,-0.36162,-0.231449,0.498904,0.754936
0.355297,-0.135802,0.016352,0.928098,-0.483627,-0.038671,-0.256795,-0.832687,-0.361558,-0.23146,0.498871,0.754985
0.355273,-0.13584,0.016234,0.928105,-0.483642,-0.038665,-0.25669,-0.832712,-0.361519,-0.231463,0.498864,0.755007
0.355293,-0.135856,0.016149,0.928097,-0.483611,-0.038681,-0.256616,-0.832751,-0.361478,-0.231496,0.498817,0.75505
0.355358,-0.135906,0.016083,0.928069,-0.483648,-0.038687,-0.256526,-0.832758,-0.361458,-0.231511,0.498737,0.755108
0.355391,-0.135945,0.016027,0.928052,-0.483694,-0.038673,-0.256516,-0.832736,-0.361439,-0.231541,0.498713,0.755123
0.355366,-0.135951,0.016001,0.928061,-0.483736,-0.038672,-0.256516,-0.832711,-0.361428,-0.231555,0.498672,0.755153
0.355365,-0.135971,0.015995,0.92806,-0.483756,-0.038677,-0.256516,-0.832699,-0.36141,-0.231625,0.498671,0.755142
0.355353,-0.136053,0.015965,0.928055,-0.483756,-0.038688,-0.256505,-0.832702,-0.361375,-0.231729,0.498653,0.755141
0.35536,-0.136058,0.015937,0.928053,-0.483776,-0.038639,-0.25648,-0.832702,-0.361374,-0.231824,0.498656,0.755112
0.355355,-0.136141,0.015815,0.928048,-0.483756,-0.0386,-0.256436,-0.83273,-0.361356,-0.231909,0.498644,0.755104
0.35534,-0.136178,0.015749,0.928051,-0.483743,-0.038556,-0.256407,-0.832749,-0.361334,-0.231976,0.498667,0.755079
0.355345,-0.136212,0.015719,0.928045,-0.483733,-0.038507,-0.256423,-0.832754,-0.361323,-0.232069,0.498668,0.755056
0.355313,-0.136212,0.015728,0.928057,-0.483682,-0.03851,-0.25641,-0.832788,-0.361329,-0.232139,0.498716,0.755001
0.35525,-0.136219,0.015739,0.928081,-0.483624,-0.038456,-0.25641,-0.832826,-0.36131,-0.232161,0.498746,0.754984
0.355205,-0.136233,0.015674,0.928097,-0.483614,-0.038349,-0.256332,-0.832865,-0.36132,-0.232227,0.498704,0.754988
0.355202,-0.136242,0.015601,0.928099,-0.483603,-0.03832,-0.256271,-0.832892,-0.361352,-0.232279,0.498684,0.75497
0.355182,-0.136265,0.015543,0.928105,-0.483631,-0.038343,-0.256116,-0.832922,-0.36134,-0.232329,0.498606,0.755014
0.355211,-0.136265,0.015516,0.928095,-0.483642,-0.03837,-0.256057,-0.832932,-0.361347,-0.232393,0.49856,0.755023
0.355249,-0.136268,0.015439,0.928081,-0.483664,-0.038338,-0.25605,-0.832924,-0.361308,-0.232471,0.498522,0.755044
0.355246,-0.136283,0.015368,0.928083,-0.483678,-0.038398,-0.256051,-0.832912,-0.361306,-0.232477,0.498481,0.755071
0.355223,-0.136289,0.015319,0.928092,-0.483672,-0.038406,-0.256053,-0.832914,-0.361312,-0.232498,0.498409,0.755108
0.355243,-0.136204,0.015319,0.928095,-0.483677,-0.03837,-0.256066,-0.83291,-0.36134,-0.232493,0.498351,0.755136
0.35527,-0.136175,0.015335,0.928087,-0.483613,-0.038409,-0.256078,-0.83294,-0.361349,-0.232521,0.498307,0.755153
0.355238,-0.136117,0.015328,0.928106,-0.483564,-0.038407,-0.256054,-0.832976,-0.361349,-0.232592,0.498272,0.755155
0.355214,-0.136081,0.015372,0.928119,-0.483522,-0.038415,-0.256045,-0.833002,-0.361369,-0.232613,0.498263,0.755146
0.355232,-0.13605,0.015352,0.928116,-0.483488,-0.038388,-0.256025,-0.83303,-0.361346,-0.232633,0.498258,0.755154
0.355222,-0.136076,0.015327,0.928117,-0.483504,-0.038401,-0.25604,-0.833015,-0.361348,-0.232641,0.498257,0.755151
0.355223,-0.136116,0.015284,0.928113,-0.483486,-0.038366,-0.256041,-0.833029,-0.361378,-0.232618,0.498269,0.755135
0.355201,-0.136115,0.015259,0.928122,-0.483507,-0.038312,-0.256085,-0.833007,-0.361374,-0.23263,0.49831,0.755107
0.355221,-0.136108,0.015301,0.928114,-0.483513,-0.038301,-0.256161,-0.83298,-0.361377,-0.232593,0.498307,0.755118
0.355244,-0.136086,0.015359,0.928107,-0.483498,-0.038365,-0.256245,-0.832957,-0.361368,-0.232565,0.498338,0.75511
0.355293,-0.136033883386581,0.0154328427782521,0.928093161035089,-0.483507891791045,-0.0383979160397761,-0.256249107970506,-0.832947121910348,-0.361381086206897,-0.23255053440898,0.498329,0.7551125
0.355342,-0.135996,0.015506,0.928077,-0.48352,-0.038423,-0.256253,-0.832938,-0.361401,-0.232532,0.49832,0.755115
0.355365,-0.136023,0.015562,0.928064,-0.483523,-0.038447,-0.256296,-0.832921,-0.361413,-0.232452,0.498349,0.755113
0.355432,-0.136044,0.015561,0.928036,-0.483578,-0.038418,-0.256252,-0.832905,-0.361427,-0.232412,0.49835,0.755117
0.355432,-0.136081,0.015518,0.928032,-0.483555,-0.038395,-0.256233,-0.832926,-0.361442,-0.232422,0.498359,0.755102
0.355457,-0.136116,0.015468,0.92802,-0.483534,-0.038351,-0.256256,-0.832935,-0.361418,-0.232447,0.498393,0.755083
0.355471,-0.136089,0.015525,0.928016,-0.483541,-0.038322,-0.256322,-0.832912,-0.361426,-0.232414,0.498437,0.75506
0.355464,-0.136032,0.015611,0.928024,-0.483568,-0.038371,-0.256387,-0.832872,-0.361437,-0.232388,0.498498,0.755022
0.355457,-0.136004,0.015681,0.928028,-0.483519,-0.038372,-0.256449,-0.83288,-0.361445,-0.232293,0.49858,0.754991
0.35545,-0.135905,0.015816,0.928039,-0.483471,-0.038345,-0.256466,-0.832906,-0.361482,-0.232255,0.498565,0.754994
0.355449,-0.135923,0.015847,0.928037,-0.483449,-0.038355,-0.256479,-0.832914,-0.361535,-0.232171,0.498586,0.75498
0.355477,-0.135905,0.015901,0.928027,-0.483433,-0.038411,-0.256499,-0.832913,-0.361561,-0.232146,0.49857,0.754986
0.3555,-0.135861,0.015935,0.928023,-0.483391,-0.038431,-0.256539,-0.832923,-0.361542,-0.232113,0.498631,0.754962
0.355559,-0.135855,0.015985,0.928,-0.483372,-0.038425,-0.256586,-0.832919,-0.361563,-0.232064,0.498693,0.754926
0.355602,-0.135879,0.01602,0.92798,-0.483387,-0.038494,-0.256708,-0.832867,-0.361585,-0.232082,0.498762,0.754864
0.355622,-0.135904,0.016118,0.927967,-0.483414,-0.038539,-0.256755,-0.832833,-0.361623,-0.232008,0.498811,0.754834
0.355638,-0.135901,0.016246,0.927958,-0.483447,-0.038493,-0.256765,-0.832815,-0.361675,-0.231925,0.498828,0.754822
0.355665,-0.135882,0.016322,0.927948,-0.483446,-0.038532,-0.256771,-0.83281,-0.361659,-0.231881,0.498883,0.754806
0.355635,-0.135872,0.016398,0.927959,-0.48347,-0.038501,-0.256842,-0.832776,-0.361645,-0.231829,0.498901,0.754816
0.35568,-0.13586,0.016433,0.927943,-0.483477,-0.03849,-0.256888,-0.832759,-0.361624,-0.231826,0.498922,0.754814
0.355709,-0.135856,0.016505,0.92793,-0.483494,-0.038511,-0.256946,-0.832729,-0.36161,-0.231765,0.498988,0.754793
0.355748,-0.135831,0.01648,0.927919,-0.483485,-0.038534,-0.257041,-0.832703,-0.361622,-0.231692,0.499025,0.754784
0.35574,-0.1358,0.016528,0.927924,-0.483494,-0.038495,-0.257058,-0.832695,-0.361602,-0.23168,0.499062,0.754772
0.355762,-0.13579,0.016524,0.927918,-0.483473,-0.038526,-0.257089,-0.832696,-0.361597,-0.231642,0.499071,0.75478
0.355798,-0.135799,0.016517,0.927902,-0.483482,-0.038539,-0.257152,-0.83267,-0.361577,-0.231598,0.499111,0.754776
0.355822,-0.135814,0.016473,0.927893,-0.48347,-0.038566,-0.257186,-0.832664,-0.361545,-0.231571,0.499155,0.754769
0.355856,-0.135795,0.016492,0.927881,-0.483486,-0.038572,-0.257211,-0.832645,-0.361524,-0.231535,0.499172,0.754778
0.355885,-0.135794,0.016533,0.92787,-0.483484,-0.038592,-0.2572,-0.832649,-0.361493,-0.23155,0.499198,0.754772
0.355952,-0.135833,0.016548,0.927839,-0.483441,-0.038583,-0.257226,-0.832667,-0.361495,-0.231543,0.499211,0.754765
0.355923,-0.13588,0.016468,0.927846,-0.483437,-0.038519,-0.257211,-0.832679,-0.361467,-0.231558,0.499284,0.754725
0.355918,-0.135979,0.01643,0.927838,-0.483466,-0.038468,-0.257237,-0.832657,-0.36145,-0.231591,0.499328,0.754694
0.355896,-0.136059,0.016462,0.927836,-0.483493,-0.038387,-0.257268,-0.832639,-0.361432,-0.231621,0.499354,0.754677
0.355955,-0.136106,0.016452,0.927808,-0.483497,-0.038389,-0.257309,-0.832623,-0.361418,-0.231666,0.499408,0.754634
0.355923,-0.136092,0.016607,0.927818,-0.483511,-0.03834,-0.257351,-0.832605,-0.361397,-0.231702,0.499431,0.754619
0.355925,-0.136138,0.016737,0.927809,-0.483501,-0.038266,-0.257456,-0.832584,-0.361402,-0.231731,0.499482,0.754574
0.355924,-0.136216,0.016736,0.927799,-0.483456,-0.038202,-0.257529,-0.832593,-0.361399,-0.231761,0.499546,0.754524
0.355882,-0.13631,0.016722,0.927805,-0.483453,-0.038123,-0.257524,-0.832602,-0.361434,-0.231813,0.499598,0.754457
0.355875,-0.136407,0.016751,0.927796,-0.483445,-0.037985,-0.257495,-0.832626,-0.361409,-0.231856,0.499683,0.7544
0.355885,-0.136448,0.016773,0.927786,-0.483448,-0.037867,-0.257561,-0.832612,-0.36144,-0.231839,0.499751,0.754344
0.355839,-0.136486,0.016822,0.927799,-0.483401,-0.037813,-0.25774,-0.832588,-0.361485,-0.231823,0.499823,0.754279
0.355761,-0.136529,0.016907,0.927822,-0.483351,-0.037763,-0.257872,-0.832579,-0.361536,-0.231752,0.499874,0.754242
0.355679,-0.136536,0.01695,0.927851,-0.483286,-0.037739,-0.25802,-0.832572,-0.361569,-0.231657,0.499965,0.754193
0.355633,-0.136525,0.01709,0.927867,-0.483232,-0.037794,-0.258107,-0.832572,-0.361587,-0.231566,0.499984,0.754197
0.355584,-0.136495,0.017204,0.927886,-0.483164,-0.037789,-0.258102,-0.832614,-0.361642,-0.231497,0.500022,0.754166
0.355523,-0.136453,0.017256,0.927913,-0.48313,-0.037774,-0.258055,-0.832649,-0.361653,-0.231514,0.500056,0.754132
0.355537,-0.136503,0.017185,0.927904,-0.483105,-0.037769,-0.258034,-0.83267,-0.36168,-0.23154,0.500029,0.75413
0.355532,-0.13655,0.017148,0.927901,-0.483115,-0.037735,-0.258033,-0.832667,-0.361687,-0.231554,0.50005,0.754108
0.355513,-0.136611,0.017051,0.927903,-0.483113,-0.037697,-0.258001,-0.832682,-0.361704,-0.231517,0.500046,0.754113
0.35551,-0.136689,0.017001,0.927896,-0.483079,-0.037682,-0.257997,-0.832704,-0.36172,-0.231513,0.500063,0.754095
0.355514,-0.136674,0.017024,0.927896,-0.483082,-0.037626,-0.257987,-0.83271,-0.36179,-0.231527,0.500038,0.754074
0.355556,-0.136654,0.017048,0.927882,-0.483107,-0.037599,-0.258051,-0.832677,-0.361776,-0.231522,0.500067,0.754062
0.355569,-0.136636,0.017243,0.927873,-0.483158,-0.037588,-0.258125,-0.832625,-0.361792,-0.23151,0.500098,0.754038
0.355575,-0.136647,0.017274,0.92787,-0.483187,-0.037597,-0.258264,-0.832564,-0.361745,-0.231462,0.500169,0.754027
0.355604,-0.136678,0.017302,0.927854,-0.483252,-0.037528,-0.258356,-0.832503,-0.361714,-0.231493,0.500214,0.754003
0.355602,-0.136747,0.017317,0.927846,-0.48328,-0.037506,-0.258421,-0.832467,-0.361703,-0.231536,0.500257,0.753968
0.355636,-0.136801,0.017328,0.927827,-0.483275,-0.037453,-0.258469,-0.832459,-0.361703,-0.231586,0.500299,0.753925
0.355634,-0.136827,0.017395,0.927823,-0.483278,-0.037346,-0.258508,-0.832453,-0.361711,-0.231564,0.500331,0.753905
0.355632,-0.136828,0.017467,0.927822,-0.483279,-0.037377,-0.25857,-0.832431,-0.361727,-0.231553,0.500377,0.75387
0.355658,-0.136834,0.01752,0.92781,-0.483289,-0.037374,-0.258598,-0.832416,-0.361742,-0.231543,0.500443,0.753822
0.35567,-0.13685,0.01758,0.927802,-0.483287,-0.037366,-0.258541,-0.832437,-0.361722,-0.231479,0.500466,0.753836
0.355714,-0.13683,0.017551,0.927788,-0.483259,-0.037342,-0.258514,-0.832462,-0.361724,-0.231521,0.500474,0.753816
0.355695,-0.136871,0.017474,0.927793,-0.483263,-0.037375,-0.258421,-0.832488,-0.361701,-0.231535,0.500461,0.753832
0.355689,-0.136944,0.017406,0.927788,-0.483283,-0.037359,-0.25834,-0.832503,-0.361685,-0.231534,0.500461,0.753839
0.355761,-0.13696,0.017374,0.927759,-0.483306,-0.037353,-0.258341,-0.832489,-0.361665,-0.23154,0.500488,0.753829
0.355799,-0.136929,0.017396,0.927748,-0.483311,-0.03742,-0.258427,-0.832453,-0.361645,-0.231556,0.500462,0.753852
0.355849,-0.136983,0.017435,0.927721,-0.48331,-0.037419,-0.258604,-0.832399,-0.361684,-0.231535,0.500461,0.75384
0.355844,-0.13699,0.017494,0.927721,-0.483358,-0.037447,-0.258697,-0.832339,-0.361682,-0.231492,0.500535,0.753804
0.355881,-0.136978,0.017559,0.927706,-0.483345,-0.037463,-0.25881,-0.832311,-0.361703,-0.231415,0.500602,0.753772
0.355864,-0.136971,0.01766,0.927712,-0.483332,-0.037438,-0.25889,-0.832294,-0.361755,-0.231389,0.500628,0.753736
0.355834,-0.136942,0.017778,0.927723,-0.48332,-0.037429,-0.258995,-0.832268,-0.36176,-0.231412,0.500663,0.753703
0.355863,-0.136934,0.017844,0.927712,-0.48336,-0.037407,-0.259027,-0.832237,-0.361756,-0.231435,0.500723,0.75366
0.355873,-0.136992,0.017902,0.927699,-0.48334,-0.037372,-0.259065,-0.83224,-0.361776,-0.23145,0.500788,0.753601
0.355854,-0.137016,0.017963,0.927702,-0.483277,-0.037329,-0.259068,-0.832278,-0.361768,-0.231448,0.500828,0.753578
0.355815,-0.137038,0.01796,0.927715,-0.483233,-0.037329,-0.259121,-0.832287,-0.361805,-0.231429,0.500926,0.753501
0.355765,-0.137084,0.017979,0.927727,-0.483242,-0.037281,-0.259164,-0.832272,-0.361817,-0.231401,0.500968,0.753475
0.355753,-0.137092,0.018014,0.92773,-0.483222,-0.03722,-0.259225,-0.832268,-0.361873,-0.231396,0.500969,0.753449
0.355763,-0.137072,0.018103,0.927727,-0.483211,-0.037263,-0.259365,-0.832229,-0.361936,-0.231362,0.50093,0.753454
0.355752,-0.136975,0.018158,0.927741,-0.483201,-0.037329,-0.259454,-0.8322,-0.362014,-0.231311,0.500956,0.753414
0.35572,-0.136895,0.018261,0.927761,-0.483187,-0.037403,-0.259557,-0.832169,-0.362077,-0.231235,0.500975,0.753393
0.355719,-0.136834,0.018333,0.927766,-0.483154,-0.037485,-0.25968,-0.832144,-0.362187,-0.231177,0.501009,0.753334
0.355698,-0.136773,0.018313,0.927782,-0.483092,-0.037513,-0.25971,-0.832168,-0.362222,-0.231165,0.500994,0.75333
0.355677,-0.13678,0.018303,0.92779,-0.483063,-0.037538,-0.259741,-0.832173,-0.362285,-0.231107,0.500947,0.753348
0.355693,-0.13681,0.018302,0.92778,-0.48303,-0.037576,-0.259765,-0.832182,-0.362351,-0.231026,0.500936,0.753347
0.355672,-0.136774,0.018311,0.927792,-0.48305,-0.037632,-0.259708,-0.832185,-0.362378,-0.231004,0.500926,0.753346
0.355667,-0.13674,0.018345,0.927797,-0.483042,-0.037678,-0.259717,-0.832182,-0.362407,-0.230988,0.500948,0.753323
0.355656,-0.136661,0.018364,0.92781,-0.483041,-0.037715,-0.259742,-0.832172,-0.362474,-0.230976,0.500882,0.753338
0.355637,-0.136631,0.018377,0.92782,-0.483011,-0.037771,-0.259803,-0.832165,-0.362526,-0.230945,0.500834,0.753354
0.35561,-0.136583,0.018447,0.927835,-0.482975,-0.037781,-0.259822,-0.83218,-0.362568,-0.230915,0.500821,0.753351
0.355604,-0.136588,0.018426,0.927837,-0.482948,-0.037759,-0.259831,-0.832194,-0.362628,-0.230864,0.500822,0.753335
0.355549,-0.136557,0.018439,0.927861,-0.482938,-0.037766,-0.259848,-0.832194,-0.362681,-0.230851,0.500796,0.753332
0.355501,-0.136522,0.018437,0.927884,-0.482937,-0.037796,-0.25991,-0.832173,-0.362696,-0.230849,0.500771,0.753342
0.355515,-0.136519,0.018412,0.92788,-0.482935,-0.037808,-0.25995,-0.832161,-0.362759,-0.230862,0.500733,0.753333
0.355489,-0.136511,0.018396,0.927891,-0.482941,-0.037846,-0.259965,-0.832149,-0.362749,-0.23082,0.500751,0.753338
0.355484,-0.136468,0.018431,0.927897,-0.482945,-0.037825,-0.259995,-0.832139,-0.362794,-0.230808,0.500762,0.753312
0.35547,-0.136461,0.018454,0.927903,-0.482938,-0.037778,-0.259991,-0.832148,-0.362787,-0.230856,0.500806,0.753272
0.355465,-0.136495,0.018485,0.9279,-0.48294,-0.037753,-0.26004,-0.832133,-0.362804,-0.230873,0.500825,0.753246
0.355463,-0.136551,0.018466,0.927894,-0.482949,-0.037703,-0.260069,-0.832123,-0.362845,-0.230925,0.500819,0.753215
0.355413,-0.136572,0.018453,0.927912,-0.482931,-0.037695,-0.260126,-0.832116,-0.362841,-0.23095,0.500816,0.753212
0.355351,-0.136596,0.018456,0.927932,-0.482893,-0.037635,-0.260186,-0.832123,-0.362852,-0.230985,0.50081,0.753201
0.355313,-0.136652,0.018463,0.92794,-0.48287,-0.037636,-0.26028,-0.832106,-0.362849,-0.231002,0.500806,0.753199
0.355267,-0.136664,0.01848,0.927955,-0.482833,-0.037578,-0.260277,-0.832133,-0.36287,-0.231058,0.50082,0.753163
0.355224,-0.13668,0.018472,0.92797,-0.482821,-0.037536,-0.260298,-0.832137,-0.362873,-0.231103,0.500816,0.753151
0.355173,-0.136695,0.018474,0.927988,-0.482793,-0.037571,-0.260301,-0.83215,-0.362886,-0.231144,0.500781,0.753156
0.355146,-0.136706,0.018421,0.927999,-0.482776,-0.037592,-0.260329,-0.832148,-0.362863,-0.231143,0.500803,0.753154
0.355126,-0.136694,0.01841,0.928008,-0.482771,-0.037591,-0.260326,-0.832153,-0.362867,-0.231212,0.500769,0.753154
0.355153,-0.136664,0.018432,0.928001,-0.482784,-0.037592,-0.260305,-0.832152,-0.36293,-0.231235,0.500785,0.753106
0.355146,-0.136701,0.01842,0.927999,-0.482794,-0.037556,-0.260289,-0.832154,-0.362907,-0.231214,0.5008,0.753113
0.355165,-0.136702,0.018473,0.927991,-0.482848,-0.037551,-0.260296,-0.832121,-0.362892,-0.231256,0.500844,0.75308
0.355198,-0.136689,0.018483,0.927979,-0.482895,-0.037522,-0.260319,-0.832088,-0.36292,-0.231236,0.500858,0.753062
0.355227,-0.136722,0.0185,0.927964,-0.48289,-0.037508,-0.260386,-0.832071,-0.362893,-0.231237,0.500916,0.753036
0.355267,-0.136756,0.018515,0.927944,-0.482895,-0.03748,-0.260498,-0.832035,-0.362883,-0.23121,0.500972,0.753011
0.355264,-0.136796,0.01854,0.92794,-0.482936,-0.037458,-0.260558,-0.831994,-0.362879,-0.231219,0.501031,0.75297
0.355277,-0.136786,0.018536,0.927936,-0.482944,-0.037436,-0.260571,-0.831987,-0.362903,-0.231238,0.50108,0.75292
0.35526,-0.136833,0.018498,0.927938,-0.482973,-0.037393,-0.260543,-0.831982,-0.362882,-0.231214,0.501114,0.752915
0.355272,-0.136838,0.01852,0.927933,-0.483021,-0.037343,-0.260528,-0.831963,-0.362898,-0.231185,0.501202,0.752856
0.355315,-0.136824,0.018545,0.927917,-0.483037,-0.037346,-0.260579,-0.831937,-0.362935,-0.231165,0.501225,0.752829
0.355297,-0.136863,0.018626,0.927916,-0.48299,-0.037307,-0.260634,-0.83195,-0.363033,-0.231063,0.501306,0.752756
0.35521,-0.136878,0.018725,0.927946,-0.482917,-0.037331,-0.260808,-0.831935,-0.363108,-0.231,0.501334,0.75272
0.355117,-0.136795,0.018884,0.927987,-0.482837,-0.037357,-0.260951,-0.831934,-0.363202,-0.230876,0.501339,0.752707
0.355092,-0.136698,0.01906,0.928004,-0.48273,-0.037392,-0.261054,-0.831961,-0.363278,-0.230758,0.501319,0.752717
0.355036,-0.136599,0.019206,0.928033,-0.482657,-0.037457,-0.261144,-0.831969,-0.36328,-0.230683,0.501329,0.752732
0.354962,-0.136476,0.019285,0.928073,-0.482549,-0.037499,-0.26114,-0.832029,-0.36336,-0.230627,0.501312,0.75272
0.35489,-0.136394,0.019278,0.928111,-0.482442,-0.037526,-0.261138,-0.832091,-0.363395,-0.230562,0.501354,0.752694
0.354781,-0.136402,0.019221,0.928154,-0.482356,-0.037612,-0.261122,-0.832139,-0.363492,-0.230464,0.501339,0.752685
0.354731,-0.136443,0.019141,0.928169,-0.482279,-0.037678,-0.261093,-0.832188,-0.363499,-0.230439,0.501326,0.752698
0.354692,-0.136426,0.01911,0.928187,-0.48227,-0.037672,-0.261074,-0.832199,-0.363545,-0.230406,0.501291,0.752708
0.35469,-0.13637,0.019128,0.928194,-0.482223,-0.037673,-0.261101,-0.832218,-0.36359,-0.230367,0.501311,0.752684
0.354632,-0.136346,0.019072,0.928221,-0.482159,-0.037678,-0.261064,-0.832266,-0.363612,-0.230375,0.501331,0.752658
0.354581,-0.136389,0.01904,0.928236,-0.482124,-0.037591,-0.26105,-0.832298,-0.363595,-0.230363,0.50134,0.752664
0.354557,-0.136416,0.019029,0.928242,-0.482093,-0.037551,-0.261031,-0.832325,-0.36361,-0.230376,0.5013,0.75268
0.354515,-0.136487,0.019038,0.928249,-0.482046,-0.037501,-0.261083,-0.83234,-0.363604,-0.230371,0.501318,0.752671
0.354502,-0.136597,0.018995,0.928242,-0.482049,-0.03741,-0.261095,-0.832341,-0.363625,-0.230384,0.501349,0.752636
0.354479,-0.136645,0.019016,0.928245,-0.482024,-0.03733,-0.261172,-0.832336,-0.363606,-0.230422,0.50142,0.752588
0.354465,-0.136722,0.018982,0.928241,-0.482025,-0.037253,-0.261143,-0.832352,-0.363627,-0.23049,0.50142,0.752557
0.354425,-0.136764,0.019068,0.928251,-0.48203,-0.037174,-0.261139,-0.832356,-0.363642,-0.230518,0.501467,0.752511
0.354421,-0.136823,0.019053,0.928245,-0.48204,-0.037056,-0.261163,-0.832351,-0.363656,-0.230569,0.501525,0.75245
0.35447,-0.136818,0.01908,0.928226,-0.482049,-0.037036,-0.261173,-0.832344,-0.363673,-0.230616,0.501549,0.752411
0.354486,-0.136807,0.019065,0.928222,-0.482106,-0.037024,-0.261229,-0.832295,-0.363643,-0.230642,0.501586,0.752394
0.354514,-0.136793,0.019046,0.928213,-0.482176,-0.036939,-0.261342,-0.832224,-0.363611,-0.23072,0.501585,0.752388
0.354575,-0.136822,0.019081,0.928186,-0.482224,-0.036935,-0.261402,-0.832177,-0.363591,-0.230748,0.501628,0.752361
0.354626,-0.136863,0.019104,0.92816,-0.482308,-0.036958,-0.261417,-0.832122,-0.363535,-0.230779,0.501687,0.752338
0.354674,-0.13694,0.019134,0.928132,-0.482313,-0.03698,-0.261436,-0.832112,-0.363557,-0.230757,0.50168,0.752339
0.354713,-0.137003,0.019113,0.92811,-0.482381,-0.036969,-0.261457,-0.832066,-0.363523,-0.230701,0.501714,0.752349
0.354712,-0.13705,0.01913,0.928105,-0.482431,-0.036953,-0.26144,-0.832043,-0.363501,-0.23068,0.50172,0.752362
0.35473,-0.137048,0.019131,0.928098,-0.482455,-0.036971,-0.261439,-0.832029,-0.363491,-0.230653,0.5017,0.752388
0.354756,-0.137003,0.019128,0.928094,-0.48245,-0.036994,-0.261463,-0.832023,-0.363502,-0.230598,0.50166,0.752425
0.354784,-0.136948,0.019091,0.928091,-0.482416,-0.037048,-0.261473,-0.832035,-0.363506,-0.23055,0.501655,0.752441
0.354813,-0.136932,0.019086,0.928082,-0.482422,-0.037087,-0.261432,-0.832041,-0.363513,-0.230537,0.501657,0.75244
0.354802,-0.136889,0.019095,0.928091,-0.482422,-0.037116,-0.261417,-0.832044,-0.363548,-0.230504,0.50165,0.752437
0.354782,-0.136855,0.019084,0.928103,-0.482417,-0.037115,-0.261425,-0.832044,-0.363555,-0.230474,0.501647,0.752444
0.354733,-0.136813,0.019142,0.928124,-0.482418,-0.037156,-0.261511,-0.832013,-0.363583,-0.230445,0.501638,0.752445
0.354724,-0.136777,0.019197,0.928131,-0.482413,-0.037145,-0.261595,-0.83199,-0.36358,-0.230408,0.501664,0.75244
0.354728,-0.136746,0.01926,0.928131,-0.482386,-0.037183,-0.261644,-0.831987,-0.363602,-0.230386,0.501681,0.752425
0.354693,-0.136711,0.019338,0.928147,-0.482347,-0.037205,-0.261651,-0.832006,-0.363629,-0.230389,0.501684,0.752408
0.354646,-0.136663,0.019423,0.928168,-0.482319,-0.037206,-0.261703,-0.832006,-0.363671,-0.230383,0.501714,0.752369
0.354657,-0.136654,0.019519,0.928163,-0.4823,-0.037216,-0.261708,-0.832014,-0.363677,-0.230383,0.501721,0.752362
0.354652,-0.136662,0.019511,0.928163,-0.482276,-0.037221,-0.261658,-0.832044,-0.363676,-0.230362,0.501755,0.752345
0.354661,-0.136687,0.019516,0.928158,-0.482261,-0.037201,-0.261684,-0.832046,-0.363717,-0.230355,0.501806,0.752293
0.354681,-0.136708,0.019564,0.928146,-0.482228,-0.037207,-0.261735,-0.832048,-0.363697,-0.230336,0.501906,0.752242
0.354681,-0.136714,0.019618,0.928144,-0.482204,-0.037204,-0.261827,-0.832032,-0.363709,-0.230332,0.501941,0.752212
0.354618,-0.136734,0.019659,0.928165,-0.482136,-0.037257,-0.261901,-0.832044,-0.36375,-0.230323,0.501964,0.752181
0.354594,-0.136684,0.019696,0.928178,-0.482157,-0.037264,-0.261994,-0.832002,-0.363774,-0.230344,0.501984,0.752149
0.354619,-0.136629,0.019775,0.928173,-0.482162,-0.037273,-0.262073,-0.831972,-0.363852,-0.230318,0.501979,0.752122
0.354615,-0.136623,0.01981,0.928175,-0.482138,-0.037232,-0.26215,-0.831965,-0.363895,-0.230319,0.501996,0.752089
0.354656,-0.136597,0.019856,0.92816,-0.482165,-0.037243,-0.262127,-0.831957,-0.363908,-0.230272,0.501997,0.752095
0.354679,-0.13664,0.019847,0.928147,-0.482202,-0.037268,-0.262083,-0.831947,-0.363887,-0.230245,0.502016,0.752101
0.35471,-0.13664,0.019826,0.928135,-0.482196,-0.037258,-0.262108,-0.831943,-0.363849,-0.230196,0.502011,0.752137
0.354724,-0.136674,0.019766,0.928128,-0.482211,-0.037258,-0.262159,-0.831918,-0.363834,-0.230169,0.502013,0.752151
0.354786,-0.13669,0.019788,0.928102,-0.48223,-0.037253,-0.26218,-0.831902,-0.363844,-0.230153,0.501987,0.752168
0.354852,-0.136611,0.019784,0.928086,-0.482264,-0.037296,-0.262206,-0.83187,-0.363805,-0.230154,0.501983,0.75219
0.354869,-0.136558,0.019818,0.928085,-0.482323,-0.037254,-0.262173,-0.831849,-0.363762,-0.230121,0.501991,0.752214
0.354909,-0.136565,0.019884,0.928067,-0.482336,-0.03727,-0.262188,-0.831836,-0.363772,-0.230081,0.501981,0.752228
0.354936,-0.136544,0.019854,0.92806,-0.482368,-0.037222,-0.262153,-0.831833,-0.363762,-0.230072,0.501963,0.752248
0.354959,-0.136561,0.019853,0.92805,-0.48239,-0.037272,-0.262135,-0.831821,-0.363762,-0.230065,0.501949,0.752259
0.354997,-0.136624,0.01984,0.928028,-0.482416,-0.037317,-0.26211,-0.831811,-0.363733,-0.230052,0.501971,0.752263
0.354955,-0.136628,0.019849,0.928044,-0.482408,-0.0373,-0.262086,-0.831825,-0.363717,-0.230071,0.501991,0.752252
0.354956,-0.136678,0.019765,0.92804,-0.482403,-0.037309,-0.262113,-0.831818,-0.363721,-0.230103,0.501999,0.752235
0.354955,-0.13667,0.019774,0.92804,-0.482422,-0.037255,-0.262119,-0.831809,-0.363693,-0.230098,0.502018,0.752237
0.35495,-0.136707,0.019814,0.928036,-0.482427,-0.03721,-0.262119,-0.83181,-0.363637,-0.230155,0.502069,0.752213
0.354948,-0.136702,0.019881,0.928036,-0.482407,-0.03721,-0.262175,-0.831804,-0.363631,-0.230167,0.502066,0.752215
0.354978,-0.136685,0.019882,0.928026,-0.482416,-0.037204,-0.262218,-0.831786,-0.363634,-0.230181,0.502107,0.752181
0.354973,-0.136717,0.019883,0.928025,-0.482396,-0.03721,-0.26227,-0.831779,-0.363619,-0.230204,0.502127,0.752169
0.354972,-0.13672,0.019907,0.928024,-0.482375,-0.037167,-0.262343,-0.831771,-0.363624,-0.230222,0.502149,0.752146
0.354953,-0.13673,0.019857,0.928032,-0.482383,-0.037145,-0.262402,-0.831749,-0.363632,-0.230227,0.502187,0.752115
0.354913,-0.136702,0.019908,0.928049,-0.482376,-0.037135,-0.262396,-0.831757,-0.363633,-0.230256,0.502229,0.752078
0.354892,-0.136683,0.01994,0.928059,-0.482382,-0.037079,-0.262433,-0.831745,-0.363653,-0.230218,0.502236,0.752074
0.354883,-0.136716,0.019946,0.928057,-0.482377,-0.03714,-0.262508,-0.831719,-0.363619,-0.23022,0.502269,0.752068
0.354892,-0.136685,0.020024,0.928056,-0.482386,-0.037152,-0.26266,-0.831665,-0.363601,-0.230221,0.502357,0.752018
0.354924,-0.136671,0.020072,0.928044,-0.482437,-0.037107,-0.262693,-0.831628,-0.363659,-0.230186,0.502381,0.751984
0.354872,-0.13661,0.020102,0.92807,-0.482406,-0.037124,-0.262761,-0.831623,-0.363716,-0.230101,0.502405,0.751964
0.354931,-0.136613,0.020138,0.928047,-0.482435,-0.03716,-0.26275,-0.831607,-0.36376,-0.230036,0.502445,0.751934
0.354986,-0.136621,0.020169,0.928024,-0.482481,-0.037185,-0.26273,-0.831584,-0.363775,-0.229991,0.502523,0.751888
0.355025,-0.136595,0.020265,0.928009,-0.482498,-0.037156,-0.262742,-0.831573,-0.363814,-0.229897,0.502572,0.751863
0.35505,-0.136548,0.020363,0.928002,-0.4825,-0.037176,-0.262891,-0.831523,-0.363858,-0.229871,0.50264,0.751804
0.355112,-0.136493,0.020424,0.927984,-0.482443,-0.037269,-0.263084,-0.831486,-0.363917,-0.229797,0.502667,0.751778
0.355112,-0.136384,0.020553,0.927993,-0.48238,-0.037379,-0.263233,-0.831467,-0.364001,-0.229687,0.502679,0.751761
0.355088,-0.136241,0.020716,0.928014,-0.482281,-0.037474,-0.263372,-0.831472,-0.364097,-0.229562,0.502695,0.751739
0.355055,-0.136059,0.020928,0.928043,-0.482234,-0.037607,-0.263463,-0.831461,-0.364203,-0.229413,0.50265,0.751761
0.355071,-0.135946,0.021016,0.928048,-0.482142,-0.037669,-0.263424,-0.831522,-0.364259,-0.229304,0.502608,0.751793
0.355012,-0.135896,0.020971,0.928077,-0.482076,-0.037829,-0.263294,-0.831589,-0.36434,-0.229223,0.502554,0.751813
0.354981782543418,-0.135844529957582,0.020883441545936,0.92809717971718,-0.482039686138094,-0.0378459992764808,-0.263256936085127,-0.831620673826417,-0.364359260674648,-0.229224206070288,0.50252263547146,0.751826558457711
0.35496,-0.135812,0.020764,0.928113,-0.48201,-0.037857,-0.263225,-0.831648,-0.364375,-0.229228,0.502493,0.751835
0.354942,-0.135807,0.020617,0.928125,-0.481978,-0.037876,-0.263155,-0.831687,-0.364409,-0.229264,0.502449,0.751838
0.354978,-0.135836,0.02048,0.928111,-0.481924,-0.037847,-0.263108,-0.831736,-0.364414,-0.229354,0.50235,0.751877
0.354965,-0.135812,0.020423,0.92812,-0.481919,-0.03781,-0.263014,-0.831771,-0.364391,-0.229438,0.502351,0.751863
0.354999,-0.135795,0.020418,0.92811,-0.481885,-0.03776,-0.263032,-0.831789,-0.364393,-0.229477,0.502269,0.751905
0.354986,-0.135813,0.020437,0.928112,-0.481838,-0.037768,-0.263113,-0.831789,-0.364365,-0.229555,0.502233,0.751921
0.354985,-0.135884,0.020396,0.928105,-0.481809,-0.037749,-0.263114,-0.831808,-0.364384,-0.229638,0.502232,0.751888
0.354986,-0.135881,0.020387,0.928105,-0.481782,-0.037624,-0.263045,-0.831856,-0.364334,-0.22969,0.502259,0.751881
0.355014,-0.135936,0.020338,0.92809,-0.481806,-0.037528,-0.262997,-0.831864,-0.364311,-0.229836,0.502241,0.751861
0.355008,-0.136062,0.020298,0.928078,-0.481816,-0.037416,-0.262941,-0.831885,-0.364309,-0.229955,0.502277,0.751804
0.355002,-0.136175,0.020248,0.928069,-0.481843,-0.037296,-0.262856,-0.831906,-0.364244,-0.230029,0.502306,0.751793
0.354972,-0.136233,0.020179,0.928074,-0.481874,-0.037163,-0.262825,-0.831908,-0.364181,-0.230125,0.502327,0.751782
0.355004,-0.136323,0.020116,0.928053,-0.481957,-0.037125,-0.262812,-0.831866,-0.364188,-0.230186,0.50233,0.75176
0.35505,-0.136356,0.020127,0.928032,-0.482005,-0.037033,-0.262801,-0.831849,-0.364117,-0.230294,0.50229,0.75179
0.355102,-0.136313,0.02016,0.928016,-0.482061,-0.036967,-0.262758,-0.831836,-0.36408,-0.230322,0.502231,0.75184
0.355103,-0.136346,0.020109,0.928013,-0.482149,-0.03691,-0.262671,-0.831817,-0.364019,-0.230392,0.502206,0.751865
0.355203,-0.136431,0.020058,0.927966,-0.482176,-0.036866,-0.26258,-0.831833,-0.363972,-0.230455,0.502229,0.751855
0.355282,-0.13652,0.019895,0.92793,-0.482242,-0.036821,-0.262519,-0.831818,-0.363907,-0.230499,0.502187,0.751903
0.355329,-0.136541,0.019834,0.927912,-0.482288,-0.036834,-0.262395,-0.831831,-0.363849,-0.230529,0.50219,0.751921
0.355402,-0.136579,0.019737,0.927881,-0.482316,-0.036886,-0.262384,-0.831814,-0.363793,-0.230586,0.502185,0.751934
0.355462,-0.13656,0.019663,0.927862,-0.482395,-0.036945,-0.262379,-0.831766,-0.363751,-0.2306,0.502136,0.751984
0.35547,-0.136486,0.019678,0.927868,-0.482466,-0.037048,-0.262336,-0.83173,-0.363741,-0.230566,0.502047,0.752058
0.355476,-0.136416,0.019635,0.927876,-0.482504,-0.037128,-0.262273,-0.831722,-0.36373,-0.230514,0.501999,0.752111
0.355456,-0.136333,0.019586,0.927894,-0.482514,-0.037161,-0.262267,-0.831715,-0.363713,-0.23047,0.50197,0.752152
0.355492,-0.136321,0.01955,0.927883,-0.48254,-0.037224,-0.262233,-0.831707,-0.363711,-0.230505,0.501904,0.752186
0.355514,-0.136338,0.019457,0.927875,-0.482544,-0.037227,-0.262157,-0.831728,-0.363712,-0.230482,0.501856,0.752225
0.35551,-0.1363,0.019425,0.927881,-0.482504,-0.037299,-0.262126,-0.831757,-0.363688,-0.230493,0.501824,0.752255
0.355528,-0.136223,0.019477,0.927882,-0.482498,-0.037355,-0.262109,-0.831761,-0.363648,-0.230458,0.50179,0.752308
0.355562,-0.136187,0.019506,0.927873,-0.482527,-0.037413,-0.262075,-0.831751,-0.363703,-0.23043,0.501709,0.752343
0.355577,-0.136155,0.019502,0.927871,-0.482522,-0.037395,-0.262094,-0.831749,-0.363673,-0.230422,0.501657,0.752395
0.35558,-0.136144,0.019496,0.927872,-0.482538,-0.037367,-0.262086,-0.831745,-0.363729,-0.230396,0.501689,0.752354
0.355565,-0.136169,0.01947,0.927874,-0.48253,-0.037353,-0.262041,-0.831764,-0.363725,-0.230388,0.501661,0.752378
0.355583,-0.136135,0.019476,0.927872,-0.48255,-0.037364,-0.262065,-0.831744,-0.363737,-0.230368,0.50166,0.752378
0.355567,-0.136105,0.019504,0.927881,-0.482514,-0.037348,-0.262089,-0.831758,-0.363729,-0.23039,0.501662,0.752374
0.355562,-0.136079,0.019549,0.927884,-0.482543,-0.037327,-0.262179,-0.831715,-0.363686,-0.230443,0.501686,0.752363
0.355568,-0.136107,0.01961,0.927877,-0.482569,-0.037317,-0.26225,-0.831677,-0.363699,-0.230457,0.501724,0.752328
0.355611,-0.136085,0.019624,0.927863,-0.482551,-0.037292,-0.262295,-0.831676,-0.363667,-0.230526,0.5017,0.752339
0.355605,-0.13612,0.019544,0.927863,-0.482542,-0.037302,-0.262284,-0.831683,-0.363683,-0.230566,0.50168,0.752333
0.355595,-0.136163,0.019478,0.927864,-0.482488,-0.037334,-0.26228,-0.831713,-0.363678,-0.230619,0.501723,0.752292
0.355561,-0.136197,0.019442,0.927874,-0.482491,-0.037347,-0.262244,-0.831722,-0.363691,-0.23062,0.501734,0.752278
0.355566,-0.13621,0.019396,0.927871,-0.482465,-0.037303,-0.262154,-0.831769,-0.363684,-0.230647,0.501721,0.752281
0.3556,-0.136188,0.019349,0.927862,-0.482447,-0.037274,-0.262044,-0.831817,-0.363676,-0.23071,0.501681,0.752295
0.355621,-0.13619,0.019291,0.927856,-0.482449,-0.037285,-0.261986,-0.831834,-0.363635,-0.230778,0.501659,0.752309
0.355641,-0.136136,0.019248,0.927855,-0.482457,-0.037336,-0.261934,-0.831843,-0.363641,-0.230812,0.501599,0.752336
0.355647,-0.136132,0.019181,0.927856,-0.482422,-0.03734,-0.261875,-0.831881,-0.363671,-0.230813,0.501571,0.75234
0.355669,-0.136142,0.019123,0.927847,-0.482406,-0.037376,-0.261848,-0.831896,-0.363662,-0.230818,0.501539,0.752365
0.355713,-0.136145,0.019059,0.927832,-0.482396,-0.037428,-0.261866,-0.831892,-0.363603,-0.23089,0.501584,0.752343
0.355698,-0.136176,0.01902,0.927835,-0.482463,-0.03743,-0.261842,-0.831861,-0.363538,-0.230926,0.501574,0.752371
0.355726,-0.136196,0.018974,0.927823,-0.482498,-0.037405,-0.261829,-0.831846,-0.363532,-0.230903,0.501555,0.752393
0.355746,-0.136139,0.018953,0.927823,-0.48252,-0.037374,-0.261832,-0.831835,-0.363502,-0.230927,0.501558,0.752399
0.355788,-0.136135,0.018954,0.927807,-0.482588,-0.037368,-0.261893,-0.831776,-0.363455,-0.230968,0.501543,0.752419
0.35581,-0.136101,0.018953,0.927802,-0.482642,-0.037322,-0.261946,-0.831731,-0.363409,-0.231041,0.501553,0.752415
0.355829,-0.136107,0.018935,0.927795,-0.482634,-0.037387,-0.261984,-0.83172,-0.3634,-0.2311,0.501552,0.752402
0.355915,-0.136124,0.018917,0.92776,-0.482652,-0.037381,-0.262026,-0.831696,-0.363412,-0.231121,0.50155,0.752392
0.355921,-0.136146,0.018834,0.927758,-0.482706,-0.037311,-0.261966,-0.831689,-0.363358,-0.231141,0.501571,0.752398
0.355928,-0.136162,0.018803,0.927754,-0.482748,-0.037295,-0.261894,-0.831689,-0.363345,-0.231168,0.501579,0.752391
0.355917,-0.136185,0.018757,0.927757,-0.482769,-0.037294,-0.261826,-0.831699,-0.36336,-0.23115,0.501559,0.752402
0.355943,-0.13623,0.01871,0.927743,-0.48276,-0.037286,-0.261801,-0.831713,-0.363334,-0.23115,0.50152,0.752442
0.355991,-0.136267,0.018664,0.927721,-0.482767,-0.03731,-0.261793,-0.83171,-0.363306,-0.231149,0.501467,0.75249
0.355993,-0.136272,0.018657,0.92772,-0.482792,-0.037312,-0.261698,-0.831724,-0.363265,-0.231169,0.501454,0.752514
0.356013,-0.136261,0.018686,0.927713,-0.482824,-0.037296,-0.261737,-0.831695,-0.363225,-0.231156,0.50149,0.752512
0.356056,-0.136315,0.018631,0.927692,-0.482906,-0.03728,-0.26175,-0.831644,-0.363217,-0.231148,0.501508,0.752507
0.356102,-0.136333,0.018686,0.92767,-0.482953,-0.037283,-0.261782,-0.831607,-0.363184,-0.231123,0.501539,0.752509
0.356121,-0.136373,0.018765,0.927656,-0.482982,-0.03724,-0.261815,-0.831582,-0.363107,-0.231107,0.501567,0.752532
0.35618,-0.136376,0.018839,0.927632,-0.483072,-0.037213,-0.261909,-0.831502,-0.363042,-0.231098,0.501588,0.752552
0.356252,-0.136443,0.018855,0.927595,-0.483157,-0.037182,-0.261942,-0.831445,-0.363007,-0.231061,0.501665,0.752528
0.356315,-0.136534,0.018889,0.92756,-0.483233,-0.037152,-0.26197,-0.831394,-0.362924,-0.231016,0.501761,0.752517
0.356365,-0.136602,0.018951,0.927531,-0.483335,-0.037071,-0.262012,-0.831328,-0.362853,-0.231025,0.501839,0.752497
0.356469,-0.136661,0.018957,0.927484,-0.483409,-0.037044,-0.262051,-0.831274,-0.362833,-0.230986,0.501916,0.752466
0.356546,-0.13669,0.019041,0.927448,-0.48348,-0.037037,-0.262122,-0.831211,-0.362874,-0.230911,0.501989,0.752419
0.356585,-0.136715,0.019183,0.927427,-0.483493,-0.037024,-0.262237,-0.831168,-0.362883,-0.230818,0.502059,0.752394
0.356568,-0.136689,0.019332,0.927433,-0.483498,-0.037007,-0.262355,-0.831127,-0.36291,-0.230688,0.50207,0.752412
0.356587,-0.13659,0.019515,0.927432,-0.483459,-0.037003,-0.262438,-0.831125,-0.362917,-0.23055,0.502086,0.752437
0.356608,-0.136514,0.019628,0.927431,-0.483409,-0.03696,-0.262457,-0.83115,-0.362919,-0.230427,0.502104,0.752461
0.356658,-0.136475,0.019691,0.927413,-0.483339,-0.036942,-0.262422,-0.831204,-0.362942,-0.230328,0.502158,0.752441
0.356663,-0.136508,0.019634,0.927409,-0.483321,-0.036973,-0.262413,-0.831215,-0.362941,-0.230304,0.502188,0.752429
0.356655,-0.136457,0.019644,0.927418,-0.48331,-0.037018,-0.26242,-0.831216,-0.362941,-0.230276,0.502196,0.752432
0.356656,-0.136457,0.019555,0.92742,-0.483323,-0.03707,-0.262455,-0.831192,-0.36292,-0.230337,0.502227,0.752403
0.356719,-0.136463,0.019483,0.927398,-0.483402,-0.037032,-0.262433,-0.831157,-0.362924,-0.230277,0.502236,0.752412
0.356743,-0.136468,0.019467,0.927388,-0.48342,-0.03699,-0.26243,-0.831151,-0.36291,-0.230254,0.502224,0.752435
0.356778,-0.136502,0.019456,0.927371,-0.483427,-0.036979,-0.262422,-0.831149,-0.362904,-0.230255,0.502204,0.75245
0.356793,-0.136538,0.01943,0.927361,-0.483444,-0.03694,-0.262492,-0.831121,-0.362853,-0.230269,0.502212,0.752466
0.356822,-0.136582,0.019388,0.927346,-0.483425,-0.036925,-0.262568,-0.831109,-0.362796,-0.230232,0.502225,0.752495
0.356787,-0.136571,0.019438,0.92736,-0.483428,-0.036858,-0.262568,-0.831112,-0.3628,-0.230254,0.502191,0.752509
0.356785,-0.136568,0.019488,0.927359,-0.483381,-0.036799,-0.262549,-0.831149,-0.362837,-0.230232,0.502192,0.752498
0.356784,-0.136564,0.019482,0.92736,-0.483381,-0.036763,-0.26257,-0.831145,-0.362823,-0.230209,0.50224,0.752479
0.356795,-0.136592,0.019466,0.927354,-0.483347,-0.03679,-0.262559,-0.831167,-0.362847,-0.230255,0.502217,0.752469
0.356776,-0.136581,0.019437,0.927363,-0.483323,-0.036752,-0.262484,-0.831207,-0.362839,-0.230301,0.5022,0.752472
0.356773,-0.136554,0.019465,0.927366,-0.483311,-0.036755,-0.26248,-0.831216,-0.362849,-0.230322,0.502173,0.752479
0.356789,-0.136507,0.019529,0.927364,-0.483352,-0.03675,-0.262512,-0.831182,-0.362858,-0.230369,0.502123,0.752493
0.356851,-0.136511,0.019531,0.92734,-0.483394,-0.036754,-0.262508,-0.831159,-0.362897,-0.230368,0.502079,0.752505
0.356883,-0.13652,0.019566,0.927325,-0.483419,-0.036749,-0.262448,-0.831163,-0.362879,-0.230429,0.502087,0.752491
0.356915,-0.136574,0.019482,0.927308,-0.48342,-0.036761,-0.262363,-0.831189,-0.362869,-0.230459,0.502131,0.752458
0.356934,-0.136584,0.019449,0.927301,-0.483434,-0.036787,-0.262305,-0.831198,-0.362865,-0.230498,0.502141,0.752441
0.356981,-0.136589,0.019415,0.927284,-0.483444,-0.036787,-0.262269,-0.831203,-0.362849,-0.230515,0.502164,0.752428
0.356987,-0.136634,0.01937,0.927277,-0.483456,-0.036754,-0.262236,-0.83121,-0.36287,-0.230526,0.502168,0.752413
0.356998,-0.136669,0.019301,0.92727,-0.483483,-0.03669,-0.262218,-0.831205,-0.362875,-0.230561,0.502121,0.752432
0.356946,-0.136717,0.019247,0.927287,-0.483462,-0.036635,-0.262221,-0.83122,-0.362882,-0.230605,0.502064,0.752453
0.35693,-0.136763,0.019193,0.927289,-0.48346,-0.036665,-0.262269,-0.831203,-0.362956,-0.230641,0.502025,0.752433
0.356867,-0.136724,0.019252,0.927315,-0.48344,-0.036673,-0.262359,-0.831186,-0.362977,-0.230682,0.501982,0.75244
0.356838,-0.136711,0.019334,0.927326,-0.483411,-0.036687,-0.262422,-0.831182,-0.362968,-0.230697,0.501988,0.752436
0.356825,-0.136715,0.019345,0.92733,-0.483392,-0.036633,-0.262455,-0.831186,-0.362963,-0.230714,0.501995,0.752428
0.356821,-0.136681,0.01931,0.927337,-0.483372,-0.036548,-0.262456,-0.831204,-0.362938,-0.230751,0.502019,0.752415
0.356779,-0.136754,0.019253,0.927345,-0.483365,-0.036517,-0.262477,-0.831203,-0.362934,-0.230754,0.502045,0.752398
0.356775,-0.136775,0.019172,0.927347,-0.483338,-0.036456,-0.262516,-0.831211,-0.362965,-0.230769,0.502081,0.752354
0.356776,-0.136807,0.019112,0.927344,-0.483303,-0.036444,-0.262598,-0.831205,-0.362991,-0.230756,0.502105,0.752329
0.35677,-0.136755,0.019153,0.927351,-0.483293,-0.036422,-0.262621,-0.831206,-0.363002,-0.230713,0.50214,0.752313
0.35676,-0.136767,0.01916,0.927354,-0.483294,-0.036369,-0.262701,-0.831184,-0.362973,-0.23067,0.502167,0.75232
0.356799,-0.136762,0.019242,0.927337,-0.483297,-0.036306,-0.262735,-0.831176,-0.363016,-0.230624,0.502144,0.752329
0.356796,-0.136748,0.019256,0.92734,-0.48326,-0.036301,-0.262832,-0.831167,-0.363029,-0.230558,0.502091,0.752377
0.356784,-0.136713,0.019251,0.927349,-0.483266,-0.036329,-0.262883,-0.831144,-0.36307,-0.230504,0.502109,0.752362
0.356801,-0.136714,0.019235,0.927343,-0.483247,-0.036409,-0.262921,-0.831138,-0.363083,-0.2305,0.502154,0.752326
0.356828,-0.136643,0.019276,0.92734,-0.483241,-0.036433,-0.262968,-0.831124,-0.36308,-0.230463,0.502148,0.752342
0.356842,-0.136658,0.019334,0.927331,-0.483235,-0.036431,-0.263016,-0.831112,-0.363099,-0.23039,0.502176,0.752335
0.356873,-0.136657,0.019337,0.927319,-0.483254,-0.036417,-0.263027,-0.831099,-0.363096,-0.230373,0.502209,0.752318
0.356859,-0.136683,0.019333,0.927321,-0.483237,-0.036435,-0.263068,-0.831095,-0.363124,-0.230343,0.50221,0.752314
0.356845,-0.136694,0.019361,0.927324,-0.483228,-0.036445,-0.263129,-0.831079,-0.363166,-0.230276,0.502209,0.752313
0.356833,-0.136701,0.019395,0.927327,-0.483216,-0.036427,-0.263188,-0.831068,-0.363219,-0.230227,0.502223,0.752292
0.356854,-0.136722,0.019443,0.927316,-0.483176,-0.036428,-0.263236,-0.831076,-0.363229,-0.230248,0.502269,0.75225
0.356836,-0.13673,0.019508,0.927319,-0.483175,-0.036431,-0.263323,-0.831049,-0.363233,-0.230215,0.502257,0.752266
0.356793,-0.136726,0.019608,0.927334,-0.483131,-0.036388,-0.263382,-0.831057,-0.363259,-0.230164,0.502317,0.752228
0.356751,-0.136738,0.019708,0.927346,-0.483072,-0.036324,-0.263528,-0.83105,-0.363265,-0.230139,0.502361,0.752203
0.356724,-0.136759,0.019779,0.927352,-0.483035,-0.036349,-0.263651,-0.83103,-0.36328,-0.230074,0.502398,0.752189
0.356731,-0.136744,0.019939,0.927347,-0.483063,-0.036305,-0.263755,-0.830984,-0.363316,-0.230056,0.502453,0.752139
0.356683,-0.136694,0.020038,0.927369,-0.483064,-0.036298,-0.263854,-0.830951,-0.363333,-0.230027,0.502494,0.752113
0.356654,-0.136666,0.020108,0.927382,-0.483085,-0.036256,-0.26398,-0.830902,-0.363362,-0.229999,0.502578,0.75205
0.3566,-0.136707,0.020119,0.927396,-0.483044,-0.036232,-0.26407,-0.830898,-0.363395,-0.229951,0.502662,0.751991
0.356597,-0.136758,0.020132,0.927392,-0.483051,-0.036224,-0.264158,-0.830867,-0.363446,-0.229906,0.502714,0.751944
0.356577,-0.136775,0.020172,0.927396,-0.483014,-0.036222,-0.264268,-0.830853,-0.363432,-0.22988,0.50279,0.751907
0.356573,-0.136762,0.020251,0.927397,-0.482996,-0.036205,-0.264332,-0.830844,-0.363455,-0.229866,0.502824,0.751877
0.356595,-0.136721,0.020366,0.927391,-0.483006,-0.036248,-0.264388,-0.830817,-0.363457,-0.229874,0.502843,0.751861
0.356593,-0.136738,0.020366,0.927389,-0.482974,-0.036256,-0.264429,-0.830822,-0.363479,-0.229868,0.502873,0.751832
0.356583,-0.136721,0.020405,0.927394,-0.482973,-0.036267,-0.264403,-0.83083,-0.36352,-0.229873,0.502912,0.751784
0.356594,-0.136722,0.020396,0.92739,-0.48298,-0.036278,-0.264417,-0.830821,-0.363545,-0.229793,0.502955,0.751766
0.356626,-0.136694,0.020382,0.927381,-0.482986,-0.036309,-0.264447,-0.830805,-0.363543,-0.229819,0.50294,0.75177
0.356601,-0.136674,0.020391,0.927393,-0.482995,-0.036379,-0.264497,-0.830778,-0.363564,-0.229811,0.502952,0.751754
0.356648,-0.1367,0.020369,0.927372,-0.483032,-0.03639,-0.264515,-0.83075,-0.363555,-0.229742,0.502972,0.751765
0.356684,-0.136672,0.020415,0.927361,-0.483064,-0.036391,-0.264535,-0.830725,-0.36357,-0.22974,0.502995,0.751742
0.356709,-0.136659,0.02053,0.927349,-0.483101,-0.03639,-0.264565,-0.830693,-0.363564,-0.229722,0.503032,0.751725
0.356743,-0.136655,0.020557,0.927336,-0.483143,-0.036362,-0.264605,-0.830659,-0.36356,-0.229691,0.503052,0.751723
0.356749,-0.136671,0.020609,0.92733,-0.483164,-0.036324,-0.264649,-0.830635,-0.363582,-0.229674,0.503022,0.751736
0.356763,-0.136731,0.020613,0.927317,-0.483217,-0.036278,-0.264652,-0.830607,-0.363592,-0.22969,0.503028,0.751723
0.356793,-0.136756,0.020616,0.927303,-0.483249,-0.036256,-0.264712,-0.83057,-0.363588,-0.22967,0.503088,0.751691
0.356805,-0.13679,0.020656,0.927294,-0.483233,-0.036211,-0.264768,-0.830565,-0.363608,-0.22967,0.50312,0.751659
0.356815,-0.136816,0.02072,0.927285,-0.483257,-0.036198,-0.264922,-0.830502,-0.363668,-0.229685,0.503147,0.751608
0.356845,-0.136833,0.020825,0.927268,-0.483198,-0.036165,-0.265124,-0.830473,-0.363724,-0.229665,0.503175,0.751568
0.356794,-0.136825,0.020918,0.927286,-0.483118,-0.036189,-0.265315,-0.830457,-0.363771,-0.229627,0.503197,0.751541
0.356746,-0.136725,0.02108,0.927312,-0.483079,-0.036231,-0.265427,-0.83044,-0.363861,-0.22953,0.503188,0.751531
0.356673,-0.136639,0.021182,0.927348,-0.483003,-0.036268,-0.265532,-0.830446,-0.363976,-0.229397,0.503101,0.751571
0.356635,-0.136554,0.021241,0.927371,-0.482927,-0.036306,-0.265509,-0.830495,-0.364032,-0.229306,0.503052,0.751604
0.35657,-0.136534,0.021295,0.927396,-0.482851,-0.036405,-0.265453,-0.830551,-0.364139,-0.229259,0.502965,0.751625
0.356542,-0.136456,0.021271,0.927417,-0.482804,-0.036495,-0.265398,-0.830589,-0.364169,-0.229208,0.502914,0.751658
0.356546,-0.136423,0.021182,0.927421,-0.482747,-0.036558,-0.265313,-0.830645,-0.364161,-0.229208,0.502895,0.751675
0.356538,-0.136341,0.021125,0.927436,-0.48272,-0.0366,-0.265264,-0.830673,-0.364149,-0.229218,0.502849,0.751709
0.356536,-0.136352,0.021067,0.927438,-0.482723,-0.03661,-0.265226,-0.830682,-0.364132,-0.229199,0.502791,0.751762
0.356537,-0.136355,0.021078,0.927437,-0.482726,-0.036571,-0.265177,-0.8307,-0.364185,-0.229181,0.502724,0.751787
0.35652,-0.136379,0.02112,0.927439,-0.482689,-0.036518,-0.265138,-0.830738,-0.364118,-0.229186,0.502731,0.751814
0.356507,-0.136357,0.021178,0.927445,-0.482701,-0.036477,-0.265123,-0.830739,-0.364098,-0.229159,0.502749,0.751818
0.3565,-0.136423,0.021223,0.927438,-0.482667,-0.036473,-0.265259,-0.830715,-0.364068,-0.229174,0.502781,0.751808
0.356403,-0.136457,0.021293,0.927469,-0.482665,-0.036442,-0.265334,-0.830694,-0.364075,-0.229185,0.502833,0.751765
0.356423,-0.136473,0.021309,0.927459,-0.482705,-0.036387,-0.265399,-0.830655,-0.364078,-0.229206,0.502897,0.751715
0.356377,-0.136516,0.021341,0.927471,-0.482708,-0.036353,-0.265448,-0.830639,-0.364077,-0.229232,0.50301,0.751632
0.356333,-0.136629,0.021375,0.927474,-0.482709,-0.036281,-0.265478,-0.830635,-0.364046,-0.229283,0.503066,0.751595
0.356344,-0.136664,0.021431,0.927463,-0.482674,-0.036275,-0.265503,-0.830646,-0.364036,-0.229314,0.503114,0.751558
0.356322,-0.136623,0.021524,0.927474,-0.482662,-0.036287,-0.265561,-0.830634,-0.364059,-0.229317,0.503151,0.751521
0.356375,-0.136667,0.021561,0.927447,-0.482709,-0.036251,-0.265622,-0.83059,-0.364103,-0.229382,0.503175,0.751464
0.356368,-0.13662,0.021581,0.927456,-0.482703,-0.036243,-0.265676,-0.830576,-0.364075,-0.229385,0.503194,0.751464
0.35637,-0.136674,0.021624,0.927447,-0.482745,-0.036219,-0.26567,-0.830555,-0.364094,-0.229406,0.503181,0.751457
0.356406,-0.136695,0.021593,0.927432,-0.48275,-0.036226,-0.265682,-0.830548,-0.364118,-0.229423,0.50318,0.751442
0.356457,-0.136686,0.021555,0.927414,-0.482797,-0.036162,-0.265579,-0.830559,-0.36412,-0.229429,0.503196,0.751428
0.356489,-0.136731,0.021558,0.927396,-0.482823,-0.036177,-0.265526,-0.83056,-0.364106,-0.229475,0.503214,0.75141
0.356527,-0.136726,0.02151,0.927384,-0.482871,-0.036158,-0.265527,-0.830534,-0.364149,-0.229454,0.503224,0.751387
0.356541,-0.136763,0.021442,0.927376,-0.4829,-0.036121,-0.265533,-0.830517,-0.364153,-0.229489,0.503198,0.751393
0.356558,-0.136752,0.02148,0.92737,-0.482891,-0.036154,-0.265591,-0.830502,-0.364172,-0.22948,0.503181,0.751398
0.356574,-0.136736,0.021535,0.927363,-0.48289,-0.036228,-0.265685,-0.830466,-0.364174,-0.229499,0.503205,0.751375
0.356593,-0.136667,0.021604,0.927363,-0.482873,-0.036289,-0.265749,-0.83045,-0.364218,-0.229476,0.503198,0.751366
0.356618,-0.136673,0.021646,0.927351,-0.482875,-0.036276,-0.265706,-0.830464,-0.364216,-0.229497,0.503187,0.751367
0.356599,-0.136697,0.021596,0.927357,-0.482895,-0.036247,-0.265709,-0.830454,-0.364246,-0.229457,0.503222,0.751341
0.356544,-0.136759,0.021573,0.927371,-0.482866,-0.036221,-0.265698,-0.830476,-0.364267,-0.229484,0.503242,0.75131
0.356469,-0.136777,0.021551,0.927398,-0.482872,-0.03619,-0.265656,-0.830488,-0.364312,-0.229461,0.503282,0.751267
0.356455,-0.136796,0.021535,0.927402,-0.48284,-0.036184,-0.265688,-0.830497,-0.364329,-0.229472,0.503332,0.751222
0.356471,-0.136794,0.021561,0.927396,-0.482797,-0.036237,-0.265735,-0.830503,-0.364384,-0.229471,0.503337,0.751191
0.356432,-0.136788,0.021673,0.927408,-0.482755,-0.036262,-0.265826,-0.830496,-0.364428,-0.229483,0.50336,0.751152
0.356427,-0.136787,0.021753,0.927408,-0.482726,-0.036301,-0.265894,-0.830488,-0.36446,-0.229454,0.503391,0.751123
0.356392,-0.136718,0.021833,0.927427,-0.482708,-0.036298,-0.265878,-0.830504,-0.364481,-0.229469,0.50338,0.751116
0.356324,-0.136712,0.021841,0.927454,-0.482682,-0.036262,-0.26589,-0.830517,-0.364518,-0.229466,0.503336,0.751129
0.356278,-0.136741,0.021797,0.927469,-0.482647,-0.036242,-0.265899,-0.830536,-0.364548,-0.229505,0.503344,0.751096
0.356233,-0.136781,0.021823,0.927481,-0.482605,-0.036245,-0.265922,-0.830553,-0.364562,-0.229511,0.503356,0.75108
0.356205,-0.136707,0.021976,0.927496,-0.482556,-0.036291,-0.266045,-0.830538,-0.364595,-0.229547,0.50333,0.751072
0.356149,-0.136703,0.02201,0.927517,-0.482541,-0.036274,-0.266131,-0.83052,-0.36464,-0.229533,0.503367,0.751027
0.356115,-0.136685,0.0221,0.92753,-0.482526,-0.036312,-0.266233,-0.830492,-0.364676,-0.229515,0.503368,0.751015
0.356089,-0.136666,0.022138,0.927541,-0.482525,-0.036311,-0.266248,-0.830489,-0.364675,-0.229512,0.503389,0.751002
0.35609,-0.136632,0.022181,0.927544,-0.482505,-0.036304,-0.266255,-0.830498,-0.364672,-0.229536,0.503416,0.750979
0.356075,-0.136592,0.022211,0.927553,-0.482487,-0.03625,-0.266328,-0.830489,-0.364655,-0.229561,0.503454,0.750953
0.356106,-0.136565,0.022247,0.927543,-0.482474,-0.036247,-0.266339,-0.830493,-0.364699,-0.22957,0.503411,0.750959
0.356053,-0.136562,0.022273,0.927563,-0.482484,-0.036196,-0.266376,-0.83048,-0.364758,-0.229533,0.503391,0.750955
0.35605,-0.136554,0.022265,0.927565,-0.482515,-0.036141,-0.266374,-0.830466,-0.364768,-0.22952,0.503408,0.750943
0.356067,-0.136543,0.022339,0.927558,-0.482509,-0.036144,-0.266408,-0.830459,-0.364756,-0.229554,0.503438,0.750917
0.35607,-0.13656,0.022353,0.927554,-0.482515,-0.036144,-0.266398,-0.830459,-0.364872,-0.229516,0.503457,0.750859
0.356065617647059,-0.136551349009901,0.0223505,0.927556832568807,-0.482498606382979,-0.0361615,-0.2664045,-0.830464925087108,-0.3648705,-0.229486820610687,0.50345,0.7508705
0.356054,-0.13653,0.022348,0.927564,-0.482469,-0.036179,-0.266411,-0.830478,-0.364869,-0.229472,0.503443,0.750882
0.356013,-0.136473,0.022375,0.927585,-0.482439,-0.03615,-0.266396,-0.830502,-0.364906,-0.229473,0.503459,0.750854
0.356041,-0.136478,0.022405,0.927573,-0.482404,-0.036148,-0.266394,-0.830523,-0.364901,-0.229439,0.503491,0.750844
0.356034,-0.136497,0.022455,0.927572,-0.482412,-0.036159,-0.26648,-0.83049,-0.364938,-0.229389,0.503486,0.750843
0.356033,-0.136516,0.022492,0.92757,-0.482444,-0.036124,-0.266577,-0.830442,-0.365039,-0.229368,0.503454,0.750822
0.356033,-0.136574,0.0226,0.92756,-0.482445,-0.036075,-0.266666,-0.830417,-0.365082,-0.229361,0.503477,0.750787
0.356016,-0.136549,0.022681,0.927567,-0.482416,-0.036084,-0.266807,-0.830387,-0.365096,-0.229354,0.503515,0.750757
0.356002,-0.136543,0.022809,0.927569,-0.482445,-0.036079,-0.266895,-0.830342,-0.365106,-0.229361,0.503497,0.750762
0.356013,-0.136544,0.022882,0.927562,-0.482429,-0.036066,-0.266891,-0.830353,-0.36514,-0.229326,0.503513,0.750745
0.35604,-0.136559,0.022865,0.92755,-0.48243,-0.036008,-0.266934,-0.830343,-0.365154,-0.229337,0.503551,0.750708
0.356075,-0.136562,0.022857,0.927537,-0.482485,-0.036009,-0.266911,-0.830317,-0.365135,-0.229326,0.503584,0.750699
0.356092,-0.136604,0.022813,0.927527,-0.482498,-0.035983,-0.266879,-0.830323,-0.365142,-0.229343,0.503593,0.750685
0.356087,-0.136614,0.022789,0.927529,-0.482495,-0.035972,-0.266882,-0.830325,-0.365124,-0.229329,0.503617,0.750681
0.356086,-0.136654,0.022755,0.927525,-0.482505,-0.035968,-0.266989,-0.830284,-0.365099,-0.229358,0.503624,0.75068
0.356098,-0.136601,0.022851,0.927524,-0.482541,-0.035959,-0.267023,-0.830253,-0.365041,-0.22937,0.503668,0.750675
0.356136,-0.136567,0.022982,0.927509,-0.482569,-0.03598,-0.267107,-0.830208,-0.365051,-0.22934,0.50369,0.750665
0.356162,-0.136542,0.023139,0.927497,-0.48256,-0.035967,-0.267187,-0.830188,-0.365031,-0.22928,0.50375,0.750651
0.356183,-0.136558,0.023238,0.927485,-0.482557,-0.035927,-0.267273,-0.830164,-0.365065,-0.229238,0.503772,0.750632
0.356155,-0.136598,0.023303,0.927489,-0.482568,-0.03588,-0.267349,-0.830137,-0.365034,-0.229265,0.503825,0.750603
0.356152,-0.136637,0.023288,0.927485,-0.482611,-0.03584,-0.267409,-0.830095,-0.365028,-0.229214,0.503879,0.750584
0.356161,-0.136647,0.023348,0.927479,-0.482625,-0.035853,-0.267493,-0.830058,-0.365018,-0.229181,0.50393,0.750564
0.356159,-0.136675,0.023528,0.927471,-0.482652,-0.03584,-0.26758,-0.830015,-0.365039,-0.229131,0.503993,0.750526
0.35617,-0.13672,0.023671,0.927457,-0.482604,-0.035858,-0.267728,-0.829993,-0.365134,-0.229075,0.504068,0.750445
0.356126,-0.136716,0.02387,0.927468,-0.482534,-0.035887,-0.267929,-0.829967,-0.365218,-0.228988,0.50415,0.750373
0.356075,-0.136646,0.024056,0.92749,-0.482478,-0.035928,-0.268138,-0.829927,-0.365285,-0.228846,0.504263,0.750304
0.356019,-0.136564,0.024199,0.927517,-0.48244,-0.035934,-0.268223,-0.829921,-0.36536,-0.228726,0.50433,0.750257
0.355989,-0.136526,0.024306,0.927529,-0.482387,-0.035993,-0.268268,-0.829932,-0.365439,-0.228631,0.504341,0.750239
0.355921,-0.136459,0.024401,0.927561,-0.482323,-0.036016,-0.268277,-0.829964,-0.365482,-0.228554,0.504375,0.750216
0.355876,-0.136448,0.024429,0.927578,-0.482276,-0.036053,-0.268288,-0.829986,-0.365587,-0.228434,0.50433,0.75023
0.355856,-0.136432,0.02448,0.927586,-0.482246,-0.036055,-0.26834,-0.829986,-0.365624,-0.228367,0.504333,0.750228
0.355843,-0.136439,0.024487,0.92759,-0.482184,-0.036126,-0.268429,-0.829987,-0.36569,-0.228349,0.504355,0.750187
0.355795,-0.136443,0.024521,0.927606,-0.482125,-0.036126,-0.268446,-0.830016,-0.365714,-0.22827,0.504372,0.750186
0.355799,-0.136414,0.024575,0.927606,-0.482072,-0.036152,-0.268476,-0.830035,-0.365726,-0.228195,0.504424,0.750167
0.355793,-0.136423,0.024641,0.927606,-0.482068,-0.036198,-0.268557,-0.830008,-0.365766,-0.228175,0.504427,0.750151
0.355812,-0.136449,0.02473,0.927593,-0.48209,-0.036217,-0.268603,-0.829977,-0.365762,-0.228175,0.504457,0.750133
0.355823,-0.136445,0.024775,0.927587,-0.482076,-0.036255,-0.268612,-0.829981,-0.365775,-0.228189,0.504503,0.750091
0.355764,-0.136498,0.024829,0.927602,-0.482089,-0.036245,-0.268672,-0.829954,-0.36579,-0.22816,0.50456,0.750052
0.355819,-0.136516,0.024883,0.927578,-0.482111,-0.036208,-0.268676,-0.829943,-0.365809,-0.22817,0.504583,0.750026
0.355824,-0.136552,0.024948,0.927569,-0.482145,-0.036131,-0.268678,-0.829928,-0.365819,-0.228147,0.504604,0.750013
0.355797,-0.1366,0.024959,0.927573,-0.48216,-0.036053,-0.268735,-0.829906,-0.365813,-0.228123,0.504633,0.750002
0.355803,-0.136609,0.024956,0.92757,-0.482217,-0.036015,-0.268802,-0.829855,-0.365793,-0.228128,0.504678,0.749981
0.355802,-0.136568,0.024982,0.927575,-0.482234,-0.03597,-0.268805,-0.829847,-0.365793,-0.228121,0.504721,0.749954
0.355775,-0.136585,0.024988,0.927583,-0.482238,-0.035935,-0.2688,-0.829849,-0.365771,-0.228162,0.504774,0.749916
0.355764,-0.136583,0.02497,0.927587,-0.482235,-0.035917,-0.268755,-0.829866,-0.36575,-0.228206,0.504802,0.749895
0.355768,-0.136601,0.02492,0.927586,-0.482259,-0.035877,-0.268709,-0.829871,-0.365733,-0.228246,0.504794,0.749897
0.355763,-0.136607,0.024899,0.927588,-0.482236,-0.035827,-0.268715,-0.829885,-0.365744,-0.228278,0.504763,0.749904
0.35576,-0.136662,0.024883,0.927583,-0.482242,-0.035766,-0.268697,-0.829892,-0.365702,-0.228329,0.504785,0.749895
0.35577,-0.136713,0.024809,0.927575,-0.482239,-0.035719,-0.268651,-0.829913,-0.36567,-0.228325,0.504806,0.749897
0.355777,-0.136739,0.024816,0.927569,-0.482242,-0.035664,-0.268584,-0.829937,-0.365725,-0.228373,0.504785,0.74987
0.35579,-0.13676,0.024797,0.927562,-0.48224,-0.035654,-0.26859,-0.829938,-0.365689,-0.228453,0.504824,0.749838
0.355767,-0.136804,0.024759,0.927567,-0.482258,-0.03563,-0.268584,-0.829931,-0.36571,-0.228487,0.504845,0.749805
0.355727,-0.13681,0.024765,0.927581,-0.482231,-0.035557,-0.268573,-0.829955,-0.365714,-0.228518,0.504847,0.749791
0.355668,-0.136808,0.024798,0.927603,-0.482208,-0.035539,-0.268542,-0.82998,-0.365729,-0.228526,0.504856,0.749777
0.35562,-0.13682,0.024842,0.927619,-0.482183,-0.035536,-0.26851,-0.830006,-0.365749,-0.228564,0.504836,0.749768
0.355636,-0.136792,0.024884,0.927615,-0.48214,-0.03553,-0.268584,-0.830007,-0.365755,-0.228561,0.504845,0.749761
0.35565,-0.136751,0.024911,0.927613,-0.482179,-0.035568,-0.268558,-0.82999,-0.365756,-0.228559,0.504843,0.749763
0.355668,-0.136737,0.024943,0.927607,-0.482167,-0.035598,-0.268531,-0.830003,-0.365817,-0.228552,0.504834,0.74974
0.355685,-0.136776,0.024976,0.927594,-0.482144,-0.035588,-0.268512,-0.830024,-0.36582,-0.228548,0.504849,0.749729
0.355675,-0.136764,0.024931,0.927601,-0.482187,-0.035642,-0.268478,-0.830006,-0.365795,-0.228535,0.50486,0.749739
0.355624,-0.136762,0.024885,0.927623,-0.482173,-0.035658,-0.268468,-0.830016,-0.365802,-0.228508,0.504885,0.749727
0.355662,-0.136726,0.024898,0.927612,-0.4822,-0.035657,-0.268485,-0.829995,-0.365836,-0.228489,0.50486,0.749732
0.355678,-0.13667,0.024882,0.927613,-0.482198,-0.035679,-0.268513,-0.829985,-0.365836,-0.228506,0.504813,0.749759
0.355649,-0.136706,0.024914,0.927619,-0.482173,-0.035699,-0.268477,-0.83001,-0.365833,-0.228478,0.504815,0.749767
0.355641,-0.13669,0.024931,0.927623,-0.482178,-0.035708,-0.268432,-0.830021,-0.365796,-0.22852,0.504784,0.749794
0.355607,-0.136711,0.024917,0.927634,-0.48215,-0.035698,-0.268404,-0.830047,-0.365813,-0.228469,0.504789,0.749798
0.355608,-0.136663,0.024861,0.927641,-0.482156,-0.035684,-0.268381,-0.830052,-0.365849,-0.228439,0.504808,0.749776
0.355586,-0.136627,0.024815,0.927655,-0.482141,-0.035714,-0.268325,-0.830077,-0.365885,-0.228498,0.504771,0.749766
0.355552,-0.136626,0.02477,0.92767,-0.482094,-0.035751,-0.268366,-0.830088,-0.365937,-0.228483,0.50475,0.749758
0.35555,-0.136619,0.024776,0.927672,-0.482047,-0.035759,-0.26841,-0.830101,-0.365995,-0.228526,0.504724,0.749735
0.355518,-0.136664,0.024756,0.927679,-0.482036,-0.035725,-0.268409,-0.83011,-0.366029,-0.228498,0.504725,0.749726
0.355472,-0.136648,0.024825,0.927696,-0.48204,-0.035687,-0.268453,-0.830097,-0.366084,-0.228502,0.504739,0.749689
0.355442,-0.136683,0.024886,0.927701,-0.482023,-0.035667,-0.268499,-0.830092,-0.366115,-0.228555,0.504744,0.749655
0.355461,-0.136683,0.024926,0.927693,-0.482038,-0.035571,-0.268455,-0.830104,-0.366147,-0.22856,0.504749,0.749634
0.355444,-0.136693,0.024897,0.927699,-0.482053,-0.035592,-0.268496,-0.830081,-0.366145,-0.228591,0.504763,0.749615
0.355421,-0.136782,0.024917,0.927696,-0.482052,-0.035563,-0.268541,-0.830069,-0.366122,-0.228602,0.504819,0.749586
0.35544,-0.136878,0.024857,0.92768,-0.482055,-0.035601,-0.268627,-0.830037,-0.36616,-0.228599,0.504864,0.749539
0.35546,-0.136864,0.024923,0.927672,-0.48206,-0.035607,-0.268697,-0.830011,-0.366177,-0.22865,0.504867,0.749513
0.355487,-0.13687,0.024979,0.92766,-0.482067,-0.035579,-0.268811,-0.829971,-0.366175,-0.228626,0.504906,0.749493
0.355474,-0.136841,0.025063,0.927664,-0.482056,-0.035605,-0.26891,-0.829942,-0.366182,-0.228601,0.50493,0.749482
0.355504,-0.136811,0.025198,0.927653,-0.482059,-0.035642,-0.268972,-0.829917,-0.366206,-0.22857,0.504905,0.749496
0.355484,-0.136738,0.025315,0.927665,-0.482062,-0.035678,-0.269039,-0.829891,-0.36622,-0.228546,0.504857,0.749529
0.355539,-0.136706,0.025331,0.927647,-0.482073,-0.035727,-0.269051,-0.829878,-0.366253,-0.228533,0.504847,0.749523
0.355568,-0.136637,0.02535,0.927644,-0.482049,-0.035812,-0.269028,-0.829892,-0.366277,-0.228477,0.504849,0.749526
0.355571,-0.136615,0.025295,0.927647,-0.482032,-0.035876,-0.268963,-0.829919,-0.366307,-0.22841,0.504816,0.749553
0.355622,-0.136626,0.025236,0.927628,-0.482086,-0.035956,-0.268928,-0.829893,-0.366289,-0.228321,0.504802,0.749597
0.355665,-0.136562,0.02529,0.927618,-0.482118,-0.036051,-0.268924,-0.829869,-0.366313,-0.228237,0.504763,0.749637
0.355682,-0.136502,0.025298,0.927617,-0.482137,-0.036193,-0.26892,-0.829849,-0.366322,-0.228168,0.504773,0.749645
0.355726,-0.136444,0.025376,0.927605,-0.482181,-0.036246,-0.269003,-0.829791,-0.366325,-0.228102,0.504766,0.749667
0.355784,-0.136298,0.025465,0.927597,-0.482225,-0.036297,-0.269011,-0.82976,-0.366339,-0.227963,0.504772,0.749696
0.355836,-0.136275,0.025474,0.92758,-0.482246,-0.036314,-0.269023,-0.829742,-0.366329,-0.227909,0.504819,0.749684
0.355881,-0.136251,0.025456,0.927566,-0.482273,-0.036361,-0.26908,-0.829705,-0.366313,-0.227794,0.504848,0.749706
0.355947,-0.136192,0.025488,0.927547,-0.48229,-0.036437,-0.269119,-0.829676,-0.366295,-0.227698,0.504873,0.749725
0.356009,-0.136166,0.025532,0.927525,-0.482297,-0.036573,-0.269163,-0.829648,-0.366282,-0.227649,0.504891,0.749734
0.356074,-0.136129,0.0256,0.927502,-0.482341,-0.036627,-0.269237,-0.829592,-0.366302,-0.227589,0.504911,0.749728
0.356131,-0.136084,0.025667,0.927483,-0.482363,-0.03669,-0.26932,-0.829548,-0.366291,-0.227552,0.504963,0.749708
0.3562,-0.136044,0.025696,0.92746,-0.482398,-0.036737,-0.269425,-0.829489,-0.366273,-0.227456,0.504962,0.749745
0.35625,-0.135998,0.025682,0.927447,-0.482503,-0.03673,-0.269414,-0.829432,-0.366277,-0.227326,0.504952,0.749788
0.356332,-0.135948,0.02574,0.92742,-0.482588,-0.036723,-0.269443,-0.829375,-0.366273,-0.227224,0.504982,0.749798
0.356411,-0.135929,0.025816,0.927389,-0.482631,-0.03672,-0.269475,-0.829339,-0.36629,-0.227145,0.505059,0.749761
0.356473,-0.135948,0.025865,0.927361,-0.482668,-0.036745,-0.269559,-0.829288,-0.366324,-0.227097,0.505108,0.749724
0.356544,-0.135902,0.025941,0.927337,-0.482653,-0.036807,-0.269704,-0.829244,-0.366396,-0.227005,0.505149,0.749687
0.356536,-0.135871,0.02598,0.927342,-0.482615,-0.0369,-0.26984,-0.829214,-0.366448,-0.226934,0.505206,0.749643
0.356493,-0.135841,0.026089,0.927359,-0.482539,-0.036968,-0.269934,-0.829222,-0.366498,-0.22683,0.505214,0.749644
0.356423,-0.135772,0.026209,0.92739,-0.482483,-0.037057,-0.270002,-0.829225,-0.366537,-0.226778,0.505255,0.749611
0.356396,-0.135717,0.026264,0.927405,-0.482429,-0.037202,-0.269988,-0.829251,-0.366558,-0.2267,0.50525,0.749626
0.356388,-0.135687,0.026285,0.92741,-0.482404,-0.037287,-0.26992,-0.829281,-0.36657,-0.226671,0.505208,0.749657
0.356386,-0.13567,0.026233,0.927415,-0.482392,-0.037388,-0.269899,-0.829287,-0.366564,-0.226709,0.505187,0.749663
0.356382,-0.135638,0.026117,0.927424,-0.482389,-0.037427,-0.269824,-0.829311,-0.366571,-0.226727,0.505158,0.749675
0.356374,-0.135623,0.026005,0.927433,-0.482385,-0.037433,-0.269797,-0.829322,-0.366555,-0.226743,0.505158,0.749678
0.356356,-0.13564,0.025941,0.92744,-0.482429,-0.037402,-0.269757,-0.829312,-0.366552,-0.226767,0.505128,0.749693
0.356415,-0.135649,0.025892,0.927418,-0.482474,-0.037388,-0.2697,-0.829305,-0.366524,-0.226798,0.50516,0.749676
0.356386,-0.135741,0.025831,0.927421,-0.482512,-0.037286,-0.269652,-0.829306,-0.366477,-0.226854,0.505172,0.749675
0.356386,-0.135759,0.02584,0.927417,-0.482556,-0.037291,-0.269704,-0.829264,-0.366418,-0.226895,0.505161,0.7497
0.356402,-0.135785,0.025891,0.927407,-0.482587,-0.03729,-0.269679,-0.829254,-0.366408,-0.226924,0.505158,0.749698
0.356424,-0.135844,0.025919,0.92739,-0.482551,-0.037207,-0.26964,-0.829294,-0.366377,-0.226994,0.50513,0.749712
0.356447,-0.13592,0.025911,0.927373,-0.482576,-0.037134,-0.269572,-0.829308,-0.366384,-0.227047,0.505091,0.74972
0.356465,-0.135988,0.025857,0.92736,-0.482601,-0.037062,-0.269481,-0.829329,-0.366375,-0.227113,0.505071,0.74972
0.356475,-0.136036,0.02583,0.927351,-0.482664,-0.03699,-0.269441,-0.82931,-0.366312,-0.227156,0.505077,0.749734
0.356464,-0.13611,0.025825,0.927347,-0.482689,-0.036969,-0.269355,-0.829326,-0.366266,-0.22718,0.505107,0.749729
0.356474,-0.136118,0.025841,0.927341,-0.482728,-0.036962,-0.269335,-0.82931,-0.366291,-0.227201,0.505081,0.749728
0.356525,-0.136115,0.025814,0.927323,-0.48278,-0.03696,-0.269359,-0.829272,-0.366257,-0.22728,0.505057,0.749739
0.356577,-0.136121,0.0258,0.927303,-0.4828,-0.03687,-0.269334,-0.829275,-0.366219,-0.227314,0.50503,0.749767
0.356625,-0.13612,0.025778,0.927285,-0.48285,-0.03685,-0.269366,-0.829237,-0.366147,-0.22736,0.505026,0.749792
0.35665,-0.136156,0.025659,0.927276,-0.482873,-0.036817,-0.269304,-0.829247,-0.36612,-0.227388,0.505019,0.749801
0.35668,-0.136219,0.025584,0.92726,-0.482902,-0.03688,-0.269255,-0.829242,-0.366079,-0.227409,0.505001,0.749828
0.356717,-0.136192,0.025544,0.92725,-0.482927,-0.036905,-0.269248,-0.829227,-0.366042,-0.227427,0.504998,0.749843
0.356777,-0.136228,0.025509,0.927224,-0.482932,-0.03695,-0.269234,-0.829226,-0.366052,-0.227418,0.505004,0.749837
0.356758,-0.136227,0.025504,0.927231,-0.482917,-0.037008,-0.269202,-0.829241,-0.366071,-0.227419,0.505021,0.749815
0.356756,-0.136218,0.025452,0.927234,-0.482867,-0.03705,-0.269191,-0.829271,-0.366092,-0.227398,0.505028,0.749806
0.356762,-0.136209,0.025433,0.927234,-0.482853,-0.037073,-0.269114,-0.829302,-0.366076,-0.227391,0.505075,0.749784
0.356766,-0.136226,0.025444,0.92723,-0.482796,-0.03708,-0.269113,-0.829335,-0.366088,-0.227346,0.505107,0.74977
0.356735,-0.136183,0.025507,0.927244,-0.482805,-0.037074,-0.269076,-0.829342,-0.366069,-0.227349,0.505101,0.749783
0.356761,-0.136153,0.025526,0.927238,-0.482762,-0.03714,-0.269086,-0.829359,-0.366159,-0.227302,0.505098,0.749754
0.35677,-0.13614,0.025522,0.927237,-0.482771,-0.037229,-0.269118,-0.829336,-0.366197,-0.227247,0.505118,0.749737
0.356776,-0.136068,0.025549,0.927241,-0.482758,-0.037307,-0.269184,-0.829316,-0.366224,-0.227277,0.505112,0.749719
0.356792,-0.136022,0.025599,0.927239,-0.482777,-0.037388,-0.26919,-0.829297,-0.366226,-0.227246,0.50511,0.749729
0.356845,-0.135964,0.025604,0.927226,-0.482774,-0.03747,-0.269216,-0.829284,-0.366227,-0.227196,0.505099,0.749749
0.356851,-0.135884,0.025559,0.927234,-0.482746,-0.037447,-0.269253,-0.82929,-0.366225,-0.227144,0.505117,0.749753
0.356847,-0.135852,0.025598,0.927238,-0.48274,-0.037497,-0.269269,-0.829284,-0.366248,-0.227123,0.505144,0.74973
0.356825,-0.135853,0.025594,0.927247,-0.48275,-0.037482,-0.269201,-0.829302,-0.366235,-0.227123,0.50515,0.749733
0.356869,-0.135795,0.025675,0.927234,-0.482732,-0.037582,-0.26919,-0.829308,-0.366257,-0.227117,0.505141,0.749729
0.356911,-0.135775,0.025693,0.92722,-0.482763,-0.037631,-0.269198,-0.829283,-0.366257,-0.227097,0.505199,0.749696
0.356887,-0.135752,0.025679,0.927232,-0.482739,-0.037664,-0.26914,-0.829314,-0.366285,-0.227096,0.505173,0.749699
0.356907,-0.135701,0.025702,0.927229,-0.482723,-0.037701,-0.269073,-0.829343,-0.36623,-0.227143,0.505198,0.749696
0.356931,-0.13575,0.02572,0.927214,-0.48271,-0.037733,-0.269079,-0.829346,-0.366223,-0.227223,0.505203,0.749673
0.356934,-0.135687,0.025718,0.92722,-0.482733,-0.037685,-0.269062,-0.829341,-0.366192,-0.227232,0.505165,0.749711
0.356935,-0.135632,0.025782,0.927224,-0.482714,-0.037681,-0.269049,-0.829357,-0.366165,-0.227212,0.505156,0.749737
0.35693,-0.135612,0.025765,0.927229,-0.482686,-0.037673,-0.269078,-0.829365,-0.366187,-0.227227,0.50513,0.749739
0.35693,-0.135612,0.025799,0.927228,-0.482732,-0.037706,-0.269124,-0.829321,-0.366215,-0.227258,0.505118,0.749724
0.356924,-0.135554,0.025863,0.927235,-0.482768,-0.037706,-0.26915,-0.829291,-0.36624,-0.227213,0.505111,0.749731
0.356945,-0.135543,0.025929,0.927226,-0.482798,-0.03771,-0.269238,-0.829244,-0.366192,-0.227214,0.505122,0.749746
0.356969,-0.135536,0.026025,0.927215,-0.482826,-0.037679,-0.269242,-0.82923,-0.366176,-0.227251,0.505118,0.749746
0.357048,-0.135576,0.026024,0.927179,-0.482847,-0.037605,-0.269207,-0.829235,-0.366127,-0.227262,0.505152,0.749744
0.357117,-0.135613,0.026021,0.927148,-0.482853,-0.037558,-0.269214,-0.829232,-0.366111,-0.227232,0.505142,0.749767
0.35714,-0.13562,0.026004,0.927139,-0.482903,-0.03753,-0.269166,-0.82922,-0.366095,-0.227229,0.505147,0.749773
0.357151,-0.135638,0.025958,0.927135,-0.482916,-0.037492,-0.269151,-0.829221,-0.366061,-0.227242,0.505181,0.749763
0.357194,-0.135654,0.025973,0.927115,-0.482933,-0.037477,-0.269102,-0.829228,-0.365995,-0.22727,0.505182,0.749786
0.357238,-0.135665,0.025951,0.927097,-0.482933,-0.037445,-0.269095,-0.829232,-0.36594,-0.227298,0.505235,0.74977
0.357304,-0.135661,0.02602,0.927071,-0.482993,-0.037386,-0.269123,-0.829193,-0.3659,-0.227334,0.505272,0.749753
0.357303,-0.135646,0.026086,0.927071,-0.483022,-0.037376,-0.269114,-0.829181,-0.365916,-0.227336,0.50525,0.74976
0.35732,-0.135625,0.026079,0.927066,-0.483069,-0.037376,-0.269127,-0.829149,-0.365936,-0.227291,0.505245,0.749766
0.357336,-0.13562,0.026086,0.927061,-0.483091,-0.037362,-0.269134,-0.829134,-0.365883,-0.227299,0.505304,0.749751
0.357338,-0.135623,0.026104,0.92706,-0.483138,-0.037282,-0.269141,-0.829111,-0.365879,-0.227268,0.505303,0.749762
0.357349,-0.135619,0.02618,0.927053,-0.483155,-0.037243,-0.269177,-0.829092,-0.365889,-0.227236,0.505329,0.749749
0.357356,-0.135545,0.026207,0.927059,-0.483186,-0.037264,-0.26922,-0.829059,-0.365876,-0.227199,0.505343,0.749755
0.357415,-0.135499,0.026301,0.927038,-0.483242,-0.037251,-0.269215,-0.829028,-0.365882,-0.227145,0.505356,0.74976
0.357454,-0.135484,0.026353,0.927023,-0.483286,-0.037256,-0.269185,-0.829012,-0.365942,-0.227085,0.50537,0.749738
0.357477,-0.13551,0.026361,0.92701,-0.48332,-0.037238,-0.269159,-0.829003,-0.365904,-0.22706,0.505394,0.749748
0.357516,-0.135534,0.026388,0.926992,-0.483354,-0.03725,-0.269205,-0.828967,-0.365886,-0.22702,0.505432,0.749742
0.357555,-0.135524,0.026414,0.926977,-0.483362,-0.037284,-0.269294,-0.82893,-0.365886,-0.226943,0.50551,0.749711
0.357567,-0.135467,0.026508,0.926976,-0.483412,-0.037324,-0.269338,-0.828884,-0.365871,-0.226927,0.505565,0.749685
0.357592,-0.13542,0.026558,0.92697,-0.483436,-0.037358,-0.269396,-0.828848,-0.365864,-0.2269,0.505605,0.74967
0.357613,-0.13539,0.026582,0.926965,-0.483405,-0.037442,-0.269415,-0.828853,-0.365886,-0.226829,0.505637,0.749657
0.357617,-0.13538,0.026589,0.926964,-0.483435,-0.037493,-0.269444,-0.828823,-0.365927,-0.226743,0.505649,0.749654
0.357648,-0.135323,0.02663,0.926957,-0.48342,-0.037481,-0.26943,-0.828837,-0.365967,-0.226665,0.50564,0.749662
0.357683,-0.135271,0.026723,0.926946,-0.483432,-0.037541,-0.269474,-0.82881,-0.365995,-0.226631,0.505641,0.749658
0.357651,-0.135227,0.026824,0.926961,-0.483401,-0.037581,-0.269573,-0.828793,-0.366082,-0.226637,0.505667,0.749595
0.357598,-0.135168,0.026906,0.926985,-0.483269,-0.037692,-0.269728,-0.828809,-0.366116,-0.226581,0.5057,0.749572
0.357534,-0.135146,0.027062,0.927007,-0.483205,-0.03774,-0.269832,-0.828809,-0.366215,-0.226507,0.505702,0.749543
0.357439,-0.135118,0.027194,0.927042,-0.483096,-0.037821,-0.269917,-0.828838,-0.366308,-0.226421,0.505701,0.749523
0.357345,-0.135074,0.027333,0.927079,-0.48301,-0.037898,-0.270008,-0.828853,-0.366426,-0.226285,0.505688,0.749512
0.357255,-0.135032,0.027405,0.927116,-0.482978,-0.037927,-0.270024,-0.828863,-0.366452,-0.226231,0.505747,0.749475
0.357207,-0.134986,0.027456,0.927138,-0.482941,-0.037998,-0.27003,-0.828878,-0.366483,-0.226199,0.505732,0.749479
0.357151,-0.134909,0.027506,0.927166,-0.482892,-0.037993,-0.270073,-0.828892,-0.366505,-0.226184,0.505705,0.749491
0.357104,-0.134914,0.027468,0.927186,-0.482913,-0.038004,-0.270023,-0.828895,-0.366485,-0.226191,0.50567,0.749523
0.35711,-0.13498,0.027419,0.927177,-0.482888,-0.037939,-0.270026,-0.828914,-0.36651,-0.226211,0.505631,0.749531
0.357047,-0.135042,0.027368,0.927196,-0.482876,-0.037927,-0.269982,-0.828936,-0.366454,-0.226241,0.505671,0.749522
0.356973,-0.135106,0.027315,0.927219,-0.482901,-0.037917,-0.269928,-0.828941,-0.366401,-0.226294,0.505683,0.749526
0.356909,-0.135171,0.027292,0.927237,-0.482889,-0.037876,-0.269941,-0.828946,-0.366455,-0.226369,0.505663,0.74949
0.356884,-0.135141,0.027352,0.927248,-0.482866,-0.037765,-0.269948,-0.828967,-0.366462,-0.226437,0.505625,0.749494
0.356864,-0.1351,0.02734,0.92726,-0.48278,-0.037687,-0.269953,-0.829021,-0.366471,-0.22649,0.505642,0.749463
0.356808,-0.135117,0.02737,0.927279,-0.482721,-0.037656,-0.269932,-0.829065,-0.366473,-0.226615,0.505654,0.749419
0.356744,-0.135144,0.027375,0.9273,-0.482718,-0.037578,-0.269903,-0.829081,-0.366462,-0.22671,0.505616,0.749422
0.356724,-0.135165,0.027294,0.927308,-0.482693,-0.037522,-0.269872,-0.82911,-0.366481,-0.226824,0.505577,0.749407
0.356706,-0.135183,0.027282,0.927313,-0.482653,-0.037518,-0.26991,-0.829121,-0.366506,-0.226855,0.50556,0.749396
0.356655,-0.135235,0.027222,0.927329,-0.482607,-0.037477,-0.269915,-0.82915,-0.366511,-0.226947,0.505552,0.749374
0.356644,-0.135229,0.027185,0.927335,-0.482601,-0.03748,-0.269878,-0.829165,-0.366543,-0.227007,0.505539,0.749348
0.356622,-0.135254,0.027211,0.92734,-0.482594,-0.037469,-0.269861,-0.829176,-0.366548,-0.227097,0.505504,0.749344
0.356611,-0.135291,0.027231,0.927339,-0.482812,-0.03727,-0.26975,-0.829101,-0.366406,-0.227336,0.505445,0.749385
0.356613671547203,-0.135327740099184,0.0272228359375,0.927336007633399,-0.482813201454335,-0.03727227734375,-0.269750376358696,-0.829096579799281,-0.366406407099185,-0.227335818479991,0.505443679614369,0.749385266082505
0.356621052447552,-0.135367704839617,0.0272013125,0.927330413833992,-0.482814137851268,-0.03727828125,-0.269751576086956,-0.82909390400522,-0.366407547554348,-0.227335225859968,0.505442914793118,0.749385417571772
0.356632192089161,-0.135408390457935,0.0271708828125,0.927322875370553,-0.482814841511738,-0.03728676953125,-0.269753705163043,-0.829092428300305,-0.366409300101902,-0.227334150049939,0.505442527094861,0.749385491609777
0.35664613986014,-0.135447293190771,0.027136,0.927314049011858,-0.482815344756683,-0.0372965,-0.269756869565217,-0.829091608367024,-0.366411543478261,-0.227332518959913,0.505442338078213,0.749385525338496
0.356661945148601,-0.135481909274761,0.0271011171875,0.92730459152668,-0.482815679907042,-0.03730623046875,-0.269761175271739,-0.829090899887865,-0.366414156419837,-0.227330260499898,0.505442169301788,0.749385555899902
0.356678657342657,-0.135509734946539,0.0270706875,0.927295159683794,-0.482815879283756,-0.03731471875,-0.26976672826087,-0.829089758545316,-0.366417017663043,-0.227327302579902,0.505441842324202,0.749385620435971
0.35669532583042,-0.135528266442741,0.0270491640625,0.927286410251976,-0.482815975207762,-0.03732072265625,-0.26977363451087,-0.829087640021865,-0.366420005944293,-0.227323573109934,0.505441178704067,0.749385756088679
0.356711,-0.135535,0.027041,0.927279,-0.482816,-0.037323,-0.269782,-0.829084,-0.366423,-0.227319,0.50544,0.749386
0.356727758138413,-0.135514,0.0270785352529602,0.927273210474308,-0.482815397058824,-0.037318,-0.269823991803473,-0.829070354447439,-0.366425686498856,-0.227281697232264,0.505418626068376,0.749414077605322
0.356745,-0.135493,0.027142,0.927267,-0.482814,-0.037313,-0.269908,-0.829044,-0.366431,-0.22721,0.505398,0.749442
0.35676,-0.135507,0.027195,0.927258,-0.482811,-0.037338,-0.270059,-0.828994,-0.366483,-0.227107,0.505455,0.749407
0.356784,-0.135512,0.027246,0.927246,-0.482802,-0.037387,-0.270184,-0.828954,-0.366523,-0.22702,0.505443,0.749421
0.35674,-0.135479,0.027332,0.927264,-0.482805,-0.037434,-0.27027,-0.828921,-0.366588,-0.226906,0.505484,0.749393
0.356729,-0.135446,0.027443,0.927268,-0.482799,-0.037484,-0.270344,-0.828895,-0.36664,-0.226841,0.505516,0.749365
0.356769,-0.135362,0.027527,0.92726,-0.4828,-0.037486,-0.270448,-0.82886,-0.366663,-0.226773,0.505537,0.749359
0.356786,-0.135365,0.027669,0.927247,-0.482787,-0.03754,-0.270524,-0.828839,-0.366715,-0.226745,0.505597,0.7493
0.35682,-0.135356,0.027708,0.927234,-0.482762,-0.037574,-0.270578,-0.828833,-0.366772,-0.226684,0.505659,0.749247
0.356857,-0.135342,0.027782,0.927219,-0.482748,-0.037574,-0.270579,-0.828841,-0.366849,-0.226609,0.505693,0.749208
0.356864,-0.13532,0.027886,0.927215,-0.482708,-0.037604,-0.270608,-0.828853,-0.366902,-0.226555,0.505693,0.749196
0.356853,-0.135299,0.027906,0.927221,-0.482692,-0.037608,-0.27066,-0.828844,-0.366952,-0.226502,0.50574,0.749156
0.356843,-0.135223,0.027991,0.927231,-0.482698,-0.037668,-0.270756,-0.828804,-0.367015,-0.226425,0.50578,0.749119
0.356839,-0.135182,0.028074,0.927235,-0.482676,-0.037718,-0.270854,-0.82878,-0.367031,-0.226382,0.505874,0.74906
0.356839,-0.135109,0.028191,0.927239,-0.482667,-0.037753,-0.270904,-0.828766,-0.36709,-0.226302,0.505905,0.749033
0.356835,-0.135076,0.028328,0.92724,-0.482664,-0.037763,-0.270992,-0.828738,-0.367179,-0.226261,0.505921,0.748989
0.356822,-0.135035,0.028436,0.927245,-0.482633,-0.037779,-0.271096,-0.828721,-0.367206,-0.226275,0.505939,0.748959
0.356848,-0.135076,0.02851,0.927228,-0.482615,-0.037767,-0.271118,-0.828725,-0.367246,-0.226222,0.505968,0.748935
0.356897,-0.13505,0.02856,0.92721,-0.482639,-0.037722,-0.271114,-0.828715,-0.36729,-0.226173,0.506022,0.748891
0.35693,-0.135085,0.028624,0.927191,-0.482661,-0.037707,-0.271158,-0.828689,-0.367307,-0.226126,0.506077,0.748858
0.356925,-0.135084,0.028639,0.927193,-0.482701,-0.037694,-0.271209,-0.82865,-0.367318,-0.226088,0.506149,0.748814
0.356954,-0.135121,0.028686,0.927175,-0.482729,-0.037701,-0.271248,-0.82862,-0.367344,-0.22607,0.506201,0.748771
0.356947,-0.135135,0.028735,0.927175,-0.482694,-0.037694,-0.27132,-0.828617,-0.367374,-0.226066,0.506263,0.748715
0.356963,-0.135115,0.02879,0.927169,-0.482657,-0.037723,-0.271399,-0.82861,-0.36734,-0.226044,0.506295,0.748716
0.357009,-0.135149,0.028848,0.927145,-0.482656,-0.037717,-0.271449,-0.828594,-0.367376,-0.226016,0.506362,0.748661
0.357002,-0.135125,0.028926,0.927148,-0.482688,-0.037741,-0.271505,-0.828555,-0.367405,-0.226014,0.506397,0.748623
0.356981,-0.135119,0.029055,0.927151,-0.482719,-0.037756,-0.271568,-0.828515,-0.367424,-0.226028,0.506451,0.748574
0.356968,-0.135108,0.02914,0.927154,-0.482682,-0.03776,-0.271649,-0.82851,-0.367427,-0.226027,0.506488,0.748547
0.356965,-0.135115,0.029132,0.927156,-0.482728,-0.037747,-0.271696,-0.828468,-0.367442,-0.225994,0.506516,0.74853
0.356976,-0.135135,0.029173,0.927147,-0.482761,-0.037698,-0.271782,-0.828424,-0.367485,-0.225956,0.506531,0.748509
0.356991,-0.135142,0.029264,0.927137,-0.482791,-0.037696,-0.271847,-0.828386,-0.367476,-0.225924,0.506596,0.748479
0.35703,-0.135143,0.029302,0.92712,-0.482826,-0.037782,-0.271901,-0.82834,-0.36751,-0.225904,0.506596,0.748468
0.357087,-0.135106,0.029336,0.927102,-0.48285,-0.037788,-0.271961,-0.828306,-0.367516,-0.225826,0.506626,0.748467
0.357118,-0.135079,0.029389,0.927092,-0.482869,-0.037824,-0.272021,-0.828271,-0.367525,-0.225847,0.506609,0.748467
0.357078,-0.135075,0.02947,0.927104,-0.482886,-0.037853,-0.272061,-0.828246,-0.367534,-0.225803,0.506613,0.748473
0.357117,-0.135064,0.029571,0.927087,-0.482882,-0.037811,-0.272055,-0.828254,-0.367518,-0.225779,0.506634,0.748473
0.357133,-0.135043,0.029656,0.927079,-0.482898,-0.037828,-0.272094,-0.82823,-0.367547,-0.225773,0.506648,0.748452
0.357164,-0.135044,0.029679,0.927067,-0.48291,-0.037851,-0.27216,-0.8282,-0.367545,-0.225768,0.506726,0.7484
0.357246,-0.135087,0.029727,0.927029,-0.482929,-0.037867,-0.272222,-0.828166,-0.367521,-0.22574,0.506777,0.748386
0.357288,-0.135103,0.029773,0.927009,-0.482925,-0.037882,-0.272332,-0.828132,-0.367513,-0.225689,0.506782,0.7484
0.35728,-0.135074,0.029896,0.92701,-0.482913,-0.037923,-0.272448,-0.828097,-0.367587,-0.225633,0.506812,0.74836
0.357299,-0.134997,0.030012,0.927008,-0.482945,-0.037922,-0.272547,-0.828044,-0.367582,-0.225627,0.506897,0.748305
0.357324,-0.134973,0.03014,0.926996,-0.48298,-0.037894,-0.27262,-0.828002,-0.367623,-0.225579,0.506989,0.748237
0.357373,-0.134946,0.030222,0.926978,-0.482998,-0.037876,-0.272675,-0.827975,-0.367664,-0.225522,0.507084,0.748167
0.357392,-0.134949,0.030293,0.926966,-0.483024,-0.037879,-0.272804,-0.827916,-0.36771,-0.225448,0.507157,0.748115
0.357406,-0.134966,0.030422,0.926955,-0.483046,-0.037881,-0.272931,-0.82786,-0.367813,-0.225403,0.507266,0.748003
0.357386,-0.134953,0.030524,0.92696,-0.483024,-0.037892,-0.273162,-0.827795,-0.36789,-0.225342,0.507366,0.747913
0.357366,-0.134957,0.030632,0.926963,-0.482976,-0.037875,-0.273319,-0.827772,-0.368003,-0.225256,0.507442,0.74783
0.35729,-0.134902,0.030777,0.926993,-0.482899,-0.03793,-0.273397,-0.827787,-0.368067,-0.225137,0.507469,0.747814
0.357251,-0.134834,0.030937,0.927009,-0.482821,-0.037932,-0.27348,-0.827803,-0.36812,-0.225079,0.507495,0.747787
0.35718,-0.134794,0.03106,0.927037,-0.482756,-0.037906,-0.273544,-0.827822,-0.368158,-0.224994,0.507522,0.747773
0.357154,-0.134759,0.031224,0.927044,-0.48271,-0.037897,-0.273615,-0.827826,-0.368209,-0.224908,0.507551,0.747754
0.35707,-0.134754,0.031255,0.927077,-0.482668,-0.037912,-0.273677,-0.827829,-0.368216,-0.22482,0.507572,0.74776
0.357014,-0.134765,0.031295,0.927095,-0.482655,-0.037896,-0.273763,-0.827809,-0.368256,-0.22477,0.507586,0.747744
0.357002,-0.134783,0.031282,0.927098,-0.482658,-0.037851,-0.273836,-0.827786,-0.368237,-0.224763,0.507603,0.747745
0.35697,-0.13479,0.031296,0.92711,-0.48271,-0.037849,-0.273844,-0.827753,-0.368263,-0.224804,0.507589,0.747729
0.356927,-0.134767,0.031287,0.927129,-0.482718,-0.037826,-0.273871,-0.827741,-0.368288,-0.224787,0.507609,0.747709
0.356961,-0.13473,0.031286,0.92712,-0.482712,-0.03783,-0.273888,-0.827738,-0.368308,-0.224788,0.507647,0.747672
0.356974,-0.13474,0.031303,0.927113,-0.482665,-0.037806,-0.273926,-0.827755,-0.36836,-0.224773,0.507647,0.747651
0.356995,-0.134714,0.031282,0.927108,-0.482612,-0.037704,-0.273913,-0.827798,-0.368426,-0.224751,0.507633,0.747634
0.356989,-0.134682,0.031278,0.927115,-0.482623,-0.037679,-0.273939,-0.827785,-0.368466,-0.224804,0.507647,0.747589
0.356998,-0.134682,0.031294,0.927111,-0.482576,-0.037659,-0.27396,-0.827807,-0.368499,-0.224806,0.507639,0.747578
0.356981,-0.134749,0.031257,0.927111,-0.48251,-0.037628,-0.27402,-0.827827,-0.368518,-0.224832,0.50759,0.747594
0.356947,-0.134743,0.031221,0.927127,-0.482465,-0.037564,-0.27404,-0.827852,-0.3686,-0.224883,0.507534,0.747578
0.356928,-0.134791,0.03115,0.92713,-0.482417,-0.037481,-0.274018,-0.827894,-0.368594,-0.224965,0.507573,0.74753
0.356877,-0.134829,0.031144,0.927146,-0.482359,-0.037378,-0.273989,-0.827945,-0.368558,-0.225054,0.5076,0.747505
0.356868,-0.134841,0.031121,0.92715,-0.482284,-0.037334,-0.274004,-0.827987,-0.36849,-0.225178,0.507599,0.747503
0.356855,-0.134876,0.031093,0.927151,-0.482275,-0.037343,-0.273995,-0.827995,-0.368508,-0.225324,0.507582,0.747465
0.356885,-0.134858,0.031025,0.927144,-0.482246,-0.037321,-0.273954,-0.828027,-0.368511,-0.225476,0.507572,0.747426
0.356848,-0.134861,0.030965,0.927161,-0.482281,-0.037295,-0.273907,-0.828024,-0.368495,-0.225604,0.507539,0.74742
0.356845,-0.134854,0.030967,0.927163,-0.48225,-0.037212,-0.273929,-0.828042,-0.368477,-0.225661,0.507531,0.747418
0.356878,-0.13487,0.030939,0.927149,-0.48224,-0.037202,-0.273957,-0.828039,-0.368542,-0.225672,0.507502,0.747402
0.356825,-0.134928,0.030938,0.927162,-0.482194,-0.037171,-0.273982,-0.82806,-0.368557,-0.225701,0.507514,0.747379
0.35682,-0.134972,0.030917,0.92716,-0.482149,-0.037141,-0.274029,-0.828072,-0.368593,-0.225729,0.50754,0.747335
0.356758,-0.134972,0.030853,0.927187,-0.482089,-0.03713,-0.274034,-0.828107,-0.36864,-0.225732,0.50753,0.747318
0.356679,-0.134966,0.030855,0.927218,-0.482013,-0.037164,-0.274102,-0.828125,-0.368721,-0.225737,0.507496,0.747299
0.356569,-0.134886,0.030943,0.927266,-0.481938,-0.037192,-0.274097,-0.828168,-0.368732,-0.225771,0.507472,0.7473
0.356515,-0.13491,0.031009,0.927281,-0.481818,-0.037173,-0.274131,-0.828228,-0.368775,-0.225762,0.507466,0.747285
0.356411,-0.134901,0.030999,0.927323,-0.481739,-0.037168,-0.274149,-0.828268,-0.368849,-0.225761,0.507439,0.747267
0.356318,-0.134942,0.030993,0.927354,-0.481704,-0.037121,-0.274168,-0.828286,-0.368873,-0.225796,0.50739,0.747279
0.356291,-0.134986,0.03093,0.927361,-0.481701,-0.037105,-0.274188,-0.828283,-0.368932,-0.225763,0.507369,0.747274
0.356261,-0.134985,0.030913,0.927374,-0.48169,-0.03711,-0.274192,-0.828287,-0.368968,-0.225797,0.507316,0.747283
0.356198,-0.134992,0.030885,0.927398,-0.48168,-0.037137,-0.274203,-0.828286,-0.368972,-0.225796,0.507367,0.747246
0.356169,-0.135001,0.030967,0.927405,-0.481671,-0.037129,-0.274196,-0.828295,-0.368989,-0.225751,0.507368,0.74725
0.35618,-0.135002,0.031,0.927399,-0.481663,-0.037095,-0.274263,-0.828279,-0.369028,-0.225696,0.507358,0.747253
0.356207,-0.135006,0.030981,0.927389,-0.481645,-0.037084,-0.274364,-0.828257,-0.369024,-0.225692,0.507375,0.747244
0.356209,-0.134995,0.031047,0.927387,-0.481645,-0.037106,-0.274419,-0.828238,-0.36906,-0.225681,0.507398,0.747214
0.356211,-0.134964,0.031102,0.927388,-0.481634,-0.037149,-0.274458,-0.828227,-0.369126,-0.225662,0.507402,0.747183
0.35618,-0.134965,0.031138,0.927398,-0.481615,-0.037222,-0.274524,-0.82821,-0.369152,-0.225604,0.507438,0.747162
0.356187,-0.134938,0.03128,0.927393,-0.481591,-0.037278,-0.2746,-0.828195,-0.369186,-0.2255,0.507496,0.747136
0.356181,-0.13488,0.031414,0.927396,-0.48159,-0.037271,-0.274622,-0.828188,-0.369206,-0.225438,0.507523,0.747125
0.356183,-0.134852,0.03146,0.927398,-0.481598,-0.037273,-0.274599,-0.828191,-0.369297,-0.225381,0.50754,0.747084
0.356177,-0.134812,0.031504,0.927402,-0.481588,-0.037264,-0.274601,-0.828196,-0.36937,-0.225331,0.507538,0.747063
0.356213,-0.134757,0.03155,0.927394,-0.481621,-0.037248,-0.274635,-0.828168,-0.369399,-0.225287,0.507548,0.747055
0.356282,-0.134728,0.031703,0.927364,-0.481619,-0.037249,-0.274712,-0.828143,-0.369419,-0.225268,0.507568,0.747036
0.356306,-0.134734,0.031749,0.927352,-0.48162,-0.0373,-0.274759,-0.828122,-0.369413,-0.225237,0.507629,0.747007
0.356349,-0.134693,0.031834,0.927338,-0.481578,-0.037299,-0.27486,-0.828112,-0.369398,-0.225128,0.507675,0.747013
0.356401,-0.134621,0.0319,0.927324,-0.481571,-0.0373,-0.274871,-0.828112,-0.369409,-0.225079,0.507739,0.746979
0.356439,-0.134648,0.03198,0.927303,-0.48157,-0.037288,-0.274935,-0.828092,-0.369424,-0.225027,0.507746,0.74698
0.35648,-0.134658,0.032072,0.927282,-0.481556,-0.037333,-0.275013,-0.828071,-0.369426,-0.224973,0.507828,0.74694
0.356465,-0.134656,0.032126,0.927285,-0.481571,-0.037352,-0.275091,-0.828035,-0.369455,-0.224898,0.507855,0.746927
0.356509,-0.134633,0.032152,0.92727,-0.481613,-0.037341,-0.275056,-0.828023,-0.369454,-0.224859,0.507933,0.746885
0.356535,-0.13465,0.032238,0.927254,-0.481625,-0.037406,-0.275153,-0.827979,-0.369456,-0.224796,0.507938,0.746899
0.356572,-0.134618,0.032376,0.927239,-0.481617,-0.037445,-0.275208,-0.827962,-0.369455,-0.22472,0.50796,0.746906
0.356604,-0.134572,0.032512,0.927227,-0.481653,-0.037477,-0.275246,-0.827926,-0.369483,-0.224679,0.507968,0.746899
0.356637,-0.134532,0.032588,0.927215,-0.481663,-0.037474,-0.275286,-0.827905,-0.369452,-0.224659,0.508007,0.746893
0.35667,-0.134543,0.032605,0.927201,-0.481705,-0.037483,-0.275264,-0.827889,-0.369436,-0.224612,0.508059,0.746878
0.356709,-0.134549,0.032652,0.927183,-0.481733,-0.037484,-0.275267,-0.827872,-0.369437,-0.22458,0.508109,0.746853
0.356752,-0.134538,0.032693,0.927166,-0.481766,-0.037514,-0.275256,-0.827853,-0.369433,-0.224616,0.508148,0.746818
0.356748,-0.134605,0.032699,0.92716,-0.481778,-0.037492,-0.275299,-0.827833,-0.369469,-0.224566,0.508209,0.746773
0.356746,-0.134621,0.03276,0.927156,-0.481791,-0.037529,-0.275366,-0.827801,-0.369494,-0.224545,0.508232,0.74675
0.356753,-0.134676,0.032745,0.927147,-0.481822,-0.037491,-0.275436,-0.827763,-0.369516,-0.224553,0.508269,0.746711
0.356782,-0.134678,0.032809,0.927134,-0.481864,-0.03744,-0.275544,-0.827705,-0.369525,-0.224542,0.5083,0.746689
0.356812,-0.134731,0.032869,0.927114,-0.481866,-0.03742,-0.275625,-0.827678,-0.36949,-0.224485,0.508415,0.746643
0.356826,-0.134763,0.032911,0.927102,-0.481884,-0.037391,-0.275772,-0.82762,-0.369501,-0.224451,0.50847,0.74661
0.356839,-0.134795,0.032991,0.927091,-0.481901,-0.037366,-0.275863,-0.827582,-0.369512,-0.224436,0.508496,0.74659
0.356846,-0.134841,0.033099,0.927078,-0.481887,-0.037289,-0.275974,-0.827557,-0.369555,-0.224411,0.508527,0.746555
0.356865,-0.134847,0.033179,0.927067,-0.481927,-0.037183,-0.276074,-0.827509,-0.369543,-0.224468,0.508585,0.746505
0.35689,-0.13486,0.033265,0.927052,-0.481952,-0.037124,-0.276137,-0.827478,-0.369553,-0.224492,0.508651,0.746449
0.356906,-0.134891,0.03335,0.927039,-0.481966,-0.037061,-0.276201,-0.827452,-0.369572,-0.224484,0.508736,0.746383
0.35687,-0.134922,0.033439,0.927045,-0.481992,-0.036995,-0.276314,-0.827404,-0.369606,-0.224459,0.508822,0.746314
0.356927,-0.134948,0.033543,0.927016,-0.482002,-0.037002,-0.276458,-0.827349,-0.369656,-0.2244,0.508932,0.74623
0.356999,-0.134942,0.033683,0.926983,-0.48203,-0.037006,-0.276674,-0.827259,-0.3697,-0.224377,0.509039,0.746141
0.356983,-0.134931,0.033824,0.926984,-0.481991,-0.037074,-0.276953,-0.827181,-0.369825,-0.224263,0.509112,0.74606
0.356941,-0.134901,0.034004,0.926996,-0.481904,-0.037098,-0.277209,-0.827144,-0.369936,-0.224171,0.509136,0.746014
0.356901,-0.134828,0.034233,0.927011,-0.481828,-0.037092,-0.277353,-0.827139,-0.370014,-0.22408,0.509171,0.745978
0.356849,-0.134756,0.034458,0.92703,-0.481781,-0.037076,-0.277455,-0.827134,-0.370072,-0.224004,0.509252,0.745915
0.356788,-0.134738,0.034598,0.927049,-0.481736,-0.037075,-0.27747,-0.827154,-0.37013,-0.223926,0.509299,0.745875
0.356704,-0.134686,0.034715,0.927083,-0.481653,-0.037099,-0.27748,-0.827197,-0.370194,-0.223807,0.509335,0.745853
0.356647,-0.13465,0.034776,0.927106,-0.481557,-0.037112,-0.27752,-0.827239,-0.370253,-0.22375,0.509381,0.745807
0.356576,-0.134643,0.034821,0.927133,-0.481472,-0.037157,-0.277589,-0.827262,-0.370267,-0.223734,0.509417,0.74578
0.356496,-0.134595,0.034854,0.927167,-0.481373,-0.037196,-0.277706,-0.827276,-0.370292,-0.223678,0.509496,0.74573
0.356478,-0.13453,0.034949,0.927177,-0.481287,-0.037208,-0.277753,-0.827309,-0.370334,-0.223576,0.509546,0.745703
0.356441,-0.134478,0.034987,0.927196,-0.481215,-0.037205,-0.277823,-0.827327,-0.370393,-0.223516,0.509573,0.745672
0.356369,-0.134425,0.035064,0.927226,-0.481159,-0.037188,-0.277854,-0.827351,-0.370392,-0.2235,0.509615,0.745648
0.356354,-0.134435,0.035112,0.927229,-0.481095,-0.037202,-0.277875,-0.82738,-0.370443,-0.223522,0.509645,0.745595
0.356337,-0.134448,0.035127,0.927233,-0.481029,-0.037239,-0.277952,-0.827389,-0.370456,-0.223508,0.50966,0.745582
0.35632,-0.134435,0.035147,0.92724,-0.481048,-0.037196,-0.278023,-0.827357,-0.370485,-0.223526,0.509748,0.745503
0.35628,-0.134414,0.035174,0.927257,-0.481062,-0.03717,-0.278082,-0.82733,-0.37049,-0.223518,0.509795,0.745469
0.356263,-0.134459,0.035224,0.927256,-0.481048,-0.037161,-0.278147,-0.827317,-0.370475,-0.22354,0.509789,0.745475
0.356246,-0.134466,0.035315,0.927258,-0.48106,-0.037169,-0.278135,-0.827314,-0.370436,-0.223597,0.509811,0.745463
0.356236,-0.134487,0.035317,0.92726,-0.481119,-0.037112,-0.278126,-0.827287,-0.370407,-0.223674,0.509863,0.745419
0.356239,-0.134541,0.035293,0.927253,-0.481139,-0.037116,-0.278126,-0.827275,-0.370362,-0.22379,0.509884,0.745395
0.356235,-0.134644,0.035259,0.927244,-0.481164,-0.037051,-0.278085,-0.82728,-0.37034,-0.223887,0.509909,0.745362
0.356274,-0.134724,0.035196,0.927222,-0.48118,-0.037,-0.277997,-0.827305,-0.370293,-0.223991,0.509898,0.745362
0.35628,-0.134802,0.035116,0.927214,-0.481237,-0.036921,-0.277971,-0.827286,-0.370257,-0.224134,0.509889,0.745346
0.356314,-0.134869,0.035099,0.927194,-0.481264,-0.036846,-0.277969,-0.827277,-0.370233,-0.224208,0.509868,0.745352
0.356328,-0.134974,0.035001,0.927181,-0.48124,-0.036752,-0.277956,-0.827302,-0.37023,-0.224292,0.509811,0.745369
0.356288,-0.135055,0.034909,0.92719,-0.481268,-0.036619,-0.277937,-0.827303,-0.370241,-0.224388,0.509772,0.745363
0.356296,-0.135143,0.034837,0.927181,-0.481272,-0.036511,-0.277912,-0.827316,-0.370238,-0.224456,0.50973,0.745373
0.356237,-0.135254,0.034784,0.927192,-0.481246,-0.036382,-0.277896,-0.827347,-0.370244,-0.224553,0.509696,0.745366
0.356185,-0.135359,0.034752,0.927202,-0.481208,-0.036307,-0.277884,-0.827378,-0.370262,-0.224631,0.509699,0.745333
0.356101,-0.135493,0.034627,0.927223,-0.481177,-0.036243,-0.277906,-0.827395,-0.370302,-0.224681,0.50969,0.745304
0.356079,-0.135576,0.034626,0.927222,-0.481162,-0.036174,-0.277969,-0.827387,-0.370283,-0.224766,0.509686,0.745291
0.356034,-0.135565,0.034658,0.927239,-0.481184,-0.036141,-0.27796,-0.827379,-0.370339,-0.224833,0.509705,0.745232
0.355984,-0.135605,0.034709,0.927251,-0.481203,-0.036055,-0.277913,-0.827391,-0.370341,-0.224901,0.509729,0.745195
0.355896,-0.135689,0.034654,0.927277,-0.481219,-0.03597,-0.277855,-0.827408,-0.370323,-0.224979,0.50974,0.745174
0.35588,-0.135785,0.034526,0.927278,-0.481213,-0.035877,-0.277847,-0.827421,-0.370355,-0.22507,0.509739,0.745133
0.355848,-0.135798,0.034527,0.927288,-0.481227,-0.035835,-0.277756,-0.827447,-0.370311,-0.225141,0.509751,0.745126
0.355829,-0.135814,0.034482,0.927296,-0.481215,-0.03581,-0.27773,-0.827464,-0.37032,-0.225167,0.509781,0.745094
0.355797,-0.135866,0.034488,0.927302,-0.481177,-0.035797,-0.277711,-0.827494,-0.370358,-0.225197,0.509801,0.745052
0.355776,-0.135928,0.034436,0.927305,-0.481139,-0.035816,-0.277733,-0.827508,-0.370383,-0.2252,0.509824,0.745022
0.355774,-0.135968,0.034381,0.927303,-0.48108,-0.035811,-0.277732,-0.827542,-0.370368,-0.225235,0.509898,0.74497
0.355748,-0.135954,0.034409,0.927314,-0.48104,-0.035788,-0.277704,-0.827578,-0.370407,-0.225217,0.509881,0.744968
0.35568,-0.135941,0.034393,0.927342,-0.480977,-0.035783,-0.277768,-0.827592,-0.370501,-0.22521,0.509895,0.744912
0.355673,-0.135874,0.034433,0.927351,-0.480939,-0.035747,-0.277883,-0.827577,-0.370555,-0.225181,0.50994,0.744862
0.355659,-0.135863,0.03447,0.927356,-0.480863,-0.035816,-0.278003,-0.827575,-0.370654,-0.225148,0.509941,0.744821
0.355608,-0.135851,0.034559,0.927372,-0.480825,-0.035833,-0.27812,-0.827557,-0.370692,-0.225149,0.509952,0.744794
0.35557,-0.135798,0.034687,0.927388,-0.480807,-0.035816,-0.278146,-0.82756,-0.37076,-0.225114,0.509979,0.744751
0.355553,-0.135742,0.034709,0.9274,-0.480768,-0.035827,-0.278198,-0.827563,-0.370768,-0.225107,0.510038,0.744708
0.355522,-0.135748,0.034774,0.927409,-0.480691,-0.035823,-0.27828,-0.82758,-0.370839,-0.225109,0.510032,0.744676
0.355511,-0.13572,0.034881,0.927411,-0.480611,-0.035839,-0.278348,-0.827603,-0.370873,-0.225057,0.510089,0.744637
0.355509,-0.135708,0.034908,0.927413,-0.480597,-0.035938,-0.278372,-0.827596,-0.370922,-0.224947,0.510116,0.744624
0.35551,-0.135683,0.034976,0.927413,-0.480582,-0.035966,-0.27842,-0.827585,-0.370965,-0.224873,0.510112,0.744626
0.355508,-0.135625,0.034969,0.92742,-0.480591,-0.036057,-0.27852,-0.827539,-0.370958,-0.224784,0.510129,0.744643
0.355555,-0.135559,0.035056,0.927406,-0.480595,-0.036104,-0.27858,-0.827513,-0.371012,-0.224714,0.51017,0.744609
0.355549,-0.135491,0.035122,0.927413,-0.480593,-0.036117,-0.278586,-0.827511,-0.371061,-0.224623,0.510177,0.744604
0.355557,-0.135418,0.035157,0.927418,-0.480631,-0.036135,-0.278628,-0.827473,-0.371082,-0.224557,0.510204,0.744594
0.355535,-0.135409,0.035185,0.927426,-0.480676,-0.036157,-0.278605,-0.827454,-0.371095,-0.224493,0.510248,0.744576
0.355585,-0.135387,0.035206,0.927409,-0.480726,-0.036145,-0.278603,-0.827426,-0.371074,-0.224428,0.510268,0.744592
0.355592,-0.135369,0.035258,0.927405,-0.48074,-0.036127,-0.278594,-0.827421,-0.371029,-0.224385,0.510279,0.744618
0.355644,-0.135354,0.035301,0.927386,-0.480746,-0.036168,-0.278584,-0.82742,-0.371027,-0.224368,0.510294,0.744614
0.355707,-0.135357,0.035288,0.927362,-0.480797,-0.036145,-0.278627,-0.827376,-0.371025,-0.224357,0.51026,0.744641
0.355707,-0.135384,0.035326,0.927356,-0.480832,-0.036122,-0.27863,-0.827356,-0.371016,-0.22433,0.510275,0.744643
0.355752,-0.13539,0.035319,0.927339,-0.480865,-0.036126,-0.278658,-0.827329,-0.370969,-0.224338,0.510287,0.744656
0.355775,-0.135373,0.035327,0.927332,-0.480913,-0.036116,-0.278692,-0.827289,-0.370925,-0.224352,0.510263,0.744691
0.355813,-0.135377,0.035388,0.927315,-0.480932,-0.036087,-0.278708,-0.827275,-0.370849,-0.224409,0.5103,0.744688
0.355875,-0.135429,0.035468,0.927281,-0.480983,-0.035972,-0.278661,-0.827269,-0.370792,-0.224498,0.510352,0.744656
0.355908,-0.13547,0.035498,0.927262,-0.481014,-0.035868,-0.278593,-0.827282,-0.37068,-0.224534,0.510414,0.744658
0.355948,-0.135523,0.035509,0.92724,-0.481035,-0.035793,-0.27864,-0.827259,-0.370591,-0.224612,0.510495,0.744623
0.355981,-0.135657,0.035463,0.927214,-0.481106,-0.035732,-0.278634,-0.827225,-0.370536,-0.22467,0.510509,0.744626
0.356027,-0.135733,0.035433,0.927188,-0.481187,-0.035651,-0.27865,-0.827178,-0.370449,-0.224716,0.510545,0.74463
0.356062,-0.135841,0.035435,0.927162,-0.48127,-0.035571,-0.278711,-0.827116,-0.37037,-0.224734,0.510623,0.744611
0.356137,-0.13592,0.035549,0.92712,-0.48135,-0.035486,-0.278789,-0.827049,-0.370304,-0.224804,0.510657,0.744601
0.356174,-0.135955,0.035609,0.927098,-0.48138,-0.035439,-0.278868,-0.827007,-0.370206,-0.224866,0.510736,0.744577
0.356213,-0.136024,0.035633,0.927074,-0.481414,-0.035409,-0.278848,-0.826997,-0.370105,-0.224904,0.510807,0.744568
0.356234,-0.13609,0.035612,0.92706,-0.481472,-0.035339,-0.278833,-0.826974,-0.370036,-0.224956,0.510821,0.744579
0.356267,-0.1362,0.035581,0.927035,-0.481564,-0.035291,-0.278727,-0.826959,-0.369971,-0.224992,0.510881,0.744559
0.356303,-0.136257,0.035575,0.927014,-0.481651,-0.03525,-0.278689,-0.826925,-0.369893,-0.225026,0.510936,0.74455
0.3564,-0.136313,0.035601,0.926969,-0.481744,-0.035245,-0.278719,-0.826861,-0.369881,-0.225003,0.511,0.744518
0.356465,-0.136357,0.035631,0.926938,-0.481722,-0.035345,-0.278847,-0.826823,-0.36989,-0.224938,0.511029,0.744512
0.356506,-0.136386,0.035687,0.926916,-0.481684,-0.035402,-0.279037,-0.826776,-0.369916,-0.224823,0.511043,0.744523
0.356495,-0.136347,0.035775,0.926921,-0.481646,-0.035488,-0.279169,-0.826747,-0.369945,-0.224733,0.511051,0.744529
0.35646,-0.136279,0.035927,0.926937,-0.481591,-0.035585,-0.279179,-0.826767,-0.370008,-0.224652,0.510972,0.744575
0.356423,-0.136185,0.036022,0.926957,-0.481516,-0.035636,-0.279164,-0.826813,-0.370022,-0.224538,0.510977,0.744597
0.356378,-0.136075,0.036122,0.926983,-0.481466,-0.03566,-0.279096,-0.826863,-0.370031,-0.224527,0.510936,0.744625
0.356377,-0.135994,0.036123,0.926994,-0.481395,-0.03571,-0.279011,-0.82693,-0.37006,-0.224522,0.510859,0.744664
0.356344,-0.135917,0.036055,0.927018,-0.481322,-0.035736,-0.27894,-0.826994,-0.370106,-0.224485,0.510794,0.744697
0.356343,-0.135921,0.035913,0.927024,-0.481274,-0.035761,-0.278812,-0.827065,-0.370109,-0.224503,0.510739,0.744729
0.35634,-0.135987,0.035765,0.927024,-0.481227,-0.035805,-0.278722,-0.82712,-0.370087,-0.224514,0.510686,0.744772
0.356359,-0.136034,0.035715,0.927013,-0.481236,-0.035763,-0.278639,-0.827146,-0.370073,-0.224513,0.510633,0.744817
0.356355,-0.136016,0.03571,0.927017,-0.48122,-0.035699,-0.278608,-0.827171,-0.370035,-0.224527,0.510611,0.744847
0.356342,-0.136008,0.03568,0.927024,-0.481236,-0.035661,-0.278653,-0.827149,-0.370066,-0.224599,0.510615,0.744808
0.356302,-0.136036,0.035627,0.927039,-0.481271,-0.035649,-0.278725,-0.827105,-0.370055,-0.22467,0.510636,0.744779
0.356275,-0.136034,0.035632,0.927049,-0.481301,-0.03556,-0.278797,-0.827069,-0.370045,-0.224743,0.510609,0.744781
0.35628,-0.136081,0.035636,0.927041,-0.481317,-0.035541,-0.278858,-0.82704,-0.370053,-0.224812,0.51055,0.744798
0.356265,-0.136073,0.035663,0.927047,-0.481313,-0.035476,-0.278807,-0.827065,-0.370077,-0.224884,0.510536,0.744776
0.3563,-0.136131,0.035685,0.927026,-0.48129,-0.035393,-0.278774,-0.827096,-0.370022,-0.225026,0.51052,0.744773
0.35631,-0.136201,0.035642,0.927016,-0.481289,-0.03531,-0.27862,-0.827155,-0.370023,-0.225147,0.510505,0.744749
0.356304,-0.136271,0.035559,0.927012,-0.481272,-0.035252,-0.278486,-0.827215,-0.370018,-0.225264,0.510466,0.744744
0.356295,-0.13631,0.035465,0.927016,-0.481224,-0.035196,-0.278379,-0.827284,-0.370021,-0.225359,0.510429,0.744741
0.356288,-0.136361,0.03537,0.927018,-0.481263,-0.035176,-0.278311,-0.827286,-0.369976,-0.225483,0.510328,0.744798
0.356291,-0.13638,0.035282,0.927017,-0.481294,-0.035161,-0.278147,-0.827325,-0.369924,-0.22556,0.51029,0.744827
0.356296,-0.136302,0.035156,0.92703,-0.481321,-0.035173,-0.277982,-0.827364,-0.369899,-0.225643,0.510262,0.744837
0.356277,-0.136268,0.0351,0.927044,-0.481331,-0.035161,-0.277856,-0.827403,-0.369881,-0.225751,0.510189,0.744865
0.356282,-0.136259,0.03496,0.92705,-0.48137,-0.035113,-0.277682,-0.827442,-0.369848,-0.225889,0.51007,0.744923
0.356272,-0.136288,0.034757,0.927058,-0.481381,-0.035115,-0.277516,-0.827492,-0.36981,-0.225979,0.509963,0.744991
0.356232,-0.136287,0.03458,0.927081,-0.48135,-0.035172,-0.277427,-0.827536,-0.369814,-0.226032,0.509839,0.745059
0.356234,-0.13633,0.034416,0.927083,-0.481317,-0.035181,-0.27733,-0.827588,-0.369783,-0.226099,0.509717,0.745139
0.356259,-0.136319,0.034319,0.927078,-0.481283,-0.0352,-0.277196,-0.827652,-0.369761,-0.226182,0.509616,0.745195
0.356301,-0.136294,0.034264,0.927068,-0.481277,-0.035183,-0.277152,-0.827671,-0.369765,-0.226221,0.509547,0.745229
0.356283,-0.136288,0.034262,0.927076,-0.48122,-0.035159,-0.277088,-0.827728,-0.369768,-0.226193,0.509509,0.745263
0.35624,-0.136258,0.034181,0.927099,-0.481218,-0.035146,-0.277048,-0.827743,-0.369803,-0.226266,0.509448,0.745267
0.356294,-0.136215,0.034102,0.927086,-0.481192,-0.0351,-0.276984,-0.827784,-0.369823,-0.226322,0.509371,0.745293
0.356307,-0.1362,0.034041,0.927086,-0.481192,-0.035103,-0.276919,-0.827806,-0.369831,-0.226361,0.509318,0.745315
0.356324,-0.136203,0.034024,0.92708,-0.481199,-0.035111,-0.276897,-0.827808,-0.369856,-0.2264,0.509262,0.745329
0.356286,-0.136256,0.033977,0.92709,-0.481218,-0.035136,-0.276884,-0.8278,-0.369837,-0.226418,0.509248,0.745344
0.356297,-0.136247,0.033914,0.927089,-0.481209,-0.035125,-0.276902,-0.8278,-0.369845,-0.226478,0.509239,0.745328
0.356297,-0.136261,0.033893,0.927089,-0.481209,-0.035122,-0.276938,-0.827788,-0.369856,-0.226466,0.509226,0.745335
0.3563,-0.136301,0.033828,0.927086,-0.48118,-0.035128,-0.276929,-0.827808,-0.369879,-0.226517,0.509223,0.745312
0.356292,-0.136377,0.033779,0.927082,-0.481152,-0.035144,-0.276934,-0.827822,-0.369834,-0.226564,0.509193,0.745341
0.356299,-0.136381,0.03376,0.927079,-0.48116,-0.035136,-0.276957,-0.827809,-0.369886,-0.226571,0.50919,0.745316
0.35628,-0.136434,0.033723,0.927082,-0.481201,-0.035156,-0.276923,-0.827795,-0.369887,-0.226571,0.509243,0.745278
0.356282,-0.136438,0.033711,0.927081,-0.481215,-0.035157,-0.276831,-0.827819,-0.36988,-0.226578,0.509233,0.745287
0.356274,-0.136439,0.033713,0.927084,-0.481214,-0.035152,-0.276803,-0.827829,-0.369839,-0.226567,0.509235,0.745308
0.356315,-0.136425,0.033713,0.92707,-0.481234,-0.035202,-0.276808,-0.827811,-0.369833,-0.226546,0.509232,0.74532
0.356351,-0.136425,0.033743,0.927055,-0.481222,-0.035267,-0.276893,-0.827785,-0.369842,-0.226496,0.509242,0.745322
0.356376,-0.136393,0.033766,0.927048,-0.481215,-0.035324,-0.27695,-0.827766,-0.369845,-0.226487,0.509249,0.745319
0.356387,-0.13635,0.033868,0.927044,-0.48119,-0.035378,-0.277071,-0.827736,-0.369847,-0.226445,0.509255,0.745326
0.356406,-0.136302,0.033874,0.927043,-0.481181,-0.035374,-0.277159,-0.827711,-0.369852,-0.226393,0.509237,0.745351
0.356452,-0.136292,0.033916,0.927025,-0.481185,-0.035386,-0.277156,-0.827709,-0.369835,-0.226289,0.509235,0.74539
0.356526,-0.136267,0.033873,0.927001,-0.481192,-0.035416,-0.277133,-0.82771,-0.369795,-0.22624,0.509239,0.745422
0.356581,-0.136228,0.033883,0.926985,-0.481199,-0.035456,-0.277074,-0.827724,-0.369802,-0.226176,0.509199,0.745464
0.356655,-0.136226,0.03381,0.926959,-0.481196,-0.035508,-0.277051,-0.827728,-0.369796,-0.226172,0.509217,0.745456
0.356709,-0.136244,0.033768,0.926938,-0.481216,-0.035539,-0.277036,-0.82772,-0.369769,-0.22614,0.509255,0.745453
0.35674,-0.136301,0.033686,0.926922,-0.481289,-0.035593,-0.277024,-0.827677,-0.369773,-0.226116,0.509228,0.745477
0.356793,-0.136358,0.033673,0.926896,-0.481322,-0.035637,-0.277002,-0.827663,-0.369758,-0.226122,0.509169,0.745523
0.356832,-0.136291,0.033727,0.926887,-0.481346,-0.035708,-0.277032,-0.827633,-0.369723,-0.226106,0.509165,0.745547
0.35691,-0.136233,0.033715,0.926864,-0.481422,-0.035733,-0.277021,-0.827591,-0.369678,-0.226059,0.509202,0.745558
0.356908,-0.136176,0.033747,0.92687,-0.481461,-0.035792,-0.276991,-0.827574,-0.369637,-0.226029,0.509159,0.745617
0.356946,-0.136162,0.033755,0.926857,-0.481512,-0.035837,-0.276943,-0.827558,-0.3696,-0.225985,0.509158,0.745648
0.357039,-0.136142,0.033756,0.926824,-0.481561,-0.035854,-0.276926,-0.827533,-0.369586,-0.225947,0.509151,0.745671
0.357071,-0.136134,0.033759,0.926812,-0.481588,-0.035792,-0.276933,-0.82752,-0.369537,-0.225938,0.509128,0.745715
0.357161,-0.136172,0.033673,0.926777,-0.481629,-0.0358,-0.276921,-0.8275,-0.369519,-0.225979,0.509163,0.745687
0.357261,-0.136215,0.033628,0.926735,-0.481658,-0.035819,-0.276878,-0.827496,-0.369495,-0.225957,0.509126,0.745731
0.35734,-0.13623,0.033542,0.926706,-0.481678,-0.035827,-0.276874,-0.827485,-0.369469,-0.225979,0.509072,0.745775
0.357365,-0.136232,0.033555,0.926696,-0.481673,-0.035822,-0.276826,-0.827505,-0.369404,-0.225992,0.509049,0.74582
0.357458,-0.136268,0.033515,0.926658,-0.48172,-0.035832,-0.276804,-0.827484,-0.369363,-0.225986,0.508961,0.745902
0.357524,-0.13628,0.033554,0.926629,-0.48178,-0.035786,-0.276796,-0.827455,-0.369314,-0.226011,0.508936,0.745937
0.357613,-0.136261,0.033573,0.926596,-0.481814,-0.035768,-0.276817,-0.827429,-0.369262,-0.226028,0.508924,0.745966
0.357653,-0.136238,0.033603,0.926582,-0.481867,-0.035791,-0.276872,-0.827378,-0.369194,-0.226061,0.508934,0.745983
0.357709,-0.136239,0.033592,0.926561,-0.481913,-0.035774,-0.276899,-0.827343,-0.369149,-0.226055,0.508967,0.745985
0.357774,-0.136275,0.033598,0.926531,-0.481915,-0.035756,-0.276882,-0.82735,-0.369118,-0.226039,0.508969,0.746005
0.357782,-0.136328,0.033623,0.926521,-0.481979,-0.035717,-0.276909,-0.827306,-0.369095,-0.226039,0.508991,0.746
0.357824,-0.136434,0.03356,0.926494,-0.482048,-0.035684,-0.276878,-0.827279,-0.369038,-0.226049,0.508992,0.746025
0.357876,-0.136508,0.033594,0.926465,-0.482096,-0.035626,-0.276946,-0.827231,-0.369006,-0.226043,0.509068,0.74599
0.357928,-0.136543,0.033578,0.926442,-0.48214,-0.035644,-0.277055,-0.827169,-0.369059,-0.225986,0.509112,0.74595
0.357976,-0.136614,0.033563,0.926415,-0.482077,-0.035649,-0.277171,-0.827165,-0.369079,-0.225938,0.509104,0.745959
0.357998,-0.136653,0.033591,0.926401,-0.482043,-0.035664,-0.277265,-0.827152,-0.369129,-0.225833,0.509131,0.745946
0.357988,-0.136637,0.033692,0.926403,-0.482011,-0.035734,-0.277325,-0.827145,-0.369195,-0.22578,0.509113,0.745941
0.357989,-0.136618,0.033786,0.926401,-0.481942,-0.035815,-0.277325,-0.827178,-0.369183,-0.225719,0.509095,0.745976
0.35796,-0.136547,0.033867,0.926416,-0.481952,-0.035835,-0.277283,-0.827185,-0.369187,-0.225673,0.509092,0.74599
0.357917,-0.136493,0.033974,0.926435,-0.481942,-0.035883,-0.277247,-0.8272,-0.369202,-0.225629,0.509072,0.746009
0.357904,-0.136515,0.033977,0.926437,-0.48194,-0.035964,-0.277197,-0.827213,-0.369227,-0.225625,0.509017,0.746035
0.357849,-0.136533,0.033905,0.92646,-0.48195,-0.036014,-0.277163,-0.827215,-0.369237,-0.225591,0.508962,0.746077
0.357881,-0.136524,0.03375,0.926455,-0.481947,-0.036025,-0.277064,-0.827249,-0.369205,-0.225617,0.508977,0.746076
0.357907,-0.136539,0.033718,0.926444,-0.481949,-0.036019,-0.277017,-0.827265,-0.369205,-0.225611,0.509001,0.746061
0.357918,-0.136571,0.033701,0.926437,-0.481986,-0.035997,-0.276985,-0.827255,-0.369128,-0.225655,0.508995,0.746091
0.357908,-0.136645,0.033669,0.926434,-0.482015,-0.035991,-0.277033,-0.827223,-0.369136,-0.22561,0.508971,0.746117
0.357925,-0.13668,0.033631,0.926424,-0.482026,-0.035961,-0.27711,-0.827192,-0.369145,-0.225625,0.508988,0.746096
0.357926,-0.136668,0.033647,0.926424,-0.482045,-0.035943,-0.277256,-0.827133,-0.369198,-0.225632,0.508991,0.746066
0.357881,-0.136683,0.033698,0.926437,-0.482005,-0.035944,-0.277356,-0.827121,-0.369249,-0.225676,0.508991,0.746028
0.357813,-0.136715,0.033756,0.926457,-0.48196,-0.035935,-0.277353,-0.82715,-0.369271,-0.225711,0.508951,0.746034
0.357822,-0.136745,0.033813,0.926448,-0.481927,-0.035851,-0.277361,-0.827173,-0.369271,-0.22582,0.50896,0.745996
0.357812,-0.136792,0.033788,0.926447,-0.481901,-0.035816,-0.277297,-0.827212,-0.369294,-0.225945,0.508982,0.745934
0.35779,-0.136871,0.033699,0.926451,-0.48186,-0.035802,-0.277284,-0.827242,-0.369313,-0.226021,0.508994,0.745895
0.357774,-0.136862,0.033712,0.926457,-0.481837,-0.035767,-0.277298,-0.827253,-0.369368,-0.226074,0.50897,0.745869
0.357744,-0.136869,0.033655,0.92647,-0.481832,-0.035761,-0.277304,-0.827254,-0.369427,-0.226154,0.50893,0.745843
0.357709,-0.13685,0.033631,0.926487,-0.481867,-0.035746,-0.277265,-0.827247,-0.369461,-0.226217,0.508886,0.745838
0.357669,-0.136834,0.033632,0.926504,-0.481886,-0.03571,-0.277166,-0.827274,-0.369493,-0.226319,0.508848,0.745819
0.357665,-0.136832,0.033555,0.92651,-0.481876,-0.035698,-0.277061,-0.827315,-0.369492,-0.226387,0.508819,0.74582
0.357628,-0.136857,0.033538,0.926521,-0.481857,-0.035669,-0.276989,-0.827353,-0.369515,-0.226487,0.508809,0.745787
0.357569,-0.136916,0.033489,0.926539,-0.481848,-0.03561,-0.276993,-0.827362,-0.369503,-0.226573,0.508807,0.74577
0.357526,-0.13698,0.033422,0.92655,-0.481829,-0.035574,-0.276996,-0.827375,-0.369538,-0.226653,0.508799,0.745735
0.35746,-0.136988,0.033385,0.926576,-0.481731,-0.03552,-0.277027,-0.827425,-0.369588,-0.22671,0.508732,0.745738
0.357372,-0.137031,0.033434,0.926603,-0.481658,-0.035459,-0.277007,-0.827478,-0.369618,-0.226752,0.508695,0.745737
0.357298,-0.137061,0.033505,0.926626,-0.481643,-0.03541,-0.277024,-0.827486,-0.369652,-0.22681,0.50867,0.745721
0.35722,-0.137056,0.03352,0.926655,-0.481561,-0.035333,-0.277039,-0.827534,-0.369696,-0.226879,0.508637,0.745702
0.357162,-0.137107,0.033479,0.926674,-0.481521,-0.035254,-0.277032,-0.827565,-0.369767,-0.226893,0.508637,0.745662
0.357097,-0.137106,0.033499,0.926698,-0.481443,-0.035171,-0.277122,-0.827585,-0.369817,-0.226962,0.508622,0.745628
0.357002,-0.137189,0.033463,0.926726,-0.481391,-0.035155,-0.27719,-0.827595,-0.369868,-0.22704,0.508647,0.745563
0.356895,-0.137211,0.033477,0.926764,-0.481335,-0.035149,-0.27727,-0.827601,-0.369933,-0.227096,0.508673,0.745496
0.356809,-0.137237,0.033486,0.926793,-0.481277,-0.035105,-0.277281,-0.827634,-0.369991,-0.227132,0.508724,0.745421
0.356748,-0.137232,0.033552,0.926814,-0.481244,-0.035083,-0.277277,-0.827656,-0.370052,-0.22715,0.508761,0.745359
0.356682,-0.137278,0.033551,0.926834,-0.48123,-0.035006,-0.27723,-0.827686,-0.370093,-0.227184,0.508803,0.745301
0.356615,-0.137328,0.03353,0.926855,-0.48119,-0.034981,-0.277275,-0.827696,-0.370141,-0.227198,0.50883,0.745255
0.356571,-0.137288,0.033557,0.926875,-0.481144,-0.034933,-0.277304,-0.827716,-0.370177,-0.227172,0.508822,0.745249
0.356505,-0.137265,0.03362,0.926901,-0.48113,-0.034925,-0.277321,-0.827718,-0.370212,-0.227181,0.508836,0.745219
0.35646,-0.137193,0.033705,0.926924,-0.4811,-0.034879,-0.277355,-0.827728,-0.370253,-0.227166,0.508844,0.745198
0.356431,-0.137134,0.033797,0.926937,-0.481081,-0.034931,-0.277375,-0.827728,-0.370291,-0.227139,0.508891,0.745154
0.356399,-0.137113,0.033835,0.926951,-0.48104,-0.034943,-0.277421,-0.827736,-0.370309,-0.227122,0.508935,0.74512
0.356394,-0.13708,0.033828,0.926957,-0.480974,-0.034923,-0.277479,-0.827756,-0.370374,-0.227043,0.508964,0.74509
0.356404,-0.136997,0.033847,0.926962,-0.480941,-0.03491,-0.277526,-0.82776,-0.370387,-0.227005,0.508988,0.745078
0.356418,-0.137013,0.033847,0.926955,-0.48092,-0.034909,-0.277586,-0.827752,-0.370371,-0.226974,0.509064,0.745043
0.356418,-0.136987,0.033941,0.926954,-0.480884,-0.034897,-0.277664,-0.827748,-0.370424,-0.226926,0.509129,0.744984
0.356404,-0.136972,0.034011,0.926959,-0.480892,-0.034895,-0.27776,-0.82771,-0.37046,-0.226851,0.509163,0.744966
0.356396,-0.136987,0.034069,0.926957,-0.480942,-0.034854,-0.277863,-0.827648,-0.370459,-0.226802,0.50921,0.744948
0.356405,-0.137016,0.034156,0.926946,-0.48096,-0.034852,-0.277956,-0.827607,-0.370502,-0.226743,0.50924,0.744922
0.356403,-0.137001,0.034255,0.926945,-0.48101,-0.034834,-0.278097,-0.827531,-0.370515,-0.226655,0.509281,0.744913
0.356443,-0.136999,0.034383,0.926924,-0.481069,-0.034836,-0.278171,-0.827472,-0.370514,-0.226613,0.509335,0.744889
0.356535,-0.136957,0.034525,0.926888,-0.48111,-0.034876,-0.278275,-0.827409,-0.370482,-0.226541,0.509456,0.744841
0.356639,-0.136968,0.03464,0.926842,-0.481183,-0.034877,-0.278336,-0.827345,-0.370452,-0.22643,0.509588,0.744797
0.356711,-0.136948,0.034743,0.926812,-0.481277,-0.034872,-0.278428,-0.82726,-0.370392,-0.226353,0.509674,0.74479
0.35681,-0.136936,0.034834,0.926772,-0.481383,-0.034932,-0.278515,-0.827163,-0.370356,-0.226245,0.509777,0.74477
0.356916,-0.13696,0.034888,0.926726,-0.481447,-0.034942,-0.278578,-0.827104,-0.370313,-0.226148,0.509871,0.744754
0.357011,-0.136941,0.035007,0.926686,-0.481492,-0.034972,-0.278579,-0.827077,-0.370277,-0.226052,0.50992,0.744764
0.35709,-0.136906,0.035152,0.926654,-0.481501,-0.035005,-0.278614,-0.827056,-0.370224,-0.225939,0.509991,0.744775
0.357205,-0.136901,0.035183,0.926609,-0.481564,-0.035053,-0.278629,-0.827011,-0.37015,-0.225853,0.510071,0.744782
0.357263,-0.13686,0.03531,0.926585,-0.481672,-0.035047,-0.278676,-0.826934,-0.370086,-0.22572,0.51015,0.744798
0.357345,-0.136837,0.035367,0.926555,-0.481742,-0.035133,-0.278757,-0.826858,-0.370025,-0.225595,0.510228,0.74481
0.357407,-0.136849,0.035392,0.926528,-0.481809,-0.035168,-0.278832,-0.826791,-0.369974,-0.225492,0.510243,0.744855
0.35754,-0.136804,0.035501,0.926477,-0.481882,-0.035202,-0.278896,-0.826723,-0.369933,-0.225433,0.510334,0.74483
0.357645,-0.136705,0.035655,0.926442,-0.481948,-0.035225,-0.278934,-0.826671,-0.369908,-0.22533,0.5104,0.744827
0.357714,-0.136695,0.035808,0.926409,-0.481977,-0.035225,-0.279058,-0.826611,-0.369874,-0.225219,0.510469,0.744826
0.35778,-0.136697,0.035837,0.926383,-0.482009,-0.035271,-0.279109,-0.826571,-0.369884,-0.225175,0.51052,0.7448
0.357819,-0.136727,0.035939,0.926359,-0.48205,-0.0353,-0.279193,-0.826517,-0.369876,-0.2251,0.510589,0.744778
0.35789,-0.136737,0.036058,0.926326,-0.482081,-0.035287,-0.279306,-0.826461,-0.369849,-0.225019,0.510646,0.744775
0.357928,-0.136762,0.036224,0.9263,-0.482135,-0.035336,-0.279455,-0.826375,-0.369861,-0.224908,0.510701,0.744762
0.358022,-0.136771,0.03639,0.926256,-0.48219,-0.0354,-0.279592,-0.826291,-0.369871,-0.224817,0.510756,0.744746
0.358049,-0.136736,0.036527,0.926244,-0.482225,-0.035425,-0.279732,-0.82622,-0.369891,-0.224771,0.510857,0.744679
0.358103,-0.136695,0.036645,0.926223,-0.48227,-0.035474,-0.279841,-0.826153,-0.369901,-0.224666,0.510938,0.744648
0.358106,-0.136673,0.036739,0.92622,-0.482295,-0.03549,-0.279948,-0.826101,-0.369872,-0.224563,0.511071,0.7446
0.358151,-0.136739,0.036849,0.92619,-0.482341,-0.035541,-0.280079,-0.826026,-0.369907,-0.22445,0.511182,0.744538
0.358185,-0.136709,0.036993,0.926173,-0.482336,-0.035587,-0.280309,-0.825945,-0.369949,-0.224357,0.511316,0.74445
0.358233,-0.136642,0.03717,0.926155,-0.482327,-0.035692,-0.280494,-0.825879,-0.369995,-0.224228,0.511377,0.744422
0.35826,-0.136612,0.03735,0.926139,-0.482251,-0.035845,-0.280685,-0.825847,-0.370036,-0.224063,0.511455,0.744395
0.35822,-0.136531,0.037521,0.926156,-0.482249,-0.035938,-0.280794,-0.825803,-0.370102,-0.223918,0.511504,0.744369
0.35825,-0.136396,0.037712,0.926152,-0.482197,-0.036059,-0.280866,-0.825799,-0.37016,-0.223746,0.511518,0.74438
0.358221,-0.136301,0.037818,0.92617,-0.482206,-0.036192,-0.280915,-0.825767,-0.370244,-0.223624,0.511487,0.744393
0.358167,-0.136171,0.037903,0.926202,-0.482182,-0.036272,-0.280948,-0.825764,-0.370302,-0.223529,0.51144,0.744424
0.358154,-0.136036,0.038032,0.926217,-0.482157,-0.036354,-0.280972,-0.825764,-0.37036,-0.223456,0.511418,0.744431
0.358199,-0.135934,0.038065,0.92621,-0.482109,-0.036378,-0.280946,-0.825799,-0.370418,-0.223353,0.511391,0.744449
0.358193,-0.135916,0.038043,0.926215,-0.48209,-0.036438,-0.280906,-0.82582,-0.370481,-0.223312,0.511337,0.744467
0.35819,-0.135921,0.038053,0.926217,-0.482079,-0.036453,-0.28089,-0.82583,-0.37053,-0.223263,0.511308,0.744476
0.358132,-0.135907,0.038043,0.92624,-0.48205,-0.036466,-0.28085,-0.82586,-0.370602,-0.22324,0.511251,0.744487
0.358116,-0.13581,0.038127,0.926255,-0.482024,-0.036458,-0.280847,-0.825876,-0.370585,-0.223255,0.511274,0.744475
0.358066,-0.135805,0.038147,0.926273,-0.48201,-0.036415,-0.280882,-0.825876,-0.370588,-0.223321,0.511303,0.744434
0.358005,-0.135797,0.038207,0.926295,-0.482041,-0.036407,-0.280935,-0.82584,-0.370609,-0.223388,0.511327,0.744389
0.357942,-0.135854,0.038182,0.926314,-0.482038,-0.036376,-0.281019,-0.825816,-0.370676,-0.223433,0.511317,0.744349
0.3579,-0.135884,0.038244,0.926324,-0.481993,-0.036292,-0.281037,-0.825841,-0.370693,-0.2235,0.511314,0.744323
0.357873,-0.135926,0.03823,0.926329,-0.481953,-0.036172,-0.281004,-0.825886,-0.370733,-0.223615,0.511312,0.744272
0.357772,-0.136028,0.038248,0.926355,-0.481972,-0.036008,-0.280973,-0.825897,-0.37077,-0.223768,0.511289,0.744226
0.357657,-0.136075,0.038176,0.926397,-0.481928,-0.035958,-0.280958,-0.825933,-0.370807,-0.223927,0.511257,0.744184
0.357584,-0.136113,0.038168,0.926421,-0.481903,-0.035915,-0.280955,-0.825951,-0.370852,-0.224076,0.511215,0.744149
0.357511,-0.136179,0.03813,0.926444,-0.481822,-0.03585,-0.280963,-0.826001,-0.370907,-0.224191,0.511196,0.744101
0.357445,-0.136208,0.038082,0.926467,-0.481775,-0.03578,-0.280885,-0.82606,-0.370961,-0.22436,0.511139,0.744065
0.357373,-0.13625,0.037988,0.926495,-0.481714,-0.03569,-0.280842,-0.826117,-0.370947,-0.22453,0.511108,0.744044
0.357286,-0.136318,0.037907,0.926524,-0.481651,-0.035596,-0.280809,-0.826172,-0.370933,-0.224717,0.511071,0.744024
0.357221,-0.136373,0.037844,0.926546,-0.481626,-0.035473,-0.280752,-0.826216,-0.370947,-0.224878,0.511036,0.743994
0.357084,-0.136441,0.037751,0.926595,-0.481598,-0.035375,-0.280726,-0.826249,-0.370939,-0.225,0.511011,0.743981
0.357017,-0.136505,0.03766,0.926617,-0.48152,-0.035338,-0.280667,-0.826316,-0.370981,-0.225163,0.510957,0.74395
0.356928,-0.136575,0.037552,0.926648,-0.481456,-0.035263,-0.280583,-0.826388,-0.370979,-0.225283,0.510898,0.743958
0.3568,-0.136597,0.037465,0.926698,-0.481377,-0.035147,-0.280492,-0.826474,-0.371049,-0.225389,0.510865,0.743915
0.356684,-0.136706,0.037396,0.926733,-0.481297,-0.035048,-0.280403,-0.826558,-0.371135,-0.22551,0.510806,0.743878
0.356597,-0.13674,0.037281,0.926768,-0.481198,-0.034991,-0.280389,-0.826625,-0.371173,-0.225673,0.510791,0.743822
0.356458,-0.136781,0.03727,0.926816,-0.481132,-0.034943,-0.280402,-0.826663,-0.371241,-0.225766,0.510774,0.743773
0.356343,-0.136853,0.037248,0.926854,-0.481025,-0.034893,-0.280423,-0.826721,-0.371235,-0.225852,0.5108,0.743734
0.356223,-0.136935,0.037205,0.926892,-0.480883,-0.034823,-0.280412,-0.826813,-0.371293,-0.225959,0.510805,0.74367
0.356102,-0.137027,0.037139,0.92693,-0.480805,-0.034727,-0.280325,-0.826895,-0.371371,-0.226034,0.510807,0.743608
0.355992,-0.137093,0.037051,0.926968,-0.48074,-0.034654,-0.280244,-0.826966,-0.371394,-0.226153,0.510842,0.743538
0.355905,-0.137176,0.037025,0.926993,-0.48063,-0.034526,-0.280225,-0.827047,-0.37148,-0.226216,0.510857,0.743466
0.355801,-0.137261,0.036956,0.927026,-0.480563,-0.034432,-0.280272,-0.827075,-0.37152,-0.226305,0.510922,0.743375
0.355679,-0.13736,0.036876,0.927065,-0.480465,-0.034395,-0.280307,-0.827124,-0.371612,-0.226324,0.510915,0.743328
0.355589,-0.137414,0.036846,0.927094,-0.480391,-0.034353,-0.280338,-0.827159,-0.371683,-0.226348,0.510969,0.743248
0.355473,-0.137405,0.036911,0.927137,-0.480302,-0.034297,-0.280407,-0.827191,-0.371778,-0.226382,0.51101,0.743161
0.355386,-0.137415,0.037047,0.927162,-0.480229,-0.034272,-0.280489,-0.827206,-0.371819,-0.226424,0.511055,0.743098
0.355308,-0.137464,0.037143,0.927182,-0.480114,-0.034265,-0.280562,-0.827249,-0.371867,-0.226451,0.511062,0.743061
0.35525,-0.137505,0.037122,0.9272,-0.480026,-0.034212,-0.280615,-0.827285,-0.371901,-0.226488,0.511065,0.743031
0.355109,-0.137569,0.037112,0.927247,-0.479901,-0.034141,-0.280662,-0.827347,-0.37197,-0.226524,0.51111,0.742954
0.355039,-0.137565,0.037168,0.927272,-0.479835,-0.034068,-0.280601,-0.827412,-0.371988,-0.226524,0.511135,0.742928
0.354983,-0.137567,0.037154,0.927294,-0.479795,-0.034059,-0.280637,-0.827423,-0.372002,-0.226522,0.511134,0.742922
0.354937,-0.137552,0.037196,0.92731,-0.479779,-0.034066,-0.280691,-0.827413,-0.371992,-0.226511,0.511178,0.742899
0.354892,-0.137556,0.037213,0.927327,-0.479744,-0.034078,-0.280732,-0.827418,-0.372033,-0.226453,0.511147,0.742918
0.354845,-0.137566,0.037279,0.927341,-0.479741,-0.034063,-0.280703,-0.827431,-0.372088,-0.226411,0.511139,0.742907
0.354791,-0.137547,0.037323,0.927362,-0.479742,-0.034078,-0.280694,-0.827433,-0.372085,-0.226341,0.511154,0.742919
0.354775,-0.137493,0.037356,0.927372,-0.479701,-0.034108,-0.280663,-0.827465,-0.372079,-0.226286,0.511186,0.742916
0.354753,-0.137457,0.037391,0.927384,-0.479672,-0.034113,-0.280674,-0.827477,-0.372068,-0.226232,0.511198,0.742928
0.354752,-0.13744,0.037447,0.927383,-0.479661,-0.034161,-0.280751,-0.827454,-0.372089,-0.226168,0.511203,0.742933
0.354752,-0.137415,0.037423,0.927388,-0.479703,-0.034197,-0.280759,-0.827424,-0.372082,-0.226138,0.511171,0.742966
0.354749,-0.137433,0.03746,0.927384,-0.479723,-0.034242,-0.280749,-0.827413,-0.372076,-0.22604,0.511185,0.742989
0.354763,-0.137373,0.037494,0.927385,-0.479756,-0.034278,-0.280743,-0.827393,-0.372062,-0.225959,0.511229,0.742988
0.354791,-0.13736,0.037591,0.927371,-0.479742,-0.034372,-0.280816,-0.827369,-0.372012,-0.225915,0.511238,0.743021
0.354778,-0.137369,0.037688,0.927371,-0.479762,-0.034388,-0.280923,-0.82732,-0.372027,-0.225825,0.511225,0.743047
0.354814,-0.137334,0.037805,0.927356,-0.479825,-0.034403,-0.280988,-0.82726,-0.372026,-0.225735,0.511259,0.74305
0.354871,-0.137303,0.037906,0.927333,-0.479884,-0.03444,-0.281087,-0.827189,-0.37198,-0.225637,0.511336,0.743048
0.354934,-0.137257,0.037997,0.92731,-0.479972,-0.034502,-0.281162,-0.827107,-0.371944,-0.225588,0.511421,0.743022
0.35502,-0.137248,0.038149,0.927271,-0.480091,-0.034555,-0.281162,-0.827035,-0.371892,-0.225493,0.511484,0.743032
0.355085,-0.137223,0.038222,0.927245,-0.480128,-0.03459,-0.281223,-0.826989,-0.371866,-0.225421,0.511549,0.743019
0.355156,-0.137253,0.038185,0.927217,-0.480223,-0.034586,-0.281251,-0.826925,-0.371835,-0.225359,0.511659,0.742977
0.355228,-0.13729,0.038188,0.927184,-0.4803,-0.034614,-0.281296,-0.826862,-0.371838,-0.225258,0.511713,0.742968
0.355303,-0.13726,0.038174,0.92716,-0.480386,-0.034647,-0.281351,-0.826791,-0.371815,-0.225176,0.511792,0.742947
0.355414,-0.137257,0.038203,0.927117,-0.480473,-0.03469,-0.281447,-0.826704,-0.371754,-0.225069,0.511865,0.742958
0.355553,-0.137231,0.038244,0.927065,-0.480553,-0.034703,-0.28153,-0.826627,-0.371722,-0.22501,0.511927,0.742949
0.355676,-0.137214,0.038348,0.927015,-0.480666,-0.034782,-0.281599,-0.826533,-0.371672,-0.224923,0.511996,0.742951
0.355787,-0.137186,0.038518,0.926967,-0.480729,-0.034814,-0.281713,-0.826455,-0.371664,-0.224828,0.512057,0.74294
0.355881,-0.137156,0.038584,0.926932,-0.48075,-0.03483,-0.281809,-0.826408,-0.371627,-0.224761,0.51209,0.742954
0.355946,-0.137129,0.038686,0.926906,-0.480783,-0.034826,-0.281892,-0.826361,-0.371622,-0.224682,0.512137,0.742947
0.355981,-0.13706,0.038807,0.926895,-0.480808,-0.03486,-0.281965,-0.826318,-0.371613,-0.224664,0.512183,0.742925
0.356026,-0.137022,0.038896,0.926878,-0.480878,-0.03497,-0.282072,-0.826232,-0.371608,-0.224606,0.512247,0.7429
0.356107,-0.137,0.038937,0.926848,-0.480926,-0.034954,-0.282151,-0.826178,-0.371572,-0.224569,0.51232,0.742877
0.356155,-0.136967,0.039037,0.926828,-0.480935,-0.034958,-0.282265,-0.826133,-0.371638,-0.224456,0.512369,0.742842
0.356162,-0.136914,0.039137,0.926827,-0.480895,-0.034955,-0.282379,-0.826117,-0.371736,-0.224299,0.512442,0.742787
0.356167,-0.136871,0.039264,0.926824,-0.480897,-0.035057,-0.282583,-0.826038,-0.371818,-0.22419,0.51248,0.742751
0.356195,-0.136748,0.039424,0.926821,-0.480865,-0.035214,-0.282757,-0.825984,-0.371913,-0.224057,0.512477,0.742743
0.356159,-0.136654,0.039617,0.926837,-0.480781,-0.035318,-0.282825,-0.826002,-0.372003,-0.223951,0.512473,0.742731
0.356164,-0.13652,0.039767,0.926843,-0.480725,-0.035409,-0.28282,-0.826029,-0.372049,-0.223856,0.512469,0.742738
0.356119,-0.136367,0.039927,0.926871,-0.480648,-0.03548,-0.282874,-0.826051,-0.372087,-0.223764,0.512408,0.742786
0.356112,-0.136253,0.039991,0.926884,-0.48061,-0.035573,-0.282863,-0.82607,-0.372143,-0.223678,0.512387,0.742798
0.35606,-0.136204,0.039994,0.92691,-0.480529,-0.035571,-0.282879,-0.826111,-0.372164,-0.223607,0.512369,0.74282
0.355991,-0.136197,0.039889,0.926942,-0.480466,-0.035639,-0.282889,-0.826139,-0.372187,-0.223575,0.512355,0.742827
0.356002,-0.136177,0.039896,0.92694,-0.480457,-0.035678,-0.282883,-0.826144,-0.372207,-0.223539,0.512272,0.742886
0.35594,-0.136128,0.039916,0.926968,-0.480506,-0.035718,-0.282857,-0.826121,-0.372211,-0.22355,0.512231,0.742908
0.355871,-0.136114,0.039859,0.926999,-0.480501,-0.035677,-0.282867,-0.826123,-0.372223,-0.223534,0.512254,0.742892
0.355839,-0.136097,0.039891,0.927012,-0.480499,-0.035678,-0.282872,-0.826123,-0.372269,-0.223517,0.512267,0.742864
0.355807,-0.136138,0.039918,0.927018,-0.480503,-0.035656,-0.28291,-0.826108,-0.372294,-0.223537,0.512248,0.742858
0.355732,-0.136189,0.039952,0.927039,-0.480532,-0.035616,-0.282956,-0.826079,-0.372289,-0.223619,0.512241,0.742842
0.355749,-0.136244,0.040018,0.927022,-0.48055,-0.035555,-0.282967,-0.826069,-0.372276,-0.223726,0.512255,0.742809
0.355784,-0.136274,0.040089,0.927002,-0.480601,-0.035497,-0.283,-0.826032,-0.372275,-0.223793,0.51224,0.742802
0.355769,-0.136284,0.040128,0.927005,-0.48064,-0.035431,-0.283003,-0.826013,-0.372265,-0.223898,0.512255,0.742766
0.355735,-0.136351,0.040141,0.92701,-0.480664,-0.035338,-0.282948,-0.826026,-0.372234,-0.223965,0.512334,0.742707
0.355731,-0.136388,0.04014,0.927006,-0.480728,-0.035225,-0.282796,-0.82605,-0.3722,-0.224112,0.512317,0.742694
0.3557,-0.136488,0.04006,0.927011,-0.48072,-0.035098,-0.282711,-0.826094,-0.372213,-0.224185,0.512319,0.742665
0.355694,-0.136571,0.040072,0.927002,-0.48072,-0.034987,-0.282659,-0.826119,-0.372161,-0.224316,0.51233,0.742646
0.355707,-0.136627,0.039991,0.926995,-0.480711,-0.034901,-0.282663,-0.82613,-0.372141,-0.224467,0.512349,0.742599
0.35575,-0.136698,0.039943,0.926973,-0.480712,-0.034885,-0.282587,-0.826157,-0.372111,-0.22457,0.512359,0.742578
0.355777,-0.13671,0.039906,0.926963,-0.480719,-0.034868,-0.282581,-0.826155,-0.372049,-0.224659,0.512398,0.742557
0.355835,-0.136737,0.039862,0.926939,-0.480737,-0.034806,-0.28254,-0.826164,-0.372033,-0.224718,0.512367,0.74257
0.35585,-0.136819,0.039768,0.926928,-0.480714,-0.034748,-0.282516,-0.82619,-0.372044,-0.224787,0.51232,0.742577
0.355837,-0.136859,0.039733,0.926929,-0.480682,-0.034692,-0.282488,-0.826223,-0.372069,-0.22483,0.512301,0.742566
0.355775,-0.136993,0.039645,0.926942,-0.480654,-0.034636,-0.28241,-0.82627,-0.372127,-0.224866,0.512249,0.742562
0.355708,-0.137103,0.039583,0.926957,-0.480612,-0.034581,-0.282305,-0.826335,-0.372139,-0.224904,0.512254,0.742542
0.355624,-0.137182,0.039475,0.926985,-0.480568,-0.034528,-0.282186,-0.826406,-0.372156,-0.225011,0.512272,0.742489
0.355565,-0.137261,0.039371,0.927003,-0.480545,-0.034529,-0.282142,-0.826434,-0.372211,-0.225058,0.512255,0.74246
0.355492,-0.137274,0.039321,0.927032,-0.48052,-0.034461,-0.282118,-0.826462,-0.372268,-0.225112,0.512222,0.742438
0.355365,-0.137313,0.039257,0.92708,-0.480465,-0.034482,-0.282157,-0.826479,-0.372314,-0.225154,0.512186,0.742428
0.355265,-0.137312,0.03925,0.927117,-0.480423,-0.034458,-0.282175,-0.826499,-0.372334,-0.225188,0.512193,0.742403
0.355182,-0.137328,0.039268,0.927146,-0.480376,-0.0344,-0.282241,-0.826508,-0.372403,-0.225192,0.512217,0.742351
0.355133,-0.137342,0.039337,0.927161,-0.480298,-0.034313,-0.282212,-0.82657,-0.372463,-0.225211,0.512247,0.742295
0.355094,-0.137354,0.03939,0.927172,-0.480214,-0.034257,-0.282206,-0.826624,-0.372532,-0.225243,0.512217,0.742271
0.355037,-0.137387,0.039351,0.927191,-0.480168,-0.034183,-0.282181,-0.826666,-0.372576,-0.225273,0.512223,0.742236
0.354985,-0.137435,0.039362,0.927205,-0.480163,-0.034111,-0.282164,-0.826678,-0.37261,-0.22527,0.512252,0.7422
0.354948,-0.137507,0.039312,0.927213,-0.480153,-0.034117,-0.282198,-0.826672,-0.372711,-0.225272,0.51225,0.742149
0.354912,-0.137487,0.039352,0.927227,-0.48012,-0.034108,-0.282238,-0.826678,-0.372775,-0.225258,0.51227,0.742106
0.35488,-0.137449,0.039349,0.927244,-0.480093,-0.03415,-0.28229,-0.826673,-0.372825,-0.225283,0.51228,0.742068
0.354848,-0.13746,0.039438,0.927251,-0.480095,-0.03413,-0.282292,-0.826672,-0.372868,-0.225301,0.512334,0.742002
0.354806,-0.137457,0.039443,0.927267,-0.480088,-0.034123,-0.282258,-0.82669,-0.372918,-0.225313,0.512337,0.741972
0.354783,-0.137453,0.039476,0.927275,-0.48003,-0.034089,-0.28229,-0.826714,-0.37295,-0.225297,0.512379,0.741931
0.354766,-0.137498,0.03951,0.927274,-0.480025,-0.034061,-0.282343,-0.826701,-0.373004,-0.225269,0.512394,0.741902
0.354734,-0.13748,0.039545,0.927287,-0.479987,-0.034087,-0.282435,-0.826689,-0.373032,-0.225276,0.512376,0.741898
0.354736,-0.137494,0.039584,0.927283,-0.479997,-0.034071,-0.282475,-0.82667,-0.373042,-0.225307,0.512372,0.741887
0.354705,-0.137462,0.039648,0.927295,-0.480013,-0.034086,-0.282541,-0.826637,-0.373073,-0.225279,0.512391,0.741865
0.354762,-0.137428,0.039672,0.927276,-0.480003,-0.034148,-0.282586,-0.826623,-0.373085,-0.225252,0.512422,0.741846
0.354778,-0.137385,0.039723,0.927272,-0.480013,-0.034219,-0.282612,-0.826603,-0.373107,-0.225257,0.512432,0.741826
0.354745,-0.137363,0.039814,0.927283,-0.480025,-0.034231,-0.282629,-0.826589,-0.373149,-0.22524,0.512478,0.741778
0.354739,-0.137381,0.039831,0.927282,-0.480033,-0.034261,-0.282704,-0.826557,-0.373156,-0.22518,0.512508,0.74177
0.354742,-0.137423,0.039852,0.927276,-0.480046,-0.034353,-0.282781,-0.826515,-0.373149,-0.225143,0.512556,0.741752
0.354794,-0.137403,0.039947,0.927253,-0.480068,-0.034393,-0.282869,-0.826469,-0.373158,-0.22514,0.512577,0.741733
0.354784,-0.137348,0.04001,0.927261,-0.480078,-0.034458,-0.282899,-0.826448,-0.37313,-0.225108,0.512605,0.741737
0.354811,-0.137348,0.040061,0.927248,-0.480106,-0.034467,-0.282891,-0.826434,-0.373129,-0.225098,0.512607,0.741739
0.354864,-0.137373,0.040176,0.927219,-0.480123,-0.034516,-0.282921,-0.82641,-0.373156,-0.225048,0.512625,0.741727
0.354871,-0.137371,0.040185,0.927216,-0.480139,-0.034574,-0.282948,-0.826387,-0.373112,-0.224996,0.512706,0.741708
0.354949,-0.13735,0.040252,0.927186,-0.480152,-0.034577,-0.282999,-0.826362,-0.373077,-0.224931,0.512724,0.741732
0.355005,-0.13733,0.040279,0.927165,-0.480173,-0.034637,-0.283072,-0.82632,-0.373054,-0.224843,0.512753,0.741749
0.355053,-0.137388,0.040287,0.927139,-0.480216,-0.034688,-0.283168,-0.826258,-0.373054,-0.224755,0.512759,0.741769
0.355108,-0.137299,0.040358,0.927125,-0.480267,-0.034751,-0.283294,-0.82618,-0.373007,-0.224668,0.512845,0.741759
0.355146,-0.137234,0.040499,0.927112,-0.480323,-0.034838,-0.283418,-0.826097,-0.373006,-0.224598,0.512881,0.741755
0.355213,-0.137228,0.040579,0.927083,-0.480398,-0.034876,-0.283504,-0.826021,-0.372976,-0.224495,0.51292,0.741771
0.35529,-0.13722,0.040702,0.927048,-0.480451,-0.03488,-0.283637,-0.825944,-0.372998,-0.224419,0.512983,0.741739
0.35532,-0.137304,0.040778,0.927023,-0.480526,-0.034867,-0.283679,-0.825887,-0.372991,-0.224327,0.513061,0.741714
0.35538,-0.137306,0.04086,0.926996,-0.480601,-0.034876,-0.283692,-0.825838,-0.372978,-0.224241,0.513093,0.741724
0.355409,-0.137334,0.040929,0.926979,-0.480642,-0.034946,-0.283798,-0.825772,-0.372962,-0.224217,0.513177,0.74168
0.355451,-0.137338,0.040993,0.926959,-0.480718,-0.035014,-0.283925,-0.825679,-0.372977,-0.224178,0.513259,0.741626
0.355505,-0.137405,0.041069,0.926926,-0.480775,-0.03507,-0.283997,-0.825616,-0.372937,-0.22413,0.513297,0.741633
0.355572,-0.137433,0.041161,0.926892,-0.480905,-0.035091,-0.28402,-0.825531,-0.372967,-0.224086,0.513376,0.741575
0.355632,-0.137417,0.041223,0.926869,-0.481022,-0.035117,-0.284036,-0.825454,-0.372968,-0.224017,0.513477,0.741525
0.355667,-0.137459,0.041302,0.926846,-0.481099,-0.035119,-0.284084,-0.825393,-0.372943,-0.223985,0.513543,0.7415
0.355764,-0.137465,0.041336,0.926807,-0.481175,-0.03511,-0.28415,-0.825326,-0.372912,-0.223909,0.513634,0.741473
0.355836,-0.137486,0.041443,0.926771,-0.481214,-0.035071,-0.284234,-0.825278,-0.372924,-0.22384,0.513736,0.741417
0.355878,-0.137549,0.041515,0.926744,-0.481225,-0.03512,-0.284417,-0.825203,-0.372936,-0.223777,0.513818,0.741371
0.355892,-0.137515,0.041581,0.926739,-0.481234,-0.035171,-0.284601,-0.825131,-0.372978,-0.223723,0.513851,0.741342
0.355914,-0.137462,0.041712,0.92673,-0.481206,-0.035215,-0.284688,-0.825113,-0.373023,-0.223646,0.513891,0.741312
0.355837,-0.13742,0.041887,0.926756,-0.481186,-0.035249,-0.284753,-0.825099,-0.373073,-0.223638,0.513883,0.741297
0.355808,-0.13735,0.04201,0.926769,-0.481084,-0.035291,-0.284761,-0.825153,-0.373107,-0.223585,0.513874,0.7413
0.355769,-0.137288,0.042084,0.926788,-0.481005,-0.035292,-0.284731,-0.825209,-0.373153,-0.223543,0.513896,0.741273
0.355689,-0.13724,0.042138,0.926821,-0.48094,-0.035314,-0.284738,-0.825243,-0.373169,-0.22355,0.513894,0.741264
0.35565,-0.13722,0.042114,0.92684,-0.480871,-0.035401,-0.284799,-0.825256,-0.373199,-0.223595,0.513889,0.741241
0.355577,-0.137189,0.042062,0.926874,-0.480847,-0.035461,-0.284786,-0.825269,-0.37321,-0.22364,0.513866,0.741238
0.355542,-0.137122,0.042113,0.926893,-0.480811,-0.035444,-0.284718,-0.825315,-0.373235,-0.22377,0.513832,0.741212
0.355514,-0.137121,0.042071,0.926906,-0.480742,-0.035396,-0.284619,-0.825394,-0.37324,-0.223917,0.513818,0.741177
0.355415,-0.137107,0.041984,0.92695,-0.480711,-0.035362,-0.284542,-0.825442,-0.37322,-0.224032,0.51382,0.741153
0.355398,-0.137147,0.041888,0.926957,-0.480644,-0.035275,-0.284495,-0.825503,-0.373273,-0.224173,0.51376,0.741127
0.355326,-0.137228,0.041859,0.926976,-0.480607,-0.03516,-0.284489,-0.825535,-0.373296,-0.224307,0.513757,0.741079
0.355277,-0.137276,0.041842,0.92699,-0.480554,-0.035081,-0.284499,-0.825568,-0.373334,-0.224442,0.513722,0.741046
0.355191,-0.13732,0.041838,0.927018,-0.480517,-0.034967,-0.284506,-0.825596,-0.373364,-0.224617,0.513703,0.740993
0.355112,-0.137415,0.041816,0.927038,-0.480449,-0.034829,-0.284469,-0.825659,-0.373398,-0.224794,0.513658,0.740956
0.355061,-0.137482,0.0418,0.92705,-0.480384,-0.034735,-0.284398,-0.825728,-0.373458,-0.224909,0.513614,0.740924
