0.917611,-0.011062,0.101864,0.383081,0.874854,-0.005764,0.038253,0.482429,0.75574,0.538379,0.243083,0.252793
0.917639,-0.011151,0.10182,0.383028,0.874947,-0.005887,0.038216,0.482267,0.755672,0.538436,0.243124,0.252833
0.917656,-0.0113,0.101755,0.38301,0.874961,-0.005934,0.038228,0.482242,0.755681,0.538443,0.243126,0.252791
0.917703,-0.011458,0.101671,0.382921,0.874965,-0.006054,0.038242,0.482238,0.75568,0.538455,0.243118,0.252776
0.917737,-0.011546,0.101588,0.382866,0.874971,-0.006148,0.038277,0.482226,0.755663,0.538476,0.243131,0.252771
0.917764,-0.011545,0.101616,0.38279,0.874994,-0.006163,0.038278,0.482183,0.755681,0.538454,0.243153,0.252743
0.917785,-0.011405,0.101632,0.382735,0.875007,-0.006076,0.0383,0.482157,0.755671,0.538468,0.243169,0.252725
0.917805,-0.011194,0.101714,0.382662,0.875034,-0.005958,0.038346,0.4821,0.755668,0.538468,0.243198,0.252709
0.917832,-0.011091,0.101805,0.38257,0.875069,-0.005767,0.038412,0.482025,0.755639,0.538526,0.243193,0.252677
0.917854,-0.011107,0.101836,0.382509,0.875095,-0.005622,0.038463,0.48197,0.75559,0.53862,0.243163,0.25265
0.917867,-0.011218,0.10184,0.382479,0.875121,-0.005572,0.038471,0.48192,0.755587,0.538624,0.243158,0.252657
0.917864,-0.011405,0.101813,0.382496,0.875142,-0.00561,0.038466,0.481884,0.755566,0.538653,0.243189,0.252625
0.91786,-0.011608,0.101727,0.382534,0.875154,-0.00578,0.038463,0.481867,0.755549,0.538678,0.243234,0.252583
0.917838,-0.011735,0.101697,0.382595,0.875149,-0.005997,0.038421,0.481886,0.755544,0.538695,0.243261,0.252537
0.917848,-0.011751,0.101724,0.382566,0.875156,-0.006075,0.038396,0.481879,0.755558,0.538678,0.243285,0.252509
0.917841,-0.011633,0.101784,0.382563,0.875137,-0.006004,0.038384,0.481912,0.755583,0.538642,0.243314,0.252485
0.917839,-0.011486,0.101905,0.382532,0.875117,-0.005889,0.038445,0.48194,0.755607,0.538614,0.243334,0.252456
0.917826,-0.011382,0.101967,0.382542,0.8751,-0.005789,0.038574,0.481955,0.755627,0.538601,0.243375,0.252386
0.917813,-0.011375,0.102017,0.38256,0.875071,-0.005696,0.038673,0.481997,0.755687,0.538529,0.243386,0.252356
0.91779,-0.011453,0.102038,0.38261,0.87503,-0.00581,0.038754,0.482067,0.755717,0.538461,0.243431,0.252366
0.917768,-0.011628,0.102001,0.382676,0.875002,-0.005935,0.038761,0.48212,0.755713,0.538435,0.243545,0.252326
0.917762,-0.011831,0.101953,0.382708,0.874982,-0.006196,0.038717,0.482169,0.755721,0.538366,0.24362,0.252379
0.917755,-0.011986,0.101946,0.38273,0.874953,-0.006405,0.03869,0.482229,0.755755,0.538307,0.243635,0.25239
0.917747,-0.012041,0.102,0.382732,0.874941,-0.006477,0.038698,0.482251,0.755828,0.538191,0.243671,0.252384
0.917742,-0.011909,0.102162,0.382697,0.874915,-0.006438,0.038733,0.482293,0.755883,0.538095,0.243723,0.252379
0.91775,-0.01184,0.102228,0.38266,0.874913,-0.006354,0.038839,0.482285,0.7559,0.538017,0.243787,0.252434
0.917745,-0.011856,0.102312,0.382648,0.874916,-0.006322,0.038895,0.482273,0.755882,0.538007,0.243833,0.252463
0.917719,-0.01188,0.102369,0.382695,0.874929,-0.006323,0.038946,0.482246,0.755869,0.538013,0.24389,0.252436
0.917716,-0.012026,0.102352,0.382709,0.874919,-0.006404,0.039019,0.482258,0.755859,0.537995,0.243987,0.252409
0.917719,-0.012202,0.102338,0.382707,0.874898,-0.00659,0.039078,0.482297,0.755812,0.538027,0.244066,0.252405
0.917693,-0.01232,0.10232,0.382776,0.87489,-0.006681,0.039116,0.48231,0.755831,0.538013,0.244077,0.252369
0.917676,-0.012268,0.102374,0.382803,0.874892,-0.006668,0.039146,0.482304,0.755819,0.538015,0.24409,0.252388
0.917696,-0.012026,0.102473,0.382724,0.874907,-0.006511,0.039213,0.482265,0.755805,0.53801,0.24414,0.252393
0.917685,-0.011812,0.102627,0.382702,0.874925,-0.00636,0.0393,0.482222,0.755789,0.53802,0.244169,0.252393
0.91769,-0.011664,0.10272,0.382661,0.874954,-0.006223,0.039363,0.48216,0.755786,0.537988,0.244234,0.252404
0.917699,-0.011612,0.102781,0.382626,0.874955,-0.006155,0.039315,0.482159,0.755753,0.538024,0.24426,0.252399
0.917712,-0.011593,0.102767,0.382597,0.874959,-0.006118,0.039272,0.482156,0.755688,0.538092,0.244373,0.252341
0.917727,-0.011727,0.102699,0.382581,0.874955,-0.006187,0.039238,0.482167,0.755626,0.538164,0.24448,0.252269
0.917722,-0.011789,0.102636,0.382611,0.874978,-0.006287,0.039147,0.482137,0.755556,0.538249,0.244543,0.252233
0.917726,-0.011858,0.102612,0.382609,0.874993,-0.006415,0.039054,0.482121,0.755546,0.538271,0.244556,0.252206
0.91774,-0.011875,0.102595,0.382583,0.875003,-0.006459,0.038951,0.482115,0.755542,0.538286,0.244525,0.252213
0.917743,-0.011842,0.102623,0.382567,0.875005,-0.006468,0.038878,0.482117,0.75554,0.538266,0.244518,0.252267
0.917745,-0.011799,0.102664,0.382548,0.875015,-0.006505,0.038809,0.482106,0.755533,0.538252,0.24454,0.252295
0.917739,-0.011777,0.102735,0.382544,0.87501,-0.006538,0.03885,0.482113,0.75553,0.538257,0.244508,0.252326
0.917753,-0.011811,0.102739,0.382507,0.874999,-0.006559,0.03885,0.482134,0.755507,0.538288,0.244516,0.252316
0.917758,-0.011826,0.10279,0.382483,0.87501,-0.006622,0.03885,0.482116,0.755469,0.538328,0.244588,0.252277
0.917774,-0.011831,0.102814,0.38244,0.875031,-0.006649,0.038858,0.482077,0.755421,0.538394,0.244636,0.252235
0.917788,-0.01184,0.102815,0.382404,0.875034,-0.006618,0.038876,0.48207,0.755382,0.538437,0.244662,0.25223
0.917792,-0.01184,0.10283,0.382391,0.875032,-0.006665,0.038883,0.482074,0.755378,0.538435,0.244747,0.252168
0.917796,-0.011863,0.102859,0.382372,0.875035,-0.006695,0.038909,0.482066,0.75536,0.538434,0.244859,0.252116
0.917822,-0.01197,0.102835,0.382319,0.87503,-0.006734,0.038866,0.482079,0.755342,0.538455,0.244868,0.252117
0.917828,-0.012004,0.102833,0.382305,0.875053,-0.006783,0.038865,0.48204,0.755324,0.538482,0.244885,0.252095
0.917847,-0.012052,0.10286,0.382256,0.875057,-0.006773,0.038888,0.482032,0.755269,0.53855,0.244924,0.252073
0.917867,-0.012022,0.10289,0.382197,0.875108,-0.006759,0.038858,0.481939,0.755303,0.538522,0.244881,0.252076
0.91789,-0.011924,0.102935,0.382128,0.87515,-0.006661,0.038877,0.48186,0.755305,0.538495,0.244892,0.252115
0.917917,-0.011807,0.102989,0.382045,0.875191,-0.006499,0.038924,0.481777,0.755328,0.538464,0.244856,0.252148
0.917951,-0.011746,0.103068,0.38194,0.87522,-0.006429,0.038903,0.481724,0.755351,0.538412,0.244848,0.252195
0.91796,-0.011878,0.103077,0.381918,0.875238,-0.006434,0.038852,0.481696,0.755377,0.538405,0.244792,0.252193
0.917987,-0.01209,0.103062,0.381862,0.875271,-0.006616,0.038795,0.481648,0.755391,0.53839,0.244794,0.252181
0.91799,-0.012326,0.103002,0.381875,0.875284,-0.006832,0.038694,0.481639,0.755405,0.538395,0.244768,0.252152
0.918003,-0.012509,0.102949,0.38186,0.875302,-0.007093,0.038611,0.481619,0.755386,0.538438,0.244785,0.252102
0.918018,-0.012662,0.102923,0.381833,0.875317,-0.007202,0.038649,0.481591,0.755398,0.538446,0.244787,0.252052
0.918055,-0.012569,0.102961,0.381733,0.875357,-0.007194,0.038767,0.481508,0.755421,0.538404,0.244809,0.25205
0.918091,-0.012398,0.103115,0.3816,0.875413,-0.00704,0.038931,0.481388,0.755442,0.538359,0.244849,0.252047
0.918109,-0.012233,0.103217,0.381526,0.87542,-0.006813,0.039072,0.481357,0.755479,0.538324,0.244829,0.252031
0.918123,-0.012171,0.103282,0.381474,0.875443,-0.006705,0.039169,0.481303,0.75549,0.538333,0.244812,0.251996
0.918143,-0.01215,0.103304,0.381418,0.875451,-0.00671,0.039201,0.481285,0.755468,0.538393,0.244836,0.251914
0.918145,-0.012185,0.103296,0.381416,0.875441,-0.006791,0.03921,0.481305,0.755437,0.538469,0.244856,0.251823
0.918163,-0.012309,0.103249,0.381388,0.875447,-0.006851,0.039167,0.4813,0.755431,0.538473,0.244936,0.251759
0.918194,-0.012447,0.103181,0.381333,0.87545,-0.006972,0.039074,0.481306,0.755459,0.538442,0.244943,0.251739
0.91821,-0.012519,0.103187,0.381296,0.875448,-0.007058,0.038982,0.48132,0.755499,0.538385,0.244926,0.251755
0.918211,-0.012514,0.10322,0.381285,0.875438,-0.007099,0.038895,0.481347,0.755526,0.538356,0.244898,0.251767
0.918229,-0.012487,0.103197,0.381247,0.875439,-0.007151,0.038812,0.481354,0.755538,0.538362,0.24485,0.251763
0.918249,-0.012512,0.103167,0.381209,0.875459,-0.007109,0.038776,0.481321,0.755569,0.538331,0.244818,0.251771
0.918245,-0.012489,0.103191,0.38121,0.875499,-0.007103,0.038764,0.481248,0.755545,0.538385,0.244793,0.251749
0.91826,-0.012533,0.103248,0.381158,0.87552,-0.007128,0.038833,0.481206,0.755525,0.538426,0.244811,0.251703
0.918266,-0.012526,0.103267,0.381142,0.875544,-0.007167,0.038872,0.481158,0.755459,0.538529,0.24488,0.251615
0.918267,-0.012536,0.103273,0.381136,0.875563,-0.007173,0.038967,0.481116,0.755421,0.538593,0.24491,0.251563
0.91827,-0.012497,0.103288,0.381123,0.875571,-0.007107,0.039051,0.48109,0.7554,0.538608,0.244945,0.251557
0.918276,-0.012449,0.103364,0.381087,0.875582,-0.006981,0.039105,0.481064,0.755471,0.538521,0.244935,0.251545
0.918285,-0.0123,0.10337,0.381064,0.875594,-0.006869,0.039152,0.481035,0.755495,0.538473,0.24498,0.251537
0.918303,-0.012167,0.103451,0.380991,0.875615,-0.006741,0.039153,0.480991,0.755519,0.538429,0.244968,0.251567
0.918312,-0.012026,0.103525,0.380948,0.875632,-0.006628,0.039182,0.480956,0.755509,0.538437,0.245002,0.251549
0.918315,-0.011949,0.10353,0.380939,0.875647,-0.006531,0.039109,0.480932,0.755487,0.538461,0.245036,0.251526
0.918337,-0.011993,0.103527,0.380887,0.875668,-0.006534,0.039079,0.480897,0.755456,0.538515,0.245067,0.251477
0.918343,-0.012053,0.103495,0.380882,0.875673,-0.006606,0.039009,0.480897,0.755447,0.538529,0.245051,0.251489
0.918322,-0.012145,0.103448,0.380949,0.875672,-0.006657,0.038985,0.480902,0.755439,0.538539,0.245038,0.251501
0.918345,-0.012099,0.10345,0.38089,0.875658,-0.006622,0.039026,0.480923,0.755455,0.538508,0.24504,0.251519
0.918357,-0.012061,0.103517,0.380843,0.875655,-0.006587,0.03904,0.480925,0.755464,0.538493,0.245047,0.251518
0.918371,-0.011934,0.103548,0.380798,0.875659,-0.006564,0.039043,0.480919,0.755468,0.538509,0.245,0.251518
0.918382,-0.011943,0.103527,0.380777,0.875653,-0.00663,0.039089,0.480925,0.755493,0.538483,0.244997,0.251503
0.918381,-0.011959,0.103511,0.380785,0.875632,-0.006714,0.03911,0.480964,0.755488,0.538492,0.245021,0.251476
0.918398,-0.011994,0.103467,0.380755,0.875645,-0.006775,0.039031,0.480951,0.755467,0.53853,0.245077,0.251404
0.918422,-0.012124,0.103393,0.380721,0.875671,-0.00685,0.039,0.480907,0.75546,0.538559,0.245081,0.251362
0.918437,-0.012257,0.103278,0.380721,0.875649,-0.006997,0.038896,0.480962,0.755444,0.538588,0.245125,0.251305
0.91843,-0.012428,0.10317,0.38077,0.875611,-0.007129,0.038798,0.481041,0.755442,0.538575,0.245141,0.251324
0.918434,-0.012549,0.103131,0.380775,0.875605,-0.007294,0.038735,0.481064,0.755459,0.538556,0.245102,0.251347
0.918429,-0.012592,0.103127,0.380789,0.875585,-0.007376,0.038727,0.481101,0.755552,0.538418,0.245026,0.251441
0.918444,-0.012526,0.103154,0.380742,0.875559,-0.007327,0.038799,0.481141,0.755593,0.538366,0.244963,0.251492
0.918457,-0.012426,0.103259,0.380679,0.875533,-0.00722,0.038871,0.48118,0.755633,0.538283,0.244905,0.251604
0.918471,-0.012158,0.103346,0.380618,0.875551,-0.007035,0.039017,0.481128,0.755651,0.538278,0.244883,0.251582
0.918476,-0.012047,0.103456,0.380572,0.875574,-0.006877,0.039106,0.481073,0.755653,0.538284,0.244899,0.251547
0.918499,-0.011975,0.103551,0.380491,0.875602,-0.006815,0.039202,0.481013,0.755652,0.538292,0.244898,0.251539
0.91851,-0.012045,0.103596,0.38045,0.875632,-0.006839,0.039225,0.480958,0.755656,0.538309,0.244909,0.251478
0.918534,-0.0122,0.103509,0.380421,0.87565,-0.006932,0.039187,0.48093,0.755666,0.538286,0.244949,0.251461
0.918552,-0.012385,0.103432,0.380403,0.875666,-0.007057,0.03915,0.480907,0.755686,0.538279,0.244924,0.251439
0.918566,-0.012544,0.103351,0.380394,0.87569,-0.007201,0.039131,0.48087,0.755703,0.538288,0.244916,0.251381
0.918585,-0.012546,0.103333,0.380352,0.87571,-0.007262,0.03915,0.480832,0.755719,0.53828,0.244897,0.251369
0.918611,-0.012462,0.103382,0.380274,0.875719,-0.007269,0.039141,0.480819,0.755717,0.538305,0.244886,0.25133
0.918645,-0.012403,0.10335,0.380202,0.875762,-0.007198,0.039101,0.480741,0.755692,0.538329,0.244891,0.251351
0.918684,-0.012317,0.103302,0.380119,0.875808,-0.007201,0.039011,0.480665,0.755672,0.538374,0.244829,0.251373
0.918727,-0.012268,0.103261,0.380026,0.875841,-0.007173,0.038868,0.480618,0.755672,0.538414,0.244756,0.251358
0.91877,-0.012231,0.103131,0.379961,0.875884,-0.007163,0.038684,0.480558,0.755682,0.538446,0.244686,0.251328
0.918805,-0.012243,0.103033,0.379904,0.875892,-0.007213,0.038593,0.480552,0.755716,0.538445,0.24463,0.251284
0.91882,-0.012366,0.102956,0.379889,0.87594,-0.007289,0.038508,0.480474,0.755784,0.538404,0.244484,0.251309
0.918875,-0.012449,0.102895,0.379774,0.875974,-0.007321,0.038459,0.480418,0.755864,0.538332,0.244379,0.251329
0.91892,-0.012564,0.102785,0.379698,0.876005,-0.007362,0.038455,0.480362,0.755941,0.538257,0.244283,0.251355
0.918942,-0.012642,0.102778,0.37965,0.876035,-0.007417,0.038433,0.480311,0.75597,0.538232,0.244191,0.251408
0.918982,-0.012641,0.102707,0.379572,0.876077,-0.00743,0.038377,0.480239,0.756022,0.538208,0.244145,0.251352
0.919034,-0.012684,0.10266,0.379459,0.876141,-0.007491,0.038295,0.480131,0.756033,0.538205,0.244155,0.251319
0.919065,-0.012796,0.102609,0.379401,0.876169,-0.007645,0.038156,0.480098,0.756045,0.538223,0.244164,0.251235
0.919091,-0.012947,0.102558,0.379354,0.876161,-0.007857,0.038043,0.480128,0.756068,0.53822,0.244145,0.251194
0.919106,-0.013123,0.10242,0.37936,0.876163,-0.008095,0.037877,0.480144,0.756034,0.538285,0.244129,0.251173
0.919115,-0.013191,0.10232,0.379368,0.876133,-0.008233,0.037817,0.480206,0.755995,0.538354,0.244095,0.25117
0.919117,-0.01318,0.102305,0.379366,0.876123,-0.008205,0.037818,0.480224,0.755975,0.538385,0.2441,0.25116
0.919149,-0.01302,0.102297,0.379288,0.876134,-0.008111,0.037829,0.4802,0.755996,0.538373,0.24406,0.251166
0.919171,-0.012878,0.102355,0.379218,0.876171,-0.008002,0.037884,0.480125,0.756041,0.538303,0.244016,0.251219
0.919196,-0.012867,0.102402,0.379144,0.876193,-0.007921,0.037957,0.480079,0.75608,0.538245,0.243985,0.251255
0.919235,-0.012842,0.10248,0.379027,0.876215,-0.007857,0.037973,0.480035,0.756106,0.538228,0.24395,0.251252
0.919251,-0.012952,0.102455,0.378997,0.876237,-0.007969,0.037904,0.480003,0.756122,0.538194,0.243932,0.251292
0.919265,-0.013148,0.102411,0.378979,0.876269,-0.008108,0.037865,0.479951,0.756154,0.538158,0.243949,0.251258
0.919264,-0.013355,0.102364,0.378996,0.876294,-0.008259,0.037841,0.479912,0.756191,0.538113,0.243962,0.251236
0.919299,-0.013468,0.102345,0.378916,0.876329,-0.008374,0.037863,0.479849,0.756231,0.538056,0.243989,0.251211
0.919321,-0.013539,0.102369,0.378858,0.876354,-0.00843,0.03791,0.4798,0.756283,0.537992,0.243983,0.251199
0.919333,-0.013564,0.102399,0.378821,0.876375,-0.008419,0.03795,0.479758,0.756341,0.537927,0.243968,0.251185
0.919343,-0.013604,0.102393,0.378799,0.876389,-0.008431,0.037957,0.479733,0.756401,0.53784,0.24395,0.251213
0.919348,-0.013624,0.102391,0.378788,0.876402,-0.008517,0.037872,0.479717,0.756452,0.537764,0.243931,0.251236
0.919353,-0.013792,0.102347,0.378789,0.876416,-0.008679,0.037738,0.479707,0.756503,0.537691,0.243896,0.251276
0.919345,-0.014006,0.102276,0.37883,0.876414,-0.008927,0.03763,0.479726,0.756562,0.537634,0.243862,0.251258
0.91934,-0.014306,0.102197,0.378867,0.876403,-0.00914,0.037548,0.479758,0.756615,0.537588,0.243818,0.251243
0.919329,-0.014588,0.102055,0.378935,0.876388,-0.009423,0.037531,0.479794,0.756635,0.537581,0.243782,0.25123
0.919322,-0.01469,0.102007,0.378968,0.876358,-0.009604,0.037496,0.479854,0.756668,0.537539,0.243766,0.251237
0.919305,-0.014707,0.102031,0.379003,0.876369,-0.009635,0.037498,0.479834,0.756721,0.537437,0.243772,0.251292
0.919325,-0.014602,0.102111,0.37893,0.876397,-0.009518,0.037581,0.479775,0.756754,0.537371,0.243784,0.251324
0.919361,-0.014454,0.102223,0.378808,0.876423,-0.009316,0.037639,0.479716,0.756728,0.53738,0.243821,0.251344
0.919387,-0.014304,0.102268,0.378732,0.876465,-0.009127,0.037664,0.479634,0.756682,0.537431,0.243892,0.251306
0.919386,-0.014236,0.102343,0.378713,0.876489,-0.009015,0.03767,0.479588,0.756638,0.537494,0.243939,0.251257
0.91938,-0.014218,0.102418,0.378707,0.876495,-0.009016,0.037664,0.479578,0.756588,0.537556,0.243989,0.251225
0.919398,-0.014231,0.102359,0.378683,0.876486,-0.009075,0.037589,0.479602,0.756535,0.5376,0.244087,0.251196
0.919401,-0.014411,0.102258,0.378703,0.876455,-0.009192,0.037506,0.479668,0.756519,0.537636,0.244102,0.251154
0.91939,-0.014523,0.102145,0.378762,0.876438,-0.009312,0.037447,0.479707,0.756499,0.53764,0.244103,0.2512
0.919377,-0.014591,0.10205,0.378821,0.876407,-0.009447,0.037381,0.479773,0.756495,0.537624,0.244127,0.251223
0.919377,-0.014532,0.102057,0.37882,0.876402,-0.009419,0.037365,0.479782,0.756459,0.537647,0.244156,0.251252
0.919391,-0.014395,0.10207,0.37878,0.876425,-0.009344,0.037342,0.47974,0.756451,0.537649,0.244162,0.251266
0.919432,-0.014289,0.102081,0.378676,0.876451,-0.009282,0.037303,0.479696,0.75642,0.537639,0.244191,0.251349
0.919457,-0.014377,0.102076,0.378618,0.876458,-0.009267,0.03721,0.479691,0.756426,0.537634,0.244165,0.251364
0.919483,-0.014604,0.102011,0.378577,0.876444,-0.009405,0.037116,0.479726,0.75638,0.537671,0.244189,0.251397
0.91947,-0.01493,0.101948,0.378627,0.876418,-0.009629,0.037078,0.479782,0.756398,0.537665,0.244178,0.251371
0.919489,-0.015097,0.101855,0.378607,0.876353,-0.009832,0.037084,0.479904,0.756466,0.537571,0.244158,0.251385
0.91948,-0.015154,0.101911,0.378615,0.87631,-0.009977,0.037048,0.479988,0.756551,0.53746,0.244117,0.251415
0.919461,-0.015111,0.102001,0.378636,0.876282,-0.009956,0.037107,0.480035,0.756625,0.537345,0.244085,0.251466
0.919445,-0.014953,0.102115,0.37864,0.876313,-0.009782,0.037185,0.479968,0.756724,0.537179,0.24408,0.251534
0.919452,-0.014751,0.102236,0.378588,0.876336,-0.009591,0.037267,0.479915,0.756794,0.537114,0.244019,0.251523
0.919478,-0.014697,0.102328,0.3785,0.876352,-0.009518,0.037352,0.479877,0.75683,0.537056,0.244036,0.251524
0.919498,-0.01475,0.10237,0.378438,0.87638,-0.009498,0.037355,0.479824,0.756778,0.537124,0.24409,0.251482
0.919508,-0.014899,0.102339,0.378422,0.876397,-0.009565,0.037372,0.479794,0.756732,0.537199,0.24413,0.251419
0.919518,-0.015019,0.102328,0.378403,0.876411,-0.009674,0.037324,0.479774,0.756721,0.53721,0.244168,0.251396
0.919544,-0.015231,0.102323,0.378343,0.876424,-0.009812,0.037237,0.479761,0.756763,0.537133,0.244157,0.251445
0.919572,-0.015472,0.102213,0.378309,0.876452,-0.009973,0.037201,0.479717,0.756813,0.537031,0.244155,0.251512
0.919598,-0.015608,0.1022,0.37825,0.87647,-0.010164,0.037138,0.479692,0.756911,0.536896,0.244101,0.25156
0.919588,-0.015706,0.102247,0.378261,0.876473,-0.0102,0.03711,0.47969,0.75699,0.536784,0.244046,0.251618
0.919595,-0.01565,0.102314,0.378223,0.876476,-0.010166,0.037123,0.479683,0.757083,0.536635,0.244018,0.251688
0.919623,-0.015545,0.102388,0.378136,0.876483,-0.010049,0.03718,0.479664,0.75718,0.536508,0.244035,0.251658
0.919628,-0.015471,0.10251,0.378086,0.876511,-0.009988,0.037273,0.479603,0.757243,0.536408,0.24407,0.25165
0.91964,-0.01542,0.10259,0.378036,0.876542,-0.009885,0.037477,0.479524,0.757301,0.536334,0.244068,0.251637
0.919647,-0.015507,0.102643,0.378004,0.876555,-0.009835,0.037563,0.479492,0.757337,0.536298,0.244108,0.251572
0.919657,-0.015678,0.102642,0.377979,0.876544,-0.009976,0.03756,0.479517,0.757327,0.536334,0.244127,0.251505
0.919656,-0.015938,0.102616,0.377992,0.87655,-0.010208,0.037529,0.479513,0.757291,0.536372,0.244165,0.251497
0.919659,-0.016191,0.102593,0.377991,0.876539,-0.010567,0.037467,0.479545,0.757241,0.536396,0.24424,0.251522
0.91966,-0.016356,0.102543,0.378005,0.876553,-0.010811,0.037419,0.479528,0.75722,0.536395,0.244334,0.251497
0.919666,-0.016384,0.102585,0.377978,0.876564,-0.010921,0.037383,0.479512,0.757226,0.536368,0.244386,0.251484
0.919672,-0.01627,0.102601,0.377957,0.876585,-0.010882,0.037419,0.47947,0.757256,0.536294,0.244434,0.251505
0.919675,-0.016162,0.102653,0.377934,0.876597,-0.010792,0.037462,0.479442,0.757305,0.536221,0.244446,0.251505
0.919688,-0.016054,0.10275,0.377877,0.876612,-0.010682,0.037512,0.479409,0.757357,0.53614,0.244428,0.251541
0.919696,-0.015863,0.102884,0.377818,0.876601,-0.010527,0.037544,0.479424,0.757359,0.536124,0.244388,0.251606
0.919681,-0.015772,0.103001,0.377822,0.876599,-0.010426,0.037593,0.479421,0.757388,0.536074,0.244383,0.25163
0.919674,-0.015802,0.103072,0.377819,0.876585,-0.010348,0.037697,0.479434,0.757388,0.536061,0.24439,0.251651
0.919676,-0.0159,0.103087,0.377809,0.87657,-0.010443,0.037772,0.479458,0.757412,0.536035,0.244386,0.251638
0.919691,-0.01603,0.1031,0.37777,0.876598,-0.010546,0.037822,0.479406,0.75739,0.536067,0.244441,0.251583
0.919721,-0.016167,0.10305,0.37771,0.87661,-0.010756,0.037843,0.479384,0.757365,0.536096,0.244513,0.251528
0.919732,-0.016255,0.103042,0.377688,0.876621,-0.010841,0.037832,0.479366,0.757351,0.536084,0.244582,0.25153
0.919739,-0.016316,0.103049,0.377669,0.876645,-0.010959,0.037846,0.479324,0.757351,0.536059,0.24466,0.25151
0.919762,-0.016195,0.103094,0.3776,0.87666,-0.01092,0.037888,0.479292,0.757387,0.535996,0.244691,0.251507
0.919772,-0.016018,0.103225,0.377536,0.876676,-0.010777,0.037948,0.479257,0.757401,0.535958,0.244709,0.251528
0.919768,-0.015821,0.103321,0.377518,0.87667,-0.010614,0.038042,0.479255,0.7574,0.535964,0.244699,0.251528
0.919788,-0.015712,0.103405,0.377445,0.876664,-0.010414,0.0381,0.479256,0.7574,0.535965,0.244683,0.251541
0.919806,-0.015688,0.10342,0.377398,0.876625,-0.010333,0.038185,0.479319,0.75739,0.535989,0.24471,0.251496
0.919808,-0.015764,0.103427,0.377388,0.87662,-0.010328,0.038227,0.479323,0.757398,0.535977,0.244716,0.251494
0.919794,-0.015884,0.103358,0.377444,0.876623,-0.010353,0.038188,0.479323,0.757368,0.536008,0.244784,0.25145
0.919791,-0.015981,0.103343,0.377455,0.876614,-0.010434,0.038175,0.479342,0.757371,0.536009,0.244776,0.251448
0.91979,-0.016025,0.103317,0.377466,0.876628,-0.010502,0.038146,0.479321,0.757406,0.535979,0.244742,0.251438
0.919791,-0.01599,0.103352,0.377453,0.87664,-0.010491,0.038148,0.479296,0.757433,0.535946,0.244746,0.251429
0.919805,-0.015905,0.103398,0.377405,0.876638,-0.010464,0.038164,0.479299,0.757451,0.535915,0.244725,0.251459
0.919797,-0.015784,0.103451,0.377411,0.876652,-0.010378,0.038175,0.479271,0.757445,0.535898,0.24471,0.251524
0.919785,-0.015621,0.103466,0.377433,0.876684,-0.010269,0.038194,0.479208,0.757424,0.535949,0.244703,0.251486
0.919797,-0.015489,0.103436,0.377415,0.876699,-0.010216,0.0382,0.479181,0.757391,0.536013,0.244724,0.25143
0.919805,-0.015473,0.103384,0.377409,0.876703,-0.010159,0.038147,0.479176,0.757335,0.536086,0.244762,0.251404
0.91982,-0.015571,0.10329,0.3774,0.876718,-0.010221,0.038043,0.479161,0.757315,0.536136,0.244775,0.251347
0.91981,-0.015599,0.103265,0.377431,0.876732,-0.010301,0.037954,0.479143,0.757286,0.536186,0.244794,0.25131
0.919831,-0.015672,0.103182,0.377404,0.876733,-0.010429,0.037862,0.479151,0.757286,0.536192,0.244803,0.251285
0.91986,-0.015687,0.103124,0.377351,0.876734,-0.010473,0.037783,0.479159,0.757297,0.536182,0.244794,0.251282
0.919895,-0.015743,0.10312,0.377266,0.876759,-0.010504,0.037777,0.479115,0.757312,0.536177,0.244754,0.251287
0.919931,-0.015664,0.103194,0.377157,0.876764,-0.010514,0.037768,0.479106,0.75732,0.536174,0.244721,0.2513
0.919969,-0.015588,0.103256,0.377047,0.876776,-0.010389,0.037791,0.47908,0.757341,0.53619,0.244691,0.251238
0.919982,-0.015519,0.103316,0.376996,0.876808,-0.010331,0.03785,0.479015,0.757333,0.536228,0.244682,0.251189
0.919997,-0.01556,0.10338,0.37694,0.876876,-0.0103,0.037915,0.478882,0.757332,0.536235,0.244694,0.251166
0.920028,-0.015615,0.103391,0.376865,0.876929,-0.010289,0.037926,0.478786,0.757313,0.536287,0.244726,0.251082
0.920034,-0.015701,0.103422,0.376841,0.876944,-0.010318,0.037974,0.478754,0.757337,0.536282,0.24471,0.251036
0.920057,-0.015728,0.103408,0.376788,0.87695,-0.010279,0.037972,0.478742,0.757315,0.536328,0.244682,0.251032
0.920079,-0.015676,0.103402,0.376735,0.876967,-0.010226,0.037964,0.478713,0.757317,0.536342,0.244665,0.251017
0.92008,-0.015654,0.103412,0.37673,0.876988,-0.010221,0.037968,0.478673,0.757268,0.536398,0.244675,0.251033
0.920101,-0.015654,0.103342,0.3767,0.877014,-0.010237,0.037928,0.478628,0.757253,0.536413,0.24464,0.251075
0.920116,-0.015663,0.103233,0.376693,0.87705,-0.010292,0.037851,0.478572,0.757256,0.536434,0.244601,0.251059
0.920128,-0.015831,0.103155,0.376689,0.877075,-0.010384,0.037684,0.478543,0.757215,0.536468,0.244618,0.251089
0.920145,-0.015951,0.103016,0.376687,0.877068,-0.010518,0.037502,0.478574,0.75722,0.536465,0.244573,0.251122
0.920148,-0.016145,0.102862,0.376725,0.877065,-0.010676,0.037285,0.4786,0.757289,0.536379,0.244489,0.251186
0.920142,-0.016366,0.102714,0.376783,0.877037,-0.010886,0.037105,0.47867,0.757354,0.536283,0.244419,0.25126
0.920118,-0.016589,0.102614,0.37687,0.87699,-0.011102,0.037014,0.47877,0.757447,0.536173,0.244315,0.251319
0.920106,-0.016754,0.102539,0.376921,0.876971,-0.011268,0.036975,0.47881,0.757484,0.536123,0.244279,0.25135
0.920097,-0.016823,0.102501,0.376952,0.876947,-0.01143,0.037019,0.478854,0.757535,0.536044,0.244221,0.251422
0.920085,-0.016809,0.10251,0.376982,0.876938,-0.011481,0.03698,0.478872,0.757561,0.535992,0.244218,0.251457
0.920087,-0.01671,0.102558,0.376962,0.876925,-0.01145,0.03704,0.478892,0.75757,0.535979,0.244242,0.251433
0.920091,-0.016633,0.10261,0.376937,0.876909,-0.011466,0.037089,0.478917,0.757573,0.535962,0.244277,0.25143
0.92009,-0.016563,0.102638,0.37693,0.876889,-0.011413,0.037132,0.478948,0.757533,0.535997,0.244348,0.251406
0.920107,-0.016484,0.102733,0.376864,0.87688,-0.011294,0.037239,0.478955,0.757445,0.53609,0.244436,0.251385
0.920113,-0.016413,0.102824,0.376821,0.876883,-0.011159,0.037339,0.478937,0.757384,0.536137,0.24452,0.251384
0.920133,-0.016341,0.102861,0.37676,0.876934,-0.011038,0.037475,0.47883,0.757301,0.536202,0.24461,0.251403
0.920146,-0.016256,0.102894,0.376719,0.876943,-0.010945,0.03762,0.4788,0.757256,0.536242,0.244669,0.251395
0.920141,-0.016301,0.102906,0.376729,0.876957,-0.01098,0.037652,0.478771,0.757251,0.536224,0.244743,0.251377
0.920138,-0.016476,0.102833,0.376759,0.87691,-0.011176,0.037599,0.478865,0.757288,0.536146,0.244791,0.251387
0.920112,-0.016663,0.102795,0.376835,0.876921,-0.011346,0.037483,0.478857,0.757261,0.536154,0.244839,0.251403
0.920075,-0.016843,0.10277,0.376929,0.876896,-0.011606,0.037371,0.478917,0.757345,0.53603,0.244832,0.251424
0.920053,-0.017013,0.102765,0.376985,0.876841,-0.011777,0.037397,0.479019,0.757445,0.535887,0.244822,0.251444
0.920019,-0.017049,0.102829,0.377049,0.876797,-0.011773,0.037463,0.479094,0.757507,0.535754,0.244885,0.251479
0.92,-0.016926,0.102957,0.37706,0.876736,-0.011651,0.037643,0.479187,0.75753,0.535697,0.244908,0.251515
0.919983,-0.016792,0.103109,0.377058,0.876726,-0.011494,0.037874,0.479182,0.757477,0.535739,0.245006,0.251484
0.919982,-0.016567,0.103255,0.377018,0.876738,-0.011324,0.038055,0.479141,0.757409,0.535777,0.245132,0.251483
0.919957,-0.016383,0.103388,0.377041,0.87672,-0.0111,0.038229,0.479155,0.757327,0.535868,0.245246,0.251425
0.919969,-0.016265,0.103553,0.376962,0.87672,-0.010961,0.038366,0.479139,0.757218,0.535977,0.245386,0.251381
0.919945,-0.016292,0.103664,0.37699,0.876727,-0.010943,0.038501,0.479115,0.757147,0.536049,0.245543,0.251288
0.919927,-0.0164,0.103715,0.37702,0.876726,-0.011051,0.038509,0.479118,0.757104,0.536083,0.245647,0.251244
0.919915,-0.016641,0.103685,0.377059,0.876722,-0.01123,0.038548,0.479124,0.757106,0.536054,0.245708,0.251239
0.919896,-0.016898,0.103671,0.377109,0.876692,-0.011471,0.038562,0.479181,0.757138,0.535978,0.245765,0.251251
0.919897,-0.017098,0.103681,0.377104,0.876678,-0.011661,0.038601,0.479206,0.757234,0.53583,0.245777,0.25127
0.919898,-0.01722,0.103653,0.377111,0.87666,-0.011846,0.038597,0.479242,0.757332,0.535678,0.245762,0.251319
0.9199,-0.017279,0.103689,0.377095,0.876627,-0.01195,0.038626,0.479302,0.757395,0.535541,0.245793,0.251393
0.919905,-0.017252,0.103725,0.377072,0.876598,-0.011977,0.038623,0.479354,0.757454,0.535445,0.245772,0.25144
0.919898,-0.017187,0.103815,0.377062,0.876585,-0.011901,0.038686,0.479371,0.757473,0.53541,0.245776,0.251455
0.919906,-0.017121,0.103831,0.37704,0.876605,-0.011819,0.038747,0.479328,0.757459,0.535429,0.245805,0.251427
0.919915,-0.016992,0.1039,0.376996,0.876606,-0.011636,0.03874,0.479324,0.757429,0.535465,0.245848,0.251399
0.919913,-0.01685,0.10395,0.376988,0.876601,-0.011463,0.038777,0.479328,0.757392,0.535522,0.245894,0.251343
0.919909,-0.016798,0.10399,0.376985,0.876601,-0.011399,0.038794,0.479325,0.757345,0.535585,0.24595,0.251295
0.919918,-0.016804,0.10393,0.37698,0.87659,-0.011315,0.038798,0.479344,0.757296,0.535654,0.246033,0.251216
0.919898,-0.016795,0.103899,0.377038,0.876548,-0.011228,0.038805,0.479419,0.757232,0.53572,0.246089,0.251212
0.919901,-0.016806,0.103915,0.377027,0.876575,-0.011179,0.038827,0.479367,0.757193,0.53574,0.246132,0.251241
0.919927,-0.016769,0.103923,0.376961,0.876612,-0.011135,0.038836,0.479297,0.757179,0.535755,0.24612,0.251263
0.919964,-0.016676,0.103931,0.376867,0.876662,-0.011079,0.038812,0.479207,0.757158,0.535799,0.246051,0.251296
0.919971,-0.01661,0.103921,0.376853,0.876707,-0.011052,0.038788,0.479125,0.757165,0.535789,0.246021,0.251327
0.919968,-0.016555,0.103913,0.376863,0.876718,-0.010996,0.038825,0.479101,0.757206,0.535729,0.246013,0.251338
0.919976,-0.016592,0.103901,0.376849,0.876729,-0.010943,0.038826,0.479081,0.757248,0.535681,0.245965,0.251363
0.919988,-0.016619,0.10384,0.376836,0.876754,-0.010992,0.038752,0.479044,0.757272,0.535648,0.245919,0.251405
0.920012,-0.016684,0.103779,0.376795,0.876748,-0.011154,0.038718,0.479059,0.757276,0.535657,0.245895,0.2514
0.920021,-0.016818,0.103682,0.376802,0.876738,-0.011208,0.038659,0.479084,0.757248,0.535693,0.245887,0.251412
0.920038,-0.016868,0.103553,0.376797,0.876756,-0.011193,0.038615,0.479054,0.757211,0.535752,0.245863,0.251418
0.920082,-0.016751,0.103512,0.376701,0.876791,-0.011055,0.038594,0.478991,0.757144,0.535852,0.245873,0.251394
0.920086,-0.01657,0.103542,0.376683,0.876822,-0.010836,0.038578,0.478931,0.757082,0.535953,0.245883,0.251353
0.92011,-0.016396,0.103508,0.376634,0.876859,-0.010641,0.038615,0.478857,0.757014,0.536028,0.245906,0.251375
0.920128,-0.016267,0.103466,0.376601,0.876862,-0.010522,0.03855,0.478855,0.75699,0.536048,0.245918,0.251387
0.920143,-0.016261,0.103346,0.376597,0.876873,-0.010456,0.038371,0.478851,0.756976,0.536061,0.245891,0.251426
0.920162,-0.016335,0.103151,0.376609,0.876907,-0.010483,0.038211,0.478805,0.756966,0.536119,0.245786,0.251436
0.920163,-0.016439,0.102989,0.376651,0.876898,-0.010498,0.038039,0.478836,0.756942,0.53617,0.245727,0.251453
0.920175,-0.016495,0.102872,0.376658,0.876883,-0.010532,0.037878,0.478878,0.756967,0.536177,0.245579,0.251508
0.920183,-0.01648,0.102777,0.376665,0.87689,-0.010502,0.037855,0.478866,0.756977,0.536163,0.245454,0.251626
0.920185,-0.016385,0.102775,0.37666,0.876893,-0.010417,0.037813,0.478864,0.756999,0.536132,0.245346,0.251727
0.920214,-0.016183,0.10275,0.376597,0.876916,-0.010306,0.037708,0.47883,0.757009,0.536129,0.245279,0.251768
0.920221,-0.016094,0.102729,0.376585,0.876927,-0.010233,0.037633,0.478815,0.756972,0.536197,0.245229,0.251782
0.920223,-0.016118,0.1026,0.376615,0.876913,-0.01022,0.03757,0.478845,0.756937,0.536266,0.245211,0.251753
0.920219,-0.016235,0.102514,0.37665,0.876905,-0.010304,0.03747,0.47887,0.756866,0.536361,0.245253,0.251724
0.920227,-0.016291,0.102384,0.37667,0.876904,-0.010378,0.037367,0.478884,0.756817,0.536433,0.245298,0.251673
0.920234,-0.016226,0.102353,0.376659,0.87689,-0.010401,0.037307,0.478915,0.756788,0.536483,0.245361,0.251591
0.92024,-0.016051,0.102355,0.376644,0.876892,-0.010321,0.037326,0.478908,0.756748,0.536552,0.245378,0.251551
0.920254,-0.0158,0.102413,0.376592,0.876888,-0.010126,0.037399,0.478906,0.756717,0.536617,0.245373,0.251507
0.920262,-0.015538,0.10248,0.376553,0.876931,-0.009861,0.037501,0.478813,0.756706,0.536645,0.245347,0.251506
0.920266,-0.015362,0.10253,0.376528,0.876936,-0.009585,0.037543,0.478794,0.756651,0.536715,0.245361,0.251505
0.92026,-0.015242,0.10259,0.376526,0.876953,-0.009479,0.03753,0.478762,0.756615,0.536793,0.245317,0.251489
0.920297,-0.015205,0.102576,0.376439,0.876977,-0.009459,0.037463,0.478723,0.756565,0.536874,0.245323,0.251459
0.920322,-0.015326,0.102519,0.376396,0.87698,-0.009564,0.03735,0.478729,0.756509,0.536946,0.245354,0.251443
0.920318,-0.015564,0.102455,0.376422,0.876977,-0.009798,0.037244,0.47875,0.756535,0.536922,0.24538,0.251394
0.920329,-0.015706,0.102421,0.376408,0.876979,-0.010011,0.03713,0.47876,0.756593,0.536806,0.245405,0.251443
0.920316,-0.015775,0.102479,0.376424,0.876973,-0.010087,0.03704,0.478781,0.756685,0.53668,0.24538,0.251461
0.920315,-0.015711,0.102562,0.376401,0.876967,-0.010067,0.037066,0.478789,0.756759,0.536579,0.24537,0.251472
0.920328,-0.015531,0.102646,0.376346,0.876989,-0.009903,0.037187,0.478734,0.756844,0.536468,0.245385,0.251439
0.920334081837333,-0.0153429719278757,0.102768757115186,0.376293229125832,0.877001469243172,-0.00968719011667811,0.0373496723636847,0.478692093030794,0.75690242264574,0.536381296338302,0.245387309781216,0.251447
0.920339,-0.015174,0.102907,0.376241,0.877012,-0.009493,0.037489,0.478657,0.756931,0.536337,0.24539,0.251455
0.920345,-0.015053,0.103038,0.376188,0.877024,-0.009385,0.037553,0.478628,0.756924,0.536354,0.245471,0.251364
0.920361,-0.015037,0.10311,0.376129,0.877036,-0.009402,0.037525,0.478607,0.756907,0.5364,0.245496,0.251296
0.920369,-0.015166,0.103115,0.376109,0.877056,-0.009506,0.037458,0.478579,0.756873,0.536444,0.245568,0.251236
0.920401,-0.015336,0.103094,0.376036,0.877067,-0.009738,0.037445,0.478567,0.756876,0.536456,0.245581,0.251188
0.920424,-0.015468,0.103092,0.375981,0.877086,-0.009954,0.037416,0.478536,0.756897,0.536466,0.245605,0.251087
0.92044,-0.015531,0.103146,0.375929,0.877146,-0.010034,0.037441,0.478427,0.756982,0.536349,0.245621,0.251066
0.920442,-0.015497,0.103276,0.375887,0.877203,-0.010016,0.037493,0.478317,0.75709,0.536222,0.245571,0.251069
0.920468,-0.01542,0.10336,0.375798,0.877253,-0.009908,0.037614,0.478214,0.757223,0.536067,0.245542,0.251031
0.9205,-0.015337,0.103454,0.37569,0.877274,-0.009828,0.037811,0.478155,0.757325,0.535942,0.245489,0.251048
0.920514,-0.01517,0.103577,0.375623,0.877312,-0.009798,0.037926,0.478074,0.757369,0.53588,0.245496,0.251042
0.920526,-0.015082,0.103687,0.375559,0.87732,-0.009692,0.038012,0.47805,0.757425,0.535844,0.245451,0.251
0.920509,-0.014906,0.103828,0.375559,0.877321,-0.009579,0.038086,0.47804,0.757426,0.535843,0.245517,0.250936
0.920503,-0.01476,0.103901,0.375554,0.87731,-0.009477,0.038127,0.478053,0.757412,0.535882,0.245554,0.250859
0.920506,-0.014718,0.10387,0.375554,0.877296,-0.009454,0.038141,0.478079,0.757382,0.53593,0.24564,0.250764
0.920518,-0.014795,0.10385,0.375531,0.877294,-0.009534,0.038154,0.478082,0.757395,0.535927,0.245679,0.250697
0.92053,-0.014892,0.103848,0.375503,0.877292,-0.009596,0.038104,0.478091,0.757361,0.535969,0.24573,0.25066
0.920548,-0.015003,0.10381,0.375469,0.877286,-0.0098,0.038057,0.478109,0.757383,0.535957,0.245769,0.250584
0.920531,-0.015117,0.103828,0.375508,0.877292,-0.010031,0.037914,0.478117,0.757416,0.535941,0.245746,0.250545
0.920532,-0.015191,0.103796,0.375516,0.877286,-0.010173,0.037858,0.478135,0.757432,0.535935,0.245734,0.250521
0.920551,-0.01522,0.103754,0.37548,0.877276,-0.010156,0.0379,0.478151,0.757487,0.535858,0.245725,0.250531
0.920539,-0.015141,0.103816,0.37549,0.877293,-0.010026,0.038022,0.478104,0.757547,0.535782,0.245721,0.250521
0.920557,-0.0149,0.103898,0.375421,0.877315,-0.009829,0.038156,0.478048,0.757602,0.535716,0.245721,0.250498
0.920574,-0.014702,0.103968,0.37536,0.877341,-0.009653,0.038264,0.477987,0.757593,0.535734,0.245705,0.250502
0.920581,-0.014584,0.104015,0.375326,0.877382,-0.009521,0.038313,0.477906,0.757559,0.535782,0.24571,0.250495
0.920578,-0.014636,0.104034,0.375329,0.877417,-0.009549,0.038324,0.477842,0.757517,0.535855,0.245706,0.250466
0.920577,-0.014771,0.103955,0.375356,0.87742,-0.009603,0.038262,0.477842,0.75749,0.535901,0.245744,0.250414
0.920545,-0.014888,0.103853,0.375463,0.877437,-0.009655,0.038149,0.477823,0.757473,0.535947,0.245784,0.25033
0.920532,-0.014961,0.103791,0.375515,0.877435,-0.009664,0.038101,0.477832,0.757455,0.535952,0.245806,0.250353
0.920538,-0.014861,0.103759,0.375507,0.877423,-0.009566,0.038048,0.477856,0.757435,0.535997,0.245727,0.250389
0.920555,-0.014671,0.103716,0.375476,0.877448,-0.009379,0.03799,0.477811,0.757427,0.535999,0.245679,0.250456
0.920569,-0.014558,0.103636,0.375466,0.877456,-0.009291,0.037882,0.477805,0.757472,0.535939,0.245577,0.250543
0.920574,-0.014545,0.103519,0.375486,0.877441,-0.009252,0.037778,0.47784,0.757435,0.535998,0.245512,0.250591
0.920585,-0.01459,0.103394,0.375497,0.877435,-0.009194,0.037644,0.477862,0.757428,0.53602,0.24541,0.25066
0.920588,-0.014615,0.103288,0.375519,0.877403,-0.0092,0.037439,0.477939,0.757412,0.536048,0.245353,0.250705
0.920608,-0.0146,0.103197,0.375496,0.877373,-0.009306,0.037319,0.478006,0.757417,0.536041,0.245302,0.25075
0.920606,-0.014731,0.103075,0.375537,0.877344,-0.009397,0.037224,0.478071,0.757415,0.536035,0.245225,0.250842
0.920596,-0.014846,0.102961,0.375595,0.87734,-0.009537,0.037137,0.478089,0.757388,0.536066,0.245241,0.250842
0.920586,-0.014875,0.10289,0.37564,0.877339,-0.00954,0.0371,0.478093,0.757396,0.536066,0.245181,0.250875
0.920589,-0.014719,0.102828,0.37565,0.877311,-0.009442,0.037048,0.478148,0.757391,0.536052,0.24518,0.250922
0.92059,-0.014621,0.102803,0.375655,0.877306,-0.009373,0.037034,0.478156,0.757356,0.536091,0.245178,0.25094
0.920591,-0.014438,0.102823,0.375646,0.877307,-0.009266,0.037016,0.478156,0.757312,0.536153,0.245197,0.25092
0.920582,-0.014294,0.10282,0.375664,0.877318,-0.009155,0.037031,0.47813,0.757226,0.536257,0.245233,0.25092
0.920572,-0.014177,0.102806,0.375694,0.877303,-0.009013,0.037045,0.478155,0.757178,0.536324,0.245263,0.25089
0.920586,-0.014034,0.102734,0.375677,0.877276,-0.008898,0.037071,0.478199,0.75712,0.536414,0.245275,0.250859
0.920595,-0.013994,0.102703,0.375666,0.877259,-0.008821,0.037033,0.478233,0.757029,0.536503,0.245329,0.250887
0.920587,-0.014046,0.102629,0.375707,0.87726,-0.008838,0.037024,0.478231,0.756959,0.536597,0.245391,0.250834
0.92057,-0.014062,0.102649,0.375741,0.877226,-0.008834,0.03696,0.4783,0.756944,0.536613,0.245401,0.250834
0.920562,-0.014093,0.102667,0.375758,0.877203,-0.008944,0.036911,0.478348,0.756924,0.536633,0.24539,0.25086
0.920553,-0.014066,0.102668,0.375779,0.877159,-0.009003,0.036882,0.478432,0.756948,0.536583,0.245375,0.250909
0.920545,-0.014139,0.102683,0.375794,0.877143,-0.009036,0.036837,0.478466,0.756979,0.536527,0.24539,0.250922
0.920529,-0.014086,0.102765,0.37581,0.87711,-0.009014,0.036933,0.478518,0.756999,0.536474,0.245422,0.250946
0.920507,-0.014014,0.102829,0.375846,0.877086,-0.008898,0.037047,0.47855,0.757014,0.536419,0.245472,0.25097
0.920494,-0.013961,0.102951,0.375841,0.877044,-0.008797,0.037129,0.478617,0.75696,0.536474,0.245534,0.250952
0.920472,-0.013906,0.103043,0.375867,0.876994,-0.008733,0.037251,0.478696,0.756913,0.536496,0.245666,0.250916
0.920447,-0.013879,0.103091,0.375915,0.876982,-0.008828,0.037255,0.478719,0.756866,0.536545,0.245771,0.250849
0.920399,-0.014072,0.103138,0.376021,0.876921,-0.008885,0.037297,0.478828,0.756817,0.536593,0.245881,0.25079
0.920377,-0.014189,0.103149,0.376073,0.876881,-0.00905,0.037296,0.478907,0.756803,0.536575,0.245958,0.250795
0.920356,-0.014303,0.103109,0.376138,0.87683,-0.009199,0.037302,0.478999,0.756812,0.536536,0.246064,0.25075
0.920334,-0.01445,0.103079,0.376202,0.876796,-0.009385,0.037298,0.479067,0.756832,0.536498,0.246086,0.250748
0.920331,-0.014578,0.103072,0.37621,0.876763,-0.009551,0.037305,0.479131,0.756862,0.536438,0.246139,0.250744
0.920324,-0.014578,0.103105,0.376217,0.876728,-0.009582,0.037383,0.479188,0.756925,0.536319,0.246149,0.250793
0.920303,-0.014424,0.103227,0.376233,0.876702,-0.009541,0.037524,0.479222,0.756969,0.53623,0.246158,0.250844
0.920298,-0.014211,0.103351,0.376206,0.876673,-0.009395,0.037633,0.479262,0.757001,0.536171,0.246167,0.250867
0.920298,-0.014094,0.103477,0.376171,0.876676,-0.009285,0.037709,0.479248,0.757065,0.536067,0.246217,0.250853
0.920306,-0.014059,0.103561,0.376127,0.876683,-0.009162,0.037834,0.479223,0.757072,0.53604,0.24627,0.250834
0.920311,-0.014093,0.103628,0.376095,0.876714,-0.009159,0.037921,0.479157,0.757115,0.53598,0.246297,0.250815
0.920337,-0.014136,0.103715,0.376007,0.876756,-0.009143,0.03802,0.479072,0.757103,0.536005,0.246324,0.250773
0.92037,-0.014225,0.103688,0.375934,0.87678,-0.009227,0.038038,0.479028,0.757143,0.535957,0.246336,0.250744
0.920391,-0.014414,0.10363,0.375903,0.876794,-0.009353,0.03805,0.479004,0.757142,0.535955,0.246378,0.250709
0.920398,-0.014562,0.103613,0.375891,0.876813,-0.009469,0.037992,0.478976,0.757164,0.535923,0.246372,0.250719
0.920417,-0.014608,0.103518,0.375874,0.876823,-0.009603,0.037934,0.478966,0.757227,0.535867,0.246331,0.25069
0.920438,-0.014618,0.103485,0.375828,0.876797,-0.00974,0.037831,0.479024,0.757268,0.535823,0.246303,0.250692
0.920449,-0.014627,0.103444,0.375815,0.8768,-0.009785,0.03782,0.479023,0.757301,0.535796,0.246284,0.250669
0.92046,-0.014547,0.103486,0.375776,0.876788,-0.009833,0.037757,0.479049,0.757382,0.535726,0.246213,0.250647
0.920479,-0.014427,0.103474,0.375732,0.876784,-0.009864,0.037744,0.479058,0.757388,0.535725,0.246214,0.25063
0.920481,-0.014415,0.103483,0.375724,0.876795,-0.009834,0.037727,0.47904,0.757376,0.535757,0.246197,0.250618
0.920492,-0.014431,0.103506,0.37569,0.876802,-0.009844,0.037762,0.479025,0.75738,0.535767,0.246197,0.250583
0.920499,-0.014407,0.103543,0.375664,0.876811,-0.009898,0.037779,0.479008,0.757386,0.535779,0.246207,0.250533
0.920549,-0.014402,0.103515,0.375549,0.876845,-0.009947,0.037805,0.478945,0.757364,0.53584,0.24626,0.250418
0.920586,-0.014551,0.1035,0.375463,0.876887,-0.010069,0.037815,0.478867,0.75732,0.535905,0.246288,0.250383
0.920597,-0.014817,0.103439,0.375455,0.876941,-0.01028,0.037762,0.478779,0.757329,0.535911,0.246278,0.250355
0.920602,-0.01502,0.103362,0.375468,0.876964,-0.010525,0.037774,0.478738,0.757353,0.535904,0.246248,0.25033
0.920618,-0.015058,0.103328,0.375437,0.877015,-0.010646,0.037745,0.47865,0.757377,0.535895,0.246229,0.250298
0.92065,-0.014936,0.103346,0.375351,0.877072,-0.01059,0.037843,0.478536,0.757369,0.535932,0.246202,0.250267
0.9207,-0.014712,0.103394,0.375216,0.877129,-0.010366,0.038008,0.478413,0.757403,0.535884,0.246142,0.250324
0.920735,-0.014462,0.103439,0.375115,0.877213,-0.010092,0.038147,0.478243,0.757396,0.535884,0.246102,0.250384
0.920784,-0.014358,0.103365,0.375015,0.8773,-0.009931,0.038207,0.478072,0.757402,0.535904,0.246051,0.250371
0.920816,-0.014495,0.103233,0.374978,0.87736,-0.009968,0.038109,0.477975,0.757405,0.5359,0.246002,0.25042
0.92083,-0.014824,0.103038,0.375,0.877391,-0.010189,0.037889,0.47794,0.757339,0.535998,0.245964,0.250444
0.920838,-0.015219,0.102833,0.375043,0.877386,-0.010549,0.037645,0.477977,0.757296,0.536065,0.245906,0.250479
0.920832,-0.015483,0.102671,0.375106,0.877337,-0.010865,0.037506,0.478085,0.757304,0.53608,0.245834,0.250496
0.920824,-0.015591,0.102636,0.375133,0.877282,-0.010965,0.037454,0.478193,0.757339,0.536045,0.245774,0.250522
0.920821,-0.015463,0.102652,0.375137,0.877262,-0.010889,0.037453,0.478228,0.757411,0.535954,0.245784,0.250496
0.920828,-0.015242,0.102696,0.375107,0.877252,-0.010745,0.037538,0.478237,0.757445,0.535931,0.245755,0.250472
0.920821,-0.015085,0.102769,0.375102,0.877257,-0.010574,0.037573,0.478221,0.757453,0.535912,0.245791,0.250453
0.92081,-0.015029,0.102833,0.37511,0.87728,-0.010435,0.037623,0.478172,0.757414,0.535951,0.245831,0.25045
0.920801,-0.015082,0.102774,0.375149,0.877302,-0.010346,0.037691,0.478126,0.757318,0.536065,0.24591,0.250414
0.920812,-0.015257,0.102716,0.37514,0.877309,-0.010476,0.0377,0.478113,0.757255,0.53616,0.245933,0.250375
0.92084,-0.015433,0.102688,0.375079,0.877318,-0.010542,0.037755,0.478092,0.757219,0.536222,0.245972,0.250314
0.920865,-0.015514,0.102648,0.37503,0.877333,-0.010559,0.03777,0.478065,0.757206,0.536228,0.245983,0.250331
0.920881,-0.015613,0.102601,0.375004,0.877327,-0.010601,0.037795,0.478073,0.757242,0.536184,0.245955,0.250347
0.920895,-0.015678,0.102557,0.374985,0.877316,-0.010661,0.03781,0.478093,0.757276,0.536096,0.246011,0.250375
0.9209,-0.015773,0.102511,0.374985,0.877313,-0.010781,0.037823,0.478099,0.757328,0.536018,0.246046,0.250355
0.920897,-0.015865,0.102516,0.374989,0.877332,-0.01088,0.03786,0.478064,0.757356,0.535987,0.246031,0.250352
0.920907,-0.015871,0.102487,0.374974,0.877354,-0.010913,0.037875,0.478021,0.757342,0.535969,0.246049,0.250414
0.920925,-0.015817,0.102525,0.374918,0.877379,-0.010897,0.037964,0.477968,0.757392,0.535904,0.246026,0.250424
0.920928,-0.015812,0.102575,0.374896,0.877412,-0.010929,0.038049,0.477902,0.757419,0.535852,0.246067,0.250414
0.920915,-0.015845,0.102703,0.374893,0.877401,-0.010948,0.038184,0.477909,0.757381,0.535858,0.24615,0.250434
0.920881,-0.015847,0.102789,0.374953,0.877418,-0.010956,0.038287,0.477868,0.757376,0.535834,0.246217,0.250436
0.920843,-0.015876,0.102934,0.375004,0.877431,-0.010912,0.038365,0.477836,0.757356,0.535832,0.246316,0.250403
0.920833,-0.015862,0.103044,0.374997,0.877435,-0.010841,0.038477,0.477819,0.757344,0.53581,0.246407,0.250402
0.920811,-0.015912,0.10309,0.375038,0.877482,-0.010823,0.038573,0.477723,0.75736,0.535768,0.246493,0.250362
0.920784,-0.015955,0.103119,0.375094,0.877485,-0.010823,0.03864,0.477709,0.757382,0.535707,0.246585,0.250336
0.920756,-0.016117,0.103126,0.375163,0.877489,-0.010947,0.03869,0.477702,0.757399,0.53567,0.246634,0.250316
0.920736,-0.01644,0.103094,0.375222,0.87748,-0.011188,0.03877,0.477715,0.75743,0.535634,0.246621,0.250315
0.920723,-0.016717,0.103052,0.375265,0.877464,-0.011391,0.03884,0.477741,0.75745,0.535569,0.246655,0.250361
0.920736,-0.01686,0.103016,0.375246,0.877471,-0.011574,0.038897,0.477726,0.757473,0.535515,0.246698,0.250365
0.920753,-0.016816,0.103081,0.375185,0.877486,-0.01162,0.039004,0.477689,0.757526,0.535425,0.246713,0.250383
0.920774,-0.016794,0.103136,0.375118,0.877511,-0.011614,0.039129,0.47763,0.757531,0.5354,0.246775,0.250362
0.920794,-0.016756,0.103231,0.375043,0.877535,-0.011538,0.039241,0.477574,0.757548,0.535382,0.246838,0.250294
0.92077,-0.01669,0.103368,0.375058,0.877547,-0.01146,0.039337,0.477544,0.757525,0.535394,0.2469,0.250274
0.920801,-0.016647,0.103434,0.374965,0.877557,-0.011405,0.039418,0.477516,0.757491,0.535419,0.246977,0.250243
0.920795,-0.016695,0.103459,0.374973,0.877559,-0.011391,0.039501,0.477505,0.757431,0.535504,0.247029,0.250196
0.920813,-0.016801,0.103465,0.374926,0.877584,-0.011438,0.039525,0.477457,0.757387,0.535546,0.247061,0.250202
0.920821,-0.016899,0.103431,0.374917,0.877619,-0.011492,0.039554,0.477391,0.757374,0.535553,0.247116,0.250175
0.920809,-0.016964,0.103397,0.374955,0.87764,-0.011581,0.039573,0.477354,0.757403,0.535516,0.247133,0.250151
0.920819,-0.017006,0.103394,0.374936,0.877636,-0.011683,0.039611,0.477358,0.757431,0.535502,0.2471,0.25013
0.920831,-0.017021,0.103391,0.374905,0.877666,-0.011778,0.039654,0.4773,0.757448,0.535447,0.247127,0.25017
0.920841,-0.016963,0.103348,0.374891,0.877661,-0.011824,0.039641,0.477312,0.757456,0.535423,0.247158,0.25017
0.92086,-0.016913,0.103351,0.374846,0.877674,-0.011816,0.03964,0.477287,0.757486,0.535385,0.247134,0.250184
0.920864,-0.016842,0.103408,0.374817,0.877711,-0.011791,0.03967,0.477216,0.757491,0.535358,0.247134,0.250221
0.920879,-0.016741,0.103466,0.374764,0.877715,-0.011735,0.039687,0.477208,0.757482,0.535377,0.24714,0.250206
0.92089,-0.016738,0.103474,0.374735,0.877755,-0.011755,0.039728,0.477127,0.757443,0.535421,0.247162,0.250205
0.920904,-0.016823,0.103478,0.3747,0.877765,-0.011737,0.039819,0.477103,0.757417,0.535435,0.247222,0.250194
0.920911,-0.016893,0.103435,0.374694,0.877767,-0.011847,0.039884,0.477094,0.757428,0.535426,0.247217,0.250188
0.920913,-0.016986,0.103443,0.374688,0.877788,-0.011957,0.039885,0.477056,0.757439,0.535417,0.247238,0.250155
0.920911,-0.017059,0.103408,0.374703,0.877815,-0.012024,0.039928,0.477005,0.757453,0.535403,0.247255,0.250128
0.920906,-0.017033,0.103441,0.374706,0.877807,-0.011981,0.040032,0.477008,0.757474,0.535365,0.247257,0.250143
0.920922,-0.016947,0.103444,0.374666,0.877831,-0.011846,0.040168,0.476949,0.757466,0.535366,0.247275,0.250145
0.920934,-0.01681,0.103485,0.374624,0.877847,-0.011661,0.040326,0.476902,0.757421,0.535421,0.247339,0.250099
0.920959,-0.01664,0.103513,0.374554,0.877882,-0.01149,0.040367,0.476832,0.757347,0.535504,0.247353,0.250131
0.920975,-0.016641,0.103474,0.374526,0.877922,-0.011388,0.040332,0.47676,0.757312,0.535538,0.247361,0.250153
0.920969,-0.016688,0.103383,0.374566,0.877956,-0.011434,0.040244,0.476706,0.757291,0.535561,0.247381,0.250146
0.920982,-0.016801,0.103261,0.374572,0.877968,-0.011455,0.040143,0.476692,0.757286,0.535572,0.247341,0.250175
0.920986,-0.016863,0.103159,0.37459,0.877982,-0.011384,0.040096,0.476672,0.757267,0.535589,0.247311,0.250223
0.920997,-0.016825,0.10313,0.374571,0.877997,-0.011278,0.040049,0.476647,0.757288,0.535558,0.24721,0.250322
0.921008,-0.016779,0.103088,0.374559,0.878009,-0.011188,0.040058,0.476622,0.757314,0.535516,0.24713,0.250412
0.92101,-0.01674,0.103033,0.374567,0.878029,-0.011104,0.040038,0.476585,0.757319,0.535491,0.247118,0.250461
0.92102,-0.016669,0.102989,0.374556,0.878063,-0.011024,0.040068,0.476519,0.757297,0.535521,0.247096,0.25048
0.92102,-0.016666,0.102917,0.374575,0.878073,-0.010986,0.04009,0.476498,0.757273,0.535559,0.24711,0.250458
0.921008,-0.016661,0.10288,0.374616,0.878111,-0.011005,0.040069,0.476429,0.757223,0.535633,0.247153,0.250411
0.921001,-0.016712,0.102882,0.374633,0.878112,-0.011,0.040078,0.476426,0.757185,0.535683,0.247163,0.250407
0.920993,-0.016761,0.102896,0.374648,0.878128,-0.011069,0.040066,0.4764,0.757101,0.535779,0.247221,0.250394
0.921008,-0.016772,0.102916,0.374606,0.878144,-0.011111,0.040126,0.476365,0.757032,0.53588,0.247264,0.250343
0.921013,-0.016853,0.102899,0.3746,0.87817,-0.011167,0.04024,0.476306,0.756976,0.535916,0.247335,0.250362
0.921019,-0.016873,0.102895,0.374586,0.878192,-0.011133,0.040335,0.476256,0.756921,0.53597,0.247339,0.250406
0.92105,-0.016785,0.102909,0.374505,0.878223,-0.011027,0.040403,0.476191,0.756909,0.535957,0.247357,0.250451
0.921076,-0.016647,0.102925,0.374437,0.878245,-0.010958,0.040448,0.476147,0.756894,0.535961,0.247379,0.250464
0.9211,-0.016641,0.102942,0.374373,0.878279,-0.010943,0.040481,0.476081,0.756908,0.535951,0.247431,0.250396
0.921107,-0.016705,0.10294,0.374357,0.878296,-0.010976,0.040463,0.476051,0.756914,0.535954,0.247406,0.250396
0.921131,-0.016772,0.102922,0.374302,0.878314,-0.01109,0.040518,0.476013,0.756885,0.535977,0.247433,0.250404
0.921147,-0.016883,0.102921,0.374263,0.878334,-0.011113,0.040564,0.475974,0.756873,0.535985,0.247444,0.25041
0.921162,-0.016994,0.102913,0.374231,0.87836,-0.011183,0.040586,0.475923,0.756934,0.535895,0.247416,0.250449
0.921182,-0.017115,0.102948,0.374169,0.878368,-0.011242,0.040631,0.475906,0.756982,0.535849,0.247385,0.250436
0.921183,-0.017248,0.102951,0.374164,0.878395,-0.011361,0.040706,0.475849,0.757005,0.535802,0.247446,0.250412
0.921178,-0.017269,0.102982,0.374171,0.878402,-0.011427,0.04075,0.475834,0.757055,0.535714,0.24745,0.250446
0.921178,-0.017405,0.102985,0.37417,0.878417,-0.011466,0.04086,0.475797,0.757063,0.53569,0.247477,0.250448
0.921163,-0.017491,0.103038,0.374191,0.87841,-0.011496,0.040967,0.475799,0.757106,0.53562,0.247547,0.250399
0.921187,-0.017503,0.103134,0.374105,0.878412,-0.011463,0.041087,0.475783,0.757127,0.535567,0.247637,0.250365
0.921205,-0.017551,0.103143,0.374058,0.878447,-0.011445,0.041125,0.475715,0.757142,0.535539,0.247696,0.250321
0.921205,-0.017615,0.103171,0.37405,0.878466,-0.01154,0.041182,0.475676,0.757163,0.535488,0.247725,0.250343
0.921211,-0.01773,0.103181,0.374032,0.878492,-0.011598,0.041251,0.475621,0.757171,0.53548,0.247732,0.250326
0.921232,-0.01777,0.103174,0.373981,0.878511,-0.011598,0.04134,0.475578,0.757173,0.535467,0.247739,0.250341
0.921227,-0.017815,0.103253,0.37397,0.87852,-0.011646,0.041464,0.47555,0.757179,0.535421,0.247754,0.250404
0.921238,-0.017797,0.103306,0.373926,0.878542,-0.011594,0.041538,0.475502,0.75721,0.535381,0.247739,0.250414
0.921266,-0.017764,0.103334,0.373851,0.878576,-0.011523,0.041681,0.475424,0.757213,0.535355,0.247765,0.250434
0.921281,-0.017717,0.103365,0.373805,0.878619,-0.011428,0.041763,0.475336,0.757217,0.535332,0.247774,0.250464
0.921296,-0.017687,0.103404,0.373757,0.878647,-0.011368,0.041881,0.47527,0.757214,0.535343,0.24779,0.250431
0.921319,-0.017651,0.103422,0.373696,0.878681,-0.011297,0.041949,0.475201,0.757215,0.535344,0.247788,0.250429
0.921333,-0.01761,0.103436,0.373659,0.878671,-0.011231,0.042027,0.47521,0.757182,0.535355,0.247827,0.250466
0.921347,-0.017697,0.103391,0.373636,0.878674,-0.011289,0.042027,0.475205,0.757139,0.535406,0.247849,0.250464
0.921355,-0.017775,0.103324,0.373635,0.878677,-0.011394,0.042,0.475203,0.757117,0.53541,0.247823,0.25054
0.921345,-0.017892,0.103241,0.373685,0.878636,-0.011531,0.041968,0.475285,0.757125,0.5354,0.247812,0.250549
0.921334,-0.017864,0.103179,0.373729,0.878624,-0.011546,0.041904,0.475315,0.757173,0.53535,0.247792,0.250535
0.92133,-0.017723,0.103114,0.373756,0.87864,-0.011496,0.041864,0.475287,0.757168,0.535384,0.247758,0.250511
0.921339,-0.017533,0.103106,0.373739,0.878676,-0.011314,0.041871,0.475218,0.757157,0.535402,0.247718,0.250545
0.921349,-0.017307,0.103155,0.373701,0.878679,-0.011094,0.04187,0.475208,0.757134,0.535422,0.247691,0.250597
0.92137,-0.017216,0.103191,0.373637,0.878681,-0.011015,0.04184,0.475207,0.757125,0.535446,0.247633,0.250626
0.921386,-0.017214,0.103189,0.3736,0.878691,-0.010948,0.041799,0.475192,0.757058,0.535525,0.247615,0.250671
0.921402,-0.017324,0.103154,0.37357,0.878706,-0.010966,0.041708,0.475174,0.756998,0.535611,0.247629,0.250653
0.921426,-0.017464,0.103081,0.373531,0.878715,-0.011088,0.04162,0.475167,0.756967,0.535654,0.247639,0.250643
0.921463,-0.017591,0.102995,0.373464,0.878749,-0.011224,0.041525,0.475115,0.756976,0.535661,0.247594,0.25065
0.921507,-0.017676,0.102904,0.373382,0.878781,-0.011301,0.04148,0.475062,0.756999,0.535627,0.247606,0.250642
0.921517,-0.017757,0.102835,0.373379,0.878809,-0.011356,0.041435,0.475014,0.757065,0.535539,0.247582,0.250655
0.921515,-0.017778,0.102746,0.373408,0.878827,-0.011342,0.041439,0.474982,0.757117,0.535475,0.24752,0.250694
0.921504,-0.017738,0.102752,0.373432,0.878835,-0.011216,0.041507,0.474958,0.757138,0.535479,0.247477,0.25067
0.92151,-0.017599,0.10273,0.373426,0.878848,-0.011062,0.041555,0.474927,0.757138,0.535485,0.247465,0.250668
0.921532,-0.017585,0.102705,0.373376,0.878886,-0.011026,0.041539,0.474856,0.757092,0.535549,0.247479,0.250655
0.92158,-0.017598,0.102663,0.373272,0.878906,-0.010951,0.041447,0.474829,0.757023,0.535652,0.247503,0.250614
0.921613,-0.017707,0.102583,0.373213,0.878935,-0.010995,0.041344,0.474786,0.756954,0.535749,0.247505,0.250612
0.921624,-0.017777,0.102456,0.373224,0.878987,-0.011013,0.04124,0.4747,0.75691,0.535825,0.247494,0.25059
0.921643,-0.017916,0.102337,0.37321,0.879024,-0.01106,0.041093,0.474647,0.75689,0.535874,0.247439,0.250602
0.921663,-0.017954,0.102239,0.373189,0.879034,-0.01115,0.041013,0.474638,0.75692,0.535815,0.247399,0.250676
0.921644,-0.017978,0.102252,0.373233,0.879024,-0.011139,0.040959,0.474661,0.757001,0.535699,0.247326,0.25075
0.921644,-0.017916,0.102286,0.373223,0.879013,-0.011187,0.040981,0.474681,0.757075,0.53559,0.247274,0.250814
0.921643,-0.017817,0.102344,0.37321,0.879012,-0.011041,0.041011,0.474677,0.757142,0.535483,0.247233,0.250881
0.921644,-0.017691,0.102415,0.373186,0.878999,-0.010912,0.041165,0.474682,0.757212,0.53539,0.247209,0.250892
0.921641,-0.01761,0.102553,0.373152,0.878993,-0.01078,0.04128,0.474681,0.757226,0.535357,0.247217,0.250915
0.921644,-0.0175,0.10263,0.373125,0.878991,-0.010624,0.041417,0.474668,0.757224,0.535341,0.247278,0.250894
0.921637,-0.017478,0.102715,0.373117,0.879008,-0.010552,0.041465,0.474631,0.75719,0.535348,0.247391,0.250873
0.921645,-0.017564,0.10277,0.373083,0.878996,-0.010643,0.041471,0.474654,0.757149,0.535408,0.247427,0.250832
0.921622,-0.017827,0.102788,0.373133,0.878985,-0.010858,0.04139,0.474685,0.757086,0.535438,0.247571,0.250815
0.921604,-0.01809,0.102757,0.373187,0.878979,-0.011118,0.04129,0.474712,0.75707,0.535435,0.24763,0.25081
0.921578,-0.018324,0.102724,0.373259,0.878946,-0.011388,0.041255,0.47478,0.757071,0.535405,0.247734,0.250774
0.921553,-0.01843,0.102751,0.373312,0.878918,-0.011539,0.041254,0.474835,0.757105,0.535311,0.247847,0.250759
0.921527,-0.018407,0.102786,0.373367,0.878906,-0.011538,0.041328,0.474849,0.757148,0.535217,0.24786,0.250819
0.921534,-0.018272,0.102893,0.373317,0.878879,-0.011438,0.041448,0.474886,0.757211,0.535106,0.2479,0.250829
0.921536,-0.018114,0.103007,0.37328,0.878857,-0.011352,0.041542,0.474916,0.757228,0.535061,0.247939,0.250837
0.921522,-0.018117,0.103061,0.373301,0.878831,-0.011312,0.04168,0.47495,0.757246,0.535019,0.247987,0.250823
0.921509,-0.018077,0.103157,0.373305,0.878813,-0.011355,0.04177,0.474974,0.757265,0.534996,0.248033,0.250776
0.921494,-0.018156,0.103218,0.373322,0.878812,-0.011422,0.041813,0.474974,0.757241,0.53498,0.248141,0.250772
0.9215,-0.018227,0.10327,0.373292,0.878816,-0.011486,0.041886,0.474959,0.75723,0.534975,0.248209,0.250753
0.921495,-0.018241,0.103339,0.373287,0.878811,-0.01152,0.041972,0.474962,0.757228,0.534961,0.248316,0.250687
0.921489,-0.018311,0.1034,0.373282,0.878815,-0.011533,0.042154,0.474935,0.757233,0.534951,0.248376,0.250634
0.921508,-0.018269,0.103459,0.373219,0.878847,-0.011509,0.042332,0.474857,0.757215,0.534966,0.24842,0.250615
0.921535,-0.018099,0.103562,0.373123,0.878886,-0.011386,0.042499,0.474768,0.757203,0.534976,0.248449,0.250598
0.921562,-0.017995,0.103665,0.373028,0.878912,-0.011218,0.042615,0.474705,0.757228,0.534942,0.248487,0.250561
0.921577,-0.01803,0.103694,0.372981,0.878933,-0.01118,0.042679,0.474658,0.757218,0.534964,0.248493,0.250541
0.92158,-0.018088,0.103692,0.372974,0.878943,-0.011211,0.042738,0.474635,0.757213,0.534979,0.248507,0.250511
0.921569,-0.018196,0.103685,0.373002,0.878956,-0.011268,0.042788,0.474608,0.75723,0.534944,0.24854,0.250501
0.921562,-0.018247,0.103689,0.373017,0.878953,-0.011359,0.042749,0.474619,0.757297,0.534859,0.248491,0.25053
0.921554,-0.018249,0.103773,0.373012,0.878968,-0.011298,0.0428,0.474585,0.757387,0.534734,0.248469,0.250551
0.921577,-0.018253,0.103769,0.372957,0.87898,-0.011309,0.04286,0.474557,0.757457,0.534642,0.24842,0.250586
0.921571,-0.01826,0.10382,0.372959,0.878998,-0.011322,0.04286,0.474524,0.75752,0.534572,0.248356,0.250609
0.921586,-0.018281,0.103879,0.372904,0.878966,-0.011338,0.042913,0.474575,0.757532,0.534547,0.248375,0.250609
0.921615,-0.018259,0.103917,0.372821,0.87899,-0.011302,0.042817,0.474541,0.757522,0.534572,0.24841,0.250552
0.92163,-0.018257,0.103915,0.372785,0.878995,-0.011306,0.042826,0.474531,0.757466,0.53465,0.248482,0.250483
0.92164,-0.018244,0.103885,0.37277,0.879035,-0.011263,0.04283,0.474458,0.757416,0.534724,0.248516,0.250441
0.921637,-0.018169,0.103851,0.372785,0.879051,-0.011264,0.042805,0.47443,0.757375,0.534835,0.24852,0.250325
0.921647,-0.018123,0.10382,0.372772,0.879053,-0.011333,0.042792,0.474429,0.757372,0.534855,0.248558,0.250258
0.921657,-0.01808,0.10381,0.372749,0.87904,-0.011285,0.042754,0.474456,0.757347,0.534895,0.248565,0.250238
0.921689,-0.017961,0.103768,0.372684,0.879017,-0.011201,0.042736,0.4745,0.757317,0.534956,0.248509,0.250254
0.921705,-0.017819,0.103744,0.37265,0.879023,-0.011116,0.042684,0.474491,0.7573,0.534975,0.248498,0.250271
0.921737,-0.017746,0.103739,0.372573,0.879034,-0.011013,0.042661,0.474472,0.757291,0.534986,0.24848,0.250293
0.921751,-0.017606,0.103747,0.372539,0.87908,-0.01089,0.042655,0.474385,0.757258,0.535008,0.248467,0.250358
0.921763,-0.017514,0.103748,0.372507,0.879106,-0.010743,0.042732,0.474326,0.757256,0.535011,0.248438,0.250384
0.921775,-0.017552,0.103717,0.372485,0.879159,-0.010711,0.042761,0.474223,0.757285,0.535006,0.248388,0.250353
0.921789,-0.017665,0.103704,0.372455,0.879178,-0.0108,0.042732,0.474193,0.75726,0.535047,0.248372,0.250359
0.921802,-0.017737,0.103663,0.372435,0.879167,-0.010919,0.042715,0.474218,0.757282,0.535054,0.248345,0.25031
0.921802,-0.017717,0.103689,0.372427,0.879162,-0.010952,0.042686,0.47423,0.757318,0.535007,0.248294,0.250349
0.921808,-0.017653,0.103715,0.372407,0.879178,-0.010894,0.042655,0.474204,0.75738,0.534928,0.248255,0.250371
0.921816,-0.017513,0.103709,0.372388,0.879213,-0.010745,0.042654,0.474135,0.757415,0.534884,0.248262,0.250353
0.921845,-0.017432,0.103686,0.372321,0.879266,-0.01059,0.042674,0.474033,0.757379,0.534938,0.248264,0.250346
0.921869,-0.017441,0.10363,0.372278,0.879307,-0.010535,0.042615,0.473961,0.757362,0.534995,0.248236,0.2503
0.921896,-0.017573,0.1035,0.37225,0.879316,-0.010644,0.042512,0.473958,0.757311,0.535095,0.248208,0.25027
0.921934,-0.01779,0.103361,0.372197,0.879339,-0.010831,0.042309,0.473939,0.757296,0.535125,0.248183,0.250277
0.921971,-0.017971,0.10324,0.372138,0.879373,-0.010969,0.042161,0.473895,0.757308,0.535118,0.248155,0.250283
0.921992,-0.018105,0.103142,0.372115,0.879394,-0.011113,0.042069,0.473865,0.757351,0.535059,0.24811,0.25032
0.922009,-0.018066,0.103161,0.372067,0.879414,-0.0111,0.042045,0.473831,0.757433,0.534953,0.248039,0.250374
0.922052,-0.018017,0.103162,0.371962,0.879426,-0.011086,0.042053,0.473806,0.757486,0.534873,0.248009,0.250413
0.92207,-0.01797,0.10324,0.371896,0.87946,-0.011054,0.042104,0.473738,0.757539,0.534834,0.247936,0.250411
0.922085,-0.017966,0.103252,0.371855,0.879502,-0.011025,0.042115,0.473658,0.757525,0.534872,0.247905,0.250401
0.922092,-0.01796,0.103275,0.37183,0.879516,-0.011029,0.042131,0.473631,0.757536,0.534879,0.247919,0.250343
0.922085,-0.017996,0.10331,0.371838,0.879546,-0.011007,0.04216,0.473571,0.757528,0.534904,0.247927,0.250305
0.922099,-0.017908,0.103351,0.371791,0.879574,-0.010973,0.042222,0.473514,0.757506,0.534904,0.248008,0.250296
0.922132,-0.017779,0.103361,0.371706,0.879591,-0.010909,0.042296,0.473473,0.757482,0.534944,0.248053,0.250238
0.922148,-0.017769,0.103394,0.371655,0.879604,-0.010819,0.042344,0.473443,0.757468,0.535005,0.248017,0.250183
0.922177,-0.01776,0.103412,0.371581,0.879631,-0.010757,0.042412,0.473385,0.75736,0.535126,0.248097,0.250168
0.922212,-0.017761,0.103461,0.371478,0.879688,-0.01069,0.042516,0.473268,0.757259,0.53525,0.24817,0.250132
0.922258,-0.017729,0.10344,0.371371,0.879732,-0.010633,0.042503,0.473186,0.7572,0.53533,0.248199,0.250109
0.92229,-0.01776,0.103461,0.371285,0.879767,-0.010666,0.04246,0.473125,0.757143,0.535401,0.24825,0.250077
0.922332,-0.017784,0.103481,0.371174,0.879804,-0.010692,0.042478,0.473057,0.757134,0.535406,0.248307,0.250039
0.922381,-0.017841,0.103534,0.371038,0.879839,-0.010792,0.0425,0.472991,0.757129,0.535397,0.248326,0.250053
0.922411,-0.017785,0.10357,0.370954,0.879886,-0.01082,0.042562,0.472898,0.757166,0.535368,0.248317,0.250019
0.922434,-0.017713,0.103606,0.370884,0.879943,-0.010714,0.042596,0.472786,0.757218,0.535323,0.248299,0.249979
0.92246,-0.017681,0.10373,0.370786,0.879989,-0.010599,0.042664,0.472692,0.757292,0.535229,0.24832,0.249938
0.922479,-0.017621,0.10378,0.370725,0.880003,-0.010563,0.042775,0.472654,0.757321,0.535183,0.248336,0.249933
0.922493,-0.017617,0.103857,0.370665,0.880059,-0.010503,0.042865,0.472539,0.757337,0.535169,0.248331,0.249923
0.922507,-0.017706,0.103899,0.37062,0.880103,-0.010536,0.042902,0.472455,0.757328,0.535191,0.248363,0.249869
0.92252,-0.017874,0.103855,0.370598,0.880129,-0.010676,0.042939,0.472404,0.757301,0.535241,0.248373,0.249835
0.92254,-0.017979,0.103812,0.37056,0.880158,-0.0108,0.042922,0.472355,0.757263,0.53528,0.248502,0.249742
0.922588,-0.018023,0.103778,0.37045,0.880196,-0.010911,0.042907,0.472287,0.757278,0.535281,0.24856,0.249641
0.922617,-0.018151,0.103748,0.370386,0.880208,-0.011041,0.042812,0.472278,0.757304,0.535233,0.248606,0.249619
0.922633,-0.018302,0.103752,0.370346,0.88022,-0.011173,0.042792,0.472258,0.757338,0.53519,0.248623,0.249598
0.922649,-0.018496,0.103725,0.370315,0.880208,-0.011317,0.042798,0.472283,0.757384,0.535119,0.248628,0.249604
0.922646,-0.018513,0.10375,0.370313,0.880192,-0.011369,0.042821,0.472313,0.757445,0.535031,0.248625,0.249615
0.922653,-0.018467,0.103787,0.370286,0.880177,-0.011386,0.042917,0.472328,0.757489,0.534988,0.248574,0.249624
0.922668,-0.01832,0.103892,0.370219,0.880172,-0.011316,0.043028,0.472325,0.757536,0.534942,0.248564,0.249597
0.922689,-0.0182,0.103915,0.370159,0.880176,-0.011191,0.04307,0.472313,0.757542,0.534936,0.248561,0.249592
0.922711,-0.018101,0.103967,0.370092,0.880195,-0.011087,0.043138,0.472269,0.75754,0.534911,0.248601,0.249609
0.92273,-0.018086,0.104007,0.370031,0.880221,-0.011067,0.043168,0.472216,0.757533,0.53494,0.248619,0.249555
0.922756,-0.018181,0.104028,0.369962,0.880241,-0.011185,0.043173,0.472182,0.757481,0.534992,0.248695,0.249525
0.92276,-0.018232,0.104057,0.369941,0.880275,-0.011232,0.043211,0.472114,0.757422,0.535082,0.248755,0.249449
0.922747,-0.018208,0.104103,0.369961,0.880308,-0.011203,0.043265,0.472046,0.75738,0.535147,0.248786,0.249406
0.92274,-0.018162,0.104158,0.369964,0.880339,-0.011149,0.04335,0.47198,0.757404,0.535124,0.248796,0.249377
0.922732,-0.018058,0.104168,0.36998,0.88036,-0.011077,0.043417,0.471932,0.757406,0.535087,0.248842,0.2494
0.92273,-0.018021,0.104172,0.369984,0.88034,-0.011018,0.043495,0.471961,0.757417,0.535094,0.248825,0.249375
0.922736,-0.017997,0.104202,0.369959,0.880344,-0.010912,0.043522,0.471949,0.757446,0.535061,0.248818,0.249367
0.92274,-0.017991,0.104218,0.369945,0.880383,-0.010926,0.04348,0.471881,0.75745,0.535055,0.248811,0.249372
0.922736,-0.017952,0.104258,0.369942,0.880417,-0.010936,0.043522,0.471812,0.757437,0.535091,0.248807,0.249339
0.922773,-0.017935,0.10421,0.369867,0.880437,-0.010862,0.043513,0.471774,0.757419,0.535125,0.248806,0.249319
0.922806,-0.018009,0.104147,0.3698,0.880474,-0.010856,0.043471,0.471711,0.757395,0.535167,0.248771,0.249336
0.922829,-0.018071,0.104092,0.369761,0.880481,-0.010957,0.043388,0.471707,0.757365,0.535226,0.248764,0.249308
0.922853,-0.018226,0.10401,0.369723,0.880496,-0.011133,0.04326,0.471695,0.757375,0.535233,0.24875,0.249278
0.922847,-0.018376,0.103982,0.369747,0.880504,-0.011244,0.043188,0.471692,0.757385,0.535202,0.248712,0.249347
0.922842,-0.018364,0.103941,0.369772,0.8805,-0.011244,0.043193,0.471698,0.757441,0.53511,0.248706,0.249382
0.922849,-0.018192,0.103931,0.369757,0.880515,-0.011063,0.043276,0.471657,0.757493,0.535045,0.248702,0.24937
0.922849,-0.018007,0.103927,0.369758,0.880551,-0.010923,0.04335,0.471582,0.757481,0.535071,0.248687,0.249366
0.922875,-0.017861,0.10393,0.369693,0.880578,-0.010737,0.043423,0.471518,0.757445,0.535112,0.248713,0.249361
0.922907,-0.017817,0.103883,0.369627,0.880596,-0.010592,0.043434,0.471483,0.757373,0.535205,0.248744,0.249348
0.922935,-0.017808,0.103829,0.369572,0.880585,-0.010547,0.043322,0.471512,0.757287,0.535328,0.248765,0.249322
0.922954,-0.017831,0.1037,0.369565,0.880594,-0.010565,0.043157,0.471513,0.7572,0.535454,0.248764,0.24931
0.922981,-0.017885,0.103554,0.369538,0.880597,-0.01063,0.043012,0.471524,0.757143,0.535547,0.248727,0.249318
0.92298,-0.017913,0.103432,0.369577,0.88062,-0.010615,0.042846,0.471498,0.757128,0.53557,0.248661,0.249375
0.92299,-0.01783,0.10337,0.369572,0.880628,-0.010603,0.042697,0.471497,0.757169,0.535522,0.248533,0.249481
0.922984,-0.01768,0.103348,0.369592,0.880635,-0.010526,0.042609,0.471492,0.7572,0.535482,0.248456,0.249547
0.922978,-0.017577,0.103316,0.369619,0.880634,-0.010456,0.04257,0.471498,0.757226,0.535462,0.24836,0.249606
0.922962,-0.017507,0.103263,0.369672,0.880625,-0.01041,0.042524,0.471519,0.757226,0.535478,0.248312,0.249618
0.922941,-0.017481,0.103238,0.369732,0.880629,-0.0104,0.042444,0.471518,0.75718,0.535523,0.248274,0.249693
0.92296,-0.017425,0.103169,0.369704,0.880604,-0.010445,0.042337,0.471577,0.757133,0.535569,0.248315,0.249696
0.922953,-0.017457,0.10311,0.36974,0.880605,-0.010504,0.042224,0.471588,0.757094,0.535622,0.248331,0.249685
0.922946,-0.017467,0.103068,0.36977,0.880613,-0.010491,0.042186,0.471576,0.757036,0.53569,0.248345,0.249699
0.922947,-0.017442,0.10302,0.369782,0.880618,-0.010491,0.042119,0.471572,0.756985,0.535713,0.248405,0.249736
0.922944,-0.017446,0.10305,0.369778,0.880598,-0.010438,0.042152,0.471606,0.756904,0.535811,0.248442,0.249733
0.922938,-0.017396,0.103069,0.369788,0.880592,-0.010382,0.042253,0.471606,0.756826,0.535882,0.248492,0.249761
0.922917,-0.017292,0.103089,0.369835,0.880569,-0.010217,0.042327,0.471639,0.756761,0.535957,0.248543,0.249749
0.9229,-0.017197,0.103173,0.369852,0.880578,-0.010106,0.04243,0.471609,0.756704,0.536013,0.248594,0.249745
0.922892,-0.017098,0.103295,0.369838,0.880566,-0.009994,0.042558,0.471616,0.756679,0.536045,0.248612,0.249734
0.92288,-0.017005,0.103421,0.369829,0.880575,-0.009933,0.042597,0.471594,0.756673,0.536031,0.248675,0.24972
0.922861,-0.017107,0.103415,0.369882,0.880548,-0.009952,0.042633,0.471642,0.75667,0.535991,0.24874,0.249749
0.922823,-0.01723,0.10342,0.369974,0.880519,-0.010078,0.042665,0.471695,0.756707,0.53593,0.248734,0.249778
0.922806,-0.017416,0.103404,0.37002,0.880485,-0.010258,0.042648,0.471763,0.756728,0.535893,0.248767,0.249758
0.922777,-0.017545,0.103439,0.370084,0.880446,-0.010412,0.042637,0.47184,0.756745,0.53581,0.248866,0.249789
0.922748,-0.017643,0.10347,0.370146,0.880431,-0.010523,0.042697,0.471864,0.756787,0.53573,0.248937,0.249767
0.922738,-0.017639,0.103536,0.370151,0.880409,-0.010542,0.042803,0.471893,0.756806,0.535669,0.24899,0.249788
0.922716,-0.017622,0.103664,0.370168,0.880383,-0.010567,0.042859,0.471938,0.756809,0.535641,0.24907,0.249761
0.922713,-0.01756,0.103748,0.37015,0.880393,-0.010478,0.042984,0.471905,0.756783,0.535646,0.249128,0.249773
0.922718,-0.01748,0.103892,0.370095,0.880404,-0.010403,0.043109,0.471868,0.756775,0.535599,0.249222,0.249801
0.922725,-0.017498,0.104032,0.370038,0.880412,-0.010389,0.04318,0.471848,0.756759,0.535605,0.249313,0.249746
0.922721,-0.01764,0.104143,0.370016,0.880421,-0.01044,0.043251,0.471825,0.756739,0.5356,0.249423,0.249709
0.922718,-0.017727,0.10423,0.369997,0.880436,-0.010521,0.043367,0.471786,0.756723,0.535591,0.249518,0.249683
0.922718,-0.017823,0.104332,0.369967,0.880457,-0.0106,0.043463,0.471739,0.75676,0.535546,0.249554,0.249634
0.922718,-0.017846,0.104442,0.369933,0.880487,-0.010593,0.043562,0.471673,0.756792,0.535492,0.249624,0.249587
0.922741,-0.01782,0.104548,0.369844,0.880514,-0.010553,0.043717,0.471606,0.756853,0.535424,0.249627,0.249547
0.922772,-0.017841,0.104598,0.369751,0.880532,-0.010542,0.043854,0.471557,0.756892,0.535356,0.249657,0.249549
0.922789,-0.01791,0.104695,0.369684,0.880571,-0.010606,0.043901,0.471479,0.756936,0.535278,0.249678,0.249563
0.922797,-0.018041,0.10471,0.369658,0.880593,-0.010654,0.043918,0.471437,0.756969,0.53522,0.249695,0.249577
0.922813,-0.01819,0.104694,0.369624,0.880634,-0.010854,0.043867,0.471371,0.756974,0.535188,0.249751,0.249573
0.922831,-0.018298,0.104703,0.369573,0.880642,-0.011015,0.043857,0.471359,0.756974,0.535215,0.249733,0.249531
0.922846,-0.018393,0.10474,0.369524,0.880657,-0.011083,0.043891,0.471329,0.75697,0.535216,0.249776,0.249502
0.922879,-0.018318,0.104785,0.36943,0.880709,-0.011055,0.043966,0.471222,0.756975,0.535216,0.249799,0.249464
0.92292,-0.018142,0.104871,0.369303,0.880734,-0.010945,0.044058,0.471166,0.756988,0.535209,0.249778,0.249463
0.922955,-0.017969,0.105022,0.369169,0.880767,-0.010806,0.044118,0.471095,0.756963,0.535255,0.249812,0.249404
0.92299,-0.017893,0.105065,0.369071,0.880778,-0.010763,0.044165,0.47107,0.756956,0.53527,0.249819,0.249387
0.923037,-0.01791,0.105117,0.368938,0.880825,-0.010796,0.044172,0.470981,0.756957,0.535286,0.249813,0.249357
0.923054,-0.017999,0.105126,0.368892,0.880886,-0.010864,0.044182,0.470867,0.756938,0.535351,0.249773,0.249316
0.923093,-0.018151,0.105073,0.368812,0.880937,-0.010964,0.044144,0.470778,0.756925,0.535384,0.249757,0.249299
0.923121,-0.018269,0.10503,0.368755,0.880964,-0.01111,0.044144,0.47073,0.756961,0.535355,0.24973,0.24928
0.92316,-0.018287,0.10504,0.368651,0.881016,-0.01109,0.044142,0.470633,0.757002,0.535297,0.249686,0.249326
0.9232,-0.018267,0.105074,0.368543,0.88103,-0.011124,0.0441,0.470609,0.757061,0.535234,0.249637,0.249332
0.923233,-0.01827,0.105036,0.368471,0.881048,-0.011138,0.044036,0.470586,0.75709,0.535226,0.249558,0.249342
0.92326,-0.018218,0.104975,0.368422,0.881061,-0.011154,0.043948,0.470571,0.757087,0.535269,0.249522,0.249297
0.923277,-0.018183,0.104922,0.368396,0.88107,-0.011155,0.043862,0.470563,0.757042,0.535359,0.249535,0.249226
0.923309,-0.018175,0.104876,0.368332,0.881087,-0.011161,0.043824,0.470533,0.756937,0.535525,0.249529,0.249188
0.92333,-0.018146,0.10479,0.368302,0.88112,-0.011103,0.04379,0.470474,0.756849,0.535669,0.249517,0.249155
0.923385,-0.018042,0.104687,0.368196,0.881146,-0.011032,0.043753,0.47043,0.75679,0.535789,0.249503,0.24909
0.923413,-0.01799,0.104621,0.368145,0.881196,-0.011016,0.043648,0.470346,0.756705,0.535912,0.249481,0.249098
0.923459,-0.01806,0.104513,0.368063,0.881246,-0.011037,0.043515,0.470266,0.756688,0.535932,0.249417,0.249171
0.923488,-0.018121,0.10444,0.368009,0.881283,-0.011084,0.043352,0.470214,0.756644,0.536038,0.249315,0.249174
0.923511,-0.018128,0.104304,0.367991,0.881304,-0.011084,0.043222,0.470189,0.756648,0.536044,0.249251,0.249212
0.92354,-0.018121,0.104187,0.367956,0.881327,-0.011073,0.043128,0.470155,0.756673,0.536012,0.249158,0.249299
0.923566,-0.018113,0.104114,0.367913,0.881325,-0.011051,0.043021,0.470171,0.756707,0.536003,0.249042,0.249327
0.923588,-0.018078,0.104097,0.367863,0.88131,-0.011108,0.042885,0.470212,0.756695,0.536013,0.248997,0.249383
0.923591,-0.018073,0.103962,0.367894,0.881266,-0.01112,0.042774,0.470306,0.756694,0.536019,0.248914,0.249455
0.923594,-0.018073,0.103894,0.367906,0.881282,-0.011149,0.042713,0.470284,0.756675,0.536062,0.248864,0.249468
0.923615,-0.018032,0.103849,0.367865,0.881288,-0.011165,0.042611,0.470283,0.756635,0.536088,0.248866,0.249528
0.923647,-0.018058,0.103791,0.367804,0.881284,-0.011091,0.042594,0.47029,0.756561,0.536202,0.248895,0.249476
0.923673,-0.018038,0.103754,0.36775,0.8813,-0.011096,0.042539,0.470265,0.756554,0.536237,0.248864,0.249453
0.923696,-0.018076,0.103696,0.367709,0.881326,-0.011034,0.04245,0.470225,0.756539,0.536264,0.248859,0.249445
0.923705,-0.018,0.103688,0.367689,0.881322,-0.010973,0.042391,0.470237,0.7565,0.536329,0.248842,0.249438
0.923708,-0.017918,0.103636,0.367696,0.881299,-0.010968,0.042345,0.470285,0.756462,0.536398,0.248831,0.249416
0.923704,-0.017894,0.103574,0.367725,0.881308,-0.010959,0.042236,0.470279,0.75645,0.536408,0.248809,0.249451
0.923727,-0.017891,0.103528,0.367682,0.881311,-0.010972,0.042177,0.470281,0.756444,0.536426,0.248781,0.249461
0.923735,-0.017912,0.103528,0.367661,0.88133,-0.011005,0.042137,0.47025,0.756458,0.536412,0.248742,0.249483
0.923755,-0.017961,0.103576,0.367597,0.881365,-0.011061,0.042093,0.470188,0.756466,0.536411,0.248693,0.249508
0.923771,-0.017961,0.10362,0.367545,0.88137,-0.011053,0.042055,0.470183,0.756481,0.536378,0.248684,0.249545
0.923777,-0.017939,0.103625,0.367528,0.881376,-0.011076,0.042048,0.470174,0.756501,0.536361,0.248694,0.249512
0.923771,-0.018057,0.103676,0.367525,0.881375,-0.011103,0.042148,0.470165,0.756524,0.536326,0.248719,0.249494
0.923771,-0.018129,0.103675,0.367525,0.881367,-0.011149,0.042239,0.470173,0.756507,0.536316,0.248825,0.24946
0.923779,-0.01811,0.103729,0.36749,0.881376,-0.011117,0.042327,0.470146,0.756509,0.536274,0.24893,0.249444
0.92381,-0.018036,0.103793,0.367393,0.881419,-0.011046,0.042411,0.470056,0.756544,0.536226,0.248968,0.249404
0.923814,-0.018051,0.103893,0.367355,0.881434,-0.011001,0.042496,0.470017,0.756585,0.53614,0.249005,0.249431
0.923818,-0.018045,0.103971,0.367319,0.881435,-0.01108,0.042624,0.470005,0.756593,0.536125,0.249018,0.249426
0.923808,-0.018124,0.103989,0.367341,0.881425,-0.011165,0.042634,0.470023,0.756602,0.536116,0.249024,0.249413
0.92379,-0.018212,0.104026,0.367376,0.881401,-0.011187,0.042677,0.470064,0.756614,0.536075,0.249072,0.249419
0.923788,-0.018238,0.104115,0.367353,0.88139,-0.011276,0.042689,0.470087,0.756637,0.53607,0.249065,0.249368
0.923784,-0.018237,0.104145,0.367355,0.881401,-0.011272,0.042715,0.470062,0.756674,0.536015,0.24908,0.249364
0.923795,-0.018249,0.104143,0.367327,0.881428,-0.011274,0.042756,0.470007,0.756703,0.535968,0.249097,0.249358
0.9238,-0.018202,0.104191,0.3673,0.881447,-0.011221,0.042851,0.469961,0.756712,0.535944,0.249144,0.24934
0.923808,-0.018187,0.104281,0.367255,0.881442,-0.011211,0.042921,0.469964,0.756733,0.535936,0.249141,0.249294
0.923819,-0.018276,0.104284,0.367224,0.881452,-0.01129,0.042904,0.469948,0.756701,0.535995,0.249142,0.249264
0.923832,-0.018364,0.104269,0.367199,0.881478,-0.011405,0.042873,0.469904,0.756691,0.536037,0.249154,0.249195
0.923842,-0.018494,0.104236,0.367179,0.88148,-0.011589,0.042809,0.46991,0.756686,0.536054,0.249189,0.249142
0.923866,-0.0186,0.104184,0.367135,0.881494,-0.011639,0.042743,0.46989,0.756668,0.536087,0.249207,0.249107
0.923871,-0.018564,0.104176,0.367125,0.881509,-0.011645,0.042716,0.469866,0.756666,0.536071,0.249249,0.249104
0.923879,-0.018472,0.104205,0.367099,0.881533,-0.011594,0.042772,0.469814,0.756677,0.536063,0.249261,0.249078
0.923884,-0.01841,0.104225,0.367079,0.881549,-0.011564,0.04281,0.46978,0.756676,0.536059,0.249257,0.249093
0.923888,-0.018423,0.104293,0.367047,0.881565,-0.011556,0.042828,0.469749,0.756667,0.53605,0.249257,0.249136
0.923908,-0.01841,0.104303,0.366997,0.881577,-0.011547,0.042801,0.469728,0.756657,0.536079,0.249199,0.249162
0.923928,-0.01841,0.104328,0.366938,0.881605,-0.01164,0.042729,0.469685,0.756656,0.536124,0.249176,0.249093
0.923955,-0.018481,0.104246,0.366894,0.881626,-0.011711,0.042683,0.469651,0.756598,0.536202,0.249175,0.249099
0.923995,-0.018437,0.104227,0.366798,0.881666,-0.011751,0.042614,0.469584,0.756564,0.53628,0.249149,0.249059
0.924025,-0.018306,0.104241,0.366719,0.881692,-0.011647,0.042632,0.469531,0.756575,0.536302,0.249102,0.249027
0.924049,-0.018285,0.104209,0.366672,0.881729,-0.011545,0.042593,0.469464,0.756579,0.536289,0.249088,0.249055
0.924061,-0.018294,0.10418,0.366648,0.881766,-0.011539,0.042565,0.469397,0.756605,0.536288,0.249018,0.249054
0.924098,-0.018425,0.1041,0.366578,0.881812,-0.011587,0.042545,0.469313,0.756584,0.536338,0.248978,0.249044
0.924136,-0.018533,0.104032,0.366501,0.88183,-0.01167,0.042555,0.46928,0.756578,0.536369,0.248952,0.249024
0.924173,-0.018546,0.103972,0.366427,0.881855,-0.011714,0.042536,0.469237,0.756554,0.536464,0.248896,0.248948
0.924216,-0.018514,0.103922,0.366334,0.881901,-0.011766,0.042482,0.469156,0.756491,0.536587,0.248865,0.248903
0.92427,-0.01847,0.103902,0.366203,0.881961,-0.011727,0.042358,0.469054,0.756441,0.536644,0.248866,0.248929
0.924313,-0.018391,0.103793,0.366129,0.882041,-0.011692,0.042269,0.468914,0.756413,0.536682,0.248815,0.248976
0.924351,-0.018337,0.103689,0.366061,0.882113,-0.011669,0.042138,0.468791,0.756382,0.536732,0.248774,0.249003
0.924373,-0.018261,0.103564,0.366044,0.882173,-0.011587,0.041992,0.468691,0.756357,0.536759,0.248705,0.249084
0.924398,-0.018266,0.103468,0.366009,0.882215,-0.011592,0.041871,0.468626,0.756366,0.536766,0.248612,0.249134
0.924454,-0.018311,0.103368,0.365898,0.882265,-0.011651,0.041737,0.468545,0.756341,0.536828,0.248509,0.249177
0.924504,-0.018383,0.103278,0.365796,0.882306,-0.011764,0.041573,0.468487,0.756342,0.536832,0.248428,0.249241
0.92455,-0.01847,0.103134,0.365724,0.882346,-0.011806,0.041453,0.468424,0.756357,0.536842,0.248381,0.249226
0.92459,-0.018512,0.103044,0.36565,0.882409,-0.011826,0.041405,0.468308,0.756358,0.53686,0.248311,0.249248
0.92463,-0.018454,0.102954,0.365574,0.882469,-0.011806,0.041388,0.468198,0.75636,0.536889,0.248255,0.249235
0.924664,-0.018388,0.102901,0.365505,0.882518,-0.011768,0.041403,0.468103,0.756359,0.536905,0.248181,0.249275
0.924701,-0.018368,0.102819,0.365437,0.88256,-0.011719,0.041407,0.468023,0.756321,0.536968,0.248141,0.249292
0.924733,-0.018353,0.102743,0.365378,0.882574,-0.011631,0.04136,0.468,0.756272,0.537096,0.248078,0.249228
0.924754,-0.018286,0.102689,0.365339,0.882603,-0.011589,0.041289,0.467951,0.756197,0.537249,0.248055,0.249147
0.924773,-0.018274,0.102659,0.3653,0.882617,-0.011536,0.041219,0.467932,0.756167,0.537341,0.248008,0.249084
0.924789,-0.01832,0.102568,0.365286,0.882621,-0.011496,0.041168,0.46793,0.756096,0.537442,0.248014,0.249074
0.924785,-0.018331,0.102462,0.36533,0.882628,-0.011472,0.041178,0.467914,0.756061,0.537486,0.247996,0.249103
0.92481,-0.01831,0.10238,0.365291,0.882641,-0.011502,0.041145,0.467894,0.755992,0.537562,0.247976,0.249163
0.924842,-0.018256,0.102318,0.365226,0.882654,-0.011546,0.041029,0.467882,0.755914,0.53764,0.248007,0.249193
0.924855,-0.018158,0.102291,0.365203,0.882666,-0.011549,0.040934,0.467868,0.755863,0.537715,0.24795,0.249236
0.924878,-0.018037,0.10224,0.365158,0.88269,-0.011503,0.040842,0.46783,0.755837,0.537742,0.2479,0.249307
0.924887,-0.017974,0.102202,0.365149,0.882684,-0.011518,0.040801,0.467848,0.755802,0.537772,0.247927,0.249319
0.924906,-0.017993,0.102155,0.365113,0.882666,-0.01156,0.040713,0.46789,0.755777,0.537806,0.247919,0.249329
0.924906,-0.018033,0.102165,0.365111,0.882665,-0.011578,0.040682,0.467895,0.755724,0.537855,0.247968,0.24933
0.92491,-0.018072,0.102133,0.365111,0.882644,-0.011649,0.040679,0.467935,0.755677,0.537932,0.247943,0.24933
0.924917,-0.018113,0.102097,0.365102,0.88264,-0.011638,0.040672,0.467944,0.755598,0.538047,0.247928,0.249333
0.924919,-0.018135,0.102059,0.365108,0.88263,-0.011607,0.040726,0.467958,0.755548,0.538113,0.247936,0.249332
0.924916,-0.018162,0.102047,0.365118,0.882624,-0.011544,0.040743,0.467966,0.755513,0.538135,0.247968,0.249355
0.924928,-0.018243,0.101978,0.365108,0.882615,-0.011655,0.040721,0.467986,0.755524,0.538088,0.247966,0.249422
0.92492,-0.018322,0.101882,0.365156,0.882614,-0.011726,0.040633,0.467999,0.755512,0.538094,0.247947,0.249465
0.924913,-0.018374,0.101806,0.365196,0.882618,-0.011818,0.040496,0.468005,0.755528,0.53805,0.247945,0.249512
0.924907,-0.018359,0.101732,0.365234,0.882611,-0.011861,0.040392,0.46803,0.755522,0.538044,0.247933,0.249554
0.924925,-0.018266,0.101706,0.365193,0.882608,-0.011824,0.040364,0.468038,0.755512,0.538037,0.247913,0.249617
0.924938,-0.018114,0.101681,0.365172,0.882607,-0.011772,0.040435,0.468032,0.755468,0.538102,0.247895,0.249622
0.924956,-0.017894,0.10168,0.365126,0.882619,-0.011579,0.040555,0.467995,0.755421,0.538193,0.247867,0.249598
0.924964,-0.017747,0.101679,0.365106,0.882649,-0.01138,0.040631,0.467927,0.755372,0.538248,0.247901,0.249593
0.924979,-0.017719,0.101677,0.36507,0.882668,-0.0113,0.04074,0.467879,0.755277,0.538377,0.247881,0.249614
0.925,-0.01773,0.101642,0.365025,0.882693,-0.011323,0.040706,0.467835,0.755152,0.538544,0.24789,0.249617
0.92501,-0.017792,0.101579,0.36502,0.882714,-0.011389,0.040624,0.467806,0.755067,0.538635,0.247912,0.249652
0.925011,-0.017936,0.101467,0.365049,0.88272,-0.011476,0.04053,0.467806,0.755011,0.538701,0.247862,0.249723
0.925016,-0.017988,0.101349,0.365071,0.882724,-0.01158,0.040454,0.467806,0.75494,0.538762,0.247852,0.249809
0.925012,-0.017969,0.101274,0.365102,0.882741,-0.011542,0.040379,0.467781,0.754899,0.538813,0.24784,0.249837
0.92502,-0.01777,0.101239,0.365091,0.88273,-0.011379,0.040338,0.467805,0.754866,0.538872,0.247779,0.249865
0.925024,-0.017538,0.10117,0.365101,0.882714,-0.011174,0.04032,0.467831,0.754822,0.538931,0.247722,0.249919
0.925025,-0.017311,0.101175,0.3651,0.882702,-0.010997,0.040193,0.467865,0.754762,0.538996,0.247705,0.249971
0.925036,-0.017195,0.101133,0.365083,0.882699,-0.01085,0.040131,0.467873,0.754698,0.539058,0.247688,0.250044
0.925036,-0.017128,0.101063,0.365103,0.88269,-0.010749,0.040039,0.467896,0.754599,0.53917,0.24767,0.250115
0.925044,-0.017124,0.100977,0.365108,0.882685,-0.010659,0.040024,0.467908,0.754485,0.539285,0.247663,0.250208
0.925071,-0.017148,0.100946,0.365047,0.882686,-0.010629,0.039993,0.467906,0.754366,0.539417,0.24765,0.250288
0.925091,-0.017194,0.10085,0.365024,0.882675,-0.01065,0.039967,0.46793,0.754263,0.539529,0.247659,0.250342
0.925106,-0.017089,0.10076,0.365015,0.882676,-0.010538,0.039913,0.467931,0.754151,0.539665,0.247644,0.250396
0.925134,-0.016939,0.100649,0.364974,0.88266,-0.010443,0.039818,0.46797,0.754038,0.539794,0.247631,0.250457
0.925152,-0.016843,0.100529,0.364963,0.882658,-0.010355,0.039738,0.467979,0.753931,0.539924,0.247603,0.250523
0.925179,-0.01683,0.100442,0.364919,0.882695,-0.010215,0.039698,0.46791,0.753787,0.540095,0.247612,0.250573
0.925196,-0.016802,0.100303,0.364916,0.882719,-0.010044,0.039685,0.467864,0.753652,0.540275,0.247582,0.250609
0.925217,-0.016748,0.100157,0.364906,0.882762,-0.009982,0.039587,0.467792,0.753477,0.540466,0.247577,0.250718
0.925244,-0.01675,0.099969,0.364891,0.882792,-0.009859,0.03946,0.467744,0.753314,0.540655,0.247536,0.250829
0.92527,-0.016706,0.099817,0.364869,0.882831,-0.009748,0.039313,0.467681,0.753185,0.540797,0.247446,0.250991
0.92532,-0.016588,0.09965,0.364788,0.882871,-0.009648,0.039178,0.467618,0.753049,0.540922,0.247379,0.251178
0.925345,-0.016457,0.099486,0.364772,0.882905,-0.00947,0.039041,0.467562,0.752954,0.541017,0.247262,0.251363
0.925356,-0.016223,0.09935,0.364784,0.882912,-0.009279,0.038953,0.467554,0.752854,0.541094,0.247193,0.251555
0.925368,-0.016001,0.099208,0.364793,0.882923,-0.008997,0.038848,0.467537,0.75275,0.541201,0.24711,0.251708
0.925393,-0.015736,0.099059,0.364772,0.882924,-0.008656,0.038769,0.467535,0.752622,0.541337,0.247047,0.251848
0.925415,-0.015487,0.098904,0.36476,0.88293,-0.008378,0.038656,0.467528,0.752482,0.541519,0.246976,0.251935
0.925432,-0.015449,0.098724,0.364766,0.882947,-0.008303,0.038491,0.46751,0.752335,0.541699,0.246905,0.252046
0.925444,-0.015579,0.098532,0.364793,0.882943,-0.0083,0.038279,0.467538,0.752165,0.541905,0.246886,0.25212
0.925443,-0.015705,0.09832,0.364854,0.882928,-0.008378,0.038047,0.467588,0.752015,0.542101,0.246828,0.252191
0.925457,-0.015807,0.098095,0.364882,0.882915,-0.008462,0.03787,0.467633,0.751885,0.542286,0.246767,0.252234
0.925469,-0.015872,0.097887,0.364911,0.882892,-0.008511,0.037666,0.467695,0.751796,0.542371,0.246742,0.252333
0.92548,-0.015857,0.097715,0.364932,0.882919,-0.008526,0.037462,0.467663,0.751757,0.542432,0.246649,0.252404
0.925506,-0.01579,0.097551,0.364912,0.882891,-0.008559,0.037291,0.467732,0.751726,0.542456,0.24657,0.252521
0.925517,-0.015744,0.097391,0.364928,0.882881,-0.008595,0.037118,0.467768,0.7517,0.542454,0.246534,0.252633
0.925521,-0.015707,0.0973,0.364944,0.882863,-0.008578,0.036941,0.467817,0.751662,0.542494,0.246455,0.252727
0.925544,-0.015667,0.097142,0.36493,0.882865,-0.008544,0.0368,0.467826,0.751635,0.54256,0.246321,0.252794
0.925566,-0.015578,0.097018,0.364907,0.882894,-0.00847,0.036668,0.467781,0.751594,0.542622,0.246228,0.252867
0.925601,-0.015509,0.096916,0.364848,0.882907,-0.008352,0.036563,0.467764,0.751542,0.542678,0.246183,0.252942
0.925622,-0.01543,0.096861,0.364811,0.882927,-0.008151,0.036565,0.467722,0.751467,0.542743,0.246144,0.253056
0.925627,-0.015196,0.096817,0.364806,0.882926,-0.008011,0.036521,0.467722,0.751393,0.542848,0.246113,0.253076
0.925656,-0.014992,0.096832,0.364729,0.882927,-0.007795,0.036526,0.467714,0.751309,0.542942,0.246124,0.253109
0.925682,-0.014806,0.096775,0.364678,0.882937,-0.007608,0.036507,0.467694,0.751215,0.543077,0.246155,0.253065
0.92568,-0.014731,0.096766,0.364682,0.882917,-0.007471,0.036525,0.467728,0.751094,0.543215,0.2462,0.253079
0.925687,-0.014716,0.096686,0.364688,0.882912,-0.007377,0.036545,0.467733,0.751002,0.543321,0.24623,0.25309
0.925694,-0.014676,0.096646,0.364683,0.882915,-0.007281,0.036521,0.467726,0.750887,0.54346,0.246259,0.253099
0.925695,-0.014596,0.096651,0.364677,0.882909,-0.007164,0.036396,0.467747,0.750798,0.543548,0.246229,0.253195
0.925706,-0.014434,0.096604,0.36466,0.882905,-0.007043,0.036369,0.467754,0.750765,0.543576,0.246188,0.253269
0.925709,-0.01435,0.096567,0.36466,0.882904,-0.00696,0.036398,0.467751,0.750705,0.543655,0.246158,0.253304
0.925703,-0.01432,0.096527,0.364689,0.882907,-0.006893,0.036446,0.46774,0.75069,0.543678,0.2461,0.253349
0.925716,-0.014263,0.096534,0.364653,0.882889,-0.006783,0.036502,0.467764,0.750683,0.543682,0.246042,0.253418
0.925722,-0.014206,0.096536,0.364638,0.882912,-0.006737,0.036575,0.467714,0.750656,0.543689,0.24603,0.253492
0.925736,-0.014258,0.096501,0.364612,0.882922,-0.006686,0.036542,0.467697,0.750615,0.54373,0.24603,0.253522
0.925762,-0.014288,0.096465,0.364556,0.882942,-0.006717,0.036508,0.467662,0.750587,0.54378,0.245986,0.253538
0.925779,-0.014271,0.096444,0.364521,0.882958,-0.006753,0.036458,0.467638,0.750571,0.543832,0.245968,0.253494
0.925792,-0.014289,0.096431,0.364492,0.882972,-0.006741,0.036415,0.467615,0.750542,0.543866,0.245948,0.253521
0.92581,-0.014201,0.096356,0.364465,0.882988,-0.006675,0.036455,0.467581,0.750502,0.543915,0.245936,0.25354
0.925817,-0.014044,0.096368,0.364441,0.883006,-0.006474,0.036557,0.467533,0.750497,0.543914,0.245925,0.253568
0.925824,-0.013772,0.096398,0.364412,0.883039,-0.006232,0.036626,0.467455,0.750499,0.543924,0.245882,0.253584
0.925818,-0.01359,0.096453,0.36441,0.88309,-0.005987,0.036723,0.467343,0.750436,0.543966,0.245946,0.253616
0.925834,-0.013432,0.096441,0.364374,0.883112,-0.005773,0.036788,0.46729,0.750347,0.544095,0.245958,0.253587
0.925868,-0.013433,0.096404,0.364295,0.883132,-0.005579,0.03675,0.467251,0.750292,0.544185,0.245948,0.253565
0.925877,-0.013445,0.096344,0.36429,0.883169,-0.005501,0.036693,0.467185,0.750264,0.544233,0.24595,0.253541
0.925891,-0.013365,0.096314,0.364264,0.883196,-0.00548,0.03664,0.467137,0.750217,0.544284,0.245904,0.253613
0.925913,-0.013187,0.096311,0.364206,0.883222,-0.0054,0.036614,0.467089,0.750153,0.544356,0.245868,0.253676
0.925929,-0.01302,0.096246,0.364181,0.883239,-0.005286,0.036571,0.467057,0.750152,0.544373,0.245805,0.253705
0.925956,-0.012826,0.096239,0.364111,0.883284,-0.005062,0.03661,0.466961,0.750143,0.544403,0.24569,0.253773
0.925961,-0.012626,0.096245,0.364094,0.883324,-0.004873,0.036628,0.466878,0.750096,0.544496,0.245647,0.253751
0.925992,-0.012474,0.096227,0.364019,0.883375,-0.004612,0.036597,0.466777,0.750001,0.544651,0.245564,0.253774
0.926029,-0.012385,0.096182,0.363937,0.883418,-0.004483,0.036535,0.466697,0.7499,0.544796,0.245516,0.253799
0.926084,-0.012498,0.096009,0.363847,0.883471,-0.004582,0.036386,0.466614,0.74981,0.54495,0.245454,0.253792
0.926147,-0.012697,0.095804,0.363745,0.883505,-0.00473,0.036172,0.466573,0.749728,0.545066,0.24542,0.253815
0.926176,-0.012888,0.095595,0.363731,0.883526,-0.004848,0.036048,0.466549,0.749626,0.545214,0.245393,0.253817
0.926209,-0.01288,0.095454,0.363687,0.883562,-0.004855,0.035942,0.46649,0.749533,0.545359,0.245338,0.253829
0.926237,-0.012607,0.095399,0.363627,0.883599,-0.004659,0.035878,0.466419,0.749491,0.545432,0.245249,0.253874
0.926293,-0.012238,0.095402,0.363478,0.883655,-0.004351,0.035836,0.466306,0.749478,0.54546,0.245145,0.253951
0.926339,-0.01184,0.095377,0.363363,0.883709,-0.003951,0.035835,0.466192,0.749455,0.545481,0.245078,0.254036
0.926374,-0.011504,0.095304,0.363289,0.883775,-0.003557,0.035781,0.466059,0.749408,0.545558,0.244994,0.254089
0.926431,-0.011349,0.095227,0.363165,0.883831,-0.003365,0.035693,0.465955,0.749353,0.545656,0.244873,0.254148
0.926491,-0.011452,0.095109,0.363045,0.883868,-0.003327,0.03558,0.465894,0.749288,0.545743,0.244798,0.254221
0.926529,-0.011648,0.094967,0.362989,0.883886,-0.003456,0.035411,0.465878,0.749194,0.545875,0.244734,0.254268
0.926571,-0.011824,0.094855,0.362916,0.883909,-0.003635,0.0353,0.46585,0.749127,0.545985,0.244685,0.254276
0.926621,-0.011776,0.094809,0.362801,0.883953,-0.003632,0.035262,0.46577,0.749057,0.546103,0.244639,0.254269
0.926688,-0.01154,0.094864,0.36261,0.884021,-0.003408,0.035305,0.465629,0.749015,0.546153,0.244592,0.254326
0.926733,-0.01116,0.094969,0.36246,0.884095,-0.003005,0.035448,0.465463,0.748999,0.546177,0.244593,0.254321
0.92677,-0.010716,0.095094,0.362324,0.884149,-0.002606,0.035575,0.465335,0.749003,0.546192,0.244555,0.25431
0.9268,-0.010455,0.095203,0.362215,0.884218,-0.002234,0.035664,0.465184,0.749003,0.546205,0.244541,0.2543
0.926816,-0.010384,0.095217,0.36217,0.884266,-0.002101,0.035706,0.465086,0.748929,0.546338,0.244515,0.254254
0.926845,-0.010499,0.095145,0.362116,0.884304,-0.002072,0.035723,0.465009,0.748845,0.546467,0.24454,0.254194
0.926891,-0.010624,0.095066,0.362022,0.884334,-0.002129,0.035653,0.46496,0.748738,0.546633,0.244531,0.254159
0.926935,-0.01073,0.095062,0.36191,0.88436,-0.002289,0.035625,0.464919,0.748628,0.54677,0.244575,0.254141
0.926981,-0.010714,0.095044,0.3618,0.884399,-0.002324,0.035641,0.464845,0.748565,0.546839,0.244596,0.254158
0.926997,-0.010699,0.095064,0.361751,0.884464,-0.0023,0.035629,0.464723,0.748517,0.546838,0.244649,0.254243
0.927015,-0.010555,0.095148,0.361682,0.884497,-0.002222,0.035673,0.464654,0.748485,0.546822,0.244705,0.254316
0.927027,-0.010396,0.095269,0.361613,0.884521,-0.002037,0.035744,0.464595,0.748523,0.546747,0.24472,0.254352
0.927027,-0.010306,0.095389,0.361578,0.88453,-0.001868,0.035862,0.46456,0.748527,0.546734,0.24471,0.254378
0.92704,-0.010223,0.095501,0.361513,0.884543,-0.001729,0.036025,0.464516,0.748504,0.546724,0.244792,0.254385
0.92704,-0.010221,0.095621,0.361482,0.884581,-0.001692,0.036127,0.464433,0.748468,0.546761,0.244862,0.254344
0.92705,-0.010207,0.095692,0.361436,0.884609,-0.00162,0.036266,0.464366,0.748443,0.546762,0.244963,0.254323
0.927056,-0.010221,0.095802,0.361388,0.884638,-0.001543,0.036452,0.464291,0.748408,0.546773,0.245013,0.254349
0.927078,-0.010165,0.095883,0.36131,0.884669,-0.001423,0.036518,0.464221,0.748356,0.546818,0.245062,0.254356
0.927085,-0.009958,0.09603,0.361247,0.884722,-0.001206,0.036633,0.464101,0.74833,0.546787,0.245172,0.254394
0.927075,-0.009649,0.096172,0.361225,0.884755,-0.000936,0.036751,0.464017,0.748344,0.546716,0.245255,0.254424
0.927088,-0.009277,0.096348,0.361135,0.884765,-0.000585,0.036913,0.46397,0.748304,0.546737,0.245317,0.254434
0.927088,-0.009074,0.096487,0.361092,0.884795,-0.000313,0.037038,0.463892,0.748243,0.546771,0.245389,0.254471
0.927061,-0.008985,0.096575,0.361134,0.884808,-0.00017,0.037139,0.463851,0.748174,0.546834,0.245423,0.254498
0.927039,-0.009049,0.096604,0.361183,0.884808,-0.000147,0.037221,0.463844,0.748074,0.546927,0.245499,0.254517
0.927034,-0.009182,0.096645,0.36119,0.884828,-0.000304,0.037264,0.463808,0.747977,0.547029,0.245556,0.254524
0.927052,-0.009376,0.096614,0.361156,0.884817,-0.00048,0.037226,0.463838,0.747906,0.547078,0.245685,0.254503
0.927068,-0.009546,0.096599,0.361122,0.884801,-0.000691,0.037189,0.46388,0.747877,0.547062,0.245807,0.254504
0.927074,-0.009616,0.096588,0.36111,0.884814,-0.000868,0.037147,0.463866,0.747842,0.547043,0.245937,0.254517
0.927073,-0.009666,0.096669,0.361091,0.884811,-0.00094,0.03709,0.463882,0.747861,0.546984,0.245999,0.254531
0.927076,-0.009623,0.096703,0.361076,0.884799,-0.000916,0.037072,0.463903,0.747889,0.546948,0.246003,0.254524
0.927079,-0.009546,0.096716,0.361061,0.884806,-0.000834,0.037061,0.463888,0.747961,0.546851,0.246008,0.254521
0.927091,-0.009503,0.096717,0.36103,0.884785,-0.000735,0.037141,0.463916,0.748001,0.546762,0.246008,0.254594
0.927092,-0.009524,0.096725,0.361025,0.88478,-0.000662,0.03726,0.463912,0.748005,0.54675,0.245955,0.254655
0.92709,-0.009496,0.096742,0.361024,0.884785,-0.000642,0.037328,0.463897,0.747988,0.546777,0.245932,0.254669
0.927109,-0.009564,0.096701,0.360988,0.884791,-0.000678,0.037332,0.463886,0.747985,0.546775,0.245936,0.254679
0.927138,-0.00959,0.096711,0.36091,0.884788,-0.000736,0.037352,0.463894,0.747978,0.546783,0.245947,0.254672
0.927171,-0.009626,0.096731,0.360823,0.884804,-0.000784,0.037278,0.463871,0.747948,0.546793,0.245997,0.254688
0.927185,-0.009677,0.096761,0.360778,0.884825,-0.000871,0.03722,0.463839,0.747919,0.546791,0.246018,0.254753
0.927203,-0.009638,0.096727,0.360743,0.884862,-0.000911,0.037153,0.463777,0.747909,0.546799,0.246053,0.254733
0.927215,-0.009618,0.096776,0.360696,0.884888,-0.000938,0.037134,0.463732,0.747933,0.546762,0.246069,0.254728
0.927241,-0.009602,0.096788,0.360626,0.88492,-0.000878,0.037143,0.463667,0.747978,0.546697,0.246065,0.254739
0.927269,-0.009535,0.096818,0.360545,0.884928,-0.000912,0.037184,0.463647,0.747971,0.546703,0.246036,0.254774
0.927285,-0.009614,0.096822,0.360504,0.884935,-0.000904,0.037201,0.463633,0.747981,0.546685,0.246063,0.25476
0.927292,-0.009837,0.096734,0.360515,0.884928,-0.001009,0.037185,0.463651,0.747999,0.546649,0.24609,0.254761
0.927309,-0.010085,0.09667,0.360495,0.884928,-0.001198,0.03715,0.463662,0.748001,0.546686,0.246096,0.254671
0.927327,-0.010268,0.096615,0.360467,0.884953,-0.001409,0.037105,0.463625,0.747964,0.546743,0.246139,0.254614
0.927376,-0.010273,0.096591,0.360348,0.885002,-0.00153,0.037081,0.46354,0.747921,0.546771,0.246252,0.254571
0.927424,-0.010222,0.096641,0.36021,0.885056,-0.001563,0.037096,0.463437,0.747897,0.546825,0.246248,0.25453
0.927475,-0.010226,0.096729,0.360055,0.885094,-0.001494,0.037142,0.463358,0.747948,0.546772,0.246228,0.254514
0.927505,-0.010232,0.096795,0.359958,0.885159,-0.001385,0.037184,0.463225,0.747986,0.546712,0.246202,0.254559
0.927524,-0.010259,0.096832,0.359901,0.885206,-0.001368,0.037226,0.463132,0.74809,0.546574,0.246127,0.254626
0.927524,-0.010286,0.096911,0.359878,0.885229,-0.00134,0.037295,0.463081,0.748185,0.546436,0.246055,0.254714
0.927546,-0.010251,0.096977,0.359803,0.885258,-0.001241,0.037378,0.463012,0.748277,0.546297,0.24601,0.254786
0.927576,-0.010285,0.097023,0.359714,0.885284,-0.001216,0.03744,0.462957,0.74829,0.546248,0.245985,0.254872
0.927598,-0.010394,0.097021,0.35966,0.885326,-0.001392,0.03737,0.462888,0.748305,0.546219,0.246045,0.254841
0.927604,-0.010648,0.096959,0.359664,0.885364,-0.001588,0.037331,0.462829,0.748334,0.54617,0.246108,0.254798
0.927593,-0.010902,0.096947,0.3597,0.885386,-0.001841,0.037278,0.462801,0.748332,0.546174,0.246192,0.254721
0.927576,-0.011045,0.09697,0.359741,0.885393,-0.002014,0.037219,0.462798,0.748333,0.546136,0.24629,0.254705
0.927578,-0.011131,0.096991,0.359729,0.885391,-0.002122,0.037315,0.462797,0.748384,0.546061,0.246354,0.254656
0.927573,-0.011097,0.097088,0.359716,0.885392,-0.002123,0.037393,0.462788,0.748412,0.546015,0.246407,0.254625
0.927589,-0.011146,0.097167,0.359654,0.885398,-0.002136,0.0376,0.462758,0.748438,0.545962,0.246473,0.254601
0.927604,-0.011199,0.097207,0.359604,0.88541,-0.00222,0.037668,0.462732,0.74845,0.545932,0.246558,0.254553
0.927605,-0.011298,0.097279,0.359584,0.885421,-0.002278,0.037727,0.462706,0.748452,0.545918,0.246633,0.254504
0.927624,-0.011335,0.097327,0.359521,0.885437,-0.002361,0.037779,0.462674,0.748417,0.545926,0.246786,0.254442
0.927618,-0.011385,0.09745,0.359505,0.885451,-0.00243,0.037791,0.46265,0.748426,0.545891,0.246879,0.254402
0.927633,-0.011378,0.09753,0.359441,0.885441,-0.002506,0.03785,0.462666,0.74844,0.545868,0.246929,0.254365
0.92763,-0.011366,0.097609,0.359428,0.88544,-0.002474,0.037953,0.462656,0.748507,0.545781,0.246931,0.254357
0.927615,-0.011401,0.097667,0.359449,0.885444,-0.002502,0.038028,0.462645,0.748585,0.54564,0.247014,0.254354
0.927596,-0.011516,0.097756,0.359474,0.885432,-0.002568,0.038134,0.462658,0.748639,0.545548,0.247057,0.254355
0.927581,-0.011588,0.097857,0.359485,0.88542,-0.002708,0.038229,0.462678,0.748659,0.545493,0.247141,0.254334
0.927579,-0.011733,0.097896,0.35948,0.885415,-0.002854,0.038302,0.462686,0.748666,0.545449,0.24724,0.254311
0.927557,-0.011867,0.097902,0.359539,0.885411,-0.003001,0.03833,0.462697,0.748641,0.54544,0.247353,0.254296
0.927546,-0.011984,0.09794,0.359558,0.885423,-0.003133,0.038406,0.462669,0.748637,0.545385,0.247477,0.254306
0.927531,-0.012042,0.098005,0.35958,0.885432,-0.003254,0.038497,0.462649,0.748621,0.545363,0.247565,0.254313
0.927505,-0.012024,0.098124,0.359611,0.885432,-0.00333,0.038516,0.46265,0.748621,0.545346,0.247649,0.25427
0.927475,-0.012029,0.098249,0.359654,0.885429,-0.003268,0.038595,0.462645,0.748657,0.545272,0.247697,0.254277
0.92744,-0.011934,0.098348,0.359713,0.885399,-0.003209,0.038776,0.462683,0.748711,0.545207,0.247739,0.254223
0.927415,-0.011987,0.098426,0.359755,0.885367,-0.00313,0.038941,0.462726,0.748731,0.545163,0.247793,0.254207
0.927394,-0.01198,0.098513,0.359785,0.885381,-0.00307,0.039044,0.462687,0.748737,0.545147,0.247837,0.254182
0.927397,-0.011978,0.098546,0.35977,0.885383,-0.003076,0.039109,0.462677,0.748739,0.545135,0.247879,0.25416
0.927385,-0.012027,0.098614,0.35978,0.885385,-0.00312,0.039155,0.462671,0.748739,0.545132,0.247908,0.254139
0.927388,-0.012066,0.098602,0.359776,0.885395,-0.003229,0.039153,0.462655,0.748745,0.545117,0.247942,0.254124
0.927386,-0.012053,0.098629,0.359772,0.885365,-0.003275,0.0392,0.462709,0.748733,0.545116,0.247976,0.254127
0.927387,-0.012108,0.09866,0.359763,0.885341,-0.003336,0.039302,0.462746,0.748735,0.545114,0.248007,0.254095
0.927379,-0.012043,0.098706,0.35977,0.885327,-0.003284,0.039385,0.462766,0.748726,0.545108,0.248031,0.254113
0.927406,-0.011911,0.09869,0.359702,0.885349,-0.003181,0.039441,0.462716,0.748681,0.54515,0.24807,0.254115
0.927413,-0.011788,0.098738,0.359669,0.885364,-0.003057,0.039509,0.462674,0.748688,0.545134,0.248145,0.254059
0.927414,-0.011694,0.098736,0.359667,0.885381,-0.002954,0.039532,0.462637,0.748618,0.545203,0.24819,0.25407
0.927414,-0.011726,0.098725,0.359668,0.885405,-0.002927,0.03951,0.462591,0.748611,0.545216,0.248195,0.254055
0.927438,-0.011851,0.098662,0.359627,0.885416,-0.003011,0.039468,0.462578,0.748578,0.545275,0.248223,0.254003
0.927449,-0.012085,0.098551,0.359632,0.885441,-0.003194,0.039333,0.46255,0.748562,0.545294,0.248196,0.254029
0.927469,-0.012224,0.098419,0.359622,0.885453,-0.003429,0.039163,0.462552,0.748515,0.545337,0.24821,0.254059
0.927491,-0.012315,0.098319,0.359595,0.885484,-0.003621,0.039026,0.462512,0.748505,0.545348,0.248196,0.254078
0.9275,-0.012466,0.098213,0.359606,0.885505,-0.003782,0.038891,0.46249,0.748497,0.545339,0.248174,0.254139
0.927518,-0.012576,0.098131,0.359583,0.885551,-0.003834,0.038797,0.462412,0.748563,0.545226,0.248152,0.254215
0.927539,-0.01247,0.0981,0.359537,0.885555,-0.003833,0.038782,0.462406,0.748609,0.545166,0.248095,0.254263
0.927562,-0.012298,0.098121,0.35947,0.885551,-0.003764,0.038807,0.462408,0.748632,0.545142,0.248018,0.254319
0.927551,-0.01213,0.098144,0.359488,0.885557,-0.003646,0.03886,0.462389,0.748634,0.545138,0.247977,0.254361
0.927569,-0.011975,0.098183,0.359429,0.885571,-0.003459,0.038955,0.462346,0.748605,0.545193,0.247949,0.25435
0.92761,-0.011878,0.098163,0.359329,0.88557,-0.00339,0.038984,0.462343,0.748472,0.545358,0.247986,0.254349
0.92766,-0.011849,0.098158,0.3592,0.88559,-0.003356,0.038995,0.462303,0.748303,0.545566,0.248019,0.254358
0.927742,-0.011824,0.098068,0.359013,0.885623,-0.003298,0.038936,0.462243,0.74816,0.54576,0.248072,0.254308
0.927816,-0.011762,0.097952,0.358856,0.88566,-0.003299,0.038873,0.462179,0.748064,0.545876,0.248113,0.254298
0.927888,-0.011533,0.097881,0.358685,0.88572,-0.00319,0.038802,0.462066,0.747979,0.545993,0.248069,0.254335
0.927949,-0.011268,0.097831,0.358536,0.885825,-0.002999,0.038705,0.461869,0.747906,0.546079,0.247999,0.254427
0.928011,-0.011103,0.097746,0.358402,0.885927,-0.002816,0.038608,0.461673,0.747859,0.546133,0.247888,0.254553
0.928055,-0.011081,0.097646,0.358315,0.886022,-0.002749,0.038533,0.461498,0.747824,0.54622,0.247703,0.254638
0.928083,-0.011236,0.097412,0.358312,0.886084,-0.002845,0.038414,0.461395,0.747805,0.546265,0.247552,0.254743
0.928093,-0.011565,0.097171,0.358359,0.886108,-0.003083,0.038262,0.46137,0.747757,0.546329,0.247485,0.254806
0.928117,-0.011831,0.096937,0.358367,0.886096,-0.003307,0.038096,0.461416,0.747738,0.546359,0.24738,0.254895
0.928158,-0.011978,0.09676,0.358316,0.886096,-0.003496,0.037937,0.461438,0.747704,0.546428,0.247275,0.254943
0.928219,-0.011939,0.096659,0.358183,0.886123,-0.00358,0.037837,0.461398,0.747665,0.54649,0.247183,0.255011
0.928282,-0.011707,0.096646,0.358023,0.886145,-0.00352,0.037787,0.461358,0.747591,0.546585,0.247144,0.255056
0.928365,-0.011401,0.096562,0.357824,0.886241,-0.003439,0.037735,0.461177,0.747446,0.546768,0.247102,0.255119
0.928448,-0.011131,0.096519,0.357617,0.886342,-0.003302,0.037719,0.46098,0.747268,0.546957,0.247142,0.255186
0.928528,-0.010884,0.0964,0.357439,0.886468,-0.003144,0.037791,0.460726,0.747075,0.547183,0.247188,0.255213
0.928579,-0.010738,0.096316,0.357329,0.886548,-0.003001,0.037858,0.46056,0.746866,0.547429,0.24724,0.255239
0.928618,-0.010586,0.096197,0.357256,0.886625,-0.002842,0.037867,0.460406,0.746705,0.547649,0.247226,0.255244
0.928644,-0.010516,0.096067,0.357224,0.886663,-0.00271,0.037787,0.460336,0.74657,0.547812,0.247226,0.255285
0.928666,-0.010466,0.096011,0.357186,0.886667,-0.002752,0.037618,0.460345,0.746466,0.547928,0.247182,0.255372
0.928707,-0.010439,0.095866,0.35712,0.886667,-0.002846,0.037492,0.460359,0.746392,0.548031,0.247082,0.255458
0.92876,-0.010364,0.095725,0.357019,0.886666,-0.002945,0.037319,0.460381,0.746293,0.548156,0.246987,0.255562
0.928797,-0.01023,0.095597,0.356956,0.88671,-0.00297,0.037211,0.460308,0.746247,0.548204,0.246913,0.255659
0.928823,-0.010054,0.095472,0.35692,0.886779,-0.00293,0.03716,0.460179,0.746191,0.54825,0.246923,0.255712
0.928853,-0.009845,0.095369,0.356869,0.886856,-0.002747,0.037296,0.460009,0.746141,0.548307,0.246914,0.255743
0.928897,-0.00967,0.095309,0.356768,0.886937,-0.002583,0.037471,0.459833,0.746047,0.548432,0.246894,0.255759
0.928931,-0.009603,0.095224,0.356701,0.887043,-0.002397,0.037763,0.459593,0.745962,0.548501,0.246926,0.255826
0.928961,-0.00961,0.095134,0.356648,0.887121,-0.002412,0.03796,0.459427,0.745876,0.548575,0.246923,0.255913
0.929005,-0.009708,0.095058,0.356559,0.887176,-0.002535,0.038057,0.459314,0.745743,0.54872,0.246974,0.255934
0.929048,-0.009879,0.094921,0.356485,0.887191,-0.002766,0.038106,0.459289,0.745606,0.548873,0.247005,0.255969
0.929064,-0.010102,0.094798,0.356483,0.887193,-0.003004,0.038044,0.459301,0.745509,0.549002,0.247023,0.255952
0.929047,-0.010181,0.094742,0.356543,0.887182,-0.003152,0.037955,0.459337,0.745461,0.549038,0.247081,0.255957
0.929013,-0.010102,0.094729,0.356635,0.887162,-0.003189,0.037969,0.459375,0.745444,0.549061,0.247101,0.255936
0.928999,-0.00991,0.094748,0.356664,0.887141,-0.003115,0.038122,0.459398,0.745446,0.549044,0.247121,0.255948
0.928989,-0.009752,0.094837,0.35666,0.887146,-0.003,0.038262,0.45937,0.745436,0.549027,0.247124,0.256011
0.928965,-0.009691,0.0949,0.356703,0.887097,-0.002911,0.038384,0.459449,0.745465,0.548992,0.247107,0.256016
0.928941,-0.009726,0.094994,0.356741,0.887059,-0.002849,0.038457,0.459515,0.745444,0.549006,0.247109,0.256044
0.928929,-0.009788,0.094972,0.356778,0.887014,-0.002915,0.038536,0.459595,0.745383,0.549062,0.247142,0.25607
0.928925,-0.009837,0.094938,0.356801,0.887009,-0.002952,0.038628,0.459599,0.745334,0.549113,0.247202,0.256041
0.928914,-0.009882,0.094962,0.356821,0.886967,-0.003064,0.038658,0.459682,0.745263,0.549177,0.247291,0.256023
0.928913,-0.009866,0.095021,0.35681,0.886938,-0.003087,0.038736,0.459729,0.745205,0.549188,0.247384,0.256076
0.928898,-0.009852,0.095016,0.356846,0.886927,-0.003106,0.038773,0.459747,0.745186,0.549192,0.247442,0.256068
0.928889,-0.009846,0.095081,0.356851,0.886911,-0.003053,0.038804,0.459775,0.745193,0.549154,0.247514,0.256061
0.928845,-0.009936,0.095149,0.356951,0.886871,-0.003047,0.03883,0.459849,0.745224,0.549101,0.247508,0.256089
0.928819,-0.010031,0.095192,0.357007,0.886844,-0.003189,0.03878,0.45991,0.745245,0.549068,0.247513,0.256098
0.928796,-0.010255,0.095241,0.357059,0.886785,-0.003337,0.038776,0.46003,0.745272,0.548985,0.247555,0.256153
0.928796,-0.010319,0.095255,0.357057,0.886747,-0.003425,0.038733,0.460109,0.745311,0.548927,0.24754,0.256185
0.928777,-0.010396,0.095334,0.357085,0.886727,-0.003557,0.038785,0.460146,0.745351,0.548846,0.247586,0.256194
0.928784,-0.010469,0.095408,0.357048,0.886685,-0.003611,0.038886,0.46022,0.745392,0.548778,0.247622,0.256188
0.928795,-0.010479,0.095498,0.356992,0.886687,-0.003649,0.038997,0.460208,0.745405,0.548717,0.247689,0.256216
0.928803,-0.010388,0.095599,0.356943,0.886684,-0.003619,0.039162,0.460196,0.745447,0.548634,0.24774,0.256227
0.928803,-0.010228,0.095768,0.356893,0.886689,-0.003555,0.039211,0.460178,0.745428,0.54865,0.247778,0.256209
0.92879,-0.01021,0.095889,0.35689,0.886696,-0.003504,0.039329,0.460153,0.745397,0.548682,0.247874,0.256141
0.928765,-0.010179,0.095969,0.356934,0.886673,-0.003416,0.039451,0.460182,0.745352,0.548737,0.247937,0.256092
0.928762,-0.010092,0.096046,0.356919,0.886684,-0.003352,0.039546,0.460151,0.74532,0.548793,0.247987,0.256018
0.92877,-0.009957,0.096074,0.356885,0.886688,-0.003302,0.039601,0.460135,0.745242,0.54888,0.248043,0.256001
0.928785,-0.009934,0.096086,0.356846,0.886695,-0.003211,0.039684,0.46011,0.745212,0.548913,0.24809,0.255974
0.928793,-0.009818,0.096093,0.356818,0.886708,-0.003072,0.039772,0.460072,0.745173,0.548966,0.248084,0.255978
0.928806,-0.009739,0.096077,0.356787,0.886713,-0.003004,0.039823,0.460053,0.74515,0.548976,0.24809,0.256016
0.928843,-0.009581,0.096079,0.35669,0.886761,-0.002833,0.039852,0.459955,0.745125,0.548958,0.248083,0.256126
0.928872,-0.009425,0.096093,0.356605,0.886814,-0.002639,0.039839,0.459846,0.745055,0.54902,0.248042,0.25623
0.928909,-0.009282,0.096079,0.35651,0.886873,-0.002549,0.039798,0.459734,0.744992,0.54909,0.248031,0.256273
0.928932,-0.00931,0.096017,0.356468,0.886889,-0.002571,0.039746,0.459709,0.744954,0.54916,0.247955,0.256302
0.928942,-0.009402,0.095911,0.356473,0.8869,-0.002618,0.039703,0.459693,0.744916,0.549196,0.247932,0.256355
0.928946,-0.009508,0.095838,0.356485,0.886929,-0.002807,0.039566,0.459658,0.744857,0.549287,0.247875,0.25638
0.928939,-0.009618,0.095737,0.356534,0.886938,-0.002913,0.039458,0.459653,0.744819,0.549316,0.247838,0.25646
0.928957,-0.009657,0.095657,0.356512,0.886925,-0.003024,0.039411,0.459688,0.744817,0.549306,0.247799,0.256525
0.92899,-0.009616,0.095602,0.356441,0.886917,-0.003075,0.039311,0.459715,0.744773,0.549362,0.247754,0.256572
0.929034,-0.009491,0.095526,0.356344,0.886925,-0.003043,0.039295,0.4597,0.744703,0.549447,0.247739,0.256604
0.929093,-0.009268,0.095489,0.356196,0.886929,-0.002942,0.039266,0.459691,0.744612,0.549567,0.247699,0.256646
0.929139,-0.008964,0.095468,0.356074,0.886934,-0.002734,0.039264,0.459674,0.744479,0.549677,0.24774,0.256745
0.929184,-0.008663,0.095469,0.355954,0.886957,-0.00251,0.039268,0.459623,0.744356,0.549782,0.247815,0.256798
0.929217,-0.008443,0.095432,0.355871,0.886988,-0.002373,0.039212,0.459564,0.744178,0.549973,0.247891,0.256824
0.929247,-0.008305,0.095372,0.355805,0.887038,-0.002218,0.039218,0.45946,0.743953,0.550247,0.247918,0.256852
0.929278,-0.008167,0.095284,0.355748,0.887085,-0.002171,0.039249,0.459365,0.743713,0.550514,0.247944,0.256936
0.92931,-0.00802,0.095189,0.355688,0.887143,-0.002031,0.039316,0.459241,0.743449,0.550843,0.247948,0.25698
0.92933,-0.007774,0.095091,0.355655,0.887231,-0.001763,0.039497,0.459043,0.743223,0.551106,0.24792,0.257081
0.929365,-0.007327,0.095057,0.355564,0.887303,-0.00137,0.039665,0.458874,0.743034,0.55134,0.247897,0.25714
0.929383,-0.006908,0.095084,0.355496,0.887375,-0.000872,0.039819,0.458701,0.742851,0.551537,0.247922,0.257212
0.92941,-0.006537,0.095023,0.355432,0.887402,-0.000476,0.039859,0.45863,0.742631,0.551785,0.247952,0.257276
0.929407,-0.006275,0.094985,0.355442,0.88742,-0.000232,0.039793,0.458589,0.742429,0.552021,0.24797,0.257325
0.929408,-0.006119,0.094871,0.355467,0.887389,-7.1e-05,0.039651,0.458659,0.742203,0.55229,0.247995,0.257364
0.929409,-0.005982,0.094703,0.355505,0.887332,3.4e-05,0.039448,0.458782,0.742007,0.552519,0.248017,0.257409
0.929406,-0.005873,0.094591,0.355544,0.887274,9.4e-05,0.039162,0.458921,0.741842,0.552699,0.248017,0.257489
0.929416,-0.005722,0.094448,0.35555,0.887183,0.000102,0.038945,0.459118,0.741676,0.552837,0.248053,0.25762
0.929416,-0.00549,0.094274,0.355592,0.887101,0.000209,0.038739,0.459292,0.741523,0.552975,0.248043,0.257765
0.929383,-0.005218,0.094147,0.355705,0.887051,0.000439,0.038576,0.459393,0.741407,0.553097,0.247996,0.257875
0.929359,-0.004998,0.093983,0.355805,0.887003,0.000618,0.038384,0.459496,0.741336,0.553121,0.247927,0.258084
0.929336,-0.004831,0.093836,0.355904,0.886962,0.000766,0.038145,0.45959,0.741235,0.553206,0.247908,0.258202
0.929297,-0.004664,0.093721,0.356029,0.886896,0.000847,0.037975,0.459732,0.741147,0.553282,0.247848,0.25834
0.929238,-0.004652,0.09361,0.356214,0.886778,0.000873,0.037783,0.459975,0.741043,0.553382,0.247801,0.258463
0.929201,-0.004673,0.093458,0.356352,0.886661,0.000839,0.037544,0.460223,0.740901,0.553535,0.247781,0.258553
0.929167,-0.004602,0.093332,0.35647,0.886527,0.000812,0.037296,0.460505,0.74077,0.553664,0.247777,0.258644
0.92914,-0.004453,0.093197,0.356572,0.886415,0.000788,0.037043,0.460745,0.740618,0.553812,0.247816,0.258718
0.929099,-0.004276,0.093053,0.356712,0.886331,0.000862,0.036776,0.460928,0.740494,0.553925,0.24789,0.258755
0.929056,-0.004088,0.092889,0.356863,0.886255,0.000957,0.036633,0.461084,0.740403,0.554018,0.247933,0.258772
0.929012,-0.003908,0.092793,0.356998,0.886171,0.001157,0.036573,0.461242,0.740327,0.554088,0.24799,0.258781
0.92897,-0.003707,0.092665,0.357132,0.886089,0.00134,0.036524,0.461395,0.740205,0.554182,0.248073,0.258846
0.928907,-0.003491,0.092615,0.357305,0.885989,0.001486,0.036471,0.461586,0.740114,0.554248,0.24806,0.258966
0.928842,-0.003363,0.092578,0.357477,0.885889,0.001568,0.036337,0.461785,0.740066,0.554286,0.248049,0.259029
0.928795,-0.003348,0.092612,0.35759,0.885808,0.001511,0.036186,0.461957,0.740047,0.554288,0.248049,0.259078
0.928754,-0.003463,0.092574,0.357709,0.885705,0.001449,0.036114,0.462163,0.739948,0.554339,0.248116,0.259179
0.928722,-0.003589,0.092508,0.357816,0.885584,0.001307,0.036049,0.462406,0.739937,0.554345,0.24811,0.259202
0.928686,-0.003737,0.092437,0.357934,0.885502,0.001166,0.035965,0.462577,0.739962,0.554331,0.248104,0.25917
0.928647,-0.003906,0.092441,0.358039,0.885424,0.000997,0.035961,0.462733,0.739969,0.554308,0.248154,0.25915
0.928622,-0.003983,0.092445,0.358108,0.885388,0.000961,0.035965,0.462802,0.739996,0.554239,0.248239,0.259143
0.928605,-0.003971,0.092509,0.35813,0.885329,0.000971,0.03597,0.462915,0.740079,0.554123,0.248242,0.259155
0.928569,-0.00393,0.092633,0.358191,0.885319,0.001034,0.036067,0.462924,0.740146,0.553992,0.248296,0.259191
0.928568,-0.003927,0.092734,0.358167,0.885319,0.001061,0.036165,0.462914,0.740205,0.553905,0.248316,0.259193
0.928567,-0.004008,0.092782,0.358159,0.88532,0.000946,0.036255,0.462909,0.740233,0.553854,0.248426,0.259126
0.928565,-0.004213,0.092832,0.358157,0.885305,0.00073,0.036331,0.46294,0.740257,0.553795,0.248547,0.259068
0.928568,-0.004435,0.092814,0.358161,0.885286,0.00052,0.036359,0.462983,0.740319,0.553691,0.248605,0.25906
0.928559,-0.004644,0.092819,0.358189,0.885286,0.000373,0.036408,0.462984,0.740398,0.553602,0.248649,0.258989
0.928546,-0.004816,0.092868,0.358218,0.885285,0.00025,0.03646,0.462986,0.740533,0.553441,0.248642,0.258963
0.928536,-0.004966,0.09294,0.358229,0.885269,0.000146,0.036545,0.463012,0.740715,0.553219,0.24862,0.258943
0.928545,-0.005132,0.093083,0.35817,0.885267,9e-06,0.036587,0.463018,0.74089,0.553003,0.248608,0.258923
0.928545,-0.005192,0.093273,0.358122,0.885249,-0.000205,0.036666,0.463054,0.741049,0.552847,0.248578,0.258839
0.928547,-0.005307,0.0934,0.358085,0.885248,-0.000372,0.03676,0.463055,0.741157,0.552726,0.248587,0.258789
0.928542,-0.005414,0.093557,0.358059,0.885246,-0.00055,0.036871,0.463054,0.741252,0.552669,0.248617,0.258619
0.928544,-0.005604,0.093674,0.358029,0.885247,-0.000715,0.037029,0.463046,0.741341,0.552577,0.248684,0.258501
0.928548,-0.005753,0.093815,0.357984,0.885263,-0.000827,0.037246,0.463,0.741455,0.552461,0.248739,0.258378
0.928566,-0.005926,0.093956,0.357904,0.88532,-0.000977,0.037503,0.462874,0.741561,0.552357,0.248797,0.258249
0.928571,-0.006094,0.094111,0.357854,0.885342,-0.001124,0.037752,0.462815,0.741661,0.552247,0.248874,0.258135
0.928601,-0.006173,0.094296,0.357727,0.885362,-0.001237,0.037926,0.462764,0.741771,0.552113,0.248935,0.258052
0.928596,-0.006258,0.09448,0.357691,0.88538,-0.0013,0.038092,0.462714,0.741853,0.552015,0.248997,0.257973
0.928609,-0.006231,0.09466,0.357607,0.885391,-0.001302,0.038252,0.46268,0.74195,0.551906,0.249094,0.257842
0.9286,-0.006176,0.094888,0.357566,0.8854,-0.001289,0.038493,0.46264,0.74208,0.551789,0.24913,0.257693
0.928612,-0.006071,0.09504,0.357489,0.885442,-0.001203,0.038707,0.462538,0.742168,0.551687,0.249206,0.257592
0.928616,-0.006001,0.095226,0.357425,0.885486,-0.00118,0.038961,0.462427,0.742273,0.551584,0.249282,0.257448
0.928607,-0.006096,0.095414,0.357399,0.885517,-0.0012,0.039141,0.462351,0.742384,0.551445,0.24932,0.257395
0.928604,-0.006238,0.095523,0.35738,0.885532,-0.001316,0.039278,0.462314,0.74247,0.551337,0.249339,0.257364
0.928598,-0.006493,0.095597,0.357382,0.885539,-0.001491,0.039367,0.462298,0.742556,0.551221,0.249358,0.257349
0.928577,-0.006779,0.095684,0.357421,0.885534,-0.001723,0.039419,0.462311,0.74264,0.551105,0.24941,0.257312
0.928557,-0.006974,0.095776,0.357452,0.885526,-0.002005,0.039554,0.462324,0.742727,0.550973,0.249513,0.257249
0.928539,-0.007068,0.095844,0.35748,0.885481,-0.002211,0.039674,0.462406,0.742837,0.550839,0.249585,0.257157
0.928522,-0.007078,0.09591,0.357507,0.885472,-0.002306,0.039737,0.462421,0.742917,0.55073,0.24968,0.257074
0.928524,-0.007096,0.095989,0.357479,0.885462,-0.002372,0.039923,0.462424,0.742968,0.550681,0.249722,0.256993
0.928506,-0.007123,0.096052,0.357511,0.885467,-0.00243,0.040061,0.462403,0.742995,0.550608,0.249813,0.256985
0.928501,-0.007259,0.096131,0.357505,0.885431,-0.002494,0.040208,0.462461,0.743058,0.550505,0.249887,0.256958
0.928471,-0.007353,0.096197,0.357567,0.8854,-0.002575,0.040287,0.462513,0.743158,0.550373,0.249929,0.256916
0.928466,-0.00742,0.096245,0.357566,0.885363,-0.002691,0.04036,0.462582,0.743222,0.550287,0.249985,0.256868
0.928452,-0.007451,0.096304,0.357591,0.885308,-0.002829,0.040396,0.462687,0.743297,0.550191,0.250007,0.256837
0.928438,-0.007467,0.096384,0.357602,0.885279,-0.002807,0.040464,0.462735,0.743356,0.550117,0.250043,0.256796
0.928406,-0.007522,0.096422,0.357678,0.88526,-0.002825,0.040548,0.462763,0.743387,0.550052,0.250142,0.25675
0.928373,-0.007563,0.096524,0.357734,0.885275,-0.002896,0.040617,0.46273,0.743443,0.549958,0.250236,0.256705
0.928355,-0.007655,0.096573,0.357771,0.885276,-0.002989,0.040676,0.462727,0.743477,0.549896,0.250319,0.256663
0.928323,-0.007886,0.096543,0.357867,0.885262,-0.003103,0.040722,0.462753,0.743533,0.549821,0.250378,0.256607
0.928287,-0.008113,0.096562,0.35796,0.885216,-0.00327,0.040756,0.462844,0.743561,0.54977,0.250428,0.256586
0.928247,-0.008187,0.096649,0.358041,0.885171,-0.003387,0.040807,0.462928,0.743567,0.549754,0.250458,0.256576
0.928238,-0.008147,0.096739,0.358037,0.885118,-0.003487,0.040933,0.46302,0.743619,0.549663,0.25053,0.256555
0.928219,-0.008059,0.096836,0.358058,0.885064,-0.003484,0.041079,0.463109,0.743685,0.549578,0.250532,0.256544
0.928189,-0.00796,0.096939,0.358103,0.885041,-0.003448,0.041294,0.46313,0.743686,0.549547,0.250603,0.256541
0.928182,-0.007923,0.097034,0.358093,0.885038,-0.003329,0.041509,0.46311,0.743649,0.54957,0.250674,0.256526
0.928161,-0.007848,0.097118,0.358122,0.885063,-0.003247,0.041729,0.463038,0.743616,0.549612,0.250725,0.256488
0.928188,-0.007884,0.09711,0.358056,0.885112,-0.003256,0.041886,0.462927,0.743595,0.549634,0.250807,0.25642
0.928195,-0.007924,0.097094,0.358042,0.885173,-0.003342,0.04203,0.462797,0.74358,0.549636,0.250868,0.256401
0.928209,-0.007988,0.097155,0.35799,0.885192,-0.003358,0.042165,0.462748,0.743568,0.549609,0.25091,0.256449
0.928217,-0.007955,0.097212,0.357952,0.885198,-0.003321,0.042326,0.462721,0.743548,0.54959,0.250921,0.256536
0.928224,-0.007834,0.097256,0.357919,0.885209,-0.003267,0.042429,0.462686,0.743562,0.549554,0.250918,0.256573
0.928224,-0.007785,0.097301,0.357906,0.885223,-0.003189,0.042505,0.46265,0.743592,0.549496,0.250961,0.256571
0.928214,-0.007688,0.097355,0.357914,0.885197,-0.00312,0.042543,0.462692,0.743619,0.549434,0.251013,0.256576
0.928202,-0.007609,0.09743,0.357921,0.885167,-0.003128,0.042532,0.462753,0.743614,0.549413,0.251056,0.256592
0.928217,-0.007593,0.097411,0.35789,0.885168,-0.00313,0.042512,0.462753,0.743621,0.549403,0.251051,0.256598
0.928207,-0.007664,0.097385,0.357921,0.885156,-0.00316,0.042491,0.462778,0.743612,0.549433,0.251049,0.256564
0.928208,-0.007729,0.097319,0.357941,0.885154,-0.003186,0.042509,0.462782,0.743585,0.549453,0.251116,0.256534
0.928203,-0.007849,0.097328,0.357952,0.885163,-0.003251,0.042476,0.462769,0.743529,0.549513,0.251187,0.256498
0.928214,-0.00794,0.097268,0.357945,0.885144,-0.003314,0.042385,0.462817,0.743495,0.549521,0.251237,0.256526
0.928227,-0.008037,0.097206,0.357933,0.885135,-0.003424,0.042225,0.462855,0.743476,0.549531,0.251255,0.256543
0.92822,-0.008132,0.097184,0.357958,0.885138,-0.003515,0.042092,0.462867,0.743465,0.549521,0.251234,0.256613
0.928217,-0.008178,0.097106,0.357988,0.885116,-0.003598,0.04198,0.462921,0.743502,0.549471,0.251176,0.256669
0.928207,-0.008163,0.097011,0.358043,0.885115,-0.003641,0.041904,0.462933,0.743543,0.549412,0.251142,0.256713
0.928195,-0.008113,0.096986,0.358078,0.88509,-0.003612,0.041904,0.462978,0.743588,0.549323,0.251101,0.256812
0.928207,-0.008067,0.096949,0.358055,0.885079,-0.003591,0.041929,0.462998,0.743653,0.54922,0.251063,0.25688
0.928196,-0.008016,0.096981,0.358074,0.885068,-0.003594,0.041907,0.46302,0.743683,0.549168,0.251037,0.25693
0.928186,-0.007959,0.096998,0.358095,0.885034,-0.003596,0.041896,0.463085,0.743664,0.549203,0.251013,0.256933
0.928167,-0.007879,0.097015,0.358138,0.885032,-0.00353,0.041875,0.463089,0.743632,0.549222,0.251072,0.256925
0.928159,-0.007876,0.097015,0.358158,0.885041,-0.003548,0.041897,0.46307,0.743574,0.549301,0.251085,0.256911
0.928168,-0.007792,0.097066,0.358118,0.885069,-0.003531,0.04193,0.463015,0.743502,0.549375,0.251204,0.256844
0.928184,-0.007727,0.097042,0.358081,0.885103,-0.003451,0.042026,0.462937,0.743425,0.549488,0.251295,0.256737
0.928194,-0.007723,0.09709,0.358041,0.885119,-0.00347,0.042109,0.462897,0.743388,0.549533,0.251386,0.25666
0.928204,-0.007832,0.097136,0.358006,0.885141,-0.003578,0.042147,0.462856,0.743385,0.549526,0.251466,0.256604
0.92823,-0.008011,0.097165,0.357935,0.885158,-0.003732,0.042219,0.46282,0.743366,0.549545,0.251535,0.256558
0.928241,-0.008153,0.097168,0.357909,0.885169,-0.003905,0.042268,0.462802,0.74332,0.549602,0.251581,0.256516
0.928262,-0.00834,0.097164,0.357858,0.885175,-0.004102,0.04236,0.462786,0.743322,0.549591,0.251643,0.256482
0.92827,-0.008455,0.097179,0.357837,0.885198,-0.004213,0.042424,0.462739,0.743348,0.54956,0.251696,0.256424
0.928308,-0.008596,0.097188,0.357743,0.885218,-0.004384,0.042437,0.462705,0.743448,0.549425,0.251703,0.256418
0.928344,-0.00869,0.097273,0.357624,0.88525,-0.004593,0.042347,0.46266,0.743546,0.549289,0.251696,0.256434
0.928372,-0.008747,0.097345,0.357535,0.885264,-0.004779,0.042229,0.462652,0.743659,0.549149,0.251638,0.25647
0.928378,-0.008872,0.097415,0.3575,0.885264,-0.004966,0.042218,0.462657,0.743767,0.549011,0.251619,0.256474
0.928355,-0.008952,0.09753,0.357529,0.885257,-0.005023,0.042275,0.462668,0.743878,0.548865,0.251625,0.256464
0.928361,-0.008962,0.097646,0.357482,0.88526,-0.005006,0.042433,0.462643,0.743997,0.548708,0.251636,0.25645
0.928371,-0.00893,0.097795,0.357414,0.885284,-0.004911,0.042635,0.462575,0.744074,0.548593,0.251681,0.256434
0.928392,-0.009006,0.097949,0.357315,0.885313,-0.004914,0.04282,0.462501,0.744146,0.548484,0.251755,0.256392
0.928413,-0.009121,0.098069,0.357227,0.885363,-0.004966,0.043017,0.462386,0.744197,0.548401,0.251846,0.256334
0.928423,-0.009275,0.098171,0.357178,0.885402,-0.005106,0.043126,0.462304,0.74427,0.548313,0.251934,0.25623
0.928455,-0.009359,0.098261,0.35707,0.885442,-0.005249,0.043274,0.462216,0.744312,0.548237,0.252034,0.256176
0.928472,-0.009447,0.098391,0.356991,0.885496,-0.00537,0.043391,0.462105,0.744355,0.548181,0.252099,0.256113
0.928496,-0.009497,0.098518,0.356892,0.885544,-0.005522,0.043516,0.462003,0.744436,0.548091,0.252158,0.256019
0.928523,-0.00954,0.098633,0.356788,0.885593,-0.005622,0.043677,0.461895,0.744525,0.548008,0.252187,0.255919
0.928545,-0.009624,0.098714,0.356709,0.885619,-0.005696,0.043816,0.461832,0.744625,0.547881,0.252161,0.255926
0.928566,-0.009651,0.098795,0.356632,0.885668,-0.005768,0.043996,0.461721,0.744755,0.547709,0.252149,0.255935
0.928573,-0.009714,0.098873,0.356593,0.885704,-0.005853,0.044112,0.461643,0.74484,0.5476,0.252166,0.25591
0.92858,-0.009752,0.098974,0.356546,0.885715,-0.005931,0.044208,0.461615,0.744949,0.547492,0.25215,0.255843
0.928613,-0.009776,0.099063,0.356436,0.885742,-0.00593,0.044333,0.46155,0.745028,0.547415,0.252138,0.255794
0.928636,-0.009698,0.099203,0.356334,0.885775,-0.005952,0.044412,0.461479,0.745112,0.547336,0.252164,0.255702
0.92869,-0.009581,0.099338,0.35615,0.88579,-0.005967,0.044435,0.461446,0.745108,0.547344,0.2522,0.255662
0.928712,-0.009565,0.099386,0.356078,0.885843,-0.005968,0.044479,0.461341,0.745096,0.547362,0.252257,0.255601
0.928748,-0.009607,0.099393,0.355985,0.885884,-0.00597,0.044478,0.461262,0.7451,0.547391,0.252281,0.255511
0.928779,-0.009701,0.099408,0.355903,0.885934,-0.006032,0.044521,0.461163,0.745107,0.547412,0.252293,0.255433
0.928799,-0.009771,0.09944,0.355841,0.885957,-0.006122,0.044572,0.461117,0.745104,0.547482,0.252261,0.255328
0.928832,-0.0098,0.099472,0.355747,0.885979,-0.006201,0.044584,0.461075,0.745154,0.547449,0.252256,0.255261
0.928887,-0.009797,0.099486,0.355597,0.88603,-0.006278,0.044614,0.460976,0.745202,0.54739,0.252246,0.255259
0.928918,-0.009738,0.099574,0.35549,0.886096,-0.0063,0.044719,0.460839,0.745237,0.547371,0.252199,0.255246
0.928964,-0.009665,0.099672,0.35534,0.886115,-0.00622,0.044841,0.460786,0.745269,0.547357,0.252169,0.255214
0.929007,-0.009563,0.099757,0.3552,0.886136,-0.006203,0.045001,0.460728,0.745313,0.547339,0.252092,0.255202
0.929044,-0.009474,0.099792,0.355093,0.88616,-0.006163,0.045064,0.460674,0.745328,0.547363,0.252067,0.255134
0.929076,-0.009479,0.099786,0.355011,0.886182,-0.006184,0.045014,0.460637,0.745322,0.547409,0.252069,0.255054
0.929101,-0.009573,0.099771,0.354951,0.886202,-0.00629,0.044952,0.46061,0.745348,0.547383,0.252037,0.255065
0.929117,-0.009742,0.099724,0.35493,0.886215,-0.006452,0.044802,0.460605,0.745385,0.547313,0.25205,0.255093
0.929134,-0.009902,0.099648,0.354908,0.886213,-0.006687,0.044603,0.460636,0.745421,0.547291,0.25199,0.255097
0.929156,-0.010102,0.09961,0.354865,0.886235,-0.006841,0.044497,0.460609,0.745443,0.547289,0.251981,0.255049
0.9292,-0.010206,0.099522,0.354778,0.886258,-0.006893,0.044451,0.46057,0.745396,0.547319,0.25202,0.255078
0.929228,-0.01019,0.099458,0.354724,0.886296,-0.006891,0.044401,0.460504,0.745331,0.547414,0.252019,0.255065
0.929257,-0.010112,0.099415,0.354659,0.886315,-0.006839,0.044364,0.460468,0.745315,0.547442,0.251999,0.255072
0.929283,-0.010047,0.099392,0.354596,0.88631,-0.006776,0.044321,0.460483,0.745291,0.547458,0.252007,0.255095
0.929282,-0.009927,0.099354,0.354607,0.886301,-0.006677,0.044297,0.4605,0.745285,0.547473,0.251982,0.255107
0.929287,-0.009788,0.099347,0.354596,0.886297,-0.006593,0.044192,0.460516,0.745282,0.547488,0.251943,0.255116
0.929279,-0.009746,0.099332,0.354619,0.886267,-0.006566,0.044097,0.460583,0.745274,0.547498,0.251939,0.255127
0.929262,-0.009761,0.099339,0.354662,0.88625,-0.006606,0.043935,0.460636,0.745272,0.547502,0.251911,0.255148
0.929253,-0.009814,0.099249,0.354712,0.886213,-0.006615,0.043833,0.460717,0.745232,0.547535,0.251911,0.255191
0.92924,-0.009831,0.099151,0.354774,0.886178,-0.006648,0.043748,0.460792,0.745224,0.547525,0.251923,0.255224
0.929231,-0.009845,0.099103,0.354814,0.886139,-0.006733,0.043694,0.460877,0.745211,0.547515,0.251921,0.255283
0.92921,-0.009857,0.099133,0.354859,0.886099,-0.006706,0.043655,0.460956,0.745235,0.547472,0.251876,0.255349
0.929212,-0.00978,0.099109,0.354862,0.886049,-0.006683,0.043665,0.461051,0.745245,0.547429,0.251923,0.255363
0.929184,-0.009672,0.099173,0.354914,0.886016,-0.006688,0.04364,0.461118,0.745244,0.547407,0.251937,0.255399
0.929159,-0.009673,0.099241,0.354958,0.885975,-0.00672,0.043588,0.461202,0.745226,0.547396,0.251962,0.255452
0.929134,-0.009712,0.099244,0.355024,0.885915,-0.006788,0.043518,0.461327,0.745231,0.547351,0.252022,0.255473
0.929113,-0.00972,0.099278,0.355069,0.885874,-0.006807,0.043521,0.461406,0.745189,0.547366,0.252073,0.255509
0.929115,-0.009726,0.099283,0.355062,0.885827,-0.006847,0.043522,0.461498,0.745158,0.547362,0.252124,0.255557
0.929111,-0.009677,0.099316,0.355063,0.885785,-0.006823,0.043519,0.461576,0.745089,0.547395,0.252219,0.25559
0.929102,-0.009637,0.099315,0.355087,0.885741,-0.006797,0.043527,0.461661,0.745047,0.54739,0.252309,0.255632
0.929102,-0.009531,0.099315,0.355082,0.885721,-0.006745,0.043496,0.461698,0.745018,0.54739,0.252378,0.255648
0.929095,-0.009395,0.099364,0.355082,0.88569,-0.006632,0.043539,0.461754,0.744972,0.547421,0.252454,0.255639
0.929084,-0.009236,0.099434,0.355089,0.885669,-0.006615,0.043575,0.461787,0.74493,0.547419,0.252549,0.255671
0.929098,-0.009309,0.099455,0.355047,0.885646,-0.006601,0.043585,0.461829,0.744868,0.54742,0.252638,0.255756
0.929098,-0.009394,0.099436,0.355054,0.885644,-0.006648,0.043632,0.461832,0.744817,0.547424,0.252744,0.255786
0.929107,-0.009479,0.099421,0.355036,0.88565,-0.006715,0.043762,0.461807,0.744781,0.547399,0.252851,0.25584
0.929103,-0.009492,0.099404,0.355054,0.88566,-0.006732,0.043889,0.461776,0.744752,0.547381,0.25293,0.255883
0.929081,-0.00942,0.099422,0.355102,0.88568,-0.006662,0.044013,0.461722,0.744748,0.547344,0.252988,0.255916
0.929062,-0.009349,0.099506,0.35513,0.885697,-0.006571,0.044176,0.461669,0.744722,0.547316,0.253038,0.255998
0.929049,-0.009301,0.099516,0.355157,0.885725,-0.006544,0.044316,0.461599,0.74471,0.547288,0.25307,0.256057
0.92903,-0.009315,0.09958,0.355187,0.885702,-0.006593,0.044368,0.461639,0.74469,0.547265,0.253126,0.256109
0.929024,-0.009355,0.09963,0.355191,0.885693,-0.00665,0.044391,0.461657,0.744629,0.547307,0.253185,0.256138
0.929018,-0.009401,0.099667,0.355195,0.88565,-0.006798,0.044381,0.461743,0.744547,0.547378,0.253249,0.256158
0.929012,-0.009407,0.099645,0.355218,0.885617,-0.006857,0.044369,0.461808,0.7445,0.547411,0.253315,0.256155
0.929015,-0.009362,0.099648,0.355208,0.885616,-0.006896,0.044351,0.461814,0.74445,0.547448,0.253358,0.25618
0.929018,-0.009279,0.099685,0.355189,0.885619,-0.006872,0.044291,0.461814,0.744421,0.547421,0.253419,0.256256
0.928997,-0.009236,0.099654,0.355252,0.885633,-0.006846,0.044287,0.461787,0.744405,0.547418,0.253461,0.256268
0.929014,-0.009191,0.099592,0.355223,0.885668,-0.006846,0.044282,0.461721,0.744409,0.547382,0.253455,0.256336
0.929026,-0.009249,0.099515,0.355216,0.885692,-0.006821,0.044291,0.461673,0.74441,0.547374,0.253459,0.256348
0.92905,-0.009218,0.099453,0.355173,0.885736,-0.006878,0.04432,0.461585,0.744358,0.547408,0.253468,0.256411
0.929063,-0.009151,0.099449,0.355137,0.885729,-0.006872,0.044296,0.461603,0.744307,0.547483,0.253424,0.256441
0.929094,-0.009085,0.099379,0.355077,0.885767,-0.00681,0.044302,0.461528,0.744249,0.547575,0.253393,0.256438
0.929128,-0.008877,0.099382,0.354982,0.885811,-0.006726,0.044319,0.461439,0.744214,0.547605,0.253371,0.256495
0.92914,-0.008536,0.099461,0.354917,0.885813,-0.006555,0.044343,0.461428,0.744124,0.547674,0.253408,0.256566
0.929159,-0.008247,0.099474,0.354859,0.88582,-0.006333,0.044352,0.461408,0.744037,0.547784,0.25342,0.256567
0.929175,-0.00808,0.099463,0.354814,0.885842,-0.006087,0.044311,0.461364,0.74397,0.547892,0.253345,0.256601
0.929203,-0.007847,0.099412,0.354751,0.885865,-0.005872,0.044212,0.461323,0.743883,0.547984,0.253376,0.256622
0.929244,-0.007635,0.099371,0.35465,0.885871,-0.005759,0.044076,0.461325,0.743855,0.548062,0.253298,0.25661
0.929289,-0.007563,0.099268,0.354562,0.885891,-0.005763,0.043908,0.461304,0.743861,0.548101,0.253227,0.256581
0.929305,-0.007656,0.099179,0.35455,0.885907,-0.005809,0.043699,0.461298,0.743888,0.54809,0.253125,0.256627
0.929315,-0.007931,0.099022,0.354575,0.88591,-0.006018,0.043496,0.461319,0.743918,0.548071,0.25304,0.256665
0.929308,-0.008294,0.098847,0.354653,0.885898,-0.006373,0.043263,0.461376,0.743981,0.547986,0.252976,0.256727
0.929331,-0.008681,0.098662,0.354657,0.885898,-0.006838,0.043104,0.461405,0.744005,0.547953,0.252891,0.256808
0.92937,-0.009004,0.098478,0.354615,0.885936,-0.007185,0.042973,0.461354,0.744059,0.547908,0.25279,0.256847
0.929405,-0.009084,0.098409,0.354543,0.885938,-0.007315,0.042904,0.461361,0.744173,0.547791,0.252708,0.256851
0.929435,-0.009019,0.098391,0.354469,0.885984,-0.007294,0.042917,0.461269,0.744251,0.547724,0.252665,0.256813
0.929485,-0.008851,0.098422,0.354326,0.886056,-0.007152,0.043002,0.461119,0.744223,0.547799,0.25262,0.25678
0.929532,-0.008676,0.098445,0.354191,0.886148,-0.006981,0.043034,0.460935,0.74416,0.547914,0.252599,0.256733
0.929569,-0.008572,0.098448,0.354094,0.886213,-0.006856,0.043079,0.460801,0.744112,0.548,0.252589,0.256699
0.929583,-0.008559,0.098467,0.354051,0.886279,-0.006738,0.043058,0.460675,0.744071,0.548083,0.252538,0.256692
0.929631,-0.008572,0.098397,0.353945,0.88636,-0.006685,0.043028,0.46052,0.744023,0.548173,0.252481,0.25669
0.929676,-0.008695,0.098307,0.353857,0.886417,-0.006741,0.043023,0.460413,0.744006,0.548209,0.252484,0.25666
0.92971,-0.008852,0.098235,0.353791,0.886445,-0.006808,0.042991,0.460364,0.744021,0.548207,0.252429,0.256673
0.929747,-0.009016,0.098118,0.353732,0.886467,-0.0069,0.042928,0.460332,0.744107,0.548094,0.252371,0.256725
0.929762,-0.009137,0.098057,0.353711,0.886517,-0.006984,0.042834,0.460247,0.744185,0.547997,0.252277,0.2568
0.929776,-0.009204,0.097992,0.353695,0.886525,-0.007116,0.042721,0.460248,0.744309,0.547865,0.252185,0.256818
0.929781,-0.009274,0.097962,0.353692,0.886529,-0.007201,0.042695,0.460243,0.744404,0.547748,0.252131,0.256845
0.929772,-0.009355,0.097992,0.353711,0.886513,-0.007278,0.042731,0.460272,0.744469,0.547676,0.252115,0.256831
0.929767,-0.009305,0.09802,0.353715,0.886517,-0.007245,0.042809,0.460258,0.74446,0.547697,0.252149,0.256783
0.92977,-0.009244,0.098062,0.353693,0.886528,-0.00716,0.042912,0.460222,0.744482,0.547687,0.252169,0.256724
0.92979,-0.009191,0.098171,0.353609,0.886544,-0.007088,0.043006,0.460179,0.744476,0.547714,0.252175,0.256675
0.929774,-0.009222,0.098275,0.353622,0.886557,-0.007024,0.043088,0.460144,0.744452,0.547761,0.252218,0.256605
0.929775,-0.009325,0.098362,0.353593,0.88662,-0.007087,0.043216,0.460013,0.744421,0.547797,0.252276,0.25656
0.929801,-0.009464,0.09838,0.353524,0.886659,-0.007208,0.043301,0.45993,0.744387,0.547873,0.252309,0.256467
0.929822,-0.009605,0.098377,0.353471,0.88669,-0.007265,0.043406,0.459861,0.744363,0.547913,0.252357,0.256403
0.929832,-0.009723,0.098431,0.353433,0.886742,-0.007367,0.043436,0.45976,0.744353,0.547906,0.252429,0.25638
0.929853,-0.009839,0.098509,0.35336,0.886781,-0.007479,0.043499,0.459681,0.744399,0.547833,0.252442,0.256386
0.92987,-0.009878,0.098581,0.353294,0.886839,-0.007514,0.043548,0.459566,0.744479,0.547727,0.252434,0.256396
0.929878,-0.01001,0.09861,0.353267,0.886884,-0.007595,0.043519,0.459483,0.744582,0.547598,0.252449,0.256363
0.929886,-0.010246,0.098667,0.353229,0.886942,-0.00774,0.043594,0.459367,0.7447,0.547429,0.252442,0.256392
0.929913,-0.010432,0.098706,0.353153,0.886971,-0.007868,0.043644,0.45931,0.744762,0.547324,0.252474,0.256406
0.929928,-0.01056,0.098705,0.353118,0.887009,-0.007933,0.043744,0.459226,0.744839,0.547239,0.252452,0.256389
0.92994,-0.010559,0.098797,0.353059,0.887066,-0.007922,0.043883,0.459101,0.744884,0.54716,0.25247,0.256412
0.929964,-0.010554,0.098865,0.352975,0.887119,-0.007882,0.044066,0.458979,0.744918,0.547116,0.252464,0.256414
0.930021,-0.010551,0.098939,0.352804,0.887183,-0.007776,0.044221,0.458835,0.744917,0.547117,0.252463,0.256415
0.930064,-0.010615,0.098987,0.352679,0.887261,-0.007817,0.044315,0.458674,0.744927,0.547106,0.252488,0.256386
0.930102,-0.010716,0.099033,0.352565,0.887336,-0.007857,0.044433,0.458519,0.744915,0.54713,0.252477,0.256383
0.930138,-0.0109,0.099064,0.352465,0.887387,-0.00798,0.044525,0.458414,0.74492,0.547137,0.252485,0.256345
0.930169,-0.011126,0.099087,0.352379,0.887447,-0.00814,0.04458,0.458296,0.74492,0.547127,0.252505,0.256345
0.930203,-0.011294,0.099082,0.352296,0.887509,-0.008294,0.044564,0.458181,0.744965,0.547098,0.252491,0.256298
0.930238,-0.011408,0.099072,0.352206,0.887573,-0.008361,0.044609,0.458053,0.74501,0.547061,0.252432,0.256304
0.930275,-0.011375,0.09912,0.352093,0.887649,-0.008378,0.044734,0.457892,0.745026,0.547037,0.252399,0.25634
0.930343,-0.011314,0.099172,0.351898,0.887731,-0.008304,0.044865,0.45772,0.745048,0.547027,0.252356,0.256339
0.930388,-0.011267,0.099205,0.351771,0.887818,-0.008208,0.044973,0.457534,0.745033,0.547053,0.252325,0.256355
0.930446,-0.011273,0.099243,0.351605,0.887912,-0.00819,0.045046,0.457345,0.745038,0.547043,0.252304,0.256384
0.930501,-0.011376,0.099227,0.351469,0.887975,-0.008159,0.04504,0.457221,0.745026,0.547083,0.25225,0.256387
0.93054,-0.011403,0.099193,0.351375,0.88803,-0.008206,0.04507,0.457115,0.744996,0.547128,0.252201,0.256421
0.930578,-0.011528,0.099105,0.351301,0.888089,-0.008299,0.045041,0.457004,0.745026,0.547109,0.252145,0.256432
0.930611,-0.011651,0.098983,0.351252,0.888113,-0.008359,0.045021,0.456961,0.74505,0.547078,0.252111,0.256459
0.930618,-0.011707,0.098905,0.351259,0.888122,-0.008378,0.044993,0.456947,0.745039,0.547094,0.252066,0.256501
0.930649,-0.011691,0.098769,0.351214,0.888121,-0.008376,0.044873,0.456963,0.745031,0.547114,0.252006,0.256538
0.930678,-0.011601,0.098702,0.351158,0.888116,-0.008355,0.044729,0.456987,0.745028,0.547114,0.251909,0.256639
0.930684,-0.011552,0.098621,0.351164,0.888098,-0.008374,0.044538,0.457041,0.744979,0.547136,0.251904,0.256734
0.930677,-0.011504,0.098531,0.351208,0.888086,-0.008324,0.044446,0.457074,0.744943,0.547176,0.251852,0.2568
0.93066,-0.011418,0.098452,0.351274,0.888058,-0.008259,0.044394,0.457133,0.744871,0.547253,0.251838,0.256854
0.930645,-0.011331,0.098339,0.351347,0.888036,-0.008174,0.044315,0.457184,0.744837,0.547276,0.251798,0.256939
0.930621,-0.01128,0.098205,0.351449,0.888014,-0.008078,0.044229,0.457233,0.744801,0.547263,0.251785,0.257079
0.930592,-0.011209,0.09812,0.351547,0.887996,-0.00798,0.044117,0.457278,0.744768,0.547286,0.251763,0.257143
0.930554,-0.01118,0.098013,0.351678,0.887933,-0.007988,0.043984,0.457413,0.744704,0.547345,0.251742,0.257218
0.930517,-0.011212,0.097873,0.351819,0.887902,-0.008014,0.043762,0.457499,0.744622,0.547431,0.251718,0.257288
0.930504,-0.011303,0.09769,0.351907,0.887872,-0.008103,0.043616,0.457575,0.744557,0.547486,0.251748,0.257326
0.930478,-0.011305,0.097596,0.352005,0.887854,-0.008202,0.043487,0.457626,0.744476,0.547585,0.251757,0.257339
0.930465,-0.011305,0.09747,0.352074,0.88778,-0.00824,0.043379,0.457781,0.744341,0.547737,0.251751,0.257402
0.930458,-0.011246,0.097332,0.352134,0.887762,-0.008111,0.043316,0.45782,0.74426,0.547821,0.251706,0.257495
0.930448,-0.011095,0.097187,0.352198,0.887738,-0.007929,0.043328,0.457861,0.744161,0.547913,0.251666,0.257615
0.930426,-0.01091,0.097152,0.352265,0.887704,-0.007658,0.043267,0.457929,0.74409,0.547976,0.251672,0.25768
0.930427,-0.010564,0.097102,0.35227,0.88769,-0.007345,0.043263,0.457946,0.74403,0.548019,0.251645,0.257778
0.930413,-0.0103,0.097032,0.35232,0.887666,-0.007095,0.043202,0.457995,0.743985,0.548062,0.251608,0.25785
0.930382,-0.010156,0.09695,0.352424,0.887642,-0.006981,0.043046,0.458053,0.743926,0.548122,0.251552,0.25794
0.930355,-0.010165,0.096833,0.352528,0.887609,-0.00693,0.042868,0.458134,0.743898,0.548154,0.251511,0.257994
0.930364,-0.010222,0.096643,0.35256,0.887553,-0.006953,0.042726,0.458259,0.743846,0.54822,0.251472,0.258034
0.93036,-0.010217,0.096521,0.352606,0.887481,-0.007072,0.04255,0.458419,0.743793,0.548279,0.251489,0.258046
0.930342,-0.010265,0.096443,0.352678,0.88743,-0.007164,0.042393,0.458538,0.743744,0.54835,0.251464,0.258056
0.93034,-0.010188,0.096399,0.352693,0.887402,-0.007153,0.04226,0.458604,0.7437,0.5484,0.251474,0.258065
0.930374,-0.010089,0.096392,0.352605,0.88739,-0.007149,0.042168,0.458635,0.743655,0.548449,0.251482,0.258079
0.930385,-0.00999,0.096398,0.352571,0.887382,-0.007127,0.042128,0.458657,0.743637,0.548481,0.251461,0.258081
0.930387,-0.009861,0.096445,0.35255,0.887371,-0.007058,0.042171,0.45867,0.743631,0.548504,0.251454,0.258056
0.930407,-0.009762,0.096462,0.35249,0.887382,-0.006947,0.04223,0.45864,0.743598,0.548535,0.251433,0.258104
0.930436,-0.009651,0.096483,0.352406,0.887411,-0.006851,0.042235,0.458582,0.743555,0.548596,0.251419,0.25811
0.930476,-0.009604,0.096488,0.352298,0.887458,-0.006797,0.042257,0.458488,0.743549,0.548644,0.251405,0.258041
0.930505,-0.009638,0.096528,0.352209,0.887514,-0.006819,0.042245,0.458381,0.743556,0.548675,0.251379,0.257979
0.93054,-0.009616,0.096569,0.352106,0.887561,-0.006795,0.042201,0.458295,0.743502,0.548746,0.251403,0.25796
0.930593,-0.009512,0.096624,0.351947,0.887618,-0.006754,0.04217,0.458186,0.743448,0.548817,0.251415,0.257954
0.930654,-0.009403,0.096706,0.351761,0.887681,-0.006756,0.042213,0.458059,0.743439,0.548831,0.251413,0.25795
0.930675,-0.009282,0.096837,0.351664,0.887711,-0.006681,0.042291,0.457991,0.74346,0.548847,0.25137,0.257899
0.930707,-0.00915,0.096977,0.351537,0.887718,-0.006558,0.042395,0.457963,0.743477,0.548852,0.251381,0.257831
0.930735,-0.008995,0.097065,0.351434,0.887727,-0.006457,0.042477,0.457935,0.743456,0.548898,0.251392,0.257784
0.930786,-0.008884,0.097095,0.351289,0.887722,-0.006338,0.042554,0.457933,0.743453,0.548936,0.251391,0.257715
0.930816,-0.008866,0.097078,0.351214,0.887721,-0.00628,0.042631,0.457926,0.743437,0.549009,0.251366,0.257632
0.930835,-0.008791,0.09706,0.351167,0.887751,-0.006169,0.042665,0.457861,0.743381,0.549114,0.251376,0.257561
0.930866,-0.008699,0.097012,0.351096,0.887787,-0.006099,0.04257,0.457799,0.743392,0.54915,0.251392,0.257436
0.930907,-0.008589,0.096979,0.350994,0.887804,-0.006122,0.042511,0.457773,0.743382,0.549209,0.251365,0.257369
0.930935,-0.008576,0.096964,0.350927,0.887836,-0.006114,0.04247,0.457716,0.743361,0.549246,0.251356,0.25736
0.930966,-0.008604,0.097016,0.350829,0.887851,-0.006113,0.042452,0.457687,0.743349,0.549285,0.251327,0.257339
0.930983,-0.008588,0.096986,0.350792,0.88786,-0.006127,0.042417,0.457675,0.743308,0.54938,0.251281,0.2573
0.930998,-0.008504,0.097003,0.350744,0.887876,-0.006018,0.042356,0.457648,0.74328,0.549453,0.251227,0.257276
0.93101,-0.008388,0.097028,0.350701,0.887879,-0.005892,0.042253,0.457649,0.743304,0.549469,0.251187,0.257212
0.931027,-0.008237,0.096986,0.350668,0.887874,-0.005781,0.042162,0.457663,0.743299,0.549526,0.251194,0.257101
0.931039,-0.008198,0.096981,0.350637,0.887887,-0.005707,0.042091,0.457645,0.743331,0.549525,0.251155,0.257052
0.931046,-0.008192,0.096974,0.350619,0.887912,-0.005713,0.041944,0.457611,0.74338,0.549493,0.251095,0.257036
0.931068,-0.008299,0.096903,0.350583,0.88792,-0.005857,0.041858,0.457608,0.743385,0.549514,0.251039,0.257032
0.931077,-0.008477,0.096827,0.350588,0.887927,-0.006041,0.041817,0.457605,0.743383,0.549526,0.251022,0.257032
0.931091,-0.008562,0.096724,0.350581,0.887911,-0.00618,0.041804,0.457642,0.743378,0.54953,0.251013,0.257045
0.931104,-0.008568,0.096643,0.350572,0.887925,-0.006195,0.041801,0.457614,0.743423,0.549478,0.250984,0.257054
0.931112,-0.008383,0.096582,0.350561,0.887908,-0.006081,0.041835,0.45764,0.743426,0.549459,0.250983,0.257086
0.931118,-0.008175,0.096599,0.350535,0.887905,-0.005895,0.041823,0.457642,0.743441,0.549462,0.250946,0.257073
0.931111,-0.007953,0.096618,0.350543,0.887886,-0.005721,0.041746,0.457682,0.743393,0.549516,0.250944,0.257098
0.931125,-0.007739,0.096664,0.350487,0.887886,-0.005543,0.041689,0.457683,0.743336,0.549608,0.250931,0.257075
0.931135,-0.007578,0.096694,0.350447,0.887875,-0.005407,0.04162,0.457706,0.743253,0.549713,0.250919,0.257098
0.931128,-0.007417,0.096724,0.350453,0.887867,-0.005295,0.041546,0.457725,0.743158,0.54984,0.250928,0.257089
0.931122,-0.007311,0.096704,0.350473,0.887865,-0.005168,0.041561,0.457726,0.743055,0.549958,0.250955,0.257101
0.931137,-0.007282,0.096684,0.350437,0.887876,-0.005097,0.041644,0.457695,0.743016,0.550002,0.250956,0.257119
0.931161,-0.007307,0.096671,0.350378,0.887899,-0.004949,0.041716,0.457637,0.742975,0.550048,0.250961,0.25713
0.931184,-0.007335,0.096649,0.350324,0.887906,-0.004999,0.041779,0.457619,0.74295,0.550079,0.250948,0.257148
0.931174,-0.007369,0.096622,0.350361,0.887924,-0.005073,0.041829,0.457581,0.742909,0.55013,0.250968,0.257138
0.931163,-0.007462,0.096581,0.350404,0.887918,-0.005103,0.041828,0.457594,0.742925,0.550131,0.250951,0.257105
0.93117,-0.007481,0.096541,0.350395,0.887902,-0.005159,0.041808,0.457628,0.742932,0.550142,0.250961,0.257055
0.931169,-0.007494,0.09647,0.35042,0.887883,-0.005223,0.041743,0.457673,0.742932,0.550128,0.251024,0.257025
0.931158,-0.00753,0.096429,0.350462,0.887888,-0.005257,0.041698,0.457669,0.742948,0.550118,0.251005,0.25702
0.931144,-0.007578,0.096327,0.350528,0.887875,-0.005275,0.041609,0.457704,0.742966,0.550079,0.250956,0.257097
0.931149,-0.007613,0.09623,0.350546,0.887861,-0.005271,0.041546,0.457736,0.74301,0.549972,0.250922,0.257231
0.931129,-0.007623,0.096202,0.350606,0.887847,-0.005217,0.041509,0.457766,0.743063,0.549896,0.250855,0.257303
0.931125,-0.007525,0.096148,0.350629,0.887814,-0.005185,0.041477,0.457834,0.743082,0.549874,0.250785,0.257362
0.931122,-0.007401,0.096137,0.350637,0.887823,-0.005082,0.041525,0.457808,0.743141,0.549824,0.250729,0.257359
0.931129,-0.007261,0.096189,0.350599,0.887835,-0.004975,0.041544,0.457778,0.74316,0.549797,0.250676,0.257409
0.931145,-0.007226,0.096244,0.350542,0.887826,-0.004864,0.041587,0.457789,0.743135,0.549798,0.250721,0.257433
0.931143,-0.007228,0.096263,0.350543,0.887826,-0.004815,0.041677,0.457778,0.743079,0.549843,0.2508,0.257417
0.931136,-0.007289,0.096255,0.350565,0.887817,-0.004832,0.041694,0.457796,0.743068,0.549859,0.250862,0.257362
0.931134,-0.007442,0.096237,0.350579,0.887823,-0.004891,0.041723,0.457781,0.743063,0.549888,0.25085,0.257326
0.93114,-0.007586,0.096268,0.350557,0.887793,-0.005029,0.041748,0.457842,0.743069,0.549898,0.250841,0.257295
0.93115,-0.0077,0.096269,0.350535,0.887794,-0.005197,0.041782,0.457841,0.743109,0.549836,0.250878,0.25728
0.93114,-0.007749,0.096299,0.350553,0.887792,-0.005298,0.041842,0.457841,0.743187,0.549744,0.250836,0.257294
0.931153,-0.007649,0.096352,0.350499,0.88777,-0.005263,0.0419,0.457877,0.743179,0.549745,0.250808,0.257339
0.931161,-0.007511,0.096454,0.350448,0.887788,-0.00514,0.041991,0.457828,0.74319,0.549724,0.250812,0.257351
0.931167,-0.007332,0.096534,0.350403,0.887816,-0.004937,0.042085,0.45776,0.743219,0.549693,0.250829,0.257319
0.931172,-0.007172,0.09655,0.350381,0.887852,-0.004821,0.042104,0.457684,0.743235,0.549675,0.250897,0.25725
0.931188,-0.00713,0.096596,0.350323,0.88786,-0.004741,0.042089,0.457668,0.743191,0.549713,0.25096,0.257234
0.931194,-0.007164,0.096593,0.350309,0.887887,-0.004755,0.042139,0.45761,0.74313,0.549795,0.250993,0.257201
0.931208,-0.007247,0.096617,0.350268,0.887897,-0.004803,0.042194,0.457588,0.743102,0.549811,0.250987,0.257247
0.931223,-0.007366,0.096589,0.350239,0.887909,-0.004901,0.042176,0.457568,0.743078,0.549834,0.250968,0.257286
0.931206,-0.007483,0.0966,0.350283,0.887917,-0.004975,0.04219,0.457554,0.743092,0.549805,0.250984,0.257293
0.931182,-0.007495,0.096628,0.350341,0.887901,-0.004985,0.042251,0.457579,0.74313,0.549763,0.25099,0.257269
0.931171,-0.007408,0.096673,0.350353,0.887868,-0.004915,0.042354,0.457631,0.74315,0.549756,0.250983,0.257232
0.931166,-0.007144,0.096765,0.350331,0.887843,-0.004769,0.042431,0.457667,0.743147,0.549762,0.251016,0.257198
0.931161,-0.006919,0.096859,0.350314,0.887811,-0.004666,0.042515,0.457717,0.743122,0.549776,0.25108,0.257179
0.931142,-0.006804,0.096926,0.35034,0.887775,-0.00447,0.042595,0.45777,0.743102,0.549776,0.251106,0.25721
0.931128,-0.006692,0.096923,0.350377,0.887724,-0.00436,0.042676,0.457859,0.743085,0.549783,0.251157,0.257192
0.931101,-0.006604,0.096924,0.350445,0.887691,-0.004288,0.042781,0.45791,0.743052,0.549836,0.251183,0.257152
0.931091,-0.006668,0.096896,0.35048,0.887689,-0.004243,0.042795,0.45791,0.743011,0.54986,0.251241,0.257158
0.931075,-0.006719,0.096907,0.350522,0.887685,-0.004284,0.042827,0.457917,0.742982,0.54989,0.251297,0.257124
0.931068,-0.006854,0.096941,0.350534,0.887658,-0.004385,0.042841,0.45797,0.742949,0.549927,0.251322,0.257115
0.931066,-0.006968,0.09695,0.350539,0.887661,-0.004498,0.042859,0.457966,0.742939,0.549921,0.251341,0.257137
0.931069,-0.007086,0.096962,0.350531,0.887675,-0.004607,0.042834,0.457946,0.742951,0.549907,0.251338,0.257137
0.931071,-0.007159,0.096939,0.350536,0.887674,-0.004731,0.042855,0.457949,0.742932,0.549933,0.251393,0.257085
0.931058,-0.007193,0.096966,0.350563,0.887692,-0.004791,0.042822,0.457919,0.742916,0.549958,0.251425,0.257044
0.931062,-0.00713,0.097004,0.350541,0.887693,-0.004723,0.042847,0.457911,0.74295,0.549935,0.251407,0.257017
0.931071,-0.006933,0.097093,0.350486,0.887695,-0.004606,0.042859,0.457904,0.742941,0.549931,0.251437,0.257019
0.931079,-0.00673,0.097204,0.350423,0.887726,-0.004431,0.042924,0.457832,0.742931,0.549924,0.251462,0.257039
0.931093,-0.006612,0.097287,0.350359,0.887751,-0.004306,0.042993,0.457772,0.742921,0.549937,0.251442,0.257059
0.931097,-0.006531,0.097342,0.350331,0.887773,-0.004159,0.043105,0.457712,0.742899,0.549948,0.251487,0.257055
0.931092,-0.006442,0.097352,0.350341,0.887767,-0.004046,0.043128,0.457719,0.742892,0.549951,0.251476,0.257079
0.931089,-0.006438,0.097354,0.350346,0.887767,-0.004061,0.043074,0.457726,0.742902,0.549949,0.251429,0.257097
0.931092,-0.006455,0.09729,0.350355,0.887744,-0.00413,0.043035,0.457776,0.742864,0.550013,0.251459,0.257043
0.931082,-0.006492,0.097224,0.350405,0.8877,-0.004163,0.042978,0.457868,0.742822,0.550057,0.251456,0.257069
0.931096,-0.00648,0.097208,0.35037,0.887688,-0.004186,0.042924,0.457896,0.742795,0.550085,0.251479,0.257065
0.931111,-0.006423,0.097217,0.350328,0.887676,-0.004179,0.042885,0.457924,0.742757,0.550126,0.251485,0.25708
0.931115,-0.0063,0.097237,0.350309,0.887678,-0.004119,0.0429,0.457917,0.742712,0.550151,0.251509,0.257126
0.931117,-0.006198,0.09724,0.350298,0.887673,-0.003973,0.042952,0.457915,0.7427,0.550162,0.251512,0.25714
0.931124,-0.006168,0.097243,0.350279,0.887696,-0.003851,0.043036,0.457858,0.742636,0.550233,0.25152,0.257161
0.931132,-0.006101,0.097291,0.350241,0.887726,-0.003782,0.043093,0.457793,0.742573,0.550278,0.251556,0.257209
0.931119,-0.006025,0.097341,0.350258,0.88772,-0.003673,0.043109,0.457799,0.742519,0.550326,0.251574,0.257237
0.931126,-0.005975,0.097361,0.350231,0.88771,-0.003593,0.043208,0.457805,0.742497,0.550328,0.251584,0.257288
0.931111,-0.00593,0.097346,0.350275,0.887718,-0.003456,0.043255,0.457781,0.74245,0.550392,0.251616,0.257249
0.931109,-0.005867,0.097354,0.350274,0.887734,-0.00333,0.043303,0.45774,0.742401,0.55045,0.251699,0.25719
0.931115,-0.005749,0.097369,0.35025,0.887721,-0.003255,0.043317,0.45776,0.742314,0.55055,0.251756,0.257164
0.931115,-0.005578,0.097379,0.350241,0.887723,-0.003143,0.043294,0.457755,0.742249,0.550614,0.251799,0.257173
0.931124,-0.005507,0.0973,0.350241,0.887711,-0.003041,0.043238,0.457782,0.742176,0.550685,0.251815,0.257211
0.931103,-0.005418,0.097224,0.350316,0.887669,-0.002953,0.043218,0.457861,0.742119,0.550728,0.251778,0.257316
0.931094,-0.005356,0.097148,0.350359,0.887631,-0.002915,0.043139,0.457943,0.742107,0.550731,0.251729,0.257387
0.93108,-0.005305,0.097058,0.35042,0.887593,-0.002878,0.043054,0.458024,0.742106,0.550729,0.251665,0.257454
0.931052,-0.005157,0.097061,0.35049,0.88757,-0.002779,0.042978,0.458071,0.742101,0.550707,0.251636,0.257542
0.931039,-0.005015,0.097073,0.350514,0.887568,-0.002654,0.042975,0.458073,0.74205,0.550731,0.251634,0.257633
0.931035,-0.004837,0.097113,0.350508,0.887542,-0.002477,0.042994,0.458116,0.742009,0.550749,0.251678,0.257666
0.931021,-0.004699,0.097117,0.350541,0.88753,-0.002306,0.043052,0.458124,0.741912,0.550849,0.251744,0.257661
0.931014,-0.004577,0.097112,0.350555,0.887525,-0.002088,0.043134,0.45812,0.741826,0.550946,0.251816,0.257632
0.931032,-0.004512,0.097152,0.350496,0.887523,-0.002009,0.043221,0.458109,0.741721,0.551067,0.251881,0.257607
0.931026,-0.00446,0.097168,0.350504,0.887526,-0.001927,0.043236,0.4581,0.741624,0.551186,0.251961,0.257556
0.931042,-0.004489,0.097148,0.350468,0.887542,-0.001926,0.043179,0.458074,0.74156,0.551259,0.252003,0.257538
0.931033,-0.004598,0.097096,0.350511,0.887531,-0.002065,0.043146,0.458105,0.741546,0.551246,0.252055,0.257558
0.931028,-0.004735,0.097056,0.350539,0.887531,-0.002155,0.043132,0.45811,0.741537,0.551213,0.252106,0.257602
0.931037,-0.004886,0.09703,0.350531,0.887513,-0.002209,0.043157,0.458143,0.74152,0.55119,0.252187,0.257619
0.931039,-0.004941,0.096998,0.350535,0.887488,-0.00229,0.043133,0.458197,0.741517,0.551199,0.252196,0.257602
0.931039,-0.00503,0.096959,0.35055,0.887461,-0.002374,0.043105,0.458256,0.74152,0.551156,0.252241,0.257638
0.931048,-0.005073,0.096929,0.350534,0.887461,-0.002396,0.043066,0.458262,0.741525,0.551104,0.252279,0.257695
0.931045,-0.005038,0.096906,0.350549,0.887464,-0.002404,0.043013,0.45826,0.741506,0.551105,0.252286,0.257743
0.931034,-0.00493,0.096947,0.350562,0.887467,-0.002311,0.043012,0.458253,0.741522,0.551061,0.252245,0.257827
0.930999,-0.00479,0.097065,0.350616,0.887433,-0.002189,0.043075,0.458308,0.741571,0.550978,0.252265,0.257847
0.930985,-0.004711,0.097113,0.350638,0.887402,-0.002092,0.043138,0.458356,0.741612,0.550903,0.252257,0.257896
0.930959,-0.004695,0.097251,0.350663,0.887371,-0.001994,0.043179,0.458408,0.74157,0.550925,0.252265,0.257958
0.930946,-0.004746,0.097327,0.35068,0.887351,-0.001958,0.04328,0.458436,0.741517,0.550994,0.252287,0.257938
0.930961,-0.004746,0.09735,0.350633,0.887367,-0.001981,0.043327,0.458401,0.741458,0.551052,0.252322,0.25795
0.930984,-0.004952,0.097335,0.350584,0.887371,-0.002103,0.043339,0.458395,0.74139,0.551116,0.252387,0.257943
0.930988,-0.005168,0.097212,0.350616,0.88738,-0.002221,0.043289,0.458387,0.741346,0.551135,0.252451,0.257965
0.930984,-0.005424,0.097099,0.350668,0.887392,-0.002422,0.043201,0.458381,0.741408,0.551047,0.252475,0.257953
0.93098,-0.005537,0.097063,0.350691,0.887378,-0.002502,0.043179,0.458413,0.741455,0.550956,0.252481,0.258009
0.930954,-0.005549,0.09711,0.350746,0.887344,-0.00255,0.043133,0.458485,0.741544,0.550819,0.25245,0.258077
0.930922,-0.005407,0.097172,0.350809,0.88729,-0.002447,0.043173,0.458583,0.741586,0.550735,0.252422,0.258163
0.930901,-0.005197,0.097287,0.350826,0.887266,-0.002259,0.043295,0.458609,0.741626,0.550683,0.25239,0.258188
0.930877,-0.00497,0.097401,0.350849,0.887253,-0.002074,0.043358,0.458622,0.741676,0.550625,0.252334,0.258224
0.930853,-0.004736,0.09749,0.350876,0.887243,-0.001818,0.043489,0.458617,0.741664,0.550637,0.252361,0.258207
0.930858,-0.004606,0.097538,0.350846,0.887253,-0.001604,0.043642,0.458574,0.741616,0.550695,0.252434,0.258152
0.930876,-0.004506,0.097584,0.350781,0.887256,-0.001513,0.043828,0.458544,0.741549,0.550772,0.252507,0.258106
0.930889,-0.004539,0.097639,0.350732,0.887269,-0.001479,0.043937,0.458506,0.741454,0.550891,0.252571,0.258063
0.930906,-0.004617,0.097678,0.35068,0.887295,-0.001526,0.04404,0.458446,0.741363,0.550973,0.252689,0.25803
0.930915,-0.004736,0.097627,0.350674,0.887328,-0.001687,0.044028,0.45839,0.741367,0.550969,0.252707,0.25801
0.930923,-0.004909,0.09752,0.35069,0.887308,-0.001803,0.044005,0.458436,0.741376,0.550927,0.252771,0.258011
0.93093,-0.004979,0.097477,0.350686,0.887294,-0.001993,0.043972,0.458472,0.741407,0.550876,0.252771,0.25803
0.930912,-0.005021,0.097443,0.350745,0.887278,-0.002108,0.043982,0.458506,0.741447,0.550822,0.252746,0.258055
0.9309,-0.004998,0.097417,0.350783,0.887268,-0.002096,0.043913,0.458533,0.741474,0.550764,0.252754,0.258096
0.930897,-0.004935,0.097409,0.350792,0.88726,-0.002101,0.043905,0.458549,0.741513,0.550729,0.25269,0.258119
0.930896,-0.004847,0.09746,0.350778,0.88726,-0.002064,0.043866,0.458554,0.741527,0.550704,0.252669,0.258155
0.930906,-0.004808,0.09753,0.35073,0.887263,-0.002027,0.043857,0.458545,0.74152,0.55073,0.252652,0.258138
0.930928,-0.004803,0.097524,0.350672,0.887284,-0.002089,0.043867,0.458506,0.741501,0.550753,0.25266,0.258134
0.930971,-0.004927,0.097443,0.350587,0.887287,-0.002137,0.043899,0.4585,0.741469,0.550808,0.252699,0.25807
0.930993,-0.005098,0.097433,0.350536,0.887296,-0.002225,0.043929,0.458482,0.741482,0.550818,0.252712,0.258002
0.931014,-0.00508,0.097455,0.350471,0.887319,-0.002279,0.043881,0.458444,0.741477,0.550825,0.252712,0.258002
0.931032,-0.00509,0.097482,0.350416,0.88733,-0.002242,0.043852,0.458426,0.741497,0.550786,0.252703,0.258036
0.931052,-0.00506,0.097513,0.350355,0.887372,-0.002239,0.043867,0.458342,0.74155,0.550758,0.252624,0.258025
0.931073,-0.00507,0.097524,0.350296,0.887415,-0.002198,0.043927,0.458252,0.741591,0.550717,0.252619,0.258001
0.931087,-0.005063,0.097553,0.350249,0.887458,-0.0021,0.044032,0.458153,0.74161,0.55072,0.252608,0.257948
0.931085,-0.005147,0.09753,0.350264,0.887491,-0.002086,0.044062,0.458085,0.741559,0.550801,0.25264,0.257896
0.931113,-0.005207,0.097473,0.35021,0.887556,-0.002069,0.044039,0.457962,0.741515,0.550852,0.252642,0.257906
0.931148,-0.005301,0.097401,0.350139,0.887602,-0.002101,0.044087,0.457869,0.741485,0.550909,0.252631,0.25788
0.931184,-0.005337,0.097314,0.350071,0.887661,-0.00207,0.044068,0.457756,0.741514,0.550883,0.252587,0.257897
0.931207,-0.005233,0.097266,0.35002,0.887682,-0.002016,0.044019,0.457718,0.741566,0.550855,0.252469,0.257924
0.931245,-0.005206,0.097181,0.349943,0.88769,-0.002036,0.043899,0.457716,0.741621,0.550794,0.252365,0.257997
0.931256,-0.005167,0.097109,0.349932,0.887732,-0.002024,0.043804,0.457644,0.741669,0.55075,0.252279,0.258034
0.931276,-0.005129,0.097081,0.349888,0.887748,-0.002052,0.043734,0.457623,0.741726,0.550705,0.252173,0.258073
0.931285,-0.005188,0.097005,0.349886,0.887761,-0.002034,0.043669,0.457605,0.741798,0.550627,0.252088,0.258114
0.931301,-0.005247,0.096965,0.34986,0.88778,-0.002137,0.043685,0.457567,0.74184,0.550635,0.251922,0.258141
0.931329,-0.005371,0.096922,0.349802,0.887798,-0.002193,0.043654,0.457539,0.741895,0.550585,0.25189,0.258123
0.931361,-0.005481,0.096907,0.349726,0.887815,-0.002291,0.043589,0.457515,0.741932,0.550534,0.251901,0.258118
0.931394,-0.005533,0.096882,0.349646,0.88784,-0.002404,0.043499,0.457481,0.741925,0.550536,0.251929,0.258103
0.931404,-0.005594,0.096891,0.349617,0.887872,-0.002473,0.043511,0.457419,0.741923,0.550544,0.252,0.258024
0.931413,-0.005605,0.096878,0.349597,0.887913,-0.002517,0.043542,0.457338,0.741942,0.550515,0.252068,0.257972
0.931433,-0.00561,0.096885,0.349543,0.887978,-0.002504,0.043617,0.457205,0.74192,0.55054,0.252057,0.257991
0.931473,-0.00563,0.096896,0.349434,0.88804,-0.002481,0.043681,0.457078,0.741878,0.550585,0.25208,0.257991
0.931489,-0.005562,0.096964,0.34937,0.888076,-0.002385,0.043803,0.456992,0.741841,0.550659,0.252094,0.257926
0.931505,-0.00557,0.097047,0.349303,0.888121,-0.002268,0.043864,0.456892,0.741836,0.550675,0.252057,0.257942
0.931513,-0.005519,0.097149,0.349251,0.888142,-0.002251,0.043911,0.456844,0.741836,0.550655,0.252052,0.257985
0.931529,-0.005583,0.097208,0.349195,0.88818,-0.002406,0.04385,0.456785,0.741884,0.550609,0.252054,0.25795
0.931512,-0.005736,0.097247,0.349233,0.888181,-0.002511,0.043777,0.456792,0.741962,0.5505,0.252053,0.257962
0.931496,-0.005861,0.09722,0.349288,0.888172,-0.002636,0.043792,0.456815,0.742028,0.550399,0.252093,0.257954
0.93149,-0.005948,0.097223,0.349303,0.888176,-0.002645,0.04383,0.456804,0.742058,0.550364,0.252129,0.257907
0.931482,-0.005962,0.097225,0.349325,0.88815,-0.002704,0.043857,0.456853,0.742078,0.550348,0.252125,0.257893
0.931469,-0.006012,0.097244,0.349355,0.888123,-0.002738,0.043981,0.456893,0.742076,0.550328,0.252168,0.257897
0.931451,-0.006009,0.097289,0.349389,0.888122,-0.002686,0.044078,0.456882,0.742048,0.550333,0.252213,0.257922
0.931426,-0.005988,0.097343,0.34944,0.888099,-0.002706,0.04412,0.456922,0.742026,0.550324,0.252277,0.257939
0.931393,-0.005933,0.097399,0.349512,0.888074,-0.002724,0.044108,0.456973,0.74198,0.550386,0.252312,0.257907
0.931364,-0.005972,0.097387,0.349593,0.888032,-0.002752,0.044084,0.457059,0.741975,0.550399,0.252321,0.257882
0.931364,-0.006033,0.097386,0.349594,0.887992,-0.002803,0.04407,0.45714,0.741921,0.550483,0.252328,0.257853
0.931345,-0.00612,0.097365,0.349655,0.887973,-0.002876,0.044112,0.457175,0.741894,0.550506,0.252375,0.257836
0.931344,-0.006153,0.097371,0.349658,0.887958,-0.002898,0.044169,0.457198,0.741868,0.550523,0.252425,0.25782
0.931313,-0.006164,0.097422,0.349723,0.887918,-0.002834,0.044279,0.457262,0.741882,0.5505,0.252467,0.257791
0.931313,-0.006076,0.097499,0.349697,0.88792,-0.002745,0.044388,0.457243,0.741913,0.550444,0.252485,0.257804
0.9313,-0.005885,0.097578,0.349704,0.887919,-0.002581,0.044534,0.457224,0.74195,0.550379,0.252504,0.257821
0.931271,-0.005728,0.097664,0.34975,0.887927,-0.002454,0.044633,0.457192,0.741968,0.550344,0.252503,0.257843
0.931271,-0.005608,0.097742,0.349726,0.887941,-0.002336,0.044719,0.45715,0.741957,0.550346,0.25253,0.257846
0.931274,-0.005522,0.097801,0.349695,0.887951,-0.002234,0.044745,0.457126,0.741941,0.550321,0.252589,0.257885
0.931264,-0.005539,0.097855,0.349707,0.887954,-0.002205,0.044809,0.45711,0.74187,0.550389,0.252667,0.257866
0.93126,-0.005594,0.097831,0.349727,0.887968,-0.002184,0.044821,0.457081,0.741821,0.550415,0.252713,0.257905
0.931267,-0.005714,0.097749,0.349739,0.887969,-0.002252,0.044782,0.457087,0.741796,0.550427,0.252718,0.257942
0.931258,-0.00578,0.097695,0.349779,0.887945,-0.002328,0.044736,0.457142,0.741809,0.550398,0.252735,0.257951
0.931242,-0.005879,0.097672,0.349832,0.887938,-0.002426,0.044666,0.457166,0.741849,0.550338,0.252729,0.257973
0.93124,-0.005939,0.097593,0.349861,0.887926,-0.002499,0.044549,0.457204,0.741874,0.550288,0.252687,0.258046
0.931226,-0.006009,0.097525,0.349921,0.887903,-0.002546,0.044539,0.457253,0.74188,0.550245,0.25268,0.258125
0.931214,-0.005999,0.097497,0.34996,0.8879,-0.002552,0.044483,0.457266,0.741879,0.550223,0.25267,0.258183
0.931216,-0.005946,0.097539,0.349941,0.887882,-0.002595,0.044381,0.457313,0.741852,0.55024,0.25267,0.258223
0.931198,-0.005948,0.097572,0.349978,0.88785,-0.002627,0.044317,0.457384,0.741813,0.550258,0.252689,0.258272
0.931181,-0.006021,0.097545,0.350034,0.887821,-0.002627,0.044291,0.457442,0.741804,0.550268,0.252648,0.258318
0.931167,-0.006125,0.097501,0.350086,0.887796,-0.002694,0.044272,0.457495,0.741809,0.55024,0.252654,0.258356
0.931163,-0.006162,0.097527,0.350093,0.887824,-0.002646,0.044277,0.457437,0.741828,0.550199,0.252658,0.258386
0.931161,-0.006177,0.097496,0.350106,0.88782,-0.00261,0.044361,0.457435,0.741853,0.550133,0.252626,0.258485
0.931161,-0.006144,0.097472,0.350112,0.887824,-0.002478,0.044449,0.457412,0.741856,0.550084,0.252638,0.258565
0.931165,-0.00603,0.097469,0.350099,0.887833,-0.002234,0.044572,0.457371,0.741855,0.550081,0.25267,0.258542
0.931167,-0.005826,0.097512,0.350076,0.88785,-0.002055,0.044703,0.457321,0.741785,0.550164,0.2527,0.258535
0.931178,-0.005669,0.097512,0.350043,0.887844,-0.001896,0.044713,0.457325,0.74166,0.550314,0.252767,0.258507
0.931162,-0.005618,0.097511,0.350081,0.887832,-0.001851,0.044679,0.45735,0.741562,0.55042,0.252813,0.258511
0.931141,-0.00559,0.097479,0.350146,0.887801,-0.001847,0.044569,0.457422,0.741481,0.550509,0.25284,0.258523
0.931124,-0.005575,0.097369,0.35022,0.887775,-0.001794,0.044402,0.457488,0.741418,0.550573,0.252845,0.258562
0.931137,-0.005556,0.097196,0.350239,0.887749,-0.00181,0.044235,0.457556,0.741364,0.550604,0.252859,0.258632
0.931115,-0.00562,0.097046,0.35034,0.887722,-0.0019,0.044143,0.457623,0.741371,0.550565,0.2528,0.25875
0.931102,-0.005622,0.096921,0.350413,0.887692,-0.001893,0.043997,0.457696,0.741379,0.550513,0.252728,0.258904
0.931077,-0.005623,0.096893,0.350487,0.887663,-0.001896,0.043891,0.457765,0.74135,0.550503,0.252714,0.259013
0.931045,-0.005587,0.09679,0.3506,0.887625,-0.00185,0.043782,0.45785,0.741303,0.550542,0.252712,0.259065
0.93101,-0.005615,0.096733,0.35071,0.887582,-0.001863,0.043684,0.457943,0.741239,0.550567,0.252754,0.259151
0.930992,-0.005613,0.096682,0.350773,0.887545,-0.001864,0.04364,0.458018,0.741159,0.550624,0.252806,0.259204
0.93098,-0.005632,0.096605,0.350827,0.887495,-0.001853,0.043625,0.458116,0.741131,0.550623,0.252833,0.259255
0.930964,-0.005628,0.096549,0.350884,0.887505,-0.001881,0.043619,0.4581,0.741055,0.550663,0.252864,0.259352
0.930969,-0.00555,0.096463,0.350897,0.88749,-0.001838,0.043589,0.45813,0.741007,0.55068,0.252922,0.259393
0.930967,-0.005479,0.096406,0.350912,0.887492,-0.0018,0.043541,0.458128,0.740956,0.550686,0.252969,0.259479
0.930968,-0.005347,0.096452,0.350893,0.887504,-0.001734,0.043583,0.458098,0.740887,0.55074,0.252974,0.259549
0.930976,-0.005272,0.096524,0.35085,0.887525,-0.001645,0.043609,0.458054,0.740797,0.550839,0.252936,0.259625
0.930987,-0.005121,0.096563,0.350805,0.88753,-0.001509,0.043549,0.458042,0.74071,0.550931,0.252929,0.259683
0.930996,-0.00503,0.096597,0.350767,0.887546,-0.001347,0.043527,0.458008,0.740614,0.551014,0.252931,0.259772
0.930999,-0.004837,0.096684,0.35073,0.887582,-0.001186,0.043526,0.457934,0.740494,0.551139,0.252899,0.259871
0.931001,-0.004702,0.096691,0.350715,0.887594,-0.001075,0.043538,0.457904,0.740403,0.551248,0.252893,0.259899
0.931017,-0.004685,0.096692,0.350672,0.887646,-0.001026,0.043592,0.457797,0.74034,0.551308,0.252877,0.25996
0.931037,-0.004644,0.096785,0.35059,0.887674,-0.001005,0.043689,0.457731,0.740218,0.551421,0.252913,0.260027
0.93106,-0.004602,0.096961,0.350477,0.887717,-0.0009,0.043789,0.457632,0.740087,0.551539,0.252921,0.260135
0.931087,-0.004534,0.097121,0.350355,0.88775,-0.000691,0.043868,0.457553,0.739903,0.551686,0.252928,0.260324
0.931127,-0.004312,0.097286,0.350197,0.887823,-0.000445,0.044027,0.457383,0.739693,0.551846,0.252994,0.260505
0.931208,-0.004052,0.097434,0.349929,0.88792,-0.00018,0.044164,0.457169,0.739394,0.5521,0.253066,0.260726
0.931307,-0.003811,0.097585,0.349615,0.888062,4.5e-05,0.044303,0.456871,0.739053,0.552443,0.253119,0.2609
0.931412,-0.003569,0.097559,0.349333,0.888211,0.000268,0.044331,0.456568,0.73868,0.552852,0.253211,0.260981
0.931509,-0.003388,0.097511,0.349081,0.888357,0.000531,0.04426,0.456282,0.738334,0.553267,0.253224,0.26105
0.931603,-0.003306,0.097341,0.348877,0.888472,0.000644,0.044076,0.456074,0.738029,0.553593,0.253256,0.261176
0.931665,-0.003279,0.097122,0.348774,0.888569,0.000712,0.043797,0.455911,0.737781,0.553853,0.253208,0.261354
0.93172,-0.003208,0.096857,0.348701,0.88863,0.000786,0.043548,0.455817,0.737552,0.554111,0.253091,0.26155
0.931768,-0.003051,0.096626,0.348635,0.888644,0.000937,0.043294,0.455809,0.73733,0.554386,0.252876,0.261785
0.931829,-0.002799,0.096388,0.348533,0.888668,0.001212,0.043114,0.45577,0.737105,0.55463,0.252661,0.262089
0.931901,-0.002427,0.096183,0.348383,0.888706,0.001642,0.042928,0.455697,0.736855,0.554905,0.252437,0.262402
0.93199,-0.001992,0.096002,0.348181,0.888758,0.002057,0.042692,0.455603,0.736484,0.555258,0.252311,0.262793
0.932127,-0.00159,0.095775,0.347862,0.888836,0.002393,0.042382,0.455467,0.736036,0.555695,0.252216,0.263182
0.932275,-0.001205,0.095419,0.34755,0.888923,0.00264,0.04196,0.45533,0.735521,0.556215,0.252108,0.263592
0.932424,-0.000945,0.094906,0.347287,0.889059,0.002841,0.041351,0.455118,0.734963,0.556807,0.252015,0.263957
0.932562,-0.000807,0.094274,0.347092,0.889192,0.003047,0.040672,0.454917,0.734465,0.557364,0.251883,0.26426
