-0.082714,-0.047469,0.212351,0.975802,-0.016946,-0.091113,0.187845,0.98016,-0.12172,-0.088868,0.278414,0.948693
-0.082713,-0.047561,0.212194,0.975828,-0.016952,-0.091202,0.187628,0.980189,-0.121725,-0.088943,0.27831,0.948714
-0.082788,-0.047642,0.212019,0.975852,-0.016984,-0.091213,0.187414,0.980224,-0.121783,-0.089071,0.278198,0.948724
-0.082866,-0.047703,0.211899,0.975866,-0.016979,-0.091328,0.187312,0.98023,-0.121853,-0.089242,0.278138,0.948712
-0.082908,-0.047782,0.211819,0.975874,-0.017003,-0.091431,0.187277,0.980226,-0.12184,-0.089382,0.278075,0.948717
-0.082937,-0.047882,0.211776,0.975875,-0.016998,-0.091546,0.18729,0.980212,-0.121754,-0.089436,0.278033,0.948734
-0.083012,-0.047964,0.211755,0.975868,-0.016976,-0.091667,0.187296,0.9802,-0.121698,-0.089527,0.277898,0.948769
-0.083008,-0.048089,0.211804,0.975852,-0.016948,-0.091764,0.187444,0.980166,-0.121736,-0.089607,0.277793,0.948785
-0.082997,-0.048202,0.211892,0.975828,-0.01694,-0.091813,0.187506,0.980149,-0.121722,-0.089752,0.277787,0.948772
-0.082975,-0.048309,0.211851,0.975833,-0.016885,-0.091878,0.187546,0.980137,-0.121636,-0.089926,0.27781,0.948757
-0.082947,-0.048418,0.211756,0.975848,-0.016867,-0.091927,0.187492,0.980142,-0.121676,-0.090079,0.277857,0.948721
-0.082904,-0.048499,0.21162,0.975874,-0.016856,-0.091984,0.187342,0.980162,-0.12171,-0.090156,0.277866,0.948706
-0.082967,-0.048507,0.211518,0.975888,-0.016793,-0.092062,0.187125,0.980193,-0.121673,-0.090264,0.27783,0.948709
-0.082953,-0.048552,0.211385,0.975912,-0.016788,-0.092133,0.186906,0.980223,-0.121629,-0.090258,0.277738,0.948741
-0.082923,-0.048525,0.211281,0.975938,-0.016727,-0.092152,0.186763,0.980247,-0.121672,-0.090205,0.277629,0.948773
-0.082933,-0.048489,0.211224,0.975949,-0.016717,-0.09217,0.186762,0.980245,-0.121692,-0.090202,0.277525,0.9488
-0.082915,-0.048549,0.211307,0.975931,-0.016695,-0.092087,0.186825,0.980243,-0.121762,-0.090226,0.277502,0.948795
-0.082811,-0.04863,0.211393,0.975918,-0.016646,-0.092092,0.186887,0.980233,-0.121788,-0.090281,0.277503,0.948785
-0.082694,-0.048666,0.211405,0.975924,-0.016581,-0.092068,0.186934,0.980228,-0.121821,-0.090333,0.277535,0.948766
-0.082685,-0.04872,0.211382,0.975925,-0.016522,-0.092099,0.186936,0.980225,-0.121854,-0.090338,0.277598,0.948742
-0.082663,-0.048763,0.211385,0.975924,-0.016506,-0.092098,0.186875,0.980236,-0.121824,-0.090326,0.277706,0.948718
-0.082599,-0.048778,0.211355,0.975935,-0.016496,-0.092087,0.186778,0.980254,-0.121849,-0.090336,0.277722,0.948709
-0.082547,-0.048739,0.211363,0.97594,-0.016516,-0.092028,0.186741,0.980267,-0.121895,-0.090342,0.277731,0.9487
-0.082529,-0.048682,0.211305,0.975956,-0.016525,-0.091979,0.186811,0.980259,-0.12196,-0.090321,0.277748,0.948689
-0.082536,-0.048669,0.21133,0.975951,-0.016585,-0.09195,0.186873,0.98025,-0.121994,-0.090226,0.277722,0.948702
-0.082524,-0.048653,0.211366,0.975946,-0.016636,-0.091927,0.18699,0.980232,-0.122036,-0.090248,0.277747,0.948688
-0.082611,-0.048614,0.21135,0.975944,-0.016683,-0.091889,0.187032,0.980227,-0.122078,-0.090292,0.277792,0.948664
-0.082657,-0.048557,0.21134,0.975946,-0.016763,-0.091831,0.187015,0.980235,-0.122133,-0.090358,0.277878,0.948625
-0.082695,-0.04847,0.211168,0.975981,-0.016794,-0.091804,0.186982,0.980243,-0.122197,-0.090409,0.277933,0.948596
-0.082644,-0.048391,0.211058,0.976011,-0.016812,-0.091789,0.186924,0.980254,-0.122244,-0.090382,0.277977,0.94858
-0.082542,-0.048374,0.210899,0.976052,-0.016902,-0.091757,0.186889,0.980262,-0.122306,-0.090374,0.277943,0.948583
-0.082444,-0.048523,0.21084,0.976063,-0.016937,-0.091743,0.186818,0.980275,-0.122413,-0.09037,0.277876,0.948589
-0.082405,-0.048702,0.210853,0.976053,-0.016969,-0.091729,0.186718,0.980293,-0.122474,-0.090335,0.277831,0.948597
-0.0824,-0.048814,0.210923,0.976034,-0.016984,-0.09171,0.18659,0.980317,-0.12252,-0.090295,0.277781,0.94861
-0.082383,-0.048951,0.210907,0.97603,-0.017041,-0.09171,0.186478,0.980335,-0.122561,-0.090297,0.27779,0.948601
-0.082387,-0.048966,0.210833,0.976044,-0.017087,-0.091707,0.186343,0.980358,-0.122586,-0.09034,0.277775,0.948598
-0.082376,-0.048962,0.210714,0.976068,-0.017137,-0.091696,0.186232,0.980377,-0.122652,-0.090351,0.277752,0.948595
-0.082315,-0.048917,0.210606,0.976096,-0.017155,-0.091653,0.186139,0.980397,-0.12266,-0.090346,0.277787,0.948585
-0.08232,-0.048894,0.210536,0.976111,-0.017169,-0.091637,0.186235,0.980382,-0.122752,-0.090328,0.277746,0.948586
-0.082359,-0.048912,0.210557,0.976103,-0.017185,-0.091585,0.186371,0.980363,-0.122796,-0.090312,0.277773,0.948575
-0.082381,-0.048869,0.210632,0.976089,-0.017213,-0.091547,0.186517,0.980342,-0.122841,-0.090258,0.277819,0.948562
-0.082365,-0.048737,0.210647,0.976095,-0.017287,-0.091525,0.186624,0.980324,-0.122847,-0.090213,0.277927,0.948536
-0.082466,-0.048572,0.210648,0.976096,-0.01734,-0.091427,0.186649,0.980329,-0.122894,-0.090191,0.277971,0.948519
-0.082438,-0.048455,0.210553,0.976123,-0.017392,-0.091442,0.186551,0.980344,-0.122931,-0.090161,0.277977,0.948516
-0.082388,-0.048379,0.210468,0.976148,-0.017443,-0.091408,0.186582,0.980341,-0.122993,-0.09012,0.277969,0.948515
-0.082313,-0.048388,0.210418,0.976163,-0.017375,-0.09138,0.186622,0.980338,-0.123042,-0.090123,0.27797,0.948508
-0.082242,-0.048407,0.210467,0.976158,-0.017334,-0.091372,0.186662,0.980332,-0.123147,-0.090111,0.277978,0.948493
-0.082255,-0.048499,0.210578,0.976131,-0.01731,-0.091349,0.18671,0.980328,-0.123249,-0.090126,0.278022,0.948465
-0.082232,-0.048541,0.210689,0.976108,-0.017337,-0.09135,0.18677,0.980316,-0.123294,-0.090128,0.278142,0.948425
-0.082244,-0.048528,0.210713,0.976104,-0.01735,-0.091376,0.186724,0.980322,-0.123353,-0.090173,0.27825,0.948382
-0.082305,-0.048512,0.210663,0.976109,-0.017424,-0.091385,0.186734,0.980317,-0.123367,-0.090136,0.278284,0.948374
-0.082328,-0.048483,0.21056,0.976129,-0.017477,-0.091384,0.186665,0.980328,-0.123369,-0.090167,0.278244,0.948382
-0.082418,-0.048488,0.210416,0.97615,-0.017518,-0.091373,0.186584,0.980343,-0.123323,-0.09015,0.278194,0.948405
-0.082498,-0.0485,0.210444,0.976136,-0.017637,-0.091374,0.186548,0.980347,-0.123298,-0.090145,0.278177,0.948413
-0.082564,-0.048462,0.210521,0.976119,-0.017767,-0.091342,0.186488,0.980359,-0.123324,-0.090076,0.278141,0.948427
-0.082691,-0.048392,0.210656,0.976085,-0.01788,-0.09129,0.186571,0.980348,-0.123336,-0.090055,0.278117,0.948435
-0.082838,-0.048279,0.210719,0.976068,-0.017937,-0.091228,0.186698,0.980331,-0.123423,-0.090026,0.278165,0.948414
-0.082933,-0.048112,0.210724,0.976068,-0.017978,-0.091219,0.186829,0.980309,-0.123474,-0.090048,0.27827,0.948375
-0.083076,-0.047957,0.21063,0.976083,-0.018001,-0.091213,0.186839,0.980307,-0.123511,-0.090078,0.278366,0.948338
-0.083132,-0.047852,0.210453,0.976119,-0.018012,-0.091197,0.186867,0.980304,-0.123589,-0.090102,0.278425,0.948309
-0.083055,-0.047827,0.210366,0.976144,-0.018072,-0.09119,0.186823,0.980311,-0.12365,-0.090113,0.278505,0.948277
-0.083,-0.047923,0.210331,0.976149,-0.018038,-0.091182,0.186837,0.98031,-0.123654,-0.090122,0.278552,0.948262
-0.08296,-0.048036,0.210378,0.976137,-0.018003,-0.091182,0.186826,0.980312,-0.123756,-0.090072,0.278558,0.948253
-0.082927,-0.048144,0.210493,0.976112,-0.017969,-0.091212,0.186751,0.980323,-0.123813,-0.090027,0.278594,0.94824
-0.08283,-0.048172,0.210593,0.976099,-0.017968,-0.091223,0.186773,0.980318,-0.123864,-0.089987,0.278549,0.948251
-0.082812,-0.048229,0.210665,0.976083,-0.017966,-0.091222,0.186768,0.980319,-0.12387,-0.089968,0.278529,0.948257
-0.082849,-0.048226,0.210701,0.976074,-0.017945,-0.091234,0.186853,0.980304,-0.123908,-0.090001,0.278505,0.948256
-0.082856,-0.048197,0.21065,0.976084,-0.017976,-0.091138,0.186829,0.980317,-0.123932,-0.090021,0.278459,0.948264
-0.082879,-0.048146,0.21064,0.976087,-0.018033,-0.091134,0.186805,0.980321,-0.123973,-0.090006,0.278403,0.948276
-0.08291,-0.048069,0.210525,0.976111,-0.01808,-0.091061,0.18674,0.980338,-0.123992,-0.089923,0.278287,0.948316
-0.082981,-0.047998,0.210416,0.976131,-0.018122,-0.091023,0.186708,0.980347,-0.124015,-0.089923,0.278195,0.948339
-0.083094,-0.047947,0.210331,0.97614,-0.018167,-0.090935,0.186688,0.980357,-0.124042,-0.089897,0.278136,0.948355
-0.083148,-0.047921,0.210263,0.976151,-0.018245,-0.090888,0.186671,0.980364,-0.12414,-0.08986,0.278105,0.948355
-0.083162,-0.047834,0.21026,0.976155,-0.018274,-0.090876,0.186694,0.980361,-0.124167,-0.089814,0.278052,0.948371
-0.083136,-0.047858,0.210271,0.976153,-0.018314,-0.090886,0.186745,0.98035,-0.124232,-0.089794,0.278075,0.948359
-0.083144,-0.047871,0.210357,0.976136,-0.018299,-0.090866,0.186889,0.980328,-0.124281,-0.089796,0.278123,0.948339
-0.083122,-0.047856,0.21042,0.976126,-0.018283,-0.090881,0.186972,0.980313,-0.124324,-0.089807,0.278191,0.948312
-0.083093,-0.047952,0.210489,0.976109,-0.018315,-0.090952,0.186991,0.980302,-0.124292,-0.089806,0.278256,0.948298
-0.0831,-0.047971,0.210559,0.976094,-0.018244,-0.090955,0.187006,0.9803,-0.124297,-0.089823,0.278267,0.948293
-0.083092,-0.048033,0.210573,0.976089,-0.018245,-0.090951,0.187029,0.980297,-0.12433,-0.089832,0.278315,0.948273
-0.083057,-0.048089,0.210591,0.976085,-0.018205,-0.090978,0.18697,0.980304,-0.124327,-0.089909,0.278358,0.948253
-0.083048,-0.048113,0.210586,0.976085,-0.018166,-0.091014,0.186974,0.980301,-0.124303,-0.089889,0.278401,0.948246
-0.083083,-0.048136,0.210555,0.976087,-0.018172,-0.091016,0.186937,0.980308,-0.12433,-0.089902,0.278511,0.94821
-0.083087,-0.048087,0.210635,0.976074,-0.018147,-0.091013,0.186921,0.980311,-0.124391,-0.089819,0.278545,0.948202
-0.083108,-0.047998,0.210617,0.976081,-0.018126,-0.090944,0.186922,0.980317,-0.12441,-0.089785,0.278568,0.948197
-0.083157,-0.047911,0.210634,0.976078,-0.018146,-0.090861,0.186969,0.980317,-0.124409,-0.089762,0.278543,0.948206
-0.083148,-0.047876,0.210619,0.976084,-0.018137,-0.090797,0.186998,0.980319,-0.124466,-0.089736,0.278571,0.948194
-0.083096,-0.04787,0.210571,0.976098,-0.018102,-0.090723,0.18699,0.980328,-0.124508,-0.089729,0.27853,0.9482
-0.083025,-0.047879,0.210482,0.97612,-0.018152,-0.090713,0.187043,0.980319,-0.124531,-0.089705,0.27845,0.948224
-0.082938,-0.047955,0.210502,0.976119,-0.018148,-0.090644,0.18706,0.980323,-0.124566,-0.089645,0.278403,0.948239
-0.082865,-0.047969,0.210504,0.976124,-0.018134,-0.090586,0.18706,0.980329,-0.1246,-0.089579,0.278362,0.948253
-0.082872,-0.047938,0.210523,0.976122,-0.018131,-0.090567,0.187026,0.980337,-0.124618,-0.089547,0.278317,0.948267
-0.082843,-0.047911,0.210496,0.976131,-0.0181,-0.09055,0.187064,0.980332,-0.124637,-0.089555,0.278342,0.948257
-0.0828,-0.047923,0.210538,0.976126,-0.018071,-0.090514,0.187069,0.980335,-0.124638,-0.08954,0.278404,0.948241
-0.082757,-0.047869,0.210459,0.976147,-0.018091,-0.090464,0.187066,0.980341,-0.124677,-0.089544,0.278426,0.948228
-0.082763,-0.047793,0.21036,0.976171,-0.018116,-0.090399,0.187087,0.980343,-0.124677,-0.089509,0.278482,0.948217
-0.082766,-0.047692,0.210325,0.976183,-0.018064,-0.09036,0.187078,0.980349,-0.12468,-0.089559,0.278513,0.948202
-0.082762,-0.047638,0.210299,0.976191,-0.018057,-0.090275,0.187093,0.980355,-0.124603,-0.089589,0.278471,0.94822
-0.082781,-0.04758,0.210209,0.97621,-0.018068,-0.090206,0.187043,0.98037,-0.124609,-0.089619,0.278424,0.94823
-0.082796,-0.047583,0.210123,0.976226,-0.018067,-0.09016,0.186948,0.980391,-0.124624,-0.089607,0.278419,0.948231
-0.082724,-0.047577,0.21008,0.97624,-0.018024,-0.090132,0.186881,0.980405,-0.124645,-0.089585,0.278468,0.948216
-0.082666,-0.047669,0.209969,0.976261,-0.018033,-0.090129,0.186763,0.980427,-0.124683,-0.089574,0.278537,0.948193
-0.082596,-0.047733,0.209995,0.976259,-0.018025,-0.090142,0.186758,0.980426,-0.124726,-0.089532,0.278583,0.948179
-0.082499,-0.047825,0.210041,0.976252,-0.017951,-0.09015,0.186705,0.980435,-0.124756,-0.08948,0.278619,0.94817
-0.082457,-0.047853,0.210118,0.976239,-0.01793,-0.090166,0.186759,0.980425,-0.124789,-0.089425,0.278575,0.948184
-0.082415,-0.047885,0.210185,0.976228,-0.017904,-0.090182,0.186843,0.980409,-0.124853,-0.089336,0.278519,0.948202
-0.082349,-0.04785,0.210295,0.976214,-0.01788,-0.090201,0.18691,0.980396,-0.124895,-0.089306,0.278504,0.948205
-0.082389,-0.047777,0.210342,0.976205,-0.017863,-0.09019,0.186997,0.980383,-0.124897,-0.089291,0.27849,0.94821
-0.082412,-0.047669,0.210355,0.976207,-0.017833,-0.090122,0.187056,0.98038,-0.124947,-0.089266,0.278553,0.948188
-0.082354,-0.047559,0.210308,0.976226,-0.017823,-0.090085,0.187088,0.980378,-0.124947,-0.089262,0.278595,0.948176
-0.082322,-0.047399,0.210181,0.976263,-0.017814,-0.090043,0.187059,0.980387,-0.124987,-0.089269,0.278703,0.948139
-0.082305,-0.047264,0.210031,0.976301,-0.017741,-0.089968,0.18694,0.980416,-0.125044,-0.089184,0.278776,0.948121
-0.082253,-0.04715,0.209935,0.97633,-0.017691,-0.089936,0.186898,0.980427,-0.125119,-0.089172,0.278825,0.948099
-0.082197,-0.047052,0.20986,0.976355,-0.017632,-0.089889,0.186881,0.980435,-0.125198,-0.089129,0.278846,0.948087
-0.0820888187300324,-0.0469905699308176,0.209878150115473,0.976362926470588,-0.0175512043108521,-0.0897988437383272,0.18695947455404,0.980429868421053,-0.125236399322932,-0.0891047953913536,0.278823588235294,0.948091
-0.081978,-0.046953,0.209918,0.976366,-0.017469,-0.089704,0.187091,0.98042,-0.125278,-0.08908,0.278798,0.948095
-0.081916,-0.046939,0.20999,0.976358,-0.017406,-0.089646,0.187198,0.980408,-0.125386,-0.089033,0.278794,0.948087
-0.081764,-0.046954,0.210045,0.976359,-0.01732,-0.089585,0.187229,0.98041,-0.125506,-0.088965,0.278871,0.948057
-0.081685,-0.046908,0.210025,0.976372,-0.01728,-0.089548,0.187221,0.980416,-0.125584,-0.088928,0.278905,0.94804
-0.081624,-0.046824,0.209937,0.976398,-0.017251,-0.089507,0.18711,0.980439,-0.125669,-0.088952,0.278862,0.948039
-0.081583,-0.046774,0.209799,0.976431,-0.017183,-0.089479,0.186978,0.980466,-0.125707,-0.08896,0.278721,0.948074
-0.081545,-0.046805,0.209726,0.976447,-0.017219,-0.089521,0.186817,0.980489,-0.125734,-0.088875,0.278625,0.948106
-0.081566,-0.046889,0.209647,0.976456,-0.017201,-0.089526,0.186754,0.980499,-0.125755,-0.088831,0.278533,0.948135
-0.081585,-0.046961,0.209702,0.97644,-0.017237,-0.08956,0.18676,0.980494,-0.125792,-0.088782,0.278374,0.948181
-0.081653,-0.046964,0.209787,0.976417,-0.01731,-0.089516,0.186794,0.980492,-0.125792,-0.088742,0.278334,0.948196
-0.081739,-0.046954,0.209877,0.976393,-0.017405,-0.089478,0.186826,0.980488,-0.125832,-0.088762,0.278357,0.948183
-0.081862,-0.046901,0.209922,0.976378,-0.017504,-0.089415,0.186858,0.980488,-0.125875,-0.08883,0.278402,0.948156
-0.081968,-0.046823,0.209843,0.976388,-0.017611,-0.0893,0.186813,0.980505,-0.125921,-0.088873,0.278494,0.948119
-0.08203,-0.04672,0.2097,0.976417,-0.017725,-0.089218,0.186803,0.980513,-0.125963,-0.088905,0.27857,0.948089
-0.082093,-0.04663,0.209547,0.976446,-0.017852,-0.089243,0.186816,0.980506,-0.12597,-0.088979,0.278656,0.948055
-0.082124,-0.04666,0.209531,0.976445,-0.017951,-0.089271,0.186844,0.980497,-0.12603,-0.08896,0.278695,0.948037
-0.082178,-0.046729,0.209713,0.976402,-0.018009,-0.089386,0.186989,0.980459,-0.126116,-0.088895,0.278783,0.948008
-0.082245,-0.046842,0.210007,0.976333,-0.018007,-0.089403,0.187171,0.980427,-0.126116,-0.088875,0.278933,0.947968
-0.082279,-0.047012,0.210281,0.976269,-0.018014,-0.089433,0.187343,0.980395,-0.126151,-0.088874,0.279094,0.947918
-0.082262,-0.047043,0.210414,0.976242,-0.018038,-0.089418,0.187516,0.980366,-0.126232,-0.088918,0.279246,0.947859
-0.08225,-0.047009,0.21042,0.976243,-0.017992,-0.089439,0.187488,0.980369,-0.126309,-0.089009,0.279418,0.947789
-0.082249,-0.046981,0.210247,0.976279,-0.017962,-0.089441,0.18739,0.980386,-0.126376,-0.089108,0.279543,0.947733
-0.082213,-0.046874,0.209988,0.976337,-0.018002,-0.089441,0.187255,0.980409,-0.1264,-0.089177,0.27958,0.947711
-0.082161,-0.046775,0.209735,0.976396,-0.018046,-0.089382,0.187077,0.980444,-0.126449,-0.089202,0.279496,0.947727
-0.082145,-0.046665,0.209647,0.976421,-0.018057,-0.089366,0.186972,0.980464,-0.126475,-0.089167,0.279325,0.947776
-0.082164,-0.046618,0.209597,0.976432,-0.018084,-0.089252,0.186867,0.980493,-0.126523,-0.089134,0.279167,0.947818
-0.082116,-0.046566,0.20951,0.976455,-0.018153,-0.089194,0.18672,0.980522,-0.126577,-0.089067,0.279002,0.947865
-0.082117,-0.046527,0.209373,0.976484,-0.018189,-0.089107,0.186639,0.980544,-0.126637,-0.089039,0.278874,0.947897
-0.082134,-0.046538,0.209227,0.976509,-0.018243,-0.089073,0.186541,0.980564,-0.126708,-0.089023,0.278757,0.947922
-0.082165,-0.046577,0.209088,0.976532,-0.018222,-0.089106,0.186508,0.980566,-0.126767,-0.089024,0.278594,0.947961
-0.082173,-0.046625,0.208982,0.976549,-0.018278,-0.089157,0.186453,0.980569,-0.126803,-0.089018,0.278538,0.947973
-0.082167,-0.04674,0.209016,0.976538,-0.018348,-0.089204,0.186461,0.980563,-0.126848,-0.089005,0.278528,0.947971
-0.08217,-0.046853,0.209129,0.976509,-0.018391,-0.089304,0.186476,0.98055,-0.126916,-0.089044,0.278537,0.947955
-0.082205,-0.046899,0.209211,0.976488,-0.018484,-0.089366,0.1866,0.980521,-0.126921,-0.089075,0.278672,0.947912
-0.082254,-0.047001,0.2093,0.976461,-0.018526,-0.089396,0.186718,0.980497,-0.126966,-0.089139,0.278822,0.947857
-0.082326,-0.047036,0.209236,0.976466,-0.018544,-0.089434,0.186751,0.980487,-0.126954,-0.089226,0.278943,0.947813
-0.082398,-0.047111,0.209151,0.976472,-0.018584,-0.089448,0.186722,0.98049,-0.127009,-0.089304,0.279089,0.947756
-0.082455,-0.047092,0.20906,0.976487,-0.018602,-0.089444,0.186635,0.980506,-0.127098,-0.089409,0.279255,0.947685
-0.082445,-0.047044,0.209,0.976501,-0.018668,-0.089428,0.18662,0.980508,-0.127136,-0.08944,0.279355,0.947648
-0.08243,-0.046995,0.208945,0.976515,-0.01871,-0.089402,0.186595,0.980514,-0.127182,-0.089494,0.279391,0.947626
-0.082439,-0.046894,0.208901,0.976529,-0.018706,-0.08938,0.18663,0.980511,-0.127224,-0.089498,0.279364,0.947627
-0.082462,-0.046876,0.208911,0.976527,-0.018714,-0.089357,0.186643,0.980511,-0.127241,-0.08947,0.279303,0.947644
-0.082449,-0.046975,0.208895,0.976525,-0.018729,-0.089328,0.186592,0.980522,-0.127244,-0.089412,0.279159,0.947692
-0.082467,-0.04708,0.208879,0.976521,-0.018759,-0.089344,0.186463,0.980542,-0.127274,-0.089353,0.278996,0.947741
-0.082418,-0.047177,0.208893,0.976518,-0.018775,-0.089336,0.186333,0.980565,-0.127267,-0.08936,0.278846,0.947784
-0.082357,-0.047278,0.20888,0.976519,-0.018787,-0.089316,0.186235,0.980584,-0.127274,-0.089334,0.278697,0.947828
-0.082306,-0.047328,0.208823,0.976532,-0.018759,-0.089313,0.186141,0.9806,-0.127256,-0.089313,0.278653,0.947845
-0.082223,-0.047336,0.208708,0.97656,-0.018691,-0.089294,0.186117,0.980607,-0.127258,-0.089338,0.278634,0.947848
-0.082123,-0.047321,0.208678,0.976574,-0.018624,-0.089289,0.186114,0.98061,-0.127285,-0.089342,0.278656,0.947838
-0.082009,-0.047285,0.208664,0.976589,-0.018499,-0.089286,0.186155,0.980604,-0.127284,-0.089361,0.278695,0.947824
-0.081812,-0.047326,0.208753,0.976586,-0.018405,-0.089305,0.186159,0.980604,-0.127263,-0.089366,0.278779,0.947802
-0.081628,-0.047323,0.208833,0.976585,-0.018326,-0.089328,0.186198,0.980596,-0.127286,-0.089358,0.278842,0.947783
-0.081474,-0.047307,0.208877,0.97659,-0.018193,-0.089279,0.186218,0.980599,-0.127252,-0.089311,0.278841,0.947792
-0.0813836400480664,-0.0472555991697212,0.208834510904685,0.97660649371179,-0.0181559293025019,-0.0892649656929097,0.186203402542373,0.98060370024077,-0.127196385245902,-0.089318,0.278796480216827,0.947812939578925
-0.081334,-0.047198,0.208744,0.976632,-0.018142,-0.08925,0.186166,0.980612,-0.12716,-0.089325,0.278721,0.947839
-0.081322,-0.04717,0.208595,0.976663,-0.018156,-0.089183,0.186051,0.980638,-0.127188,-0.089256,0.278654,0.947861
-0.081396,-0.047152,0.208476,0.976681,-0.01814,-0.089169,0.185954,0.980656,-0.127145,-0.089199,0.278602,0.947888
-0.081414,-0.047138,0.208359,0.976704,-0.018169,-0.089123,0.185934,0.980663,-0.127116,-0.089124,0.278551,0.947915
-0.081398,-0.047096,0.208399,0.9767,-0.018125,-0.089101,0.185919,0.980669,-0.127089,-0.089059,0.278526,0.947933
-0.081335,-0.047079,0.208525,0.976681,-0.018068,-0.089056,0.186005,0.980659,-0.127111,-0.08898,0.278456,0.947959
-0.081296,-0.047034,0.208687,0.976655,-0.01806,-0.088979,0.186171,0.980639,-0.127145,-0.088901,0.278446,0.947965
-0.081291,-0.046998,0.208791,0.976638,-0.018006,-0.088908,0.186288,0.980626,-0.127109,-0.088806,0.278443,0.947982
-0.081302,-0.04688,0.208902,0.976622,-0.018009,-0.088687,0.186503,0.980611,-0.127057,-0.088758,0.278578,0.947957
-0.081277,-0.046802,0.208873,0.976634,-0.01805,-0.088618,0.186492,0.980619,-0.127066,-0.088744,0.278679,0.947928
-0.081297,-0.046649,0.208794,0.976656,-0.018098,-0.088616,0.186547,0.980608,-0.127056,-0.088718,0.278749,0.947912
-0.081321,-0.046542,0.208699,0.976677,-0.018092,-0.088564,0.186476,0.980626,-0.127093,-0.088681,0.278767,0.947906
-0.081305,-0.046349,0.208539,0.97672,-0.018042,-0.088505,0.18647,0.980633,-0.127115,-0.088654,0.278712,0.947921
-0.081322,-0.046244,0.208476,0.976737,-0.017959,-0.088448,0.186452,0.980643,-0.127113,-0.08857,0.278738,0.947923
-0.081284,-0.046257,0.208476,0.976738,-0.017942,-0.088413,0.186485,0.980641,-0.127125,-0.088551,0.278777,0.947914
-0.08125,-0.046256,0.208563,0.976725,-0.017946,-0.088377,0.186474,0.980647,-0.127132,-0.08849,0.278736,0.94793
-0.081178,-0.046289,0.208618,0.976718,-0.017992,-0.088345,0.186441,0.980654,-0.127197,-0.08844,0.278687,0.947941
-0.081121,-0.046311,0.208577,0.976729,-0.018032,-0.088291,0.186358,0.980672,-0.127262,-0.088468,0.278667,0.947935
-0.081083,-0.046275,0.208515,0.976746,-0.018015,-0.088205,0.186251,0.980699,-0.127312,-0.088474,0.278577,0.947953
-0.081049,-0.04614,0.208415,0.976776,-0.017971,-0.088188,0.186135,0.980722,-0.12732,-0.088537,0.278506,0.947966
-0.081066,-0.046018,0.208315,0.9768,-0.017951,-0.088112,0.186062,0.980742,-0.127383,-0.088523,0.278474,0.947968
-0.081088,-0.045982,0.208153,0.976831,-0.017934,-0.088116,0.186023,0.980749,-0.127445,-0.088459,0.278482,0.947964
-0.081045,-0.045967,0.208089,0.976848,-0.017923,-0.088119,0.186039,0.980745,-0.127505,-0.088469,0.278438,0.947967
-0.080983,-0.045989,0.208116,0.976846,-0.017948,-0.088082,0.186075,0.980743,-0.127554,-0.088452,0.278456,0.947957
-0.080933,-0.04601,0.208128,0.976846,-0.01794,-0.088147,0.186133,0.980727,-0.127628,-0.088405,0.278492,0.947943
-0.080946,-0.046061,0.208178,0.976833,-0.017947,-0.088155,0.186161,0.980721,-0.127684,-0.088395,0.278569,0.947914
-0.080972,-0.046155,0.208256,0.976812,-0.018043,-0.08816,0.186117,0.980726,-0.12779,-0.088391,0.278612,0.947888
-0.081064,-0.046239,0.208305,0.97679,-0.018105,-0.08813,0.186062,0.980738,-0.127819,-0.088448,0.278662,0.947863
-0.081105,-0.046242,0.208333,0.976782,-0.018215,-0.088054,0.185985,0.980756,-0.127875,-0.088508,0.278683,0.947843
-0.081193,-0.046138,0.208264,0.976793,-0.018291,-0.088003,0.185925,0.980771,-0.12791,-0.088531,0.27872,0.947825
-0.08131,-0.046005,0.208211,0.976801,-0.018385,-0.087959,0.18582,0.980791,-0.128,-0.08854,0.278717,0.947813
-0.08142,-0.045928,0.20803,0.976831,-0.018518,-0.087882,0.185731,0.980811,-0.128056,-0.088484,0.278705,0.947815
-0.081505,-0.045815,0.207874,0.97686,-0.018582,-0.087718,0.185711,0.980829,-0.128158,-0.088444,0.278666,0.947817
-0.081574,-0.0457,0.207749,0.976885,-0.018683,-0.087614,0.185699,0.980839,-0.128228,-0.088373,0.278688,0.947809
-0.081653,-0.045626,0.20765,0.976902,-0.018749,-0.087563,0.185705,0.980842,-0.128339,-0.088347,0.278718,0.947788
-0.081729,-0.045581,0.207613,0.976904,-0.018756,-0.087564,0.18565,0.980851,-0.128393,-0.088309,0.278739,0.94778
-0.081727,-0.045538,0.207562,0.976917,-0.018777,-0.087548,0.185659,0.980851,-0.128492,-0.088259,0.278743,0.94777
-0.081756,-0.045522,0.207551,0.976918,-0.01876,-0.087514,0.185691,0.980849,-0.12862,-0.088206,0.278725,0.947763
-0.081785,-0.045525,0.207622,0.976901,-0.018801,-0.087478,0.185662,0.980857,-0.128699,-0.088258,0.278709,0.947751
-0.081808,-0.045478,0.207596,0.976907,-0.018845,-0.087385,0.185583,0.980879,-0.128751,-0.088225,0.278664,0.947761
-0.081843,-0.045456,0.207581,0.976908,-0.018899,-0.087286,0.185498,0.980901,-0.128777,-0.088171,0.278594,0.947783
-0.081856,-0.045379,0.207427,0.976941,-0.018938,-0.087228,0.185472,0.98091,-0.128755,-0.088139,0.278513,0.947813
-0.081922,-0.045357,0.207349,0.976951,-0.019013,-0.08717,0.185388,0.980929,-0.128802,-0.088044,0.27841,0.947846
-0.081894,-0.045318,0.207195,0.976985,-0.019078,-0.087119,0.185264,0.980954,-0.128814,-0.087942,0.278266,0.947897
-0.081948,-0.045212,0.207107,0.977003,-0.01914,-0.087008,0.185239,0.980967,-0.128867,-0.087855,0.278178,0.947925
-0.082045,-0.045105,0.207044,0.977013,-0.019172,-0.086924,0.185178,0.980985,-0.128933,-0.087798,0.278066,0.947954
-0.082118,-0.044913,0.206998,0.977026,-0.019175,-0.086756,0.185204,0.980996,-0.128983,-0.087716,0.278081,0.947952
-0.082145,-0.044766,0.207003,0.97703,-0.019237,-0.086604,0.185248,0.981002,-0.128994,-0.08767,0.278138,0.947939
-0.08223,-0.044616,0.207052,0.977022,-0.019281,-0.086493,0.185188,0.981022,-0.12904,-0.08765,0.278219,0.947912
-0.082234,-0.044472,0.207002,0.977038,-0.019331,-0.086394,0.185113,0.981043,-0.129068,-0.087559,0.278295,0.947896
-0.082229,-0.044367,0.206893,0.977065,-0.019376,-0.086336,0.185019,0.981063,-0.129082,-0.087511,0.27837,0.947878
-0.082245,-0.044269,0.206822,0.977083,-0.019389,-0.0863,0.185056,0.98106,-0.129037,-0.08742,0.278377,0.947892
-0.08227,-0.044218,0.206814,0.977084,-0.019366,-0.086189,0.185073,0.981068,-0.128978,-0.087302,0.278358,0.947919
-0.082316,-0.044116,0.206885,0.977073,-0.019318,-0.08609,0.185117,0.981071,-0.128941,-0.087227,0.278334,0.947939
-0.082309,-0.044078,0.206959,0.977061,-0.019279,-0.08598,0.185197,0.981067,-0.128929,-0.08713,0.27835,0.947947
-0.082279,-0.044031,0.206955,0.977066,-0.019213,-0.085865,0.185317,0.98106,-0.128904,-0.087052,0.278452,0.94793
-0.082224,-0.043955,0.206923,0.977081,-0.019196,-0.085736,0.185417,0.981055,-0.128925,-0.087038,0.278481,0.947921
-0.082204,-0.04385,0.206884,0.977095,-0.019147,-0.085626,0.185375,0.981073,-0.128932,-0.086977,0.27844,0.947937
-0.08217,-0.043703,0.206766,0.977128,-0.019119,-0.085521,0.185246,0.981106,-0.12883,-0.086966,0.278268,0.948002
-0.082137,-0.0436,0.206672,0.977154,-0.019093,-0.085502,0.185109,0.981131,-0.128796,-0.086904,0.278082,0.948066
-0.082123,-0.043521,0.206609,0.97717,-0.019031,-0.085525,0.185059,0.981138,-0.128752,-0.086824,0.277943,0.948121
-0.082041,-0.043522,0.206533,0.977192,-0.01891,-0.085554,0.185065,0.981137,-0.128736,-0.086748,0.277783,0.948177
-0.081984,-0.043527,0.206569,0.977189,-0.018823,-0.085612,0.185122,0.981122,-0.128737,-0.086763,0.277757,0.948181
-0.081899,-0.043623,0.2066,0.977186,-0.018698,-0.085672,0.185195,0.981107,-0.128734,-0.086756,0.27773,0.948191
-0.081786,-0.043706,0.206641,0.977183,-0.018627,-0.085746,0.185155,0.981108,-0.128738,-0.086792,0.277714,0.94819
-0.08167,-0.043829,0.20657,0.9772,-0.018525,-0.085807,0.185069,0.981119,-0.128661,-0.086893,0.277711,0.948191
-0.081569,-0.043936,0.206447,0.977226,-0.018492,-0.085848,0.184909,0.981142,-0.12861,-0.08701,0.277692,0.94819
-0.081499,-0.044027,0.20638,0.97724,-0.018405,-0.08583,0.184645,0.98119,-0.128539,-0.087121,0.277637,0.948203
-0.08145,-0.044064,0.206241,0.977268,-0.018326,-0.085909,0.184497,0.98121,-0.128513,-0.087264,0.27756,0.948213
-0.08137,-0.044123,0.20603,0.977311,-0.018303,-0.085942,0.184356,0.98123,-0.128478,-0.087367,0.277444,0.94824
-0.081252,-0.044079,0.205795,0.977368,-0.018255,-0.08597,0.184281,0.981242,-0.12849,-0.08747,0.277394,0.948241
-0.08116,-0.044044,0.205585,0.977417,-0.018151,-0.08596,0.184255,0.981248,-0.128469,-0.087518,0.277338,0.948254
-0.081101,-0.044052,0.205305,0.977474,-0.018068,-0.085983,0.18406,0.98128,-0.128466,-0.087615,0.277286,0.948259
-0.081061,-0.044028,0.205084,0.97752,-0.018007,-0.086,0.183911,0.981305,-0.128433,-0.087659,0.277213,0.948279
-0.081056,-0.044063,0.204833,0.977567,-0.018009,-0.086049,0.183683,0.981339,-0.12839,-0.087768,0.277126,0.948298
-0.080972,-0.044193,0.204675,0.977597,-0.017967,-0.086143,0.183463,0.981367,-0.128321,-0.087893,0.277033,0.948319
-0.08088,-0.044347,0.204541,0.977621,-0.017936,-0.086199,0.183278,0.981394,-0.128302,-0.087927,0.27693,0.948347
-0.080779,-0.044478,0.204511,0.977628,-0.017901,-0.086286,0.18319,0.981401,-0.128231,-0.08797,0.276813,0.948386
-0.080701,-0.044507,0.204474,0.977641,-0.01789,-0.086342,0.183164,0.9814,-0.128209,-0.088013,0.276719,0.94841
-0.080647,-0.044573,0.204482,0.97764,-0.017862,-0.086351,0.183201,0.981394,-0.128173,-0.088058,0.276655,0.948428
-0.080611,-0.044613,0.204532,0.977631,-0.017817,-0.086404,0.183281,0.981376,-0.128214,-0.088067,0.276604,0.948437
-0.080584,-0.044672,0.20456,0.977625,-0.017787,-0.086408,0.183422,0.981353,-0.128162,-0.088117,0.276582,0.948443
-0.080589,-0.044633,0.204571,0.977625,-0.017735,-0.086409,0.183439,0.981351,-0.128121,-0.088163,0.276625,0.948433
-0.080561,-0.044635,0.204552,0.97763,-0.017677,-0.086397,0.183335,0.98137,-0.128096,-0.088242,0.276643,0.948421
-0.080477,-0.044619,0.204525,0.977643,-0.017682,-0.086409,0.183253,0.981383,-0.1281,-0.088281,0.27665,0.948415
-0.080391,-0.044619,0.204548,0.977645,-0.017674,-0.08641,0.183187,0.981394,-0.128081,-0.088313,0.276577,0.948435
-0.080289,-0.044622,0.204509,0.97766,-0.017608,-0.086418,0.183185,0.981395,-0.128099,-0.088354,0.276503,0.948449
-0.080227,-0.044632,0.204545,0.977658,-0.017485,-0.086389,0.183208,0.981395,-0.128102,-0.088391,0.276468,0.948454
-0.080112,-0.044687,0.204582,0.977658,-0.017422,-0.086366,0.183161,0.981406,-0.12812,-0.088388,0.276422,0.948465
-0.080081,-0.044715,0.204592,0.977657,-0.017402,-0.086353,0.18314,0.981411,-0.128103,-0.08844,0.276382,0.948472
-0.080005,-0.044804,0.204592,0.977658,-0.01739,-0.086324,0.183089,0.981422,-0.128137,-0.088426,0.276365,0.948474
-0.079961,-0.044848,0.204502,0.977676,-0.01736,-0.086334,0.182979,0.98144,-0.128189,-0.08841,0.276313,0.948483
-0.079888,-0.044794,0.204448,0.977694,-0.017333,-0.086265,0.18294,0.981454,-0.128215,-0.088412,0.27626,0.948495
-0.079876,-0.044741,0.204396,0.977708,-0.017369,-0.086237,0.182928,0.981458,-0.128268,-0.088394,0.276188,0.94851
-0.079836,-0.044648,0.204383,0.977718,-0.017373,-0.086187,0.182984,0.981453,-0.128384,-0.088408,0.276139,0.948507
-0.079773,-0.044602,0.204422,0.977719,-0.017354,-0.086117,0.183039,0.981451,-0.128402,-0.08838,0.276135,0.948509
-0.079757,-0.044562,0.204467,0.977714,-0.01739,-0.086071,0.183053,0.981452,-0.128408,-0.088377,0.276133,0.948508
-0.079892,-0.044511,0.204476,0.977704,-0.017433,-0.086043,0.182976,0.981467,-0.128421,-0.08839,0.276127,0.948506
-0.08,-0.044446,0.20454,0.977687,-0.017459,-0.086003,0.182903,0.981482,-0.128428,-0.088379,0.276088,0.948518
-0.080121,-0.044408,0.204576,0.977672,-0.017543,-0.085941,0.182977,0.981474,-0.128425,-0.088332,0.276078,0.948526
-0.080239,-0.044352,0.204624,0.977657,-0.017654,-0.085875,0.183077,0.981463,-0.128447,-0.08821,0.276165,0.948513
-0.080288,-0.044284,0.204627,0.977656,-0.017645,-0.085793,0.183313,0.981431,-0.128466,-0.088126,0.276251,0.948495
-0.080331,-0.044199,0.204669,0.977648,-0.01768,-0.08571,0.183543,0.981399,-0.128497,-0.088109,0.276356,0.948463
-0.080367,-0.04413,0.204666,0.977649,-0.017713,-0.085685,0.183689,0.981377,-0.128506,-0.088052,0.276451,0.948441
-0.080366,-0.043976,0.204684,0.977654,-0.017717,-0.085633,0.183737,0.981373,-0.128557,-0.088027,0.276559,0.948406
-0.080396,-0.043874,0.204709,0.977653,-0.017626,-0.085623,0.183714,0.981379,-0.128604,-0.088019,0.276627,0.948382
-0.080364,-0.0438,0.204779,0.977646,-0.017626,-0.08561,0.183659,0.98139,-0.128634,-0.088076,0.276629,0.948371
-0.080274,-0.043852,0.20487,0.977633,-0.017534,-0.08558,0.183682,0.98139,-0.128625,-0.088106,0.276606,0.948376
-0.080196,-0.043931,0.204943,0.977621,-0.01749,-0.085636,0.183573,0.981404,-0.128647,-0.088053,0.276504,0.948407
-0.080177,-0.044041,0.204968,0.977613,-0.017432,-0.085641,0.18344,0.981427,-0.128661,-0.088074,0.276369,0.948441
-0.08009,-0.044177,0.204915,0.977622,-0.017438,-0.085707,0.183262,0.98145,-0.128636,-0.088126,0.276241,0.948475
-0.080093,-0.044193,0.204822,0.977639,-0.017409,-0.085773,0.183104,0.981471,-0.128674,-0.088152,0.27609,0.948509
-0.08005,-0.044209,0.204723,0.977661,-0.017389,-0.085774,0.183089,0.981474,-0.128633,-0.088195,0.276066,0.948517
-0.080045,-0.04417,0.204682,0.977671,-0.017272,-0.085774,0.183186,0.981459,-0.128641,-0.088263,0.276076,0.948506
-0.080037,-0.044156,0.204675,0.977673,-0.017218,-0.085753,0.183323,0.981439,-0.128614,-0.088238,0.27609,0.948508
-0.080022,-0.04414,0.204754,0.97766,-0.017265,-0.085807,0.183482,0.981407,-0.128519,-0.088283,0.276131,0.948505
-0.080015,-0.044097,0.2049,0.977635,-0.017221,-0.085815,0.183586,0.98139,-0.128527,-0.088367,0.276197,0.948475
-0.080085,-0.04408,0.204961,0.977619,-0.017192,-0.08577,0.183506,0.981407,-0.128554,-0.088362,0.276292,0.948445
-0.080053,-0.04407,0.204944,0.977625,-0.017138,-0.085822,0.183481,0.981408,-0.128548,-0.088473,0.276404,0.948402
-0.080079,-0.044006,0.204854,0.977644,-0.017087,-0.085941,0.183449,0.981402,-0.12854,-0.088548,0.276508,0.948365
-0.080034,-0.044038,0.204736,0.977668,-0.017,-0.086192,0.183288,0.981407,-0.128516,-0.088642,0.276552,0.948346
-0.0799693240385959,-0.0441504403657906,0.204711266958971,0.977669785651794,-0.0169973328531803,-0.0862444287432522,0.183288,0.981404407407407,-0.128495440642989,-0.0886763285568516,0.276516999794898,0.94835608611941
-0.0798878241050402,-0.0443379752365688,0.204696744590596,0.97767072615923,-0.0169964325957444,-0.0862721652613557,0.183288,0.981399592592593,-0.128477609210383,-0.0886976250836613,0.276433555145352,0.948379061127709
-0.079793,-0.04452,0.204692,0.977671,-0.016994,-0.086305,0.183288,0.981397,-0.12847,-0.088728,0.276334,0.948404
-0.079671,-0.044667,0.2048,0.977652,-0.01697,-0.086358,0.183264,0.981397,-0.128502,-0.088792,0.276207,0.948429
-0.079625,-0.044796,0.204918,0.977627,-0.016959,-0.086368,0.183249,0.981398,-0.128524,-0.088806,0.276125,0.948447
-0.079623,-0.044791,0.204936,0.977624,-0.016948,-0.086452,0.183215,0.981396,-0.128511,-0.088868,0.276072,0.948457
-0.079592,-0.044805,0.204849,0.977642,-0.016926,-0.086481,0.18319,0.981398,-0.128498,-0.08895,0.276014,0.948466
-0.079626,-0.04478,0.204734,0.977662,-0.0169,-0.086536,0.183176,0.981396,-0.128538,-0.088972,0.275924,0.948483
-0.079595,-0.044809,0.20459,0.97769,-0.016958,-0.08659,0.183116,0.9814,-0.128532,-0.088959,0.275845,0.948508
-0.079623,-0.044812,0.204554,0.977695,-0.017001,-0.086664,0.183088,0.981397,-0.128601,-0.088969,0.275789,0.948513
-0.079652,-0.044828,0.204616,0.97768,-0.017069,-0.086694,0.183171,0.981379,-0.128587,-0.088946,0.27575,0.948529
-0.079627,-0.044912,0.204722,0.977657,-0.017136,-0.086676,0.18334,0.981351,-0.128643,-0.088982,0.27583,0.948494
-0.079665,-0.04495,0.204885,0.977621,-0.017228,-0.086649,0.183443,0.981335,-0.128665,-0.089025,0.276038,0.948428
-0.07977,-0.044985,0.205062,0.977578,-0.01729,-0.086607,0.183525,0.981324,-0.128694,-0.089105,0.276272,0.94835
-0.079804,-0.04497,0.205119,0.977565,-0.017332,-0.08663,0.183564,0.981315,-0.128733,-0.089109,0.276504,0.948278
-0.079874,-0.044929,0.205102,0.977565,-0.017435,-0.086577,0.183655,0.981304,-0.128808,-0.089186,0.276698,0.948204
-0.079922,-0.044861,0.205072,0.97757,-0.017528,-0.086557,0.183682,0.981299,-0.128876,-0.089258,0.276799,0.948158
-0.079969,-0.044774,0.205072,0.977572,-0.017655,-0.086503,0.18374,0.981293,-0.12895,-0.089266,0.276893,0.94812
-0.080066,-0.044667,0.20501,0.977581,-0.017716,-0.086427,0.183771,0.981293,-0.128972,-0.089204,0.276922,0.948117
-0.080238,-0.044559,0.204992,0.977576,-0.017813,-0.08641,0.183772,0.981294,-0.129009,-0.089134,0.276928,0.948118
-0.080385,-0.044469,0.204971,0.977574,-0.017928,-0.08642,0.183838,0.98128,-0.129135,-0.089063,0.276847,0.948132
-0.08054,-0.044473,0.204991,0.977557,-0.018063,-0.086369,0.183894,0.981273,-0.129204,-0.089049,0.276808,0.948135
-0.080651,-0.04448,0.205011,0.977544,-0.018173,-0.086361,0.183912,0.981268,-0.129276,-0.088981,0.276719,0.948157
-0.080721,-0.044431,0.205017,0.97754,-0.018249,-0.086318,0.184013,0.981254,-0.129425,-0.08892,0.276684,0.948154
-0.080814,-0.04442,0.205094,0.977518,-0.018347,-0.08631,0.184004,0.981255,-0.129483,-0.088914,0.276717,0.948136
-0.080954,-0.044451,0.205087,0.977507,-0.018413,-0.086349,0.183987,0.981253,-0.12952,-0.088911,0.276799,0.948109
-0.081067,-0.044439,0.205077,0.9775,-0.018462,-0.086341,0.183853,0.981275,-0.129497,-0.088909,0.276834,0.948103
-0.081114,-0.044441,0.205016,0.977508,-0.018523,-0.086322,0.183778,0.981289,-0.129524,-0.088898,0.276972,0.948061
-0.081133,-0.044383,0.204901,0.977532,-0.018521,-0.086307,0.18376,0.981294,-0.129597,-0.088863,0.277038,0.948036
-0.081168,-0.044392,0.20481,0.977546,-0.018616,-0.08625,0.183757,0.981298,-0.129616,-0.088872,0.277049,0.948029
-0.081242,-0.044371,0.204755,0.977551,-0.018594,-0.086197,0.183793,0.981297,-0.129601,-0.088903,0.27703,0.948034
-0.081243,-0.044336,0.204828,0.977539,-0.018644,-0.086124,0.183831,0.981297,-0.129637,-0.088885,0.277048,0.948025
-0.081245,-0.044263,0.204944,0.97752,-0.01869,-0.086108,0.183896,0.981286,-0.129711,-0.088836,0.27705,0.948021
-0.081319,-0.044225,0.205023,0.977501,-0.018704,-0.086018,0.184048,0.981269,-0.129788,-0.088776,0.277073,0.94801
-0.081416,-0.04416,0.205063,0.977489,-0.018689,-0.085989,0.184104,0.981262,-0.129819,-0.088654,0.277133,0.948002
-0.081466,-0.044091,0.205087,0.977485,-0.018698,-0.085951,0.184142,0.981259,-0.129859,-0.088602,0.277148,0.947998
-0.081432,-0.044052,0.20506,0.977494,-0.018717,-0.085895,0.184159,0.981262,-0.129882,-0.088618,0.277151,0.947993
-0.081331,-0.043982,0.204964,0.977524,-0.018684,-0.085842,0.184134,0.981271,-0.129952,-0.088606,0.277143,0.947987
-0.081302,-0.043956,0.204899,0.97754,-0.018676,-0.085849,0.184044,0.981286,-0.129901,-0.088696,0.277107,0.947994
-0.081228,-0.043911,0.204771,0.977572,-0.018682,-0.085868,0.18386,0.981315,-0.129902,-0.088773,0.276991,0.948018
-0.081155,-0.043939,0.204671,0.977596,-0.018609,-0.085874,0.183663,0.981349,-0.129936,-0.088792,0.276889,0.948039
-0.081091,-0.043985,0.204566,0.977618,-0.018576,-0.085959,0.183518,0.981366,-0.129894,-0.088827,0.276763,0.948077
-0.081064,-0.044032,0.20454,0.977623,-0.0185,-0.086053,0.183458,0.981368,-0.129852,-0.088832,0.276622,0.948122
-0.080996,-0.044171,0.204542,0.977621,-0.018422,-0.08622,0.183437,0.981357,-0.129876,-0.088889,0.276423,0.948169
-0.080926,-0.044312,0.204537,0.97762,-0.018354,-0.086343,0.183386,0.981355,-0.129846,-0.088906,0.276224,0.948227
-0.080903,-0.044466,0.204525,0.977616,-0.018298,-0.086446,0.183346,0.981354,-0.129819,-0.088891,0.276101,0.948268
-0.080896,-0.044632,0.204516,0.977611,-0.018214,-0.086472,0.183334,0.981354,-0.129756,-0.088935,0.276047,0.948287
-0.080803,-0.044798,0.20456,0.9776,-0.01815,-0.08655,0.183367,0.981343,-0.129763,-0.089028,0.276008,0.948286
-0.0807,-0.044991,0.204645,0.977583,-0.018129,-0.0866,0.183404,0.981332,-0.129779,-0.089038,0.275991,0.948287
-0.080536,-0.045147,0.204764,0.977566,-0.018125,-0.086676,0.183445,0.981318,-0.129803,-0.089037,0.275954,0.948294
-0.08042,-0.045243,0.2049,0.977544,-0.018121,-0.086729,0.183486,0.981306,-0.129815,-0.089045,0.275957,0.948291
-0.080352,-0.045358,0.204977,0.977529,-0.018171,-0.086727,0.183472,0.981308,-0.129795,-0.08901,0.275998,0.948286
-0.0803,-0.045482,0.204997,0.977522,-0.018186,-0.086694,0.183478,0.98131,-0.12981,-0.088972,0.276044,0.948276
-0.080316,-0.04551,0.205038,0.977512,-0.018241,-0.086654,0.183445,0.981319,-0.129899,-0.088971,0.276235,0.948209
-0.080309,-0.045508,0.204981,0.977524,-0.018308,-0.086584,0.183548,0.981306,-0.129901,-0.089056,0.276351,0.948167
-0.080253,-0.045442,0.204933,0.97754,-0.018327,-0.086497,0.183594,0.981307,-0.129979,-0.089092,0.276508,0.948108
-0.080324,-0.045304,0.204842,0.97756,-0.018401,-0.086435,0.183635,0.981304,-0.130057,-0.089112,0.276629,0.948061
-0.08042,-0.045129,0.204849,0.97756,-0.018485,-0.086423,0.183659,0.981301,-0.130069,-0.089104,0.276666,0.948049
-0.080492,-0.044992,0.20483,0.977564,-0.018489,-0.086372,0.183815,0.981278,-0.130112,-0.08907,0.276705,0.948036
-0.080505,-0.044886,0.204911,0.977553,-0.018492,-0.086295,0.183996,0.981255,-0.13015,-0.089,0.276724,0.948034
-0.080496,-0.044835,0.204966,0.977547,-0.018512,-0.086173,0.184122,0.981245,-0.130228,-0.088876,0.276703,0.948043
-0.08053,-0.0448,0.205089,0.977522,-0.018566,-0.086052,0.18414,0.981252,-0.130294,-0.088715,0.276688,0.948056
-0.080553,-0.044726,0.205204,0.977503,-0.018594,-0.085927,0.18404,0.98128,-0.130333,-0.088603,0.27666,0.948071
-0.080585,-0.044587,0.205179,0.977513,-0.018655,-0.085835,0.183841,0.981322,-0.130374,-0.088531,0.276667,0.948072
-0.08069,-0.044449,0.205031,0.977538,-0.01869,-0.08567,0.183654,0.981368,-0.130412,-0.088466,0.276629,0.948084
-0.080755,-0.044299,0.204782,0.977588,-0.018719,-0.085533,0.183484,0.981408,-0.130499,-0.088291,0.276619,0.948094
-0.080826,-0.044098,0.204605,0.977626,-0.01875,-0.085386,0.183523,0.981416,-0.130507,-0.088121,0.276586,0.948122
-0.080869,-0.043884,0.204478,0.977658,-0.018784,-0.085269,0.183568,0.981418,-0.13057,-0.08794,0.276556,0.948141
-0.080923,-0.043717,0.204581,0.977642,-0.018775,-0.085131,0.183761,0.981398,-0.130685,-0.0878,0.276626,0.948121
-0.080901,-0.043587,0.20481,0.977608,-0.018755,-0.084973,0.184145,0.981348,-0.130844,-0.087614,0.276775,0.948077
-0.08087,-0.043368,0.205162,0.977555,-0.018777,-0.084826,0.184661,0.981274,-0.130916,-0.087437,0.276997,0.948023
-0.080829,-0.043104,0.20552,0.977503,-0.018759,-0.084698,0.185099,0.981212,-0.130925,-0.087318,0.277111,0.948004
-0.080807,-0.042893,0.205767,0.977468,-0.018759,-0.084583,0.185329,0.981184,-0.130995,-0.087206,0.277215,0.947977
-0.080821,-0.042722,0.205893,0.977452,-0.018848,-0.084477,0.185434,0.981174,-0.131005,-0.087142,0.277267,0.947967
-0.080932,-0.042561,0.205882,0.977453,-0.018911,-0.084373,0.185398,0.981189,-0.130966,-0.087016,0.277254,0.947991
-0.080978,-0.042412,0.205815,0.977469,-0.019039,-0.084281,0.185266,0.981218,-0.130952,-0.086874,0.277346,0.947982
-0.081086,-0.042324,0.205743,0.977479,-0.019144,-0.084199,0.185191,0.981235,-0.13098,-0.086744,0.27741,0.947975
-0.081222,-0.042262,0.205698,0.97748,-0.019199,-0.084068,0.185169,0.981251,-0.130951,-0.086656,0.277521,0.947956
-0.081283,-0.042159,0.205767,0.977467,-0.019182,-0.083975,0.185301,0.981237,-0.130959,-0.086519,0.27762,0.947942
-0.081272,-0.042058,0.205872,0.977452,-0.019174,-0.083857,0.185435,0.981225,-0.131039,-0.086431,0.277678,0.947924
-0.081277,-0.041893,0.205906,0.977454,-0.019175,-0.083811,0.185564,0.981207,-0.131101,-0.086323,0.277751,0.947906
-0.081214,-0.041701,0.205906,0.977468,-0.019152,-0.083715,0.185636,0.981204,-0.131055,-0.086258,0.277755,0.947919
-0.081211,-0.041464,0.205871,0.977486,-0.019098,-0.08367,0.185681,0.981201,-0.131003,-0.086218,0.27778,0.947923
-0.081212,-0.041308,0.205807,0.977506,-0.019068,-0.083644,0.185701,0.981201,-0.130986,-0.086126,0.277779,0.947935
-0.081242,-0.041249,0.205706,0.977526,-0.019047,-0.083646,0.18562,0.981215,-0.130941,-0.086095,0.277746,0.947955
-0.081224,-0.041218,0.205701,0.97753,-0.018997,-0.083679,0.185495,0.981234,-0.130912,-0.086028,0.277674,0.947986
-0.081221,-0.041291,0.205757,0.977516,-0.018996,-0.083704,0.185422,0.981244,-0.130855,-0.085918,0.277583,0.948033
-0.08116,-0.04145,0.205787,0.977507,-0.018971,-0.083731,0.185436,0.981241,-0.130809,-0.085822,0.277551,0.948058
-0.081102,-0.041583,0.205884,0.977487,-0.018901,-0.083696,0.185558,0.981224,-0.130732,-0.085782,0.277544,0.948075
-0.08101,-0.041664,0.206015,0.977466,-0.018776,-0.083768,0.185784,0.981181,-0.130738,-0.085792,0.277628,0.948049
-0.080914,-0.041698,0.206197,0.977436,-0.018691,-0.08377,0.186131,0.981123,-0.130699,-0.085757,0.277843,0.947997
-0.0808,-0.041722,0.206443,0.977397,-0.01861,-0.08377,0.186456,0.981069,-0.130734,-0.085714,0.278159,0.947908
-0.080655,-0.041698,0.206753,0.977352,-0.01852,-0.08373,0.186804,0.981015,-0.130744,-0.085692,0.27851,0.947809
-0.080527,-0.041706,0.207097,0.977296,-0.018433,-0.083651,0.187093,0.980973,-0.130733,-0.085677,0.278839,0.947718
-0.0805,-0.041646,0.207339,0.977255,-0.018408,-0.083502,0.18724,0.980962,-0.130692,-0.085656,0.279086,0.947656
-0.080519,-0.041501,0.207468,0.977235,-0.018369,-0.083332,0.187322,0.980964,-0.130666,-0.085675,0.279218,0.94762
-0.080573,-0.041299,0.207377,0.977258,-0.018356,-0.083241,0.187268,0.980982,-0.130583,-0.085611,0.279276,0.94762
-0.080608,-0.041078,0.207147,0.97731,-0.018334,-0.083115,0.187088,0.981025,-0.130567,-0.085541,0.279279,0.94763
-0.080625,-0.040861,0.206846,0.977377,-0.018339,-0.082979,0.187012,0.98105,-0.130521,-0.08539,0.279186,0.947679
-0.080617,-0.040665,0.2067,0.977414,-0.018326,-0.082941,0.187052,0.981045,-0.130546,-0.085231,0.278927,0.947766
-0.08061,-0.040548,0.206703,0.977419,-0.01827,-0.082886,0.187171,0.981031,-0.130544,-0.085096,0.278669,0.947855
-0.080571,-0.04051,0.206868,0.977393,-0.018252,-0.082788,0.187258,0.981026,-0.130485,-0.084988,0.27841,0.947948
-0.080544,-0.040512,0.20703,0.977364,-0.018297,-0.082752,0.187239,0.981032,-0.130431,-0.08487,0.278178,0.948035
-0.080506,-0.04052,0.207069,0.97736,-0.018319,-0.08271,0.18713,0.981054,-0.130432,-0.084839,0.278004,0.948087
-0.08048,-0.04051,0.206954,0.977384,-0.018221,-0.082675,0.186991,0.981082,-0.130445,-0.084789,0.277892,0.948123
-0.080447,-0.0405,0.206641,0.977447,-0.018263,-0.08265,0.186714,0.981131,-0.130462,-0.084802,0.27781,0.948142
-0.080464,-0.040422,0.206336,0.977507,-0.018285,-0.082648,0.186438,0.981179,-0.130411,-0.084795,0.277808,0.94815
-0.080444,-0.040391,0.20604,0.977567,-0.018242,-0.082585,0.186285,0.981211,-0.130436,-0.084837,0.277821,0.948139
-0.08043,-0.040353,0.20593,0.977591,-0.018234,-0.08254,0.186306,0.981212,-0.130464,-0.08481,0.277859,0.948127
-0.080383,-0.040259,0.206004,0.977585,-0.018164,-0.082463,0.186399,0.981204,-0.130492,-0.0848,0.277968,0.948093
-0.080314,-0.040202,0.206155,0.977564,-0.018048,-0.082498,0.186591,0.98117,-0.130478,-0.08479,0.278176,0.948038
-0.080282,-0.040155,0.206335,0.977534,-0.017955,-0.08247,0.186848,0.981129,-0.130523,-0.084789,0.278309,0.947994
-0.080221,-0.04016,0.20642,0.977523,-0.017865,-0.082426,0.186984,0.981111,-0.130564,-0.084799,0.278435,0.947951
-0.080189,-0.040146,0.206489,0.977512,-0.017884,-0.082389,0.187104,0.981094,-0.130597,-0.084798,0.278506,0.947925
-0.080116,-0.040188,0.206534,0.977508,-0.017833,-0.08238,0.187075,0.981101,-0.130597,-0.084811,0.278586,0.947901
-0.080047,-0.040241,0.206528,0.977512,-0.017882,-0.08242,0.186901,0.981126,-0.130682,-0.084739,0.278588,0.947897
-0.080009,-0.040242,0.206517,0.977517,-0.017917,-0.082459,0.186833,0.981134,-0.130785,-0.084662,0.278515,0.947912
-0.079938,-0.040215,0.206512,0.977525,-0.017935,-0.082469,0.186899,0.981121,-0.130858,-0.084638,0.278505,0.947908
-0.079881,-0.040162,0.206618,0.977512,-0.017952,-0.082417,0.187098,0.981091,-0.130888,-0.084584,0.278521,0.947904
-0.079945,-0.040051,0.206721,0.977492,-0.018009,-0.082341,0.187209,0.981078,-0.130924,-0.084508,0.278498,0.947914
-0.080015,-0.039935,0.206763,0.977484,-0.018098,-0.082254,0.187268,0.981074,-0.131035,-0.084434,0.278475,0.947913
-0.080167,-0.039786,0.20686,0.977461,-0.01817,-0.082212,0.187433,0.981049,-0.131142,-0.08435,0.278481,0.947905
-0.080276,-0.039608,0.20698,0.977437,-0.018347,-0.0821,0.18764,0.981021,-0.131224,-0.084306,0.278479,0.947899
-0.080465,-0.039513,0.207047,0.977414,-0.018497,-0.082045,0.187791,0.980996,-0.131307,-0.084267,0.278619,0.947852
-0.080616,-0.03942,0.207215,0.977374,-0.018686,-0.081943,0.187986,0.980969,-0.131366,-0.084239,0.278787,0.947799
-0.080823,-0.039356,0.207389,0.977327,-0.018871,-0.081885,0.18814,0.980945,-0.131455,-0.084288,0.278989,0.947723
-0.081016,-0.039339,0.207527,0.977286,-0.019018,-0.081854,0.188203,0.980933,-0.131515,-0.084321,0.279249,0.947638
-0.081185,-0.03923,0.20756,0.977272,-0.019163,-0.081776,0.188279,0.980926,-0.131537,-0.084331,0.2795,0.947562
-0.081392,-0.039122,0.207456,0.977279,-0.019277,-0.08173,0.188198,0.980941,-0.13162,-0.084435,0.279707,0.94748
-0.081536,-0.039017,0.207268,0.977309,-0.01942,-0.081741,0.188071,0.98096,-0.131706,-0.084469,0.279862,0.94742
-0.081678,-0.038907,0.207162,0.977323,-0.019539,-0.081647,0.188089,0.980962,-0.131737,-0.084515,0.279979,0.947377
-0.081746,-0.03885,0.207003,0.97735,-0.019623,-0.08158,0.188134,0.98096,-0.131826,-0.084547,0.279986,0.94736
-0.081824,-0.038868,0.207021,0.97734,-0.01966,-0.081557,0.188182,0.980952,-0.131898,-0.084585,0.279955,0.947354
-0.081921,-0.038814,0.207082,0.977323,-0.019673,-0.08156,0.188129,0.980961,-0.131931,-0.084566,0.279835,0.947386
-0.08196,-0.038748,0.20715,0.97731,-0.019691,-0.081572,0.188125,0.980961,-0.131947,-0.084544,0.279662,0.947435
-0.082001,-0.03872,0.207107,0.977316,-0.019733,-0.081613,0.188129,0.980955,-0.131984,-0.08453,0.279571,0.947458
-0.082003,-0.038783,0.207055,0.977323,-0.019706,-0.081589,0.188109,0.980961,-0.132028,-0.084488,0.279427,0.947497
-0.081965,-0.038933,0.206933,0.977343,-0.019699,-0.081619,0.188016,0.980975,-0.132047,-0.084487,0.27933,0.947523
-0.081935,-0.039086,0.206847,0.977354,-0.019702,-0.081672,0.187869,0.980995,-0.132002,-0.084417,0.279235,0.947564
-0.081867,-0.039188,0.206745,0.977375,-0.019718,-0.081686,0.187787,0.981008,-0.131987,-0.084364,0.279212,0.947579
-0.081841,-0.039273,0.206815,0.977359,-0.019699,-0.081745,0.187889,0.980986,-0.13201,-0.084373,0.279192,0.947579
-0.081804,-0.039304,0.206865,0.977352,-0.019632,-0.081748,0.188072,0.980955,-0.132062,-0.084381,0.279264,0.947551
-0.081753,-0.039284,0.207039,0.977323,-0.019576,-0.081833,0.188397,0.980892,-0.132068,-0.084379,0.27934,0.947528
-0.081648,-0.03931,0.207141,0.977311,-0.019534,-0.081841,0.18864,0.98085,-0.132095,-0.08445,0.279389,0.947504
-0.081598,-0.039323,0.207245,0.977294,-0.019489,-0.081858,0.188754,0.98083,-0.132111,-0.084514,0.279513,0.947459
-0.081569,-0.039338,0.207288,0.977288,-0.019458,-0.081918,0.18875,0.980826,-0.132195,-0.084566,0.279613,0.947413
-0.081543,-0.039335,0.207311,0.977286,-0.019466,-0.081955,0.188592,0.98085,-0.132167,-0.084625,0.279685,0.94739
-0.081515,-0.039353,0.207256,0.977298,-0.019492,-0.082016,0.188468,0.980865,-0.13219,-0.084622,0.279705,0.947381
-0.081503,-0.039369,0.2072,0.977309,-0.019469,-0.082051,0.188322,0.980888,-0.132187,-0.084585,0.279626,0.947408
-0.081515,-0.039413,0.207138,0.977317,-0.019507,-0.082062,0.188252,0.980899,-0.132238,-0.084492,0.279558,0.94743
-0.081448,-0.039448,0.207137,0.977321,-0.019549,-0.082081,0.188281,0.980891,-0.132251,-0.084425,0.279475,0.947459
-0.081424,-0.039475,0.20716,0.977318,-0.019579,-0.082072,0.188293,0.980889,-0.132272,-0.084392,0.279401,0.947481
-0.081455,-0.039545,0.207238,0.977297,-0.019566,-0.082026,0.188279,0.980896,-0.132312,-0.08436,0.279386,0.947484
-0.081452,-0.039569,0.207254,0.977294,-0.01967,-0.081906,0.188209,0.980917,-0.13234,-0.084316,0.279444,0.947467
-0.081492,-0.039513,0.207212,0.977301,-0.019675,-0.081774,0.188031,0.980959,-0.132342,-0.084305,0.279545,0.94744
-0.08153,-0.039352,0.207017,0.977343,-0.01966,-0.081648,0.187839,0.981004,-0.132412,-0.084307,0.279644,0.947402
-0.081591,-0.039096,0.206724,0.977405,-0.019673,-0.0815,0.187729,0.981036,-0.132468,-0.084321,0.279747,0.947362
-0.081634,-0.038893,0.20646,0.977462,-0.019634,-0.08135,0.187641,0.981065,-0.132539,-0.084315,0.279823,0.947331
-0.08159,-0.038749,0.206326,0.977497,-0.019589,-0.081226,0.187782,0.981052,-0.132583,-0.08426,0.279902,0.947309
-0.081464,-0.038599,0.206426,0.977495,-0.019534,-0.081106,0.187882,0.981046,-0.132606,-0.084141,0.279922,0.947312
-0.081388,-0.03849,0.206589,0.977475,-0.019516,-0.081047,0.187989,0.981033,-0.132679,-0.084054,0.279868,0.947326
-0.081309,-0.038386,0.206765,0.977452,-0.019542,-0.08096,0.188101,0.981021,-0.132678,-0.083958,0.279833,0.947347
-0.081312,-0.038299,0.20687,0.977435,-0.019599,-0.080857,0.188041,0.98104,-0.132623,-0.083837,0.279788,0.947381
-0.081353,-0.038198,0.206872,0.977437,-0.019643,-0.080723,0.188018,0.981055,-0.132622,-0.083797,0.279742,0.947398
-0.081373,-0.038183,0.206771,0.977455,-0.019692,-0.080675,0.187988,0.981064,-0.132669,-0.083755,0.279728,0.9474
-0.081397,-0.038116,0.206667,0.977476,-0.019703,-0.080602,0.187983,0.981071,-0.132671,-0.083682,0.279763,0.947397
-0.081436,-0.038067,0.206618,0.977484,-0.01975,-0.080548,0.187983,0.981074,-0.132692,-0.083575,0.279841,0.947384
-0.081444,-0.038018,0.206607,0.977488,-0.019831,-0.080463,0.18803,0.981072,-0.132745,-0.083507,0.279962,0.947348
-0.0815,-0.038017,0.206681,0.977469,-0.019839,-0.080431,0.188092,0.981065,-0.132818,-0.083439,0.280083,0.947311
-0.081568,-0.037977,0.206762,0.977451,-0.019903,-0.080377,0.188198,0.98105,-0.132884,-0.083469,0.280154,0.947278
-0.081577,-0.037903,0.206821,0.977442,-0.019963,-0.080317,0.188324,0.981032,-0.132941,-0.083433,0.280254,0.947245
-0.081644,-0.037789,0.206902,0.977425,-0.020052,-0.080189,0.188455,0.981019,-0.133,-0.083462,0.280338,0.947209
-0.081691,-0.037693,0.206923,0.977422,-0.020123,-0.080143,0.188587,0.980998,-0.133014,-0.08346,0.280422,0.947184
-0.08171,-0.037664,0.206997,0.977408,-0.020225,-0.080129,0.188663,0.980985,-0.133011,-0.083457,0.280549,0.947149
-0.081797,-0.037594,0.20705,0.977393,-0.020293,-0.080129,0.188752,0.980968,-0.133013,-0.0834,0.280612,0.947136
-0.081874,-0.037549,0.207072,0.977386,-0.020306,-0.080117,0.188807,0.98096,-0.133049,-0.083395,0.280664,0.947116
-0.081947,-0.037521,0.207076,0.97738,-0.02035,-0.080148,0.188808,0.980956,-0.133042,-0.083386,0.280657,0.94712
-0.082004,-0.037493,0.207044,0.977383,-0.020323,-0.080179,0.188811,0.980953,-0.133014,-0.083434,0.280677,0.947113
-0.082058,-0.037427,0.207024,0.977385,-0.020321,-0.080199,0.188754,0.980961,-0.132965,-0.083434,0.280702,0.947113
-0.082013,-0.037444,0.20698,0.977396,-0.020255,-0.080258,0.188682,0.98097,-0.132981,-0.083487,0.28071,0.947103
-0.08189,-0.037512,0.206937,0.977411,-0.020137,-0.080302,0.188731,0.980959,-0.132999,-0.083578,0.280732,0.947084
-0.081807,-0.037565,0.206928,0.977418,-0.020057,-0.08041,0.188769,0.980945,-0.132996,-0.083664,0.280649,0.9471
-0.081724,-0.037627,0.206929,0.977421,-0.01994,-0.080509,0.18879,0.980935,-0.132986,-0.083737,0.280589,0.94711
-0.08158,-0.037753,0.206938,0.977426,-0.019853,-0.08066,0.188786,0.980924,-0.133011,-0.083774,0.280587,0.947104
-0.081462,-0.037923,0.207036,0.977409,-0.01973,-0.080823,0.188803,0.980909,-0.13302,-0.083808,0.280579,0.9471
-0.081333,-0.038064,0.207132,0.977394,-0.019593,-0.080956,0.188897,0.980884,-0.132981,-0.083908,0.280516,0.947114
-0.081144,-0.038235,0.20725,0.97738,-0.019397,-0.081091,0.189008,0.980855,-0.132857,-0.083989,0.280468,0.947137
-0.081044,-0.038369,0.20733,0.977366,-0.019256,-0.081245,0.18899,0.980847,-0.132794,-0.08414,0.280406,0.947147
-0.080938,-0.038503,0.207404,0.977354,-0.019195,-0.081386,0.18889,0.980854,-0.132798,-0.084226,0.280307,0.947166
-0.080799,-0.038665,0.207439,0.977351,-0.019141,-0.081512,0.188829,0.980854,-0.132781,-0.08432,0.280215,0.947184
-0.080699,-0.038822,0.207421,0.977356,-0.019097,-0.081574,0.188777,0.980858,-0.132698,-0.084458,0.280156,0.947199
-0.080651,-0.039004,0.20739,0.977357,-0.019078,-0.081688,0.188675,0.980866,-0.132688,-0.084534,0.28004,0.947224
-0.08062,-0.039155,0.207374,0.977356,-0.019141,-0.081766,0.188557,0.980878,-0.132689,-0.084558,0.279942,0.94725
-0.080577,-0.039243,0.207323,0.977365,-0.019187,-0.081814,0.18843,0.980895,-0.132719,-0.084608,0.279958,0.947236
-0.08061,-0.039277,0.207282,0.977369,-0.019221,-0.08184,0.188393,0.980898,-0.132687,-0.08467,0.279924,0.947244
-0.080623,-0.039331,0.207187,0.977383,-0.019312,-0.081822,0.18837,0.980903,-0.132705,-0.084689,0.279891,0.947249
-0.080649,-0.039313,0.20717,0.977385,-0.019384,-0.081806,0.188462,0.980887,-0.132729,-0.084712,0.279988,0.947215
-0.080736,-0.039219,0.207147,0.977387,-0.019441,-0.081851,0.18858,0.980862,-0.132821,-0.084836,0.280055,0.94717
-0.080855,-0.039135,0.207226,0.977367,-0.019544,-0.081846,0.188722,0.980836,-0.132872,-0.084969,0.280123,0.947129
-0.081007,-0.039069,0.207288,0.977345,-0.019642,-0.081817,0.18891,0.980803,-0.132959,-0.085083,0.280197,0.947083
-0.081169,-0.039054,0.207298,0.977331,-0.019695,-0.081806,0.188925,0.980801,-0.13304,-0.085159,0.280316,0.947029
-0.081313,-0.039008,0.207168,0.977347,-0.019781,-0.081815,0.188891,0.980805,-0.133074,-0.085211,0.280389,0.946997
-0.081387,-0.038965,0.207016,0.977372,-0.019846,-0.081826,0.188787,0.980821,-0.133077,-0.085264,0.280419,0.946983
-0.081388,-0.038965,0.206789,0.977415,-0.019865,-0.081805,0.188654,0.980846,-0.133158,-0.085259,0.280368,0.946987
-0.081409,-0.038986,0.206697,0.97743,-0.019863,-0.081791,0.188504,0.980873,-0.133226,-0.085275,0.280314,0.946991
-0.08139,-0.038956,0.206709,0.977431,-0.019823,-0.081776,0.188439,0.980886,-0.133249,-0.085289,0.280252,0.947004
-0.081289,-0.038886,0.206776,0.977428,-0.019739,-0.081794,0.188478,0.980879,-0.133292,-0.085244,0.280117,0.947041
-0.081175,-0.038844,0.206853,0.977425,-0.01965,-0.081765,0.188588,0.980864,-0.133315,-0.085211,0.280026,0.947068
-0.081043,-0.038823,0.206905,0.977427,-0.019614,-0.081724,0.188723,0.980845,-0.13336,-0.085184,0.279978,0.947079
-0.080964,-0.038827,0.207042,0.977407,-0.019545,-0.081736,0.188806,0.980831,-0.133345,-0.085162,0.280007,0.947074
-0.080938,-0.038812,0.207126,0.977394,-0.019533,-0.081696,0.188773,0.98084,-0.133318,-0.085216,0.279999,0.947075
-0.080893,-0.038789,0.207063,0.977411,-0.019495,-0.08161,0.188614,0.980876,-0.133296,-0.085221,0.279982,0.947082
-0.080981,-0.038757,0.206979,0.97742,-0.019562,-0.081517,0.18847,0.980908,-0.133279,-0.085166,0.279964,0.947095
-0.081041,-0.038769,0.20691,0.977429,-0.019609,-0.081486,0.188288,0.980941,-0.133243,-0.08515,0.279837,0.947138
-0.081049,-0.038772,0.206788,0.977451,-0.019692,-0.081398,0.188226,0.980959,-0.133283,-0.085093,0.2798,0.94715
-0.081045,-0.038693,0.206626,0.977486,-0.019739,-0.081369,0.188228,0.98096,-0.133295,-0.08501,0.279808,0.947155
-0.081108,-0.038625,0.206563,0.977496,-0.019748,-0.081376,0.188325,0.980942,-0.133334,-0.084985,0.279761,0.947165
-0.081142,-0.038511,0.206571,0.977497,-0.019779,-0.08137,0.188517,0.980909,-0.133367,-0.084944,0.279762,0.947165
-0.081243,-0.03844,0.206628,0.977481,-0.019762,-0.081363,0.188664,0.980884,-0.133368,-0.084927,0.279815,0.947152
-0.081245,-0.03841,0.206648,0.977479,-0.019769,-0.081371,0.188674,0.980882,-0.133369,-0.084926,0.279855,0.94714
-0.081253,-0.038453,0.206688,0.977468,-0.019695,-0.081403,0.188624,0.980889,-0.133402,-0.084941,0.279899,0.947121
-0.081227,-0.038477,0.2067,0.977467,-0.019609,-0.081458,0.188567,0.980896,-0.133403,-0.085042,0.279885,0.947114
-0.081178,-0.03857,0.206684,0.97747,-0.01956,-0.081513,0.188468,0.980909,-0.133369,-0.085133,0.279889,0.947108
-0.081111,-0.038551,0.206688,0.977475,-0.019519,-0.081515,0.18847,0.980909,-0.13334,-0.085238,0.279874,0.947106
-0.081068,-0.038451,0.206751,0.977471,-0.019473,-0.081572,0.188456,0.980907,-0.133325,-0.085269,0.279903,0.947095
-0.081043,-0.038452,0.206704,0.977482,-0.019413,-0.081551,0.188501,0.980902,-0.133351,-0.085224,0.279946,0.947084
-0.081012,-0.03843,0.206679,0.97749,-0.019364,-0.081558,0.188592,0.980887,-0.133389,-0.085184,0.279973,0.947075
-0.080961,-0.038386,0.206678,0.977497,-0.019344,-0.081608,0.18866,0.980871,-0.133386,-0.085197,0.279944,0.947083
-0.080917,-0.038417,0.206618,0.97751,-0.0193,-0.081617,0.188648,0.980873,-0.133356,-0.085182,0.27996,0.947084
-0.080898,-0.038437,0.206678,0.977499,-0.019253,-0.081634,0.188609,0.980879,-0.133352,-0.085201,0.279957,0.947083
-0.080858,-0.038475,0.206764,0.977484,-0.019233,-0.081702,0.188523,0.980888,-0.133384,-0.085174,0.279974,0.947078
-0.080853,-0.038553,0.206832,0.977468,-0.019225,-0.081769,0.188485,0.980889,-0.133429,-0.085153,0.27998,0.947072
-0.080855,-0.038676,0.206821,0.977465,-0.019207,-0.081798,0.188463,0.980891,-0.133441,-0.085157,0.279953,0.947077
-0.080803,-0.038754,0.206912,0.977448,-0.019198,-0.081771,0.188553,0.980877,-0.13344,-0.085158,0.280022,0.947057
-0.080727,-0.038789,0.207019,0.977432,-0.019199,-0.081739,0.188524,0.980885,-0.133412,-0.085127,0.27999,0.947074
-0.080695,-0.038752,0.207073,0.977426,-0.019219,-0.081694,0.188501,0.980894,-0.133421,-0.085087,0.279939,0.947091
-0.080721,-0.038626,0.207044,0.977435,-0.019285,-0.081652,0.188517,0.980893,-0.133439,-0.085054,0.279896,0.947105
-0.080782,-0.038542,0.206889,0.977464,-0.019341,-0.081641,0.188509,0.980894,-0.133468,-0.08506,0.279851,0.947112
-0.080865,-0.038437,0.206789,0.97748,-0.019389,-0.08156,0.188514,0.9809,-0.133443,-0.085087,0.279806,0.947126
-0.080937,-0.038306,0.206652,0.977507,-0.019433,-0.08148,0.188488,0.980911,-0.133475,-0.085127,0.279772,0.947127
-0.081019,-0.038233,0.20654,0.977525,-0.019473,-0.081447,0.188417,0.980925,-0.133533,-0.085093,0.27971,0.94714
-0.081114,-0.038164,0.206453,0.977537,-0.019502,-0.081445,0.188314,0.980943,-0.13363,-0.085042,0.279642,0.947151
-0.08113,-0.038095,0.206408,0.977548,-0.019553,-0.081371,0.18823,0.980963,-0.133662,-0.084959,0.279551,0.947182
-0.081153,-0.03805,0.206333,0.977562,-0.01961,-0.081356,0.188178,0.980972,-0.133728,-0.084969,0.279526,0.947179
-0.081162,-0.038042,0.206297,0.977569,-0.019605,-0.081365,0.188181,0.980971,-0.133783,-0.084927,0.279523,0.947176
-0.081203,-0.038054,0.206275,0.97757,-0.019592,-0.081417,0.188149,0.980972,-0.133822,-0.084951,0.279606,0.947144
-0.081197,-0.038031,0.206288,0.977568,-0.0196,-0.081426,0.188203,0.980961,-0.133847,-0.084995,0.279776,0.947088
-0.081144,-0.038037,0.206378,0.977555,-0.019635,-0.081386,0.188219,0.980962,-0.13382,-0.085074,0.279909,0.947045
-0.081179,-0.038082,0.206473,0.977532,-0.019665,-0.081336,0.188205,0.980968,-0.133858,-0.085139,0.279987,0.94701
-0.081232,-0.038083,0.206483,0.977527,-0.019659,-0.081332,0.188137,0.98098,-0.133868,-0.085211,0.280003,0.946996
-0.081281,-0.038021,0.206395,0.977541,-0.019674,-0.081372,0.188046,0.980992,-0.13393,-0.085246,0.280013,0.946981
-0.081281,-0.037908,0.206264,0.977571,-0.019643,-0.081368,0.187991,0.981003,-0.133937,-0.08524,0.279901,0.947012
-0.081297,-0.037829,0.206085,0.977608,-0.019674,-0.081328,0.187903,0.981021,-0.133957,-0.085228,0.279802,0.947039
-0.081305,-0.037772,0.205949,0.977635,-0.019625,-0.081308,0.187791,0.981043,-0.133987,-0.085206,0.279751,0.947051
-0.081287,-0.037737,0.205924,0.977643,-0.01962,-0.081318,0.187661,0.981064,-0.134038,-0.08521,0.279731,0.94705
-0.081276,-0.037759,0.205845,0.977658,-0.019588,-0.081324,0.187558,0.981082,-0.134065,-0.085236,0.27967,0.947061
-0.081272,-0.03774,0.205726,0.977683,-0.019574,-0.081344,0.187394,0.981109,-0.134131,-0.085273,0.279563,0.947079
-0.081219,-0.037672,0.205566,0.97772,-0.019557,-0.081359,0.187292,0.981125,-0.134121,-0.085357,0.279416,0.947113
-0.081156,-0.037637,0.205381,0.977761,-0.019447,-0.081363,0.18719,0.981145,-0.134082,-0.085356,0.279291,0.947154
-0.081105,-0.037686,0.205264,0.977785,-0.019371,-0.081361,0.187125,0.981157,-0.134073,-0.085384,0.279188,0.947182
-0.081034,-0.037766,0.205269,0.977787,-0.019289,-0.081363,0.187152,0.981154,-0.134104,-0.085353,0.279107,0.947203
-0.081001,-0.037814,0.205336,0.977774,-0.019282,-0.081408,0.187213,0.981139,-0.134081,-0.085361,0.279092,0.94721
-0.08094,-0.037889,0.205514,0.977742,-0.019198,-0.08141,0.187318,0.981123,-0.134042,-0.085415,0.279093,0.94721
-0.080875,-0.037929,0.205575,0.977734,-0.019104,-0.081427,0.187347,0.981118,-0.134059,-0.085516,0.279155,0.947179
-0.080754,-0.03792,0.205572,0.977744,-0.01896,-0.081491,0.187278,0.981127,-0.134033,-0.085616,0.279159,0.947171
-0.080663,-0.037934,0.205478,0.977769,-0.018877,-0.081504,0.18716,0.981147,-0.134035,-0.085655,0.279127,0.947175
-0.080532,-0.037952,0.205363,0.977801,-0.018814,-0.081602,0.186975,0.981171,-0.134024,-0.085718,0.279132,0.947169
-0.080444,-0.03803,0.205246,0.977826,-0.01879,-0.081639,0.186783,0.981201,-0.133981,-0.085752,0.279095,0.947181
-0.080395,-0.038083,0.205184,0.977839,-0.018787,-0.081663,0.186707,0.981212,-0.133983,-0.085816,0.279086,0.947177
-0.080356,-0.038132,0.205198,0.977838,-0.018742,-0.081753,0.186667,0.981211,-0.133915,-0.085854,0.278998,0.947208
-0.080331,-0.038204,0.205196,0.977837,-0.018707,-0.081874,0.1867,0.981196,-0.133811,-0.085922,0.278955,0.947227
-0.080298,-0.038256,0.205212,0.977834,-0.018627,-0.082016,0.186863,0.981157,-0.133673,-0.085948,0.278902,0.947259
-0.080249,-0.038308,0.205259,0.977827,-0.018561,-0.082072,0.187043,0.981122,-0.133658,-0.086004,0.278887,0.947259
-0.080183,-0.038378,0.205327,0.977816,-0.018492,-0.082109,0.18716,0.981099,-0.133624,-0.086085,0.278837,0.94727
-0.080118,-0.038466,0.205388,0.977805,-0.018445,-0.082176,0.187151,0.981096,-0.133546,-0.086123,0.278885,0.947263
-0.080048,-0.038544,0.205384,0.977808,-0.018385,-0.082229,0.187129,0.981095,-0.133546,-0.086159,0.278891,0.947257
-0.079962,-0.038588,0.20538,0.977814,-0.018349,-0.082262,0.187024,0.981112,-0.133517,-0.086221,0.278846,0.947267
-0.079872,-0.03853,0.205231,0.977852,-0.018267,-0.082266,0.186836,0.981144,-0.133487,-0.086322,0.278744,0.947289
-0.079821,-0.038496,0.205025,0.977896,-0.018153,-0.082218,0.186653,0.981182,-0.13347,-0.086357,0.278581,0.947335
-0.079726,-0.038452,0.204776,0.977953,-0.018098,-0.082175,0.186434,0.981225,-0.13342,-0.08639,0.278516,0.947357
-0.079635,-0.03843,0.204502,0.978013,-0.018081,-0.082146,0.186204,0.981266,-0.133404,-0.086387,0.278398,0.947393
-0.079589,-0.038449,0.20431,0.978051,-0.018023,-0.082086,0.186012,0.981306,-0.133324,-0.086392,0.278231,0.947451
-0.079523,-0.038427,0.204216,0.978076,-0.01799,-0.082082,0.185875,0.98133,-0.133262,-0.086343,0.278068,0.947512
-0.079457,-0.038328,0.204137,0.9781,-0.017971,-0.082016,0.185828,0.981344,-0.133289,-0.086316,0.277914,0.947554
-0.079455,-0.03828,0.204097,0.978109,-0.017873,-0.08194,0.185843,0.98135,-0.13327,-0.086293,0.277749,0.947606
-0.079375,-0.03821,0.204074,0.978124,-0.017823,-0.081936,0.18589,0.981343,-0.133283,-0.086153,0.277682,0.94764
-0.079398,-0.038172,0.204033,0.978131,-0.01778,-0.081905,0.185898,0.981345,-0.133198,-0.086066,0.277596,0.947685
-0.079385,-0.038246,0.204027,0.97813,-0.017768,-0.081887,0.185834,0.981357,-0.133198,-0.086019,0.277529,0.947709
-0.079417,-0.038254,0.204052,0.978122,-0.017741,-0.081869,0.185771,0.98137,-0.133156,-0.086014,0.277473,0.947732
-0.079422,-0.038284,0.204037,0.978124,-0.017765,-0.081824,0.1857,0.981386,-0.13316,-0.086037,0.277502,0.94772
-0.079371,-0.038262,0.204051,0.978126,-0.017759,-0.081746,0.185758,0.981383,-0.133115,-0.086009,0.277582,0.947706
-0.079358,-0.038282,0.204065,0.978123,-0.017717,-0.081784,0.185916,0.981353,-0.133132,-0.085959,0.277672,0.947684
-0.079374,-0.038251,0.20409,0.978118,-0.017663,-0.081754,0.186114,0.981324,-0.133162,-0.085871,0.277822,0.947647
-0.079393,-0.038236,0.204177,0.978102,-0.01763,-0.081725,0.18633,0.98129,-0.133219,-0.085844,0.277999,0.947592
-0.07936,-0.038159,0.204339,0.978078,-0.017555,-0.081672,0.186554,0.981257,-0.133214,-0.0858,0.27814,0.947557
-0.079341,-0.038098,0.204466,0.978058,-0.017578,-0.081642,0.186664,0.98124,-0.133283,-0.08584,0.278285,0.947501
-0.079353,-0.038025,0.204643,0.978026,-0.017587,-0.081579,0.186728,0.981235,-0.133279,-0.085907,0.278336,0.94748
-0.079342,-0.037914,0.204701,0.978022,-0.017521,-0.081566,0.186668,0.981248,-0.133272,-0.085954,0.278376,0.947465
-0.079375,-0.037822,0.204609,0.97804,-0.017475,-0.081496,0.186603,0.981266,-0.133272,-0.086005,0.278389,0.947456
-0.079378,-0.03771,0.204503,0.978065,-0.017425,-0.081511,0.186485,0.981285,-0.133259,-0.086034,0.278316,0.947475
-0.079319,-0.037701,0.204373,0.978094,-0.017445,-0.081466,0.18632,0.981317,-0.13332,-0.086001,0.278315,0.94747
-0.079314,-0.037731,0.20429,0.978109,-0.017496,-0.081471,0.186222,0.981333,-0.133318,-0.085962,0.278335,0.947469
-0.079358,-0.037715,0.204254,0.978113,-0.017533,-0.081436,0.186117,0.981353,-0.133306,-0.085901,0.278267,0.947497
-0.079396,-0.037638,0.20416,0.978132,-0.017584,-0.08137,0.186009,0.981376,-0.133269,-0.085902,0.27818,0.947527
-0.079486,-0.037581,0.204062,0.978145,-0.017621,-0.081359,0.185931,0.981391,-0.133249,-0.085853,0.278041,0.947574
-0.079571,-0.037525,0.20396,0.97816,-0.017642,-0.081295,0.185881,0.981404,-0.13325,-0.085902,0.27792,0.947603
-0.079633,-0.037453,0.203882,0.978173,-0.017648,-0.081327,0.186041,0.981374,-0.133211,-0.085909,0.277856,0.947626
-0.079652,-0.037485,0.203867,0.978173,-0.017668,-0.081294,0.186203,0.981349,-0.133234,-0.085946,0.277847,0.947621
-0.079629,-0.037482,0.203907,0.978167,-0.01765,-0.081265,0.186264,0.981342,-0.133307,-0.085984,0.277879,0.947598
-0.079603,-0.037539,0.203973,0.978155,-0.017624,-0.081244,0.186262,0.981344,-0.13334,-0.086039,0.277992,0.947555
-0.079534,-0.037581,0.204029,0.978148,-0.017577,-0.081235,0.186273,0.981343,-0.133363,-0.086053,0.278095,0.947521
-0.079472,-0.037591,0.203951,0.978167,-0.017596,-0.081249,0.186096,0.981372,-0.133382,-0.086123,0.278215,0.947477
-0.079524,-0.03753,0.203865,0.978181,-0.017595,-0.081227,0.185969,0.981396,-0.1334,-0.086125,0.278246,0.947465
-0.07956,-0.037473,0.203619,0.978227,-0.01756,-0.081172,0.185908,0.981412,-0.13342,-0.086198,0.278264,0.947449
-0.079491,-0.037412,0.203508,0.978256,-0.017563,-0.081146,0.18587,0.98142,-0.133439,-0.086179,0.278256,0.947451
-0.079415,-0.037355,0.203456,0.978274,-0.017565,-0.081144,0.185889,0.981418,-0.133481,-0.086159,0.27822,0.947457
-0.079357,-0.03734,0.203492,0.978273,-0.017588,-0.081122,0.185994,0.981401,-0.133469,-0.086152,0.278181,0.947471
-0.079291,-0.037377,0.203549,0.978265,-0.017539,-0.081095,0.186054,0.981394,-0.133487,-0.086118,0.278161,0.947478
-0.079297,-0.037381,0.203612,0.978253,-0.017528,-0.081151,0.186065,0.981387,-0.133453,-0.086163,0.27813,0.947487
-0.079282,-0.037397,0.203641,0.978248,-0.017523,-0.081164,0.186074,0.981385,-0.133464,-0.08619,0.278035,0.947509
-0.079251,-0.037428,0.203595,0.978258,-0.017506,-0.081184,0.18606,0.981385,-0.13352,-0.086218,0.278008,0.947505
-0.079217,-0.037529,0.203595,0.978256,-0.017539,-0.081165,0.18592,0.981411,-0.133491,-0.086249,0.277992,0.947511
-0.079183,-0.037577,0.203663,0.978244,-0.01748,-0.081182,0.185788,0.981432,-0.133494,-0.086207,0.277959,0.947524
-0.079196,-0.037715,0.203743,0.978222,-0.017397,-0.08122,0.185742,0.981438,-0.133544,-0.08618,0.277962,0.94752
-0.079258,-0.037761,0.203785,0.978207,-0.017393,-0.08122,0.185799,0.981429,-0.133623,-0.086221,0.278009,0.94749
-0.079209,-0.037731,0.203815,0.978207,-0.01734,-0.08118,0.185829,0.981428,-0.13362,-0.086306,0.278121,0.94745
-0.079135,-0.037717,0.203839,0.978208,-0.017264,-0.081145,0.185864,0.981426,-0.133622,-0.086359,0.278185,0.947426
-0.079032,-0.037683,0.203769,0.978231,-0.017213,-0.081139,0.185916,0.981419,-0.13363,-0.086415,0.278279,0.947392
-0.078921,-0.037581,0.203736,0.97825,-0.017172,-0.08111,0.185958,0.981414,-0.133705,-0.08644,0.278407,0.947342
-0.078814,-0.037528,0.203671,0.978273,-0.017086,-0.081081,0.185979,0.981415,-0.133744,-0.086506,0.278532,0.947294
-0.078729,-0.037459,0.203632,0.978291,-0.017018,-0.081035,0.185848,0.981442,-0.133743,-0.086523,0.278546,0.947288
-0.078664,-0.037359,0.203573,0.978311,-0.016961,-0.081031,0.185734,0.981463,-0.133788,-0.086542,0.278485,0.947297
-0.07858,-0.037283,0.203468,0.978341,-0.016867,-0.081042,0.185692,0.981471,-0.133811,-0.086516,0.278327,0.947342
-0.078521,-0.037241,0.203381,0.978363,-0.01687,-0.081074,0.185617,0.981481,-0.133807,-0.086496,0.27818,0.947386
-0.078436,-0.037182,0.203324,0.978382,-0.016875,-0.081085,0.185463,0.981506,-0.133747,-0.086447,0.278044,0.947438
-0.07839,-0.03716,0.203299,0.978392,-0.016859,-0.081075,0.185409,0.981516,-0.133833,-0.086406,0.277913,0.947468
-0.078424,-0.037173,0.203268,0.978394,-0.016862,-0.081076,0.185293,0.981535,-0.133843,-0.086421,0.277757,0.94751
-0.078425,-0.037168,0.203204,0.978407,-0.016913,-0.081061,0.18523,0.981547,-0.133888,-0.0865,0.277629,0.94753
-0.078441,-0.037138,0.203122,0.978422,-0.016993,-0.081052,0.18518,0.981555,-0.133881,-0.086534,0.277464,0.947574
-0.078425,-0.037086,0.20308,0.978433,-0.016991,-0.081065,0.185153,0.981559,-0.133902,-0.08651,0.277409,0.94759
-0.078433,-0.037099,0.203032,0.978442,-0.016968,-0.081102,0.185221,0.981544,-0.133935,-0.086472,0.277374,0.947599
-0.078455,-0.037109,0.203032,0.978439,-0.016989,-0.08115,0.185165,0.981548,-0.133965,-0.086475,0.277401,0.947587
-0.078455,-0.037127,0.203005,0.978443,-0.01699,-0.081176,0.185255,0.981531,-0.133998,-0.086484,0.277478,0.94756
-0.078453,-0.037135,0.203088,0.978428,-0.017046,-0.081179,0.185377,0.981509,-0.134034,-0.086537,0.27757,0.947523
-0.078437,-0.03714,0.203095,0.978428,-0.01711,-0.081228,0.185426,0.981496,-0.134105,-0.086602,0.277628,0.947489
-0.078487,-0.037159,0.203104,0.978421,-0.017127,-0.081261,0.18541,0.981495,-0.134129,-0.086668,0.277635,0.947477
-0.078504,-0.037199,0.203048,0.978428,-0.017232,-0.081337,0.185362,0.981495,-0.134147,-0.086725,0.277626,0.94747
-0.078562,-0.037172,0.203021,0.978431,-0.017284,-0.081341,0.185333,0.981499,-0.134213,-0.086754,0.277565,0.947474
-0.078583,-0.037229,0.202956,0.978438,-0.017315,-0.081384,0.185245,0.981509,-0.134266,-0.08679,0.277612,0.94745
-0.078661,-0.037359,0.202893,0.978438,-0.017401,-0.081381,0.185116,0.981531,-0.134318,-0.086829,0.277574,0.94745
-0.078783,-0.037389,0.202838,0.978438,-0.017524,-0.08142,0.184979,0.981548,-0.13437,-0.086828,0.277522,0.947457
-0.078885,-0.037369,0.202726,0.978452,-0.017548,-0.081422,0.184939,0.981554,-0.134432,-0.086851,0.277417,0.947476
-0.079022,-0.037353,0.202672,0.978452,-0.017626,-0.081405,0.185014,0.981542,-0.134505,-0.086817,0.277359,0.947485
-0.07913,-0.037332,0.202714,0.978436,-0.017717,-0.081346,0.185096,0.981532,-0.134543,-0.086749,0.277374,0.947482
-0.079257,-0.037311,0.202751,0.97842,-0.01781,-0.081349,0.18523,0.981508,-0.134598,-0.086686,0.277421,0.947468
-0.079351,-0.037286,0.202806,0.978404,-0.017897,-0.0813,0.185267,0.981504,-0.134629,-0.086661,0.277529,0.947436
-0.079467,-0.037267,0.202794,0.978398,-0.017951,-0.081256,0.185313,0.9815,-0.134741,-0.086635,0.277605,0.947402
-0.079562,-0.037248,0.202747,0.9784,-0.017978,-0.081245,0.185243,0.981512,-0.134794,-0.086672,0.27765,0.947377
-0.079581,-0.0372,0.202632,0.978423,-0.017965,-0.081243,0.185251,0.981511,-0.134794,-0.086725,0.277732,0.947348
-0.079509,-0.037239,0.202586,0.978435,-0.017958,-0.081252,0.185264,0.981508,-0.134841,-0.086742,0.277779,0.947326
-0.079433,-0.037315,0.202656,0.978425,-0.017928,-0.081233,0.1853,0.981504,-0.134898,-0.086657,0.277805,0.947319
-0.079395,-0.037371,0.202816,0.978395,-0.017941,-0.081255,0.185396,0.981486,-0.134991,-0.086597,0.277826,0.947307
-0.079401,-0.037357,0.203018,0.978357,-0.017909,-0.081231,0.185498,0.98147,-0.134971,-0.086458,0.277838,0.947322
-0.07938,-0.037387,0.20325,0.978314,-0.017889,-0.081228,0.185616,0.981452,-0.135024,-0.086427,0.277855,0.947312
-0.07936,-0.037391,0.203398,0.978287,-0.017882,-0.08114,0.185733,0.981439,-0.135082,-0.086378,0.277902,0.947297
-0.07935,-0.03735,0.203417,0.978287,-0.017935,-0.081074,0.185815,0.98143,-0.13519,-0.08634,0.277992,0.94726
-0.079342,-0.037248,0.203363,0.978302,-0.017977,-0.081004,0.185793,0.98144,-0.135224,-0.086324,0.278081,0.947231
-0.079374,-0.037146,0.203285,0.978319,-0.018036,-0.080851,0.185819,0.981448,-0.135223,-0.086345,0.278188,0.947199
-0.079454,-0.037059,0.203146,0.978342,-0.018094,-0.080764,0.185786,0.98146,-0.135284,-0.086255,0.278239,0.947185
-0.079465,-0.036946,0.203084,0.978358,-0.018103,-0.080694,0.185738,0.981474,-0.13531,-0.086238,0.27831,0.947163
-0.07941,-0.036902,0.203103,0.97836,-0.018069,-0.080611,0.185843,0.981464,-0.135288,-0.086127,0.278345,0.947168
-0.079351,-0.036824,0.203153,0.978359,-0.018123,-0.080523,0.185973,0.981449,-0.135351,-0.085995,0.278341,0.947174
-0.079388,-0.036754,0.203219,0.978346,-0.018164,-0.080419,0.186044,0.981446,-0.135361,-0.085859,0.278339,0.947188
-0.079435,-0.036656,0.203223,0.978347,-0.018267,-0.080354,0.186006,0.981456,-0.135366,-0.085783,0.278404,0.947178
-0.079465,-0.036553,0.203206,0.978352,-0.018277,-0.080287,0.185941,0.981473,-0.13529,-0.085721,0.278491,0.947171
-0.079511,-0.036452,0.203136,0.978366,-0.018347,-0.080198,0.185829,0.981498,-0.13531,-0.085643,0.278565,0.947154
-0.079614,-0.036281,0.203081,0.978376,-0.018335,-0.080061,0.185813,0.981513,-0.135344,-0.08562,0.278654,0.947127
-0.079675,-0.036104,0.203055,0.978383,-0.018337,-0.079952,0.185907,0.981506,-0.13539,-0.085524,0.278731,0.947108
-0.079689,-0.035983,0.20307,0.978384,-0.018249,-0.079862,0.186108,0.981482,-0.135393,-0.085428,0.278744,0.947115
-0.079621,-0.035814,0.203089,0.978393,-0.01818,-0.079832,0.186247,0.981462,-0.135393,-0.085358,0.278826,0.947099
-0.079562,-0.035748,0.20321,0.978378,-0.018169,-0.079801,0.18634,0.981449,-0.135409,-0.085289,0.278876,0.94709
-0.079505,-0.035687,0.203267,0.978375,-0.018151,-0.079813,0.18632,0.981451,-0.135352,-0.085251,0.278867,0.947105
-0.079463,-0.035626,0.203305,0.978373,-0.018152,-0.079849,0.186213,0.981466,-0.135333,-0.085209,0.278868,0.947112
-0.079426,-0.035578,0.203295,0.978381,-0.018153,-0.079909,0.186075,0.981485,-0.135317,-0.085162,0.278886,0.947114
-0.079396,-0.035556,0.203265,0.978388,-0.018134,-0.079942,0.186057,0.981485,-0.135302,-0.085167,0.278828,0.947132
-0.079367,-0.035594,0.203249,0.978392,-0.01813,-0.079974,0.186051,0.981483,-0.135316,-0.085169,0.278823,0.947132
-0.079361,-0.035637,0.203304,0.978381,-0.018156,-0.079972,0.186166,0.981463,-0.135335,-0.085172,0.278776,0.947142
-0.079344,-0.035701,0.203376,0.978367,-0.018141,-0.07998,0.186254,0.981448,-0.135358,-0.085217,0.278783,0.947132
-0.079399,-0.035731,0.203407,0.978355,-0.018161,-0.080029,0.18629,0.981437,-0.135361,-0.085231,0.278808,0.947123
-0.079362,-0.035723,0.203396,0.97836,-0.018166,-0.080038,0.186232,0.981447,-0.135342,-0.085274,0.278874,0.947102
-0.079306,-0.035638,0.203312,0.978384,-0.01814,-0.080075,0.186222,0.981445,-0.135234,-0.085316,0.278916,0.9471
-0.079223,-0.035592,0.20325,0.978404,-0.018078,-0.080131,0.186209,0.981444,-0.135178,-0.085431,0.278908,0.947099
-0.07917,-0.035557,0.203181,0.978422,-0.018042,-0.08018,0.186257,0.981431,-0.135248,-0.085478,0.278851,0.9471
-0.079071,-0.03559,0.203236,0.978418,-0.018012,-0.080253,0.186312,0.981416,-0.135253,-0.085522,0.278803,0.947108
-0.078968,-0.03565,0.203312,0.97841,-0.017969,-0.080384,0.186367,0.981396,-0.135159,-0.08559,0.278775,0.947123
-0.078846,-0.035813,0.203413,0.978393,-0.017931,-0.080448,0.186334,0.981396,-0.135088,-0.085646,0.278693,0.94715
-0.078756,-0.035931,0.203436,0.978392,-0.017847,-0.080564,0.186327,0.981389,-0.135107,-0.085684,0.278587,0.947173
-0.078701,-0.036066,0.203442,0.978389,-0.017811,-0.080681,0.186246,0.981393,-0.135111,-0.085729,0.278506,0.94719
-0.078649,-0.036236,0.203457,0.978383,-0.017805,-0.080808,0.186192,0.981392,-0.135077,-0.085745,0.278358,0.947236
-0.078538,-0.036358,0.203487,0.978381,-0.017767,-0.080911,0.186163,0.981388,-0.135077,-0.085774,0.278251,0.947264
-0.078409,-0.03652,0.203516,0.978378,-0.017671,-0.080937,0.186202,0.981381,-0.135089,-0.08584,0.278231,0.947261
-0.078342,-0.036637,0.203528,0.978376,-0.017584,-0.080972,0.186252,0.981371,-0.135104,-0.085929,0.278286,0.947233
-0.078262,-0.036653,0.203586,0.978371,-0.017537,-0.080974,0.186396,0.981347,-0.135039,-0.086027,0.278304,0.947226
-0.078229,-0.036627,0.203659,0.97836,-0.017523,-0.081016,0.186515,0.981323,-0.135055,-0.086082,0.278342,0.947207
-0.078182,-0.036607,0.203632,0.978369,-0.017519,-0.081059,0.186561,0.981311,-0.135092,-0.086136,0.278415,0.947175
-0.078104,-0.036639,0.20361,0.978378,-0.017518,-0.081061,0.186435,0.981333,-0.135122,-0.086169,0.278397,0.947173
-0.078127,-0.036622,0.203552,0.978388,-0.017591,-0.081033,0.186251,0.981365,-0.135111,-0.086174,0.278314,0.947197
-0.078099,-0.036614,0.20346,0.978408,-0.017654,-0.081002,0.186081,0.981395,-0.135142,-0.086152,0.278147,0.947242
-0.078115,-0.036614,0.203355,0.978426,-0.017718,-0.080938,0.185943,0.981424,-0.135262,-0.086138,0.278059,0.947252
-0.078213,-0.036503,0.20332,0.97843,-0.017788,-0.080842,0.18592,0.981435,-0.135311,-0.086065,0.278021,0.947264
-0.078295,-0.036339,0.203285,0.978437,-0.017887,-0.080764,0.185998,0.981427,-0.135344,-0.085976,0.277963,0.947286
-0.078287,-0.0362,0.203284,0.978444,-0.018044,-0.08062,0.186131,0.981415,-0.135428,-0.085948,0.277955,0.947279
-0.07839,-0.036091,0.203298,0.978438,-0.018205,-0.080514,0.18611,0.981425,-0.1355,-0.085935,0.277974,0.947264
-0.078487,-0.035978,0.203303,0.978435,-0.018328,-0.080449,0.186044,0.98144,-0.135627,-0.085917,0.278035,0.947231
-0.078623,-0.035867,0.203235,0.978442,-0.018473,-0.080399,0.1859,0.981466,-0.135633,-0.085888,0.278085,0.947219
-0.078709,-0.035778,0.203124,0.978459,-0.018586,-0.080332,0.185836,0.981481,-0.135709,-0.085871,0.278123,0.947199
-0.07884,-0.035684,0.203017,0.978474,-0.018674,-0.080307,0.185851,0.981479,-0.135772,-0.085878,0.278228,0.947158
-0.078941,-0.035644,0.202925,0.978484,-0.01874,-0.080241,0.185933,0.981471,-0.135817,-0.0859,0.278323,0.947123
-0.079071,-0.035617,0.202925,0.978475,-0.018771,-0.080219,0.186095,0.981444,-0.135799,-0.085845,0.278428,0.947102
-0.07907,-0.03559,0.202958,0.978471,-0.018788,-0.080181,0.186283,0.981415,-0.135902,-0.085834,0.278587,0.947043
-0.079136,-0.035525,0.203058,0.978449,-0.018824,-0.080135,0.186418,0.981395,-0.135997,-0.085816,0.278641,0.947016
-0.079211,-0.035474,0.203151,0.978428,-0.018848,-0.080054,0.18652,0.981385,-0.136118,-0.085784,0.278686,0.946989
-0.079185,-0.035369,0.203229,0.97842,-0.018877,-0.079989,0.186592,0.981378,-0.136186,-0.085751,0.278745,0.946966
-0.079177,-0.035247,0.203273,0.978417,-0.018918,-0.079926,0.186625,0.981377,-0.136246,-0.085721,0.278739,0.946962
-0.07918,-0.035133,0.203324,0.978413,-0.018971,-0.079896,0.186592,0.981383,-0.136317,-0.085688,0.278672,0.946974
-0.079251,-0.035057,0.203226,0.978428,-0.019029,-0.07987,0.186512,0.981399,-0.136303,-0.08565,0.278586,0.947005
-0.079344,-0.034977,0.203121,0.978444,-0.019115,-0.079839,0.18638,0.981422,-0.136371,-0.085576,0.278437,0.947046
-0.079442,-0.034913,0.203049,0.978453,-0.019132,-0.079805,0.18632,0.981436,-0.136391,-0.085543,0.278364,0.947067
-0.079579,-0.034898,0.203021,0.978448,-0.019158,-0.079787,0.186317,0.981437,-0.136433,-0.085479,0.278319,0.947081
-0.079674,-0.034804,0.202992,0.97845,-0.019204,-0.079757,0.186414,0.981423,-0.13646,-0.085478,0.278313,0.947079
-0.079741,-0.034732,0.203019,0.978443,-0.019237,-0.079726,0.186526,0.981405,-0.136455,-0.085488,0.278339,0.947071
-0.079803,-0.034729,0.203029,0.978436,-0.019231,-0.079688,0.186658,0.981386,-0.136454,-0.085538,0.278378,0.947055
-0.079818,-0.034723,0.203093,0.978423,-0.01923,-0.079724,0.186709,0.981374,-0.136427,-0.08556,0.278447,0.947037
-0.079831,-0.034705,0.203075,0.978426,-0.019225,-0.079745,0.186699,0.981375,-0.136398,-0.085522,0.27846,0.947041
-0.079816,-0.034746,0.203157,0.97841,-0.019203,-0.079764,0.18673,0.981368,-0.13638,-0.08555,0.278499,0.947029
-0.079815,-0.034869,0.203199,0.978398,-0.019159,-0.079787,0.186652,0.98138,-0.136422,-0.085561,0.278552,0.947008
-0.079711,-0.034961,0.203321,0.978379,-0.019078,-0.079842,0.186599,0.981386,-0.136454,-0.085556,0.278524,0.947011
-0.079626,-0.035102,0.203456,0.978355,-0.019032,-0.079884,0.186568,0.981388,-0.136438,-0.08558,0.278511,0.947015
-0.079544,-0.035209,0.203495,0.978349,-0.018968,-0.079894,0.186496,0.9814,-0.136397,-0.085555,0.278504,0.947025
-0.079417,-0.035281,0.203497,0.978356,-0.018881,-0.07991,0.186468,0.981406,-0.136433,-0.085523,0.278491,0.947027
-0.079309,-0.035246,0.203521,0.978361,-0.018854,-0.079941,0.186435,0.981409,-0.136491,-0.08552,0.278485,0.947021
-0.079287,-0.035215,0.203529,0.978363,-0.018861,-0.07993,0.186527,0.981394,-0.136459,-0.085485,0.278486,0.947029
-0.079233,-0.035146,0.203581,0.97836,-0.01881,-0.079903,0.186665,0.981373,-0.136433,-0.08542,0.278529,0.947027
-0.079227,-0.035137,0.203616,0.978354,-0.018798,-0.079883,0.186749,0.981361,-0.136456,-0.085369,0.278559,0.947021
-0.07924,-0.035057,0.203662,0.978348,-0.018775,-0.079833,0.186782,0.98136,-0.136442,-0.085312,0.278642,0.947005
-0.079242,-0.034983,0.203712,0.978341,-0.018805,-0.079764,0.186876,0.98135,-0.136501,-0.0853,0.278742,0.94697
-0.07923,-0.03489,0.203731,0.978342,-0.018873,-0.079735,0.18695,0.981338,-0.136481,-0.085294,0.278802,0.946957
-0.079267,-0.034786,0.203721,0.978346,-0.018887,-0.079657,0.187014,0.981334,-0.136504,-0.085274,0.278897,0.946928
-0.079332,-0.034696,0.203697,0.978349,-0.018886,-0.079603,0.186997,0.981342,-0.136526,-0.0852,0.279012,0.9469
-0.079353,-0.034721,0.203698,0.978346,-0.018944,-0.079559,0.186995,0.981345,-0.136553,-0.085141,0.279089,0.946881
-0.07937,-0.034675,0.203764,0.978334,-0.018992,-0.079508,0.187004,0.981347,-0.13653,-0.085085,0.279144,0.946874
-0.079356,-0.034671,0.203866,0.978317,-0.019016,-0.07944,0.187114,0.981333,-0.136604,-0.085066,0.279181,0.946855
-0.079343,-0.03467,0.203989,0.978294,-0.019072,-0.079393,0.187153,0.981329,-0.136695,-0.085054,0.279154,0.946851
-0.079404,-0.034658,0.204036,0.978281,-0.019134,-0.079335,0.187139,0.981336,-0.136756,-0.085,0.279152,0.946848
-0.079409,-0.034606,0.204115,0.978268,-0.019164,-0.079273,0.187108,0.981346,-0.136787,-0.084885,0.279158,0.946854
-0.079465,-0.034537,0.204083,0.978273,-0.019206,-0.079197,0.187171,0.981341,-0.136806,-0.084829,0.279181,0.946852
-0.079528,-0.034524,0.204024,0.97828,-0.019241,-0.079122,0.187172,0.981347,-0.136838,-0.084778,0.279154,0.94686
-0.079617,-0.034443,0.203962,0.978287,-0.019297,-0.079053,0.187225,0.981343,-0.136922,-0.084778,0.279204,0.946833
-0.079709,-0.034263,0.203893,0.978301,-0.01941,-0.079024,0.187212,0.981346,-0.136963,-0.084784,0.279274,0.946806
-0.079755,-0.034143,0.203889,0.978302,-0.019468,-0.079004,0.18727,0.981336,-0.137045,-0.084771,0.279327,0.946781
-0.079796,-0.034077,0.203928,0.978294,-0.019521,-0.078995,0.187362,0.981321,-0.137097,-0.084737,0.279346,0.946772
-0.079766,-0.034098,0.203998,0.978283,-0.01957,-0.078985,0.187485,0.981299,-0.137128,-0.084767,0.279361,0.94676
-0.079824,-0.034097,0.204133,0.978253,-0.019617,-0.079017,0.187603,0.981275,-0.137062,-0.084789,0.27944,0.946744
-0.079838,-0.034158,0.204249,0.978227,-0.019624,-0.079017,0.187658,0.981265,-0.136984,-0.08482,0.279531,0.946727
-0.079917,-0.034222,0.204373,0.978196,-0.019681,-0.079032,0.187686,0.981258,-0.136985,-0.084853,0.279636,0.946693
-0.079985,-0.034226,0.204499,0.978166,-0.019661,-0.079019,0.187648,0.981267,-0.136938,-0.084919,0.279766,0.946655
-0.080094,-0.034178,0.204437,0.978171,-0.019652,-0.079042,0.187666,0.981262,-0.136938,-0.085,0.279924,0.946602
-0.080119,-0.034123,0.204292,0.978199,-0.019651,-0.079029,0.187692,0.981259,-0.137036,-0.08505,0.280071,0.946539
-0.080121,-0.034046,0.20422,0.978215,-0.019615,-0.078997,0.187692,0.981262,-0.137082,-0.085084,0.280234,0.946482
-0.080036,-0.034044,0.204121,0.978241,-0.01959,-0.079012,0.187716,0.981257,-0.137111,-0.085141,0.28029,0.946456
-0.07998,-0.034028,0.204153,0.978239,-0.019581,-0.079005,0.187682,0.981263,-0.137127,-0.085157,0.280291,0.946452
-0.079893,-0.034006,0.20414,0.978249,-0.019526,-0.079047,0.187645,0.981267,-0.137116,-0.085183,0.280241,0.946465
-0.079874,-0.034026,0.204089,0.978261,-0.019505,-0.079086,0.187546,0.981281,-0.137143,-0.085164,0.28014,0.946491
-0.079753,-0.034068,0.204059,0.978274,-0.01947,-0.079112,0.187464,0.981293,-0.137214,-0.085176,0.280036,0.94651
-0.079751,-0.034091,0.204045,0.978276,-0.019447,-0.079173,0.187369,0.981305,-0.137238,-0.085234,0.279898,0.946539
-0.079673,-0.034164,0.203998,0.978288,-0.019442,-0.079288,0.187354,0.981298,-0.137247,-0.085214,0.279725,0.94659
-0.079624,-0.034289,0.204014,0.978283,-0.019462,-0.079343,0.187316,0.9813,-0.137293,-0.085227,0.279519,0.946641
-0.079528,-0.034434,0.204029,0.978282,-0.019503,-0.079361,0.187248,0.981308,-0.137294,-0.085257,0.279314,0.946696
-0.07952,-0.034563,0.204002,0.978283,-0.019535,-0.079367,0.18722,0.981312,-0.137226,-0.085279,0.279113,0.946761
-0.079519,-0.034751,0.20405,0.978266,-0.019614,-0.079417,0.187148,0.981319,-0.137272,-0.085271,0.279012,0.946784
-0.079576,-0.034892,0.204113,0.978243,-0.019638,-0.079538,0.187108,0.981315,-0.137254,-0.085328,0.27898,0.94679
-0.07968,-0.035003,0.204137,0.978226,-0.019678,-0.079602,0.187085,0.981313,-0.137328,-0.08539,0.279029,0.946758
-0.079731,-0.035088,0.204112,0.978224,-0.019723,-0.079662,0.187113,0.981302,-0.137357,-0.085473,0.279096,0.946727
-0.079721,-0.035114,0.20409,0.978227,-0.019817,-0.079738,0.187218,0.981276,-0.137395,-0.085568,0.279194,0.946683
-0.079786,-0.035056,0.204062,0.97823,-0.019829,-0.079801,0.187332,0.98125,-0.137442,-0.085686,0.279361,0.946615
-0.079842,-0.035103,0.204106,0.978215,-0.019867,-0.079815,0.187406,0.981235,-0.137496,-0.085757,0.27945,0.946573
-0.079907,-0.035138,0.204152,0.978201,-0.019961,-0.079844,0.187484,0.981218,-0.137507,-0.085819,0.279574,0.94653
-0.079933,-0.035091,0.20421,0.978189,-0.020057,-0.079863,0.187558,0.981203,-0.13753,-0.085866,0.279673,0.946494
-0.079978,-0.035111,0.20425,0.978177,-0.020027,-0.079896,0.187646,0.981184,-0.137598,-0.085929,0.279773,0.946448
-0.079956,-0.035178,0.204343,0.978159,-0.020048,-0.079888,0.187696,0.981176,-0.137635,-0.085963,0.279795,0.946432
-0.079985,-0.035286,0.204412,0.978139,-0.020032,-0.079899,0.187656,0.981182,-0.13768,-0.085968,0.279777,0.946431
-0.080002,-0.03538,0.204441,0.978128,-0.020078,-0.079932,0.187592,0.98119,-0.137786,-0.085995,0.27976,0.946417
-0.079993,-0.035443,0.204445,0.978125,-0.020181,-0.079958,0.187465,0.981207,-0.137891,-0.08601,0.279708,0.946415
-0.080022,-0.035463,0.204376,0.978136,-0.02017,-0.079942,0.187388,0.981222,-0.137911,-0.085985,0.279603,0.946445
-0.080076,-0.035454,0.204315,0.978143,-0.020239,-0.079877,0.187315,0.98124,-0.137928,-0.085942,0.279517,0.946472
-0.080149,-0.035382,0.204223,0.978157,-0.020315,-0.079804,0.187148,0.981273,-0.138035,-0.085941,0.279427,0.946482
-0.080234,-0.03537,0.204087,0.978177,-0.020391,-0.079734,0.187099,0.981287,-0.138149,-0.085961,0.279335,0.946489
-0.080313,-0.035253,0.204027,0.978187,-0.02048,-0.079642,0.187125,0.981287,-0.138219,-0.085926,0.279234,0.946512
-0.080381,-0.035167,0.203938,0.978202,-0.020564,-0.0796,0.187096,0.981295,-0.138285,-0.085859,0.27919,0.946522
-0.080464,-0.035089,0.20388,0.978209,-0.020659,-0.079586,0.187153,0.981285,-0.138358,-0.08579,0.279144,0.946532
-0.080554,-0.035011,0.203857,0.97821,-0.020747,-0.079497,0.187184,0.981286,-0.138425,-0.085761,0.279165,0.946519
-0.080623,-0.034909,0.203872,0.978205,-0.020795,-0.079478,0.187189,0.981286,-0.138513,-0.085765,0.279285,0.946472
-0.080691,-0.034793,0.203905,0.978199,-0.020883,-0.079492,0.187212,0.981279,-0.138524,-0.085739,0.279389,0.946443
-0.080772,-0.034747,0.203986,0.978179,-0.020925,-0.079471,0.187236,0.981275,-0.138595,-0.08577,0.279488,0.946401
-0.080847,-0.034738,0.204098,0.978153,-0.020929,-0.079497,0.187299,0.981262,-0.138621,-0.085752,0.27962,0.946361
-0.080861,-0.034785,0.204191,0.978132,-0.021008,-0.079454,0.187305,0.981263,-0.138639,-0.085776,0.279722,0.946327
-0.080913,-0.034843,0.204293,0.978106,-0.021026,-0.079349,0.187297,0.981274,-0.138646,-0.085742,0.2798,0.946307
-0.080913,-0.034911,0.204289,0.978104,-0.021104,-0.079335,0.187197,0.981291,-0.138762,-0.085709,0.279851,0.946278
-0.080961,-0.034918,0.204164,0.978124,-0.021142,-0.079299,0.187028,0.981322,-0.138825,-0.085722,0.279841,0.946271
-0.081013,-0.034875,0.203976,0.978156,-0.021198,-0.079213,0.186872,0.981355,-0.138897,-0.085726,0.279783,0.946277
-0.081064,-0.034757,0.203813,0.978187,-0.021293,-0.079174,0.186808,0.981367,-0.138964,-0.085685,0.279796,0.946268
-0.08112,-0.034642,0.203711,0.978207,-0.021327,-0.079124,0.186834,0.981366,-0.139038,-0.085672,0.279778,0.946263
-0.081139,-0.034569,0.203698,0.978211,-0.021345,-0.079081,0.186766,0.981382,-0.139162,-0.085652,0.279688,0.946272
-0.081164,-0.034534,0.203767,0.978198,-0.021401,-0.079058,0.18679,0.981378,-0.139225,-0.085595,0.279632,0.946286
-0.081192,-0.034476,0.203783,0.978194,-0.021361,-0.078993,0.186842,0.981376,-0.139234,-0.085571,0.279558,0.946309
-0.081174,-0.034418,0.203811,0.978193,-0.021402,-0.078925,0.186819,0.981385,-0.139272,-0.085526,0.27947,0.946333
-0.08123,-0.034394,0.203794,0.978194,-0.021467,-0.078884,0.186771,0.981395,-0.139366,-0.08546,0.279454,0.946331
-0.081276,-0.034363,0.203753,0.978198,-0.021554,-0.078774,0.186703,0.981415,-0.139418,-0.085415,0.279464,0.946325
-0.081322,-0.034361,0.203679,0.978208,-0.021599,-0.078717,0.186599,0.981437,-0.139457,-0.085432,0.279519,0.946301
-0.081386,-0.034272,0.203591,0.978223,-0.021682,-0.078636,0.186523,0.981455,-0.139526,-0.085427,0.279538,0.946287
-0.081404,-0.034218,0.20356,0.97823,-0.02175,-0.078593,0.186591,0.981446,-0.139598,-0.085361,0.279593,0.946267
-0.081466,-0.034205,0.203599,0.978218,-0.021799,-0.078515,0.186626,0.981445,-0.139658,-0.085331,0.27969,0.946234
-0.081612,-0.034146,0.203666,0.978196,-0.021824,-0.078427,0.186723,0.981436,-0.139761,-0.085294,0.279722,0.946213
-0.081664,-0.034079,0.203716,0.978186,-0.021893,-0.078393,0.186751,0.981433,-0.139828,-0.085237,0.279704,0.946214
-0.081772,-0.034015,0.203731,0.978177,-0.021955,-0.078338,0.186736,0.981438,-0.139965,-0.085219,0.279674,0.946205
-0.081867,-0.033856,0.2037,0.978181,-0.022004,-0.078274,0.186703,0.981449,-0.140055,-0.085198,0.279658,0.946199
-0.081918,-0.033742,0.203639,0.978193,-0.022047,-0.07826,0.186693,0.981451,-0.140093,-0.085145,0.279652,0.946201
-0.081961,-0.033625,0.203578,0.978206,-0.022086,-0.078171,0.186658,0.981463,-0.140161,-0.085103,0.279674,0.946188
-0.082081,-0.033497,0.20354,0.978208,-0.022131,-0.078073,0.186635,0.981475,-0.140264,-0.085088,0.279707,0.946165
-0.082171,-0.033368,0.203526,0.978209,-0.022191,-0.07801,0.186662,0.981475,-0.140402,-0.085099,0.279753,0.94613
-0.082207,-0.033311,0.203455,0.978221,-0.022278,-0.077915,0.186614,0.981489,-0.140469,-0.085078,0.279847,0.946096
-0.082263,-0.033249,0.203423,0.978226,-0.022376,-0.077862,0.186523,0.981507,-0.14054,-0.085052,0.279934,0.946063
-0.082347,-0.033121,0.203415,0.978225,-0.022435,-0.077766,0.18637,0.98154,-0.140655,-0.084997,0.279895,0.946063
-0.082406,-0.033089,0.203312,0.978241,-0.022542,-0.077701,0.186259,0.981562,-0.140687,-0.084984,0.279781,0.946092
-0.082504,-0.032962,0.203257,0.978248,-0.022587,-0.07757,0.186161,0.981589,-0.140717,-0.084889,0.279647,0.946136
-0.082607,-0.032869,0.203174,0.978259,-0.022672,-0.077489,0.186084,0.981608,-0.140797,-0.084859,0.279507,0.946167
-0.082753,-0.032762,0.203098,0.978266,-0.022805,-0.077373,0.18609,0.981614,-0.140841,-0.084779,0.279462,0.946183
-0.082887,-0.032651,0.203005,0.978277,-0.022891,-0.077224,0.186087,0.981625,-0.140841,-0.084791,0.279481,0.946176
-0.082964,-0.032517,0.203034,0.97827,-0.022976,-0.077083,0.18611,0.98163,-0.140833,-0.08476,0.279469,0.946184
-0.083077,-0.032406,0.202932,0.978284,-0.023073,-0.077013,0.186083,0.98164,-0.14088,-0.084676,0.279437,0.946194
-0.083146,-0.032325,0.202907,0.978286,-0.02308,-0.076908,0.186184,0.981631,-0.140982,-0.084588,0.279407,0.946198
-0.083155,-0.032205,0.202895,0.978292,-0.023092,-0.076813,0.186216,0.981633,-0.14102,-0.084526,0.279394,0.946203
-0.083154,-0.032134,0.202892,0.978296,-0.023091,-0.076763,0.186248,0.981632,-0.140978,-0.084494,0.279332,0.94623
-0.083122,-0.032089,0.202874,0.978303,-0.02302,-0.076743,0.186236,0.981637,-0.140992,-0.084452,0.279318,0.946236
-0.083116,-0.032053,0.202842,0.978312,-0.022992,-0.076792,0.186112,0.981655,-0.140995,-0.084466,0.279265,0.94625
-0.083082,-0.032151,0.202788,0.97832,-0.022978,-0.076812,0.18596,0.981679,-0.140998,-0.084469,0.279212,0.946264
-0.083039,-0.032182,0.202729,0.978334,-0.022904,-0.076859,0.18593,0.981681,-0.140962,-0.084472,0.279212,0.946269
-0.082911,-0.032249,0.202685,0.97835,-0.022849,-0.07688,0.185929,0.981681,-0.140976,-0.084535,0.279164,0.946274
-0.082823,-0.032341,0.202661,0.978358,-0.022779,-0.076957,0.185905,0.98168,-0.140998,-0.084536,0.279116,0.946284
-0.082758,-0.032384,0.202712,0.978352,-0.022746,-0.077056,0.185909,0.981672,-0.140938,-0.084596,0.279112,0.946288
-0.082681,-0.032512,0.202684,0.978359,-0.022695,-0.077158,0.185953,0.981656,-0.140857,-0.084702,0.279089,0.946295
-0.082541,-0.032611,0.202688,0.978365,-0.022661,-0.077264,0.185947,0.98165,-0.140782,-0.084729,0.279067,0.946309
-0.082513,-0.032725,0.202733,0.978355,-0.022667,-0.0773,0.185978,0.981642,-0.140716,-0.084729,0.279044,0.946326
-0.08249,-0.032758,0.202748,0.978352,-0.022695,-0.07727,0.185979,0.981644,-0.14068,-0.084761,0.279015,0.946336
-0.082477,-0.032764,0.20279,0.978345,-0.022734,-0.077269,0.18594,0.981649,-0.140594,-0.084807,0.27892,0.946372
-0.082452,-0.032752,0.20281,0.978344,-0.022724,-0.077228,0.185862,0.981667,-0.140492,-0.084802,0.278858,0.946405
-0.082441,-0.032666,0.202688,0.978371,-0.022727,-0.077175,0.185807,0.98168,-0.140468,-0.084836,0.278777,0.946428
-0.082474,-0.032553,0.20246,0.978416,-0.022689,-0.077131,0.185619,0.981716,-0.140443,-0.084854,0.278674,0.946459
-0.082468,-0.032466,0.202199,0.978468,-0.022709,-0.077131,0.185424,0.981749,-0.140433,-0.084856,0.278616,0.946477
-0.082479,-0.032419,0.201932,0.978519,-0.022662,-0.077208,0.185305,0.981764,-0.140377,-0.084895,0.278535,0.946504
-0.082462,-0.032376,0.201716,0.978562,-0.022553,-0.077245,0.185245,0.981773,-0.140386,-0.084888,0.27851,0.94651
-0.082362,-0.032448,0.201675,0.978575,-0.022487,-0.077245,0.185225,0.981778,-0.140362,-0.084921,0.278429,0.946534
-0.082289,-0.032558,0.201769,0.978559,-0.022367,-0.077262,0.185257,0.981774,-0.140321,-0.08491,0.278362,0.94656
-0.082104,-0.032666,0.201913,0.978543,-0.022283,-0.077288,0.185391,0.98175,-0.140322,-0.084834,0.278326,0.946579
-0.081925,-0.032706,0.202046,0.978531,-0.022157,-0.077314,0.185472,0.981737,-0.140303,-0.084801,0.278238,0.94661
-0.081779,-0.032715,0.202124,0.978528,-0.022052,-0.077306,0.18544,0.981745,-0.140272,-0.084863,0.278164,0.946629
-0.081732,-0.03268,0.202123,0.978534,-0.02203,-0.077309,0.185348,0.981761,-0.140184,-0.084911,0.278039,0.946672
-0.081711,-0.032608,0.201951,0.97857,-0.022048,-0.077299,0.185111,0.981802,-0.140104,-0.084957,0.277916,0.946714
-0.081597,-0.032563,0.201792,0.978611,-0.022004,-0.077236,0.184818,0.981857,-0.140059,-0.084965,0.27778,0.946758
-0.081598,-0.032565,0.201604,0.978645,-0.021993,-0.077215,0.184553,0.981904,-0.139958,-0.084949,0.277651,0.946812
-0.081519,-0.032578,0.201477,0.978675,-0.021949,-0.077174,0.184329,0.981946,-0.139885,-0.084924,0.277476,0.946876
-0.081431,-0.032606,0.201386,0.978698,-0.021951,-0.077158,0.184232,0.981964,-0.139878,-0.084805,0.277337,0.946929
-0.081382,-0.032626,0.20138,0.978702,-0.021937,-0.077066,0.184218,0.981974,-0.139885,-0.08477,0.277201,0.94697
-0.08131,-0.032631,0.201339,0.978715,-0.021909,-0.077019,0.184237,0.981975,-0.139913,-0.084797,0.277088,0.946994
-0.081276,-0.032563,0.201307,0.978726,-0.021912,-0.07701,0.18431,0.981964,-0.139895,-0.0848,0.277086,0.946997
-0.081229,-0.032428,0.201225,0.97875,-0.021911,-0.076941,0.184329,0.981967,-0.139934,-0.08485,0.277031,0.947002
-0.081222,-0.032318,0.201034,0.978791,-0.021932,-0.076918,0.184264,0.981979,-0.139965,-0.084896,0.277052,0.946986
-0.081261,-0.032237,0.20086,0.978822,-0.021972,-0.076886,0.184143,0.982002,-0.139968,-0.084953,0.277082,0.946971
-0.081267,-0.032285,0.200713,0.978848,-0.02204,-0.076868,0.184035,0.982019,-0.139969,-0.084941,0.277054,0.94698
-0.081202,-0.032317,0.200607,0.978871,-0.022072,-0.076875,0.183929,0.982036,-0.140017,-0.084922,0.276975,0.946998
-0.081261,-0.032345,0.200526,0.978879,-0.022124,-0.076858,0.183855,0.982049,-0.140069,-0.084887,0.276901,0.947015
-0.081368,-0.032332,0.200579,0.978862,-0.022169,-0.076814,0.183811,0.982059,-0.140165,-0.084844,0.276883,0.94701
-0.08146,-0.032287,0.200593,0.978854,-0.022258,-0.076781,0.183804,0.982061,-0.140127,-0.084797,0.276918,0.947012
-0.081558,-0.032231,0.200563,0.978854,-0.022338,-0.076732,0.18388,0.982051,-0.140211,-0.084812,0.27689,0.947005
-0.081634,-0.032071,0.200522,0.978862,-0.022402,-0.076643,0.183923,0.98205,-0.140248,-0.084825,0.276929,0.946987
-0.08172,-0.031937,0.200471,0.978869,-0.022529,-0.076574,0.18398,0.982044,-0.140276,-0.084844,0.276988,0.946964
-0.081836,-0.031777,0.200506,0.978859,-0.02261,-0.076516,0.184128,0.982022,-0.140303,-0.084818,0.277019,0.946954
-0.081901,-0.031658,0.200541,0.978853,-0.022703,-0.076444,0.184269,0.982002,-0.14037,-0.084755,0.277114,0.946923
-0.081955,-0.031547,0.200617,0.978839,-0.022735,-0.076389,0.184444,0.981976,-0.140407,-0.084707,0.277233,0.946889
-0.081973,-0.031515,0.200718,0.978819,-0.022692,-0.076336,0.184593,0.981957,-0.140481,-0.084618,0.277377,0.946848
-0.082041,-0.031514,0.200834,0.978793,-0.022701,-0.076258,0.184681,0.981948,-0.140483,-0.084555,0.277515,0.946815
-0.082095,-0.031493,0.200909,0.978775,-0.022698,-0.076148,0.184664,0.98196,-0.140544,-0.08455,0.27763,0.946774
-0.082092,-0.031387,0.200946,0.978773,-0.022737,-0.07603,0.184578,0.981983,-0.140605,-0.08458,0.277707,0.946739
-0.08216,-0.031268,0.200932,0.978774,-0.022779,-0.075946,0.184463,0.982009,-0.140671,-0.084576,0.277749,0.946718
-0.08218,-0.031147,0.200812,0.978799,-0.022825,-0.075838,0.184324,0.98204,-0.140657,-0.084537,0.277695,0.94674
-0.082204,-0.031021,0.200626,0.978836,-0.022854,-0.075753,0.184157,0.982076,-0.140654,-0.084485,0.277596,0.946774
-0.082162,-0.030902,0.200484,0.978871,-0.022863,-0.075684,0.18405,0.982099,-0.140601,-0.08449,0.277504,0.946807
-0.08217,-0.030834,0.200367,0.978894,-0.022863,-0.075647,0.183933,0.982121,-0.140565,-0.08443,0.277356,0.946861
-0.08216,-0.030831,0.200308,0.978905,-0.02288,-0.075638,0.183856,0.982135,-0.140515,-0.084401,0.277136,0.946934
-0.082095,-0.03085,0.200213,0.978927,-0.022882,-0.075647,0.183786,0.982145,-0.140508,-0.084351,0.276923,0.947001
-0.08209,-0.030937,0.200098,0.978946,-0.022834,-0.075742,0.18365,0.982162,-0.140534,-0.084312,0.276709,0.947062
-0.082156,-0.030983,0.200012,0.978954,-0.022823,-0.075812,0.183523,0.982177,-0.140575,-0.084385,0.276563,0.947089
-0.082185,-0.031054,0.200001,0.978951,-0.022801,-0.075892,0.183437,0.982186,-0.140555,-0.084373,0.276429,0.947131
-0.082148,-0.031072,0.199948,0.978963,-0.022744,-0.075976,0.18338,0.982189,-0.140582,-0.084467,0.276396,0.947126
-0.082113,-0.031139,0.199957,0.978962,-0.022665,-0.076013,0.183406,0.982184,-0.140585,-0.084511,0.276427,0.947113
-0.08208,-0.031203,0.200011,0.978953,-0.022594,-0.07602,0.183413,0.982183,-0.140573,-0.084565,0.276464,0.947098
-0.082085,-0.031265,0.200033,0.978946,-0.022549,-0.076125,0.183425,0.982174,-0.140489,-0.084634,0.276443,0.94711
-0.082049,-0.03135,0.200025,0.978947,-0.022536,-0.076216,0.18347,0.982159,-0.140444,-0.084737,0.276419,0.947111
-0.08203,-0.031424,0.199956,0.978958,-0.022508,-0.076315,0.18348,0.98215,-0.140414,-0.084837,0.276413,0.947107
-0.081998,-0.031497,0.199876,0.978972,-0.022438,-0.076508,0.183427,0.982144,-0.140366,-0.084908,0.276467,0.947091
-0.081892,-0.031614,0.199856,0.97898,-0.022344,-0.076692,0.183396,0.982135,-0.140314,-0.084929,0.276464,0.947097
-0.081811,-0.031792,0.199928,0.978967,-0.022286,-0.076867,0.18345,0.982113,-0.140308,-0.084992,0.276491,0.947084
-0.081718,-0.032013,0.19998,0.978956,-0.022197,-0.077056,0.183516,0.982088,-0.140319,-0.085105,0.276495,0.947069
-0.081597,-0.032249,0.200058,0.978943,-0.022119,-0.077153,0.18344,0.982094,-0.140284,-0.085238,0.276541,0.947047
-0.081488,-0.032434,0.200143,0.978929,-0.022054,-0.077289,0.183449,0.982082,-0.140248,-0.085357,0.276599,0.947023
-0.081396,-0.032645,0.200187,0.978919,-0.02199,-0.077409,0.183385,0.982085,-0.140276,-0.085433,0.276608,0.947009
-0.081299,-0.032789,0.200154,0.978928,-0.021927,-0.077489,0.183414,0.982074,-0.140287,-0.085486,0.276605,0.947002
-0.08126,-0.032898,0.200115,0.978934,-0.02193,-0.07752,0.183316,0.982088,-0.140353,-0.085646,0.276579,0.946981
-0.081173,-0.032976,0.200084,0.978944,-0.021936,-0.077543,0.183341,0.982081,-0.140324,-0.085654,0.276491,0.94701
-0.081179,-0.033025,0.200057,0.978946,-0.021991,-0.077559,0.183435,0.982063,-0.140311,-0.085665,0.276409,0.947034
-0.081229,-0.033041,0.200057,0.978942,-0.02204,-0.0776,0.183443,0.982057,-0.140347,-0.085612,0.276414,0.947033
-0.081315,-0.033014,0.200025,0.978941,-0.022101,-0.077592,0.183492,0.982049,-0.140419,-0.085577,0.276398,0.947031
-0.081491,-0.032969,0.200046,0.978926,-0.022195,-0.077576,0.183417,0.982061,-0.140399,-0.085532,0.276444,0.947026
-0.081506,-0.032947,0.200032,0.978928,-0.022277,-0.077525,0.183399,0.982066,-0.140434,-0.085485,0.27641,0.947035
-0.081623,-0.032941,0.200056,0.978914,-0.022355,-0.077432,0.183388,0.982074,-0.140474,-0.085485,0.276439,0.94702
-0.08174,-0.032935,0.200068,0.978902,-0.022449,-0.077357,0.183406,0.982076,-0.140583,-0.085463,0.276486,0.946994
-0.081797,-0.032886,0.200099,0.978894,-0.022549,-0.077317,0.183451,0.98207,-0.140611,-0.085363,0.276547,0.946984
-0.081897,-0.032805,0.200124,0.978885,-0.022622,-0.07718,0.183466,0.982077,-0.140678,-0.085252,0.276613,0.946966
-0.081989,-0.032713,0.200105,0.978884,-0.022704,-0.077048,0.183527,0.982077,-0.140774,-0.085198,0.276699,0.946934
-0.082056,-0.032556,0.200122,0.978882,-0.022818,-0.077005,0.183591,0.982067,-0.140879,-0.085134,0.276813,0.946892
-0.082139,-0.032391,0.200083,0.978889,-0.022857,-0.076905,0.183727,0.982052,-0.14094,-0.085043,0.276969,0.946849
-0.082178,-0.032206,0.200142,0.978882,-0.022916,-0.076827,0.183871,0.982033,-0.141043,-0.085014,0.277082,0.946805
-0.082244,-0.032063,0.200267,0.978859,-0.022962,-0.076782,0.184077,0.982001,-0.141114,-0.084955,0.277189,0.94677
-0.082331,-0.031949,0.200444,0.978824,-0.022998,-0.076637,0.184257,0.981982,-0.14115,-0.084865,0.277353,0.946728
-0.08243,-0.031836,0.200656,0.978781,-0.022987,-0.076499,0.184347,0.981979,-0.141168,-0.084768,0.277415,0.946719
-0.082451,-0.031827,0.200731,0.978766,-0.023003,-0.076421,0.18432,0.981989,-0.141206,-0.084743,0.277433,0.946711
-0.08252,-0.031773,0.200826,0.978746,-0.023047,-0.07629,0.184221,0.982016,-0.141235,-0.084733,0.277438,0.946705
-0.082579,-0.03164,0.200716,0.978766,-0.023092,-0.076174,0.184121,0.982041,-0.141289,-0.084687,0.277481,0.94669
-0.082631,-0.031521,0.200661,0.978776,-0.023137,-0.076137,0.184028,0.982059,-0.141303,-0.084602,0.277489,0.946694
-0.082644,-0.031398,0.200571,0.978796,-0.023165,-0.076046,0.184059,0.982061,-0.141337,-0.084529,0.277503,0.946693
-0.082663,-0.03136,0.200561,0.978798,-0.023182,-0.075928,0.184104,0.982063,-0.141433,-0.084495,0.277568,0.946665
-0.082614,-0.03134,0.200622,0.978791,-0.023207,-0.075894,0.184258,0.982039,-0.141498,-0.084488,0.277674,0.946625
-0.082594,-0.031342,0.200738,0.978771,-0.023184,-0.075876,0.184358,0.982025,-0.141463,-0.084512,0.27768,0.946626
-0.082568,-0.031275,0.200782,0.978768,-0.023197,-0.075864,0.184424,0.982014,-0.141519,-0.084479,0.277714,0.946612
-0.082601,-0.031178,0.200779,0.97877,-0.023189,-0.075843,0.18445,0.982011,-0.141543,-0.084464,0.277682,0.946619
-0.082651,-0.031182,0.200734,0.978774,-0.023168,-0.075844,0.184351,0.982028,-0.141565,-0.084465,0.277669,0.946619
-0.082686,-0.031179,0.200702,0.978778,-0.023194,-0.075989,0.184294,0.982026,-0.141564,-0.084508,0.277681,0.946611
-0.082694,-0.03123,0.200689,0.978777,-0.023195,-0.076048,0.184342,0.982012,-0.141607,-0.084524,0.277696,0.946599
-0.082673,-0.031342,0.200731,0.978766,-0.023189,-0.076141,0.184349,0.982003,-0.14161,-0.08466,0.277696,0.946584
-0.082618,-0.031498,0.200772,0.978758,-0.023193,-0.076187,0.184301,0.982008,-0.14158,-0.084752,0.277719,0.946572
-0.082584,-0.031642,0.20079,0.978751,-0.023193,-0.076333,0.184225,0.982009,-0.14156,-0.084855,0.277716,0.946564
-0.082558,-0.031772,0.200762,0.978754,-0.02314,-0.076482,0.184132,0.982013,-0.14157,-0.084937,0.277715,0.946555
-0.082561,-0.031908,0.200781,0.978744,-0.023198,-0.076613,0.184074,0.98201,-0.141556,-0.085022,0.277645,0.946568
-0.082518,-0.032026,0.200812,0.978738,-0.023219,-0.076632,0.183972,0.982026,-0.14157,-0.085147,0.277569,0.946573
-0.082541,-0.032098,0.20073,0.978749,-0.023201,-0.076715,0.183842,0.98204,-0.141516,-0.08528,0.277578,0.946565
-0.082579,-0.032186,0.200744,0.978739,-0.023207,-0.076798,0.183799,0.982041,-0.141492,-0.085362,0.2775,0.946582
-0.082631,-0.032239,0.200717,0.978738,-0.023251,-0.076961,0.183826,0.982022,-0.141483,-0.0855,0.277443,0.946584
-0.082706,-0.032269,0.200674,0.978739,-0.023239,-0.077146,0.183838,0.982004,-0.141488,-0.085591,0.277414,0.946582
-0.082779,-0.03235,0.200666,0.978732,-0.023282,-0.077241,0.183888,0.981987,-0.141483,-0.08569,0.277431,0.946567
-0.082814,-0.032443,0.200625,0.978732,-0.023239,-0.077372,0.183927,0.981971,-0.141512,-0.085876,0.277503,0.946522
-0.082795,-0.032594,0.200638,0.978726,-0.023209,-0.077515,0.183998,0.981947,-0.141525,-0.086072,0.27764,0.94646
-0.082798,-0.032762,0.20073,0.978702,-0.023222,-0.077638,0.183997,0.981936,-0.141569,-0.086234,0.277729,0.94641
-0.082779,-0.032903,0.200811,0.978683,-0.023222,-0.077815,0.183944,0.981931,-0.141573,-0.086398,0.277808,0.94637
-0.082804,-0.033059,0.200897,0.978659,-0.023225,-0.077916,0.183873,0.981934,-0.141605,-0.08648,0.277845,0.946345
-0.082788,-0.033204,0.200842,0.978664,-0.023243,-0.077991,0.183731,0.981951,-0.141653,-0.086607,0.277842,0.946325
-0.082807,-0.033295,0.200807,0.978666,-0.023217,-0.078044,0.183728,0.981947,-0.141676,-0.086712,0.277816,0.946318
-0.082822,-0.033365,0.200724,0.978676,-0.023273,-0.078081,0.183734,0.981942,-0.141691,-0.086745,0.277782,0.946321
-0.082828,-0.033367,0.200686,0.978683,-0.023337,-0.078153,0.183681,0.981943,-0.141739,-0.08678,0.277776,0.946312
-0.082902,-0.033395,0.20067,0.97868,-0.023452,-0.078159,0.183619,0.981951,-0.141824,-0.086821,0.27767,0.946325
-0.08298,-0.033422,0.200687,0.978669,-0.023582,-0.078203,0.183586,0.98195,-0.141898,-0.086866,0.277555,0.946342
-0.083107,-0.033437,0.200702,0.978654,-0.023651,-0.078166,0.183564,0.981955,-0.141972,-0.086825,0.277429,0.946371
-0.083235,-0.033469,0.2007,0.978643,-0.023778,-0.078125,0.183521,0.981964,-0.142024,-0.086792,0.277254,0.946415
-0.08334,-0.033511,0.200679,0.978637,-0.023869,-0.078105,0.183526,0.981962,-0.14209,-0.086735,0.277109,0.946453
-0.083424,-0.033499,0.200599,0.978645,-0.023973,-0.078082,0.183619,0.981947,-0.142127,-0.086694,0.277049,0.946469
-0.08356,-0.033518,0.200592,0.978634,-0.024119,-0.078086,0.183657,0.981936,-0.142193,-0.086714,0.277017,0.946466
-0.083676,-0.033483,0.200613,0.978622,-0.02428,-0.078058,0.183675,0.981932,-0.142349,-0.086719,0.277064,0.946429
-0.083797,-0.03346,0.200584,0.978619,-0.024397,-0.077985,0.183667,0.981937,-0.14244,-0.086787,0.277154,0.946381
-0.083934,-0.03341,0.20056,0.978613,-0.024482,-0.077937,0.183647,0.981942,-0.142575,-0.086864,0.277262,0.946322
-0.084046,-0.033295,0.200535,0.978614,-0.024583,-0.077964,0.183688,0.981931,-0.142643,-0.086883,0.2773,0.946299
-0.084142,-0.033155,0.200471,0.978623,-0.024652,-0.078009,0.183706,0.981922,-0.142776,-0.0869,0.277295,0.946279
-0.08428,-0.033126,0.200439,0.978619,-0.024668,-0.078037,0.183711,0.981919,-0.142876,-0.086904,0.277308,0.946259
-0.084369,-0.033128,0.200509,0.978598,-0.024748,-0.078014,0.183815,0.981901,-0.142991,-0.086919,0.277305,0.946241
-0.084466,-0.033161,0.200666,0.97856,-0.024834,-0.077995,0.183856,0.981894,-0.143029,-0.086953,0.277358,0.946217
-0.084483,-0.033262,0.200825,0.978526,-0.024889,-0.077988,0.183975,0.981874,-0.143101,-0.086956,0.277418,0.946189
-0.084493,-0.033307,0.200924,0.978504,-0.02491,-0.07794,0.184051,0.981865,-0.143204,-0.087038,0.277523,0.946134
-0.084502,-0.033298,0.200904,0.978508,-0.024986,-0.07786,0.183929,0.98189,-0.143327,-0.087141,0.277593,0.946084
-0.084532,-0.033204,0.200745,0.978538,-0.025029,-0.077779,0.18369,0.981936,-0.143444,-0.087219,0.277584,0.946061
-0.084589,-0.033139,0.200465,0.978587,-0.025123,-0.077734,0.183392,0.981987,-0.143554,-0.087279,0.277485,0.946065
-0.084655,-0.033075,0.200175,0.978637,-0.025171,-0.077679,0.183162,0.98203,-0.143594,-0.087271,0.277347,0.946099
-0.084701,-0.033038,0.199901,0.978685,-0.025199,-0.077665,0.182996,0.982058,-0.143664,-0.08732,0.277166,0.946134
-0.084701,-0.032973,0.199776,0.978711,-0.025157,-0.077658,0.182975,0.982063,-0.143737,-0.087286,0.276965,0.946184
-0.084686,-0.032953,0.199756,0.978717,-0.025148,-0.077683,0.183038,0.98205,-0.143837,-0.087313,0.276861,0.946195
-0.084609,-0.032952,0.199824,0.978711,-0.02513,-0.07769,0.183174,0.982028,-0.143884,-0.087304,0.276788,0.94621
-0.084621,-0.032996,0.199938,0.978688,-0.025102,-0.07772,0.183175,0.982025,-0.143974,-0.087335,0.276757,0.946201
-0.084621,-0.033085,0.200014,0.97867,-0.025157,-0.077762,0.18317,0.982021,-0.143992,-0.087399,0.276691,0.94621
-0.084646,-0.033138,0.200077,0.978654,-0.025197,-0.077829,0.183103,0.982026,-0.143979,-0.087504,0.27661,0.946223
-0.084713,-0.033196,0.200066,0.978648,-0.025299,-0.077927,0.182988,0.982035,-0.144027,-0.087659,0.276481,0.946236
-0.084785,-0.033246,0.199981,0.978656,-0.025346,-0.07802,0.18281,0.982056,-0.144082,-0.087774,0.276314,0.946262
-0.084838,-0.033312,0.199852,0.978672,-0.025393,-0.078062,0.18263,0.982081,-0.144108,-0.087802,0.276207,0.946285
-0.084845,-0.033382,0.199666,0.978703,-0.025403,-0.078139,0.18256,0.982086,-0.144217,-0.087934,0.276161,0.946266
-0.084913,-0.0335,0.199473,0.978728,-0.025416,-0.078227,0.182502,0.982088,-0.144294,-0.088018,0.276111,0.94626
-0.084961,-0.033596,0.199341,0.978745,-0.025465,-0.078325,0.182403,0.982095,-0.144354,-0.088163,0.276061,0.946248
-0.085054,-0.03366,0.199312,0.978739,-0.025536,-0.078442,0.18231,0.982099,-0.144419,-0.088194,0.275946,0.946267
-0.085091,-0.033681,0.199272,0.978743,-0.025601,-0.078565,0.182312,0.982086,-0.144513,-0.088296,0.275842,0.946271
-0.085145,-0.033764,0.199263,0.978737,-0.025694,-0.078648,0.182287,0.982081,-0.144582,-0.088452,0.275761,0.946265
-0.085215,-0.033862,0.199225,0.978734,-0.025773,-0.078719,0.182228,0.982082,-0.144661,-0.088616,0.275643,0.946269
-0.085318,-0.033993,0.199124,0.978738,-0.025845,-0.078854,0.182151,0.982082,-0.1447,-0.088733,0.27557,0.946271
-0.085419,-0.034082,0.199014,0.978746,-0.025897,-0.078974,0.182102,0.982079,-0.1448,-0.088805,0.275485,0.946271
-0.08552,-0.034167,0.19893,0.978749,-0.025953,-0.079078,0.182022,0.982082,-0.144892,-0.088917,0.275465,0.94625
-0.085622,-0.034205,0.198833,0.978757,-0.026003,-0.079149,0.181994,0.982079,-0.145012,-0.089041,0.275411,0.946232
-0.085684,-0.034294,0.19883,0.978748,-0.026017,-0.079201,0.181952,0.982082,-0.145071,-0.089149,0.27535,0.946229
-0.085662,-0.034382,0.198867,0.97874,-0.026074,-0.079255,0.181932,0.982079,-0.145127,-0.089254,0.275234,0.946241
-0.08563,-0.034494,0.198859,0.978739,-0.026181,-0.079302,0.181915,0.982075,-0.145228,-0.089374,0.275159,0.946233
-0.085591,-0.034678,0.198893,0.978729,-0.026303,-0.079376,0.18179,0.982086,-0.145325,-0.089457,0.275066,0.946235
-0.085639,-0.03483,0.198827,0.97873,-0.026401,-0.079454,0.181628,0.982104,-0.145402,-0.089501,0.274942,0.946252
-0.08575,-0.034927,0.198738,0.978734,-0.026543,-0.079474,0.181453,0.982128,-0.145449,-0.08955,0.274869,0.94626
-0.085851,-0.035093,0.198614,0.97874,-0.026654,-0.079459,0.181296,0.982153,-0.145494,-0.08959,0.274814,0.946265
-0.085972,-0.035138,0.198379,0.978771,-0.026723,-0.079426,0.181244,0.982163,-0.145596,-0.089663,0.274794,0.946247
-0.086051,-0.035182,0.198234,0.978789,-0.026827,-0.079447,0.181261,0.982155,-0.145643,-0.089677,0.274806,0.946234
-0.086118,-0.035109,0.198132,0.978805,-0.026856,-0.079457,0.181274,0.982151,-0.145708,-0.089672,0.274882,0.946203
-0.086201,-0.035099,0.198076,0.978808,-0.026923,-0.079481,0.181356,0.982134,-0.14579,-0.089676,0.274951,0.946171
-0.086224,-0.035122,0.198199,0.978783,-0.026973,-0.079453,0.181588,0.982096,-0.145931,-0.089728,0.27501,0.946126
-0.086195,-0.035115,0.198393,0.978751,-0.026978,-0.07947,0.181793,0.982061,-0.14599,-0.089711,0.275108,0.946092
-0.086167,-0.035154,0.198667,0.978701,-0.027027,-0.079458,0.181941,0.982036,-0.146096,-0.089645,0.275212,0.946053
-0.086156,-0.035212,0.198862,0.978665,-0.027114,-0.079443,0.182084,0.982011,-0.146183,-0.089584,0.275245,0.946037
-0.086197,-0.035258,0.199041,0.978626,-0.027236,-0.079423,0.182067,0.982013,-0.146261,-0.089563,0.275301,0.946012
-0.08621,-0.035293,0.199085,0.978616,-0.027344,-0.079337,0.182023,0.982024,-0.1463,-0.089503,0.275328,0.946005
-0.086281,-0.035227,0.19902,0.978625,-0.027445,-0.079274,0.181976,0.982036,-0.146349,-0.089455,0.275384,0.945987
-0.086369,-0.0351,0.198985,0.978628,-0.027546,-0.079147,0.181979,0.982044,-0.14641,-0.08939,0.275461,0.945964
-0.086416,-0.034939,0.198911,0.978645,-0.027603,-0.078992,0.182055,0.982042,-0.146475,-0.089329,0.275533,0.94594
-0.086465,-0.034767,0.198919,0.978646,-0.027645,-0.078849,0.182168,0.982035,-0.146535,-0.089219,0.275586,0.945928
-0.086481,-0.034647,0.199014,0.978633,-0.02762,-0.078713,0.182296,0.982026,-0.146578,-0.089104,0.275643,0.945918
-0.086504,-0.034478,0.199162,0.978611,-0.027636,-0.078597,0.182434,0.982012,-0.146632,-0.088992,0.275628,0.945926
-0.08655,-0.034319,0.199238,0.978599,-0.02768,-0.078477,0.18256,0.982,-0.14668,-0.088824,0.27564,0.945934
-0.086556,-0.034187,0.199328,0.978587,-0.027727,-0.078354,0.182716,0.981984,-0.146686,-0.088616,0.275664,0.94595
-0.086579,-0.034045,0.199437,0.978571,-0.02775,-0.078231,0.182818,0.981977,-0.146745,-0.088464,0.275728,0.94594
-0.086618,-0.033925,0.199559,0.978551,-0.027782,-0.078088,0.182978,0.981961,-0.146751,-0.088366,0.27581,0.945927
-0.086649,-0.03379,0.19969,0.978529,-0.027853,-0.078003,0.183062,0.981953,-0.146804,-0.088303,0.275959,0.945883
-0.086675,-0.033695,0.199771,0.978516,-0.027934,-0.077914,0.183057,0.981959,-0.146818,-0.088201,0.276066,0.945862
-0.086652,-0.033528,0.199828,0.978514,-0.027974,-0.077818,0.183087,0.981962,-0.14689,-0.088194,0.276133,0.945832
-0.086659,-0.033453,0.199752,0.978531,-0.028007,-0.077735,0.183113,0.981963,-0.146929,-0.08811,0.276158,0.945829
-0.086679,-0.033356,0.199719,0.978539,-0.02801,-0.077589,0.183051,0.981986,-0.146969,-0.088033,0.276194,0.945821
-0.086741,-0.033322,0.199686,0.978541,-0.02807,-0.077595,0.182997,0.981993,-0.147007,-0.087909,0.276224,0.945821
-0.08676,-0.033265,0.199683,0.978542,-0.028142,-0.07753,0.183013,0.981993,-0.14709,-0.087748,0.276219,0.945827
-0.086765,-0.033221,0.199756,0.97853,-0.028155,-0.077513,0.183114,0.981977,-0.147131,-0.08765,0.276315,0.945804
-0.086789,-0.033177,0.199852,0.978512,-0.028174,-0.077473,0.183347,0.981942,-0.147246,-0.087508,0.276471,0.945758
-0.086853,-0.033118,0.199988,0.978484,-0.028181,-0.077394,0.183586,0.981908,-0.147303,-0.087457,0.276586,0.945722
-0.086848,-0.033051,0.200149,0.978457,-0.028218,-0.077313,0.183828,0.981873,-0.14735,-0.087418,0.276717,0.945681
-0.086904,-0.032992,0.200316,0.978424,-0.028283,-0.07725,0.183986,0.98185,-0.147447,-0.087466,0.276852,0.945623
-0.086963,-0.032878,0.200448,0.9784,-0.028312,-0.077213,0.184091,0.981835,-0.147501,-0.087456,0.276988,0.945576
-0.087039,-0.032777,0.200655,0.978359,-0.02842,-0.077176,0.184225,0.981813,-0.147513,-0.08742,0.277082,0.945552
-0.08708,-0.032686,0.200798,0.978333,-0.028507,-0.077128,0.184369,0.98179,-0.14762,-0.087404,0.277173,0.945512
-0.087097,-0.032613,0.200919,0.978311,-0.028532,-0.077132,0.184504,0.981766,-0.14767,-0.087391,0.2773,0.945469
-0.087145,-0.032634,0.201084,0.978276,-0.02859,-0.077158,0.184643,0.98174,-0.147771,-0.087377,0.277456,0.945411
-0.087196,-0.032553,0.201213,0.978251,-0.028633,-0.077161,0.184784,0.981715,-0.147801,-0.087404,0.277622,0.945356
-0.087293,-0.03258,0.201294,0.978227,-0.028668,-0.07709,0.184853,0.981707,-0.147897,-0.087445,0.277716,0.945309
-0.087376,-0.032578,0.201362,0.978207,-0.028764,-0.077028,0.184845,0.981712,-0.147926,-0.087479,0.277852,0.945262
-0.087475,-0.032586,0.201319,0.978206,-0.028841,-0.076972,0.184675,0.981743,-0.147969,-0.087546,0.277969,0.945215
-0.087544,-0.03252,0.20124,0.978217,-0.028951,-0.076936,0.184495,0.981774,-0.148014,-0.087595,0.277976,0.9452
-0.087608,-0.032487,0.201066,0.978245,-0.029083,-0.076867,0.184297,0.981809,-0.148128,-0.087674,0.277975,0.945175
-0.087702,-0.032416,0.200851,0.978279,-0.029204,-0.076861,0.184146,0.981831,-0.148261,-0.087744,0.277895,0.945168
-0.087816,-0.032379,0.200688,0.978301,-0.029261,-0.076802,0.184075,0.981846,-0.148393,-0.087738,0.277813,0.945171
-0.087896,-0.032338,0.200638,0.978305,-0.029374,-0.076822,0.184063,0.981844,-0.148446,-0.087717,0.277699,0.945198
-0.087977,-0.032363,0.200668,0.978291,-0.02945,-0.07687,0.184031,0.981843,-0.148523,-0.087656,0.277553,0.945234
-0.088025,-0.032429,0.200691,0.978281,-0.029589,-0.076873,0.18398,0.981848,-0.148641,-0.087595,0.27744,0.945254
-0.088146,-0.032513,0.200707,0.978264,-0.029726,-0.076839,0.183851,0.981868,-0.148741,-0.087588,0.27736,0.945262
-0.088213,-0.032555,0.200625,0.978271,-0.029816,-0.076879,0.183754,0.981879,-0.14881,-0.087608,0.277252,0.94528
-0.088231,-0.032586,0.200539,0.978284,-0.029965,-0.076834,0.1837,0.981887,-0.148939,-0.087618,0.277177,0.945279
-0.088293,-0.032606,0.200544,0.978277,-0.03012,-0.076861,0.183718,0.981877,-0.149052,-0.087657,0.277102,0.945278
-0.088387,-0.032671,0.200589,0.978258,-0.030264,-0.076864,0.183751,0.981868,-0.149172,-0.087648,0.277118,0.945256
-0.088579,-0.03272,0.20077,0.978206,-0.03041,-0.076882,0.183812,0.981852,-0.149227,-0.087633,0.277194,0.945228
-0.088782,-0.032663,0.200922,0.978162,-0.030543,-0.07689,0.184009,0.981815,-0.149347,-0.08762,0.277315,0.945175
-0.088952,-0.032631,0.201047,0.978126,-0.030686,-0.076928,0.18411,0.98179,-0.149367,-0.087701,0.277492,0.945113
-0.089153,-0.032645,0.201039,0.978109,-0.030796,-0.076976,0.184186,0.98177,-0.149455,-0.087782,0.277696,0.945032
-0.089345,-0.032651,0.20104,0.978092,-0.030885,-0.076987,0.184345,0.98174,-0.149521,-0.087871,0.277918,0.944948
-0.089471,-0.032717,0.201069,0.978072,-0.030975,-0.077079,0.184317,0.981734,-0.149597,-0.087987,0.278169,0.944852
-0.089557,-0.032796,0.201106,0.978055,-0.031014,-0.077151,0.184338,0.981723,-0.149669,-0.088097,0.2784,0.944763
-0.089594,-0.032856,0.201181,0.978035,-0.03101,-0.077175,0.184452,0.981702,-0.149748,-0.088232,0.278594,0.944679
-0.089644,-0.032881,0.201315,0.978005,-0.031037,-0.077138,0.184561,0.981687,-0.149759,-0.088286,0.278686,0.944646
-0.089615,-0.032869,0.201413,0.97799,-0.03106,-0.077092,0.184644,0.981675,-0.149755,-0.088309,0.278729,0.944631
-0.089628,-0.032889,0.20145,0.977981,-0.031118,-0.07712,0.184598,0.981679,-0.149738,-0.088318,0.278627,0.944662
-0.089651,-0.032875,0.201432,0.977983,-0.031116,-0.077137,0.184515,0.981692,-0.149767,-0.08831,0.27843,0.944714
-0.089651,-0.032863,0.201351,0.977999,-0.031131,-0.077165,0.184341,0.981718,-0.149794,-0.088282,0.278287,0.944754
-0.089648,-0.032894,0.201237,0.978018,-0.031154,-0.07716,0.184192,0.981743,-0.149822,-0.088216,0.278147,0.944797
-0.089625,-0.032934,0.201143,0.978036,-0.031117,-0.077142,0.184111,0.981759,-0.149826,-0.08816,0.278051,0.94483
-0.089585,-0.032966,0.20111,0.978045,-0.031109,-0.077117,0.184103,0.981763,-0.149834,-0.088129,0.277974,0.944854
-0.089557,-0.032969,0.201158,0.978038,-0.03104,-0.077134,0.184125,0.981759,-0.149786,-0.088078,0.278003,0.944859
-0.089427,-0.03299,0.201256,0.978031,-0.030984,-0.07713,0.184193,0.981751,-0.149804,-0.088096,0.278068,0.944836
-0.089338,-0.032952,0.201335,0.978026,-0.030873,-0.077139,0.184309,0.981734,-0.149804,-0.08817,0.278159,0.944802
-0.089251,-0.032957,0.201312,0.978037,-0.030765,-0.077081,0.184394,0.981727,-0.149757,-0.088252,0.278252,0.944773
-0.089144,-0.032974,0.201322,0.978044,-0.030673,-0.077175,0.184391,0.981722,-0.149733,-0.088255,0.27827,0.944771
-0.088982,-0.033007,0.201329,0.978055,-0.030631,-0.077182,0.184379,0.981725,-0.149708,-0.088246,0.278337,0.944757
-0.088874,-0.033048,0.201407,0.978049,-0.030569,-0.077202,0.184451,0.981713,-0.149656,-0.088227,0.278404,0.944748
-0.088777,-0.033148,0.201466,0.978043,-0.030507,-0.07725,0.18448,0.981706,-0.149636,-0.088198,0.278426,0.944748
-0.08871,-0.033222,0.20156,0.978029,-0.03046,-0.077283,0.18447,0.981706,-0.149518,-0.088145,0.278494,0.944754
-0.08864,-0.033325,0.201634,0.978017,-0.0304,-0.077231,0.184422,0.98172,-0.149554,-0.08821,0.278526,0.944733
-0.08857,-0.033371,0.201598,0.978028,-0.030382,-0.07714,0.184393,0.981733,-0.149573,-0.088213,0.278521,0.94473
-0.088449,-0.03333,0.201488,0.978061,-0.030304,-0.077131,0.184294,0.981753,-0.149605,-0.088266,0.27842,0.944748
-0.088445,-0.033193,0.201346,0.978092,-0.030259,-0.077088,0.184115,0.981787,-0.14966,-0.088268,0.27831,0.94477
-0.0884,-0.033088,0.201182,0.978131,-0.030254,-0.07705,0.183993,0.981812,-0.149758,-0.088287,0.278136,0.944803
-0.088367,-0.032962,0.201074,0.978159,-0.030283,-0.076999,0.1839,0.98183,-0.149843,-0.088238,0.277927,0.944854
-0.088369,-0.032923,0.201029,0.978168,-0.030341,-0.077025,0.183798,0.981844,-0.149881,-0.088166,0.277753,0.944905
-0.088336,-0.032949,0.200992,0.978177,-0.030356,-0.077042,0.18369,0.981861,-0.149909,-0.088124,0.277611,0.944946
-0.088277,-0.033011,0.200961,0.978185,-0.030395,-0.077046,0.183622,0.98187,-0.149954,-0.088071,0.277543,0.944964
-0.088243,-0.033097,0.200946,0.978188,-0.030436,-0.077057,0.18351,0.981888,-0.150019,-0.088029,0.277568,0.944952
-0.088254,-0.033201,0.200907,0.97819,-0.030463,-0.07708,0.183326,0.981915,-0.150075,-0.088017,0.277574,0.944941
-0.088291,-0.033209,0.20084,0.978199,-0.030485,-0.077083,0.183257,0.981926,-0.150066,-0.088066,0.277617,0.944926
-0.088331,-0.033163,0.200737,0.978217,-0.030544,-0.077116,0.183247,0.981923,-0.150154,-0.088078,0.277609,0.944913
-0.088374,-0.033127,0.200631,0.978234,-0.030614,-0.077125,0.183309,0.98191,-0.150173,-0.08808,0.277611,0.944909
-0.088424,-0.033125,0.20068,0.97822,-0.030676,-0.077066,0.183465,0.981886,-0.150206,-0.088015,0.277595,0.944915
-0.088539,-0.033092,0.200819,0.978185,-0.030765,-0.077024,0.183641,0.981858,-0.150242,-0.087994,0.277561,0.944922
-0.088613,-0.033171,0.200952,0.978152,-0.030903,-0.076953,0.183815,0.981831,-0.150302,-0.087947,0.277537,0.944924
-0.088765,-0.03316,0.20107,0.978117,-0.03103,-0.076904,0.183882,0.981821,-0.150384,-0.087978,0.27766,0.944872
-0.088998,-0.033106,0.201086,0.978096,-0.031109,-0.076814,0.183758,0.981846,-0.15047,-0.088003,0.277765,0.944826
-0.089166,-0.032987,0.200922,0.978116,-0.031255,-0.076756,0.183598,0.981874,-0.150562,-0.08799,0.277756,0.944815
-0.089265,-0.032918,0.20064,0.978162,-0.031418,-0.076694,0.18337,0.981913,-0.150691,-0.087941,0.277729,0.944808
-0.089374,-0.032883,0.200419,0.978194,-0.03155,-0.076641,0.183209,0.98194,-0.15078,-0.087958,0.27771,0.944797
-0.089457,-0.032903,0.20032,0.978205,-0.031647,-0.076603,0.183132,0.981953,-0.150848,-0.087928,0.277651,0.944807
-0.08951,-0.032939,0.200439,0.978177,-0.031694,-0.076618,0.183111,0.981953,-0.150894,-0.087872,0.277583,0.944824
-0.089573,-0.032963,0.200607,0.978139,-0.031809,-0.076559,0.183178,0.981944,-0.150966,-0.087863,0.277569,0.944818
-0.089712,-0.032941,0.200767,0.978098,-0.031921,-0.076501,0.183341,0.981918,-0.151065,-0.087866,0.27761,0.94479
-0.089769,-0.032887,0.20089,0.978072,-0.032014,-0.076432,0.18363,0.981873,-0.151161,-0.087873,0.277756,0.944733
-0.089913,-0.03277,0.201027,0.978039,-0.032104,-0.076392,0.183853,0.981836,-0.151221,-0.087861,0.277879,0.944689
-0.089955,-0.032643,0.201152,0.978017,-0.032162,-0.076324,0.184133,0.981793,-0.151301,-0.087908,0.278065,0.944618
-0.090031,-0.032568,0.201303,0.977984,-0.032193,-0.07628,0.184341,0.98176,-0.151384,-0.08794,0.278285,0.944539
-0.090113,-0.032505,0.201437,0.977955,-0.032305,-0.076253,0.184407,0.981748,-0.151485,-0.088002,0.278511,0.944451
-0.090186,-0.032491,0.201511,0.977936,-0.032371,-0.076282,0.184351,0.981753,-0.151445,-0.088071,0.278707,0.944393
-0.090222,-0.032483,0.201562,0.977923,-0.032433,-0.076294,0.184285,0.981761,-0.151531,-0.088144,0.278902,0.944316
-0.090287,-0.032482,0.201547,0.97792,-0.032518,-0.076259,0.18422,0.981773,-0.151636,-0.088205,0.279049,0.94425
-0.090304,-0.03245,0.201496,0.97793,-0.032577,-0.076184,0.184215,0.981778,-0.15167,-0.088201,0.279144,0.944218
-0.090401,-0.032465,0.201506,0.977919,-0.032697,-0.076129,0.184235,0.981775,-0.151675,-0.088157,0.279227,0.944198
-0.090497,-0.032428,0.201518,0.977909,-0.032796,-0.076095,0.18433,0.981759,-0.151776,-0.088126,0.279178,0.9442
-0.090587,-0.032332,0.201558,0.977898,-0.032928,-0.076035,0.184414,0.981746,-0.151902,-0.088058,0.279122,0.944203
-0.090706,-0.032198,0.201623,0.97788,-0.033021,-0.075975,0.18457,0.981722,-0.152079,-0.088005,0.279013,0.944211
-0.090823,-0.032128,0.201656,0.977866,-0.033103,-0.075982,0.18463,0.981708,-0.152069,-0.087997,0.278919,0.94424
-0.090991,-0.032087,0.201623,0.977858,-0.033187,-0.075985,0.184578,0.981714,-0.152181,-0.088019,0.278801,0.944254
-0.091124,-0.032112,0.201567,0.977856,-0.03333,-0.076058,0.184329,0.981746,-0.152284,-0.088072,0.278667,0.944269
-0.091245,-0.03216,0.201454,0.977864,-0.033441,-0.076112,0.18408,0.98178,-0.152408,-0.088116,0.278592,0.944266
-0.091384,-0.032233,0.201346,0.977868,-0.03357,-0.076131,0.183832,0.981816,-0.152459,-0.088125,0.278459,0.944294
-0.091506,-0.032268,0.201231,0.977877,-0.033712,-0.076132,0.183673,0.981838,-0.152563,-0.088125,0.27836,0.944306
-0.091656,-0.032382,0.20121,0.977863,-0.033855,-0.076209,0.183609,0.981837,-0.152627,-0.08815,0.278286,0.944314
-0.09177,-0.032479,0.201161,0.977858,-0.033964,-0.076224,0.183666,0.981822,-0.152713,-0.088195,0.278282,0.944296
-0.091902,-0.032471,0.201247,0.977831,-0.034111,-0.076249,0.183782,0.981797,-0.152739,-0.088245,0.278323,0.944274
-0.092042,-0.032475,0.201324,0.977804,-0.034241,-0.076279,0.183866,0.981776,-0.152841,-0.088363,0.278389,0.944226
-0.09223,-0.032471,0.201403,0.977771,-0.034377,-0.076347,0.183904,0.98176,-0.15293,-0.088523,0.278506,0.94416
-0.092445,-0.032492,0.201426,0.977747,-0.034544,-0.076413,0.183966,0.981738,-0.153038,-0.088698,0.278653,0.944081
-0.092614,-0.0325,0.201423,0.977731,-0.034698,-0.076463,0.183991,0.981724,-0.153123,-0.088797,0.278729,0.944035
-0.092763,-0.032551,0.201352,0.977729,-0.034812,-0.07653,0.184046,0.981706,-0.153243,-0.088861,0.278777,0.943994
-0.0929,-0.032673,0.201383,0.977706,-0.034918,-0.076687,0.184092,0.981682,-0.153359,-0.088946,0.27883,0.943951
-0.092987,-0.032787,0.201397,0.97769,-0.035066,-0.076808,0.18408,0.981669,-0.153496,-0.089054,0.278837,0.943915
-0.093119,-0.032944,0.201477,0.977658,-0.0352,-0.076891,0.184093,0.981655,-0.153609,-0.089147,0.278903,0.943866
-0.093245,-0.033061,0.201586,0.977621,-0.035289,-0.076943,0.184062,0.981652,-0.153728,-0.089228,0.278949,0.943824
-0.093335,-0.033217,0.201653,0.977594,-0.035401,-0.077053,0.184028,0.981646,-0.15387,-0.089337,0.278905,0.943802
-0.093356,-0.033355,0.201823,0.977555,-0.035497,-0.077152,0.184103,0.981621,-0.154018,-0.089378,0.278822,0.943797
-0.093459,-0.033496,0.201919,0.977522,-0.035628,-0.077174,0.184151,0.981607,-0.154033,-0.089372,0.278703,0.943828
-0.093533,-0.033594,0.202004,0.977496,-0.03578,-0.077198,0.184129,0.981603,-0.154146,-0.08933,0.278561,0.943856
-0.09365,-0.033675,0.201971,0.977487,-0.035954,-0.077188,0.183985,0.981622,-0.154247,-0.089308,0.278401,0.943887
-0.093882,-0.033737,0.201848,0.977486,-0.036124,-0.077145,0.18371,0.981667,-0.154401,-0.089305,0.278272,0.943899
-0.094084,-0.033744,0.201592,0.977514,-0.036249,-0.0771,0.18344,0.981711,-0.154447,-0.089324,0.278195,0.943911
-0.094242,-0.033661,0.20129,0.977559,-0.03639,-0.077019,0.183258,0.981744,-0.154536,-0.089428,0.278192,0.943886
-0.094435,-0.033528,0.200997,0.977601,-0.036526,-0.076865,0.183198,0.981762,-0.154771,-0.089511,0.278232,0.943827
-0.094597,-0.033411,0.200811,0.977625,-0.036671,-0.076776,0.183164,0.981769,-0.154944,-0.089539,0.278232,0.943794
-0.094787,-0.033308,0.200733,0.977625,-0.036811,-0.076685,0.183162,0.981773,-0.15507,-0.089502,0.278253,0.943772
-0.09491,-0.033193,0.200714,0.977621,-0.036902,-0.076588,0.18319,0.981773,-0.155216,-0.089474,0.278226,0.943759
-0.094994,-0.033073,0.200754,0.977611,-0.036972,-0.076534,0.183258,0.981764,-0.155357,-0.089448,0.278191,0.943749
-0.095072,-0.032915,0.200763,0.977608,-0.037079,-0.076475,0.183349,0.98175,-0.155523,-0.089407,0.278163,0.943734
-0.095073,-0.032789,0.200673,0.977629,-0.037149,-0.076448,0.183504,0.981723,-0.15565,-0.089279,0.27821,0.943713
-0.095044,-0.032654,0.200695,0.977634,-0.037195,-0.076374,0.183641,0.981705,-0.155815,-0.089201,0.278329,0.943661
-0.095021,-0.032693,0.200798,0.977615,-0.037257,-0.07629,0.183735,0.981695,-0.155927,-0.089139,0.278417,0.943625
-0.094989,-0.032769,0.20099,0.97758,-0.037348,-0.076224,0.18377,0.98169,-0.156044,-0.089121,0.278509,0.94358
-0.095033,-0.032792,0.201174,0.977541,-0.03742,-0.076138,0.183772,0.981694,-0.156121,-0.089066,0.278612,0.943545
-0.095104,-0.032771,0.201244,0.977522,-0.037504,-0.07605,0.183712,0.981709,-0.156235,-0.089037,0.278639,0.943522
-0.095195,-0.032743,0.201139,0.977534,-0.037613,-0.075905,0.18353,0.981747,-0.156307,-0.089004,0.278626,0.943518
-0.095281,-0.03269,0.201002,0.977553,-0.03773,-0.075825,0.183417,0.981769,-0.156401,-0.08899,0.278655,0.943495
-0.095394,-0.032507,0.200809,0.977585,-0.037844,-0.075684,0.183249,0.981805,-0.156443,-0.088914,0.27868,0.943489
-0.095537,-0.032343,0.200585,0.977619,-0.037968,-0.075538,0.183086,0.98184,-0.156534,-0.088858,0.278678,0.943481
-0.095705,-0.032137,0.200379,0.977649,-0.038026,-0.075385,0.183037,0.981858,-0.156651,-0.088787,0.278711,0.943461
-0.095836,-0.031961,0.200272,0.977663,-0.038091,-0.075282,0.182956,0.981878,-0.156695,-0.088721,0.27871,0.94346
-0.095941,-0.031814,0.200233,0.977666,-0.038207,-0.075154,0.18295,0.981885,-0.156696,-0.088636,0.27871,0.943469
-0.095929,-0.03163,0.200242,0.977673,-0.038243,-0.07503,0.182949,0.981894,-0.156762,-0.088543,0.278662,0.943483
-0.096007,-0.031499,0.20024,0.97767,-0.038315,-0.074913,0.182964,0.981899,-0.156802,-0.08851,0.278568,0.943507
-0.096019,-0.03142,0.200198,0.97768,-0.038363,-0.074771,0.182966,0.981908,-0.156908,-0.088434,0.278501,0.943516
-0.095991,-0.031358,0.200156,0.977693,-0.038428,-0.074643,0.182833,0.981938,-0.156886,-0.088328,0.278458,0.943544
-0.096023,-0.031323,0.200091,0.977703,-0.038561,-0.074539,0.182693,0.981965,-0.156921,-0.088216,0.278384,0.943572
-0.096096,-0.031303,0.20004,0.977706,-0.038648,-0.074399,0.182513,0.982003,-0.156951,-0.088106,0.278259,0.943615
-0.096184,-0.031311,0.200023,0.977701,-0.038747,-0.074304,0.18241,0.982024,-0.156978,-0.088009,0.278116,0.943662
-0.096263,-0.03126,0.199915,0.977715,-0.038838,-0.074204,0.182317,0.982045,-0.15699,-0.087931,0.278002,0.943702
-0.096328,-0.031229,0.199842,0.977723,-0.038833,-0.074156,0.182252,0.982059,-0.157047,-0.087822,0.277944,0.943721
-0.096398,-0.031162,0.199783,0.97773,-0.038843,-0.074099,0.182241,0.982065,-0.157103,-0.087795,0.277888,0.943731
-0.096511,-0.031118,0.199743,0.977728,-0.038825,-0.074068,0.182218,0.982072,-0.157225,-0.087791,0.277884,0.943711
-0.096483,-0.031075,0.199705,0.977739,-0.038833,-0.074005,0.182294,0.982064,-0.157182,-0.087744,0.277905,0.943718
-0.096487,-0.031027,0.199735,0.977735,-0.038844,-0.073954,0.182304,0.982067,-0.157189,-0.087722,0.277952,0.943706
-0.096511,-0.030953,0.199757,0.977732,-0.038828,-0.073904,0.182248,0.982081,-0.157219,-0.087759,0.277901,0.943711
-0.09652,-0.030945,0.199747,0.977733,-0.038838,-0.073922,0.18214,0.982097,-0.157191,-0.087782,0.277834,0.943733
-0.096498,-0.030978,0.199774,0.977729,-0.038815,-0.07397,0.182131,0.982095,-0.157107,-0.087779,0.277794,0.943759
-0.096455,-0.031011,0.199678,0.977749,-0.038746,-0.073978,0.182039,0.982112,-0.157097,-0.087809,0.277748,0.94377
-0.096462,-0.031127,0.199683,0.977744,-0.038672,-0.074026,0.182055,0.982109,-0.157052,-0.087859,0.277743,0.943773
-0.096389,-0.03118,0.199678,0.977749,-0.038552,-0.074098,0.1821,0.9821,-0.157036,-0.087913,0.277805,0.943752
-0.096322,-0.031304,0.199715,0.977744,-0.038438,-0.074108,0.182091,0.982105,-0.156953,-0.087912,0.277855,0.943752
-0.096196,-0.031374,0.199742,0.977749,-0.038344,-0.074137,0.182037,0.982114,-0.156918,-0.087957,0.277897,0.943741
-0.09598,-0.031474,0.199747,0.977765,-0.038537,-0.07294,0.182851,0.982069,-0.157221,-0.08713,0.278202,0.943695
-0.0959457261821605,-0.0314718113548225,0.199757125600715,0.977764667547376,-0.0385441545932751,-0.0729299090607711,0.182850903819119,0.982069018359259,-0.157235254823739,-0.0871058343823071,0.278201823084833,0.943695037119799
-0.0959135138046462,-0.0314653215526648,0.199773030676525,0.977763702623907,-0.0385503348779336,-0.0729211882788514,0.182850588142275,0.982069078653654,-0.15724856141522,-0.0870847283113079,0.278201281889877,0.943695154128869
-0.0958833013419555,-0.031454644793589,0.199794251198614,0.977762153881195,-0.0385556153228537,-0.0729137337552284,0.182850012268167,0.982069188708112,-0.157260952221552,-0.0870664577725475,0.278200360740954,0.943695359501723
-0.0958550272685868,-0.0314398952776572,0.199820323138163,0.977760069970846,-0.0385600703969139,-0.0729074415908899,0.182849135495495,0.982069356347559,-0.157272459689843,-0.0870507987515706,0.27819904396388,0.943695661712872
-0.0958286300590384,-0.0314211872049315,0.199850782466355,0.977757499544461,-0.0385637745689924,-0.0729022078868235,0.182847917122958,0.982069589396921,-0.157283116267202,-0.0870375272339223,0.278197315884478,0.943696069236829
-0.0958040481878085,-0.0313986347754741,0.199885165154372,0.977754491253644,-0.0385668023079675,-0.0728979287440168,0.182846316449255,0.982069895681126,-0.157292954400739,-0.0870264192051475,0.278195160828565,0.943696590548106
-0.0957812201293956,-0.031372352189347,0.199923007173398,0.97775109375,-0.0385692280827177,-0.0728945002634576,0.182844292773085,0.982070283025099,-0.157302006537563,-0.0870172506507911,0.278192563121961,0.943697234121213
-0.095760084358298,-0.0313424536466124,0.199963844494614,0.977747355685131,-0.0385711263621211,-0.0728918185461334,0.182841805393147,0.982070759253768,-0.157310305124782,-0.0870097975563979,0.278189507090486,0.943698008430663
-0.095740579349014,-0.0313090533473324,0.200007213089203,0.977743325710641,-0.0385725716150562,-0.072889779693032,0.182838813608142,0.982071332192058,-0.157317882609505,-0.0870038359075129,0.278185977059959,0.943698921950969
-0.095722643576042,-0.0312722654915691,0.200052648928348,0.977739052478134,-0.0385736383104012,-0.0728882798051409,0.182835276716767,0.982072009664896,-0.157324771438842,-0.0869991416896811,0.2781819573562,0.943699983156641
-0.0957062155138804,-0.0312322042793846,0.20009968798323,0.977734584639213,-0.0385744009170345,-0.0728872149834478,0.182831154017722,0.98207279949721,-0.1573310040599,-0.0869954908884473,0.278177432305028,0.943701200522192
-0.0956912336370273,-0.0311889839108411,0.200147866225033,0.977729970845481,-0.0385749339038343,-0.0728864813289404,0.182826404809706,0.982073709513924,-0.157336612919791,-0.0869926594893565,0.278172386232262,0.943702582522133
-0.0956776364199813,-0.0311427185860006,0.20019671962494,0.977725259748542,-0.0385753117396791,-0.0728859749426064,0.182820988391419,0.982074747539967,-0.157341630465621,-0.0869904234779536,0.278166803463723,0.943704137630977
-0.0956653623372405,-0.0310935225049253,0.200245784154131,0.9777205,-0.0385756088934471,-0.0728855919254333,0.18281486406156,0.982075921400264,-0.1573460891445,-0.0869885588397834,0.278160668325229,0.943705874323235
-0.0956543498633035,-0.0310415098676773,0.200294595783791,0.977715740251458,-0.0385758998340167,-0.0728852283784089,0.182807991118827,0.982077238919742,-0.157350021403538,-0.086986841560391,0.2781539651426,0.943707801073419
-0.0956445374726684,-0.0309867948743187,0.200342690485102,0.977711029154519,-0.0385762590302662,-0.0728847804025207,0.182800328861921,0.982078707923328,-0.157353459689843,-0.0869850476253213,0.278146678241656,0.943709926356041
-0.0956358636398337,-0.0309294917249117,0.200389604229245,0.977706415360787,-0.0385767609510738,-0.0728841440987566,0.18279183658954,0.982080336235947,-0.157356436450524,-0.086982953020119,0.278138791948215,0.943712258645613
-0.0956282668392977,-0.0308697146195182,0.200434872987404,0.977701947521866,-0.038577480065318,-0.072883215568104,0.182782473600384,0.982082131682528,-0.15735898413269,-0.0869803337303293,0.278130290588098,0.943714806416647
-0.0956216855455587,-0.0308075777582006,0.200478032730761,0.977697674289359,-0.0385784908418771,-0.0728818909115506,0.182772199193152,0.982084102087995,-0.15736113518345,-0.086976965741497,0.278121158487124,0.943717578143655
-0.0956160582331151,-0.0307431953410208,0.200518619430499,0.977693644314869,-0.0385798677496293,-0.0728800662300842,0.182760972666542,0.982086255277276,-0.157362922049913,-0.0869726250391669,0.278111379971113,0.943720582301148
-0.0956113233764652,-0.030676681568041,0.200556169057799,0.97768990625,-0.038581685257453,-0.0728776376246924,0.182748753319255,0.982088599075297,-0.157364377179188,-0.0869670876088841,0.278100939365883,0.943723827363639
-0.0956074194501073,-0.0306081506393233,0.200590217583846,0.977686508746356,-0.0385840178342266,-0.0728745011963627,0.182735500449989,0.982091141306985,-0.157365533018383,-0.0869601294361935,0.278089820997254,0.943727321805639
-0.0956042849285398,-0.0305377167549298,0.20062030097982,0.977683500455539,-0.0385869399488282,-0.0728705530460829,0.182721173357444,0.982093889797266,-0.157366422014609,-0.0869515265066399,0.278078009191046,0.94373107410166
-0.0956018582862611,-0.0304654941149227,0.200645955216905,0.977680930029154,-0.0385905260701364,-0.0728656892748407,0.182705731340318,0.982096852371067,-0.157367076614974,-0.0869410548057682,0.278065488273079,0.943735092726214
-0.0956000779977694,-0.0303915969193641,0.200666716266283,0.977678846118805,-0.0385948506670293,-0.0728598059836236,0.182689133697312,0.982100036853315,-0.157367529266586,-0.0869284903191235,0.278052242569171,0.943739386153814
-0.0955988825375631,-0.030316139368316,0.200682120099136,0.977677297376093,-0.0385999882083853,-0.0728527992734194,0.182671339727124,0.982103451068935,-0.157367812416555,-0.0869136090322506,0.278038256405142,0.94374396285897
-0.0955982103801405,-0.0302392356618406,0.200691702686648,0.977676332452624,-0.0386060131630828,-0.0728445652452156,0.182652308728454,0.982107102842854,-0.15736795851199,-0.0868961869306945,0.278023514106812,0.943748831316195
-0.095598,-0.030161,0.200695,0.977676,-0.038613,-0.072835,0.182632,0.982111,-0.157368,-0.086876,0.278008,0.943754
-0.095622,-0.030038,0.200585,0.977698,-0.038715,-0.072715,0.182451,0.982146,-0.157342,-0.086796,0.277958,0.943781
-0.095652,-0.029881,0.200477,0.977721,-0.03876,-0.072628,0.182394,0.982161,-0.15735,-0.086616,0.277769,0.943854
-0.0957018266165414,-0.029754364079349,0.200394395891136,0.977735575700738,-0.038783817462732,-0.0725983934426229,0.182388671588595,0.982163964285714,-0.157362736686391,-0.0865647973984166,0.277710219359549,0.94387412566741
-0.095754,-0.02964,0.200323,0.977748,-0.038802,-0.072572,0.182387,0.982165,-0.157371,-0.086523,0.277666,0.94389
-0.09579,-0.029531,0.200259,0.977761,-0.038819,-0.072517,0.182518,0.982148,-0.157363,-0.086444,0.277603,0.943918
-0.095858,-0.029389,0.20029,0.977753,-0.038831,-0.072475,0.182659,0.982127,-0.157304,-0.086322,0.277633,0.943933
-0.095861,-0.029391,0.200315,0.977749,-0.038844,-0.072455,0.18276,0.982112,-0.157346,-0.0863,0.277661,0.943919
-0.095906,-0.029395,0.200372,0.977734,-0.038854,-0.072413,0.182937,0.982085,-0.157317,-0.08626,0.277733,0.943909
-0.095887,-0.029423,0.200512,0.977709,-0.038811,-0.07244,0.182952,0.982082,-0.157415,-0.086242,0.277896,0.943847
-0.095865,-0.029418,0.200613,0.977693,-0.038757,-0.072479,0.183018,0.98207,-0.157441,-0.086167,0.278048,0.943808
-0.095831,-0.029449,0.200788,0.977663,-0.038743,-0.072496,0.183136,0.982049,-0.157427,-0.086162,0.278222,0.943761
-0.095787,-0.029534,0.200893,0.977644,-0.038746,-0.072461,0.183291,0.982026,-0.157426,-0.086206,0.278382,0.943711
-0.095784,-0.029555,0.200976,0.977629,-0.038804,-0.072426,0.183468,0.981996,-0.157435,-0.086248,0.278528,0.943663
-0.095879,-0.029534,0.201061,0.977604,-0.038828,-0.072426,0.183504,0.98199,-0.157353,-0.086286,0.278644,0.94364
-0.095909,-0.029464,0.200986,0.977618,-0.03883,-0.072386,0.183478,0.981997,-0.157305,-0.086324,0.278747,0.943614
-0.095839,-0.029353,0.200904,0.977644,-0.038853,-0.072338,0.18346,0.982003,-0.157287,-0.086364,0.278851,0.943583
-0.095841,-0.029249,0.200758,0.977674,-0.038825,-0.072311,0.183456,0.982007,-0.15728,-0.086414,0.278904,0.943564
-0.095798,-0.029184,0.200687,0.977693,-0.038755,-0.072337,0.183485,0.982002,-0.157307,-0.086368,0.278876,0.943572
-0.095762,-0.029207,0.200647,0.977703,-0.038712,-0.072399,0.183492,0.981998,-0.157278,-0.086341,0.278789,0.943604
-0.095734,-0.029229,0.200728,0.97769,-0.03862,-0.072401,0.183471,0.982005,-0.157317,-0.08634,0.27868,0.94363
-0.095648,-0.029311,0.200778,0.977687,-0.038593,-0.072434,0.183475,0.982003,-0.157331,-0.086348,0.278537,0.943667
-0.095627,-0.02937,0.200729,0.977695,-0.038541,-0.072467,0.183307,0.98203,-0.157255,-0.08636,0.278368,0.943727
-0.095572,-0.029462,0.200698,0.977704,-0.038519,-0.07251,0.1831,0.982063,-0.157289,-0.086342,0.278224,0.943764
-0.095499,-0.029463,0.200558,0.977735,-0.038432,-0.072512,0.18296,0.982089,-0.157327,-0.086348,0.27811,0.94379
-0.095455,-0.029465,0.200437,0.977762,-0.038397,-0.072507,0.18286,0.982107,-0.157345,-0.086352,0.278066,0.943799
-0.095438,-0.029445,0.200348,0.977781,-0.038405,-0.072473,0.182912,0.9821,-0.157347,-0.086312,0.278101,0.943793
-0.095394,-0.0294,0.200288,0.977797,-0.038418,-0.072463,0.182929,0.982098,-0.157367,-0.086364,0.278131,0.943776
-0.09535,-0.029349,0.200262,0.977809,-0.038424,-0.072476,0.182887,0.982104,-0.157433,-0.086416,0.278094,0.943769
-0.095367,-0.0293,0.200255,0.97781,-0.038445,-0.07247,0.182903,0.982101,-0.157497,-0.086425,0.278116,0.943752
-0.095342,-0.02925,0.200239,0.977818,-0.038512,-0.072455,0.182976,0.982088,-0.157529,-0.086404,0.278161,0.943735
-0.095323,-0.029227,0.200295,0.977809,-0.038591,-0.07245,0.182995,0.982082,-0.15755,-0.086415,0.278177,0.943726
-0.095348,-0.029223,0.200393,0.977789,-0.038671,-0.072449,0.18303,0.982073,-0.157603,-0.086461,0.27825,0.943691
-0.095362,-0.029169,0.200438,0.977782,-0.038769,-0.072435,0.183096,0.982059,-0.157638,-0.086517,0.278339,0.943654
-0.095462,-0.029148,0.200557,0.977751,-0.038881,-0.072398,0.183213,0.982039,-0.157651,-0.086463,0.278417,0.943635
-0.095533,-0.029145,0.200698,0.977719,-0.038992,-0.072382,0.183346,0.982013,-0.157709,-0.086486,0.278488,0.943603
-0.095661,-0.029163,0.200784,0.977689,-0.039102,-0.07244,0.183384,0.981998,-0.157726,-0.086566,0.278544,0.943575
-0.09579,-0.029187,0.200749,0.977683,-0.039192,-0.072482,0.183348,0.981998,-0.157755,-0.086613,0.278584,0.943554
-0.095938,-0.029216,0.20072,0.977673,-0.039271,-0.072492,0.183316,0.982,-0.157728,-0.086642,0.278644,0.943538
-0.096061,-0.029247,0.200734,0.977658,-0.039321,-0.072491,0.183279,0.982004,-0.157801,-0.08662,0.278655,0.943525
-0.096209,-0.029325,0.200802,0.977629,-0.03937,-0.072495,0.183279,0.982002,-0.157902,-0.086631,0.27873,0.943485
-0.096262,-0.029318,0.200879,0.977609,-0.039427,-0.072567,0.183406,0.981973,-0.157941,-0.08664,0.278807,0.943456
-0.096332,-0.029345,0.200971,0.977585,-0.039437,-0.072558,0.183553,0.981949,-0.157936,-0.086616,0.278935,0.943423
-0.096343,-0.029238,0.201077,0.977568,-0.039425,-0.072497,0.183692,0.98193,-0.157986,-0.086621,0.279036,0.943385
-0.096349,-0.029176,0.20118,0.97755,-0.039348,-0.072456,0.183849,0.98191,-0.158035,-0.08657,0.279188,0.943339
-0.096324,-0.029125,0.201236,0.977544,-0.039286,-0.072414,0.183907,0.981906,-0.158157,-0.086563,0.279324,0.94328
-0.096295,-0.029065,0.201192,0.977557,-0.039208,-0.072382,0.183879,0.981916,-0.158202,-0.08657,0.27948,0.943227
-0.096224,-0.029032,0.201094,0.977584,-0.039159,-0.072385,0.183769,0.981936,-0.158271,-0.086609,0.279562,0.943187
-0.096183,-0.029051,0.201018,0.977601,-0.039194,-0.072356,0.183682,0.981953,-0.158388,-0.086683,0.279589,0.943152
-0.09612,-0.029078,0.20103,0.977603,-0.039186,-0.07238,0.183598,0.981965,-0.158499,-0.086778,0.279569,0.943128
-0.096037,-0.029081,0.201021,0.977613,-0.039215,-0.072346,0.183562,0.981972,-0.158515,-0.086763,0.279591,0.943121
-0.095954,-0.029124,0.201049,0.977614,-0.039221,-0.072315,0.183583,0.981971,-0.15858,-0.086666,0.279597,0.943119
-0.095942,-0.029158,0.201167,0.977593,-0.039208,-0.072282,0.183575,0.981975,-0.158597,-0.086586,0.279599,0.943124
-0.096023,-0.029175,0.201178,0.977582,-0.039265,-0.072293,0.183558,0.981975,-0.158692,-0.086558,0.279592,0.943113
-0.096188,-0.029156,0.201224,0.977558,-0.039345,-0.07225,0.183674,0.981956,-0.158717,-0.086552,0.279596,0.943109
-0.096269,-0.029057,0.201303,0.97754,-0.039433,-0.072226,0.18383,0.981928,-0.158779,-0.086529,0.279603,0.943099
-0.096316,-0.029007,0.201449,0.97751,-0.039473,-0.072182,0.183994,0.981902,-0.158798,-0.086534,0.279714,0.943063
-0.096345,-0.028962,0.201581,0.977484,-0.039465,-0.072188,0.184116,0.981882,-0.158821,-0.086587,0.279883,0.943004
-0.096364,-0.028925,0.201687,0.977464,-0.039529,-0.072203,0.184073,0.981885,-0.158817,-0.086642,0.280077,0.942944
-0.09638,-0.028967,0.201722,0.977455,-0.039534,-0.072213,0.184043,0.981889,-0.158867,-0.08667,0.280198,0.942897
-0.096416,-0.029037,0.201678,0.977457,-0.039564,-0.072228,0.184014,0.981892,-0.158926,-0.086708,0.280333,0.942845
-0.096451,-0.029069,0.201658,0.977457,-0.03957,-0.072226,0.183962,0.981901,-0.15895,-0.086706,0.280401,0.942821
-0.0965,-0.029088,0.201724,0.977438,-0.039604,-0.072237,0.184001,0.981892,-0.15893,-0.086655,0.280437,0.94282
-0.096541,-0.029103,0.20177,0.977425,-0.039596,-0.072164,0.184011,0.981897,-0.158955,-0.08659,0.28045,0.942819
-0.09658,-0.029097,0.201858,0.977406,-0.039608,-0.072095,0.18408,0.98189,-0.158939,-0.086587,0.280486,0.942811
-0.096577,-0.029047,0.201891,0.977402,-0.039567,-0.072037,0.184125,0.981889,-0.158982,-0.086567,0.280491,0.942805
-0.096575,-0.028994,0.201912,0.9774,-0.039552,-0.072009,0.184102,0.981895,-0.158954,-0.086482,0.280527,0.942809
-0.096499,-0.028879,0.201863,0.97742,-0.039497,-0.071956,0.184023,0.981914,-0.159009,-0.086456,0.280528,0.942802
-0.096413,-0.028746,0.201798,0.977445,-0.039423,-0.071879,0.184029,0.981923,-0.159107,-0.086467,0.280499,0.942793
-0.09634,-0.02864,0.201822,0.977452,-0.039297,-0.071797,0.184012,0.981937,-0.159146,-0.086438,0.280545,0.942776
-0.096216,-0.02863,0.201908,0.977448,-0.039239,-0.071771,0.184005,0.981942,-0.159154,-0.086488,0.280599,0.942753
-0.0961,-0.028663,0.201965,0.977447,-0.039153,-0.071746,0.183981,0.981951,-0.159118,-0.086498,0.280606,0.942756
-0.095998,-0.028724,0.202014,0.977445,-0.039042,-0.0717,0.183976,0.98196,-0.159136,-0.086468,0.280624,0.942751
-0.09594,-0.028751,0.202081,0.977437,-0.038967,-0.071722,0.184026,0.981954,-0.159177,-0.086442,0.280619,0.942748
-0.095908,-0.028709,0.202157,0.977428,-0.038928,-0.071776,0.184135,0.981932,-0.15917,-0.086377,0.280602,0.942762
-0.095733,-0.028686,0.202228,0.977433,-0.038872,-0.071794,0.184227,0.981917,-0.159185,-0.08636,0.280577,0.942769
-0.09565,-0.028645,0.202281,0.977432,-0.038821,-0.071781,0.184333,0.981902,-0.159218,-0.086322,0.280622,0.942754
-0.095605,-0.028611,0.202358,0.977423,-0.038745,-0.071745,0.184431,0.981891,-0.159229,-0.086303,0.280698,0.942733
-0.095531,-0.02862,0.202484,0.977406,-0.038691,-0.071763,0.184471,0.981885,-0.159277,-0.086299,0.280707,0.942722
-0.095431,-0.028604,0.202557,0.977403,-0.038693,-0.071765,0.184485,0.981882,-0.159323,-0.086341,0.280729,0.942704
-0.095361,-0.028633,0.202613,0.977398,-0.038695,-0.071764,0.184415,0.981894,-0.159375,-0.086337,0.280688,0.942707
-0.095296,-0.02864,0.202637,0.977399,-0.038755,-0.071744,0.184374,0.981901,-0.159363,-0.086345,0.280673,0.942712
-0.095222,-0.028577,0.202579,0.977419,-0.038761,-0.071795,0.184256,0.981916,-0.159324,-0.086385,0.280587,0.942739
-0.095197,-0.028578,0.202555,0.977426,-0.038769,-0.071799,0.18411,0.98194,-0.159386,-0.086371,0.28053,0.942747
-0.095221,-0.028616,0.202513,0.977431,-0.038809,-0.07177,0.184071,0.981948,-0.159423,-0.086374,0.280462,0.942759
-0.09519,-0.028611,0.202479,0.977439,-0.038825,-0.07177,0.184092,0.981943,-0.159449,-0.086334,0.280446,0.942764
-0.095158,-0.02867,0.202556,0.977426,-0.038791,-0.071753,0.184166,0.981933,-0.159517,-0.086307,0.280448,0.942755
-0.095135,-0.028709,0.202598,0.97742,-0.03882,-0.071763,0.184304,0.981908,-0.159551,-0.086344,0.280485,0.942735
-0.095118,-0.028764,0.202802,0.977381,-0.038853,-0.071794,0.184395,0.98189,-0.15964,-0.086346,0.280513,0.942711
-0.095133,-0.028756,0.202936,0.977355,-0.038887,-0.071793,0.184541,0.981864,-0.159707,-0.086387,0.280615,0.942666
-0.09512,-0.028769,0.203059,0.977332,-0.038892,-0.071779,0.184658,0.981845,-0.159738,-0.08648,0.280777,0.942604
-0.095122,-0.028784,0.20317,0.977311,-0.038981,-0.071771,0.184824,0.981814,-0.159843,-0.086546,0.280983,0.94252
-0.095154,-0.028812,0.203274,0.977288,-0.03904,-0.071739,0.184882,0.981805,-0.159934,-0.086602,0.281158,0.942447
-0.095177,-0.028848,0.203246,0.977289,-0.039106,-0.071728,0.184848,0.981809,-0.159997,-0.086609,0.281282,0.9424
-0.09526,-0.028855,0.203219,0.977286,-0.039224,-0.071732,0.184835,0.981807,-0.159985,-0.086587,0.281405,0.942369
-0.095337,-0.028831,0.203281,0.977269,-0.039319,-0.07168,0.184854,0.981804,-0.160067,-0.08657,0.281478,0.942335
-0.095417,-0.02876,0.203352,0.97725,-0.039389,-0.071671,0.184898,0.981795,-0.16016,-0.086569,0.281523,0.942306
-0.095474,-0.028759,0.203384,0.977238,-0.039502,-0.07167,0.184996,0.981774,-0.160262,-0.086615,0.281524,0.942284
-0.095539,-0.028695,0.203472,0.977218,-0.039653,-0.071668,0.185105,0.98175,-0.160328,-0.086654,0.281494,0.942277
-0.095631,-0.02866,0.20357,0.977193,-0.039772,-0.071704,0.185143,0.981736,-0.160408,-0.086701,0.281436,0.942275
-0.095766,-0.028673,0.203656,0.977163,-0.039851,-0.071694,0.185189,0.981726,-0.160434,-0.086725,0.281403,0.942278
-0.095851,-0.028699,0.203681,0.97715,-0.039919,-0.071683,0.185227,0.981717,-0.160486,-0.086713,0.281378,0.942277
-0.095957,-0.028765,0.203751,0.977124,-0.039997,-0.071696,0.185226,0.981714,-0.160499,-0.086644,0.281423,0.94227
-0.096041,-0.028805,0.203755,0.977114,-0.040019,-0.07171,0.185239,0.981709,-0.16058,-0.08663,0.281509,0.942232
-0.096046,-0.028857,0.203774,0.977108,-0.040023,-0.071732,0.185273,0.981702,-0.160692,-0.086623,0.281642,0.942176
-0.096064,-0.028888,0.203842,0.977092,-0.040012,-0.071779,0.185326,0.98169,-0.16072,-0.086647,0.281818,0.942117
-0.096057,-0.028959,0.203952,0.97707,-0.039989,-0.071789,0.185344,0.981687,-0.160755,-0.086715,0.28197,0.942059
-0.096049,-0.02896,0.204072,0.977048,-0.04002,-0.071808,0.185406,0.981673,-0.160822,-0.086816,0.282056,0.942012
-0.096069,-0.028907,0.204178,0.977028,-0.04004,-0.071809,0.185516,0.981654,-0.160865,-0.086858,0.282126,0.941979
-0.096128,-0.028859,0.204292,0.977003,-0.040087,-0.071733,0.185578,0.981648,-0.160924,-0.086858,0.282187,0.941952
-0.09622,-0.028798,0.204327,0.97699,-0.040125,-0.071725,0.185625,0.981639,-0.160865,-0.086832,0.282179,0.941968
-0.09616,-0.028731,0.204271,0.977008,-0.040121,-0.071657,0.185692,0.981634,-0.160869,-0.086835,0.282205,0.941958
-0.096085,-0.02867,0.204266,0.977018,-0.040122,-0.071593,0.185803,0.981619,-0.160899,-0.086796,0.282245,0.941946
-0.096084,-0.028626,0.204331,0.977008,-0.040086,-0.071559,0.185908,0.981606,-0.160937,-0.086791,0.282348,0.94191
-0.096075,-0.028625,0.204407,0.976994,-0.040078,-0.071529,0.185962,0.981599,-0.160966,-0.086749,0.282405,0.941893
-0.096049,-0.028644,0.204485,0.976982,-0.040048,-0.071531,0.185933,0.981606,-0.160942,-0.086753,0.282412,0.941895
-0.095998,-0.028667,0.204529,0.976978,-0.040028,-0.071523,0.185868,0.981617,-0.160936,-0.086757,0.282418,0.941894
-0.09597,-0.028697,0.204479,0.976988,-0.039966,-0.071534,0.185731,0.981642,-0.160942,-0.086769,0.28234,0.941914
-0.09595,-0.028713,0.204301,0.977023,-0.039948,-0.071507,0.18555,0.981675,-0.160884,-0.086737,0.28224,0.941957
-0.095904,-0.028786,0.204177,0.977048,-0.039955,-0.071485,0.185416,0.9817,-0.160885,-0.086722,0.282208,0.941968
-0.095855,-0.028825,0.204119,0.977062,-0.039899,-0.071495,0.185389,0.981705,-0.160974,-0.086709,0.282174,0.941964
-0.095763,-0.028893,0.204171,0.977059,-0.039863,-0.071507,0.185494,0.981689,-0.160992,-0.08668,0.282234,0.941946
-0.095738,-0.028922,0.204248,0.977046,-0.039807,-0.071542,0.185684,0.981656,-0.161014,-0.086687,0.282364,0.941904
-0.095636,-0.028935,0.204316,0.977042,-0.039744,-0.071541,0.185801,0.981639,-0.161064,-0.08667,0.282479,0.941864
-0.095586,-0.028988,0.204422,0.977025,-0.039716,-0.071523,0.18576,0.981648,-0.161068,-0.086688,0.282544,0.941843
-0.095484,-0.028996,0.204441,0.977031,-0.039733,-0.071509,0.185725,0.981654,-0.161102,-0.086772,0.282581,0.941817
-0.095484,-0.02898,0.204463,0.977027,-0.03975,-0.071528,0.185568,0.981678,-0.16105,-0.086813,0.282528,0.941837
-0.095424,-0.028959,0.204402,0.977046,-0.039781,-0.071548,0.185516,0.981684,-0.161048,-0.086825,0.282427,0.941864
-0.095436,-0.028918,0.204325,0.977061,-0.039885,-0.071577,0.185456,0.981688,-0.161075,-0.086819,0.282349,0.941883
-0.095501,-0.028895,0.204319,0.977056,-0.03997,-0.071611,0.185501,0.981675,-0.161092,-0.086831,0.28229,0.941897
-0.095573,-0.028872,0.204436,0.977028,-0.040072,-0.071675,0.185584,0.981652,-0.161066,-0.086781,0.282257,0.941917
-0.095631,-0.028864,0.204576,0.976996,-0.04013,-0.071746,0.185775,0.981612,-0.161085,-0.086783,0.282309,0.941897
-0.095748,-0.028904,0.204748,0.976952,-0.040259,-0.071826,0.185971,0.981568,-0.161149,-0.086777,0.282448,0.941846
-0.095841,-0.028952,0.204865,0.976919,-0.040317,-0.071849,0.186159,0.981531,-0.161183,-0.086836,0.282566,0.9418
-0.095885,-0.029039,0.204993,0.976887,-0.040349,-0.07196,0.186343,0.98149,-0.161092,-0.086831,0.282699,0.941778
-0.095907,-0.0291,0.205146,0.976854,-0.040387,-0.072059,0.186363,0.981477,-0.161129,-0.08689,0.282803,0.941734
-0.09594,-0.029189,0.205234,0.976831,-0.040448,-0.072123,0.186298,0.981481,-0.161189,-0.086981,0.282939,0.941674
-0.09598,-0.02929,0.205237,0.976823,-0.040493,-0.072165,0.186299,0.981476,-0.161212,-0.087087,0.283011,0.941638
-0.096009,-0.029353,0.205259,0.976814,-0.040469,-0.072201,0.186246,0.981483,-0.161195,-0.087154,0.283072,0.941616
-0.096023,-0.029416,0.205252,0.976811,-0.040499,-0.072284,0.186263,0.981472,-0.161225,-0.087225,0.283124,0.941588
-0.096048,-0.029456,0.205288,0.976801,-0.040501,-0.072296,0.186305,0.981463,-0.161284,-0.087332,0.283195,0.941545
-0.09606,-0.029489,0.205334,0.97679,-0.040529,-0.072313,0.186292,0.981464,-0.161392,-0.087395,0.283233,0.941509
-0.09614,-0.029479,0.205362,0.976777,-0.040516,-0.072287,0.186358,0.981455,-0.161393,-0.087378,0.283255,0.941504
-0.096155,-0.02951,0.205325,0.976782,-0.04054,-0.072306,0.186355,0.981453,-0.161388,-0.087401,0.283259,0.9415
-0.096141,-0.029573,0.20521,0.976803,-0.040511,-0.072338,0.186284,0.981464,-0.161399,-0.087438,0.283244,0.941499
-0.09615,-0.029636,0.205105,0.976819,-0.040583,-0.072297,0.186144,0.981488,-0.161477,-0.087415,0.283172,0.941509
-0.096168,-0.029678,0.20504,0.976829,-0.040635,-0.072295,0.186037,0.981504,-0.161486,-0.087384,0.282986,0.941565
-0.096216,-0.029698,0.204915,0.976847,-0.040663,-0.072309,0.185991,0.98151,-0.161578,-0.087375,0.282819,0.941599
-0.096286,-0.02976,0.204872,0.976846,-0.040699,-0.072286,0.185922,0.981522,-0.161642,-0.087329,0.282708,0.941625
-0.096364,-0.029777,0.204885,0.976835,-0.040749,-0.072259,0.185902,0.981525,-0.161713,-0.087328,0.282644,0.941632
-0.096487,-0.029795,0.20489,0.976822,-0.040788,-0.07225,0.185894,0.981526,-0.161721,-0.087337,0.282614,0.941638
-0.096522,-0.02978,0.204858,0.976825,-0.040807,-0.072282,0.185885,0.981524,-0.161774,-0.087319,0.282646,0.941622
-0.096618,-0.029741,0.204818,0.976826,-0.040813,-0.072312,0.185875,0.981524,-0.161818,-0.08732,0.282688,0.941601
-0.096696,-0.029714,0.204716,0.976838,-0.040764,-0.072356,0.18581,0.981533,-0.161893,-0.087305,0.282756,0.94157
-0.096678,-0.029804,0.204676,0.976844,-0.040789,-0.072339,0.185862,0.981525,-0.161844,-0.087298,0.28288,0.941544
-0.096598,-0.029849,0.204744,0.976837,-0.040782,-0.072306,0.185977,0.981508,-0.161912,-0.087305,0.283014,0.941493
-0.096567,-0.029958,0.204901,0.976806,-0.040783,-0.072273,0.186097,0.98149,-0.16192,-0.087329,0.283192,0.941436
-0.096545,-0.030018,0.205069,0.976775,-0.04078,-0.072172,0.186241,0.981474,-0.161977,-0.087415,0.283392,0.941359
-0.0965,-0.029961,0.205233,0.97675,-0.040825,-0.072101,0.186398,0.981451,-0.161988,-0.087464,0.283601,0.94129
-0.096463,-0.029835,0.205353,0.976735,-0.040835,-0.072016,0.186563,0.981429,-0.162064,-0.08744,0.28373,0.941243
-0.09649,-0.029721,0.205381,0.976731,-0.040913,-0.071988,0.186664,0.981411,-0.162054,-0.087413,0.283864,0.941207
-0.096568,-0.02955,0.205344,0.976737,-0.040928,-0.071886,0.186692,0.981414,-0.162086,-0.087387,0.283973,0.941173
-0.096669,-0.02938,0.205338,0.976735,-0.040972,-0.071761,0.186785,0.981406,-0.162091,-0.087336,0.284019,0.941165
-0.096753,-0.02926,0.205344,0.97673,-0.040993,-0.071659,0.186779,0.981414,-0.16213,-0.087241,0.284052,0.941159
-0.096734,-0.029204,0.205365,0.97673,-0.041016,-0.071606,0.186876,0.9814,-0.162143,-0.087157,0.284114,0.941148
-0.096785,-0.029213,0.205429,0.976712,-0.041009,-0.071542,0.186892,0.981404,-0.162171,-0.087047,0.284167,0.94114
-0.09687,-0.029179,0.205486,0.976695,-0.041046,-0.071482,0.186897,0.981406,-0.162154,-0.086931,0.284263,0.941127
-0.096953,-0.029109,0.20548,0.976691,-0.041099,-0.07142,0.186861,0.981415,-0.162245,-0.086852,0.284267,0.94112
-0.097011,-0.029014,0.205442,0.976695,-0.041104,-0.071316,0.186822,0.98143,-0.162299,-0.086795,0.284263,0.941117
-0.097019,-0.028909,0.205377,0.976711,-0.041152,-0.071187,0.186788,0.981443,-0.162332,-0.086788,0.284308,0.941099
-0.09703,-0.028771,0.205285,0.976732,-0.041192,-0.071088,0.186845,0.981439,-0.162294,-0.086753,0.28436,0.941095
-0.096978,-0.028643,0.205229,0.976752,-0.041191,-0.070988,0.186778,0.981459,-0.162358,-0.086647,0.284388,0.941087
-0.097034,-0.028553,0.205219,0.976752,-0.041176,-0.070923,0.18677,0.981466,-0.162485,-0.086551,0.284426,0.941065
-0.097121,-0.02839,0.205191,0.976754,-0.041176,-0.070838,0.186816,0.981465,-0.162557,-0.086501,0.284346,0.941081
-0.097187,-0.028238,0.205166,0.976758,-0.041205,-0.070796,0.186852,0.981461,-0.162561,-0.086402,0.284335,0.941094
-0.097198,-0.028152,0.205106,0.976771,-0.041224,-0.070754,0.186912,0.981453,-0.162579,-0.086337,0.284284,0.941113
-0.097273,-0.028148,0.205086,0.976769,-0.041248,-0.070783,0.186883,0.981454,-0.162568,-0.08634,0.284243,0.941126
-0.097313,-0.028127,0.205106,0.976761,-0.041264,-0.070826,0.1868,0.981465,-0.162573,-0.086315,0.284228,0.941134
-0.097377,-0.028165,0.205132,0.976749,-0.04126,-0.070859,0.186834,0.981457,-0.162533,-0.086289,0.28436,0.941104
-0.097376,-0.028232,0.2052,0.976734,-0.041295,-0.070892,0.186938,0.981435,-0.162584,-0.086303,0.28448,0.941059
-0.097403,-0.028306,0.20526,0.976716,-0.041273,-0.070943,0.186981,0.981424,-0.162683,-0.086281,0.284639,0.940998
-0.097418,-0.028336,0.205377,0.976693,-0.041249,-0.070972,0.187095,0.981404,-0.162717,-0.0864,0.284764,0.940942
-0.097415,-0.028307,0.205492,0.976672,-0.041224,-0.070925,0.187174,0.981395,-0.162691,-0.086486,0.284891,0.940899
-0.097411,-0.028283,0.205524,0.976667,-0.041204,-0.070886,0.187161,0.981401,-0.162709,-0.086595,0.285008,0.940851
-0.097392,-0.028274,0.205482,0.976677,-0.041127,-0.070878,0.18719,0.9814,-0.162762,-0.086649,0.285078,0.940815
-0.097358,-0.028261,0.205401,0.976696,-0.041105,-0.070935,0.18712,0.981408,-0.162773,-0.086682,0.285115,0.940798
-0.097308,-0.028311,0.205345,0.97671,-0.041093,-0.070982,0.187019,0.981422,-0.162745,-0.086647,0.285142,0.9408
-0.097258,-0.028354,0.205243,0.976733,-0.041032,-0.071021,0.186949,0.981433,-0.162731,-0.086629,0.285087,0.94082
-0.097236,-0.028467,0.205259,0.976728,-0.040997,-0.071109,0.186928,0.981432,-0.162752,-0.086588,0.284947,0.940862
-0.097267,-0.028529,0.205395,0.976697,-0.041008,-0.071162,0.186941,0.981424,-0.162772,-0.086593,0.284805,0.940899
-0.097284,-0.028621,0.205525,0.976667,-0.041039,-0.071218,0.186958,0.981416,-0.162734,-0.086602,0.284651,0.94095
-0.097214,-0.028769,0.205613,0.976652,-0.041037,-0.071227,0.186998,0.981408,-0.162771,-0.08662,0.284621,0.940951
-0.097257,-0.028832,0.205675,0.976634,-0.041047,-0.071231,0.187007,0.981407,-0.16282,-0.086702,0.284582,0.940945
-0.097236,-0.028888,0.205665,0.976636,-0.04107,-0.071296,0.186961,0.981409,-0.162821,-0.086812,0.284564,0.940937
-0.09721,-0.02894,0.205683,0.976633,-0.041091,-0.071413,0.186907,0.981408,-0.162786,-0.086893,0.284565,0.940934
-0.097199,-0.029051,0.205621,0.976642,-0.041056,-0.071539,0.186953,0.981391,-0.162735,-0.086967,0.284491,0.940956
-0.097257,-0.029161,0.20561,0.976635,-0.041104,-0.071633,0.186931,0.981386,-0.162702,-0.087018,0.284445,0.94097
-0.097317,-0.029288,0.205621,0.976623,-0.041186,-0.071747,0.186857,0.981386,-0.162671,-0.08707,0.284366,0.940992
-0.097389,-0.02938,0.205698,0.976597,-0.041212,-0.071831,0.186871,0.981377,-0.16262,-0.087089,0.284383,0.940994
-0.097416,-0.029467,0.205754,0.976581,-0.041264,-0.07193,0.186894,0.981362,-0.162659,-0.087185,0.284397,0.940973
-0.097471,-0.029563,0.20581,0.976562,-0.041265,-0.071974,0.186967,0.981346,-0.16269,-0.087296,0.284487,0.940929
-0.097506,-0.029622,0.2059,0.976539,-0.041275,-0.072036,0.187025,0.981331,-0.162699,-0.087422,0.284592,0.940882
-0.097531,-0.029683,0.205994,0.976517,-0.041312,-0.072116,0.187162,0.9813,-0.162615,-0.087554,0.284716,0.940846
-0.097549,-0.029685,0.206033,0.976508,-0.041342,-0.07221,0.18724,0.981278,-0.162637,-0.087682,0.284795,0.940805
-0.097593,-0.02975,0.206104,0.976487,-0.041424,-0.072351,0.187285,0.981256,-0.162648,-0.087809,0.284846,0.940774
-0.09764,-0.029786,0.206182,0.976466,-0.041491,-0.072434,0.187281,0.981247,-0.162636,-0.087907,0.284938,0.940738
-0.09767,-0.02989,0.206296,0.976438,-0.041564,-0.072519,0.187315,0.981231,-0.162541,-0.087915,0.284994,0.940737
-0.097713,-0.03001,0.206406,0.976409,-0.041594,-0.072544,0.187359,0.981221,-0.162596,-0.087958,0.285026,0.940714
-0.097727,-0.030094,0.206503,0.976385,-0.041649,-0.072534,0.187376,0.981217,-0.16261,-0.088003,0.285078,0.940691
-0.097739,-0.030199,0.206571,0.976368,-0.041681,-0.072538,0.187314,0.981225,-0.162669,-0.088034,0.285188,0.940644
-0.097757,-0.030272,0.206525,0.976372,-0.041664,-0.072559,0.187201,0.981244,-0.162705,-0.088078,0.285267,0.94061
-0.097766,-0.030276,0.206405,0.976393,-0.041704,-0.072577,0.187092,0.98126,-0.162758,-0.088112,0.285331,0.940579
-0.097778,-0.030226,0.206229,0.976428,-0.041702,-0.072557,0.187036,0.981271,-0.162806,-0.088141,0.285337,0.940565
-0.097768,-0.030183,0.206078,0.976459,-0.041765,-0.072514,0.186959,0.981285,-0.162877,-0.088189,0.285269,0.940567
-0.097762,-0.030128,0.205983,0.97648,-0.041747,-0.072462,0.18698,0.981287,-0.162849,-0.088198,0.285148,0.940606
-0.097719,-0.030099,0.205973,0.976488,-0.041789,-0.072413,0.186957,0.981292,-0.162899,-0.088204,0.285051,0.940626
-0.097727,-0.030013,0.205906,0.976502,-0.041843,-0.072388,0.186907,0.981301,-0.162904,-0.088149,0.284882,0.94068
-0.09775,-0.02989,0.205895,0.976507,-0.041855,-0.072383,0.186854,0.98131,-0.16291,-0.088102,0.2848,0.940709
-0.097763,-0.029808,0.205883,0.976511,-0.041873,-0.07234,0.186825,0.981318,-0.162899,-0.08807,0.284737,0.940733
-0.097785,-0.029768,0.205871,0.976512,-0.041876,-0.072347,0.186906,0.981303,-0.162963,-0.088044,0.284741,0.940724
-0.097794,-0.029773,0.20591,0.976503,-0.041914,-0.072332,0.186928,0.981299,-0.163034,-0.088,0.284846,0.940685
-0.09783,-0.029792,0.205943,0.976493,-0.041916,-0.072336,0.187021,0.981282,-0.163081,-0.088059,0.284876,0.940662
-0.097832,-0.029842,0.206041,0.976473,-0.04192,-0.072319,0.187114,0.981268,-0.16306,-0.088047,0.284992,0.940632
-0.097829,-0.029903,0.206081,0.976463,-0.041949,-0.072338,0.18718,0.981254,-0.163044,-0.08805,0.285095,0.940605
-0.097853,-0.029964,0.206071,0.97646,-0.04195,-0.072369,0.187147,0.981257,-0.163036,-0.088098,0.285193,0.940572
-0.097917,-0.029963,0.206042,0.976459,-0.041944,-0.072363,0.187133,0.98126,-0.163033,-0.088102,0.285257,0.940554
-0.097936,-0.029925,0.205957,0.976476,-0.041975,-0.072377,0.187152,0.981254,-0.16296,-0.088121,0.285275,0.940559
-0.097908,-0.029835,0.205904,0.976492,-0.041994,-0.072391,0.187147,0.981253,-0.162988,-0.088041,0.285238,0.940574
-0.097911,-0.029862,0.205882,0.976494,-0.042006,-0.07237,0.187262,0.981234,-0.163003,-0.08795,0.28524,0.940581
-0.097969,-0.029837,0.205946,0.976477,-0.042035,-0.072331,0.187392,0.981214,-0.163029,-0.087907,0.285277,0.94057
-0.097995,-0.029832,0.206056,0.976454,-0.042091,-0.072245,0.187434,0.981212,-0.162966,-0.08784,0.285265,0.940592
-0.098038,-0.02977,0.206192,0.976426,-0.04211,-0.072189,0.187439,0.981215,-0.162958,-0.087795,0.285294,0.94059
-0.098078,-0.029727,0.206199,0.976422,-0.042147,-0.072162,0.187393,0.981224,-0.162952,-0.087778,0.285296,0.940592
-0.098144,-0.029634,0.206108,0.976437,-0.042113,-0.072167,0.187245,0.98125,-0.162965,-0.08771,0.28534,0.940585
-0.098164,-0.0296,0.205967,0.976463,-0.042058,-0.072183,0.187178,0.981262,-0.162945,-0.087666,0.285428,0.940567
-0.098096,-0.029584,0.205818,0.976499,-0.042033,-0.072222,0.187115,0.981271,-0.16297,-0.087692,0.285522,0.940533
-0.098054,-0.02957,0.205808,0.976505,-0.041974,-0.072181,0.187148,0.981271,-0.163022,-0.087721,0.285657,0.940481
-0.09797,-0.02968,0.20591,0.97649,-0.041898,-0.072183,0.187241,0.981258,-0.163051,-0.087767,0.285818,0.940423
-0.097915,-0.029747,0.206092,0.976459,-0.041874,-0.072163,0.187242,0.98126,-0.163055,-0.087835,0.286018,0.940356
-0.097826,-0.029742,0.206174,0.976451,-0.041853,-0.072169,0.187329,0.981246,-0.163123,-0.087911,0.286083,0.940317
-0.097793,-0.0297,0.206223,0.976447,-0.041867,-0.072143,0.187462,0.981224,-0.163161,-0.087929,0.286051,0.940317
-0.097773,-0.02964,0.206171,0.976461,-0.041913,-0.072101,0.187519,0.981216,-0.163147,-0.087999,0.286069,0.940306
-0.097783,-0.029602,0.20616,0.976463,-0.041938,-0.072071,0.187564,0.981209,-0.163104,-0.087958,0.286068,0.940319
-0.097833,-0.029531,0.20613,0.976467,-0.041998,-0.072036,0.187552,0.981212,-0.163097,-0.087898,0.285979,0.940353
-0.097901,-0.029468,0.206128,0.976462,-0.042027,-0.072047,0.187539,0.981213,-0.1631,-0.087849,0.285879,0.940388
-0.098038,-0.029454,0.20618,0.97644,-0.042018,-0.072067,0.187541,0.981211,-0.163113,-0.08779,0.285842,0.940402
-0.098127,-0.029444,0.206268,0.976415,-0.042084,-0.072051,0.187536,0.98121,-0.1631,-0.087802,0.285836,0.940405
-0.098162,-0.029461,0.206316,0.976402,-0.042076,-0.072029,0.187485,0.981221,-0.163125,-0.087824,0.285842,0.940397
-0.098152,-0.029526,0.206309,0.976402,-0.042067,-0.072034,0.187372,0.98124,-0.163151,-0.08787,0.285899,0.94037
-0.098072,-0.029624,0.206207,0.976425,-0.042009,-0.07207,0.187183,0.981272,-0.163222,-0.087962,0.285979,0.940325
-0.098021,-0.029659,0.206081,0.976453,-0.041939,-0.072071,0.186969,0.981312,-0.163223,-0.088002,0.286031,0.940304
-0.097968,-0.029606,0.205917,0.976492,-0.041919,-0.072126,0.186836,0.981331,-0.163301,-0.08803,0.286052,0.940281
-0.097923,-0.029656,0.205832,0.97651,-0.041903,-0.072176,0.186773,0.981338,-0.163295,-0.088054,0.286022,0.940288
-0.097934,-0.029674,0.205837,0.976507,-0.041925,-0.072197,0.186791,0.981332,-0.163292,-0.088092,0.285879,0.940327
-0.097946,-0.029731,0.205855,0.9765,-0.042023,-0.072201,0.186904,0.981309,-0.16325,-0.088105,0.285741,0.940374
-0.097978,-0.029785,0.205908,0.976485,-0.042065,-0.072215,0.187009,0.981289,-0.163181,-0.088063,0.285585,0.940436
-0.098009,-0.02985,0.20589,0.976483,-0.04209,-0.072215,0.186978,0.981293,-0.163207,-0.08808,0.285471,0.940463
-0.098045,-0.029892,0.205823,0.976492,-0.042108,-0.072264,0.186808,0.981317,-0.163188,-0.088076,0.28539,0.94049
-0.098044,-0.029971,0.205746,0.976503,-0.042132,-0.072315,0.186666,0.981337,-0.163156,-0.088123,0.285334,0.940507
-0.098052,-0.03009,0.205707,0.976505,-0.04208,-0.072316,0.186624,0.981346,-0.163201,-0.088135,0.285324,0.940501
-0.09802,-0.030156,0.205692,0.976509,-0.042063,-0.072377,0.186612,0.981343,-0.163212,-0.088152,0.285335,0.940494
-0.098012,-0.030246,0.205788,0.976489,-0.04205,-0.072406,0.186599,0.981344,-0.163238,-0.088244,0.285344,0.940476
-0.097957,-0.030275,0.205921,0.976468,-0.042036,-0.072416,0.186609,0.981342,-0.163198,-0.088299,0.285411,0.940457
-0.097898,-0.030325,0.205939,0.976468,-0.041962,-0.072397,0.186659,0.981338,-0.163242,-0.088422,0.285517,0.940405
-0.097838,-0.03029,0.205891,0.976484,-0.041891,-0.072373,0.186696,0.981336,-0.163304,-0.088546,0.285642,0.940343
-0.097798,-0.030292,0.205792,0.976506,-0.041866,-0.072348,0.186658,0.981346,-0.163357,-0.088631,0.285721,0.940302
-0.09775,-0.030244,0.205645,0.976541,-0.041856,-0.072421,0.186602,0.98135,-0.163326,-0.08866,0.285766,0.94029
-0.097718,-0.03016,0.205529,0.976569,-0.041814,-0.072461,0.186462,0.981372,-0.163353,-0.088637,0.285644,0.940324
-0.097701,-0.030142,0.205509,0.976575,-0.041802,-0.072494,0.186471,0.981369,-0.163366,-0.088578,0.285463,0.940381
-0.097724,-0.030202,0.205551,0.976563,-0.041865,-0.072533,0.186432,0.981369,-0.16339,-0.088514,0.28523,0.940452
-0.097753,-0.03031,0.205649,0.976538,-0.041949,-0.072554,0.186365,0.981376,-0.163356,-0.088393,0.285078,0.940517
-0.097779,-0.030366,0.205769,0.97651,-0.042033,-0.072585,0.18629,0.981382,-0.163351,-0.088325,0.284981,0.940554
-0.097829,-0.030424,0.205791,0.976499,-0.04211,-0.072588,0.186142,0.981404,-0.16337,-0.088274,0.284924,0.940573
-0.097873,-0.030422,0.205718,0.976508,-0.042148,-0.072617,0.186039,0.981419,-0.16345,-0.088318,0.284966,0.940542
-0.097946,-0.030366,0.205597,0.976527,-0.042221,-0.072604,0.185987,0.981425,-0.163527,-0.088312,0.285062,0.940501
-0.097942,-0.030263,0.205419,0.976564,-0.042233,-0.072567,0.186122,0.981405,-0.163563,-0.088407,0.285203,0.940443
-0.097951,-0.030225,0.205381,0.976572,-0.042279,-0.072635,0.186271,0.981372,-0.163687,-0.088531,0.285342,0.940366
-0.098025,-0.030218,0.205426,0.976556,-0.042306,-0.072651,0.186434,0.981343,-0.163729,-0.088553,0.28552,0.940304
-0.098049,-0.030234,0.205552,0.97653,-0.042388,-0.072621,0.186565,0.981318,-0.163753,-0.088579,0.285687,0.940248
-0.09806,-0.030298,0.205709,0.976496,-0.042413,-0.072637,0.186694,0.981294,-0.16379,-0.088536,0.285761,0.940225
-0.09809,-0.030269,0.205823,0.976473,-0.042511,-0.072579,0.186746,0.981286,-0.163837,-0.088529,0.28581,0.940203
-0.098164,-0.030302,0.205861,0.976457,-0.042572,-0.072506,0.186761,0.981287,-0.163882,-0.088509,0.285815,0.940196
-0.098227,-0.030273,0.205873,0.97645,-0.042625,-0.072476,0.186732,0.981292,-0.163917,-0.088438,0.285854,0.940186
-0.098245,-0.030222,0.205815,0.976462,-0.042709,-0.07249,0.18659,0.981312,-0.163992,-0.088454,0.285847,0.940173
-0.0983,-0.030169,0.20576,0.976468,-0.04272,-0.072422,0.186483,0.981335,-0.164048,-0.088474,0.285847,0.940161
-0.09832,-0.030096,0.205695,0.976482,-0.042763,-0.072393,0.186452,0.981341,-0.164155,-0.088466,0.285788,0.94016
-0.09835,-0.030059,0.205653,0.976488,-0.042727,-0.072431,0.186404,0.981347,-0.164166,-0.088492,0.285686,0.940186
-0.098325,-0.030068,0.205582,0.976503,-0.042779,-0.072404,0.18636,0.981354,-0.164218,-0.088473,0.28563,0.940195
-0.098313,-0.030086,0.205531,0.976514,-0.042823,-0.072387,0.186321,0.981361,-0.164267,-0.088408,0.285625,0.940196
-0.098344,-0.030076,0.205497,0.976517,-0.042823,-0.072412,0.186236,0.981373,-0.164256,-0.08835,0.285618,0.940206
-0.098318,-0.030111,0.205562,0.976506,-0.04281,-0.072393,0.186276,0.981369,-0.164262,-0.088273,0.285613,0.940215
-0.098329,-0.030126,0.205602,0.976497,-0.042832,-0.072307,0.186338,0.981364,-0.164279,-0.088211,0.285716,0.940189
-0.098345,-0.030193,0.205688,0.976477,-0.042844,-0.072272,0.18649,0.98134,-0.164324,-0.08817,0.285787,0.940165
-0.098292,-0.030131,0.205754,0.976472,-0.042843,-0.072246,0.186693,0.981308,-0.16438,-0.088157,0.285936,0.940112
-0.098301,-0.030093,0.205802,0.976463,-0.042838,-0.072228,0.186777,0.981295,-0.164371,-0.088174,0.286038,0.940082
-0.098242,-0.030034,0.20582,0.976468,-0.042838,-0.072182,0.1868,0.981295,-0.164403,-0.088176,0.286174,0.940036
-0.098262,-0.029947,0.205856,0.976462,-0.042847,-0.072121,0.186827,0.981294,-0.164422,-0.088196,0.286258,0.940006
-0.098278,-0.029937,0.205856,0.976461,-0.042844,-0.072082,0.18686,0.981292,-0.164442,-0.088266,0.286348,0.939968
-0.098239,-0.029912,0.205923,0.976452,-0.042847,-0.072046,0.18686,0.981295,-0.164402,-0.088244,0.286407,0.93996
-0.0982,-0.029924,0.205953,0.976451,-0.042883,-0.071999,0.186844,0.9813,-0.164443,-0.08827,0.286471,0.939931
-0.0982,-0.029872,0.205933,0.976456,-0.042852,-0.071925,0.186767,0.981321,-0.164476,-0.088244,0.286559,0.939902
-0.09816,-0.029808,0.205929,0.976463,-0.042826,-0.071882,0.186805,0.981318,-0.164517,-0.088251,0.286669,0.939862
-0.098138,-0.029779,0.205945,0.976463,-0.042821,-0.071816,0.186836,0.981318,-0.16452,-0.088234,0.286693,0.939856
-0.098087,-0.029739,0.205951,0.976469,-0.042792,-0.071761,0.186839,0.981324,-0.164533,-0.088209,0.286678,0.939861
-0.098067,-0.029721,0.205976,0.976466,-0.042731,-0.071724,0.18688,0.981322,-0.16451,-0.088199,0.286669,0.939868
-0.09807,-0.029698,0.206076,0.976449,-0.042755,-0.071681,0.186903,0.98132,-0.164503,-0.088169,0.286652,0.939879
-0.098104,-0.029703,0.206113,0.976437,-0.042766,-0.071635,0.186925,0.98132,-0.164466,-0.088089,0.286589,0.939912
-0.098144,-0.029644,0.206111,0.976436,-0.04278,-0.07161,0.186921,0.981322,-0.164518,-0.088073,0.286483,0.939937
-0.098181,-0.029608,0.206088,0.976438,-0.042778,-0.071584,0.186912,0.981326,-0.164555,-0.088097,0.286439,0.93994
-0.098242,-0.029569,0.206025,0.976446,-0.042768,-0.071548,0.186876,0.981335,-0.164579,-0.088093,0.286453,0.939932
-0.098271,-0.02954,0.205939,0.97646,-0.042758,-0.07154,0.186857,0.981339,-0.164533,-0.088087,0.286445,0.939943
-0.098238,-0.029544,0.205848,0.97648,-0.042691,-0.071509,0.186826,0.981349,-0.16457,-0.088119,0.286466,0.939927
-0.098232,-0.029576,0.205793,0.97649,-0.042595,-0.071535,0.186773,0.981361,-0.164545,-0.088182,0.286536,0.939904
-0.098178,-0.029618,0.205746,0.976503,-0.042503,-0.071526,0.186801,0.98136,-0.164523,-0.088247,0.286659,0.939864
-0.098043,-0.029645,0.205728,0.976518,-0.042452,-0.071544,0.186788,0.981364,-0.164502,-0.088278,0.286793,0.939824
-0.097957,-0.029683,0.205724,0.976526,-0.042415,-0.07156,0.186786,0.981364,-0.164569,-0.088327,0.286838,0.939794
-0.097836,-0.029739,0.205784,0.976525,-0.042327,-0.071588,0.186874,0.98135,-0.16457,-0.088347,0.286895,0.939775
-0.097786,-0.029839,0.205893,0.976505,-0.042278,-0.071603,0.186973,0.981334,-0.16463,-0.088398,0.286899,0.939758
-0.097795,-0.029825,0.205907,0.976502,-0.042277,-0.071641,0.187045,0.981318,-0.164649,-0.088415,0.286851,0.939767
-0.097786,-0.029852,0.205954,0.976493,-0.042204,-0.071689,0.187108,0.981307,-0.164703,-0.088462,0.286788,0.93977
-0.097713,-0.02985,0.206022,0.976487,-0.042194,-0.071691,0.187131,0.981303,-0.164762,-0.088424,0.286667,0.9398
-0.097671,-0.029902,0.205999,0.976494,-0.042232,-0.071692,0.187176,0.981295,-0.164764,-0.088422,0.286616,0.939814
-0.097693,-0.029953,0.206054,0.97648,-0.042203,-0.071687,0.187102,0.981308,-0.164721,-0.088421,0.286589,0.93983
-0.097715,-0.029978,0.206013,0.976484,-0.042175,-0.071739,0.187032,0.981317,-0.164782,-0.088402,0.286565,0.939829
-0.097703,-0.030045,0.205925,0.9765,-0.042159,-0.071733,0.18688,0.981345,-0.164798,-0.088392,0.286528,0.939838
-0.097643,-0.030086,0.205804,0.976527,-0.042161,-0.071709,0.186734,0.981371,-0.164854,-0.0884,0.286464,0.939847
-0.097618,-0.03012,0.205633,0.97656,-0.042192,-0.071711,0.186606,0.981392,-0.16481,-0.0884,0.286416,0.939868
-0.097563,-0.030105,0.205513,0.976589,-0.042119,-0.071703,0.186576,0.9814,-0.164829,-0.088437,0.286333,0.939885
-0.097498,-0.030103,0.205374,0.976622,-0.042048,-0.07171,0.186565,0.981404,-0.164909,-0.088434,0.28625,0.939896
-0.097462,-0.030101,0.20536,0.976628,-0.042089,-0.071744,0.186591,0.981396,-0.164971,-0.08845,0.286273,0.939876
-0.09744,-0.03018,0.205439,0.976613,-0.042012,-0.071756,0.186745,0.981372,-0.164948,-0.088441,0.28623,0.939894
-0.097418,-0.030269,0.205564,0.976588,-0.041993,-0.071763,0.186903,0.981345,-0.165044,-0.088446,0.286266,0.939866
-0.097359,-0.03027,0.205718,0.976564,-0.041963,-0.071751,0.187051,0.981322,-0.165074,-0.088423,0.286316,0.939849
-0.097326,-0.030299,0.205798,0.976551,-0.041948,-0.071727,0.187107,0.981315,-0.165152,-0.088439,0.286375,0.939815
-0.097267,-0.030293,0.205859,0.976545,-0.041915,-0.071727,0.187108,0.981315,-0.165127,-0.088406,0.286483,0.939792
-0.097208,-0.030303,0.205805,0.976561,-0.041937,-0.071658,0.187103,0.981321,-0.165106,-0.088426,0.286606,0.939757
-0.097192,-0.030278,0.20574,0.976576,-0.041901,-0.071632,0.187019,0.981339,-0.165213,-0.088442,0.286762,0.93969
-0.097206,-0.030238,0.205641,0.976595,-0.041861,-0.071599,0.186949,0.981355,-0.165224,-0.088432,0.286858,0.939661
-0.097205,-0.030154,0.205559,0.976614,-0.041839,-0.071592,0.186873,0.981369,-0.165158,-0.088409,0.286989,0.939636
-0.09715,-0.030104,0.205488,0.976634,-0.04181,-0.071578,0.186917,0.981365,-0.165206,-0.088405,0.287032,0.939616
-0.097077,-0.030119,0.205504,0.976637,-0.041778,-0.071576,0.186965,0.981357,-0.165213,-0.088329,0.287026,0.939625
-0.097047,-0.030125,0.205603,0.976621,-0.041707,-0.07151,0.187052,0.981351,-0.165288,-0.088288,0.287004,0.939623
-0.097038,-0.03016,0.205769,0.976589,-0.041744,-0.071432,0.187076,0.981351,-0.165279,-0.088207,0.286997,0.939636
-0.097078,-0.030178,0.205926,0.976555,-0.041779,-0.071339,0.186996,0.981371,-0.16533,-0.088092,0.286982,0.939644
-0.097063,-0.030138,0.206026,0.976538,-0.041845,-0.071213,0.186977,0.981382,-0.16536,-0.087958,0.286916,0.939673
-0.097089,-0.029997,0.206072,0.976533,-0.041886,-0.071053,0.187022,0.981385,-0.16541,-0.087844,0.2869,0.939682
-0.097088,-0.029771,0.206138,0.976528,-0.041899,-0.070912,0.187105,0.981381,-0.165439,-0.087738,0.286875,0.939696
-0.097052,-0.029558,0.206072,0.976553,-0.041907,-0.070772,0.187197,0.981376,-0.165513,-0.087628,0.286881,0.939694
-0.097044,-0.029323,0.206039,0.976568,-0.041925,-0.070703,0.187303,0.981362,-0.165606,-0.087554,0.286976,0.939656
