0.065214,0.078177,-0.304021,-0.94654,-0.270499,0.332717,0.223789,0.867932,0.682749,0.231955,-0.556597,-0.412852
0.065241,0.078215,-0.30407,-0.946519,-0.270496,0.332816,0.223818,0.867886,0.68273,0.23197,-0.556565,-0.41292
0.06525,0.078234,-0.304116,-0.946502,-0.27051,0.332938,0.223837,0.867829,0.682765,0.231903,-0.556514,-0.412969
0.065269,0.078216,-0.30415,-0.946491,-0.270568,0.333023,0.223887,0.867764,0.682838,0.231826,-0.556406,-0.413036
0.065284,0.078193,-0.304188,-0.946479,-0.270553,0.333061,0.22394,0.86774,0.682888,0.231747,-0.556311,-0.413124
0.065311,0.078224,-0.304201,-0.946471,-0.270585,0.333109,0.223886,0.867725,0.68292,0.231714,-0.556233,-0.413197
0.065342,0.078213,-0.304177,-0.946477,-0.270565,0.333098,0.223857,0.867744,0.682927,0.231654,-0.556184,-0.413284
0.065335,0.078214,-0.304162,-0.946483,-0.2705,0.332999,0.223843,0.867806,0.682969,0.231674,-0.556122,-0.413287
0.065351,0.078228,-0.304054,-0.946516,-0.270447,0.332943,0.223878,0.867835,0.682994,0.231652,-0.556088,-0.413304
0.065338,0.078227,-0.30395,-0.946551,-0.270355,0.33284,0.223881,0.867903,0.683008,0.231694,-0.556078,-0.41327
0.065312,0.078254,-0.303777,-0.946608,-0.270234,0.332772,0.223981,0.867941,0.683003,0.231718,-0.556067,-0.41328
0.065316,0.078284,-0.303784,-0.946603,-0.270148,0.332715,0.224076,0.867965,0.682992,0.231752,-0.556097,-0.413239
0.065357,0.07832,-0.303761,-0.946605,-0.270082,0.332699,0.224217,0.867956,0.682895,0.23186,-0.556233,-0.413154
0.065325,0.078346,-0.303832,-0.946583,-0.269988,0.332736,0.224325,0.86794,0.682781,0.231961,-0.556403,-0.413058
0.06527,0.078299,-0.303914,-0.946563,-0.269909,0.332725,0.224422,0.867944,0.682634,0.231965,-0.55663,-0.412992
0.065208,0.078289,-0.304049,-0.946524,-0.269814,0.332774,0.224537,0.867924,0.682477,0.231978,-0.556946,-0.412819
0.065155,0.078265,-0.304204,-0.946478,-0.269723,0.332854,0.224604,0.867902,0.682348,0.231986,-0.557241,-0.412628
0.06513,0.078185,-0.304411,-0.946417,-0.269641,0.33292,0.224738,0.867865,0.682195,0.232019,-0.5575,-0.412513
0.065118,0.078109,-0.304598,-0.946362,-0.269629,0.332995,0.22483,0.867815,0.682074,0.232006,-0.557706,-0.41244
0.065053,0.078051,-0.304804,-0.946302,-0.269651,0.333091,0.224943,0.86774,0.682001,0.231962,-0.557842,-0.412402
0.065037,0.078003,-0.305002,-0.946241,-0.26969,0.333116,0.224971,0.867711,0.682014,0.231911,-0.557838,-0.412414
0.065076,0.077979,-0.305093,-0.94621,-0.26983,0.333085,0.224828,0.867718,0.682057,0.231899,-0.557749,-0.412471
0.065114,0.077996,-0.305072,-0.946214,-0.269988,0.333026,0.224659,0.867738,0.682125,0.231846,-0.557628,-0.412552
0.065147,0.078014,-0.304894,-0.946268,-0.270095,0.33299,0.224366,0.867796,0.682196,0.231847,-0.557465,-0.412654
0.065185,0.078064,-0.304626,-0.946351,-0.270229,0.332925,0.224115,0.867847,0.682313,0.231834,-0.557247,-0.412762
0.065167,0.078067,-0.304297,-0.946459,-0.270342,0.332849,0.223902,0.867899,0.682369,0.23188,-0.557103,-0.412839
0.0652,0.078125,-0.303961,-0.946564,-0.270456,0.33282,0.223772,0.867909,0.682448,0.231851,-0.556949,-0.412932
0.065234,0.078186,-0.303706,-0.946641,-0.270501,0.332811,0.223789,0.867895,0.682537,0.231842,-0.556823,-0.412959
0.065212,0.078206,-0.303633,-0.946665,-0.270493,0.332805,0.223793,0.867899,0.682575,0.231832,-0.556748,-0.413007
0.065241,0.078235,-0.303553,-0.946687,-0.270469,0.33283,0.22384,0.867884,0.68265,0.231863,-0.556619,-0.413039
0.065254,0.078214,-0.303552,-0.946688,-0.270451,0.332775,0.223859,0.867907,0.682698,0.231909,-0.556543,-0.413036
0.065271,0.078228,-0.303489,-0.946706,-0.270367,0.332714,0.223889,0.867947,0.682726,0.231962,-0.556486,-0.413038
0.065267,0.078194,-0.303443,-0.946724,-0.270292,0.332611,0.223949,0.867996,0.682721,0.231954,-0.556481,-0.413058
0.065237,0.07821,-0.303416,-0.946734,-0.270167,0.332509,0.223964,0.868071,0.682676,0.232036,-0.556498,-0.413063
0.065169,0.07821,-0.303428,-0.946734,-0.270044,0.332438,0.223948,0.868141,0.682656,0.232011,-0.55656,-0.413025
0.065141,0.078203,-0.30335,-0.946762,-0.269918,0.332323,0.223981,0.868215,0.682624,0.231999,-0.556676,-0.41293
0.06507,0.078209,-0.303381,-0.946757,-0.269828,0.33232,0.224095,0.868214,0.682581,0.232045,-0.556766,-0.412853
0.065035,0.078243,-0.303437,-0.946739,-0.269766,0.332335,0.224177,0.868206,0.682542,0.232048,-0.556843,-0.412811
0.064981,0.078202,-0.303545,-0.94671,-0.269742,0.332471,0.224343,0.868116,0.682549,0.231959,-0.556855,-0.412834
0.064951,0.078109,-0.303756,-0.946649,-0.269704,0.33266,0.224509,0.868009,0.682613,0.231913,-0.55678,-0.412854
0.065,0.078018,-0.303967,-0.946583,-0.269756,0.332817,0.224522,0.867927,0.682691,0.231809,-0.556649,-0.412961
0.064989,0.077917,-0.304163,-0.946525,-0.269842,0.332919,0.224443,0.867882,0.682779,0.231764,-0.556506,-0.413031
0.065062,0.077871,-0.30425,-0.946494,-0.269982,0.332894,0.224268,0.867894,0.682845,0.231723,-0.556368,-0.413133
0.065119,0.077856,-0.304112,-0.946537,-0.270132,0.332769,0.223952,0.867981,0.68289,0.231722,-0.556234,-0.41324
0.065175,0.077869,-0.303862,-0.946614,-0.270278,0.332635,0.223608,0.86808,0.682927,0.231766,-0.556102,-0.413332
0.065199,0.077962,-0.303516,-0.94672,-0.270421,0.33242,0.223348,0.868189,0.682925,0.231818,-0.556034,-0.413398
0.065191,0.078072,-0.303086,-0.946853,-0.270491,0.332267,0.223118,0.868288,0.682922,0.231885,-0.555972,-0.41345
0.065151,0.078183,-0.302817,-0.946936,-0.270614,0.332188,0.223007,0.868311,0.682921,0.231993,-0.555956,-0.413412
0.065167,0.078264,-0.302584,-0.947007,-0.270622,0.332188,0.223014,0.868307,0.682911,0.232043,-0.555975,-0.413376
0.065156,0.078375,-0.302466,-0.947038,-0.270593,0.332264,0.222998,0.86829,0.682877,0.232113,-0.556014,-0.41334
0.065105,0.078412,-0.302451,-0.947044,-0.270618,0.332381,0.223076,0.868216,0.682804,0.232123,-0.556124,-0.413308
0.065068,0.078419,-0.302511,-0.947027,-0.270625,0.332451,0.223185,0.868157,0.682729,0.232142,-0.556297,-0.413187
0.065021,0.078438,-0.302615,-0.946996,-0.270595,0.332499,0.223248,0.868131,0.682627,0.232185,-0.556488,-0.413075
0.064991,0.0784,-0.302752,-0.946955,-0.270545,0.332548,0.223322,0.868107,0.682491,0.232237,-0.556738,-0.412933
0.064918,0.078349,-0.302908,-0.946913,-0.270489,0.332501,0.22339,0.868125,0.682392,0.232245,-0.55696,-0.412791
0.064866,0.078349,-0.303104,-0.946852,-0.270465,0.332409,0.223473,0.868147,0.682293,0.232276,-0.557108,-0.412737
0.064815,0.078368,-0.303262,-0.946803,-0.270391,0.332358,0.223569,0.868165,0.682211,0.232308,-0.557252,-0.412661
0.06472,0.078403,-0.303332,-0.946784,-0.270299,0.332297,0.223652,0.868196,0.682201,0.232294,-0.557265,-0.412668
0.064721,0.078417,-0.303464,-0.946741,-0.270219,0.332247,0.223708,0.868226,0.682198,0.232258,-0.557259,-0.412701
0.064641,0.078381,-0.303492,-0.946739,-0.270198,0.332266,0.22376,0.868211,0.682266,0.232216,-0.557149,-0.41276
0.064622,0.078368,-0.30345,-0.946755,-0.270087,0.332276,0.223788,0.868233,0.682343,0.232207,-0.557034,-0.412795
0.06463,0.078335,-0.303395,-0.946774,-0.270035,0.332321,0.223739,0.868244,0.682387,0.232209,-0.556915,-0.41288
0.064656,0.078347,-0.30337,-0.94678,-0.269982,0.332353,0.223746,0.868245,0.682392,0.232213,-0.556828,-0.412989
0.064683,0.078334,-0.303323,-0.946794,-0.270002,0.3324,0.223775,0.868213,0.682435,0.232185,-0.556761,-0.413023
0.064693,0.078291,-0.303231,-0.946827,-0.270081,0.332397,0.223749,0.868197,0.682486,0.232185,-0.556691,-0.413032
0.064725,0.078293,-0.303241,-0.946821,-0.270163,0.332378,0.22362,0.868213,0.682502,0.232204,-0.556645,-0.413058
0.064759,0.078353,-0.303204,-0.946827,-0.270267,0.332337,0.223537,0.86822,0.682534,0.232239,-0.556607,-0.41304
0.064787,0.078391,-0.303127,-0.946848,-0.270438,0.332271,0.223448,0.868217,0.682575,0.232251,-0.556586,-0.412991
0.064799,0.078417,-0.303083,-0.946859,-0.270594,0.332205,0.223369,0.868216,0.682578,0.23224,-0.556615,-0.412952
0.06485,0.078433,-0.302985,-0.946887,-0.270739,0.332183,0.223292,0.868201,0.682559,0.23227,-0.55666,-0.412908
0.064812,0.078524,-0.302931,-0.946901,-0.270775,0.332231,0.22323,0.868188,0.682528,0.232331,-0.556724,-0.412837
0.064769,0.078556,-0.302947,-0.946897,-0.270786,0.332206,0.223271,0.868183,0.682516,0.232378,-0.556739,-0.412812
0.064763,0.078559,-0.302988,-0.946884,-0.270763,0.332243,0.223324,0.868161,0.682497,0.23239,-0.556786,-0.412771
0.064784,0.078563,-0.303054,-0.94686,-0.270716,0.332304,0.2234,0.868132,0.682473,0.232401,-0.556802,-0.412785
0.064767,0.07853,-0.30316,-0.946829,-0.270665,0.332388,0.223466,0.868096,0.682426,0.232372,-0.556843,-0.412823
0.064766,0.078554,-0.303193,-0.946817,-0.270617,0.332428,0.223465,0.868096,0.682425,0.232352,-0.556804,-0.412888
0.064775,0.078473,-0.30321,-0.946816,-0.270573,0.332418,0.223544,0.868092,0.682463,0.232318,-0.55674,-0.41293
0.064746,0.078434,-0.303231,-0.946814,-0.270563,0.332357,0.223582,0.868111,0.682517,0.232324,-0.556625,-0.412994
0.064762,0.078402,-0.303194,-0.946826,-0.27061,0.332266,0.223601,0.868127,0.682555,0.232272,-0.556519,-0.413105
0.064677,0.078401,-0.303207,-0.946828,-0.270552,0.332217,0.223586,0.868167,0.682637,0.232242,-0.556353,-0.413209
0.064693,0.078381,-0.303225,-0.946822,-0.270501,0.33215,0.223639,0.868196,0.682697,0.232185,-0.556216,-0.413325
0.064722,0.078402,-0.303239,-0.946814,-0.270417,0.332104,0.223621,0.868244,0.68274,0.232217,-0.556109,-0.413381
0.064702,0.078374,-0.303137,-0.946851,-0.270356,0.332055,0.22367,0.86827,0.682785,0.232192,-0.556057,-0.413391
0.064701,0.078402,-0.303083,-0.946867,-0.270305,0.332035,0.223682,0.868289,0.682816,0.232213,-0.55602,-0.413379
0.064701,0.078358,-0.303075,-0.946872,-0.270214,0.332078,0.223758,0.868281,0.682797,0.232267,-0.556018,-0.413381
0.064658,0.078348,-0.303187,-0.94684,-0.270158,0.332136,0.223818,0.86826,0.682749,0.232315,-0.556078,-0.413355
0.064664,0.078337,-0.303241,-0.946822,-0.270111,0.332142,0.223859,0.86826,0.68268,0.232343,-0.55617,-0.413328
0.064617,0.078313,-0.303306,-0.946806,-0.27007,0.332141,0.22391,0.86826,0.682638,0.23238,-0.556275,-0.413235
0.064597,0.078312,-0.303406,-0.946774,-0.270063,0.332201,0.223917,0.868237,0.68259,0.2324,-0.556428,-0.413098
0.064569,0.078281,-0.303533,-0.946737,-0.270091,0.332234,0.223913,0.868216,0.682507,0.23246,-0.556599,-0.412969
0.064584,0.078291,-0.303627,-0.946704,-0.270139,0.332291,0.223916,0.868179,0.682394,0.232428,-0.556841,-0.412848
0.064536,0.078289,-0.303756,-0.946665,-0.270142,0.332348,0.223911,0.868156,0.682287,0.232499,-0.557053,-0.412697
0.064483,0.078334,-0.303884,-0.946624,-0.270165,0.332401,0.223903,0.868129,0.682177,0.232579,-0.55725,-0.412568
0.064502,0.07833,-0.304083,-0.946558,-0.270202,0.332465,0.223952,0.86808,0.682094,0.232587,-0.557406,-0.41249
0.064494,0.078376,-0.304235,-0.946506,-0.270213,0.332586,0.224002,0.868016,0.68207,0.232508,-0.557478,-0.412476
0.064555,0.07837,-0.304358,-0.946462,-0.270213,0.332684,0.224034,0.86797,0.68208,0.232423,-0.557458,-0.412535
0.064599,0.078342,-0.304389,-0.946451,-0.270232,0.332759,0.223999,0.867942,0.682134,0.232384,-0.557349,-0.412614
0.06464,0.07833,-0.304405,-0.946443,-0.270222,0.33277,0.223854,0.867979,0.682163,0.232396,-0.557237,-0.412713
0.064604,0.078296,-0.304323,-0.946475,-0.270224,0.332714,0.223708,0.868039,0.682241,0.232327,-0.557072,-0.412846
0.064584,0.07828,-0.304194,-0.94652,-0.270213,0.332616,0.2236,0.868109,0.682338,0.232328,-0.556916,-0.412892
0.064592,0.078277,-0.304016,-0.946577,-0.270162,0.332473,0.223562,0.868192,0.682402,0.232377,-0.556785,-0.412936
0.064598,0.078337,-0.303819,-0.946637,-0.27015,0.332377,0.223499,0.868249,0.682446,0.232422,-0.556678,-0.412984
0.06459,0.078387,-0.303643,-0.946693,-0.2701,0.332273,0.22353,0.868298,0.682467,0.232428,-0.556621,-0.413024
0.064625,0.078409,-0.303532,-0.946725,-0.270051,0.332164,0.223609,0.868335,0.682487,0.232447,-0.556621,-0.412982
0.06462,0.078452,-0.303452,-0.946749,-0.27003,0.332104,0.223729,0.868334,0.682504,0.23246,-0.556627,-0.412937
0.064582,0.078453,-0.303514,-0.946731,-0.269949,0.332079,0.223844,0.868339,0.682493,0.232485,-0.556661,-0.412896
0.06457,0.078435,-0.303592,-0.946707,-0.269876,0.332082,0.223913,0.868341,0.682463,0.232471,-0.556734,-0.412854
0.064549,0.078453,-0.303656,-0.946687,-0.269798,0.332179,0.224026,0.868298,0.682447,0.232476,-0.556818,-0.412762
0.064516,0.078439,-0.303753,-0.946658,-0.269724,0.332228,0.224088,0.868284,0.6824,0.232527,-0.556907,-0.412694
0.064523,0.078402,-0.303828,-0.946636,-0.269627,0.332282,0.224172,0.86827,0.682352,0.23255,-0.556957,-0.41269
0.064536,0.078353,-0.303893,-0.946616,-0.269566,0.33232,0.224164,0.868276,0.682341,0.232527,-0.557024,-0.412632
0.064528,0.078348,-0.303918,-0.946609,-0.269488,0.332323,0.224203,0.868288,0.682294,0.232573,-0.557104,-0.412575
0.064506,0.078335,-0.303974,-0.946593,-0.269421,0.332323,0.22413,0.868327,0.682248,0.232574,-0.557186,-0.412542
0.064451,0.078317,-0.304051,-0.946573,-0.269446,0.332302,0.224122,0.86833,0.682215,0.232572,-0.557213,-0.412559
0.064428,0.078287,-0.304087,-0.946565,-0.269475,0.332295,0.224096,0.868332,0.682256,0.23252,-0.557165,-0.412585
0.064425,0.07831,-0.304182,-0.946533,-0.270535,0.331982,0.222724,0.86849,0.682339,0.232475,-0.55702,-0.41267
0.064432,0.078274,-0.304213,-0.946524,-0.270521,0.332053,0.222765,0.868456,0.682655,0.232753,-0.556184,-0.413122
0.0644331700720203,0.0782751750751696,-0.304206732444444,-0.946525965333333,-0.270520049913736,0.332059159764239,0.222770509205964,0.868452274312953,0.682654976805168,0.232752978713861,-0.556184049565137,-0.413121977015338
0.0644342748337099,0.0782785956926089,-0.304188499555556,-0.946531682666667,-0.270519223594199,0.332064568646092,0.222775311088152,0.868448956496939,0.682654899998501,0.232752912887247,-0.556184215485281,-0.413121898511344
0.0644353160850277,0.078284104940214,-0.304159156,-0.946540884,-0.27051851209165,0.332069279315735,0.222779457225299,0.86844601954376,0.682654758746749,0.232752799567867,-0.556184523597528,-0.413121750163004
0.0644362956259328,0.0782915459058807,-0.304119556444444,-0.946553301333333,-0.270517906456351,0.332073344443342,0.222782999196139,0.868443436445217,0.682654542216656,0.232752635803427,-0.556184999738978,-0.413121517645308
0.0644372152563839,0.0783007616775051,-0.304070555555556,-0.946568666666667,-0.270517397738564,0.332076816699089,0.222785988579408,0.868441180193111,0.682654239574971,0.232752418641633,-0.556185669746729,-0.413121186633242
0.0644380767763401,0.078311595342983,-0.304013008,-0.946586712,-0.270516976988549,0.33207974875315,0.22278847695384,0.868439223779241,0.68265383998844,0.232752145130194,-0.556186559457878,-0.413120742801793
0.0644388819857603,0.0783238899902105,-0.303947768444444,-0.946607169333333,-0.270516635256569,0.332082193275701,0.222790515898171,0.868437540195411,0.68265333262381,0.232751812316815,-0.556187694709524,-0.41312017182595
0.0644396326846033,0.0783374887070834,-0.303875691555556,-0.946629770666667,-0.270516363592885,0.332084202936916,0.222792156991135,0.868436102433419,0.682652706647828,0.232751417249205,-0.556189101338764,-0.4131194593807
0.0644403306728281,0.0783522345814978,-0.303797632,-0.946654248,-0.270516153047758,0.33208583040697,0.222793451811468,0.868434883485068,0.682651951227241,0.232750956975069,-0.556190805182698,-0.41311859114103
0.0644409777503936,0.0783679707013495,-0.303714444444444,-0.946680333333333,-0.270515994671451,0.332087128356039,0.222794451937903,0.868433856342158,0.682651055528796,0.232750428542116,-0.556192832078422,-0.413117552781929
0.0644415757172589,0.0783845401545346,-0.303626983555556,-0.946707758666667,-0.270515879514223,0.332088149454298,0.222795208949176,0.868432993996489,0.68265000871924,0.232749828998051,-0.556195207863035,-0.413116329978382
0.0644421263733826,0.078401786028949,-0.303536104,-0.946736256,-0.270515798626338,0.332088946371921,0.222795774424023,0.868432269439864,0.68264879996532,0.232749155390582,-0.556197958373635,-0.413114908405379
0.0644426315187239,0.0784195514124886,-0.303442660444444,-0.946765557333333,-0.270515743058056,0.332089571779084,0.222796199941176,0.868431655664083,0.682647418433783,0.232748404767416,-0.556201109447319,-0.413113273737907
0.0644430929532416,0.0784376793930494,-0.303347507555556,-0.946795394666667,-0.270515703859639,0.332090078345961,0.222796537079373,0.868431125660946,0.682645853291375,0.232747574176259,-0.556204686921187,-0.413111411650953
0.0644435124768946,0.0784560130585274,-0.3032515,-0.9468255,-0.270515672081349,0.332090518742728,0.222796837417347,0.868430652422256,0.682644093704844,0.23274666066482,-0.556208716632337,-0.413109307819505
0.064443891889642,0.0784743954968184,-0.303155492444444,-0.946855605333333,-0.270515638773447,0.33209094563956,0.222797152533834,0.868430208939811,0.682642128840936,0.232745661280804,-0.556213224417865,-0.413106947918549
0.0644442329914425,0.0784926697958185,-0.303060339555556,-0.946885442666667,-0.270515594986194,0.332091411706631,0.222797534007568,0.868429768205415,0.6826399478664,0.23274457307192,-0.556218236114871,-0.413104317623075
0.0644445375822551,0.0785106790434235,-0.302966896,-0.946914744,-0.270515531769852,0.332091969614117,0.222798033417284,0.868429303210867,0.68263753994798,0.232743393085873,-0.556223777560452,-0.413101402608069
0.0644448074620387,0.0785282663275295,-0.302876016444444,-0.946943241333333,-0.270515440174683,0.332092672032193,0.222798702341718,0.868428786947968,0.682634894252425,0.23274211837037,-0.556229874591706,-0.413098188548519
0.0644450444307524,0.0785452747360324,-0.302788555555556,-0.946970666666667,-0.270515311250948,0.332093571631033,0.222799592359604,0.868428192408519,0.682631999946482,0.23274074597312,-0.556236553045732,-0.413094661119413
0.0644452502883549,0.0785615473568282,-0.302705368,-0.946996752,-0.270515136048908,0.332094721080813,0.222800755049676,0.868427492584322,0.682628846196896,0.232739272941828,-0.556243838759628,-0.413090805995737
0.0644454268348052,0.0785769272778127,-0.302627308444444,-0.947021229333333,-0.270514905618826,0.332096173051708,0.22280224199067,0.868426660467176,0.682625422170416,0.232737696324202,-0.556251757570491,-0.41308660885248
0.0644455758700623,0.078591257586882,-0.302555231555556,-0.947043830666667,-0.270514611010962,0.332097980213893,0.222804104761322,0.868425669048884,0.682621717033789,0.232736013167949,-0.55626033531542,-0.41308205536463
0.064445699194085,0.078604381371932,-0.302489992,-0.947064288,-0.270514243275578,0.332100195237542,0.222806394940364,0.868424491321246,0.68261771995376,0.232734220520776,-0.556269597831513,-0.413077131207173
0.0644457986068323,0.0786161417208587,-0.302432444444444,-0.947082333333333,-0.270513793462935,0.332102870792831,0.222809164106534,0.868423100276062,0.682613420097078,0.232732315430389,-0.556279570955867,-0.413071822055097
0.0644458759082632,0.0786263817215579,-0.302383443555556,-0.947097698666667,-0.270513252623296,0.332106059549935,0.222812463838564,0.868421468905135,0.682608806630488,0.232730294944496,-0.556290280525582,-0.41306611358339
0.0644459328983364,0.0786349444619257,-0.302343844,-0.947110116,-0.270512611806921,0.332109814179029,0.222816345715192,0.868419570200264,0.682603868720739,0.232728156110803,-0.556301752377754,-0.413059991467039
0.064445971377011,0.078641673029858,-0.302314500444444,-0.947119317333333,-0.270511862064073,0.332114187350288,0.22282086131515,0.86841737715325,0.682598595534576,0.232725895977019,-0.556314012349483,-0.413053441381032
0.0644459931442459,0.0786464105132508,-0.302296267555556,-0.947125034666667,-0.270510994445012,0.332119231733887,0.222826062217174,0.868414862755895,0.682592976238748,0.232723511590848,-0.556327086277865,-0.413046449000357
0.064446,0.078649,-0.30229,-0.947127,-0.27051,0.332125,0.222832,0.868412,0.682587,0.232721,-0.556341,-0.413039
0.064433,0.07865,-0.302451,-0.947075,-0.270355,0.332159,0.222993,0.868405,0.682525,0.232711,-0.556506,-0.412926
0.064396,0.078585,-0.302605,-0.947031,-0.27027,0.332176,0.223133,0.868388,0.682449,0.232721,-0.55665,-0.412851
0.064398,0.078511,-0.302801,-0.946973,-0.270201,0.332159,0.223229,0.86839,0.682397,0.232724,-0.556767,-0.412776
0.064406,0.078437,-0.302961,-0.946924,-0.270136,0.332127,0.223407,0.868377,0.682361,0.232692,-0.556861,-0.412727
0.064374,0.07835,-0.303198,-0.946855,-0.270023,0.332093,0.223512,0.868398,0.682367,0.232649,-0.556926,-0.412652
0.064329,0.078327,-0.303323,-0.946819,-0.269939,0.332059,0.223568,0.868422,0.682384,0.232615,-0.556903,-0.412675
0.064312,0.078336,-0.303403,-0.946792,-0.269835,0.332073,0.223592,0.868441,0.682405,0.232633,-0.556832,-0.412724
0.064325,0.078333,-0.303419,-0.946787,-0.269777,0.332083,0.22361,0.868451,0.682399,0.232622,-0.556791,-0.412799
0.064322,0.078345,-0.303436,-0.946781,-0.269729,0.332109,0.223571,0.868465,0.682468,0.232617,-0.556685,-0.41283
0.064326,0.078316,-0.303392,-0.946796,-0.269687,0.332132,0.223529,0.86848,0.682526,0.232645,-0.556585,-0.412853
0.064364,0.078324,-0.303298,-0.946825,-0.269721,0.332137,0.22346,0.868486,0.682572,0.232623,-0.5565,-0.412905
0.064404,0.078321,-0.303224,-0.946846,-0.269762,0.332078,0.223398,0.868513,0.682609,0.232606,-0.556453,-0.412917
0.064376,0.078301,-0.303176,-0.946865,-0.269859,0.332004,0.223319,0.868532,0.682613,0.232645,-0.556481,-0.41285
0.064366,0.078329,-0.303111,-0.946885,-0.269925,0.331985,0.223209,0.868549,0.682586,0.232683,-0.556519,-0.412823
0.064371,0.078286,-0.30309,-0.946894,-0.269977,0.331986,0.223131,0.868553,0.682558,0.232754,-0.556535,-0.412809
0.06441,0.078329,-0.30301,-0.946916,-0.27008,0.332008,0.223097,0.868521,0.682512,0.23279,-0.556611,-0.41276
0.064437,0.078348,-0.302987,-0.94692,-0.270123,0.332019,0.223121,0.868497,0.682451,0.232804,-0.556724,-0.412702
0.064435,0.078368,-0.302979,-0.946921,-0.270139,0.332096,0.223147,0.868455,0.682404,0.232859,-0.556821,-0.412617
0.06447,0.078414,-0.303043,-0.946895,-0.270153,0.332162,0.223155,0.868423,0.682354,0.232894,-0.556934,-0.412527
0.064483,0.078459,-0.303138,-0.94686,-0.270098,0.332213,0.223177,0.868414,0.682312,0.232848,-0.557024,-0.4125
0.064519,0.078478,-0.303168,-0.946847,-0.27003,0.332234,0.223183,0.868425,0.68233,0.232823,-0.557029,-0.412479
0.064512,0.078527,-0.303198,-0.946835,-0.270032,0.332165,0.223131,0.868466,0.682307,0.232806,-0.557036,-0.412515
0.064498,0.078525,-0.303197,-0.946836,-0.26996,0.332042,0.223082,0.868548,0.68229,0.232773,-0.557055,-0.412537
0.064524,0.078516,-0.303116,-0.946862,-0.269848,0.331908,0.223052,0.868643,0.682298,0.232695,-0.557027,-0.412604
0.064507,0.078528,-0.30299,-0.946903,-0.269803,0.331797,0.223079,0.868693,0.682325,0.232724,-0.55692,-0.41269
0.064495,0.07852,-0.302804,-0.946964,-0.269804,0.331679,0.223089,0.868738,0.682346,0.2327,-0.556829,-0.412792
0.064471,0.078542,-0.302616,-0.947025,-0.269751,0.331592,0.22308,0.86879,0.682371,0.232706,-0.556765,-0.412835
0.064483,0.078623,-0.302522,-0.94705,-0.269717,0.331596,0.223081,0.868799,0.682448,0.232651,-0.556646,-0.412895
0.064443,0.078664,-0.302424,-0.947083,-0.269676,0.331643,0.223086,0.868792,0.682491,0.232614,-0.556582,-0.412932
0.064441,0.078647,-0.302334,-0.947114,-0.269652,0.331712,0.22307,0.868776,0.682592,0.232593,-0.556448,-0.412959
0.064401,0.078623,-0.302358,-0.947109,-0.269625,0.331797,0.223101,0.868742,0.682655,0.232588,-0.556343,-0.412999
0.064446,0.078541,-0.302327,-0.947121,-0.269621,0.33189,0.223084,0.868711,0.682739,0.232511,-0.556244,-0.413034
0.064462,0.078484,-0.302347,-0.947118,-0.269621,0.331908,0.223112,0.868697,0.682791,0.232486,-0.556182,-0.413048
0.064456,0.078429,-0.30235,-0.94712,-0.269601,0.331942,0.223109,0.86869,0.682819,0.232467,-0.556146,-0.413062
0.064487,0.078364,-0.302401,-0.947106,-0.269631,0.331934,0.223056,0.868698,0.682804,0.232531,-0.556174,-0.413011
0.06451,0.078337,-0.302407,-0.947104,-0.269642,0.331908,0.223006,0.868718,0.682724,0.232575,-0.556295,-0.412958
0.064481,0.07838,-0.302374,-0.947114,-0.269656,0.331904,0.222989,0.86872,0.682643,0.232659,-0.556422,-0.412872
0.064484,0.078343,-0.302482,-0.947081,-0.269647,0.331966,0.222944,0.86871,0.682618,0.232675,-0.556537,-0.412749
0.064476,0.078372,-0.302577,-0.947049,-0.269661,0.33204,0.222921,0.868682,0.682566,0.232744,-0.556682,-0.412601
0.064468,0.078431,-0.302686,-0.94701,-0.269725,0.332112,0.222944,0.868628,0.682481,0.232758,-0.556822,-0.412545
0.06446,0.078416,-0.3028,-0.946975,-0.269752,0.332181,0.222995,0.868579,0.682466,0.232752,-0.556862,-0.41252
0.064472,0.078387,-0.302887,-0.946947,-0.26977,0.332207,0.222957,0.868574,0.682485,0.232772,-0.55684,-0.412506
0.064472,0.07835,-0.303,-0.946912,-0.269736,0.332199,0.222844,0.868617,0.68252,0.23272,-0.556778,-0.41256
0.064437,0.078278,-0.303051,-0.946903,-0.26973,0.332105,0.222674,0.868699,0.682542,0.232666,-0.556683,-0.412682
0.064418,0.078226,-0.303012,-0.94692,-0.269677,0.331892,0.222545,0.868833,0.682632,0.232654,-0.556496,-0.412793
0.0644,0.078232,-0.302801,-0.94699,-0.269661,0.331728,0.222443,0.868929,0.682718,0.232672,-0.556322,-0.412877
0.064366,0.078263,-0.302475,-0.947096,-0.269612,0.331591,0.222378,0.869016,0.682758,0.232735,-0.556176,-0.412971
0.064358,0.078308,-0.302163,-0.947196,-0.269561,0.331453,0.222417,0.869076,0.682832,0.232712,-0.556003,-0.413095
0.064258,0.078427,-0.301913,-0.947276,-0.26951,0.331359,0.222413,0.869129,0.682863,0.232731,-0.555886,-0.413192
0.064233,0.078526,-0.301652,-0.947356,-0.269453,0.331341,0.222501,0.86913,0.682862,0.232788,-0.555847,-0.413215
0.064206,0.078526,-0.3016,-0.947374,-0.26941,0.331339,0.22252,0.86914,0.682906,0.232815,-0.55577,-0.413231
0.064193,0.078515,-0.301609,-0.947373,-0.269342,0.331362,0.222587,0.869133,0.682863,0.232807,-0.555842,-0.413209
0.064195,0.078485,-0.301657,-0.94736,-0.269282,0.331409,0.22268,0.869109,0.682835,0.232821,-0.555893,-0.413178
0.064191,0.078406,-0.301778,-0.947325,-0.269227,0.331445,0.222814,0.869076,0.682803,0.232829,-0.555964,-0.413131
0.064148,0.07839,-0.30191,-0.947287,-0.269176,0.331548,0.2229,0.869029,0.682708,0.232857,-0.556103,-0.413085
0.06417,0.078384,-0.301993,-0.947258,-0.269116,0.331603,0.222966,0.869008,0.682635,0.23282,-0.55624,-0.413042
0.064174,0.078337,-0.302149,-0.947211,-0.269073,0.331652,0.223081,0.868972,0.68256,0.232808,-0.556379,-0.412985
0.064175,0.078326,-0.302329,-0.947153,-0.269035,0.331777,0.22319,0.868906,0.682486,0.232852,-0.556539,-0.412867
0.064181,0.078286,-0.302566,-0.947078,-0.269069,0.331838,0.223216,0.868865,0.682434,0.232837,-0.556679,-0.412772
0.064197,0.07824,-0.302753,-0.947019,-0.269162,0.331944,0.223221,0.868794,0.682341,0.232824,-0.556828,-0.412731
0.064226,0.078186,-0.302943,-0.946958,-0.269259,0.332021,0.223144,0.868753,0.682304,0.232857,-0.556884,-0.412699
0.064222,0.07817,-0.303029,-0.946932,-0.269364,0.332052,0.223078,0.868726,0.682343,0.232796,-0.556834,-0.412735
0.064246,0.078167,-0.303072,-0.946917,-0.269503,0.332098,0.222969,0.868694,0.682393,0.232795,-0.556764,-0.412748
0.064288,0.07816,-0.303029,-0.946928,-0.269685,0.332103,0.222875,0.868662,0.682444,0.232781,-0.556599,-0.412895
0.064355,0.078142,-0.302941,-0.946953,-0.269828,0.332104,0.22276,0.868648,0.682525,0.232806,-0.556429,-0.412977
0.064413,0.078199,-0.302775,-0.947,-0.269939,0.33211,0.222645,0.868642,0.682632,0.232787,-0.556236,-0.41307
0.064431,0.078263,-0.302605,-0.94705,-0.269978,0.332063,0.222618,0.868655,0.682708,0.232813,-0.556083,-0.413136
0.064458,0.078304,-0.302476,-0.947088,-0.270009,0.33206,0.22261,0.868649,0.682755,0.232844,-0.555952,-0.413217
0.064562,0.078358,-0.302333,-0.947123,-0.26999,0.332016,0.222592,0.868677,0.682804,0.232869,-0.555841,-0.413273
0.064627,0.078355,-0.302244,-0.947148,-0.270011,0.331964,0.222583,0.868693,0.682862,0.232868,-0.555755,-0.413293
0.064627,0.078374,-0.302231,-0.947151,-0.269999,0.331903,0.222622,0.868711,0.682883,0.232888,-0.555693,-0.413331
0.064576,0.078397,-0.302155,-0.947178,-0.269941,0.331825,0.222634,0.868756,0.682902,0.232907,-0.555657,-0.413337
0.064579,0.078371,-0.3021,-0.947197,-0.269831,0.331743,0.222706,0.868804,0.682864,0.232902,-0.555666,-0.413393
0.064579,0.078379,-0.302137,-0.947184,-0.269751,0.33168,0.222735,0.868846,0.682854,0.232904,-0.5557,-0.413362
0.064504,0.078361,-0.302204,-0.947169,-0.269664,0.331669,0.222793,0.868861,0.682822,0.232921,-0.555775,-0.413303
0.064447,0.078332,-0.302246,-0.947161,-0.269544,0.331693,0.222869,0.868868,0.682748,0.23291,-0.555926,-0.413228
0.064438,0.078323,-0.302264,-0.947156,-0.269508,0.331761,0.222979,0.868823,0.682669,0.232944,-0.556091,-0.413115
0.064406,0.078263,-0.302352,-0.947135,-0.269424,0.331871,0.223068,0.868782,0.682611,0.232947,-0.556267,-0.412975
0.064376,0.078215,-0.302552,-0.947074,-0.269385,0.331947,0.223141,0.868745,0.682534,0.232938,-0.556444,-0.412866
0.064345,0.078155,-0.302746,-0.947016,-0.269412,0.332026,0.223271,0.868672,0.682482,0.23291,-0.556571,-0.412799
0.064315,0.078113,-0.302895,-0.946972,-0.269418,0.332044,0.223293,0.868658,0.682506,0.232863,-0.556558,-0.412802
0.064336,0.078045,-0.303064,-0.94692,-0.269501,0.332094,0.223214,0.868633,0.682536,0.232852,-0.556472,-0.412875
0.064346,0.078025,-0.303171,-0.946886,-0.269627,0.332054,0.22302,0.868661,0.682565,0.232867,-0.55636,-0.412968
0.064346,0.078004,-0.303144,-0.946896,-0.26977,0.331941,0.222761,0.868729,0.682606,0.232888,-0.556208,-0.413095
0.064369,0.077984,-0.302969,-0.946953,-0.269908,0.331825,0.222496,0.868802,0.682663,0.232888,-0.556063,-0.413195
0.064384,0.078004,-0.302736,-0.947026,-0.270004,0.331742,0.222262,0.868866,0.682749,0.232914,-0.555903,-0.413257
0.064428,0.078061,-0.302436,-0.947118,-0.270172,0.331677,0.22214,0.868873,0.682812,0.232972,-0.555738,-0.413341
0.064471,0.078169,-0.302069,-0.947227,-0.270147,0.331615,0.222112,0.868913,0.682849,0.232992,-0.555613,-0.413437
0.064534,0.078291,-0.301813,-0.947298,-0.27013,0.331578,0.222143,0.868924,0.682875,0.233082,-0.555507,-0.413487
0.064556,0.078327,-0.301692,-0.947334,-0.270106,0.331541,0.222188,0.868934,0.682924,0.233115,-0.555415,-0.413514
0.064564,0.078316,-0.301658,-0.947345,-0.270069,0.331468,0.222206,0.868969,0.682938,0.233136,-0.555391,-0.41351
0.06457,0.078313,-0.30163,-0.947354,-0.269988,0.331442,0.222184,0.86901,0.682935,0.233141,-0.555402,-0.413497
0.06453,0.078352,-0.301652,-0.947347,-0.269908,0.331389,0.222251,0.869039,0.68294,0.233148,-0.555425,-0.413453
0.064487,0.078341,-0.301629,-0.947358,-0.269858,0.331291,0.22231,0.869077,0.682905,0.233166,-0.555512,-0.413385
0.064448,0.078327,-0.301597,-0.947372,-0.269764,0.331259,0.222304,0.869119,0.682848,0.233213,-0.55565,-0.413267
0.064363,0.07834,-0.301591,-0.947379,-0.269671,0.331204,0.222298,0.869171,0.682793,0.23322,-0.555796,-0.413158
0.064295,0.078363,-0.301563,-0.947391,-0.269569,0.331161,0.222349,0.869206,0.682745,0.233214,-0.55594,-0.413045
0.064227,0.078335,-0.301668,-0.947363,-0.269437,0.331225,0.222417,0.869202,0.682634,0.233258,-0.556124,-0.412958
0.064132,0.07834,-0.301809,-0.947324,-0.269347,0.331273,0.222485,0.869193,0.682583,0.233279,-0.556229,-0.412886
0.064092,0.078278,-0.301883,-0.947307,-0.269299,0.331341,0.22255,0.869164,0.682523,0.233278,-0.556315,-0.412871
0.064062,0.078258,-0.301993,-0.947274,-0.269322,0.331424,0.22264,0.869102,0.682534,0.233304,-0.556308,-0.412846
0.064046,0.078205,-0.302145,-0.947229,-0.269306,0.331513,0.222738,0.869045,0.682551,0.233304,-0.556277,-0.41286
0.064067,0.078097,-0.302262,-0.947196,-0.26935,0.331581,0.222729,0.869008,0.68255,0.23332,-0.55626,-0.412875
0.064099,0.078053,-0.302371,-0.947161,-0.269399,0.331633,0.222656,0.868991,0.682569,0.233343,-0.556196,-0.412918
0.064193,0.07803,-0.302379,-0.947154,-0.269459,0.331613,0.222555,0.869007,0.682594,0.233413,-0.556108,-0.412957
0.064237,0.078067,-0.30238,-0.947149,-0.269519,0.33163,0.222398,0.869023,0.682616,0.233453,-0.55605,-0.412977
0.064277,0.078103,-0.302309,-0.947166,-0.269611,0.33165,0.222274,0.869019,0.682602,0.233579,-0.555986,-0.413014
0.064298,0.078125,-0.302231,-0.947189,-0.269698,0.331684,0.222205,0.868997,0.682614,0.233616,-0.555917,-0.413067
0.064321,0.078127,-0.302092,-0.947232,-0.269774,0.331697,0.222227,0.868963,0.682606,0.233668,-0.555903,-0.41307
0.064336,0.078163,-0.302016,-0.947254,-0.26982,0.331775,0.222233,0.868917,0.682631,0.233688,-0.55585,-0.41309
0.064343,0.078163,-0.302013,-0.947254,-0.26983,0.33188,0.222314,0.868851,0.682655,0.233707,-0.5558,-0.413106
0.064427,0.078169,-0.30206,-0.947233,-0.269805,0.331912,0.222358,0.868834,0.68264,0.233736,-0.555823,-0.413084
0.064456,0.078185,-0.302083,-0.947223,-0.269734,0.331855,0.222422,0.868862,0.682633,0.2338,-0.555824,-0.413058
0.064413,0.078207,-0.302143,-0.947205,-0.26964,0.331854,0.222436,0.868887,0.682572,0.233818,-0.555955,-0.412971
0.064383,0.078142,-0.302223,-0.947185,-0.269555,0.331782,0.222481,0.86893,0.682463,0.233908,-0.556104,-0.412899
0.064339,0.078153,-0.302325,-0.947153,-0.269505,0.33174,0.222564,0.868941,0.682384,0.233938,-0.556262,-0.412799
0.064277,0.078175,-0.302368,-0.947142,-0.269414,0.33168,0.222695,0.868958,0.682318,0.233971,-0.556387,-0.412723
0.064219,0.078173,-0.302411,-0.947133,-0.269351,0.331591,0.22276,0.868996,0.682275,0.233965,-0.556485,-0.412666
0.064158,0.078136,-0.302445,-0.947128,-0.269259,0.331486,0.222847,0.869042,0.682269,0.233963,-0.556515,-0.412636
0.064196,0.078072,-0.302502,-0.947111,-0.269161,0.33147,0.22287,0.869072,0.682297,0.233901,-0.556499,-0.412644
0.064153,0.078054,-0.302594,-0.947085,-0.269035,0.331423,0.2228,0.869147,0.68232,0.233887,-0.556439,-0.412696
0.064148,0.078022,-0.30268,-0.947059,-0.268976,0.331406,0.222778,0.869177,0.682368,0.233865,-0.556333,-0.412773
0.064114,0.078009,-0.302623,-0.947081,-0.268854,0.331393,0.222693,0.869242,0.682403,0.23393,-0.556215,-0.412839
0.064075,0.077958,-0.302567,-0.947105,-0.268815,0.331381,0.222679,0.869262,0.682444,0.233894,-0.55616,-0.412863
0.064085,0.077988,-0.302476,-0.947132,-0.268789,0.33142,0.222688,0.869251,0.682511,0.233933,-0.556063,-0.412863
0.064039,0.077966,-0.302358,-0.947175,-0.26882,0.33146,0.222672,0.869231,0.682601,0.233924,-0.55594,-0.412885
0.064009,0.077925,-0.302267,-0.947209,-0.268896,0.331491,0.222665,0.869198,0.682661,0.233923,-0.555859,-0.412895
0.064016,0.07794,-0.302214,-0.947225,-0.269043,0.33148,0.222592,0.869177,0.682709,0.233872,-0.55581,-0.412912
0.064001,0.077973,-0.302202,-0.947228,-0.269138,0.331531,0.222524,0.869145,0.682706,0.233888,-0.555812,-0.412903
0.064043,0.077986,-0.302228,-0.947216,-0.269273,0.331559,0.22246,0.869109,0.682661,0.233974,-0.55585,-0.412878
0.064047,0.078017,-0.302186,-0.947227,-0.269376,0.331613,0.222442,0.869062,0.682623,0.234062,-0.555888,-0.412842
0.064089,0.077994,-0.302203,-0.947221,-0.269441,0.331665,0.222415,0.869028,0.682577,0.234102,-0.555954,-0.412806
0.064083,0.078002,-0.302241,-0.947208,-0.269456,0.331759,0.222483,0.868968,0.682539,0.234127,-0.556062,-0.412709
0.064093,0.078021,-0.302302,-0.947186,-0.269457,0.331797,0.222517,0.868944,0.682513,0.234105,-0.556171,-0.412617
0.06411,0.078041,-0.302436,-0.94714,-0.269444,0.33183,0.222642,0.868904,0.682464,0.23411,-0.55627,-0.412562
0.06412,0.078067,-0.302552,-0.947101,-0.269352,0.331871,0.222747,0.868888,0.682405,0.234118,-0.556369,-0.412521
0.064111,0.078144,-0.302694,-0.94705,-0.269293,0.331929,0.222809,0.868867,0.682395,0.234126,-0.556404,-0.412486
0.064113,0.078156,-0.302754,-0.947029,-0.269265,0.331894,0.222832,0.868883,0.682388,0.234111,-0.556412,-0.412495
0.064096,0.078145,-0.302801,-0.947016,-0.269191,0.331898,0.222792,0.868914,0.682406,0.234083,-0.556378,-0.412527
0.064079,0.078141,-0.302787,-0.947022,-0.269215,0.331852,0.222812,0.86892,0.682441,0.234004,-0.556309,-0.412605
0.064038,0.078132,-0.302744,-0.947039,-0.269167,0.331737,0.222848,0.86897,0.682504,0.23394,-0.556187,-0.412704
0.064013,0.078148,-0.30261,-0.947084,-0.269117,0.331633,0.222813,0.869036,0.682556,0.233885,-0.556051,-0.412832
0.063985,0.078102,-0.302522,-0.947116,-0.269093,0.331487,0.222798,0.869104,0.682609,0.233907,-0.555934,-0.412889
0.063986,0.078108,-0.302483,-0.947129,-0.26902,0.331371,0.222768,0.869181,0.682627,0.233885,-0.555848,-0.412989
0.063964,0.078125,-0.302376,-0.947164,-0.268996,0.331324,0.222766,0.869207,0.682642,0.233886,-0.555799,-0.41303
0.063891,0.078136,-0.302319,-0.947187,-0.26893,0.331316,0.222758,0.869233,0.682641,0.233894,-0.555781,-0.413051
0.063906,0.078163,-0.30223,-0.947213,-0.26886,0.331333,0.222761,0.869245,0.682633,0.233938,-0.555761,-0.413065
0.063838,0.078161,-0.302124,-0.947253,-0.268857,0.331364,0.222792,0.869226,0.682599,0.233922,-0.555804,-0.413074
0.063869,0.07814,-0.302099,-0.94726,-0.268837,0.331393,0.222868,0.869201,0.682571,0.233948,-0.55584,-0.413057
0.063882,0.078161,-0.302122,-0.94725,-0.268865,0.331455,0.222901,0.86916,0.682544,0.233982,-0.555894,-0.41301
0.063885,0.078136,-0.302237,-0.947214,-0.26882,0.331545,0.222913,0.869135,0.682477,0.234043,-0.555975,-0.412976
0.063833,0.078095,-0.302368,-0.947177,-0.268911,0.331591,0.222864,0.869101,0.682419,0.234052,-0.556106,-0.41289
0.063882,0.078072,-0.302463,-0.947145,-0.268927,0.331695,0.222897,0.869047,0.68235,0.234084,-0.55622,-0.412832
0.063885,0.078031,-0.302521,-0.947129,-0.269022,0.331775,0.22285,0.868999,0.682323,0.234053,-0.556344,-0.412727
0.063847,0.078054,-0.302617,-0.947099,-0.269037,0.331818,0.222842,0.868979,0.682263,0.234083,-0.556441,-0.412678
0.06386,0.078051,-0.302643,-0.947089,-0.269096,0.331912,0.222893,0.868912,0.682222,0.234063,-0.556519,-0.412654
0.063842,0.078078,-0.302727,-0.947061,-0.269184,0.331985,0.222933,0.868845,0.682208,0.234037,-0.556527,-0.412678
0.063854,0.078107,-0.302781,-0.947041,-0.26925,0.33202,0.222925,0.868813,0.682205,0.234032,-0.556487,-0.412741
0.063854,0.078111,-0.302852,-0.947018,-0.269292,0.332064,0.222861,0.868799,0.682241,0.234003,-0.556398,-0.412819
0.063893,0.078108,-0.302852,-0.947015,-0.269356,0.332103,0.222842,0.86877,0.682302,0.233967,-0.556256,-0.41293
0.063918,0.07813,-0.302775,-0.947038,-0.2694,0.332083,0.222783,0.86878,0.682367,0.23393,-0.556124,-0.413021
0.063969,0.078213,-0.302669,-0.947063,-0.26943,0.332028,0.2227,0.868814,0.682485,0.233892,-0.555925,-0.413116
0.064005,0.078243,-0.302557,-0.947095,-0.269496,0.331968,0.222615,0.868839,0.682585,0.233875,-0.555724,-0.413231
0.064004,0.078292,-0.302413,-0.947139,-0.269521,0.331924,0.222599,0.868854,0.682662,0.233838,-0.555522,-0.413396
0.063958,0.078353,-0.302251,-0.947191,-0.269525,0.331839,0.222659,0.86887,0.682746,0.23386,-0.555328,-0.413506
0.063997,0.078376,-0.3021,-0.947236,-0.269469,0.33173,0.222682,0.868925,0.68281,0.233856,-0.555178,-0.413605
0.064,0.07836,-0.301988,-0.947274,-0.269421,0.331678,0.222685,0.868959,0.682875,0.233863,-0.555069,-0.413639
0.064022,0.078323,-0.301898,-0.947303,-0.269341,0.331643,0.222683,0.868998,0.682891,0.233865,-0.555025,-0.413672
0.064021,0.078319,-0.301893,-0.947305,-0.269235,0.331611,0.222777,0.869019,0.682885,0.233885,-0.555055,-0.41363
0.064031,0.078283,-0.301857,-0.947319,-0.269124,0.331643,0.222816,0.869029,0.682882,0.233891,-0.555127,-0.413533
0.06397,0.078289,-0.3019,-0.947308,-0.269021,0.331709,0.22284,0.869027,0.682812,0.233905,-0.555257,-0.413469
0.063974,0.078282,-0.302026,-0.947267,-0.268981,0.33175,0.222915,0.869004,0.682779,0.233909,-0.555347,-0.413399
0.063964,0.078249,-0.302116,-0.947242,-0.268942,0.331867,0.223001,0.868947,0.682695,0.233952,-0.555516,-0.413288
0.063936,0.078194,-0.302287,-0.94719,-0.268875,0.331969,0.223123,0.868895,0.682673,0.233937,-0.555632,-0.413175
0.063899,0.078132,-0.30252,-0.947121,-0.268845,0.33208,0.223247,0.868829,0.682567,0.233979,-0.555818,-0.413075
0.063855,0.078101,-0.302762,-0.947048,-0.268822,0.332166,0.223376,0.868768,0.68251,0.233956,-0.555969,-0.412978
0.063827,0.07804,-0.303028,-0.946967,-0.268819,0.332256,0.223451,0.868714,0.682439,0.233966,-0.556116,-0.412892
0.063854,0.077987,-0.303306,-0.946877,-0.268861,0.33234,0.223481,0.86866,0.682448,0.23394,-0.556138,-0.412862
0.063847,0.077969,-0.303613,-0.946779,-0.268953,0.332394,0.223448,0.86862,0.682484,0.233941,-0.556099,-0.412853
0.063888,0.077921,-0.303773,-0.946727,-0.269082,0.332457,0.223368,0.868577,0.682537,0.233927,-0.55597,-0.412949
0.063947,0.077892,-0.303857,-0.946697,-0.269211,0.332463,0.223155,0.868589,0.682589,0.233963,-0.555811,-0.413056
0.064054,0.077865,-0.303676,-0.946751,-0.269412,0.332375,0.222984,0.868608,0.682675,0.233961,-0.555643,-0.413143
0.064091,0.077914,-0.30345,-0.946819,-0.269497,0.332289,0.22284,0.868654,0.682725,0.233997,-0.555531,-0.413191
0.064163,0.077995,-0.303189,-0.946894,-0.269542,0.332189,0.222747,0.868705,0.682748,0.234053,-0.555434,-0.413254
0.064172,0.078066,-0.302933,-0.946973,-0.269567,0.332077,0.222662,0.868763,0.682734,0.234117,-0.555408,-0.413272
0.064167,0.078092,-0.302699,-0.947048,-0.269539,0.331946,0.222634,0.868831,0.682724,0.234185,-0.555401,-0.413261
0.064125,0.078163,-0.302525,-0.947103,-0.269474,0.331893,0.2227,0.868854,0.68269,0.234254,-0.555451,-0.413213
0.064057,0.078233,-0.302434,-0.947132,-0.269402,0.331883,0.222749,0.868867,0.682656,0.234274,-0.555535,-0.413146
0.064045,0.07828,-0.302415,-0.947137,-0.26927,0.33189,0.222834,0.868882,0.682612,0.234362,-0.555631,-0.413039
0.063979,0.078304,-0.302518,-0.947106,-0.269162,0.331888,0.222921,0.868893,0.682567,0.234395,-0.555743,-0.412942
0.063974,0.078284,-0.302552,-0.947096,-0.269081,0.331901,0.222972,0.8689,0.682516,0.23443,-0.555853,-0.412858
0.063931,0.078239,-0.302681,-0.94706,-0.268989,0.331863,0.223077,0.868916,0.682439,0.234411,-0.556006,-0.412789
0.063891,0.078149,-0.302811,-0.947026,-0.268934,0.33185,0.223123,0.868925,0.682364,0.234415,-0.556159,-0.412706
0.06386,0.078093,-0.302944,-0.946989,-0.268881,0.331819,0.22316,0.868944,0.682281,0.234412,-0.556331,-0.412611
0.06381,0.078054,-0.303003,-0.946975,-0.268814,0.331829,0.223209,0.868948,0.682203,0.234437,-0.556486,-0.412517
0.063771,0.078059,-0.30313,-0.946936,-0.268814,0.331858,0.223365,0.868895,0.682135,0.234398,-0.556634,-0.412453
0.063714,0.078023,-0.303284,-0.946892,-0.26879,0.331946,0.223409,0.868856,0.68212,0.234376,-0.556694,-0.412408
0.063688,0.078034,-0.303429,-0.946845,-0.268734,0.332041,0.223525,0.868805,0.682159,0.23436,-0.556664,-0.412393
0.063674,0.078016,-0.303573,-0.9468,-0.268721,0.332112,0.223534,0.868779,0.68218,0.234375,-0.556618,-0.412412
0.063707,0.077971,-0.303676,-0.946768,-0.268723,0.332125,0.223449,0.868795,0.682231,0.234316,-0.556518,-0.412496
0.063741,0.077974,-0.303695,-0.946759,-0.268768,0.332055,0.223237,0.868864,0.682302,0.234339,-0.556345,-0.4126
0.063766,0.077985,-0.30366,-0.946768,-0.268835,0.331922,0.223014,0.868955,0.682405,0.234386,-0.556131,-0.412693
0.063773,0.078042,-0.303419,-0.946842,-0.268901,0.331826,0.222766,0.869037,0.682484,0.234443,-0.555974,-0.412741
0.063735,0.078085,-0.303182,-0.94692,-0.268962,0.331726,0.222576,0.869108,0.682558,0.234453,-0.555855,-0.412772
0.063715,0.078145,-0.302875,-0.947017,-0.26904,0.331627,0.222538,0.869133,0.68266,0.234455,-0.555698,-0.412816
0.063732,0.078218,-0.302616,-0.947096,-0.269088,0.331596,0.222572,0.869122,0.68271,0.23449,-0.555661,-0.412762
0.063748,0.078301,-0.302432,-0.94715,-0.2691,0.33164,0.222675,0.869074,0.682725,0.234547,-0.555636,-0.412741
0.063764,0.07836,-0.302387,-0.947159,-0.269129,0.331683,0.222806,0.869014,0.682689,0.234596,-0.555678,-0.412713
0.063826,0.078366,-0.302386,-0.947156,-0.26904,0.331753,0.222903,0.868988,0.68268,0.234668,-0.555693,-0.41267
0.06383,0.078368,-0.302487,-0.947122,-0.26899,0.33184,0.222881,0.868975,0.682659,0.234715,-0.555755,-0.412595
0.063829,0.078386,-0.302656,-0.947065,-0.268948,0.331833,0.222897,0.868986,0.682619,0.234768,-0.555851,-0.412499
0.06382,0.078385,-0.302753,-0.947035,-0.268878,0.331798,0.222912,0.869018,0.68256,0.234747,-0.555964,-0.412459
0.063762,0.078352,-0.302854,-0.947008,-0.268831,0.331675,0.222973,0.869064,0.682535,0.234744,-0.556015,-0.41243
0.06371,0.078337,-0.302858,-0.947011,-0.268766,0.331593,0.222969,0.869117,0.682487,0.234741,-0.556088,-0.412412
0.063645,0.078365,-0.302919,-0.946994,-0.268681,0.331485,0.222908,0.869202,0.682458,0.234783,-0.556111,-0.412407
0.063557,0.07839,-0.302877,-0.947012,-0.268587,0.33143,0.222869,0.869262,0.682409,0.234743,-0.556154,-0.412452
0.063489,0.078394,-0.302794,-0.947043,-0.268489,0.331412,0.222846,0.869305,0.682415,0.234694,-0.556163,-0.412457
0.06346,0.07839,-0.302748,-0.947061,-0.26845,0.331436,0.222796,0.86932,0.682444,0.234658,-0.556155,-0.41244
0.063465,0.078397,-0.302636,-0.947097,-0.268392,0.331506,0.222799,0.869309,0.68247,0.234638,-0.556104,-0.412477
0.063414,0.078332,-0.302616,-0.94711,-0.268378,0.3316,0.22284,0.869265,0.682485,0.234594,-0.556044,-0.412559
0.063418,0.078344,-0.30256,-0.947127,-0.268416,0.331716,0.222883,0.869197,0.682489,0.234607,-0.556011,-0.412591
0.063438,0.078302,-0.302603,-0.947115,-0.268461,0.331794,0.222849,0.869162,0.682525,0.234627,-0.555947,-0.412608
0.063417,0.078261,-0.302633,-0.947109,-0.268535,0.331801,0.222776,0.869155,0.682546,0.234659,-0.555886,-0.412633
0.063445,0.078234,-0.302627,-0.947111,-0.268598,0.331811,0.222677,0.869158,0.682532,0.234658,-0.555866,-0.412686
0.063475,0.078207,-0.302592,-0.947122,-0.268698,0.331767,0.222582,0.86917,0.682557,0.234699,-0.555843,-0.412653
0.063482,0.078195,-0.302597,-0.94712,-0.268739,0.331736,0.222466,0.8692,0.682572,0.234717,-0.555841,-0.412621
0.063502,0.078264,-0.302491,-0.947149,-0.268766,0.33175,0.222488,0.869179,0.682536,0.234752,-0.555873,-0.412617
0.063504,0.078331,-0.302409,-0.947171,-0.268747,0.331721,0.222561,0.869178,0.682523,0.234748,-0.555908,-0.412594
0.063517,0.078355,-0.302394,-0.947173,-0.268766,0.331667,0.222599,0.869184,0.682512,0.234798,-0.555968,-0.412502
0.063478,0.078409,-0.30239,-0.947175,-0.268673,0.331618,0.222662,0.869215,0.682518,0.234815,-0.556005,-0.412434
0.063504,0.078418,-0.302399,-0.947169,-0.268588,0.331535,0.222699,0.869264,0.682506,0.23484,-0.556057,-0.412368
0.063574,0.078436,-0.302394,-0.947165,-0.268501,0.331513,0.222649,0.869312,0.682467,0.234849,-0.556074,-0.412404
0.063548,0.078445,-0.302353,-0.94718,-0.268439,0.331479,0.222567,0.869366,0.682481,0.234863,-0.556077,-0.41237
0.06358,0.078431,-0.302362,-0.947175,-0.268371,0.331419,0.222538,0.869417,0.682493,0.234841,-0.55605,-0.412399
0.063544,0.078461,-0.302276,-0.947204,-0.26834,0.331358,0.222498,0.869461,0.682521,0.234816,-0.556011,-0.412419
0.063557,0.078447,-0.30216,-0.947242,-0.26833,0.331285,0.222505,0.869492,0.68255,0.234744,-0.555935,-0.412515
0.063527,0.07841,-0.302043,-0.947284,-0.268298,0.331192,0.22254,0.869528,0.68263,0.23469,-0.555832,-0.412553
0.063519,0.078399,-0.301986,-0.947304,-0.268226,0.331148,0.222582,0.869556,0.682686,0.234651,-0.555738,-0.412609
0.06345,0.078361,-0.301987,-0.94731,-0.268144,0.331085,0.222551,0.869614,0.682754,0.234642,-0.555648,-0.412621
0.063372,0.078369,-0.301959,-0.947324,-0.268055,0.331023,0.222554,0.869665,0.682804,0.234576,-0.555569,-0.412683
0.063355,0.078357,-0.301907,-0.947343,-0.267983,0.331029,0.222449,0.869711,0.682859,0.234534,-0.55552,-0.412681
0.063352,0.078344,-0.301792,-0.947382,-0.267921,0.331041,0.222416,0.869733,0.682886,0.234549,-0.555469,-0.412697
0.06337,0.078321,-0.301673,-0.947421,-0.267898,0.331039,0.222408,0.869743,0.682869,0.2346,-0.555449,-0.412724
0.063371,0.078317,-0.301569,-0.947454,-0.267872,0.331093,0.222467,0.869715,0.682833,0.234596,-0.555464,-0.412765
0.063398,0.078312,-0.301535,-0.947463,-0.267816,0.331186,0.222495,0.869688,0.682817,0.234604,-0.555485,-0.412758
0.063356,0.078264,-0.301551,-0.947464,-0.267817,0.331294,0.222542,0.869632,0.682761,0.234623,-0.555556,-0.412745
0.063373,0.078269,-0.301544,-0.947465,-0.267861,0.331383,0.222575,0.869576,0.682697,0.234678,-0.555667,-0.41267
0.063365,0.078278,-0.301623,-0.94744,-0.267909,0.331512,0.222603,0.869503,0.682641,0.234672,-0.555827,-0.412551
0.063407,0.078264,-0.301812,-0.947377,-0.267989,0.331699,0.222641,0.869396,0.682545,0.234679,-0.556018,-0.412446
0.063365,0.078262,-0.302057,-0.947299,-0.268061,0.331838,0.222738,0.869293,0.682509,0.234674,-0.556154,-0.412327
0.063364,0.07819,-0.30233,-0.947215,-0.268146,0.331932,0.222826,0.869207,0.682427,0.234679,-0.556319,-0.412235
0.063435,0.078168,-0.302489,-0.94716,-0.268222,0.331973,0.222872,0.869157,0.68237,0.234703,-0.556443,-0.412148
0.063459,0.078177,-0.302668,-0.947101,-0.268316,0.331988,0.22291,0.869113,0.682371,0.23469,-0.55647,-0.412117
0.063488,0.07818,-0.30283,-0.947045,-0.26836,0.332018,0.222813,0.869113,0.682374,0.234714,-0.556465,-0.412104
0.063543,0.078227,-0.302821,-0.947041,-0.268395,0.332028,0.22271,0.869124,0.682387,0.234745,-0.556354,-0.412218
0.063515,0.078271,-0.302822,-0.94704,-0.268447,0.33201,0.222599,0.869145,0.682443,0.234698,-0.556207,-0.412351
0.06357,0.078325,-0.302721,-0.947066,-0.268464,0.331935,0.222483,0.8692,0.682522,0.234743,-0.556018,-0.412449
0.063586,0.078339,-0.302586,-0.947108,-0.268514,0.331911,0.222327,0.869235,0.682599,0.23471,-0.555846,-0.412573
0.063559,0.078326,-0.30248,-0.947145,-0.268565,0.33182,0.222268,0.86927,0.6827,0.234728,-0.555643,-0.412671
0.06354,0.078428,-0.302166,-0.947242,-0.268516,0.331755,0.222287,0.869306,0.682796,0.23468,-0.555467,-0.412773
0.063531,0.078418,-0.301929,-0.94732,-0.268476,0.331645,0.222317,0.869354,0.682864,0.234728,-0.555317,-0.412838
0.063525,0.078461,-0.301748,-0.947376,-0.268482,0.33157,0.222395,0.869361,0.682916,0.234767,-0.555182,-0.412911
0.063518,0.078475,-0.301605,-0.947422,-0.268421,0.331481,0.222497,0.869389,0.682959,0.234793,-0.55509,-0.412951
0.063501,0.078518,-0.301548,-0.94744,-0.268357,0.331433,0.222548,0.869413,0.682909,0.234777,-0.555147,-0.412964
0.063467,0.078521,-0.301527,-0.947448,-0.268303,0.331409,0.222586,0.869429,0.682888,0.2348,-0.555206,-0.412906
0.063427,0.078462,-0.301534,-0.947452,-0.268268,0.33144,0.222583,0.869428,0.682824,0.234878,-0.555315,-0.412822
0.063408,0.078447,-0.30153,-0.947456,-0.268216,0.331527,0.222658,0.869391,0.682805,0.234916,-0.555397,-0.412722
0.063375,0.078463,-0.301558,-0.947448,-0.268159,0.331596,0.222776,0.86935,0.682695,0.234896,-0.555568,-0.412683
0.063367,0.078458,-0.301693,-0.947405,-0.268106,0.331689,0.22288,0.869301,0.682641,0.23488,-0.555691,-0.412615
0.063367,0.078358,-0.301771,-0.947387,-0.26807,0.331807,0.223026,0.869228,0.682593,0.234847,-0.555808,-0.412559
0.063387,0.078262,-0.301963,-0.947329,-0.268067,0.331866,0.223092,0.869189,0.682547,0.234852,-0.555904,-0.412499
0.063422,0.078196,-0.302107,-0.947283,-0.268131,0.331904,0.223049,0.869165,0.682491,0.234829,-0.556002,-0.412472
0.0634,0.078187,-0.302234,-0.947245,-0.268283,0.331877,0.222946,0.869157,0.682497,0.234841,-0.556023,-0.41243
0.063453,0.078165,-0.302375,-0.947196,-0.268445,0.331815,0.222751,0.869183,0.682534,0.234798,-0.555965,-0.41247
0.063473,0.078162,-0.302425,-0.947179,-0.268618,0.331835,0.22253,0.86918,0.682573,0.234803,-0.555857,-0.412547
0.063581,0.07824,-0.302271,-0.947217,-0.268695,0.331822,0.222345,0.86921,0.682651,0.234797,-0.555689,-0.41265
0.063596,0.078285,-0.302095,-0.94727,-0.268751,0.331789,0.222281,0.869222,0.68272,0.234796,-0.555531,-0.41275
0.063643,0.078365,-0.301813,-0.947354,-0.268782,0.331751,0.222266,0.869232,0.682828,0.234834,-0.55534,-0.412806
0.063655,0.078405,-0.301716,-0.947382,-0.26874,0.331714,0.222225,0.86927,0.682914,0.234872,-0.555162,-0.412883
0.063661,0.078427,-0.301548,-0.947434,-0.268658,0.33157,0.222141,0.869374,0.682982,0.234839,-0.555039,-0.412954
0.06371,0.078444,-0.301386,-0.947483,-0.268596,0.331422,0.222149,0.869449,0.683037,0.234844,-0.554938,-0.412996
0.063728,0.078478,-0.301198,-0.94754,-0.268453,0.331265,0.222071,0.869574,0.683044,0.234893,-0.554902,-0.413007
0.063758,0.07858,-0.300993,-0.947599,-0.268382,0.331113,0.221988,0.869678,0.683,0.235019,-0.554896,-0.413016
0.063724,0.078673,-0.300784,-0.947663,-0.268315,0.330977,0.222005,0.869746,0.682956,0.235061,-0.554962,-0.412974
0.063632,0.078702,-0.300653,-0.947709,-0.268198,0.3309,0.22211,0.869785,0.682915,0.235101,-0.555038,-0.412919
0.063562,0.078712,-0.300546,-0.947747,-0.268078,0.330834,0.222217,0.86982,0.682847,0.235109,-0.555203,-0.412805
0.063456,0.078744,-0.300548,-0.947752,-0.267981,0.330869,0.222327,0.869806,0.682757,0.235146,-0.555379,-0.412695
0.063413,0.078753,-0.3006,-0.947738,-0.267918,0.330897,0.222432,0.869787,0.682667,0.235121,-0.555557,-0.412617
0.063373,0.078721,-0.300807,-0.947675,-0.267821,0.330975,0.222534,0.86976,0.682622,0.235105,-0.555741,-0.412455
0.063348,0.078658,-0.30104,-0.947605,-0.267782,0.331048,0.222657,0.869711,0.682551,0.235094,-0.555896,-0.412367
0.063359,0.07862,-0.30131,-0.94752,-0.267736,0.331095,0.222733,0.869686,0.682475,0.235104,-0.555994,-0.412356
0.063381,0.078535,-0.301446,-0.94748,-0.267715,0.331153,0.222753,0.869664,0.682454,0.235038,-0.556068,-0.412328
0.063401,0.078492,-0.301562,-0.947444,-0.267683,0.331158,0.222739,0.869675,0.682484,0.235012,-0.556066,-0.412294
0.063362,0.078479,-0.301689,-0.947405,-0.267708,0.331137,0.22265,0.8697,0.682489,0.235008,-0.556021,-0.412352
0.063317,0.078471,-0.301662,-0.947418,-0.267753,0.331137,0.222584,0.869702,0.68251,0.235035,-0.555924,-0.412433
0.063357,0.078454,-0.301643,-0.947422,-0.267846,0.331116,0.222421,0.869726,0.682532,0.235031,-0.555841,-0.41251
0.063324,0.078461,-0.30149,-0.947474,-0.26797,0.331088,0.222255,0.869741,0.682599,0.235048,-0.555733,-0.412534
0.063381,0.078481,-0.301302,-0.947529,-0.268078,0.331116,0.222134,0.86973,0.68265,0.235063,-0.555639,-0.412568
0.063373,0.078521,-0.30117,-0.94757,-0.268267,0.331123,0.222012,0.869701,0.682687,0.235108,-0.555551,-0.412602
0.063426,0.078533,-0.301022,-0.947614,-0.268372,0.331183,0.222026,0.869642,0.682715,0.235105,-0.555452,-0.412689
0.063477,0.07855,-0.300936,-0.947637,-0.268484,0.331271,0.222119,0.86955,0.682763,0.235066,-0.555354,-0.412764
0.063544,0.078548,-0.300917,-0.947639,-0.268574,0.331388,0.222187,0.869459,0.68281,0.235026,-0.555331,-0.412741
0.063578,0.078595,-0.300909,-0.947636,-0.268634,0.331428,0.222241,0.869411,0.682787,0.235047,-0.555314,-0.41279
0.063719,0.078597,-0.30097,-0.947607,-0.268616,0.331445,0.222309,0.869392,0.682805,0.235029,-0.555294,-0.412797
0.063785,0.078559,-0.30103,-0.947585,-0.268637,0.331434,0.222275,0.869399,0.682805,0.235036,-0.555299,-0.412786
0.063822,0.078536,-0.301084,-0.947567,-0.26861,0.331414,0.222203,0.869433,0.682807,0.235041,-0.555347,-0.412715
0.063794,0.078564,-0.301083,-0.947568,-0.26859,0.331376,0.222173,0.869462,0.682809,0.235059,-0.555361,-0.412683
0.063785,0.078563,-0.301069,-0.947573,-0.268585,0.331339,0.222157,0.869483,0.682776,0.235,-0.555403,-0.412713
0.063774,0.078583,-0.300997,-0.947595,-0.268508,0.331339,0.222112,0.869517,0.682797,0.235014,-0.555354,-0.412739
0.063766,0.07859,-0.300911,-0.947623,-0.268462,0.33132,0.222121,0.869537,0.682853,0.23495,-0.555276,-0.412788
0.063714,0.078598,-0.300876,-0.947637,-0.268451,0.331389,0.222187,0.869496,0.682847,0.234949,-0.555262,-0.412814
0.06369,0.078518,-0.300865,-0.947648,-0.26846,0.331412,0.222232,0.869472,0.682863,0.234944,-0.555209,-0.412864
0.063685,0.078507,-0.300877,-0.947645,-0.2684,0.331408,0.222267,0.869482,0.682899,0.234882,-0.55516,-0.412903
0.06369,0.078483,-0.30091,-0.947635,-0.268355,0.331424,0.222256,0.869494,0.682922,0.234894,-0.555105,-0.412934
0.063671,0.078458,-0.300932,-0.947631,-0.268327,0.331376,0.222208,0.869533,0.682954,0.234912,-0.555014,-0.412994
0.063665,0.078481,-0.300968,-0.947618,-0.268345,0.331325,0.222239,0.86954,0.682958,0.234899,-0.554967,-0.413057
0.063693,0.078441,-0.300936,-0.94763,-0.268325,0.331334,0.222247,0.86954,0.683003,0.234874,-0.554957,-0.413011
0.063746,0.07839,-0.300962,-0.947621,-0.268301,0.3313,0.222229,0.869565,0.682992,0.234879,-0.554989,-0.412983
0.063758,0.078376,-0.300973,-0.947617,-0.268249,0.331285,0.222223,0.869589,0.682966,0.234891,-0.555019,-0.412978
0.063746,0.07837,-0.300992,-0.947613,-0.268225,0.331278,0.222229,0.869597,0.682922,0.234867,-0.555101,-0.412956
0.0637,0.078372,-0.300949,-0.94763,-0.26823,0.331358,0.222224,0.869565,0.682898,0.234856,-0.555173,-0.412904
0.063693,0.078363,-0.300962,-0.947627,-0.268224,0.331355,0.222195,0.869576,0.682863,0.234855,-0.555277,-0.412822
0.063702,0.078322,-0.301012,-0.947612,-0.268262,0.33139,0.222219,0.869544,0.682803,0.234892,-0.555374,-0.412769
0.063736,0.078319,-0.301059,-0.947595,-0.268303,0.331457,0.222216,0.869505,0.682721,0.234882,-0.555523,-0.41271
0.063725,0.078249,-0.301191,-0.947557,-0.268304,0.331517,0.222323,0.869455,0.682677,0.234859,-0.555654,-0.412618
0.063698,0.078248,-0.301273,-0.947532,-0.268242,0.331599,0.222393,0.869423,0.682644,0.234917,-0.555768,-0.412487
0.063724,0.078235,-0.301408,-0.947488,-0.268228,0.331701,0.222482,0.869363,0.682592,0.234997,-0.555882,-0.412374
0.063741,0.078273,-0.30161,-0.947419,-0.268218,0.331781,0.222547,0.869318,0.682551,0.234982,-0.556003,-0.412286
0.063713,0.078259,-0.301836,-0.947348,-0.268219,0.331866,0.222586,0.869274,0.682577,0.23496,-0.556052,-0.41219
0.063695,0.078238,-0.301997,-0.947298,-0.268268,0.331939,0.222585,0.86923,0.682628,0.234958,-0.555992,-0.412186
0.0637,0.078244,-0.302132,-0.947254,-0.268378,0.331874,0.222449,0.869259,0.682682,0.234932,-0.555883,-0.412259
0.063722,0.078248,-0.302146,-0.947247,-0.268415,0.331829,0.222312,0.8693,0.682759,0.23489,-0.555729,-0.412363
0.063723,0.078221,-0.302069,-0.947274,-0.26846,0.331771,0.222206,0.869337,0.682827,0.234874,-0.555545,-0.412508
0.063697,0.078291,-0.301919,-0.947321,-0.268518,0.331689,0.222113,0.869376,0.682887,0.234873,-0.555419,-0.412581
0.063657,0.078319,-0.301713,-0.947388,-0.268495,0.331647,0.222079,0.869408,0.682959,0.234876,-0.555313,-0.412602
0.063637,0.078364,-0.301442,-0.947475,-0.268513,0.331581,0.22214,0.869413,0.683001,0.234825,-0.555197,-0.412718
0.063587,0.078393,-0.301241,-0.947541,-0.268513,0.331596,0.222176,0.869399,0.68311,0.234809,-0.555051,-0.412743
0.063578,0.078436,-0.30114,-0.947572,-0.268506,0.331533,0.222239,0.869409,0.683143,0.234838,-0.55496,-0.412794
0.06357,0.078449,-0.301075,-0.947592,-0.268416,0.331474,0.222238,0.869459,0.683155,0.23485,-0.554935,-0.412803
0.063594,0.078466,-0.301058,-0.947595,-0.268381,0.331436,0.222213,0.869492,0.683154,0.234834,-0.554941,-0.412805
0.063584,0.078447,-0.301049,-0.9476,-0.268295,0.331394,0.22229,0.869514,0.683164,0.234881,-0.55495,-0.41275
0.063561,0.078416,-0.301052,-0.947602,-0.268241,0.331394,0.222261,0.869539,0.683115,0.234905,-0.555061,-0.412666
0.063557,0.078428,-0.30107,-0.947597,-0.26818,0.331427,0.222356,0.869519,0.683065,0.234921,-0.555145,-0.412628
0.063565,0.078411,-0.301067,-0.947598,-0.268109,0.331505,0.222471,0.869479,0.682976,0.234906,-0.555337,-0.412525
0.063549,0.07836,-0.301182,-0.947565,-0.268059,0.331584,0.222518,0.869451,0.682874,0.234906,-0.555545,-0.412413
0.06352,0.078357,-0.301346,-0.947514,-0.268058,0.331699,0.222574,0.869392,0.682822,0.234851,-0.555713,-0.412303
0.063478,0.0783,-0.301588,-0.947442,-0.268044,0.331826,0.222639,0.869328,0.682737,0.234867,-0.555859,-0.412238
0.063449,0.07828,-0.301793,-0.947379,-0.268071,0.331903,0.222645,0.869289,0.682674,0.234819,-0.555988,-0.412194
0.063487,0.078249,-0.301979,-0.947317,-0.268139,0.331964,0.222651,0.869242,0.682613,0.234804,-0.556072,-0.41219
0.063514,0.078191,-0.302162,-0.94726,-0.268215,0.332035,0.222574,0.869212,0.682584,0.234797,-0.556089,-0.412219
0.063518,0.078134,-0.302276,-0.947227,-0.268352,0.332016,0.222537,0.869187,0.682621,0.234793,-0.556019,-0.412253
0.063509,0.078109,-0.30238,-0.947195,-0.268449,0.332022,0.222419,0.869186,0.682671,0.234766,-0.555923,-0.412315
0.063555,0.078081,-0.302275,-0.947227,-0.268527,0.331976,0.222324,0.869205,0.682733,0.234719,-0.55583,-0.412368
0.063589,0.078132,-0.302116,-0.947274,-0.268581,0.3319,0.222299,0.869226,0.682796,0.234697,-0.555727,-0.412415
0.063641,0.078144,-0.301905,-0.947338,-0.268643,0.331876,0.222262,0.869226,0.682843,0.234735,-0.555643,-0.412427
0.063668,0.078169,-0.301747,-0.947386,-0.268589,0.331862,0.222282,0.869242,0.682875,0.234705,-0.555592,-0.412463
0.063718,0.078229,-0.301675,-0.947402,-0.268511,0.331902,0.222319,0.86924,0.68291,0.234725,-0.555538,-0.412466
0.063769,0.078269,-0.301602,-0.94742,-0.268462,0.331899,0.222287,0.869265,0.682946,0.234735,-0.555471,-0.412491
0.063771,0.078273,-0.301626,-0.947411,-0.268351,0.33192,0.222272,0.869294,0.682941,0.234806,-0.55545,-0.412485
0.063713,0.078245,-0.301644,-0.947412,-0.268284,0.331869,0.222269,0.869335,0.682944,0.234765,-0.555439,-0.412518
0.063676,0.07822,-0.301622,-0.947423,-0.268203,0.331768,0.222321,0.869386,0.682927,0.234783,-0.555484,-0.412479
0.063624,0.078186,-0.301603,-0.947435,-0.268089,0.331713,0.222403,0.869421,0.682893,0.234792,-0.555556,-0.412431
0.063544,0.078213,-0.301643,-0.947425,-0.267994,0.331659,0.22254,0.869436,0.682848,0.234833,-0.555634,-0.412377
0.063516,0.078226,-0.301697,-0.947409,-0.267874,0.331638,0.222682,0.869443,0.682796,0.234833,-0.55575,-0.412307
0.063506,0.078264,-0.301692,-0.947408,-0.267782,0.331636,0.222844,0.869429,0.682772,0.23487,-0.555864,-0.412169
0.063454,0.078251,-0.301863,-0.947357,-0.267742,0.33164,0.223,0.869399,0.682709,0.234877,-0.555997,-0.412092
0.063422,0.078232,-0.302061,-0.947296,-0.267688,0.331681,0.223101,0.869373,0.682646,0.234878,-0.556095,-0.412063
0.063418,0.078184,-0.302213,-0.947251,-0.267696,0.331806,0.22314,0.869312,0.682627,0.234814,-0.556116,-0.412102
0.063376,0.078131,-0.302411,-0.947192,-0.268181,0.331344,0.222265,0.869575,0.68261,0.234812,-0.556078,-0.412184
0.063356,0.078096,-0.302505,-0.947165,-0.268196,0.331377,0.222185,0.869578,0.682903,0.234726,-0.555425,-0.412627
0.0633589412088795,0.0780961066677683,-0.302466267317287,-0.947177477262841,-0.268195639193129,0.331383456287382,0.222185478937686,0.869577787405248,0.682917958826036,0.23472769479822,-0.555406538115997,-0.412626437318756
0.063367082941163,0.078096450797323,-0.302363074731091,-0.947210658903346,-0.268194538807029,0.331387334723056,0.222186963805893,0.869577141690962,0.682929356646139,0.234732288783182,-0.555392564843646,-0.41262479786524
0.0633794023553178,0.0780970685780385,-0.302214930434331,-0.947258169699493,-0.268192671893468,0.331389605046285,0.222189526687343,0.869576050962099,0.682937652584375,0.234739046340341,-0.555382479392758,-0.412622154524779
0.0633948766098115,0.0780979961992894,-0.302041342619925,-0.947313634429256,-0.268190011504216,0.33139123699633,0.222193239664756,0.869574503323615,0.682943305764812,0.234747231855148,-0.55537568097314,-0.412618580182699
0.0634124828631115,0.0780992698504503,-0.301861819480789,-0.947370677870611,-0.268186530691041,0.331393200312456,0.222198174820856,0.869572486880466,0.682946775311517,0.234756109713058,-0.555371568794601,-0.412614147724325
0.0634311982736852,0.0781009257208957,-0.301695869209841,-0.947422924801534,-0.268182202505713,0.331396464733925,0.222204404238363,0.869569989737609,0.682948520348557,0.234764944299524,-0.555369542066952,-0.412608930034984
0.06345,0.078103,-0.301563,-0.947464,-0.268177,0.331402,0.222212,0.869567,0.682949,0.234773,-0.555369,-0.412603
0.0634787801195903,0.0781210856316061,-0.301438043512921,-0.947501341064558,-0.268162854961126,0.331415364385156,0.222240504311747,0.869558638863636,0.682945167597765,0.234779855263158,-0.555377671328671,-0.412592820798218
0.0635,0.078145,-0.301368,-0.947522,-0.268133,0.331443,0.222292,0.869543,0.682935,0.234789,-0.5554,-0.412574
0.063502,0.078156,-0.301378,-0.947517,-0.268051,0.331529,0.222368,0.869514,0.682899,0.234809,-0.55547,-0.412527
0.063469,0.078187,-0.301431,-0.947501,-0.268044,0.331597,0.222477,0.869461,0.682811,0.234868,-0.555613,-0.412447
0.063445,0.078179,-0.301594,-0.94745,-0.267974,0.331629,0.222498,0.869464,0.682746,0.234901,-0.55575,-0.412351
0.063436,0.078149,-0.301736,-0.947406,-0.267913,0.331631,0.222562,0.869466,0.682691,0.234906,-0.555857,-0.412296
0.063373,0.078096,-0.301864,-0.947372,-0.267891,0.331682,0.222637,0.869433,0.682616,0.234893,-0.555983,-0.412255
0.063331,0.078039,-0.301973,-0.947343,-0.267833,0.331688,0.22271,0.869429,0.682561,0.2349,-0.556071,-0.412224
0.06332,0.077983,-0.302128,-0.947297,-0.26779,0.33173,0.222813,0.869399,0.682559,0.234857,-0.556103,-0.412208
0.063307,0.077948,-0.302219,-0.947271,-0.267784,0.331724,0.222912,0.869376,0.68255,0.234894,-0.556089,-0.412221
0.063269,0.077875,-0.302239,-0.947271,-0.267725,0.331741,0.222987,0.869368,0.682567,0.234838,-0.556023,-0.412316
0.063243,0.077863,-0.302327,-0.947245,-0.267636,0.331728,0.223039,0.869386,0.682584,0.23482,-0.555943,-0.412405
0.063236,0.077822,-0.302406,-0.947222,-0.267655,0.331719,0.223043,0.869383,0.682633,0.234763,-0.55586,-0.412467
0.063237,0.077831,-0.302386,-0.947228,-0.267662,0.331695,0.223034,0.869393,0.682678,0.234741,-0.555753,-0.412549
0.063263,0.077828,-0.30237,-0.947232,-0.267636,0.331716,0.222964,0.869411,0.682699,0.234702,-0.55569,-0.412622
0.063262,0.077832,-0.302336,-0.947242,-0.267658,0.331733,0.222915,0.86941,0.682724,0.234731,-0.55562,-0.412658
0.06326,0.077812,-0.302288,-0.94726,-0.267778,0.331781,0.222832,0.869377,0.682751,0.234709,-0.555608,-0.412643
0.063233,0.077812,-0.302219,-0.947284,-0.267904,0.331792,0.222755,0.869354,0.682765,0.234749,-0.555604,-0.412601
0.063215,0.077843,-0.302227,-0.947281,-0.268013,0.33179,0.222735,0.869327,0.682731,0.234752,-0.55567,-0.41257
0.063227,0.077834,-0.302213,-0.947285,-0.268122,0.331781,0.222683,0.869312,0.682709,0.234754,-0.55574,-0.412509
0.063228,0.077841,-0.302241,-0.947275,-0.268205,0.331765,0.222688,0.869291,0.68271,0.234682,-0.555795,-0.412473
0.063201,0.077881,-0.302292,-0.947258,-0.268216,0.331789,0.222707,0.869274,0.68265,0.234708,-0.555891,-0.412428
0.063229,0.07789,-0.302393,-0.947223,-0.2682,0.331803,0.222741,0.869264,0.682558,0.234718,-0.55605,-0.412361
0.06324,0.077895,-0.302472,-0.947196,-0.268181,0.33179,0.222773,0.869267,0.682497,0.234737,-0.556174,-0.412284
0.063234,0.077917,-0.302538,-0.947174,-0.268129,0.331806,0.222699,0.869296,0.682475,0.23475,-0.556262,-0.412194
0.063188,0.077928,-0.302585,-0.947161,-0.268146,0.331792,0.222659,0.869306,0.68244,0.234797,-0.556335,-0.412126
0.063117,0.077932,-0.302605,-0.947159,-0.268098,0.331778,0.222639,0.869331,0.682424,0.234769,-0.556355,-0.412142
0.063135,0.077893,-0.302604,-0.94716,-0.268122,0.331768,0.222606,0.869337,0.682461,0.234734,-0.556295,-0.412179
0.063135,0.077911,-0.30256,-0.947174,-0.268181,0.33171,0.222585,0.869348,0.682498,0.234732,-0.556205,-0.412242
0.063127,0.077916,-0.302407,-0.947223,-0.268156,0.331627,0.222502,0.86941,0.682522,0.234737,-0.556093,-0.41235
0.063113,0.07794,-0.30234,-0.947245,-0.268157,0.331506,0.222464,0.869467,0.682582,0.234729,-0.555968,-0.412426
0.06314,0.077939,-0.302208,-0.947286,-0.268138,0.331369,0.222446,0.869531,0.682652,0.234723,-0.555836,-0.41249
0.063174,0.07796,-0.302119,-0.947312,-0.268094,0.331314,0.222413,0.869575,0.682702,0.234709,-0.555709,-0.412587
0.063157,0.078031,-0.302067,-0.947325,-0.268046,0.331273,0.222368,0.869617,0.68274,0.234693,-0.555602,-0.412678
0.063173,0.078068,-0.302026,-0.947335,-0.268017,0.331192,0.222382,0.869654,0.682758,0.234655,-0.555557,-0.412732
0.063104,0.078105,-0.301966,-0.947356,-0.267978,0.33117,0.222422,0.869665,0.682766,0.234652,-0.555539,-0.412744
0.063107,0.078096,-0.30193,-0.947368,-0.26795,0.33118,0.22245,0.869661,0.682752,0.234626,-0.555558,-0.412754
0.063124,0.078057,-0.301973,-0.947355,-0.267948,0.331218,0.222502,0.869633,0.682757,0.234649,-0.555558,-0.412735
0.063147,0.078005,-0.302068,-0.947326,-0.267975,0.331295,0.222525,0.869589,0.682706,0.234703,-0.555602,-0.412728
0.06318,0.077967,-0.302144,-0.947303,-0.267993,0.331331,0.222524,0.86957,0.682693,0.234714,-0.555662,-0.412664
0.063179,0.077975,-0.302189,-0.947287,-0.268035,0.331338,0.222551,0.869548,0.682657,0.234726,-0.555735,-0.412618
0.063128,0.078012,-0.302302,-0.947252,-0.268072,0.33138,0.222557,0.869518,0.682617,0.234712,-0.555836,-0.412556
0.063153,0.078029,-0.302374,-0.947226,-0.268044,0.331345,0.222551,0.869542,0.68255,0.234714,-0.555963,-0.412492
0.063148,0.078044,-0.302452,-0.9472,-0.267979,0.33132,0.222551,0.869571,0.682513,0.234699,-0.556083,-0.412401
0.063124,0.078046,-0.302555,-0.947167,-0.267971,0.331357,0.222593,0.869548,0.682474,0.234674,-0.556191,-0.412335
0.063113,0.078042,-0.302683,-0.947127,-0.267995,0.331406,0.222721,0.869488,0.682378,0.234707,-0.55634,-0.412275
0.063108,0.078036,-0.30281,-0.947086,-0.267998,0.331473,0.222832,0.869432,0.682339,0.234686,-0.556456,-0.412191
0.063117,0.07804,-0.302959,-0.947036,-0.26803,0.331539,0.222881,0.869384,0.682362,0.234652,-0.55647,-0.412154
0.06309,0.078024,-0.303046,-0.947011,-0.268039,0.331613,0.222799,0.869373,0.682412,0.234632,-0.556418,-0.412153
0.06311,0.078037,-0.30313,-0.946982,-0.268106,0.331671,0.222701,0.869356,0.682442,0.23459,-0.556313,-0.412269
0.06312,0.078067,-0.303155,-0.946971,-0.268157,0.331673,0.222573,0.869373,0.682504,0.234584,-0.556157,-0.412382
0.063191,0.077998,-0.303108,-0.946985,-0.26817,0.331618,0.222438,0.869425,0.682601,0.234571,-0.555998,-0.412444
0.063232,0.078002,-0.302922,-0.947043,-0.268201,0.331581,0.222313,0.869462,0.682651,0.234573,-0.555839,-0.412574
0.063264,0.078039,-0.30274,-0.947098,-0.268136,0.331542,0.222277,0.869507,0.682682,0.234582,-0.555735,-0.412658
0.063276,0.078087,-0.302534,-0.947161,-0.26808,0.33148,0.222378,0.869522,0.682697,0.234584,-0.555684,-0.4127
0.063232,0.078103,-0.302411,-0.947203,-0.268021,0.331447,0.222493,0.869523,0.682679,0.234631,-0.555701,-0.41268
0.063235,0.078097,-0.302351,-0.947223,-0.267979,0.331435,0.222648,0.869501,0.682702,0.23462,-0.555712,-0.412633
0.063254,0.078106,-0.302361,-0.947218,-0.267881,0.331433,0.222744,0.869506,0.682687,0.234641,-0.555802,-0.412527
0.063241,0.078127,-0.302442,-0.947192,-0.267812,0.331462,0.2228,0.869501,0.68262,0.234656,-0.555929,-0.412456
0.063244,0.078095,-0.302539,-0.947162,-0.267796,0.331479,0.222905,0.869471,0.68258,0.234662,-0.556029,-0.412384
0.063197,0.078078,-0.302669,-0.947123,-0.267746,0.331514,0.223001,0.869448,0.682484,0.234709,-0.556137,-0.41237
0.06319,0.078075,-0.302825,-0.947073,-0.267658,0.331594,0.223096,0.869419,0.682437,0.234689,-0.556271,-0.412278
0.063163,0.078004,-0.302936,-0.947044,-0.267578,0.331633,0.223208,0.869398,0.682376,0.234641,-0.556374,-0.412267
0.063151,0.077944,-0.30308,-0.947001,-0.267468,0.331693,0.22338,0.869362,0.682312,0.23467,-0.556467,-0.412231
0.063093,0.077969,-0.303246,-0.946949,-0.267393,0.331751,0.223453,0.869343,0.682312,0.234622,-0.556536,-0.412165
0.063059,0.07795,-0.303415,-0.946898,-0.267345,0.331779,0.223547,0.869322,0.682254,0.234622,-0.556619,-0.412148
0.063083,0.077945,-0.303579,-0.946842,-0.267396,0.331787,0.223565,0.869299,0.682249,0.234608,-0.556631,-0.412149
0.063096,0.077916,-0.303749,-0.946788,-0.267482,0.331784,0.223536,0.869281,0.68227,0.234585,-0.556637,-0.41212
0.063118,0.077936,-0.303811,-0.946765,-0.267618,0.331775,0.22338,0.869285,0.682324,0.234535,-0.556571,-0.412145
0.063098,0.077961,-0.303825,-0.94676,-0.267799,0.33169,0.223153,0.869323,0.682368,0.23455,-0.55648,-0.412188
0.063185,0.078014,-0.303729,-0.946782,-0.267903,0.331603,0.223014,0.869361,0.68242,0.234549,-0.556339,-0.412295
0.063229,0.078057,-0.303537,-0.946839,-0.267995,0.331505,0.222893,0.869405,0.68246,0.234578,-0.556232,-0.412356
0.063218,0.078109,-0.303369,-0.946891,-0.268055,0.331425,0.222801,0.869442,0.682485,0.234611,-0.556192,-0.412351
0.063224,0.07817,-0.303157,-0.946957,-0.268066,0.331344,0.222825,0.869464,0.682527,0.234655,-0.556115,-0.412359
0.063261,0.078233,-0.302942,-0.947021,-0.267998,0.331312,0.222803,0.869504,0.6825,0.234673,-0.556116,-0.412393
0.063221,0.07832,-0.302777,-0.947071,-0.267926,0.33135,0.222873,0.869492,0.682523,0.234678,-0.556113,-0.412355
0.063225,0.078381,-0.302744,-0.947078,-0.267844,0.331372,0.222906,0.869499,0.682531,0.234704,-0.556089,-0.412361
0.063193,0.078408,-0.302694,-0.947094,-0.267781,0.331354,0.222908,0.869525,0.682507,0.234737,-0.556116,-0.412345
0.063208,0.078461,-0.302735,-0.947077,-0.267674,0.331335,0.222949,0.869553,0.682494,0.234724,-0.556156,-0.412319
0.063208,0.078477,-0.302758,-0.947068,-0.267611,0.331288,0.223004,0.869577,0.682446,0.234708,-0.556232,-0.412305
0.063192,0.078464,-0.302756,-0.947071,-0.267543,0.331234,0.223015,0.869616,0.68239,0.234728,-0.556279,-0.412322
0.063099,0.078419,-0.302806,-0.947064,-0.267474,0.331149,0.223115,0.869645,0.682314,0.234749,-0.556386,-0.412291
0.06306,0.078399,-0.302878,-0.947044,-0.267438,0.331099,0.223176,0.869659,0.682271,0.234715,-0.55648,-0.412257
0.063045,0.07838,-0.303022,-0.947,-0.267438,0.331128,0.223246,0.86963,0.682258,0.234723,-0.556517,-0.412223
0.062986,0.078336,-0.303166,-0.946959,-0.267396,0.331195,0.223297,0.869602,0.682262,0.234658,-0.55655,-0.41221
0.062954,0.07826,-0.303237,-0.946943,-0.267406,0.331295,0.223277,0.869565,0.682299,0.23461,-0.556498,-0.412245
0.062989,0.07825,-0.303299,-0.946921,-0.267407,0.331434,0.223199,0.86953,0.682339,0.234546,-0.556382,-0.41237
0.063034,0.078197,-0.303318,-0.946915,-0.267484,0.331529,0.223108,0.869493,0.682407,0.234518,-0.556254,-0.412448
0.06303,0.078202,-0.303323,-0.946913,-0.267592,0.33154,0.222953,0.869496,0.68247,0.234472,-0.556118,-0.412554
0.06306,0.078213,-0.303229,-0.946941,-0.267713,0.33154,0.222817,0.869496,0.682478,0.23445,-0.556036,-0.412663
0.063148,0.078173,-0.303136,-0.946969,-0.267864,0.331501,0.222678,0.869501,0.682497,0.234433,-0.555943,-0.412766
0.063207,0.078212,-0.302998,-0.947007,-0.267965,0.331408,0.222544,0.869542,0.68253,0.234466,-0.555865,-0.412798
0.063225,0.07827,-0.302818,-0.94706,-0.268025,0.331368,0.222504,0.86955,0.682545,0.234502,-0.555822,-0.412814
0.063287,0.078346,-0.302645,-0.947108,-0.268066,0.33135,0.222518,0.869542,0.6825,0.234555,-0.555844,-0.412826
0.063311,0.078347,-0.30255,-0.947138,-0.268047,0.331381,0.222622,0.869507,0.682448,0.234564,-0.555913,-0.412815
0.063343,0.078407,-0.302524,-0.94714,-0.268053,0.331437,0.222841,0.869428,0.682409,0.234593,-0.556048,-0.412683
0.063365,0.078441,-0.302653,-0.947094,-0.268021,0.331488,0.22302,0.86937,0.682311,0.234682,-0.556207,-0.412579
0.063411,0.078438,-0.302821,-0.947037,-0.267993,0.331536,0.223141,0.869328,0.682226,0.234766,-0.556382,-0.412433
0.063435,0.078412,-0.303083,-0.946951,-0.26794,0.331607,0.223302,0.869274,0.682113,0.234796,-0.556563,-0.412361
0.063447,0.078364,-0.303284,-0.946888,-0.267933,0.331652,0.223353,0.869246,0.682017,0.234883,-0.556705,-0.412277
0.063413,0.078349,-0.303471,-0.94683,-0.267937,0.331688,0.223453,0.869204,0.681988,0.234904,-0.556818,-0.412161
0.063405,0.07834,-0.303639,-0.946776,-0.267942,0.331648,0.223524,0.8692,0.681972,0.234908,-0.55689,-0.412088
0.063367,0.078317,-0.303829,-0.946719,-0.267928,0.331601,0.223544,0.869218,0.681975,0.234913,-0.556855,-0.412129
0.063369,0.078283,-0.303915,-0.946692,-0.267917,0.331511,0.223584,0.869246,0.681978,0.23489,-0.556804,-0.412203
0.063389,0.078202,-0.303983,-0.946674,-0.267909,0.331431,0.22357,0.869284,0.682047,0.234842,-0.556677,-0.412289
0.063395,0.078221,-0.3039,-0.946699,-0.267809,0.33138,0.223556,0.869338,0.682082,0.234842,-0.556559,-0.41239
0.063384,0.07825,-0.303758,-0.946745,-0.267729,0.331364,0.223559,0.869367,0.682161,0.234804,-0.556431,-0.412456
0.06339,0.078262,-0.303641,-0.946782,-0.267686,0.331356,0.223626,0.869365,0.682267,0.234726,-0.556316,-0.412479
0.063411,0.078298,-0.303529,-0.946814,-0.267649,0.331395,0.223627,0.869361,0.682288,0.234735,-0.556261,-0.412514
0.063453,0.078304,-0.303442,-0.94684,-0.267608,0.33145,0.223633,0.86935,0.682323,0.234749,-0.556207,-0.412521
0.063483,0.078335,-0.303348,-0.946867,-0.267669,0.331534,0.223647,0.869295,0.68235,0.23468,-0.556129,-0.412619
0.063512,0.07834,-0.303281,-0.946887,-0.267712,0.331568,0.223675,0.869262,0.68237,0.234661,-0.556093,-0.412646
0.063586,0.078316,-0.303288,-0.94688,-0.267768,0.331659,0.223706,0.869201,0.682376,0.234634,-0.55612,-0.412615
0.063594,0.078343,-0.303339,-0.946862,-0.267869,0.331721,0.223798,0.869121,0.682368,0.234602,-0.556155,-0.412598
0.063632,0.078301,-0.303479,-0.946817,-0.267979,0.331739,0.223795,0.869083,0.68237,0.234585,-0.556208,-0.412536
0.063623,0.078285,-0.30359,-0.946782,-0.26799,0.331751,0.223845,0.869062,0.682361,0.234552,-0.556301,-0.41244
0.063648,0.078277,-0.30376,-0.946726,-0.267965,0.331717,0.223856,0.869079,0.68231,0.234584,-0.55642,-0.412346
0.063635,0.078285,-0.303891,-0.946682,-0.267909,0.331687,0.223929,0.869089,0.682236,0.234645,-0.556555,-0.412251
0.063645,0.078263,-0.304071,-0.946624,-0.267825,0.331711,0.224015,0.869082,0.68216,0.234687,-0.556745,-0.412098
0.063588,0.078242,-0.304208,-0.946585,-0.267753,0.331698,0.224121,0.869081,0.68209,0.234743,-0.556909,-0.411958
0.063532,0.07822,-0.304409,-0.946524,-0.267671,0.331675,0.224265,0.869078,0.681997,0.234781,-0.557074,-0.411868
0.063534,0.078216,-0.304538,-0.946481,-0.267636,0.331715,0.224324,0.869057,0.681955,0.234818,-0.557167,-0.411789
0.063541,0.078243,-0.304687,-0.94643,-0.267644,0.331698,0.22435,0.869055,0.681959,0.234808,-0.557175,-0.411779
0.063571,0.078207,-0.304808,-0.946391,-0.267655,0.331659,0.224325,0.869073,0.681961,0.234768,-0.557175,-0.411797
0.063571,0.078179,-0.304898,-0.946363,-0.267648,0.331666,0.224288,0.869082,0.682014,0.234707,-0.557057,-0.411903
0.063595,0.078204,-0.304959,-0.94634,-0.267643,0.331606,0.224219,0.869125,0.682057,0.234717,-0.556934,-0.411996
0.063623,0.078152,-0.304854,-0.946376,-0.267575,0.331447,0.224137,0.869231,0.68215,0.234609,-0.556752,-0.412148
0.063602,0.078086,-0.304729,-0.946423,-0.267526,0.331307,0.224105,0.869309,0.682225,0.234621,-0.556606,-0.412215
0.063578,0.078103,-0.304605,-0.946464,-0.267416,0.331203,0.224112,0.869381,0.682243,0.234631,-0.556527,-0.412285
0.063585,0.078149,-0.304434,-0.946516,-0.267254,0.331103,0.224109,0.86947,0.682254,0.234658,-0.556483,-0.412312
0.063563,0.078168,-0.304341,-0.946547,-0.267124,0.331042,0.224146,0.869524,0.682223,0.234643,-0.556529,-0.412311
0.063475,0.078199,-0.304246,-0.946582,-0.267029,0.331091,0.224207,0.869517,0.682194,0.234624,-0.55658,-0.412299
0.063443,0.078202,-0.304217,-0.946594,-0.266956,0.331164,0.224282,0.86949,0.682191,0.234581,-0.556635,-0.412254
0.063439,0.07822,-0.304227,-0.94659,-0.266907,0.331288,0.224377,0.869431,0.682124,0.234571,-0.55674,-0.412229
0.063445,0.078227,-0.304351,-0.946548,-0.266919,0.331417,0.224427,0.869364,0.682087,0.234523,-0.556845,-0.412173
0.063416,0.078184,-0.30452,-0.946497,-0.267011,0.331517,0.224508,0.869275,0.682023,0.234518,-0.556968,-0.412117
0.063427,0.078119,-0.304715,-0.946437,-0.267121,0.331589,0.224564,0.869199,0.681996,0.234434,-0.557106,-0.412024
0.063416,0.078096,-0.304944,-0.946364,-0.267185,0.331694,0.22457,0.869137,0.681928,0.234444,-0.55722,-0.411975
0.063466,0.078053,-0.305148,-0.946297,-0.267256,0.331754,0.224539,0.8691,0.681875,0.234439,-0.557325,-0.411922
0.063487,0.078028,-0.305287,-0.946251,-0.267317,0.331749,0.224503,0.869092,0.681897,0.234448,-0.557341,-0.41186
0.063531,0.078057,-0.305404,-0.946208,-0.267321,0.331722,0.22447,0.869111,0.681907,0.234482,-0.557316,-0.411859
0.063565,0.078036,-0.305518,-0.946169,-0.26736,0.331672,0.224526,0.869104,0.681965,0.234475,-0.557225,-0.411889
0.063656,0.078048,-0.305497,-0.946169,-0.267336,0.331631,0.224491,0.869137,0.681994,0.234476,-0.557112,-0.411994
0.063678,0.078042,-0.305454,-0.946182,-0.267302,0.331588,0.22445,0.869175,0.682024,0.234516,-0.557007,-0.412063
0.063653,0.078071,-0.305386,-0.946204,-0.267285,0.331554,0.224392,0.869208,0.682079,0.234484,-0.556943,-0.412077
0.063679,0.078074,-0.305266,-0.946242,-0.267265,0.331519,0.224431,0.869218,0.682085,0.234534,-0.556892,-0.412107
0.063731,0.078109,-0.305137,-0.946279,-0.26726,0.331532,0.224387,0.869226,0.682095,0.234548,-0.556891,-0.412085
0.063758,0.078187,-0.30503,-0.946307,-0.267233,0.331547,0.224437,0.869215,0.682107,0.23458,-0.556875,-0.412069
0.063786,0.078245,-0.304915,-0.94634,-0.267233,0.331589,0.224537,0.869173,0.682116,0.234621,-0.556865,-0.412044
0.063797,0.078281,-0.304893,-0.946343,-0.267207,0.331665,0.224686,0.869112,0.682091,0.234607,-0.556916,-0.412024
0.063799,0.078264,-0.304936,-0.94633,-0.267131,0.331696,0.224831,0.869084,0.682085,0.234569,-0.556979,-0.411973
0.063754,0.078278,-0.305072,-0.946288,-0.267105,0.331694,0.224978,0.869054,0.682031,0.234583,-0.557076,-0.411921
0.063779,0.078235,-0.305225,-0.946239,-0.267012,0.331685,0.225085,0.869057,0.681988,0.23459,-0.55717,-0.41186
0.063755,0.078184,-0.305405,-0.946184,-0.266938,0.33166,0.225186,0.869063,0.681935,0.234609,-0.557277,-0.411792
0.063728,0.07812,-0.305609,-0.946123,-0.266836,0.331659,0.225276,0.86907,0.681881,0.234566,-0.557429,-0.411701
0.06363,0.078088,-0.305813,-0.946064,-0.266723,0.331722,0.225378,0.869053,0.68183,0.234553,-0.557555,-0.411622
0.063579,0.078054,-0.305989,-0.946012,-0.266684,0.331802,0.225494,0.869002,0.681816,0.234528,-0.557648,-0.411531
0.063545,0.078014,-0.306125,-0.945972,-0.266689,0.331992,0.225513,0.868921,0.681792,0.234483,-0.557688,-0.411543
0.063493,0.077946,-0.306279,-0.945929,-0.266777,0.332182,0.225543,0.868812,0.681805,0.23443,-0.557642,-0.411613
0.063481,0.077845,-0.306432,-0.945885,-0.266943,0.332275,0.22543,0.868754,0.681857,0.234398,-0.557545,-0.411678
0.063461,0.077766,-0.306533,-0.945859,-0.267151,0.332316,0.225241,0.868725,0.681928,0.234344,-0.557399,-0.41179
0.063491,0.077701,-0.306525,-0.945863,-0.267308,0.332257,0.224964,0.868774,0.681991,0.23433,-0.557264,-0.411874
0.063548,0.07771,-0.306395,-0.945902,-0.267436,0.332186,0.22477,0.868815,0.682053,0.234294,-0.557122,-0.411986
0.063563,0.077704,-0.306232,-0.945955,-0.267571,0.332082,0.224579,0.868865,0.682128,0.23431,-0.556976,-0.412049
0.063575,0.077789,-0.305978,-0.946032,-0.267666,0.331998,0.224425,0.868909,0.682191,0.234342,-0.556861,-0.412084
0.063558,0.0779,-0.305761,-0.946098,-0.267668,0.331963,0.224368,0.868938,0.682131,0.234433,-0.556879,-0.412106
0.063542,0.077953,-0.305578,-0.946156,-0.267611,0.331989,0.224387,0.86894,0.682084,0.234503,-0.556918,-0.412092
0.063538,0.077988,-0.30541,-0.94621,-0.267545,0.332048,0.224425,0.868926,0.682035,0.234606,-0.556979,-0.412032
0.063479,0.078047,-0.30539,-0.946216,-0.267446,0.332149,0.224432,0.868914,0.681966,0.234686,-0.557085,-0.411958
0.063483,0.078079,-0.305391,-0.946214,-0.267368,0.33225,0.224455,0.868891,0.681904,0.234754,-0.557208,-0.411856
0.063467,0.07808,-0.30544,-0.946198,-0.267288,0.332297,0.224577,0.868866,0.681804,0.234806,-0.557385,-0.411751
0.063448,0.078063,-0.30555,-0.946165,-0.267237,0.332359,0.224734,0.868815,0.68176,0.234833,-0.55756,-0.411572
0.063407,0.078037,-0.305675,-0.946129,-0.2672,0.332366,0.224831,0.868798,0.6817,0.234803,-0.55772,-0.41147
0.063372,0.077997,-0.305834,-0.94608,-0.26719,0.332311,0.224991,0.86878,0.68165,0.234821,-0.557846,-0.411373
0.063327,0.07801,-0.306,-0.946028,-0.267165,0.332258,0.225124,0.868774,0.681633,0.234747,-0.557919,-0.411343
0.063294,0.078013,-0.306147,-0.945982,-0.267169,0.332234,0.225296,0.868737,0.681672,0.234727,-0.557897,-0.411319
0.063265,0.07797,-0.306299,-0.945936,-0.267196,0.332208,0.225378,0.868718,0.681776,0.234683,-0.557785,-0.411324
0.063267,0.07788,-0.30649,-0.945878,-0.26715,0.332179,0.225331,0.868757,0.681862,0.234642,-0.557643,-0.411397
0.063281,0.077824,-0.306546,-0.945863,-0.267128,0.332225,0.225261,0.868763,0.681909,0.234586,-0.557532,-0.411502
0.063301,0.077841,-0.306497,-0.945877,-0.267138,0.332261,0.225192,0.868764,0.681954,0.234652,-0.557383,-0.411593
0.063363,0.077823,-0.306437,-0.945894,-0.267214,0.332245,0.225135,0.868762,0.682067,0.23461,-0.557225,-0.411645
0.06339,0.077791,-0.306366,-0.945917,-0.267208,0.332207,0.225,0.868814,0.682124,0.234602,-0.557123,-0.411691
0.06344,0.077775,-0.306233,-0.945958,-0.267262,0.332157,0.22495,0.868831,0.682094,0.234592,-0.557128,-0.411741
0.063415,0.077801,-0.306106,-0.946,-0.267331,0.332024,0.224881,0.86888,0.682077,0.234617,-0.557168,-0.411701
0.06337,0.077881,-0.305975,-0.946042,-0.267365,0.331897,0.224862,0.868926,0.682047,0.234636,-0.557248,-0.411631
0.063365,0.077925,-0.305889,-0.946067,-0.267394,0.331883,0.224849,0.868926,0.681974,0.234701,-0.557341,-0.411589
0.063385,0.077956,-0.305802,-0.946093,-0.267383,0.33187,0.224903,0.86892,0.681873,0.234753,-0.557485,-0.411531
0.063311,0.07802,-0.305804,-0.946093,-0.267389,0.331887,0.225018,0.868881,0.681799,0.234788,-0.557663,-0.411393
0.06326,0.07802,-0.305827,-0.946089,-0.267374,0.331931,0.225119,0.868842,0.681715,0.234791,-0.557814,-0.411325
0.063194,0.078014,-0.305887,-0.946073,-0.267334,0.331983,0.225146,0.868827,0.681627,0.234811,-0.557867,-0.411387
0.063158,0.078011,-0.305961,-0.946052,-0.266985,0.331425,0.224911,0.869214,0.681646,0.234779,-0.557782,-0.411489
0.063151,0.077953,-0.306052,-0.946027,-0.266938,0.331462,0.224908,0.869214,0.68197,0.234816,-0.55702,-0.411966
0.063189,0.077907,-0.305983,-0.946049,-0.266903,0.33153,0.225013,0.869171,0.682024,0.234833,-0.556966,-0.411941
0.0631994234563127,0.0779105451895044,-0.305870295012051,-0.946085008490019,-0.26689,0.331572027292675,0.225069877898513,0.869144073361555,0.682026078368045,0.234832792082246,-0.556967035517439,-0.411926155274088
0.063205895252936,0.0779196880466472,-0.305714891044481,-0.946134665197024,-0.266879,0.331602828340563,0.225112068745728,0.869124529871719,0.682027327665369,0.234832102859189,-0.556970268051329,-0.411916076756843
0.0632099302658495,0.0779321895043732,-0.30553840562551,-0.946191150921391,-0.26687,0.331627504860573,0.225145180621292,0.869108896397587,0.682028029660795,0.234830834126132,-0.556975886574025,-0.411908416525391
0.0632130433710329,0.0779458104956268,-0.305362456283356,-0.946247646463496,-0.266863,0.331651158569613,0.225174821604854,0.869093699806255,0.682028466123147,0.23482888767838,-0.556984080057883,-0.411900826656856
0.063216749444466,0.0779583119533528,-0.305208660546241,-0.946297332623716,-0.266858,0.331678891184592,0.225206599776061,0.869075466964816,0.68202891882125,0.234826165311237,-0.556995037475261,-0.411890959228362
0.0632225633621284,0.0779674548104956,-0.305098635942382,-0.946333390202425,-0.266855,0.331715804422418,0.225246123214561,0.869050724740366,0.682029669523926,0.234822568820009,-0.557008947798515,-0.411876466317035
0.063232,0.077971,-0.305054,-0.946349,-0.266854,0.331767,0.225299,0.869016,0.682031,0.234818,-0.557026,-0.411855
0.063258,0.077909,-0.305051,-0.946351,-0.266905,0.331879,0.225387,0.868933,0.682034,0.234789,-0.55709,-0.41178
0.063255299270073,0.0778714992293598,-0.305199554479419,-0.946303305311677,-0.266947406735501,0.331925895245805,0.225409645518044,0.868895759048882,0.682022804347826,0.234794602941176,-0.55712993150541,-0.411748166281087
0.063248,0.077832,-0.305452,-0.946224,-0.267004,0.331965,0.225418,0.868861,0.681994,0.234801,-0.55718,-0.411718
0.06322,0.077757,-0.305666,-0.946161,-0.267153,0.332022,0.22541,0.868797,0.681904,0.234802,-0.557334,-0.411657
0.063229,0.077726,-0.305836,-0.946107,-0.267266,0.331999,0.225348,0.868788,0.681839,0.234814,-0.557494,-0.411541
0.063249,0.077707,-0.305914,-0.94608,-0.267457,0.331991,0.225201,0.868772,0.681809,0.234811,-0.557604,-0.411443
0.06322,0.0777,-0.306019,-0.946048,-0.267619,0.33202,0.225083,0.868743,0.681768,0.234813,-0.557651,-0.411446
0.063236,0.07767,-0.306042,-0.946041,-0.26773,0.332004,0.224935,0.868754,0.681831,0.234792,-0.55757,-0.411463
0.06327,0.077746,-0.305823,-0.946107,-0.267813,0.331954,0.224792,0.868786,0.681935,0.234756,-0.557413,-0.411524
0.063294,0.077813,-0.305609,-0.946172,-0.267837,0.331957,0.224653,0.868814,0.682018,0.234786,-0.557222,-0.411629
0.063293,0.077856,-0.305349,-0.946255,-0.267797,0.331971,0.224609,0.868834,0.68206,0.23481,-0.557056,-0.411771
0.063333,0.077906,-0.305062,-0.946342,-0.267723,0.331955,0.224529,0.868883,0.682112,0.234812,-0.556903,-0.411892
0.063333,0.077956,-0.304879,-0.9464,-0.267708,0.331938,0.22456,0.868885,0.68216,0.234862,-0.556833,-0.411879
0.06334,0.077979,-0.304726,-0.946447,-0.267669,0.331935,0.224611,0.868885,0.68216,0.234925,-0.556804,-0.411884
0.063336,0.077989,-0.304674,-0.946464,-0.267604,0.33196,0.224647,0.868886,0.682153,0.235008,-0.556797,-0.411855
0.063312,0.078002,-0.304706,-0.946455,-0.267513,0.331914,0.224732,0.868908,0.682081,0.235028,-0.556901,-0.411823
0.063299,0.077979,-0.304691,-0.946462,-0.267414,0.331857,0.224792,0.868945,0.681963,0.235095,-0.557054,-0.411774
0.063242,0.077987,-0.304733,-0.946452,-0.267305,0.331837,0.22491,0.868956,0.681865,0.235144,-0.557219,-0.411684
0.063207,0.078011,-0.304799,-0.946431,-0.267198,0.331752,0.225036,0.868988,0.68173,0.23516,-0.557428,-0.411615
0.063175,0.077979,-0.304949,-0.946385,-0.267058,0.33173,0.225183,0.869,0.681615,0.235172,-0.55768,-0.411458
0.063138,0.077931,-0.305137,-0.946329,-0.266903,0.331761,0.225333,0.868995,0.681497,0.235185,-0.557943,-0.411289
0.063112,0.077967,-0.30533,-0.946266,-0.266779,0.33177,0.22544,0.869,0.681423,0.235203,-0.558142,-0.41113
0.06307,0.077959,-0.305448,-0.94623,-0.266812,0.331825,0.225467,0.868961,0.681368,0.235185,-0.558287,-0.411034
0.063048,0.077916,-0.305612,-0.946181,-0.266925,0.331832,0.22536,0.868953,0.681314,0.235115,-0.558364,-0.411059
0.063099,0.077848,-0.305656,-0.946167,-0.267094,0.331824,0.225229,0.86894,0.681396,0.235054,-0.558251,-0.411111
0.063127,0.077814,-0.305574,-0.946194,-0.267254,0.331808,0.224911,0.868982,0.681502,0.235041,-0.558023,-0.411251
0.063166,0.077801,-0.305393,-0.946251,-0.267422,0.331702,0.224626,0.869048,0.681595,0.235029,-0.557785,-0.41143
0.06318,0.077828,-0.305105,-0.946344,-0.267568,0.331489,0.224406,0.869145,0.681712,0.235013,-0.557516,-0.411611
0.063201,0.077836,-0.30479,-0.946445,-0.26765,0.331382,0.224279,0.869196,0.681812,0.234991,-0.557292,-0.411761
0.06319,0.077937,-0.30442,-0.946561,-0.267662,0.331287,0.224182,0.869256,0.681877,0.235049,-0.557125,-0.411847
0.063201,0.078016,-0.304099,-0.94666,-0.267553,0.331245,0.224145,0.869314,0.681897,0.235113,-0.557038,-0.411895
0.063229,0.078061,-0.303933,-0.946709,-0.267445,0.331288,0.224238,0.869306,0.681888,0.235148,-0.557013,-0.411925
0.06324,0.078147,-0.30389,-0.946718,-0.267353,0.331364,0.22432,0.869282,0.68186,0.235235,-0.557055,-0.411866
0.063231,0.078172,-0.303918,-0.946708,-0.267241,0.331496,0.22443,0.869235,0.681809,0.235295,-0.55715,-0.411787
0.063233,0.07814,-0.304066,-0.94666,-0.267168,0.331595,0.224578,0.869179,0.681731,0.235296,-0.557279,-0.41174
0.063238,0.078083,-0.304249,-0.946605,-0.267134,0.331619,0.224695,0.869149,0.681655,0.235294,-0.557453,-0.41163
0.063196,0.078022,-0.304483,-0.946535,-0.267136,0.331625,0.224855,0.869104,0.681587,0.235294,-0.557601,-0.411543
0.063174,0.077942,-0.304674,-0.946478,-0.267145,0.33154,0.22499,0.8691,0.681526,0.235298,-0.557742,-0.411451
0.063148,0.077919,-0.304919,-0.946401,-0.267123,0.331425,0.225031,0.869141,0.681456,0.23533,-0.557817,-0.411446
0.063199,0.077899,-0.305027,-0.946364,-0.267077,0.331313,0.225003,0.869207,0.681398,0.23532,-0.557875,-0.41147
0.063188,0.077843,-0.305096,-0.946345,-0.267085,0.331202,0.224895,0.869276,0.681438,0.235314,-0.557813,-0.411491
0.063194,0.077859,-0.305101,-0.946342,-0.267043,0.331135,0.224785,0.869344,0.681502,0.23532,-0.557661,-0.411589
0.063187,0.077916,-0.304992,-0.946375,-0.267015,0.331125,0.224631,0.869397,0.681569,0.235304,-0.557504,-0.411696
0.063168,0.077923,-0.304711,-0.946467,-0.267022,0.331079,0.22453,0.869439,0.681659,0.235288,-0.557285,-0.411857
0.063179,0.077964,-0.304424,-0.946559,-0.267069,0.331095,0.224345,0.869468,0.681735,0.235309,-0.557069,-0.412011
0.063179,0.077964,-0.30416,-0.946645,-0.267007,0.331071,0.224216,0.869529,0.681819,0.235332,-0.556886,-0.412106
0.063205,0.078011,-0.303984,-0.946698,-0.267094,0.331034,0.224135,0.869538,0.681861,0.235357,-0.556794,-0.412148
0.063186,0.078078,-0.303826,-0.946746,-0.267184,0.330994,0.224062,0.869545,0.681859,0.235328,-0.556786,-0.412177
0.063128,0.078131,-0.303781,-0.946761,-0.267271,0.330988,0.224064,0.869522,0.681832,0.235359,-0.556798,-0.412189
0.06309,0.078178,-0.303788,-0.94676,-0.267328,0.330986,0.22406,0.869507,0.68173,0.235392,-0.556968,-0.412108
0.063047,0.078223,-0.303759,-0.946769,-0.267387,0.331055,0.224082,0.869456,0.681634,0.235448,-0.557127,-0.412021
0.062997,0.078282,-0.303915,-0.946717,-0.26738,0.331226,0.22415,0.869373,0.68151,0.235475,-0.557327,-0.411941
0.063066,0.078257,-0.304102,-0.946653,-0.267358,0.331423,0.224251,0.869275,0.681445,0.235536,-0.557457,-0.411837
0.063056,0.078264,-0.304264,-0.9466,-0.267325,0.331565,0.224317,0.869212,0.681394,0.23557,-0.557586,-0.411726
0.063072,0.078242,-0.304428,-0.946547,-0.267306,0.331673,0.224338,0.86917,0.68135,0.235564,-0.557654,-0.41171
0.063105,0.07818,-0.304593,-0.946495,-0.267252,0.331707,0.224313,0.869179,0.681371,0.235494,-0.557617,-0.411766
0.063165,0.078159,-0.304654,-0.946472,-0.267177,0.331686,0.224208,0.869236,0.681467,0.235467,-0.557499,-0.411782
0.063173,0.078107,-0.304661,-0.946472,-0.267163,0.331577,0.224129,0.869305,0.681572,0.23543,-0.557313,-0.411882
0.063175,0.078103,-0.304509,-0.946523,-0.267093,0.33145,0.224089,0.869387,0.681647,0.23545,-0.557129,-0.411997
0.063234,0.078136,-0.30432,-0.946578,-0.26705,0.331306,0.224116,0.869449,0.681716,0.235402,-0.556951,-0.41215
0.063215,0.078177,-0.304051,-0.946665,-0.266929,0.331196,0.224138,0.869523,0.681759,0.235435,-0.556839,-0.412212
0.06322,0.078215,-0.303892,-0.946714,-0.266886,0.331137,0.224202,0.869543,0.681811,0.235483,-0.55672,-0.41226
0.063199,0.078259,-0.303732,-0.946765,-0.266809,0.331097,0.22424,0.869571,0.681837,0.235516,-0.556646,-0.412298
0.063144,0.078316,-0.30364,-0.946795,-0.266697,0.331122,0.224349,0.869567,0.681818,0.235526,-0.556687,-0.412269
0.063131,0.078335,-0.3036,-0.946808,-0.266647,0.331155,0.22439,0.869558,0.681794,0.235595,-0.556773,-0.412151
0.063106,0.07833,-0.303714,-0.946772,-0.26663,0.331206,0.224429,0.869533,0.68173,0.235605,-0.556934,-0.412035
0.063086,0.078291,-0.303849,-0.946732,-0.266664,0.331271,0.224446,0.869492,0.68162,0.235705,-0.557154,-0.411862
0.063065,0.078236,-0.303971,-0.946697,-0.266746,0.331299,0.224559,0.869427,0.681529,0.23573,-0.557383,-0.411688
0.063,0.078228,-0.304123,-0.946652,-0.266866,0.331322,0.224553,0.869384,0.681403,0.235786,-0.55762,-0.411543
0.062928,0.078191,-0.304278,-0.946609,-0.266951,0.331274,0.224523,0.869386,0.681333,0.235764,-0.557767,-0.411473
0.062902,0.078162,-0.304462,-0.946552,-0.267061,0.331238,0.224375,0.869405,0.681267,0.235782,-0.557837,-0.411474
0.062877,0.078138,-0.304549,-0.946527,-0.267161,0.331177,0.224162,0.869454,0.681296,0.235687,-0.557807,-0.411522
0.062879,0.078108,-0.304479,-0.946552,-0.267266,0.331082,0.223962,0.869513,0.681375,0.235635,-0.5577,-0.411567
0.062856,0.078139,-0.304322,-0.946602,-0.267295,0.331024,0.223807,0.869567,0.681474,0.235595,-0.557506,-0.411687
0.062886,0.078172,-0.304061,-0.946683,-0.267312,0.330973,0.223701,0.86961,0.681516,0.235652,-0.557321,-0.411838
0.062886,0.078272,-0.30382,-0.946756,-0.267277,0.330994,0.223633,0.86963,0.6816,0.235665,-0.557102,-0.411988
0.062936,0.078343,-0.303622,-0.946813,-0.267285,0.331007,0.223609,0.869628,0.681652,0.235723,-0.556955,-0.412069
0.062925,0.07838,-0.303459,-0.946865,-0.267251,0.331052,0.223594,0.869625,0.681704,0.235749,-0.55682,-0.41215
0.062969,0.078415,-0.303344,-0.946897,-0.267264,0.331117,0.223603,0.869594,0.681745,0.235829,-0.556738,-0.412149
0.063001,0.078384,-0.303342,-0.946898,-0.267225,0.331112,0.223701,0.869581,0.681743,0.235844,-0.556738,-0.412143
0.062976,0.078367,-0.303357,-0.946896,-0.267181,0.331117,0.223748,0.869581,0.68172,0.235873,-0.556809,-0.412069
0.062947,0.078389,-0.303412,-0.946878,-0.267138,0.331054,0.223886,0.869582,0.681654,0.235935,-0.556945,-0.411958
0.062913,0.078364,-0.303476,-0.946861,-0.267064,0.331056,0.22405,0.869561,0.68154,0.236003,-0.557136,-0.411848
0.06287,0.078359,-0.303678,-0.946798,-0.266924,0.331043,0.224246,0.869557,0.681388,0.235987,-0.557428,-0.411715
0.062796,0.07831,-0.303911,-0.94673,-0.266824,0.331112,0.224305,0.869544,0.681253,0.236011,-0.557673,-0.411592
0.062709,0.078315,-0.304131,-0.946663,-0.266747,0.331223,0.22436,0.869509,0.681111,0.236042,-0.557965,-0.411413
0.062638,0.078262,-0.304307,-0.946613,-0.26668,0.331292,0.224404,0.86949,0.680966,0.236139,-0.558198,-0.411279
0.062585,0.078172,-0.304502,-0.946559,-0.266654,0.331354,0.224354,0.869487,0.680843,0.236162,-0.558382,-0.411223
0.062563,0.078064,-0.304592,-0.946537,-0.266688,0.331411,0.224237,0.869485,0.680778,0.236165,-0.558477,-0.411196
0.062573,0.078057,-0.304632,-0.946524,-0.266791,0.331408,0.224048,0.869505,0.68079,0.236144,-0.558453,-0.411223
0.06257,0.078012,-0.304675,-0.946514,-0.266934,0.331325,0.223792,0.869562,0.680825,0.236147,-0.558335,-0.411324
0.062557,0.077992,-0.30455,-0.946556,-0.267094,0.331137,0.223631,0.869629,0.680929,0.236109,-0.55816,-0.411411
0.062566,0.078008,-0.304357,-0.946618,-0.267176,0.33099,0.223467,0.869705,0.681041,0.236105,-0.557977,-0.411476
0.062633,0.0781,-0.304088,-0.946696,-0.267245,0.330878,0.223345,0.86976,0.681102,0.236125,-0.557833,-0.411561
0.062678,0.078159,-0.303888,-0.946754,-0.267269,0.330799,0.223234,0.869813,0.681146,0.236177,-0.557745,-0.411578
0.062733,0.078301,-0.303606,-0.946834,-0.267254,0.330773,0.223209,0.869834,0.681176,0.236241,-0.557677,-0.411582
0.062746,0.078342,-0.303479,-0.946872,-0.26728,0.330838,0.223197,0.869804,0.681235,0.236304,-0.557587,-0.411572
0.062821,0.078415,-0.303352,-0.946905,-0.267262,0.330924,0.223159,0.869785,0.681264,0.236371,-0.557548,-0.411539
0.062824,0.078452,-0.303282,-0.946924,-0.267262,0.330958,0.223254,0.869747,0.681253,0.236401,-0.557546,-0.411541
0.062768,0.078445,-0.30331,-0.946919,-0.267226,0.331042,0.223393,0.869689,0.681208,0.236437,-0.557608,-0.411512
0.062695,0.078436,-0.30342,-0.946889,-0.267125,0.331111,0.223511,0.869661,0.681171,0.236463,-0.557719,-0.411407
0.062673,0.078384,-0.303556,-0.94685,-0.267111,0.33108,0.223621,0.869649,0.681108,0.236437,-0.557892,-0.411294
0.062647,0.078361,-0.3037,-0.946806,-0.2671,0.331031,0.223702,0.869651,0.681011,0.236497,-0.558055,-0.411197
0.06256,0.078294,-0.303916,-0.946745,-0.267076,0.330966,0.223811,0.869655,0.680923,0.236483,-0.558214,-0.411134
0.062523,0.078259,-0.304072,-0.946699,-0.266998,0.330865,0.223801,0.869721,0.680862,0.236498,-0.55832,-0.411084
0.062504,0.078193,-0.304171,-0.946672,-0.266917,0.330775,0.22379,0.869784,0.680842,0.236431,-0.558352,-0.411111
0.062477,0.078159,-0.304216,-0.946661,-0.266832,0.330738,0.22377,0.86983,0.680843,0.236418,-0.558363,-0.4111
0.062456,0.078148,-0.304202,-0.946668,-0.266758,0.330736,0.223687,0.869873,0.680912,0.236274,-0.558248,-0.411226
0.06245,0.078189,-0.30414,-0.946686,-0.266689,0.33072,0.223644,0.869911,0.680976,0.236238,-0.558143,-0.411282
0.062446,0.078206,-0.303962,-0.946743,-0.266646,0.33072,0.223578,0.869941,0.681031,0.236236,-0.558004,-0.411382
0.062491,0.078192,-0.303808,-0.946791,-0.266643,0.330716,0.223486,0.869968,0.681049,0.236287,-0.557898,-0.411466
0.06246,0.078139,-0.303666,-0.946842,-0.266681,0.330758,0.223294,0.86999,0.681071,0.236295,-0.557804,-0.411554
0.062494,0.078178,-0.303512,-0.946889,-0.266766,0.330744,0.223172,0.870002,0.68112,0.23631,-0.557688,-0.411621
0.062514,0.078192,-0.303355,-0.946938,-0.266889,0.330709,0.223058,0.870008,0.681123,0.236356,-0.557648,-0.411646
0.062559,0.078257,-0.303254,-0.946964,-0.267014,0.33065,0.223013,0.870005,0.681105,0.23644,-0.557651,-0.411624
0.06254,0.0783,-0.303155,-0.946994,-0.267118,0.330581,0.22297,0.870012,0.681093,0.236442,-0.557678,-0.411605
0.062552,0.078349,-0.30304,-0.947028,-0.267164,0.330648,0.222908,0.869988,0.681051,0.23649,-0.557764,-0.411532
0.06253,0.078381,-0.303046,-0.947025,-0.267196,0.330753,0.222903,0.869939,0.680994,0.236472,-0.557891,-0.411462
0.062507,0.078378,-0.303122,-0.947003,-0.267169,0.330848,0.222959,0.869895,0.680909,0.236514,-0.558034,-0.411385
0.062532,0.078311,-0.303193,-0.946982,-0.267195,0.330957,0.223009,0.869831,0.680847,0.23651,-0.558196,-0.411271
0.062525,0.078284,-0.303332,-0.946938,-0.267162,0.331071,0.223074,0.86978,0.680757,0.236494,-0.558357,-0.411209
0.062521,0.078248,-0.303435,-0.946907,-0.2671,0.33113,0.223102,0.869767,0.680741,0.236481,-0.558412,-0.411169
0.062485,0.07823,-0.303501,-0.94689,-0.267032,0.331117,0.223034,0.869811,0.680727,0.236467,-0.558438,-0.411163
0.062469,0.078216,-0.303551,-0.946875,-0.267053,0.331053,0.223034,0.869829,0.68069,0.236465,-0.55843,-0.411237
0.062448,0.078219,-0.303501,-0.946893,-0.267091,0.330932,0.223055,0.869861,0.680707,0.23646,-0.558337,-0.411338
0.062411,0.078223,-0.303468,-0.946905,-0.267101,0.330789,0.223032,0.86992,0.680752,0.236445,-0.558241,-0.411404
0.062439,0.078209,-0.303417,-0.946922,-0.267088,0.330697,0.223062,0.869953,0.680792,0.236435,-0.558153,-0.411461
0.062441,0.078249,-0.303257,-0.946971,-0.267113,0.330654,0.223119,0.869947,0.680821,0.23641,-0.558067,-0.411548
0.062452,0.078248,-0.303114,-0.947017,-0.267059,0.330592,0.223165,0.869976,0.68084,0.236453,-0.558021,-0.411552
0.062473,0.078266,-0.303016,-0.947046,-0.266959,0.330608,0.223198,0.869991,0.680852,0.236454,-0.557978,-0.411591
0.062458,0.078287,-0.30299,-0.947054,-0.266931,0.330626,0.223261,0.869976,0.680809,0.236493,-0.558041,-0.411554
0.062463,0.07827,-0.303068,-0.947029,-0.266847,0.330677,0.223299,0.869971,0.680781,0.236464,-0.558086,-0.411556
0.062477,0.07826,-0.303105,-0.947017,-0.266773,0.330729,0.223363,0.869956,0.68076,0.236494,-0.558169,-0.411461
0.062488,0.078267,-0.303268,-0.946963,-0.266717,0.330808,0.223403,0.869932,0.680708,0.236504,-0.558307,-0.411352
0.06248,0.078206,-0.303363,-0.946937,-0.266679,0.330931,0.223425,0.869888,0.680635,0.236581,-0.558403,-0.411301
0.062487,0.07817,-0.303469,-0.946904,-0.266645,0.330955,0.223473,0.869876,0.680546,0.236589,-0.558518,-0.411285
0.06249,0.078126,-0.303517,-0.94689,-0.266649,0.330933,0.223424,0.869897,0.680476,0.236597,-0.558645,-0.411223
0.062416,0.078091,-0.303637,-0.946858,-0.266701,0.330895,0.22338,0.869908,0.680416,0.236592,-0.558759,-0.411171
0.062394,0.078049,-0.303717,-0.946836,-0.266752,0.33087,0.223249,0.869936,0.680372,0.236646,-0.558837,-0.411106
0.062393,0.078006,-0.30378,-0.946819,-0.266884,0.330793,0.223038,0.869981,0.68032,0.236696,-0.55887,-0.411118
0.062379,0.078004,-0.303698,-0.946847,-0.267015,0.330773,0.222838,0.870002,0.680321,0.236698,-0.558867,-0.411122
0.062384,0.07806,-0.303525,-0.946899,-0.267114,0.33073,0.222659,0.870036,0.680354,0.236645,-0.558817,-0.411166
0.062404,0.078089,-0.30335,-0.946953,-0.267146,0.330645,0.222633,0.870066,0.680386,0.236654,-0.558737,-0.411216
0.062389,0.078152,-0.303165,-0.94701,-0.267211,0.330577,0.222594,0.870084,0.680377,0.236655,-0.558694,-0.411289
0.062425,0.078202,-0.303006,-0.947057,-0.267198,0.330504,0.2226,0.870116,0.680397,0.236698,-0.558608,-0.411348
0.062432,0.078243,-0.302848,-0.947105,-0.267145,0.33039,0.222531,0.870193,0.680447,0.236672,-0.558509,-0.411415
0.062431,0.07827,-0.302694,-0.947154,-0.267071,0.330237,0.222501,0.870284,0.680493,0.236731,-0.558418,-0.411429
0.062452,0.078317,-0.302525,-0.947204,-0.266976,0.330099,0.222485,0.870371,0.680489,0.236789,-0.558361,-0.411479
0.062405,0.07836,-0.302334,-0.947267,-0.266833,0.330069,0.222459,0.870432,0.680474,0.236829,-0.558393,-0.411439
0.062348,0.078412,-0.302218,-0.947305,-0.266712,0.330013,0.222439,0.870496,0.680462,0.236855,-0.558449,-0.411365
0.062308,0.078399,-0.302157,-0.947328,-0.26655,0.329993,0.222547,0.870524,0.680394,0.236896,-0.558577,-0.411284
0.062185,0.078402,-0.302236,-0.947311,-0.266469,0.330017,0.222641,0.870514,0.680297,0.236914,-0.558742,-0.411209
0.062111,0.078393,-0.302388,-0.947266,-0.266374,0.330102,0.222784,0.870472,0.680186,0.236906,-0.558984,-0.411066
0.062018,0.078363,-0.30257,-0.947215,-0.266304,0.330249,0.222949,0.870393,0.680067,0.236946,-0.55923,-0.410905
0.061972,0.078316,-0.302808,-0.947144,-0.266208,0.330368,0.223071,0.870343,0.679932,0.237036,-0.559461,-0.410763
0.061915,0.078232,-0.303111,-0.947055,-0.266165,0.330492,0.223187,0.870276,0.679824,0.237037,-0.55967,-0.410655
0.061865,0.078171,-0.303397,-0.946967,-0.266132,0.330561,0.223294,0.870232,0.679738,0.237051,-0.559828,-0.410575
0.061887,0.078112,-0.303633,-0.946893,-0.266136,0.330551,0.223299,0.870234,0.679701,0.237065,-0.559885,-0.410548
0.061872,0.078082,-0.303742,-0.94686,-0.266168,0.33054,0.223181,0.870258,0.679714,0.237084,-0.559849,-0.410566
0.061875,0.078067,-0.303805,-0.94684,-0.266243,0.330464,0.223014,0.87031,0.679735,0.237038,-0.559734,-0.410714
0.061882,0.078064,-0.303765,-0.946854,-0.266344,0.330335,0.222748,0.870399,0.679822,0.236963,-0.55959,-0.41081
0.061887,0.07809,-0.303568,-0.946915,-0.266494,0.330209,0.222467,0.870476,0.679918,0.237007,-0.559424,-0.410851
0.061923,0.078207,-0.303313,-0.946988,-0.266584,0.330116,0.222267,0.870538,0.68001,0.237035,-0.559271,-0.410894
0.061919,0.078341,-0.302931,-0.947105,-0.266672,0.33004,0.222158,0.87057,0.680023,0.237097,-0.559168,-0.410975
0.061947,0.078411,-0.302608,-0.947204,-0.266726,0.330039,0.222114,0.870564,0.68007,0.237153,-0.559089,-0.410975
0.061972,0.078503,-0.30231,-0.947294,-0.266733,0.330062,0.222133,0.87055,0.680063,0.237236,-0.559032,-0.411016
0.061997,0.078584,-0.302183,-0.947328,-0.266711,0.330135,0.222209,0.870507,0.680067,0.237304,-0.559003,-0.411011
0.062003,0.07861,-0.302184,-0.947326,-0.266669,0.330248,0.222259,0.870463,0.680041,0.237307,-0.559043,-0.410998
0.062028,0.078633,-0.302233,-0.947306,-0.26661,0.330326,0.2223,0.870439,0.679974,0.23735,-0.559155,-0.410929
0.062031,0.078637,-0.302385,-0.947258,-0.266525,0.330453,0.222364,0.870397,0.679938,0.23736,-0.559249,-0.410858
0.062064,0.078592,-0.302511,-0.947216,-0.26648,0.330514,0.222408,0.870376,0.679897,0.237392,-0.559365,-0.410747
0.062055,0.078574,-0.302662,-0.947169,-0.266428,0.330515,0.222479,0.870373,0.679851,0.237349,-0.559468,-0.410709
0.062013,0.078532,-0.302808,-0.947128,-0.266409,0.330429,0.222512,0.870404,0.679794,0.237333,-0.559561,-0.410685
0.062002,0.078474,-0.302875,-0.94711,-0.26634,0.330303,0.222512,0.870475,0.679798,0.237353,-0.559519,-0.410722
0.061993,0.078444,-0.302874,-0.947112,-0.266295,0.330187,0.222449,0.870549,0.679829,0.237309,-0.559452,-0.410787
0.061975,0.078442,-0.302762,-0.94715,-0.266189,0.330048,0.222435,0.87064,0.679857,0.237279,-0.559365,-0.410879
0.061924,0.078451,-0.302646,-0.947191,-0.266066,0.329932,0.22235,0.870744,0.679909,0.237225,-0.559272,-0.41095
0.061867,0.078503,-0.3025,-0.947239,-0.266037,0.329882,0.222342,0.870774,0.679951,0.237237,-0.559195,-0.410979
0.061847,0.078545,-0.302371,-0.94728,-0.266031,0.32992,0.222316,0.870767,0.679959,0.237246,-0.55914,-0.411035
0.061819,0.078594,-0.302281,-0.947308,-0.266075,0.329953,0.222367,0.870728,0.67996,0.237238,-0.559116,-0.411071
0.061791,0.078596,-0.302232,-0.947325,-0.26614,0.330001,0.222376,0.870687,0.67993,0.237261,-0.559129,-0.41109
0.061741,0.078627,-0.302206,-0.947335,-0.266259,0.330014,0.222368,0.870649,0.679906,0.237296,-0.559158,-0.41107
0.061752,0.078673,-0.302192,-0.947335,-0.266364,0.330001,0.222293,0.870642,0.67988,0.237318,-0.559203,-0.411038
0.061744,0.078685,-0.302227,-0.947324,-0.26644,0.329983,0.222204,0.870649,0.679811,0.237309,-0.559333,-0.410981
0.061782,0.078723,-0.302249,-0.947312,-0.26648,0.329951,0.222105,0.870676,0.679748,0.237372,-0.559437,-0.410905
0.061758,0.078789,-0.302302,-0.947292,-0.266509,0.329942,0.222084,0.870676,0.679673,0.237462,-0.559581,-0.410784
0.061768,0.078868,-0.302259,-0.9473,-0.266505,0.32992,0.222054,0.870694,0.679577,0.237557,-0.559746,-0.410662
0.061774,0.078903,-0.302281,-0.947291,-0.266528,0.329963,0.222045,0.870672,0.679531,0.237563,-0.559848,-0.410596
0.061699,0.078913,-0.302256,-0.947303,-0.266493,0.330027,0.222061,0.870653,0.67951,0.237577,-0.559925,-0.410519
0.061629,0.078878,-0.302304,-0.947294,-0.266459,0.330099,0.222072,0.870631,0.679478,0.237614,-0.559985,-0.410468
0.061606,0.078837,-0.302311,-0.947296,-0.266422,0.330096,0.222093,0.870638,0.679461,0.237603,-0.559994,-0.410489
0.061565,0.078763,-0.302368,-0.947285,-0.266398,0.330102,0.222207,0.870615,0.679461,0.237566,-0.559968,-0.410546
0.061555,0.078739,-0.302406,-0.947275,-0.266355,0.330082,0.22232,0.870606,0.679495,0.2375,-0.559939,-0.410568
0.061527,0.078746,-0.302482,-0.947251,-0.266326,0.329995,0.222432,0.870621,0.679563,0.23742,-0.559858,-0.410611
0.061519,0.078657,-0.30255,-0.947235,-0.266225,0.329973,0.222472,0.870648,0.679613,0.237368,-0.559745,-0.410711
0.061516,0.078631,-0.302537,-0.947242,-0.266162,0.329936,0.222512,0.870671,0.679673,0.237291,-0.559663,-0.41077
0.061558,0.078707,-0.302502,-0.947245,-0.266123,0.329916,0.222494,0.870695,0.679731,0.237284,-0.559577,-0.410796
0.061529,0.078743,-0.302551,-0.947229,-0.266073,0.329933,0.222458,0.870713,0.679785,0.237294,-0.559488,-0.41082
0.061504,0.078755,-0.302592,-0.947216,-0.265967,0.329976,0.222454,0.870729,0.679757,0.237336,-0.559503,-0.410823
0.061497,0.078789,-0.302621,-0.947205,-0.265962,0.330019,0.222491,0.870705,0.679705,0.237328,-0.559562,-0.410833
0.061482,0.078779,-0.302617,-0.947208,-0.265949,0.330066,0.222486,0.87069,0.679708,0.237298,-0.559624,-0.41076
0.061419,0.078717,-0.302633,-0.947212,-0.266002,0.330057,0.222484,0.870679,0.679692,0.237321,-0.559687,-0.410686
0.06139,0.078698,-0.302653,-0.947208,-0.26606,0.330013,0.222444,0.87069,0.679591,0.237371,-0.559852,-0.410601
0.06137,0.078646,-0.30268,-0.947204,-0.266143,0.329935,0.222415,0.870702,0.679503,0.237385,-0.559987,-0.410556
0.061373,0.078638,-0.302704,-0.947196,-0.266231,0.329878,0.222335,0.870719,0.679433,0.23745,-0.560122,-0.410447
0.06134,0.078699,-0.30267,-0.947205,-0.266325,0.329827,0.222242,0.870735,0.679389,0.237451,-0.560185,-0.410436
0.061284,0.078683,-0.302718,-0.947194,-0.266414,0.32985,0.222175,0.870717,0.679401,0.237454,-0.56017,-0.410433
0.061292,0.07866,-0.302659,-0.947214,-0.266481,0.329869,0.222082,0.870713,0.67948,0.237372,-0.560103,-0.410441
0.061284,0.078669,-0.302546,-0.947251,-0.266548,0.329947,0.222025,0.870677,0.679568,0.237334,-0.559982,-0.41048
0.061272,0.078669,-0.302399,-0.947299,-0.266503,0.330032,0.222042,0.870653,0.679671,0.237281,-0.559833,-0.410545
0.061286,0.078684,-0.302289,-0.947334,-0.266486,0.330034,0.22207,0.87065,0.679741,0.237272,-0.559673,-0.410652
0.061258,0.07871,-0.302209,-0.94736,-0.266376,0.330078,0.222105,0.870656,0.679828,0.237271,-0.559508,-0.410734
0.061316,0.078727,-0.302182,-0.947364,-0.266311,0.33006,0.222128,0.870677,0.679881,0.23729,-0.559393,-0.410794
0.061365,0.078758,-0.302169,-0.947363,-0.266257,0.33003,0.222228,0.870679,0.679934,0.237309,-0.559295,-0.410829
0.061363,0.078803,-0.302146,-0.947367,-0.266226,0.329947,0.222264,0.870711,0.679967,0.237332,-0.55919,-0.410904
0.061373,0.078849,-0.302135,-0.947367,-0.266173,0.329911,0.222322,0.870727,0.68002,0.237304,-0.559108,-0.410943
0.06138,0.078863,-0.302082,-0.947384,-0.266097,0.329927,0.222416,0.870719,0.680013,0.23731,-0.559128,-0.410925
0.061342,0.078862,-0.302119,-0.947374,-0.266027,0.329947,0.222457,0.870722,0.680008,0.2373,-0.559153,-0.410904
0.061315,0.078837,-0.302228,-0.947343,-0.265927,0.329958,0.222542,0.870725,0.679988,0.23729,-0.559203,-0.410876
0.061282,0.078793,-0.302319,-0.947317,-0.265854,0.330128,0.222639,0.870655,0.679909,0.237285,-0.559335,-0.410829
0.061274,0.078769,-0.302478,-0.947268,-0.265781,0.330289,0.222785,0.870576,0.679864,0.237283,-0.559482,-0.410705
0.061254,0.078694,-0.302666,-0.947212,-0.265722,0.330453,0.222912,0.870496,0.679816,0.237252,-0.559631,-0.410598
0.061269,0.07864,-0.302864,-0.94715,-0.26575,0.330606,0.222992,0.870406,0.679741,0.237297,-0.559794,-0.410473
0.061288,0.078518,-0.303132,-0.947069,-0.265883,0.330677,0.222948,0.870351,0.679718,0.237256,-0.559853,-0.410455
0.061317,0.078455,-0.303335,-0.947006,-0.266085,0.330661,0.222806,0.870333,0.679768,0.237194,-0.559811,-0.410466
0.061308,0.078349,-0.303489,-0.946962,-0.266293,0.330569,0.22261,0.870358,0.679872,0.237166,-0.559611,-0.410582
0.061352,0.078373,-0.303362,-0.947,-0.266471,0.330454,0.222425,0.870397,0.679961,0.237104,-0.559472,-0.410661
0.061326,0.078422,-0.303178,-0.947058,-0.266618,0.330343,0.222332,0.870421,0.680052,0.237017,-0.559327,-0.410757
0.061352,0.078423,-0.302941,-0.947133,-0.266725,0.33026,0.222238,0.870447,0.68016,0.236999,-0.559178,-0.41079
0.061396,0.078506,-0.302686,-0.947209,-0.266723,0.330237,0.222252,0.870453,0.680225,0.237023,-0.559067,-0.410821
0.061435,0.078627,-0.302448,-0.947275,-0.266729,0.330243,0.2223,0.870436,0.680264,0.237073,-0.558982,-0.410845
0.061484,0.078677,-0.302322,-0.947311,-0.2667,0.330301,0.222426,0.870389,0.680245,0.237149,-0.558962,-0.410858
0.061501,0.078723,-0.302272,-0.947323,-0.266681,0.33036,0.222491,0.870355,0.680249,0.237228,-0.558967,-0.4108
0.061529,0.078789,-0.302279,-0.947314,-0.266661,0.330414,0.22253,0.870329,0.680227,0.237309,-0.559,-0.410745
0.061537,0.078819,-0.302339,-0.947293,-0.266637,0.330458,0.222558,0.870313,0.680169,0.2374,-0.559089,-0.410669
0.061538,0.078782,-0.302378,-0.947282,-0.266633,0.330481,0.222657,0.870279,0.680113,0.237431,-0.559208,-0.41058
0.061487,0.078725,-0.302534,-0.947238,-0.266588,0.330465,0.222743,0.870276,0.680028,0.237441,-0.559363,-0.410505
0.06147,0.078695,-0.302687,-0.947192,-0.266583,0.330435,0.222828,0.870268,0.679949,0.237389,-0.559564,-0.410389
0.061422,0.078707,-0.302804,-0.947155,-0.266606,0.33038,0.222924,0.870257,0.679822,0.237437,-0.559775,-0.410284
0.061395,0.078672,-0.302927,-0.94712,-0.266595,0.330342,0.223035,0.870247,0.679734,0.237384,-0.559956,-0.410213
0.061315,0.078699,-0.303043,-0.947086,-0.266632,0.330313,0.223136,0.870221,0.679663,0.2374,-0.560089,-0.41014
0.061255,0.078721,-0.303147,-0.947054,-0.266565,0.330355,0.223254,0.870193,0.679654,0.237281,-0.560147,-0.410144
0.061225,0.078686,-0.303326,-0.946999,-0.266481,0.330489,0.223364,0.870138,0.679672,0.237235,-0.560138,-0.410153
0.061215,0.078605,-0.303489,-0.946952,-0.266443,0.330584,0.223454,0.870088,0.679681,0.237173,-0.560087,-0.410241
0.061178,0.078524,-0.303606,-0.946922,-0.266329,0.330656,0.2235,0.870082,0.679753,0.237142,-0.559969,-0.410303
0.061187,0.07847,-0.303772,-0.94687,-0.26631,0.330665,0.223485,0.870088,0.679809,0.237095,-0.559889,-0.410347
0.061211,0.078421,-0.30381,-0.94686,-0.266373,0.330626,0.223383,0.870111,0.679811,0.237112,-0.559856,-0.410381
0.061211,0.078417,-0.30374,-0.946883,-0.266452,0.330539,0.223347,0.87013,0.679837,0.237085,-0.559836,-0.41038
0.061184,0.078459,-0.303732,-0.946884,-0.26651,0.330395,0.223314,0.87018,0.679853,0.237073,-0.55986,-0.410325
0.061169,0.078544,-0.303685,-0.946895,-0.266571,0.330282,0.223232,0.870227,0.679855,0.23706,-0.559879,-0.410303
0.061157,0.078596,-0.303574,-0.946928,-0.266666,0.33015,0.223167,0.870267,0.679847,0.237101,-0.559918,-0.41024
0.061133,0.078614,-0.303514,-0.946949,-0.266654,0.330143,0.223099,0.870291,0.679818,0.237134,-0.559972,-0.410194
0.061128,0.078679,-0.303468,-0.946959,-0.266638,0.33016,0.223075,0.870295,0.679834,0.237175,-0.559963,-0.410157
0.061144,0.07867,-0.303511,-0.946946,-0.266552,0.330291,0.223063,0.870272,0.679806,0.237165,-0.56,-0.410159
0.061147,0.078667,-0.303544,-0.946934,-0.266488,0.33044,0.223132,0.870215,0.679754,0.237224,-0.56009,-0.410088
0.061118,0.07866,-0.303594,-0.946921,-0.266491,0.33054,0.223243,0.870147,0.679723,0.237206,-0.560184,-0.41002
0.06113,0.078609,-0.303636,-0.94691,-0.266459,0.330639,0.223322,0.870096,0.679759,0.237194,-0.560204,-0.409942
0.061091,0.078556,-0.303778,-0.946869,-0.266495,0.330631,0.223396,0.870069,0.679793,0.237182,-0.560169,-0.409939
0.06109,0.078529,-0.30388,-0.946838,-0.266512,0.330607,0.223413,0.870069,0.679882,0.237122,-0.560044,-0.409996
0.061092,0.078442,-0.304014,-0.946799,-0.266505,0.330493,0.223471,0.870101,0.679979,0.237061,-0.559904,-0.410063
0.061076,0.078397,-0.304096,-0.946775,-0.266437,0.330403,0.223474,0.870156,0.680084,0.237016,-0.559708,-0.410183
0.061069,0.078364,-0.304065,-0.946789,-0.266383,0.330322,0.223424,0.870217,0.680166,0.236955,-0.559543,-0.410307
0.061087,0.078411,-0.304029,-0.946796,-0.266252,0.33022,0.223471,0.870284,0.680226,0.236927,-0.55942,-0.410389
0.061067,0.078428,-0.304029,-0.946797,-0.266116,0.330175,0.223515,0.870332,0.680267,0.236886,-0.559348,-0.410446
0.061027,0.078473,-0.303976,-0.946813,-0.266049,0.330241,0.223525,0.870322,0.680297,0.236857,-0.559297,-0.410483
0.061051,0.078504,-0.303961,-0.946815,-0.265963,0.330316,0.223543,0.870315,0.680297,0.236848,-0.559273,-0.41052
0.061086,0.078495,-0.304038,-0.946788,-0.265968,0.330432,0.22356,0.870262,0.680273,0.236871,-0.559282,-0.410536
0.061066,0.078463,-0.304072,-0.94678,-0.266006,0.330536,0.223597,0.870201,0.680255,0.236772,-0.55935,-0.410529
0.061062,0.078423,-0.3042,-0.946742,-0.26612,0.330627,0.22361,0.870128,0.68017,0.2368,-0.559484,-0.41047
0.061066,0.078419,-0.304361,-0.946688,-0.266266,0.33066,0.223527,0.870092,0.68011,0.236796,-0.55958,-0.410442
0.061112,0.078408,-0.304469,-0.946651,-0.266419,0.330666,0.223388,0.87008,0.680024,0.236829,-0.559681,-0.410427
0.061133,0.078379,-0.304571,-0.946617,-0.266574,0.330713,0.223262,0.870048,0.679992,0.236807,-0.559753,-0.410394
0.061079,0.078408,-0.304659,-0.94659,-0.266684,0.330714,0.223168,0.870039,0.679943,0.236845,-0.559794,-0.410398
0.061143,0.078463,-0.304584,-0.946608,-0.266742,0.330734,0.223119,0.870027,0.679953,0.236846,-0.559783,-0.410395
0.061157,0.078528,-0.304538,-0.946617,-0.266799,0.330794,0.223141,0.86998,0.679939,0.236903,-0.559751,-0.410431
0.061133,0.078537,-0.30451,-0.946628,-0.26681,0.330834,0.223205,0.869944,0.679974,0.236893,-0.559704,-0.410441
0.061124,0.078562,-0.304471,-0.94664,-0.266814,0.330915,0.223208,0.869911,0.68005,0.236859,-0.559638,-0.410426
0.06116,0.078571,-0.304452,-0.946643,-0.26679,0.331019,0.223267,0.869862,0.680117,0.236864,-0.559544,-0.410439
0.061213,0.078626,-0.304422,-0.946646,-0.266769,0.331134,0.223308,0.869813,0.680149,0.236882,-0.559456,-0.410496
0.061276,0.078627,-0.304431,-0.946639,-0.266776,0.331171,0.223353,0.869783,0.680202,0.236889,-0.559355,-0.410542
0.061354,0.078572,-0.304449,-0.946632,-0.266822,0.331176,0.223407,0.869753,0.680272,0.236913,-0.559239,-0.410572
0.061381,0.078597,-0.304477,-0.946619,-0.266837,0.331173,0.223448,0.86974,0.680328,0.236946,-0.559158,-0.410568
0.061435,0.078631,-0.304533,-0.946595,-0.266788,0.331145,0.223583,0.869731,0.680343,0.236971,-0.559144,-0.410549
0.061452,0.078656,-0.304627,-0.946561,-0.26673,0.331134,0.223662,0.869731,0.680309,0.23699,-0.559177,-0.41055
0.061419,0.078682,-0.304669,-0.946548,-0.266647,0.331133,0.223766,0.869729,0.680266,0.23702,-0.559263,-0.410486
0.061365,0.07866,-0.304784,-0.946516,-0.266499,0.331128,0.223971,0.869722,0.680189,0.237036,-0.55944,-0.410362
0.061362,0.078667,-0.304959,-0.946457,-0.266372,0.331189,0.224127,0.869696,0.680053,0.237111,-0.559682,-0.410216
0.061329,0.078621,-0.305129,-0.946407,-0.266206,0.331289,0.224353,0.869647,0.679913,0.237124,-0.55995,-0.410075
0.061275,0.078559,-0.305376,-0.946333,-0.266092,0.331394,0.224538,0.869591,0.679764,0.237178,-0.560254,-0.409875
0.061217,0.078559,-0.305711,-0.946227,-0.266028,0.331501,0.224684,0.869531,0.679615,0.237208,-0.560519,-0.409742
0.061174,0.07849,-0.306043,-0.946124,-0.266005,0.331611,0.224758,0.869474,0.679517,0.237214,-0.560696,-0.409659
0.061126,0.07841,-0.306347,-0.946033,-0.266024,0.331605,0.224677,0.869492,0.679465,0.237192,-0.560793,-0.409623
0.061121,0.078338,-0.306574,-0.945963,-0.266111,0.331504,0.224453,0.869565,0.67949,0.237156,-0.560731,-0.409687
0.061149,0.0783,-0.306619,-0.945948,-0.266316,0.331342,0.224203,0.869633,0.679588,0.237099,-0.5606,-0.409738
0.061181,0.078332,-0.306439,-0.946004,-0.2665,0.331127,0.223823,0.869761,0.679717,0.237083,-0.560352,-0.409873
0.061207,0.078353,-0.306174,-0.946088,-0.266667,0.330917,0.223548,0.869866,0.679811,0.237109,-0.560131,-0.410003
0.061172,0.078394,-0.305809,-0.946208,-0.266773,0.33074,0.223329,0.86996,0.67992,0.237117,-0.559906,-0.410126
0.061249,0.078479,-0.305364,-0.946343,-0.26681,0.330615,0.223164,0.870042,0.680038,0.237125,-0.559674,-0.410243
0.061241,0.078602,-0.305027,-0.946447,-0.266872,0.330581,0.223179,0.870032,0.680132,0.237146,-0.559472,-0.410353
0.061297,0.078686,-0.304674,-0.946554,-0.266859,0.330595,0.223208,0.870023,0.68022,0.237181,-0.559255,-0.410481
0.061328,0.078733,-0.304449,-0.946623,-0.266827,0.330716,0.223315,0.869957,0.680344,0.237186,-0.559067,-0.410532
0.061354,0.078728,-0.304379,-0.946644,-0.266797,0.330829,0.223424,0.869894,0.680412,0.237186,-0.558985,-0.410529
0.061383,0.07869,-0.304347,-0.946655,-0.266746,0.330918,0.22352,0.869848,0.680465,0.2372,-0.558898,-0.410552
0.061359,0.078655,-0.304422,-0.946635,-0.266716,0.330984,0.223629,0.869803,0.680517,0.237178,-0.558833,-0.410568
0.061361,0.078642,-0.304508,-0.946607,-0.266711,0.331021,0.223783,0.869751,0.680533,0.237197,-0.55886,-0.410493
0.061376,0.078584,-0.304712,-0.946543,-0.266681,0.331065,0.223952,0.869698,0.680512,0.237189,-0.558951,-0.410408
0.061348,0.078528,-0.304948,-0.946471,-0.266582,0.331086,0.224129,0.869673,0.680482,0.237221,-0.559039,-0.410319
0.061269,0.078503,-0.305176,-0.946403,-0.266476,0.331127,0.224289,0.869646,0.680443,0.237205,-0.559172,-0.41021
0.061236,0.078439,-0.305423,-0.946328,-0.266435,0.331173,0.22441,0.86961,0.680421,0.237195,-0.559276,-0.41011
0.06121,0.078386,-0.305662,-0.946254,-0.26634,0.3312,0.224436,0.86962,0.680386,0.237155,-0.559374,-0.410058
0.061156,0.078321,-0.305837,-0.946204,-0.266317,0.331199,0.224387,0.869641,0.680417,0.237112,-0.559341,-0.410075
0.061138,0.078292,-0.305948,-0.946171,-0.266287,0.331152,0.224231,0.869709,0.680467,0.237037,-0.559258,-0.410149
0.061086,0.078258,-0.306002,-0.946158,-0.266323,0.331087,0.224005,0.869783,0.680519,0.237058,-0.559127,-0.410231
0.061072,0.078304,-0.305827,-0.946214,-0.266396,0.330973,0.223741,0.869874,0.680594,0.237036,-0.558977,-0.410323
0.061052,0.078321,-0.305589,-0.946292,-0.26647,0.330854,0.223529,0.869955,0.680647,0.237032,-0.558874,-0.410377
0.061021,0.078419,-0.305272,-0.946392,-0.266556,0.330728,0.223481,0.869991,0.680679,0.237041,-0.558802,-0.410421
0.060961,0.078525,-0.30501,-0.946475,-0.266622,0.330609,0.223404,0.870038,0.680751,0.23703,-0.558719,-0.410419
0.060959,0.078647,-0.304762,-0.94655,-0.266699,0.330537,0.223314,0.870066,0.680811,0.237028,-0.55861,-0.410468
0.061,0.078742,-0.304608,-0.946591,-0.266714,0.330528,0.223283,0.870073,0.680825,0.237095,-0.558564,-0.41047
0.061002,0.0788,-0.304479,-0.94663,-0.266673,0.330604,0.223244,0.870066,0.680811,0.237086,-0.558556,-0.410509
0.060969,0.078839,-0.304479,-0.94663,-0.26664,0.330683,0.223253,0.870043,0.680785,0.23717,-0.558603,-0.410439
0.060951,0.078815,-0.304517,-0.94662,-0.266613,0.33076,0.223346,0.869996,0.680735,0.237187,-0.558703,-0.410376
0.060964,0.078772,-0.304624,-0.946586,-0.266557,0.330855,0.223403,0.869961,0.680635,0.23727,-0.558875,-0.41026
0.061001,0.078692,-0.304749,-0.946548,-0.266441,0.330958,0.223555,0.869915,0.68053,0.237331,-0.559052,-0.410159
0.060939,0.078673,-0.304958,-0.946485,-0.266389,0.330959,0.223737,0.869882,0.68043,0.237373,-0.559271,-0.410001
0.060881,0.078626,-0.305182,-0.946418,-0.266331,0.330971,0.223846,0.869867,0.680275,0.237448,-0.559543,-0.409843
0.060853,0.078606,-0.305395,-0.94635,-0.266246,0.330936,0.223962,0.869876,0.680179,0.237427,-0.559764,-0.409711
0.060814,0.078541,-0.305618,-0.946284,-0.266154,0.330888,0.224071,0.869894,0.680133,0.237388,-0.559888,-0.409642
0.060792,0.078462,-0.305762,-0.946244,-0.266093,0.330834,0.224099,0.869927,0.68015,0.237335,-0.559993,-0.409498
0.060791,0.078433,-0.305872,-0.946209,-0.266011,0.33079,0.224134,0.86996,0.680132,0.237311,-0.560033,-0.409488
0.060795,0.078443,-0.305883,-0.946205,-0.265939,0.33069,0.224103,0.870028,0.680167,0.237306,-0.559984,-0.409499
0.060812,0.07845,-0.305882,-0.946203,-0.26586,0.330607,0.22404,0.8701,0.680175,0.237305,-0.559899,-0.409603
0.060804,0.078487,-0.305729,-0.946252,-0.265864,0.330527,0.223855,0.87018,0.680201,0.23734,-0.559799,-0.409678
0.060774,0.078526,-0.305548,-0.946311,-0.265873,0.330426,0.223703,0.870256,0.680255,0.237427,-0.559634,-0.409764
0.060792,0.078559,-0.305286,-0.946394,-0.265975,0.330344,0.223569,0.870293,0.68029,0.237467,-0.559525,-0.409833
0.06078,0.078607,-0.305079,-0.94646,-0.266066,0.330317,0.223494,0.870295,0.680362,0.237478,-0.559366,-0.409921
0.06076,0.078652,-0.304873,-0.946525,-0.266212,0.330305,0.223463,0.870265,0.680423,0.237494,-0.559272,-0.409942
0.060757,0.07868,-0.304707,-0.946578,-0.266329,0.330343,0.223443,0.87022,0.680492,0.237465,-0.559162,-0.409994
0.060794,0.078717,-0.304611,-0.946605,-0.266432,0.330408,0.223419,0.87017,0.680503,0.23749,-0.559124,-0.410013
0.060869,0.078747,-0.304652,-0.946585,-0.266458,0.330481,0.223452,0.870124,0.6805,0.237462,-0.559126,-0.410031
0.060923,0.078707,-0.304794,-0.946537,-0.266448,0.330606,0.223512,0.870063,0.680483,0.237508,-0.559172,-0.40997
0.060922,0.078677,-0.304859,-0.946518,-0.266476,0.33069,0.223589,0.870001,0.680455,0.23757,-0.559232,-0.4099
0.06094,0.07863,-0.304964,-0.946486,-0.266458,0.330776,0.223678,0.86995,0.680389,0.237634,-0.559348,-0.409813
0.060936,0.078633,-0.305052,-0.946457,-0.26643,0.330807,0.223722,0.869934,0.68035,0.237642,-0.559422,-0.409774
0.060921,0.078576,-0.305139,-0.946432,-0.266473,0.330817,0.223736,0.869914,0.680341,0.237631,-0.559455,-0.409748
0.060878,0.078574,-0.305214,-0.94641,-0.26647,0.330815,0.223663,0.869935,0.680361,0.237645,-0.559432,-0.409737
0.060856,0.078538,-0.3053,-0.946387,-0.266502,0.33078,0.223672,0.869936,0.680394,0.237639,-0.559381,-0.409758
0.060862,0.078528,-0.30522,-0.946413,-0.266513,0.330773,0.223652,0.869942,0.680438,0.237592,-0.559294,-0.40983
0.060883,0.078575,-0.305152,-0.946431,-0.266553,0.330729,0.223671,0.869942,0.680515,0.237577,-0.55913,-0.409935
0.060872,0.078609,-0.305097,-0.946448,-0.266565,0.330731,0.223713,0.869927,0.680598,0.237548,-0.558988,-0.41001
0.060881,0.078615,-0.305023,-0.946471,-0.266585,0.330752,0.223762,0.8699,0.680655,0.237543,-0.558827,-0.410137
0.060913,0.07859,-0.304988,-0.946482,-0.266539,0.330725,0.223778,0.86992,0.680743,0.237478,-0.558665,-0.41025
0.060954,0.078607,-0.304893,-0.94651,-0.266518,0.330717,0.223777,0.869929,0.680803,0.237482,-0.558534,-0.410325
0.060941,0.078642,-0.304872,-0.946515,-0.266495,0.330709,0.223823,0.869927,0.680869,0.237507,-0.558406,-0.410375
0.060948,0.078606,-0.304837,-0.946528,-0.266415,0.330735,0.223876,0.869927,0.68089,0.237558,-0.55834,-0.410402
0.061012,0.078614,-0.304858,-0.946516,-0.266344,0.33073,0.223984,0.869923,0.680902,0.237563,-0.558299,-0.410434
0.060979,0.078633,-0.304859,-0.946517,-0.266308,0.330761,0.224097,0.869892,0.6809,0.237589,-0.558298,-0.410424
0.060993,0.078636,-0.304899,-0.946503,-0.266271,0.330806,0.224212,0.869854,0.680893,0.237604,-0.558331,-0.410383
0.060985,0.078598,-0.304992,-0.946476,-0.266203,0.330907,0.224294,0.869814,0.680859,0.23762,-0.558402,-0.410335
0.060965,0.078525,-0.305156,-0.946427,-0.266181,0.330959,0.224397,0.869773,0.680807,0.237594,-0.558511,-0.410284
0.060923,0.078547,-0.305309,-0.946378,-0.266174,0.331022,0.224478,0.869729,0.680743,0.237591,-0.558678,-0.410166
0.060908,0.078499,-0.305568,-0.946297,-0.266226,0.331099,0.224508,0.869675,0.680697,0.237605,-0.558838,-0.410016
0.060879,0.07843,-0.305882,-0.9462,-0.266329,0.331106,0.22452,0.869639,0.680628,0.237611,-0.558961,-0.409959
0.06086,0.078364,-0.306019,-0.946161,-0.26638,0.331082,0.224464,0.869648,0.680601,0.237553,-0.55906,-0.4099
0.060848,0.078297,-0.306156,-0.946121,-0.266425,0.331033,0.224294,0.869698,0.680616,0.237527,-0.559091,-0.409851
0.060835,0.078274,-0.30615,-0.946125,-0.266495,0.330949,0.224164,0.869744,0.680648,0.237478,-0.559015,-0.409928
0.060829,0.078278,-0.306094,-0.946143,-0.266571,0.330873,0.223944,0.869808,0.680659,0.237523,-0.558946,-0.409978
0.060822,0.078301,-0.305936,-0.946194,-0.266572,0.330806,0.223768,0.86988,0.680689,0.237553,-0.558827,-0.410073
0.060813,0.07837,-0.305725,-0.94626,-0.266532,0.33071,0.223681,0.869952,0.680738,0.23759,-0.558714,-0.410126
0.060815,0.078452,-0.305501,-0.946328,-0.266534,0.330678,0.223625,0.86998,0.680771,0.237619,-0.558634,-0.410162
0.06082,0.078497,-0.305343,-0.946377,-0.266532,0.330687,0.223629,0.869975,0.680766,0.237687,-0.558592,-0.41019
0.060841,0.078556,-0.305127,-0.946443,-0.266543,0.330733,0.223624,0.869955,0.680775,0.237729,-0.558542,-0.410221
0.060855,0.078655,-0.305009,-0.946475,-0.266513,0.330725,0.223655,0.869959,0.680728,0.237813,-0.558569,-0.410212
0.060836,0.078704,-0.305014,-0.946471,-0.266463,0.330729,0.223656,0.869973,0.680678,0.237885,-0.558589,-0.410226
0.060871,0.078697,-0.30505,-0.946457,-0.266412,0.330778,0.223695,0.869958,0.680618,0.237985,-0.558632,-0.41021
0.060899,0.078675,-0.305115,-0.946436,-0.266406,0.330753,0.223781,0.869948,0.680563,0.238022,-0.558678,-0.410218
0.060885,0.078693,-0.305194,-0.94641,-0.266304,0.330753,0.223922,0.869941,0.680517,0.238056,-0.558749,-0.410178
0.060874,0.078666,-0.305203,-0.946409,-0.266218,0.33076,0.224021,0.869939,0.680486,0.23801,-0.558853,-0.410114
0.060827,0.078634,-0.305337,-0.946369,-0.266139,0.330765,0.224119,0.869935,0.680421,0.238056,-0.558947,-0.410065
0.060794,0.078588,-0.305454,-0.946336,-0.266076,0.330917,0.224237,0.869863,0.680378,0.237957,-0.559098,-0.409989
0.060738,0.078541,-0.305644,-0.946281,-0.26603,0.33099,0.22434,0.869821,0.680352,0.237914,-0.559202,-0.409913
0.060733,0.078495,-0.305767,-0.946243,-0.266069,0.331132,0.224368,0.869746,0.680358,0.237866,-0.559227,-0.409898
0.060689,0.078382,-0.305965,-0.946189,-0.26615,0.331184,0.224321,0.869713,0.680403,0.237827,-0.559149,-0.409952
0.060676,0.07828,-0.306071,-0.94616,-0.266273,0.331228,0.224288,0.869668,0.680459,0.237749,-0.559072,-0.410009
0.060643,0.078213,-0.306146,-0.946142,-0.266352,0.331199,0.224167,0.869688,0.680534,0.237696,-0.558985,-0.410034
0.060648,0.078177,-0.306202,-0.946125,-0.266445,0.331096,0.224048,0.869731,0.680624,0.237655,-0.558854,-0.410085
0.0607,0.078192,-0.306101,-0.946155,-0.266565,0.330944,0.223921,0.869789,0.680704,0.237634,-0.558721,-0.410148
0.060703,0.07824,-0.305965,-0.946196,-0.266597,0.330803,0.223813,0.869862,0.680741,0.237627,-0.558607,-0.410246
0.060705,0.0783,-0.305744,-0.946265,-0.266681,0.330644,0.2237,0.86993,0.680783,0.237661,-0.558475,-0.410338
0.060707,0.078381,-0.305548,-0.946324,-0.2667,0.330574,0.223582,0.869982,0.680888,0.237674,-0.558287,-0.410411
0.060724,0.078452,-0.305306,-0.946399,-0.266689,0.330519,0.223481,0.870033,0.680896,0.237747,-0.558193,-0.410483
0.060746,0.078495,-0.305075,-0.94647,-0.26672,0.330571,0.223475,0.870004,0.68093,0.237805,-0.558093,-0.410531
0.060764,0.078583,-0.30485,-0.946537,-0.266687,0.330672,0.223504,0.869968,0.680966,0.237881,-0.558025,-0.41052
0.060766,0.078611,-0.304733,-0.946573,-0.266725,0.330787,0.223553,0.869899,0.680992,0.237926,-0.557998,-0.410488
0.060776,0.078605,-0.304702,-0.946583,-0.266734,0.330866,0.223601,0.869851,0.68094,0.237969,-0.558067,-0.410455
0.060778,0.078561,-0.304771,-0.946564,-0.266708,0.330915,0.223705,0.869813,0.680906,0.238022,-0.558088,-0.410453
0.060775,0.07855,-0.304881,-0.946528,-0.266697,0.33092,0.223797,0.86979,0.680876,0.23805,-0.558176,-0.410367
0.060751,0.078503,-0.305051,-0.946477,-0.266727,0.330954,0.223893,0.869743,0.680865,0.238057,-0.558247,-0.410284
0.060769,0.078473,-0.305196,-0.94643,-0.266709,0.330927,0.223996,0.869732,0.680833,0.23805,-0.558332,-0.410225
0.060764,0.078443,-0.305403,-0.946365,-0.266634,0.330927,0.224058,0.869739,0.680783,0.238015,-0.558397,-0.410239
0.060683,0.078344,-0.305524,-0.946336,-0.266557,0.330876,0.224123,0.869765,0.680793,0.237977,-0.558413,-0.410223
0.060678,0.078298,-0.305609,-0.946311,-0.266454,0.330833,0.224121,0.869813,0.680809,0.237976,-0.558392,-0.410227
0.060633,0.078256,-0.305629,-0.94631,-0.266385,0.330816,0.224101,0.869846,0.680823,0.237965,-0.558332,-0.41029
0.060612,0.078237,-0.305621,-0.946315,-0.266327,0.330895,0.22415,0.869819,0.680844,0.237904,-0.558311,-0.41032
0.060616,0.078249,-0.305565,-0.946333,-0.266287,0.33094,0.224115,0.869823,0.680887,0.237816,-0.558268,-0.410356
0.060596,0.078264,-0.305525,-0.946347,-0.266318,0.33103,0.224109,0.86978,0.680904,0.237775,-0.558241,-0.41039
0.060604,0.078256,-0.30547,-0.946364,-0.26644,0.331098,0.224106,0.869716,0.680917,0.237771,-0.558225,-0.410392
0.060548,0.078229,-0.305535,-0.946348,-0.266509,0.331114,0.224059,0.869702,0.68095,0.237741,-0.558203,-0.410383
0.06058,0.078275,-0.305615,-0.946317,-0.266579,0.331119,0.224034,0.869685,0.680975,0.237768,-0.558186,-0.410351
0.060598,0.078246,-0.305632,-0.946312,-0.266638,0.331082,0.223943,0.869707,0.681023,0.237776,-0.558135,-0.410336
0.060596,0.078277,-0.305641,-0.946308,-0.266672,0.331018,0.223826,0.869753,0.681023,0.237852,-0.558118,-0.410314
0.060589,0.078321,-0.305559,-0.946332,-0.266675,0.331019,0.223744,0.869772,0.681042,0.23786,-0.558121,-0.410273
0.06059,0.07834,-0.305487,-0.946355,-0.266625,0.33095,0.223744,0.869814,0.681033,0.23784,-0.558141,-0.410273
0.060547,0.078349,-0.305427,-0.946377,-0.266498,0.330896,0.223785,0.869863,0.680982,0.237879,-0.558241,-0.4102
0.060554,0.078365,-0.305398,-0.946384,-0.266429,0.330895,0.223828,0.869873,0.680971,0.237931,-0.558273,-0.410145
0.060551,0.078368,-0.305352,-0.9464,-0.26637,0.330901,0.223856,0.869881,0.68093,0.237929,-0.558343,-0.410119
0.06051,0.078371,-0.305432,-0.946376,-0.266314,0.33086,0.223769,0.869936,0.680928,0.237908,-0.558399,-0.410056
0.060438,0.078339,-0.305499,-0.94636,-0.266255,0.330837,0.223673,0.869987,0.680891,0.237971,-0.558462,-0.409996
0.060391,0.078288,-0.305489,-0.94637,-0.266217,0.330768,0.223646,0.870034,0.680876,0.23801,-0.558502,-0.409944
0.060294,0.078282,-0.305439,-0.946392,-0.266132,0.330638,0.223577,0.870128,0.680863,0.237985,-0.558542,-0.409925
0.060235,0.07833,-0.305326,-0.946431,-0.266046,0.330495,0.223485,0.870234,0.680908,0.237956,-0.558549,-0.409859
0.06017,0.07836,-0.305157,-0.946488,-0.265877,0.330323,0.22344,0.870364,0.680924,0.237973,-0.55853,-0.409848
0.060128,0.07842,-0.304919,-0.946565,-0.265808,0.330221,0.223396,0.870436,0.680921,0.238003,-0.55854,-0.40982
0.060079,0.078459,-0.304772,-0.946615,-0.265724,0.330172,0.223435,0.87047,0.680906,0.23801,-0.558513,-0.409879
0.060069,0.078503,-0.304643,-0.946653,-0.265672,0.330165,0.22344,0.870487,0.680922,0.237982,-0.558475,-0.409921
0.060041,0.078562,-0.304565,-0.946677,-0.265641,0.330221,0.223484,0.870463,0.680975,0.237952,-0.558429,-0.409912
0.060103,0.078571,-0.304542,-0.946681,-0.265602,0.330321,0.223491,0.870434,0.680972,0.23795,-0.558383,-0.409982
0.060114,0.078524,-0.304587,-0.946669,-0.265567,0.330406,0.223507,0.870407,0.68094,0.237966,-0.558397,-0.410006
0.060119,0.078424,-0.304657,-0.946651,-0.265536,0.330532,0.223517,0.870364,0.680918,0.238025,-0.558429,-0.409967
0.060129,0.078389,-0.304676,-0.946647,-0.265546,0.330585,0.223521,0.870339,0.680912,0.23802,-0.558459,-0.409938
0.060128,0.078373,-0.30477,-0.946617,-0.265568,0.330581,0.223544,0.870328,0.680876,0.238028,-0.558542,-0.409877
0.060128,0.078345,-0.304869,-0.946587,-0.265603,0.330601,0.223546,0.870308,0.680848,0.237984,-0.558625,-0.409837
0.06007,0.078349,-0.304968,-0.946558,-0.265612,0.330663,0.223524,0.870287,0.680825,0.237968,-0.558737,-0.409733
0.060077,0.078331,-0.305084,-0.94652,-0.265633,0.330752,0.223583,0.870231,0.680814,0.237985,-0.55883,-0.409614
0.060055,0.078306,-0.305204,-0.946483,-0.265689,0.330803,0.2236,0.870189,0.680761,0.238024,-0.558928,-0.409544
0.060049,0.078276,-0.305336,-0.946442,-0.265673,0.330849,0.223615,0.870172,0.68072,0.238004,-0.559025,-0.40949
0.060044,0.078264,-0.305462,-0.946402,-0.265686,0.330859,0.223588,0.870171,0.680716,0.238025,-0.559032,-0.409478
0.060052,0.078258,-0.305539,-0.946377,-0.26572,0.330869,0.223553,0.870166,0.680749,0.237998,-0.558994,-0.409489
0.060046,0.078258,-0.305542,-0.946376,-0.265793,0.330889,0.223462,0.87016,0.680779,0.238022,-0.558916,-0.409533
0.060036,0.078269,-0.305579,-0.946364,-0.265858,0.330821,0.223423,0.870178,0.680807,0.238011,-0.558843,-0.409591
0.060061,0.078273,-0.305467,-0.946398,-0.265918,0.330751,0.223335,0.87021,0.680846,0.238032,-0.558752,-0.409639
0.060087,0.078298,-0.305372,-0.946426,-0.265938,0.330723,0.223211,0.870248,0.680897,0.238026,-0.558688,-0.409647
0.060055,0.078318,-0.305217,-0.946478,-0.265961,0.330711,0.223218,0.870243,0.680936,0.23805,-0.558584,-0.409709
0.060035,0.078312,-0.305146,-0.946503,-0.265943,0.330662,0.223265,0.870256,0.680969,0.238078,-0.558479,-0.409781
0.060059,0.078332,-0.305066,-0.946527,-0.265898,0.330643,0.223322,0.870262,0.681027,0.238097,-0.558402,-0.409779
0.060106,0.078361,-0.30504,-0.946531,-0.265853,0.330615,0.223465,0.87025,0.681013,0.238125,-0.558418,-0.409766
0.060087,0.078381,-0.305016,-0.946538,-0.265807,0.330586,0.223553,0.870252,0.681006,0.238141,-0.558432,-0.409747
0.060053,0.078375,-0.305149,-0.946498,-0.265758,0.330538,0.223604,0.870272,0.680989,0.238087,-0.55849,-0.409728
0.059987,0.078367,-0.305268,-0.946463,-0.265673,0.33055,0.223726,0.870261,0.680946,0.238113,-0.55858,-0.409662
0.059929,0.078358,-0.305359,-0.946437,-0.265592,0.330554,0.223741,0.87028,0.680917,0.23812,-0.558706,-0.409534
0.059858,0.078354,-0.305462,-0.946408,-0.265586,0.330625,0.223811,0.870235,0.680844,0.238149,-0.558843,-0.40945
0.059847,0.078288,-0.305545,-0.946385,-0.265514,0.330741,0.223879,0.870193,0.680746,0.238202,-0.559008,-0.409356
0.059843,0.078192,-0.305708,-0.946338,-0.2655,0.330809,0.223926,0.870159,0.680709,0.238178,-0.559119,-0.40928
0.059812,0.07815,-0.305861,-0.946293,-0.265551,0.330884,0.223958,0.870105,0.680665,0.238147,-0.559216,-0.40924
0.05974,0.07809,-0.306059,-0.946235,-0.265617,0.330917,0.22389,0.870091,0.680625,0.238152,-0.559265,-0.409236
0.059789,0.078029,-0.306211,-0.946187,-0.265682,0.330886,0.223854,0.870092,0.680632,0.238091,-0.559247,-0.409283
0.059803,0.077986,-0.306244,-0.946177,-0.26578,0.330735,0.223738,0.870153,0.680654,0.238058,-0.559166,-0.409376
0.059818,0.077975,-0.306199,-0.946192,-0.265847,0.330638,0.223571,0.870215,0.68073,0.237979,-0.559047,-0.409458
0.059833,0.078029,-0.30604,-0.94624,-0.265834,0.330524,0.223405,0.870307,0.680814,0.237969,-0.558873,-0.409561
0.059913,0.078055,-0.305814,-0.946308,-0.265861,0.330446,0.223323,0.87035,0.68088,0.237946,-0.558706,-0.409696
0.059926,0.07816,-0.30555,-0.946387,-0.265836,0.330368,0.223221,0.870415,0.68099,0.23793,-0.558522,-0.409773
0.059909,0.078245,-0.305326,-0.946457,-0.265844,0.330324,0.223156,0.870447,0.681022,0.237999,-0.558388,-0.409863
0.059888,0.078322,-0.305131,-0.946517,-0.265851,0.330372,0.223088,0.870444,0.681057,0.238066,-0.558285,-0.409908
0.0599,0.078391,-0.304912,-0.946584,-0.26584,0.330411,0.223117,0.870424,0.681103,0.238066,-0.558201,-0.409945
0.059896,0.078459,-0.30478,-0.946623,-0.265839,0.330368,0.223223,0.870414,0.681093,0.238108,-0.558184,-0.409961
0.059885,0.078465,-0.304702,-0.946649,-0.265808,0.330371,0.223294,0.870403,0.68108,0.238098,-0.558237,-0.409916
0.059834,0.078483,-0.304798,-0.94662,-0.265792,0.33031,0.223426,0.870398,0.681025,0.238109,-0.558334,-0.40987
0.059836,0.07847,-0.304835,-0.946608,-0.265763,0.330221,0.223544,0.870411,0.680965,0.238092,-0.558475,-0.409784
0.059794,0.078424,-0.304967,-0.94657,-0.26568,0.330071,0.2236,0.870481,0.680859,0.238129,-0.558672,-0.40967
0.059783,0.078418,-0.305097,-0.946528,-0.265627,0.329959,0.223616,0.870536,0.680769,0.238195,-0.558829,-0.409568
0.059751,0.078406,-0.305193,-0.9465,-0.265562,0.329954,0.223618,0.870557,0.68067,0.238236,-0.558973,-0.409512
0.05966,0.078391,-0.305271,-0.946481,-0.265392,0.329959,0.223661,0.870594,0.680604,0.238252,-0.559098,-0.409443
0.059587,0.078366,-0.305283,-0.946483,-0.265318,0.330006,0.223685,0.870592,0.680604,0.238229,-0.559142,-0.409395
0.059573,0.07832,-0.305328,-0.946472,-0.265203,0.330038,0.223675,0.870616,0.680591,0.238197,-0.559159,-0.409412
0.059564,0.078296,-0.305319,-0.946478,-0.265145,0.330104,0.223722,0.870595,0.680564,0.238174,-0.559177,-0.409446
0.059589,0.078258,-0.305354,-0.946467,-0.265133,0.330218,0.22376,0.870544,0.680595,0.238098,-0.559103,-0.409538
0.059647,0.078211,-0.305387,-0.946455,-0.265119,0.330289,0.223825,0.870503,0.680683,0.238042,-0.559009,-0.409553
0.059666,0.078154,-0.305431,-0.946443,-0.265156,0.330331,0.223847,0.870469,0.680728,0.238023,-0.55895,-0.40957
0.05973,0.078131,-0.305488,-0.946422,-0.265181,0.330373,0.223833,0.870449,0.680734,0.238054,-0.558861,-0.409662
0.05978,0.078116,-0.305599,-0.946383,-0.265241,0.330402,0.223835,0.870419,0.680777,0.238004,-0.558774,-0.40974
0.059813,0.07811,-0.305656,-0.946363,-0.265309,0.330438,0.223861,0.870379,0.680821,0.237987,-0.558718,-0.409755
0.059827,0.07808,-0.305789,-0.94632,-0.265353,0.330484,0.223867,0.870346,0.680793,0.238025,-0.558742,-0.409746
0.05987,0.078053,-0.305888,-0.946286,-0.265362,0.330498,0.223928,0.870322,0.680749,0.238078,-0.558787,-0.409726
0.059858,0.078113,-0.305965,-0.946257,-0.265344,0.330488,0.224066,0.870294,0.68076,0.238079,-0.558803,-0.409684
0.059827,0.078153,-0.306076,-0.946221,-0.265282,0.330498,0.224122,0.870295,0.680721,0.238143,-0.558913,-0.409563
0.059843,0.078226,-0.306198,-0.946175,-0.265258,0.330526,0.22424,0.870261,0.680685,0.238154,-0.559045,-0.409435
0.059844,0.078235,-0.306346,-0.946125,-0.265277,0.330537,0.224317,0.870231,0.680583,0.238215,-0.55924,-0.409304
0.059806,0.078238,-0.306534,-0.946065,-0.265275,0.330614,0.224387,0.870182,0.680506,0.238218,-0.559411,-0.409196
0.059746,0.078237,-0.306732,-0.946003,-0.265307,0.330638,0.224399,0.870161,0.68047,0.23821,-0.559554,-0.409063
0.059721,0.078206,-0.30692,-0.945946,-0.26531,0.330674,0.224405,0.870144,0.680433,0.238185,-0.559664,-0.408988
0.059691,0.078187,-0.307014,-0.945918,-0.265322,0.330652,0.224442,0.870139,0.680452,0.238146,-0.559676,-0.408963
0.059699,0.078143,-0.307012,-0.94592,-0.265258,0.330552,0.22442,0.870203,0.680495,0.238107,-0.559631,-0.408976
0.059733,0.078159,-0.30698,-0.945928,-0.265168,0.330482,0.224369,0.87027,0.680573,0.238048,-0.559487,-0.409078
0.059714,0.078133,-0.306889,-0.945961,-0.265148,0.330346,0.224328,0.870341,0.680684,0.238019,-0.55933,-0.409125
0.0597,0.078146,-0.306705,-0.946022,-0.265104,0.330253,0.224328,0.870391,0.680743,0.238011,-0.55918,-0.409237
0.059672,0.078207,-0.306486,-0.946092,-0.265073,0.330113,0.224304,0.870461,0.680816,0.238002,-0.558996,-0.409374
0.059658,0.078228,-0.306286,-0.946158,-0.265055,0.330124,0.224248,0.870477,0.680881,0.23798,-0.558861,-0.409463
0.059678,0.078256,-0.306183,-0.946189,-0.265029,0.330167,0.224262,0.870464,0.680957,0.237927,-0.558744,-0.409526
0.059673,0.078288,-0.306034,-0.946236,-0.265051,0.330226,0.224329,0.870417,0.681004,0.237917,-0.558653,-0.409579
0.059709,0.078301,-0.305931,-0.946266,-0.265035,0.330369,0.224412,0.870343,0.681016,0.23787,-0.558624,-0.409624
0.059728,0.078317,-0.305911,-0.946271,-0.265007,0.330457,0.224506,0.870293,0.68107,0.237859,-0.558556,-0.409634
0.059746,0.078255,-0.305963,-0.946256,-0.264999,0.330496,0.224567,0.870264,0.681059,0.237859,-0.558611,-0.409575
0.059762,0.0782,-0.306125,-0.946205,-0.264988,0.330486,0.224619,0.870257,0.680988,0.237921,-0.558716,-0.409515
0.059743,0.078183,-0.306337,-0.946138,-0.264961,0.330482,0.224608,0.87027,0.680882,0.237958,-0.558896,-0.409424
0.059748,0.078251,-0.306466,-0.946091,-0.264921,0.330421,0.22455,0.870321,0.680832,0.237932,-0.559037,-0.409329
0.059665,0.078284,-0.306575,-0.946058,-0.264905,0.330309,0.224474,0.87039,0.68077,0.237956,-0.559201,-0.409195
0.059644,0.078313,-0.30663,-0.946039,-0.264913,0.330213,0.224383,0.870449,0.680649,0.238031,-0.55936,-0.409135
0.059615,0.078333,-0.306587,-0.946054,-0.264925,0.330146,0.224316,0.870489,0.68058,0.238046,-0.559446,-0.409125
0.05962,0.07837,-0.306497,-0.946081,-0.264983,0.330135,0.224314,0.870477,0.680558,0.238006,-0.559493,-0.409119
0.059586,0.07839,-0.306295,-0.946148,-0.264989,0.330193,0.224264,0.870465,0.680565,0.237978,-0.559474,-0.40915
0.059578,0.078395,-0.306204,-0.946179,-0.265013,0.330207,0.224288,0.870446,0.680553,0.237991,-0.559435,-0.409215
0.059558,0.078414,-0.306142,-0.9462,-0.265018,0.330199,0.224374,0.870425,0.68057,0.237964,-0.559434,-0.409204
0.059595,0.078411,-0.306124,-0.946203,-0.265029,0.330188,0.224389,0.870423,0.680605,0.237981,-0.559384,-0.409202
0.059647,0.078419,-0.306115,-0.946202,-0.265023,0.330102,0.224428,0.870447,0.680669,0.237957,-0.559316,-0.409206
0.059655,0.078439,-0.30608,-0.946212,-0.265079,0.330043,0.224416,0.870458,0.680717,0.237949,-0.559219,-0.409262
0.059644,0.078452,-0.3061,-0.946206,-0.265047,0.329923,0.224387,0.870521,0.680782,0.237939,-0.559114,-0.409302
0.059582,0.07851,-0.306053,-0.946221,-0.265001,0.329868,0.224323,0.870574,0.680845,0.237886,-0.559049,-0.409318
0.059556,0.078505,-0.305941,-0.94626,-0.264952,0.329799,0.224293,0.870624,0.680887,0.237839,-0.558962,-0.409395
0.059579,0.078523,-0.305843,-0.94629,-0.264901,0.329824,0.224278,0.870633,0.680882,0.237829,-0.558943,-0.409434
0.059584,0.078524,-0.305651,-0.946353,-0.26483,0.329877,0.224367,0.87061,0.680873,0.237831,-0.558969,-0.409413
0.059524,0.078578,-0.305605,-0.946368,-0.264773,0.32993,0.224506,0.870569,0.680893,0.237842,-0.558981,-0.409358
0.059485,0.078586,-0.305668,-0.946349,-0.264699,0.330058,0.224628,0.87051,0.680879,0.237851,-0.559056,-0.409272
0.05945,0.078583,-0.305858,-0.946288,-0.264657,0.330217,0.224742,0.87043,0.68082,0.23786,-0.559172,-0.409207
0.059473,0.07858,-0.306046,-0.946225,-0.264604,0.330343,0.224886,0.870358,0.68074,0.237802,-0.559331,-0.409155
0.05946,0.078531,-0.306341,-0.946133,-0.264636,0.330485,0.224985,0.870266,0.680702,0.237706,-0.559472,-0.40908
0.059422,0.07847,-0.30661,-0.94605,-0.264633,0.330607,0.225028,0.870209,0.680609,0.237725,-0.559619,-0.409023
0.059425,0.078425,-0.306943,-0.945943,-0.264705,0.330635,0.225082,0.870163,0.680536,0.237678,-0.559792,-0.408933
0.059388,0.078303,-0.307204,-0.945866,-0.264728,0.330642,0.225142,0.870136,0.680501,0.237643,-0.559839,-0.408948
0.059393,0.07826,-0.307388,-0.945808,-0.264727,0.330641,0.22513,0.87014,0.680489,0.237585,-0.559863,-0.408968
0.059404,0.078249,-0.307494,-0.945773,-0.264763,0.330589,0.225012,0.870181,0.680515,0.237566,-0.559802,-0.40902
0.059414,0.078268,-0.307582,-0.945742,-0.264812,0.330563,0.224869,0.870214,0.680565,0.237578,-0.559683,-0.409094
0.059402,0.078231,-0.307611,-0.945736,-0.264884,0.330488,0.22477,0.870248,0.680658,0.237568,-0.559499,-0.409196
0.059434,0.078288,-0.307521,-0.94576,-0.264909,0.330427,0.224598,0.87031,0.68075,0.237586,-0.559338,-0.409252
0.059481,0.078361,-0.307282,-0.945831,-0.26497,0.330378,0.224479,0.870342,0.680812,0.2376,-0.559183,-0.409356
0.059496,0.078384,-0.307083,-0.945895,-0.264979,0.330308,0.224436,0.870378,0.68087,0.237609,-0.55904,-0.409448
0.059512,0.078436,-0.306821,-0.945976,-0.265056,0.330282,0.224379,0.870381,0.680958,0.237608,-0.558866,-0.40954
0.059562,0.078528,-0.306597,-0.946042,-0.2651,0.330202,0.224401,0.870393,0.681023,0.237665,-0.558696,-0.409631
0.059552,0.078586,-0.306417,-0.946098,-0.265097,0.330194,0.224451,0.870383,0.681064,0.237669,-0.558622,-0.409664
0.05959,0.078628,-0.306361,-0.946112,-0.265076,0.330184,0.224549,0.870368,0.681086,0.237682,-0.558605,-0.409642
0.059613,0.078627,-0.306388,-0.946101,-0.265015,0.3302,0.224605,0.870366,0.681093,0.237652,-0.558621,-0.409625
0.059615,0.078638,-0.306407,-0.946094,-0.264928,0.330203,0.224682,0.870371,0.681034,0.237693,-0.558728,-0.409552
0.059548,0.078626,-0.306514,-0.946064,-0.264836,0.330259,0.224798,0.870345,0.681014,0.237698,-0.55884,-0.409432
0.059499,0.078591,-0.306555,-0.946056,-0.264754,0.330263,0.22491,0.870339,0.680956,0.237713,-0.558995,-0.409307
0.059441,0.078572,-0.30678,-0.945986,-0.264663,0.33029,0.225055,0.870317,0.68086,0.237655,-0.559187,-0.409236
0.05937,0.078492,-0.306969,-0.945933,-0.264626,0.330359,0.225199,0.870264,0.680783,0.237616,-0.559362,-0.409146
0.059288,0.078445,-0.307113,-0.945893,-0.264606,0.330473,0.225261,0.870209,0.68077,0.237564,-0.55946,-0.409064
0.059255,0.078349,-0.307303,-0.94584,-0.26458,0.330567,0.225281,0.870174,0.680763,0.237476,-0.559491,-0.409085
0.059294,0.078244,-0.307439,-0.945799,-0.264585,0.330703,0.225276,0.87012,0.680788,0.237399,-0.559464,-0.409125
0.059289,0.078179,-0.307463,-0.945795,-0.264598,0.33084,0.225317,0.870051,0.680878,0.237326,-0.559335,-0.409195
0.059345,0.078141,-0.307481,-0.945787,-0.264626,0.330917,0.225356,0.870003,0.680939,0.237251,-0.559215,-0.409302
0.059402,0.078138,-0.30747,-0.945788,-0.264676,0.330936,0.225395,0.86997,0.680998,0.237235,-0.559085,-0.409388
0.059474,0.078075,-0.307429,-0.945801,-0.264687,0.330898,0.225348,0.869994,0.681098,0.237171,-0.558944,-0.409453
0.059492,0.07807,-0.307442,-0.945796,-0.264725,0.330786,0.225302,0.870039,0.68115,0.2372,-0.558828,-0.409506
0.059524,0.078106,-0.307432,-0.945794,-0.264742,0.330637,0.225177,0.870126,0.681207,0.237224,-0.558734,-0.409528
0.05957,0.078107,-0.307336,-0.945823,-0.264788,0.330501,0.225019,0.870206,0.681212,0.237279,-0.558672,-0.409572
0.059575,0.078185,-0.30721,-0.94586,-0.264787,0.330431,0.224979,0.870245,0.681229,0.23733,-0.558624,-0.409579
0.059598,0.078275,-0.307067,-0.9459,-0.264779,0.330354,0.224971,0.870279,0.681235,0.237414,-0.558636,-0.409507
0.059609,0.078329,-0.30694,-0.945938,-0.264721,0.330379,0.224993,0.870281,0.681212,0.237432,-0.558712,-0.409429
0.059563,0.078376,-0.306857,-0.945965,-0.264696,0.330434,0.225024,0.870259,0.681167,0.237466,-0.558794,-0.409372
0.059506,0.078437,-0.306799,-0.945984,-0.264622,0.330515,0.22507,0.870237,0.681141,0.237456,-0.55888,-0.409305
0.059444,0.078416,-0.306896,-0.945957,-0.264576,0.330583,0.225138,0.870206,0.681091,0.237449,-0.559002,-0.409226
0.05944,0.078364,-0.307009,-0.945924,-0.264542,0.330627,0.22522,0.870178,0.68101,0.237461,-0.559141,-0.409161
0.059424,0.078332,-0.307163,-0.945876,-0.264557,0.330639,0.2253,0.870148,0.680918,0.23751,-0.559249,-0.409138
0.059401,0.078301,-0.307294,-0.945835,-0.264591,0.330605,0.225417,0.870119,0.680856,0.237512,-0.559368,-0.409078
0.059378,0.078256,-0.307406,-0.945803,-0.264607,0.330511,0.225506,0.870129,0.680821,0.237472,-0.55946,-0.409033
0.059302,0.078218,-0.307535,-0.945767,-0.264572,0.330451,0.225553,0.870151,0.680829,0.237432,-0.559485,-0.409007
0.059286,0.078201,-0.307692,-0.945718,-0.264534,0.330374,0.225505,0.870205,0.680862,0.237348,-0.559469,-0.409023
0.059277,0.078178,-0.307728,-0.945708,-0.264483,0.330305,0.225417,0.870269,0.680866,0.237261,-0.559427,-0.409123
0.059243,0.078152,-0.307741,-0.945707,-0.264463,0.330257,0.225324,0.870319,0.680924,0.237254,-0.559303,-0.409202
0.059221,0.078186,-0.307642,-0.945739,-0.264443,0.330202,0.225194,0.870381,0.680978,0.237281,-0.559185,-0.409259
0.059219,0.078186,-0.307436,-0.945808,-0.264437,0.330139,0.225144,0.870421,0.681044,0.237268,-0.559053,-0.409337
0.059199,0.078239,-0.307273,-0.94586,-0.264456,0.330077,0.225057,0.870462,0.681091,0.237287,-0.558924,-0.409425
0.059209,0.078262,-0.307028,-0.945938,-0.264509,0.330103,0.224956,0.870463,0.681145,0.237309,-0.55879,-0.409505
0.059233,0.078296,-0.306879,-0.945984,-0.264607,0.330093,0.224958,0.870436,0.681169,0.23733,-0.558691,-0.409588
0.059223,0.078304,-0.306721,-0.946036,-0.264674,0.330062,0.224962,0.870428,0.681169,0.237406,-0.558646,-0.409607
0.059239,0.078322,-0.30666,-0.946054,-0.26472,0.330056,0.224984,0.870411,0.681144,0.237437,-0.558649,-0.409625
0.059251,0.07836,-0.306609,-0.946068,-0.264758,0.330045,0.225,0.8704,0.681109,0.23748,-0.558703,-0.409585
0.059317,0.078371,-0.306675,-0.946041,-0.264776,0.330098,0.225039,0.870364,0.681103,0.23749,-0.558753,-0.409521
0.059312,0.078387,-0.306801,-0.945999,-0.264718,0.330123,0.225128,0.870347,0.681071,0.237496,-0.558817,-0.409484
0.059331,0.07835,-0.306927,-0.945958,-0.26466,0.330202,0.2252,0.870314,0.681042,0.237482,-0.558935,-0.409378
0.059291,0.078341,-0.307089,-0.945908,-0.26462,0.330202,0.225261,0.87031,0.680977,0.237505,-0.559086,-0.409266
0.059273,0.078322,-0.307171,-0.945884,-0.264591,0.330255,0.225293,0.87029,0.680948,0.237514,-0.559177,-0.409186
0.059284,0.078318,-0.307257,-0.945855,-0.264617,0.330261,0.225257,0.87029,0.680898,0.237549,-0.559256,-0.409139
0.059295,0.078328,-0.307367,-0.945817,-0.264606,0.330262,0.225187,0.870311,0.680864,0.237498,-0.559306,-0.409157
0.059287,0.078344,-0.307394,-0.945807,-0.264627,0.330233,0.225106,0.870337,0.680852,0.237539,-0.559327,-0.409127
0.059258,0.078353,-0.307302,-0.945839,-0.264622,0.330199,0.225055,0.870366,0.680856,0.237583,-0.559276,-0.409161
0.059229,0.078387,-0.307196,-0.945873,-0.264633,0.330162,0.225079,0.87037,0.6809,0.237587,-0.55918,-0.409219
0.05921,0.078431,-0.307075,-0.945912,-0.264627,0.330142,0.22513,0.870366,0.680923,0.237572,-0.559099,-0.409303
0.059225,0.078483,-0.306941,-0.945953,-0.264599,0.33006,0.225157,0.8704,0.680944,0.237609,-0.559,-0.409382
0.059221,0.078543,-0.306898,-0.945963,-0.264548,0.329974,0.225227,0.870431,0.681013,0.237573,-0.558902,-0.409419
0.05922,0.078537,-0.306814,-0.945991,-0.264438,0.329895,0.225365,0.870459,0.681047,0.237598,-0.558814,-0.409469
0.05926,0.078561,-0.306772,-0.946001,-0.264411,0.329962,0.225359,0.870442,0.681055,0.237596,-0.558758,-0.409534
0.059253,0.078563,-0.306705,-0.946024,-0.264436,0.330035,0.225387,0.870398,0.681058,0.237592,-0.558771,-0.409514
0.0592367686703097,0.0785660663221361,-0.306716661040351,-0.946020412844037,-0.264450052562145,0.330066925228247,0.22538669005848,0.870380690731341,0.68104737037037,0.237597760942761,-0.558801663895003,-0.409487751176184
0.059214204007286,0.0785694220499569,-0.306747877636257,-0.946010825688073,-0.264460998568247,0.330088410866418,0.225385713450292,0.870369603684903,0.68102762962963,0.237609966329966,-0.558841561832559,-0.409459228848095
0.059196,0.078571,-0.306793,-0.945997,-0.26448,0.330114,0.225384,0.870354,0.681017,0.237621,-0.558864,-0.409438
0.059186,0.078537,-0.306895,-0.945966,-0.264545,0.330153,0.225374,0.870322,0.681018,0.237628,-0.558867,-0.409427
0.059181,0.0785,-0.306954,-0.94595,-0.26453,0.330171,0.225406,0.870311,0.680994,0.237638,-0.558925,-0.409385
0.059162,0.078416,-0.307098,-0.945908,-0.264623,0.330155,0.22537,0.8703,0.680968,0.237649,-0.559003,-0.409313
0.059138,0.078391,-0.307187,-0.945882,-0.264677,0.330129,0.225347,0.8703,0.680933,0.237597,-0.559087,-0.409287
0.059144,0.078382,-0.307235,-0.945867,-0.26471,0.330022,0.22529,0.870347,0.680938,0.23761,-0.559115,-0.409231
0.059152,0.078401,-0.307251,-0.94586,-0.264778,0.330016,0.225245,0.870341,0.680904,0.237583,-0.559182,-0.409211
0.059099,0.078429,-0.307275,-0.945853,-0.264821,0.330023,0.22522,0.870331,0.680915,0.237621,-0.559162,-0.409198
0.059093,0.078419,-0.307291,-0.945848,-0.26488,0.330051,0.225199,0.870309,0.680895,0.237621,-0.559129,-0.409277
0.059108,0.078416,-0.307225,-0.94587,-0.264881,0.330088,0.225143,0.870309,0.680982,0.237627,-0.558992,-0.409317
0.059153,0.078404,-0.307107,-0.945907,-0.264916,0.330132,0.225055,0.870304,0.681087,0.237605,-0.558823,-0.409387
0.059198,0.078385,-0.307002,-0.94594,-0.264962,0.330103,0.224965,0.870325,0.681147,0.237626,-0.558671,-0.409483
0.059262,0.078418,-0.306922,-0.94596,-0.264972,0.330103,0.224926,0.870333,0.68125,0.237596,-0.558465,-0.409609
0.059268,0.078461,-0.306801,-0.945997,-0.264993,0.330083,0.224961,0.870325,0.681335,0.23762,-0.558307,-0.40967
0.05931,0.078462,-0.306705,-0.946026,-0.26498,0.330008,0.224956,0.870359,0.681391,0.237646,-0.558177,-0.409739
0.059304,0.07847,-0.306598,-0.946061,-0.264921,0.329909,0.225023,0.870398,0.681417,0.237716,-0.558078,-0.40979
0.059316,0.078502,-0.306507,-0.946089,-0.264907,0.329868,0.225058,0.87041,0.681427,0.237747,-0.558023,-0.409832
0.059326,0.078531,-0.306475,-0.946096,-0.264847,0.329797,0.225033,0.870463,0.681462,0.237776,-0.55796,-0.409843
0.059272,0.078588,-0.30642,-0.946114,-0.264813,0.329781,0.225034,0.870478,0.681438,0.2378,-0.55797,-0.409855
0.059233,0.078584,-0.306429,-0.946114,-0.264744,0.329799,0.225009,0.870499,0.681406,0.237847,-0.558038,-0.409788
0.059166,0.078577,-0.306421,-0.946122,-0.264732,0.329869,0.225035,0.870468,0.681341,0.237825,-0.558182,-0.409713
0.059142,0.078517,-0.306497,-0.946101,-0.264716,0.329961,0.225053,0.870432,0.681287,0.237836,-0.558316,-0.409615
0.059153,0.0785,-0.306524,-0.946093,-0.264774,0.330079,0.225072,0.870363,0.681175,0.237891,-0.558495,-0.409525
0.059093,0.07846,-0.306634,-0.946063,-0.264813,0.330255,0.225101,0.870275,0.681083,0.237885,-0.558676,-0.409432
0.059081,0.078426,-0.306786,-0.946016,-0.264877,0.330382,0.225172,0.870186,0.681021,0.237865,-0.558807,-0.409367
0.059109,0.078381,-0.306933,-0.945968,-0.264972,0.330401,0.225178,0.87015,0.680991,0.237841,-0.558869,-0.409346
0.059154,0.078346,-0.307108,-0.94591,-0.265034,0.330439,0.22513,0.870128,0.680983,0.237814,-0.558855,-0.409395
0.059193,0.0783,-0.307199,-0.945881,-0.265061,0.330403,0.225033,0.870161,0.68102,0.237825,-0.558783,-0.409425
0.059195,0.078284,-0.307182,-0.945886,-0.265145,0.330367,0.224876,0.870191,0.681055,0.237773,-0.558717,-0.409489
0.05921,0.07829,-0.307069,-0.945923,-0.265178,0.330248,0.224659,0.870284,0.681092,0.237801,-0.558588,-0.409587
0.059216,0.078348,-0.306933,-0.945964,-0.26516,0.330096,0.224468,0.8704,0.681124,0.237862,-0.558478,-0.40965
0.059273,0.078398,-0.306763,-0.946013,-0.26513,0.329959,0.22441,0.870477,0.68115,0.237896,-0.55838,-0.409718
0.059277,0.078481,-0.306528,-0.946086,-0.265137,0.3299,0.224373,0.870508,0.681231,0.237931,-0.558253,-0.409739
0.059274,0.07855,-0.306352,-0.946139,-0.265163,0.329841,0.22433,0.870534,0.681278,0.237984,-0.558145,-0.409777
0.059318,0.078593,-0.306211,-0.94618,-0.265182,0.329863,0.224282,0.870532,0.681315,0.238037,-0.558086,-0.409764
0.059333,0.078662,-0.306161,-0.946191,-0.265155,0.329911,0.224281,0.870522,0.681376,0.238052,-0.557984,-0.409795
0.059331,0.078726,-0.306071,-0.946217,-0.265112,0.329968,0.224253,0.87052,0.681393,0.238057,-0.557968,-0.409787
0.059369,0.078757,-0.306025,-0.946228,-0.265083,0.330039,0.224306,0.870487,0.681394,0.238063,-0.557976,-0.409769
0.059336,0.078765,-0.306055,-0.946219,-0.26506,0.330083,0.224403,0.87045,0.681389,0.238091,-0.558011,-0.409713
0.059338,0.078718,-0.306104,-0.946206,-0.265063,0.330016,0.224547,0.870439,0.681356,0.23814,-0.558082,-0.409643
0.059285,0.078704,-0.306263,-0.946158,-0.265001,0.329975,0.224644,0.870448,0.681257,0.238161,-0.558231,-0.409593
0.059254,0.078668,-0.306378,-0.946125,-0.264942,0.329976,0.224748,0.870438,0.681172,0.238167,-0.558383,-0.409522
0.0592,0.078629,-0.306532,-0.946079,-0.26487,0.329976,0.22487,0.870428,0.681124,0.238153,-0.558508,-0.409441
0.059151,0.078568,-0.306696,-0.946032,-0.264814,0.33007,0.224959,0.870385,0.681087,0.238119,-0.558602,-0.409394
0.059117,0.07851,-0.306827,-0.945994,-0.264771,0.330185,0.22499,0.870343,0.681049,0.238075,-0.558703,-0.409343
0.059139,0.078469,-0.306889,-0.945975,-0.264781,0.330268,0.224986,0.870309,0.681074,0.238019,-0.558695,-0.409344
0.05912,0.078407,-0.306977,-0.945952,-0.264834,0.330363,0.224957,0.870264,0.681095,0.237977,-0.558651,-0.409394
0.059118,0.078349,-0.307072,-0.945924,-0.264925,0.330501,0.224926,0.87019,0.681117,0.237959,-0.558594,-0.409447
0.059149,0.078304,-0.307086,-0.94592,-0.265057,0.330536,0.224908,0.870141,0.681142,0.237918,-0.558518,-0.409533
0.059137,0.078283,-0.307079,-0.945924,-0.265196,0.330516,0.224865,0.87012,0.681168,0.237923,-0.558466,-0.409557
0.059133,0.078304,-0.307099,-0.945917,-0.265367,0.330523,0.224713,0.870106,0.681234,0.237912,-0.558379,-0.40957
0.0592,0.078264,-0.307043,-0.945934,-0.265477,0.330495,0.224613,0.87011,0.681244,0.23797,-0.558357,-0.409554
0.059258,0.078288,-0.306998,-0.945943,-0.265558,0.330442,0.224565,0.87012,0.681253,0.238002,-0.558317,-0.409574
0.059297,0.078309,-0.306908,-0.945969,-0.265585,0.330399,0.22449,0.870148,0.681247,0.23804,-0.558322,-0.409553
0.05935,0.078374,-0.306824,-0.94599,-0.265609,0.330416,0.224447,0.870146,0.681261,0.238099,-0.558286,-0.409546
0.059356,0.078443,-0.306728,-0.946017,-0.265544,0.330389,0.224426,0.870181,0.681239,0.238159,-0.558245,-0.409606
0.059313,0.078486,-0.306657,-0.94604,-0.265494,0.330311,0.224412,0.870229,0.681256,0.238211,-0.558238,-0.409556
0.059294,0.078532,-0.306552,-0.946072,-0.265405,0.330281,0.224418,0.870267,0.68123,0.238286,-0.558297,-0.409475
0.059266,0.078549,-0.306529,-0.946081,-0.26533,0.330274,0.224468,0.870279,0.681193,0.238347,-0.558372,-0.4094
0.059275,0.078545,-0.306561,-0.94607,-0.265285,0.330256,0.224531,0.870283,0.681131,0.238383,-0.558471,-0.409345
0.059219,0.078599,-0.306602,-0.946056,-0.265239,0.330309,0.224661,0.870241,0.681054,0.238351,-0.558616,-0.409294
0.059206,0.078579,-0.306653,-0.946042,-0.265259,0.330337,0.224717,0.87021,0.68098,0.238359,-0.55873,-0.409258
0.05911,0.07853,-0.306701,-0.946035,-0.265254,0.330362,0.224797,0.870181,0.680936,0.238342,-0.558823,-0.409212
0.059059,0.078512,-0.306822,-0.946,-0.265252,0.330345,0.224879,0.870167,0.680939,0.238332,-0.558856,-0.409169
0.05906,0.078464,-0.30697,-0.945955,-0.265185,0.33033,0.224901,0.870186,0.680966,0.238248,-0.558864,-0.40916
0.059038,0.078373,-0.307063,-0.94593,-0.265167,0.330286,0.224926,0.870204,0.681017,0.238162,-0.55884,-0.409159
0.059068,0.078358,-0.307088,-0.945921,-0.265116,0.330242,0.224889,0.870245,0.681101,0.238094,-0.558745,-0.409187
0.059075,0.078314,-0.307101,-0.945919,-0.265109,0.330243,0.224821,0.870265,0.681166,0.238057,-0.558669,-0.409205
0.059087,0.078346,-0.306987,-0.945954,-0.265116,0.33023,0.224817,0.870269,0.681243,0.238016,-0.558512,-0.409314
0.059108,0.078341,-0.306896,-0.945983,-0.265131,0.330277,0.224772,0.870257,0.68131,0.238082,-0.558353,-0.409382
0.059099,0.078326,-0.306769,-0.946027,-0.265225,0.330284,0.224692,0.870247,0.681358,0.238086,-0.55821,-0.409498
0.059115,0.078335,-0.306655,-0.946063,-0.265304,0.33026,0.224574,0.870264,0.681423,0.23812,-0.558096,-0.409524
0.059112,0.078311,-0.306562,-0.946095,-0.265378,0.33017,0.224485,0.870301,0.681508,0.238086,-0.557961,-0.409586
0.059127,0.078338,-0.306424,-0.946138,-0.265465,0.330135,0.22442,0.870306,0.681585,0.238027,-0.557875,-0.409609
0.059132,0.078352,-0.306361,-0.946158,-0.265465,0.330082,0.224373,0.870339,0.681566,0.238056,-0.557883,-0.409612
0.059177,0.078381,-0.306269,-0.946183,-0.265508,0.330058,0.224372,0.870336,0.681525,0.238156,-0.557887,-0.409618
0.059158,0.078374,-0.30623,-0.946198,-0.265532,0.330093,0.224384,0.870312,0.681513,0.238168,-0.55792,-0.409588
0.059177,0.078427,-0.306227,-0.946194,-0.265566,0.330146,0.224409,0.870274,0.681474,0.238161,-0.558028,-0.409507
0.059123,0.078421,-0.306244,-0.946192,-0.26555,0.330246,0.224386,0.870245,0.681438,0.238188,-0.558121,-0.409427
0.059087,0.078384,-0.306325,-0.946171,-0.265563,0.330312,0.224431,0.870204,0.681393,0.238185,-0.558183,-0.409417
0.059076,0.078365,-0.306445,-0.946132,-0.265552,0.330292,0.224412,0.87022,0.681331,0.238206,-0.558285,-0.409371
0.059014,0.078306,-0.306523,-0.946114,-0.265547,0.330228,0.224391,0.870253,0.681306,0.238237,-0.558287,-0.409391
0.059022,0.078294,-0.306557,-0.946103,-0.265562,0.330169,0.224362,0.870279,0.681305,0.238231,-0.55826,-0.409432
0.058999,0.078285,-0.306531,-0.946114,-0.265549,0.330037,0.224297,0.870352,0.681332,0.238262,-0.55818,-0.409478
0.059011,0.078316,-0.306374,-0.946163,-0.265527,0.329903,0.224328,0.870402,0.681379,0.238277,-0.558075,-0.409536
0.058992,0.078342,-0.306247,-0.946205,-0.265535,0.329825,0.224355,0.870423,0.681435,0.238315,-0.557928,-0.40962
0.058936,0.078354,-0.306083,-0.946261,-0.265489,0.329795,0.224347,0.870451,0.6815,0.238309,-0.557792,-0.409701
0.05895,0.078421,-0.305938,-0.946304,-0.265391,0.329802,0.224366,0.870473,0.681545,0.238335,-0.557667,-0.409781
0.058914,0.078419,-0.305815,-0.946347,-0.265343,0.329867,0.224438,0.870443,0.681565,0.238301,-0.557621,-0.409833
0.058878,0.078404,-0.305775,-0.946363,-0.265271,0.329963,0.224568,0.870392,0.681582,0.238308,-0.557609,-0.409814
0.058929,0.07839,-0.305802,-0.946352,-0.265203,0.330087,0.224673,0.870337,0.681612,0.238291,-0.557587,-0.409804
0.058969,0.078314,-0.305937,-0.94631,-0.265131,0.330233,0.224744,0.870281,0.681572,0.238295,-0.557664,-0.409764
0.058972,0.078214,-0.306109,-0.946259,-0.265149,0.330383,0.224864,0.870186,0.681511,0.238245,-0.557782,-0.409734
0.058983,0.078156,-0.306333,-0.946188,-0.265202,0.330454,0.224893,0.870135,0.681471,0.238203,-0.557906,-0.409655
0.059012,0.078119,-0.306538,-0.946122,-0.265293,0.330512,0.224891,0.870086,0.681391,0.238211,-0.558075,-0.409553
0.059008,0.078087,-0.30672,-0.946063,-0.265434,0.330512,0.224808,0.870065,0.681336,0.238267,-0.558185,-0.409464
0.059008,0.078049,-0.30684,-0.946026,-0.265578,0.330517,0.224703,0.870048,0.681233,0.23829,-0.558317,-0.409442
0.059027,0.078067,-0.306826,-0.946029,-0.26574,0.3305,0.224517,0.870055,0.681235,0.238284,-0.558392,-0.409338
0.059009,0.078095,-0.306801,-0.946036,-0.265827,0.330484,0.224379,0.870071,0.681237,0.23827,-0.558368,-0.409375
0.058985,0.078094,-0.306745,-0.946056,-0.2659,0.330499,0.224236,0.870081,0.681275,0.238234,-0.558284,-0.409448
0.059001,0.078107,-0.306514,-0.946131,-0.265963,0.330505,0.224226,0.870062,0.681318,0.238211,-0.558168,-0.409549
0.059038,0.078122,-0.30629,-0.946201,-0.265957,0.330508,0.224246,0.870057,0.681397,0.238261,-0.557996,-0.409623
0.059059,0.078184,-0.306079,-0.946266,-0.265859,0.330499,0.224252,0.870088,0.681463,0.238307,-0.557849,-0.409685
0.059085,0.078237,-0.30598,-0.946294,-0.26586,0.330539,0.224264,0.87007,0.681519,0.238393,-0.557706,-0.40974
0.059143,0.078248,-0.305864,-0.946327,-0.265855,0.330522,0.224295,0.870069,0.681544,0.238434,-0.557592,-0.409831
0.05915,0.07826,-0.30579,-0.946351,-0.265803,0.330436,0.224332,0.87011,0.68156,0.238493,-0.5575,-0.409894
0.059155,0.07831,-0.305738,-0.946364,-0.265787,0.330407,0.22438,0.870113,0.681606,0.238506,-0.557434,-0.409901
0.05915,0.078322,-0.305646,-0.946394,-0.265725,0.330386,0.224474,0.870115,0.681634,0.238494,-0.557392,-0.409918
0.059072,0.078353,-0.305635,-0.946401,-0.265646,0.330372,0.224636,0.870102,0.681607,0.238459,-0.557452,-0.409902
0.059057,0.078382,-0.305615,-0.946407,-0.265531,0.330374,0.224767,0.870101,0.681571,0.238474,-0.557534,-0.409841
0.059015,0.07836,-0.30577,-0.946359,-0.265488,0.330426,0.224922,0.870052,0.681537,0.238488,-0.557654,-0.409726
0.05899,0.07834,-0.305892,-0.946322,-0.265373,0.330559,0.225069,0.869997,0.681456,0.238475,-0.557841,-0.40961
0.05896,0.078338,-0.30615,-0.946239,-0.26525,0.330654,0.225183,0.869966,0.681343,0.238496,-0.558069,-0.409478
0.058946,0.078302,-0.306408,-0.946157,-0.265174,0.330757,0.225304,0.869916,0.681274,0.238493,-0.558244,-0.409354
0.058985,0.078278,-0.306729,-0.94605,-0.2651,0.330827,0.225365,0.869895,0.681201,0.23852,-0.558367,-0.409295
