-0.159627,-0.069617,0.157314,0.972072,-0.432846,0.100936,-0.132191,0.885992,-0.818018,-0.093656,0.373528,0.427262
-0.159635,-0.06968,0.157391,0.972054,-0.432885,0.10097,-0.132138,0.885977,-0.818042,-0.093609,0.373518,0.427234
-0.159678,-0.069696,0.157475,0.972032,-0.432898,0.101006,-0.132024,0.885984,-0.818048,-0.093553,0.37351,0.427242
-0.159641,-0.069669,0.157632,0.972015,-0.432926,0.101013,-0.131937,0.885982,-0.818061,-0.093488,0.373505,0.427236
-0.159626,-0.069682,0.157696,0.972006,-0.432933,0.101034,-0.131871,0.885986,-0.818039,-0.093508,0.373514,0.427266
-0.15964,-0.069679,0.157757,0.971994,-0.432984,0.101043,-0.131813,0.885969,-0.818009,-0.093556,0.373547,0.427283
-0.159658,-0.069643,0.157758,0.971994,-0.433025,0.101064,-0.131882,0.885936,-0.817985,-0.093577,0.373545,0.427327
-0.159642,-0.069577,0.157748,0.972003,-0.433043,0.101035,-0.131979,0.885916,-0.817972,-0.093599,0.373562,0.427331
-0.159659,-0.06957,0.157693,0.972009,-0.433035,0.100937,-0.132023,0.885925,-0.817961,-0.09367,0.373537,0.427358
-0.159719,-0.069537,0.157603,0.972016,-0.433021,0.100894,-0.132142,0.885919,-0.817952,-0.093744,0.373558,0.427343
-0.159701,-0.069477,0.157539,0.972034,-0.432969,0.100857,-0.132177,0.885943,-0.817948,-0.093759,0.373573,0.427334
-0.159679,-0.069439,0.157499,0.972047,-0.432921,0.100823,-0.132266,0.885957,-0.817955,-0.093736,0.373567,0.427331
-0.15969,-0.069355,0.15743,0.972062,-0.432883,0.100796,-0.132255,0.88598,-0.817978,-0.093679,0.373549,0.427314
-0.159706,-0.069339,0.157442,0.972059,-0.432898,0.100796,-0.132235,0.885976,-0.817989,-0.093647,0.373535,0.427313
-0.159719,-0.069342,0.157496,0.972048,-0.43293,0.100775,-0.132147,0.885976,-0.817977,-0.093595,0.373542,0.427341
-0.159753,-0.069379,0.157587,0.972025,-0.433003,0.100783,-0.132157,0.885938,-0.817983,-0.093567,0.373562,0.427317
-0.159752,-0.069423,0.157655,0.972011,-0.433068,0.100817,-0.13216,0.885902,-0.817973,-0.093584,0.373562,0.427334
-0.159827,-0.069502,0.157706,0.971984,-0.433116,0.100833,-0.132211,0.885869,-0.817994,-0.093623,0.373513,0.427328
-0.159855,-0.069575,0.157777,0.971963,-0.433167,0.100808,-0.132231,0.885844,-0.81799,-0.093638,0.373553,0.427297
-0.159849,-0.06962,0.15773,0.971968,-0.433197,0.100824,-0.132237,0.885826,-0.817991,-0.093652,0.373562,0.427285
-0.159901,-0.069587,0.157729,0.971962,-0.433189,0.100833,-0.132208,0.885834,-0.817966,-0.093673,0.373592,0.427301
-0.159914,-0.069571,0.157731,0.971961,-0.43323,0.100868,-0.132163,0.885816,-0.817973,-0.093701,0.373581,0.42729
-0.15988,-0.069551,0.15769,0.971975,-0.433192,0.100896,-0.132165,0.885831,-0.817967,-0.093703,0.373578,0.427305
-0.159887,-0.069529,0.157635,0.971984,-0.433171,0.100886,-0.132169,0.885842,-0.817979,-0.093675,0.37356,0.427304
-0.159866,-0.069509,0.157663,0.971984,-0.433145,0.100855,-0.132189,0.885855,-0.81796,-0.093717,0.373601,0.427294
-0.159831,-0.069535,0.157646,0.971991,-0.433076,0.100813,-0.132204,0.885891,-0.817958,-0.09369,0.373594,0.427312
-0.159821,-0.069569,0.15762,0.971995,-0.433061,0.100806,-0.132211,0.885899,-0.817961,-0.093703,0.373605,0.427293
-0.15979,-0.069516,0.157609,0.972005,-0.43309,0.100761,-0.132278,0.88588,-0.817971,-0.093742,0.37357,0.427297
-0.159815,-0.069516,0.157613,0.972,-0.433125,0.100742,-0.132312,0.88586,-0.817955,-0.093748,0.373556,0.427336
-0.159878,-0.069519,0.157628,0.971987,-0.433151,0.100701,-0.132393,0.88584,-0.817951,-0.093801,0.373555,0.427335
-0.159879,-0.069503,0.157605,0.971992,-0.43313,0.100669,-0.132457,0.885844,-0.817958,-0.093797,0.373515,0.427356
-0.15991,-0.06949,0.157659,0.971979,-0.433135,0.100663,-0.132537,0.88583,-0.817967,-0.093776,0.373545,0.427318
-0.159904,-0.069475,0.157667,0.97198,-0.433102,0.100623,-0.132591,0.885843,-0.817971,-0.093776,0.373557,0.427298
-0.159955,-0.069503,0.157681,0.971967,-0.433077,0.100569,-0.132659,0.885851,-0.817977,-0.093755,0.373536,0.427311
-0.159928,-0.069489,0.157637,0.97198,-0.433041,0.100491,-0.132595,0.885887,-0.817998,-0.093781,0.373498,0.427299
-0.159924,-0.069457,0.157621,0.971985,-0.433012,0.100436,-0.132645,0.8859,-0.817999,-0.093805,0.373505,0.427284
-0.159937,-0.069458,0.15757,0.971992,-0.43303,0.100447,-0.132674,0.885886,-0.818005,-0.093854,0.37346,0.427301
-0.159958,-0.069444,0.157516,0.971998,-0.433025,0.100472,-0.132757,0.885873,-0.818008,-0.093875,0.373461,0.427291
-0.159936,-0.069395,0.157498,0.972008,-0.433038,0.100456,-0.132804,0.885861,-0.817982,-0.093916,0.373491,0.427305
-0.160007,-0.069353,0.157503,0.971998,-0.433031,0.100431,-0.13291,0.885851,-0.818,-0.093958,0.373491,0.427261
-0.159993,-0.069376,0.157499,0.972,-0.433003,0.100478,-0.132867,0.885866,-0.818032,-0.09396,0.373476,0.427212
-0.160005,-0.069367,0.157546,0.971991,-0.433011,0.100547,-0.132758,0.885871,-0.818057,-0.093927,0.373434,0.42721
-0.160023,-0.069376,0.157627,0.971974,-0.432971,0.100564,-0.132617,0.885909,-0.818088,-0.093893,0.373403,0.427184
-0.160022,-0.069425,0.157682,0.971962,-0.433075,0.100013,-0.132654,0.885915,-0.818324,-0.093561,0.373293,0.426902
-0.160017036568301,-0.0694547487518322,0.15768162962963,0.971962377229081,-0.433074764049848,0.100013651577503,-0.132653519890261,0.885917208892352,-0.818326717935135,-0.0935611125690075,0.373293414327154,0.426887968411742
-0.160006294035334,-0.0694800029027329,0.157680481481481,0.971963388203018,-0.433074032199158,0.100015397805213,-0.132652233196159,0.885918717606066,-0.818328898720892,-0.0935614989297977,0.373294678540099,0.426878402904234
-0.15999147143123,-0.069501679915405,0.1576785,0.971964851851852,-0.433072768447582,0.100017925925926,-0.13265037037037,0.885919732407805,-0.818330600404429,-0.0935622320630226,0.373296824486064,0.426872214255896
-0.159974267786119,-0.0695206972525515,0.15767562962963,0.971966587105624,-0.433070936794772,0.100020923182442,-0.132648161865569,0.885920459564235,-0.818331881032908,-0.0935633849493339,0.373299884012277,0.42686831324515
-0.159956382130129,-0.0695379723768752,0.157671814814815,0.971968412894376,-0.433068501240379,0.100024076817558,-0.132645838134431,0.88592110534202,-0.818332798653487,-0.0935650305693835,0.373303888965963,0.426865610650415
-0.159939513493393,-0.0695544227510791,0.157667,0.971970148148148,-0.433065425784054,0.100027074074074,-0.13264362962963,0.885921876007824,-0.818333411313326,-0.093567241903823,0.373308871194351,0.426863017250112
-0.159925360906039,-0.0695709658378659,0.15766112962963,0.971971611796982,-0.433061674425448,0.100029602194787,-0.132641766803841,0.885922977828313,-0.818333777059585,-0.0935700919333044,0.373314862544669,0.426859443822662
-0.159915623398198,-0.0695885190999385,0.157654148148148,0.971972622770919,-0.433057211164213,0.100031348422497,-0.132640480109739,0.88592461707015,-0.818333953939423,-0.0935736536384795,0.373321894864142,0.426853801146484
-0.159912,-0.069608,0.157646,0.971973,-0.433052,0.100032,-0.13264,0.885927,-0.818334,-0.093578,0.37333,0.426845
-0.159933,-0.069629,0.157618,0.971972,-0.433034,0.099995,-0.132671,0.885935,-0.818329,-0.093618,0.373354,0.426827
-0.159925,-0.069646,0.157597,0.971976,-0.43304,0.099963,-0.132736,0.885926,-0.81833,-0.093654,0.373327,0.42684
-0.159968,-0.069651,0.157612,0.971966,-0.433019,0.099898,-0.132756,0.885941,-0.818336,-0.093662,0.373327,0.426826
-0.159953,-0.069665,0.157618,0.971966,-0.433009,0.099834,-0.132708,0.88596,-0.818305,-0.093722,0.373399,0.426809
-0.159993,-0.069708,0.157663,0.971949,-0.433058,0.099772,-0.132621,0.885956,-0.818305,-0.093751,0.373439,0.426768
-0.159988,-0.06978,0.157733,0.971934,-0.433069,0.099825,-0.13259,0.885949,-0.818313,-0.093744,0.373464,0.426732
-0.15997,-0.069815,0.157734,0.971934,-0.433096,0.099809,-0.132525,0.885948,-0.81831,-0.093737,0.373486,0.42672
-0.159962,-0.069861,0.157771,0.971926,-0.433129,0.099848,-0.132498,0.885931,-0.818328,-0.093759,0.373528,0.426644
-0.159942,-0.069903,0.157756,0.971928,-0.433123,0.099889,-0.132413,0.885942,-0.818355,-0.093755,0.373527,0.426595
-0.159944,-0.06994,0.157827,0.971914,-0.433114,0.099918,-0.132308,0.885959,-0.818374,-0.093786,0.373534,0.426545
-0.159902,-0.069974,0.157898,0.971907,-0.433095,0.099986,-0.132096,0.885992,-0.818377,-0.093836,0.373559,0.426506
-0.15993,-0.069959,0.157958,0.971894,-0.43308,0.099914,-0.131976,0.886025,-0.818399,-0.093866,0.373562,0.426454
-0.159933,-0.069969,0.158037,0.97188,-0.433108,0.099931,-0.131915,0.886019,-0.818417,-0.093831,0.373539,0.426449
-0.159912,-0.069986,0.158035,0.971882,-0.433091,0.099923,-0.131991,0.886017,-0.818419,-0.093814,0.373556,0.426432
-0.1599135,-0.0699725,0.1580176386604,0.971886021982116,-0.433094089449541,0.099884613003096,-0.132028077462278,0.886014637770898,-0.818406263513513,-0.0938173785714286,0.373566271031109,0.42645
-0.159915,-0.069959,0.157983,0.971892,-0.433103,0.099827,-0.13207,0.88601,-0.81839,-0.093825,0.373578,0.426468
-0.159913,-0.069972,0.157923,0.971901,-0.43315,0.099773,-0.132194,0.885974,-0.818385,-0.09384,0.373606,0.426448
-0.159925,-0.069945,0.157863,0.971911,-0.433181,0.099644,-0.132322,0.885955,-0.818397,-0.093906,0.373574,0.42644
-0.159922,-0.069947,0.157784,0.971924,-0.433165,0.099538,-0.132569,0.885938,-0.818392,-0.093938,0.373566,0.42645
-0.15993,-0.069976,0.157764,0.971924,-0.433183,0.099448,-0.132731,0.885915,-0.818372,-0.094018,0.3736,0.426439
-0.159883,-0.069985,0.157744,0.971934,-0.43316,0.099389,-0.132807,0.885921,-0.818401,-0.094005,0.373563,0.42642
-0.159882,-0.069993,0.157694,0.971942,-0.433143,0.099337,-0.132767,0.885942,-0.818417,-0.093995,0.373574,0.426381
-0.159873,-0.069967,0.157716,0.971942,-0.433089,0.099396,-0.132699,0.885972,-0.81843,-0.093981,0.373539,0.426391
-0.15989,-0.069979,0.15776,0.971931,-0.433085,0.099525,-0.132606,0.885972,-0.818438,-0.093975,0.373549,0.426367
-0.15997,-0.069917,0.157842,0.971909,-0.433097,0.099632,-0.132386,0.885988,-0.81842,-0.093983,0.373545,0.426403
-0.159969,-0.069874,0.157872,0.971907,-0.433073,0.099791,-0.132275,0.885998,-0.818417,-0.094025,0.373581,0.426368
-0.159982,-0.06985,0.157901,0.971902,-0.433112,0.099845,-0.132171,0.885989,-0.818425,-0.094069,0.373611,0.426317
-0.160016,-0.069889,0.157919,0.971891,-0.433156,0.099891,-0.132137,0.885967,-0.818416,-0.094149,0.373666,0.42627
-0.160041,-0.069901,0.157937,0.971883,-0.433191,0.099768,-0.132162,0.88596,-0.818401,-0.094168,0.373677,0.426284
-0.160007,-0.069911,0.157959,0.971884,-0.433199,0.099666,-0.13214,0.885971,-0.818394,-0.094241,0.373696,0.426265
-0.159992,-0.069956,0.157984,0.971879,-0.433217,0.099628,-0.132185,0.88596,-0.818386,-0.094353,0.373701,0.426252
-0.159977,-0.069935,0.157994,0.971882,-0.433229,0.099529,-0.132181,0.885965,-0.818373,-0.094404,0.373691,0.426273
-0.159965,-0.06995,0.157996,0.971882,-0.433213,0.099506,-0.132188,0.885975,-0.818375,-0.094426,0.373695,0.426261
-0.159945,-0.069928,0.157989,0.971888,-0.433237,0.099547,-0.132217,0.885954,-0.818395,-0.094395,0.373702,0.426222
-0.159951,-0.069878,0.15797,0.971894,-0.433226,0.099685,-0.132287,0.885934,-0.818396,-0.094374,0.373733,0.426199
-0.159938,-0.069899,0.157978,0.971893,-0.43322,0.099787,-0.132352,0.885915,-0.818413,-0.094345,0.37372,0.426184
-0.159959,-0.069899,0.157954,0.971894,-0.43325,0.099858,-0.132332,0.885896,-0.818419,-0.094321,0.373701,0.426194
-0.159953,-0.069936,0.1579,0.971901,-0.433298,0.099898,-0.132303,0.885872,-0.818433,-0.094304,0.373666,0.426202
-0.159977,-0.069938,0.157907,0.971896,-0.433347,0.099943,-0.132354,0.885835,-0.818448,-0.094312,0.373677,0.426163
-0.160008,-0.069947,0.157963,0.971881,-0.433357,0.099948,-0.132362,0.885829,-0.818432,-0.094288,0.373668,0.426205
-0.16005,-0.069974,0.158018,0.971863,-0.4334,0.099899,-0.132393,0.885808,-0.818437,-0.094306,0.373672,0.426188
-0.16006,-0.069902,0.158051,0.971861,-0.433417,0.099806,-0.132419,0.885807,-0.818478,-0.0943,0.373642,0.426138
-0.160073,-0.069878,0.15809,0.971855,-0.433393,0.099731,-0.132465,0.88582,-0.818494,-0.094258,0.373622,0.426134
-0.160084,-0.069852,0.158034,0.971864,-0.43337,0.099623,-0.132486,0.88584,-0.818492,-0.094228,0.373665,0.426105
-0.160075,-0.069901,0.158011,0.971865,-0.43332,0.099518,-0.132458,0.885881,-0.818514,-0.094209,0.373646,0.426084
-0.160038,-0.069898,0.157935,0.971884,-0.43326,0.099449,-0.132528,0.885908,-0.818521,-0.094181,0.373657,0.426067
-0.159971,-0.069903,0.157878,0.971904,-0.433236,0.099381,-0.13264,0.88591,-0.818524,-0.094149,0.373683,0.426046
-0.159963,-0.069858,0.157825,0.971917,-0.433261,0.099323,-0.132799,0.885881,-0.818541,-0.094205,0.373648,0.426032
-0.159914,-0.069839,0.157806,0.97193,-0.433268,0.09929,-0.132906,0.885865,-0.81855,-0.094251,0.373643,0.426009
-0.159909,-0.069822,0.157734,0.971943,-0.433298,0.099238,-0.132888,0.885858,-0.818521,-0.094299,0.373662,0.426038
-0.159878,-0.06982,0.157662,0.97196,-0.433357,0.099246,-0.132814,0.88584,-0.818507,-0.094318,0.373671,0.426053
-0.159867,-0.069746,0.157666,0.971967,-0.433391,0.099255,-0.132706,0.885838,-0.818511,-0.094352,0.373714,0.425999
-0.159872,-0.069734,0.15772,0.971958,-0.433423,0.099257,-0.132622,0.885835,-0.818489,-0.094364,0.373771,0.425989
-0.159882,-0.069748,0.157773,0.971947,-0.433451,0.099309,-0.132623,0.885816,-0.818491,-0.094394,0.373801,0.425952
-0.159927,-0.069697,0.157796,0.971939,-0.433425,0.099348,-0.132645,0.88582,-0.818477,-0.094429,0.373851,0.425927
-0.159919,-0.069719,0.157854,0.97193,-0.433444,0.099341,-0.132674,0.885807,-0.818482,-0.094463,0.373847,0.425913
-0.159965,-0.069717,0.157875,0.971919,-0.433427,0.099284,-0.132682,0.885821,-0.818486,-0.094512,0.373827,0.425912
-0.159942,-0.069716,0.15792,0.971915,-0.433393,0.099301,-0.132732,0.885829,-0.818481,-0.094554,0.373844,0.425899
-0.159933,-0.069754,0.157935,0.971912,-0.433363,0.09928,-0.132831,0.885831,-0.818492,-0.094526,0.373867,0.425864
-0.159954,-0.069803,0.157916,0.971908,-0.433267,0.099221,-0.132924,0.88587,-0.818496,-0.094524,0.373897,0.42583
-0.159917,-0.069894,0.15785,0.971918,-0.433182,0.099201,-0.13298,0.885906,-0.818505,-0.094562,0.373888,0.425811
-0.159863,-0.069935,0.157789,0.971934,-0.433132,0.099156,-0.132949,0.88594,-0.818551,-0.094488,0.373885,0.425743
-0.159858,-0.069938,0.157755,0.97194,-0.433098,0.099155,-0.132936,0.885958,-0.818566,-0.094465,0.373902,0.425704
-0.159815,-0.069996,0.157743,0.971945,-0.433081,0.099199,-0.132806,0.885981,-0.818572,-0.094439,0.373908,0.425692
-0.159836,-0.069977,0.157708,0.971949,-0.433055,0.099169,-0.132805,0.885998,-0.818561,-0.094416,0.373921,0.425708
-0.159856,-0.069966,0.157693,0.971948,-0.433033,0.09922,-0.132825,0.886,-0.818567,-0.094406,0.373938,0.425684
-0.15986,-0.069962,0.157698,0.971947,-0.433037,0.099207,-0.132895,0.885989,-0.818574,-0.094439,0.37395,0.425652
-0.159876,-0.069954,0.157716,0.971942,-0.433074,0.099198,-0.132913,0.885969,-0.818605,-0.09447,0.373926,0.425607
-0.159906,-0.069947,0.15774,0.971934,-0.433062,0.099152,-0.132852,0.885989,-0.818574,-0.094512,0.37398,0.425609
-0.159936,-0.069961,0.157802,0.971918,-0.433091,0.099147,-0.132696,0.885999,-0.818578,-0.094538,0.373985,0.425591
-0.159982,-0.07,0.157803,0.971907,-0.433153,0.099121,-0.132642,0.88598,-0.818573,-0.094467,0.374018,0.425587
-0.15994,-0.070062,0.157835,0.971905,-0.433187,0.099048,-0.132671,0.885967,-0.818593,-0.094414,0.37407,0.425515
-0.159908825875068,-0.0701323459642812,0.157837503666263,0.971904103846154,-0.433198156598248,0.0990030050613337,-0.132700764807298,0.885962216985984,-0.818589899350649,-0.0944360030959752,0.374079778864971,0.425508000222866
-0.159881,-0.070203,0.15784,0.971903,-0.433206,0.098954,-0.132748,0.885957,-0.818583,-0.094483,0.374089,0.425502
-0.159853,-0.070266,0.157871,0.971898,-0.433215,0.098854,-0.132918,0.885938,-0.81857,-0.094561,0.374127,0.425476
-0.159906,-0.070326,0.157839,0.971891,-0.433211,0.09878,-0.133013,0.885934,-0.818549,-0.094634,0.374145,0.425486
-0.159952,-0.070352,0.157849,0.971879,-0.433207,0.098704,-0.133082,0.885934,-0.818525,-0.094714,0.37419,0.425474
-0.159924,-0.070364,0.157825,0.971887,-0.433178,0.098619,-0.133108,0.885953,-0.818502,-0.094767,0.374214,0.425485
-0.159877,-0.070351,0.157765,0.971906,-0.433158,0.098568,-0.133087,0.885972,-0.818479,-0.094784,0.374234,0.425508
-0.159902,-0.070339,0.157727,0.971909,-0.433097,0.098521,-0.13311,0.886003,-0.818469,-0.094874,0.374272,0.425474
-0.159856,-0.070333,0.157662,0.971927,-0.43306,0.098507,-0.133103,0.886024,-0.818465,-0.094827,0.374277,0.425488
-0.159826,-0.070366,0.157676,0.971927,-0.433043,0.098512,-0.133045,0.886041,-0.818484,-0.094769,0.374254,0.425484
-0.159776,-0.070361,0.157684,0.971934,-0.433042,0.098434,-0.133011,0.886055,-0.818514,-0.094769,0.374225,0.425452
-0.15976,-0.070399,0.157692,0.971933,-0.433063,0.098379,-0.133007,0.886052,-0.818506,-0.094789,0.37426,0.425431
-0.159759,-0.070419,0.157748,0.971923,-0.43306,0.098389,-0.133054,0.886045,-0.818506,-0.094807,0.374253,0.425435
-0.159773,-0.070459,0.157826,0.971905,-0.43304,0.098371,-0.133087,0.886051,-0.818531,-0.094752,0.374245,0.425406
-0.159768,-0.070482,0.157874,0.971896,-0.433086,0.098371,-0.133204,0.886012,-0.81851,-0.094789,0.374275,0.425412
-0.15973,-0.070498,0.15795,0.971889,-0.43311,0.098384,-0.133207,0.885998,-0.818491,-0.094774,0.374295,0.425434
-0.159761,-0.070543,0.157929,0.971884,-0.433115,0.098429,-0.133274,0.88598,-0.8185,-0.094764,0.374338,0.42538
-0.159763,-0.070538,0.157939,0.971882,-0.433075,0.098493,-0.13319,0.886006,-0.818534,-0.094769,0.374326,0.425325
-0.159735,-0.070529,0.157928,0.971889,-0.433079,0.098564,-0.133154,0.886001,-0.818498,-0.094797,0.37433,0.425384
-0.159729,-0.070522,0.157972,0.971884,-0.433102,0.098562,-0.133153,0.88599,-0.818489,-0.094811,0.374344,0.425385
-0.159752,-0.070485,0.157952,0.971886,-0.433054,0.098517,-0.133131,0.886022,-0.818496,-0.094857,0.374311,0.425392
-0.159742,-0.070443,0.157904,0.971898,-0.433031,0.098473,-0.133194,0.886029,-0.818493,-0.094853,0.374289,0.425418
-0.15971,-0.070462,0.157879,0.971906,-0.433022,0.098418,-0.133271,0.886028,-0.818501,-0.094887,0.374294,0.425391
-0.159701,-0.070461,0.157844,0.971914,-0.433069,0.098377,-0.133235,0.886014,-0.81849,-0.094848,0.37426,0.425449
-0.159701,-0.070446,0.15784,0.971915,-0.433106,0.098358,-0.133204,0.886003,-0.818494,-0.094743,0.374251,0.425473
-0.159709,-0.070483,0.157865,0.971907,-0.433184,0.098325,-0.133092,0.885985,-0.818505,-0.094695,0.374239,0.425473
-0.159721,-0.070518,0.157908,0.971896,-0.433274,0.098374,-0.133029,0.885945,-0.818511,-0.094707,0.374253,0.425448
-0.159702,-0.070517,0.157992,0.971885,-0.433284,0.09846,-0.133023,0.885932,-0.818522,-0.094732,0.374244,0.425428
-0.159719,-0.070566,0.15809,0.971863,-0.4333,0.098453,-0.133055,0.88592,-0.818528,-0.094721,0.374221,0.42544
-0.159724,-0.070594,0.158128,0.971854,-0.433331,0.09841,-0.13314,0.885897,-0.818515,-0.09474,0.374246,0.425438
-0.159733,-0.070594,0.15818,0.971844,-0.433328,0.098339,-0.133203,0.885897,-0.818503,-0.094803,0.374283,0.425414
-0.159788,-0.070641,0.158198,0.971829,-0.433343,0.098222,-0.133254,0.885895,-0.81848,-0.094839,0.3743,0.425437
-0.159804,-0.070636,0.158145,0.971835,-0.433352,0.098136,-0.133298,0.885893,-0.818455,-0.094858,0.374363,0.425424
-0.159814,-0.070653,0.158164,0.971829,-0.433331,0.098014,-0.133319,0.885914,-0.818462,-0.094864,0.37437,0.425404
-0.159816,-0.070694,0.158088,0.971838,-0.433342,0.097964,-0.133341,0.885911,-0.818442,-0.094882,0.37438,0.425428
-0.159752,-0.070688,0.15806,0.971854,-0.433316,0.097945,-0.133261,0.885937,-0.818437,-0.094904,0.374413,0.425405
-0.159741,-0.070692,0.158071,0.971853,-0.433275,0.097968,-0.133177,0.885968,-0.818435,-0.094822,0.374444,0.4254
-0.159726,-0.070749,0.158044,0.971856,-0.433294,0.098022,-0.13318,0.885952,-0.818431,-0.094753,0.374435,0.425431
-0.159686,-0.070749,0.158022,0.971866,-0.433276,0.098056,-0.13313,0.885965,-0.818428,-0.094696,0.374412,0.42547
-0.159631,-0.07077,0.158088,0.971863,-0.433297,0.098094,-0.133058,0.885961,-0.818423,-0.094694,0.374404,0.425487
-0.159636,-0.070742,0.158086,0.971864,-0.433292,0.098102,-0.133021,0.885968,-0.818404,-0.094606,0.374426,0.425524
-0.159655,-0.070762,0.158142,0.971851,-0.433305,0.098119,-0.132994,0.885964,-0.818424,-0.094523,0.37441,0.425518
-0.159676,-0.070782,0.158198,0.971837,-0.433306,0.098105,-0.13295,0.885971,-0.818467,-0.094481,0.37437,0.425479
-0.159664,-0.070835,0.158284,0.971821,-0.433312,0.097994,-0.132833,0.885998,-0.818476,-0.094422,0.374401,0.425448
-0.159696,-0.070865,0.158398,0.971795,-0.433368,0.09791,-0.132823,0.885982,-0.818484,-0.094382,0.374424,0.425421
-0.159705,-0.070926,0.158417,0.971786,-0.433387,0.097848,-0.132945,0.885961,-0.818492,-0.09437,0.374425,0.425408
-0.159685,-0.071067,0.158502,0.971765,-0.433403,0.097737,-0.1331,0.885942,-0.818493,-0.094284,0.374464,0.425389
-0.159705,-0.071149,0.15858,0.971743,-0.433483,0.09763,-0.133254,0.885892,-0.818524,-0.094228,0.374454,0.425351
-0.15969,-0.071206,0.158579,0.971741,-0.433492,0.097545,-0.133384,0.885877,-0.818523,-0.094167,0.374448,0.425373
-0.159697,-0.071244,0.158667,0.971723,-0.433526,0.097495,-0.133465,0.885854,-0.818501,-0.094161,0.374456,0.425409
-0.159706,-0.071226,0.158705,0.971717,-0.433548,0.097507,-0.133515,0.885834,-0.818493,-0.094126,0.374461,0.425428
-0.159727,-0.071203,0.158721,0.971712,-0.43356,0.09759,-0.133566,0.885812,-0.818485,-0.094158,0.374472,0.425426
-0.159751,-0.07118,0.15876,0.971704,-0.433507,0.097692,-0.133659,0.885812,-0.818469,-0.094189,0.374492,0.425433
-0.159783,-0.071113,0.158773,0.971701,-0.433456,0.097759,-0.133736,0.885818,-0.818473,-0.094221,0.374494,0.425416
-0.159779,-0.071027,0.15873,0.971715,-0.433428,0.097818,-0.13382,0.885813,-0.818452,-0.09425,0.374512,0.425434
-0.159741,-0.070936,0.158698,0.971733,-0.433355,0.097828,-0.133822,0.885847,-0.818444,-0.094253,0.374481,0.425475
-0.159741,-0.070903,0.158591,0.971753,-0.43332,0.097842,-0.133876,0.885855,-0.818416,-0.094236,0.37446,0.425553
-0.159749,-0.070837,0.158513,0.971769,-0.43327,0.09787,-0.133921,0.885869,-0.818405,-0.09428,0.374472,0.425553
-0.159777,-0.070791,0.158477,0.971774,-0.433254,0.097847,-0.133918,0.88588,-0.818394,-0.094282,0.374459,0.425585
-0.15975,-0.070771,0.1584,0.971793,-0.433224,0.097826,-0.133982,0.885887,-0.818402,-0.094325,0.374423,0.425592
-0.15972,-0.070771,0.158351,0.971806,-0.433241,0.097779,-0.134004,0.885881,-0.818398,-0.094306,0.37441,0.425615
-0.159737,-0.070751,0.158313,0.97181,-0.433258,0.097769,-0.134154,0.885851,-0.818389,-0.094272,0.37439,0.425657
-0.159718,-0.070707,0.158206,0.971834,-0.433301,0.097916,-0.134522,0.885757,-0.818374,-0.094244,0.374399,0.425685
-0.159739,-0.070699,0.158108,0.971847,-0.433306,0.097951,-0.134415,0.885767,-0.818348,-0.094242,0.374382,0.425749
-0.159735473123885,-0.0707007868661462,0.158105866005643,0.971851039522132,-0.433303950413223,0.0979486476333584,-0.134424330273393,0.885766861702424,-0.818343117896427,-0.0942315617374384,0.374371902486799,0.425779079145809
-0.159725661923673,-0.0707059153627544,0.158104337560855,0.971854242341969,-0.433298330578512,0.0979421975957926,-0.134449984025538,0.885766469070874,-0.818339261165015,-0.0942082372873774,0.374362470193903,0.425805872654153
-0.15971072054156,-0.070714037337079,0.158103294476009,0.971856757452741,-0.433289933884298,0.0979325604808415,-0.134488455654382,0.88576585549712,-0.818336261973462,-0.0941749512631544,0.374353742427546,0.425829591673256
-0.159691803119745,-0.0707248046363745,0.15810261656148,0.971858733847676,-0.433279553719008,0.0979206468820436,-0.134536239557873,0.88576505437293,-0.818333952489469,-0.0941346282781065,0.37434575849396,0.425850447351339
-0.159670063800426,-0.0707378691078953,0.15810218362764,0.971860320520002,-0.433267983471074,0.0979073673929376,-0.134589830133957,0.885764099090074,-0.818332164880737,-0.0940901929455709,0.374338557699378,0.425868650836624
-0.159646656725801,-0.0707528825988959,0.158101875484864,0.97186166646295,-0.433256016528926,0.0978936326070624,-0.134645721780583,0.885763023040321,-0.818330731314964,-0.0940445698788848,0.374332179350033,0.425884413277332
-0.159622736038067,-0.0707694969566306,0.158101571943524,0.971862920669746,-0.433244446280992,0.0978803531179564,-0.134700408895698,0.885761859615438,-0.818329483959851,-0.0940006836913855,0.374326662752157,0.425897945821686
-0.159599455879422,-0.070787364028354,0.158101152813994,0.971864232133621,-0.433234066115702,0.0978684395191585,-0.13475038587725,0.885760642207196,-0.818328254983099,-0.0939614589964102,0.374322047211983,0.425909459617908
-0.159577970392064,-0.0708061356613204,0.158100497906647,0.971865749847802,-0.433225669421488,0.0978588024042074,-0.134792147123186,0.885759404207363,-0.818326876552406,-0.093929820407296,0.374318372035743,0.42591916581422
-0.159559433718191,-0.0708254637027842,0.158099487031858,0.971867622805519,-0.433220049586777,0.0978523523666416,-0.134822187031454,0.885758179007708,-0.818325180835473,-0.0939086925373802,0.374315676529672,0.425927275558843
-0.159545,-0.070845,0.158098,0.97187,-0.433218,0.09785,-0.134837,0.885757,-0.818323,-0.093901,0.374314,0.425934
-0.159532755613139,-0.0708689295048543,0.158088785356152,0.971873168951916,-0.433218084102075,0.0978502561983471,-0.134842191614069,0.885755984589252,-0.81832081829291,-0.0939016763984031,0.374313026252726,0.425939186493076
-0.159520221944525,-0.0709005393903107,0.158066614921594,0.971877159983095,-0.433218378800527,0.097850958677686,-0.134845939967638,0.885755161601197,-0.818319103780849,-0.0939037689185486,0.374312359633782,0.425942821539631
-0.159507705653261,-0.0709381348352388,0.158034403421001,0.971881736288505,-0.433218947683699,0.0978520082644628,-0.134848598221753,0.885754431558685,-0.818317664361096,-0.0939073725478411,0.374311920259299,0.42594532500715
-0.159495513398447,-0.0709800210185081,0.157995065579049,0.97188666106311,-0.433219854339933,0.097853305785124,-0.134850519537461,0.885753694984564,-0.818316307930935,-0.0939125822736848,0.374311628245412,0.425947116763115
-0.159483951839188,-0.0710245031189884,0.157951516120412,0.971891697501878,-0.433221162357569,0.0978547520661157,-0.13485205707581,0.885752852401683,-0.818314842387646,-0.0939194930834843,0.374311403708251,0.42594861667501
-0.159473327634585,-0.0710698863155493,0.157906669769765,0.971896608799775,-0.433222935324951,0.0978562479338843,-0.134853563997847,0.885751804332892,-0.81831307562851,-0.093928199964644,0.374311166763951,0.425950244610319
-0.159463947443741,-0.0711144757870604,0.157863441251782,0.971901158151766,-0.433225236830419,0.097857694214876,-0.134855393464619,0.88575045130104,-0.818310815550811,-0.0939387979045683,0.374310837528644,0.425952420436526
-0.159456117925758,-0.0711565767123914,0.15782474529114,0.971905108752817,-0.433228130462317,0.0978589917355372,-0.134857898637173,0.885748693828976,-0.818307870051829,-0.0939513818906616,0.374310336118462,0.425955564021114
-0.159450145739738,-0.0711944942704119,0.157793496612512,0.971908223797896,-0.433231679808984,0.0978600413223141,-0.134861432676557,0.885746432439548,-0.818304047028845,-0.0939660469103284,0.374309582649539,0.425960095231566
-0.159446337544785,-0.0712265336399916,0.157772609940574,0.971910266481968,-0.433235948458765,0.0978607438016529,-0.134866348743817,0.885743567655606,-0.818299154379142,-0.093982887950973,0.374308497238008,0.425966433935367
-0.159445,-0.071251,0.157765,0.971911,-0.433241,0.097861,-0.134873,0.88574,-0.818293,-0.094002,0.374307,0.425975
-0.159457,-0.071267,0.157799,0.971902,-0.433303,0.097836,-0.134904,0.885707,-0.818246,-0.094066,0.374247,0.426104
-0.159497,-0.071275,0.157791,0.971896,-0.433359,0.097818,-0.134939,0.885677,-0.818258,-0.093974,0.374251,0.426098
-0.159494,-0.071287,0.157763,0.971901,-0.433402,0.097561,-0.135218,0.885641,-0.818287,-0.093957,0.374173,0.426114
-0.159472,-0.071363,0.157749,0.971901,-0.433371,0.097594,-0.135145,0.885664,-0.818291,-0.093957,0.374164,0.426113
-0.159454780141747,-0.071360558958596,0.157718542724496,0.971904385885158,-0.433359605051578,0.0976034158757163,-0.135124646834963,0.885671445686211,-0.818286015625,-0.0939694640203643,0.374168775098585,0.42611501953125
-0.159437572351138,-0.0713536217866148,0.157669657221806,0.971913456963399,-0.433349787014563,0.0976093187167417,-0.135112044555888,0.885677019919361,-0.818272875,-0.0940025819983919,0.37418146105229,0.42612034375
-0.159421080574102,-0.0713427674124027,0.157608158644881,0.971926583368874,-0.43334152814017,0.097612905629605,-0.135104528886228,0.885681184042237,-0.818254296875,-0.0940499428094848,0.374199598848045,0.42612787109375
-0.159406008756567,-0.0713285747643061,0.157539862146671,0.971942135235732,-0.433334810679612,0.097615373720835,-0.135099435549436,0.885684399397623,-0.818233,-0.094105135329045,0.374220729472774,0.4261365
-0.159393060844461,-0.0713116227706712,0.157470582880128,0.971958482698123,-0.433329616884102,0.0976179200969607,-0.135094100268965,0.885687127328308,-0.818211703125,-0.0941617484324746,0.374242393913408,0.42614512890625
-0.159382940783713,-0.0712924903598443,0.157406135998201,0.971973995890199,-0.433325929004854,0.0976217418645108,-0.135085858768266,0.885689829177074,-0.818193125,-0.0942133709951756,0.374262133156871,0.42615265625
-0.15937635252025,-0.0712717564601718,0.157352336653842,0.971987044946107,-0.433323729293083,0.0976280361300143,-0.135072046770794,0.88569296628671,-0.818179984375,-0.0942535918925501,0.374277488190093,0.42615798046875
-0.159374,-0.07125,0.157315,0.971996,-0.433323,0.097638,-0.13505,0.885697,-0.818175,-0.094276,0.374286,0.42616
-0.159379,-0.071217,0.157294,0.972001,-0.433338,0.097681,-0.134941,0.885702,-0.818184,-0.094284,0.374289,0.426138
-0.15939,-0.071188,0.157312,0.971998,-0.433371,0.097783,-0.134854,0.885688,-0.81819,-0.09431,0.374315,0.426098
-0.159375,-0.071194,0.157284,0.972004,-0.433378,0.097852,-0.13476,0.885691,-0.818192,-0.09428,0.374329,0.426087
-0.159357,-0.071141,0.15733,0.972004,-0.433414,0.097942,-0.13473,0.885668,-0.818213,-0.094289,0.374333,0.426044
-0.159357,-0.071099,0.157361,0.972002,-0.433482,0.097985,-0.134776,0.885623,-0.818195,-0.094327,0.37432,0.426081
-0.159353,-0.07104,0.15734,0.97201,-0.433449,0.097992,-0.134821,0.885631,-0.818185,-0.094351,0.374331,0.426084
-0.159431,-0.070993,0.157342,0.972001,-0.433462,0.098002,-0.134873,0.885616,-0.818176,-0.09436,0.374347,0.426084
-0.159418,-0.070971,0.157347,0.972004,-0.433471,0.097951,-0.134986,0.8856,-0.818151,-0.094402,0.374382,0.426092
-0.159427,-0.070957,0.157275,0.972015,-0.433454,0.097931,-0.135127,0.885589,-0.818145,-0.094411,0.374382,0.426103
-0.159395,-0.070932,0.157232,0.972029,-0.433402,0.097831,-0.135169,0.885619,-0.818151,-0.094433,0.374346,0.426118
-0.159431,-0.070933,0.157169,0.972033,-0.433373,0.097777,-0.135204,0.885634,-0.818134,-0.09448,0.374359,0.426129
-0.159428,-0.070886,0.157058,0.972055,-0.433333,0.097799,-0.135237,0.885646,-0.818121,-0.094489,0.37437,0.426142
-0.159467,-0.070867,0.157029,0.972055,-0.433312,0.097895,-0.135251,0.885644,-0.818124,-0.094526,0.374338,0.426156
-0.159447,-0.070877,0.157009,0.97206,-0.433298,0.097945,-0.13523,0.885648,-0.818103,-0.094537,0.374358,0.426176
-0.15946,-0.070858,0.156979,0.972064,-0.433305,0.098012,-0.13522,0.885639,-0.818091,-0.094528,0.374385,0.426179
-0.159483,-0.070837,0.156929,0.97207,-0.433347,0.098045,-0.13519,0.885619,-0.818075,-0.094469,0.374426,0.426186
-0.159523,-0.070821,0.156912,0.972068,-0.433361,0.09804,-0.135185,0.885613,-0.818087,-0.094464,0.374428,0.426162
-0.159561,-0.070834,0.156943,0.972055,-0.433412,0.097986,-0.135192,0.885594,-0.818098,-0.094436,0.374411,0.426162
-0.159564,-0.070884,0.156986,0.972044,-0.433429,0.097949,-0.135282,0.885576,-0.818102,-0.094411,0.374425,0.426147
-0.159604,-0.070859,0.157005,0.972036,-0.433497,0.097885,-0.13542,0.885529,-0.818093,-0.094434,0.374447,0.42614
-0.15965,-0.070889,0.157042,0.972021,-0.433489,0.097857,-0.135502,0.885523,-0.818096,-0.094394,0.374486,0.42611
-0.159657,-0.070915,0.156996,0.972025,-0.433485,0.097799,-0.135519,0.885528,-0.818124,-0.09439,0.37449,0.426052
-0.159661,-0.070924,0.156984,0.972026,-0.433443,0.097748,-0.135387,0.885575,-0.818126,-0.094361,0.374538,0.426012
-0.159673,-0.070981,0.156974,0.972021,-0.433405,0.097781,-0.135208,0.885617,-0.818113,-0.094359,0.374603,0.425981
-0.159651,-0.071003,0.156996,0.97202,-0.433327,0.097813,-0.135067,0.885673,-0.818111,-0.094335,0.374657,0.425943
-0.159631,-0.071005,0.157041,0.972016,-0.433342,0.097895,-0.134973,0.885671,-0.818085,-0.094324,0.374698,0.425959
-0.15961,-0.07101,0.157041,0.972019,-0.433341,0.097954,-0.134861,0.885682,-0.81809,-0.094276,0.37471,0.42595
-0.159568,-0.070981,0.157025,0.97203,-0.43341,0.098027,-0.134847,0.885643,-0.818102,-0.094267,0.374693,0.425944
-0.15954,-0.070996,0.157063,0.972028,-0.433432,0.098059,-0.134821,0.885632,-0.818076,-0.094294,0.374736,0.42595
-0.159536,-0.070974,0.157079,0.972027,-0.433428,0.098091,-0.134882,0.885621,-0.818072,-0.094305,0.374744,0.425949
-0.159564,-0.070937,0.157081,0.972025,-0.433446,0.098075,-0.134939,0.885606,-0.818053,-0.094335,0.374769,0.425955
-0.159593,-0.070952,0.15713,0.972011,-0.43345,0.098056,-0.134977,0.8856,-0.818048,-0.094307,0.37477,0.42597
-0.159594,-0.070932,0.157093,0.972019,-0.433438,0.098002,-0.135037,0.885603,-0.818032,-0.094353,0.374749,0.426011
-0.159608,-0.070945,0.157067,0.97202,-0.433486,0.097966,-0.135041,0.885583,-0.818024,-0.094396,0.374733,0.42603
-0.15961,-0.070942,0.157044,0.972023,-0.433533,0.097948,-0.134991,0.885569,-0.818008,-0.094348,0.374746,0.42606
-0.159653,-0.0709,0.157009,0.972025,-0.433528,0.097947,-0.134918,0.885583,-0.818005,-0.094355,0.374719,0.426087
-0.15965,-0.070857,0.156969,0.972035,-0.433488,0.098048,-0.134839,0.885603,-0.818001,-0.094334,0.374696,0.426121
-0.159656,-0.070797,0.156963,0.972039,-0.433412,0.098134,-0.13475,0.885644,-0.818016,-0.094369,0.374644,0.42613
-0.159674,-0.070734,0.156966,0.97204,-0.433376,0.098267,-0.134623,0.885667,-0.818029,-0.094381,0.374593,0.426146
-0.159653,-0.070699,0.156984,0.972043,-0.433362,0.098359,-0.134535,0.885677,-0.818006,-0.094339,0.374573,0.426217
-0.159656,-0.07064,0.156978,0.972048,-0.433329,0.09862,-0.133704,0.88579,-0.818012,-0.094375,0.374551,0.426218
-0.159677,-0.070601,0.157051,0.972036,-0.433312,0.098593,-0.133706,0.885801,-0.818019,-0.094351,0.374528,0.426229
-0.159672,-0.0706,0.157109,0.972027,-0.433265,0.098578,-0.133745,0.885819,-0.818019,-0.094377,0.37455,0.426205
-0.15966652735786,-0.070602408,0.15713414762634,0.972023833694915,-0.43326365769059,0.098579036,-0.133763575131083,0.885818552,-0.818020708,-0.09437658,0.374548712,0.4261921
-0.159661158141955,-0.070608944,0.157156806125574,0.97202104040678,-0.433262782987746,0.098581848,-0.133780507861464,0.885817336,-0.818025344,-0.09437544,0.374545216,0.426180133333333
-0.159655726287625,-0.070618576,0.157176938284839,0.972018610779661,-0.433262262398124,0.098585992,-0.13379572449715,0.885815544,-0.818032176,-0.09437376,0.374540064,0.4261692
-0.159650065730212,-0.070630272,0.157194506891271,0.972016535457627,-0.433261982428378,0.098591024,-0.133809151344147,0.885813368,-0.818040472,-0.09437172,0.374533808,0.4261594
-0.159644010405054,-0.070643,0.157209474732006,0.972014805084746,-0.433261829585165,0.0985965,-0.133820714708461,0.885811,-0.8180495,-0.0943695,0.374527,0.426150833333333
-0.159637394247492,-0.070655728,0.157221804594181,0.972013410305085,-0.433261690375138,0.098601976,-0.133830340896098,0.885808632,-0.818058528,-0.09436728,0.374520192,0.4261436
-0.159630051192865,-0.070667424,0.157231459264931,0.972012341762712,-0.433261451304953,0.098607008,-0.133837956213064,0.885806456,-0.818066824,-0.09436524,0.374513936,0.4261378
-0.159621815176514,-0.070677056,0.157238401531394,0.972011590101695,-0.433260998881265,0.098611152,-0.133843486965366,0.885804664,-0.818073656,-0.09436356,0.374508784,0.426133533333333
-0.159612520133779,-0.070683592,0.157242594180704,0.972011145966102,-0.433260219610729,0.098613964,-0.133846859459009,0.885803448,-0.818078292,-0.09436242,0.374505288,0.4261309
-0.159602,-0.070686,0.157244,0.972011,-0.433259,0.098615,-0.133848,0.885803,-0.81808,-0.094362,0.374504,0.42613
-0.159585,-0.070643,0.157162,0.97203,-0.43325,0.098528,-0.133724,0.885836,-0.818054,-0.094394,0.374508,0.426171
-0.159545,-0.07066,0.15707,0.97205,-0.433253,0.098532,-0.133698,0.885838,-0.81806,-0.094335,0.374457,0.426217
-0.1595,-0.070575,0.157001,0.972075,-0.433195,0.098257,-0.13389,0.885867,-0.818074,-0.094293,0.374446,0.426209
-0.159482,-0.070509,0.156945,0.972092,-0.433171,0.09834,-0.133813,0.885882,-0.818232,-0.094096,0.374249,0.426122
-0.159479511056674,-0.07051789453125,0.156947965729704,0.972091001313824,-0.433165074083527,0.0983563573434712,-0.133780340518032,0.885887831290956,-0.818231917402603,-0.0940962477678571,0.374249071807035,0.4261222578125
-0.159477504766949,-0.07054134375,0.156956445001841,0.972088245575969,-0.433160150949264,0.0983663012496814,-0.133758981809795,0.88589184584226,-0.818231618594639,-0.0940970637755102,0.374249344409834,0.4261229375
-0.159475934653072,-0.07057449609375,0.156969810940952,0.972084093267442,-0.433156165051317,0.0983719695310509,-0.133744831985848,0.885894636839316,-0.818231027052448,-0.0940985570790816,0.374249903580939,0.4261238984375
-0.159474754237288,-0.0706125,0.156987436671576,0.972078904869252,-0.433153050843791,0.0983755,-0.133733799156748,0.885896797467528,-0.81823006625237,-0.0941008367346939,0.374250835092891,0.426125
-0.159473917041843,-0.07065050390625,0.157008695318253,0.972073040862404,-0.43315074278079,0.0983790304689491,-0.133721791433055,0.885898920912298,-0.818228659670746,-0.0941040117984694,0.374252224718232,0.4261261015625
-0.159473376588983,-0.07068365625,0.157032960005523,0.972066861727908,-0.433149175316421,0.0983846987503186,-0.133704716925327,0.885901600359031,-0.818226730783916,-0.0941081913265306,0.374254158229502,0.4261270625
-0.159473086400953,-0.07070710546875,0.157059603857925,0.972060727946771,-0.43314828290479,0.0983946426565288,-0.133678483744123,0.885905428993131,-0.818224203068221,-0.094113484375,0.374256721399245,0.4261277421875
-0.159473,-0.070716,0.157088,0.972055,-0.433148,0.098411,-0.133639,0.885911,-0.818221,-0.09412,0.37426,0.426128
-0.159473,-0.0707,0.157134,0.972049,-0.433152,0.098494,-0.133483,0.885924,-0.818164,-0.094159,0.37444,0.426071
-0.159461,-0.070743,0.15715,0.972045,-0.433164,0.098553,-0.133346,0.885932,-0.818191,-0.094171,0.374406,0.426046
-0.159451708502722,-0.0707407307004455,0.157141049382716,0.972047126200274,-0.433163965706447,0.0985695894414938,-0.133334961031984,0.885931988159107,-0.818193659817012,-0.0941686680384088,0.374396041788639,0.4260463899319
-0.159442424786768,-0.0707341562169912,0.157117061728395,0.97205282441701,-0.433163873799726,0.09858105518464,-0.133327859782528,0.885931946211196,-0.818195568100473,-0.0941624183813443,0.374389498112087,0.42604761167523
-0.159433438653899,-0.0707236266724514,0.157082333333333,0.972061074074074,-0.433163740740741,0.0985887918504751,-0.133323631880727,0.885931864518417,-0.818196892908175,-0.0941533703703704,0.374385365406644,0.426049743151435
-0.159425039905873,-0.0707094921896399,0.157041160493827,0.972070854595336,-0.433163582990398,0.0985941940600356,-0.133321212955677,0.885931733442923,-0.818197802297916,-0.0941426433470508,0.374382640108608,0.426052862281962
-0.159417518344452,-0.0706921028913708,0.156997839506173,0.972081145404664,-0.433163417009602,0.0985986564343581,-0.133319538636472,0.885931543346863,-0.818198464327488,-0.0941313566529492,0.374380318654279,0.426057046988255
-0.159411163771394,-0.0706718089004583,0.156956666666667,0.972090925925926,-0.433163259259259,0.0986035735944793,-0.133317544552206,0.88593128459239,-0.818199047054688,-0.0941206296296296,0.374377397479954,0.42606237519176
-0.159406265988459,-0.0706489603397163,0.156921938271605,0.97209917558299,-0.433163126200274,0.0986103401614356,-0.133314166331976,0.885930947541654,-0.81819971853731,-0.0941115816186557,0.374372873021934,0.426068924813922
-0.159403114797408,-0.0706239073319588,0.156897950617284,0.972104873799726,-0.433163034293553,0.0986203507562636,-0.133308339604876,0.885930522556807,-0.818200646833149,-0.0941053319615912,0.374365741716516,0.426076773776187
-0.159402,-0.070597,0.156889,0.972107,-0.433163,0.098635,-0.133299,0.88593,-0.818202,-0.094103,0.374355,0.426086
-0.159405,-0.07055,0.156928,0.972104,-0.433181,0.098672,-0.133262,0.885923,-0.818204,-0.094117,0.374306,0.426121
-0.159385,-0.070538,0.156987,0.972099,-0.433197,0.098697,-0.133243,0.885915,-0.818244,-0.094088,0.374277,0.426078
-0.159433,-0.070525,0.157076,0.972077,-0.433181,0.098702,-0.133313,0.885912,-0.818267,-0.094022,0.374227,0.426091
-0.159393,-0.070548,0.157111,0.972077,-0.433146,0.098649,-0.133385,0.885924,-0.818273,-0.093994,0.374245,0.42607
-0.159425,-0.070574,0.157136,0.972065,-0.433105,0.098567,-0.133433,0.885946,-0.818305,-0.094004,0.374221,0.426028
-0.159429,-0.070589,0.157189,0.972055,-0.433108,0.098546,-0.133541,0.88593,-0.818315,-0.094013,0.374213,0.426013
-0.159459,-0.070536,0.157166,0.972058,-0.433096,0.098527,-0.13361,0.885928,-0.818325,-0.093988,0.374166,0.426041
-0.15946,-0.070501,0.157189,0.972056,-0.433069,0.098496,-0.133702,0.885931,-0.818341,-0.094004,0.374159,0.426011
-0.159421,-0.070494,0.157122,0.972074,-0.433073,0.098446,-0.133754,0.885927,-0.818359,-0.094011,0.374124,0.426006
-0.159437,-0.070497,0.157113,0.972073,-0.433096,0.09844,-0.133753,0.885916,-0.818398,-0.093967,0.37409,0.425972
-0.159461,-0.070482,0.15703,0.972083,-0.433132,0.098444,-0.133729,0.885902,-0.818426,-0.093922,0.374053,0.42596
-0.15943,-0.070463,0.156956,0.972102,-0.433194,0.09846,-0.133722,0.885871,-0.818422,-0.093894,0.374058,0.42597
-0.159408,-0.070439,0.156967,0.972105,-0.43319,0.098475,-0.133745,0.885867,-0.818438,-0.093913,0.374059,0.425934
-0.159409,-0.070444,0.157015,0.972097,-0.433191,0.098551,-0.1337,0.885865,-0.818454,-0.093958,0.374056,0.425896
-0.159429,-0.070478,0.157038,0.972088,-0.433231,0.098589,-0.133593,0.885858,-0.818461,-0.093965,0.374068,0.42587
-0.159451,-0.070476,0.157066,0.97208,-0.433255,0.09867,-0.133446,0.885859,-0.81848,-0.094002,0.374027,0.425861
-0.159477,-0.070459,0.157067,0.972076,-0.43331,0.098744,-0.133289,0.885848,-0.81847,-0.094059,0.374035,0.425862
-0.15947,-0.070491,0.157096,0.972071,-0.433265,0.098808,-0.133249,0.885869,-0.818466,-0.094068,0.374051,0.425852
-0.159491,-0.070503,0.157084,0.972068,-0.433283,0.098828,-0.133269,0.885855,-0.818482,-0.094066,0.37402,0.42585
-0.159536,-0.070466,0.157163,0.972051,-0.433306,0.098805,-0.133343,0.885835,-0.818508,-0.094056,0.373972,0.425845
-0.159594,-0.070477,0.157133,0.972045,-0.433317,0.098726,-0.133494,0.885815,-0.818507,-0.094034,0.373998,0.425828
-0.159568,-0.070496,0.157098,0.972054,-0.433307,0.0986,-0.133555,0.885825,-0.818533,-0.093987,0.37398,0.425804
-0.159559,-0.070468,0.157109,0.972056,-0.433344,0.098487,-0.133632,0.885808,-0.818527,-0.093917,0.373988,0.425824
-0.15952,-0.070473,0.157067,0.972068,-0.433385,0.098432,-0.133618,0.885796,-0.818543,-0.093873,0.374023,0.425772
-0.159473,-0.070438,0.157044,0.972082,-0.433419,0.098392,-0.133543,0.885795,-0.818544,-0.093866,0.374029,0.425766
-0.159507,-0.070444,0.157015,0.972081,-0.433422,0.098447,-0.133416,0.885807,-0.818533,-0.093821,0.374023,0.425802
-0.159508,-0.07049,0.157054,0.972071,-0.433357,0.098592,-0.133265,0.885845,-0.818547,-0.093813,0.374017,0.425783
-0.159517,-0.070543,0.157085,0.972061,-0.433315,0.098746,-0.132994,0.88589,-0.818558,-0.093789,0.374027,0.425759
-0.159512,-0.070528,0.157103,0.97206,-0.43335,0.098918,-0.132783,0.885885,-0.818579,-0.093781,0.374026,0.425721
-0.15952,-0.070545,0.157115,0.972055,-0.43338,0.099014,-0.132606,0.885886,-0.818572,-0.093761,0.374029,0.425736
-0.159506,-0.070555,0.15715,0.972051,-0.433391,0.099003,-0.132574,0.885886,-0.818581,-0.093755,0.37403,0.425719
-0.159489,-0.070577,0.157182,0.972047,-0.433429,0.099026,-0.132682,0.885849,-0.81859,-0.093749,0.374019,0.425714
-0.159525,-0.070484,0.157221,0.972042,-0.43347,0.098975,-0.132865,0.885807,-0.818572,-0.093799,0.374047,0.425713
-0.159552,-0.070401,0.157259,0.972037,-0.433483,0.098855,-0.133151,0.885771,-0.818588,-0.093786,0.37402,0.425709
-0.15958,-0.070305,0.157291,0.972034,-0.433464,0.098753,-0.133336,0.885764,-0.8186,-0.09383,0.374005,0.425688
-0.159602,-0.070313,0.157277,0.972033,-0.433499,0.098612,-0.133484,0.885741,-0.818603,-0.093844,0.373997,0.425686
-0.159602,-0.070324,0.157206,0.972043,-0.433475,0.098535,-0.13356,0.885749,-0.8186,-0.093864,0.374019,0.425668
-0.159563,-0.070361,0.15712,0.972061,-0.433491,0.098502,-0.133661,0.88573,-0.818641,-0.093814,0.374007,0.42561
-0.159533,-0.070363,0.157056,0.972076,-0.433484,0.098558,-0.133685,0.885724,-0.818651,-0.093798,0.374033,0.425572
-0.15956,-0.070403,0.157054,0.972069,-0.43346,0.098659,-0.133752,0.885714,-0.818645,-0.09385,0.374095,0.425519
-0.159516,-0.070426,0.15697,0.972088,-0.433441,0.09881,-0.13369,0.885716,-0.818659,-0.093854,0.374108,0.425479
-0.159506,-0.070416,0.15694,0.972095,-0.433413,0.098897,-0.133532,0.885744,-0.81869,-0.093863,0.374091,0.425432
-0.159487,-0.070433,0.156913,0.972101,-0.433395,0.098991,-0.133392,0.885763,-0.818671,-0.093879,0.374117,0.425443
-0.159475,-0.070426,0.156857,0.972113,-0.433345,0.099108,-0.133255,0.885795,-0.818696,-0.093816,0.374085,0.425437
-0.159462,-0.070362,0.156916,0.97211,-0.433354,0.099206,-0.133138,0.885797,-0.818705,-0.093774,0.374063,0.425446
-0.159457,-0.070306,0.15692,0.972115,-0.433422,0.099231,-0.133127,0.885763,-0.81869,-0.093758,0.374089,0.425457
-0.159493,-0.070215,0.15698,0.972105,-0.433477,0.099186,-0.133248,0.885723,-0.818716,-0.09379,0.374022,0.425459
-0.159549,-0.070201,0.157047,0.972087,-0.433494,0.099114,-0.133451,0.885692,-0.818741,-0.0938,0.37397,0.425455
-0.159572,-0.070235,0.157148,0.972064,-0.433542,0.098967,-0.133635,0.885657,-0.818731,-0.093838,0.373955,0.425477
-0.159544,-0.070298,0.157148,0.972064,-0.433544,0.098795,-0.133793,0.885651,-0.8187,-0.093838,0.373971,0.425524
-0.159536,-0.070358,0.157073,0.972073,-0.433539,0.098619,-0.133922,0.885654,-0.818675,-0.093822,0.373985,0.425564
-0.15959,-0.070449,0.156995,0.97207,-0.433483,0.098487,-0.133944,0.885693,-0.818691,-0.09383,0.373924,0.425583
-0.159568,-0.070504,0.156946,0.972078,-0.433452,0.09835,-0.133943,0.885723,-0.818657,-0.093922,0.373946,0.425609
-0.15953,-0.070537,0.156835,0.9721,-0.433403,0.098292,-0.134007,0.885744,-0.818669,-0.093898,0.373928,0.425609
-0.159557,-0.070562,0.156734,0.972109,-0.433386,0.098232,-0.134075,0.885749,-0.818677,-0.093907,0.373935,0.425584
-0.159515,-0.070575,0.156649,0.972129,-0.433388,0.098232,-0.134172,0.885733,-0.818686,-0.093918,0.373947,0.425553
-0.159525,-0.070582,0.156564,0.972141,-0.433425,0.098178,-0.134326,0.885697,-0.818684,-0.093918,0.373942,0.425562
-0.159493,-0.070559,0.156533,0.972153,-0.433451,0.098199,-0.134495,0.885657,-0.818691,-0.093907,0.37397,0.425527
-0.159463,-0.070562,0.156489,0.972164,-0.433513,0.09819,-0.134507,0.885626,-0.818687,-0.093936,0.37398,0.42552
-0.159489,-0.070597,0.156522,0.972152,-0.433534,0.098169,-0.134483,0.885621,-0.818685,-0.093987,0.374006,0.42549
-0.1595,-0.070635,0.156518,0.972149,-0.433512,0.098142,-0.134398,0.885648,-0.818678,-0.094025,0.374014,0.425487
-0.159491,-0.070641,0.156528,0.972148,-0.433489,0.098127,-0.134344,0.885669,-0.818677,-0.094042,0.374036,0.425467
-0.159506,-0.070644,0.156524,0.972146,-0.433469,0.098186,-0.134365,0.885669,-0.818676,-0.094097,0.374127,0.425375
-0.159495,-0.070644,0.156567,0.972141,-0.433432,0.098227,-0.134437,0.885672,-0.818664,-0.09413,0.37415,0.425371
-0.159525,-0.070651,0.156585,0.972132,-0.433418,0.098242,-0.134542,0.885661,-0.81865,-0.094197,0.374169,0.425366
-0.159505,-0.070635,0.156585,0.972137,-0.433444,0.09818,-0.13459,0.885648,-0.818669,-0.094226,0.374158,0.425333
-0.159473,-0.070587,0.156534,0.972154,-0.433487,0.09804,-0.13468,0.885629,-0.81865,-0.094266,0.374186,0.425335
-0.159476,-0.070572,0.156459,0.972166,-0.433474,0.09791,-0.134695,0.885647,-0.81863,-0.094316,0.37416,0.425386
-0.159528,-0.070482,0.156432,0.972169,-0.43345,0.097834,-0.134756,0.885658,-0.818633,-0.094336,0.374185,0.425355
-0.159511,-0.070441,0.156383,0.972182,-0.43345,0.097804,-0.134788,0.885656,-0.818649,-0.094308,0.374131,0.425378
-0.159476,-0.070383,0.156321,0.972202,-0.433413,0.097838,-0.134824,0.885666,-0.818644,-0.094284,0.374153,0.425374
-0.159473,-0.070361,0.156312,0.972206,-0.433403,0.097855,-0.134885,0.885659,-0.818657,-0.094289,0.374148,0.425351
-0.159447,-0.070368,0.156345,0.972204,-0.433392,0.097901,-0.134892,0.885658,-0.818689,-0.094197,0.374087,0.425364
-0.15946,-0.070362,0.15632,0.972207,-0.433395,0.097926,-0.134897,0.885653,-0.8187,-0.094157,0.374085,0.425353
-0.159466,-0.070332,0.156373,0.972199,-0.433422,0.097959,-0.134882,0.885639,-0.818691,-0.09415,0.374084,0.425372
-0.159503,-0.070309,0.156392,0.972192,-0.433431,0.097958,-0.134964,0.885622,-0.818699,-0.094153,0.374078,0.425363
-0.159466,-0.070336,0.156354,0.972202,-0.433403,0.097944,-0.135088,0.885618,-0.818701,-0.0942,0.374049,0.425374
-0.159449,-0.070367,0.156352,0.972203,-0.433423,0.097896,-0.13517,0.885602,-0.818703,-0.094244,0.374025,0.425381
-0.159415,-0.070366,0.156345,0.97221,-0.433446,0.097827,-0.135254,0.885585,-0.818699,-0.094295,0.374026,0.425376
-0.159431,-0.070364,0.156319,0.972211,-0.433464,0.097739,-0.135352,0.885571,-0.81867,-0.094355,0.374023,0.425421
-0.159447,-0.070313,0.156313,0.972213,-0.433476,0.097696,-0.135318,0.885575,-0.818655,-0.094461,0.374038,0.425412
-0.159435,-0.070254,0.15627,0.972227,-0.433498,0.097691,-0.135215,0.88558,-0.81865,-0.094481,0.37404,0.425416
-0.159409,-0.070229,0.156214,0.972242,-0.433464,0.097725,-0.135049,0.885619,-0.818652,-0.09448,0.374025,0.425427
-0.159394,-0.070196,0.156172,0.972253,-0.433439,0.097827,-0.134928,0.885638,-0.818674,-0.094511,0.374008,0.425392
-0.159386,-0.0702,0.156204,0.972249,-0.433423,0.097933,-0.134866,0.885644,-0.8187,-0.094548,0.373997,0.425343
-0.159348,-0.070203,0.156225,0.972252,-0.433389,0.098021,-0.134793,0.885662,-0.818709,-0.09456,0.373971,0.425345
-0.159359,-0.070177,0.15627,0.972245,-0.433347,0.098133,-0.134755,0.885676,-0.81873,-0.094552,0.373936,0.425338
-0.159359,-0.070159,0.156323,0.972237,-0.433336,0.098148,-0.134747,0.88568,-0.818731,-0.094613,0.373963,0.4253
-0.159389,-0.070126,0.156349,0.972231,-0.433307,0.098104,-0.134737,0.885701,-0.818735,-0.094629,0.373997,0.425259
-0.159402,-0.070102,0.156355,0.972229,-0.433298,0.098097,-0.134798,0.885697,-0.818735,-0.094648,0.374012,0.425241
-0.159422,-0.070063,0.156329,0.972233,-0.4333,0.098046,-0.13492,0.885683,-0.818736,-0.094686,0.374035,0.425211
-0.159448,-0.070045,0.156356,0.972226,-0.433294,0.09797,-0.135022,0.885679,-0.818753,-0.094676,0.374018,0.425195
-0.159425,-0.070045,0.156367,0.972228,-0.433297,0.097901,-0.135114,0.885671,-0.818749,-0.094701,0.374023,0.425192
-0.159407,-0.07003,0.156384,0.972229,-0.4333,0.097833,-0.135235,0.885659,-0.818744,-0.0947,0.374005,0.425219
-0.159374,-0.069999,0.156366,0.972239,-0.433307,0.09787,-0.135295,0.885642,-0.818752,-0.09471,0.373997,0.425208
-0.159324,-0.070037,0.156348,0.972248,-0.433335,0.097846,-0.135399,0.885615,-0.818748,-0.094723,0.373976,0.42523
-0.159332,-0.070084,0.156358,0.972242,-0.433351,0.097872,-0.135458,0.885596,-0.818776,-0.094706,0.373947,0.425206
-0.159337,-0.070082,0.156304,0.97225,-0.433325,0.097953,-0.135532,0.885588,-0.818775,-0.094681,0.373919,0.425238
-0.159318,-0.070058,0.15623,0.972266,-0.433332,0.098023,-0.135621,0.885563,-0.818787,-0.094663,0.373884,0.42525
-0.159339,-0.070042,0.156188,0.972271,-0.43337,0.098058,-0.135634,0.885538,-0.818816,-0.094628,0.373839,0.425242
-0.159347,-0.069985,0.15614,0.972281,-0.433361,0.098071,-0.135609,0.885545,-0.818794,-0.09466,0.373862,0.425257
-0.159437,-0.069934,0.156123,0.972273,-0.433308,0.098084,-0.135474,0.885591,-0.818802,-0.094685,0.37386,0.425237
-0.159436,-0.069938,0.156128,0.972272,-0.433301,0.098111,-0.135371,0.885607,-0.818806,-0.094678,0.373839,0.425249
-0.159468,-0.069958,0.156088,0.972272,-0.433274,0.098131,-0.135225,0.88564,-0.818798,-0.094694,0.373879,0.425227
-0.15946,-0.069987,0.156113,0.972267,-0.433243,0.098128,-0.135153,0.885667,-0.818806,-0.094728,0.37388,0.425203
-0.159462,-0.070028,0.156205,0.972249,-0.433238,0.098127,-0.135167,0.885667,-0.818824,-0.094767,0.373859,0.425177
-0.159462,-0.070036,0.156218,0.972246,-0.433209,0.098156,-0.13522,0.88567,-0.81886,-0.094751,0.373838,0.42513
-0.159475,-0.070002,0.156271,0.972238,-0.43318,0.098089,-0.13515,0.885702,-0.818857,-0.09481,0.373875,0.425091
-0.159466,-0.06997,0.156334,0.972232,-0.433162,0.098033,-0.135103,0.885724,-0.818858,-0.094884,0.373867,0.425079
-0.15949,-0.069928,0.156288,0.972238,-0.43317,0.097957,-0.135027,0.88574,-0.818849,-0.094872,0.373878,0.42509
-0.159468,-0.069911,0.156297,0.972242,-0.433157,0.097902,-0.135025,0.885753,-0.818832,-0.094882,0.373919,0.425084
-0.159409,-0.069888,0.156344,0.972245,-0.433165,0.097868,-0.134953,0.885764,-0.818839,-0.09488,0.373937,0.425054
-0.159424,-0.0699,0.156366,0.972238,-0.433133,0.097831,-0.134888,0.885793,-0.818854,-0.094872,0.373929,0.425036
-0.159407,-0.069961,0.156443,0.972224,-0.433128,0.097832,-0.13487,0.885799,-0.818847,-0.094882,0.373941,0.425036
-0.159397,-0.069986,0.156492,0.972216,-0.433093,0.097849,-0.134833,0.885819,-0.818835,-0.094825,0.373985,0.425034
-0.159413,-0.069991,0.156541,0.972206,-0.433044,0.097898,-0.134817,0.88584,-0.818858,-0.094796,0.373978,0.425002
-0.159457,-0.069999,0.156624,0.972184,-0.43298,0.097959,-0.134697,0.885883,-0.81886,-0.094731,0.373967,0.425022
-0.159457,-0.07,0.15664,0.972182,-0.432957,0.097972,-0.134606,0.885907,-0.818856,-0.094665,0.373994,0.425019
-0.15937,-0.070032,0.156713,0.972182,-0.432915,0.098028,-0.134515,0.885935,-0.818859,-0.094618,0.373963,0.425052
-0.159357,-0.070065,0.156762,0.972174,-0.432925,0.098029,-0.134454,0.88594,-0.818859,-0.094583,0.373961,0.425061
-0.159349,-0.070022,0.156717,0.972185,-0.43294,0.097947,-0.134492,0.885935,-0.818855,-0.094553,0.373962,0.425074
-0.159318,-0.070052,0.156733,0.972186,-0.432957,0.097836,-0.134501,0.885938,-0.81886,-0.094505,0.373935,0.425101
-0.159276,-0.070025,0.156738,0.972194,-0.432965,0.097717,-0.134524,0.885943,-0.81884,-0.094445,0.373937,0.42515
-0.159243,-0.070053,0.156775,0.972191,-0.432914,0.097663,-0.134476,0.885982,-0.818793,-0.094472,0.373965,0.425208
-0.159205,-0.070085,0.156799,0.972191,-0.432857,0.097664,-0.1344,0.886021,-0.81877,-0.094448,0.37395,0.425271
-0.159194,-0.070143,0.156815,0.972186,-0.432799,0.097684,-0.134225,0.886073,-0.818797,-0.094389,0.373896,0.425281
-0.159123,-0.07021,0.156807,0.972194,-0.432747,0.097793,-0.134108,0.886105,-0.81881,-0.094305,0.373916,0.425257
-0.15906,-0.070299,0.15679,0.972201,-0.432688,0.097885,-0.133957,0.886146,-0.818819,-0.094243,0.373926,0.425246
-0.159049,-0.070349,0.156773,0.972202,-0.432682,0.097993,-0.13385,0.886153,-0.818829,-0.094156,0.373894,0.425274
-0.159004,-0.070361,0.156802,0.972204,-0.432718,0.097992,-0.133696,0.886159,-0.818843,-0.094127,0.373896,0.42525
-0.159012,-0.070362,0.156826,0.972199,-0.432726,0.097964,-0.133579,0.886176,-0.818846,-0.094036,0.373887,0.425272
-0.15898,-0.070409,0.156902,0.972188,-0.432738,0.09793,-0.133625,0.886167,-0.818823,-0.094012,0.373942,0.425274
-0.158946,-0.07044,0.156976,0.972179,-0.432724,0.097856,-0.133821,0.886153,-0.818822,-0.093981,0.373935,0.425289
-0.158913,-0.070468,0.157068,0.972168,-0.432705,0.097789,-0.134004,0.886141,-0.818837,-0.093923,0.373872,0.42533
-0.158923,-0.070478,0.157136,0.972155,-0.432648,0.097729,-0.134126,0.886158,-0.818869,-0.093907,0.373807,0.425328
-0.158893,-0.070481,0.157174,0.972153,-0.432594,0.097637,-0.134192,0.886184,-0.81886,-0.093896,0.373788,0.425364
-0.158895,-0.070502,0.157119,0.97216,-0.432491,0.097566,-0.134259,0.886232,-0.818849,-0.093904,0.373782,0.425387
-0.158873,-0.070454,0.157072,0.972175,-0.432397,0.097474,-0.134224,0.886293,-0.81882,-0.093927,0.373792,0.42543
-0.158852,-0.070485,0.157,0.972188,-0.432316,0.097472,-0.13424,0.886331,-0.818805,-0.093933,0.373776,0.425472
-0.158795,-0.07045,0.156884,0.972218,-0.432265,0.097484,-0.134291,0.886346,-0.818796,-0.093961,0.373768,0.42549
-0.158734,-0.070442,0.156822,0.972239,-0.432205,0.097486,-0.134356,0.886365,-0.818796,-0.093976,0.373724,0.425526
-0.158728,-0.070415,0.156776,0.972249,-0.432205,0.097471,-0.134425,0.886357,-0.818803,-0.093961,0.37369,0.425545
-0.158704,-0.070393,0.156732,0.972262,-0.432201,0.097455,-0.13449,0.886351,-0.818791,-0.093916,0.373687,0.425581
-0.158685,-0.07036,0.156649,0.972281,-0.432215,0.097424,-0.134485,0.886348,-0.818779,-0.093887,0.373677,0.425619
-0.158669,-0.070337,0.156522,0.972305,-0.432238,0.097337,-0.134443,0.886353,-0.818769,-0.093824,0.373692,0.42564
-0.158658,-0.070308,0.156431,0.972324,-0.432332,0.097276,-0.134429,0.886316,-0.818787,-0.093743,0.373665,0.425646
-0.158682,-0.070324,0.156382,0.972327,-0.432359,0.097209,-0.134484,0.886301,-0.818792,-0.09371,0.373621,0.425683
-0.158705,-0.070345,0.156414,0.972316,-0.432441,0.097172,-0.13462,0.886245,-0.818797,-0.093702,0.373631,0.425666
-0.158766,-0.070385,0.156484,0.972292,-0.432471,0.097152,-0.134731,0.886215,-0.818798,-0.093662,0.373629,0.425675
-0.158816,-0.070388,0.15652,0.972278,-0.43248,0.097112,-0.134786,0.886207,-0.818806,-0.093642,0.373619,0.425671
-0.158829,-0.070431,0.156548,0.972268,-0.432445,0.097074,-0.134814,0.886224,-0.818784,-0.093615,0.373617,0.425722
-0.158853,-0.070441,0.156564,0.972261,-0.432349,0.096995,-0.134728,0.886293,-0.818805,-0.093626,0.373622,0.425675
-0.158864,-0.07042,0.156498,0.972271,-0.432342,0.096954,-0.134735,0.8863,-0.818782,-0.09365,0.373678,0.425665
-0.15887,-0.07042,0.156433,0.972281,-0.432273,0.097002,-0.134811,0.886316,-0.818792,-0.093654,0.373679,0.425644
-0.158836,-0.070426,0.156407,0.97229,-0.432294,0.097016,-0.134869,0.886296,-0.81882,-0.093641,0.373651,0.425618
-0.158797,-0.070417,0.156386,0.972301,-0.432297,0.097006,-0.134959,0.886282,-0.818829,-0.093643,0.373649,0.425602
-0.158735,-0.070375,0.156346,0.97232,-0.432306,0.097012,-0.13499,0.886272,-0.81885,-0.09363,0.373615,0.425593
-0.158734,-0.07034,0.156263,0.972336,-0.432312,0.096926,-0.134942,0.886286,-0.818849,-0.093653,0.373586,0.425617
-0.158679,-0.070314,0.156201,0.972357,-0.432329,0.096858,-0.134933,0.886286,-0.818865,-0.093627,0.373563,0.425611
-0.158625,-0.070275,0.156173,0.972373,-0.432309,0.096821,-0.13501,0.886288,-0.818871,-0.093635,0.373574,0.425588
-0.158614,-0.070252,0.156213,0.97237,-0.432332,0.096807,-0.135132,0.88626,-0.818884,-0.093648,0.373571,0.425562
-0.158627,-0.070243,0.156217,0.972368,-0.432315,0.096758,-0.135253,0.886255,-0.818902,-0.093687,0.37351,0.425573
-0.158639,-0.070304,0.156268,0.972354,-0.432316,0.096748,-0.135317,0.886246,-0.818907,-0.093664,0.373511,0.425568
-0.158626,-0.070308,0.156323,0.972346,-0.432308,0.096739,-0.135333,0.886248,-0.818913,-0.093614,0.373518,0.425562
-0.158649,-0.070278,0.156318,0.972346,-0.432293,0.096706,-0.135277,0.886268,-0.818929,-0.093531,0.373496,0.425568
-0.158652,-0.070266,0.156336,0.972343,-0.432252,0.09671,-0.135236,0.886294,-0.818937,-0.093492,0.373493,0.425563
-0.158675,-0.070273,0.156271,0.972349,-0.432227,0.096712,-0.135215,0.886309,-0.818947,-0.09343,0.373479,0.42557
-0.158663,-0.070286,0.156285,0.972348,-0.432206,0.096654,-0.135182,0.88633,-0.818962,-0.093347,0.373504,0.425539
-0.158634,-0.070294,0.156263,0.972356,-0.43216,0.096705,-0.135159,0.886351,-0.81898,-0.093298,0.37349,0.425527
-0.158617,-0.070335,0.156315,0.972347,-0.432108,0.096713,-0.135153,0.886376,-0.818989,-0.093261,0.373476,0.42553
-0.158624,-0.070414,0.156318,0.97234,-0.432081,0.09674,-0.135199,0.886379,-0.81897,-0.093273,0.373482,0.425559
-0.158634,-0.070443,0.156306,0.972338,-0.432042,0.096694,-0.135192,0.886405,-0.818953,-0.093244,0.37346,0.425617
-0.158579,-0.070421,0.156311,0.972348,-0.43208,0.096613,-0.135232,0.886389,-0.818965,-0.093239,0.373427,0.425624
-0.158571,-0.070417,0.156332,0.972346,-0.432091,0.096599,-0.135311,0.886373,-0.818955,-0.093232,0.373449,0.425625
-0.158599,-0.070449,0.156374,0.972332,-0.432114,0.096561,-0.135372,0.886356,-0.818938,-0.093268,0.37346,0.425639
-0.158587,-0.070469,0.156333,0.97234,-0.43212,0.096464,-0.135456,0.886351,-0.818939,-0.093266,0.373468,0.425632
-0.15858,-0.070489,0.156277,0.972348,-0.432136,0.096454,-0.135601,0.886322,-0.81892,-0.09327,0.373499,0.425641
-0.158595,-0.070527,0.156185,0.972358,-0.43212,0.096476,-0.135704,0.886312,-0.818926,-0.093319,0.373491,0.425624
-0.158587,-0.070507,0.156105,0.972373,-0.432124,0.096468,-0.13574,0.886306,-0.818928,-0.093356,0.373464,0.425636
-0.158618,-0.070491,0.156036,0.972381,-0.432089,0.096502,-0.135724,0.886321,-0.818929,-0.093411,0.373496,0.425594
-0.158628,-0.070496,0.156,0.972384,-0.432046,0.096581,-0.135683,0.88634,-0.818932,-0.093478,0.373523,0.42555
-0.158653,-0.070486,0.155914,0.972395,-0.432001,0.096637,-0.135558,0.886375,-0.818945,-0.093472,0.373513,0.425535
-0.158673,-0.070447,0.155873,0.972401,-0.431973,0.096685,-0.135403,0.886407,-0.818979,-0.093449,0.373478,0.425505
-0.158643,-0.070416,0.155924,0.9724,-0.431968,0.096731,-0.13525,0.886428,-0.81898,-0.093422,0.373469,0.425518
-0.15866,-0.070392,0.155869,0.972408,-0.431989,0.096728,-0.135129,0.886436,-0.818986,-0.093382,0.373421,0.425557
-0.158668,-0.070382,0.155917,0.9724,-0.431962,0.096728,-0.135137,0.886448,-0.819027,-0.093364,0.3734,0.4255
-0.158647,-0.070365,0.156022,0.972387,-0.431985,0.096694,-0.135129,0.886442,-0.819047,-0.093321,0.373384,0.425485
-0.158649,-0.070404,0.156099,0.972372,-0.432015,0.096601,-0.135168,0.886432,-0.819063,-0.093309,0.373391,0.425451
-0.158682,-0.070449,0.156102,0.972363,-0.432059,0.096522,-0.135208,0.886413,-0.819073,-0.093251,0.373386,0.425449
-0.158684,-0.070477,0.156161,0.972351,-0.432063,0.096471,-0.135273,0.886406,-0.819076,-0.093209,0.373384,0.425454
-0.158669,-0.070524,0.156213,0.972342,-0.432066,0.096444,-0.13532,0.886401,-0.819074,-0.093141,0.373376,0.42548
-0.158707,-0.070576,0.156204,0.972333,-0.432096,0.096481,-0.135367,0.886375,-0.819101,-0.09304,0.373339,0.425482
-0.158665,-0.070552,0.156191,0.972344,-0.432154,0.096478,-0.135366,0.886347,-0.819104,-0.09298,0.373339,0.425489
-0.158656,-0.070606,0.156231,0.972335,-0.432221,0.096436,-0.135366,0.886319,-0.819088,-0.093021,0.373321,0.425527
-0.15868,-0.070632,0.156197,0.972334,-0.43225,0.096353,-0.135448,0.886301,-0.819095,-0.093032,0.373291,0.425538
-0.158663,-0.070699,0.156149,0.97234,-0.432285,0.096285,-0.135523,0.88628,-0.819091,-0.093045,0.373306,0.42553
-0.158656,-0.070692,0.156122,0.972346,-0.432301,0.096284,-0.135579,0.886264,-0.819079,-0.093052,0.373327,0.425531
-0.158654,-0.07075,0.156061,0.972352,-0.432293,0.096266,-0.135496,0.886282,-0.819075,-0.093068,0.373295,0.425564
-0.158658,-0.070732,0.156032,0.972357,-0.43223,0.096317,-0.135336,0.886332,-0.81907,-0.093034,0.373249,0.425623
-0.158669,-0.070782,0.156042,0.97235,-0.432167,0.096377,-0.135123,0.886388,-0.819088,-0.092995,0.373232,0.425611
-0.158679,-0.070805,0.156075,0.972341,-0.432149,0.096491,-0.134917,0.886416,-0.819106,-0.092943,0.373221,0.425596
-0.158655,-0.070826,0.156144,0.972333,-0.432103,0.096625,-0.134724,0.886454,-0.819134,-0.092895,0.373201,0.425572
-0.158611,-0.070821,0.156129,0.972343,-0.432093,0.096758,-0.134558,0.886469,-0.819108,-0.092892,0.373214,0.425611
-0.158604,-0.070816,0.15624,0.972327,-0.432049,0.096844,-0.134467,0.886495,-0.819097,-0.092874,0.373253,0.425602
-0.158611,-0.070824,0.156314,0.972313,-0.432032,0.096798,-0.134453,0.88651,-0.819098,-0.092889,0.373218,0.425628
-0.15857,-0.070766,0.156414,0.972308,-0.432032,0.096793,-0.134445,0.886512,-0.819109,-0.092904,0.373265,0.425561
-0.158533,-0.070753,0.15648,0.972304,-0.43203,0.096747,-0.13452,0.886507,-0.819091,-0.09294,0.373327,0.425535
-0.158512,-0.070723,0.156473,0.972311,-0.432044,0.09664,-0.13462,0.886497,-0.819099,-0.092955,0.373309,0.425532
-0.158525,-0.070776,0.156513,0.972298,-0.432025,0.096564,-0.134711,0.8865,-0.819093,-0.092929,0.373282,0.425571
-0.158534,-0.070756,0.156485,0.972303,-0.431967,0.096516,-0.134778,0.886524,-0.819087,-0.092948,0.373281,0.42558
-0.1585,-0.070771,0.156506,0.972304,-0.431934,0.096421,-0.134779,0.88655,-0.819087,-0.092951,0.373291,0.425572
-0.158557,-0.070779,0.156451,0.972303,-0.431924,0.096393,-0.134821,0.886551,-0.819073,-0.092958,0.373317,0.425573
-0.158587,-0.070734,0.156417,0.972307,-0.431938,0.096374,-0.134853,0.886542,-0.819055,-0.092976,0.373325,0.425597
-0.15859,-0.070782,0.156402,0.972305,-0.431954,0.09643,-0.134837,0.88653,-0.819019,-0.092999,0.373359,0.425632
-0.158551,-0.070769,0.156373,0.972317,-0.43198,0.096479,-0.134867,0.886508,-0.818991,-0.093036,0.373373,0.425665
-0.158513,-0.070709,0.156343,0.972333,-0.431991,0.096506,-0.134835,0.886504,-0.818976,-0.093057,0.373377,0.425687
-0.158539,-0.070701,0.156321,0.972333,-0.431967,0.096556,-0.134702,0.886531,-0.818973,-0.093076,0.373398,0.42567
-0.158575,-0.070619,0.156257,0.972343,-0.431943,0.09656,-0.134583,0.88656,-0.818974,-0.093092,0.373381,0.425678
-0.15863,-0.070598,0.156221,0.972341,-0.4319,0.096472,-0.134516,0.886601,-0.818976,-0.093092,0.373365,0.425689
-0.158658,-0.070567,0.156238,0.972336,-0.431882,0.096444,-0.134492,0.886616,-0.818984,-0.093037,0.373366,0.425684
-0.158649,-0.070562,0.156251,0.972336,-0.431867,0.096409,-0.134585,0.886613,-0.818968,-0.093041,0.373365,0.425715
-0.158633,-0.070532,0.156335,0.972327,-0.431913,0.096403,-0.134756,0.886565,-0.81897,-0.093015,0.373385,0.4257
-0.158543,-0.07054,0.156474,0.972319,-0.431927,0.096426,-0.134921,0.886531,-0.818958,-0.093014,0.373369,0.425737
-0.158535,-0.070588,0.156562,0.972302,-0.431975,0.096388,-0.134981,0.886503,-0.818954,-0.093055,0.373389,0.425718
-0.158529,-0.070587,0.156536,0.972308,-0.431983,0.096354,-0.134974,0.886504,-0.818937,-0.093072,0.373412,0.425727
-0.158531,-0.070599,0.156501,0.972312,-0.431971,0.096296,-0.134905,0.886526,-0.818884,-0.093107,0.373462,0.425777
-0.158532,-0.070619,0.156454,0.972318,-0.43195,0.096243,-0.134863,0.886549,-0.818837,-0.093179,0.373529,0.425793
-0.158519,-0.07059,0.156443,0.972324,-0.431955,0.096254,-0.134898,0.88654,-0.818835,-0.093207,0.373517,0.4258
-0.158502,-0.070577,0.156439,0.972328,-0.431943,0.096277,-0.134949,0.886535,-0.818837,-0.09322,0.373517,0.425794
-0.158488,-0.070578,0.156352,0.972345,-0.431941,0.096311,-0.134965,0.88653,-0.818836,-0.093173,0.373545,0.425783
-0.158482,-0.070534,0.156288,0.972359,-0.43194,0.096331,-0.1349,0.886538,-0.818826,-0.093181,0.373578,0.425771
-0.158498,-0.070515,0.156282,0.972359,-0.43198,0.096354,-0.134846,0.886525,-0.818821,-0.093186,0.373572,0.425785
-0.158485,-0.070505,0.156246,0.972367,-0.431994,0.096341,-0.134714,0.886539,-0.818825,-0.093188,0.373547,0.425798
-0.158473,-0.070532,0.156225,0.972371,-0.431966,0.096353,-0.134576,0.886573,-0.818837,-0.093148,0.373575,0.425759
-0.158446,-0.070493,0.156239,0.972376,-0.431925,0.096392,-0.134459,0.886606,-0.818842,-0.093138,0.373585,0.425744
-0.158454,-0.070477,0.15632,0.972363,-0.431877,0.096398,-0.134391,0.886639,-0.818844,-0.093169,0.373579,0.425737
-0.158434,-0.070506,0.156398,0.972351,-0.431873,0.096461,-0.134394,0.886634,-0.818858,-0.093131,0.373573,0.425723
-0.158458,-0.070506,0.156484,0.972334,-0.431848,0.096505,-0.134478,0.886628,-0.818866,-0.093104,0.373573,0.425715
-0.158491,-0.070534,0.156582,0.97231,-0.431852,0.096524,-0.134636,0.8866,-0.818891,-0.093063,0.373523,0.425721
-0.158511,-0.070588,0.156616,0.972298,-0.431879,0.096435,-0.134758,0.886578,-0.818883,-0.093063,0.373494,0.42576
-0.158544,-0.070547,0.156584,0.972301,-0.431914,0.096347,-0.134887,0.886551,-0.818897,-0.093121,0.37346,0.425752
-0.158502,-0.070519,0.15655,0.972315,-0.43195,0.096284,-0.134985,0.886526,-0.818908,-0.093175,0.373441,0.425736
-0.158509,-0.070485,0.156434,0.972335,-0.431984,0.096195,-0.13502,0.886513,-0.818886,-0.093203,0.373455,0.425758
-0.158495,-0.07044,0.156365,0.972351,-0.432052,0.096213,-0.135007,0.88648,-0.818889,-0.093226,0.373475,0.42573
-0.158489,-0.070443,0.156262,0.972369,-0.432087,0.096244,-0.135024,0.886457,-0.818888,-0.093232,0.373475,0.42573
-0.158459,-0.070444,0.156232,0.972378,-0.432069,0.096318,-0.135145,0.88644,-0.818873,-0.093242,0.373477,0.425755
-0.15845,-0.070389,0.156221,0.972386,-0.432076,0.096456,-0.135232,0.886408,-0.818876,-0.093289,0.373458,0.425757
-0.158445,-0.070357,0.156173,0.972397,-0.432078,0.096509,-0.135216,0.886404,-0.818859,-0.093302,0.373457,0.425787
-0.158455,-0.070367,0.156137,0.9724,-0.432078,0.096566,-0.135141,0.886409,-0.818811,-0.093354,0.373509,0.425823
-0.158464,-0.070361,0.156066,0.97241,-0.432073,0.096623,-0.135056,0.886418,-0.818793,-0.093443,0.373533,0.425817
-0.158498,-0.070344,0.15605,0.972408,-0.4321,0.096679,-0.135011,0.886406,-0.818794,-0.093459,0.373531,0.425813
-0.15852,-0.070335,0.15603,0.972409,-0.432131,0.096681,-0.135039,0.886386,-0.818778,-0.09354,0.37352,0.425836
-0.158491,-0.070326,0.156004,0.972418,-0.432103,0.096707,-0.135144,0.886381,-0.818754,-0.093585,0.373581,0.425817
-0.158523,-0.070316,0.156024,0.972411,-0.432045,0.096726,-0.13531,0.886382,-0.818756,-0.093597,0.373583,0.42581
-0.158539,-0.070348,0.15605,0.972402,-0.432087,0.096687,-0.135437,0.886346,-0.818731,-0.093681,0.373596,0.425827
-0.158547,-0.070291,0.156069,0.972401,-0.432033,0.09668,-0.135456,0.88637,-0.818726,-0.093688,0.373549,0.425877
-0.158517,-0.070251,0.156002,0.97242,-0.431985,0.096637,-0.13535,0.886414,-0.818717,-0.093683,0.373511,0.425929
-0.158496,-0.070219,0.155901,0.972442,-0.431987,0.096622,-0.135232,0.886433,-0.818718,-0.093636,0.373464,0.425979
-0.158554,-0.070179,0.155827,0.972447,-0.431984,0.096664,-0.135145,0.886443,-0.818731,-0.093635,0.373433,0.425983
-0.158544,-0.070132,0.155855,0.972448,-0.431997,0.096705,-0.135,0.886454,-0.818737,-0.093589,0.373413,0.425998
-0.158575,-0.070123,0.155891,0.972437,-0.432052,0.09673,-0.134932,0.886435,-0.818727,-0.093552,0.373429,0.42601
-0.158571,-0.070123,0.155939,0.97243,-0.432086,0.096693,-0.134929,0.886423,-0.818748,-0.093511,0.373403,0.426002
-0.158538,-0.070129,0.155968,0.972431,-0.432044,0.09667,-0.134927,0.886447,-0.818735,-0.093468,0.373411,0.426029
-0.158529,-0.070106,0.15602,0.972425,-0.43206,0.096672,-0.134935,0.886437,-0.818731,-0.093446,0.373394,0.426056
-0.158559,-0.070039,0.156051,0.97242,-0.432099,0.096669,-0.134877,0.886427,-0.81872,-0.093394,0.373416,0.426069
-0.158575,-0.070047,0.156074,0.972414,-0.432103,0.096688,-0.134825,0.886431,-0.818727,-0.093334,0.373401,0.426084
-0.158635,-0.070079,0.15608,0.972401,-0.432106,0.096769,-0.134827,0.88642,-0.818724,-0.093284,0.373443,0.426063
-0.158618,-0.070084,0.156128,0.972395,-0.432091,0.096716,-0.134811,0.886436,-0.818731,-0.093222,0.373446,0.42606
-0.158608,-0.070102,0.156128,0.972396,-0.432097,0.096687,-0.134862,0.886429,-0.818735,-0.093201,0.37344,0.426063
-0.158586,-0.070119,0.156174,0.972391,-0.432066,0.096651,-0.134903,0.886442,-0.818716,-0.093186,0.373459,0.426085
-0.15855,-0.070196,0.156177,0.97239,-0.432025,0.096639,-0.134996,0.886449,-0.818724,-0.093184,0.373448,0.426081
-0.158543,-0.070199,0.156171,0.972392,-0.431985,0.096656,-0.134962,0.886472,-0.818719,-0.093215,0.373451,0.42608
-0.158547,-0.070199,0.156168,0.972392,-0.431971,0.096641,-0.13493,0.886485,-0.818707,-0.093214,0.373459,0.426097
-0.158518,-0.07021,0.156117,0.972404,-0.431977,0.09666,-0.134894,0.886485,-0.818703,-0.093223,0.373436,0.426123
-0.158548,-0.070202,0.156035,0.972413,-0.431949,0.096712,-0.13486,0.886499,-0.818686,-0.093242,0.373441,0.426148
-0.158488,-0.070216,0.155993,0.972429,-0.431975,0.096689,-0.134818,0.886495,-0.818693,-0.093224,0.373427,0.426149
-0.158436,-0.070215,0.155922,0.972448,-0.432006,0.096663,-0.134725,0.886497,-0.818707,-0.093177,0.373417,0.426142
-0.158387,-0.070214,0.155926,0.972456,-0.432048,0.096646,-0.13474,0.886476,-0.818738,-0.093133,0.37341,0.426098
-0.158406,-0.070231,0.155949,0.972448,-0.432051,0.096653,-0.134797,0.886465,-0.818768,-0.093095,0.3734,0.426058
-0.158404,-0.070212,0.155986,0.972444,-0.432084,0.096612,-0.134828,0.886449,-0.818779,-0.093082,0.373381,0.426055
-0.158383,-0.07018,0.156057,0.972438,-0.432141,0.096519,-0.134924,0.886416,-0.818763,-0.093083,0.373424,0.426048
-0.158345,-0.070215,0.156165,0.972424,-0.432156,0.096486,-0.134933,0.886411,-0.818781,-0.093071,0.373411,0.426028
-0.158356,-0.070259,0.156259,0.972404,-0.432093,0.096482,-0.134896,0.886448,-0.818792,-0.093081,0.373429,0.425988
-0.158353,-0.07034,0.156283,0.972395,-0.432083,0.096526,-0.134827,0.886458,-0.818795,-0.09309,0.373457,0.425956
-0.158326,-0.070336,0.156277,0.972401,-0.432045,0.096603,-0.134671,0.886492,-0.8188,-0.093107,0.37346,0.425941
-0.158346,-0.070298,0.156251,0.972404,-0.43204,0.096634,-0.134538,0.886512,-0.818807,-0.093104,0.373482,0.425909
-0.158326,-0.070345,0.156251,0.972404,-0.432018,0.096701,-0.134465,0.886526,-0.81882,-0.093126,0.373496,0.425866
-0.158335,-0.07033,0.156342,0.972389,-0.432016,0.096738,-0.134465,0.886523,-0.818814,-0.093113,0.37349,0.425886
-0.1583,-0.07036,0.156349,0.972392,-0.432025,0.096736,-0.134409,0.886527,-0.818788,-0.093131,0.373505,0.425919
-0.158299,-0.07033,0.15641,0.972384,-0.432013,0.096736,-0.134424,0.886531,-0.818784,-0.09314,0.373514,0.425918
-0.158333,-0.070303,0.156474,0.97237,-0.432037,0.096685,-0.134355,0.886535,-0.818814,-0.093147,0.373494,0.425876
-0.158338,-0.070279,0.156457,0.972374,-0.432041,0.096627,-0.134387,0.886535,-0.818832,-0.093138,0.373488,0.425847
-0.158302,-0.070239,0.156429,0.972387,-0.432066,0.096546,-0.134352,0.886537,-0.818837,-0.093113,0.373461,0.425868
-0.15828,-0.070239,0.156446,0.972388,-0.432099,0.096533,-0.134348,0.886523,-0.818857,-0.093123,0.373444,0.425841
-0.158327,-0.070285,0.156452,0.972376,-0.432142,0.09655,-0.134433,0.886487,-0.818885,-0.093136,0.373392,0.425831
-0.158339,-0.070316,0.156525,0.97236,-0.432185,0.096553,-0.134567,0.886446,-0.81888,-0.093192,0.373396,0.425824
-0.158349,-0.070322,0.156611,0.972344,-0.432225,0.096558,-0.134672,0.886409,-0.818861,-0.093162,0.373378,0.425883
-0.158317,-0.07031,0.156624,0.972348,-0.432172,0.096589,-0.134746,0.88642,-0.81885,-0.093224,0.373404,0.425868
-0.158305,-0.070318,0.156646,0.972346,-0.432187,0.096652,-0.134778,0.886402,-0.818875,-0.093208,0.373367,0.425857
-0.158335,-0.070285,0.156601,0.972351,-0.432166,0.096671,-0.134769,0.886411,-0.818885,-0.093262,0.373374,0.425819
-0.158334,-0.070227,0.156572,0.97236,-0.432116,0.09674,-0.134751,0.886431,-0.818883,-0.093314,0.373402,0.425786
-0.158352,-0.07022,0.15651,0.972367,-0.432087,0.096792,-0.134725,0.886443,-0.818893,-0.0933,0.373388,0.425783
-0.158265,-0.070203,0.156448,0.972393,-0.43207,0.096828,-0.134569,0.886471,-0.818908,-0.093284,0.373364,0.425778
-0.158225,-0.070179,0.156401,0.972409,-0.432087,0.096874,-0.134449,0.886476,-0.818921,-0.093266,0.373371,0.425751
-0.158222,-0.070109,0.156448,0.972407,-0.432128,0.096945,-0.134355,0.886463,-0.818942,-0.093199,0.373376,0.425721
-0.158218,-0.070104,0.156461,0.972405,-0.43214,0.096971,-0.134328,0.886458,-0.81896,-0.093108,0.373355,0.425723
-0.1582,-0.070126,0.156499,0.972401,-0.432215,0.097004,-0.134407,0.886406,-0.81897,-0.093069,0.373392,0.425682
-0.158184,-0.070099,0.156616,0.972386,-0.432257,0.096962,-0.134479,0.886379,-0.818963,-0.093029,0.373414,0.425685
-0.158212,-0.070107,0.156735,0.972362,-0.432322,0.096895,-0.134616,0.886334,-0.818964,-0.093087,0.373422,0.425662
-0.158224,-0.070143,0.156778,0.972351,-0.43231,0.096811,-0.134789,0.886322,-0.818963,-0.093084,0.373453,0.425637
-0.158251,-0.070177,0.156793,0.972341,-0.432333,0.096756,-0.134901,0.8863,-0.818978,-0.093089,0.373425,0.425634
-0.158283,-0.070146,0.156806,0.972336,-0.432293,0.096725,-0.134966,0.886313,-0.818996,-0.09311,0.373393,0.425622
-0.158299,-0.070154,0.156838,0.972328,-0.432281,0.096702,-0.134967,0.886321,-0.818967,-0.093171,0.373417,0.425642
-0.158302,-0.070153,0.156775,0.972338,-0.432232,0.096677,-0.135013,0.886341,-0.81897,-0.093198,0.373422,0.425628
-0.158303,-0.070117,0.15666,0.972359,-0.432209,0.096666,-0.135077,0.886344,-0.818952,-0.093234,0.373426,0.425651
-0.158272,-0.070099,0.156524,0.972387,-0.432207,0.096685,-0.135062,0.886345,-0.818958,-0.093272,0.373396,0.425656
-0.158275,-0.07009,0.156424,0.972403,-0.432222,0.096663,-0.13499,0.886351,-0.818942,-0.093293,0.373437,0.425647
-0.158266,-0.070097,0.156346,0.972417,-0.432263,0.096647,-0.134912,0.886344,-0.818939,-0.093279,0.373479,0.425619
-0.158232,-0.070125,0.156309,0.972426,-0.432286,0.096626,-0.134865,0.886343,-0.818946,-0.093278,0.373504,0.425583
-0.158252,-0.070116,0.156389,0.972411,-0.432337,0.096622,-0.134861,0.886319,-0.818918,-0.093342,0.37355,0.425583
-0.158264,-0.070079,0.156402,0.972409,-0.432358,0.096672,-0.134983,0.886285,-0.818917,-0.093384,0.373547,0.425579
-0.158341,-0.070059,0.156473,0.972387,-0.432378,0.09666,-0.135161,0.886249,-0.818911,-0.093413,0.373509,0.425616
-0.158372,-0.070033,0.156553,0.972371,-0.43241,0.09663,-0.135343,0.886209,-0.818905,-0.093481,0.373508,0.425616
-0.158409,-0.069984,0.156622,0.972357,-0.432431,0.096622,-0.135517,0.886173,-0.818898,-0.093481,0.373502,0.425633
-0.158389,-0.069992,0.15655,0.972371,-0.432433,0.096587,-0.135642,0.886157,-0.818901,-0.093514,0.373512,0.425611
-0.158422,-0.070012,0.156498,0.972373,-0.432375,0.096537,-0.135687,0.886184,-0.818924,-0.093497,0.373505,0.425576
-0.158427,-0.070001,0.156358,0.972395,-0.432344,0.096526,-0.135789,0.886184,-0.818906,-0.093507,0.373523,0.425595
-0.158411,-0.070016,0.156269,0.972411,-0.432329,0.096504,-0.135885,0.88618,-0.818906,-0.093542,0.373498,0.425607
-0.158355,-0.069911,0.156181,0.972442,-0.432283,0.096576,-0.136003,0.886176,-0.81888,-0.093615,0.373487,0.425652
-0.158358,-0.069875,0.156028,0.972469,-0.432263,0.096645,-0.135995,0.886179,-0.818872,-0.093673,0.373483,0.425657
-0.158351,-0.069809,0.155891,0.972497,-0.432312,0.096668,-0.136027,0.886148,-0.818873,-0.093698,0.373508,0.425629
-0.158316,-0.069751,0.155809,0.97252,-0.432382,0.096721,-0.136176,0.886085,-0.818862,-0.093702,0.373563,0.4256
-0.158316,-0.069692,0.155778,0.972529,-0.432465,0.096719,-0.136448,0.886003,-0.818857,-0.093694,0.373572,0.425604
-0.158331,-0.069697,0.155744,0.972531,-0.432542,0.096672,-0.136777,0.88592,-0.818875,-0.093708,0.373519,0.425612
-0.158317,-0.069679,0.155762,0.972532,-0.432635,0.096608,-0.137157,0.885822,-0.818893,-0.093723,0.373518,0.425576
-0.158317,-0.069648,0.155739,0.972538,-0.432766,0.096519,-0.137667,0.885689,-0.818901,-0.093714,0.37354,0.425542
-0.158358,-0.069693,0.155689,0.972536,-0.432631,0.096552,-0.13822,0.885665,-0.81891,-0.09375,0.373524,0.425532
-0.158304,-0.0697,0.155567,0.972564,-0.432573,0.09647,-0.13849,0.885661,-0.818911,-0.093783,0.373528,0.425519
-0.158184,-0.069902,0.155299,0.972612,-0.432535,0.096387,-0.138513,0.885685,-0.818916,-0.09375,0.373527,0.425518
-0.158167,-0.069831,0.154941,0.972677,-0.432473,0.096406,-0.138322,0.885743,-0.818918,-0.093683,0.373487,0.425564
-0.158173,-0.069814,0.15491,0.972682,-0.432474,0.096363,-0.138173,0.88577,-0.818873,-0.093572,0.37345,0.425707
-0.158096,-0.069887,0.154611,0.972737,-0.432475,0.096374,-0.138092,0.885781,-0.81884,-0.093491,0.373365,0.425863
-0.158105,-0.069762,0.154616,0.972744,-0.432444,0.096354,-0.138106,0.885796,-0.8188,-0.093433,0.373366,0.425952
-0.158086,-0.069719,0.154532,0.972763,-0.432446,0.096386,-0.1381,0.885793,-0.818789,-0.09342,0.373353,0.425986
-0.158079,-0.069687,0.154447,0.97278,-0.432511,0.096459,-0.138018,0.885766,-0.818833,-0.093466,0.373331,0.425911
-0.158056,-0.06969,0.154476,0.972779,-0.432504,0.096552,-0.137868,0.885782,-0.818875,-0.093487,0.373307,0.425848
-0.158029,-0.069734,0.154484,0.972779,-0.432562,0.096626,-0.13775,0.885764,-0.818888,-0.093532,0.373325,0.425797
-0.157989,-0.069738,0.154447,0.972791,-0.432573,0.096716,-0.13761,0.885771,-0.818877,-0.093526,0.373329,0.425816
-0.15797,-0.069717,0.154474,0.972791,-0.432601,0.096792,-0.137502,0.885766,-0.818885,-0.093522,0.373275,0.425849
-0.158015,-0.069738,0.1545,0.972778,-0.432635,0.096796,-0.137497,0.88575,-0.818871,-0.093495,0.373287,0.425871
-0.157993,-0.069742,0.154528,0.972777,-0.432674,0.096741,-0.137597,0.885721,-0.818897,-0.09348,0.373284,0.425826
-0.157989,-0.069685,0.154614,0.972768,-0.432691,0.096742,-0.137738,0.88569,-0.818891,-0.093487,0.373312,0.425813
-0.158014,-0.06972,0.154625,0.97276,-0.432643,0.096632,-0.137917,0.885698,-0.818899,-0.093477,0.373262,0.425842
-0.158033,-0.069726,0.154662,0.97275,-0.432698,0.096512,-0.138065,0.885661,-0.818867,-0.093515,0.37328,0.425879
-0.158047,-0.069726,0.15463,0.972753,-0.432709,0.096391,-0.138186,0.88565,-0.818865,-0.093575,0.373255,0.425893
-0.15806,-0.069719,0.154586,0.972759,-0.43269,0.096274,-0.138283,0.885657,-0.818838,-0.093622,0.373272,0.42592
-0.158082,-0.069728,0.154557,0.972759,-0.432712,0.096197,-0.13824,0.885662,-0.818836,-0.093641,0.373281,0.425912
-0.158104,-0.069714,0.154497,0.972766,-0.432721,0.096221,-0.138208,0.88566,-0.818834,-0.093668,0.373332,0.425864
-0.158073,-0.06973,0.154445,0.972778,-0.432765,0.09627,-0.138159,0.88564,-0.818831,-0.093734,0.373349,0.425842
-0.158027,-0.069762,0.154357,0.972797,-0.432766,0.096333,-0.138044,0.885651,-0.818805,-0.093787,0.373378,0.425855
-0.158025,-0.069786,0.154297,0.972805,-0.432756,0.096429,-0.137851,0.885675,-0.818799,-0.093871,0.373392,0.425835
-0.158069,-0.069815,0.154327,0.972791,-0.4327,0.096567,-0.137672,0.885716,-0.818776,-0.093985,0.373402,0.425845
-0.158116,-0.069812,0.154329,0.972784,-0.432665,0.096668,-0.137581,0.885736,-0.818751,-0.094046,0.37341,0.425873
-0.158122,-0.069795,0.154351,0.97278,-0.432625,0.09675,-0.137514,0.885756,-0.818764,-0.09405,0.373387,0.425866
-0.158144,-0.069759,0.154356,0.972779,-0.432611,0.096809,-0.137478,0.885763,-0.818761,-0.094086,0.373371,0.425878
-0.158169,-0.069687,0.154374,0.972777,-0.432583,0.096823,-0.137421,0.885784,-0.818771,-0.094091,0.373352,0.425875
-0.158163,-0.069616,0.154419,0.972776,-0.432598,0.096773,-0.13742,0.885782,-0.818751,-0.09411,0.373334,0.425925
-0.158134,-0.069542,0.154408,0.972788,-0.432655,0.096741,-0.137426,0.885757,-0.818769,-0.094132,0.373285,0.42593
-0.158102,-0.069491,0.154391,0.972799,-0.432704,0.096642,-0.13745,0.88574,-0.818793,-0.094125,0.373243,0.425921
-0.15811,-0.069455,0.154355,0.972806,-0.432725,0.09655,-0.137551,0.885724,-0.818786,-0.094175,0.373232,0.425932
-0.158099,-0.069411,0.154362,0.97281,-0.432759,0.096509,-0.137713,0.885687,-0.818783,-0.094203,0.373211,0.42595
-0.158101,-0.06942,0.154366,0.972808,-0.432773,0.096488,-0.137846,0.885661,-0.818777,-0.094284,0.373248,0.425912
-0.158108,-0.069438,0.154345,0.972809,-0.432737,0.096461,-0.137969,0.885662,-0.818741,-0.094357,0.373285,0.425933
-0.158134,-0.069517,0.154343,0.9728,-0.43268,0.096526,-0.138043,0.885672,-0.818752,-0.094421,0.3733,0.425883
-0.158115,-0.069494,0.154346,0.972804,-0.432651,0.096657,-0.137985,0.885681,-0.818717,-0.094466,0.373329,0.425915
-0.158125,-0.069504,0.154285,0.972811,-0.43262,0.096788,-0.137969,0.885684,-0.818704,-0.094515,0.373331,0.425928
-0.158109,-0.069442,0.154185,0.972834,-0.432563,0.096915,-0.137873,0.885713,-0.818715,-0.094551,0.373311,0.425916
-0.15812,-0.06937,0.154073,0.972855,-0.432534,0.097031,-0.137715,0.885739,-0.818718,-0.094512,0.373273,0.425953
-0.158142,-0.069362,0.154041,0.972857,-0.432528,0.097118,-0.137545,0.885759,-0.818725,-0.094506,0.37327,0.425942
-0.158098,-0.06933,0.154041,0.972867,-0.432495,0.097116,-0.137407,0.885797,-0.818755,-0.094446,0.373233,0.425932
-0.158059,-0.069331,0.154094,0.972865,-0.432528,0.097129,-0.137301,0.885796,-0.818771,-0.094436,0.373184,0.425945
-0.158061,-0.069328,0.154182,0.972851,-0.432587,0.097086,-0.137347,0.885765,-0.818791,-0.094417,0.373187,0.425908
-0.158064,-0.069328,0.154267,0.972837,-0.432626,0.097032,-0.137493,0.885729,-0.818812,-0.094401,0.37319,0.42587
-0.158094,-0.069326,0.154333,0.972821,-0.432663,0.096892,-0.137702,0.885694,-0.818833,-0.094416,0.373161,0.42585
-0.158112,-0.069365,0.154377,0.972809,-0.432685,0.096695,-0.137891,0.885675,-0.818849,-0.094432,0.373136,0.425839
-0.158083,-0.069372,0.154451,0.972801,-0.432674,0.096483,-0.138029,0.885682,-0.818819,-0.094401,0.373135,0.425904
-0.158092,-0.069405,0.154457,0.972796,-0.43269,0.096336,-0.138135,0.885674,-0.818834,-0.094438,0.373099,0.425899
-0.158084,-0.069464,0.154397,0.972803,-0.432685,0.096209,-0.138108,0.885694,-0.818814,-0.094436,0.373109,0.425929
-0.158118,-0.069485,0.154342,0.972805,-0.43271,0.096143,-0.138046,0.885699,-0.818791,-0.094419,0.373147,0.425944
-0.158128,-0.069533,0.154283,0.972809,-0.432685,0.096152,-0.137954,0.885724,-0.818773,-0.094383,0.373192,0.425948
-0.158129,-0.069648,0.154279,0.972801,-0.432648,0.096195,-0.13792,0.885743,-0.818746,-0.094349,0.373233,0.425971
-0.158134,-0.069648,0.154279,0.9728,-0.432656,0.096334,-0.137802,0.885742,-0.818725,-0.094351,0.37324,0.426004
-0.15811,-0.069671,0.154312,0.972798,-0.432625,0.096452,-0.137751,0.885752,-0.818719,-0.094344,0.37324,0.426016
-0.158133,-0.069627,0.15431,0.972797,-0.432647,0.096573,-0.137637,0.885746,-0.81872,-0.094347,0.373207,0.426044
-0.158131,-0.069616,0.154306,0.972799,-0.432675,0.096669,-0.137561,0.885734,-0.818706,-0.09439,0.373173,0.42609
-0.158154,-0.069635,0.154305,0.972794,-0.432713,0.096735,-0.137473,0.885722,-0.818738,-0.09439,0.373117,0.426079
-0.158161,-0.069639,0.154295,0.972794,-0.432751,0.096805,-0.137401,0.885706,-0.818731,-0.094375,0.373162,0.426055
-0.158187,-0.069653,0.154312,0.972786,-0.432792,0.096787,-0.137323,0.885701,-0.818703,-0.094357,0.373163,0.426112
-0.158202,-0.069661,0.154345,0.972778,-0.432797,0.09679,-0.137401,0.885686,-0.81868,-0.094373,0.373161,0.426154
-0.158254,-0.069747,0.15445,0.972747,-0.432811,0.096734,-0.13751,0.885669,-0.818712,-0.094337,0.373136,0.426122
-0.158298,-0.0698,0.154504,0.972727,-0.432813,0.096682,-0.137817,0.885625,-0.818733,-0.094334,0.373137,0.426082
-0.158302,-0.069838,0.154605,0.972708,-0.432762,0.096608,-0.138062,0.88562,-0.81875,-0.094352,0.373147,0.426037
-0.158304,-0.069842,0.154649,0.9727,-0.432702,0.096529,-0.138257,0.885627,-0.818746,-0.094351,0.373101,0.426085
-0.158288,-0.069885,0.154624,0.972704,-0.432653,0.096458,-0.138322,0.885649,-0.818761,-0.094347,0.373082,0.426075
-0.158297,-0.069895,0.154531,0.972716,-0.432579,0.096354,-0.138377,0.885688,-0.818776,-0.094303,0.373063,0.426071
-0.158284,-0.069875,0.154446,0.972733,-0.432576,0.096276,-0.138359,0.885701,-0.818777,-0.094261,0.373043,0.426095
-0.158243,-0.069881,0.154345,0.972756,-0.432564,0.096211,-0.138371,0.885712,-0.818783,-0.094231,0.373092,0.426048
-0.158223,-0.069867,0.154258,0.972773,-0.432578,0.096213,-0.138333,0.885711,-0.818794,-0.094181,0.37307,0.426058
-0.158145,-0.069882,0.154235,0.972789,-0.432586,0.096194,-0.138249,0.885722,-0.818837,-0.094123,0.373029,0.426023
-0.158141,-0.069884,0.154225,0.972791,-0.432638,0.096211,-0.138149,0.88571,-0.818846,-0.094112,0.373032,0.426005
-0.158159,-0.069918,0.154254,0.972781,-0.43263,0.09632,-0.138072,0.885714,-0.81885,-0.094132,0.373051,0.425978
-0.158155,-0.069945,0.15426,0.972779,-0.432641,0.096478,-0.137989,0.885705,-0.818853,-0.094052,0.373025,0.426012
-0.158192,-0.06997,0.154351,0.972756,-0.43266,0.09659,-0.137996,0.885682,-0.81885,-0.093993,0.373051,0.426008
-0.158187,-0.069996,0.15445,0.97274,-0.432673,0.096677,-0.138099,0.88565,-0.818834,-0.094006,0.373061,0.426027
-0.158181,-0.070018,0.154458,0.972738,-0.432676,0.096663,-0.138161,0.885641,-0.818828,-0.094015,0.373056,0.426042
-0.158157,-0.070018,0.154489,0.972737,-0.432599,0.096616,-0.138214,0.885675,-0.8188,-0.094051,0.373061,0.426083
-0.158138,-0.070039,0.154545,0.97273,-0.432553,0.096542,-0.138214,0.885706,-0.818791,-0.094075,0.373045,0.426109
-0.158149,-0.07006,0.154464,0.972739,-0.432545,0.096439,-0.138112,0.885737,-0.818778,-0.094094,0.373034,0.42614
-0.158148,-0.070068,0.154414,0.972746,-0.432468,0.096422,-0.137989,0.885795,-0.818747,-0.094134,0.373021,0.426202
-0.158164,-0.070065,0.154401,0.972746,-0.432447,0.096465,-0.137855,0.885821,-0.818728,-0.094154,0.37301,0.426243
-0.158153,-0.070088,0.154329,0.972758,-0.43239,0.096542,-0.137776,0.885853,-0.818688,-0.094157,0.37302,0.426311
-0.158114,-0.070055,0.154319,0.972768,-0.432365,0.096637,-0.13768,0.88587,-0.818723,-0.094124,0.372984,0.426283
-0.158074,-0.070077,0.154267,0.972781,-0.432382,0.096691,-0.137695,0.885854,-0.818734,-0.094109,0.372967,0.42628
-0.15804,-0.07006,0.154236,0.972793,-0.432424,0.096713,-0.137745,0.885823,-0.818742,-0.094067,0.372953,0.426286
-0.158007,-0.070026,0.154239,0.9728,-0.432489,0.09672,-0.13788,0.88577,-0.818709,-0.094083,0.372948,0.42635
-0.158064,-0.070002,0.154275,0.972787,-0.432583,0.09671,-0.138021,0.885703,-0.818712,-0.094099,0.372901,0.426382
-0.158065,-0.070014,0.154282,0.972785,-0.432616,0.096654,-0.13818,0.885668,-0.818726,-0.094144,0.372863,0.426378
-0.158114,-0.070054,0.15425,0.972779,-0.432643,0.096648,-0.13824,0.885646,-0.818722,-0.094191,0.372836,0.426398
-0.15815,-0.07006,0.154268,0.97277,-0.43263,0.096574,-0.138311,0.885649,-0.818728,-0.09422,0.372847,0.426371
-0.158191,-0.070076,0.154245,0.972766,-0.432594,0.096512,-0.138316,0.885673,-0.818721,-0.094271,0.372879,0.426345
-0.158177,-0.070096,0.154254,0.972765,-0.432518,0.096549,-0.138301,0.885708,-0.818701,-0.094335,0.372885,0.426364
-0.158189,-0.070098,0.154216,0.972769,-0.432494,0.096603,-0.138259,0.885721,-0.81866,-0.094403,0.372962,0.42636
-0.158186,-0.070075,0.154146,0.972782,-0.432494,0.096653,-0.138242,0.885718,-0.818635,-0.094476,0.372986,0.426371
-0.158226,-0.07003,0.154065,0.972792,-0.432495,0.096699,-0.138209,0.885718,-0.818617,-0.094444,0.373004,0.426397
-0.158212,-0.069965,0.15402,0.972806,-0.4325,0.096711,-0.138231,0.88571,-0.818607,-0.094484,0.373024,0.42639
-0.158235,-0.069921,0.153987,0.972811,-0.43249,0.096701,-0.138213,0.885719,-0.818601,-0.094527,0.373017,0.426398
-0.158233,-0.069861,0.153968,0.972818,-0.432494,0.096687,-0.138202,0.885721,-0.818597,-0.094583,0.373019,0.426391
-0.158233,-0.069857,0.154017,0.972811,-0.432501,0.096707,-0.138181,0.885718,-0.818602,-0.094574,0.373026,0.426378
-0.158296,-0.069875,0.154033,0.972797,-0.432491,0.096704,-0.138087,0.885738,-0.818577,-0.09458,0.373053,0.4264
-0.158278,-0.069904,0.154019,0.9728,-0.432522,0.096754,-0.13801,0.88573,-0.818587,-0.094553,0.373029,0.42641
-0.158314,-0.069946,0.154081,0.972781,-0.432518,0.0968,-0.137978,0.885731,-0.818591,-0.094527,0.373027,0.426408
-0.158333,-0.069995,0.154151,0.972763,-0.43248,0.096819,-0.137945,0.885753,-0.818613,-0.094543,0.373006,0.426381
-0.15832,-0.06997,0.154197,0.97276,-0.432441,0.096788,-0.137917,0.88578,-0.818657,-0.094528,0.372965,0.426336
-0.158306,-0.070018,0.154249,0.972751,-0.432452,0.096797,-0.13791,0.885774,-0.818648,-0.094583,0.372971,0.426336
-0.1583,-0.070038,0.154253,0.97275,-0.432437,0.096783,-0.137965,0.885775,-0.818621,-0.09456,0.372988,0.426379
-0.158339,-0.070059,0.154201,0.97275,-0.432441,0.096721,-0.138085,0.885761,-0.818607,-0.094585,0.372952,0.426431
-0.158353,-0.069995,0.154166,0.972758,-0.432466,0.096675,-0.138258,0.885727,-0.818576,-0.094663,0.372947,0.426477
-0.158343,-0.069979,0.154117,0.972768,-0.432472,0.09663,-0.138405,0.885706,-0.818566,-0.094657,0.37298,0.426469
-0.15832,-0.069967,0.154101,0.972776,-0.432493,0.096539,-0.138516,0.885688,-0.818557,-0.094678,0.373007,0.426457
-0.158281,-0.069913,0.154042,0.972795,-0.432545,0.096484,-0.138539,0.885665,-0.818557,-0.094637,0.373023,0.426454
-0.15827,-0.069931,0.153967,0.972808,-0.43254,0.096542,-0.138538,0.885662,-0.818568,-0.094605,0.372996,0.426463
-0.158244,-0.069949,0.153865,0.972826,-0.432546,0.096565,-0.138447,0.88567,-0.818563,-0.09462,0.372987,0.426477
-0.158193,-0.069977,0.153845,0.972836,-0.432543,0.096646,-0.138391,0.885671,-0.818559,-0.094617,0.372983,0.426489
-0.158163,-0.069955,0.153935,0.972828,-0.432523,0.096754,-0.138339,0.885678,-0.818563,-0.094618,0.372998,0.426466
-0.158166,-0.069996,0.153975,0.972818,-0.432506,0.096836,-0.138224,0.885695,-0.818564,-0.094626,0.372996,0.426465
-0.158137,-0.070004,0.154019,0.972816,-0.432509,0.096846,-0.138173,0.8857,-0.81859,-0.094614,0.372969,0.426443
-0.158125,-0.069979,0.15402,0.972819,-0.432536,0.096828,-0.138158,0.885691,-0.818569,-0.094617,0.372983,0.426469
-0.15812,-0.069952,0.154022,0.972822,-0.432571,0.096734,-0.138189,0.88568,-0.818584,-0.094633,0.372935,0.426479
-0.158098,-0.069994,0.154029,0.972821,-0.43257,0.096646,-0.13828,0.885675,-0.818601,-0.094666,0.372911,0.426459
-0.158073,-0.069966,0.153985,0.972834,-0.432608,0.096557,-0.138376,0.885652,-0.818605,-0.094668,0.37291,0.426454
-0.158064,-0.069997,0.153994,0.972832,-0.432605,0.096507,-0.13847,0.885644,-0.81861,-0.094703,0.372903,0.426442
-0.158032,-0.069975,0.153973,0.972842,-0.432579,0.096438,-0.138605,0.885643,-0.818606,-0.09471,0.372923,0.42643
-0.158052,-0.069986,0.153904,0.972849,-0.432566,0.096388,-0.138743,0.885633,-0.818606,-0.094728,0.372925,0.426423
-0.158054,-0.070025,0.153907,0.972845,-0.432492,0.096433,-0.138806,0.885655,-0.818614,-0.094681,0.372902,0.42644
-0.158022,-0.069969,0.153872,0.97286,-0.432424,0.096446,-0.138877,0.885675,-0.818601,-0.094662,0.372888,0.426481
-0.158003,-0.069956,0.153817,0.972873,-0.432396,0.096523,-0.138919,0.885674,-0.818562,-0.094736,0.372914,0.426516
-0.158008,-0.069946,0.153787,0.972877,-0.432396,0.096566,-0.138926,0.885668,-0.81857,-0.094774,0.372878,0.426525
-0.15801,-0.069925,0.153732,0.972887,-0.432386,0.096621,-0.138958,0.885662,-0.818564,-0.094828,0.3728,0.426593
-0.157994,-0.069963,0.153686,0.972894,-0.432419,0.096603,-0.138892,0.885658,-0.818553,-0.09486,0.372779,0.426625
-0.157974,-0.069956,0.153604,0.972911,-0.432465,0.096657,-0.138852,0.885636,-0.818544,-0.094836,0.372761,0.426663
-0.158001,-0.069887,0.153577,0.972916,-0.432502,0.096719,-0.138869,0.885609,-0.818536,-0.09479,0.372741,0.426706
-0.158014,-0.069895,0.153591,0.972911,-0.432502,0.096769,-0.138856,0.885606,-0.818545,-0.094764,0.372741,0.426694
-0.158002,-0.069914,0.153538,0.97292,-0.432539,0.096771,-0.138864,0.885586,-0.818538,-0.094838,0.372726,0.426703
-0.157984,-0.069872,0.153506,0.972931,-0.432566,0.096759,-0.138875,0.885572,-0.818537,-0.094838,0.372681,0.426747
-0.157981,-0.069875,0.153521,0.972929,-0.432567,0.096735,-0.138856,0.885577,-0.818546,-0.094876,0.37264,0.426756
-0.158017,-0.069915,0.1535,0.972923,-0.432567,0.096743,-0.138806,0.885584,-0.818546,-0.094893,0.372627,0.426764
-0.158051,-0.069889,0.153458,0.972927,-0.432537,0.096745,-0.138683,0.885618,-0.818557,-0.094851,0.372616,0.426761
-0.158101,-0.069837,0.153496,0.972916,-0.432483,0.096764,-0.13863,0.885651,-0.818544,-0.094878,0.372595,0.426799
-0.158108,-0.069829,0.153446,0.972923,-0.432492,0.096722,-0.138473,0.885675,-0.818554,-0.094842,0.372583,0.426798
-0.158058,-0.069853,0.153468,0.972926,-0.432473,0.096723,-0.138382,0.885699,-0.818582,-0.094826,0.372539,0.426787
-0.158031,-0.069848,0.153553,0.972918,-0.432456,0.096668,-0.138365,0.885716,-0.818622,-0.094755,0.372541,0.426723
-0.158061,-0.069836,0.153616,0.972904,-0.432452,0.096601,-0.138513,0.885702,-0.818634,-0.094791,0.37253,0.426701
-0.158052,-0.069865,0.153717,0.972887,-0.432486,0.096515,-0.138698,0.885665,-0.818669,-0.094753,0.372502,0.426667
-0.158067,-0.069841,0.153786,0.972876,-0.432475,0.096465,-0.13896,0.885635,-0.818683,-0.094766,0.372507,0.426633
-0.158074,-0.069803,0.153743,0.972884,-0.432469,0.09643,-0.139127,0.885616,-0.81867,-0.09476,0.372434,0.426724
-0.15807,-0.069807,0.153713,0.972889,-0.432446,0.096369,-0.139209,0.885621,-0.818691,-0.0947,0.372373,0.42675
-0.158076,-0.06984,0.153712,0.972886,-0.432386,0.096276,-0.139284,0.885649,-0.818698,-0.094661,0.372299,0.42681
-0.15807,-0.069841,0.153691,0.97289,-0.432344,0.096213,-0.139342,0.885667,-0.818685,-0.0947,0.372274,0.426848
-0.15809,-0.069857,0.153651,0.972892,-0.432354,0.096131,-0.139475,0.88565,-0.818654,-0.094746,0.372312,0.426864
-0.158108,-0.069846,0.153608,0.972897,-0.432322,0.096072,-0.139536,0.885662,-0.818622,-0.094788,0.372317,0.426912
-0.158109,-0.069866,0.153534,0.972907,-0.432325,0.096082,-0.139574,0.885654,-0.818601,-0.094803,0.372312,0.426953
-0.158113,-0.069871,0.153428,0.972922,-0.432301,0.096135,-0.139509,0.88567,-0.818555,-0.094803,0.372305,0.427047
-0.158079,-0.06987,0.153327,0.972944,-0.432319,0.096193,-0.139367,0.885677,-0.818553,-0.094804,0.372256,0.427094
-0.158034,-0.069847,0.153216,0.97297,-0.432325,0.09626,-0.139205,0.885692,-0.818546,-0.094739,0.372227,0.427146
-0.158034,-0.06983,0.153141,0.972984,-0.432313,0.096333,-0.139132,0.885702,-0.818563,-0.094684,0.372179,0.427169
-0.158011,-0.069812,0.153139,0.972989,-0.432371,0.096463,-0.138982,0.885683,-0.818565,-0.094716,0.372173,0.427162
-0.157984,-0.069829,0.153127,0.972994,-0.432448,0.096564,-0.139001,0.885632,-0.818554,-0.094697,0.372194,0.427169
-0.157993,-0.06979,0.153235,0.972978,-0.432491,0.096571,-0.13897,0.885615,-0.818584,-0.09468,0.372157,0.427148
-0.158021,-0.06975,0.153343,0.97296,-0.432503,0.096541,-0.138989,0.885609,-0.818587,-0.094693,0.372216,0.427088
-0.158019,-0.069812,0.153419,0.972943,-0.432545,0.09655,-0.139034,0.88558,-0.818608,-0.094716,0.372225,0.427034
-0.158034,-0.06983,0.153479,0.97293,-0.432544,0.096492,-0.139076,0.88558,-0.818597,-0.094785,0.372206,0.427057
-0.158016,-0.069853,0.153556,0.972919,-0.432512,0.096427,-0.139125,0.885596,-0.818607,-0.094855,0.372212,0.427016
-0.15804,-0.069852,0.153577,0.972912,-0.432447,0.096388,-0.139154,0.885627,-0.818588,-0.094896,0.372255,0.427007
-0.15806,-0.069903,0.153579,0.972905,-0.432425,0.096364,-0.139136,0.885643,-0.818567,-0.094919,0.372325,0.426981
-0.158077,-0.069897,0.15357,0.972904,-0.432408,0.096249,-0.139193,0.885655,-0.818524,-0.095026,0.372372,0.426999
-0.158058,-0.069899,0.153536,0.972912,-0.432342,0.096158,-0.13925,0.885688,-0.81852,-0.095043,0.37239,0.426986
-0.15805,-0.069911,0.153528,0.972914,-0.432297,0.096109,-0.139311,0.885705,-0.818483,-0.095079,0.372439,0.427007
-0.158041,-0.069883,0.153464,0.972928,-0.43233,0.096069,-0.139393,0.885681,-0.81847,-0.095069,0.372406,0.427063
-0.158053,-0.069892,0.153361,0.972941,-0.432312,0.096043,-0.139439,0.885686,-0.818444,-0.095127,0.372411,0.427096
-0.158028,-0.069866,0.153273,0.972961,-0.432316,0.09609,-0.139433,0.88568,-0.818464,-0.095119,0.37241,0.427059
-0.15801,-0.069847,0.153207,0.972976,-0.432351,0.096096,-0.139437,0.885661,-0.818495,-0.095113,0.372364,0.427043
-0.157975,-0.069862,0.153183,0.972984,-0.432366,0.096125,-0.139315,0.88567,-0.818491,-0.095094,0.372367,0.427051
-0.157964,-0.069871,0.15317,0.972987,-0.432401,0.09616,-0.139196,0.885668,-0.818513,-0.095059,0.372338,0.427041
-0.157963,-0.069873,0.153202,0.972982,-0.432414,0.096278,-0.139185,0.88565,-0.818522,-0.095008,0.372352,0.427023
-0.158028,-0.069903,0.15322,0.972967,-0.432463,0.096349,-0.139181,0.885619,-0.818553,-0.094986,0.372303,0.427012
-0.158073,-0.069889,0.153259,0.972954,-0.432497,0.09642,-0.139183,0.885595,-0.818582,-0.09495,0.372266,0.426997
-0.158108,-0.069894,0.153272,0.972946,-0.432523,0.09642,-0.139143,0.885588,-0.818587,-0.094968,0.372233,0.427012
-0.158187,-0.06991,0.153264,0.972934,-0.432584,0.096391,-0.139094,0.885569,-0.818561,-0.095025,0.372265,0.427021
-0.158263,-0.069851,0.153304,0.972919,-0.432577,0.096316,-0.139136,0.885574,-0.818564,-0.095071,0.372265,0.427006
-0.158288,-0.069828,0.153272,0.972922,-0.432553,0.096226,-0.139332,0.885565,-0.818564,-0.095111,0.372284,0.42698
-0.158303,-0.069803,0.153257,0.972923,-0.432519,0.096198,-0.139551,0.88555,-0.818554,-0.095174,0.372294,0.426975
-0.158268,-0.069776,0.153193,0.972941,-0.432483,0.096156,-0.139763,0.885538,-0.818548,-0.095206,0.372288,0.426986
-0.158226,-0.069702,0.153087,0.97297,-0.432473,0.096113,-0.139892,0.885528,-0.818561,-0.095256,0.372259,0.426974
-0.158207,-0.069669,0.152996,0.97299,-0.432466,0.096045,-0.139831,0.885548,-0.818599,-0.09523,0.372242,0.426922
-0.15821,-0.069652,0.152852,0.973013,-0.432446,0.096023,-0.139662,0.885587,-0.818613,-0.095191,0.372251,0.426896
-0.158222,-0.06959,0.152799,0.973024,-0.4325,0.096072,-0.139463,0.885587,-0.818625,-0.095174,0.372269,0.426862
-0.158213,-0.069595,0.15278,0.973028,-0.432497,0.096202,-0.139283,0.885603,-0.818672,-0.095118,0.372252,0.4268
-0.158234,-0.069606,0.152761,0.973027,-0.432563,0.096321,-0.139164,0.885576,-0.818674,-0.09519,0.372214,0.426812
-0.158231,-0.069602,0.152843,0.973015,-0.432628,0.096441,-0.139108,0.88554,-0.818692,-0.0952,0.372187,0.426799
-0.158221,-0.069632,0.152956,0.972996,-0.432687,0.096528,-0.13902,0.885515,-0.818704,-0.095143,0.37222,0.426761
-0.158191,-0.069644,0.153014,0.972991,-0.432725,0.096582,-0.138976,0.885498,-0.818713,-0.095139,0.372211,0.426751
-0.158191,-0.069575,0.153001,0.972998,-0.432771,0.096574,-0.139001,0.885472,-0.818727,-0.095135,0.372184,0.426748
-0.158259,-0.069567,0.153017,0.972985,-0.432768,0.096468,-0.139103,0.88547,-0.818736,-0.095123,0.37219,0.42673
-0.158276,-0.069602,0.153077,0.972971,-0.432745,0.096391,-0.139238,0.885468,-0.818753,-0.095132,0.372176,0.426706
-0.158272,-0.069606,0.15306,0.972974,-0.432768,0.096271,-0.139386,0.885446,-0.818757,-0.095074,0.37217,0.426717
-0.158245,-0.069577,0.153028,0.972985,-0.432684,0.096225,-0.139501,0.885474,-0.818761,-0.0951,0.372179,0.426695
-0.158221,-0.069584,0.153002,0.972993,-0.432668,0.096227,-0.139537,0.885476,-0.818752,-0.0951,0.372178,0.426714
-0.158203,-0.069602,0.152951,0.973002,-0.432615,0.096248,-0.139512,0.885504,-0.818776,-0.095103,0.372127,0.426712
-0.15817,-0.069571,0.152897,0.973018,-0.432594,0.09626,-0.139389,0.885532,-0.818787,-0.095113,0.372087,0.426723
-0.158151,-0.069574,0.152822,0.973033,-0.43257,0.09631,-0.139321,0.885549,-0.818792,-0.095114,0.37208,0.426721
-0.158129,-0.069561,0.152806,0.97304,-0.432595,0.096382,-0.139289,0.885534,-0.818793,-0.095129,0.372081,0.426714
-0.158139,-0.069565,0.152859,0.97303,-0.432626,0.096428,-0.139268,0.885517,-0.818802,-0.095167,0.372039,0.426725
-0.158188,-0.069521,0.152872,0.973023,-0.43271,0.096443,-0.139288,0.885471,-0.818794,-0.095185,0.372026,0.426747
-0.158154,-0.06951,0.152901,0.973025,-0.432755,0.096457,-0.139265,0.885451,-0.818808,-0.095142,0.371973,0.426775
-0.158152,-0.06948,0.152957,0.973018,-0.43279,0.096451,-0.139213,0.885443,-0.818805,-0.09517,0.371972,0.426775
-0.158181,-0.069436,0.152994,0.973011,-0.43283,0.096495,-0.139133,0.885431,-0.818823,-0.095203,0.371907,0.426791
-0.158236,-0.069407,0.153018,0.973,-0.432794,0.096507,-0.139024,0.885465,-0.818831,-0.095218,0.371948,0.426737
-0.158273,-0.069453,0.153048,0.972986,-0.432784,0.096577,-0.138942,0.885475,-0.818852,-0.095244,0.371924,0.426712
-0.158303,-0.069491,0.153058,0.972977,-0.432753,0.096624,-0.138874,0.885496,-0.818893,-0.095269,0.371901,0.426646
-0.158284,-0.06952,0.153083,0.972974,-0.432768,0.096655,-0.138879,0.885484,-0.818884,-0.095327,0.371901,0.426651
-0.158287,-0.069533,0.153119,0.972967,-0.43273,0.096681,-0.138924,0.885493,-0.8189,-0.095304,0.371854,0.426668
-0.158306,-0.069536,0.153098,0.972967,-0.432726,0.096716,-0.139001,0.885479,-0.818905,-0.095271,0.371854,0.426663
-0.158257,-0.069514,0.153115,0.972974,-0.432729,0.096647,-0.139124,0.885466,-0.818935,-0.09525,0.371827,0.426636
-0.158259,-0.06948,0.153102,0.972978,-0.432751,0.096506,-0.13917,0.885463,-0.818955,-0.09522,0.371799,0.426628
-0.158247,-0.069473,0.153084,0.972983,-0.432746,0.096427,-0.139223,0.885466,-0.818974,-0.095179,0.371802,0.426599
-0.158208,-0.069527,0.153118,0.97298,-0.432774,0.096327,-0.139237,0.885461,-0.81898,-0.095129,0.371814,0.426588
-0.158206,-0.069575,0.15315,0.972972,-0.432775,0.096273,-0.139235,0.885467,-0.818974,-0.095149,0.371882,0.426535
-0.15822,-0.069612,0.153159,0.972966,-0.432766,0.096312,-0.139164,0.885478,-0.818971,-0.095156,0.371899,0.426525
-0.158246,-0.06967,0.153206,0.97295,-0.43277,0.096506,-0.139106,0.885464,-0.81896,-0.095114,0.371873,0.426578
-0.158274,-0.069677,0.153246,0.972939,-0.43277,0.096628,-0.13898,0.88547,-0.818971,-0.095056,0.371831,0.426607
-0.158227,-0.069687,0.153256,0.972944,-0.432723,0.096843,-0.138844,0.885491,-0.819,-0.095042,0.371769,0.426607
-0.158205,-0.069664,0.153259,0.972949,-0.432743,0.096875,-0.13864,0.88551,-0.818986,-0.095081,0.371782,0.426615
-0.158203,-0.069699,0.153255,0.972947,-0.432747,0.096915,-0.138544,0.885518,-0.818966,-0.095067,0.371783,0.426655
-0.158181,-0.069703,0.153222,0.972956,-0.432729,0.09689,-0.138494,0.885538,-0.818953,-0.095129,0.371778,0.42667
-0.158138,-0.069671,0.153239,0.972963,-0.432688,0.096929,-0.138557,0.885544,-0.818922,-0.095194,0.371798,0.426699
-0.158124,-0.069672,0.153243,0.972964,-0.432673,0.096902,-0.138565,0.885553,-0.818911,-0.095209,0.371844,0.426676
-0.158162,-0.069703,0.153296,0.972947,-0.432681,0.09691,-0.138614,0.88554,-0.818916,-0.095266,0.371844,0.426654
-0.158163,-0.069728,0.153306,0.972944,-0.432674,0.096873,-0.138698,0.885535,-0.818909,-0.095241,0.371857,0.42666
-0.158152,-0.069769,0.153313,0.972942,-0.432692,0.096872,-0.138769,0.885515,-0.818918,-0.095241,0.371859,0.426641
-0.158134,-0.069774,0.153309,0.972945,-0.432669,0.096877,-0.138847,0.885513,-0.818936,-0.095189,0.371836,0.42664
-0.158106,-0.06979,0.153283,0.972952,-0.432698,0.096917,-0.13888,0.88549,-0.818925,-0.095185,0.371864,0.426636
-0.158089,-0.069827,0.153228,0.972961,-0.432715,0.097012,-0.138912,0.885466,-0.818954,-0.095147,0.371825,0.426623
-0.15806,-0.069879,0.153206,0.972966,-0.432742,0.097056,-0.138901,0.88545,-0.818948,-0.095182,0.371862,0.426595
-0.15802,-0.069916,0.153226,0.972966,-0.432775,0.097157,-0.138863,0.885428,-0.818937,-0.09521,0.371929,0.426551
-0.158066,-0.069921,0.153249,0.972955,-0.432774,0.097254,-0.138802,0.885428,-0.818915,-0.095243,0.371969,0.426551
-0.15809,-0.069851,0.153272,0.972952,-0.432733,0.097343,-0.138744,0.885447,-0.818881,-0.095336,0.372005,0.426566
-0.15812,-0.069881,0.153241,0.97295,-0.432744,0.097384,-0.138668,0.885449,-0.818866,-0.095386,0.372012,0.426576
-0.158151,-0.069886,0.153246,0.972944,-0.432721,0.097481,-0.138591,0.885462,-0.81888,-0.09542,0.372037,0.426519
-0.158132,-0.069858,0.153294,0.972941,-0.432706,0.097501,-0.138592,0.885467,-0.81886,-0.095422,0.372048,0.426548
-0.158144,-0.069855,0.153343,0.972932,-0.432651,0.097487,-0.138568,0.885499,-0.818863,-0.095483,0.37203,0.426544
-0.158192,-0.069846,0.153326,0.972927,-0.432607,0.09743,-0.138583,0.885524,-0.818845,-0.095549,0.372041,0.426554
-0.158171,-0.069832,0.153337,0.97293,-0.432586,0.09739,-0.138688,0.885523,-0.818842,-0.095596,0.372058,0.426536
-0.158199,-0.069827,0.153291,0.972933,-0.432543,0.097418,-0.138779,0.885526,-0.818874,-0.095609,0.372048,0.42648
-0.158192,-0.06987,0.15332,0.972927,-0.432454,0.097384,-0.13879,0.885572,-0.8189,-0.095621,0.372015,0.426455
-0.158171,-0.069881,0.153307,0.972932,-0.432409,0.097324,-0.138789,0.8856,-0.818906,-0.095614,0.371997,0.426462
-0.158159,-0.069862,0.153274,0.97294,-0.432401,0.097346,-0.138779,0.885603,-0.818925,-0.095531,0.37191,0.42652
-0.15815,-0.069875,0.153226,0.972948,-0.432427,0.097359,-0.138812,0.885584,-0.818924,-0.095547,0.371929,0.426501
-0.158182,-0.069852,0.153204,0.972948,-0.432403,0.097363,-0.138907,0.88558,-0.818926,-0.095547,0.371893,0.426528
-0.158214,-0.069832,0.15323,0.97294,-0.432431,0.097356,-0.139031,0.885548,-0.818933,-0.095539,0.371872,0.426534
-0.158244,-0.069813,0.153288,0.972927,-0.432461,0.097344,-0.139172,0.885513,-0.818925,-0.095518,0.371903,0.426529
-0.158256,-0.069792,0.153228,0.972936,-0.432484,0.097274,-0.139275,0.885493,-0.81892,-0.095515,0.371915,0.426528
-0.158281,-0.069784,0.153164,0.972943,-0.432459,0.097176,-0.139378,0.8855,-0.818922,-0.095561,0.371902,0.426526
-0.158278,-0.069807,0.153097,0.972953,-0.432435,0.097037,-0.139438,0.885517,-0.818905,-0.095567,0.371973,0.426495
-0.158271,-0.069794,0.153055,0.972961,-0.432389,0.096983,-0.139423,0.885548,-0.818902,-0.095674,0.371986,0.426465
-0.158241,-0.069767,0.152978,0.97298,-0.432346,0.096926,-0.139419,0.885576,-0.818913,-0.095683,0.371988,0.426441
-0.158262,-0.069777,0.152902,0.972988,-0.432305,0.09693,-0.139407,0.885597,-0.81892,-0.095695,0.371978,0.426433
-0.158275,-0.069764,0.152849,0.972995,-0.432271,0.096904,-0.13928,0.885637,-0.818923,-0.095686,0.371977,0.426429
-0.158234,-0.069818,0.152894,0.972991,-0.432251,0.096957,-0.139127,0.885665,-0.818917,-0.09565,0.37204,0.426395
-0.158207,-0.069782,0.152901,0.972996,-0.432298,0.097038,-0.139025,0.885649,-0.81893,-0.095695,0.372052,0.42635
-0.158199,-0.069783,0.15294,0.972992,-0.432319,0.097125,-0.138969,0.885638,-0.818932,-0.095694,0.372037,0.426357
-0.1582,-0.069781,0.152996,0.972983,-0.432346,0.097162,-0.138904,0.885631,-0.818934,-0.095735,0.372064,0.426322
-0.158199,-0.069794,0.153076,0.972969,-0.43235,0.09722,-0.138863,0.885629,-0.818978,-0.09574,0.372013,0.426281
-0.158243,-0.069771,0.153137,0.972954,-0.432308,0.097202,-0.138874,0.88565,-0.818979,-0.095733,0.372013,0.426281
-0.158189,-0.069754,0.153229,0.97295,-0.432311,0.097139,-0.138898,0.885651,-0.819005,-0.09571,0.371996,0.426251
-0.158202,-0.069723,0.153311,0.972937,-0.432307,0.097056,-0.139033,0.885641,-0.81901,-0.095746,0.371969,0.426256
-0.158182,-0.069712,0.153339,0.972937,-0.432265,0.096964,-0.139192,0.885647,-0.818996,-0.095785,0.37198,0.426266
-0.158242,-0.069688,0.153279,0.972938,-0.432216,0.096819,-0.139283,0.885673,-0.818978,-0.095814,0.372008,0.426269
-0.158217,-0.069716,0.153217,0.97295,-0.432186,0.096687,-0.139334,0.885694,-0.818961,-0.095802,0.37199,0.426319
-0.1582,-0.069716,0.153132,0.972966,-0.432201,0.09658,-0.139342,0.885696,-0.81895,-0.095805,0.371969,0.426357
-0.158129,-0.069703,0.15303,0.972995,-0.432173,0.096559,-0.139341,0.885713,-0.818932,-0.095787,0.371971,0.426394
-0.15812,-0.069699,0.153026,0.972997,-0.432191,0.096564,-0.139348,0.885702,-0.818938,-0.095747,0.372014,0.426355
-0.158093,-0.069672,0.153032,0.973002,-0.432162,0.096618,-0.139306,0.885717,-0.818936,-0.095716,0.372024,0.426357
-0.158067,-0.069656,0.153011,0.973011,-0.432125,0.096693,-0.139298,0.885728,-0.818929,-0.095669,0.372053,0.426355
-0.158056,-0.06961,0.153003,0.973017,-0.432106,0.096808,-0.139222,0.885737,-0.818918,-0.095733,0.37209,0.426331
-0.158059,-0.069614,0.152988,0.973019,-0.43209,0.096902,-0.139107,0.885753,-0.818909,-0.095787,0.372103,0.426325
-0.158127,-0.069603,0.152998,0.973007,-0.432055,0.096965,-0.139053,0.885771,-0.818914,-0.095818,0.372107,0.426305
-0.158133,-0.069534,0.153013,0.973009,-0.432056,0.097028,-0.139034,0.885766,-0.818899,-0.09583,0.372119,0.42632
-0.15817,-0.069506,0.153002,0.973006,-0.432063,0.096992,-0.139078,0.885761,-0.818884,-0.095867,0.372175,0.426292
-0.158169,-0.069489,0.15297,0.973013,-0.432046,0.09696,-0.139094,0.88577,-0.81885,-0.095971,0.372213,0.4263
-0.158144,-0.069436,0.152977,0.97302,-0.431989,0.096868,-0.139163,0.885796,-0.81882,-0.096018,0.372244,0.426319
-0.158149,-0.069414,0.152944,0.973025,-0.432026,0.096781,-0.139243,0.885775,-0.818821,-0.096087,0.372274,0.426276
-0.158165,-0.069368,0.152986,0.97302,-0.432008,0.096668,-0.139187,0.885805,-0.818805,-0.09617,0.372298,0.426268
-0.15818,-0.069319,0.15294,0.973028,-0.431953,0.096601,-0.139174,0.885842,-0.818819,-0.096206,0.372293,0.426238
-0.158162,-0.069308,0.15289,0.973039,-0.431921,0.096586,-0.139147,0.885863,-0.818839,-0.096225,0.372308,0.426181
-0.158196,-0.069324,0.152824,0.973043,-0.431919,0.096597,-0.139037,0.88588,-0.818837,-0.096228,0.372354,0.426144
-0.158162,-0.069315,0.152808,0.973052,-0.431951,0.096667,-0.13896,0.885869,-0.818866,-0.096224,0.372358,0.426085
-0.158151,-0.069313,0.152774,0.973059,-0.431953,0.096791,-0.138991,0.88585,-0.818899,-0.096242,0.372375,0.426003
-0.158093,-0.069294,0.152771,0.97307,-0.431946,0.096893,-0.139052,0.885832,-0.818904,-0.096248,0.372381,0.425987
-0.15806,-0.069275,0.152784,0.973075,-0.431966,0.096934,-0.139103,0.88581,-0.818895,-0.096248,0.372433,0.42596
-0.158,-0.069272,0.152844,0.973076,-0.432007,0.096952,-0.13916,0.885779,-0.818913,-0.096216,0.372383,0.425975
-0.158043,-0.069238,0.152837,0.973072,-0.432033,0.096932,-0.139199,0.885762,-0.818908,-0.096211,0.372397,0.425974
-0.158046,-0.069255,0.152868,0.973066,-0.431983,0.096898,-0.13917,0.885795,-0.81891,-0.096246,0.372396,0.425962
-0.158024,-0.069273,0.152951,0.973055,-0.431944,0.096886,-0.139205,0.88581,-0.818922,-0.096206,0.372375,0.425966
-0.158017,-0.069304,0.152935,0.973056,-0.43194,0.096836,-0.139309,0.885801,-0.818905,-0.096155,0.372404,0.425987
-0.158037,-0.06933,0.152891,0.973058,-0.431958,0.09675,-0.139475,0.885776,-0.818921,-0.096141,0.372347,0.426009
-0.158006,-0.069377,0.152858,0.973065,-0.431944,0.096638,-0.13976,0.88575,-0.818924,-0.096152,0.372349,0.426
-0.157965,-0.069416,0.15284,0.973072,-0.431901,0.096518,-0.139965,0.885752,-0.818902,-0.096179,0.372368,0.426018
-0.157967,-0.069395,0.152778,0.973082,-0.431854,0.09644,-0.1401,0.885762,-0.818905,-0.096204,0.372381,0.425996
-0.157939,-0.06947,0.152644,0.973103,-0.431805,0.0963,-0.140102,0.8858,-0.818904,-0.096203,0.372397,0.425983
-0.157883,-0.069498,0.152484,0.973135,-0.431756,0.096237,-0.140116,0.885829,-0.818903,-0.096286,0.372364,0.425995
-0.157868,-0.069502,0.152414,0.973148,-0.431748,0.096276,-0.140153,0.885823,-0.818879,-0.096346,0.372382,0.426012
-0.157855,-0.06948,0.152341,0.973163,-0.43171,0.096374,-0.140217,0.885821,-0.818893,-0.096369,0.372365,0.425995
-0.157826,-0.069475,0.152303,0.973174,-0.431699,0.096406,-0.140338,0.885803,-0.818898,-0.096365,0.372366,0.425986
-0.157776,-0.069426,0.152215,0.973199,-0.431729,0.09646,-0.140364,0.885778,-0.818878,-0.096356,0.372391,0.426004
-0.157768,-0.069425,0.15219,0.973205,-0.431778,0.096434,-0.14031,0.885766,-0.818853,-0.096352,0.372411,0.426036
-0.157714,-0.069412,0.152156,0.97322,-0.43183,0.096423,-0.140292,0.885744,-0.818878,-0.096376,0.372394,0.425997
-0.157718,-0.069372,0.15214,0.973225,-0.431854,0.096362,-0.140298,0.885739,-0.818858,-0.096389,0.3724,0.426027
-0.157709,-0.069389,0.152127,0.973227,-0.431898,0.096289,-0.140286,0.885727,-0.818853,-0.09642,0.37239,0.426039
-0.157735,-0.069415,0.152145,0.973218,-0.431925,0.096275,-0.140325,0.885709,-0.818866,-0.096444,0.37239,0.426007
-0.157738,-0.069477,0.152207,0.973203,-0.431887,0.09626,-0.140361,0.885724,-0.818847,-0.096454,0.372405,0.42603
-0.157733,-0.069525,0.152257,0.973193,-0.431856,0.096221,-0.140381,0.88574,-0.818862,-0.096417,0.372354,0.426052
-0.157743,-0.06953,0.152305,0.973183,-0.431868,0.096204,-0.140351,0.885741,-0.818865,-0.096412,0.372314,0.426084
-0.157723,-0.069557,0.152284,0.973188,-0.431856,0.096198,-0.140328,0.885751,-0.818871,-0.096378,0.372325,0.426069
-0.157713,-0.069536,0.152252,0.973196,-0.431872,0.096139,-0.140372,0.885743,-0.818877,-0.096357,0.372322,0.426067
-0.157719,-0.069562,0.152241,0.973195,-0.431852,0.096083,-0.140461,0.885744,-0.818883,-0.096311,0.372292,0.426092
-0.157711,-0.069576,0.152224,0.973198,-0.431852,0.09601,-0.140591,0.885732,-0.818875,-0.096283,0.372303,0.426103
-0.157721,-0.069612,0.152193,0.973199,-0.431862,0.095926,-0.140664,0.885724,-0.818889,-0.096237,0.372288,0.426099
-0.157696,-0.069579,0.15219,0.973206,-0.431914,0.095814,-0.14065,0.885713,-0.818892,-0.096191,0.372303,0.426092
-0.157705,-0.069586,0.152216,0.9732,-0.43195,0.095695,-0.140556,0.885723,-0.818898,-0.096128,0.372327,0.426073
-0.157668,-0.069544,0.152238,0.973205,-0.43194,0.095613,-0.140485,0.885748,-0.818918,-0.096038,0.372315,0.426065
-0.157672,-0.069553,0.152235,0.973204,-0.431938,0.09559,-0.140464,0.885755,-0.81894,-0.095929,0.372328,0.426037
-0.157692,-0.069584,0.152212,0.973202,-0.431981,0.095569,-0.140408,0.885745,-0.818971,-0.095847,0.372291,0.426027
-0.157695,-0.069627,0.152289,0.973187,-0.432012,0.095609,-0.140378,0.88573,-0.819006,-0.095761,0.372249,0.426016
-0.157715,-0.069651,0.152327,0.973176,-0.432048,0.095641,-0.140332,0.885717,-0.819012,-0.095752,0.372233,0.426021
-0.157712,-0.069664,0.152383,0.973167,-0.432065,0.095709,-0.140278,0.88571,-0.818988,-0.095709,0.372249,0.426061
-0.157723,-0.069653,0.15243,0.973158,-0.432101,0.095723,-0.140198,0.885703,-0.818965,-0.095712,0.372279,0.42608
-0.157722,-0.069683,0.152434,0.973156,-0.432089,0.095764,-0.140174,0.885708,-0.818948,-0.095762,0.372319,0.426067
-0.157759,-0.069717,0.152422,0.973149,-0.432158,0.095714,-0.14014,0.885685,-0.818949,-0.095764,0.372334,0.426051
-0.157768,-0.069705,0.15244,0.973146,-0.432188,0.095668,-0.140136,0.885677,-0.818939,-0.095772,0.372371,0.426037
-0.157754,-0.069702,0.152434,0.973149,-0.432235,0.095649,-0.140087,0.885663,-0.818925,-0.095755,0.372406,0.426036
-0.157796,-0.069711,0.152492,0.973132,-0.432281,0.09559,-0.140031,0.885656,-0.818926,-0.095745,0.372386,0.426054
-0.157774,-0.06972,0.152532,0.973129,-0.4323,0.095532,-0.140009,0.885657,-0.818935,-0.095773,0.372393,0.426024
-0.157772,-0.069721,0.152561,0.973125,-0.432346,0.095466,-0.140025,0.885639,-0.818926,-0.095729,0.372409,0.426036
-0.157786,-0.069751,0.152616,0.973112,-0.432368,0.095402,-0.140066,0.885629,-0.818962,-0.095704,0.372344,0.42603
-0.157845,-0.0698,0.152661,0.973092,-0.432362,0.095377,-0.140174,0.885617,-0.818965,-0.095651,0.372335,0.426044
-0.15782,-0.069812,0.152738,0.973083,-0.43236,0.095374,-0.140247,0.885607,-0.818953,-0.095673,0.372375,0.426028
-0.157835,-0.069835,0.152685,0.973087,-0.432326,0.095421,-0.14025,0.885618,-0.818963,-0.095606,0.372402,0.426001
-0.157833,-0.06984,0.152644,0.973093,-0.432263,0.095425,-0.140114,0.88567,-0.818942,-0.09557,0.372407,0.426045
-0.157804,-0.069826,0.152607,0.973105,-0.432197,0.095481,-0.139874,0.885734,-0.818938,-0.095555,0.372383,0.426075
-0.157765,-0.069836,0.152571,0.973116,-0.432201,0.095526,-0.139694,0.885755,-0.81894,-0.095531,0.372372,0.426087
-0.157756,-0.069819,0.152603,0.973114,-0.432185,0.095612,-0.139564,0.885774,-0.818962,-0.095458,0.372347,0.426083
-0.157752,-0.069833,0.152644,0.973107,-0.432222,0.095692,-0.139493,0.885759,-0.818966,-0.095352,0.372379,0.426071
-0.157721,-0.069835,0.152745,0.973096,-0.432226,0.095762,-0.139471,0.885753,-0.818974,-0.095235,0.372404,0.42606
-0.157697,-0.069834,0.152784,0.973094,-0.432272,0.095813,-0.139464,0.885726,-0.818976,-0.095191,0.372416,0.426055
-0.157673,-0.069824,0.152853,0.973088,-0.432282,0.095811,-0.139474,0.88572,-0.81895,-0.095257,0.372481,0.426034
-0.157684,-0.06982,0.15288,0.973082,-0.432301,0.09585,-0.139487,0.885704,-0.818931,-0.09518,0.372489,0.426081
-0.1577,-0.069833,0.152931,0.973071,-0.432326,0.095885,-0.139408,0.885701,-0.818911,-0.095232,0.372504,0.426095
-0.157712,-0.069805,0.152971,0.973064,-0.432324,0.095883,-0.139337,0.885713,-0.818902,-0.095266,0.372488,0.426118
-0.157727,-0.069795,0.152977,0.973062,-0.432346,0.095855,-0.139302,0.885711,-0.818865,-0.095314,0.372516,0.426154
-0.157732,-0.069784,0.152991,0.973059,-0.432374,0.095908,-0.139226,0.885704,-0.818838,-0.095314,0.372544,0.426181
-0.157705,-0.069814,0.153059,0.973051,-0.43239,0.095907,-0.139149,0.885708,-0.81882,-0.09529,0.372563,0.426205
-0.157696,-0.069823,0.153069,0.97305,-0.432389,0.095916,-0.139119,0.885712,-0.818801,-0.095328,0.372553,0.426243
-0.157711,-0.069813,0.152978,0.973063,-0.432457,0.095982,-0.139195,0.88566,-0.818765,-0.095368,0.372565,0.426291
-0.15772,-0.069797,0.152945,0.973068,-0.432492,0.096004,-0.139196,0.88564,-0.818746,-0.095421,0.372549,0.426331
-0.157733,-0.069776,0.152938,0.973068,-0.432538,0.096018,-0.139194,0.885616,-0.818749,-0.09549,0.372548,0.426309
-0.157729,-0.069769,0.152911,0.973073,-0.432522,0.096005,-0.139213,0.885623,-0.818722,-0.095556,0.372549,0.426347
-0.157707,-0.069762,0.152887,0.973081,-0.432553,0.095973,-0.139157,0.88562,-0.818693,-0.095592,0.372579,0.426368
-0.15771,-0.06972,0.152886,0.973084,-0.43256,0.096027,-0.139111,0.885618,-0.818665,-0.095609,0.372601,0.426398
-0.157734,-0.069707,0.152887,0.973081,-0.432559,0.096032,-0.139106,0.885619,-0.818647,-0.095635,0.372604,0.426423
-0.157756,-0.069753,0.152893,0.973073,-0.432587,0.096033,-0.139129,0.885601,-0.818662,-0.095635,0.3726,0.426399
-0.157741,-0.069779,0.152962,0.973063,-0.432621,0.096011,-0.139218,0.885573,-0.818646,-0.095629,0.372654,0.426384
-0.157719,-0.069804,0.152962,0.973065,-0.432667,0.096001,-0.139233,0.885549,-0.818666,-0.095598,0.372628,0.426374
-0.157702,-0.069847,0.152983,0.973061,-0.432713,0.095975,-0.139288,0.885521,-0.818662,-0.095582,0.372645,0.426372
-0.15766,-0.069866,0.153008,0.973063,-0.432727,0.095974,-0.139343,0.885505,-0.818675,-0.095536,0.372628,0.426371
-0.157652,-0.069901,0.153029,0.973058,-0.432722,0.096009,-0.139415,0.885493,-0.818675,-0.095493,0.372625,0.426384
-0.157625,-0.069891,0.153068,0.973057,-0.43272,0.096037,-0.139462,0.885484,-0.818668,-0.095416,0.372633,0.426408
-0.15767,-0.069929,0.153035,0.973052,-0.43277,0.096048,-0.139424,0.885464,-0.818683,-0.095336,0.372607,0.42642
-0.157727,-0.069971,0.153072,0.973034,-0.43278,0.096018,-0.139406,0.885465,-0.818681,-0.09525,0.372609,0.426442
-0.157733,-0.069998,0.153073,0.973031,-0.432766,0.095969,-0.139421,0.885475,-0.818673,-0.095291,0.372594,0.426459
-0.157732,-0.070017,0.153016,0.973039,-0.432713,0.095981,-0.139517,0.885484,-0.818671,-0.09535,0.372609,0.426437
-0.157722,-0.070101,0.152977,0.97304,-0.432665,0.096,-0.139609,0.885491,-0.818649,-0.095446,0.372644,0.426428
-0.157717,-0.070123,0.152923,0.973048,-0.432625,0.095989,-0.139655,0.885504,-0.81865,-0.095509,0.372662,0.426395
-0.157693,-0.070106,0.152879,0.97306,-0.432587,0.095953,-0.139612,0.885534,-0.818655,-0.095546,0.372649,0.426389
-0.15766,-0.070122,0.152798,0.973077,-0.432537,0.095907,-0.139552,0.885573,-0.818649,-0.095582,0.372686,0.42636
-0.157644,-0.070121,0.152729,0.97309,-0.432529,0.095916,-0.139546,0.885577,-0.818633,-0.095579,0.372702,0.426379
-0.157682,-0.070089,0.15267,0.973096,-0.432536,0.095936,-0.139609,0.885561,-0.818632,-0.095608,0.372699,0.426377
-0.157662,-0.070112,0.152597,0.973109,-0.432544,0.09594,-0.139737,0.885537,-0.818618,-0.095564,0.372714,0.4264
-0.157661,-0.070103,0.152543,0.973118,-0.432573,0.095962,-0.139794,0.885511,-0.818621,-0.095511,0.372717,0.426403
-0.157647,-0.0701,0.152528,0.973123,-0.432618,0.095977,-0.139802,0.885486,-0.818623,-0.095452,0.372735,0.426396
-0.157632,-0.070083,0.152487,0.973133,-0.432654,0.095894,-0.139739,0.885487,-0.818625,-0.095436,0.372744,0.426389
-0.157604,-0.070104,0.152408,0.973149,-0.432667,0.095888,-0.139669,0.885493,-0.818626,-0.095426,0.372714,0.426415
-0.157653,-0.070157,0.152352,0.973146,-0.432614,0.09589,-0.139649,0.885521,-0.818643,-0.095404,0.372679,0.426417
-0.157712,-0.070204,0.152375,0.973129,-0.432601,0.095935,-0.139583,0.885533,-0.818644,-0.095389,0.3727,0.4264
-0.157721,-0.070257,0.152414,0.973118,-0.432612,0.09596,-0.139585,0.885525,-0.818668,-0.095355,0.372695,0.426368
-0.157788,-0.07029,0.152457,0.973098,-0.432571,0.09602,-0.139571,0.885541,-0.818688,-0.095306,0.372684,0.426349
-0.157824,-0.070259,0.152505,0.973087,-0.432547,0.096084,-0.139498,0.885557,-0.818691,-0.095304,0.372691,0.426337
-0.15781,-0.070204,0.152509,0.973092,-0.432527,0.096071,-0.139487,0.88557,-0.818693,-0.095251,0.372655,0.426377
-0.157836,-0.070153,0.152445,0.973102,-0.432513,0.096041,-0.139465,0.885584,-0.818696,-0.095218,0.372636,0.426396
-0.157835,-0.070125,0.152359,0.973117,-0.432511,0.096015,-0.139519,0.885579,-0.818682,-0.095211,0.372669,0.426395
-0.157792,-0.070099,0.152246,0.973144,-0.432535,0.096026,-0.139627,0.885549,-0.81869,-0.095227,0.372624,0.426415
-0.157792,-0.070095,0.152223,0.973148,-0.432565,0.096044,-0.13978,0.885508,-0.818697,-0.095213,0.372609,0.426418
-0.157792,-0.070086,0.152196,0.973153,-0.432603,0.095983,-0.139856,0.885484,-0.818708,-0.095166,0.372603,0.426413
-0.157785,-0.07011,0.152192,0.973153,-0.432664,0.095927,-0.139912,0.885451,-0.818688,-0.095124,0.372653,0.426417
-0.157844,-0.070105,0.15219,0.973144,-0.432739,0.095905,-0.139907,0.885418,-0.81868,-0.095163,0.372652,0.426424
-0.157867,-0.070111,0.152143,0.973147,-0.432776,0.095935,-0.139979,0.885386,-0.818691,-0.095183,0.372629,0.426419
-0.157896,-0.070075,0.152171,0.97314,-0.432765,0.09594,-0.140065,0.885377,-0.8187,-0.095173,0.372612,0.426418
-0.157924,-0.070123,0.152188,0.97313,-0.432731,0.095974,-0.140132,0.885379,-0.8187,-0.095211,0.372632,0.426392
-0.157929,-0.070106,0.152263,0.973119,-0.43271,0.095997,-0.140258,0.885367,-0.818702,-0.095271,0.372636,0.426373
-0.157954,-0.07011,0.152298,0.973109,-0.432616,0.095914,-0.140341,0.885408,-0.818681,-0.095357,0.372633,0.426396
-0.157935,-0.070101,0.152261,0.973118,-0.432577,0.095853,-0.140396,0.885426,-0.818655,-0.095449,0.372677,0.426387
-0.157991,-0.070092,0.152187,0.973121,-0.432522,0.095793,-0.140455,0.88545,-0.818648,-0.095486,0.372667,0.4264
-0.158011,-0.070043,0.152,0.973151,-0.432532,0.095688,-0.140497,0.885449,-0.818651,-0.095514,0.372663,0.426392
-0.158018,-0.069992,0.151866,0.973174,-0.432543,0.095659,-0.140591,0.885432,-0.818621,-0.095554,0.372692,0.426416
-0.157954,-0.069963,0.151737,0.973207,-0.432605,0.095648,-0.140676,0.88539,-0.818609,-0.095539,0.372666,0.426464
-0.157953,-0.069943,0.1517,0.973214,-0.432638,0.095629,-0.14077,0.885361,-0.818604,-0.095529,0.372666,0.426475
-0.157938,-0.069925,0.151613,0.973231,-0.432691,0.095674,-0.1408,0.885325,-0.818625,-0.095482,0.372628,0.42648
-0.157935,-0.069943,0.151544,0.973241,-0.432694,0.095713,-0.140797,0.88532,-0.818635,-0.095456,0.372601,0.426489
-0.157941,-0.069969,0.151545,0.973238,-0.432732,0.095767,-0.140702,0.885311,-0.818631,-0.095423,0.372597,0.426507
-0.157963,-0.069987,0.151519,0.973238,-0.432766,0.095846,-0.14062,0.885298,-0.818637,-0.095379,0.372617,0.426488
-0.157919,-0.069982,0.151535,0.973243,-0.432746,0.095915,-0.140505,0.885319,-0.818654,-0.095378,0.372596,0.426475
-0.157911,-0.069974,0.151569,0.973239,-0.432744,0.096005,-0.14039,0.885328,-0.818665,-0.095377,0.372603,0.426448
-0.15788,-0.069943,0.151632,0.973237,-0.432709,0.096058,-0.140415,0.885336,-0.818677,-0.095366,0.372568,0.426459
-0.15792,-0.069904,0.151659,0.973229,-0.432691,0.096058,-0.140355,0.885354,-0.818666,-0.09536,0.372581,0.426468
-0.157893,-0.069824,0.151729,0.973228,-0.432715,0.096049,-0.140361,0.885342,-0.818683,-0.095278,0.372554,0.426478
-0.157901,-0.069789,0.151724,0.97323,-0.432731,0.095947,-0.140412,0.885337,-0.818697,-0.09524,0.372512,0.426497
-0.157876,-0.06974,0.151723,0.973238,-0.432749,0.095863,-0.140426,0.885335,-0.818705,-0.095211,0.372497,0.426502
-0.157855,-0.069698,0.15179,0.973234,-0.432757,0.095815,-0.140469,0.88533,-0.818711,-0.095198,0.372501,0.426489
-0.15789,-0.06967,0.151749,0.973237,-0.432766,0.095819,-0.140539,0.885314,-0.818698,-0.095222,0.372514,0.426496
-0.157873,-0.069628,0.151759,0.97324,-0.432801,0.095767,-0.140598,0.885293,-0.818705,-0.095225,0.372527,0.426472
-0.157878,-0.069633,0.151773,0.973237,-0.432783,0.095772,-0.140651,0.885293,-0.818713,-0.095229,0.372526,0.426456
-0.157849,-0.069619,0.151804,0.973238,-0.432741,0.095795,-0.140676,0.885307,-0.818682,-0.095294,0.372545,0.426484
-0.157837,-0.069629,0.151839,0.973234,-0.432709,0.095819,-0.14063,0.885328,-0.818685,-0.095325,0.372537,0.426479
-0.157802,-0.069654,0.151787,0.973246,-0.432699,0.095845,-0.14055,0.885342,-0.818703,-0.095356,0.372527,0.426446
-0.15781,-0.069706,0.151827,0.973235,-0.432667,0.095886,-0.140525,0.885357,-0.818711,-0.095347,0.372491,0.426465
-0.157791,-0.069675,0.151746,0.973252,-0.432718,0.09596,-0.140519,0.885326,-0.818701,-0.095353,0.372536,0.426443
-0.157797,-0.069645,0.151718,0.973258,-0.43276,0.096001,-0.140584,0.88529,-0.8187,-0.095368,0.372567,0.426415
-0.157809,-0.069632,0.151625,0.973271,-0.432789,0.096051,-0.140697,0.885253,-0.818698,-0.095352,0.372555,0.426433
-0.157833,-0.069638,0.151581,0.973274,-0.432781,0.096049,-0.140833,0.885235,-0.818707,-0.095345,0.37253,0.426438
-0.157828,-0.069629,0.151512,0.973286,-0.43277,0.096022,-0.140968,0.885222,-0.818711,-0.095344,0.37248,0.426475
-0.157805,-0.069638,0.151483,0.973294,-0.432792,0.095932,-0.141059,0.885207,-0.818698,-0.095349,0.372477,0.426501
-0.157838,-0.069619,0.151426,0.973299,-0.432813,0.095903,-0.14113,0.885188,-0.818682,-0.095338,0.37246,0.426548
-0.157855,-0.069599,0.151379,0.973305,-0.432828,0.095909,-0.141208,0.885167,-0.818654,-0.095339,0.372472,0.426592
-0.157884,-0.069574,0.151265,0.97332,-0.432831,0.095839,-0.141248,0.885167,-0.81866,-0.095295,0.372436,0.426621
-0.157894,-0.069535,0.151189,0.973333,-0.432775,0.095783,-0.141205,0.885208,-0.818668,-0.095246,0.372414,0.426637
-0.157905,-0.069556,0.151195,0.973328,-0.432741,0.09579,-0.14119,0.885226,-0.81869,-0.095174,0.3724,0.426622
-0.157946,-0.069572,0.151178,0.973323,-0.432708,0.095795,-0.141032,0.885267,-0.818681,-0.095153,0.372405,0.426641
-0.157965,-0.069568,0.151172,0.973321,-0.432653,0.095796,-0.140998,0.885299,-0.818681,-0.095176,0.372391,0.426646
-0.15793,-0.069569,0.151202,0.973322,-0.432635,0.095824,-0.141034,0.885299,-0.818663,-0.095165,0.372397,0.426678
-0.157982,-0.069537,0.151249,0.973309,-0.4326,0.095854,-0.141045,0.885311,-0.818678,-0.095145,0.372345,0.426699
-0.15795,-0.069513,0.151264,0.973313,-0.432621,0.09585,-0.141117,0.88529,-0.818669,-0.095112,0.372311,0.426754
-0.15797,-0.069479,0.151217,0.97332,-0.432645,0.095793,-0.141152,0.885279,-0.818673,-0.09509,0.372245,0.42681
-0.157958,-0.069486,0.151172,0.973328,-0.432674,0.09574,-0.141246,0.885255,-0.818681,-0.09507,0.372217,0.426823
-0.157944,-0.06952,0.151142,0.973333,-0.432729,0.095568,-0.14137,0.885227,-0.81866,-0.095105,0.372229,0.426845
-0.157963,-0.069525,0.151125,0.973332,-0.4327,0.095448,-0.141549,0.885226,-0.818659,-0.095154,0.372217,0.426846
-0.157992,-0.069577,0.151058,0.973334,-0.432702,0.095355,-0.141649,0.885219,-0.818657,-0.095202,0.372228,0.42683
-0.158055,-0.069652,0.15106,0.973318,-0.432694,0.095353,-0.141692,0.885216,-0.818643,-0.095191,0.372214,0.426872
-0.158071,-0.069668,0.151017,0.973321,-0.432668,0.095389,-0.14166,0.88523,-0.818617,-0.095239,0.372225,0.426901
-0.158087,-0.069667,0.150946,0.973329,-0.432645,0.095471,-0.141574,0.885246,-0.818606,-0.095266,0.372256,0.426889
-0.158107,-0.06968,0.150822,0.973345,-0.432578,0.095553,-0.141526,0.885277,-0.818602,-0.095245,0.372218,0.426935
-0.158115,-0.069682,0.150745,0.973355,-0.432552,0.095613,-0.141501,0.885288,-0.818603,-0.095275,0.372189,0.426951
-0.158092,-0.069688,0.150677,0.973369,-0.432554,0.095676,-0.141393,0.885297,-0.818584,-0.095214,0.372155,0.42703
-0.158082,-0.069641,0.150609,0.973384,-0.432553,0.095742,-0.141379,0.885293,-0.818595,-0.095181,0.372117,0.42705
-0.158064,-0.069579,0.150575,0.973397,-0.432589,0.095804,-0.141355,0.885272,-0.818589,-0.095179,0.372124,0.427055
-0.158019,-0.069563,0.150598,0.973402,-0.432618,0.095813,-0.141355,0.885257,-0.818586,-0.095157,0.372135,0.427057
-0.158036,-0.069527,0.150595,0.973402,-0.432653,0.095829,-0.141368,0.885237,-0.818581,-0.095157,0.372121,0.427079
-0.158043,-0.069516,0.150656,0.973392,-0.43264,0.095751,-0.141343,0.885255,-0.818578,-0.095132,0.372111,0.427099
-0.158096,-0.069514,0.150707,0.973376,-0.432694,0.09572,-0.141327,0.885235,-0.81856,-0.095141,0.372118,0.427124
-0.158138,-0.069526,0.15076,0.97336,-0.432652,0.095656,-0.1413,0.885266,-0.818524,-0.095128,0.372138,0.42718
-0.158196,-0.069511,0.150791,0.973347,-0.432632,0.095664,-0.141266,0.885281,-0.818511,-0.095164,0.372107,0.427224
-0.158194,-0.069545,0.150755,0.97335,-0.432573,0.095684,-0.141245,0.885311,-0.818514,-0.095206,0.372053,0.427255
-0.158211,-0.069568,0.150752,0.973346,-0.432506,0.095736,-0.141188,0.885347,-0.81849,-0.095252,0.372048,0.427295
-0.158188,-0.069571,0.150686,0.97336,-0.432431,0.095828,-0.141164,0.885377,-0.81849,-0.095287,0.372044,0.427291
-0.158193,-0.069489,0.150681,0.973366,-0.43241,0.095884,-0.1411,0.885392,-0.818499,-0.095284,0.372047,0.427271
-0.158211,-0.069453,0.150597,0.973379,-0.432381,0.095937,-0.140968,0.885421,-0.818495,-0.09532,0.372044,0.427275
-0.158207,-0.069407,0.150531,0.973393,-0.432379,0.095942,-0.140844,0.885441,-0.818476,-0.0953,0.372061,0.427301
-0.158218,-0.069399,0.150522,0.973393,-0.432355,0.09594,-0.140652,0.885484,-0.818497,-0.095259,0.372053,0.427276
-0.158179,-0.06936,0.150533,0.9734,-0.432326,0.095964,-0.140496,0.88552,-0.818493,-0.095275,0.372052,0.427282
-0.158153,-0.069368,0.150606,0.973393,-0.432349,0.096034,-0.140383,0.885519,-0.818521,-0.095311,0.372005,0.427262
-0.158139,-0.069359,0.150698,0.973381,-0.432355,0.096131,-0.140327,0.885515,-0.818526,-0.095369,0.372037,0.42721
-0.158156,-0.06941,0.15079,0.973361,-0.432376,0.09619,-0.140264,0.885508,-0.818546,-0.095368,0.372049,0.427162
-0.158144,-0.069431,0.1509,0.973344,-0.432418,0.096205,-0.140252,0.885488,-0.818544,-0.095408,0.372069,0.427139
-0.158157,-0.069418,0.150993,0.973329,-0.432424,0.096212,-0.14023,0.885487,-0.818553,-0.095439,0.372062,0.427121
-0.158186,-0.069449,0.15105,0.973313,-0.432404,0.096146,-0.140206,0.885508,-0.818546,-0.095455,0.372066,0.427127
-0.158183,-0.069493,0.151073,0.973307,-0.432425,0.09609,-0.140234,0.8855,-0.818557,-0.09547,0.371979,0.42718
-0.158198,-0.069471,0.151006,0.973316,-0.432394,0.096046,-0.14019,0.885527,-0.81854,-0.095502,0.371998,0.427188
-0.15816,-0.069476,0.150998,0.973323,-0.432378,0.096053,-0.140143,0.885541,-0.818548,-0.095472,0.371978,0.427196
-0.158179,-0.069461,0.150957,0.973328,-0.432418,0.096001,-0.140132,0.885529,-0.818587,-0.095434,0.371918,0.427182
-0.158187,-0.069405,0.150897,0.97334,-0.432426,0.096009,-0.140165,0.885519,-0.818623,-0.095365,0.371872,0.427169
-0.158159,-0.069418,0.150916,0.97334,-0.43247,0.096019,-0.140297,0.885476,-0.818621,-0.095315,0.371879,0.427179
-0.158175,-0.069412,0.150931,0.973336,-0.432464,0.096032,-0.140527,0.885441,-0.818606,-0.09526,0.371877,0.42722
-0.158136,-0.069391,0.151013,0.973331,-0.432485,0.096015,-0.140798,0.885389,-0.818647,-0.095248,0.371828,0.427188
-0.15813,-0.069441,0.150983,0.973333,-0.432518,0.095989,-0.141037,0.885338,-0.818644,-0.095266,0.371827,0.427191
-0.158121,-0.069445,0.150959,0.973338,-0.432526,0.095958,-0.141192,0.885313,-0.818628,-0.095294,0.371842,0.4272
-0.158115,-0.069478,0.150872,0.97335,-0.432529,0.09592,-0.141313,0.885296,-0.818617,-0.095332,0.371851,0.427206
-0.158121,-0.069486,0.150825,0.973356,-0.432574,0.095845,-0.141493,0.885253,-0.81861,-0.095342,0.371834,0.427232
-0.158181,-0.069452,0.150748,0.97336,-0.432605,0.095786,-0.14162,0.885224,-0.81861,-0.095399,0.371823,0.427229
-0.1582,-0.069418,0.150613,0.973381,-0.4326,0.095795,-0.141745,0.885206,-0.818629,-0.095459,0.371805,0.427194
-0.158226,-0.069384,0.15055,0.973388,-0.432599,0.09576,-0.141753,0.885208,-0.81862,-0.095485,0.371774,0.427233
-0.15818,-0.069346,0.150431,0.973417,-0.432554,0.095762,-0.14161,0.885253,-0.818613,-0.09547,0.371761,0.42726
-0.158169,-0.069348,0.150356,0.97343,-0.432553,0.095765,-0.141437,0.885281,-0.818581,-0.095505,0.371821,0.427263
-0.158153,-0.069361,0.150287,0.973443,-0.432547,0.095796,-0.141271,0.885307,-0.818586,-0.095534,0.371816,0.427252
-0.158136,-0.069371,0.150213,0.973456,-0.432538,0.095818,-0.141098,0.885337,-0.818572,-0.095496,0.371833,0.427271
-0.158155,-0.069425,0.15018,0.973454,-0.432531,0.095925,-0.141091,0.885329,-0.818578,-0.095503,0.371826,0.427265
-0.158145,-0.069395,0.15021,0.973453,-0.432556,0.095945,-0.141112,0.885312,-0.818587,-0.095507,0.371865,0.427212
-0.158131,-0.069355,0.150291,0.973446,-0.432617,0.095959,-0.141169,0.885271,-0.818577,-0.095526,0.371875,0.427218
-0.158152,-0.069316,0.150296,0.973445,-0.432635,0.09594,-0.14122,0.885257,-0.818601,-0.095506,0.371833,0.427215
-0.158155,-0.069347,0.150342,0.973435,-0.432648,0.095841,-0.141284,0.885251,-0.818601,-0.095508,0.371866,0.427184
-0.158154,-0.069325,0.150356,0.973434,-0.432676,0.095741,-0.141327,0.885241,-0.81863,-0.095538,0.371827,0.427155
-0.158221,-0.069286,0.150416,0.973417,-0.432663,0.095651,-0.141427,0.885241,-0.818635,-0.095532,0.371793,0.427178
-0.158268,-0.069248,0.150446,0.973407,-0.432654,0.095581,-0.14154,0.885235,-0.818652,-0.095513,0.37177,0.427169
-0.158281,-0.069284,0.150432,0.973405,-0.432675,0.095548,-0.141636,0.885213,-0.818657,-0.095564,0.371771,0.427147
-0.158276,-0.069303,0.150376,0.973413,-0.432662,0.09557,-0.141677,0.88521,-0.818646,-0.095615,0.371771,0.427156
-0.158271,-0.069334,0.150312,0.973422,-0.432626,0.095595,-0.141678,0.885225,-0.818639,-0.095666,0.37179,0.427141
-0.158246,-0.069346,0.150253,0.973434,-0.43265,0.095654,-0.141647,0.885212,-0.818624,-0.095709,0.371799,0.427154
-0.158276,-0.06934,0.150181,0.973441,-0.432693,0.095717,-0.141652,0.885183,-0.818623,-0.095731,0.371788,0.427159
-0.158232,-0.069318,0.150133,0.973457,-0.432711,0.095705,-0.14154,0.885194,-0.81864,-0.095726,0.371778,0.427137
-0.158175,-0.069292,0.150151,0.973465,-0.432696,0.095707,-0.141544,0.8852,-0.818643,-0.09572,0.371798,0.427115
-0.158183,-0.069261,0.150195,0.973459,-0.432766,0.095671,-0.141529,0.885172,-0.818648,-0.095666,0.371771,0.427142
-0.158192,-0.06925,0.150257,0.973449,-0.432827,0.095638,-0.141511,0.885149,-0.818639,-0.095671,0.371791,0.427141
-0.158222,-0.069274,0.150349,0.973428,-0.432806,0.095604,-0.141505,0.885164,-0.818675,-0.095633,0.371784,0.427086
-0.158199,-0.069316,0.150389,0.973423,-0.432784,0.09558,-0.141545,0.885171,-0.818649,-0.095642,0.371814,0.427107
-0.158193,-0.069324,0.150451,0.973413,-0.432732,0.095627,-0.141597,0.885183,-0.818662,-0.095661,0.371807,0.427085
-0.158244,-0.069378,0.150511,0.973392,-0.432703,0.095686,-0.14175,0.885166,-0.818703,-0.095638,0.371799,0.427018
-0.158278,-0.069398,0.150528,0.973382,-0.432697,0.095727,-0.141839,0.88515,-0.81869,-0.095564,0.371826,0.427036
-0.158288,-0.06939,0.150524,0.973382,-0.432683,0.095757,-0.14191,0.885143,-0.818695,-0.09552,0.37184,0.427024
-0.158282,-0.069345,0.15049,0.973391,-0.432731,0.09569,-0.141946,0.885121,-0.818691,-0.095528,0.371859,0.427014
-0.158233,-0.069312,0.15043,0.973411,-0.432772,0.095589,-0.141989,0.885104,-0.818712,-0.095539,0.37182,0.427005
-0.158278,-0.069328,0.150389,0.973409,-0.432776,0.095541,-0.141959,0.885113,-0.818719,-0.095591,0.371819,0.426981
-0.158244,-0.069358,0.150325,0.973422,-0.432798,0.0955,-0.141857,0.885123,-0.818725,-0.095668,0.37183,0.426942
-0.158224,-0.069394,0.150289,0.973428,-0.432778,0.095513,-0.14174,0.88515,-0.81871,-0.095678,0.371858,0.426944
-0.158211,-0.069447,0.150313,0.973423,-0.432774,0.095608,-0.141539,0.885174,-0.818721,-0.09565,0.371866,0.426923
-0.158238,-0.069478,0.150366,0.973408,-0.432756,0.095682,-0.141353,0.885204,-0.818677,-0.095669,0.371925,0.42695
-0.158278,-0.069522,0.150406,0.973392,-0.432755,0.095827,-0.141291,0.885199,-0.818696,-0.095672,0.371876,0.426957
-0.158317,-0.069503,0.15046,0.973379,-0.432735,0.095943,-0.141245,0.885203,-0.818707,-0.095662,0.371861,0.42695
-0.158317,-0.069505,0.150522,0.973369,-0.432765,0.096017,-0.141173,0.885192,-0.818698,-0.095676,0.371858,0.426966
-0.158279,-0.069476,0.150535,0.973376,-0.432788,0.096031,-0.141048,0.885199,-0.818706,-0.095659,0.371831,0.42698
-0.158266,-0.069446,0.150614,0.973368,-0.432815,0.095998,-0.140915,0.885211,-0.818734,-0.095631,0.371786,0.426971
-0.158201,-0.069438,0.150658,0.973372,-0.432843,0.095965,-0.140859,0.88521,-0.818748,-0.095635,0.371747,0.426977
-0.15818,-0.069445,0.150658,0.973375,-0.432862,0.095892,-0.140864,0.885207,-0.818763,-0.095623,0.371742,0.426956
-0.158217,-0.069439,0.150706,0.973362,-0.432899,0.095847,-0.140969,0.885178,-0.818736,-0.095625,0.371727,0.427021
-0.15826,-0.069437,0.150808,0.973339,-0.432903,0.095867,-0.141046,0.885162,-0.818736,-0.095638,0.371756,0.426992
-0.158204,-0.06947,0.150907,0.973331,-0.43294,0.09586,-0.141082,0.885139,-0.818731,-0.09567,0.371754,0.426997
-0.158196,-0.069474,0.150864,0.973338,-0.433009,0.095873,-0.141034,0.885111,-0.818726,-0.095751,0.371781,0.426964
-0.158193,-0.069462,0.150818,0.973347,-0.433028,0.095872,-0.140986,0.885109,-0.818731,-0.095781,0.371785,0.426945
-0.15825,-0.069407,0.150734,0.973354,-0.433043,0.095883,-0.140918,0.885112,-0.81871,-0.095809,0.37181,0.426958
-0.158321,-0.069413,0.150698,0.973348,-0.433016,0.095876,-0.140869,0.885133,-0.818681,-0.095861,0.371838,0.426975
-0.158253,-0.06939,0.150658,0.973367,-0.433014,0.095855,-0.140819,0.885145,-0.818682,-0.095918,0.371811,0.426985
-0.158272,-0.06935,0.150606,0.973375,-0.432989,0.095956,-0.140789,0.885151,-0.8187,-0.095997,0.371805,0.426937
-0.158254,-0.069315,0.150536,0.973391,-0.432962,0.095995,-0.140753,0.885165,-0.818704,-0.096108,0.371793,0.426916
-0.158221,-0.069321,0.15058,0.973389,-0.432936,0.096027,-0.140707,0.885182,-0.818724,-0.096121,0.371763,0.426902
-0.158197,-0.069333,0.150579,0.973392,-0.432931,0.096033,-0.14058,0.885204,-0.818729,-0.096124,0.37178,0.426876
-0.158171,-0.069324,0.150675,0.973382,-0.432966,0.095994,-0.140507,0.885202,-0.818744,-0.096133,0.371775,0.42685
-0.1582,-0.069319,0.150694,0.973375,-0.432984,0.095952,-0.140478,0.885203,-0.818731,-0.096099,0.371724,0.426926
-0.158214,-0.069246,0.150717,0.973374,-0.433004,0.095947,-0.14053,0.885185,-0.818748,-0.09608,0.371715,0.426906
-0.158209,-0.069288,0.150808,0.973358,-0.433026,0.095937,-0.140619,0.885161,-0.818776,-0.09604,0.371697,0.426878
-0.158205,-0.069283,0.150901,0.973345,-0.433039,0.095933,-0.140755,0.885134,-0.818797,-0.096003,0.371696,0.426846
-0.158224,-0.069292,0.150948,0.973334,-0.433044,0.095919,-0.140924,0.885106,-0.818814,-0.096008,0.371723,0.426789
-0.158254,-0.069306,0.150956,0.973327,-0.433019,0.095873,-0.141035,0.885106,-0.818838,-0.096015,0.371735,0.42673
-0.158212,-0.069302,0.150953,0.973334,-0.433002,0.095861,-0.14111,0.885103,-0.818854,-0.096,0.371697,0.426736
-0.158194,-0.069313,0.150896,0.973345,-0.432962,0.095869,-0.141062,0.88513,-0.818836,-0.096025,0.371714,0.426751
-0.158202,-0.069249,0.150815,0.973361,-0.43294,0.095909,-0.141053,0.885137,-0.818839,-0.096072,0.371703,0.426743
-0.158278,-0.069196,0.150703,0.97337,-0.432941,0.095912,-0.141042,0.885139,-0.818827,-0.096042,0.371683,0.426791
-0.158342,-0.06913,0.150641,0.973373,-0.432942,0.096008,-0.141033,0.885129,-0.818843,-0.096048,0.371624,0.426809
-0.158333,-0.069141,0.150625,0.973377,-0.432958,0.096079,-0.141021,0.885115,-0.818846,-0.096034,0.371639,0.426795
-0.158333,-0.069133,0.150584,0.973384,-0.433005,0.096107,-0.141057,0.885083,-0.818848,-0.096012,0.371668,0.42677
-0.158307,-0.069101,0.150607,0.973387,-0.433055,0.096138,-0.141126,0.885045,-0.818814,-0.096094,0.371693,0.426795
-0.158317,-0.069095,0.150563,0.973392,-0.433084,0.096189,-0.141217,0.885011,-0.81883,-0.096161,0.371683,0.426759
-0.158362,-0.069023,0.150529,0.973395,-0.433081,0.096247,-0.141325,0.884989,-0.818825,-0.096171,0.371685,0.426763
-0.158382,-0.068947,0.150529,0.973397,-0.43306,0.096207,-0.141385,0.884994,-0.818838,-0.09617,0.371664,0.426757
-0.158364,-0.06889,0.15052,0.973406,-0.433089,0.096174,-0.141418,0.884977,-0.818845,-0.096212,0.371651,0.426745
-0.158395,-0.068829,0.150517,0.973406,-0.433061,0.09616,-0.141439,0.88499,-0.818858,-0.096279,0.371641,0.426714
-0.15844,-0.068806,0.150448,0.97341,-0.433024,0.096081,-0.141471,0.885011,-0.818877,-0.096296,0.371629,0.426685
-0.158442,-0.06878,0.150395,0.97342,-0.432979,0.096065,-0.141469,0.885035,-0.818883,-0.096294,0.37161,0.426689
-0.158445,-0.068766,0.15035,0.973428,-0.433014,0.096058,-0.141479,0.885017,-0.818863,-0.096261,0.371632,0.426717
-0.158413,-0.068804,0.150306,0.973437,-0.433021,0.096064,-0.141471,0.885015,-0.818857,-0.096209,0.371654,0.426721
-0.158415,-0.068836,0.15028,0.973438,-0.433018,0.09612,-0.141402,0.885021,-0.818852,-0.096171,0.371637,0.426754
-0.15842,-0.068793,0.150243,0.973446,-0.433058,0.096228,-0.141373,0.884994,-0.818883,-0.096183,0.371576,0.426745
-0.158441,-0.068763,0.15024,0.973445,-0.433045,0.096338,-0.141296,0.885001,-0.818876,-0.096206,0.371547,0.426777
-0.158448,-0.068748,0.150298,0.973436,-0.433024,0.096411,-0.141306,0.885002,-0.818888,-0.096196,0.371534,0.426769
-0.158446,-0.068706,0.150323,0.973436,-0.433032,0.096402,-0.141313,0.884997,-0.818869,-0.096196,0.371528,0.426811
-0.158489,-0.068701,0.150345,0.973426,-0.433051,0.096405,-0.1414,0.884974,-0.818866,-0.096203,0.371494,0.426845
-0.1585,-0.068704,0.150342,0.973424,-0.433057,0.096349,-0.141569,0.88495,-0.818863,-0.096198,0.371471,0.42687
-0.158556,-0.068671,0.150374,0.973413,-0.433069,0.096129,-0.141772,0.884936,-0.818858,-0.096205,0.37147,0.42688
-0.15854,-0.068642,0.150348,0.973421,-0.433101,0.095918,-0.14197,0.884911,-0.818836,-0.096274,0.371486,0.426893
-0.15853,-0.068665,0.150274,0.973433,-0.43308,0.095752,-0.142163,0.884908,-0.81882,-0.096291,0.371538,0.426875
-0.158526,-0.068715,0.150201,0.973441,-0.433085,0.095696,-0.142339,0.884884,-0.818822,-0.096337,0.371554,0.426845
-0.15848,-0.068755,0.150158,0.973452,-0.432988,0.095626,-0.142452,0.884921,-0.818781,-0.096395,0.371599,0.426873
-0.158439,-0.068736,0.150105,0.973468,-0.432954,0.095658,-0.142587,0.884912,-0.818783,-0.096418,0.371613,0.426852
-0.158485,-0.068748,0.150078,0.973464,-0.432925,0.095747,-0.142728,0.884894,-0.81879,-0.096441,0.371626,0.426822
-0.158445,-0.068716,0.149973,0.973489,-0.432889,0.095849,-0.142806,0.884888,-0.818807,-0.096418,0.371602,0.426816
-0.158447,-0.068748,0.149915,0.973496,-0.432854,0.095902,-0.142772,0.884905,-0.818829,-0.096345,0.371571,0.426815
-0.158392,-0.068742,0.149853,0.973514,-0.432906,0.095903,-0.142641,0.884901,-0.818846,-0.096263,0.371584,0.426791
-0.158389,-0.068677,0.149723,0.97354,-0.432958,0.095899,-0.142582,0.884885,-0.818832,-0.096234,0.371601,0.426808
-0.158383,-0.068672,0.14964,0.973554,-0.433,0.095871,-0.142555,0.884872,-0.818842,-0.096259,0.371583,0.4268
-0.158382,-0.068635,0.149626,0.973559,-0.433008,0.095866,-0.142687,0.884847,-0.818866,-0.096288,0.371553,0.426774
-0.158391,-0.068642,0.149702,0.973545,-0.433025,0.095884,-0.142787,0.884821,-0.818866,-0.096317,0.371516,0.426799
-0.158413,-0.068648,0.149826,0.973522,-0.432973,0.095911,-0.142799,0.884841,-0.818887,-0.096299,0.371503,0.426775
-0.158401,-0.068684,0.149893,0.973511,-0.432973,0.095804,-0.142331,0.884928,-0.818871,-0.096223,0.371497,0.426828
-0.158409,-0.068706,0.149908,0.973506,-0.432938,0.095855,-0.142307,0.884944,-0.81885,-0.096238,0.371483,0.426876
-0.158365,-0.06874,0.14992,0.973509,-0.43291,0.095907,-0.142197,0.88497,-0.818876,-0.096181,0.371467,0.426853
-0.158322,-0.068753,0.149887,0.97352,-0.432892,0.095933,-0.142109,0.884989,-0.818821,-0.096114,0.371489,0.426955
-0.158286254955625,-0.0687860897953995,0.14989492,0.973519177187279,-0.432881209655172,0.0959362329619239,-0.142069043078191,0.884999804204032,-0.81881888,-0.0960923901526132,0.371488459140187,0.426970515504876
-0.158251978531795,-0.0688408463201608,0.14991516,0.973517011561837,-0.432871635862069,0.0959385170821643,-0.142040658038401,0.885008342264748,-0.81881744,-0.0960804102054736,0.371486817420561,0.426981619942986
-0.158221474630154,-0.0689057579472224,0.14994244,0.973513957342756,-0.432863957241379,0.0959399847214429,-0.142018451459515,0.885015378223447,-0.81881656,-0.0960717351820275,0.371484046130841,0.426988866628657
-0.158197047152341,-0.0689693130495226,0.14997148,0.973510468749117,-0.432858852413793,0.095940768240481,-0.14199702992042,0.885021676121431,-0.81881612,-0.0960600401057209,0.371480116560748,0.426992808876219
-0.158181,-0.06902,0.149997,0.973507,-0.432857,0.095941,-0.141971,0.885028,-0.818816,-0.096039,0.371475,0.426994
-0.158173,-0.069055,0.150019,0.973503,-0.432859,0.095925,-0.141939,0.885034,-0.818837,-0.095978,0.371458,0.426982
-0.158149,-0.069072,0.150056,0.973499,-0.43282,0.095903,-0.14201,0.885044,-0.818859,-0.095832,0.371425,0.427002
-0.158092,-0.06912,0.150096,0.973499,-0.432847,0.095851,-0.142101,0.885022,-0.818877,-0.095773,0.371396,0.427005
-0.15813,-0.069152,0.150207,0.973473,-0.432893,0.095769,-0.142259,0.884983,-0.818918,-0.095728,0.371358,0.426969
-0.158107,-0.069218,0.150245,0.973467,-0.432873,0.095703,-0.142411,0.884975,-0.818955,-0.095666,0.371361,0.42691
-0.158123,-0.06922,0.150297,0.973456,-0.43288,0.095637,-0.142506,0.884964,-0.818979,-0.095631,0.37136,0.426873
-0.158143,-0.069235,0.150311,0.97345,-0.432917,0.095601,-0.142586,0.884937,-0.819009,-0.095615,0.371323,0.42685
-0.158142,-0.069281,0.150331,0.973443,-0.432917,0.095564,-0.142666,0.884928,-0.818995,-0.095617,0.371323,0.426876
-0.158151,-0.06934,0.150308,0.973441,-0.432913,0.095553,-0.142738,0.884919,-0.818991,-0.095634,0.37131,0.426892
-0.158104,-0.069357,0.150321,0.973446,-0.432928,0.095556,-0.142813,0.884899,-0.818988,-0.095649,0.371339,0.42687
-0.158092,-0.06936,0.150225,0.973462,-0.432939,0.095558,-0.142897,0.88488,-0.818995,-0.09569,0.371334,0.426851
-0.158069,-0.069396,0.150166,0.973472,-0.432963,0.095564,-0.142903,0.884867,-0.818968,-0.095712,0.371377,0.426862
-0.158074,-0.069411,0.150144,0.973474,-0.432972,0.095621,-0.142904,0.884856,-0.818924,-0.095756,0.371416,0.426901
-0.158081,-0.069418,0.150083,0.973482,-0.43297,0.095588,-0.14284,0.884871,-0.818903,-0.095806,0.371432,0.426916
-0.158059,-0.069412,0.150033,0.973493,-0.432964,0.09557,-0.142813,0.88488,-0.818878,-0.095839,0.371482,0.426915
-0.158097,-0.069428,0.150003,0.973491,-0.432977,0.09549,-0.142667,0.884906,-0.818861,-0.095838,0.371565,0.426874
-0.158105,-0.069415,0.149998,0.973491,-0.432981,0.095482,-0.142585,0.884918,-0.818849,-0.095796,0.371568,0.426904
-0.158105,-0.069437,0.15003,0.973485,-0.433009,0.095491,-0.142524,0.884913,-0.818846,-0.095762,0.371566,0.426919
-0.158088,-0.069449,0.150069,0.973481,-0.433015,0.095463,-0.142476,0.884921,-0.818852,-0.095733,0.371534,0.426942
-0.158081,-0.069447,0.150159,0.973468,-0.433,0.095432,-0.142552,0.884919,-0.818874,-0.09564,0.371515,0.426937
-0.158092,-0.069449,0.150261,0.97345,-0.433012,0.095408,-0.142598,0.884909,-0.818896,-0.095573,0.371488,0.426933
-0.158114,-0.069503,0.150293,0.973438,-0.433055,0.095403,-0.142707,0.884871,-0.818901,-0.09551,0.371509,0.42692
-0.158129,-0.069534,0.15036,0.973423,-0.433082,0.095355,-0.142856,0.884839,-0.818886,-0.095485,0.371488,0.426972
-0.158125,-0.069547,0.150375,0.97342,-0.4331,0.095337,-0.14303,0.884804,-0.818881,-0.095464,0.371463,0.427008
-0.158123,-0.069584,0.150385,0.973416,-0.433072,0.09534,-0.143195,0.88479,-0.818862,-0.095445,0.371472,0.427041
-0.158121,-0.069616,0.15034,0.973421,-0.433024,0.095272,-0.14329,0.884806,-0.818879,-0.095432,0.371457,0.427024
-0.158093,-0.069673,0.150343,0.973421,-0.433074,0.095262,-0.143264,0.884787,-0.818869,-0.095455,0.371462,0.427034
-0.158024,-0.069669,0.150224,0.973451,-0.43299,0.095294,-0.143202,0.884834,-0.818859,-0.09548,0.37146,0.427049
-0.158026,-0.069643,0.150137,0.973466,-0.432953,0.095346,-0.143065,0.884869,-0.818849,-0.095455,0.371442,0.427089
-0.158017,-0.069626,0.150094,0.973476,-0.432965,0.095435,-0.142913,0.884878,-0.81885,-0.095409,0.371447,0.427094
-0.158006,-0.069596,0.150006,0.973493,-0.433008,0.09559,-0.14288,0.884846,-0.818839,-0.095395,0.37146,0.427107
-0.157991,-0.06957,0.150001,0.973498,-0.433026,0.095695,-0.142829,0.884834,-0.818834,-0.09538,0.371467,0.427114
-0.158023,-0.069545,0.149998,0.973495,-0.433103,0.095745,-0.142846,0.884788,-0.818836,-0.095412,0.371457,0.427112
-0.158023,-0.06954,0.150005,0.973494,-0.433167,0.095774,-0.142878,0.884749,-0.818835,-0.095456,0.371463,0.427097
-0.158047,-0.069513,0.150101,0.973478,-0.43323,0.095781,-0.142985,0.8847,-0.81885,-0.095457,0.371488,0.427047
-0.15804,-0.069512,0.150206,0.973463,-0.433283,0.095761,-0.143081,0.88466,-0.818858,-0.095467,0.37148,0.427037
-0.15811,-0.06948,0.150267,0.973444,-0.433261,0.095706,-0.143256,0.884649,-0.818879,-0.095506,0.371445,0.427019
-0.158144,-0.069487,0.150278,0.973437,-0.433286,0.095715,-0.143362,0.884618,-0.818875,-0.095558,0.371453,0.427008
-0.158187,-0.069468,0.150302,0.973427,-0.433271,0.095712,-0.14338,0.884623,-0.818881,-0.095597,0.371433,0.427005
-0.158174,-0.069471,0.15029,0.973431,-0.433217,0.095688,-0.143394,0.88465,-0.818909,-0.095604,0.371418,0.426962
-0.158148,-0.069508,0.15025,0.973439,-0.433175,0.095767,-0.143388,0.884663,-0.818916,-0.095586,0.371403,0.426966
-0.158096,-0.069516,0.150205,0.973454,-0.433119,0.095784,-0.143365,0.884692,-0.818913,-0.095566,0.371405,0.426975
-0.158071,-0.069437,0.150176,0.973467,-0.433109,0.095833,-0.143354,0.884693,-0.818895,-0.095576,0.371384,0.427025
-0.15805,-0.069406,0.150083,0.973488,-0.433101,0.09587,-0.143455,0.884677,-0.818876,-0.095574,0.371382,0.427064
-0.158071,-0.069401,0.150037,0.973492,-0.433127,0.095895,-0.143606,0.884637,-0.818862,-0.09558,0.371354,0.427112
-0.158037,-0.069343,0.15001,0.973505,-0.433123,0.095874,-0.143719,0.884623,-0.818833,-0.095616,0.371341,0.427171
-0.158096,-0.06931,0.14997,0.973504,-0.433206,0.09587,-0.143808,0.884568,-0.818836,-0.095649,0.371339,0.427161
-0.158118,-0.069268,0.149961,0.973505,-0.433234,0.095785,-0.143823,0.884561,-0.818817,-0.095652,0.371338,0.427198
-0.158103,-0.069283,0.149917,0.973513,-0.433231,0.095637,-0.143836,0.884576,-0.818812,-0.095645,0.371336,0.427211
-0.15808,-0.069255,0.149887,0.973524,-0.43324,0.095533,-0.143903,0.884572,-0.8188,-0.095638,0.371333,0.427238
-0.158076,-0.069258,0.149872,0.973526,-0.43323,0.095484,-0.144067,0.884556,-0.818804,-0.095655,0.371315,0.427243
-0.158043,-0.069264,0.149874,0.973531,-0.433201,0.095457,-0.144233,0.884546,-0.818787,-0.095652,0.371385,0.427213
-0.15799,-0.069315,0.149822,0.973544,-0.433176,0.095509,-0.144296,0.884542,-0.818761,-0.095657,0.371404,0.427247
-0.157934,-0.069317,0.149777,0.97356,-0.433188,0.095549,-0.144323,0.884528,-0.818753,-0.095658,0.371437,0.427233
-0.157929,-0.069354,0.14973,0.973565,-0.433161,0.09561,-0.144208,0.884553,-0.818763,-0.095623,0.371397,0.427256
-0.157919,-0.069326,0.149612,0.973587,-0.433148,0.095711,-0.144111,0.884564,-0.818734,-0.095652,0.371426,0.42728
-0.157919,-0.069312,0.149526,0.973601,-0.433141,0.095785,-0.143925,0.88459,-0.818738,-0.095633,0.371442,0.427263
-0.157934,-0.06927,0.149499,0.973606,-0.433179,0.095888,-0.143757,0.884588,-0.818744,-0.095612,0.371433,0.427263
-0.15788,-0.069272,0.149492,0.973616,-0.43321,0.095999,-0.143716,0.884567,-0.818747,-0.095556,0.371431,0.427272
-0.157858,-0.069218,0.149513,0.97362,-0.43319,0.096025,-0.143647,0.884585,-0.81871,-0.095535,0.371477,0.427309
-0.157865,-0.069236,0.149652,0.973596,-0.433199,0.096031,-0.143659,0.884578,-0.818702,-0.095531,0.371482,0.427319
-0.15786,-0.069254,0.149751,0.97358,-0.433244,0.095945,-0.143659,0.884566,-0.818686,-0.095544,0.37145,0.427375
-0.157888,-0.06919,0.149828,0.973568,-0.433236,0.095918,-0.143733,0.88456,-0.818699,-0.095521,0.371423,0.427379
-0.157902,-0.069176,0.149876,0.97356,-0.433237,0.095863,-0.143779,0.884558,-0.818709,-0.095486,0.371404,0.427383
-0.157891,-0.069188,0.149909,0.973556,-0.433262,0.09581,-0.143909,0.884531,-0.818725,-0.095422,0.371374,0.427393
-0.15792,-0.069222,0.14992,0.973547,-0.433307,0.095761,-0.144062,0.884489,-0.818732,-0.095351,0.371362,0.427406
-0.157914,-0.069219,0.149947,0.973544,-0.433338,0.095715,-0.144128,0.884468,-0.818751,-0.095348,0.371324,0.427404
-0.157908,-0.06925,0.149945,0.973543,-0.433301,0.095636,-0.144228,0.884479,-0.81877,-0.095337,0.371298,0.427394
-0.157917,-0.069276,0.149942,0.97354,-0.433285,0.095517,-0.144288,0.884489,-0.818728,-0.095386,0.371354,0.427413
-0.157942,-0.069285,0.149872,0.973546,-0.433274,0.095436,-0.144374,0.884489,-0.818698,-0.095409,0.37137,0.427451
-0.157913,-0.06932,0.149804,0.973559,-0.433263,0.095379,-0.144427,0.884493,-0.818683,-0.095427,0.371401,0.427449
-0.157862,-0.069335,0.149744,0.973575,-0.433221,0.095371,-0.144407,0.884517,-0.818702,-0.095424,0.371338,0.427469
-0.157845,-0.069361,0.149758,0.973574,-0.43321,0.095446,-0.144415,0.884513,-0.818687,-0.095423,0.371352,0.427484
-0.157822,-0.069395,0.149694,0.973585,-0.433174,0.095483,-0.144382,0.884532,-0.818675,-0.09541,0.371337,0.427524
-0.157862,-0.069431,0.149663,0.973581,-0.433162,0.095521,-0.144259,0.884554,-0.818668,-0.095361,0.371341,0.427546
-0.157815,-0.069422,0.149605,0.973598,-0.433125,0.09554,-0.144102,0.884596,-0.818653,-0.095366,0.371347,0.427569
-0.157785,-0.069439,0.149629,0.973598,-0.433152,0.095555,-0.143923,0.88461,-0.818635,-0.095424,0.371367,0.42757
-0.157758,-0.069381,0.149636,0.973606,-0.433152,0.09561,-0.143787,0.884626,-0.818621,-0.095429,0.371408,0.427562
-0.157735,-0.0694,0.149614,0.973611,-0.433195,0.095642,-0.143773,0.884604,-0.818614,-0.095446,0.371442,0.427543
-0.157719,-0.069402,0.149644,0.973609,-0.433261,0.095616,-0.143782,0.884573,-0.818627,-0.095447,0.371432,0.427526
-0.157751,-0.069439,0.149726,0.973589,-0.4333,0.095571,-0.143845,0.884548,-0.818621,-0.095498,0.371468,0.427494
-0.157768,-0.06943,0.149849,0.973568,-0.433316,0.095545,-0.143935,0.884529,-0.818641,-0.09545,0.371456,0.427478
-0.157778,-0.069444,0.149902,0.973557,-0.433306,0.095479,-0.144023,0.884527,-0.818648,-0.095473,0.371431,0.427481
-0.15772,-0.069451,0.149945,0.973559,-0.433337,0.09535,-0.144186,0.884499,-0.818648,-0.095502,0.371432,0.427474
-0.157737,-0.069465,0.149922,0.973559,-0.433329,0.095295,-0.144291,0.884492,-0.818623,-0.095525,0.371458,0.427494
-0.157713,-0.069462,0.149884,0.973569,-0.433325,0.095244,-0.144359,0.884488,-0.8186,-0.095551,0.371481,0.427512
-0.1577,-0.069476,0.14988,0.973571,-0.433295,0.095269,-0.144342,0.884503,-0.818584,-0.095575,0.371519,0.427503
-0.157698,-0.069473,0.149814,0.973581,-0.43325,0.095288,-0.144264,0.884535,-0.81856,-0.095587,0.371522,0.427545
-0.157704,-0.0695,0.149811,0.973579,-0.433197,0.095357,-0.144144,0.884573,-0.818549,-0.095567,0.371499,0.427589
-0.157656,-0.069509,0.149753,0.973595,-0.433165,0.095457,-0.143998,0.884602,-0.818549,-0.095605,0.371531,0.427553
-0.157602,-0.06953,0.149688,0.973612,-0.433109,0.095575,-0.143824,0.884645,-0.818563,-0.095587,0.371527,0.427535
-0.157593,-0.069501,0.149649,0.973622,-0.433099,0.095672,-0.143657,0.884666,-0.818578,-0.095563,0.371507,0.427529
-0.157564,-0.069446,0.149649,0.97363,-0.43313,0.095707,-0.143584,0.884659,-0.818568,-0.095483,0.371516,0.427558
-0.157575,-0.069423,0.149746,0.973615,-0.433215,0.095751,-0.143546,0.884619,-0.818554,-0.095449,0.371558,0.427555
-0.15761,-0.069406,0.149855,0.973594,-0.433316,0.095769,-0.143608,0.884558,-0.818542,-0.095409,0.371516,0.427624
-0.15768,-0.069406,0.149878,0.973579,-0.433401,0.095775,-0.14371,0.884499,-0.818564,-0.0954,0.371491,0.427605
-0.157735,-0.0694,0.149971,0.973556,-0.433454,0.095756,-0.143806,0.884459,-0.818559,-0.095435,0.371452,0.427642
-0.157728,-0.069421,0.150025,0.973548,-0.433466,0.095769,-0.143903,0.884436,-0.81855,-0.095484,0.371421,0.427674
-0.157758,-0.069439,0.150064,0.973536,-0.433473,0.095788,-0.144093,0.8844,-0.818537,-0.095497,0.371418,0.427699
-0.157819,-0.069426,0.150037,0.973531,-0.43344,0.095776,-0.144171,0.884404,-0.818509,-0.095545,0.371415,0.427745
-0.157819,-0.069394,0.149977,0.973542,-0.433452,0.095764,-0.144256,0.884386,-0.818473,-0.095596,0.371448,0.427773
-0.157847,-0.069386,0.14993,0.973545,-0.433413,0.095799,-0.144238,0.884404,-0.818458,-0.095651,0.371424,0.42781
-0.15782,-0.069315,0.149805,0.973574,-0.43332,0.095825,-0.14423,0.884448,-0.818454,-0.095679,0.371418,0.427818
-0.157836,-0.069294,0.149703,0.973589,-0.433299,0.095814,-0.144237,0.884459,-0.818446,-0.095683,0.371436,0.427815
-0.157837,-0.06928,0.149567,0.97361,-0.433327,0.095857,-0.144189,0.884448,-0.818431,-0.095755,0.371459,0.427809
-0.157808,-0.069227,0.149451,0.973637,-0.433335,0.095867,-0.144174,0.884446,-0.818452,-0.095799,0.371426,0.427787
-0.157805,-0.069173,0.149383,0.973651,-0.433362,0.095855,-0.144111,0.884444,-0.818479,-0.095816,0.371414,0.427741
-0.15781,-0.069128,0.149365,0.973657,-0.433401,0.095861,-0.144029,0.884437,-0.818489,-0.095842,0.371397,0.427732
-0.157818,-0.069095,0.149371,0.973657,-0.433417,0.095863,-0.144031,0.884429,-0.818483,-0.095817,0.371418,0.42773
-0.157817,-0.069088,0.149363,0.973659,-0.433426,0.095869,-0.143956,0.884437,-0.818515,-0.09582,0.371427,0.427661
-0.15782,-0.069094,0.149428,0.973648,-0.433419,0.095888,-0.14393,0.884442,-0.818516,-0.095823,0.371436,0.427649
-0.157869,-0.069116,0.149501,0.973627,-0.433447,0.095863,-0.143959,0.884426,-0.818505,-0.095859,0.37144,0.42766
-0.157886,-0.069135,0.149519,0.97362,-0.433417,0.095858,-0.143974,0.884439,-0.818502,-0.095893,0.371431,0.427666
-0.157871,-0.069173,0.149583,0.97361,-0.433422,0.095869,-0.143958,0.884438,-0.818516,-0.095856,0.371398,0.427675
-0.157849,-0.069151,0.149562,0.973618,-0.433416,0.095867,-0.144029,0.884429,-0.818527,-0.095829,0.371349,0.427705
-0.157818,-0.069158,0.149569,0.973622,-0.433381,0.095844,-0.144118,0.884435,-0.818559,-0.095808,0.371293,0.427696
-0.157812,-0.069128,0.149544,0.973629,-0.433419,0.095817,-0.14422,0.884403,-0.818539,-0.095818,0.371288,0.427737
-0.157839,-0.069134,0.14953,0.973626,-0.433397,0.095786,-0.144338,0.884397,-0.818539,-0.095822,0.371242,0.427776
-0.15783,-0.06902,0.149525,0.973636,-0.433426,0.095748,-0.144405,0.884376,-0.818518,-0.095808,0.371242,0.427819
-0.157818,-0.069039,0.149465,0.973646,-0.433438,0.095754,-0.144541,0.884347,-0.818484,-0.095843,0.371259,0.427861
-0.157856,-0.06903,0.149403,0.97365,-0.433424,0.095781,-0.144656,0.884333,-0.81848,-0.095897,0.371297,0.427823
-0.15789,-0.069023,0.149406,0.973645,-0.433418,0.095818,-0.144696,0.884325,-0.818463,-0.095943,0.371338,0.427811
-0.157865,-0.069055,0.149408,0.973646,-0.433396,0.095824,-0.144746,0.884327,-0.818457,-0.09598,0.371345,0.427806
-0.157913,-0.068994,0.149413,0.973642,-0.433357,0.095825,-0.144757,0.884344,-0.818435,-0.096053,0.371333,0.427843
-0.157939,-0.068961,0.149337,0.973652,-0.433343,0.095842,-0.144801,0.884342,-0.818467,-0.096023,0.371312,0.427807
-0.15793,-0.068988,0.149308,0.973656,-0.433276,0.095858,-0.144842,0.884367,-0.818448,-0.096009,0.371298,0.427857
-0.157881,-0.06902,0.149238,0.973672,-0.433247,0.095858,-0.144834,0.884382,-0.818422,-0.096057,0.371296,0.427899
-0.157837,-0.069019,0.149192,0.973687,-0.43325,0.095848,-0.144834,0.884381,-0.818411,-0.096146,0.37133,0.427871
-0.157802,-0.068976,0.149113,0.973707,-0.433264,0.095861,-0.14485,0.884371,-0.818396,-0.096202,0.371326,0.42789
-0.157803,-0.068953,0.149026,0.973722,-0.433243,0.095889,-0.144914,0.884367,-0.818382,-0.096251,0.371326,0.427906
-0.157814,-0.068958,0.148991,0.973725,-0.433249,0.095872,-0.144977,0.884356,-0.818359,-0.096274,0.371375,0.427904
-0.157847,-0.068983,0.148899,0.973732,-0.433285,0.095854,-0.145068,0.884326,-0.818346,-0.096267,0.371374,0.42793
-0.157807,-0.068906,0.148879,0.973747,-0.433339,0.095851,-0.145161,0.884284,-0.818354,-0.096199,0.37138,0.427924
-0.157805,-0.068871,0.148821,0.973759,-0.433398,0.095814,-0.145261,0.884243,-0.81836,-0.096134,0.371367,0.427939
-0.157845,-0.068877,0.148796,0.973756,-0.43347,0.095757,-0.145374,0.884195,-0.818381,-0.096163,0.371341,0.427915
-0.157879,-0.068907,0.148837,0.973742,-0.433517,0.095642,-0.145461,0.88417,-0.818384,-0.096187,0.371356,0.427892
-0.157928,-0.068908,0.148834,0.973734,-0.43351,0.095683,-0.145567,0.884152,-0.818377,-0.096177,0.371349,0.427912
-0.157948,-0.06893,0.148826,0.973731,-0.433522,0.095759,-0.145604,0.884131,-0.818381,-0.096172,0.371303,0.427946
-0.157929,-0.068987,0.148837,0.973728,-0.433482,0.095851,-0.145584,0.884144,-0.818395,-0.096114,0.371284,0.42795
-0.157942,-0.068986,0.148844,0.973725,-0.433453,0.095959,-0.145537,0.884154,-0.818408,-0.096098,0.371269,0.42794
-0.157956,-0.068995,0.148846,0.973722,-0.433453,0.095958,-0.14548,0.884164,-0.818432,-0.096074,0.371232,0.427931
-0.157967,-0.068963,0.148796,0.97373,-0.433451,0.095898,-0.145421,0.884181,-0.818404,-0.096041,0.37123,0.427995
-0.157954,-0.068953,0.148761,0.973738,-0.433404,0.095752,-0.145507,0.884206,-0.818405,-0.096055,0.371226,0.427993
-0.157902,-0.068958,0.148705,0.973755,-0.433412,0.095638,-0.14556,0.884206,-0.818379,-0.096088,0.371256,0.42801
-0.157901,-0.068953,0.148632,0.973767,-0.433417,0.095508,-0.145555,0.884218,-0.81836,-0.096099,0.371308,0.427998
-0.157878,-0.068989,0.148542,0.973782,-0.43342,0.095433,-0.145571,0.884222,-0.818358,-0.096126,0.371304,0.427999
-0.157843,-0.068985,0.148509,0.973792,-0.433419,0.095386,-0.145671,0.884211,-0.818359,-0.096155,0.371294,0.428
-0.157834,-0.068995,0.148503,0.973794,-0.433371,0.095359,-0.145711,0.884231,-0.818339,-0.096164,0.371305,0.428027
-0.157814,-0.069012,0.14843,0.973807,-0.433384,0.095398,-0.145745,0.884215,-0.8183,-0.096236,0.371338,0.428056
-0.157787,-0.069038,0.148361,0.97382,-0.433374,0.09549,-0.145741,0.884211,-0.818319,-0.096298,0.371326,0.428017
-0.15777,-0.069107,0.148311,0.973826,-0.43332,0.095572,-0.145585,0.884254,-0.818305,-0.096339,0.371351,0.428012
-0.157822,-0.069128,0.148312,0.973816,-0.433332,0.095639,-0.145361,0.884278,-0.818309,-0.096389,0.371373,0.427975
-0.157827,-0.06915,0.148339,0.973809,-0.433315,0.09573,-0.14516,0.884309,-0.818307,-0.09643,0.37141,0.427937
-0.157824,-0.069175,0.148378,0.973802,-0.433354,0.095805,-0.145007,0.884307,-0.818271,-0.096457,0.371434,0.427978
-0.157835,-0.069216,0.148424,0.97379,-0.433345,0.095924,-0.144895,0.884317,-0.818258,-0.096464,0.371466,0.427975
-0.157819,-0.069221,0.148528,0.973777,-0.433314,0.096011,-0.144777,0.884342,-0.818262,-0.096462,0.371449,0.427982
-0.157804,-0.069226,0.148585,0.97377,-0.433298,0.096043,-0.144748,0.884351,-0.818261,-0.096441,0.371436,0.427999
-0.157805,-0.069224,0.148647,0.97376,-0.433316,0.096024,-0.144686,0.884354,-0.818252,-0.096456,0.371441,0.428009
-0.157812,-0.069239,0.148687,0.973752,-0.433327,0.096044,-0.144673,0.884349,-0.81824,-0.096433,0.37146,0.428021
-0.157826,-0.06923,0.148742,0.973742,-0.433291,0.095997,-0.144629,0.884379,-0.818249,-0.096447,0.371468,0.427993
-0.157885,-0.06923,0.14878,0.973727,-0.433241,0.095984,-0.144612,0.884407,-0.818247,-0.096456,0.37144,0.428019
-0.157934,-0.069209,0.148752,0.973725,-0.433248,0.096022,-0.144662,0.884392,-0.818234,-0.096489,0.37146,0.42802
-0.157954,-0.069224,0.148737,0.973723,-0.433214,0.096039,-0.144761,0.884391,-0.818201,-0.096538,0.371494,0.428042
-0.157973,-0.06916,0.148715,0.973728,-0.433196,0.096007,-0.144834,0.884391,-0.818188,-0.096573,0.371491,0.428062
-0.157964,-0.069086,0.1487,0.973737,-0.433195,0.09599,-0.144821,0.884395,-0.818224,-0.096536,0.371447,0.428039
-0.157981,-0.069054,0.148662,0.973742,-0.433262,0.095977,-0.144733,0.884378,-0.818269,-0.096463,0.371431,0.427983
-0.157962,-0.068994,0.148628,0.973754,-0.433326,0.095945,-0.144652,0.884364,-0.818261,-0.096409,0.371435,0.428008
-0.157984,-0.06897,0.148631,0.973752,-0.43335,0.095982,-0.14459,0.884358,-0.818251,-0.096434,0.371474,0.427987
-0.158007,-0.068924,0.148683,0.973744,-0.433421,0.096036,-0.14461,0.884314,-0.818273,-0.096455,0.37144,0.42797
-0.15797,-0.068929,0.148773,0.973736,-0.433413,0.096061,-0.144619,0.884314,-0.818245,-0.096445,0.371471,0.427998
-0.157996,-0.068927,0.14885,0.97372,-0.433453,0.096159,-0.144554,0.884294,-0.818227,-0.096494,0.371497,0.428
-0.157997,-0.06892,0.148879,0.973716,-0.433497,0.096204,-0.144475,0.884281,-0.818253,-0.096525,0.371529,0.427915
-0.158027,-0.068964,0.148926,0.9737,-0.433508,0.096254,-0.144473,0.88427,-0.818241,-0.096536,0.371562,0.427907
-0.158056,-0.068917,0.148924,0.973699,-0.433492,0.096318,-0.144534,0.884261,-0.818232,-0.096578,0.371646,0.427841
-0.15809,-0.068871,0.148911,0.973699,-0.433514,0.096331,-0.144655,0.884229,-0.81824,-0.096618,0.371631,0.42783
-0.158117,-0.06882,0.148888,0.973702,-0.433525,0.096276,-0.144772,0.884211,-0.81826,-0.096702,0.371619,0.427783
-0.15811,-0.068801,0.148848,0.97371,-0.43347,0.096278,-0.144799,0.884233,-0.818277,-0.096709,0.371585,0.427779
-0.158096,-0.068772,0.148789,0.973724,-0.433459,0.096274,-0.144775,0.884243,-0.81826,-0.096737,0.371618,0.427776
-0.158103,-0.068783,0.148741,0.973729,-0.433409,0.096271,-0.144721,0.884276,-0.818284,-0.09675,0.371575,0.427765
-0.158087,-0.068739,0.148672,0.973745,-0.433445,0.096281,-0.144637,0.884271,-0.818306,-0.096714,0.371532,0.427768
-0.158027,-0.068733,0.148606,0.973766,-0.433479,0.096297,-0.144575,0.884263,-0.818312,-0.096712,0.371535,0.427754
-0.158032,-0.068741,0.148606,0.973764,-0.433524,0.096286,-0.144506,0.884253,-0.818315,-0.096716,0.371537,0.427747
-0.158024,-0.068778,0.148611,0.973762,-0.433556,0.096306,-0.144489,0.884238,-0.818318,-0.096705,0.371581,0.427704
-0.158063,-0.068784,0.148616,0.973755,-0.433584,0.096383,-0.144527,0.88421,-0.818298,-0.09669,0.371593,0.427736
-0.158091,-0.068813,0.148663,0.973741,-0.433641,0.096397,-0.144528,0.884181,-0.81828,-0.096709,0.371641,0.427725
-0.158121,-0.068783,0.148675,0.973736,-0.433628,0.096339,-0.144482,0.8842,-0.818284,-0.096718,0.371645,0.427711
-0.158137,-0.068763,0.148711,0.973729,-0.43364,0.0963,-0.144439,0.884206,-0.818269,-0.096725,0.371661,0.427725
-0.15816,-0.068744,0.148721,0.973726,-0.433631,0.09622,-0.144477,0.884213,-0.818269,-0.096723,0.371604,0.427775
-0.158169,-0.068691,0.148775,0.97372,-0.433604,0.096147,-0.1445,0.88423,-0.818282,-0.096699,0.371616,0.427745
-0.158183,-0.068697,0.148781,0.973716,-0.433639,0.096068,-0.144603,0.884205,-0.818263,-0.096636,0.371641,0.427773
-0.158152,-0.068679,0.14874,0.973728,-0.433646,0.096058,-0.144715,0.884184,-0.818255,-0.096661,0.37166,0.427766
-0.158155,-0.068682,0.1487,0.973734,-0.433723,0.095989,-0.144776,0.884144,-0.818245,-0.096682,0.371669,0.427773
-0.158182,-0.068712,0.148632,0.973738,-0.433706,0.096009,-0.144854,0.884137,-0.818236,-0.09667,0.371687,0.427778
-0.158133,-0.068723,0.148581,0.973753,-0.433681,0.095973,-0.144853,0.884154,-0.818211,-0.096658,0.371722,0.427798
-0.15813,-0.06872,0.148516,0.973764,-0.433638,0.09598,-0.144781,0.884186,-0.818205,-0.096704,0.371713,0.427807
-0.158147,-0.068696,0.148432,0.973775,-0.433594,0.096015,-0.144624,0.884229,-0.818195,-0.096719,0.37171,0.427825
-0.158128,-0.068713,0.148416,0.97378,-0.433587,0.096059,-0.144419,0.884262,-0.818174,-0.096754,0.371769,0.427805
-0.158127,-0.068727,0.148415,0.973779,-0.433566,0.096067,-0.144304,0.884289,-0.818161,-0.096787,0.371779,0.427814
-0.158152,-0.068717,0.148469,0.973767,-0.433549,0.096061,-0.144246,0.884308,-0.818172,-0.096789,0.371777,0.427794
-0.158159,-0.068746,0.148533,0.973755,-0.433522,0.096108,-0.144144,0.884333,-0.818194,-0.096776,0.37175,0.427779
-0.158175,-0.068717,0.148557,0.97375,-0.43355,0.0961,-0.144075,0.884331,-0.818202,-0.096835,0.371723,0.427773
-0.158143,-0.068666,0.148562,0.973758,-0.433509,0.096105,-0.144134,0.884341,-0.818193,-0.09683,0.371732,0.427783
-0.158099,-0.068627,0.148621,0.973759,-0.433503,0.096093,-0.144225,0.884331,-0.818188,-0.096846,0.371708,0.427812
-0.158073,-0.068568,0.148638,0.973765,-0.433506,0.09605,-0.144322,0.884318,-0.81818,-0.096864,0.371683,0.427844
-0.158064,-0.068586,0.148583,0.973773,-0.433504,0.096014,-0.144338,0.88432,-0.818175,-0.096889,0.37169,0.427842
-0.15805,-0.068522,0.148505,0.973792,-0.433501,0.095984,-0.144236,0.884341,-0.818175,-0.096845,0.371663,0.427876
-0.158064,-0.068472,0.14845,0.973802,-0.433508,0.096007,-0.14408,0.884361,-0.818174,-0.096805,0.371656,0.427893
-0.158054,-0.068428,0.148425,0.97381,-0.4335,0.09603,-0.143976,0.884379,-0.818195,-0.096697,0.371599,0.427925
-0.158056,-0.0684,0.148445,0.973809,-0.433561,0.0961,-0.143878,0.884358,-0.818201,-0.096653,0.371581,0.427941
-0.158041,-0.068431,0.148463,0.973806,-0.433557,0.096156,-0.143845,0.884359,-0.818234,-0.096631,0.371556,0.427904
-0.158057,-0.068468,0.148465,0.973801,-0.433589,0.096209,-0.143762,0.884351,-0.818265,-0.096628,0.371552,0.427849
-0.158083,-0.068499,0.148541,0.973783,-0.433581,0.096223,-0.143621,0.884376,-0.818282,-0.096591,0.371539,0.427835
-0.158113,-0.068511,0.148643,0.973762,-0.433601,0.09621,-0.143491,0.884389,-0.818314,-0.096523,0.371525,0.427804
-0.158113,-0.068522,0.148723,0.973749,-0.433621,0.096234,-0.143317,0.884405,-0.818332,-0.096478,0.371492,0.427807
-0.158158,-0.06855,0.148788,0.973729,-0.433585,0.096229,-0.143182,0.884445,-0.818349,-0.096425,0.371462,0.427812
-0.15817,-0.068568,0.148853,0.973716,-0.433604,0.096214,-0.143096,0.884451,-0.818378,-0.096426,0.37141,0.427801
-0.158169,-0.068545,0.148882,0.973714,-0.433641,0.096138,-0.142981,0.88446,-0.818373,-0.096443,0.371385,0.427828
-0.158217,-0.068567,0.148953,0.973693,-0.433651,0.096124,-0.143013,0.884451,-0.818361,-0.09644,0.371405,0.427834
-0.158205,-0.068592,0.149054,0.973678,-0.433619,0.096082,-0.143083,0.88446,-0.818369,-0.096432,0.371421,0.427807
-0.158208,-0.068641,0.149059,0.973674,-0.433604,0.096042,-0.143149,0.884462,-0.818343,-0.096472,0.371417,0.427853
-0.158181,-0.068643,0.14901,0.973685,-0.433629,0.096032,-0.143213,0.88444,-0.818301,-0.096448,0.371451,0.427909
-0.158184,-0.068627,0.148948,0.973695,-0.43364,0.095995,-0.143218,0.884438,-0.818317,-0.096369,0.371417,0.427925
-0.158194,-0.068618,0.148858,0.973708,-0.43369,0.095909,-0.143252,0.884417,-0.818324,-0.096404,0.371415,0.427906
-0.158177,-0.068664,0.14881,0.973715,-0.433669,0.095882,-0.143238,0.884432,-0.818349,-0.096395,0.371408,0.427866
-0.158123,-0.068659,0.148772,0.97373,-0.433699,0.095895,-0.143321,0.884403,-0.818329,-0.096357,0.371452,0.427875
-0.15809,-0.068653,0.148717,0.973744,-0.433702,0.09591,-0.143362,0.884393,-0.818335,-0.096348,0.371462,0.427857
-0.158079,-0.068686,0.148713,0.973744,-0.433725,0.095963,-0.143405,0.884369,-0.818364,-0.096296,0.371446,0.427826
-0.158088,-0.068729,0.148717,0.973739,-0.433738,0.096021,-0.143393,0.884358,-0.818373,-0.096315,0.371424,0.427824
-0.158128,-0.068739,0.148728,0.97373,-0.433728,0.096136,-0.143366,0.884355,-0.818379,-0.096277,0.371435,0.42781
-0.158134,-0.068759,0.148751,0.973724,-0.433735,0.096308,-0.143273,0.884348,-0.818406,-0.096283,0.3714,0.427788
-0.158193,-0.068746,0.148808,0.973707,-0.433733,0.096388,-0.143178,0.884356,-0.818451,-0.096298,0.371356,0.427737
-0.158227,-0.068696,0.148814,0.973704,-0.433715,0.096493,-0.143068,0.884371,-0.818466,-0.096303,0.371341,0.42772
-0.158303,-0.068698,0.148885,0.973681,-0.433764,0.09655,-0.143049,0.884344,-0.818491,-0.096306,0.371329,0.427683
-0.158338,-0.068712,0.148886,0.973674,-0.433803,0.096525,-0.143057,0.884326,-0.818509,-0.096339,0.371298,0.427668
-0.158386,-0.068677,0.148936,0.973661,-0.433765,0.096495,-0.143099,0.884341,-0.818505,-0.096361,0.371282,0.427685
-0.158376,-0.068699,0.148969,0.973656,-0.433746,0.096433,-0.143129,0.884353,-0.818496,-0.096363,0.371281,0.427703
-0.158353,-0.068701,0.148923,0.973667,-0.43376,0.096336,-0.143123,0.884357,-0.818513,-0.096351,0.371266,0.427684
-0.15833,-0.068711,0.14888,0.973676,-0.433752,0.096317,-0.143063,0.884373,-0.818538,-0.096359,0.371246,0.427653
-0.158331,-0.06872,0.148894,0.973673,-0.43372,0.096308,-0.143003,0.884399,-0.818563,-0.096358,0.371239,0.427611
-0.158336,-0.068743,0.148912,0.973668,-0.43374,0.096326,-0.14295,0.884396,-0.818582,-0.096308,0.371247,0.427579
-0.158311,-0.06876,0.14893,0.973668,-0.433735,0.096321,-0.142949,0.884399,-0.818586,-0.096264,0.371252,0.427576
-0.1583,-0.068742,0.148975,0.973664,-0.433753,0.096372,-0.142882,0.884396,-0.818589,-0.096189,0.371264,0.427577
-0.158283,-0.068794,0.149036,0.973654,-0.433759,0.09648,-0.142799,0.884394,-0.818613,-0.096148,0.371265,0.42754
-0.158329,-0.068811,0.149054,0.973643,-0.433762,0.096534,-0.142656,0.88441,-0.818605,-0.096126,0.371258,0.427567
-0.158342,-0.068774,0.149085,0.973638,-0.43378,0.096591,-0.142505,0.884419,-0.818596,-0.096187,0.371264,0.427565
-0.158347,-0.068759,0.149125,0.973632,-0.433811,0.096564,-0.142383,0.884426,-0.818593,-0.096224,0.371266,0.42756
-0.158336,-0.068774,0.149231,0.973617,-0.433843,0.096496,-0.142414,0.884413,-0.818585,-0.096271,0.371298,0.427537
-0.158349,-0.068757,0.149342,0.973599,-0.433828,0.096486,-0.142597,0.884392,-0.81857,-0.096375,0.371299,0.427543
-0.158403,-0.06876,0.14938,0.973584,-0.433825,0.096468,-0.14284,0.884357,-0.818567,-0.096438,0.371288,0.427543
-0.158422,-0.068751,0.149396,0.973579,-0.433784,0.09646,-0.14299,0.884353,-0.818544,-0.096481,0.37128,0.427585
-0.158399,-0.06867,0.149352,0.973596,-0.43379,0.096358,-0.143019,0.884357,-0.818542,-0.096539,0.371278,0.427577
-0.158372,-0.06862,0.149243,0.97362,-0.433816,0.0963,-0.142986,0.884356,-0.818545,-0.096536,0.371241,0.427605
-0.158341,-0.068556,0.149124,0.973648,-0.433838,0.096306,-0.142862,0.884364,-0.818582,-0.096491,0.37123,0.427552
-0.158317,-0.068571,0.14901,0.973668,-0.433863,0.096385,-0.142775,0.884357,-0.818597,-0.096484,0.371274,0.427487
-0.158308,-0.068594,0.148956,0.973676,-0.433911,0.096472,-0.142728,0.884332,-0.818652,-0.096434,0.37122,0.42744
-0.158303,-0.068626,0.149076,0.973657,-0.433902,0.096529,-0.142641,0.884344,-0.818657,-0.096364,0.371238,0.427431
-0.158318,-0.068648,0.149133,0.973644,-0.433935,0.096633,-0.142608,0.884322,-0.818666,-0.096381,0.371203,0.42744
-0.158359,-0.06864,0.149184,0.97363,-0.433968,0.096728,-0.142516,0.88431,-0.818655,-0.096421,0.371194,0.42746
-0.158387,-0.068683,0.149218,0.973617,-0.433971,0.096779,-0.142418,0.884319,-0.818686,-0.096473,0.371143,0.427432
-0.158413,-0.068649,0.149239,0.973612,-0.433946,0.096836,-0.142358,0.884335,-0.818697,-0.096452,0.371158,0.427403
-0.158457,-0.068666,0.149272,0.973599,-0.433884,0.096798,-0.142338,0.884373,-0.818703,-0.096464,0.37113,0.427415
-0.158508,-0.068685,0.149279,0.973588,-0.433815,0.09675,-0.142313,0.884415,-0.818713,-0.096521,0.371143,0.42737
-0.158554,-0.068681,0.149329,0.973573,-0.433789,0.096675,-0.142315,0.884436,-0.818721,-0.096549,0.37116,0.427334
-0.158544,-0.068685,0.149336,0.973573,-0.433732,0.096662,-0.142413,0.88445,-0.818713,-0.09658,0.371229,0.427284
-0.158515,-0.068746,0.149328,0.973575,-0.433749,0.096603,-0.142351,0.884458,-0.818731,-0.096564,0.371271,0.427215
-0.158427,-0.068772,0.149302,0.973592,-0.433728,0.09658,-0.142317,0.884476,-0.818731,-0.096587,0.371325,0.427164
-0.158417,-0.06879,0.149256,0.973599,-0.433744,0.096508,-0.142366,0.884469,-0.818723,-0.096615,0.371322,0.427175
-0.158447,-0.068805,0.149235,0.973596,-0.433715,0.096557,-0.142447,0.884464,-0.818731,-0.096638,0.371331,0.427147
-0.158483,-0.068791,0.149187,0.973599,-0.433722,0.096598,-0.142586,0.884434,-0.81873,-0.096603,0.371343,0.427145
-0.158483,-0.068747,0.149207,0.973598,-0.433706,0.09661,-0.142751,0.884414,-0.818711,-0.096607,0.371338,0.427185
-0.158501,-0.068731,0.149186,0.9736,-0.433676,0.096596,-0.142955,0.884397,-0.81869,-0.096621,0.37133,0.427229
-0.158521,-0.068737,0.149172,0.973598,-0.433683,0.096495,-0.143216,0.884363,-0.818689,-0.096721,0.371329,0.42721
-0.158535,-0.068691,0.14912,0.973607,-0.433692,0.096397,-0.143412,0.884337,-0.818675,-0.096753,0.371338,0.427222
-0.158573,-0.068702,0.149031,0.973614,-0.433728,0.096234,-0.143554,0.884314,-0.818676,-0.096815,0.371327,0.427216
-0.158607,-0.068699,0.14899,0.973615,-0.433732,0.096144,-0.14361,0.884313,-0.818683,-0.096838,0.371342,0.427183
-0.158577,-0.068662,0.148901,0.973636,-0.433709,0.096046,-0.14365,0.884328,-0.818682,-0.096945,0.371327,0.427175
-0.158584,-0.068636,0.148824,0.973649,-0.433654,0.09608,-0.143607,0.884359,-0.818702,-0.096942,0.371301,0.42716
-0.158592,-0.068634,0.148669,0.973671,-0.433611,0.096112,-0.143397,0.88441,-0.818699,-0.096982,0.371277,0.427177
-0.158632,-0.068653,0.148627,0.97367,-0.433578,0.096178,-0.143124,0.884463,-0.818689,-0.097002,0.371271,0.427196
-0.158688,-0.068619,0.148621,0.973664,-0.433554,0.096306,-0.142761,0.88452,-0.818676,-0.096964,0.37128,0.427222
-0.158675,-0.068617,0.14866,0.97366,-0.433541,0.096503,-0.142481,0.88455,-0.818699,-0.096932,0.371268,0.427196
-0.158663,-0.06867,0.148736,0.973647,-0.433545,0.096682,-0.142195,0.884574,-0.818713,-0.096878,0.371269,0.42718
-0.158665,-0.068645,0.148815,0.973636,-0.433567,0.096787,-0.142074,0.884572,-0.818728,-0.096868,0.371287,0.427137
-0.158747,-0.068646,0.149032,0.97359,-0.433602,0.096856,-0.142078,0.884546,-0.81876,-0.096848,0.371273,0.427094
-0.158734,-0.068633,0.1492,0.973567,-0.433594,0.096894,-0.142269,0.884515,-0.818775,-0.096827,0.371297,0.427048
-0.158757,-0.06862,0.149302,0.973548,-0.433549,0.096797,-0.142414,0.884524,-0.818781,-0.09681,0.371326,0.427015
-0.15876,-0.068663,0.149419,0.973527,-0.433515,0.096662,-0.142534,0.884537,-0.818784,-0.096799,0.371354,0.426988
-0.158816,-0.068688,0.149455,0.973511,-0.43353,0.09653,-0.142591,0.884535,-0.818815,-0.096771,0.371374,0.426917
-0.15883,-0.068722,0.149478,0.973502,-0.433472,0.096374,-0.142618,0.884576,-0.818818,-0.096733,0.371391,0.426907
-0.158856,-0.068687,0.149462,0.973503,-0.433476,0.096226,-0.142695,0.884578,-0.818836,-0.096703,0.371367,0.426899
-0.158841,-0.068684,0.149451,0.973507,-0.433422,0.096101,-0.142768,0.884606,-0.818807,-0.096716,0.371412,0.426913
-0.158776,-0.068742,0.149444,0.973515,-0.433419,0.09606,-0.142835,0.884601,-0.818797,-0.096698,0.371427,0.426923
-0.158771,-0.06878,0.149404,0.973519,-0.433388,0.096066,-0.142929,0.8846,-0.818782,-0.096714,0.371437,0.42694
-0.158728,-0.068859,0.149364,0.973527,-0.433361,0.096132,-0.142939,0.884605,-0.818776,-0.096755,0.371453,0.426928
-0.158695,-0.068898,0.149275,0.973543,-0.433364,0.096197,-0.142797,0.884619,-0.818748,-0.096763,0.371476,0.426959
-0.158701,-0.068901,0.149207,0.973552,-0.433425,0.096291,-0.142601,0.88461,-0.818719,-0.096772,0.371514,0.426979
-0.15869,-0.068892,0.149138,0.973565,-0.433421,0.096344,-0.142511,0.884621,-0.818727,-0.096817,0.371496,0.426969
-0.158674,-0.068878,0.149101,0.973574,-0.433455,0.096393,-0.142393,0.884618,-0.81873,-0.096829,0.371462,0.426991
-0.158629,-0.068836,0.1491,0.973585,-0.433474,0.096414,-0.142369,0.88461,-0.818746,-0.096805,0.371442,0.426984
-0.158592,-0.06887,0.149122,0.973585,-0.433478,0.096399,-0.14241,0.884604,-0.818777,-0.096731,0.371427,0.426955
-0.158549,-0.068875,0.149185,0.973582,-0.433536,0.096361,-0.142444,0.884574,-0.81877,-0.096702,0.371476,0.426932
-0.158606,-0.068911,0.149262,0.973559,-0.433549,0.096327,-0.142521,0.884559,-0.818751,-0.096668,0.371481,0.426971
-0.158613,-0.068914,0.149296,0.973552,-0.433516,0.096234,-0.142685,0.884559,-0.81878,-0.096656,0.371444,0.42695
-0.158624,-0.06891,0.149309,0.973548,-0.433477,0.096145,-0.142844,0.884562,-0.818797,-0.096619,0.371431,0.426937
-0.158659,-0.068934,0.149345,0.973536,-0.433446,0.096139,-0.143081,0.884539,-0.818803,-0.09666,0.371422,0.426924
-0.158708,-0.068942,0.149348,0.973527,-0.433404,0.096071,-0.1433,0.884531,-0.818813,-0.096694,0.371415,0.426902
-0.158753,-0.068895,0.149275,0.973534,-0.433408,0.09598,-0.143494,0.884509,-0.818803,-0.096702,0.371428,0.426909
-0.158776,-0.068866,0.149122,0.973556,-0.433422,0.095907,-0.143665,0.884482,-0.818802,-0.096753,0.37147,0.426863
-0.158759,-0.068824,0.149046,0.973573,-0.433439,0.095778,-0.143777,0.884469,-0.81881,-0.096802,0.371473,0.426835
-0.158745,-0.068781,0.148997,0.973586,-0.43348,0.095731,-0.143892,0.884435,-0.818788,-0.096896,0.371468,0.426859
-0.158728,-0.06874,0.148908,0.973605,-0.433478,0.095682,-0.144045,0.884417,-0.818768,-0.096946,0.371516,0.426844
-0.15874,-0.068724,0.148776,0.973624,-0.433504,0.095617,-0.144227,0.884381,-0.818794,-0.096984,0.371514,0.426787
-0.158727,-0.068742,0.148708,0.973636,-0.433566,0.095571,-0.14428,0.884347,-0.818789,-0.096994,0.371536,0.426776
-0.158711,-0.068718,0.148694,0.973642,-0.433556,0.095559,-0.144268,0.884356,-0.818786,-0.097006,0.371504,0.426807
-0.158702,-0.068726,0.14867,0.973647,-0.433571,0.095612,-0.144221,0.88435,-0.818772,-0.097035,0.371492,0.426838
-0.158713,-0.068742,0.148693,0.97364,-0.433557,0.095601,-0.144128,0.884373,-0.818781,-0.097057,0.371457,0.426847
-0.158709,-0.068769,0.148691,0.973639,-0.433566,0.095662,-0.144035,0.884378,-0.818801,-0.097027,0.371435,0.426834
-0.158701,-0.068804,0.148699,0.973637,-0.433614,0.095735,-0.143848,0.884376,-0.818798,-0.097063,0.371485,0.426788
-0.158727,-0.068787,0.148723,0.97363,-0.4336,0.095788,-0.143649,0.88441,-0.818796,-0.097041,0.371513,0.426773
-0.158737,-0.068824,0.148812,0.973612,-0.433605,0.095835,-0.143526,0.884422,-0.818777,-0.097052,0.371536,0.426787
-0.158762,-0.068834,0.148884,0.973596,-0.433577,0.095927,-0.143494,0.884431,-0.818757,-0.097073,0.371544,0.426813
-0.158797,-0.068835,0.148935,0.973583,-0.433538,0.095953,-0.143598,0.884431,-0.818759,-0.097153,0.371527,0.426806
-0.158807,-0.068815,0.148939,0.973582,-0.433562,0.095897,-0.143689,0.88441,-0.818751,-0.097138,0.37152,0.426831
-0.158773,-0.068776,0.148873,0.9736,-0.433562,0.095863,-0.143781,0.884399,-0.818744,-0.097134,0.371531,0.426835
-0.158805,-0.068705,0.14883,0.973607,-0.433582,0.095826,-0.14382,0.884387,-0.818723,-0.097135,0.371552,0.426856
-0.158781,-0.068701,0.148788,0.973617,-0.433609,0.095769,-0.143772,0.884388,-0.818715,-0.097118,0.371538,0.426888
-0.15881,-0.068666,0.148723,0.973625,-0.43364,0.095733,-0.143759,0.884378,-0.818725,-0.097057,0.371502,0.426915
-0.158795,-0.068648,0.14866,0.973639,-0.433642,0.095742,-0.143722,0.884382,-0.818729,-0.097024,0.371502,0.426913
-0.158792,-0.068695,0.148668,0.973634,-0.433656,0.095827,-0.143625,0.884382,-0.818723,-0.097017,0.371529,0.426904
-0.158794,-0.068738,0.148693,0.973627,-0.433643,0.095952,-0.143502,0.884395,-0.818732,-0.096999,0.371488,0.426927
-0.158794,-0.068747,0.148778,0.973614,-0.433671,0.095997,-0.143358,0.884399,-0.818719,-0.096983,0.371525,0.426923
-0.158795,-0.068707,0.14885,0.973605,-0.433656,0.096118,-0.143261,0.884409,-0.818739,-0.096991,0.371499,0.426905
-0.158868,-0.06874,0.148962,0.973574,-0.433662,0.096135,-0.143178,0.884418,-0.818736,-0.096967,0.371524,0.426894
-0.158921,-0.068755,0.149019,0.973556,-0.433663,0.096115,-0.143115,0.88443,-0.81873,-0.096937,0.371514,0.426921
-0.158945,-0.068775,0.149053,0.973545,-0.433656,0.096085,-0.143046,0.884448,-0.818741,-0.096937,0.371495,0.426917
-0.158926,-0.068751,0.149094,0.973543,-0.433655,0.096006,-0.142975,0.884468,-0.818741,-0.09693,0.371463,0.426946
-0.158907,-0.068746,0.14913,0.973541,-0.433648,0.095969,-0.142965,0.884477,-0.818727,-0.096907,0.3715,0.426945
-0.158872,-0.068721,0.149141,0.973547,-0.433639,0.095915,-0.143031,0.884477,-0.818711,-0.096905,0.371539,0.426943
-0.158859,-0.068811,0.149123,0.973546,-0.433622,0.095885,-0.143128,0.884473,-0.818698,-0.096848,0.371547,0.426975
-0.15887,-0.068829,0.149087,0.973548,-0.433633,0.095883,-0.143203,0.884456,-0.818714,-0.096805,0.371525,0.426973
-0.158915,-0.068824,0.149115,0.973537,-0.433627,0.095795,-0.143331,0.884448,-0.818707,-0.096834,0.371547,0.426961
-0.158966,-0.068834,0.149076,0.973534,-0.433641,0.095804,-0.143402,0.884428,-0.818712,-0.09683,0.371579,0.426924
-0.158968,-0.068842,0.14907,0.973534,-0.433623,0.095799,-0.143436,0.884432,-0.818721,-0.096823,0.371564,0.426921
-0.158995,-0.068851,0.149078,0.973528,-0.433609,0.095812,-0.143402,0.884443,-0.818699,-0.096854,0.371606,0.42692
-0.159034,-0.068845,0.149005,0.973533,-0.433613,0.095798,-0.143372,0.884447,-0.818716,-0.096829,0.371592,0.426905
-0.159054,-0.068843,0.148981,0.973533,-0.433611,0.095791,-0.143331,0.884456,-0.81871,-0.096812,0.371564,0.426944
-0.159071,-0.068843,0.148935,0.973538,-0.433632,0.095824,-0.143262,0.884453,-0.818708,-0.09677,0.371517,0.426998
-0.15907,-0.068836,0.148921,0.97354,-0.433604,0.095814,-0.143234,0.884472,-0.818701,-0.096735,0.371509,0.427028
-0.1591,-0.068859,0.148936,0.973531,-0.433518,0.09582,-0.143186,0.884521,-0.818704,-0.096707,0.371503,0.427033
-0.159128,-0.068906,0.148962,0.97352,-0.433517,0.095857,-0.143133,0.884526,-0.818712,-0.096665,0.371482,0.427046
-0.159178,-0.068885,0.149006,0.973506,-0.433481,0.095902,-0.143088,0.884546,-0.818695,-0.096658,0.371491,0.427071
-0.159191,-0.068854,0.148938,0.973517,-0.433436,0.095913,-0.142976,0.884586,-0.818689,-0.096635,0.371493,0.427088
-0.159233,-0.068861,0.148996,0.9735,-0.433396,0.09589,-0.142908,0.884619,-0.818696,-0.096547,0.371467,0.427116
-0.159228,-0.068856,0.148971,0.973506,-0.433423,0.095879,-0.14291,0.884606,-0.818687,-0.096468,0.371492,0.42713
-0.159309,-0.068887,0.14899,0.973487,-0.433437,0.095869,-0.142916,0.8846,-0.818692,-0.096424,0.371497,0.427126
-0.159311,-0.068911,0.149075,0.973472,-0.433464,0.095832,-0.143043,0.88457,-0.818696,-0.096401,0.371518,0.427104
-0.159309,-0.068962,0.149144,0.973458,-0.433523,0.095765,-0.143162,0.884529,-0.8187,-0.096372,0.371516,0.427105
-0.159309,-0.068982,0.149161,0.973454,-0.433577,0.095754,-0.143295,0.884482,-0.818707,-0.096346,0.371534,0.427083
-0.159327,-0.06899,0.149132,0.973455,-0.433578,0.095797,-0.143311,0.884475,-0.818704,-0.096353,0.371548,0.427073
-0.159324,-0.069043,0.149136,0.973451,-0.433581,0.095861,-0.143211,0.884483,-0.818703,-0.096271,0.371563,0.427081
-0.159321,-0.069074,0.149173,0.973444,-0.433523,0.095963,-0.143053,0.884525,-0.818718,-0.096209,0.371581,0.427051
-0.15935,-0.069051,0.149124,0.973448,-0.433488,0.096054,-0.142832,0.884568,-0.818725,-0.096143,0.371562,0.427068
-0.159328,-0.069058,0.14912,0.973452,-0.433445,0.096149,-0.142724,0.884596,-0.818732,-0.096165,0.371569,0.427044
-0.159329,-0.069068,0.149133,0.973449,-0.433441,0.096184,-0.142663,0.884604,-0.818719,-0.096171,0.371588,0.42705
-0.159358,-0.069096,0.149069,0.973452,-0.433417,0.096198,-0.142767,0.884598,-0.818723,-0.09614,0.37159,0.427048
-0.159375,-0.069104,0.149064,0.973449,-0.433406,0.096175,-0.142944,0.884577,-0.818692,-0.096167,0.371635,0.427064
-0.159388,-0.069111,0.149034,0.973451,-0.433441,0.096166,-0.143173,0.884524,-0.8187,-0.096137,0.371624,0.427065
-0.159382,-0.069094,0.149066,0.973449,-0.433443,0.096035,-0.143298,0.884517,-0.818677,-0.096137,0.371607,0.427123
-0.159369,-0.069131,0.149057,0.97345,-0.433442,0.09596,-0.143391,0.884511,-0.818657,-0.096131,0.37168,0.4271
-0.159332,-0.069093,0.148974,0.973471,-0.433471,0.095927,-0.143301,0.884514,-0.818687,-0.096089,0.37163,0.427095
-0.159296,-0.069129,0.148866,0.973491,-0.433525,0.095903,-0.143217,0.884504,-0.818712,-0.096021,0.371624,0.427066
-0.159266,-0.069147,0.148782,0.973508,-0.433529,0.095912,-0.142997,0.884537,-0.818721,-0.095979,0.371638,0.427046
-0.159229,-0.069175,0.148687,0.973526,-0.433505,0.096039,-0.142858,0.884557,-0.818737,-0.095977,0.371628,0.427025
-0.15921,-0.069244,0.148696,0.973523,-0.433516,0.096186,-0.142736,0.884556,-0.818762,-0.09592,0.371619,0.426999
-0.15913,-0.069274,0.148696,0.973534,-0.433542,0.096362,-0.142676,0.884533,-0.818783,-0.095865,0.371603,0.426985
-0.159121,-0.069218,0.148749,0.973531,-0.43358,0.096487,-0.142651,0.884505,-0.818784,-0.0958,0.37157,0.427027
-0.159162,-0.069239,0.148813,0.973513,-0.43364,0.096556,-0.142649,0.884468,-0.818785,-0.095753,0.371553,0.427048
-0.15918,-0.06928,0.148881,0.973497,-0.433667,0.096576,-0.142655,0.884452,-0.818783,-0.095725,0.371526,0.427083
-0.159186,-0.069268,0.148903,0.973494,-0.433722,0.096519,-0.142594,0.884441,-0.818793,-0.095748,0.3715,0.427081
-0.159234,-0.069247,0.148921,0.973484,-0.433708,0.096399,-0.142519,0.884473,-0.818801,-0.095742,0.371493,0.427074
-0.159313,-0.069285,0.148905,0.973471,-0.433709,0.096322,-0.142535,0.884479,-0.818792,-0.095777,0.371495,0.427081
-0.159341,-0.069278,0.148935,0.973463,-0.433694,0.096265,-0.142591,0.884483,-0.818788,-0.095784,0.371492,0.427089
-0.159381,-0.069278,0.148945,0.973454,-0.433611,0.096252,-0.142644,0.884517,-0.818789,-0.095827,0.371483,0.427085
-0.159371,-0.069329,0.148949,0.973452,-0.433526,0.096292,-0.142669,0.88455,-0.818774,-0.095845,0.371481,0.427112
-0.159332,-0.069299,0.148937,0.973462,-0.433524,0.096346,-0.142636,0.88455,-0.818733,-0.095835,0.371508,0.42717
-0.159344,-0.069278,0.14889,0.973469,-0.433495,0.096403,-0.14264,0.884558,-0.818743,-0.095784,0.371521,0.427151
-0.15931,-0.069222,0.148858,0.973483,-0.433528,0.096441,-0.142576,0.884548,-0.818734,-0.095718,0.371554,0.427154
-0.159318,-0.069194,0.148798,0.973493,-0.433563,0.096444,-0.142515,0.88454,-0.818745,-0.095749,0.371534,0.427143
-0.159268,-0.069131,0.148761,0.973512,-0.433595,0.09644,-0.142488,0.884529,-0.818743,-0.095757,0.371483,0.42719
-0.159271,-0.06912,0.148774,0.97351,-0.433668,0.096471,-0.142416,0.884502,-0.818765,-0.095724,0.371431,0.427201
-0.159255,-0.069108,0.14878,0.973512,-0.433713,0.096564,-0.142351,0.88448,-0.818739,-0.095676,0.371449,0.427246
-0.159256,-0.069128,0.148851,0.9735,-0.433735,0.096643,-0.142312,0.884467,-0.818721,-0.095676,0.371448,0.42728
-0.159244,-0.069176,0.148902,0.973491,-0.433737,0.096716,-0.142293,0.884461,-0.818731,-0.095682,0.371432,0.427274
-0.159254,-0.069221,0.148992,0.973472,-0.433701,0.096766,-0.142293,0.884473,-0.818728,-0.095709,0.371402,0.4273
-0.159272,-0.069179,0.149045,0.973464,-0.433654,0.096807,-0.142363,0.88448,-0.818734,-0.095761,0.371364,0.427311
-0.159274,-0.069174,0.149042,0.973464,-0.433625,0.096805,-0.142512,0.884471,-0.818751,-0.095799,0.371311,0.427314
-0.159292,-0.069106,0.148992,0.973474,-0.433634,0.096719,-0.142692,0.884447,-0.818738,-0.095849,0.371297,0.427341
-0.159262,-0.069039,0.148933,0.973493,-0.433654,0.096622,-0.142888,0.884416,-0.818743,-0.09582,0.371281,0.42735
-0.159259,-0.069016,0.148822,0.973512,-0.433679,0.096495,-0.143051,0.884391,-0.818763,-0.095808,0.371267,0.427328
-0.159253,-0.068993,0.148718,0.97353,-0.433723,0.09631,-0.143204,0.884365,-0.818774,-0.095858,0.37122,0.427336
-0.159221,-0.068944,0.148555,0.973564,-0.433791,0.09622,-0.143325,0.884322,-0.818756,-0.095894,0.371244,0.427341
-0.159261,-0.06891,0.148477,0.973572,-0.433831,0.096208,-0.14347,0.88428,-0.818736,-0.095947,0.371285,0.427333
-0.159263,-0.068897,0.148389,0.973586,-0.433864,0.096243,-0.143589,0.884241,-0.818707,-0.096005,0.371333,0.427333
-0.159253,-0.068899,0.148345,0.973594,-0.433876,0.096322,-0.143647,0.884217,-0.818708,-0.09599,0.371339,0.42733
-0.159262,-0.068947,0.148252,0.973603,-0.433856,0.096387,-0.143678,0.884215,-0.818701,-0.096039,0.371361,0.427314
-0.159262,-0.069014,0.148179,0.97361,-0.433812,0.096526,-0.143572,0.884238,-0.818674,-0.096101,0.371365,0.427348
-0.159245,-0.069037,0.148162,0.973613,-0.433779,0.096662,-0.143384,0.88427,-0.818649,-0.096146,0.371387,0.427365
-0.159263,-0.068995,0.148104,0.973622,-0.433771,0.096773,-0.143217,0.884289,-0.818625,-0.09621,0.371368,0.427414
-0.159282,-0.068971,0.14804,0.97363,-0.433811,0.096827,-0.142996,0.884299,-0.818643,-0.096181,0.371358,0.427394
-0.159257,-0.068932,0.148005,0.973643,-0.433782,0.09691,-0.142889,0.884321,-0.81867,-0.096164,0.371375,0.427332
-0.159257,-0.0689,0.148042,0.973639,-0.43379,0.096958,-0.142801,0.884326,-0.818682,-0.096119,0.371405,0.427294
-0.159209,-0.068839,0.148103,0.973642,-0.433851,0.096947,-0.142791,0.8843,-0.818691,-0.096104,0.371414,0.427271
-0.159207,-0.068774,0.148179,0.973635,-0.433886,0.096895,-0.142938,0.884264,-0.818663,-0.096147,0.371426,0.427305
-0.159167,-0.068766,0.148255,0.973631,-0.433897,0.096824,-0.143156,0.884231,-0.818654,-0.096127,0.371383,0.427365
-0.159217,-0.068718,0.148268,0.973624,-0.433919,0.096695,-0.143367,0.8842,-0.81865,-0.096137,0.37134,0.427407
-0.1592,-0.068659,0.14827,0.973631,-0.433931,0.096606,-0.143506,0.884181,-0.818654,-0.09615,0.371291,0.427439
-0.159283,-0.068646,0.148301,0.973614,-0.433952,0.096502,-0.143538,0.884178,-0.818636,-0.096171,0.371316,0.427447
-0.159284,-0.068635,0.148245,0.973623,-0.433974,0.096427,-0.143561,0.884171,-0.818598,-0.096177,0.37136,0.42748
-0.159313,-0.068612,0.148245,0.97362,-0.433948,0.096411,-0.143623,0.884175,-0.8186,-0.096171,0.371346,0.427491
-0.159283,-0.068584,0.148198,0.973634,-0.433938,0.096455,-0.143677,0.884167,-0.818612,-0.096204,0.371314,0.427487
-0.159249,-0.068547,0.148158,0.973648,-0.433927,0.096553,-0.143785,0.884144,-0.818618,-0.096295,0.371298,0.427468
-0.159258,-0.06849,0.148105,0.973659,-0.43388,0.096651,-0.14385,0.884146,-0.818612,-0.096314,0.371302,0.427472
-0.159274,-0.06844,0.148005,0.973675,-0.433871,0.096696,-0.14389,0.884139,-0.818599,-0.096352,0.371264,0.427522
-0.159281,-0.068397,0.147927,0.973688,-0.433878,0.096702,-0.143875,0.884137,-0.818595,-0.096363,0.37123,0.427558
-0.159315,-0.068338,0.14786,0.973697,-0.433899,0.096706,-0.143806,0.884137,-0.818596,-0.096383,0.371203,0.427574
-0.159344,-0.068253,0.147759,0.973714,-0.433879,0.096651,-0.143713,0.884169,-0.818593,-0.096373,0.371179,0.427603
-0.159362,-0.068233,0.147711,0.973719,-0.433896,0.096571,-0.143648,0.88418,-0.818595,-0.096358,0.371199,0.427586
-0.159387,-0.068192,0.14773,0.973715,-0.433904,0.096492,-0.143603,0.884191,-0.81859,-0.096341,0.371205,0.427593
-0.159403,-0.068153,0.147754,0.973712,-0.433933,0.096479,-0.143578,0.884183,-0.818603,-0.096339,0.371218,0.427557
-0.159426,-0.068196,0.147875,0.973687,-0.433979,0.096466,-0.143608,0.884157,-0.818608,-0.096315,0.371198,0.42757
-0.159438,-0.068236,0.14794,0.973672,-0.433946,0.096508,-0.143626,0.884165,-0.818632,-0.096296,0.371197,0.427529
-0.159446,-0.068275,0.147956,0.973665,-0.433892,0.096589,-0.143638,0.884181,-0.818627,-0.096258,0.371199,0.427546
-0.159419,-0.068275,0.148013,0.973661,-0.433876,0.09667,-0.143518,0.8842,-0.81861,-0.096221,0.371218,0.42757
-0.159415,-0.068291,0.148043,0.973656,-0.433852,0.096724,-0.143377,0.884229,-0.818632,-0.096157,0.371242,0.427522
-0.15941,-0.068359,0.148085,0.973646,-0.433806,0.096769,-0.143279,0.884262,-0.818653,-0.096071,0.371227,0.427515
-0.159412,-0.06838,0.148091,0.973643,-0.433815,0.096789,-0.143263,0.884258,-0.81862,-0.096082,0.371253,0.427553
-0.15943,-0.068358,0.148111,0.973639,-0.433821,0.096762,-0.143309,0.884251,-0.818623,-0.096083,0.371235,0.427562
-0.159396,-0.068396,0.148129,0.973639,-0.433776,0.096657,-0.143445,0.884262,-0.818611,-0.096132,0.371218,0.427588
-0.159407,-0.068414,0.148176,0.973629,-0.433751,0.096539,-0.143605,0.884261,-0.818624,-0.096122,0.371188,0.427592
-0.159435,-0.068452,0.148127,0.973629,-0.433761,0.096429,-0.143656,0.88426,-0.818626,-0.096153,0.371172,0.427595
-0.159396,-0.068511,0.148071,0.97364,-0.433794,0.096348,-0.143667,0.884251,-0.8186,-0.096138,0.371191,0.427633
-0.159361,-0.068501,0.148083,0.973644,-0.433762,0.096286,-0.143665,0.884274,-0.818574,-0.096141,0.371229,0.427648
-0.159338,-0.068473,0.148069,0.973652,-0.433767,0.096343,-0.143683,0.884262,-0.818574,-0.096082,0.371247,0.427645
-0.159313,-0.068486,0.147974,0.97367,-0.433753,0.09635,-0.143685,0.884268,-0.818569,-0.096035,0.371288,0.427629
-0.159293,-0.068495,0.147993,0.973669,-0.433756,0.096356,-0.143661,0.88427,-0.818579,-0.095971,0.371301,0.427613
-0.159292,-0.068525,0.148038,0.973661,-0.433765,0.096416,-0.143613,0.884266,-0.818577,-0.095932,0.371322,0.427608
-0.159262,-0.068604,0.148059,0.973657,-0.433842,0.096442,-0.14355,0.884236,-0.818542,-0.095957,0.371352,0.427643
-0.159202,-0.068629,0.148134,0.973653,-0.433913,0.096495,-0.143472,0.884208,-0.818541,-0.095935,0.371386,0.427621
-0.159207,-0.068672,0.148159,0.973646,-0.433924,0.096608,-0.143402,0.884202,-0.81853,-0.095942,0.371376,0.427648
-0.159217,-0.068716,0.148197,0.973635,-0.433955,0.096687,-0.1433,0.884194,-0.818475,-0.096013,0.371398,0.427719
-0.159232,-0.068681,0.148274,0.973624,-0.433998,0.096771,-0.143225,0.884177,-0.818476,-0.096045,0.371421,0.427689
-0.159257,-0.068658,0.148301,0.973617,-0.434008,0.096865,-0.143177,0.884169,-0.81848,-0.096068,0.371426,0.427672
-0.159346,-0.068601,0.148337,0.973601,-0.434008,0.09691,-0.143188,0.884162,-0.818462,-0.096128,0.371412,0.427706
-0.159371,-0.068567,0.148378,0.973593,-0.433958,0.09694,-0.143216,0.884179,-0.818453,-0.096186,0.371401,0.427721
-0.15935,-0.068506,0.14831,0.973611,-0.43396,0.096993,-0.143314,0.884156,-0.818436,-0.096214,0.371422,0.427728
-0.159357,-0.068419,0.148262,0.973623,-0.433925,0.097013,-0.143396,0.884158,-0.818436,-0.096272,0.371409,0.427726
-0.159403,-0.068369,0.148162,0.973635,-0.433858,0.097049,-0.143443,0.884179,-0.818384,-0.096316,0.371462,0.427769
-0.159439,-0.068318,0.148057,0.973648,-0.433829,0.097064,-0.143412,0.884197,-0.818391,-0.096342,0.371439,0.427771
-0.159429,-0.068243,0.147955,0.973671,-0.433776,0.097108,-0.143326,0.884232,-0.818383,-0.096366,0.371455,0.427768
-0.159435,-0.068188,0.147894,0.973683,-0.433779,0.097134,-0.14327,0.884237,-0.818392,-0.096282,0.371468,0.427758
-0.159436,-0.068147,0.147883,0.973687,-0.433796,0.097195,-0.143203,0.884233,-0.818404,-0.096222,0.371436,0.427776
-0.159367,-0.068144,0.147886,0.973698,-0.433814,0.097269,-0.143155,0.884223,-0.81839,-0.096199,0.371463,0.427783
-0.159396,-0.068164,0.147878,0.973693,-0.433821,0.097344,-0.143225,0.8842,-0.818421,-0.096184,0.37146,0.427731
-0.159417,-0.068158,0.14791,0.973685,-0.433866,0.097455,-0.143307,0.884153,-0.81843,-0.096208,0.371425,0.427739
-0.159381,-0.068183,0.147976,0.97368,-0.433894,0.097504,-0.143324,0.884131,-0.818437,-0.09622,0.371424,0.427724
-0.159396,-0.068112,0.148004,0.973678,-0.433923,0.097561,-0.143348,0.884106,-0.818398,-0.096187,0.371431,0.427799
-0.159418,-0.06804,0.147964,0.973685,-0.43391,0.097557,-0.143314,0.884119,-0.818368,-0.096223,0.371403,0.427872
-0.159446,-0.067976,0.147941,0.973689,-0.433881,0.097585,-0.143343,0.884125,-0.818345,-0.096323,0.371448,0.427855
-0.15948,-0.067963,0.147934,0.973685,-0.433818,0.09761,-0.143343,0.884153,-0.818327,-0.096344,0.371446,0.427886
-0.159495,-0.067945,0.147892,0.97369,-0.433784,0.097627,-0.143424,0.884155,-0.818326,-0.096418,0.371468,0.427851
-0.159535,-0.067906,0.14782,0.973697,-0.433784,0.097613,-0.143476,0.884148,-0.818336,-0.09644,0.37145,0.427845
-0.159506,-0.067857,0.147725,0.97372,-0.433786,0.097628,-0.143535,0.884136,-0.818302,-0.096494,0.37149,0.427863
-0.159526,-0.067804,0.14769,0.973725,-0.433783,0.097616,-0.143533,0.884139,-0.818268,-0.09658,0.371505,0.427894
-0.159515,-0.067759,0.147647,0.973737,-0.43378,0.097573,-0.14357,0.884139,-0.818268,-0.096559,0.371504,0.427901
-0.159482,-0.067731,0.147593,0.973753,-0.433847,0.097571,-0.143622,0.884098,-0.818279,-0.096599,0.371504,0.427871
-0.159488,-0.067742,0.14754,0.973759,-0.433849,0.097509,-0.143608,0.884106,-0.818294,-0.096617,0.371479,0.427859
-0.159481,-0.067761,0.147554,0.973757,-0.433879,0.09753,-0.143628,0.884086,-0.81829,-0.096605,0.371538,0.427818
-0.159467,-0.067782,0.14756,0.973757,-0.433906,0.097534,-0.143676,0.884064,-0.818265,-0.096543,0.371568,0.427855
-0.159448,-0.067814,0.147573,0.973755,-0.433917,0.097526,-0.14367,0.884061,-0.818267,-0.096552,0.371563,0.427852
-0.159467,-0.067875,0.14763,0.97374,-0.433885,0.09755,-0.143529,0.884097,-0.81826,-0.096603,0.371569,0.42785
-0.15946,-0.067931,0.147663,0.973732,-0.433863,0.097565,-0.143379,0.884131,-0.818271,-0.096588,0.371591,0.427812
-0.159473,-0.067931,0.147744,0.973717,-0.433806,0.097587,-0.143184,0.884187,-0.818269,-0.096582,0.37159,0.427819
-0.159414,-0.067942,0.147787,0.97372,-0.433758,0.097665,-0.143092,0.884217,-0.818291,-0.096582,0.371581,0.427784
-0.159381,-0.067992,0.147859,0.973711,-0.433724,0.097683,-0.14307,0.884236,-0.81832,-0.096575,0.371561,0.427749
-0.159383,-0.067996,0.147904,0.973703,-0.433728,0.097665,-0.14308,0.884234,-0.818325,-0.09653,0.371551,0.427757
-0.159325,-0.068011,0.147964,0.973703,-0.433773,0.097611,-0.14325,0.88419,-0.81832,-0.096509,0.371542,0.427779
-0.159291,-0.068015,0.147942,0.973711,-0.433818,0.097598,-0.143378,0.884149,-0.818315,-0.096499,0.371564,0.427773
-0.159265,-0.067976,0.147968,0.973714,-0.433863,0.097532,-0.143482,0.884117,-0.818315,-0.096525,0.37157,0.427761
-0.159278,-0.06798,0.14792,0.973719,-0.433893,0.097437,-0.143514,0.884108,-0.818316,-0.096519,0.371535,0.42779
-0.159333,-0.06799,0.14789,0.973714,-0.433903,0.097413,-0.143546,0.8841,-0.818296,-0.096552,0.371554,0.427805
-0.159294,-0.067989,0.147843,0.973728,-0.433899,0.09743,-0.143587,0.884094,-0.818292,-0.096561,0.371565,0.427802
-0.159307,-0.068037,0.147843,0.973722,-0.43395,0.097446,-0.143587,0.884067,-0.818299,-0.096569,0.371561,0.42779
-0.159322,-0.068067,0.147808,0.973723,-0.433968,0.09749,-0.143601,0.884051,-0.818312,-0.096614,0.371567,0.427749
-0.159358,-0.068069,0.147839,0.973712,-0.433948,0.097546,-0.143724,0.884035,-0.818291,-0.096671,0.371576,0.427768
-0.159382,-0.068054,0.147802,0.973715,-0.433908,0.097521,-0.143782,0.884048,-0.818277,-0.096734,0.371563,0.427793
-0.159372,-0.068055,0.147753,0.973724,-0.433899,0.097433,-0.143819,0.884056,-0.818258,-0.096784,0.371573,0.427808
-0.159356,-0.068008,0.147758,0.973729,-0.433859,0.097464,-0.143808,0.884074,-0.818267,-0.096807,0.371562,0.427795
-0.159386,-0.067925,0.147728,0.973734,-0.433849,0.097424,-0.143749,0.884093,-0.81827,-0.096852,0.371583,0.427762
-0.159429,-0.067932,0.147686,0.973733,-0.4338,0.097379,-0.143709,0.884128,-0.818265,-0.096898,0.371573,0.42777
-0.15939,-0.067922,0.147679,0.973741,-0.433739,0.097437,-0.14371,0.884152,-0.818282,-0.096885,0.371587,0.427728
-0.159375,-0.067852,0.147675,0.973749,-0.433718,0.097475,-0.143703,0.884159,-0.818278,-0.096893,0.371594,0.427728
-0.159375,-0.067831,0.147734,0.973742,-0.433737,0.097499,-0.143743,0.88414,-0.818296,-0.096805,0.371585,0.42772
-0.159343,-0.067815,0.147752,0.973745,-0.433736,0.097524,-0.14372,0.884142,-0.818326,-0.096816,0.371585,0.427661
-0.159372,-0.067824,0.147786,0.973735,-0.433739,0.097497,-0.143708,0.884145,-0.818328,-0.096812,0.371622,0.427626
-0.159372,-0.067846,0.147801,0.973731,-0.433733,0.097503,-0.143708,0.884148,-0.818328,-0.096829,0.371618,0.427626
-0.159365,-0.067853,0.147858,0.973723,-0.433685,0.097544,-0.143671,0.884173,-0.818347,-0.09682,0.371618,0.427591
-0.159335,-0.067839,0.14782,0.973735,-0.433693,0.097555,-0.143666,0.884169,-0.818369,-0.096754,0.371564,0.42761
-0.159323,-0.067865,0.147787,0.97374,-0.433654,0.097548,-0.143666,0.884188,-0.818409,-0.0967,0.371503,0.4276
-0.159323,-0.0679,0.147814,0.973733,-0.433632,0.097527,-0.143722,0.884192,-0.818431,-0.096641,0.371475,0.427595
-0.159343,-0.067929,0.147916,0.973713,-0.433608,0.097482,-0.143712,0.884211,-0.818442,-0.096646,0.371442,0.427601
-0.159384,-0.067934,0.147922,0.973705,-0.433594,0.097371,-0.143747,0.884224,-0.818444,-0.096657,0.371431,0.427606
-0.159357,-0.067997,0.14797,0.973697,-0.433543,0.097249,-0.143945,0.88423,-0.818437,-0.096633,0.371436,0.42762
-0.159344,-0.068074,0.147947,0.973698,-0.433518,0.097037,-0.144027,0.884252,-0.818443,-0.096608,0.371398,0.427646
-0.159326,-0.068156,0.147939,0.973696,-0.433488,0.096928,-0.144193,0.884252,-0.818448,-0.09658,0.371355,0.427681
-0.159342,-0.068168,0.14789,0.9737,-0.433478,0.096771,-0.144348,0.884249,-0.818443,-0.096594,0.371357,0.427685
-0.15931,-0.06821,0.14785,0.973708,-0.4335,0.096666,-0.144515,0.884222,-0.818444,-0.096557,0.371354,0.427694
-0.159315,-0.068219,0.147758,0.973721,-0.433568,0.096547,-0.144647,0.88418,-0.818436,-0.096525,0.37137,0.427704
-0.159285,-0.068253,0.147712,0.97373,-0.43359,0.096523,-0.144691,0.884165,-0.818439,-0.096516,0.371363,0.427707
-0.159229,-0.068297,0.147633,0.973749,-0.433637,0.096527,-0.144576,0.88416,-0.818433,-0.096459,0.371374,0.427721
-0.159195,-0.068323,0.147579,0.97376,-0.43366,0.096527,-0.144331,0.884189,-0.818416,-0.096406,0.371391,0.427749
-0.159166,-0.068322,0.147631,0.973757,-0.433641,0.096563,-0.14404,0.884242,-0.818412,-0.096368,0.371417,0.427744
-0.159148,-0.068381,0.147669,0.97375,-0.433676,0.096679,-0.143784,0.884253,-0.818419,-0.096331,0.371428,0.427729
-0.15913,-0.068455,0.147746,0.973736,-0.433689,0.096863,-0.143613,0.884255,-0.818417,-0.096367,0.371423,0.42773
-0.159163,-0.068535,0.147843,0.973711,-0.433664,0.096999,-0.143521,0.884267,-0.818416,-0.096398,0.371447,0.427704
-0.159166,-0.068583,0.14802,0.97368,-0.433671,0.097106,-0.143528,0.884251,-0.818432,-0.096433,0.371479,0.427637
-0.159182,-0.068658,0.148164,0.97365,-0.433612,0.097131,-0.143571,0.88427,-0.818445,-0.096415,0.371482,0.427613
-0.159186,-0.068631,0.148235,0.973641,-0.433604,0.097131,-0.143677,0.884257,-0.818456,-0.096459,0.371493,0.427572
-0.15919,-0.068583,0.148309,0.973632,-0.433596,0.097055,-0.143827,0.884244,-0.818479,-0.096522,0.371457,0.427546
-0.159197,-0.068582,0.148281,0.973635,-0.433558,0.096915,-0.143908,0.884265,-0.818498,-0.096522,0.371479,0.427491
-0.159156,-0.068611,0.148255,0.973644,-0.433525,0.096806,-0.143912,0.884293,-0.818506,-0.096581,0.371451,0.427487
-0.159144,-0.068636,0.148247,0.973645,-0.433463,0.096782,-0.143908,0.884327,-0.818529,-0.096641,0.371406,0.427467
-0.159124,-0.068647,0.148232,0.97365,-0.433411,0.096751,-0.143868,0.884362,-0.818527,-0.096647,0.371393,0.427481
-0.159121,-0.068644,0.148156,0.973662,-0.433399,0.096802,-0.143795,0.884374,-0.818536,-0.096585,0.371416,0.427459
-0.159127,-0.068651,0.148109,0.973668,-0.433393,0.09683,-0.143695,0.88439,-0.818548,-0.096526,0.371395,0.427466
-0.159095,-0.068687,0.148098,0.973672,-0.433389,0.096933,-0.143621,0.884393,-0.818561,-0.096406,0.371405,0.42746
-0.159077,-0.068677,0.148098,0.973676,-0.433415,0.096977,-0.143559,0.884386,-0.818575,-0.096334,0.37137,0.42748
-0.159076,-0.068698,0.148121,0.973671,-0.433491,0.097088,-0.143498,0.884346,-0.81856,-0.096304,0.371373,0.427514
-0.159086,-0.068673,0.148203,0.973659,-0.433582,0.097146,-0.143466,0.8843,-0.818557,-0.096283,0.371368,0.427527
-0.159113,-0.068638,0.14817,0.973662,-0.433665,0.097162,-0.143439,0.884262,-0.818565,-0.096274,0.37137,0.427513
-0.15917,-0.068669,0.148243,0.973639,-0.433677,0.097126,-0.143448,0.884259,-0.818577,-0.096259,0.371349,0.427511
-0.159233,-0.068678,0.148375,0.973608,-0.433642,0.0971,-0.143458,0.884277,-0.818574,-0.096292,0.371371,0.427489
-0.159303,-0.06861,0.148499,0.973583,-0.433568,0.097026,-0.143487,0.884317,-0.8186,-0.096318,0.371355,0.427449
-0.159337,-0.068607,0.14861,0.97356,-0.433542,0.096985,-0.143524,0.884328,-0.818604,-0.09637,0.371344,0.427439
-0.159344,-0.068582,0.148667,0.973552,-0.433458,0.096939,-0.143545,0.884371,-0.818619,-0.096398,0.371321,0.427424
-0.159347,-0.068581,0.148681,0.97355,-0.433434,0.096949,-0.143573,0.884377,-0.818604,-0.096432,0.371347,0.427423
-0.159306,-0.068546,0.148622,0.973568,-0.433422,0.096914,-0.143591,0.884384,-0.818587,-0.096462,0.371346,0.427449
-0.15931,-0.068527,0.148591,0.973573,-0.433442,0.096861,-0.143574,0.884382,-0.818579,-0.096475,0.371358,0.427452
-0.159303,-0.068528,0.148546,0.973581,-0.433453,0.096864,-0.143579,0.884376,-0.818563,-0.096462,0.37138,0.427465
-0.159273,-0.068524,0.148485,0.973596,-0.433527,0.096864,-0.143577,0.88434,-0.818572,-0.096484,0.371368,0.427453
-0.159284,-0.068499,0.148462,0.973599,-0.433545,0.096878,-0.143511,0.88434,-0.818585,-0.096471,0.371361,0.427437
-0.159261,-0.068499,0.148447,0.973605,-0.433535,0.096957,-0.143383,0.884357,-0.818569,-0.096468,0.371382,0.42745
-0.159247,-0.068503,0.148533,0.973594,-0.433559,0.097049,-0.143181,0.884368,-0.818545,-0.096451,0.371384,0.427499
-0.159252,-0.068567,0.148542,0.973587,-0.433521,0.097127,-0.142972,0.884412,-0.818559,-0.096467,0.371351,0.427498
-0.159257,-0.068558,0.148565,0.973584,-0.433476,0.097263,-0.142748,0.884456,-0.81858,-0.09647,0.371327,0.427477
-0.159198,-0.068586,0.148749,0.973563,-0.43344,0.097338,-0.142518,0.884502,-0.81859,-0.096457,0.371331,0.427458
-0.159257,-0.06863,0.148843,0.973536,-0.433361,0.097397,-0.14236,0.88456,-0.818629,-0.09641,0.37132,0.427402
-0.159275,-0.068589,0.148919,0.973525,-0.433321,0.097437,-0.142222,0.884597,-0.818659,-0.096393,0.371331,0.42734
-0.159275,-0.068591,0.149019,0.973509,-0.433307,0.097421,-0.142204,0.884608,-0.81867,-0.096324,0.371352,0.427315
-0.159313,-0.068579,0.149073,0.973495,-0.433275,0.097373,-0.142212,0.884628,-0.818676,-0.096304,0.371374,0.42729
-0.159288,-0.068623,0.149142,0.973486,-0.433276,0.097375,-0.142261,0.88462,-0.818687,-0.096265,0.371326,0.427319
-0.159235,-0.068615,0.149187,0.973488,-0.433259,0.097331,-0.142255,0.884634,-0.818695,-0.09626,0.371313,0.427317
-0.159263,-0.068555,0.149215,0.973484,-0.433201,0.097293,-0.142189,0.884677,-0.818681,-0.096259,0.371341,0.427319
-0.159323,-0.068518,0.149197,0.973479,-0.433193,0.097295,-0.142087,0.884697,-0.818688,-0.096242,0.371362,0.427291
-0.159364,-0.068487,0.149262,0.973465,-0.433133,0.097254,-0.141967,0.88475,-0.818645,-0.096277,0.371383,0.427347
-0.159349,-0.068516,0.149247,0.973467,-0.433144,0.097281,-0.141913,0.88475,-0.818646,-0.096274,0.371405,0.427326
-0.159357,-0.068478,0.149267,0.973466,-0.433188,0.09729,-0.141939,0.884724,-0.818645,-0.096274,0.37141,0.427326
-0.159354,-0.06852,0.14929,0.97346,-0.433224,0.097312,-0.141988,0.884696,-0.818632,-0.096306,0.371423,0.427332
-0.159314,-0.068546,0.149288,0.973465,-0.433239,0.097281,-0.142076,0.884678,-0.818614,-0.09637,0.371445,0.427332
-0.159306,-0.068558,0.149366,0.973453,-0.433224,0.097277,-0.142146,0.884674,-0.818599,-0.096441,0.371456,0.427335
-0.159298,-0.068578,0.149388,0.97345,-0.433207,0.097262,-0.142148,0.884684,-0.818572,-0.096475,0.371508,0.427334
-0.159307,-0.068568,0.149324,0.973459,-0.433118,0.097184,-0.142123,0.88474,-0.818545,-0.09649,0.371549,0.427346
-0.159297,-0.068578,0.149303,0.973463,-0.433017,0.097196,-0.142017,0.884805,-0.818531,-0.09652,0.371555,0.427361
-0.159309,-0.06866,0.149383,0.973443,-0.432956,0.097194,-0.141885,0.884856,-0.818514,-0.096522,0.371599,0.427356
-0.15926,-0.068644,0.149426,0.973446,-0.432895,0.09726,-0.141761,0.884899,-0.81855,-0.096474,0.371591,0.427305
-0.159234,-0.068653,0.149423,0.97345,-0.432843,0.097248,-0.141721,0.884932,-0.818548,-0.09645,0.371613,0.427295
-0.159202,-0.068643,0.149475,0.973448,-0.432859,0.09726,-0.141741,0.88492,-0.818562,-0.096458,0.371604,0.427275
-0.159171,-0.068672,0.149482,0.973449,-0.432928,0.097296,-0.141825,0.884868,-0.818575,-0.096485,0.371651,0.427201
-0.159118,-0.068671,0.149508,0.973454,-0.433001,0.097257,-0.142026,0.884805,-0.818577,-0.096482,0.371671,0.427182
-0.159116,-0.068675,0.149505,0.973455,-0.433041,0.097202,-0.142164,0.884769,-0.818577,-0.096514,0.371662,0.427181
-0.159137,-0.068673,0.149486,0.973454,-0.433077,0.097136,-0.142329,0.884732,-0.818565,-0.09649,0.371675,0.427199
-0.159174,-0.068675,0.149507,0.973445,-0.433158,0.097067,-0.142433,0.884683,-0.818564,-0.09648,0.371665,0.427212
-0.159261,-0.068672,0.149472,0.973436,-0.433164,0.097018,-0.14251,0.884674,-0.818553,-0.096488,0.371646,0.427248
-0.159323,-0.068708,0.149426,0.973431,-0.433113,0.096964,-0.142578,0.884694,-0.81856,-0.096472,0.371589,0.427288
-0.159347,-0.068733,0.149407,0.973428,-0.433088,0.09688,-0.142668,0.8847,-0.818573,-0.09643,0.371574,0.427286
-0.159338,-0.068718,0.149355,0.973438,-0.433041,0.096802,-0.142759,0.884717,-0.818571,-0.096463,0.371599,0.42726
-0.159342,-0.068749,0.149341,0.973438,-0.433012,0.096791,-0.142833,0.884721,-0.81856,-0.096488,0.371592,0.42728
-0.15937,-0.06878,0.149287,0.973439,-0.433012,0.096761,-0.142833,0.884724,-0.818574,-0.096498,0.37156,0.42728
-0.159378,-0.068834,0.149235,0.973442,-0.432977,0.096794,-0.142741,0.884753,-0.818585,-0.096525,0.37156,0.427253
-0.15935,-0.068841,0.149148,0.973459,-0.432952,0.096829,-0.142564,0.884789,-0.818594,-0.096547,0.371546,0.427243
-0.159383,-0.068804,0.149128,0.97346,-0.432929,0.096884,-0.142362,0.884827,-0.818599,-0.096566,0.371555,0.427222
-0.159376,-0.068774,0.149081,0.97347,-0.43293,0.096961,-0.142238,0.884838,-0.818605,-0.096583,0.371548,0.427212
-0.159344,-0.068747,0.149064,0.97348,-0.432944,0.097044,-0.142083,0.884847,-0.818609,-0.096655,0.371555,0.427181
-0.159356,-0.068733,0.149052,0.973481,-0.432997,0.097112,-0.142018,0.884824,-0.818646,-0.096627,0.371551,0.427119
-0.159368,-0.068735,0.149044,0.97348,-0.433037,0.097156,-0.142065,0.884792,-0.818679,-0.096595,0.371539,0.427075
-0.159378,-0.068738,0.149079,0.973473,-0.433138,0.097125,-0.142143,0.884734,-0.818707,-0.096598,0.371528,0.427031
-0.159403,-0.068704,0.149179,0.973456,-0.433153,0.097048,-0.14225,0.884717,-0.818722,-0.096556,0.371539,0.427001
-0.159413,-0.068694,0.149248,0.973444,-0.433187,0.096982,-0.142371,0.884689,-0.81871,-0.09659,0.371576,0.426986
-0.159408,-0.068734,0.149281,0.973437,-0.433168,0.096872,-0.142428,0.884701,-0.818706,-0.096605,0.371584,0.426982
-0.159404,-0.06877,0.149336,0.973427,-0.433165,0.096778,-0.142472,0.884706,-0.818725,-0.096591,0.371601,0.426933
-0.159447,-0.068788,0.149359,0.973415,-0.433115,0.096731,-0.142489,0.884733,-0.818721,-0.096643,0.371595,0.426935
-0.159489,-0.068799,0.149293,0.973417,-0.433039,0.096747,-0.142465,0.884772,-0.8187,-0.09664,0.371625,0.426949
-0.159452,-0.068862,0.149203,0.973433,-0.432979,0.096777,-0.142379,0.884812,-0.818706,-0.096685,0.371615,0.426937
-0.159449,-0.06886,0.149165,0.973439,-0.432913,0.096806,-0.142275,0.884857,-0.818675,-0.096718,0.371632,0.426975
-0.159429,-0.06886,0.149202,0.973437,-0.432839,0.096855,-0.14218,0.884903,-0.818659,-0.0968,0.371659,0.426963
-0.159389,-0.068808,0.149181,0.97345,-0.43275,0.096863,-0.142101,0.884959,-0.818646,-0.096815,0.371654,0.426988
-0.159404,-0.068737,0.149193,0.973451,-0.432773,0.096864,-0.142058,0.884955,-0.818664,-0.096785,0.371615,0.426995
-0.159413,-0.068693,0.149152,0.973459,-0.432788,0.096864,-0.142064,0.884946,-0.818675,-0.096765,0.371596,0.426994
-0.159376,-0.06866,0.149148,0.973468,-0.432834,0.096832,-0.142085,0.884923,-0.818681,-0.096762,0.371557,0.427018
-0.159373,-0.068612,0.149151,0.973471,-0.43291,0.096824,-0.142143,0.884878,-0.818697,-0.096671,0.371538,0.427025
-0.159347,-0.068603,0.149195,0.97347,-0.432932,0.096825,-0.142279,0.884845,-0.818708,-0.096699,0.371487,0.427041
-0.159348,-0.068624,0.149236,0.973462,-0.432985,0.096849,-0.142368,0.884803,-0.818715,-0.096695,0.371475,0.427038
-0.159384,-0.068621,0.149329,0.973442,-0.433024,0.096792,-0.142472,0.884773,-0.818707,-0.096706,0.371523,0.42701
-0.15947,-0.068671,0.14935,0.973421,-0.433006,0.096808,-0.142476,0.88478,-0.818727,-0.096705,0.37155,0.426949
-0.159477,-0.068691,0.149395,0.973411,-0.432949,0.09682,-0.142427,0.884814,-0.81872,-0.096734,0.371598,0.426914
-0.159505,-0.068659,0.149404,0.973408,-0.432921,0.096848,-0.142314,0.884843,-0.81873,-0.096809,0.371621,0.426857
-0.159491,-0.068715,0.149435,0.973401,-0.432873,0.096837,-0.142223,0.884882,-0.818753,-0.09685,0.371596,0.426826
-0.15948,-0.068723,0.149426,0.973404,-0.432852,0.096833,-0.142105,0.884911,-0.818762,-0.096859,0.371659,0.426752
-0.15944,-0.068664,0.149324,0.97343,-0.432884,0.096852,-0.141982,0.884914,-0.818782,-0.096901,0.371664,0.426699
-0.159432,-0.068661,0.149286,0.973438,-0.4329,0.0969,-0.142003,0.884897,-0.81877,-0.096917,0.371686,0.426699
-0.15945,-0.068674,0.149199,0.973447,-0.432911,0.096932,-0.142098,0.884873,-0.818746,-0.096902,0.371712,0.426727
-0.159449,-0.068623,0.149163,0.973456,-0.432964,0.096909,-0.142239,0.884827,-0.818745,-0.096839,0.371692,0.42676
-0.159429,-0.06858,0.149182,0.97346,-0.433012,0.096844,-0.142398,0.884785,-0.818763,-0.0968,0.371656,0.426764
-0.159432,-0.068553,0.1491,0.973474,-0.433048,0.096735,-0.142605,0.884746,-0.818816,-0.096778,0.371607,0.426711
-0.159499,-0.068583,0.149119,0.973458,-0.433054,0.096634,-0.142821,0.884719,-0.818808,-0.096765,0.371613,0.426726
-0.159488,-0.068564,0.149122,0.97346,-0.433081,0.09658,-0.142981,0.884686,-0.818817,-0.096727,0.371589,0.426737
-0.159525,-0.068573,0.149188,0.973444,-0.433087,0.096545,-0.143053,0.884676,-0.818818,-0.096709,0.371564,0.42676
-0.159485,-0.068603,0.149114,0.973459,-0.433045,0.096571,-0.143093,0.884687,-0.818825,-0.096662,0.371537,0.426782
-0.159472,-0.068638,0.149048,0.973469,-0.433029,0.096651,-0.143103,0.884684,-0.818811,-0.096617,0.371553,0.426804
-0.159513,-0.068632,0.148968,0.973475,-0.43301,0.096681,-0.143029,0.884702,-0.818831,-0.096596,0.371512,0.426807
-0.159522,-0.068609,0.148894,0.973486,-0.432938,0.096737,-0.142967,0.884741,-0.818841,-0.096543,0.371489,0.426819
-0.159487,-0.068591,0.14882,0.973505,-0.432898,0.096746,-0.142873,0.884775,-0.818838,-0.096507,0.371514,0.426812
-0.159477,-0.068542,0.148781,0.973516,-0.432886,0.096785,-0.142783,0.884791,-0.818839,-0.096447,0.371499,0.426837
-0.159431,-0.068554,0.148784,0.973522,-0.432894,0.096827,-0.142686,0.884798,-0.818833,-0.096353,0.371492,0.426874
-0.159444,-0.068561,0.148775,0.973521,-0.432952,0.09682,-0.142707,0.884767,-0.818862,-0.096322,0.371451,0.426862
-0.159423,-0.068551,0.14879,0.973523,-0.432995,0.096858,-0.14289,0.884712,-0.818873,-0.096322,0.371434,0.426856
-0.159424,-0.068549,0.148804,0.973521,-0.433003,0.096866,-0.143098,0.884674,-0.818873,-0.096351,0.371442,0.426842
-0.159474,-0.068595,0.148874,0.973499,-0.433003,0.096863,-0.143319,0.884639,-0.818895,-0.096366,0.371409,0.426825
-0.159522,-0.068631,0.148861,0.97349,-0.433009,0.096762,-0.143464,0.884623,-0.818895,-0.09635,0.371394,0.426842
-0.159508,-0.068629,0.148797,0.973502,-0.43299,0.096695,-0.14352,0.884631,-0.818889,-0.096345,0.37142,0.426831
-0.159521,-0.068614,0.148697,0.973516,-0.432953,0.096633,-0.143585,0.884645,-0.818875,-0.096397,0.371424,0.426843
-0.159551,-0.068613,0.148593,0.973527,-0.432904,0.096589,-0.143667,0.884661,-0.818866,-0.096416,0.371445,0.426839
-0.159556,-0.06859,0.148536,0.973537,-0.43284,0.096551,-0.143691,0.884692,-0.818883,-0.096402,0.371443,0.42681
-0.159559,-0.068625,0.148528,0.973535,-0.432808,0.096602,-0.14378,0.884688,-0.81887,-0.096402,0.371454,0.426826
-0.159524,-0.068671,0.148516,0.97354,-0.432801,0.096627,-0.143894,0.88467,-0.818886,-0.096417,0.371462,0.426785
-0.159505,-0.068679,0.148477,0.973548,-0.432794,0.096672,-0.144023,0.884647,-0.818896,-0.096367,0.371455,0.426784
-0.159516,-0.068629,0.148431,0.973557,-0.432801,0.096662,-0.144117,0.88463,-0.818877,-0.09635,0.371482,0.426799
-0.159538,-0.068551,0.148336,0.973573,-0.432841,0.096662,-0.144185,0.884599,-0.818873,-0.09632,0.371496,0.426803
-0.159557,-0.068531,0.148297,0.973577,-0.432844,0.096637,-0.144152,0.884606,-0.818884,-0.096263,0.371475,0.426813
-0.159545,-0.068518,0.148215,0.973593,-0.432871,0.096609,-0.144045,0.884613,-0.818918,-0.096183,0.371446,0.426791
-0.159539,-0.068543,0.148161,0.9736,-0.432879,0.09658,-0.144027,0.884615,-0.818922,-0.096108,0.37147,0.426778
-0.159526,-0.068547,0.148143,0.973605,-0.432878,0.096556,-0.144091,0.884608,-0.818943,-0.096031,0.371473,0.426753
-0.159573,-0.068595,0.148242,0.973579,-0.432862,0.096505,-0.144197,0.884604,-0.81895,-0.096001,0.371459,0.426758
-0.159599,-0.068662,0.148383,0.973548,-0.432874,0.096453,-0.144314,0.884585,-0.818943,-0.095945,0.371419,0.426819
-0.159579,-0.068705,0.148478,0.973534,-0.432862,0.09636,-0.144386,0.884589,-0.818955,-0.095865,0.371393,0.426837
-0.1596,-0.068798,0.148478,0.973524,-0.432833,0.096294,-0.144381,0.884611,-0.818972,-0.095801,0.371379,0.426831
-0.159606,-0.068831,0.148494,0.973518,-0.432819,0.096174,-0.144311,0.884643,-0.818981,-0.095714,0.371348,0.42686
-0.159596,-0.068824,0.148465,0.973525,-0.432826,0.096104,-0.144235,0.884659,-0.818993,-0.095691,0.371338,0.426851
