-0.177819,-0.018723,0.404116,0.895552,0.230264,-0.098661,-0.151056,-0.953347,-0.570678,-0.213916,0.681441,0.40544
-0.177791,-0.018612,0.404016,0.895604,0.230232,-0.09859,-0.150987,-0.953375,-0.570719,-0.213793,0.681424,0.405473
-0.177788,-0.0185,0.403979,0.895621,0.23018,-0.098586,-0.151012,-0.953384,-0.570793,-0.21365,0.681342,0.405585
-0.177781,-0.018338,0.403972,0.895625,0.230109,-0.098659,-0.15099,-0.953396,-0.570835,-0.213461,0.68129,0.40571
-0.177771,-0.018132,0.403948,0.895637,0.22997,-0.098763,-0.15099,-0.953416,-0.570952,-0.213212,0.681179,0.405864
-0.177797,-0.017973,0.4039,0.895654,0.22983,-0.098928,-0.150939,-0.953437,-0.571014,-0.212969,0.681115,0.406009
-0.177754,-0.017724,0.403845,0.895688,0.229668,-0.099252,-0.150715,-0.953472,-0.571063,-0.212756,0.681067,0.406132
-0.177798,-0.017433,0.40375,0.895722,0.229519,-0.099493,-0.150598,-0.953496,-0.571112,-0.212613,0.68101,0.406235
-0.177794,-0.017139,0.403587,0.895797,0.229384,-0.099746,-0.150508,-0.953511,-0.571194,-0.212409,0.680958,0.406313
-0.177804,-0.016869,0.403435,0.895862,0.229371,-0.10002,-0.150473,-0.953486,-0.571266,-0.212295,0.680889,0.406387
-0.177833,-0.016592,0.403319,0.895908,0.229296,-0.100281,-0.150461,-0.953473,-0.571339,-0.21219,0.680805,0.406479
-0.177885,-0.01632,0.403271,0.895919,0.229251,-0.100493,-0.150387,-0.953469,-0.571396,-0.212056,0.680764,0.406536
-0.177952,-0.016068,0.403195,0.89594,0.229189,-0.100655,-0.150288,-0.953479,-0.571411,-0.212009,0.680722,0.406609
-0.178012,-0.015844,0.403123,0.89596,0.229269,-0.100755,-0.150217,-0.953459,-0.571423,-0.211983,0.680686,0.406668
-0.178045,-0.015658,0.40307,0.895976,0.229268,-0.100849,-0.150161,-0.953456,-0.571437,-0.211958,0.680677,0.406675
-0.178176,-0.015565,0.403041,0.895964,0.22923,-0.100857,-0.150101,-0.953474,-0.571448,-0.211921,0.680657,0.406713
-0.178238,-0.015498,0.403013,0.895964,0.229233,-0.100781,-0.1501,-0.953483,-0.571453,-0.211882,0.680667,0.40671
-0.17825,-0.015465,0.402994,0.89597,0.22935,-0.10069,-0.150151,-0.953459,-0.571452,-0.211842,0.680711,0.406657
-0.178235,-0.015464,0.402997,0.895972,0.229335,-0.100611,-0.150282,-0.953451,-0.571463,-0.211825,0.680731,0.406617
-0.178288,-0.015567,0.403078,0.895925,0.229371,-0.100542,-0.150482,-0.953418,-0.571449,-0.211822,0.680749,0.40661
-0.178248,-0.015662,0.403178,0.895888,0.229389,-0.100395,-0.150595,-0.953414,-0.571435,-0.211932,0.680798,0.406488
-0.178204,-0.015775,0.403236,0.89587,0.229518,-0.100258,-0.150717,-0.953381,-0.571468,-0.211994,0.680803,0.406402
-0.178163,-0.015944,0.403325,0.895839,0.229592,-0.100163,-0.150738,-0.953372,-0.571491,-0.212062,0.680786,0.406362
-0.178179,-0.016064,0.40336,0.89582,0.229614,-0.100087,-0.150721,-0.95338,-0.571495,-0.212094,0.6808,0.406315
-0.178173,-0.01617,0.403306,0.895847,0.229656,-0.099994,-0.150675,-0.953389,-0.57152,-0.212143,0.680823,0.406217
-0.178186,-0.016281,0.403302,0.895846,0.22977,-0.099885,-0.150676,-0.953375,-0.571523,-0.212163,0.680843,0.406168
-0.178191,-0.016356,0.403292,0.895849,0.229866,-0.099821,-0.150681,-0.953359,-0.571497,-0.212239,0.680891,0.406084
-0.178298,-0.016479,0.403345,0.895805,0.229937,-0.099785,-0.150689,-0.953345,-0.571526,-0.212261,0.680908,0.406003
-0.178357,-0.016543,0.403416,0.895761,0.229984,-0.099794,-0.150768,-0.95332,-0.57151,-0.212274,0.68094,0.405965
-0.178424,-0.016593,0.403456,0.89573,0.230112,-0.099831,-0.150874,-0.953269,-0.571478,-0.212311,0.680994,0.4059
-0.178487,-0.016607,0.403491,0.895701,0.230129,-0.099879,-0.150892,-0.953255,-0.571513,-0.212333,0.680961,0.405894
-0.178597,-0.016543,0.403554,0.89565,0.230131,-0.099952,-0.150918,-0.953241,-0.571567,-0.212312,0.680966,0.405819
-0.178684,-0.016502,0.403596,0.895615,0.230097,-0.100021,-0.150942,-0.953237,-0.571593,-0.212357,0.680953,0.405782
-0.178711,-0.01649,0.403624,0.895596,0.230188,-0.100044,-0.150923,-0.953216,-0.571612,-0.212371,0.680962,0.405734
-0.178754,-0.016478,0.403665,0.895569,0.230185,-0.100104,-0.150911,-0.953211,-0.571656,-0.212342,0.680947,0.40571
-0.178797,-0.016485,0.403655,0.895565,0.23017,-0.10014,-0.150832,-0.953222,-0.571698,-0.212346,0.680927,0.405682
-0.178811,-0.016433,0.403645,0.895568,0.230155,-0.100198,-0.150868,-0.953213,-0.571731,-0.212335,0.68088,0.405721
-0.17886,-0.016424,0.403607,0.895574,0.230238,-0.10023,-0.150888,-0.953186,-0.571797,-0.212303,0.680841,0.405709
-0.178912,-0.01636,0.403638,0.89555,0.230245,-0.10033,-0.150836,-0.95318,-0.571857,-0.212167,0.680806,0.405756
-0.178949,-0.01629,0.403672,0.895527,0.230255,-0.100461,-0.150798,-0.953168,-0.571909,-0.21204,0.680791,0.405773
-0.179008,-0.016175,0.403659,0.895521,0.230248,-0.1006,-0.150782,-0.953155,-0.571961,-0.211976,0.680778,0.405754
-0.179094,-0.016022,0.403646,0.895509,0.230289,-0.100783,-0.150635,-0.953145,-0.572022,-0.211929,0.680723,0.405785
-0.179127,-0.015852,0.403571,0.895537,0.230277,-0.100936,-0.150565,-0.95314,-0.572087,-0.211873,0.68069,0.405777
-0.179242,-0.015711,0.403502,0.895545,0.230255,-0.101078,-0.150482,-0.953141,-0.572139,-0.21185,0.680655,0.405776
-0.179315,-0.015588,0.403487,0.895536,0.230217,-0.101211,-0.150407,-0.953145,-0.572211,-0.21181,0.680625,0.405744
-0.179366,-0.015451,0.40347,0.895534,0.230273,-0.101262,-0.150436,-0.95312,-0.57229,-0.211767,0.680569,0.405752
-0.179407,-0.015325,0.403439,0.895539,0.23024,-0.101312,-0.150511,-0.953111,-0.572324,-0.211662,0.680543,0.405797
-0.179481,-0.015224,0.403381,0.89555,0.230187,-0.101391,-0.150554,-0.953106,-0.572366,-0.211613,0.680515,0.405812
-0.179548,-0.015117,0.403342,0.895554,0.230227,-0.101406,-0.150576,-0.953092,-0.572408,-0.21157,0.680516,0.405774
-0.1796,-0.015052,0.403303,0.895561,0.230319,-0.101409,-0.150591,-0.953066,-0.572462,-0.211491,0.680487,0.405785
-0.179637,-0.015012,0.403294,0.895557,0.230324,-0.101456,-0.150595,-0.953058,-0.5725,-0.211416,0.680487,0.405771
-0.179692,-0.014985,0.403248,0.895568,0.230337,-0.101509,-0.150552,-0.953056,-0.572568,-0.211395,0.680461,0.405728
-0.179717,-0.014926,0.403219,0.895576,0.230317,-0.101606,-0.150455,-0.953064,-0.572596,-0.211329,0.680455,0.405734
-0.179758,-0.014832,0.403214,0.895569,0.230458,-0.101592,-0.150436,-0.953035,-0.572616,-0.211316,0.680465,0.405695
-0.179779,-0.014743,0.403229,0.895557,0.230458,-0.101638,-0.150337,-0.953045,-0.57264,-0.211267,0.68049,0.405646
-0.179858,-0.014673,0.403215,0.895547,0.230444,-0.101652,-0.150302,-0.953052,-0.572652,-0.211263,0.680506,0.405604
-0.179893,-0.014595,0.403225,0.895536,0.230489,-0.101638,-0.150309,-0.953042,-0.572658,-0.211264,0.680518,0.405573
-0.179933,-0.014558,0.403211,0.895534,0.230585,-0.101571,-0.150306,-0.953028,-0.572639,-0.211217,0.680588,0.405506
-0.179937,-0.014475,0.403147,0.895562,0.230578,-0.101556,-0.15036,-0.953023,-0.57265,-0.211202,0.680612,0.405458
-0.179996,-0.014457,0.403144,0.895551,0.230599,-0.101516,-0.150413,-0.953014,-0.572661,-0.211183,0.680632,0.405417
-0.180023,-0.014445,0.403032,0.895596,0.230599,-0.101458,-0.150384,-0.953027,-0.572662,-0.211176,0.680639,0.40541
-0.180044,-0.014409,0.403058,0.89558,0.230634,-0.101411,-0.150424,-0.953018,-0.572691,-0.211185,0.68063,0.40538
-0.180015,-0.014428,0.403076,0.895578,0.23062,-0.101348,-0.150403,-0.953032,-0.572726,-0.21113,0.680647,0.405329
-0.180047,-0.014436,0.40303,0.895593,0.23061,-0.101308,-0.150341,-0.95305,-0.572731,-0.211072,0.680669,0.405316
-0.180019,-0.014382,0.403012,0.895606,0.230523,-0.101318,-0.150278,-0.95308,-0.572747,-0.211041,0.680664,0.405317
-0.179973,-0.014365,0.402963,0.895638,0.230552,-0.101296,-0.150218,-0.953085,-0.572746,-0.211012,0.680686,0.405295
-0.179926,-0.014362,0.402903,0.895674,0.230537,-0.1013,-0.150159,-0.953098,-0.572719,-0.210959,0.680702,0.405336
-0.179957,-0.014387,0.402809,0.895711,0.230538,-0.101306,-0.150083,-0.953109,-0.572706,-0.210964,0.680705,0.405344
-0.179895,-0.014384,0.40279,0.895731,0.230572,-0.101326,-0.150068,-0.9531,-0.57268,-0.210961,0.680734,0.405333
-0.179873,-0.014428,0.402704,0.895776,0.230636,-0.101318,-0.150088,-0.953083,-0.572675,-0.21094,0.680741,0.405342
-0.179866,-0.014445,0.402684,0.895785,0.230635,-0.101348,-0.150113,-0.953076,-0.572667,-0.210877,0.68074,0.405386
-0.179879,-0.014482,0.402653,0.895797,0.230609,-0.101347,-0.150105,-0.953083,-0.572624,-0.210859,0.680741,0.405456
-0.179877,-0.014431,0.402684,0.895783,0.230637,-0.101353,-0.150067,-0.953081,-0.572595,-0.210879,0.68077,0.405437
-0.179854,-0.014433,0.402641,0.895808,0.230758,-0.101272,-0.150124,-0.953054,-0.572559,-0.210843,0.680806,0.405449
-0.1798,-0.014491,0.402693,0.895795,0.230774,-0.101194,-0.150117,-0.953062,-0.572478,-0.210833,0.680855,0.405483
-0.179789,-0.014543,0.402557,0.895859,0.230776,-0.101028,-0.150134,-0.953079,-0.572423,-0.210856,0.680877,0.405514
-0.179678,-0.014585,0.402498,0.895908,0.230792,-0.100904,-0.150105,-0.953095,-0.57234,-0.210896,0.680923,0.405534
-0.179566,-0.014667,0.402509,0.895925,0.230877,-0.100739,-0.150133,-0.953092,-0.572264,-0.210887,0.680973,0.405561
-0.179482,-0.014756,0.402472,0.89596,0.230865,-0.100618,-0.150134,-0.953109,-0.572204,-0.21091,0.681022,0.405553
-0.179419,-0.014856,0.402432,0.895991,0.230898,-0.100489,-0.150157,-0.953114,-0.572152,-0.210944,0.681052,0.405559
-0.179301,-0.015007,0.402438,0.896012,0.230915,-0.100318,-0.150124,-0.953137,-0.572096,-0.210973,0.681101,0.405539
-0.179236,-0.015224,0.402454,0.896018,0.231022,-0.100209,-0.150167,-0.953117,-0.572055,-0.211022,0.681129,0.405525
-0.179184,-0.015421,0.402466,0.896025,0.231018,-0.100166,-0.150127,-0.95313,-0.572002,-0.211121,0.681129,0.40555
-0.179197,-0.0156,0.4024,0.896052,0.231062,-0.100133,-0.150119,-0.953126,-0.571925,-0.211209,0.681143,0.40559
-0.179195,-0.015683,0.402418,0.896045,0.231085,-0.100084,-0.150122,-0.953125,-0.571865,-0.211319,0.681174,0.405566
-0.179205,-0.015776,0.402382,0.896059,0.231219,-0.100073,-0.150146,-0.95309,-0.571811,-0.21143,0.68121,0.405522
-0.179185,-0.015875,0.402424,0.896044,0.23127,-0.100074,-0.1501,-0.953086,-0.571783,-0.211547,0.681233,0.405462
-0.179241,-0.015958,0.402459,0.896018,0.23133,-0.100149,-0.150042,-0.953071,-0.571731,-0.211616,0.681269,0.40544
-0.179301,-0.016041,0.402479,0.895997,0.231433,-0.10019,-0.150026,-0.953044,-0.571674,-0.211686,0.6813,0.405431
-0.179322,-0.016113,0.402456,0.896003,0.231539,-0.100188,-0.150007,-0.953022,-0.57166,-0.211723,0.681293,0.405445
-0.179357,-0.016201,0.402448,0.896001,0.231569,-0.100216,-0.150033,-0.953007,-0.571625,-0.211736,0.681313,0.405454
-0.179426,-0.016307,0.402421,0.895999,0.231631,-0.100161,-0.150029,-0.953,-0.571661,-0.211781,0.681272,0.405448
-0.179442,-0.016344,0.402457,0.89598,0.23167,-0.100113,-0.150048,-0.952994,-0.571691,-0.21179,0.681225,0.405478
-0.179396,-0.016396,0.402436,0.895999,0.231777,-0.100068,-0.150056,-0.952972,-0.571723,-0.211812,0.681215,0.40544
-0.179378,-0.016479,0.402436,0.896002,0.231806,-0.100034,-0.150031,-0.952973,-0.571744,-0.211782,0.681216,0.405424
-0.1794,-0.016528,0.402483,0.895977,0.231881,-0.100032,-0.150036,-0.952955,-0.57177,-0.211797,0.681172,0.405456
-0.179411,-0.016526,0.402486,0.895973,0.231899,-0.100033,-0.150038,-0.95295,-0.571747,-0.211847,0.681163,0.405476
-0.179431,-0.016523,0.402506,0.89596,0.231994,-0.100071,-0.149979,-0.952932,-0.571811,-0.211809,0.681114,0.405488
-0.179439,-0.016536,0.402553,0.895937,0.231988,-0.100119,-0.149846,-0.952949,-0.571868,-0.211753,0.681049,0.405544
-0.179501,-0.016524,0.402553,0.895924,0.231967,-0.100191,-0.149809,-0.952951,-0.571934,-0.211689,0.680982,0.405598
-0.179563,-0.016503,0.402504,0.895935,0.231911,-0.100287,-0.149722,-0.952965,-0.571968,-0.211675,0.680941,0.405628
-0.179583,-0.016434,0.402456,0.895952,0.231938,-0.100373,-0.149751,-0.952944,-0.57201,-0.211639,0.680885,0.405679
-0.179582,-0.016369,0.402402,0.895977,0.231899,-0.10047,-0.149752,-0.952941,-0.57205,-0.211613,0.68082,0.405746
-0.179618,-0.01633,0.402408,0.895967,0.231875,-0.100503,-0.14973,-0.952946,-0.572116,-0.211554,0.680766,0.405774
-0.179619,-0.016254,0.402377,0.895981,0.231795,-0.100543,-0.149756,-0.952956,-0.572114,-0.211534,0.68075,0.405815
-0.179639,-0.016201,0.402369,0.89598,0.231836,-0.100543,-0.149649,-0.952963,-0.572095,-0.211515,0.680745,0.40586
-0.179627,-0.016134,0.402266,0.896028,0.231777,-0.100583,-0.149517,-0.952994,-0.572102,-0.21148,0.680724,0.405903
-0.179653,-0.01609,0.402218,0.896046,0.231758,-0.100562,-0.149378,-0.953023,-0.572151,-0.211482,0.680647,0.405963
-0.179634,-0.016044,0.402198,0.896058,0.231755,-0.100594,-0.149274,-0.953036,-0.572149,-0.211463,0.680617,0.406027
-0.179653,-0.016017,0.40214,0.896079,0.231851,-0.10063,-0.149254,-0.953012,-0.572184,-0.211464,0.68057,0.406055
-0.179652,-0.015987,0.402126,0.896086,0.23183,-0.100639,-0.149254,-0.953017,-0.572223,-0.21141,0.680523,0.406106
-0.179694,-0.015963,0.402154,0.896066,0.231818,-0.100627,-0.149251,-0.953021,-0.572251,-0.211405,0.680495,0.406115
-0.179716,-0.015904,0.402164,0.896057,0.231776,-0.100651,-0.149237,-0.95303,-0.572262,-0.211397,0.68045,0.406181
-0.179765,-0.015844,0.402145,0.896055,0.231795,-0.100661,-0.149264,-0.95302,-0.572268,-0.211373,0.680438,0.406205
-0.179796,-0.015777,0.402128,0.896055,0.231762,-0.1007,-0.149255,-0.953024,-0.572307,-0.21135,0.680391,0.406241
-0.179852,-0.015687,0.402122,0.896047,0.231771,-0.100684,-0.149202,-0.953033,-0.572329,-0.211359,0.68037,0.406242
-0.179851,-0.015665,0.402182,0.896021,0.231728,-0.100676,-0.149166,-0.953049,-0.572379,-0.21133,0.680325,0.40626
-0.179898,-0.015564,0.402204,0.896001,0.231737,-0.100656,-0.149134,-0.953055,-0.57237,-0.211323,0.680325,0.406275
-0.179901,-0.01554,0.402213,0.895996,0.231714,-0.100693,-0.149095,-0.953062,-0.572398,-0.211234,0.680308,0.406311
-0.179926,-0.01551,0.402149,0.89602,0.231686,-0.100701,-0.149069,-0.953072,-0.572431,-0.211153,0.680294,0.406331
-0.179943,-0.015472,0.402131,0.896025,0.231601,-0.100752,-0.149044,-0.95309,-0.572399,-0.211109,0.680269,0.40644
-0.179905,-0.015451,0.402129,0.896033,0.231667,-0.100819,-0.149063,-0.953064,-0.572414,-0.211104,0.680232,0.406485
-0.179877,-0.015463,0.402156,0.896026,0.231649,-0.100853,-0.149001,-0.953073,-0.572421,-0.211118,0.680208,0.406509
-0.179882,-0.015492,0.402156,0.896026,0.231611,-0.100864,-0.148882,-0.9531,-0.572419,-0.211102,0.680232,0.406479
-0.179846,-0.015478,0.402198,0.896014,0.231573,-0.100902,-0.148759,-0.953124,-0.572401,-0.211129,0.680219,0.406511
-0.179843,-0.01549,0.402202,0.896012,0.2316,-0.10088,-0.148783,-0.953116,-0.572408,-0.211149,0.680201,0.406522
-0.179813,-0.015513,0.40214,0.896046,0.231585,-0.100845,-0.148806,-0.953121,-0.572366,-0.211199,0.680218,0.406528
-0.179832,-0.015562,0.40206,0.89608,0.231543,-0.100766,-0.148916,-0.953123,-0.572345,-0.211246,0.680243,0.406491
-0.179819,-0.015612,0.402037,0.896092,0.231563,-0.100722,-0.148953,-0.953118,-0.572316,-0.211272,0.680257,0.406494
-0.179756,-0.015684,0.402065,0.896092,0.231688,-0.100648,-0.149071,-0.953078,-0.572297,-0.211293,0.680288,0.406458
-0.179745,-0.015772,0.402062,0.896096,0.231704,-0.100553,-0.149118,-0.953079,-0.572296,-0.211318,0.680299,0.406427
-0.17973,-0.015905,0.402092,0.896086,0.231751,-0.100441,-0.149043,-0.953094,-0.572272,-0.211405,0.680322,0.406377
-0.179699,-0.016055,0.4021,0.89609,0.231775,-0.100298,-0.148982,-0.953115,-0.572219,-0.211542,0.680347,0.406341
-0.179631,-0.016199,0.402102,0.896102,0.231883,-0.100152,-0.149004,-0.953105,-0.572233,-0.211645,0.680346,0.40627
-0.179542,-0.016352,0.402168,0.896091,0.231881,-0.100128,-0.149061,-0.953099,-0.572223,-0.211721,0.680365,0.406211
-0.179563,-0.016476,0.402228,0.896059,0.23189,-0.100122,-0.149102,-0.953091,-0.572201,-0.211766,0.680396,0.406169
-0.179546,-0.01657,0.402237,0.896058,0.231934,-0.100123,-0.14914,-0.953074,-0.572188,-0.211811,0.680421,0.406121
-0.179557,-0.016656,0.402252,0.89605,0.232071,-0.100152,-0.149201,-0.953028,-0.57214,-0.21181,0.680452,0.406136
-0.179622,-0.01672,0.402317,0.896008,0.23202,-0.100182,-0.149162,-0.953042,-0.572126,-0.211823,0.680458,0.406137
-0.179675,-0.016769,0.402368,0.895976,0.232051,-0.100252,-0.149112,-0.953034,-0.572118,-0.211821,0.680458,0.406152
-0.179707,-0.016787,0.402394,0.895957,0.232049,-0.10027,-0.149129,-0.95303,-0.572073,-0.211869,0.680476,0.406159
-0.179698,-0.016799,0.40242,0.895947,0.232133,-0.100281,-0.14911,-0.953011,-0.572043,-0.211891,0.68048,0.406185
-0.179653,-0.016885,0.40235,0.895988,0.23215,-0.100259,-0.149097,-0.953012,-0.572026,-0.211909,0.68052,0.406132
-0.179708,-0.016901,0.402307,0.895996,0.232195,-0.100236,-0.14912,-0.953,-0.571981,-0.211936,0.680573,0.406092
-0.179684,-0.01696,0.402323,0.895993,0.232227,-0.100125,-0.149224,-0.952989,-0.571962,-0.211903,0.680598,0.406095
-0.17963,-0.017042,0.402347,0.895994,0.232332,-0.100033,-0.149372,-0.952952,-0.571954,-0.211856,0.680623,0.406088
-0.179577,-0.017142,0.402338,0.896008,0.232338,-0.099944,-0.149421,-0.952954,-0.571909,-0.211823,0.680676,0.406079
-0.179565,-0.017283,0.402285,0.896035,0.232329,-0.099819,-0.149476,-0.952964,-0.5719,-0.211807,0.680722,0.406025
-0.179515,-0.017405,0.40222,0.896075,0.232318,-0.099725,-0.149509,-0.952972,-0.571845,-0.211777,0.680765,0.406044
-0.179401,-0.017544,0.402169,0.896121,0.23239,-0.099612,-0.149465,-0.952976,-0.57182,-0.211831,0.680783,0.406021
-0.179331,-0.017675,0.402186,0.896127,0.232397,-0.099482,-0.149499,-0.952985,-0.571831,-0.211827,0.680823,0.405942
-0.179281,-0.01784,0.402153,0.896152,0.232372,-0.099354,-0.149545,-0.953,-0.571786,-0.211901,0.680864,0.405897
-0.179208,-0.01797,0.402087,0.896196,0.232344,-0.099249,-0.149598,-0.953011,-0.571699,-0.211966,0.68095,0.405841
-0.179188,-0.018051,0.402003,0.896238,0.232364,-0.099101,-0.149659,-0.953015,-0.571637,-0.212036,0.680989,0.405827
-0.179154,-0.01811,0.402026,0.896235,0.232313,-0.099029,-0.149668,-0.953035,-0.57158,-0.212074,0.681069,0.405754
-0.179173,-0.018212,0.402124,0.896187,0.232317,-0.098949,-0.149723,-0.953035,-0.571549,-0.21212,0.681097,0.405726
-0.179184,-0.01827,0.402193,0.896153,0.232324,-0.098901,-0.149761,-0.953032,-0.571516,-0.212187,0.68113,0.405681
-0.17915,-0.01834,0.402245,0.896136,0.2324,-0.098814,-0.149825,-0.953015,-0.571514,-0.212213,0.681125,0.40568
-0.179182,-0.018419,0.402296,0.896108,0.232387,-0.098806,-0.14981,-0.953021,-0.571523,-0.212264,0.681133,0.405627
-0.179198,-0.018483,0.402338,0.896085,0.232427,-0.098862,-0.149747,-0.953015,-0.571498,-0.212301,0.681157,0.405602
-0.17925,-0.018514,0.402342,0.896073,0.232439,-0.098875,-0.149671,-0.953023,-0.571433,-0.212371,0.681167,0.405642
-0.179271,-0.018563,0.402314,0.896081,0.232524,-0.098842,-0.149652,-0.95301,-0.571433,-0.212409,0.681155,0.405641
-0.179291,-0.018581,0.402348,0.896063,0.2325,-0.098894,-0.149654,-0.953009,-0.571439,-0.212507,0.681107,0.405662
-0.179341,-0.018595,0.402361,0.896047,0.232496,-0.098957,-0.149577,-0.953014,-0.571456,-0.212546,0.681085,0.405655
-0.179338,-0.018623,0.40231,0.89607,0.232526,-0.098993,-0.149579,-0.953001,-0.571464,-0.212549,0.681089,0.405635
-0.179331,-0.018625,0.402302,0.896075,0.232605,-0.099014,-0.149594,-0.952977,-0.571509,-0.212575,0.681035,0.405647
-0.179337,-0.018619,0.402357,0.896049,0.232607,-0.099022,-0.149584,-0.952978,-0.571554,-0.212518,0.680989,0.405692
-0.179345,-0.01864,0.402428,0.896015,0.232615,-0.099043,-0.149651,-0.952963,-0.571615,-0.212463,0.680931,0.405735
-0.179312,-0.018664,0.402476,0.896,0.23267,-0.099117,-0.149693,-0.952933,-0.571659,-0.212362,0.680894,0.405784
-0.179349,-0.018681,0.402528,0.895969,0.2328,-0.099152,-0.149749,-0.952889,-0.571679,-0.212348,0.68086,0.405821
-0.179392,-0.018637,0.402565,0.895944,0.23281,-0.099225,-0.149706,-0.952884,-0.571724,-0.212308,0.680807,0.40587
-0.179461,-0.018675,0.402548,0.895938,0.232818,-0.09933,-0.149626,-0.952882,-0.571746,-0.212325,0.680794,0.405852
-0.179484,-0.018685,0.402487,0.895961,0.232814,-0.099419,-0.149535,-0.952886,-0.571741,-0.212328,0.68081,0.405828
-0.179509,-0.018721,0.402443,0.895975,0.232888,-0.099479,-0.149465,-0.952873,-0.571734,-0.21239,0.680831,0.40577
-0.179531,-0.018711,0.402399,0.895992,0.232888,-0.099557,-0.149395,-0.952874,-0.57169,-0.21246,0.680869,0.405733
-0.179547,-0.018734,0.402351,0.89601,0.232894,-0.099541,-0.149369,-0.952879,-0.571693,-0.212518,0.680877,0.405684
-0.179545,-0.018734,0.40232,0.896024,0.2329,-0.099488,-0.149367,-0.952884,-0.571651,-0.212576,0.680872,0.405722
-0.179504,-0.018793,0.402328,0.896029,0.232999,-0.099389,-0.149466,-0.952857,-0.571593,-0.212651,0.680905,0.40571
-0.179438,-0.018872,0.402324,0.896044,0.233035,-0.099255,-0.149602,-0.952843,-0.571576,-0.212691,0.680896,0.405731
-0.179397,-0.018997,0.402286,0.896069,0.233109,-0.099133,-0.149721,-0.952821,-0.571505,-0.212743,0.680954,0.405702
-0.179345,-0.019086,0.402315,0.896066,0.233132,-0.09894,-0.149782,-0.95283,-0.571506,-0.212758,0.680952,0.405698
-0.179308,-0.019229,0.402355,0.896056,0.233201,-0.098786,-0.149828,-0.952825,-0.571479,-0.212793,0.680948,0.405725
-0.17921,-0.019355,0.402394,0.896058,0.233165,-0.098641,-0.149765,-0.952862,-0.571431,-0.212837,0.68098,0.405715
-0.179201,-0.01945,0.402421,0.896046,0.233173,-0.098566,-0.149711,-0.952878,-0.57142,-0.212894,0.680981,0.405698
-0.179071,-0.019552,0.402389,0.896086,0.233127,-0.098485,-0.149616,-0.952914,-0.571377,-0.212945,0.681024,0.40566
-0.178998,-0.019606,0.402331,0.896127,0.233209,-0.098478,-0.149561,-0.952903,-0.57133,-0.212984,0.68105,0.405663
-0.178925,-0.019642,0.402301,0.896156,0.233176,-0.098476,-0.149583,-0.952908,-0.571333,-0.213047,0.681074,0.405586
-0.178942,-0.019659,0.402214,0.896191,0.233145,-0.098472,-0.149612,-0.952912,-0.571309,-0.213131,0.68107,0.405584
-0.178966,-0.019657,0.402147,0.896217,0.23308,-0.098496,-0.149703,-0.95291,-0.571286,-0.21314,0.681089,0.405578
-0.178971,-0.019623,0.40212,0.896229,0.23309,-0.09853,-0.149765,-0.952893,-0.571263,-0.213078,0.681101,0.405623
-0.178948,-0.019639,0.402065,0.896258,0.23303,-0.098606,-0.149866,-0.952882,-0.571253,-0.213036,0.6811,0.405661
-0.178933,-0.019586,0.402041,0.896272,0.232958,-0.098666,-0.149847,-0.952895,-0.571254,-0.212975,0.6811,0.405691
-0.178919,-0.019517,0.402078,0.896258,0.232907,-0.0987,-0.149804,-0.95291,-0.571191,-0.212943,0.681116,0.405771
-0.178906,-0.019456,0.402118,0.896243,0.232972,-0.098763,-0.149706,-0.952902,-0.571151,-0.212864,0.681135,0.405836
-0.178869,-0.019404,0.40208,0.896267,0.232979,-0.098775,-0.149627,-0.952912,-0.571142,-0.212827,0.68113,0.405877
-0.178859,-0.019382,0.401958,0.896324,0.232985,-0.098798,-0.149548,-0.95292,-0.571173,-0.212813,0.681109,0.405875
-0.178841,-0.019404,0.401919,0.896345,0.233035,-0.098805,-0.149551,-0.952907,-0.571142,-0.212887,0.681095,0.405905
-0.178834,-0.019401,0.401886,0.896361,0.233138,-0.098746,-0.14962,-0.952878,-0.571137,-0.212928,0.681079,0.405918
-0.178838,-0.019415,0.401893,0.896357,0.233177,-0.098706,-0.149627,-0.952873,-0.571129,-0.212897,0.681102,0.405906
-0.178869,-0.019484,0.401935,0.896332,0.233184,-0.098615,-0.14964,-0.95288,-0.571128,-0.212883,0.68113,0.405868
-0.178869,-0.019574,0.402,0.896303,0.233186,-0.098575,-0.1497,-0.952875,-0.571087,-0.212885,0.681169,0.405858
-0.178867,-0.01971,0.402002,0.896303,0.233289,-0.098452,-0.149745,-0.952858,-0.571051,-0.212949,0.681211,0.405807
-0.178927,-0.019802,0.401983,0.896299,0.233322,-0.098362,-0.14973,-0.952863,-0.57102,-0.21301,0.68124,0.405768
-0.17896,-0.019902,0.401999,0.896285,0.233357,-0.098316,-0.149814,-0.952847,-0.570948,-0.213151,0.681315,0.405672
-0.178928,-0.020006,0.402054,0.896267,0.233352,-0.098224,-0.149872,-0.95285,-0.57085,-0.213288,0.681396,0.405602
-0.178906,-0.02011,0.402127,0.896238,0.233428,-0.098102,-0.149917,-0.95284,-0.570789,-0.213403,0.681471,0.4055
-0.178806,-0.020248,0.402197,0.896225,0.233464,-0.098035,-0.14997,-0.952831,-0.570693,-0.213419,0.681606,0.405401
-0.178742,-0.020392,0.402171,0.896249,0.233396,-0.097964,-0.150069,-0.95284,-0.57063,-0.213472,0.681712,0.405282
-0.178652,-0.020491,0.402158,0.896273,0.233386,-0.097927,-0.150149,-0.952834,-0.570537,-0.21351,0.681802,0.405242
-0.178615,-0.020591,0.402086,0.896313,0.233457,-0.097883,-0.15019,-0.952816,-0.570452,-0.213519,0.681879,0.405226
-0.17856,-0.020667,0.402173,0.896284,0.233437,-0.097829,-0.150206,-0.952825,-0.570404,-0.213571,0.681944,0.405157
-0.178563,-0.02078,0.402204,0.896269,0.233426,-0.097763,-0.150256,-0.952828,-0.570332,-0.21365,0.682008,0.405112
-0.178488,-0.020928,0.402243,0.896266,0.233448,-0.097642,-0.150325,-0.952826,-0.570251,-0.213701,0.682101,0.405041
-0.178424,-0.021032,0.40219,0.896302,0.23356,-0.097598,-0.150413,-0.95279,-0.570201,-0.213795,0.682157,0.404968
-0.178389,-0.021129,0.402169,0.896319,0.233564,-0.097496,-0.150416,-0.952801,-0.570155,-0.213855,0.682201,0.404924
-0.178403,-0.02122,0.402249,0.896279,0.233563,-0.097471,-0.150413,-0.952805,-0.570096,-0.213828,0.682257,0.404929
-0.178397,-0.021284,0.402222,0.896292,0.233571,-0.0974,-0.150424,-0.95281,-0.570036,-0.213818,0.6823,0.404945
-0.178387,-0.021354,0.402205,0.896302,0.233655,-0.0973,-0.150441,-0.952799,-0.569995,-0.213823,0.682355,0.404909
-0.178378,-0.021437,0.402206,0.896303,0.233626,-0.097265,-0.1504,-0.952817,-0.569935,-0.213866,0.682401,0.404892
-0.178393,-0.021509,0.402166,0.896318,0.233659,-0.097247,-0.150387,-0.952813,-0.569887,-0.213934,0.68242,0.404891
-0.178355,-0.021505,0.402156,0.89633,0.233603,-0.097224,-0.150371,-0.952832,-0.569826,-0.214007,0.682427,0.404929
-0.178324,-0.021533,0.402175,0.896327,0.233642,-0.097164,-0.150412,-0.952823,-0.569803,-0.213993,0.682442,0.404944
-0.178259,-0.021577,0.402184,0.896336,0.233607,-0.097173,-0.150376,-0.952836,-0.569804,-0.213988,0.68243,0.404965
-0.178296,-0.021577,0.402206,0.896319,0.233568,-0.097216,-0.150366,-0.952842,-0.569776,-0.213966,0.682399,0.40507
-0.178307,-0.02159,0.402258,0.896293,0.233546,-0.09719,-0.150291,-0.952862,-0.569787,-0.213914,0.682371,0.405128
-0.178291,-0.02161,0.402266,0.896293,0.233617,-0.097187,-0.150287,-0.952846,-0.569813,-0.213861,0.682346,0.405162
-0.178334,-0.021602,0.402314,0.896263,0.233616,-0.097275,-0.150306,-0.952833,-0.569813,-0.213826,0.682334,0.405199
-0.178404,-0.02159,0.402329,0.896242,0.233616,-0.097338,-0.150284,-0.952829,-0.569834,-0.213808,0.682314,0.405213
-0.178448,-0.021553,0.402424,0.89619,0.23364,-0.097462,-0.150224,-0.952818,-0.569852,-0.213819,0.68227,0.405259
-0.178463,-0.021554,0.402444,0.896178,0.233747,-0.097552,-0.150241,-0.952778,-0.569902,-0.213846,0.682235,0.405231
-0.178481,-0.02155,0.402483,0.896157,0.233795,-0.097594,-0.150273,-0.952756,-0.569947,-0.213863,0.682197,0.405225
-0.178561,-0.021578,0.402516,0.896126,0.233825,-0.097604,-0.150281,-0.952746,-0.569982,-0.213911,0.682199,0.405146
-0.178634,-0.021529,0.402484,0.896127,0.233897,-0.097546,-0.150302,-0.952733,-0.570011,-0.21394,0.682203,0.405081
-0.178689,-0.021573,0.40251,0.896104,0.234022,-0.097485,-0.150353,-0.952701,-0.57007,-0.21395,0.682188,0.405019
-0.178754,-0.021573,0.40252,0.896086,0.23408,-0.097452,-0.150396,-0.952684,-0.570162,-0.213987,0.682141,0.404948
-0.178828,-0.021662,0.402562,0.896053,0.234163,-0.097394,-0.150444,-0.952664,-0.570275,-0.214057,0.682076,0.404861
-0.178873,-0.021715,0.402595,0.896028,0.234237,-0.097329,-0.150549,-0.952636,-0.570313,-0.214118,0.682033,0.404849
-0.178921,-0.021771,0.402703,0.895969,0.234386,-0.097268,-0.150619,-0.952597,-0.570399,-0.214101,0.681967,0.404848
-0.179002,-0.021838,0.40287,0.895878,0.234502,-0.097236,-0.150609,-0.952574,-0.57054,-0.214075,0.681858,0.404845
-0.179058,-0.021889,0.403041,0.895789,0.234635,-0.097243,-0.15062,-0.952539,-0.570612,-0.214054,0.681813,0.40483
-0.179104,-0.021959,0.4032,0.895708,0.234695,-0.097277,-0.150628,-0.952519,-0.570751,-0.21402,0.681731,0.404789
-0.179271,-0.022001,0.403267,0.895644,0.234853,-0.097352,-0.150606,-0.952475,-0.570853,-0.214026,0.681673,0.404739
-0.179338,-0.021998,0.403343,0.895597,0.234939,-0.0974,-0.150516,-0.952463,-0.570932,-0.214046,0.681629,0.404692
-0.179519,-0.021953,0.403387,0.89554,0.235014,-0.097528,-0.150484,-0.952434,-0.571027,-0.214069,0.681577,0.404633
-0.179638,-0.02189,0.403427,0.895499,0.23507,-0.097681,-0.150494,-0.9524,-0.571134,-0.214102,0.681481,0.404625
-0.179786,-0.021766,0.403518,0.895429,0.235203,-0.097783,-0.150538,-0.952348,-0.571236,-0.21416,0.681405,0.40458
-0.179918,-0.021644,0.403599,0.895366,0.235218,-0.097898,-0.150502,-0.952335,-0.571293,-0.214234,0.681337,0.404575
-0.180104,-0.021549,0.403607,0.895326,0.235209,-0.097968,-0.150443,-0.952339,-0.571393,-0.214229,0.681235,0.404607
-0.180191,-0.021444,0.403658,0.895285,0.235278,-0.098011,-0.150356,-0.952331,-0.571487,-0.2142,0.681161,0.404613
-0.180242,-0.021347,0.403646,0.89528,0.235288,-0.098049,-0.150236,-0.952343,-0.57157,-0.214145,0.681092,0.404641
-0.180243,-0.021243,0.403595,0.895305,0.235256,-0.098083,-0.150197,-0.952353,-0.571655,-0.21404,0.681052,0.404645
-0.180323,-0.021144,0.403584,0.895293,0.235241,-0.09813,-0.150208,-0.952349,-0.571707,-0.213933,0.681003,0.404709
-0.180336,-0.021071,0.403552,0.895305,0.235245,-0.098132,-0.150241,-0.952343,-0.571769,-0.213857,0.680948,0.404755
-0.180327,-0.020978,0.403497,0.895333,0.235293,-0.09813,-0.150325,-0.952317,-0.571885,-0.213746,0.680852,0.404809
-0.180337,-0.020914,0.403538,0.895313,0.235206,-0.098197,-0.150364,-0.952324,-0.571975,-0.213673,0.680785,0.404833
-0.180358,-0.020837,0.403581,0.895289,0.235178,-0.098299,-0.150368,-0.952318,-0.572022,-0.213612,0.680742,0.404873
-0.180324,-0.020708,0.403616,0.89528,0.23512,-0.098426,-0.150322,-0.952324,-0.572053,-0.213555,0.680723,0.40489
-0.180354,-0.020576,0.403666,0.895251,0.235194,-0.098519,-0.150256,-0.952305,-0.57215,-0.213508,0.680641,0.404915
-0.180374,-0.020421,0.403659,0.895251,0.235126,-0.098685,-0.150117,-0.952323,-0.572192,-0.213507,0.680607,0.404912
-0.180464,-0.02026,0.403701,0.895214,0.235093,-0.098831,-0.149925,-0.952344,-0.57227,-0.21345,0.680566,0.4049
-0.180498,-0.020122,0.403709,0.895204,0.235081,-0.099011,-0.14975,-0.952353,-0.572401,-0.213404,0.680457,0.404922
-0.180541,-0.019973,0.403738,0.895182,0.235157,-0.099144,-0.1496,-0.952342,-0.572479,-0.213311,0.680407,0.404946
-0.180614,-0.019769,0.403708,0.895182,0.235148,-0.099289,-0.149503,-0.952342,-0.572599,-0.21317,0.680301,0.40503
-0.180722,-0.019615,0.403643,0.89519,0.235116,-0.099465,-0.149436,-0.952339,-0.572738,-0.213055,0.680186,0.405085
-0.180761,-0.019351,0.403664,0.895173,0.235044,-0.099649,-0.149395,-0.952339,-0.572851,-0.212934,0.680088,0.405154
-0.180826,-0.019131,0.403673,0.895155,0.235058,-0.099811,-0.149461,-0.952305,-0.572926,-0.21278,0.680007,0.405264
-0.180914,-0.018929,0.403732,0.895111,0.235,-0.099989,-0.149472,-0.952296,-0.573013,-0.212672,0.679919,0.405346
-0.181027,-0.018755,0.403719,0.895095,0.234908,-0.100124,-0.149465,-0.952302,-0.573112,-0.212518,0.679827,0.405439
-0.181054,-0.018535,0.403751,0.895075,0.234805,-0.100287,-0.149423,-0.952314,-0.573168,-0.212474,0.679771,0.405477
-0.181156,-0.018357,0.403779,0.895041,0.234805,-0.100403,-0.149357,-0.95231,-0.573235,-0.212416,0.679716,0.405506
-0.181181,-0.018191,0.403844,0.895007,0.234767,-0.10049,-0.149275,-0.952321,-0.57327,-0.212357,0.679665,0.405571
-0.181242,-0.01809,0.403862,0.894987,0.234735,-0.100529,-0.14913,-0.952347,-0.573337,-0.212322,0.67958,0.405638
-0.181254,-0.018016,0.40386,0.894984,0.234771,-0.100613,-0.149077,-0.952336,-0.573396,-0.212224,0.679578,0.405609
-0.181286,-0.017938,0.403789,0.89501,0.234889,-0.100529,-0.149073,-0.952319,-0.573465,-0.21217,0.679546,0.405592
-0.181275,-0.017877,0.403721,0.895044,0.234922,-0.100474,-0.149141,-0.952307,-0.573523,-0.212124,0.67952,0.405577
-0.181361,-0.017922,0.403721,0.895026,0.234958,-0.100351,-0.149149,-0.952313,-0.573518,-0.212191,0.679546,0.405508
-0.181385,-0.018002,0.403759,0.895004,0.234984,-0.100183,-0.149235,-0.952313,-0.573535,-0.212263,0.679593,0.405365
-0.18138,-0.01809,0.403837,0.89497,0.235128,-0.100026,-0.149339,-0.952281,-0.573562,-0.212331,0.679614,0.405256
-0.181382,-0.018201,0.403932,0.894926,0.235182,-0.099889,-0.149492,-0.952261,-0.57358,-0.212395,0.679631,0.405169
-0.181378,-0.018346,0.404063,0.894868,0.235262,-0.099796,-0.149593,-0.952237,-0.573598,-0.212437,0.679661,0.405071
-0.181398,-0.018484,0.404183,0.89481,0.235328,-0.099707,-0.149737,-0.952208,-0.573567,-0.212476,0.679728,0.40498
-0.181415,-0.018593,0.404309,0.894749,0.235507,-0.099574,-0.14986,-0.952161,-0.573542,-0.212552,0.679768,0.40491
-0.181515,-0.018716,0.404372,0.8947,0.235643,-0.099539,-0.149976,-0.952114,-0.573557,-0.212647,0.679778,0.40482
-0.181586,-0.018842,0.404469,0.894641,0.235731,-0.099473,-0.150026,-0.952093,-0.573551,-0.212712,0.679804,0.404751
-0.181613,-0.018956,0.404586,0.894583,0.235857,-0.099448,-0.150086,-0.952055,-0.57352,-0.212801,0.679851,0.404671
-0.181694,-0.019162,0.404668,0.894529,0.23606,-0.099428,-0.15016,-0.951996,-0.573523,-0.21283,0.6799,0.404567
-0.181788,-0.019325,0.404775,0.894461,0.236168,-0.099453,-0.150301,-0.951944,-0.573518,-0.212882,0.679927,0.404502
-0.181871,-0.019447,0.404905,0.894385,0.236263,-0.09947,-0.150338,-0.951912,-0.573519,-0.212914,0.679967,0.404414
-0.181966,-0.019565,0.405021,0.894313,0.236336,-0.099496,-0.150379,-0.951884,-0.573505,-0.212982,0.680019,0.404312
-0.182068,-0.01958,0.405128,0.894243,0.236506,-0.099456,-0.150488,-0.95183,-0.573522,-0.212969,0.680072,0.404205
-0.182203,-0.019657,0.405186,0.894189,0.236581,-0.099374,-0.15049,-0.951822,-0.573527,-0.212962,0.680147,0.404075
-0.18233,-0.01974,0.405229,0.894144,0.236658,-0.099309,-0.150473,-0.951814,-0.573512,-0.213052,0.680215,0.403936
-0.182364,-0.019825,0.405241,0.894132,0.236703,-0.0992,-0.150472,-0.951816,-0.573481,-0.213163,0.680277,0.403816
-0.182363,-0.019853,0.405243,0.894131,0.236797,-0.099032,-0.150583,-0.951796,-0.573421,-0.21324,0.680365,0.403712
-0.182347,-0.019896,0.405183,0.894162,0.23678,-0.098933,-0.150562,-0.951816,-0.573346,-0.213275,0.680458,0.403641
-0.182291,-0.019973,0.405196,0.894167,0.236736,-0.098788,-0.150574,-0.951843,-0.57331,-0.213233,0.680513,0.403621
-0.182236,-0.020072,0.405213,0.89417,0.236697,-0.098694,-0.15068,-0.951847,-0.573215,-0.213222,0.680614,0.403592
-0.182109,-0.020142,0.405252,0.894178,0.236716,-0.098566,-0.150674,-0.951859,-0.573164,-0.213191,0.68064,0.403638
-0.181994,-0.020255,0.405239,0.894207,0.23663,-0.098441,-0.150728,-0.951887,-0.573091,-0.213136,0.680663,0.403732
-0.181956,-0.020257,0.405263,0.894203,0.236541,-0.09841,-0.150772,-0.951905,-0.573043,-0.213077,0.680732,0.403715
-0.18183,-0.020243,0.405215,0.894251,0.236541,-0.098364,-0.150744,-0.951915,-0.573008,-0.213079,0.680781,0.403679
-0.181767,-0.020283,0.405165,0.894286,0.236591,-0.098383,-0.150702,-0.951907,-0.572936,-0.213121,0.680824,0.403689
-0.181722,-0.020249,0.405093,0.894328,0.236549,-0.098415,-0.150633,-0.951925,-0.572896,-0.213097,0.68084,0.403731
-0.181702,-0.020274,0.405008,0.894371,0.236517,-0.098403,-0.1506,-0.95194,-0.572877,-0.21311,0.680855,0.403728
-0.181699,-0.020253,0.404906,0.894418,0.236449,-0.098487,-0.150481,-0.951966,-0.572828,-0.213121,0.680895,0.403723
-0.18164,-0.020192,0.404856,0.894453,0.236493,-0.098587,-0.150422,-0.951952,-0.572774,-0.213096,0.680945,0.403729
-0.181657,-0.02015,0.404777,0.894486,0.23648,-0.098688,-0.150355,-0.951953,-0.572766,-0.213064,0.680949,0.403749
-0.181684,-0.020097,0.404665,0.894531,0.236432,-0.09877,-0.150313,-0.951962,-0.57269,-0.21307,0.681,0.403767
-0.181661,-0.020006,0.404522,0.894601,0.236422,-0.098777,-0.150257,-0.951972,-0.572641,-0.213086,0.681032,0.403775
-0.181644,-0.019942,0.404432,0.894645,0.236483,-0.09875,-0.150246,-0.951963,-0.572614,-0.213131,0.68106,0.403742
-0.181562,-0.019944,0.404397,0.894678,0.236491,-0.098738,-0.150247,-0.951962,-0.572605,-0.213125,0.681076,0.403733
-0.181526,-0.019983,0.404334,0.894714,0.236505,-0.098679,-0.150273,-0.951962,-0.572581,-0.213169,0.681095,0.403711
-0.181443,-0.020016,0.404344,0.894726,0.236534,-0.098651,-0.150351,-0.951945,-0.572548,-0.213141,0.681152,0.403676
-0.181404,-0.020025,0.404317,0.894746,0.236637,-0.098559,-0.150416,-0.95192,-0.572514,-0.213139,0.681199,0.403645
-0.181379,-0.020049,0.404381,0.894722,0.236642,-0.098531,-0.150368,-0.951931,-0.572488,-0.213118,0.681233,0.403637
-0.181373,-0.020126,0.404435,0.894699,0.236625,-0.098479,-0.150293,-0.951953,-0.572482,-0.213071,0.681248,0.403644
-0.181365,-0.020107,0.404444,0.894696,0.236643,-0.098484,-0.150149,-0.951972,-0.572432,-0.213017,0.681314,0.403632
-0.181334,-0.020098,0.404378,0.894732,0.236716,-0.098477,-0.150006,-0.951978,-0.572369,-0.21304,0.681367,0.40362
-0.181322,-0.020088,0.40424,0.894798,0.236707,-0.098512,-0.149901,-0.951992,-0.572335,-0.213035,0.681413,0.403594
-0.181314,-0.020041,0.404149,0.89484,0.236644,-0.098547,-0.149884,-0.952006,-0.57232,-0.213071,0.681411,0.4036
-0.181302,-0.020032,0.404046,0.89489,0.23654,-0.098589,-0.149958,-0.952014,-0.57227,-0.213134,0.681442,0.403586
-0.181308,-0.020013,0.40397,0.894923,0.236533,-0.098612,-0.150046,-0.951999,-0.572265,-0.213147,0.681441,0.403587
-0.181252,-0.019987,0.403946,0.894946,0.236413,-0.098637,-0.150098,-0.952017,-0.572251,-0.213111,0.681427,0.403649
-0.181272,-0.020025,0.403934,0.894946,0.236331,-0.098624,-0.150122,-0.952035,-0.572236,-0.213151,0.681414,0.403672
-0.18125,-0.020075,0.403906,0.894963,0.236293,-0.098532,-0.150069,-0.952064,-0.572193,-0.213153,0.681395,0.403764
-0.181153,-0.020121,0.403921,0.894977,0.236351,-0.098488,-0.150029,-0.952063,-0.572175,-0.213152,0.681382,0.403812
-0.181071,-0.020177,0.403884,0.895009,0.236304,-0.098393,-0.149885,-0.952108,-0.572147,-0.213126,0.681377,0.403874
-0.181034,-0.020219,0.403774,0.895067,0.236352,-0.098337,-0.14981,-0.952116,-0.572107,-0.213118,0.681404,0.40389
-0.180986,-0.020246,0.403761,0.895082,0.23639,-0.098302,-0.149672,-0.952133,-0.572057,-0.213132,0.681422,0.403924
-0.180868,-0.020224,0.403708,0.89513,0.236513,-0.09826,-0.149676,-0.952108,-0.572046,-0.213128,0.681427,0.403932
-0.180879,-0.020247,0.403661,0.895149,0.236562,-0.09824,-0.14972,-0.952091,-0.572078,-0.213124,0.681407,0.403924
-0.180899,-0.020266,0.403659,0.895146,0.236541,-0.098235,-0.149801,-0.952083,-0.572065,-0.213189,0.681399,0.40392
-0.180951,-0.020308,0.403701,0.895117,0.236526,-0.098203,-0.149809,-0.95209,-0.572031,-0.213238,0.681438,0.403878
-0.180999,-0.020329,0.403694,0.89511,0.236554,-0.098178,-0.149765,-0.952093,-0.572065,-0.213262,0.681444,0.403807
-0.180999,-0.020305,0.4038,0.895062,0.236494,-0.098131,-0.149698,-0.952124,-0.572053,-0.213311,0.681423,0.403833
-0.181034,-0.020271,0.403796,0.895056,0.236446,-0.098134,-0.149662,-0.952142,-0.572097,-0.213327,0.681371,0.40385
-0.181003,-0.02024,0.40383,0.895048,0.236384,-0.098147,-0.14958,-0.952168,-0.572084,-0.213336,0.681365,0.403876
-0.180955,-0.020246,0.403788,0.895076,0.236447,-0.098196,-0.149572,-0.952148,-0.572064,-0.213311,0.681336,0.403967
-0.180928,-0.020226,0.403762,0.895094,0.236386,-0.098214,-0.149585,-0.952159,-0.572074,-0.213237,0.681313,0.40403
-0.180912,-0.020216,0.403775,0.895091,0.236379,-0.098251,-0.149572,-0.952158,-0.572117,-0.213181,0.681261,0.404086
-0.180888,-0.020184,0.403734,0.895115,0.236302,-0.098278,-0.149533,-0.952179,-0.572099,-0.213186,0.68122,0.404178
-0.180862,-0.020168,0.403701,0.895135,0.23631,-0.098319,-0.149492,-0.952179,-0.572116,-0.213197,0.681179,0.404217
-0.180831,-0.020135,0.403699,0.895142,0.236285,-0.098387,-0.149439,-0.952185,-0.57205,-0.213206,0.681209,0.404255
-0.18086,-0.020151,0.403718,0.895127,0.236225,-0.098409,-0.149439,-0.952197,-0.572048,-0.213222,0.681179,0.4043
-0.180879,-0.020144,0.403697,0.895133,0.236191,-0.098423,-0.149425,-0.952207,-0.572043,-0.213235,0.68116,0.404334
-0.180918,-0.020152,0.403796,0.895081,0.236322,-0.09843,-0.149395,-0.952179,-0.572029,-0.213215,0.681166,0.404351
-0.180925,-0.020155,0.403775,0.895088,0.236368,-0.098448,-0.149493,-0.952149,-0.572048,-0.213211,0.681135,0.404381
-0.181009,-0.020156,0.403762,0.895077,0.236395,-0.09837,-0.14952,-0.952148,-0.572053,-0.213193,0.681144,0.404367
-0.181062,-0.020191,0.403705,0.895093,0.236418,-0.098268,-0.149582,-0.952145,-0.57203,-0.213199,0.681158,0.404373
-0.181061,-0.020227,0.403748,0.895073,0.236507,-0.098147,-0.149644,-0.952128,-0.571994,-0.213267,0.681186,0.404342
-0.181108,-0.020226,0.403794,0.895043,0.236518,-0.098028,-0.149649,-0.952139,-0.571987,-0.213284,0.681247,0.40424
-0.181098,-0.020305,0.403838,0.895024,0.236536,-0.097926,-0.14967,-0.952144,-0.572004,-0.213342,0.681285,0.404121
-0.181033,-0.020359,0.403788,0.895061,0.23657,-0.097828,-0.149615,-0.952156,-0.57202,-0.213394,0.681324,0.404005
-0.181051,-0.020414,0.403751,0.895074,0.236621,-0.097782,-0.149588,-0.952153,-0.572022,-0.213416,0.681326,0.403985
-0.181066,-0.02045,0.403766,0.895064,0.236608,-0.097822,-0.149601,-0.952149,-0.57202,-0.213438,0.68133,0.403971
-0.181105,-0.020523,0.403761,0.895058,0.236605,-0.097831,-0.149594,-0.952151,-0.572008,-0.21344,0.681346,0.403959
-0.181102,-0.020557,0.403807,0.895038,0.236632,-0.097796,-0.149626,-0.952143,-0.572011,-0.213409,0.681332,0.403995
-0.181103,-0.020582,0.403902,0.894994,0.236697,-0.097841,-0.149696,-0.95211,-0.571981,-0.213439,0.681336,0.404016
-0.181115,-0.020601,0.403922,0.894982,0.236662,-0.097883,-0.149777,-0.952101,-0.571953,-0.213448,0.681326,0.404068
-0.181193,-0.020618,0.404002,0.894931,0.236684,-0.097965,-0.149866,-0.952071,-0.571927,-0.21345,0.681351,0.404061
-0.181263,-0.020564,0.404053,0.894894,0.23673,-0.098032,-0.149775,-0.952067,-0.571936,-0.213401,0.681326,0.404117
-0.181342,-0.020485,0.404067,0.894871,0.236784,-0.098068,-0.149729,-0.952056,-0.57192,-0.213355,0.681342,0.404138
-0.181414,-0.02049,0.404052,0.894864,0.236807,-0.098041,-0.149612,-0.952072,-0.571932,-0.213369,0.681331,0.404132
-0.181438,-0.020495,0.403971,0.894896,0.236809,-0.097985,-0.149537,-0.952091,-0.571917,-0.213388,0.681348,0.404111
-0.181462,-0.020528,0.403939,0.894905,0.23679,-0.097902,-0.149508,-0.95211,-0.571902,-0.213409,0.681376,0.404077
-0.181393,-0.020558,0.403862,0.894954,0.236857,-0.097707,-0.149639,-0.952097,-0.571883,-0.21342,0.681392,0.404071
-0.181343,-0.020611,0.403814,0.894985,0.236845,-0.097549,-0.149784,-0.952096,-0.571865,-0.213451,0.681421,0.404032
-0.181293,-0.020719,0.403847,0.894981,0.23684,-0.097373,-0.149982,-0.952086,-0.571848,-0.213448,0.681444,0.404018
-0.181181,-0.020788,0.403872,0.894992,0.236837,-0.097262,-0.150152,-0.952073,-0.571816,-0.213404,0.681496,0.403999
-0.181114,-0.020866,0.403948,0.89497,0.23689,-0.097159,-0.150277,-0.952053,-0.571768,-0.213391,0.681532,0.404012
-0.181075,-0.02098,0.403997,0.894956,0.236865,-0.097056,-0.150283,-0.952071,-0.571735,-0.213365,0.681548,0.404047
-0.181051,-0.021036,0.404016,0.894952,0.236867,-0.097075,-0.150198,-0.952081,-0.571669,-0.213305,0.681597,0.404089
-0.181042,-0.021081,0.403954,0.894982,0.236897,-0.097053,-0.15007,-0.952097,-0.571616,-0.213354,0.681626,0.404088
-0.181038,-0.021129,0.403928,0.894994,0.236925,-0.097006,-0.149957,-0.952114,-0.571568,-0.213416,0.681661,0.404065
-0.181013,-0.021118,0.403793,0.895061,0.2369,-0.096976,-0.149924,-0.952129,-0.571538,-0.213465,0.681667,0.404073
-0.181067,-0.02115,0.403771,0.89506,0.236931,-0.097024,-0.149915,-0.952118,-0.571494,-0.213496,0.68169,0.404079
-0.181041,-0.021183,0.403751,0.895074,0.236941,-0.09702,-0.149924,-0.952114,-0.571502,-0.213507,0.6817,0.404046
-0.181023,-0.021207,0.40373,0.895087,0.236958,-0.097027,-0.149929,-0.952108,-0.5715,-0.213511,0.681712,0.404024
-0.180994,-0.021251,0.403756,0.895081,0.236893,-0.097059,-0.149923,-0.952122,-0.57147,-0.213517,0.681718,0.404058
-0.180998,-0.021291,0.403822,0.89505,0.236873,-0.09706,-0.149915,-0.952128,-0.571466,-0.213482,0.681691,0.404127
-0.180999,-0.02126,0.403845,0.89504,0.236852,-0.097068,-0.149911,-0.952132,-0.571428,-0.213489,0.681702,0.404155
-0.180971,-0.021241,0.403868,0.895034,0.236912,-0.097013,-0.149929,-0.952121,-0.571386,-0.213479,0.68174,0.404158
-0.180938,-0.021272,0.403857,0.895046,0.236915,-0.097011,-0.149929,-0.95212,-0.571326,-0.213525,0.681786,0.40414
-0.180946,-0.021331,0.40382,0.895061,0.236872,-0.097006,-0.149977,-0.952124,-0.571291,-0.213546,0.681807,0.404142
-0.180935,-0.02129,0.403851,0.895049,0.236875,-0.097016,-0.15002,-0.952115,-0.571244,-0.213554,0.681838,0.404152
-0.180949,-0.021321,0.403841,0.895051,0.236983,-0.096904,-0.150142,-0.952083,-0.571199,-0.213592,0.681875,0.404133
-0.180916,-0.021372,0.40383,0.895062,0.237037,-0.096807,-0.150256,-0.952063,-0.571132,-0.213622,0.681929,0.404123
-0.180946,-0.021441,0.403781,0.895079,0.237035,-0.096767,-0.150345,-0.952054,-0.571106,-0.213641,0.681966,0.404089
-0.180947,-0.021513,0.403782,0.895077,0.237079,-0.096735,-0.15033,-0.95205,-0.571088,-0.213678,0.682001,0.404033
-0.180893,-0.021595,0.403718,0.895117,0.237158,-0.096678,-0.15034,-0.952036,-0.571016,-0.213731,0.682052,0.404023
-0.180879,-0.021655,0.40371,0.895124,0.237133,-0.096621,-0.150337,-0.952049,-0.570997,-0.213759,0.682067,0.404009
-0.180846,-0.021719,0.403701,0.895134,0.237149,-0.09654,-0.150352,-0.952052,-0.57098,-0.213782,0.682062,0.404028
-0.180826,-0.021754,0.403707,0.895136,0.237146,-0.096473,-0.150403,-0.952053,-0.570949,-0.213851,0.682064,0.404032
-0.180793,-0.021847,0.403706,0.895142,0.237219,-0.09638,-0.150422,-0.952043,-0.570955,-0.213892,0.68202,0.404078
-0.180735,-0.021977,0.403713,0.89515,0.237244,-0.0963,-0.150404,-0.95205,-0.570952,-0.213892,0.682017,0.404087
-0.180718,-0.022087,0.403744,0.895138,0.23728,-0.096247,-0.150418,-0.952045,-0.570956,-0.213928,0.682025,0.404048
-0.180744,-0.022232,0.403764,0.895124,0.237336,-0.096158,-0.150448,-0.952037,-0.570932,-0.213966,0.682025,0.404062
-0.180738,-0.022319,0.403752,0.895131,0.237473,-0.09606,-0.150541,-0.952,-0.570921,-0.214023,0.682041,0.404021
-0.180735,-0.022432,0.403731,0.895139,0.237527,-0.096014,-0.150622,-0.951979,-0.570862,-0.214121,0.682068,0.404007
-0.180793,-0.022496,0.403757,0.895116,0.237579,-0.096009,-0.150676,-0.951958,-0.570836,-0.214185,0.682094,0.403967
-0.180821,-0.022524,0.40375,0.895114,0.237623,-0.096063,-0.150683,-0.95194,-0.570793,-0.214236,0.682122,0.403953
-0.180807,-0.022574,0.403801,0.895093,0.237723,-0.09611,-0.150674,-0.951911,-0.570794,-0.214262,0.682128,0.403928
-0.180826,-0.022598,0.40379,0.895094,0.237748,-0.096136,-0.150634,-0.951908,-0.570776,-0.214309,0.682143,0.403902
-0.180876,-0.022653,0.403773,0.895092,0.2378,-0.096208,-0.150597,-0.951893,-0.570738,-0.214326,0.682163,0.403913
-0.180869,-0.022657,0.403702,0.895125,0.237805,-0.096252,-0.15059,-0.951888,-0.570722,-0.214342,0.682183,0.403895
-0.180846,-0.022659,0.403716,0.895123,0.23781,-0.096297,-0.150601,-0.951879,-0.570734,-0.214345,0.682166,0.403904
-0.180846,-0.022683,0.403642,0.895157,0.237784,-0.09631,-0.150607,-0.951883,-0.570775,-0.21431,0.682124,0.403935
-0.180827,-0.022663,0.403617,0.895172,0.237775,-0.096325,-0.150658,-0.951875,-0.570805,-0.2143,0.682064,0.404
-0.180832,-0.022648,0.403606,0.895176,0.237758,-0.096297,-0.150722,-0.951872,-0.57081,-0.214242,0.682055,0.40404
-0.180814,-0.022649,0.403583,0.89519,0.237749,-0.096304,-0.150762,-0.951867,-0.570834,-0.214171,0.682015,0.404109
-0.180786,-0.022618,0.403532,0.895219,0.237703,-0.096323,-0.150721,-0.951883,-0.570884,-0.214115,0.681967,0.404151
-0.180827,-0.022611,0.403427,0.895259,0.237672,-0.096312,-0.15062,-0.951908,-0.570892,-0.214066,0.681965,0.404168
-0.180843,-0.022545,0.403339,0.895296,0.237655,-0.096335,-0.150554,-0.95192,-0.570929,-0.214048,0.681931,0.404182
-0.180862,-0.022477,0.403271,0.895323,0.237693,-0.096349,-0.150508,-0.951917,-0.570945,-0.214039,0.681916,0.40419
-0.180867,-0.022475,0.403269,0.895322,0.237602,-0.096391,-0.150482,-0.951938,-0.571006,-0.214064,0.681846,0.404209
-0.180915,-0.022519,0.403252,0.895321,0.237563,-0.096448,-0.15049,-0.951939,-0.571005,-0.214097,0.681817,0.404242
-0.180974,-0.022494,0.403234,0.895317,0.237536,-0.096466,-0.150503,-0.951941,-0.570998,-0.214143,0.681765,0.404315
-0.180995,-0.022466,0.4033,0.895283,0.237608,-0.096518,-0.150554,-0.951909,-0.570993,-0.214159,0.681749,0.40434
-0.181043,-0.022469,0.403324,0.895263,0.237604,-0.096466,-0.150595,-0.95191,-0.571022,-0.214173,0.681719,0.404345
-0.181074,-0.022481,0.403409,0.895218,0.237635,-0.096463,-0.150619,-0.951899,-0.571042,-0.214131,0.681692,0.404382
-0.181122,-0.022491,0.403405,0.89521,0.237624,-0.096445,-0.150638,-0.9519,-0.571042,-0.214134,0.681694,0.404379
-0.181164,-0.022523,0.403457,0.895178,0.237711,-0.096464,-0.150635,-0.951877,-0.571088,-0.214167,0.681669,0.404338
-0.18122,-0.022512,0.403465,0.895163,0.237726,-0.096469,-0.150642,-0.951873,-0.571113,-0.214232,0.68164,0.404317
-0.181296,-0.022509,0.403469,0.895146,0.237745,-0.096471,-0.150629,-0.951869,-0.571149,-0.214248,0.68162,0.404291
-0.181311,-0.022531,0.403439,0.895157,0.237757,-0.096534,-0.15058,-0.951866,-0.571183,-0.214308,0.681602,0.404243
-0.181335,-0.022465,0.403425,0.895158,0.237852,-0.096608,-0.150632,-0.951826,-0.571221,-0.21435,0.6816,0.404169
-0.18134,-0.022488,0.403464,0.895139,0.237881,-0.096627,-0.150619,-0.951819,-0.57123,-0.214448,0.681601,0.404104
-0.181418,-0.022585,0.403477,0.895118,0.237899,-0.096663,-0.15064,-0.951806,-0.571294,-0.21452,0.681566,0.404032
-0.18148,-0.022656,0.403537,0.895078,0.237926,-0.096702,-0.15065,-0.951793,-0.571348,-0.214537,0.68153,0.404008
-0.181526,-0.022691,0.403623,0.895029,0.238024,-0.096696,-0.150676,-0.951765,-0.571375,-0.214549,0.681496,0.40402
-0.181588,-0.022664,0.40372,0.894972,0.237994,-0.096721,-0.150734,-0.95176,-0.571422,-0.214504,0.681461,0.404038
-0.18165,-0.022683,0.403714,0.894962,0.237999,-0.096764,-0.150751,-0.951751,-0.571492,-0.214476,0.681393,0.404069
-0.181728,-0.022663,0.403817,0.8949,0.238038,-0.096793,-0.150765,-0.951736,-0.571556,-0.214436,0.681339,0.40409
-0.181824,-0.022648,0.403884,0.894851,0.238135,-0.09684,-0.150759,-0.951707,-0.571596,-0.21439,0.681301,0.404121
-0.181921,-0.022597,0.403948,0.894802,0.238162,-0.096879,-0.150715,-0.951703,-0.571657,-0.214349,0.681209,0.404211
-0.182064,-0.022623,0.403873,0.894807,0.238162,-0.096931,-0.150685,-0.951701,-0.571705,-0.214362,0.681175,0.404195
-0.18212,-0.022593,0.403894,0.894786,0.238193,-0.096997,-0.15063,-0.951694,-0.571768,-0.214378,0.681134,0.404165
-0.182154,-0.022588,0.403892,0.89478,0.23828,-0.096975,-0.15068,-0.951667,-0.571806,-0.214403,0.681112,0.404136
-0.1822,-0.022551,0.403926,0.894756,0.238302,-0.096981,-0.150727,-0.951654,-0.571842,-0.214447,0.6811,0.40408
-0.182252,-0.022525,0.404011,0.894707,0.238313,-0.096988,-0.150783,-0.951641,-0.571859,-0.214487,0.681087,0.404058
-0.182232,-0.022528,0.404024,0.894705,0.238325,-0.096987,-0.150844,-0.951628,-0.571923,-0.214472,0.681037,0.404059
-0.182209,-0.022541,0.404038,0.894704,0.23844,-0.096964,-0.150899,-0.951594,-0.57199,-0.214419,0.681004,0.404048
-0.182217,-0.022528,0.404046,0.894698,0.238466,-0.097026,-0.150842,-0.95159,-0.572056,-0.21429,0.680965,0.404087
-0.182246,-0.0225,0.404097,0.894669,0.238426,-0.097136,-0.15087,-0.951581,-0.572136,-0.2142,0.680944,0.404058
-0.182247,-0.022475,0.404134,0.894652,0.238375,-0.097215,-0.150789,-0.951598,-0.572199,-0.214104,0.680901,0.404091
-0.182313,-0.022377,0.404148,0.894633,0.238425,-0.097363,-0.150806,-0.951564,-0.572227,-0.214084,0.680877,0.404105
-0.182379,-0.02227,0.404118,0.894633,0.238415,-0.097534,-0.15083,-0.951542,-0.572283,-0.214066,0.680839,0.404097
-0.18254,-0.022126,0.404176,0.894575,0.238425,-0.097705,-0.15092,-0.951503,-0.572343,-0.214044,0.680802,0.404087
-0.182632,-0.022044,0.404256,0.89452,0.238403,-0.097847,-0.151013,-0.951477,-0.572361,-0.214054,0.6808,0.404059
-0.182705,-0.021976,0.404422,0.894431,0.238487,-0.097995,-0.151003,-0.951439,-0.57239,-0.21402,0.680773,0.404082
-0.182769,-0.021898,0.404458,0.894401,0.23849,-0.098077,-0.150925,-0.951442,-0.572433,-0.214005,0.680738,0.404086
-0.182848,-0.021762,0.404506,0.894364,0.238458,-0.098185,-0.150821,-0.951453,-0.572483,-0.214,0.680702,0.404078
-0.182923,-0.021619,0.404499,0.894353,0.238411,-0.098278,-0.150671,-0.951477,-0.572492,-0.213943,0.680705,0.404089
-0.182946,-0.021479,0.404518,0.894339,0.238426,-0.098305,-0.150687,-0.951467,-0.57254,-0.213906,0.680703,0.404044
-0.182939,-0.021386,0.404474,0.894362,0.238386,-0.098405,-0.150681,-0.951466,-0.572582,-0.213829,0.680685,0.404055
-0.183017,-0.021374,0.40446,0.894352,0.238387,-0.098477,-0.15074,-0.951447,-0.572619,-0.213752,0.680683,0.404047
-0.183024,-0.021288,0.404519,0.894324,0.238344,-0.098559,-0.150821,-0.951434,-0.572635,-0.213661,0.6807,0.404043
-0.182981,-0.021224,0.40458,0.894305,0.238347,-0.09865,-0.150915,-0.951407,-0.572658,-0.213609,0.680718,0.404006
-0.182982,-0.021235,0.404591,0.894299,0.238302,-0.098676,-0.150955,-0.951409,-0.572663,-0.21354,0.680728,0.404019
-0.182981,-0.021207,0.404658,0.89427,0.23823,-0.098674,-0.151013,-0.951418,-0.57266,-0.213513,0.680734,0.40403
-0.182972,-0.021127,0.404639,0.89428,0.238241,-0.098692,-0.151009,-0.951413,-0.572661,-0.213449,0.680754,0.404028
-0.182973,-0.021098,0.404629,0.894285,0.238286,-0.098621,-0.151049,-0.951404,-0.572691,-0.213385,0.680774,0.403984
-0.182985,-0.02109,0.40465,0.894272,0.238299,-0.098566,-0.151004,-0.951415,-0.572691,-0.213338,0.680811,0.403945
-0.182965,-0.021138,0.404648,0.894278,0.238319,-0.098471,-0.15102,-0.95142,-0.572681,-0.213266,0.680849,0.403934
-0.182937,-0.021111,0.40468,0.894269,0.238349,-0.098449,-0.151023,-0.951414,-0.572679,-0.213219,0.68088,0.403911
-0.182914,-0.021107,0.404782,0.894227,0.238473,-0.098402,-0.151027,-0.951389,-0.572687,-0.213173,0.680878,0.403927
-0.18292,-0.021169,0.404853,0.894193,0.238523,-0.098401,-0.151111,-0.951363,-0.572708,-0.213163,0.680875,0.403906
-0.18301,-0.021193,0.404942,0.894135,0.238551,-0.098428,-0.151131,-0.95135,-0.572731,-0.213169,0.680863,0.403891
-0.182998,-0.021208,0.405007,0.894107,0.238571,-0.09849,-0.151201,-0.951325,-0.572701,-0.213233,0.680891,0.403852
-0.183003,-0.021253,0.40503,0.894095,0.238659,-0.098486,-0.151231,-0.951299,-0.572663,-0.213256,0.68093,0.403827
-0.183058,-0.021305,0.40507,0.894066,0.238654,-0.098473,-0.1512,-0.951307,-0.572668,-0.213292,0.680947,0.403773
-0.183087,-0.021331,0.405107,0.894042,0.238638,-0.098512,-0.151253,-0.951298,-0.572669,-0.213354,0.680949,0.403734
-0.183073,-0.021288,0.405105,0.894047,0.238639,-0.098497,-0.15122,-0.951305,-0.572675,-0.213409,0.680953,0.403691
-0.183074,-0.02128,0.405099,0.894049,0.238712,-0.098472,-0.151233,-0.951287,-0.572727,-0.213455,0.680905,0.403675
-0.183043,-0.021262,0.405148,0.894034,0.238794,-0.098476,-0.151261,-0.951263,-0.572749,-0.213476,0.680909,0.403626
-0.183071,-0.021321,0.40521,0.893999,0.238805,-0.098447,-0.151252,-0.951264,-0.572751,-0.213509,0.680914,0.403596
-0.183035,-0.021371,0.405201,0.89401,0.23885,-0.098496,-0.15128,-0.951243,-0.572738,-0.213448,0.680946,0.403593
-0.183103,-0.021342,0.405222,0.893987,0.238902,-0.098532,-0.151255,-0.951229,-0.572752,-0.213483,0.680956,0.403536
-0.183168,-0.021355,0.405247,0.893963,0.238903,-0.098543,-0.151249,-0.951229,-0.572756,-0.213511,0.680953,0.403521
-0.183219,-0.021362,0.405244,0.893954,0.238947,-0.098604,-0.151153,-0.951226,-0.572743,-0.213509,0.680967,0.403518
-0.183203,-0.021338,0.405203,0.893976,0.238876,-0.098664,-0.151064,-0.95125,-0.572766,-0.213561,0.680938,0.403506
-0.18316,-0.021281,0.405168,0.894,0.238863,-0.098751,-0.151058,-0.951244,-0.572791,-0.213568,0.680935,0.403475
-0.183136,-0.02124,0.405135,0.894021,0.238798,-0.098787,-0.150992,-0.951266,-0.572807,-0.213511,0.680906,0.403529
-0.183163,-0.02121,0.405105,0.894029,0.23871,-0.098822,-0.150956,-0.951289,-0.572832,-0.213462,0.680868,0.403582
-0.183172,-0.021104,0.405016,0.894068,0.238673,-0.098843,-0.151,-0.951289,-0.572869,-0.213387,0.680813,0.403662
-0.183115,-0.02104,0.404986,0.894094,0.238663,-0.098894,-0.151008,-0.951284,-0.57294,-0.21329,0.680741,0.403736
-0.183066,-0.020977,0.40502,0.894088,0.238558,-0.099033,-0.150933,-0.951305,-0.572966,-0.213181,0.680686,0.403848
-0.18311,-0.020846,0.405013,0.894083,0.238557,-0.099121,-0.150822,-0.951312,-0.57299,-0.213112,0.680644,0.403923
-0.183104,-0.020752,0.404934,0.89412,0.238523,-0.099265,-0.150722,-0.951319,-0.573007,-0.213031,0.680618,0.403983
-0.183086,-0.020629,0.404887,0.894146,0.238575,-0.099341,-0.150589,-0.951318,-0.573028,-0.212968,0.680634,0.403958
-0.183053,-0.020533,0.404774,0.894204,0.238524,-0.099408,-0.150498,-0.951337,-0.573018,-0.212937,0.680657,0.403953
-0.183074,-0.020491,0.404668,0.894248,0.238561,-0.099505,-0.150438,-0.951326,-0.573017,-0.212929,0.680675,0.403925
-0.18302,-0.020426,0.404643,0.89427,0.238546,-0.099551,-0.150435,-0.951324,-0.572981,-0.212942,0.680713,0.403908
-0.18299,-0.020393,0.404633,0.894281,0.238619,-0.099574,-0.150456,-0.9513,-0.57298,-0.212928,0.680746,0.403861
-0.182945,-0.020382,0.404661,0.894277,0.238612,-0.09958,-0.150479,-0.951297,-0.57302,-0.212961,0.680739,0.403799
-0.182921,-0.02039,0.404721,0.894255,0.238645,-0.099536,-0.15054,-0.951285,-0.573049,-0.212936,0.680752,0.403747
-0.182907,-0.020382,0.404747,0.894246,0.238664,-0.099456,-0.150545,-0.951289,-0.573064,-0.212902,0.680753,0.40374
-0.182872,-0.020374,0.404762,0.894247,0.238783,-0.09946,-0.150546,-0.951259,-0.573066,-0.21285,0.680775,0.403729
-0.182862,-0.020408,0.404734,0.894261,0.238763,-0.099438,-0.150551,-0.951266,-0.57306,-0.212808,0.680829,0.403668
-0.182875,-0.020401,0.404666,0.894289,0.238748,-0.099434,-0.150478,-0.951282,-0.573063,-0.212811,0.680873,0.403587
-0.182901,-0.020427,0.404621,0.894304,0.238745,-0.099375,-0.150459,-0.951292,-0.573034,-0.212843,0.680932,0.40351
-0.182927,-0.020385,0.404637,0.894292,0.238753,-0.0994,-0.150475,-0.951285,-0.572992,-0.212896,0.680992,0.403443
-0.182983,-0.020353,0.404618,0.894289,0.238713,-0.099429,-0.150453,-0.951295,-0.572917,-0.212951,0.681058,0.403407
-0.182988,-0.020357,0.404656,0.894271,0.238725,-0.099417,-0.150494,-0.951287,-0.572852,-0.212979,0.681144,0.403342
-0.183052,-0.020367,0.404629,0.89427,0.238712,-0.099384,-0.150503,-0.951293,-0.57278,-0.212999,0.681211,0.403319
-0.183098,-0.020363,0.404613,0.894268,0.238727,-0.099362,-0.150469,-0.951297,-0.572735,-0.212974,0.681248,0.403334
-0.183132,-0.020355,0.404536,0.894296,0.23867,-0.099282,-0.150365,-0.951338,-0.572644,-0.212951,0.681307,0.403377
-0.183083,-0.020352,0.404389,0.894373,0.23862,-0.099163,-0.150333,-0.95137,-0.572543,-0.212966,0.681349,0.403442
-0.183026,-0.020407,0.404243,0.894452,0.238591,-0.099056,-0.15034,-0.951389,-0.572442,-0.21298,0.681421,0.403454
-0.182959,-0.020469,0.40412,0.89452,0.238549,-0.098901,-0.150397,-0.95141,-0.572374,-0.213012,0.681464,0.403463
-0.182855,-0.020526,0.404031,0.894582,0.2385,-0.098689,-0.15051,-0.95143,-0.572296,-0.213034,0.681518,0.403472
-0.182718,-0.02057,0.403936,0.894653,0.238464,-0.098489,-0.150628,-0.951444,-0.572244,-0.213004,0.681549,0.403511
-0.182605,-0.020675,0.403812,0.894732,0.238382,-0.098333,-0.150712,-0.951471,-0.572175,-0.212985,0.681606,0.40352
-0.182494,-0.02074,0.403774,0.894772,0.238397,-0.098203,-0.150733,-0.95148,-0.57214,-0.212988,0.681609,0.403563
-0.182392,-0.020842,0.403753,0.894801,0.238358,-0.098172,-0.150752,-0.95149,-0.572063,-0.212989,0.681667,0.403575
-0.182291,-0.02091,0.4038,0.894801,0.238338,-0.09816,-0.150711,-0.951504,-0.572043,-0.212961,0.68167,0.403614
-0.182182,-0.020926,0.403825,0.894811,0.238309,-0.098197,-0.150671,-0.951512,-0.572008,-0.212945,0.681662,0.403684
-0.182141,-0.020944,0.403806,0.894828,0.238377,-0.098222,-0.150567,-0.951509,-0.571944,-0.212982,0.681686,0.403717
-0.182142,-0.02096,0.403805,0.894829,0.238373,-0.098295,-0.150471,-0.951517,-0.571937,-0.213002,0.681667,0.403748
-0.182199,-0.020982,0.403784,0.894826,0.238349,-0.098371,-0.150377,-0.951528,-0.571949,-0.213029,0.681609,0.403812
-0.18222,-0.021012,0.403816,0.894807,0.238406,-0.098476,-0.150283,-0.951516,-0.571915,-0.213065,0.681597,0.403862
-0.182222,-0.020995,0.403815,0.894807,0.238483,-0.098554,-0.150203,-0.9515,-0.571882,-0.213081,0.681607,0.403885
-0.182261,-0.021027,0.403884,0.894768,0.238518,-0.098613,-0.150189,-0.951487,-0.571877,-0.213145,0.681589,0.40389
-0.182335,-0.021044,0.403905,0.894743,0.238569,-0.098623,-0.15023,-0.951466,-0.571897,-0.213187,0.681549,0.403908
-0.182352,-0.021101,0.403964,0.894713,0.238647,-0.098593,-0.150281,-0.951443,-0.571841,-0.213248,0.681605,0.403861
-0.182384,-0.021224,0.404017,0.894682,0.238742,-0.098545,-0.150365,-0.951411,-0.57185,-0.213357,0.68161,0.403781
-0.182428,-0.021347,0.404102,0.894634,0.238775,-0.098435,-0.150499,-0.951395,-0.571808,-0.213459,0.681664,0.403694
-0.182439,-0.021479,0.404204,0.894585,0.238797,-0.098302,-0.150597,-0.95139,-0.57177,-0.213533,0.681736,0.403589
-0.182414,-0.021616,0.404278,0.894556,0.238879,-0.098151,-0.150834,-0.95135,-0.571728,-0.213666,0.681802,0.403465
-0.182385,-0.021789,0.404395,0.894508,0.238987,-0.098019,-0.151033,-0.951307,-0.571717,-0.21373,0.681865,0.40334
-0.182362,-0.021944,0.404445,0.89449,0.239032,-0.097882,-0.151155,-0.951293,-0.571674,-0.213787,0.68195,0.403228
-0.182368,-0.022066,0.404503,0.894461,0.239087,-0.097782,-0.151199,-0.951285,-0.571629,-0.21387,0.682035,0.403104
-0.182344,-0.022163,0.404556,0.894441,0.239114,-0.097668,-0.151187,-0.951294,-0.571593,-0.21392,0.682099,0.403019
-0.18229,-0.022297,0.404498,0.894478,0.23919,-0.097579,-0.151126,-0.951296,-0.571528,-0.213995,0.682197,0.402907
-0.182219,-0.022345,0.404471,0.894505,0.239193,-0.097552,-0.151061,-0.951309,-0.571514,-0.213993,0.682231,0.402868
-0.182183,-0.022465,0.404437,0.894527,0.239183,-0.097538,-0.151059,-0.951314,-0.571517,-0.213975,0.682245,0.402852
-0.182165,-0.022521,0.404407,0.894544,0.239141,-0.097521,-0.151127,-0.951315,-0.57153,-0.214019,0.682222,0.402848
-0.182111,-0.022563,0.40445,0.894535,0.239148,-0.097475,-0.151218,-0.951304,-0.571536,-0.213996,0.682205,0.402878
-0.182095,-0.022616,0.404527,0.894504,0.239139,-0.097519,-0.151225,-0.951301,-0.571583,-0.214003,0.682149,0.402906
-0.182115,-0.022695,0.404611,0.89446,0.239048,-0.097502,-0.151279,-0.951316,-0.571548,-0.214041,0.682132,0.402963
-0.182101,-0.022674,0.404711,0.894418,0.239005,-0.097505,-0.151203,-0.951338,-0.571543,-0.214041,0.682116,0.403
-0.182133,-0.022592,0.40473,0.894404,0.239049,-0.097483,-0.151122,-0.951343,-0.571534,-0.214015,0.682082,0.403081
-0.182189,-0.022559,0.404742,0.894387,0.23908,-0.09749,-0.151026,-0.951351,-0.571489,-0.214052,0.682075,0.403139
-0.182258,-0.022553,0.404807,0.894343,0.239145,-0.09746,-0.15088,-0.951361,-0.571454,-0.214095,0.682066,0.403181
-0.182266,-0.022517,0.404753,0.894366,0.239166,-0.097529,-0.150757,-0.951368,-0.571446,-0.214079,0.682084,0.403171
-0.182347,-0.022488,0.404703,0.894373,0.239261,-0.097581,-0.150707,-0.951346,-0.571418,-0.214116,0.682094,0.403173
-0.182407,-0.022455,0.404609,0.894404,0.239276,-0.097673,-0.150727,-0.951328,-0.571428,-0.214127,0.682079,0.403179
-0.182444,-0.022404,0.404595,0.894402,0.23928,-0.097798,-0.150767,-0.951305,-0.571426,-0.214129,0.682082,0.403176
-0.182482,-0.022344,0.404604,0.894391,0.239249,-0.097896,-0.150838,-0.951289,-0.571458,-0.214105,0.682071,0.403163
-0.18248,-0.022241,0.404575,0.894405,0.239262,-0.098002,-0.150908,-0.951262,-0.571483,-0.214034,0.682067,0.403171
-0.182491,-0.022151,0.404544,0.894417,0.239239,-0.098083,-0.150924,-0.951255,-0.571479,-0.213962,0.682078,0.403196
-0.182528,-0.022025,0.404492,0.894434,0.239152,-0.098131,-0.15095,-0.951267,-0.571484,-0.213891,0.682101,0.403189
-0.182537,-0.021964,0.40448,0.894439,0.239149,-0.098195,-0.150886,-0.951269,-0.571491,-0.213821,0.682091,0.403231
-0.18249,-0.021878,0.404394,0.894486,0.23924,-0.098204,-0.150794,-0.951261,-0.57154,-0.213744,0.68207,0.403237
-0.182371,-0.021858,0.404289,0.894559,0.239189,-0.098227,-0.150759,-0.951276,-0.571583,-0.213662,0.68205,0.403254
-0.182395,-0.021841,0.40421,0.894591,0.239118,-0.098243,-0.150704,-0.9513,-0.57159,-0.213602,0.682014,0.403337
-0.182341,-0.021777,0.40411,0.894647,0.239085,-0.098265,-0.150618,-0.95132,-0.571566,-0.213624,0.681987,0.403405
-0.182317,-0.021776,0.404076,0.894667,0.239175,-0.098207,-0.150586,-0.95131,-0.571588,-0.213597,0.681926,0.403491
-0.182341,-0.021772,0.404047,0.894675,0.239206,-0.098193,-0.150506,-0.951317,-0.571583,-0.213591,0.681859,0.403615
-0.18237,-0.02178,0.40403,0.894677,0.239236,-0.098145,-0.150473,-0.95132,-0.571549,-0.213625,0.681826,0.403702
-0.182405,-0.021813,0.404031,0.89467,0.239285,-0.098152,-0.150456,-0.95131,-0.571554,-0.213619,0.681782,0.403773
-0.182479,-0.021876,0.403998,0.89467,0.239391,-0.098085,-0.150445,-0.951294,-0.571519,-0.213674,0.681789,0.403782
-0.18255,-0.021931,0.40397,0.894668,0.23948,-0.098069,-0.150424,-0.951277,-0.571499,-0.213744,0.681763,0.403817
-0.182641,-0.021996,0.404045,0.894615,0.239518,-0.097999,-0.150394,-0.951281,-0.571461,-0.213793,0.681791,0.403798
-0.182681,-0.022099,0.40406,0.8946,0.239594,-0.097919,-0.150467,-0.95126,-0.571423,-0.213933,0.681799,0.403765
-0.182681,-0.022223,0.404041,0.894608,0.239773,-0.09783,-0.150614,-0.951203,-0.571394,-0.214051,0.681821,0.403704
-0.182668,-0.022319,0.40406,0.894601,0.239826,-0.097751,-0.150731,-0.951181,-0.571365,-0.214127,0.681898,0.403576
-0.182695,-0.022409,0.404053,0.894599,0.239842,-0.097662,-0.150868,-0.951166,-0.571382,-0.214144,0.68192,0.403506
-0.182641,-0.022526,0.404055,0.894608,0.239864,-0.097583,-0.150933,-0.951159,-0.57135,-0.214215,0.681982,0.403408
-0.182566,-0.022627,0.404084,0.89461,0.239909,-0.097515,-0.150976,-0.951149,-0.571308,-0.21427,0.682029,0.40336
-0.182468,-0.022752,0.404035,0.894651,0.239904,-0.097441,-0.150988,-0.951158,-0.571297,-0.214283,0.682082,0.403277
-0.182405,-0.022812,0.403902,0.894724,0.239885,-0.097393,-0.151037,-0.95116,-0.571264,-0.214296,0.682152,0.403199
-0.182294,-0.022885,0.403862,0.894765,0.23985,-0.097383,-0.151052,-0.951167,-0.571256,-0.214262,0.682187,0.403169
-0.182191,-0.022942,0.403788,0.894819,0.239902,-0.097371,-0.151048,-0.951157,-0.571251,-0.214282,0.682197,0.40315
-0.182162,-0.022991,0.403721,0.894855,0.239897,-0.097422,-0.15109,-0.951145,-0.571238,-0.214255,0.682222,0.403139
-0.182193,-0.023047,0.403787,0.894818,0.239917,-0.097484,-0.151056,-0.951138,-0.571222,-0.214182,0.682242,0.403168
-0.182234,-0.023073,0.403796,0.894806,0.239934,-0.097558,-0.15098,-0.951137,-0.571131,-0.214174,0.682272,0.403249
-0.182273,-0.023067,0.403786,0.894802,0.239989,-0.097551,-0.150856,-0.951144,-0.571036,-0.21421,0.682318,0.403288
-0.182302,-0.023086,0.403732,0.89482,0.239945,-0.097535,-0.150688,-0.951185,-0.570985,-0.214279,0.682341,0.403285
-0.182269,-0.023132,0.403661,0.89486,0.239912,-0.097447,-0.150557,-0.951224,-0.570925,-0.214344,0.682347,0.403326
-0.18221,-0.023135,0.403574,0.894911,0.239908,-0.09736,-0.15051,-0.951244,-0.570855,-0.214445,0.68237,0.403333
-0.182109,-0.023191,0.403493,0.894968,0.239884,-0.097188,-0.150575,-0.951261,-0.570822,-0.214509,0.682348,0.403381
-0.181972,-0.023247,0.403459,0.895011,0.23986,-0.097075,-0.150718,-0.951257,-0.570727,-0.214512,0.682363,0.403492
-0.181905,-0.023348,0.403451,0.895028,0.239832,-0.096994,-0.150926,-0.95124,-0.570642,-0.214479,0.682384,0.403594
-0.181828,-0.023448,0.403542,0.895001,0.239839,-0.09687,-0.151125,-0.951221,-0.570542,-0.214485,0.682425,0.403663
-0.181802,-0.023564,0.403565,0.894995,0.239895,-0.096799,-0.151199,-0.951204,-0.570516,-0.214462,0.682419,0.403722
-0.181757,-0.023652,0.403563,0.895004,0.239907,-0.096724,-0.151172,-0.951215,-0.570452,-0.214477,0.682469,0.403722
-0.1817,-0.023778,0.403498,0.895044,0.239927,-0.096659,-0.151111,-0.951227,-0.570424,-0.214489,0.682525,0.403659
-0.181592,-0.023855,0.403459,0.895084,0.239943,-0.0966,-0.151054,-0.951239,-0.570323,-0.214553,0.682634,0.403584
-0.181514,-0.023891,0.403398,0.895127,0.24,-0.096576,-0.151079,-0.951224,-0.57025,-0.214645,0.68272,0.403492
-0.181466,-0.023964,0.403344,0.895161,0.239945,-0.09655,-0.151129,-0.951233,-0.570214,-0.214727,0.682742,0.403463
-0.181435,-0.024031,0.403303,0.895185,0.239951,-0.096539,-0.151232,-0.951217,-0.570192,-0.214761,0.682793,0.403389
-0.181404,-0.024057,0.403271,0.895207,0.23993,-0.096516,-0.15133,-0.951208,-0.570164,-0.214786,0.682825,0.403362
-0.181342,-0.024141,0.403346,0.895184,0.239924,-0.0965,-0.15136,-0.951206,-0.570163,-0.214779,0.682837,0.403347
-0.181307,-0.024168,0.403307,0.895209,0.239861,-0.096529,-0.151313,-0.951226,-0.570159,-0.214758,0.682821,0.403389
-0.181307,-0.024253,0.403317,0.895204,0.239798,-0.096523,-0.151267,-0.951251,-0.570125,-0.214768,0.682846,0.403393
-0.181251,-0.024279,0.403323,0.895211,0.239802,-0.096502,-0.15115,-0.951271,-0.570099,-0.214819,0.682844,0.403404
-0.181194,-0.024278,0.4033,0.895234,0.239847,-0.096486,-0.15106,-0.951277,-0.570096,-0.214848,0.682815,0.403441
-0.18117,-0.024328,0.403284,0.895245,0.23984,-0.096448,-0.150987,-0.951295,-0.570057,-0.214921,0.682808,0.403469
-0.181181,-0.024357,0.403297,0.895237,0.239861,-0.096425,-0.150966,-0.951296,-0.570055,-0.214961,0.682787,0.403488
-0.181139,-0.024375,0.403354,0.89522,0.239921,-0.09638,-0.150937,-0.951291,-0.570066,-0.21499,0.682732,0.403548
-0.181238,-0.02446,0.403424,0.895167,0.240046,-0.096322,-0.150921,-0.951269,-0.570095,-0.215,0.682662,0.403621
-0.181274,-0.024473,0.403438,0.895154,0.240086,-0.096285,-0.150827,-0.951279,-0.570114,-0.214981,0.68261,0.403695
-0.181404,-0.024483,0.403439,0.895127,0.240149,-0.096305,-0.150748,-0.951274,-0.570139,-0.214926,0.682585,0.403732
-0.181514,-0.024444,0.403446,0.895102,0.240229,-0.096303,-0.150749,-0.951254,-0.570166,-0.214914,0.682572,0.403719
-0.181613,-0.024466,0.403474,0.89507,0.24037,-0.096313,-0.150794,-0.95121,-0.570196,-0.214932,0.682552,0.403704
-0.181681,-0.024474,0.403512,0.895039,0.24036,-0.096373,-0.150865,-0.951194,-0.570241,-0.214937,0.682543,0.403652
-0.181765,-0.024464,0.403514,0.895021,0.240342,-0.096408,-0.150922,-0.951185,-0.570275,-0.214919,0.682526,0.403644
-0.181808,-0.02448,0.403516,0.895011,0.240353,-0.096428,-0.151015,-0.951165,-0.570305,-0.214936,0.68249,0.403651
-0.181796,-0.024469,0.403546,0.894999,0.24042,-0.096473,-0.151053,-0.951136,-0.570374,-0.214895,0.68248,0.403591
-0.181766,-0.024459,0.403582,0.89499,0.240351,-0.096492,-0.151062,-0.95115,-0.570448,-0.214813,0.682454,0.403575
-0.181742,-0.024446,0.403572,0.894999,0.240363,-0.096546,-0.151024,-0.951146,-0.570505,-0.21477,0.682419,0.403574
-0.181715,-0.024401,0.403506,0.895035,0.240358,-0.096579,-0.151034,-0.951142,-0.570556,-0.214699,0.682389,0.403591
-0.181669,-0.024385,0.403409,0.895089,0.240368,-0.09662,-0.151008,-0.951139,-0.570579,-0.214684,0.682352,0.403631
-0.181668,-0.024387,0.403367,0.895107,0.240289,-0.096656,-0.151018,-0.951152,-0.570581,-0.21466,0.682337,0.403665
-0.181708,-0.024348,0.403402,0.895084,0.240243,-0.096757,-0.151043,-0.951147,-0.5706,-0.214592,0.682318,0.403704
-0.181692,-0.024334,0.403447,0.895066,0.240275,-0.096788,-0.151109,-0.951126,-0.570571,-0.214589,0.682358,0.403681
-0.181709,-0.024366,0.403491,0.895043,0.240361,-0.096712,-0.151111,-0.951112,-0.570581,-0.214577,0.682346,0.403694
-0.18173,-0.024384,0.403538,0.895017,0.240386,-0.096618,-0.151089,-0.951121,-0.570611,-0.214607,0.68235,0.403629
-0.181793,-0.024385,0.403534,0.895007,0.240394,-0.096552,-0.150984,-0.951144,-0.570638,-0.214643,0.68233,0.403605
-0.181818,-0.0244,0.403584,0.894978,0.240403,-0.096461,-0.150926,-0.951163,-0.570651,-0.214703,0.682329,0.403557
-0.181803,-0.024445,0.403635,0.894958,0.240498,-0.096378,-0.150858,-0.95116,-0.570685,-0.214733,0.682339,0.403475
-0.181826,-0.024503,0.403635,0.894953,0.240462,-0.096351,-0.150912,-0.951163,-0.570694,-0.214786,0.682317,0.403471
-0.181876,-0.024555,0.403702,0.894912,0.240468,-0.096268,-0.151057,-0.951148,-0.570701,-0.21479,0.682299,0.403488
-0.181916,-0.024578,0.403784,0.894867,0.240474,-0.09628,-0.15116,-0.951129,-0.57075,-0.214711,0.68227,0.40351
-0.181999,-0.024591,0.403863,0.894814,0.240579,-0.096346,-0.151251,-0.95108,-0.570799,-0.214668,0.682259,0.403483
-0.182036,-0.024562,0.404029,0.894731,0.240543,-0.096432,-0.151257,-0.951077,-0.570859,-0.214631,0.682214,0.403495
-0.182155,-0.024553,0.404181,0.894638,0.240543,-0.096631,-0.151262,-0.951053,-0.570953,-0.214598,0.682126,0.403527
-0.182244,-0.024443,0.404281,0.894575,0.240449,-0.096776,-0.151193,-0.95107,-0.571018,-0.214561,0.682104,0.40349
-0.182358,-0.024335,0.404378,0.894509,0.240465,-0.096952,-0.151131,-0.951054,-0.571111,-0.214514,0.682026,0.403518
-0.182484,-0.024166,0.404386,0.894481,0.240465,-0.097162,-0.151053,-0.951042,-0.571194,-0.214422,0.681959,0.403561
-0.182672,-0.024043,0.404352,0.894459,0.240457,-0.097391,-0.151051,-0.951015,-0.571301,-0.214363,0.681887,0.403563
-0.182841,-0.023935,0.404364,0.89442,0.240438,-0.097622,-0.151042,-0.950994,-0.571438,-0.214232,0.681765,0.403642
-0.182948,-0.023773,0.404431,0.894368,0.240478,-0.097824,-0.151072,-0.950954,-0.571548,-0.214142,0.681644,0.403737
-0.183028,-0.023642,0.404536,0.894305,0.240402,-0.097947,-0.151029,-0.950965,-0.571683,-0.214122,0.681506,0.403792
-0.183061,-0.023514,0.404621,0.894261,0.240391,-0.098012,-0.151027,-0.95096,-0.571814,-0.214015,0.681401,0.403838
-0.183095,-0.023408,0.404718,0.89421,0.240379,-0.098044,-0.150952,-0.950971,-0.571908,-0.213972,0.681302,0.403896
-0.183148,-0.02337,0.404748,0.894186,0.240461,-0.098078,-0.15094,-0.950948,-0.572038,-0.213885,0.681181,0.403962
-0.183189,-0.023348,0.40485,0.89413,0.240493,-0.098048,-0.150967,-0.950939,-0.572102,-0.213805,0.681127,0.404004
-0.183252,-0.02335,0.404828,0.894129,0.240543,-0.098035,-0.150941,-0.950933,-0.572194,-0.213758,0.681065,0.404004
-0.183308,-0.023361,0.40491,0.894079,0.240605,-0.098065,-0.150985,-0.950907,-0.572299,-0.213732,0.681004,0.40397
-0.183386,-0.023311,0.404962,0.89404,0.240702,-0.098081,-0.15101,-0.950876,-0.572341,-0.213716,0.680992,0.40394
-0.183505,-0.023318,0.405052,0.893975,0.240767,-0.098121,-0.151046,-0.95085,-0.572432,-0.213702,0.680965,0.403864
-0.183591,-0.023314,0.405129,0.893923,0.240819,-0.0981,-0.150987,-0.950848,-0.572504,-0.21374,0.680961,0.403747
-0.183725,-0.023293,0.405247,0.893841,0.240884,-0.098088,-0.150972,-0.950836,-0.572552,-0.213776,0.680976,0.403633
-0.183796,-0.023284,0.405325,0.893791,0.240964,-0.098121,-0.150991,-0.950809,-0.572653,-0.213803,0.680937,0.403544
-0.183857,-0.023247,0.405448,0.893722,0.240944,-0.098186,-0.151051,-0.950796,-0.572719,-0.213827,0.680909,0.403482
-0.183946,-0.023226,0.405492,0.893685,0.24099,-0.09821,-0.151126,-0.950769,-0.572762,-0.213766,0.680924,0.403426
-0.183999,-0.023211,0.405598,0.893626,0.241034,-0.098266,-0.151172,-0.950744,-0.572827,-0.21368,0.680883,0.40345
-0.184038,-0.023159,0.4056,0.893617,0.241086,-0.098361,-0.151216,-0.950712,-0.572908,-0.213624,0.680857,0.403406
-0.184091,-0.023091,0.405588,0.893612,0.241042,-0.098424,-0.151221,-0.950715,-0.572964,-0.213538,0.680836,0.403408
-0.184176,-0.022981,0.405615,0.893582,0.24101,-0.098566,-0.15123,-0.950704,-0.573008,-0.21342,0.680789,0.403489
-0.184208,-0.022904,0.405607,0.89358,0.240996,-0.098611,-0.151189,-0.950708,-0.57305,-0.213329,0.68076,0.403525
-0.184261,-0.022846,0.405625,0.893561,0.241041,-0.098638,-0.151185,-0.950694,-0.57306,-0.213259,0.680755,0.403557
-0.184293,-0.022781,0.405599,0.893567,0.240996,-0.098591,-0.151192,-0.95071,-0.573068,-0.21325,0.680744,0.403566
-0.184327,-0.022761,0.405557,0.893579,0.240981,-0.098539,-0.151236,-0.950713,-0.573122,-0.213247,0.680688,0.403587
-0.184368,-0.022723,0.405536,0.893581,0.241002,-0.098487,-0.151269,-0.950709,-0.573131,-0.213258,0.680674,0.403592
-0.184343,-0.022648,0.405596,0.893558,0.241061,-0.098391,-0.151314,-0.950699,-0.573166,-0.213224,0.680643,0.403611
-0.184377,-0.022602,0.405573,0.893562,0.241054,-0.098294,-0.151342,-0.950708,-0.573194,-0.213208,0.680615,0.403629
-0.184478,-0.022567,0.40558,0.893538,0.241067,-0.098253,-0.151329,-0.950712,-0.573219,-0.213192,0.680612,0.403608
-0.184507,-0.022504,0.405652,0.893499,0.241069,-0.098231,-0.151241,-0.950729,-0.573197,-0.213192,0.680624,0.403618
-0.184556,-0.022479,0.405647,0.893493,0.2411,-0.09822,-0.151196,-0.950729,-0.573232,-0.213213,0.680618,0.403567
-0.18459,-0.022473,0.405621,0.893497,0.241092,-0.098217,-0.151168,-0.950736,-0.573228,-0.213257,0.680668,0.403464
-0.184632,-0.022474,0.405618,0.89349,0.241074,-0.098265,-0.151173,-0.950734,-0.573224,-0.213272,0.680696,0.403414
-0.184609,-0.022464,0.405599,0.893503,0.241075,-0.098274,-0.151212,-0.950727,-0.573243,-0.213263,0.680685,0.403411
-0.184601,-0.022443,0.405578,0.893515,0.241128,-0.098278,-0.151272,-0.950703,-0.573173,-0.213307,0.680757,0.403366
-0.184584,-0.022494,0.405566,0.893524,0.241083,-0.098271,-0.151322,-0.950707,-0.573162,-0.213311,0.680759,0.403375
-0.184565,-0.022525,0.405637,0.893495,0.241104,-0.098256,-0.151337,-0.950701,-0.573135,-0.21328,0.680798,0.403366
-0.184586,-0.022552,0.405663,0.893479,0.241062,-0.098251,-0.151332,-0.950713,-0.573115,-0.213268,0.680809,0.403381
-0.184569,-0.02258,0.405728,0.893453,0.241112,-0.09823,-0.151357,-0.950699,-0.573095,-0.213279,0.680827,0.403373
-0.184614,-0.022558,0.405762,0.893428,0.241164,-0.098255,-0.151324,-0.950688,-0.573071,-0.213257,0.680843,0.403392
-0.184631,-0.022596,0.405738,0.893435,0.24123,-0.098325,-0.151299,-0.950667,-0.573106,-0.213279,0.680826,0.403358
-0.184686,-0.022662,0.405687,0.893447,0.241275,-0.098342,-0.151237,-0.950664,-0.573091,-0.213306,0.680832,0.403357
-0.184723,-0.0227,0.405645,0.893458,0.241395,-0.098288,-0.151209,-0.950645,-0.573064,-0.21338,0.68086,0.403308
-0.184754,-0.022708,0.405623,0.893462,0.241471,-0.09826,-0.151201,-0.95063,-0.573063,-0.213457,0.680873,0.403246
-0.184814,-0.022753,0.405676,0.893425,0.241582,-0.098287,-0.151212,-0.950598,-0.573052,-0.213492,0.68091,0.403178
-0.184839,-0.022806,0.405713,0.893402,0.241693,-0.098273,-0.151246,-0.950566,-0.573029,-0.213563,0.680937,0.40313
-0.184862,-0.022879,0.405723,0.893393,0.241786,-0.098212,-0.151325,-0.950538,-0.572997,-0.213657,0.680973,0.403066
-0.18488,-0.022921,0.405754,0.893375,0.241829,-0.098245,-0.151347,-0.95052,-0.573037,-0.213711,0.680941,0.403033
-0.184883,-0.022974,0.405745,0.893379,0.241822,-0.098236,-0.151348,-0.950521,-0.572989,-0.213723,0.680957,0.403071
-0.184895,-0.023005,0.405731,0.893382,0.241796,-0.098305,-0.151338,-0.950521,-0.572975,-0.213724,0.680953,0.403096
-0.184876,-0.022976,0.405674,0.893412,0.241893,-0.09837,-0.151304,-0.950494,-0.57301,-0.213641,0.680966,0.403067
-0.184895,-0.023011,0.405649,0.893419,0.241883,-0.098467,-0.151268,-0.950491,-0.573015,-0.213604,0.680947,0.403114
-0.184916,-0.022989,0.405665,0.893408,0.241783,-0.098561,-0.151176,-0.950519,-0.573015,-0.213581,0.680935,0.403144
-0.184872,-0.022942,0.405538,0.893475,0.241769,-0.098634,-0.151064,-0.950532,-0.572967,-0.213536,0.680955,0.403204
-0.184865,-0.022932,0.405469,0.893508,0.241807,-0.098636,-0.150947,-0.950541,-0.572921,-0.213505,0.680977,0.403248
-0.18483,-0.022879,0.405393,0.893551,0.241733,-0.098639,-0.150856,-0.950574,-0.572898,-0.213445,0.681015,0.403247
-0.184805,-0.022845,0.405327,0.893585,0.241669,-0.098607,-0.150855,-0.950594,-0.572893,-0.213503,0.681029,0.403201
-0.184752,-0.022817,0.405255,0.893629,0.241637,-0.098566,-0.150906,-0.950599,-0.572853,-0.213535,0.681056,0.403195
-0.184726,-0.022762,0.405253,0.893636,0.241701,-0.098551,-0.15098,-0.950573,-0.572836,-0.21349,0.681093,0.40318
-0.184717,-0.022756,0.405165,0.893678,0.241681,-0.098507,-0.15103,-0.950576,-0.572798,-0.21353,0.681132,0.403146
-0.184726,-0.022771,0.405112,0.8937,0.241668,-0.098442,-0.151067,-0.950581,-0.572812,-0.213533,0.681131,0.403128
-0.184696,-0.022745,0.405038,0.89374,0.241698,-0.098478,-0.151078,-0.950567,-0.57278,-0.21356,0.681168,0.403096
-0.184623,-0.022741,0.405073,0.893739,0.241756,-0.098458,-0.151066,-0.950557,-0.57278,-0.213574,0.681188,0.403054
-0.184664,-0.022753,0.405032,0.893749,0.241794,-0.098504,-0.15106,-0.950542,-0.572765,-0.213552,0.681211,0.403049
-0.184703,-0.022743,0.405061,0.893728,0.241799,-0.098517,-0.150998,-0.95055,-0.572769,-0.213534,0.681229,0.403021
-0.184735,-0.022766,0.405022,0.89374,0.241803,-0.098551,-0.150961,-0.95055,-0.57276,-0.21355,0.681266,0.402963
-0.184795,-0.022744,0.405026,0.893726,0.241847,-0.0986,-0.150928,-0.950539,-0.572746,-0.213568,0.68125,0.403
-0.184817,-0.022735,0.405023,0.893722,0.241872,-0.09865,-0.150928,-0.950526,-0.572756,-0.213578,0.681227,0.403021
-0.184858,-0.022744,0.405082,0.893688,0.241859,-0.098695,-0.150909,-0.950527,-0.572751,-0.213594,0.681219,0.403033
-0.184849,-0.022753,0.405112,0.893675,0.241817,-0.098745,-0.150905,-0.950532,-0.572751,-0.213606,0.681203,0.403053
-0.184857,-0.022723,0.405147,0.893659,0.241872,-0.098753,-0.15082,-0.950531,-0.572789,-0.213646,0.681153,0.403064
-0.184869,-0.022704,0.405138,0.893659,0.241882,-0.098784,-0.150848,-0.95052,-0.572804,-0.213686,0.681125,0.403067
-0.184893,-0.022749,0.405088,0.893677,0.241917,-0.098791,-0.150739,-0.950528,-0.572828,-0.213707,0.681084,0.403092
-0.184866,-0.022768,0.405123,0.893667,0.241916,-0.098748,-0.150725,-0.950536,-0.572798,-0.213707,0.6811,0.403109
-0.184856,-0.022799,0.405103,0.893678,0.241991,-0.098704,-0.150737,-0.95052,-0.572773,-0.213682,0.681119,0.403126
-0.184788,-0.022812,0.405029,0.893725,0.24199,-0.098695,-0.150777,-0.950516,-0.572755,-0.213652,0.681115,0.403174
-0.184803,-0.022852,0.404968,0.89375,0.24201,-0.098663,-0.150863,-0.9505,-0.572762,-0.213618,0.681098,0.403211
-0.184785,-0.02286,0.405017,0.893731,0.242042,-0.098722,-0.150931,-0.950474,-0.572747,-0.213637,0.681103,0.403213
-0.184752,-0.022844,0.405,0.893746,0.242072,-0.098729,-0.150959,-0.950461,-0.572712,-0.213697,0.681158,0.403139
-0.184755,-0.022865,0.40496,0.893763,0.242041,-0.098741,-0.150941,-0.95047,-0.572691,-0.213684,0.681159,0.403171
-0.184741,-0.022868,0.404976,0.89376,0.242078,-0.098784,-0.150883,-0.950465,-0.572737,-0.213672,0.681133,0.403158
-0.184704,-0.02288,0.404976,0.893766,0.242061,-0.098781,-0.150821,-0.95048,-0.572756,-0.213676,0.681123,0.403145
-0.184669,-0.022888,0.404863,0.893825,0.24205,-0.098793,-0.150762,-0.950491,-0.57273,-0.21369,0.681124,0.403174
-0.184583,-0.02291,0.404772,0.893884,0.242015,-0.098813,-0.150701,-0.950507,-0.572733,-0.213708,0.68108,0.403236
-0.184551,-0.022928,0.404732,0.893909,0.241955,-0.098744,-0.150727,-0.950526,-0.572752,-0.213695,0.681032,0.403297
-0.18451,-0.022984,0.404666,0.893947,0.241957,-0.098695,-0.150795,-0.95052,-0.572735,-0.213698,0.681008,0.403359
-0.184503,-0.02305,0.404621,0.893969,0.242051,-0.098652,-0.150853,-0.950492,-0.572746,-0.21365,0.681005,0.403373
-0.184462,-0.023085,0.404617,0.893979,0.242113,-0.098568,-0.150956,-0.950471,-0.572722,-0.213639,0.680996,0.403431
-0.184458,-0.023169,0.404649,0.893964,0.242132,-0.09855,-0.151002,-0.950462,-0.572715,-0.213643,0.680988,0.403452
-0.184504,-0.023165,0.404668,0.893947,0.242146,-0.098537,-0.151013,-0.950458,-0.572667,-0.213636,0.681025,0.403462
-0.184544,-0.023203,0.404728,0.893912,0.242229,-0.098513,-0.150973,-0.950445,-0.572627,-0.213627,0.681065,0.403454
-0.184585,-0.023246,0.404687,0.893921,0.242216,-0.098444,-0.150928,-0.950465,-0.572552,-0.213655,0.68114,0.403419
-0.184645,-0.023291,0.404691,0.893907,0.242238,-0.098342,-0.150844,-0.950485,-0.572519,-0.213714,0.681181,0.403365
-0.184649,-0.023299,0.404665,0.893918,0.242246,-0.098276,-0.15088,-0.950486,-0.572446,-0.213787,0.681234,0.40334
-0.184633,-0.023401,0.404586,0.893955,0.24232,-0.098184,-0.150969,-0.950464,-0.572367,-0.21385,0.681305,0.4033
-0.184549,-0.023523,0.404529,0.893999,0.242351,-0.098073,-0.151055,-0.950456,-0.572317,-0.213901,0.68135,0.403268
-0.18448,-0.023616,0.404533,0.89401,0.242348,-0.097918,-0.151212,-0.950451,-0.572299,-0.213877,0.681376,0.403262
-0.184384,-0.023722,0.404594,0.894002,0.242412,-0.097832,-0.151294,-0.950431,-0.572254,-0.213872,0.681408,0.403277
-0.184291,-0.023845,0.404636,0.894001,0.242501,-0.097686,-0.151368,-0.950415,-0.572191,-0.213878,0.681455,0.403282
-0.184221,-0.02395,0.404697,0.893986,0.242552,-0.097615,-0.151366,-0.950411,-0.572161,-0.213859,0.68146,0.403328
-0.184182,-0.024059,0.404737,0.893976,0.242587,-0.097571,-0.15131,-0.950416,-0.572128,-0.213847,0.681482,0.403341
-0.184176,-0.024166,0.404743,0.893974,0.242598,-0.097585,-0.151307,-0.950413,-0.572084,-0.213863,0.681511,0.403347
-0.184154,-0.024229,0.404706,0.893994,0.242672,-0.097518,-0.151279,-0.950407,-0.572023,-0.213885,0.681542,0.403371
-0.184125,-0.024289,0.404693,0.894006,0.242688,-0.097506,-0.151241,-0.95041,-0.571973,-0.213953,0.681533,0.403421
-0.184173,-0.024344,0.404722,0.893983,0.24271,-0.097456,-0.15126,-0.950408,-0.571929,-0.214013,0.681558,0.40341
-0.184173,-0.024405,0.404703,0.893991,0.242692,-0.097409,-0.151267,-0.950417,-0.571887,-0.214056,0.68158,0.40341
-0.184169,-0.024491,0.40467,0.894006,0.242758,-0.097314,-0.151346,-0.9504,-0.571852,-0.214136,0.681627,0.403337
-0.184187,-0.024588,0.404636,0.894018,0.242793,-0.097222,-0.151401,-0.950393,-0.5718,-0.214185,0.681682,0.403293
-0.184243,-0.024644,0.404584,0.89403,0.242815,-0.097132,-0.151401,-0.950398,-0.571716,-0.214268,0.681754,0.403247
-0.18422,-0.024727,0.404595,0.894029,0.242848,-0.09706,-0.151459,-0.950389,-0.571648,-0.214342,0.681801,0.403224
-0.184224,-0.024796,0.404598,0.894026,0.242914,-0.097015,-0.151502,-0.950371,-0.571612,-0.21439,0.681849,0.403167
-0.18415,-0.024877,0.404668,0.894009,0.242905,-0.097014,-0.151566,-0.950363,-0.571533,-0.214465,0.681925,0.403111
-0.184099,-0.024948,0.404688,0.89401,0.242909,-0.097003,-0.151553,-0.950365,-0.571519,-0.21448,0.681923,0.403128
-0.18408,-0.025001,0.40468,0.894017,0.242895,-0.097015,-0.151578,-0.950364,-0.571471,-0.21449,0.681962,0.403125
-0.184014,-0.024985,0.404693,0.894024,0.242964,-0.097046,-0.151586,-0.950341,-0.571441,-0.214479,0.681973,0.403153
-0.183997,-0.024984,0.404743,0.894004,0.242946,-0.097062,-0.151589,-0.950343,-0.571411,-0.214421,0.682009,0.403166
-0.183999,-0.02502,0.404724,0.894013,0.242958,-0.097101,-0.151569,-0.950339,-0.571363,-0.214424,0.682047,0.403169
-0.184027,-0.024982,0.404673,0.894031,0.242977,-0.097136,-0.151485,-0.950343,-0.571312,-0.214441,0.682088,0.403162
-0.184025,-0.024962,0.404658,0.894038,0.243014,-0.097136,-0.151412,-0.950345,-0.5713,-0.214489,0.682055,0.40321
-0.183996,-0.024939,0.404578,0.894081,0.242985,-0.097108,-0.151361,-0.950364,-0.571283,-0.214562,0.682053,0.4032
-0.184,-0.024975,0.404553,0.894091,0.242909,-0.097054,-0.15131,-0.950399,-0.57127,-0.214615,0.682062,0.403175
-0.183951,-0.024995,0.40454,0.894107,0.2429,-0.097046,-0.151299,-0.950404,-0.571279,-0.214647,0.682046,0.403173
-0.18391,-0.02499,0.404574,0.8941,0.242978,-0.097016,-0.151355,-0.950379,-0.571278,-0.214647,0.682039,0.403185
-0.183875,-0.025023,0.40456,0.894113,0.243029,-0.097005,-0.151423,-0.950356,-0.571357,-0.214583,0.681982,0.403204
-0.183853,-0.025076,0.404543,0.894124,0.243071,-0.096985,-0.151405,-0.950351,-0.571377,-0.21456,0.681947,0.403247
-0.183813,-0.025075,0.404554,0.894128,0.243146,-0.096993,-0.151402,-0.950331,-0.57139,-0.21452,0.681903,0.403325
-0.183847,-0.025084,0.404577,0.89411,0.243255,-0.096938,-0.151365,-0.950317,-0.571398,-0.214496,0.681893,0.403343
-0.183891,-0.025168,0.404588,0.894096,0.243304,-0.096953,-0.151326,-0.950308,-0.571402,-0.214466,0.681883,0.403371
-0.18396,-0.025199,0.404572,0.894089,0.243369,-0.096953,-0.151307,-0.950296,-0.571389,-0.214524,0.681859,0.403398
-0.184041,-0.0252,0.404521,0.894095,0.243398,-0.096945,-0.151343,-0.950283,-0.571367,-0.214588,0.681878,0.403363
-0.184111,-0.025212,0.404467,0.894106,0.243495,-0.096972,-0.151362,-0.950252,-0.571349,-0.214646,0.681886,0.403343
-0.184175,-0.0252,0.404551,0.894054,0.243507,-0.097026,-0.15138,-0.950239,-0.571368,-0.21472,0.681926,0.40321
-0.184302,-0.025194,0.404528,0.894039,0.243523,-0.097019,-0.151398,-0.950234,-0.571369,-0.214752,0.681953,0.403146
-0.184341,-0.025185,0.404532,0.894029,0.243548,-0.097029,-0.151413,-0.950224,-0.571394,-0.214774,0.681953,0.403098
-0.184328,-0.025175,0.404541,0.894028,0.24355,-0.097018,-0.151449,-0.950219,-0.571376,-0.214854,0.681945,0.403096
-0.184306,-0.025159,0.40456,0.894023,0.243527,-0.097081,-0.151479,-0.950212,-0.571385,-0.214811,0.681991,0.403027
-0.18434,-0.02512,0.404528,0.894032,0.243449,-0.097175,-0.151511,-0.950215,-0.571356,-0.214776,0.682047,0.402994
-0.184271,-0.025113,0.404506,0.894057,0.243414,-0.097229,-0.151543,-0.950212,-0.571335,-0.214773,0.682075,0.402975
-0.184244,-0.025081,0.404505,0.894062,0.243375,-0.097325,-0.151532,-0.950212,-0.571313,-0.214741,0.682101,0.402979
-0.184216,-0.025003,0.404517,0.894063,0.243258,-0.097388,-0.15148,-0.950242,-0.571321,-0.214724,0.682114,0.402956
-0.184185,-0.024951,0.404463,0.894094,0.243192,-0.097403,-0.15139,-0.950272,-0.571298,-0.214713,0.682135,0.402959
-0.184115,-0.024876,0.404395,0.89414,0.243162,-0.097393,-0.151339,-0.950288,-0.571264,-0.214699,0.682168,0.402959
-0.184036,-0.024812,0.404308,0.894196,0.24313,-0.097352,-0.151268,-0.950313,-0.571208,-0.214736,0.682211,0.402945
-0.183997,-0.024809,0.404204,0.894252,0.243057,-0.097261,-0.151265,-0.950343,-0.571162,-0.214752,0.682232,0.402967
-0.183942,-0.024828,0.404128,0.894298,0.24295,-0.097183,-0.151261,-0.95038,-0.571105,-0.214749,0.682265,0.402994
-0.18387,-0.02481,0.404074,0.894337,0.24288,-0.097044,-0.151259,-0.950415,-0.571053,-0.214761,0.682298,0.403005
-0.18384,-0.024891,0.404071,0.894344,0.242945,-0.096893,-0.151292,-0.950412,-0.570979,-0.214728,0.682349,0.403042
-0.183767,-0.024953,0.404118,0.894337,0.242966,-0.096741,-0.151312,-0.950422,-0.570918,-0.214728,0.682386,0.403066
-0.183726,-0.025024,0.404138,0.894336,0.242989,-0.096608,-0.151313,-0.950432,-0.570869,-0.214723,0.682398,0.403117
-0.183696,-0.025096,0.404204,0.894311,0.242979,-0.096502,-0.151311,-0.950448,-0.570795,-0.21476,0.682426,0.403155
-0.183654,-0.02523,0.404163,0.894337,0.24302,-0.096469,-0.151307,-0.950442,-0.570728,-0.214808,0.682473,0.403146
-0.183675,-0.025308,0.404149,0.894339,0.243036,-0.096443,-0.151297,-0.950443,-0.570661,-0.214818,0.682553,0.403098
-0.183694,-0.025375,0.40413,0.894344,0.243068,-0.096442,-0.15131,-0.950433,-0.570575,-0.214872,0.682602,0.403111
-0.18372,-0.025423,0.404076,0.894362,0.243098,-0.096461,-0.151353,-0.950416,-0.570486,-0.214972,0.68268,0.403049
-0.183721,-0.025489,0.404037,0.894379,0.243169,-0.096469,-0.15142,-0.950386,-0.570396,-0.215087,0.682756,0.402989
-0.183685,-0.025513,0.40403,0.894389,0.243166,-0.096451,-0.151515,-0.950374,-0.570326,-0.215176,0.682822,0.402927
-0.183667,-0.025635,0.404088,0.894366,0.243149,-0.096356,-0.151703,-0.95036,-0.570278,-0.215236,0.682921,0.402796
-0.183618,-0.025664,0.404096,0.894372,0.243165,-0.096318,-0.151867,-0.950333,-0.570162,-0.215306,0.683045,0.402711
-0.18355,-0.025761,0.404091,0.894387,0.243247,-0.096211,-0.152076,-0.950291,-0.570015,-0.215341,0.683187,0.402662
-0.18344,-0.025895,0.404133,0.894389,0.243295,-0.096174,-0.152309,-0.950245,-0.569957,-0.215399,0.683262,0.402584
-0.183363,-0.026043,0.40417,0.894388,0.24337,-0.096076,-0.152436,-0.950217,-0.569904,-0.215427,0.683368,0.402463
-0.183289,-0.026233,0.404231,0.894373,0.243454,-0.095975,-0.152495,-0.950199,-0.569842,-0.215442,0.68347,0.402369
-0.183246,-0.026377,0.404203,0.894393,0.243548,-0.095802,-0.152548,-0.950187,-0.569808,-0.215487,0.683536,0.402282
-0.183218,-0.0266,0.404199,0.894398,0.243589,-0.095617,-0.152623,-0.950187,-0.569792,-0.215528,0.683598,0.40218
-0.18317,-0.02679,0.404221,0.894397,0.24364,-0.095422,-0.152713,-0.950182,-0.569744,-0.215635,0.683657,0.402086
-0.183109,-0.026984,0.404254,0.894392,0.243653,-0.095215,-0.152811,-0.950188,-0.569692,-0.215774,0.683716,0.401986
-0.183053,-0.027132,0.404292,0.894385,0.243741,-0.094995,-0.15292,-0.950175,-0.569663,-0.215882,0.683707,0.401986
-0.183003,-0.027298,0.404365,0.894361,0.243818,-0.094752,-0.153056,-0.950161,-0.569616,-0.216002,0.683701,0.401998
-0.18296,-0.027456,0.404456,0.894326,0.243961,-0.094605,-0.15321,-0.950117,-0.569593,-0.216078,0.683685,0.402018
-0.18301,-0.027579,0.404511,0.89429,0.244063,-0.094517,-0.153196,-0.950104,-0.569518,-0.216198,0.683682,0.402067
-0.183079,-0.0277,0.404585,0.894241,0.244232,-0.094487,-0.153182,-0.950068,-0.569463,-0.216247,0.683698,0.40209
-0.183162,-0.027759,0.404686,0.894177,0.24436,-0.094583,-0.153021,-0.95005,-0.56944,-0.216297,0.683703,0.402088
-0.183314,-0.027809,0.404772,0.894106,0.244466,-0.094717,-0.152851,-0.950034,-0.569397,-0.216401,0.68368,0.402133
-0.183416,-0.027786,0.404734,0.894104,0.24451,-0.094912,-0.152686,-0.950027,-0.56937,-0.21648,0.683672,0.402143
-0.183488,-0.027745,0.404613,0.894145,0.244591,-0.095028,-0.152684,-0.949993,-0.569365,-0.216547,0.683678,0.402103
-0.18356,-0.027662,0.404533,0.894166,0.244564,-0.095176,-0.152732,-0.949975,-0.569348,-0.216535,0.683702,0.402095
-0.183625,-0.027566,0.404506,0.894167,0.244533,-0.095297,-0.152889,-0.949942,-0.569362,-0.216452,0.68374,0.402054
-0.183639,-0.027451,0.404492,0.894171,0.244477,-0.095413,-0.153102,-0.949907,-0.569374,-0.216373,0.683764,0.402037
-0.183694,-0.027293,0.404509,0.894154,0.244457,-0.095496,-0.153267,-0.949876,-0.569393,-0.216267,0.683783,0.402036
-0.183664,-0.02719,0.404549,0.894144,0.244383,-0.095572,-0.153404,-0.949862,-0.569431,-0.216119,0.683787,0.402054
-0.18362,-0.027143,0.404593,0.894132,0.244246,-0.095632,-0.15338,-0.949894,-0.569456,-0.216002,0.683788,0.402079
-0.183552,-0.027065,0.404604,0.894142,0.244119,-0.095687,-0.153382,-0.949919,-0.569461,-0.215902,0.683782,0.402135
-0.183455,-0.026992,0.404611,0.894159,0.244118,-0.095725,-0.153234,-0.94994,-0.569458,-0.215868,0.683778,0.402162
-0.18335,-0.026936,0.404547,0.89421,0.244082,-0.095736,-0.153152,-0.949961,-0.569458,-0.215867,0.683756,0.402202
-0.183286,-0.026895,0.404492,0.894248,0.243991,-0.095749,-0.153102,-0.94999,-0.569456,-0.215843,0.683745,0.402236
-0.183258,-0.02684,0.40443,0.894283,0.243954,-0.095784,-0.153031,-0.950007,-0.56947,-0.215806,0.683722,0.402276
-0.183199,-0.026818,0.404345,0.894334,0.243991,-0.095784,-0.152984,-0.950005,-0.56949,-0.215795,0.683671,0.40234
-0.183183,-0.026817,0.404359,0.89433,0.243956,-0.095797,-0.152947,-0.950019,-0.569501,-0.215799,0.683654,0.402351
-0.183204,-0.026809,0.404404,0.894306,0.243958,-0.095771,-0.152863,-0.950036,-0.569545,-0.215878,0.683589,0.402358
-0.183276,-0.026792,0.404406,0.894291,0.243971,-0.095665,-0.152767,-0.950061,-0.569521,-0.215948,0.683561,0.402402
-0.183342,-0.026809,0.404396,0.894282,0.244049,-0.095563,-0.152736,-0.950058,-0.569525,-0.216028,0.683494,0.402468
-0.183379,-0.026836,0.404343,0.894298,0.244057,-0.095478,-0.152722,-0.950069,-0.569538,-0.21607,0.68342,0.402555
-0.183421,-0.026884,0.404344,0.894289,0.244093,-0.095429,-0.152719,-0.950066,-0.569566,-0.216057,0.683351,0.40264
-0.18345,-0.026926,0.404378,0.894266,0.244161,-0.095404,-0.152681,-0.950058,-0.569596,-0.216008,0.683285,0.402735
-0.183451,-0.026957,0.404391,0.894261,0.244258,-0.095451,-0.152622,-0.950037,-0.569634,-0.21598,0.683222,0.402802
-0.183532,-0.026944,0.404338,0.894268,0.244282,-0.095499,-0.152561,-0.950035,-0.569671,-0.215927,0.683163,0.40288
-0.183585,-0.026968,0.404293,0.894277,0.244267,-0.095603,-0.152487,-0.950038,-0.56974,-0.215863,0.683086,0.402945
-0.183616,-0.026901,0.404243,0.894295,0.24421,-0.095744,-0.15243,-0.950046,-0.569764,-0.215832,0.683055,0.402981
-0.18364,-0.026792,0.404147,0.894334,0.244277,-0.095917,-0.152404,-0.950012,-0.569801,-0.215823,0.683051,0.402941
-0.183652,-0.026688,0.404166,0.894325,0.244248,-0.096115,-0.152443,-0.949989,-0.569892,-0.215821,0.68298,0.402932
-0.183651,-0.026642,0.404171,0.894323,0.244212,-0.09629,-0.152414,-0.949982,-0.569927,-0.215819,0.682977,0.40289
-0.183632,-0.026552,0.404146,0.894339,0.24418,-0.096392,-0.15245,-0.949971,-0.569966,-0.215757,0.682958,0.402901
-0.183651,-0.026439,0.40408,0.894366,0.244123,-0.096476,-0.152453,-0.949975,-0.569974,-0.21571,0.682981,0.402873
-0.183603,-0.026367,0.403961,0.894431,0.244127,-0.096474,-0.152488,-0.949969,-0.569951,-0.215697,0.683028,0.402834
-0.183555,-0.026351,0.403901,0.894468,0.244128,-0.096464,-0.152468,-0.949973,-0.569942,-0.215607,0.683055,0.402846
-0.183466,-0.026337,0.403844,0.894512,0.244131,-0.096436,-0.152464,-0.949976,-0.569881,-0.2156,0.683144,0.402786
-0.18343,-0.026378,0.40379,0.894544,0.244146,-0.096359,-0.152569,-0.949964,-0.569809,-0.215575,0.68322,0.402775
-0.183378,-0.026429,0.403708,0.894591,0.244079,-0.096247,-0.152606,-0.94999,-0.569717,-0.215641,0.683321,0.402698
-0.183336,-0.026503,0.403636,0.894632,0.244024,-0.096114,-0.152734,-0.949998,-0.569637,-0.215705,0.683429,0.402592
-0.183242,-0.026548,0.403594,0.89467,0.244036,-0.095988,-0.152852,-0.949991,-0.569527,-0.215768,0.683536,0.402533
-0.183172,-0.026672,0.403621,0.89467,0.244018,-0.095847,-0.152986,-0.94999,-0.569426,-0.215857,0.683652,0.40243
-0.183065,-0.026746,0.403674,0.894667,0.243991,-0.095706,-0.153058,-0.950003,-0.56929,-0.215986,0.683811,0.402284
-0.183,-0.026874,0.403658,0.894686,0.243935,-0.095526,-0.15306,-0.950038,-0.569168,-0.216096,0.683922,0.402211
-0.182915,-0.026967,0.403649,0.894707,0.243906,-0.095369,-0.153046,-0.950067,-0.569069,-0.216202,0.684021,0.402124
-0.182808,-0.027017,0.403624,0.894739,0.243907,-0.09515,-0.152957,-0.950108,-0.56899,-0.216262,0.684111,0.40205
-0.182731,-0.027116,0.403653,0.894741,0.243841,-0.09496,-0.152869,-0.950162,-0.568904,-0.216312,0.684164,0.402054
-0.18265,-0.027196,0.403618,0.894773,0.243833,-0.094774,-0.152869,-0.950186,-0.568819,-0.21634,0.684209,0.402084
-0.182552,-0.027277,0.403598,0.894801,0.243765,-0.094644,-0.152919,-0.95021,-0.568754,-0.216354,0.684219,0.402151
-0.182462,-0.027351,0.40366,0.89479,0.243807,-0.094515,-0.152968,-0.950207,-0.568752,-0.216297,0.684203,0.402211
-0.18241,-0.027422,0.403706,0.894779,0.24378,-0.094459,-0.153011,-0.950213,-0.568745,-0.216265,0.684178,0.402283
-0.182407,-0.027499,0.403749,0.89476,0.243778,-0.094441,-0.153031,-0.950213,-0.568705,-0.216284,0.684156,0.402367
-0.182391,-0.02753,0.403799,0.894739,0.243786,-0.094545,-0.152906,-0.950219,-0.56873,-0.21631,0.684065,0.402473
-0.18243,-0.02751,0.403857,0.894705,0.243839,-0.094673,-0.15275,-0.950216,-0.56878,-0.216328,0.683955,0.402582
-0.182476,-0.027415,0.403856,0.894697,0.243893,-0.094822,-0.15261,-0.950208,-0.56885,-0.216261,0.683904,0.402603
-0.182534,-0.027298,0.403863,0.894684,0.243906,-0.094958,-0.152492,-0.950206,-0.568878,-0.216294,0.68383,0.402672
-0.182641,-0.027224,0.403802,0.894691,0.243938,-0.095088,-0.15235,-0.950206,-0.56889,-0.216362,0.683798,0.402674
-0.18275,-0.027087,0.403745,0.894695,0.243997,-0.095183,-0.152262,-0.950194,-0.568938,-0.21635,0.683753,0.40269
-0.182826,-0.027031,0.403685,0.894708,0.244007,-0.095263,-0.152257,-0.950184,-0.568965,-0.216367,0.683693,0.402743
-0.182948,-0.027042,0.403678,0.894686,0.244022,-0.095299,-0.152338,-0.950161,-0.569042,-0.21641,0.683627,0.402725
-0.183025,-0.027033,0.403769,0.894629,0.244091,-0.095322,-0.152511,-0.950113,-0.569112,-0.216427,0.683565,0.402721
-0.183132,-0.027053,0.403929,0.894535,0.244181,-0.095309,-0.152695,-0.950062,-0.569206,-0.216431,0.683492,0.402712
-0.183201,-0.02709,0.404062,0.89446,0.244201,-0.095343,-0.152815,-0.950033,-0.569317,-0.216394,0.683403,0.402724
-0.183347,-0.027086,0.404169,0.894382,0.244309,-0.095313,-0.152835,-0.950006,-0.569401,-0.21635,0.683351,0.402717
-0.183454,-0.027106,0.404201,0.894345,0.244452,-0.095295,-0.152854,-0.949968,-0.569456,-0.216292,0.683343,0.402682
-0.183503,-0.027122,0.404303,0.894288,0.244634,-0.095167,-0.152836,-0.949941,-0.569534,-0.216234,0.683341,0.402606
-0.18358,-0.027141,0.404335,0.894258,0.244756,-0.095125,-0.152838,-0.949914,-0.569597,-0.216226,0.68334,0.402523
-0.183692,-0.027189,0.404385,0.894212,0.244847,-0.095174,-0.152873,-0.94988,-0.569683,-0.216257,0.683345,0.402374
-0.18383,-0.027185,0.40434,0.894204,0.244917,-0.095193,-0.152876,-0.949859,-0.569711,-0.216311,0.683375,0.402254
-0.183946,-0.027273,0.404377,0.894163,0.245009,-0.095192,-0.152884,-0.949833,-0.569785,-0.216408,0.683335,0.402166
-0.184027,-0.027339,0.40438,0.894145,0.24505,-0.095181,-0.152884,-0.949825,-0.569876,-0.216542,0.683278,0.402063
-0.184096,-0.027398,0.404396,0.894122,0.245058,-0.095124,-0.152919,-0.949824,-0.56994,-0.21657,0.683246,0.402009
-0.184103,-0.027392,0.404441,0.8941,0.245083,-0.095067,-0.15296,-0.949818,-0.569999,-0.216663,0.683168,0.40201
-0.184075,-0.027422,0.404432,0.89411,0.245121,-0.095024,-0.153019,-0.949804,-0.570094,-0.216652,0.683073,0.40204
-0.18407,-0.027449,0.404432,0.894111,0.245152,-0.094982,-0.153016,-0.949801,-0.570223,-0.216546,0.682951,0.402122
-0.184095,-0.02745,0.404444,0.894101,0.245157,-0.094992,-0.153041,-0.949794,-0.570351,-0.21649,0.682837,0.402165
-0.184129,-0.02743,0.40453,0.894054,0.245176,-0.095144,-0.153013,-0.949776,-0.570456,-0.216453,0.682719,0.402233
-0.184209,-0.027373,0.404617,0.893999,0.245226,-0.095236,-0.152978,-0.949758,-0.570555,-0.216372,0.682625,0.402296
-0.184346,-0.027303,0.404668,0.893948,0.245245,-0.095404,-0.152871,-0.94975,-0.570646,-0.216288,0.682527,0.402381
-0.184465,-0.027183,0.404721,0.893901,0.245208,-0.09555,-0.15281,-0.949752,-0.57077,-0.216221,0.682406,0.402447
-0.184603,-0.027003,0.404754,0.89386,0.245243,-0.095722,-0.152679,-0.949745,-0.570847,-0.216188,0.682348,0.402451
-0.184745,-0.026816,0.40479,0.893815,0.245285,-0.095912,-0.152499,-0.94974,-0.570957,-0.216101,0.68227,0.402475
-0.184888,-0.026611,0.404767,0.893799,0.245243,-0.096135,-0.152383,-0.949742,-0.571083,-0.215982,0.682181,0.402509
-0.185026,-0.026357,0.404734,0.893787,0.245158,-0.096404,-0.152255,-0.949752,-0.571184,-0.215863,0.682106,0.402557
-0.185112,-0.026123,0.404732,0.893773,0.245093,-0.096672,-0.152192,-0.949747,-0.571277,-0.21575,0.682026,0.40262
-0.185168,-0.025853,0.404721,0.893769,0.245024,-0.096897,-0.152186,-0.949738,-0.571435,-0.215605,0.681928,0.40264
-0.185203,-0.025608,0.404751,0.893749,0.244947,-0.097192,-0.152217,-0.949716,-0.571523,-0.215498,0.681816,0.402761
-0.185236,-0.025345,0.404778,0.893732,0.24481,-0.097447,-0.152233,-0.949718,-0.571626,-0.215346,0.68171,0.402875
-0.185239,-0.025108,0.404814,0.893717,0.244749,-0.097669,-0.152248,-0.949704,-0.57173,-0.215141,0.681619,0.402993
-0.185318,-0.024887,0.404876,0.893674,0.244709,-0.097898,-0.15215,-0.949702,-0.571831,-0.214954,0.681517,0.403121
-0.185325,-0.024663,0.404854,0.893684,0.244647,-0.098071,-0.152068,-0.94971,-0.571942,-0.214792,0.681412,0.403226
-0.185377,-0.02448,0.404791,0.893703,0.244595,-0.098176,-0.152021,-0.949718,-0.572017,-0.214673,0.681351,0.403285
-0.185363,-0.024309,0.404786,0.893709,0.244557,-0.098262,-0.152009,-0.949719,-0.57211,-0.21455,0.681278,0.403343
-0.185397,-0.024141,0.404761,0.893715,0.244625,-0.098369,-0.152064,-0.949679,-0.572179,-0.214461,0.681242,0.40335
-0.185465,-0.024008,0.404734,0.893715,0.244688,-0.098447,-0.152107,-0.949647,-0.572205,-0.214435,0.681254,0.403309
-0.185607,-0.023937,0.404754,0.893676,0.24474,-0.098522,-0.152135,-0.94962,-0.572233,-0.214402,0.681244,0.403304
-0.185686,-0.023932,0.404767,0.893654,0.244743,-0.098581,-0.15211,-0.949616,-0.572243,-0.214458,0.681253,0.403244
-0.18575,-0.023925,0.40478,0.893635,0.244862,-0.098589,-0.152118,-0.949584,-0.572245,-0.214511,0.681283,0.403161
-0.185817,-0.023932,0.404755,0.893632,0.24495,-0.09855,-0.152106,-0.949568,-0.57225,-0.214544,0.681314,0.403084
-0.185869,-0.023958,0.404705,0.893645,0.245007,-0.098485,-0.152083,-0.949565,-0.572235,-0.214597,0.681359,0.403001
-0.185868,-0.024033,0.404669,0.89366,0.245073,-0.098397,-0.152103,-0.949556,-0.572218,-0.214659,0.681431,0.402869
-0.185871,-0.024097,0.404637,0.893674,0.24521,-0.098276,-0.152141,-0.94953,-0.572193,-0.214669,0.681486,0.402805
-0.185914,-0.024186,0.404659,0.893655,0.245293,-0.098161,-0.152296,-0.949498,-0.572165,-0.214719,0.681543,0.402724
-0.18588,-0.024334,0.404649,0.893665,0.245383,-0.098058,-0.152465,-0.949459,-0.572143,-0.214722,0.681571,0.402706
-0.185864,-0.024478,0.404668,0.893659,0.245435,-0.097956,-0.152621,-0.949433,-0.572091,-0.214762,0.681633,0.402654
-0.185815,-0.024592,0.404718,0.893646,0.245464,-0.097835,-0.152711,-0.949426,-0.572065,-0.214833,0.681666,0.402596
-0.185786,-0.024715,0.404779,0.893623,0.245486,-0.097785,-0.152795,-0.949412,-0.572047,-0.214911,0.681718,0.402493
-0.185761,-0.024841,0.404897,0.893574,0.245502,-0.09775,-0.152854,-0.949403,-0.572054,-0.214943,0.681742,0.402425
-0.185701,-0.024903,0.404917,0.893576,0.24549,-0.097808,-0.152833,-0.949402,-0.572038,-0.21498,0.681755,0.402407
-0.185673,-0.024951,0.404917,0.893581,0.245515,-0.097872,-0.152777,-0.949397,-0.571992,-0.214999,0.68178,0.402417
-0.185693,-0.024954,0.40495,0.893562,0.245511,-0.097951,-0.152643,-0.94941,-0.571935,-0.214967,0.681803,0.402478
-0.185749,-0.024894,0.404916,0.893567,0.245465,-0.098047,-0.15259,-0.949419,-0.571911,-0.214957,0.681814,0.402498
-0.185761,-0.024826,0.404868,0.893586,0.245425,-0.098109,-0.15255,-0.949428,-0.571899,-0.214929,0.681804,0.402548
-0.185797,-0.024741,0.404833,0.893596,0.245441,-0.098173,-0.152515,-0.949421,-0.571901,-0.214898,0.681787,0.40259
-0.185783,-0.024703,0.404843,0.893594,0.245362,-0.098253,-0.152562,-0.949424,-0.571913,-0.214853,0.681748,0.402665
-0.185787,-0.02467,0.404796,0.893615,0.245278,-0.098292,-0.152589,-0.949437,-0.57191,-0.214784,0.681755,0.402694
-0.1858,-0.024549,0.404795,0.893613,0.245193,-0.098362,-0.152635,-0.949443,-0.571885,-0.21477,0.681725,0.402787
-0.185737,-0.024504,0.404759,0.893643,0.245213,-0.098356,-0.152622,-0.94944,-0.571882,-0.214716,0.681722,0.402824
-0.185675,-0.02446,0.404797,0.893639,0.245146,-0.098401,-0.152568,-0.94946,-0.57189,-0.214692,0.681699,0.402868
-0.185633,-0.024428,0.404792,0.89365,0.245081,-0.098428,-0.152533,-0.949479,-0.571889,-0.214661,0.681701,0.402882
-0.185579,-0.024399,0.404748,0.893682,0.244999,-0.098483,-0.152432,-0.94951,-0.571871,-0.214621,0.681722,0.402891
-0.185435,-0.024333,0.404715,0.893727,0.245004,-0.098533,-0.152424,-0.949504,-0.571849,-0.214575,0.68172,0.402951
-0.185381,-0.02433,0.404653,0.893767,0.244987,-0.098532,-0.152361,-0.949519,-0.571853,-0.214528,0.681715,0.40298
-0.185326,-0.024361,0.40459,0.893806,0.245012,-0.098459,-0.152348,-0.949523,-0.571856,-0.214523,0.681698,0.403007
-0.18534,-0.024327,0.404559,0.893818,0.24503,-0.098445,-0.152361,-0.949519,-0.571796,-0.214511,0.68173,0.403045
-0.185296,-0.024339,0.404577,0.893818,0.245082,-0.098389,-0.152385,-0.949508,-0.571772,-0.214541,0.68175,0.403028
-0.185262,-0.024415,0.40456,0.893833,0.245073,-0.098321,-0.152441,-0.94951,-0.571749,-0.214591,0.681778,0.402987
-0.185285,-0.024492,0.404599,0.893809,0.245125,-0.098319,-0.152489,-0.949489,-0.57171,-0.214599,0.681864,0.402893
-0.18527,-0.024589,0.404556,0.893832,0.245165,-0.098262,-0.152526,-0.94948,-0.571693,-0.214603,0.681931,0.4028
-0.185295,-0.024631,0.404585,0.893813,0.245288,-0.098238,-0.152487,-0.949457,-0.571676,-0.214615,0.681977,0.402739
-0.185255,-0.024673,0.404495,0.893862,0.2453,-0.098276,-0.152465,-0.949454,-0.571651,-0.214658,0.682011,0.402694
-0.185238,-0.024785,0.404462,0.89388,0.245316,-0.098336,-0.152424,-0.949449,-0.57163,-0.214711,0.682023,0.402677
-0.185244,-0.024811,0.404458,0.89388,0.245315,-0.098379,-0.152441,-0.949441,-0.571594,-0.21474,0.682061,0.402647
-0.185255,-0.024776,0.404471,0.893872,0.245389,-0.098387,-0.152431,-0.949423,-0.571611,-0.214691,0.682074,0.402627
-0.185265,-0.024787,0.404471,0.893871,0.245376,-0.098443,-0.152422,-0.94942,-0.571588,-0.214651,0.682092,0.402649
-0.185326,-0.024791,0.404445,0.893869,0.245356,-0.098547,-0.152406,-0.949415,-0.571563,-0.214627,0.682124,0.402645
-0.185356,-0.024741,0.404417,0.893876,0.245371,-0.098665,-0.152345,-0.949407,-0.571523,-0.214621,0.682139,0.402679
-0.185377,-0.024669,0.404286,0.893932,0.245425,-0.098789,-0.152272,-0.94939,-0.571492,-0.214598,0.682161,0.402697
-0.185412,-0.024589,0.40418,0.893974,0.245401,-0.098914,-0.152117,-0.949406,-0.571474,-0.214525,0.682167,0.402753
-0.185462,-0.024489,0.404018,0.894037,0.245383,-0.098959,-0.152008,-0.949423,-0.571451,-0.214515,0.682189,0.402754
-0.185467,-0.024398,0.403864,0.894108,0.245298,-0.099065,-0.151967,-0.949438,-0.571431,-0.214479,0.682196,0.402789
-0.185414,-0.024338,0.403783,0.894156,0.245212,-0.099096,-0.15186,-0.949474,-0.571397,-0.214465,0.682212,0.40282
-0.185372,-0.02426,0.403728,0.89419,0.245071,-0.099159,-0.151817,-0.949508,-0.571391,-0.214449,0.682167,0.40291
-0.185299,-0.024189,0.403619,0.894255,0.244961,-0.099152,-0.151859,-0.94953,-0.57139,-0.214365,0.682142,0.403
-0.185262,-0.024116,0.403569,0.894286,0.244906,-0.099162,-0.151891,-0.949539,-0.571408,-0.2143,0.682097,0.403086
-0.185183,-0.024094,0.403514,0.894326,0.244926,-0.099164,-0.151875,-0.949535,-0.57142,-0.214197,0.682041,0.403219
-0.185104,-0.024033,0.403477,0.89436,0.244869,-0.099125,-0.151798,-0.949568,-0.57143,-0.214054,0.681995,0.403357
-0.185069,-0.024011,0.403369,0.894417,0.244844,-0.099155,-0.151744,-0.949578,-0.57141,-0.213973,0.681981,0.403453
-0.185078,-0.024006,0.403346,0.894425,0.244888,-0.099183,-0.151574,-0.949591,-0.571393,-0.213925,0.681979,0.403505
-0.185116,-0.024031,0.403307,0.894436,0.244996,-0.099182,-0.151528,-0.949572,-0.57135,-0.213972,0.681987,0.403528
-0.18515,-0.024042,0.403248,0.894455,0.245044,-0.099178,-0.151576,-0.949552,-0.571303,-0.21405,0.68201,0.403517
-0.185235,-0.02406,0.403246,0.894438,0.245089,-0.099156,-0.151624,-0.949536,-0.571258,-0.214129,0.682059,0.403456
-0.185251,-0.024095,0.40325,0.894432,0.245144,-0.099183,-0.151716,-0.949504,-0.571276,-0.214145,0.682071,0.403402
-0.185249,-0.024153,0.40329,0.894414,0.245286,-0.099213,-0.151808,-0.949449,-0.571308,-0.214214,0.682083,0.403298
-0.185262,-0.024181,0.403316,0.8944,0.245368,-0.099211,-0.151884,-0.949415,-0.571295,-0.214269,0.68211,0.403241
-0.185281,-0.02423,0.403336,0.894387,0.245389,-0.099203,-0.151878,-0.949412,-0.571295,-0.214327,0.682129,0.403178
-0.185227,-0.02426,0.403248,0.894437,0.245424,-0.099209,-0.151825,-0.949411,-0.571272,-0.214356,0.682155,0.403152
-0.185221,-0.024278,0.403158,0.894479,0.245445,-0.099172,-0.151837,-0.949408,-0.571256,-0.214316,0.682219,0.403086
-0.185135,-0.024343,0.403122,0.894513,0.245453,-0.099119,-0.151809,-0.949417,-0.571222,-0.214396,0.682248,0.403042
-0.185071,-0.024442,0.403182,0.894499,0.245449,-0.099089,-0.151831,-0.949419,-0.571198,-0.214388,0.682281,0.403024
-0.185016,-0.024506,0.403178,0.894511,0.245424,-0.099071,-0.151902,-0.949415,-0.571177,-0.214432,0.68228,0.403033
-0.185049,-0.024585,0.403253,0.894469,0.245462,-0.099091,-0.152019,-0.949384,-0.571165,-0.214488,0.682269,0.40304
-0.185034,-0.024655,0.403328,0.894439,0.245447,-0.099029,-0.152081,-0.949386,-0.571126,-0.214499,0.682286,0.40306
-0.185071,-0.02472,0.403367,0.894413,0.245474,-0.098967,-0.15213,-0.949378,-0.571114,-0.21456,0.68227,0.403073
-0.185105,-0.02478,0.40341,0.894385,0.245486,-0.09891,-0.152078,-0.949391,-0.571083,-0.21467,0.68227,0.403059
-0.185117,-0.024852,0.403473,0.894354,0.24556,-0.098858,-0.152013,-0.949389,-0.571002,-0.214752,0.682333,0.403023
-0.185173,-0.024894,0.40347,0.894343,0.245603,-0.098787,-0.151979,-0.949392,-0.570973,-0.214825,0.682344,0.403007
-0.185208,-0.024991,0.4035,0.894322,0.245691,-0.098702,-0.151974,-0.949381,-0.570943,-0.214887,0.682376,0.402962
-0.185199,-0.025073,0.403491,0.894328,0.245745,-0.098594,-0.152089,-0.949362,-0.570907,-0.214928,0.682403,0.402945
-0.185213,-0.025145,0.403477,0.894331,0.245875,-0.098446,-0.152184,-0.949331,-0.570848,-0.214987,0.68247,0.402884
-0.185164,-0.025228,0.403575,0.894296,0.245909,-0.098314,-0.152261,-0.949326,-0.570767,-0.21505,0.682558,0.402816
-0.185172,-0.025345,0.403622,0.894272,0.245943,-0.09822,-0.152314,-0.94932,-0.570723,-0.215072,0.682647,0.402716
-0.185124,-0.025439,0.403738,0.894228,0.245947,-0.098149,-0.152364,-0.94932,-0.570663,-0.215083,0.682735,0.402645
-0.185062,-0.025518,0.40377,0.894226,0.245953,-0.098061,-0.152399,-0.949324,-0.570669,-0.215093,0.682772,0.402569
-0.185028,-0.025557,0.40372,0.894255,0.24594,-0.098053,-0.152439,-0.949322,-0.570643,-0.215082,0.682806,0.402551
-0.184999,-0.025552,0.403671,0.894283,0.245938,-0.098044,-0.152446,-0.949322,-0.570609,-0.215074,0.682874,0.402489
-0.184879,-0.025605,0.403617,0.894332,0.245909,-0.098034,-0.152459,-0.949329,-0.570561,-0.215086,0.682918,0.402477
-0.184895,-0.025606,0.403592,0.89434,0.245951,-0.098091,-0.152467,-0.949309,-0.570495,-0.215087,0.682969,0.402485
-0.18482,-0.025652,0.40365,0.894329,0.24592,-0.098107,-0.152488,-0.949312,-0.57048,-0.215024,0.682991,0.402502
-0.18475,-0.025695,0.403629,0.894352,0.245857,-0.098167,-0.152525,-0.949315,-0.570478,-0.215007,0.682995,0.402505
-0.184666,-0.025664,0.403554,0.894404,0.245799,-0.098147,-0.152527,-0.949331,-0.570471,-0.215022,0.68297,0.40255
-0.184607,-0.025705,0.403507,0.894436,0.245771,-0.098136,-0.152556,-0.949335,-0.570441,-0.21507,0.682984,0.402544
-0.184563,-0.025777,0.403517,0.894441,0.245726,-0.098093,-0.152579,-0.949348,-0.570448,-0.215088,0.682964,0.402559
-0.18453,-0.025814,0.403497,0.894457,0.24575,-0.098052,-0.152533,-0.949355,-0.570416,-0.215121,0.682979,0.402561
-0.184534,-0.025855,0.403537,0.894437,0.245757,-0.097996,-0.152511,-0.949364,-0.570416,-0.215171,0.682956,0.402574
-0.184569,-0.025884,0.403501,0.894446,0.245852,-0.097882,-0.15254,-0.949349,-0.570401,-0.215208,0.682948,0.40259
-0.184572,-0.025929,0.403565,0.894416,0.245855,-0.097767,-0.152572,-0.949357,-0.570381,-0.215267,0.682953,0.402579
-0.184641,-0.025983,0.403631,0.894372,0.245879,-0.097697,-0.152657,-0.949345,-0.570387,-0.215271,0.68295,0.402573
-0.184688,-0.025994,0.403673,0.894343,0.245927,-0.097647,-0.152653,-0.949339,-0.57039,-0.21535,0.682944,0.402537
-0.184684,-0.026055,0.403646,0.894355,0.246051,-0.097621,-0.152681,-0.949307,-0.570368,-0.215432,0.682936,0.402536
-0.184683,-0.02612,0.403616,0.894368,0.246117,-0.097589,-0.152666,-0.949295,-0.570394,-0.215496,0.682917,0.402498
-0.184728,-0.026204,0.403608,0.894362,0.246162,-0.097626,-0.152599,-0.949291,-0.570405,-0.215555,0.682902,0.402479
-0.184742,-0.026213,0.403615,0.894357,0.246153,-0.097685,-0.152614,-0.949283,-0.570425,-0.215552,0.682898,0.402458
-0.184714,-0.026222,0.403588,0.894374,0.246205,-0.097713,-0.152621,-0.949266,-0.57048,-0.215555,0.682858,0.402444
-0.1847,-0.026286,0.40363,0.894357,0.246244,-0.097778,-0.152652,-0.949243,-0.570506,-0.21553,0.682832,0.402466
-0.18469,-0.026284,0.403566,0.894388,0.24629,-0.097859,-0.152703,-0.949213,-0.570513,-0.21547,0.682839,0.402475
-0.184693,-0.026275,0.403549,0.894395,0.246308,-0.097954,-0.152756,-0.949187,-0.5705,-0.215467,0.682834,0.402505
-0.184726,-0.026236,0.403543,0.894392,0.246376,-0.097986,-0.152764,-0.949165,-0.57053,-0.215439,0.682781,0.402565
-0.184727,-0.026242,0.403593,0.894369,0.246415,-0.098063,-0.1528,-0.949139,-0.570552,-0.215412,0.682788,0.402537
-0.184748,-0.026263,0.403629,0.894348,0.246395,-0.098084,-0.152798,-0.949142,-0.570545,-0.215395,0.682769,0.402589
-0.184749,-0.026258,0.403612,0.894356,0.246394,-0.098143,-0.1528,-0.949135,-0.570564,-0.215419,0.682754,0.402576
-0.18479,-0.026298,0.403583,0.89436,0.246435,-0.098118,-0.152762,-0.949133,-0.57056,-0.215462,0.682734,0.402593
-0.184837,-0.026287,0.40353,0.894375,0.246476,-0.098099,-0.152734,-0.94913,-0.570554,-0.215514,0.682727,0.402587
-0.184863,-0.026299,0.403518,0.894375,0.246478,-0.098052,-0.152675,-0.949145,-0.570577,-0.215521,0.6827,0.402595
-0.184893,-0.026309,0.403388,0.894427,0.246545,-0.097972,-0.152585,-0.949152,-0.570581,-0.215588,0.682672,0.402599
-0.184948,-0.026345,0.403335,0.89444,0.246649,-0.097873,-0.152587,-0.949137,-0.570586,-0.215649,0.682645,0.402607
-0.18497,-0.026389,0.403376,0.894417,0.246663,-0.097798,-0.152668,-0.94913,-0.57057,-0.215684,0.682615,0.402663
-0.185002,-0.026394,0.403385,0.894405,0.246704,-0.097745,-0.152784,-0.949106,-0.570566,-0.215694,0.682598,0.402691
-0.185025,-0.026483,0.403465,0.894365,0.246752,-0.097739,-0.152832,-0.949088,-0.570567,-0.215711,0.682584,0.402705
-0.185064,-0.026477,0.403493,0.894344,0.246837,-0.097753,-0.152808,-0.949068,-0.570514,-0.215674,0.682614,0.402749
-0.185079,-0.026446,0.403472,0.89435,0.24677,-0.097804,-0.152772,-0.949085,-0.570468,-0.215691,0.68262,0.402795
-0.185091,-0.026469,0.403446,0.89436,0.246733,-0.097868,-0.152698,-0.949099,-0.57047,-0.215662,0.682618,0.402812
-0.185126,-0.026468,0.403421,0.894363,0.246731,-0.097845,-0.152631,-0.949113,-0.570442,-0.215661,0.682648,0.4028
-0.185073,-0.026465,0.403355,0.894404,0.24674,-0.097832,-0.152543,-0.949127,-0.570453,-0.215642,0.682666,0.402763
-0.185011,-0.026495,0.403251,0.894463,0.246734,-0.09782,-0.152537,-0.94913,-0.570442,-0.215605,0.68269,0.40276
-0.184995,-0.026523,0.403172,0.894503,0.246718,-0.097783,-0.152633,-0.949123,-0.570465,-0.215615,0.682676,0.402744
-0.184974,-0.026531,0.403113,0.894533,0.246687,-0.097706,-0.1527,-0.94913,-0.570481,-0.215591,0.682664,0.402755
-0.184905,-0.02658,0.403099,0.894554,0.246725,-0.097588,-0.152795,-0.949119,-0.570523,-0.215525,0.68264,0.402773
-0.184821,-0.026607,0.403103,0.894568,0.246697,-0.09757,-0.152861,-0.949118,-0.570502,-0.215473,0.682654,0.402806
-0.184823,-0.026678,0.403137,0.894553,0.246708,-0.097629,-0.152848,-0.94911,-0.570514,-0.215475,0.682608,0.402864
-0.184804,-0.02672,0.403127,0.894561,0.246673,-0.097632,-0.152755,-0.949133,-0.570507,-0.215479,0.682604,0.402881
-0.184758,-0.026774,0.403099,0.894583,0.246704,-0.097677,-0.152665,-0.949135,-0.57053,-0.215487,0.682589,0.402868
-0.18478,-0.026817,0.403094,0.89458,0.246671,-0.097721,-0.152526,-0.949161,-0.570532,-0.215505,0.682583,0.402866
-0.184752,-0.026863,0.402976,0.894638,0.246691,-0.097791,-0.152403,-0.949167,-0.570501,-0.215556,0.682585,0.40288
-0.184784,-0.026854,0.402899,0.894666,0.246688,-0.097779,-0.152392,-0.949171,-0.570467,-0.21565,0.682566,0.402912
-0.184763,-0.026875,0.402902,0.89467,0.246739,-0.097691,-0.152448,-0.94916,-0.570438,-0.215677,0.682581,0.402913
-0.184809,-0.0269,0.402876,0.894672,0.246752,-0.09757,-0.152449,-0.949171,-0.570417,-0.215707,0.682578,0.402929
-0.184821,-0.027002,0.402838,0.894685,0.246754,-0.09746,-0.152483,-0.949178,-0.570417,-0.21574,0.682569,0.402931
-0.184795,-0.027083,0.402866,0.894678,0.24675,-0.097306,-0.152569,-0.949185,-0.570462,-0.215794,0.682555,0.402861
-0.184754,-0.027202,0.402954,0.894645,0.246883,-0.097141,-0.152758,-0.949139,-0.570489,-0.215836,0.682553,0.402801
-0.184709,-0.027304,0.403077,0.894597,0.246879,-0.096963,-0.152922,-0.949135,-0.570516,-0.215877,0.682542,0.40276
-0.184688,-0.027447,0.403166,0.89456,0.246895,-0.096867,-0.153011,-0.949128,-0.570535,-0.215882,0.682498,0.402805
-0.184659,-0.027548,0.403256,0.894524,0.246902,-0.096872,-0.153128,-0.949106,-0.570571,-0.215881,0.68249,0.402769
-0.184665,-0.0276,0.403332,0.894488,0.247008,-0.096874,-0.153146,-0.949076,-0.570627,-0.215872,0.682459,0.402747
-0.184726,-0.027607,0.403424,0.894433,0.247076,-0.09694,-0.153027,-0.949069,-0.570691,-0.215895,0.68243,0.402693
-0.184823,-0.027625,0.403466,0.894395,0.247147,-0.097004,-0.152905,-0.949064,-0.570706,-0.2159,0.682436,0.402657
-0.184857,-0.027593,0.403489,0.894377,0.247168,-0.097084,-0.15282,-0.949063,-0.570769,-0.215942,0.682378,0.402643
-0.184939,-0.027541,0.40349,0.89436,0.24723,-0.097161,-0.152742,-0.94905,-0.570815,-0.215992,0.682383,0.402544
-0.185047,-0.027553,0.403539,0.894315,0.247272,-0.097207,-0.152775,-0.949028,-0.570864,-0.216081,0.682331,0.402514
-0.185135,-0.027566,0.403596,0.894272,0.247301,-0.097257,-0.152883,-0.948997,-0.570903,-0.216162,0.682297,0.402473
-0.185219,-0.027604,0.403685,0.894213,0.247364,-0.097297,-0.153062,-0.948946,-0.571004,-0.216235,0.6822,0.402455
-0.185277,-0.027582,0.403853,0.894126,0.247419,-0.097325,-0.153221,-0.948903,-0.571075,-0.216232,0.682138,0.402461
-0.185338,-0.027582,0.404063,0.894017,0.24745,-0.097396,-0.15329,-0.948875,-0.571159,-0.21623,0.68203,0.402526
-0.185449,-0.02762,0.404223,0.893922,0.247486,-0.097445,-0.153253,-0.948865,-0.57122,-0.216186,0.681942,0.402611
-0.185607,-0.027602,0.404354,0.893829,0.247562,-0.097499,-0.153141,-0.948858,-0.571304,-0.216167,0.681848,0.402663
-0.185683,-0.027607,0.404444,0.893772,0.247685,-0.097535,-0.153045,-0.948837,-0.571413,-0.216112,0.681753,0.402699
-0.185797,-0.027577,0.404514,0.893717,0.247771,-0.097602,-0.152941,-0.948824,-0.571515,-0.216038,0.681698,0.402684
-0.185947,-0.027546,0.404503,0.893691,0.247839,-0.097652,-0.152853,-0.948815,-0.571579,-0.216042,0.681647,0.402678
-0.186095,-0.027475,0.404462,0.89368,0.247871,-0.097724,-0.152833,-0.948801,-0.571657,-0.215993,0.681598,0.402678
-0.186216,-0.027388,0.404512,0.893633,0.247936,-0.097802,-0.152804,-0.94878,-0.571748,-0.216019,0.681542,0.402628
-0.186326,-0.027299,0.404574,0.893583,0.247902,-0.097934,-0.152815,-0.94877,-0.571873,-0.216042,0.681456,0.402582
-0.186456,-0.027176,0.404719,0.893491,0.24788,-0.098024,-0.152817,-0.948764,-0.57194,-0.216048,0.681417,0.40255
-0.186604,-0.027076,0.404813,0.893419,0.247796,-0.098222,-0.152792,-0.948766,-0.572037,-0.216012,0.681332,0.402577
-0.186642,-0.026957,0.404888,0.893378,0.24776,-0.098414,-0.152671,-0.948771,-0.572147,-0.21593,0.681243,0.402613
-0.186707,-0.026814,0.404918,0.893352,0.247711,-0.098574,-0.152582,-0.948779,-0.572225,-0.215759,0.681178,0.402704
-0.186755,-0.026627,0.404925,0.89334,0.247698,-0.098742,-0.152494,-0.948776,-0.57233,-0.215562,0.681096,0.402797
-0.186769,-0.026441,0.404899,0.893351,0.247642,-0.098964,-0.1524,-0.948778,-0.572354,-0.215449,0.681041,0.402919
-0.186802,-0.026233,0.404849,0.893368,0.247636,-0.099183,-0.152334,-0.948763,-0.572418,-0.215325,0.681,0.402963
-0.186831,-0.02606,0.404824,0.893375,0.247594,-0.099363,-0.152279,-0.948761,-0.572501,-0.215224,0.680928,0.403019
-0.186928,-0.025849,0.404799,0.893369,0.24758,-0.099555,-0.152278,-0.948741,-0.572607,-0.215177,0.680878,0.402979
-0.187001,-0.025617,0.404828,0.893342,0.247559,-0.099735,-0.152232,-0.948731,-0.5727,-0.215142,0.680834,0.402938
-0.187077,-0.02538,0.404861,0.893313,0.247576,-0.099887,-0.152205,-0.948711,-0.572806,-0.215096,0.680768,0.402924
-0.187133,-0.025198,0.404851,0.893307,0.247613,-0.100047,-0.152144,-0.948692,-0.572905,-0.215049,0.680677,0.402962
-0.187252,-0.025024,0.404837,0.89329,0.247581,-0.100188,-0.152031,-0.948702,-0.572982,-0.214975,0.680603,0.403017
-0.18731,-0.02485,0.404829,0.893283,0.247546,-0.100295,-0.151951,-0.94871,-0.573029,-0.214916,0.680549,0.403072
-0.187364,-0.024665,0.404822,0.893275,0.247573,-0.100313,-0.151861,-0.948716,-0.573074,-0.214785,0.680497,0.403165
-0.187395,-0.024525,0.404819,0.893272,0.247506,-0.100354,-0.151741,-0.948747,-0.573118,-0.214678,0.680443,0.403253
-0.187461,-0.024392,0.404727,0.893301,0.247421,-0.10032,-0.151705,-0.948779,-0.573163,-0.214613,0.680387,0.403318
-0.18749,-0.024262,0.404697,0.89331,0.247326,-0.100332,-0.151686,-0.948805,-0.573235,-0.214552,0.680326,0.40335
-0.187527,-0.024158,0.404708,0.893298,0.247286,-0.100351,-0.151755,-0.948802,-0.57329,-0.214506,0.680298,0.403344
-0.187502,-0.024095,0.404734,0.893292,0.247201,-0.100412,-0.151782,-0.948812,-0.573315,-0.214485,0.680253,0.403391
-0.187504,-0.023997,0.404735,0.893291,0.247148,-0.100426,-0.151814,-0.948819,-0.57335,-0.214421,0.68021,0.40345
-0.187509,-0.023956,0.40474,0.893288,0.247149,-0.100463,-0.15178,-0.948819,-0.573406,-0.214395,0.680174,0.403445
-0.187551,-0.023891,0.404762,0.89327,0.247191,-0.100524,-0.151686,-0.948816,-0.57342,-0.214391,0.680137,0.403492
-0.187547,-0.023834,0.40472,0.89329,0.247185,-0.100557,-0.151577,-0.948832,-0.573457,-0.214437,0.68011,0.40346
-0.187558,-0.023838,0.404708,0.893293,0.247214,-0.10054,-0.151546,-0.948832,-0.57349,-0.214475,0.680081,0.40344
-0.187557,-0.023786,0.4047,0.893297,0.247242,-0.100494,-0.151507,-0.948836,-0.573465,-0.214554,0.680133,0.403345
-0.187558,-0.023852,0.404717,0.893288,0.247335,-0.100462,-0.151566,-0.948807,-0.573494,-0.214604,0.68012,0.4033
-0.187547,-0.023922,0.404765,0.893269,0.247408,-0.100461,-0.151681,-0.948768,-0.573548,-0.214635,0.680061,0.403308
-0.187537,-0.023961,0.404826,0.893243,0.247475,-0.100478,-0.151718,-0.948744,-0.573616,-0.214618,0.680013,0.403299
-0.187559,-0.024001,0.404838,0.893233,0.247557,-0.100502,-0.151785,-0.948708,-0.573654,-0.214597,0.679992,0.403292
-0.18759,-0.024063,0.404883,0.893205,0.247591,-0.100561,-0.151768,-0.948695,-0.573665,-0.214557,0.680002,0.403281
-0.187624,-0.024114,0.404859,0.893209,0.24765,-0.100555,-0.151719,-0.948689,-0.573664,-0.214577,0.680012,0.403255
-0.187658,-0.02417,0.404881,0.893191,0.247652,-0.100603,-0.151693,-0.948686,-0.57364,-0.214658,0.680043,0.403194
-0.187724,-0.024208,0.404839,0.893196,0.247667,-0.100584,-0.151668,-0.948689,-0.573668,-0.214797,0.680035,0.403094
-0.187746,-0.024308,0.404811,0.893205,0.247708,-0.100479,-0.15172,-0.948683,-0.573615,-0.214918,0.680094,0.403005
-0.187696,-0.024346,0.404873,0.893186,0.247707,-0.100328,-0.1518,-0.948689,-0.573602,-0.214996,0.680144,0.402896
-0.187702,-0.024454,0.404837,0.893201,0.247699,-0.100213,-0.151912,-0.948687,-0.573584,-0.215114,0.680147,0.402854
-0.187676,-0.024579,0.404912,0.893171,0.24771,-0.100021,-0.152103,-0.948677,-0.573566,-0.215159,0.680187,0.402788
-0.187651,-0.024715,0.404988,0.893141,0.247857,-0.099855,-0.15227,-0.948633,-0.573583,-0.215123,0.680203,0.402755
-0.187579,-0.024848,0.405063,0.89312,0.247929,-0.099697,-0.152369,-0.948618,-0.573614,-0.21507,0.680196,0.402753
-0.187551,-0.024999,0.405082,0.893116,0.248048,-0.099551,-0.152409,-0.948598,-0.573594,-0.215041,0.680219,0.402756
-0.187525,-0.025096,0.40519,0.893071,0.248069,-0.099507,-0.152356,-0.948607,-0.573592,-0.215103,0.68023,0.402708
-0.187495,-0.025205,0.405245,0.893052,0.248186,-0.09942,-0.152307,-0.948596,-0.573586,-0.215144,0.680261,0.402642
-0.187543,-0.025275,0.405211,0.893058,0.248228,-0.099403,-0.152232,-0.9486,-0.573555,-0.2152,0.680289,0.402609
-0.187598,-0.025354,0.405155,0.893071,0.248311,-0.099374,-0.152224,-0.948583,-0.573522,-0.215315,0.68032,0.402542
-0.187642,-0.025425,0.405134,0.89307,0.248335,-0.099381,-0.152206,-0.948579,-0.573519,-0.215432,0.680304,0.402512
-0.18769,-0.025449,0.405103,0.893075,0.248387,-0.099397,-0.152239,-0.948558,-0.573511,-0.215517,0.680274,0.402529
-0.187684,-0.025485,0.405122,0.893067,0.24842,-0.099431,-0.152288,-0.948538,-0.573517,-0.215574,0.680253,0.402523
-0.187746,-0.02551,0.40516,0.893036,0.248449,-0.099411,-0.152387,-0.948516,-0.573535,-0.215586,0.680255,0.402489
-0.187777,-0.025549,0.405198,0.893012,0.24839,-0.099394,-0.152386,-0.948534,-0.573495,-0.215598,0.680284,0.402491
-0.18779,-0.025543,0.405197,0.89301,0.248409,-0.099341,-0.152343,-0.948542,-0.573528,-0.215603,0.680271,0.402464
-0.187777,-0.025544,0.405228,0.892999,0.248382,-0.099356,-0.15227,-0.94856,-0.573514,-0.215573,0.680303,0.402444
-0.187756,-0.025585,0.405269,0.892984,0.248372,-0.09933,-0.152186,-0.948579,-0.573531,-0.215551,0.680307,0.402425
-0.187716,-0.025651,0.405292,0.892982,0.248394,-0.099295,-0.152164,-0.948581,-0.573519,-0.215575,0.680318,0.40241
-0.187652,-0.025655,0.405294,0.892993,0.24842,-0.099303,-0.152188,-0.948569,-0.573501,-0.215534,0.680345,0.402411
-0.18762,-0.025665,0.405323,0.892987,0.248441,-0.099318,-0.152204,-0.94856,-0.573484,-0.215511,0.680351,0.402438
-0.187619,-0.025629,0.405343,0.892978,0.248416,-0.099413,-0.152232,-0.94855,-0.573518,-0.215518,0.68032,0.40244
-0.187598,-0.025572,0.405323,0.892992,0.248477,-0.099421,-0.152258,-0.948529,-0.573499,-0.215524,0.680331,0.402445
-0.187643,-0.025543,0.405408,0.892945,0.248573,-0.099425,-0.152246,-0.948506,-0.573485,-0.215548,0.680358,0.402405
-0.18767,-0.02551,0.405448,0.89292,0.248578,-0.099429,-0.152156,-0.948518,-0.573498,-0.215545,0.680353,0.402398
-0.187673,-0.025487,0.40549,0.892901,0.24856,-0.099466,-0.152118,-0.948524,-0.573473,-0.215597,0.680368,0.402379
-0.187694,-0.025475,0.405472,0.892905,0.248525,-0.099472,-0.152103,-0.948535,-0.573451,-0.215622,0.680355,0.402421
-0.187714,-0.025398,0.405426,0.892922,0.248558,-0.099464,-0.152085,-0.94853,-0.573439,-0.215593,0.680373,0.402422
-0.187685,-0.025361,0.405385,0.892948,0.248543,-0.099474,-0.152091,-0.948532,-0.573458,-0.215531,0.680346,0.402474
-0.187647,-0.025337,0.405305,0.892993,0.248528,-0.099459,-0.152066,-0.948543,-0.573447,-0.215489,0.680363,0.402484
-0.187641,-0.025297,0.405222,0.893031,0.248414,-0.09945,-0.152087,-0.948569,-0.5734,-0.215512,0.680387,0.402497
-0.187636,-0.025255,0.405171,0.893056,0.24842,-0.099414,-0.152142,-0.948563,-0.573354,-0.215537,0.680394,0.402539
-0.187634,-0.025222,0.405123,0.893079,0.248353,-0.099393,-0.152204,-0.948573,-0.573333,-0.21551,0.680399,0.402576
-0.187613,-0.02519,0.405106,0.893092,0.248317,-0.099304,-0.152221,-0.94859,-0.573312,-0.215545,0.68039,0.402602
-0.187589,-0.025148,0.40512,0.89309,0.248294,-0.099285,-0.152171,-0.948607,-0.573266,-0.215536,0.680426,0.402611
-0.18755,-0.025132,0.405041,0.893134,0.248292,-0.099285,-0.152123,-0.948615,-0.573281,-0.215525,0.680435,0.40258
-0.187502,-0.025044,0.404986,0.893171,0.248262,-0.099306,-0.152047,-0.948633,-0.573273,-0.215545,0.680431,0.402586
-0.18749,-0.02506,0.404967,0.893181,0.248174,-0.099334,-0.151967,-0.948665,-0.573312,-0.215527,0.680392,0.402608
-0.187449,-0.025052,0.404916,0.893213,0.248161,-0.099332,-0.151843,-0.948689,-0.573302,-0.215508,0.680388,0.402641
-0.187422,-0.025042,0.404859,0.893245,0.248144,-0.099274,-0.151696,-0.948725,-0.573309,-0.215517,0.680355,0.402681
-0.187398,-0.025038,0.404871,0.893244,0.248071,-0.099213,-0.151678,-0.948754,-0.573282,-0.215543,0.680336,0.402737
-0.187352,-0.025081,0.404814,0.89328,0.24805,-0.099148,-0.151647,-0.948772,-0.573233,-0.21559,0.680356,0.402746
-0.18727,-0.025116,0.404824,0.893292,0.248001,-0.09912,-0.151677,-0.948784,-0.573186,-0.215617,0.680399,0.402728
-0.187206,-0.025129,0.404786,0.893322,0.248033,-0.099076,-0.151727,-0.948774,-0.57315,-0.21561,0.680427,0.402736
-0.187165,-0.025166,0.404815,0.893317,0.248047,-0.099057,-0.151785,-0.948763,-0.573118,-0.215624,0.680457,0.402725
-0.187132,-0.025251,0.404877,0.893295,0.248064,-0.099019,-0.151825,-0.948757,-0.573071,-0.215655,0.680478,0.402739
-0.187092,-0.025295,0.404846,0.893318,0.248093,-0.098972,-0.151831,-0.948754,-0.573024,-0.215689,0.680507,0.402737
-0.187058,-0.025357,0.404823,0.893335,0.248212,-0.098918,-0.151841,-0.948728,-0.57298,-0.215727,0.680567,0.40268
-0.187052,-0.025429,0.40479,0.89335,0.248308,-0.098903,-0.151776,-0.948716,-0.572954,-0.215767,0.680585,0.402665
-0.187081,-0.025484,0.404768,0.893354,0.248317,-0.098852,-0.151725,-0.948728,-0.572929,-0.215848,0.680604,0.402624
-0.187051,-0.025481,0.404683,0.893399,0.248329,-0.098801,-0.151725,-0.948731,-0.572911,-0.215879,0.680623,0.4026
-0.187016,-0.025499,0.404607,0.893441,0.248381,-0.098744,-0.151727,-0.948724,-0.572851,-0.215934,0.680685,0.402552
-0.186992,-0.025539,0.404596,0.89345,0.248339,-0.098719,-0.151791,-0.948728,-0.572807,-0.216007,0.680713,0.402529
-0.18698,-0.025587,0.404594,0.893453,0.248294,-0.098686,-0.151907,-0.948724,-0.572763,-0.216035,0.680762,0.402492
-0.186933,-0.025601,0.404589,0.893466,0.248251,-0.098654,-0.151945,-0.948734,-0.572727,-0.21601,0.680826,0.40245
-0.186863,-0.025608,0.404574,0.893486,0.248241,-0.09861,-0.151901,-0.948749,-0.572686,-0.216009,0.680853,0.402463
-0.186818,-0.025687,0.404516,0.893522,0.248154,-0.098543,-0.151877,-0.948783,-0.572655,-0.216007,0.68088,0.402462
-0.186776,-0.025745,0.404545,0.893517,0.248119,-0.098511,-0.151851,-0.948801,-0.5726,-0.216027,0.680943,0.402425
-0.186669,-0.025809,0.404489,0.893564,0.248043,-0.098475,-0.151849,-0.948825,-0.572539,-0.216038,0.680986,0.402431
-0.186583,-0.025882,0.404452,0.893598,0.248012,-0.098374,-0.151897,-0.948838,-0.572424,-0.216072,0.681035,0.402494
-0.186505,-0.025958,0.404463,0.893609,0.247909,-0.098259,-0.151961,-0.948867,-0.572358,-0.216135,0.681053,0.402526
-0.186432,-0.026063,0.404483,0.893614,0.247854,-0.098112,-0.152001,-0.948894,-0.572325,-0.216142,0.681073,0.402535
-0.186351,-0.026111,0.404481,0.893632,0.247864,-0.097972,-0.152038,-0.948902,-0.572246,-0.216128,0.681106,0.402599
-0.186252,-0.026185,0.404509,0.893638,0.247922,-0.097904,-0.152066,-0.948891,-0.572246,-0.216084,0.681087,0.402654
-0.186213,-0.026242,0.404571,0.893618,0.247918,-0.097868,-0.152062,-0.948897,-0.572187,-0.216076,0.681141,0.402651
-0.186224,-0.026294,0.404541,0.893629,0.247993,-0.09788,-0.152009,-0.948885,-0.572139,-0.2161,0.681183,0.402635
-0.186231,-0.026337,0.404473,0.893658,0.248019,-0.097918,-0.152009,-0.948874,-0.572078,-0.216145,0.681225,0.402627
-0.186264,-0.026384,0.404481,0.893647,0.248114,-0.097945,-0.152048,-0.94884,-0.572027,-0.21619,0.681251,0.402632
-0.186313,-0.026407,0.404444,0.893653,0.248127,-0.097963,-0.152104,-0.948825,-0.572014,-0.216206,0.681299,0.402561
-0.186354,-0.026396,0.404412,0.89366,0.248126,-0.098046,-0.152226,-0.948794,-0.571957,-0.216254,0.681387,0.402468
-0.186386,-0.026371,0.404396,0.89366,0.248112,-0.098113,-0.152396,-0.948762,-0.5719,-0.216296,0.681461,0.4024
-0.186355,-0.026386,0.404466,0.893635,0.24815,-0.098123,-0.152534,-0.948728,-0.571892,-0.216367,0.681506,0.402296
-0.186348,-0.02633,0.404553,0.893597,0.248105,-0.098132,-0.152624,-0.948725,-0.571865,-0.216425,0.681545,0.402239
-0.186318,-0.026336,0.404621,0.893572,0.248069,-0.098129,-0.152678,-0.948725,-0.57185,-0.216447,0.681563,0.402217
-0.186276,-0.026339,0.404695,0.893547,0.248098,-0.098124,-0.152706,-0.948714,-0.571849,-0.216398,0.681603,0.402176
-0.186243,-0.02633,0.404727,0.893539,0.248151,-0.098099,-0.152719,-0.948701,-0.571847,-0.216336,0.681632,0.402164
-0.186231,-0.026353,0.40471,0.89355,0.248157,-0.098054,-0.152707,-0.948707,-0.571817,-0.216271,0.681681,0.402157
-0.18628,-0.026367,0.404788,0.893504,0.248167,-0.098015,-0.152711,-0.948708,-0.571806,-0.216207,0.681703,0.40217
-0.186351,-0.026413,0.40487,0.893451,0.24824,-0.098016,-0.152766,-0.948681,-0.571805,-0.216198,0.681721,0.402146
-0.186401,-0.026424,0.404914,0.893421,0.248279,-0.097959,-0.15288,-0.948659,-0.571827,-0.216238,0.681731,0.402076
-0.186467,-0.026463,0.405016,0.89336,0.248287,-0.097941,-0.152914,-0.948654,-0.571786,-0.216316,0.68176,0.402043
-0.18652,-0.026543,0.405069,0.893324,0.248306,-0.0979,-0.152971,-0.948645,-0.571765,-0.216408,0.68178,0.40199
-0.186537,-0.026595,0.405181,0.89327,0.248349,-0.097894,-0.152982,-0.948632,-0.571787,-0.216459,0.681794,0.401906
-0.186554,-0.026594,0.40528,0.893221,0.248414,-0.097886,-0.152985,-0.948616,-0.571757,-0.216509,0.681829,0.401864
-0.186583,-0.026587,0.405329,0.893192,0.248435,-0.097895,-0.153007,-0.948605,-0.571761,-0.21651,0.68184,0.401838
-0.186584,-0.026648,0.40536,0.893177,0.248427,-0.097863,-0.152971,-0.948617,-0.571763,-0.216491,0.681837,0.401851
-0.186558,-0.026667,0.405362,0.893182,0.24841,-0.097897,-0.153012,-0.948611,-0.571815,-0.216447,0.681839,0.401798
-0.186572,-0.026655,0.405416,0.893154,0.248352,-0.097952,-0.153115,-0.948602,-0.5718,-0.216423,0.681846,0.40182
-0.186595,-0.02654,0.405413,0.893152,0.248371,-0.098049,-0.153226,-0.948567,-0.571823,-0.216421,0.681848,0.401783
-0.186649,-0.026473,0.405516,0.893094,0.248331,-0.098156,-0.153331,-0.948546,-0.571831,-0.216437,0.681848,0.401765
-0.186687,-0.026402,0.405627,0.893036,0.248309,-0.098225,-0.153393,-0.948534,-0.571887,-0.21638,0.681841,0.401726
-0.186723,-0.026289,0.405742,0.892977,0.248365,-0.098329,-0.153372,-0.94851,-0.571947,-0.216318,0.681822,0.401705
-0.18675,-0.026183,0.405675,0.893002,0.248315,-0.098411,-0.153266,-0.94853,-0.57198,-0.216272,0.681809,0.401704
-0.186804,-0.026013,0.40568,0.892991,0.248278,-0.09849,-0.153165,-0.948546,-0.572029,-0.216174,0.681809,0.401688
-0.186839,-0.025905,0.405673,0.892988,0.248231,-0.098528,-0.153112,-0.948563,-0.572011,-0.216151,0.681849,0.401657
-0.186862,-0.025753,0.40569,0.892977,0.248277,-0.098602,-0.153142,-0.948536,-0.572026,-0.216141,0.681881,0.401587
-0.186911,-0.025647,0.405758,0.892936,0.248318,-0.09866,-0.153197,-0.948511,-0.572057,-0.216136,0.681875,0.401556
-0.186931,-0.025512,0.405814,0.892907,0.248285,-0.098737,-0.153286,-0.948494,-0.572062,-0.216133,0.681886,0.401531
-0.186932,-0.025424,0.405872,0.892881,0.248269,-0.098832,-0.15337,-0.948473,-0.572106,-0.216067,0.681888,0.401499
-0.186945,-0.025302,0.405931,0.892853,0.2483,-0.098986,-0.153384,-0.948444,-0.57214,-0.216011,0.681894,0.40147
-0.186994,-0.025256,0.405951,0.892834,0.248283,-0.09908,-0.153328,-0.948446,-0.572162,-0.21602,0.681859,0.401494
-0.187036,-0.025201,0.405983,0.892811,0.248184,-0.099123,-0.153282,-0.948474,-0.572165,-0.216032,0.681843,0.401512
-0.187042,-0.025133,0.40595,0.892824,0.248143,-0.099174,-0.153211,-0.948489,-0.572121,-0.216049,0.681869,0.40152
-0.187042,-0.025095,0.40589,0.892853,0.248154,-0.099152,-0.153184,-0.948494,-0.572138,-0.216061,0.681865,0.401494
-0.187029,-0.025095,0.405839,0.892878,0.248165,-0.09907,-0.15326,-0.948488,-0.572108,-0.216141,0.681894,0.401447
-0.18702,-0.02508,0.405846,0.892877,0.248193,-0.098964,-0.153367,-0.948477,-0.572135,-0.216194,0.681855,0.401447
-0.187006,-0.025082,0.405868,0.89287,0.24816,-0.098916,-0.153465,-0.948475,-0.572099,-0.216237,0.681862,0.401463
-0.186959,-0.025086,0.405897,0.892867,0.248281,-0.09882,-0.153571,-0.948438,-0.572092,-0.216283,0.681844,0.401478
-0.187015,-0.025123,0.405932,0.892839,0.248337,-0.098774,-0.153587,-0.948427,-0.5721,-0.216321,0.681849,0.401438
-0.187044,-0.025198,0.406031,0.892787,0.248383,-0.09881,-0.153582,-0.948411,-0.572095,-0.216318,0.681871,0.401409
-0.187057,-0.025248,0.406047,0.892777,0.248422,-0.098802,-0.153571,-0.948404,-0.572076,-0.216314,0.681912,0.401369
-0.187088,-0.025273,0.406017,0.892784,0.248525,-0.098775,-0.15355,-0.948385,-0.572135,-0.216305,0.681918,0.40128
-0.187151,-0.025313,0.406015,0.892771,0.248557,-0.098826,-0.153526,-0.948374,-0.572167,-0.216282,0.68195,0.401191
-0.187217,-0.025316,0.406062,0.892736,0.248524,-0.09886,-0.153522,-0.948378,-0.572199,-0.216287,0.68195,0.401144
-0.187266,-0.025297,0.406077,0.892719,0.248537,-0.098914,-0.153498,-0.948373,-0.57222,-0.216325,0.681964,0.401067
-0.187297,-0.025313,0.406079,0.892712,0.248648,-0.098957,-0.153543,-0.948331,-0.572207,-0.216357,0.681984,0.401034
-0.187333,-0.02528,0.406101,0.892693,0.248681,-0.099028,-0.153511,-0.948319,-0.572222,-0.216404,0.681989,0.40098
-0.187358,-0.025301,0.406132,0.892674,0.248705,-0.09904,-0.153522,-0.94831,-0.572195,-0.21645,0.682008,0.400962
-0.187384,-0.025276,0.406167,0.892653,0.248753,-0.099038,-0.153451,-0.948308,-0.572165,-0.216502,0.682014,0.400965
-0.187342,-0.02532,0.406117,0.892684,0.248894,-0.098966,-0.15344,-0.948283,-0.572159,-0.216522,0.682023,0.400947
-0.187324,-0.025363,0.406002,0.89274,0.248954,-0.098892,-0.153473,-0.948272,-0.572233,-0.21656,0.682002,0.400859
-0.187266,-0.025468,0.405996,0.892754,0.248989,-0.098813,-0.153468,-0.948272,-0.572262,-0.21662,0.681974,0.40083
-0.187236,-0.025597,0.405968,0.892773,0.249045,-0.098716,-0.153539,-0.948259,-0.572232,-0.216674,0.681961,0.400866
-0.187202,-0.025738,0.40595,0.892787,0.249143,-0.098618,-0.153591,-0.948237,-0.572201,-0.21674,0.681966,0.400869
-0.187191,-0.025846,0.405949,0.892788,0.249188,-0.098536,-0.153633,-0.948228,-0.572197,-0.216824,0.681937,0.400879
-0.187195,-0.026022,0.405958,0.892782,0.249245,-0.098437,-0.153676,-0.948219,-0.572232,-0.216885,0.681895,0.400866
-0.187219,-0.026175,0.406003,0.892756,0.249318,-0.098318,-0.153634,-0.948221,-0.572219,-0.216921,0.681916,0.400831
-0.187231,-0.026257,0.405972,0.892766,0.249401,-0.098219,-0.15358,-0.948221,-0.57223,-0.216973,0.681902,0.400809
-0.187279,-0.026353,0.405836,0.892818,0.249491,-0.098159,-0.153568,-0.948206,-0.57222,-0.217073,0.681913,0.400752
-0.187299,-0.026376,0.40581,0.892825,0.249578,-0.098112,-0.153516,-0.948199,-0.572181,-0.217139,0.681902,0.40079
-0.187357,-0.026419,0.405719,0.892855,0.249608,-0.098115,-0.153524,-0.948188,-0.572175,-0.217209,0.681885,0.40079
-0.187383,-0.026425,0.405734,0.892842,0.249708,-0.098112,-0.153513,-0.948165,-0.572144,-0.217269,0.681875,0.400818
-0.187395,-0.026439,0.405773,0.892822,0.249729,-0.098124,-0.153492,-0.948162,-0.572157,-0.217257,0.681854,0.400843
-0.187434,-0.026484,0.405722,0.892837,0.249715,-0.098142,-0.153486,-0.948164,-0.572209,-0.217263,0.681799,0.400861
-0.18742,-0.026432,0.405699,0.89285,0.249715,-0.098216,-0.153475,-0.948156,-0.572219,-0.217265,0.68177,0.400893
-0.187429,-0.026385,0.405684,0.892855,0.249764,-0.098312,-0.153454,-0.948136,-0.572236,-0.217184,0.681761,0.400929
-0.187415,-0.026359,0.405635,0.892881,0.249746,-0.098366,-0.153464,-0.948132,-0.572231,-0.217132,0.681768,0.400952
-0.187434,-0.026305,0.405547,0.892918,0.249691,-0.098422,-0.153452,-0.948142,-0.572209,-0.217038,0.68178,0.401014
-0.187404,-0.026269,0.405424,0.892981,0.249651,-0.098423,-0.15345,-0.948152,-0.572117,-0.217007,0.681845,0.401051
-0.187387,-0.026219,0.405286,0.893048,0.24963,-0.098355,-0.153466,-0.948163,-0.572046,-0.216979,0.681904,0.401067
-0.187323,-0.026227,0.405195,0.893102,0.24952,-0.098263,-0.153513,-0.948196,-0.571984,-0.216968,0.681982,0.401029
-0.187249,-0.026269,0.405143,0.893142,0.249467,-0.098133,-0.15362,-0.948207,-0.57196,-0.217001,0.682021,0.40098
-0.187167,-0.026353,0.40516,0.89315,0.249359,-0.097939,-0.153722,-0.948242,-0.571933,-0.217035,0.682041,0.400964
-0.18701,-0.026417,0.40518,0.893173,0.249299,-0.097803,-0.153797,-0.948262,-0.571901,-0.217046,0.682066,0.400964
-0.186894,-0.02652,0.405222,0.893177,0.249242,-0.097635,-0.153842,-0.94829,-0.571825,-0.217079,0.682098,0.400999
-0.186824,-0.026636,0.405213,0.893195,0.249215,-0.097441,-0.153828,-0.948324,-0.571721,-0.2171,0.682193,0.400975
-0.186725,-0.026713,0.405178,0.893231,0.2492,-0.09732,-0.15372,-0.94836,-0.571633,-0.217063,0.682259,0.401008
-0.18666,-0.026799,0.405118,0.893271,0.249233,-0.097217,-0.153647,-0.948376,-0.571561,-0.217069,0.682316,0.401011
-0.186583,-0.026821,0.405104,0.893293,0.249241,-0.097159,-0.153608,-0.948387,-0.571468,-0.217096,0.682364,0.401045
-0.186583,-0.026864,0.405007,0.893336,0.249197,-0.097214,-0.153577,-0.948398,-0.571405,-0.217131,0.682403,0.401051
-0.186557,-0.026906,0.405012,0.89334,0.249142,-0.097275,-0.153593,-0.948402,-0.571343,-0.217161,0.682453,0.401039
-0.186589,-0.026952,0.405039,0.893319,0.249115,-0.097274,-0.153667,-0.948396,-0.571307,-0.2172,0.682482,0.40102
-0.186591,-0.026967,0.405046,0.893317,0.249111,-0.097319,-0.153695,-0.948387,-0.571263,-0.217246,0.682506,0.401016
-0.186603,-0.027045,0.405099,0.893289,0.249084,-0.097299,-0.153777,-0.948384,-0.571224,-0.217251,0.682509,0.401064
-0.186591,-0.027091,0.405078,0.893301,0.249115,-0.097269,-0.153763,-0.948382,-0.571185,-0.217267,0.682536,0.401066
-0.186576,-0.027132,0.405068,0.893308,0.249144,-0.097245,-0.153723,-0.948383,-0.571177,-0.217247,0.682535,0.401092
-0.186563,-0.027161,0.405122,0.893285,0.249176,-0.097203,-0.153757,-0.948375,-0.57114,-0.217281,0.682561,0.401079
-0.18655,-0.027269,0.405166,0.893267,0.249172,-0.097215,-0.153782,-0.94837,-0.571176,-0.217304,0.682549,0.401038
-0.186526,-0.027359,0.405227,0.893243,0.24923,-0.097218,-0.153824,-0.948348,-0.571188,-0.217336,0.682521,0.401052
-0.186489,-0.027392,0.405264,0.893233,0.249331,-0.097255,-0.153913,-0.948302,-0.571243,-0.217329,0.682494,0.401023
-0.186476,-0.027443,0.405327,0.893207,0.249398,-0.097267,-0.153934,-0.948279,-0.571269,-0.217351,0.682468,0.401015
-0.186497,-0.027484,0.405404,0.893167,0.249469,-0.097299,-0.153962,-0.948253,-0.571284,-0.217338,0.682474,0.400993
-0.186565,-0.027528,0.405512,0.893103,0.249584,-0.097333,-0.153995,-0.948213,-0.57132,-0.217374,0.682456,0.400951
-0.186618,-0.027593,0.405588,0.893057,0.24975,-0.097317,-0.153933,-0.948183,-0.571303,-0.217419,0.682462,0.400941
-0.186687,-0.027638,0.405676,0.893002,0.249866,-0.097268,-0.15389,-0.948165,-0.571302,-0.21748,0.68248,0.400879
-0.186771,-0.027721,0.405716,0.892965,0.249964,-0.097182,-0.153881,-0.948152,-0.571293,-0.217568,0.68249,0.400826
-0.1868,-0.027803,0.405764,0.892937,0.250099,-0.097126,-0.15388,-0.948123,-0.571237,-0.217684,0.682548,0.400745
-0.186867,-0.027867,0.405818,0.892898,0.250273,-0.097014,-0.153943,-0.948081,-0.571174,-0.217773,0.682583,0.400727
-0.186877,-0.028008,0.405856,0.892876,0.250371,-0.096919,-0.153956,-0.948065,-0.571127,-0.217832,0.682617,0.400704
-0.186916,-0.028171,0.405892,0.892851,0.250478,-0.096877,-0.153972,-0.94804,-0.571094,-0.217889,0.682658,0.40065
-0.186937,-0.0283,0.405873,0.892853,0.250489,-0.096806,-0.154054,-0.948032,-0.571069,-0.21791,0.682669,0.400656
-0.186962,-0.028488,0.405855,0.892854,0.250606,-0.096688,-0.154109,-0.948007,-0.57105,-0.217915,0.682727,0.400582
-0.186953,-0.028592,0.405838,0.892862,0.250686,-0.096633,-0.154127,-0.94799,-0.571035,-0.217942,0.68275,0.400548
-0.186969,-0.028696,0.405832,0.892861,0.250769,-0.096607,-0.154192,-0.94796,-0.570989,-0.217915,0.682809,0.400529
-0.187009,-0.028835,0.405825,0.892854,0.25082,-0.096563,-0.154248,-0.947943,-0.570941,-0.217906,0.682875,0.40049
-0.186993,-0.028877,0.40581,0.892864,0.25087,-0.096493,-0.154255,-0.947937,-0.570927,-0.217929,0.682906,0.400444
-0.187012,-0.028931,0.405745,0.89289,0.250863,-0.096475,-0.15428,-0.947938,-0.570892,-0.217974,0.682961,0.400375
-0.187031,-0.029023,0.4057,0.892905,0.250842,-0.096514,-0.154278,-0.947939,-0.570861,-0.218016,0.683019,0.400299
-0.18703,-0.029025,0.405644,0.89293,0.250807,-0.09654,-0.154246,-0.94795,-0.570816,-0.218024,0.683052,0.4003
-0.186996,-0.028997,0.405561,0.892975,0.250819,-0.096602,-0.154144,-0.947955,-0.570778,-0.218055,0.683066,0.400314
-0.186995,-0.028991,0.405475,0.893015,0.250763,-0.096697,-0.154099,-0.947967,-0.570726,-0.217994,0.683108,0.400351
-0.187011,-0.028961,0.40538,0.893055,0.25071,-0.096765,-0.154048,-0.94798,-0.570703,-0.217948,0.683119,0.400392
-0.187012,-0.028864,0.40533,0.893079,0.250676,-0.096844,-0.154033,-0.947982,-0.570686,-0.217881,0.683141,0.400412
-0.186936,-0.028838,0.40526,0.893128,0.250607,-0.096874,-0.15403,-0.947997,-0.570675,-0.217849,0.683118,0.400486
-0.186901,-0.02881,0.405252,0.893138,0.250512,-0.096977,-0.154022,-0.94801,-0.570636,-0.217768,0.683138,0.400551
-0.186821,-0.028762,0.405227,0.893168,0.250351,-0.097018,-0.154011,-0.948049,-0.570656,-0.21766,0.683095,0.400656
-0.186738,-0.02871,0.40514,0.893225,0.250249,-0.097116,-0.153985,-0.948068,-0.570631,-0.217564,0.683087,0.400757
-0.186702,-0.028627,0.405096,0.893254,0.250182,-0.097153,-0.153944,-0.948088,-0.570592,-0.217528,0.683063,0.400874
-0.186624,-0.028488,0.405069,0.893283,0.250103,-0.097208,-0.153823,-0.948122,-0.570583,-0.217477,0.683057,0.400924
-0.186594,-0.02841,0.404972,0.893335,0.250025,-0.097277,-0.153709,-0.948152,-0.570569,-0.217493,0.683033,0.400977
-0.186536,-0.028336,0.404871,0.893394,0.249999,-0.097326,-0.153584,-0.948174,-0.57052,-0.217441,0.683053,0.401041
-0.186444,-0.028263,0.404801,0.893445,0.250032,-0.097373,-0.153518,-0.94817,-0.570513,-0.217404,0.683033,0.401103
-0.186386,-0.028208,0.404747,0.893483,0.250051,-0.097439,-0.153523,-0.948157,-0.570524,-0.21732,0.68301,0.401175
-0.18639,-0.028174,0.404642,0.893531,0.250081,-0.097461,-0.153536,-0.948144,-0.570462,-0.21731,0.683029,0.401235
-0.186375,-0.028157,0.404647,0.893532,0.250111,-0.09754,-0.153527,-0.948128,-0.570453,-0.217248,0.683029,0.401281
-0.186366,-0.028168,0.404638,0.893537,0.250171,-0.097532,-0.153555,-0.948109,-0.57043,-0.217243,0.68301,0.401352
-0.186374,-0.028192,0.404593,0.893556,0.250241,-0.09758,-0.153532,-0.948088,-0.570424,-0.217245,0.683005,0.401365
-0.186415,-0.028236,0.404611,0.893539,0.250279,-0.097603,-0.153505,-0.94808,-0.570406,-0.217221,0.683033,0.401358
-0.186473,-0.028237,0.404555,0.893552,0.250251,-0.097609,-0.15342,-0.9481,-0.570366,-0.217288,0.68305,0.401348
-0.186491,-0.02825,0.404491,0.893577,0.250316,-0.097607,-0.153361,-0.948093,-0.570362,-0.217279,0.683051,0.401357
-0.186501,-0.028283,0.404467,0.893586,0.250346,-0.097574,-0.153307,-0.948099,-0.570337,-0.217314,0.683072,0.401337
-0.186474,-0.028314,0.404392,0.893625,0.250363,-0.097572,-0.153298,-0.948096,-0.570303,-0.217335,0.6831,0.401327
-0.186511,-0.028361,0.404358,0.893633,0.25039,-0.09757,-0.153405,-0.948071,-0.570265,-0.217393,0.683133,0.401293
-0.186486,-0.028419,0.404429,0.893604,0.250519,-0.097461,-0.15353,-0.948031,-0.570271,-0.21742,0.683173,0.401202
-0.186467,-0.028498,0.404429,0.893608,0.250532,-0.097388,-0.153681,-0.948012,-0.570274,-0.217477,0.683184,0.401151
-0.186471,-0.028546,0.40448,0.893583,0.25056,-0.097284,-0.153777,-0.948001,-0.570268,-0.21752,0.683219,0.401074
-0.186458,-0.02862,0.404521,0.893567,0.250606,-0.097217,-0.153804,-0.947993,-0.57025,-0.217543,0.683261,0.401015
-0.186487,-0.028688,0.404558,0.893543,0.25068,-0.097202,-0.153877,-0.947963,-0.570242,-0.217543,0.683266,0.401017
-0.186478,-0.02874,0.404558,0.893544,0.25075,-0.097192,-0.153862,-0.947948,-0.570223,-0.217547,0.683322,0.400948
-0.186545,-0.028832,0.404511,0.893551,0.250827,-0.097212,-0.153839,-0.94793,-0.570196,-0.217569,0.68335,0.400927
-0.186556,-0.028868,0.404529,0.89354,0.250856,-0.097234,-0.153841,-0.947919,-0.570139,-0.217609,0.683419,0.400866
-0.186593,-0.028884,0.404466,0.89356,0.250916,-0.097245,-0.1538,-0.947909,-0.570105,-0.217663,0.683444,0.400842
-0.186551,-0.028926,0.404406,0.893596,0.250882,-0.09721,-0.153834,-0.947916,-0.570084,-0.2177,0.68345,0.400845
-0.186459,-0.028952,0.404355,0.893638,0.250869,-0.097158,-0.15394,-0.947909,-0.570056,-0.217721,0.683463,0.400851
-0.186421,-0.028972,0.404297,0.893672,0.250844,-0.097137,-0.154066,-0.947897,-0.570003,-0.217757,0.683487,0.400863
-0.186355,-0.02898,0.40429,0.893689,0.250855,-0.097111,-0.154139,-0.947885,-0.570003,-0.217726,0.683483,0.400889
-0.186335,-0.029058,0.404361,0.89366,0.250849,-0.097083,-0.154175,-0.947884,-0.570005,-0.217714,0.683457,0.400938
-0.186315,-0.029116,0.404464,0.893616,0.25083,-0.09705,-0.154162,-0.947895,-0.569988,-0.217668,0.683462,0.40098
-0.186296,-0.029192,0.404443,0.893629,0.250807,-0.097078,-0.154153,-0.947899,-0.569963,-0.21766,0.683463,0.401014
-0.186286,-0.029259,0.404478,0.893614,0.250817,-0.097069,-0.154159,-0.947897,-0.569954,-0.217687,0.683451,0.401035
-0.186306,-0.029288,0.404428,0.893633,0.250864,-0.097081,-0.154105,-0.947891,-0.569977,-0.217682,0.683456,0.400997
-0.186296,-0.02934,0.404478,0.893611,0.250899,-0.09707,-0.154071,-0.94789,-0.569981,-0.217727,0.683441,0.400992
-0.186293,-0.029412,0.404603,0.893554,0.25089,-0.097071,-0.154037,-0.947898,-0.569966,-0.217735,0.683457,0.400982
-0.186295,-0.029458,0.40465,0.893531,0.250985,-0.097058,-0.153997,-0.947881,-0.569959,-0.217743,0.683454,0.400993
-0.186307,-0.029455,0.404734,0.89349,0.250998,-0.096998,-0.153947,-0.947893,-0.56997,-0.217792,0.683443,0.40097
-0.186367,-0.029521,0.404784,0.893455,0.251013,-0.096968,-0.153936,-0.947895,-0.56999,-0.217817,0.683435,0.400942
-0.186421,-0.029562,0.404824,0.893424,0.251013,-0.09696,-0.153956,-0.947892,-0.570027,-0.217834,0.683396,0.400946
-0.186414,-0.029636,0.404864,0.893407,0.251068,-0.096888,-0.153968,-0.947885,-0.57008,-0.217837,0.683352,0.400944
-0.186429,-0.029752,0.40494,0.893368,0.251082,-0.096858,-0.154046,-0.947872,-0.57011,-0.217844,0.683314,0.400963
-0.186426,-0.029825,0.405071,0.893308,0.25115,-0.09689,-0.154104,-0.947841,-0.570139,-0.217777,0.683281,0.401014
-0.186411,-0.029888,0.405164,0.893267,0.251212,-0.096911,-0.154143,-0.947816,-0.570165,-0.217754,0.683238,0.401063
-0.186431,-0.029933,0.405248,0.893224,0.251296,-0.09695,-0.154121,-0.947792,-0.570197,-0.217729,0.683217,0.401065
-0.186464,-0.029952,0.405263,0.89321,0.251351,-0.096975,-0.154108,-0.947777,-0.570193,-0.217753,0.683226,0.401045
-0.186448,-0.029993,0.40528,0.893206,0.251412,-0.097054,-0.154098,-0.947753,-0.570181,-0.217764,0.683239,0.401033
-0.186476,-0.030038,0.405304,0.893188,0.251453,-0.097079,-0.154053,-0.947746,-0.570139,-0.217848,0.683259,0.401012
-0.186494,-0.030066,0.405327,0.893173,0.251494,-0.097075,-0.154011,-0.947744,-0.570151,-0.217924,0.683269,0.400936
-0.186533,-0.030091,0.405341,0.893159,0.251535,-0.097104,-0.154032,-0.947725,-0.570151,-0.218007,0.683256,0.400913
-0.186561,-0.030162,0.40536,0.893143,0.251528,-0.097094,-0.15408,-0.94772,-0.570168,-0.218026,0.683257,0.400877
-0.186523,-0.030158,0.40536,0.893151,0.251576,-0.097044,-0.154145,-0.947703,-0.570159,-0.218047,0.683272,0.400855
-0.186482,-0.03026,0.405321,0.893177,0.251643,-0.09697,-0.154221,-0.947682,-0.570189,-0.218024,0.683246,0.400868
-0.186476,-0.030282,0.405318,0.893178,0.251662,-0.096948,-0.154233,-0.947678,-0.570216,-0.217927,0.683222,0.400923
-0.186462,-0.030345,0.40536,0.893162,0.251653,-0.096904,-0.154233,-0.947686,-0.570246,-0.217895,0.683166,0.400992
-0.186402,-0.03041,0.405358,0.893175,0.251706,-0.096939,-0.154191,-0.947674,-0.570239,-0.217909,0.683186,0.400959
-0.186339,-0.030465,0.405363,0.893184,0.251776,-0.096953,-0.154089,-0.947671,-0.570255,-0.217911,0.683174,0.400959
-0.18632,-0.030503,0.405407,0.893168,0.251782,-0.096952,-0.154003,-0.947684,-0.570248,-0.217904,0.683187,0.400951
-0.186372,-0.030554,0.405419,0.893151,0.251822,-0.096964,-0.153987,-0.947675,-0.570231,-0.217949,0.683158,0.400999
-0.186334,-0.030584,0.405389,0.893172,0.251809,-0.097038,-0.153951,-0.947675,-0.57021,-0.218008,0.68314,0.401028
-0.186367,-0.030614,0.405327,0.893193,0.251818,-0.097107,-0.153968,-0.947662,-0.570202,-0.218078,0.683111,0.401052
-0.186356,-0.030614,0.405297,0.893209,0.251839,-0.097201,-0.154041,-0.947632,-0.57025,-0.21808,0.683067,0.401055
-0.186411,-0.030651,0.405353,0.893172,0.251854,-0.097303,-0.154055,-0.947613,-0.570276,-0.218044,0.683041,0.401085
-0.186362,-0.030665,0.405343,0.893186,0.251953,-0.097443,-0.154035,-0.947574,-0.57034,-0.218,0.682976,0.401127
-0.186395,-0.030678,0.405333,0.893183,0.25198,-0.097615,-0.154073,-0.947539,-0.570384,-0.217988,0.682922,0.401163
-0.186355,-0.030665,0.405369,0.893176,0.25197,-0.09779,-0.154069,-0.947521,-0.570411,-0.218002,0.682874,0.4012
-0.18644,-0.030664,0.405305,0.893188,0.252002,-0.097974,-0.154029,-0.947497,-0.570467,-0.217915,0.682801,0.401293
-0.186501,-0.030619,0.405297,0.893179,0.252024,-0.098169,-0.153949,-0.94748,-0.570527,-0.217857,0.682708,0.401395
-0.186563,-0.030592,0.405335,0.893148,0.252062,-0.098308,-0.153934,-0.947455,-0.570647,-0.217791,0.682603,0.40144
-0.186614,-0.030575,0.405418,0.8931,0.252081,-0.098477,-0.153928,-0.947431,-0.570792,-0.217728,0.682462,0.401507
-0.186657,-0.030552,0.405447,0.893079,0.252106,-0.098623,-0.153931,-0.947405,-0.57096,-0.217658,0.68232,0.401546
-0.186761,-0.0305,0.405485,0.89304,0.252175,-0.098813,-0.153907,-0.947367,-0.571079,-0.217626,0.682192,0.401613
-0.186794,-0.03043,0.405618,0.892973,0.252267,-0.098975,-0.153931,-0.94732,-0.571195,-0.217567,0.682064,0.401696
-0.186883,-0.030318,0.405711,0.892914,0.25234,-0.099225,-0.153972,-0.947262,-0.571369,-0.217482,0.681904,0.401766
-0.187074,-0.030236,0.405747,0.892859,0.252423,-0.099466,-0.153979,-0.94721,-0.571504,-0.217383,0.68178,0.40184
-0.187234,-0.030141,0.405846,0.892782,0.252511,-0.099762,-0.153912,-0.94716,-0.57166,-0.217307,0.68161,0.401945
-0.187434,-0.030059,0.405914,0.89271,0.252624,-0.099986,-0.153844,-0.947114,-0.571771,-0.21727,0.681468,0.402048
-0.187684,-0.029945,0.405969,0.892634,0.252725,-0.100261,-0.153745,-0.947068,-0.571936,-0.217283,0.681286,0.402117
-0.187963,-0.0298,0.40603,0.892549,0.25284,-0.100518,-0.15364,-0.947024,-0.572048,-0.217342,0.681155,0.402148
-0.188221,-0.029688,0.406075,0.892476,0.25297,-0.100783,-0.153565,-0.946968,-0.572219,-0.217397,0.681015,0.402108
-0.188394,-0.02961,0.406167,0.892399,0.253116,-0.100985,-0.15357,-0.946903,-0.57235,-0.217437,0.680905,0.402089
-0.188633,-0.029531,0.406251,0.892311,0.253244,-0.101255,-0.1536,-0.946831,-0.572501,-0.217416,0.680783,0.402091
-0.18887,-0.029441,0.406387,0.892199,0.253384,-0.101499,-0.153602,-0.946762,-0.572678,-0.217355,0.680652,0.402093
-0.189042,-0.029365,0.406561,0.892085,0.253448,-0.101697,-0.153644,-0.946714,-0.572799,-0.217247,0.680558,0.402137
-0.189254,-0.029278,0.406648,0.892001,0.253548,-0.101878,-0.153618,-0.946668,-0.572962,-0.217159,0.680435,0.40216
-0.189405,-0.029142,0.406663,0.891964,0.253572,-0.102058,-0.153569,-0.946647,-0.573066,-0.217023,0.680378,0.402181
-0.189612,-0.029023,0.406717,0.891898,0.253538,-0.102166,-0.153467,-0.94666,-0.573208,-0.216977,0.680251,0.402217
-0.18975,-0.028854,0.406763,0.891849,0.253507,-0.102284,-0.153414,-0.946661,-0.573316,-0.216934,0.680164,0.402234
-0.189861,-0.028691,0.406811,0.891806,0.253519,-0.102337,-0.153434,-0.946648,-0.573415,-0.216888,0.680096,0.402234
-0.189882,-0.028587,0.406832,0.891793,0.253511,-0.102374,-0.153441,-0.946644,-0.573555,-0.216796,0.679992,0.402258
-0.189916,-0.028483,0.406928,0.891742,0.253453,-0.102375,-0.153497,-0.94665,-0.573653,-0.216728,0.679906,0.402301
-0.189941,-0.028391,0.407011,0.8917,0.253389,-0.102447,-0.153545,-0.94665,-0.573721,-0.216595,0.67985,0.402369
-0.18996,-0.028293,0.407144,0.891635,0.253389,-0.102501,-0.153518,-0.946648,-0.57379,-0.216434,0.679794,0.402451
-0.190033,-0.02819,0.407216,0.891589,0.253394,-0.102588,-0.153491,-0.946639,-0.573878,-0.21626,0.67971,0.402563
-0.190124,-0.028068,0.407265,0.891548,0.253368,-0.102712,-0.153449,-0.946637,-0.573947,-0.216084,0.679647,0.402662
-0.190239,-0.027959,0.407248,0.891532,0.253303,-0.102781,-0.153324,-0.946667,-0.573971,-0.216026,0.679607,0.402727
-0.190336,-0.027846,0.407216,0.891527,0.253332,-0.102841,-0.153256,-0.946662,-0.574008,-0.215993,0.679577,0.402743
-0.190361,-0.027753,0.407179,0.89154,0.253314,-0.102868,-0.153251,-0.946664,-0.574048,-0.216003,0.679597,0.402646
-0.190416,-0.027669,0.407187,0.891526,0.253284,-0.102879,-0.153248,-0.946671,-0.574077,-0.216084,0.679589,0.402575
-0.190494,-0.027592,0.407135,0.891534,0.253234,-0.102795,-0.153361,-0.946677,-0.574107,-0.216161,0.679579,0.402508
-0.190502,-0.02758,0.407214,0.891496,0.253286,-0.102675,-0.153532,-0.94665,-0.574146,-0.216239,0.679554,0.402454
-0.190537,-0.027549,0.40728,0.891458,0.253315,-0.102529,-0.153704,-0.946633,-0.574208,-0.216224,0.679525,0.402421
-0.19051,-0.0276,0.407435,0.891392,0.253343,-0.102413,-0.153802,-0.946624,-0.574252,-0.216162,0.679527,0.402388
-0.190495,-0.027685,0.407565,0.891335,0.253382,-0.102316,-0.153877,-0.946613,-0.574265,-0.216064,0.679551,0.40238
-0.190527,-0.027703,0.40767,0.89128,0.253426,-0.10224,-0.153836,-0.946619,-0.574321,-0.215981,0.679551,0.402344
-0.190572,-0.027717,0.407678,0.891266,0.253489,-0.102202,-0.153748,-0.946621,-0.574309,-0.215996,0.679595,0.402281
-0.190581,-0.027722,0.407729,0.891241,0.253549,-0.102191,-0.153639,-0.946624,-0.574304,-0.216035,0.67962,0.402222
-0.190633,-0.027733,0.407789,0.891202,0.253558,-0.102215,-0.153594,-0.946626,-0.574272,-0.216098,0.679637,0.402207
-0.190716,-0.027717,0.407824,0.891169,0.253629,-0.102255,-0.153588,-0.946604,-0.574289,-0.21623,0.679622,0.402137
-0.190767,-0.027725,0.407865,0.891139,0.25364,-0.102285,-0.153683,-0.946581,-0.574288,-0.216376,0.679629,0.402048
-0.190817,-0.027772,0.407923,0.891102,0.253669,-0.102285,-0.153787,-0.946556,-0.574282,-0.216485,0.679622,0.40201
-0.190818,-0.027793,0.408015,0.891058,0.253681,-0.102219,-0.153843,-0.946552,-0.57427,-0.216472,0.679622,0.402035
-0.190814,-0.027856,0.408056,0.891039,0.253714,-0.102154,-0.15395,-0.946534,-0.574319,-0.216509,0.679617,0.401953
-0.190797,-0.027888,0.408161,0.890994,0.253704,-0.102116,-0.153956,-0.946541,-0.574337,-0.216505,0.67962,0.401922
-0.190815,-0.027969,0.408196,0.890973,0.253748,-0.102058,-0.153992,-0.94653,-0.574302,-0.216538,0.679661,0.401885
-0.190769,-0.028013,0.408244,0.89096,0.253785,-0.10203,-0.153935,-0.946534,-0.574312,-0.216556,0.679692,0.40181
-0.190738,-0.028067,0.408282,0.890949,0.253859,-0.101959,-0.153894,-0.94653,-0.574312,-0.216491,0.679687,0.401852
-0.190766,-0.028124,0.408296,0.890936,0.253941,-0.101873,-0.153911,-0.946516,-0.574297,-0.216464,0.679704,0.401861
-0.190733,-0.028203,0.408324,0.890929,0.254003,-0.101797,-0.153923,-0.946508,-0.574309,-0.216426,0.67972,0.401836
-0.19073,-0.028237,0.4083,0.89094,0.254054,-0.101792,-0.153977,-0.946485,-0.574294,-0.21647,0.679743,0.401796
-0.190752,-0.028327,0.40833,0.890921,0.254125,-0.101757,-0.154126,-0.946446,-0.574297,-0.21655,0.679759,0.40172
-0.190778,-0.028395,0.408349,0.890906,0.254173,-0.101785,-0.154232,-0.946413,-0.57428,-0.216608,0.679792,0.401658
-0.190789,-0.028524,0.408433,0.890864,0.254205,-0.101782,-0.154435,-0.94637,-0.574245,-0.216689,0.679829,0.401603
-0.190756,-0.028602,0.40847,0.890853,0.254237,-0.101727,-0.154605,-0.946341,-0.57421,-0.216757,0.67988,0.401529
-0.190807,-0.028685,0.408539,0.890809,0.25427,-0.101718,-0.154639,-0.946328,-0.574169,-0.216812,0.679948,0.401443
-0.190811,-0.028721,0.408508,0.890822,0.254288,-0.101701,-0.154695,-0.946316,-0.574162,-0.216862,0.679996,0.401345
-0.190769,-0.02885,0.408463,0.89085,0.254271,-0.101694,-0.154709,-0.946319,-0.574157,-0.216882,0.68001,0.401316
-0.190759,-0.028947,0.408502,0.890833,0.254301,-0.101709,-0.154711,-0.946309,-0.574148,-0.216874,0.680066,0.401237
-0.190702,-0.029019,0.40847,0.89086,0.254373,-0.1017,-0.154752,-0.946284,-0.574138,-0.216855,0.680088,0.401224
-0.190713,-0.029102,0.4085,0.890842,0.254461,-0.101785,-0.154803,-0.946241,-0.574125,-0.216847,0.680135,0.401167
-0.190724,-0.029158,0.408538,0.890822,0.254527,-0.101803,-0.154947,-0.946197,-0.574097,-0.216816,0.680167,0.40117
-0.190759,-0.029247,0.408599,0.890785,0.254606,-0.10187,-0.155021,-0.946156,-0.574088,-0.216801,0.680207,0.401122
-0.190809,-0.02931,0.408689,0.890732,0.254698,-0.101988,-0.155077,-0.946107,-0.574105,-0.216871,0.680233,0.401016
-0.19089,-0.029367,0.408757,0.890683,0.254732,-0.102111,-0.155024,-0.946091,-0.574109,-0.216903,0.680235,0.400991
-0.190991,-0.029361,0.40879,0.890646,0.254775,-0.102304,-0.154871,-0.94608,-0.574103,-0.216971,0.680255,0.400928
-0.191132,-0.029374,0.408747,0.890635,0.254817,-0.102412,-0.154709,-0.946082,-0.574087,-0.217061,0.680274,0.400871
-0.191191,-0.029342,0.408668,0.89066,0.254888,-0.102435,-0.154504,-0.946094,-0.574103,-0.217112,0.680232,0.400891
-0.191177,-0.029297,0.408679,0.890658,0.254923,-0.102455,-0.154428,-0.946096,-0.574118,-0.217107,0.680235,0.400868
-0.191185,-0.029262,0.408701,0.890647,0.254905,-0.102491,-0.154493,-0.946084,-0.574148,-0.21713,0.680234,0.400814
-0.191193,-0.029206,0.408709,0.890642,0.254905,-0.102569,-0.154648,-0.946049,-0.574143,-0.217147,0.680265,0.400758
-0.191191,-0.029181,0.40878,0.89061,0.254952,-0.102652,-0.154823,-0.945997,-0.574182,-0.21714,0.680211,0.400798
-0.191218,-0.02916,0.408843,0.890575,0.25498,-0.102799,-0.155035,-0.945935,-0.574238,-0.217087,0.680177,0.400801
-0.191257,-0.029156,0.408997,0.890496,0.254983,-0.102941,-0.155106,-0.945904,-0.574269,-0.217005,0.680153,0.400843
-0.191295,-0.029083,0.409059,0.89046,0.254933,-0.103101,-0.155019,-0.945911,-0.574279,-0.216956,0.680124,0.400905
-0.19132,-0.029025,0.409085,0.890443,0.25496,-0.103307,-0.154866,-0.945903,-0.574312,-0.216901,0.680117,0.400899
-0.191365,-0.028936,0.409021,0.890465,0.254973,-0.10357,-0.1546,-0.94591,-0.574352,-0.216854,0.680098,0.400903
-0.191476,-0.028831,0.408902,0.890497,0.254939,-0.103761,-0.154336,-0.945939,-0.574362,-0.216854,0.680093,0.400894
-0.191474,-0.028737,0.408842,0.890526,0.254884,-0.103881,-0.154209,-0.945959,-0.574365,-0.216861,0.680095,0.400884
-0.191535,-0.028648,0.408728,0.890567,0.254878,-0.103995,-0.154237,-0.945941,-0.57439,-0.216896,0.680063,0.400882
-0.191587,-0.028576,0.408651,0.890592,0.254783,-0.104094,-0.154278,-0.945947,-0.574413,-0.216925,0.680035,0.400879
-0.191617,-0.02851,0.408615,0.890602,0.254747,-0.104143,-0.154365,-0.945935,-0.574453,-0.216942,0.680009,0.40086
-0.191595,-0.028463,0.408749,0.890547,0.254742,-0.104207,-0.154465,-0.945912,-0.574459,-0.216931,0.680009,0.400856
-0.19156,-0.02845,0.408819,0.890522,0.254767,-0.104254,-0.154545,-0.945886,-0.57442,-0.216918,0.680009,0.400919
-0.191604,-0.028391,0.408879,0.890485,0.254772,-0.104338,-0.154479,-0.945885,-0.574387,-0.216814,0.680046,0.400961
-0.191647,-0.028384,0.408848,0.890491,0.254795,-0.104443,-0.154353,-0.945885,-0.574402,-0.216706,0.680054,0.400981
-0.191589,-0.028378,0.40881,0.890521,0.254827,-0.104567,-0.154152,-0.945894,-0.574366,-0.216677,0.680082,0.401003
-0.191595,-0.02833,0.408709,0.890567,0.254865,-0.104724,-0.153934,-0.9459,-0.574362,-0.216688,0.680072,0.401018
-0.191637,-0.02826,0.408605,0.890606,0.254839,-0.10488,-0.153787,-0.945911,-0.574334,-0.216673,0.680106,0.401009
-0.191652,-0.028196,0.408455,0.890673,0.254849,-0.104988,-0.153725,-0.945905,-0.574379,-0.216761,0.680094,0.400919
-0.191693,-0.028164,0.408315,0.890729,0.254786,-0.105042,-0.153788,-0.945904,-0.574382,-0.216851,0.680118,0.400824
-0.191659,-0.028175,0.408303,0.890742,0.254772,-0.105027,-0.153932,-0.945886,-0.574377,-0.216948,0.680123,0.400772
-0.191625,-0.02821,0.408338,0.890732,0.254732,-0.105048,-0.154102,-0.945865,-0.57438,-0.21698,0.680106,0.400777
-0.191619,-0.028228,0.408412,0.8907,0.25474,-0.105065,-0.154251,-0.945836,-0.574375,-0.216942,0.680078,0.400855
-0.191639,-0.028182,0.4085,0.890656,0.254714,-0.105056,-0.15428,-0.945839,-0.574363,-0.216912,0.68007,0.4009
-0.19167,-0.028208,0.408588,0.890607,0.254781,-0.105132,-0.154246,-0.945817,-0.574382,-0.216798,0.680042,0.400981
-0.191662,-0.028225,0.408626,0.890592,0.254776,-0.105176,-0.154141,-0.94583,-0.57439,-0.216678,0.680056,0.401011
-0.191693,-0.028216,0.408624,0.890585,0.254799,-0.105235,-0.1539,-0.945856,-0.574344,-0.21664,0.680076,0.401063
-0.191691,-0.028198,0.408506,0.890641,0.254863,-0.105299,-0.153786,-0.945849,-0.574308,-0.21663,0.680113,0.401058
-0.191696,-0.028188,0.408382,0.890697,0.254909,-0.105267,-0.153684,-0.945858,-0.574297,-0.216646,0.680149,0.401005
-0.191707,-0.028206,0.408299,0.890733,0.254948,-0.105252,-0.15367,-0.945853,-0.574283,-0.216697,0.680193,0.400922
-0.191714,-0.028249,0.408212,0.890771,0.254959,-0.105237,-0.153811,-0.945828,-0.574222,-0.2168,0.680239,0.400877
-0.191653,-0.028291,0.408206,0.890786,0.254966,-0.10523,-0.15394,-0.945806,-0.574187,-0.216882,0.680281,0.400811
-0.191643,-0.02837,0.408243,0.890771,0.254972,-0.105138,-0.154077,-0.945793,-0.574166,-0.216922,0.680308,0.400774
-0.19158,-0.028473,0.408219,0.890794,0.254897,-0.105075,-0.154156,-0.945809,-0.574064,-0.216952,0.680366,0.400805
-0.191537,-0.028582,0.40823,0.890797,0.254857,-0.104974,-0.154205,-0.945824,-0.573955,-0.216998,0.68044,0.40081
-0.191479,-0.02866,0.408238,0.890805,0.254838,-0.10488,-0.154156,-0.94585,-0.573907,-0.217033,0.680476,0.400798
-0.191412,-0.028711,0.408234,0.890821,0.25484,-0.104798,-0.154118,-0.945866,-0.573819,-0.217062,0.680551,0.400783
-0.191362,-0.028747,0.408104,0.890891,0.254818,-0.104678,-0.153992,-0.945908,-0.573729,-0.217116,0.6806,0.4008
-0.191273,-0.028778,0.407963,0.890974,0.254784,-0.104583,-0.153939,-0.945939,-0.573704,-0.217129,0.680647,0.400748
-0.191212,-0.028818,0.407839,0.891044,0.254729,-0.104532,-0.153982,-0.945953,-0.57362,-0.217161,0.680729,0.400713
-0.191121,-0.028902,0.407817,0.891072,0.254759,-0.104494,-0.154035,-0.945941,-0.573576,-0.217184,0.680772,0.40069
-0.19103,-0.02892,0.407823,0.891089,0.254777,-0.104416,-0.154144,-0.945929,-0.573536,-0.217192,0.680804,0.400687
-0.190988,-0.028993,0.407831,0.891093,0.254756,-0.104362,-0.154187,-0.945933,-0.573454,-0.217247,0.680869,0.400668
-0.19089,-0.029051,0.407855,0.891103,0.254746,-0.104325,-0.154121,-0.945953,-0.573405,-0.217308,0.680912,0.400631
-0.190837,-0.02914,0.407877,0.891103,0.254803,-0.104272,-0.154105,-0.945946,-0.573384,-0.217368,0.680918,0.400617
-0.190781,-0.029229,0.407876,0.891114,0.2548,-0.104188,-0.154013,-0.945973,-0.573349,-0.217444,0.680948,0.400574
-0.190721,-0.029292,0.407916,0.891108,0.254795,-0.104078,-0.153982,-0.945994,-0.57327,-0.217516,0.681007,0.400551
-0.190687,-0.029419,0.407891,0.891125,0.25487,-0.104016,-0.154009,-0.945978,-0.573223,-0.21756,0.681045,0.400527
-0.190662,-0.029516,0.407906,0.891122,0.255013,-0.103942,-0.154096,-0.945935,-0.573142,-0.21762,0.68109,0.400535
-0.190674,-0.029597,0.407992,0.891079,0.255146,-0.103876,-0.154243,-0.945884,-0.573139,-0.217664,0.681084,0.400524
-0.190683,-0.029759,0.408086,0.891031,0.255244,-0.103814,-0.154364,-0.945846,-0.573133,-0.217691,0.681082,0.400523
-0.190723,-0.029884,0.408191,0.890973,0.255341,-0.103761,-0.15441,-0.94582,-0.573089,-0.217731,0.681128,0.400488
-0.190803,-0.029981,0.40823,0.890936,0.255423,-0.10369,-0.154479,-0.945794,-0.573084,-0.217768,0.681164,0.400413
-0.190888,-0.030067,0.408242,0.890912,0.255462,-0.103656,-0.154507,-0.945784,-0.573033,-0.217853,0.681216,0.40035
-0.190946,-0.030165,0.408266,0.890888,0.255524,-0.103609,-0.154433,-0.945786,-0.573018,-0.217958,0.681238,0.400276
-0.190994,-0.030238,0.408251,0.890883,0.255568,-0.10353,-0.154413,-0.945788,-0.572998,-0.218052,0.681279,0.400185
-0.190975,-0.030338,0.408253,0.890885,0.255639,-0.103449,-0.15445,-0.945773,-0.572963,-0.218141,0.681336,0.400089
-0.190943,-0.030438,0.40824,0.890896,0.255666,-0.103368,-0.154541,-0.945761,-0.572922,-0.218192,0.681374,0.400056
-0.190925,-0.030531,0.408288,0.890876,0.255685,-0.10332,-0.154631,-0.945747,-0.572873,-0.218241,0.68139,0.400072
-0.19091,-0.030624,0.408308,0.890869,0.25571,-0.103257,-0.154718,-0.945734,-0.572864,-0.218283,0.681385,0.400073
-0.190845,-0.03072,0.408376,0.89085,0.255751,-0.103181,-0.154802,-0.945719,-0.572828,-0.218242,0.681396,0.400127
-0.190771,-0.030843,0.408468,0.890822,0.255773,-0.10317,-0.154777,-0.945719,-0.572785,-0.218249,0.681408,0.400163
-0.190729,-0.030881,0.408433,0.890846,0.255713,-0.103152,-0.154748,-0.945742,-0.572768,-0.218231,0.681434,0.400153
-0.190679,-0.030868,0.408512,0.890821,0.255701,-0.103177,-0.154725,-0.945746,-0.572717,-0.218281,0.681464,0.400148
-0.190704,-0.030879,0.408528,0.890809,0.255753,-0.10317,-0.154715,-0.945734,-0.57271,-0.218262,0.681462,0.400172
-0.190733,-0.030944,0.408562,0.890785,0.255779,-0.1032,-0.154696,-0.945727,-0.572714,-0.218278,0.681445,0.400186
-0.190778,-0.030977,0.408641,0.890739,0.255779,-0.103239,-0.154664,-0.945726,-0.572697,-0.218308,0.681452,0.400184
-0.190805,-0.030983,0.408688,0.890711,0.255845,-0.103278,-0.154645,-0.945708,-0.572644,-0.218323,0.681497,0.400173
-0.190831,-0.031,0.408719,0.890691,0.255869,-0.103302,-0.154606,-0.945704,-0.572647,-0.218349,0.68149,0.400165
-0.19087,-0.031019,0.408711,0.890687,0.255918,-0.103268,-0.154473,-0.945718,-0.572674,-0.218365,0.681471,0.400153
-0.190925,-0.031054,0.40864,0.890706,0.255986,-0.103247,-0.154381,-0.945718,-0.572612,-0.218386,0.681513,0.40016
-0.190928,-0.031002,0.408568,0.89074,0.256041,-0.103227,-0.154329,-0.945714,-0.572638,-0.218403,0.681515,0.400109
-0.190921,-0.031026,0.40854,0.890755,0.256109,-0.103171,-0.154342,-0.945701,-0.572624,-0.218464,0.68151,0.400106
-0.190856,-0.031067,0.40852,0.890776,0.256095,-0.103111,-0.154354,-0.94571,-0.572623,-0.2185,0.681525,0.40006
-0.190864,-0.031087,0.40853,0.89077,0.256083,-0.103159,-0.154403,-0.9457,-0.572636,-0.218439,0.681517,0.400089
-0.190806,-0.03108,0.408583,0.890758,0.256055,-0.103219,-0.154447,-0.945692,-0.572628,-0.218378,0.681501,0.400159
-0.190839,-0.031083,0.40862,0.890734,0.256122,-0.103322,-0.154481,-0.945656,-0.57265,-0.218276,0.681477,0.400227
-0.190861,-0.031146,0.408683,0.890699,0.256134,-0.103443,-0.154421,-0.945647,-0.572651,-0.218228,0.681443,0.400308
-0.190939,-0.031129,0.408634,0.890706,0.256091,-0.103524,-0.15431,-0.945666,-0.572605,-0.218231,0.681455,0.400352
-0.190964,-0.031097,0.40856,0.890735,0.256124,-0.103535,-0.154178,-0.945678,-0.572572,-0.218296,0.68143,0.400406
-0.191017,-0.031094,0.408481,0.890761,0.25622,-0.103574,-0.154031,-0.945671,-0.572503,-0.218365,0.68146,0.400417
-0.191049,-0.031118,0.408353,0.890812,0.256214,-0.103474,-0.153973,-0.945696,-0.57245,-0.218469,0.681481,0.400402
-0.191062,-0.031173,0.408261,0.890851,0.256189,-0.103282,-0.153959,-0.94573,-0.572435,-0.218541,0.681487,0.400374
-0.191028,-0.031274,0.408195,0.890888,0.256179,-0.103096,-0.153964,-0.945755,-0.572401,-0.21864,0.681524,0.400306
-0.190994,-0.03142,0.408175,0.890902,0.256273,-0.10284,-0.154173,-0.945728,-0.572375,-0.218699,0.681512,0.40033
-0.190978,-0.03159,0.408265,0.890861,0.256411,-0.102621,-0.154322,-0.945695,-0.572362,-0.21871,0.68152,0.40033
-0.190959,-0.031723,0.408387,0.890807,0.256465,-0.102449,-0.154453,-0.94568,-0.572316,-0.218755,0.681549,0.400325
-0.190969,-0.03185,0.408464,0.890767,0.256546,-0.102369,-0.154469,-0.945665,-0.572265,-0.218733,0.681598,0.400326
-0.191004,-0.03199,0.408504,0.890739,0.256626,-0.102249,-0.154382,-0.945674,-0.572222,-0.21881,0.681645,0.400263
-0.190956,-0.032141,0.408546,0.890727,0.256604,-0.102147,-0.154271,-0.945712,-0.572206,-0.218881,0.681702,0.400152
-0.190939,-0.032242,0.408576,0.890716,0.256618,-0.102053,-0.154197,-0.945732,-0.572161,-0.219042,0.681758,0.40003
-0.190897,-0.032346,0.408487,0.890764,0.256654,-0.101913,-0.154191,-0.945742,-0.572093,-0.219151,0.681848,0.399916
-0.190862,-0.032447,0.408469,0.890779,0.256725,-0.101736,-0.154257,-0.945734,-0.572026,-0.219283,0.681884,0.399878
-0.190829,-0.032492,0.408434,0.890801,0.256753,-0.101596,-0.154402,-0.94572,-0.571983,-0.219393,0.681888,0.399872
-0.190799,-0.032612,0.408468,0.89079,0.256801,-0.101474,-0.154502,-0.945706,-0.571969,-0.219373,0.681891,0.399897
-0.190783,-0.032721,0.408482,0.890785,0.256857,-0.101387,-0.15457,-0.945691,-0.571935,-0.21932,0.6819,0.399961
-0.190712,-0.032823,0.408518,0.890782,0.256952,-0.101295,-0.154622,-0.945668,-0.571916,-0.219207,0.681934,0.399991
-0.190738,-0.03291,0.408531,0.890769,0.257022,-0.101181,-0.154573,-0.945672,-0.571873,-0.219181,0.681954,0.400034
-0.190715,-0.033016,0.408494,0.890789,0.257048,-0.101101,-0.154409,-0.945703,-0.571863,-0.21919,0.681968,0.40002
-0.190722,-0.033137,0.40841,0.890824,0.257093,-0.100967,-0.154303,-0.945725,-0.571773,-0.219241,0.68204,0.399997
-0.190685,-0.033228,0.408282,0.89089,0.257074,-0.100822,-0.154214,-0.945763,-0.5717,-0.219362,0.682103,0.399928
-0.190603,-0.033335,0.408155,0.890964,0.257074,-0.100578,-0.154225,-0.945792,-0.571619,-0.219526,0.682149,0.399878
-0.190563,-0.033528,0.408109,0.89099,0.257048,-0.100313,-0.154298,-0.94582,-0.571515,-0.219695,0.68219,0.399863
-0.190494,-0.033707,0.40814,0.890989,0.257022,-0.100034,-0.154428,-0.94584,-0.57144,-0.219779,0.682231,0.399854
-0.19043,-0.033881,0.408199,0.890971,0.257061,-0.099771,-0.154583,-0.945837,-0.571385,-0.219857,0.682235,0.399884
-0.190349,-0.034082,0.408284,0.890946,0.257073,-0.099488,-0.154733,-0.945845,-0.571293,-0.219895,0.68228,0.399919
-0.19029,-0.034217,0.408348,0.890926,0.257121,-0.09934,-0.154793,-0.94584,-0.571253,-0.219893,0.682307,0.399929
-0.190241,-0.034333,0.408434,0.890895,0.257194,-0.099205,-0.154815,-0.945833,-0.571169,-0.21986,0.682357,0.399981
-0.190309,-0.03449,0.408465,0.890864,0.257319,-0.099099,-0.154833,-0.945809,-0.571114,-0.219858,0.682431,0.399938
-0.190352,-0.034572,0.408432,0.890868,0.257398,-0.09905,-0.15468,-0.945821,-0.571084,-0.219929,0.682473,0.39987
-0.190434,-0.034637,0.408402,0.890863,0.257473,-0.098977,-0.154565,-0.945828,-0.571019,-0.220046,0.682552,0.399761
-0.190418,-0.034702,0.408316,0.890906,0.257568,-0.098968,-0.154477,-0.945818,-0.57099,-0.220235,0.6826,0.399619
-0.190416,-0.034729,0.408224,0.890947,0.257626,-0.098974,-0.154492,-0.9458,-0.570977,-0.220453,0.682602,0.399512
-0.190399,-0.034829,0.408226,0.890949,0.257663,-0.099013,-0.15456,-0.945773,-0.570927,-0.220642,0.68266,0.399382
-0.190427,-0.034917,0.408227,0.890941,0.257713,-0.099043,-0.154647,-0.945742,-0.570908,-0.220761,0.682683,0.399302
-0.190426,-0.035025,0.408342,0.890886,0.257742,-0.099034,-0.154768,-0.945716,-0.570878,-0.220835,0.6827,0.399275
-0.190406,-0.035118,0.408419,0.890853,0.257778,-0.099037,-0.154827,-0.945695,-0.570837,-0.220797,0.682743,0.399282
-0.190433,-0.035212,0.408467,0.890823,0.257809,-0.099063,-0.154812,-0.945685,-0.570857,-0.220709,0.682746,0.399296
-0.190504,-0.035211,0.408469,0.890807,0.257877,-0.099088,-0.154701,-0.945683,-0.570859,-0.220631,0.682745,0.399337
-0.190552,-0.035254,0.408456,0.890802,0.257942,-0.099032,-0.15455,-0.945698,-0.570882,-0.220549,0.682743,0.399353
-0.190628,-0.035316,0.408411,0.890805,0.258019,-0.098995,-0.15449,-0.945692,-0.570893,-0.220522,0.682761,0.399323
-0.190679,-0.035324,0.408303,0.890844,0.258039,-0.098959,-0.154385,-0.945708,-0.570903,-0.220545,0.682797,0.399233
-0.190692,-0.035365,0.408233,0.890873,0.258098,-0.09885,-0.154438,-0.945697,-0.570912,-0.220646,0.682799,0.399163
-0.190679,-0.035398,0.408164,0.890907,0.258141,-0.098729,-0.154562,-0.94568,-0.570903,-0.220721,0.68283,0.399079
-0.190636,-0.035456,0.40822,0.890889,0.258165,-0.098606,-0.154683,-0.945668,-0.5709,-0.220833,0.682844,0.398999
-0.190605,-0.035602,0.408292,0.89086,0.258089,-0.098493,-0.154789,-0.945686,-0.570867,-0.220881,0.682871,0.39897
-0.190601,-0.03571,0.408293,0.890858,0.258069,-0.098412,-0.154868,-0.945687,-0.570815,-0.220877,0.682918,0.398968
-0.190588,-0.035777,0.408276,0.890868,0.258084,-0.098283,-0.15482,-0.945707,-0.570777,-0.220827,0.682951,0.398994
