-0.873541,0.164234,-0.252267,0.383386,0.881224,-0.307887,-0.248906,-0.266043,-0.54132,0.424714,-0.157853,0.702842
-0.873546,0.164222,-0.252219,0.383411,0.881263,-0.30779,-0.248931,-0.266005,-0.541333,0.424689,-0.157824,0.702854
-0.873539,0.164206,-0.252194,0.383448,0.881261,-0.307778,-0.248976,-0.265984,-0.541327,0.424723,-0.157844,0.702832
-0.873536,0.164191,-0.252176,0.383474,0.881255,-0.307802,-0.248992,-0.265965,-0.541275,0.424759,-0.157842,0.702851
-0.873534,0.164177,-0.252174,0.383484,0.881233,-0.30789,-0.249012,-0.265919,-0.541256,0.424773,-0.157865,0.702851
-0.873514,0.16423,-0.252164,0.383517,0.881206,-0.308001,-0.249052,-0.265844,-0.54129,0.424762,-0.157887,0.702828
-0.873495,0.164299,-0.252238,0.383482,0.881175,-0.308145,-0.249068,-0.265771,-0.541291,0.424751,-0.157908,0.702829
-0.873442,0.164455,-0.252355,0.383461,0.881133,-0.308257,-0.249095,-0.265755,-0.541243,0.424781,-0.157925,0.702844
-0.873425,0.164541,-0.252431,0.383414,0.88111,-0.308354,-0.249066,-0.26575,-0.54122,0.4248,-0.157933,0.702847
-0.873407,0.16463,-0.252496,0.383373,0.881106,-0.308452,-0.248992,-0.26572,-0.541155,0.424807,-0.157975,0.702883
-0.873393,0.164682,-0.252555,0.383344,0.88112,-0.308509,-0.248893,-0.265706,-0.541136,0.424811,-0.157993,0.70289
-0.873382,0.164669,-0.252586,0.383353,0.881134,-0.308464,-0.248874,-0.265724,-0.541099,0.424842,-0.158012,0.702896
-0.873389,0.16463,-0.252613,0.383338,0.881189,-0.308379,-0.248783,-0.265725,-0.541073,0.424848,-0.15806,0.702901
-0.873408,0.164505,-0.25259,0.383361,0.881243,-0.308293,-0.248765,-0.265665,-0.541029,0.42485,-0.15804,0.702937
-0.873422,0.16446,-0.252598,0.383342,0.881266,-0.308186,-0.248815,-0.265663,-0.541009,0.42486,-0.158055,0.702943
-0.87346,0.164421,-0.25259,0.38328,0.881287,-0.308191,-0.248812,-0.265592,-0.541008,0.424885,-0.158044,0.70293
-0.873491,0.164409,-0.252596,0.38321,0.881302,-0.308203,-0.248806,-0.265539,-0.541021,0.424871,-0.158024,0.702933
-0.873511,0.164393,-0.252622,0.383155,0.881295,-0.308291,-0.248832,-0.265439,-0.540998,0.424899,-0.158015,0.702935
-0.873538,0.164412,-0.252637,0.383074,0.881283,-0.308403,-0.248889,-0.265303,-0.54101,0.424882,-0.157985,0.702944
-0.873543,0.164522,-0.2527,0.382978,0.881259,-0.308571,-0.248909,-0.265178,-0.541023,0.424876,-0.157932,0.702949
-0.873581,0.164548,-0.252704,0.382877,0.881231,-0.308669,-0.248943,-0.265126,-0.541027,0.424897,-0.157951,0.70293
-0.873612,0.164556,-0.252681,0.382819,0.881219,-0.308749,-0.248957,-0.265061,-0.541063,0.4249,-0.157881,0.702916
-0.873661,0.164558,-0.252641,0.382733,0.881251,-0.308731,-0.248929,-0.265007,-0.54109,0.424909,-0.157799,0.702908
-0.873674,0.164551,-0.252662,0.382694,0.881302,-0.308686,-0.24888,-0.264937,-0.541112,0.424893,-0.157723,0.702917
-0.873696,0.164526,-0.252669,0.382648,0.881327,-0.308635,-0.248814,-0.264972,-0.541126,0.424892,-0.157671,0.702919
-0.873712,0.164438,-0.25262,0.382683,0.881336,-0.308609,-0.248789,-0.264995,-0.54112,0.42489,-0.157613,0.702937
-0.873711,0.164375,-0.252579,0.382738,0.881323,-0.308557,-0.248817,-0.265068,-0.541124,0.424861,-0.157584,0.702959
-0.873722,0.164354,-0.252529,0.382754,0.881302,-0.308478,-0.248891,-0.265158,-0.541085,0.424863,-0.157539,0.702997
-0.873723,0.164334,-0.252471,0.382799,0.881285,-0.308451,-0.248904,-0.265231,-0.541083,0.424825,-0.157496,0.703031
-0.873745,0.164299,-0.252374,0.382826,0.881264,-0.30844,-0.248899,-0.265312,-0.541068,0.42481,-0.157514,0.703047
-0.873744,0.164282,-0.252335,0.382862,0.881265,-0.308459,-0.248852,-0.265332,-0.54107,0.424764,-0.157566,0.703062
-0.873718,0.164306,-0.252406,0.382866,0.881254,-0.308491,-0.248771,-0.265404,-0.541076,0.424737,-0.157615,0.703063
-0.873676,0.16433,-0.252453,0.382918,0.881255,-0.308533,-0.248724,-0.265397,-0.541026,0.424765,-0.157653,0.703076
-0.873661,0.164364,-0.252433,0.382951,0.881243,-0.30851,-0.248766,-0.265421,-0.541018,0.424756,-0.157744,0.703067
-0.87364,0.16438,-0.252411,0.383006,0.881203,-0.308491,-0.248873,-0.265475,-0.541013,0.424713,-0.157761,0.703093
-0.873636,0.16428,-0.252361,0.383089,0.881149,-0.308446,-0.249092,-0.265503,-0.540991,0.424747,-0.157785,0.703084
-0.873643,0.164233,-0.25228,0.383147,0.881146,-0.308378,-0.249155,-0.265528,-0.541017,0.424728,-0.15781,0.703071
-0.873702,0.164125,-0.252145,0.383146,0.881176,-0.308248,-0.249108,-0.265619,-0.541003,0.42471,-0.157808,0.703093
-0.873728,0.164087,-0.252098,0.383136,0.881256,-0.308123,-0.248994,-0.265601,-0.540996,0.424661,-0.157813,0.703126
-0.873766,0.164,-0.252099,0.383084,0.881352,-0.308025,-0.248801,-0.265582,-0.540984,0.424673,-0.157823,0.703126
-0.873759,0.163909,-0.252232,0.383054,0.88144,-0.30794,-0.248631,-0.265548,-0.540968,0.424721,-0.15781,0.703112
-0.87377,0.163834,-0.252337,0.38299,0.881537,-0.307837,-0.248479,-0.265485,-0.540998,0.424762,-0.157799,0.703066
-0.873811,0.163769,-0.252419,0.382869,0.881641,-0.307694,-0.24831,-0.265462,-0.541031,0.424768,-0.157801,0.703037
-0.873896,0.163554,-0.252455,0.382746,0.881784,-0.307397,-0.248216,-0.265418,-0.541024,0.424784,-0.1578,0.703034
-0.874002,0.163299,-0.252438,0.382621,0.881893,-0.307076,-0.248211,-0.265428,-0.541044,0.424782,-0.15777,0.703025
-0.874152,0.162948,-0.252313,0.382511,0.882027,-0.306708,-0.24819,-0.265422,-0.541013,0.424796,-0.157754,0.703045
-0.874312,0.162609,-0.252195,0.382367,0.882153,-0.30637,-0.248228,-0.265357,-0.541046,0.424757,-0.157771,0.703039
-0.874458,0.162306,-0.252147,0.382194,0.882274,-0.306049,-0.248313,-0.265239,-0.541027,0.424744,-0.157778,0.70306
-0.874606,0.161961,-0.252102,0.382029,0.88233,-0.305907,-0.248363,-0.265172,-0.541082,0.424717,-0.157772,0.703037
-0.874772,0.161629,-0.252009,0.38185,0.882387,-0.305784,-0.248401,-0.26509,-0.54116,0.424706,-0.157688,0.703004
-0.874876,0.161397,-0.252065,0.381673,0.882443,-0.305763,-0.248339,-0.264993,-0.54126,0.424639,-0.157603,0.702987
-0.874949,0.161217,-0.252142,0.381531,0.882525,-0.305699,-0.248231,-0.264896,-0.541367,0.424542,-0.157483,0.702992
-0.874981,0.161079,-0.252278,0.381425,0.882606,-0.305666,-0.248035,-0.264846,-0.541458,0.424502,-0.157464,0.702952
-0.875016,0.160988,-0.25238,0.381317,0.882693,-0.305637,-0.247792,-0.264822,-0.541482,0.424499,-0.157474,0.702934
-0.87501,0.160907,-0.252503,0.381284,0.882783,-0.30556,-0.247547,-0.264839,-0.5415,0.424473,-0.157467,0.702938
-0.875006,0.160807,-0.252621,0.381255,0.882882,-0.305448,-0.247263,-0.264896,-0.54148,0.424504,-0.157475,0.702932
-0.875,0.160705,-0.25272,0.381245,0.882968,-0.305338,-0.247042,-0.264943,-0.541514,0.424502,-0.157431,0.702918
-0.875024,0.160524,-0.252746,0.381248,0.882988,-0.305291,-0.246899,-0.265054,-0.541544,0.42449,-0.157407,0.702907
-0.875009,0.160468,-0.252815,0.381259,0.883012,-0.305258,-0.246766,-0.265137,-0.541548,0.424471,-0.157445,0.702907
-0.875012,0.160356,-0.252812,0.3813,0.883004,-0.305235,-0.246734,-0.265213,-0.541506,0.424514,-0.157482,0.702905
-0.874981,0.160305,-0.252852,0.381365,0.882973,-0.305284,-0.246687,-0.2653,-0.541476,0.424476,-0.157552,0.702935
-0.874935,0.160303,-0.252913,0.381432,0.88294,-0.305347,-0.246631,-0.26539,-0.541432,0.42445,-0.157591,0.702976
-0.874904,0.16035,-0.252939,0.381466,0.882896,-0.305456,-0.246595,-0.265441,-0.541418,0.424403,-0.157651,0.703001
-0.874872,0.160371,-0.253023,0.381475,0.882851,-0.305488,-0.246645,-0.265508,-0.541398,0.424394,-0.157642,0.703024
-0.87484,0.160451,-0.253061,0.38149,0.88282,-0.305509,-0.246681,-0.265553,-0.54136,0.424362,-0.157617,0.703078
-0.874843,0.160499,-0.253016,0.381492,0.882792,-0.305491,-0.246758,-0.265593,-0.541322,0.424372,-0.157657,0.703092
-0.874834,0.160503,-0.252972,0.381539,0.882767,-0.305532,-0.246815,-0.265577,-0.541285,0.424385,-0.15771,0.703099
-0.874843,0.160503,-0.252958,0.381528,0.882756,-0.305507,-0.246878,-0.265583,-0.541265,0.424381,-0.157689,0.703122
-0.874859,0.160447,-0.252893,0.38156,0.882738,-0.305458,-0.246956,-0.265624,-0.541216,0.424363,-0.157714,0.703164
-0.874878,0.160406,-0.252832,0.381574,0.882706,-0.305491,-0.246997,-0.265652,-0.541224,0.424372,-0.157738,0.703147
-0.874889,0.160484,-0.252782,0.381548,0.882694,-0.305538,-0.246992,-0.265644,-0.541242,0.424333,-0.157732,0.703159
-0.874895,0.160527,-0.252802,0.381502,0.882675,-0.305601,-0.246979,-0.265649,-0.541289,0.424325,-0.157715,0.703132
-0.874869,0.160569,-0.252827,0.381531,0.882671,-0.305625,-0.247003,-0.265613,-0.541337,0.424281,-0.157664,0.703134
-0.874855,0.16061,-0.252832,0.38154,0.882679,-0.305634,-0.247021,-0.265565,-0.54136,0.424267,-0.157647,0.70313
-0.874868,0.1606,-0.252818,0.381524,0.882663,-0.305638,-0.247057,-0.265577,-0.541353,0.424259,-0.157667,0.703135
-0.874875,0.160563,-0.252824,0.381521,0.882688,-0.305642,-0.246995,-0.265551,-0.541345,0.424256,-0.157681,0.70314
-0.874862,0.160552,-0.252811,0.381563,0.882713,-0.305609,-0.24691,-0.26558,-0.541362,0.424278,-0.157705,0.703109
-0.874856,0.160481,-0.252869,0.381567,0.882745,-0.30555,-0.246869,-0.265582,-0.541374,0.424304,-0.157728,0.703079
-0.874842,0.16042,-0.252934,0.381582,0.882798,-0.305496,-0.246725,-0.265596,-0.541409,0.42431,-0.157773,0.703038
-0.874841,0.160305,-0.252968,0.381608,0.882841,-0.305489,-0.246533,-0.265639,-0.541443,0.424277,-0.157719,0.703045
-0.874842,0.160236,-0.25301,0.381607,0.88288,-0.305438,-0.246393,-0.265696,-0.541507,0.424258,-0.157735,0.703005
-0.874817,0.160171,-0.253144,0.381601,0.882939,-0.305359,-0.246262,-0.265712,-0.541529,0.424245,-0.157747,0.702994
-0.874808,0.16004,-0.253237,0.381614,0.882966,-0.305329,-0.246128,-0.265775,-0.541523,0.424251,-0.157821,0.702978
-0.874809,0.159952,-0.253262,0.381632,0.882999,-0.305242,-0.246035,-0.265848,-0.541518,0.424253,-0.157902,0.702964
-0.87483,0.159816,-0.253274,0.381632,0.883029,-0.305229,-0.24592,-0.265871,-0.54153,0.424261,-0.157977,0.702932
-0.874859,0.15974,-0.253282,0.381591,0.88308,-0.305184,-0.245833,-0.265833,-0.541506,0.424271,-0.158044,0.70293
-0.87487,0.159676,-0.253262,0.381607,0.883097,-0.305228,-0.245757,-0.265799,-0.541435,0.424268,-0.158134,0.702966
-0.874879,0.159622,-0.253299,0.381581,0.883111,-0.305306,-0.245704,-0.265717,-0.541384,0.424315,-0.158263,0.702947
-0.874883,0.159598,-0.253323,0.381569,0.883121,-0.305406,-0.245624,-0.265649,-0.541397,0.424352,-0.158304,0.702906
-0.874854,0.159593,-0.253391,0.381591,0.883107,-0.305498,-0.245676,-0.265542,-0.541439,0.424366,-0.158381,0.702848
-0.874846,0.15957,-0.253409,0.381606,0.883068,-0.305602,-0.24572,-0.265515,-0.54146,0.424346,-0.15845,0.70283
-0.874847,0.159519,-0.253411,0.381623,0.883023,-0.305641,-0.245855,-0.265499,-0.541515,0.424341,-0.158494,0.702781
-0.874887,0.159431,-0.253383,0.381587,0.882991,-0.305661,-0.245986,-0.265462,-0.541526,0.424352,-0.158495,0.702768
-0.874913,0.15937,-0.253292,0.38161,0.882983,-0.305606,-0.246087,-0.265455,-0.541557,0.424343,-0.158505,0.702746
-0.87492,0.159331,-0.253305,0.381604,0.883017,-0.305532,-0.246088,-0.265426,-0.541556,0.424314,-0.158545,0.702756
-0.874932,0.159257,-0.253309,0.381605,0.883042,-0.305476,-0.246054,-0.265439,-0.541595,0.424316,-0.158526,0.70273
-0.874962,0.159147,-0.253287,0.381595,0.883089,-0.305384,-0.245981,-0.265452,-0.541597,0.42432,-0.158566,0.702718
-0.874974,0.159102,-0.253241,0.381615,0.883106,-0.305378,-0.245912,-0.265468,-0.541613,0.424323,-0.158574,0.702702
-0.874988,0.159058,-0.253231,0.381611,0.883092,-0.305404,-0.245873,-0.26552,-0.541626,0.424316,-0.158557,0.7027
-0.874978,0.159057,-0.253253,0.381618,0.883123,-0.305377,-0.245808,-0.26551,-0.541645,0.424314,-0.158567,0.702685
-0.874964,0.159024,-0.253288,0.38164,0.88315,-0.30539,-0.245673,-0.265525,-0.541662,0.424305,-0.158577,0.702675
-0.874947,0.159029,-0.253305,0.381667,0.883145,-0.305435,-0.245635,-0.265527,-0.541657,0.424285,-0.158601,0.702686
-0.87493,0.158993,-0.253311,0.381715,0.883148,-0.305462,-0.245595,-0.265524,-0.541667,0.424226,-0.158587,0.702717
-0.874916,0.158979,-0.253356,0.381722,0.883092,-0.305537,-0.245659,-0.265566,-0.541643,0.424228,-0.158651,0.70272
-0.874904,0.158944,-0.253365,0.381759,0.883054,-0.305575,-0.245708,-0.265604,-0.54161,0.424247,-0.158702,0.702721
-0.874905,0.158929,-0.25336,0.381764,0.883013,-0.305566,-0.245811,-0.26565,-0.541651,0.424213,-0.158719,0.702708
-0.874893,0.158907,-0.253375,0.381793,0.882963,-0.305595,-0.245881,-0.265716,-0.541723,0.424173,-0.158686,0.702685
-0.874877,0.158945,-0.253396,0.381799,0.882971,-0.305542,-0.245864,-0.265763,-0.541755,0.424135,-0.158632,0.702696
-0.874881,0.158909,-0.253397,0.381802,0.883026,-0.305433,-0.245789,-0.265773,-0.541793,0.4241,-0.158633,0.702689
-0.874880953149228,0.158890074613172,-0.253400392950049,0.381801882111971,0.883024509006728,-0.30543633454711,-0.245799147804068,-0.265765573054165,-0.541799923649551,0.424080678466666,-0.158632343195266,0.702689989831257
-0.874880812434744,0.158872347598032,-0.253407200479582,0.381801553937187,0.883020249001,-0.30544561720528,-0.245827719463042,-0.265744898042786,-0.541806016987975,0.424063171517135,-0.158630514792899,0.702692767448336
-0.874880577613294,0.158855866356808,-0.253416781170591,0.381801053709604,0.883013539443949,-0.305459766499772,-0.245871907347078,-0.265713383705052,-0.541811328116053,0.424047338040905,-0.158627727810651,0.702697045036201
-0.874880248441626,0.158840678291728,-0.253428493605066,0.381800419663177,0.883004699796709,-0.305477700955849,-0.245928903826331,-0.265673438780155,-0.541815905134568,0.424033036927476,-0.158624195266272,0.702702534779814
-0.874879824676486,0.158826830805019,-0.253441696365001,0.381799690031862,0.882994049520412,-0.305498339098771,-0.245995901270956,-0.265627472007283,-0.541819796144302,0.424020127066347,-0.158620130177515,0.70270894886414
-0.874879306074621,0.158814371298908,-0.253455748032386,0.381798903049613,0.882981908076193,-0.305520599453801,-0.246070092051109,-0.265577892125626,-0.541823049246039,0.424008467347016,-0.15861574556213,0.702715999474143
-0.874878692392778,0.158803347175623,-0.253470007189213,0.381798096950387,0.882968594925183,-0.305543400546199,-0.246148668536944,-0.265527107874374,-0.541825712540561,0.423997916658984,-0.15861125443787,0.702723398794784
-0.874877983387703,0.158793805837391,-0.253483832417475,0.381797309968138,0.882954429528517,-0.305565660901229,-0.246228823098618,-0.265477527992717,-0.54182783412865,0.423988333891749,-0.158606869822485,0.702730859011027
-0.874877178816144,0.158785794686441,-0.253496582299162,0.381796580336823,0.882939731347328,-0.305586299044151,-0.246307748106286,-0.265431561219845,-0.54182946211109,0.423979577934811,-0.158602804733728,0.702738092307837
-0.874876278434847,0.158779361124999,-0.253507615416266,0.381795946290396,0.882924819842748,-0.305604233500228,-0.246382635930103,-0.265391616294948,-0.541830644588662,0.423971507677667,-0.158599272189349,0.702744810870175
-0.87487528200056,0.158774552555293,-0.253516290350779,0.381795446062813,0.882910014475912,-0.30561838279472,-0.246450678940224,-0.265360101957214,-0.541831429662149,0.423963982009818,-0.158596485207101,0.702750726883006
-0.874874189270028,0.158771416379551,-0.253521965684693,0.381795117888029,0.882895634707951,-0.30562766545289,-0.246509069506804,-0.265339426945835,-0.541831865432334,0.423956859820763,-0.158594656804734,0.702755552531294
-0.874873,0.15877,-0.253524,0.381795,0.882882,-0.305631,-0.246555,-0.265332,-0.541832,0.42395,-0.158594,0.702759
-0.874869598094432,0.158769500438202,-0.253478850240484,0.381834605456367,0.882867945819058,-0.305630130081301,-0.246586350756045,-0.265343248812915,-0.541830962962963,0.42394519626965,-0.158601777777778,0.702760797686005
-0.874864576824994,0.15876913910799,-0.25337881159208,0.381915988690513,0.882852662098718,-0.305627260162602,-0.246612969569942,-0.265369830959164,-0.541829037037037,0.423941354099379,-0.158616222222222,0.702762153744963
-0.874862,0.158769,-0.253277,0.381983,0.882837,-0.305622,-0.24665,-0.265401,-0.541828,0.423934,-0.158624,0.702765
-0.87487,0.158784,-0.25319,0.382016,0.882821,-0.305577,-0.246723,-0.265439,-0.541836,0.423898,-0.158598,0.702786
-0.874851,0.15876,-0.253159,0.382088,0.882813,-0.305435,-0.246822,-0.26553,-0.541869,0.423836,-0.15862,0.702795
-0.874869,0.158646,-0.253065,0.382155,0.882796,-0.305366,-0.246938,-0.265557,-0.54189,0.423822,-0.158656,0.702781
-0.874886,0.15856,-0.252986,0.382206,0.882757,-0.305289,-0.24708,-0.26564,-0.541873,0.423823,-0.158687,0.702785
-0.874895,0.158479,-0.252858,0.382302,0.882709,-0.305299,-0.24721,-0.265664,-0.54188,0.42384,-0.158716,0.702763
-0.874877,0.158507,-0.252783,0.382379,0.882685,-0.30532,-0.247286,-0.265649,-0.541897,0.423808,-0.158709,0.702772
-0.874851,0.158497,-0.252769,0.382452,0.882648,-0.305323,-0.247382,-0.265681,-0.541886,0.423801,-0.158705,0.702785
-0.874819,0.158466,-0.252767,0.38254,0.882623,-0.305301,-0.247485,-0.265691,-0.541928,0.423773,-0.158738,0.702763
-0.874812,0.158436,-0.252743,0.382584,0.8826,-0.305302,-0.247512,-0.26574,-0.541913,0.423791,-0.158738,0.702763
-0.874819,0.1584,-0.252709,0.382605,0.882611,-0.305288,-0.247444,-0.265777,-0.541887,0.423766,-0.158704,0.702806
-0.874806,0.158452,-0.252706,0.382613,0.882637,-0.305308,-0.247255,-0.265846,-0.541864,0.423757,-0.158718,0.702825
-0.874799,0.158458,-0.252716,0.382622,0.882718,-0.30522,-0.247026,-0.265885,-0.541861,0.423732,-0.158727,0.702841
-0.874807,0.158398,-0.252774,0.382589,0.882852,-0.305097,-0.246704,-0.265881,-0.541873,0.423735,-0.158744,0.702827
-0.874812,0.158324,-0.252896,0.382529,0.882987,-0.304955,-0.246443,-0.265836,-0.541874,0.423744,-0.158714,0.702826
-0.874816,0.158242,-0.252956,0.382513,0.883094,-0.30476,-0.246274,-0.265858,-0.541848,0.423776,-0.158746,0.702819
-0.874864,0.15806,-0.252998,0.382449,0.88324,-0.304506,-0.246118,-0.265809,-0.54189,0.423773,-0.158744,0.70279
-0.874958,0.157847,-0.252943,0.382357,0.883374,-0.304216,-0.246021,-0.265779,-0.541899,0.423795,-0.158744,0.702769
-0.875059,0.157552,-0.252895,0.382278,0.883477,-0.304041,-0.245962,-0.265694,-0.541932,0.423785,-0.158743,0.702753
-0.875135,0.157377,-0.252927,0.382156,0.883563,-0.303934,-0.24594,-0.265555,-0.541968,0.423766,-0.15877,0.70273
-0.875188,0.15727,-0.252975,0.382047,0.883605,-0.303911,-0.245926,-0.265455,-0.541975,0.423761,-0.158789,0.702724
-0.875233,0.157253,-0.253018,0.381922,0.883642,-0.304,-0.245907,-0.265257,-0.542012,0.423783,-0.158756,0.70269
-0.87525,0.157279,-0.25311,0.381812,0.883655,-0.304098,-0.245926,-0.265094,-0.542,0.423811,-0.15874,0.702685
-0.875285,0.157311,-0.253155,0.38169,0.883678,-0.304173,-0.245941,-0.264922,-0.542054,0.423814,-0.158721,0.702646
-0.875319,0.157393,-0.253261,0.38151,0.883653,-0.304233,-0.24605,-0.264839,-0.542048,0.423825,-0.158595,0.702673
-0.875339,0.15747,-0.253283,0.381419,0.883634,-0.304266,-0.246211,-0.264722,-0.542055,0.423832,-0.158553,0.702672
-0.875419,0.157418,-0.253194,0.381318,0.883619,-0.304207,-0.246415,-0.264651,-0.542072,0.423823,-0.158567,0.702661
-0.875492,0.157325,-0.253087,0.381259,0.883612,-0.304042,-0.246672,-0.264622,-0.542046,0.423875,-0.15858,0.702646
-0.875576,0.157186,-0.252911,0.381242,0.883564,-0.303989,-0.246943,-0.26459,-0.542081,0.423831,-0.158576,0.702648
-0.875645,0.157069,-0.252728,0.381253,0.883534,-0.303913,-0.247112,-0.264618,-0.542076,0.423813,-0.15855,0.702668
-0.875709,0.157005,-0.252595,0.381219,0.883518,-0.303871,-0.247197,-0.26464,-0.542084,0.423742,-0.158494,0.702718
-0.875735,0.15706,-0.252501,0.381199,0.883527,-0.303855,-0.247197,-0.264626,-0.542052,0.423733,-0.158488,0.702749
-0.87576,0.157028,-0.252436,0.381197,0.883533,-0.303833,-0.24716,-0.264665,-0.542067,0.423706,-0.158429,0.702767
-0.875733,0.157067,-0.252449,0.381238,0.88356,-0.303835,-0.247055,-0.264672,-0.542081,0.423676,-0.1584,0.702782
-0.875727,0.157143,-0.252484,0.381197,0.883555,-0.303865,-0.246943,-0.264755,-0.542073,0.423686,-0.158397,0.702782
-0.875706,0.157129,-0.252548,0.381207,0.883571,-0.30384,-0.246898,-0.264772,-0.542077,0.423672,-0.15842,0.702782
-0.875678,0.157086,-0.252566,0.381277,0.883588,-0.303805,-0.246831,-0.264816,-0.542076,0.423677,-0.158419,0.702781
-0.875645,0.157075,-0.252614,0.381323,0.883607,-0.303746,-0.246797,-0.264848,-0.542051,0.423676,-0.158447,0.702793
-0.875633,0.157028,-0.252629,0.381359,0.883603,-0.30369,-0.246849,-0.264876,-0.542063,0.423647,-0.15846,0.7028
-0.875621,0.156966,-0.252639,0.381405,0.883586,-0.303696,-0.246881,-0.264895,-0.542066,0.42364,-0.158423,0.702809
-0.875635,0.156863,-0.252612,0.381433,0.883588,-0.303619,-0.246945,-0.264916,-0.542055,0.423648,-0.158415,0.702814
-0.875644,0.156801,-0.252598,0.381447,0.883598,-0.303535,-0.247013,-0.264915,-0.542026,0.423668,-0.158409,0.702826
-0.875648,0.156796,-0.252587,0.381448,0.8836,-0.303453,-0.247052,-0.264961,-0.542006,0.423625,-0.15841,0.702866
-0.875669,0.156758,-0.252522,0.381457,0.88358,-0.303439,-0.247123,-0.264978,-0.541999,0.423617,-0.158393,0.702881
-0.875685,0.156682,-0.252469,0.381485,0.883562,-0.303431,-0.247244,-0.264935,-0.541927,0.4236,-0.158448,0.702932
-0.875701,0.156695,-0.252405,0.381486,0.883533,-0.303416,-0.247361,-0.264939,-0.541902,0.423568,-0.158463,0.702968
-0.875741,0.156672,-0.252285,0.381484,0.883511,-0.303404,-0.247478,-0.264916,-0.541877,0.423526,-0.15849,0.703006
-0.875775,0.156713,-0.252164,0.38147,0.88346,-0.303397,-0.247607,-0.264971,-0.541807,0.423493,-0.158465,0.703084
-0.875791,0.156782,-0.252096,0.381449,0.883414,-0.303446,-0.247628,-0.265049,-0.541768,0.423473,-0.158396,0.70314
-0.875784,0.156859,-0.252016,0.381486,0.883443,-0.303422,-0.247584,-0.265021,-0.541723,0.423506,-0.158366,0.703161
-0.875764,0.156894,-0.25202,0.381515,0.883464,-0.303405,-0.24751,-0.265039,-0.541695,0.423492,-0.158361,0.703192
-0.875755,0.156926,-0.251969,0.381558,0.883499,-0.303332,-0.247433,-0.265075,-0.541634,0.423543,-0.158308,0.703219
-0.875705,0.156979,-0.251985,0.381642,0.883532,-0.303279,-0.247348,-0.265102,-0.541598,0.423606,-0.158301,0.70321
-0.875689,0.156976,-0.252005,0.381663,0.883557,-0.303266,-0.24727,-0.265109,-0.541576,0.423647,-0.158309,0.703198
-0.875663,0.156912,-0.252045,0.381724,0.883578,-0.303283,-0.247186,-0.265096,-0.541607,0.423657,-0.15834,0.703163
-0.875649,0.156853,-0.252057,0.38177,0.88358,-0.303322,-0.2471,-0.265127,-0.541584,0.423714,-0.158355,0.703142
-0.875623,0.156805,-0.252077,0.381835,0.883612,-0.30331,-0.247002,-0.265123,-0.541551,0.423818,-0.158335,0.703108
-0.875622,0.156814,-0.25207,0.381839,0.883637,-0.303332,-0.2469,-0.265111,-0.541567,0.423866,-0.158398,0.703053
-0.875619,0.156846,-0.252154,0.381778,0.88366,-0.303361,-0.246819,-0.265077,-0.541575,0.423841,-0.158444,0.703051
-0.875602,0.15686,-0.252223,0.381765,0.883705,-0.303367,-0.246712,-0.265022,-0.541574,0.423869,-0.158448,0.703034
-0.875609,0.156905,-0.252319,0.381668,0.883729,-0.303368,-0.246677,-0.264977,-0.541547,0.423947,-0.158434,0.70301
-0.875618,0.156962,-0.25241,0.381565,0.883736,-0.303405,-0.246643,-0.264945,-0.541542,0.423993,-0.158414,0.70299
-0.8756,0.156977,-0.252495,0.381544,0.883762,-0.303446,-0.246601,-0.264855,-0.541533,0.424021,-0.158439,0.702974
-0.875592,0.157032,-0.252593,0.381474,0.883776,-0.303512,-0.246523,-0.264807,-0.541528,0.42401,-0.158424,0.702989
-0.875596,0.157038,-0.252629,0.38144,0.883787,-0.303547,-0.246456,-0.264794,-0.541508,0.424022,-0.158385,0.703005
-0.875587,0.15708,-0.252686,0.381405,0.883775,-0.303587,-0.246394,-0.264844,-0.541518,0.424023,-0.158367,0.703001
-0.875567,0.157149,-0.252772,0.38137,0.883764,-0.303636,-0.246342,-0.264874,-0.541505,0.423991,-0.158332,0.703038
-0.875566,0.157127,-0.252767,0.38138,0.883744,-0.303651,-0.246364,-0.264901,-0.541488,0.42401,-0.15839,0.703025
-0.875546,0.157114,-0.25274,0.381448,0.883728,-0.303581,-0.246426,-0.264973,-0.541459,0.424049,-0.158411,0.70302
-0.875553,0.157105,-0.252666,0.381487,0.883697,-0.303487,-0.246527,-0.265084,-0.54141,0.424083,-0.158395,0.70304
-0.875575,0.157038,-0.252555,0.381537,0.883692,-0.303414,-0.246594,-0.265119,-0.541391,0.424091,-0.15839,0.703049
-0.875593,0.156989,-0.252448,0.381587,0.883699,-0.303357,-0.246547,-0.265201,-0.541342,0.424089,-0.15841,0.703084
-0.875582,0.156981,-0.252403,0.381643,0.883717,-0.303319,-0.246467,-0.265257,-0.541349,0.424078,-0.158395,0.703089
-0.875561,0.15694,-0.252432,0.381689,0.883734,-0.303319,-0.246428,-0.265236,-0.541332,0.424089,-0.158299,0.703116
-0.875527,0.156975,-0.25251,0.3817,0.883715,-0.30334,-0.246472,-0.265235,-0.541362,0.424035,-0.158292,0.703128
-0.875537,0.156929,-0.252533,0.381683,0.883719,-0.303349,-0.246431,-0.265249,-0.541353,0.424037,-0.158323,0.703126
-0.875542,0.156928,-0.252518,0.381682,0.883724,-0.303391,-0.246425,-0.265195,-0.541367,0.424053,-0.158393,0.703091
-0.875543,0.156956,-0.252508,0.381674,0.883712,-0.303395,-0.246455,-0.265202,-0.541371,0.424085,-0.158418,0.703062
-0.875542,0.156914,-0.252488,0.381706,0.883688,-0.303388,-0.246464,-0.265278,-0.541347,0.424105,-0.158426,0.703066
-0.875555,0.156872,-0.252463,0.381711,0.883699,-0.30337,-0.246486,-0.265241,-0.541289,0.424134,-0.158471,0.703083
-0.875564,0.156832,-0.252485,0.381693,0.883726,-0.303345,-0.246508,-0.265161,-0.541232,0.424163,-0.158475,0.703107
-0.87557,0.156817,-0.252468,0.381696,0.88372,-0.303398,-0.246508,-0.265127,-0.541218,0.424192,-0.158475,0.7031
-0.875579,0.156812,-0.25249,0.381661,0.88376,-0.303374,-0.246459,-0.265064,-0.541227,0.424178,-0.158435,0.703111
-0.875597,0.156787,-0.252531,0.381604,0.883768,-0.303377,-0.246452,-0.265045,-0.541223,0.424179,-0.1585,0.703098
-0.875605,0.156778,-0.252543,0.38158,0.883774,-0.303404,-0.246438,-0.265006,-0.541223,0.424209,-0.158477,0.703086
-0.875619,0.156743,-0.25255,0.381559,0.883782,-0.303414,-0.24645,-0.26496,-0.541216,0.4242,-0.158482,0.703095
-0.875646,0.156692,-0.252561,0.381512,0.883775,-0.303506,-0.246417,-0.264913,-0.541252,0.424219,-0.158513,0.70305
-0.875669,0.156669,-0.252619,0.38143,0.883761,-0.303542,-0.246466,-0.264873,-0.541275,0.424232,-0.158482,0.70303
-0.875706,0.156627,-0.252659,0.381337,0.883757,-0.303548,-0.246522,-0.264828,-0.541277,0.424263,-0.158456,0.703017
-0.875721,0.156555,-0.252717,0.381291,0.883768,-0.30352,-0.246579,-0.264776,-0.541316,0.424228,-0.15844,0.703012
-0.875738,0.156567,-0.252716,0.38125,0.883772,-0.303534,-0.246601,-0.264724,-0.541324,0.424214,-0.15841,0.703022
-0.87576,0.156533,-0.252712,0.381215,0.883801,-0.303528,-0.246552,-0.264685,-0.541315,0.424228,-0.158418,0.703017
-0.875759,0.156517,-0.25271,0.381224,0.883816,-0.303552,-0.246478,-0.264675,-0.541332,0.424262,-0.158405,0.702986
-0.875736,0.156456,-0.25275,0.381275,0.883806,-0.303576,-0.246435,-0.26472,-0.541287,0.42426,-0.158424,0.703018
-0.875702,0.156475,-0.252843,0.381283,0.883786,-0.303636,-0.246411,-0.26474,-0.541298,0.424255,-0.158388,0.703021
-0.875685,0.156495,-0.252871,0.381296,0.883764,-0.303631,-0.246482,-0.264753,-0.541261,0.424298,-0.158372,0.703026
-0.87568,0.156474,-0.252862,0.38132,0.883776,-0.30358,-0.246499,-0.264753,-0.541286,0.424255,-0.158337,0.703041
-0.875671,0.156468,-0.252837,0.381362,0.883773,-0.30358,-0.246516,-0.264748,-0.541272,0.424246,-0.158303,0.703064
-0.875674,0.156477,-0.252842,0.381348,0.883751,-0.303574,-0.246548,-0.264797,-0.541247,0.424208,-0.158265,0.703115
-0.875676,0.156481,-0.252805,0.381366,0.883748,-0.303569,-0.246551,-0.264811,-0.541217,0.424212,-0.158236,0.703141
-0.875665,0.156477,-0.252847,0.381364,0.88376,-0.303589,-0.246471,-0.264823,-0.5412,0.424225,-0.158231,0.703146
-0.875651,0.156423,-0.252882,0.381396,0.883774,-0.303628,-0.246421,-0.264778,-0.541166,0.424233,-0.158228,0.703169
-0.875628,0.156433,-0.252926,0.381415,0.8838,-0.303679,-0.246324,-0.264727,-0.541171,0.424235,-0.158237,0.703161
-0.875586,0.156448,-0.25301,0.381448,0.88381,-0.30371,-0.246324,-0.264658,-0.541185,0.424248,-0.158288,0.703131
-0.87558,0.156465,-0.253072,0.381415,0.883834,-0.303742,-0.246301,-0.264568,-0.541153,0.424295,-0.158317,0.703122
-0.875582,0.156426,-0.253105,0.381402,0.883865,-0.303764,-0.246235,-0.264505,-0.541137,0.424327,-0.15831,0.703115
-0.875582,0.156442,-0.253174,0.381353,0.883876,-0.303802,-0.246256,-0.26441,-0.541175,0.42435,-0.158348,0.703065
-0.875579,0.156417,-0.253238,0.381326,0.883872,-0.303885,-0.246268,-0.264318,-0.541174,0.424373,-0.158361,0.703048
-0.875586,0.156407,-0.25329,0.38128,0.883857,-0.303979,-0.246285,-0.264249,-0.541178,0.424414,-0.15838,0.703015
-0.875586,0.156414,-0.253298,0.381271,0.883858,-0.303996,-0.246284,-0.264228,-0.541187,0.424442,-0.158392,0.70299
-0.875607,0.156406,-0.253308,0.38122,0.883854,-0.304005,-0.246251,-0.264261,-0.541228,0.424427,-0.158398,0.702965
-0.875611,0.156358,-0.253338,0.38121,0.883888,-0.303961,-0.246165,-0.264277,-0.541257,0.424438,-0.158386,0.702941
-0.87563,0.156334,-0.253372,0.381155,0.88397,-0.30385,-0.246019,-0.264266,-0.541286,0.424458,-0.158384,0.702907
-0.87563,0.156298,-0.253391,0.381155,0.884047,-0.303727,-0.245885,-0.264273,-0.541328,0.42445,-0.158361,0.702886
-0.875645,0.156227,-0.253438,0.381122,0.884061,-0.303677,-0.245851,-0.264312,-0.541343,0.424424,-0.158351,0.702892
-0.875645,0.156099,-0.253479,0.381143,0.884086,-0.303617,-0.245855,-0.264291,-0.541383,0.424439,-0.158357,0.702851
-0.875655,0.156009,-0.253525,0.381126,0.884065,-0.303684,-0.245908,-0.26424,-0.541417,0.424474,-0.158315,0.702815
-0.875645,0.155975,-0.253595,0.381115,0.884037,-0.3038,-0.245959,-0.264157,-0.541417,0.424482,-0.158353,0.702801
-0.875633,0.15595,-0.253708,0.38108,0.884012,-0.30391,-0.245985,-0.264092,-0.541422,0.424459,-0.158339,0.702814
-0.87561,0.155926,-0.253845,0.381051,0.884,-0.304014,-0.24591,-0.264086,-0.541421,0.424483,-0.158305,0.702808
-0.875579,0.155903,-0.254022,0.381013,0.884071,-0.303896,-0.24581,-0.264076,-0.541415,0.424464,-0.158236,0.702839
-0.875589,0.155826,-0.254137,0.380945,0.884177,-0.303689,-0.245645,-0.264111,-0.541418,0.42447,-0.158237,0.702833
-0.875636,0.155593,-0.254155,0.380916,0.884313,-0.303364,-0.245452,-0.2642,-0.541451,0.424457,-0.158267,0.70281
-0.875714,0.155273,-0.254092,0.380909,0.884467,-0.302999,-0.245197,-0.264329,-0.541413,0.424535,-0.158363,0.70277
-0.875785,0.154933,-0.254012,0.380934,0.884606,-0.302654,-0.245011,-0.264423,-0.541414,0.424536,-0.158397,0.70276
-0.875863,0.154611,-0.253942,0.380933,0.884724,-0.302291,-0.244929,-0.264508,-0.541406,0.424576,-0.158445,0.702731
-0.875976,0.154221,-0.253842,0.380892,0.884807,-0.301944,-0.244904,-0.264642,-0.541422,0.424611,-0.15851,0.702684
-0.876071,0.153912,-0.253754,0.380857,0.884887,-0.301591,-0.244905,-0.264767,-0.541376,0.424658,-0.158555,0.70268
-0.876168,0.153581,-0.253624,0.380853,0.884958,-0.301276,-0.244927,-0.264858,-0.541378,0.424663,-0.158528,0.702681
-0.876275,0.153257,-0.253486,0.38083,0.885039,-0.301037,-0.244935,-0.26485,-0.541389,0.424668,-0.158504,0.702675
-0.876376,0.15297,-0.253378,0.380781,0.885127,-0.300827,-0.244906,-0.26482,-0.541417,0.424638,-0.158575,0.702657
-0.876436,0.152809,-0.253327,0.380741,0.885176,-0.300741,-0.244905,-0.264756,-0.541427,0.424619,-0.158663,0.702641
-0.876468,0.152763,-0.253306,0.3807,0.885213,-0.300733,-0.244894,-0.264653,-0.541444,0.424632,-0.158696,0.702613
-0.876495,0.152744,-0.253375,0.3806,0.885222,-0.300821,-0.244918,-0.264507,-0.541474,0.424621,-0.158701,0.702597
-0.876525,0.15276,-0.253386,0.380519,0.885229,-0.300881,-0.244945,-0.264396,-0.541482,0.424562,-0.158691,0.702628
-0.876538,0.152782,-0.253404,0.380468,0.885264,-0.300954,-0.244922,-0.264222,-0.541435,0.424621,-0.158661,0.702635
-0.876549,0.152878,-0.253445,0.380379,0.885315,-0.300946,-0.244883,-0.264103,-0.541355,0.424641,-0.158638,0.702689
-0.876554,0.15296,-0.253507,0.380293,0.88535,-0.300923,-0.244886,-0.264013,-0.541313,0.424654,-0.158589,0.702722
-0.87657,0.152962,-0.253529,0.380242,0.885382,-0.300832,-0.244882,-0.264011,-0.541304,0.424652,-0.158522,0.702745
-0.876611,0.152917,-0.253521,0.380169,0.88543,-0.300706,-0.244851,-0.264021,-0.541285,0.424681,-0.158509,0.702743
-0.876665,0.152775,-0.253485,0.380126,0.885471,-0.300561,-0.244841,-0.264054,-0.541279,0.424739,-0.158501,0.702716
-0.876691,0.152653,-0.25342,0.380158,0.885485,-0.300466,-0.244869,-0.264086,-0.541288,0.424743,-0.158541,0.702697
-0.87673,0.152529,-0.253356,0.380161,0.885468,-0.300455,-0.244882,-0.264142,-0.541286,0.424782,-0.158531,0.702677
-0.876727,0.152542,-0.253351,0.380165,0.885444,-0.300532,-0.244881,-0.264136,-0.541299,0.424829,-0.158508,0.702643
-0.876723,0.152523,-0.253338,0.380193,0.885413,-0.300553,-0.244896,-0.264201,-0.541324,0.424819,-0.158519,0.702629
-0.876712,0.152559,-0.253388,0.380167,0.885385,-0.300631,-0.244887,-0.264215,-0.541343,0.424827,-0.158544,0.702604
-0.876675,0.15264,-0.253429,0.380192,0.88538,-0.300694,-0.244885,-0.264164,-0.541355,0.424835,-0.158522,0.702596
-0.876658,0.152685,-0.253482,0.380181,0.885359,-0.300717,-0.244927,-0.264168,-0.541317,0.424856,-0.158524,0.702609
-0.876619,0.152745,-0.253578,0.380184,0.885381,-0.300673,-0.24494,-0.264134,-0.541332,0.424858,-0.158507,0.702602
-0.876598,0.152801,-0.253676,0.380143,0.88539,-0.300688,-0.244943,-0.264089,-0.541298,0.424875,-0.158488,0.70262
-0.876579,0.152843,-0.253738,0.38013,0.885378,-0.300717,-0.244992,-0.264049,-0.54132,0.424846,-0.158516,0.702616
-0.87659,0.152782,-0.253758,0.380113,0.885385,-0.300724,-0.24501,-0.264004,-0.541305,0.424878,-0.158531,0.702604
-0.876571,0.152774,-0.253766,0.380154,0.885363,-0.300747,-0.245076,-0.263993,-0.541276,0.424878,-0.158557,0.70262
-0.876588,0.152763,-0.253736,0.38014,0.885333,-0.300757,-0.245174,-0.263989,-0.541229,0.424902,-0.158569,0.702639
-0.876587,0.152749,-0.253734,0.380147,0.885325,-0.300771,-0.245199,-0.263976,-0.541232,0.424878,-0.158598,0.702644
-0.8766,0.152695,-0.253707,0.380159,0.885264,-0.300852,-0.245318,-0.263983,-0.541201,0.424898,-0.158647,0.702644
-0.8766,0.152724,-0.253683,0.380164,0.88523,-0.300844,-0.24544,-0.263989,-0.54121,0.424892,-0.158623,0.702647
-0.876613,0.15275,-0.253672,0.380132,0.885175,-0.300918,-0.245551,-0.263989,-0.54121,0.424891,-0.158625,0.702648
-0.876614,0.152788,-0.253602,0.38016,0.885151,-0.300969,-0.245608,-0.263959,-0.541168,0.424884,-0.158623,0.702683
-0.876618,0.152748,-0.253561,0.380194,0.885169,-0.300969,-0.245566,-0.263937,-0.541212,0.42487,-0.158577,0.70267
-0.876594,0.15279,-0.253578,0.380223,0.885198,-0.300918,-0.24546,-0.263993,-0.54123,0.424865,-0.158543,0.702667
-0.876556,0.15275,-0.253644,0.380279,0.885231,-0.300866,-0.245337,-0.264055,-0.541221,0.424879,-0.158563,0.702659
-0.876529,0.152739,-0.253671,0.380328,0.885278,-0.300846,-0.245185,-0.264061,-0.541234,0.424852,-0.158543,0.702672
-0.876526,0.15268,-0.253723,0.380325,0.885339,-0.300752,-0.245081,-0.264059,-0.541264,0.424865,-0.158552,0.702638
-0.876533,0.152684,-0.253698,0.380323,0.885378,-0.30068,-0.244995,-0.264086,-0.541302,0.424837,-0.158574,0.702622
-0.876529,0.152659,-0.253677,0.380356,0.885401,-0.300634,-0.244979,-0.264079,-0.541251,0.424851,-0.158597,0.702647
-0.876538,0.152603,-0.253645,0.380379,0.885394,-0.300629,-0.245019,-0.264071,-0.541256,0.424801,-0.158587,0.702676
-0.876547,0.152653,-0.253582,0.380378,0.885376,-0.300678,-0.245078,-0.264022,-0.541235,0.424766,-0.158578,0.702715
-0.876552,0.152696,-0.253594,0.380344,0.885338,-0.300755,-0.245167,-0.263981,-0.541229,0.424738,-0.158585,0.702735
-0.876546,0.152811,-0.253571,0.380329,0.885296,-0.300842,-0.245314,-0.263893,-0.54122,0.424757,-0.158605,0.702725
-0.876544,0.152899,-0.253557,0.380308,0.885249,-0.3009,-0.245457,-0.263856,-0.541252,0.424736,-0.158573,0.702721
-0.876562,0.152923,-0.253499,0.380295,0.885198,-0.300924,-0.245654,-0.263815,-0.541213,0.424775,-0.158595,0.702722
-0.876561,0.152981,-0.253434,0.380318,0.885124,-0.300989,-0.245846,-0.26381,-0.541236,0.42475,-0.15861,0.702718
-0.876541,0.153079,-0.253401,0.380349,0.885068,-0.301073,-0.245962,-0.263795,-0.5413,0.424678,-0.158596,0.702716
-0.876524,0.15312,-0.253407,0.380367,0.885035,-0.301193,-0.24592,-0.26381,-0.541298,0.42464,-0.158551,0.70275
-0.876517,0.153057,-0.25337,0.380428,0.885055,-0.301178,-0.245836,-0.263836,-0.541319,0.424609,-0.158476,0.70277
-0.876501,0.153059,-0.253415,0.380435,0.88512,-0.301016,-0.245685,-0.263939,-0.541382,0.424582,-0.158409,0.702753
-0.87649,0.153006,-0.253449,0.380461,0.88522,-0.300869,-0.245491,-0.263948,-0.541398,0.424584,-0.158347,0.702754
-0.876495,0.152926,-0.253474,0.380464,0.885298,-0.300745,-0.245351,-0.263958,-0.54139,0.424578,-0.158361,0.702761
-0.876513,0.152852,-0.253512,0.380427,0.885366,-0.300668,-0.245192,-0.263964,-0.541366,0.42458,-0.15841,0.702766
-0.876537,0.152709,-0.253588,0.380377,0.885412,-0.30066,-0.245098,-0.263908,-0.541365,0.424615,-0.158499,0.702726
-0.87656,0.152606,-0.253657,0.380319,0.885468,-0.300664,-0.245025,-0.263789,-0.54135,0.42466,-0.158533,0.702702
-0.876592,0.152578,-0.253714,0.380219,0.885497,-0.300743,-0.244963,-0.263664,-0.54137,0.424629,-0.158555,0.702701
-0.876594,0.152608,-0.25382,0.380132,0.885478,-0.300869,-0.244939,-0.263608,-0.541353,0.424633,-0.158578,0.702707
-0.876593,0.152668,-0.253953,0.380022,0.88551,-0.30088,-0.244894,-0.263534,-0.541342,0.42464,-0.158609,0.702704
-0.87659,0.152689,-0.254112,0.379915,0.885517,-0.300916,-0.244869,-0.263494,-0.541374,0.424622,-0.158573,0.702699
-0.876619,0.152632,-0.254111,0.379874,0.885524,-0.300909,-0.24486,-0.263487,-0.541397,0.424561,-0.15856,0.702723
-0.876646,0.152559,-0.254096,0.379849,0.885562,-0.300802,-0.244862,-0.263477,-0.541428,0.424544,-0.158519,0.702718
-0.876669,0.152456,-0.254062,0.379861,0.885543,-0.3008,-0.244862,-0.263545,-0.541473,0.424527,-0.158448,0.70271
-0.876686,0.152372,-0.25405,0.379862,0.885559,-0.300747,-0.244866,-0.263544,-0.541489,0.424495,-0.158415,0.702725
-0.876692,0.152325,-0.254065,0.379856,0.885519,-0.300808,-0.244915,-0.263562,-0.541535,0.424432,-0.158415,0.702729
-0.876679,0.152231,-0.254107,0.379896,0.885504,-0.300787,-0.244927,-0.263627,-0.541604,0.424384,-0.158377,0.702713
-0.876661,0.152179,-0.254112,0.379954,0.885494,-0.300764,-0.244918,-0.263689,-0.54162,0.42436,-0.158386,0.702715
-0.876646,0.152157,-0.254145,0.379973,0.885479,-0.300766,-0.244901,-0.263752,-0.541658,0.424344,-0.158383,0.702697
-0.876649,0.152037,-0.25412,0.38003,0.885481,-0.300733,-0.244854,-0.263825,-0.541658,0.424291,-0.158414,0.702722
-0.876645,0.151931,-0.254127,0.380075,0.885511,-0.300644,-0.244846,-0.26383,-0.541633,0.42425,-0.158435,0.70276
-0.876638,0.151833,-0.254168,0.380101,0.885538,-0.300541,-0.244773,-0.263918,-0.541638,0.424224,-0.158427,0.702776
-0.876655,0.151766,-0.254144,0.380106,0.885566,-0.300506,-0.244642,-0.263983,-0.541614,0.424228,-0.1585,0.702775
-0.876655,0.151673,-0.254176,0.380122,0.885609,-0.300417,-0.244525,-0.264046,-0.541646,0.424201,-0.158599,0.702745
-0.876658,0.151515,-0.2542,0.380161,0.885644,-0.300375,-0.244408,-0.264084,-0.541655,0.424184,-0.158682,0.702731
-0.876685,0.151383,-0.254222,0.380132,0.885688,-0.300348,-0.244247,-0.264112,-0.541676,0.424173,-0.158768,0.702701
-0.876661,0.151334,-0.254343,0.380128,0.885735,-0.300378,-0.244098,-0.264059,-0.541672,0.424213,-0.158831,0.702668
-0.876656,0.151283,-0.254449,0.380087,0.88575,-0.300427,-0.243986,-0.26406,-0.541703,0.4242,-0.158885,0.70264
-0.876644,0.15125,-0.254566,0.380049,0.885747,-0.30049,-0.243929,-0.264053,-0.541707,0.424174,-0.158937,0.702642
-0.876629,0.151212,-0.254679,0.380025,0.885798,-0.300464,-0.24381,-0.264023,-0.541683,0.424143,-0.158915,0.702684
-0.876606,0.15119,-0.254761,0.380032,0.885844,-0.300423,-0.243724,-0.263994,-0.541635,0.42417,-0.158962,0.702692
-0.876608,0.151178,-0.254804,0.380002,0.885862,-0.300376,-0.243658,-0.264044,-0.541615,0.424158,-0.159025,0.702701
-0.876605,0.151088,-0.254861,0.380005,0.885912,-0.300236,-0.243578,-0.264107,-0.541669,0.424103,-0.159037,0.702691
-0.876607,0.151024,-0.254892,0.380005,0.885977,-0.300075,-0.243493,-0.264148,-0.541672,0.424091,-0.159114,0.702679
-0.876621,0.150885,-0.2549,0.380021,0.886019,-0.29994,-0.243478,-0.264168,-0.541684,0.424067,-0.159115,0.702685
-0.876648,0.150709,-0.254853,0.380058,0.886081,-0.299844,-0.243386,-0.264154,-0.541707,0.424021,-0.159164,0.702685
-0.876714,0.150548,-0.254809,0.38,0.886122,-0.299739,-0.243368,-0.264151,-0.541704,0.424026,-0.159193,0.702676
-0.876772,0.150453,-0.254793,0.379914,0.886172,-0.299669,-0.243292,-0.26413,-0.541733,0.424031,-0.159222,0.702646
-0.876803,0.150461,-0.254833,0.379815,0.886187,-0.299649,-0.243329,-0.264071,-0.541725,0.424008,-0.159257,0.702658
-0.876832,0.150438,-0.254871,0.379729,0.886169,-0.299704,-0.243399,-0.264011,-0.541742,0.424014,-0.159272,0.702638
-0.876868,0.150443,-0.254851,0.37966,0.886152,-0.299723,-0.243494,-0.263959,-0.541716,0.424034,-0.159226,0.702655
-0.876922,0.15046,-0.254849,0.37953,0.88614,-0.299747,-0.243531,-0.263938,-0.54176,0.424037,-0.159207,0.702625
-0.876924,0.150524,-0.254889,0.379473,0.886143,-0.299714,-0.243588,-0.263914,-0.541761,0.424014,-0.15918,0.702645
-0.876971,0.150481,-0.254826,0.379426,0.886153,-0.299718,-0.243585,-0.263879,-0.541818,0.423973,-0.15916,0.70263
-0.877007,0.150399,-0.254764,0.379414,0.886165,-0.299714,-0.243561,-0.263866,-0.541828,0.423926,-0.159167,0.70265
-0.877027,0.150293,-0.254741,0.379427,0.886154,-0.299681,-0.243606,-0.263898,-0.541839,0.423938,-0.159172,0.702633
-0.877015,0.150277,-0.254754,0.379451,0.886126,-0.299696,-0.243708,-0.263882,-0.541863,0.423939,-0.159155,0.702618
-0.877028,0.150268,-0.254706,0.379456,0.886102,-0.299684,-0.243829,-0.263867,-0.541887,0.423888,-0.159184,0.702625
-0.877054,0.150237,-0.25467,0.379433,0.886068,-0.299729,-0.243905,-0.26386,-0.5419,0.423866,-0.159227,0.702619
-0.877058,0.15026,-0.254645,0.379431,0.88603,-0.299732,-0.244026,-0.263869,-0.541898,0.423864,-0.159242,0.70262
-0.87706,0.150293,-0.254662,0.379406,0.886004,-0.299768,-0.244039,-0.263906,-0.541891,0.423879,-0.15928,0.702607
-0.877037,0.150399,-0.254696,0.379393,0.885985,-0.299829,-0.243975,-0.263958,-0.541829,0.423872,-0.159275,0.702658
-0.876994,0.150458,-0.254742,0.379438,0.885966,-0.2999,-0.243902,-0.264005,-0.541763,0.423898,-0.159344,0.702677
-0.876957,0.150447,-0.254755,0.379518,0.885955,-0.299878,-0.243904,-0.264061,-0.541735,0.423907,-0.159374,0.702686
-0.876935,0.150397,-0.254733,0.379602,0.885929,-0.299849,-0.243916,-0.264169,-0.541706,0.423873,-0.159416,0.70272
-0.876896,0.150411,-0.25472,0.379695,0.885921,-0.299821,-0.243885,-0.264251,-0.541689,0.423847,-0.159485,0.702733
-0.876888,0.150426,-0.254653,0.379752,0.88591,-0.29983,-0.243824,-0.264333,-0.541651,0.423858,-0.159488,0.702753
-0.876866,0.150443,-0.254589,0.379837,0.885904,-0.299833,-0.243787,-0.264381,-0.541636,0.423896,-0.159547,0.702729
-0.876837,0.150416,-0.254585,0.379918,0.885907,-0.299834,-0.243687,-0.264458,-0.541635,0.423906,-0.159599,0.702712
-0.876795,0.150435,-0.254678,0.379947,0.885901,-0.299837,-0.243598,-0.264556,-0.541619,0.423918,-0.159629,0.702711
-0.876758,0.150412,-0.254682,0.380036,0.885902,-0.299801,-0.243584,-0.264606,-0.54164,0.423927,-0.159723,0.702668
-0.876758,0.150362,-0.254652,0.380075,0.885911,-0.299731,-0.243479,-0.264742,-0.541661,0.423922,-0.159776,0.702644
-0.876736,0.150297,-0.254669,0.380141,0.885925,-0.2997,-0.243396,-0.264805,-0.541704,0.423937,-0.159773,0.702603
-0.876727,0.150219,-0.254651,0.380203,0.885918,-0.299672,-0.243386,-0.264865,-0.541713,0.423914,-0.159808,0.702602
-0.876714,0.15009,-0.254658,0.380278,0.885935,-0.299629,-0.24334,-0.264901,-0.541733,0.423932,-0.159809,0.702577
-0.876716,0.150003,-0.254612,0.380336,0.885949,-0.299635,-0.243327,-0.264856,-0.541745,0.423896,-0.159822,0.702586
-0.876718,0.149961,-0.254601,0.380355,0.88594,-0.299641,-0.243331,-0.264876,-0.54176,0.423855,-0.159833,0.702598
-0.876688,0.14997,-0.254659,0.38038,0.885931,-0.299653,-0.243335,-0.264893,-0.541805,0.423835,-0.1598,0.702583
-0.876694,0.149981,-0.254694,0.38034,0.885921,-0.29968,-0.243381,-0.264851,-0.541791,0.423807,-0.159821,0.702605
-0.876721,0.149995,-0.254684,0.380282,0.88591,-0.29971,-0.243402,-0.264838,-0.541781,0.423818,-0.159754,0.702622
-0.876714,0.150025,-0.254664,0.380298,0.885879,-0.299746,-0.243531,-0.264784,-0.541805,0.423806,-0.159707,0.702622
-0.87673,0.150035,-0.254625,0.380282,0.885842,-0.299781,-0.243673,-0.264741,-0.541833,0.423773,-0.159731,0.702615
-0.876726,0.15004,-0.254595,0.380309,0.885799,-0.29984,-0.243853,-0.264656,-0.541833,0.423754,-0.159746,0.702623
-0.876714,0.150068,-0.254563,0.38035,0.885784,-0.29981,-0.244013,-0.264593,-0.541812,0.423709,-0.15973,0.70267
-0.876728,0.150059,-0.2545,0.380362,0.885786,-0.299793,-0.244077,-0.264545,-0.541829,0.423706,-0.159712,0.702664
-0.876716,0.15008,-0.254487,0.380388,0.885803,-0.299759,-0.244107,-0.264501,-0.541843,0.423656,-0.159628,0.702702
-0.87673,0.150023,-0.25449,0.38038,0.885825,-0.299758,-0.24408,-0.264458,-0.541877,0.423652,-0.159578,0.702689
-0.87673,0.149946,-0.254552,0.380366,0.885839,-0.2997,-0.24411,-0.264449,-0.541886,0.423666,-0.15956,0.702678
-0.876732,0.149887,-0.254549,0.380384,0.885801,-0.299773,-0.244191,-0.264422,-0.541856,0.423656,-0.159543,0.70271
-0.876716,0.14985,-0.254568,0.380425,0.88577,-0.2998,-0.244217,-0.264465,-0.541849,0.423648,-0.159526,0.702724
-0.876724,0.149814,-0.254547,0.380433,0.885741,-0.299854,-0.244253,-0.264469,-0.541868,0.423639,-0.159529,0.702715
-0.876721,0.149803,-0.254574,0.380426,0.885719,-0.299872,-0.24429,-0.26449,-0.541862,0.423637,-0.159527,0.702722
-0.876709,0.149783,-0.254578,0.380459,0.885704,-0.299859,-0.24428,-0.264564,-0.54187,0.423621,-0.15954,0.702721
-0.876693,0.149848,-0.254567,0.380478,0.885705,-0.299855,-0.244202,-0.264631,-0.541869,0.423596,-0.159584,0.702729
-0.876675,0.149789,-0.254588,0.380529,0.885748,-0.299761,-0.244074,-0.264707,-0.541876,0.423554,-0.159561,0.702753
-0.876685,0.149651,-0.254586,0.380559,0.885799,-0.29963,-0.243885,-0.264853,-0.541918,0.423542,-0.159611,0.702718
-0.876678,0.149588,-0.254621,0.380576,0.885859,-0.299585,-0.243714,-0.264859,-0.541919,0.423571,-0.159696,0.702681
-0.876661,0.149423,-0.254627,0.380675,0.885925,-0.299501,-0.243607,-0.264834,-0.541955,0.423561,-0.159749,0.702648
-0.87666,0.149333,-0.254637,0.380705,0.885918,-0.299494,-0.243647,-0.264826,-0.541929,0.423595,-0.159911,0.702611
-0.876656,0.149244,-0.254673,0.380721,0.88592,-0.299531,-0.24362,-0.264804,-0.54194,0.423617,-0.159959,0.702579
-0.876654,0.14922,-0.254734,0.380695,0.885917,-0.299563,-0.243623,-0.264779,-0.541951,0.423601,-0.159984,0.702574
-0.876635,0.149191,-0.254793,0.380712,0.88592,-0.299585,-0.243573,-0.264786,-0.541979,0.423535,-0.159958,0.702599
-0.876639,0.149177,-0.254845,0.380672,0.885921,-0.299608,-0.243537,-0.264791,-0.541961,0.423576,-0.15995,0.70259
-0.876646,0.149184,-0.254868,0.380638,0.885951,-0.299576,-0.243485,-0.264777,-0.54193,0.4236,-0.159993,0.702589
-0.876655,0.149158,-0.2549,0.380608,0.885929,-0.299606,-0.24347,-0.264827,-0.541893,0.423656,-0.160031,0.702574
-0.87664,0.149108,-0.254933,0.380638,0.885916,-0.299658,-0.243509,-0.264781,-0.541884,0.423657,-0.160061,0.702573
-0.876634,0.149093,-0.254903,0.380677,0.885912,-0.299693,-0.243584,-0.264688,-0.541852,0.423649,-0.160032,0.70261
-0.876672,0.149091,-0.254846,0.380629,0.885883,-0.299718,-0.243635,-0.264707,-0.541875,0.42364,-0.160011,0.702601
-0.876651,0.149121,-0.25489,0.380636,0.885847,-0.299813,-0.24366,-0.264702,-0.541884,0.42361,-0.159972,0.702622
-0.876628,0.149105,-0.254939,0.380664,0.885844,-0.299885,-0.243568,-0.264713,-0.541893,0.423547,-0.159935,0.702662
-0.876607,0.149181,-0.254973,0.380659,0.88584,-0.29993,-0.243575,-0.264673,-0.54188,0.423551,-0.159845,0.70269
-0.876599,0.149243,-0.254997,0.380638,0.885855,-0.299908,-0.24364,-0.26459,-0.541878,0.423568,-0.159785,0.702694
-0.8766,0.149235,-0.254961,0.380662,0.885791,-0.299934,-0.243853,-0.264579,-0.541877,0.423553,-0.159763,0.702709
-0.876605,0.14926,-0.254893,0.380689,0.885722,-0.299974,-0.244102,-0.264537,-0.541875,0.423565,-0.159715,0.702714
-0.87663,0.149185,-0.254802,0.380717,0.885663,-0.299971,-0.244379,-0.264487,-0.541895,0.423563,-0.159666,0.70271
-0.876632,0.149173,-0.254749,0.380755,0.885618,-0.299988,-0.244585,-0.264425,-0.541895,0.423532,-0.159563,0.702752
-0.876649,0.149206,-0.254651,0.380769,0.885588,-0.300021,-0.244726,-0.264362,-0.541932,0.42351,-0.159503,0.702751
-0.876645,0.149222,-0.254645,0.380775,0.885573,-0.300062,-0.244877,-0.264232,-0.541952,0.42347,-0.159464,0.702769
-0.876676,0.149262,-0.254567,0.380743,0.885537,-0.30013,-0.245045,-0.264126,-0.541924,0.423466,-0.159459,0.702794
-0.87668,0.149348,-0.254494,0.380747,0.885467,-0.300165,-0.245372,-0.26402,-0.54187,0.423487,-0.159508,0.70281
-0.876681,0.149404,-0.254427,0.380769,0.885386,-0.300186,-0.245773,-0.263898,-0.541879,0.423532,-0.159544,0.702769
-0.876704,0.14946,-0.254309,0.380773,0.885288,-0.300237,-0.246131,-0.263837,-0.541873,0.42352,-0.159512,0.702787
-0.876737,0.149469,-0.254114,0.380824,0.885205,-0.300258,-0.246448,-0.263801,-0.541856,0.423514,-0.159486,0.70281
-0.876757,0.149422,-0.253978,0.380887,0.885156,-0.300308,-0.246583,-0.263782,-0.541871,0.423466,-0.15937,0.702853
-0.876756,0.149406,-0.253955,0.380912,0.885175,-0.300321,-0.246542,-0.263744,-0.541885,0.423419,-0.15931,0.702884
-0.876737,0.149433,-0.254004,0.380912,0.885214,-0.300287,-0.246437,-0.26375,-0.541883,0.423398,-0.15929,0.702904
-0.876711,0.149432,-0.254081,0.38092,0.885265,-0.300246,-0.246277,-0.26377,-0.54187,0.423372,-0.159329,0.702919
-0.876694,0.149404,-0.254167,0.380912,0.885308,-0.300217,-0.246151,-0.263774,-0.541889,0.423437,-0.159356,0.70286
-0.876699,0.149335,-0.254222,0.380891,0.885356,-0.300208,-0.24603,-0.263738,-0.541901,0.423481,-0.159414,0.702812
-0.876691,0.149332,-0.254343,0.380829,0.885403,-0.300205,-0.24589,-0.263719,-0.541893,0.423451,-0.159427,0.702833
-0.876692,0.149256,-0.254444,0.380789,0.885486,-0.300159,-0.245678,-0.263689,-0.541899,0.423433,-0.159468,0.70283
-0.876701,0.149175,-0.254553,0.380728,0.88558,-0.300128,-0.245433,-0.263639,-0.541921,0.423438,-0.159524,0.702798
-0.876694,0.149129,-0.254701,0.380663,0.885684,-0.300068,-0.245184,-0.26359,-0.541952,0.423391,-0.15956,0.702795
-0.876709,0.149043,-0.254855,0.380558,0.885801,-0.299968,-0.244919,-0.263559,-0.541991,0.423365,-0.159608,0.702771
-0.876717,0.148945,-0.254988,0.380489,0.885887,-0.299897,-0.244761,-0.263497,-0.542063,0.423401,-0.159611,0.702694
-0.87675,0.148841,-0.255039,0.380418,0.885955,-0.29986,-0.244693,-0.263378,-0.542088,0.423421,-0.159656,0.702654
-0.876796,0.148791,-0.255084,0.380303,0.88597,-0.299846,-0.244787,-0.263258,-0.542112,0.423397,-0.159664,0.702648
-0.876824,0.148738,-0.25508,0.380263,0.885966,-0.299852,-0.244989,-0.263083,-0.542157,0.423353,-0.159699,0.702633
-0.876861,0.148688,-0.255072,0.380202,0.885898,-0.299987,-0.245237,-0.262936,-0.542161,0.423347,-0.159663,0.702642
-0.87693,0.148635,-0.254998,0.380111,0.885851,-0.300064,-0.245474,-0.262791,-0.542202,0.423367,-0.159626,0.702608
-0.876973,0.148665,-0.254963,0.380025,0.885803,-0.300209,-0.245634,-0.262646,-0.542248,0.423367,-0.159555,0.702589
-0.876991,0.148769,-0.254912,0.379979,0.885732,-0.300365,-0.245814,-0.262545,-0.542311,0.423324,-0.159504,0.702579
-0.877009,0.148874,-0.25489,0.379912,0.88571,-0.300388,-0.245946,-0.262473,-0.542336,0.423323,-0.159468,0.702567
-0.876986,0.149004,-0.254871,0.379928,0.885684,-0.300337,-0.246075,-0.262492,-0.542374,0.423299,-0.159441,0.70256
-0.876978,0.149092,-0.254788,0.379968,0.885662,-0.300289,-0.246152,-0.262548,-0.542395,0.423281,-0.159406,0.702563
-0.877,0.149104,-0.254672,0.37999,0.885662,-0.300236,-0.246187,-0.262575,-0.542349,0.423284,-0.159403,0.702596
-0.877026,0.149034,-0.254592,0.380011,0.885653,-0.300141,-0.246204,-0.262694,-0.542296,0.423273,-0.159409,0.702642
-0.87703,0.14904,-0.254469,0.380082,0.885643,-0.300009,-0.246242,-0.262834,-0.542239,0.423256,-0.159434,0.702689
-0.877042,0.148954,-0.254302,0.3802,0.885652,-0.299972,-0.246203,-0.262879,-0.542176,0.42326,-0.159462,0.702728
-0.877036,0.148899,-0.254219,0.38029,0.885645,-0.29999,-0.246142,-0.262937,-0.542099,0.423258,-0.159557,0.702766
-0.876994,0.148866,-0.254238,0.380384,0.885645,-0.300032,-0.246063,-0.262966,-0.542035,0.423294,-0.159613,0.70278
-0.876934,0.148892,-0.25432,0.380455,0.885625,-0.300117,-0.245979,-0.263015,-0.542002,0.423328,-0.159641,0.702778
-0.876877,0.148886,-0.254454,0.3805,0.885594,-0.300199,-0.245934,-0.263066,-0.541969,0.42337,-0.15977,0.702749
-0.876826,0.148906,-0.254576,0.380529,0.885596,-0.300246,-0.245812,-0.263117,-0.541945,0.4234,-0.159835,0.702735
-0.876779,0.148978,-0.254711,0.380519,0.885641,-0.300236,-0.245666,-0.263115,-0.541875,0.423404,-0.159843,0.702783
-0.876754,0.148972,-0.25479,0.380526,0.885672,-0.300194,-0.245536,-0.263177,-0.541867,0.423371,-0.159878,0.702801
-0.876749,0.148921,-0.254824,0.380534,0.885731,-0.300065,-0.245392,-0.263256,-0.541893,0.423391,-0.159956,0.702753
-0.876739,0.14882,-0.254841,0.380584,0.885766,-0.299944,-0.245364,-0.263299,-0.541906,0.423351,-0.159997,0.702758
-0.876735,0.148692,-0.254876,0.380618,0.885787,-0.299848,-0.24538,-0.263316,-0.541901,0.423383,-0.160086,0.702721
-0.876755,0.148579,-0.254826,0.380647,0.885812,-0.299751,-0.245417,-0.263307,-0.541907,0.423431,-0.160176,0.702668
-0.876815,0.14847,-0.254758,0.380599,0.88581,-0.299705,-0.245544,-0.263252,-0.541926,0.423461,-0.160203,0.702629
-0.87684,0.14839,-0.254727,0.380592,0.8858,-0.299742,-0.245641,-0.263158,-0.541975,0.423443,-0.160162,0.702613
-0.876872,0.14835,-0.254755,0.380516,0.88579,-0.299857,-0.245704,-0.263007,-0.541998,0.423438,-0.160126,0.702607
-0.876883,0.148354,-0.254847,0.380429,0.885779,-0.300014,-0.245729,-0.262851,-0.541992,0.423408,-0.160103,0.702635
-0.876881,0.148453,-0.254922,0.380345,0.885775,-0.300155,-0.245733,-0.262705,-0.54201,0.42341,-0.160039,0.702633
-0.87686,0.148598,-0.25504,0.380259,0.885771,-0.300288,-0.245738,-0.262571,-0.542035,0.423353,-0.160062,0.702643
-0.87687,0.1487,-0.255079,0.380172,0.885777,-0.300316,-0.245777,-0.262485,-0.542039,0.423367,-0.160064,0.702633
-0.876886,0.148777,-0.255092,0.380096,0.885794,-0.300256,-0.245801,-0.26247,-0.542047,0.42338,-0.160016,0.70263
-0.876911,0.148764,-0.255088,0.380047,0.885834,-0.300111,-0.245812,-0.26249,-0.542081,0.423359,-0.159964,0.702628
-0.876948,0.148702,-0.254993,0.380048,0.885889,-0.299969,-0.245773,-0.262499,-0.542124,0.423317,-0.159905,0.702635
-0.876974,0.148552,-0.254933,0.380086,0.885972,-0.299853,-0.245607,-0.262509,-0.542141,0.42329,-0.159886,0.702643
-0.876999,0.148456,-0.254873,0.380105,0.886054,-0.29972,-0.245439,-0.262537,-0.542147,0.423289,-0.159882,0.702639
-0.877028,0.148378,-0.254902,0.380052,0.8861,-0.299653,-0.245368,-0.262525,-0.54212,0.423313,-0.159885,0.702644
-0.877018,0.148326,-0.254978,0.380042,0.886133,-0.299689,-0.245242,-0.26249,-0.542156,0.423283,-0.1599,0.702631
-0.876985,0.148325,-0.255075,0.380052,0.88615,-0.29975,-0.245139,-0.262464,-0.542145,0.423304,-0.159884,0.702631
-0.876977,0.148348,-0.255143,0.380019,0.886149,-0.299838,-0.245065,-0.262437,-0.542152,0.423287,-0.159864,0.702641
-0.876947,0.148354,-0.255231,0.380027,0.88613,-0.29991,-0.245092,-0.262396,-0.5421,0.4233,-0.159869,0.70267
-0.876921,0.148378,-0.255293,0.380034,0.886084,-0.299966,-0.245224,-0.262364,-0.542069,0.423322,-0.15989,0.702675
-0.876894,0.148367,-0.255348,0.380062,0.88601,-0.300006,-0.245377,-0.262422,-0.542024,0.423346,-0.159948,0.702683
-0.876872,0.148382,-0.255368,0.380094,0.885972,-0.300059,-0.245433,-0.26244,-0.542016,0.423407,-0.159948,0.702651
-0.876865,0.14836,-0.255342,0.380137,0.885951,-0.300024,-0.245493,-0.262493,-0.541999,0.42341,-0.159949,0.702663
-0.876841,0.148365,-0.255321,0.380204,0.885955,-0.299994,-0.245459,-0.262543,-0.54195,0.423414,-0.159979,0.70269
-0.87686,0.148244,-0.255266,0.380243,0.88595,-0.299969,-0.245404,-0.262634,-0.541926,0.42343,-0.15999,0.702696
-0.876826,0.148195,-0.255241,0.380356,0.885948,-0.299902,-0.245387,-0.262728,-0.541883,0.42345,-0.160013,0.70271
-0.8768,0.148187,-0.255229,0.380426,0.885913,-0.299912,-0.245417,-0.262807,-0.541827,0.423508,-0.160068,0.702706
-0.876786,0.148173,-0.255214,0.380475,0.885841,-0.300016,-0.24548,-0.262872,-0.541835,0.423486,-0.160096,0.702706
-0.876761,0.148188,-0.255277,0.380482,0.885778,-0.300064,-0.245609,-0.262906,-0.541816,0.423525,-0.160125,0.702691
-0.876734,0.148218,-0.255307,0.380513,0.885749,-0.300094,-0.245722,-0.262868,-0.541781,0.423542,-0.160102,0.702713
-0.876701,0.148317,-0.255322,0.380542,0.885745,-0.300057,-0.245778,-0.262868,-0.541793,0.423561,-0.160048,0.702703
-0.876691,0.148344,-0.255307,0.380563,0.885739,-0.300081,-0.245836,-0.262813,-0.541817,0.423569,-0.160028,0.702685
-0.876692,0.148384,-0.255312,0.380542,0.885756,-0.300114,-0.245868,-0.262687,-0.541781,0.423577,-0.159995,0.702714
-0.876697,0.148344,-0.255292,0.380559,0.885785,-0.300087,-0.24592,-0.262579,-0.541756,0.42361,-0.15999,0.702714
-0.87671,0.148334,-0.255264,0.380552,0.885817,-0.300008,-0.245966,-0.262518,-0.541745,0.423643,-0.160026,0.702695
-0.876747,0.148282,-0.255286,0.380474,0.88581,-0.300037,-0.246035,-0.262448,-0.541744,0.42365,-0.160019,0.702692
-0.876773,0.14827,-0.255273,0.380427,0.885798,-0.300097,-0.246117,-0.262348,-0.541718,0.423699,-0.160017,0.702683
-0.876794,0.148334,-0.255244,0.380372,0.885789,-0.300139,-0.246112,-0.262336,-0.541718,0.423718,-0.160006,0.702674
-0.876817,0.148422,-0.255241,0.38029,0.885799,-0.300157,-0.246074,-0.262319,-0.541748,0.423719,-0.159907,0.702673
-0.876826,0.148534,-0.25527,0.380206,0.885826,-0.300132,-0.245972,-0.262351,-0.541809,0.423699,-0.15985,0.702651
-0.876817,0.148576,-0.255308,0.380187,0.885889,-0.300083,-0.245784,-0.262367,-0.541788,0.42367,-0.159813,0.702693
-0.876819,0.148592,-0.255383,0.380125,0.88595,-0.300039,-0.245587,-0.262396,-0.541813,0.42365,-0.159785,0.702693
-0.876798,0.148645,-0.255498,0.380076,0.886055,-0.299891,-0.245351,-0.26243,-0.541808,0.423691,-0.159751,0.702679
-0.876802,0.148686,-0.255567,0.380006,0.886119,-0.299868,-0.245137,-0.262437,-0.541838,0.42371,-0.159713,0.702653
-0.876789,0.148652,-0.255654,0.37999,0.886176,-0.299811,-0.245014,-0.262423,-0.541815,0.423752,-0.159734,0.702641
-0.876769,0.148606,-0.255726,0.380005,0.886216,-0.299772,-0.244965,-0.262377,-0.541817,0.423764,-0.159742,0.70263
-0.876774,0.148542,-0.255772,0.379988,0.886233,-0.29975,-0.244932,-0.262377,-0.541792,0.423805,-0.159731,0.702626
-0.876782,0.148449,-0.255805,0.379982,0.886253,-0.299726,-0.244917,-0.262354,-0.541779,0.42381,-0.159721,0.702634
-0.876772,0.148393,-0.255871,0.379983,0.886257,-0.299799,-0.244877,-0.262294,-0.541764,0.423832,-0.159727,0.702631
-0.876783,0.148332,-0.255953,0.379926,0.886309,-0.299809,-0.244796,-0.262188,-0.541751,0.423858,-0.159745,0.702621
-0.876785,0.148356,-0.256055,0.379843,0.886345,-0.29988,-0.244697,-0.26208,-0.541713,0.423872,-0.159794,0.70263
-0.876786,0.148374,-0.256164,0.379761,0.886387,-0.299906,-0.244619,-0.261992,-0.541726,0.423879,-0.159773,0.702621
-0.876799,0.148403,-0.256244,0.379665,0.886433,-0.299921,-0.244559,-0.261877,-0.541677,0.423882,-0.159777,0.702656
-0.876816,0.148424,-0.256273,0.3796,0.886458,-0.299924,-0.24457,-0.261781,-0.541614,0.423909,-0.159797,0.702682
-0.876837,0.148468,-0.256241,0.379558,0.88642,-0.299999,-0.244695,-0.261709,-0.541595,0.423926,-0.159879,0.702669
-0.876855,0.148586,-0.256144,0.379537,0.886365,-0.300069,-0.244888,-0.26164,-0.541588,0.423909,-0.159909,0.702676
-0.876867,0.148678,-0.256074,0.37952,0.886221,-0.300262,-0.245197,-0.261618,-0.54155,0.423942,-0.159924,0.702682
-0.87689,0.148791,-0.255912,0.379532,0.886104,-0.300381,-0.245533,-0.261569,-0.541605,0.423911,-0.159897,0.702666
-0.876907,0.148877,-0.255787,0.379545,0.885993,-0.300516,-0.245812,-0.26153,-0.541627,0.423917,-0.159852,0.702655
-0.876852,0.149034,-0.255746,0.379639,0.885912,-0.300636,-0.246019,-0.261474,-0.541622,0.423897,-0.159823,0.702678
-0.876786,0.149176,-0.255794,0.379702,0.885832,-0.300779,-0.246147,-0.261463,-0.541607,0.42388,-0.159765,0.702712
-0.876742,0.149267,-0.25582,0.379753,0.88579,-0.300843,-0.24623,-0.261458,-0.541604,0.423885,-0.159689,0.702728
-0.876696,0.149285,-0.255872,0.379816,0.885757,-0.300908,-0.246217,-0.261504,-0.541581,0.423898,-0.159618,0.702753
-0.876651,0.149292,-0.255954,0.379861,0.885753,-0.300942,-0.24609,-0.261598,-0.541587,0.423896,-0.159527,0.70277
-0.876617,0.149255,-0.25601,0.379915,0.885782,-0.300965,-0.245888,-0.26166,-0.541584,0.423942,-0.159503,0.70275
-0.876582,0.149191,-0.256063,0.379983,0.88582,-0.30094,-0.245664,-0.261766,-0.541558,0.42397,-0.15951,0.70275
-0.876519,0.149097,-0.256197,0.380075,0.885849,-0.300951,-0.245468,-0.261837,-0.541524,0.424003,-0.159575,0.702743
-0.876447,0.148962,-0.256415,0.380145,0.885871,-0.301067,-0.245246,-0.261841,-0.541521,0.424023,-0.159568,0.702733
-0.876362,0.148782,-0.25667,0.380233,0.885907,-0.301222,-0.24494,-0.261827,-0.541536,0.424051,-0.159546,0.702711
-0.876258,0.148706,-0.256989,0.380286,0.885924,-0.301373,-0.244629,-0.261892,-0.541543,0.424071,-0.159483,0.702706
-0.876142,0.148809,-0.257292,0.380307,0.885963,-0.301541,-0.244229,-0.26194,-0.541519,0.424113,-0.159501,0.702695
-0.876038,0.148811,-0.257603,0.380335,0.886002,-0.301696,-0.243842,-0.261989,-0.541512,0.424128,-0.159614,0.702666
-0.875933,0.148737,-0.257907,0.380398,0.886052,-0.301726,-0.243471,-0.262123,-0.541457,0.424186,-0.159706,0.702652
-0.875815,0.148652,-0.25821,0.380498,0.88615,-0.301672,-0.243057,-0.262235,-0.541397,0.42426,-0.159773,0.702637
-0.875758,0.148547,-0.258438,0.380511,0.886243,-0.301578,-0.242736,-0.262322,-0.541344,0.424326,-0.15988,0.702613
-0.875722,0.148408,-0.258561,0.380565,0.886315,-0.301449,-0.242569,-0.262377,-0.541319,0.424407,-0.159987,0.702557
-0.8757,0.148234,-0.258672,0.380603,0.886368,-0.301382,-0.24244,-0.262394,-0.541287,0.424481,-0.16012,0.702509
-0.875694,0.148129,-0.258761,0.380598,0.886388,-0.301409,-0.242279,-0.262443,-0.541247,0.424563,-0.160197,0.702471
-0.875686,0.14807,-0.258837,0.380587,0.886392,-0.301457,-0.242246,-0.262407,-0.541213,0.424602,-0.160257,0.70246
-0.87569,0.148081,-0.258925,0.380515,0.88636,-0.301565,-0.242331,-0.262317,-0.541191,0.424591,-0.160309,0.702472
-0.87569,0.148125,-0.25902,0.380434,0.886313,-0.301709,-0.242417,-0.262234,-0.541119,0.424606,-0.160333,0.702511
-0.87573,0.148173,-0.258957,0.380367,0.886296,-0.301815,-0.24252,-0.262084,-0.541088,0.424618,-0.160316,0.702531
-0.875757,0.148282,-0.258908,0.380298,0.886326,-0.30174,-0.242676,-0.261927,-0.54107,0.42464,-0.160281,0.702538
-0.875821,0.148367,-0.258788,0.380201,0.886326,-0.301743,-0.242819,-0.261798,-0.541051,0.42469,-0.160249,0.70253
-0.875874,0.148394,-0.258691,0.380135,0.886322,-0.301765,-0.242984,-0.26164,-0.541049,0.424694,-0.160244,0.702529
-0.875929,0.148504,-0.258568,0.380051,0.886284,-0.301853,-0.243181,-0.261489,-0.541048,0.424739,-0.160178,0.702518
-0.875969,0.148609,-0.258458,0.379994,0.886232,-0.301954,-0.243382,-0.26137,-0.541102,0.424734,-0.160093,0.702498
-0.876017,0.148678,-0.258377,0.379914,0.886186,-0.302101,-0.243486,-0.261263,-0.541152,0.424667,-0.160031,0.702516
-0.876011,0.148817,-0.258311,0.379916,0.886141,-0.30221,-0.243618,-0.261172,-0.541192,0.424636,-0.159972,0.702518
-0.876002,0.148893,-0.258283,0.379926,0.886129,-0.302214,-0.243682,-0.26115,-0.541208,0.424628,-0.159927,0.702521
-0.876016,0.148896,-0.258228,0.379931,0.886118,-0.302186,-0.243724,-0.261178,-0.541189,0.424671,-0.159871,0.702522
-0.876004,0.148912,-0.258206,0.379968,0.886125,-0.302171,-0.243702,-0.261194,-0.54116,0.424653,-0.159854,0.702558
-0.876002,0.148902,-0.258198,0.379983,0.886157,-0.302142,-0.243614,-0.261199,-0.541151,0.424654,-0.159808,0.702575
-0.876012,0.148788,-0.258144,0.38004,0.886176,-0.30206,-0.243574,-0.261263,-0.54116,0.424645,-0.159801,0.702574
-0.875994,0.148742,-0.258165,0.380083,0.886192,-0.301982,-0.243536,-0.261328,-0.541153,0.424634,-0.159802,0.702586
-0.875962,0.148802,-0.258197,0.380113,0.886202,-0.301979,-0.243436,-0.261389,-0.541161,0.424603,-0.159802,0.702599
-0.87593,0.148774,-0.25823,0.380174,0.886203,-0.30199,-0.243316,-0.261484,-0.541129,0.424569,-0.159852,0.702633
-0.875871,0.148776,-0.258333,0.380238,0.886208,-0.301931,-0.243226,-0.261612,-0.541095,0.424547,-0.15984,0.702675
-0.875817,0.148729,-0.258416,0.380321,0.886226,-0.301896,-0.243089,-0.261716,-0.541102,0.424571,-0.159841,0.702655
-0.875778,0.148636,-0.258405,0.380456,0.886243,-0.301859,-0.242958,-0.261818,-0.541085,0.424587,-0.159893,0.702646
-0.875754,0.148552,-0.258388,0.380555,0.886267,-0.301813,-0.242829,-0.261904,-0.541097,0.424622,-0.159971,0.702598
-0.875749,0.148473,-0.258389,0.380593,0.886284,-0.301743,-0.242741,-0.262006,-0.541069,0.424642,-0.16009,0.70258
-0.875719,0.148429,-0.25841,0.380665,0.88627,-0.301728,-0.242715,-0.26209,-0.54103,0.424657,-0.160163,0.702584
-0.875709,0.148381,-0.258411,0.380706,0.886245,-0.301751,-0.242737,-0.262127,-0.541006,0.424622,-0.160223,0.70261
-0.875692,0.14834,-0.258422,0.380753,0.886197,-0.301881,-0.242737,-0.262139,-0.540971,0.424615,-0.160256,0.702633
-0.875666,0.148404,-0.258429,0.380782,0.886148,-0.302003,-0.242786,-0.262121,-0.540977,0.424607,-0.160329,0.702617
-0.875628,0.148547,-0.258464,0.380792,0.886114,-0.302118,-0.242802,-0.262095,-0.540961,0.424631,-0.160312,0.702619
-0.875619,0.148694,-0.258467,0.380755,0.88608,-0.302227,-0.24286,-0.262033,-0.540944,0.42461,-0.160269,0.702654
-0.875598,0.148803,-0.258496,0.38074,0.886072,-0.302296,-0.242914,-0.261936,-0.540931,0.424615,-0.160208,0.702676
-0.875592,0.148846,-0.258461,0.380762,0.886068,-0.302357,-0.24293,-0.261864,-0.540939,0.424614,-0.160206,0.70267
-0.875623,0.148873,-0.258431,0.3807,0.886079,-0.302335,-0.243008,-0.261783,-0.54096,0.42461,-0.160178,0.702662
-0.875659,0.148908,-0.25839,0.380632,0.886118,-0.30223,-0.243058,-0.261729,-0.540997,0.424611,-0.160148,0.702641
-0.875683,0.148898,-0.258378,0.380589,0.886123,-0.302182,-0.243141,-0.261688,-0.541002,0.424653,-0.160131,0.702615
-0.875727,0.148852,-0.258306,0.380557,0.886121,-0.302207,-0.243198,-0.261617,-0.541029,0.424655,-0.160121,0.702596
-0.875783,0.148822,-0.258217,0.380499,0.886131,-0.302247,-0.243237,-0.261506,-0.541046,0.424677,-0.160087,0.702578
-0.875801,0.14886,-0.258219,0.380442,0.886141,-0.30226,-0.243291,-0.261412,-0.541082,0.424637,-0.160115,0.702569
-0.875836,0.148901,-0.258214,0.380353,0.886136,-0.302349,-0.243319,-0.261305,-0.541103,0.424641,-0.160097,0.702554
-0.875849,0.148984,-0.258267,0.380254,0.886137,-0.302355,-0.243298,-0.261314,-0.541114,0.424645,-0.160052,0.702553
-0.875871,0.149034,-0.258238,0.380204,0.886165,-0.30241,-0.24325,-0.261206,-0.541156,0.424628,-0.160047,0.702534
-0.875876,0.14903,-0.258284,0.380163,0.886214,-0.302371,-0.243155,-0.261173,-0.541189,0.424617,-0.160056,0.702513
-0.875927,0.148937,-0.258308,0.380066,0.886304,-0.302268,-0.242993,-0.261139,-0.541174,0.424711,-0.160085,0.70246
-0.875925,0.14888,-0.258373,0.380048,0.886375,-0.302164,-0.242861,-0.261135,-0.541176,0.424747,-0.160076,0.702439
-0.875934,0.148812,-0.258423,0.380019,0.88643,-0.302125,-0.242723,-0.261124,-0.541228,0.424765,-0.160102,0.702384
-0.875949,0.148711,-0.258474,0.379988,0.88644,-0.302103,-0.242698,-0.261138,-0.541227,0.424761,-0.160137,0.702379
-0.875968,0.148633,-0.25852,0.379942,0.886444,-0.302055,-0.242645,-0.261225,-0.541199,0.424781,-0.160172,0.702379
-0.87596,0.148572,-0.258573,0.379949,0.886434,-0.302072,-0.242586,-0.261291,-0.541183,0.424794,-0.160192,0.702379
-0.875974,0.148527,-0.258589,0.379925,0.886444,-0.302052,-0.242534,-0.261324,-0.541158,0.42477,-0.160203,0.702411
-0.875952,0.148527,-0.258616,0.379957,0.886491,-0.301993,-0.242476,-0.261288,-0.541177,0.424783,-0.160233,0.702381
-0.875918,0.148526,-0.258674,0.379995,0.886523,-0.301921,-0.242419,-0.261318,-0.541153,0.424761,-0.160269,0.702405
-0.875918,0.148465,-0.258656,0.38003,0.886525,-0.301819,-0.24244,-0.261405,-0.541122,0.424743,-0.160283,0.702437
-0.87593,0.148349,-0.258657,0.380048,0.886529,-0.301828,-0.242421,-0.261399,-0.541101,0.42473,-0.160313,0.702454
-0.875947,0.148267,-0.258617,0.380066,0.886529,-0.301829,-0.242402,-0.261412,-0.54113,0.42469,-0.160316,0.702455
-0.875935,0.148212,-0.258589,0.380132,0.886507,-0.301855,-0.242455,-0.261409,-0.541135,0.424652,-0.160335,0.70247
-0.875914,0.148212,-0.258559,0.380202,0.886468,-0.301883,-0.242562,-0.261411,-0.541122,0.424624,-0.160329,0.702499
-0.875891,0.148241,-0.258565,0.380239,0.886412,-0.301968,-0.242676,-0.261395,-0.541099,0.424646,-0.160385,0.702491
-0.875883,0.148297,-0.25857,0.380232,0.88636,-0.302064,-0.242754,-0.261392,-0.541111,0.424591,-0.160384,0.702515
-0.875868,0.148417,-0.258544,0.380239,0.88631,-0.302144,-0.242865,-0.261367,-0.541136,0.424578,-0.16036,0.702509
-0.875861,0.148531,-0.258521,0.380226,0.886292,-0.302151,-0.242913,-0.261374,-0.541168,0.424527,-0.160355,0.702517
-0.875877,0.14857,-0.258504,0.380185,0.886296,-0.302143,-0.242923,-0.261363,-0.541176,0.424512,-0.160327,0.702526
-0.875868,0.14853,-0.258499,0.380226,0.886344,-0.302073,-0.242891,-0.261311,-0.541193,0.424475,-0.160305,0.702542
-0.875894,0.148512,-0.258504,0.380169,0.886348,-0.302078,-0.242907,-0.26128,-0.541184,0.424504,-0.16033,0.702524
-0.875897,0.14846,-0.258541,0.380156,0.886387,-0.301989,-0.242869,-0.261286,-0.541199,0.424504,-0.160364,0.702507
-0.875888,0.148425,-0.258597,0.380153,0.88639,-0.301982,-0.242857,-0.261292,-0.541202,0.424524,-0.160345,0.702496
-0.875885,0.148358,-0.258673,0.380136,0.886397,-0.301996,-0.242835,-0.261275,-0.54123,0.424491,-0.160354,0.702492
-0.875894,0.148263,-0.258688,0.380141,0.8864,-0.302021,-0.242811,-0.261258,-0.541261,0.424485,-0.160357,0.702473
-0.8759,0.148197,-0.258708,0.380139,0.886388,-0.302076,-0.242809,-0.26124,-0.541268,0.424487,-0.160397,0.702457
-0.875871,0.148189,-0.258783,0.380157,0.886383,-0.302119,-0.242758,-0.261253,-0.541295,0.424504,-0.160423,0.70242
-0.875846,0.148178,-0.258873,0.380157,0.886401,-0.302141,-0.242667,-0.261252,-0.541339,0.424463,-0.16041,0.702416
-0.875828,0.148101,-0.258952,0.380174,0.886436,-0.30212,-0.242531,-0.26128,-0.541374,0.42443,-0.160452,0.702399
-0.875818,0.148089,-0.258999,0.380171,0.886496,-0.302077,-0.242368,-0.261277,-0.541402,0.424398,-0.160502,0.702386
-0.875826,0.147963,-0.258992,0.380205,0.886549,-0.302033,-0.242182,-0.261321,-0.541441,0.424439,-0.160524,0.702328
-0.875813,0.147866,-0.259074,0.380215,0.886585,-0.302034,-0.242018,-0.261352,-0.541439,0.424431,-0.160527,0.702333
-0.875796,0.147785,-0.259124,0.380249,0.88658,-0.302022,-0.241996,-0.261395,-0.541437,0.424429,-0.160543,0.702332
-0.875784,0.147713,-0.259181,0.380267,0.8866,-0.30204,-0.241946,-0.261357,-0.541495,0.42443,-0.160549,0.702288
-0.875787,0.147697,-0.259199,0.380253,0.886585,-0.302133,-0.241949,-0.261301,-0.54151,0.424459,-0.160534,0.702262
-0.87579,0.147666,-0.259247,0.380226,0.886549,-0.302233,-0.242005,-0.261257,-0.541507,0.424441,-0.16052,0.702277
-0.875754,0.147749,-0.259364,0.380198,0.886522,-0.302335,-0.242072,-0.261173,-0.541506,0.424435,-0.160551,0.702275
-0.875733,0.147787,-0.259447,0.380173,0.886511,-0.302401,-0.242102,-0.261113,-0.541524,0.424458,-0.160516,0.702256
-0.875739,0.147815,-0.259481,0.380126,0.8865,-0.302446,-0.242138,-0.261068,-0.541514,0.424467,-0.160491,0.702264
-0.875737,0.147881,-0.259495,0.380096,0.886506,-0.302458,-0.242154,-0.261016,-0.541557,0.424427,-0.160457,0.702262
-0.875752,0.147864,-0.259469,0.380087,0.886519,-0.302431,-0.242157,-0.261005,-0.541571,0.424427,-0.160446,0.702254
-0.875751,0.147834,-0.259462,0.380104,0.886547,-0.302334,-0.24218,-0.261,-0.541588,0.424452,-0.160449,0.702226
-0.875795,0.147743,-0.25946,0.380039,0.886556,-0.302283,-0.242246,-0.260966,-0.541602,0.424427,-0.160489,0.702222
-0.875841,0.147666,-0.259424,0.379989,0.886567,-0.302247,-0.242277,-0.260941,-0.541622,0.424385,-0.160502,0.702229
-0.875857,0.147596,-0.259417,0.379984,0.886579,-0.302173,-0.242337,-0.260928,-0.541649,0.424362,-0.160514,0.70222
-0.875871,0.147597,-0.259397,0.379966,0.886582,-0.302161,-0.242379,-0.260893,-0.541622,0.424372,-0.160504,0.702238
-0.875878,0.147565,-0.2594,0.379956,0.886588,-0.302248,-0.242348,-0.260806,-0.541591,0.424414,-0.160545,0.702225
-0.875883,0.147597,-0.259405,0.379934,0.886588,-0.302308,-0.242308,-0.260777,-0.541581,0.424396,-0.160542,0.702245
-0.875858,0.147694,-0.259468,0.37991,0.886575,-0.302383,-0.242246,-0.260793,-0.541558,0.424421,-0.160551,0.702244
-0.875834,0.147727,-0.259519,0.379915,0.88658,-0.302368,-0.242233,-0.260804,-0.541555,0.424452,-0.160537,0.702231
-0.875807,0.147738,-0.259585,0.379928,0.886589,-0.302377,-0.242212,-0.260782,-0.541556,0.424464,-0.160553,0.702219
-0.875779,0.147709,-0.259614,0.379984,0.886587,-0.302301,-0.242265,-0.26083,-0.541554,0.424486,-0.160536,0.702211
-0.875781,0.147588,-0.259633,0.380014,0.886589,-0.30225,-0.242336,-0.26081,-0.541559,0.424498,-0.1605,0.702209
-0.875789,0.147535,-0.2596,0.380036,0.886585,-0.302166,-0.242402,-0.260858,-0.541512,0.424526,-0.16052,0.702222
-0.875814,0.147491,-0.259552,0.380029,0.886582,-0.302121,-0.242421,-0.260903,-0.54154,0.424515,-0.160563,0.702198
-0.875799,0.147462,-0.259519,0.380096,0.886571,-0.302161,-0.242357,-0.260953,-0.54157,0.424485,-0.160533,0.702201
-0.875792,0.147422,-0.259503,0.380139,0.886562,-0.302232,-0.242275,-0.260976,-0.541557,0.424491,-0.160551,0.702203
-0.87578,0.147437,-0.259524,0.380146,0.886575,-0.302244,-0.242228,-0.260962,-0.541558,0.424526,-0.160596,0.70217
-0.875758,0.147497,-0.259563,0.380148,0.886558,-0.302341,-0.242214,-0.260923,-0.541538,0.424491,-0.160641,0.702196
-0.87576,0.14753,-0.259561,0.380131,0.886543,-0.302455,-0.242217,-0.260843,-0.541524,0.424436,-0.160693,0.702229
-0.875758,0.147557,-0.25958,0.380112,0.886529,-0.302539,-0.242196,-0.260814,-0.541532,0.42441,-0.1607,0.702237
-0.87578,0.147544,-0.259553,0.380087,0.886524,-0.30257,-0.242175,-0.260818,-0.541514,0.424395,-0.160713,0.702257
-0.875768,0.14756,-0.259536,0.380119,0.886512,-0.302587,-0.242161,-0.260851,-0.541537,0.424394,-0.16069,0.702246
-0.875769,0.147607,-0.259525,0.380106,0.886534,-0.302584,-0.242102,-0.260835,-0.541573,0.424361,-0.160707,0.702235
-0.875775,0.147649,-0.259513,0.380084,0.88657,-0.3025,-0.242068,-0.260841,-0.541555,0.424368,-0.160701,0.702246
-0.875783,0.147618,-0.259539,0.380063,0.886621,-0.302349,-0.242053,-0.260851,-0.54161,0.424382,-0.160749,0.702185
-0.875789,0.147542,-0.259525,0.380087,0.886664,-0.302232,-0.241971,-0.260916,-0.54165,0.424379,-0.160789,0.702148
-0.87581,0.147423,-0.259483,0.380113,0.886729,-0.302036,-0.241913,-0.26097,-0.541669,0.424384,-0.160782,0.702132
-0.875835,0.147237,-0.259408,0.380174,0.886764,-0.301977,-0.241842,-0.260985,-0.541714,0.424368,-0.16076,0.702113
-0.875821,0.147151,-0.259442,0.380218,0.8868,-0.301967,-0.241728,-0.260977,-0.541683,0.424366,-0.160772,0.702135
-0.875816,0.147031,-0.259512,0.380227,0.886846,-0.301998,-0.241575,-0.26093,-0.541675,0.424357,-0.160794,0.702141
-0.875785,0.146999,-0.25961,0.38024,0.886857,-0.302061,-0.241529,-0.260868,-0.541682,0.424368,-0.160824,0.702123
-0.87577,0.146991,-0.259725,0.380201,0.886854,-0.302158,-0.241538,-0.260761,-0.541683,0.424369,-0.160853,0.702115
-0.875752,0.147006,-0.259848,0.380151,0.886841,-0.302316,-0.241525,-0.260641,-0.541683,0.42439,-0.160865,0.702099
-0.875761,0.146993,-0.259914,0.380094,0.886826,-0.302425,-0.241586,-0.260512,-0.541697,0.424404,-0.160852,0.702083
-0.875758,0.147096,-0.26003,0.379979,0.886808,-0.302489,-0.241724,-0.260379,-0.541717,0.424399,-0.160891,0.702063
-0.87575,0.147142,-0.260109,0.379928,0.886771,-0.302513,-0.241956,-0.260266,-0.541715,0.424366,-0.160918,0.702079
-0.875781,0.147151,-0.260101,0.379858,0.886734,-0.302475,-0.242199,-0.260212,-0.541716,0.424381,-0.160893,0.702073
-0.875818,0.147069,-0.260021,0.37986,0.886723,-0.302364,-0.242423,-0.260168,-0.541746,0.424348,-0.160838,0.702083
-0.875899,0.146967,-0.259903,0.379793,0.886735,-0.302295,-0.242517,-0.260121,-0.541791,0.424296,-0.160752,0.702101
-0.875966,0.146891,-0.259798,0.37974,0.886774,-0.302172,-0.242624,-0.260035,-0.541774,0.4243,-0.160711,0.70212
-0.876022,0.146796,-0.259741,0.379686,0.886831,-0.301988,-0.242771,-0.259919,-0.541774,0.424283,-0.16067,0.70214
-0.876068,0.146698,-0.259645,0.379683,0.886863,-0.301915,-0.242871,-0.259803,-0.541752,0.424335,-0.160629,0.702134
-0.876095,0.146634,-0.259594,0.379682,0.886849,-0.301946,-0.242965,-0.259728,-0.541782,0.424308,-0.160588,0.702137
-0.876137,0.146597,-0.259588,0.379602,0.886806,-0.301998,-0.243024,-0.259759,-0.54179,0.424343,-0.160607,0.702105
-0.876111,0.146644,-0.25962,0.379622,0.886804,-0.302047,-0.242961,-0.259769,-0.541819,0.424313,-0.160606,0.702101
-0.876104,0.146645,-0.25964,0.379627,0.88682,-0.302156,-0.242789,-0.259753,-0.541809,0.424283,-0.160542,0.702142
-0.876057,0.146618,-0.259762,0.37966,0.886874,-0.302179,-0.242585,-0.259731,-0.541809,0.424293,-0.160522,0.70214
-0.876015,0.146639,-0.259862,0.379679,0.886925,-0.302125,-0.242389,-0.259801,-0.541773,0.424296,-0.160552,0.702158
-0.875995,0.146605,-0.259936,0.379688,0.886995,-0.302021,-0.242203,-0.259849,-0.541744,0.424346,-0.1606,0.702139
-0.875977,0.146598,-0.26003,0.379668,0.887058,-0.301946,-0.242036,-0.259879,-0.541761,0.42437,-0.160662,0.702098
-0.875973,0.146533,-0.260064,0.379679,0.887103,-0.301839,-0.24191,-0.259961,-0.541793,0.424339,-0.160717,0.702081
-0.875976,0.146417,-0.260059,0.379719,0.887131,-0.301775,-0.241822,-0.260019,-0.541764,0.42435,-0.160775,0.702082
-0.875982,0.146337,-0.260085,0.379716,0.887134,-0.301748,-0.241817,-0.260041,-0.541718,0.424378,-0.16082,0.70209
-0.875962,0.146253,-0.260127,0.379765,0.887145,-0.301731,-0.241754,-0.260082,-0.541693,0.4244,-0.160837,0.702093
-0.87598,0.14613,-0.260153,0.379754,0.887187,-0.301666,-0.24169,-0.260072,-0.541719,0.424352,-0.160823,0.702104
-0.875986,0.146061,-0.260207,0.379727,0.887212,-0.301582,-0.241678,-0.260093,-0.541711,0.424329,-0.160837,0.702122
-0.876015,0.145984,-0.260224,0.379678,0.887242,-0.301504,-0.241665,-0.260092,-0.541698,0.424323,-0.160825,0.702138
-0.876045,0.145968,-0.26019,0.37964,0.887223,-0.301471,-0.241826,-0.260047,-0.541682,0.424328,-0.160862,0.702137
-0.876068,0.146,-0.26015,0.379601,0.887185,-0.301473,-0.242041,-0.25998,-0.54166,0.424322,-0.160951,0.702139
-0.876085,0.146063,-0.260112,0.379564,0.887098,-0.301487,-0.242355,-0.259967,-0.541635,0.42435,-0.16096,0.702138
-0.87615,0.146021,-0.259908,0.379572,0.887033,-0.301435,-0.242695,-0.259933,-0.541678,0.424363,-0.16095,0.702101
-0.876232,0.145968,-0.259677,0.379559,0.887019,-0.301332,-0.242942,-0.259868,-0.541719,0.42436,-0.160932,0.702075
-0.876287,0.145922,-0.259505,0.379568,0.887015,-0.301244,-0.24307,-0.259863,-0.541754,0.42433,-0.160885,0.702078
-0.876332,0.145914,-0.259387,0.379551,0.887025,-0.301241,-0.242999,-0.259898,-0.54174,0.424289,-0.160805,0.702131
-0.876353,0.145957,-0.259365,0.379502,0.887026,-0.301243,-0.242952,-0.259933,-0.541795,0.424217,-0.160722,0.702153
-0.87633,0.146029,-0.259358,0.379533,0.887021,-0.301265,-0.242937,-0.259941,-0.541826,0.424213,-0.160699,0.702136
-0.876311,0.146044,-0.259396,0.379544,0.886997,-0.301313,-0.243002,-0.25991,-0.541846,0.424178,-0.160684,0.702146
-0.876291,0.146028,-0.259397,0.379594,0.886959,-0.30132,-0.243157,-0.259883,-0.541851,0.424209,-0.160669,0.702127
-0.876278,0.145992,-0.259412,0.379627,0.886917,-0.301317,-0.243326,-0.259872,-0.54187,0.424222,-0.160673,0.702103
-0.876282,0.146011,-0.25939,0.379627,0.886872,-0.301366,-0.243446,-0.259861,-0.541811,0.424234,-0.160646,0.702148
-0.87628,0.145952,-0.259417,0.379633,0.886854,-0.301358,-0.243577,-0.259804,-0.54182,0.424182,-0.160633,0.702176
-0.87627,0.145941,-0.259443,0.379643,0.886875,-0.301317,-0.243606,-0.259759,-0.541806,0.424163,-0.160683,0.702186
-0.876294,0.145826,-0.259469,0.379615,0.886894,-0.30129,-0.243593,-0.25974,-0.541792,0.424143,-0.160714,0.702201
-0.876264,0.145752,-0.25957,0.379641,0.88692,-0.301236,-0.243574,-0.259728,-0.54178,0.424137,-0.160779,0.7022
-0.876266,0.14561,-0.259631,0.379648,0.886957,-0.301125,-0.243656,-0.259653,-0.541783,0.424127,-0.160785,0.702202
-0.876263,0.145447,-0.259738,0.379644,0.886967,-0.301038,-0.243736,-0.259643,-0.541796,0.424126,-0.160809,0.702188
-0.87628,0.145267,-0.259753,0.379661,0.886939,-0.301069,-0.243793,-0.25965,-0.541813,0.424147,-0.160863,0.70215
-0.8763,0.145137,-0.259744,0.379671,0.886921,-0.30102,-0.243967,-0.259609,-0.541842,0.424101,-0.160843,0.702161
-0.876283,0.145127,-0.259746,0.379713,0.886938,-0.300949,-0.244036,-0.259569,-0.541805,0.424144,-0.160904,0.702149
-0.876294,0.145092,-0.25971,0.379722,0.886947,-0.300965,-0.244013,-0.259539,-0.54177,0.424134,-0.160918,0.702177
-0.876303,0.14508,-0.259686,0.379724,0.886982,-0.301025,-0.243861,-0.259497,-0.54175,0.424104,-0.160933,0.702209
-0.876293,0.14514,-0.259707,0.379709,0.887016,-0.301071,-0.24371,-0.259473,-0.541713,0.424138,-0.160975,0.702205
-0.876285,0.145197,-0.259728,0.379692,0.887045,-0.301076,-0.243634,-0.25944,-0.541744,0.424113,-0.160975,0.702197
-0.876274,0.145258,-0.259762,0.379672,0.887064,-0.301053,-0.243637,-0.259397,-0.541761,0.424128,-0.160984,0.702173
-0.876282,0.145324,-0.259737,0.379644,0.887078,-0.301028,-0.243647,-0.259373,-0.541778,0.424138,-0.160958,0.70216
-0.876299,0.145334,-0.259654,0.37966,0.88703,-0.301073,-0.243742,-0.259395,-0.541768,0.424144,-0.160854,0.702188
-0.876307,0.145364,-0.25955,0.379701,0.886986,-0.301139,-0.243833,-0.259382,-0.541832,0.424126,-0.160752,0.702173
-0.876318,0.145299,-0.259476,0.379751,0.886932,-0.301136,-0.243966,-0.259443,-0.541849,0.42412,-0.160628,0.702193
-0.876324,0.145309,-0.259375,0.379804,0.886908,-0.301119,-0.244052,-0.259465,-0.541867,0.424126,-0.160572,0.702188
-0.876338,0.145318,-0.259315,0.379807,0.88688,-0.301206,-0.244072,-0.259443,-0.541857,0.424105,-0.160569,0.702208
-0.876336,0.145349,-0.259271,0.379829,0.88687,-0.301229,-0.244085,-0.259439,-0.541833,0.424086,-0.160615,0.702227
-0.876327,0.145392,-0.259279,0.37983,0.886861,-0.301267,-0.244083,-0.259427,-0.541816,0.424134,-0.160664,0.702201
-0.876311,0.145421,-0.259303,0.379839,0.886837,-0.301329,-0.244046,-0.259472,-0.541766,0.424135,-0.160698,0.70223
-0.876302,0.145428,-0.259285,0.379869,0.886816,-0.301352,-0.244057,-0.259507,-0.541748,0.424126,-0.160723,0.702243
-0.876293,0.145425,-0.259274,0.379899,0.886768,-0.30143,-0.244075,-0.259561,-0.541727,0.424122,-0.160751,0.702255
-0.876293,0.145404,-0.259333,0.379867,0.886756,-0.3015,-0.244046,-0.259548,-0.541712,0.424126,-0.160827,0.702248
-0.876262,0.145471,-0.259382,0.37988,0.88676,-0.301479,-0.244034,-0.259572,-0.541679,0.42413,-0.160889,0.702256
-0.876238,0.145448,-0.259419,0.379919,0.886773,-0.301477,-0.243978,-0.259581,-0.541643,0.424159,-0.160976,0.702247
-0.876226,0.145404,-0.259455,0.379939,0.886812,-0.301437,-0.243872,-0.259595,-0.541653,0.424156,-0.161017,0.70223
-0.876191,0.145372,-0.259509,0.379992,0.88683,-0.301415,-0.243828,-0.259599,-0.541644,0.424161,-0.161045,0.702229
-0.876177,0.145309,-0.259511,0.380047,0.886824,-0.301403,-0.243782,-0.259673,-0.541593,0.424214,-0.161063,0.70223
-0.876122,0.145319,-0.259568,0.38013,0.886795,-0.301441,-0.243769,-0.25974,-0.541616,0.424184,-0.161071,0.702229
-0.876108,0.145356,-0.259568,0.380148,0.88678,-0.301424,-0.243804,-0.259773,-0.541601,0.424222,-0.161093,0.702212
-0.876104,0.145291,-0.259605,0.380156,0.886764,-0.301373,-0.243895,-0.259798,-0.541578,0.424213,-0.161099,0.702234
-0.876112,0.145263,-0.259528,0.380201,0.886744,-0.301351,-0.243971,-0.259819,-0.541581,0.424222,-0.16108,0.70223
-0.876125,0.14525,-0.259507,0.380191,0.88674,-0.30138,-0.243959,-0.259813,-0.541554,0.424222,-0.161117,0.702243
-0.876143,0.145246,-0.259478,0.38017,0.886758,-0.301364,-0.244017,-0.259719,-0.541515,0.424192,-0.161105,0.702292
-0.876165,0.145234,-0.259455,0.380138,0.88676,-0.301427,-0.244067,-0.259596,-0.541481,0.424208,-0.161078,0.702315
-0.876173,0.145232,-0.259461,0.380119,0.886753,-0.301502,-0.244109,-0.2595,-0.541453,0.424259,-0.161056,0.702309
-0.876139,0.145276,-0.259565,0.380109,0.886708,-0.301719,-0.244159,-0.259364,-0.541481,0.424304,-0.160958,0.702283
-0.876092,0.145364,-0.2597,0.380091,0.886671,-0.301918,-0.244159,-0.259265,-0.541505,0.42431,-0.160913,0.702271
-0.876045,0.14544,-0.259858,0.380063,0.886654,-0.302081,-0.244096,-0.259198,-0.541531,0.424313,-0.160829,0.702269
-0.876017,0.145539,-0.259976,0.380011,0.88666,-0.302173,-0.243911,-0.259245,-0.541554,0.42431,-0.160778,0.702266
-0.875958,0.145633,-0.260078,0.38004,0.8867,-0.302199,-0.243687,-0.259288,-0.54154,0.424335,-0.160776,0.702261
-0.875908,0.145659,-0.26015,0.380095,0.886753,-0.302154,-0.243439,-0.259387,-0.541547,0.424346,-0.160758,0.702252
-0.875873,0.145556,-0.260212,0.380172,0.886796,-0.302049,-0.243285,-0.259497,-0.541531,0.424388,-0.160788,0.702232
-0.875868,0.145377,-0.260208,0.380254,0.886801,-0.302016,-0.243141,-0.259649,-0.541491,0.424456,-0.16077,0.702225
-0.875869,0.145252,-0.260212,0.380296,0.8868,-0.301929,-0.243097,-0.25979,-0.541495,0.424486,-0.160794,0.702198
-0.875874,0.145081,-0.260164,0.380379,0.886798,-0.301816,-0.243064,-0.259949,-0.541504,0.424518,-0.160829,0.702164
-0.875869,0.144928,-0.260167,0.380444,0.886821,-0.301751,-0.243007,-0.259999,-0.541518,0.424516,-0.160894,0.70214
-0.875851,0.144866,-0.260224,0.380471,0.886841,-0.301819,-0.24295,-0.25991,-0.541514,0.424508,-0.160934,0.70214
-0.875813,0.144845,-0.260283,0.380526,0.886867,-0.301899,-0.242868,-0.259809,-0.54149,0.424531,-0.160999,0.702129
-0.875788,0.144889,-0.260415,0.380475,0.886892,-0.30196,-0.242833,-0.25969,-0.541456,0.424564,-0.16106,0.70212
-0.875757,0.14497,-0.260546,0.380427,0.886864,-0.302139,-0.242824,-0.259594,-0.541461,0.424622,-0.161077,0.702078
-0.875731,0.145111,-0.260674,0.380347,0.886835,-0.302295,-0.242872,-0.259476,-0.541482,0.424617,-0.161098,0.70206
-0.875705,0.145218,-0.260771,0.3803,0.886804,-0.302376,-0.242944,-0.25942,-0.541466,0.424653,-0.161097,0.702051
-0.875695,0.14527,-0.26082,0.380269,0.886778,-0.302434,-0.243006,-0.259386,-0.541413,0.424661,-0.161047,0.702096
-0.87571,0.145254,-0.260842,0.380227,0.886787,-0.30242,-0.243043,-0.259337,-0.541361,0.424667,-0.161002,0.702142
-0.875738,0.145199,-0.260797,0.380214,0.886808,-0.302384,-0.243017,-0.259334,-0.541352,0.424673,-0.160996,0.702146
-0.875759,0.145161,-0.260714,0.380237,0.886814,-0.302351,-0.243023,-0.259345,-0.541324,0.424721,-0.160982,0.702143
-0.875787,0.145128,-0.260664,0.380218,0.886821,-0.302312,-0.243057,-0.259332,-0.54137,0.424703,-0.160946,0.702125
-0.875795,0.145129,-0.260647,0.380213,0.886822,-0.302295,-0.243107,-0.259304,-0.541366,0.424754,-0.160868,0.702116
-0.875802,0.145118,-0.260627,0.380215,0.88681,-0.302266,-0.243167,-0.25932,-0.541401,0.424771,-0.160825,0.702088
-0.875817,0.145141,-0.260586,0.380199,0.886789,-0.302282,-0.243208,-0.259333,-0.541396,0.424777,-0.160763,0.702102
-0.875838,0.1451,-0.26056,0.380183,0.886778,-0.302267,-0.243275,-0.259329,-0.541479,0.424749,-0.160663,0.702079
-0.875831,0.145105,-0.260567,0.380195,0.886796,-0.302174,-0.243288,-0.259357,-0.54148,0.424754,-0.160628,0.702083
-0.875834,0.145132,-0.260613,0.380146,0.886829,-0.302122,-0.243248,-0.259346,-0.541455,0.424775,-0.160621,0.702091
-0.875829,0.14515,-0.26065,0.380124,0.886841,-0.302119,-0.243194,-0.259359,-0.541476,0.424792,-0.160581,0.702074
-0.87582,0.145197,-0.26072,0.38008,0.886853,-0.302199,-0.243081,-0.259333,-0.541448,0.424812,-0.160546,0.70209
-0.875803,0.145173,-0.260783,0.380085,0.88686,-0.302326,-0.242957,-0.259281,-0.54143,0.424836,-0.160552,0.702088
-0.875799,0.1452,-0.26087,0.380025,0.886848,-0.302441,-0.242899,-0.259243,-0.541429,0.424841,-0.160589,0.702077
-0.875783,0.14523,-0.260912,0.380021,0.886859,-0.302507,-0.242828,-0.259199,-0.541436,0.424851,-0.160571,0.702069
-0.875755,0.145305,-0.260984,0.380007,0.886847,-0.302577,-0.242786,-0.259199,-0.541468,0.424833,-0.160551,0.702061
-0.875758,0.145256,-0.261042,0.37998,0.886826,-0.302678,-0.242758,-0.259178,-0.541491,0.424875,-0.160545,0.70202
-0.87573,0.145333,-0.261109,0.379969,0.886841,-0.302658,-0.242737,-0.259172,-0.541507,0.424841,-0.160544,0.702029
-0.875713,0.145274,-0.261135,0.380014,0.88684,-0.302618,-0.242721,-0.259233,-0.541514,0.424877,-0.160575,0.701994
-0.875686,0.145215,-0.261194,0.380055,0.886835,-0.302581,-0.24267,-0.259337,-0.541501,0.424883,-0.160609,0.701993
-0.875686,0.1452,-0.261191,0.380063,0.886855,-0.302511,-0.242609,-0.259407,-0.541465,0.424946,-0.16063,0.701977
-0.875685,0.145163,-0.261201,0.380072,0.886863,-0.302452,-0.242553,-0.259493,-0.541447,0.424951,-0.160648,0.701984
-0.875685,0.145097,-0.261203,0.380098,0.886904,-0.302358,-0.242485,-0.259523,-0.541436,0.424975,-0.160677,0.701971
-0.875707,0.144959,-0.261191,0.380105,0.88692,-0.302373,-0.242412,-0.259519,-0.541446,0.424995,-0.160667,0.701953
-0.875696,0.144923,-0.261263,0.380095,0.886936,-0.302392,-0.242389,-0.259467,-0.541421,0.42501,-0.160691,0.701958
-0.875678,0.144963,-0.26131,0.380087,0.886925,-0.302476,-0.242395,-0.259407,-0.541375,0.425056,-0.160778,0.701945
-0.875664,0.145034,-0.261378,0.380047,0.886886,-0.302582,-0.242473,-0.259348,-0.541347,0.425117,-0.160816,0.701919
-0.875657,0.145049,-0.261428,0.380022,0.886857,-0.30265,-0.242529,-0.259313,-0.541377,0.425095,-0.160796,0.701914
-0.875663,0.145078,-0.261477,0.379964,0.886845,-0.302622,-0.242621,-0.259302,-0.541409,0.425095,-0.160824,0.701885
-0.875673,0.145109,-0.261507,0.379912,0.886858,-0.302582,-0.242598,-0.259325,-0.541431,0.425082,-0.160795,0.701882
-0.875672,0.14513,-0.261501,0.37991,0.886893,-0.302519,-0.242537,-0.259335,-0.541452,0.425108,-0.160741,0.701862
-0.875682,0.145089,-0.261419,0.379958,0.886914,-0.302493,-0.242558,-0.259276,-0.541448,0.425129,-0.160704,0.701861
-0.8757,0.14506,-0.261376,0.379956,0.886915,-0.302483,-0.242636,-0.259212,-0.541438,0.425145,-0.160699,0.701861
-0.875735,0.145103,-0.261266,0.379936,0.886888,-0.302435,-0.242797,-0.259209,-0.541464,0.425099,-0.160688,0.701871
-0.875767,0.145147,-0.261206,0.379887,0.886822,-0.302483,-0.242951,-0.259234,-0.54148,0.425087,-0.160667,0.70187
-0.875781,0.145181,-0.261131,0.379894,0.886784,-0.302529,-0.243037,-0.259236,-0.541479,0.425055,-0.16056,0.701916
-0.875787,0.145229,-0.2611,0.379882,0.886794,-0.302568,-0.242973,-0.259212,-0.541503,0.425042,-0.160504,0.701918
-0.875783,0.145273,-0.261073,0.379895,0.886815,-0.30258,-0.242798,-0.25929,-0.541506,0.425034,-0.16049,0.701924
-0.875771,0.145302,-0.261125,0.379875,0.886853,-0.302616,-0.242596,-0.259306,-0.541521,0.425022,-0.160444,0.70193
-0.875749,0.145292,-0.261214,0.379869,0.886951,-0.302509,-0.242309,-0.25936,-0.541526,0.425016,-0.160425,0.701934
-0.875733,0.145294,-0.261334,0.379823,0.887004,-0.302433,-0.242154,-0.259413,-0.541507,0.425068,-0.160393,0.701923
-0.875728,0.145191,-0.261446,0.379798,0.887038,-0.30238,-0.242025,-0.259474,-0.541522,0.425102,-0.160435,0.701883
-0.875716,0.145108,-0.261496,0.379821,0.887056,-0.302357,-0.241954,-0.259503,-0.54151,0.425142,-0.160457,0.701862
-0.875733,0.145015,-0.261507,0.379807,0.887073,-0.302349,-0.24193,-0.259477,-0.541519,0.425127,-0.160503,0.701854
-0.875742,0.144945,-0.261582,0.379763,0.887061,-0.302407,-0.241937,-0.259447,-0.541494,0.425156,-0.160591,0.701835
-0.875723,0.144903,-0.261678,0.379754,0.887074,-0.302435,-0.241924,-0.259384,-0.54148,0.425215,-0.160592,0.70181
-0.875735,0.144879,-0.261768,0.379675,0.887089,-0.302513,-0.241841,-0.259324,-0.541516,0.425201,-0.160579,0.701794
-0.875707,0.14491,-0.261895,0.37964,0.887133,-0.302585,-0.241699,-0.259226,-0.541513,0.425194,-0.160561,0.701805
-0.875705,0.144939,-0.262013,0.379553,0.887158,-0.302657,-0.241594,-0.25916,-0.541506,0.425184,-0.160534,0.701822
-0.875672,0.145015,-0.262098,0.379541,0.887211,-0.302589,-0.241523,-0.259125,-0.541548,0.425191,-0.16055,0.701782
-0.875663,0.145022,-0.262144,0.379527,0.887236,-0.302527,-0.241538,-0.259095,-0.54155,0.425245,-0.16057,0.701743
-0.875668,0.145039,-0.262148,0.379508,0.887219,-0.302518,-0.241688,-0.259028,-0.541574,0.425233,-0.16058,0.70173
-0.875723,0.144938,-0.262037,0.379494,0.887197,-0.302544,-0.241797,-0.258975,-0.541546,0.425267,-0.160602,0.701727
-0.875747,0.144903,-0.261991,0.379485,0.887188,-0.302569,-0.241853,-0.258922,-0.541532,0.425274,-0.160562,0.701742
-0.875767,0.144979,-0.26195,0.37944,0.887176,-0.30262,-0.241883,-0.258878,-0.541529,0.425333,-0.160553,0.701709
-0.87578,0.145004,-0.261939,0.379409,0.887184,-0.302683,-0.241881,-0.258785,-0.541511,0.425327,-0.160598,0.701716
-0.875757,0.145088,-0.262007,0.379382,0.88717,-0.302802,-0.241866,-0.258711,-0.541497,0.425363,-0.160545,0.701718
-0.875735,0.145097,-0.262084,0.379376,0.88714,-0.302838,-0.241912,-0.258729,-0.541468,0.425384,-0.160524,0.70173
-0.875717,0.145105,-0.262083,0.379416,0.887095,-0.30291,-0.242042,-0.258681,-0.541473,0.425431,-0.160513,0.7017
-0.87572,0.145148,-0.262037,0.379424,0.887053,-0.302964,-0.242137,-0.258674,-0.541469,0.425479,-0.160478,0.701682
-0.875728,0.145167,-0.261997,0.379425,0.88701,-0.303024,-0.242205,-0.258688,-0.54147,0.425508,-0.160474,0.701665
-0.875707,0.145235,-0.261965,0.379471,0.88699,-0.303044,-0.242268,-0.258675,-0.541509,0.425508,-0.160443,0.701641
-0.875692,0.145241,-0.261894,0.379552,0.886946,-0.303074,-0.242346,-0.258718,-0.541508,0.425538,-0.160414,0.701631
-0.875671,0.145221,-0.261832,0.379649,0.886932,-0.303105,-0.242366,-0.25871,-0.541525,0.425531,-0.16044,0.701616
-0.875655,0.145219,-0.261816,0.379698,0.886942,-0.303079,-0.242356,-0.258715,-0.541498,0.425581,-0.160472,0.701599
-0.875649,0.145183,-0.261793,0.379742,0.886965,-0.30298,-0.242384,-0.258725,-0.541503,0.425566,-0.16049,0.7016
-0.875683,0.145179,-0.26178,0.379675,0.88698,-0.302964,-0.242371,-0.258703,-0.541481,0.425585,-0.160541,0.701595
-0.875736,0.145089,-0.261726,0.379623,0.88701,-0.302933,-0.242367,-0.258642,-0.541481,0.42558,-0.160595,0.701585
-0.875748,0.145019,-0.261759,0.379599,0.887025,-0.302943,-0.242362,-0.258589,-0.541448,0.42562,-0.160645,0.701574
-0.875776,0.14497,-0.261782,0.379537,0.88704,-0.302969,-0.242308,-0.258559,-0.541443,0.425629,-0.160658,0.70157
-0.87576,0.145,-0.261907,0.379477,0.887052,-0.302995,-0.24225,-0.25854,-0.541409,0.425675,-0.160652,0.701569
-0.875755,0.144978,-0.261993,0.37944,0.887115,-0.302917,-0.242113,-0.258543,-0.541433,0.425686,-0.160628,0.70155
-0.875745,0.144928,-0.262102,0.379403,0.887203,-0.302833,-0.241915,-0.258525,-0.541431,0.425675,-0.16066,0.70155
-0.875768,0.144871,-0.262149,0.379341,0.887314,-0.30262,-0.241753,-0.258542,-0.54144,0.425651,-0.160646,0.701561
-0.875845,0.144719,-0.262143,0.379225,0.887406,-0.302423,-0.241672,-0.258529,-0.541443,0.425671,-0.160606,0.701555
-0.875914,0.144539,-0.262126,0.379145,0.887509,-0.302192,-0.241626,-0.258489,-0.541427,0.425699,-0.160636,0.701544
-0.876031,0.144349,-0.26205,0.379,0.887591,-0.302017,-0.241617,-0.258416,-0.541424,0.425709,-0.160679,0.701531
-0.876126,0.144224,-0.262004,0.378859,0.887659,-0.301859,-0.241628,-0.258358,-0.54144,0.425753,-0.160691,0.701488
-0.876216,0.144048,-0.261956,0.378752,0.887729,-0.301776,-0.241601,-0.258243,-0.541441,0.425777,-0.160724,0.701467
-0.876269,0.144,-0.26202,0.378603,0.887769,-0.301807,-0.24159,-0.258084,-0.541462,0.425781,-0.160728,0.701446
-0.876316,0.143962,-0.262085,0.378463,0.887813,-0.301824,-0.24162,-0.257892,-0.541455,0.425812,-0.160692,0.70144
-0.87634,0.143951,-0.262213,0.378325,0.88785,-0.301848,-0.241624,-0.257741,-0.541485,0.425819,-0.160636,0.701428
-0.876388,0.143919,-0.262285,0.378178,0.887861,-0.301872,-0.241666,-0.257639,-0.541498,0.425821,-0.160612,0.701421
-0.876435,0.143951,-0.262351,0.378012,0.887917,-0.301896,-0.241615,-0.257474,-0.541546,0.425821,-0.160604,0.701388
-0.876478,0.143951,-0.262411,0.377869,0.887968,-0.301934,-0.241544,-0.257324,-0.541531,0.425819,-0.160601,0.7014
-0.876512,0.14395,-0.262464,0.377757,0.888016,-0.30192,-0.241492,-0.257227,-0.541581,0.425774,-0.160594,0.701391
-0.876552,0.143953,-0.262544,0.377607,0.888046,-0.301888,-0.241496,-0.25716,-0.541601,0.425732,-0.1606,0.701401
-0.876557,0.143854,-0.262577,0.377608,0.88806,-0.3018,-0.241581,-0.257133,-0.541609,0.425735,-0.160622,0.701388
-0.876567,0.143778,-0.262595,0.377603,0.888045,-0.301766,-0.241677,-0.257131,-0.541643,0.425745,-0.160571,0.701368
-0.876588,0.143716,-0.262581,0.377587,0.888023,-0.301741,-0.241785,-0.257137,-0.541685,0.425777,-0.160572,0.701316
-0.876577,0.143693,-0.262559,0.377637,0.88801,-0.301776,-0.24186,-0.257074,-0.541687,0.425774,-0.160516,0.701329
-0.876562,0.143648,-0.262518,0.377716,0.88796,-0.301823,-0.241966,-0.257093,-0.541757,0.425767,-0.160456,0.701293
-0.876544,0.143602,-0.26255,0.377752,0.887915,-0.301925,-0.242025,-0.257074,-0.541758,0.425735,-0.160417,0.701322
-0.876482,0.143655,-0.262672,0.377789,0.887882,-0.302004,-0.242048,-0.257075,-0.541755,0.42571,-0.160383,0.701347
-0.876423,0.143653,-0.262772,0.37786,0.887818,-0.302188,-0.242058,-0.257073,-0.541742,0.425631,-0.160387,0.701404
-0.876357,0.143617,-0.26289,0.377944,0.88776,-0.302367,-0.241967,-0.25715,-0.541736,0.425567,-0.160324,0.701461
-0.876262,0.143709,-0.263024,0.378032,0.887731,-0.302457,-0.241857,-0.257245,-0.541742,0.425526,-0.160305,0.701486
-0.876191,0.143805,-0.263136,0.378082,0.887731,-0.302501,-0.241588,-0.257438,-0.541666,0.425557,-0.16027,0.701533
-0.876123,0.143832,-0.26325,0.378151,0.88779,-0.302451,-0.241262,-0.257592,-0.541577,0.425553,-0.16034,0.701587
-0.876055,0.143772,-0.263348,0.378262,0.887875,-0.302268,-0.240962,-0.257786,-0.541489,0.425541,-0.160487,0.701627
-0.875998,0.143618,-0.263383,0.378424,0.887964,-0.302134,-0.240673,-0.257898,-0.541406,0.425524,-0.160562,0.701684
-0.875951,0.143408,-0.263461,0.378558,0.888034,-0.302091,-0.2404,-0.257962,-0.541345,0.425529,-0.160702,0.701695
-0.875927,0.143273,-0.263487,0.378642,0.888069,-0.302085,-0.240193,-0.258039,-0.541277,0.425534,-0.160797,0.701722
-0.875905,0.143127,-0.263539,0.378711,0.888042,-0.302113,-0.240128,-0.258156,-0.541266,0.425524,-0.160883,0.701717
-0.875875,0.143125,-0.263639,0.378712,0.888026,-0.302223,-0.240052,-0.258154,-0.541236,0.425558,-0.160957,0.701703
-0.875839,0.143119,-0.263731,0.378734,0.887993,-0.302371,-0.24,-0.258144,-0.541213,0.425526,-0.160977,0.701734
-0.875802,0.143162,-0.263845,0.378722,0.887967,-0.30251,-0.239982,-0.258094,-0.541208,0.425536,-0.161007,0.701726
-0.875798,0.143176,-0.263874,0.378708,0.887939,-0.302616,-0.239982,-0.25807,-0.541177,0.425557,-0.161012,0.701735
-0.875781,0.14319,-0.263964,0.378676,0.887925,-0.302695,-0.239993,-0.258018,-0.541171,0.425544,-0.160976,0.701755
-0.875784,0.14315,-0.264011,0.378652,0.887931,-0.302697,-0.239992,-0.257994,-0.541182,0.425572,-0.16094,0.701738
-0.875787,0.143191,-0.264003,0.378637,0.887936,-0.302699,-0.240037,-0.257936,-0.541205,0.425588,-0.160946,0.70171
-0.875791,0.143173,-0.264065,0.37859,0.887935,-0.302707,-0.240081,-0.257891,-0.541221,0.425584,-0.160951,0.701699
-0.875811,0.143211,-0.264043,0.378547,0.887961,-0.302685,-0.240089,-0.257823,-0.541238,0.425592,-0.160896,0.701693
-0.875836,0.143279,-0.264002,0.378492,0.887974,-0.302648,-0.240158,-0.257759,-0.541274,0.425613,-0.160837,0.701667
-0.875847,0.143315,-0.264004,0.378452,0.887983,-0.30264,-0.240241,-0.257662,-0.541266,0.425621,-0.160823,0.701671
-0.875855,0.143407,-0.264015,0.378394,0.887974,-0.302611,-0.240347,-0.257627,-0.54126,0.42561,-0.160768,0.701695
-0.875884,0.143458,-0.264025,0.378301,0.887951,-0.302631,-0.240469,-0.257573,-0.541246,0.425581,-0.1607,0.701738
-0.875866,0.143578,-0.264012,0.378308,0.887943,-0.3026,-0.24055,-0.257564,-0.541254,0.425545,-0.160668,0.701761
-0.875877,0.143578,-0.263969,0.378313,0.887897,-0.30261,-0.240617,-0.257642,-0.541274,0.425534,-0.160677,0.70175
-0.875861,0.143612,-0.263987,0.378322,0.88789,-0.302617,-0.240658,-0.257619,-0.541315,0.425485,-0.160658,0.701754
-0.875862,0.143595,-0.263943,0.378357,0.887914,-0.302599,-0.240594,-0.257618,-0.541322,0.425499,-0.16062,0.701749
-0.875869,0.14352,-0.263877,0.378414,0.887931,-0.302539,-0.24058,-0.257644,-0.541366,0.425473,-0.160602,0.701737
-0.875843,0.143526,-0.263968,0.378408,0.887929,-0.302499,-0.240535,-0.257735,-0.541394,0.425456,-0.160615,0.701722
-0.875808,0.14346,-0.264039,0.378466,0.887935,-0.302436,-0.240477,-0.257837,-0.541405,0.425433,-0.160652,0.70172
-0.875788,0.143416,-0.264097,0.378488,0.887944,-0.302395,-0.240377,-0.257942,-0.541399,0.425435,-0.160635,0.701725
-0.875774,0.143288,-0.264115,0.378553,0.887965,-0.302291,-0.240305,-0.258051,-0.541396,0.425419,-0.160633,0.701739
-0.875769,0.143137,-0.26414,0.378604,0.887978,-0.302197,-0.240274,-0.258142,-0.541385,0.425443,-0.160689,0.70172
-0.875729,0.143072,-0.264178,0.378692,0.887974,-0.302156,-0.240276,-0.258198,-0.541379,0.425429,-0.160747,0.70172
-0.875704,0.142976,-0.264197,0.378772,0.887941,-0.302181,-0.2403,-0.258262,-0.541322,0.425407,-0.160824,0.701759
-0.875678,0.142953,-0.264195,0.378841,0.887875,-0.302268,-0.240338,-0.258348,-0.541262,0.425421,-0.160914,0.701777
-0.875633,0.142959,-0.26421,0.378933,0.887812,-0.302373,-0.240349,-0.258428,-0.541176,0.42549,-0.160931,0.701795
-0.875597,0.14302,-0.264232,0.378977,0.887794,-0.302437,-0.240353,-0.258416,-0.541175,0.425468,-0.160932,0.701809
-0.875558,0.143077,-0.264244,0.379036,0.887748,-0.302505,-0.24036,-0.258486,-0.541174,0.425448,-0.160928,0.701823
-0.875574,0.143119,-0.264176,0.379031,0.887751,-0.30252,-0.240334,-0.258483,-0.541161,0.425454,-0.160931,0.701828
-0.875585,0.143187,-0.26408,0.379047,0.88772,-0.302547,-0.240383,-0.25851,-0.541159,0.425477,-0.160884,0.701826
-0.875581,0.143228,-0.264021,0.379083,0.88769,-0.302561,-0.240499,-0.258492,-0.541143,0.425444,-0.160892,0.701856
-0.875611,0.143225,-0.263893,0.379103,0.887599,-0.302583,-0.240771,-0.258525,-0.541141,0.425474,-0.160869,0.701845
-0.875631,0.143297,-0.263761,0.379123,0.887506,-0.302628,-0.241125,-0.258463,-0.54114,0.425489,-0.160832,0.701845
-0.875657,0.143367,-0.263568,0.37917,0.887394,-0.302688,-0.241528,-0.258403,-0.541174,0.425459,-0.160786,0.701848
-0.87569,0.143486,-0.263328,0.379219,0.887256,-0.302796,-0.241951,-0.258359,-0.541254,0.425453,-0.160812,0.701786
-0.875712,0.143624,-0.263152,0.379239,0.887082,-0.303002,-0.242396,-0.2583,-0.541295,0.425403,-0.160774,0.701794
-0.875737,0.143754,-0.262946,0.379276,0.886972,-0.303096,-0.242749,-0.258239,-0.541299,0.425406,-0.160778,0.701788
-0.875717,0.143846,-0.26285,0.379355,0.886861,-0.303215,-0.242994,-0.258256,-0.541328,0.425348,-0.16074,0.70181
-0.875721,0.143943,-0.26276,0.379371,0.886786,-0.30328,-0.243108,-0.258328,-0.54134,0.425296,-0.160687,0.701844
-0.875711,0.144028,-0.262714,0.379395,0.886764,-0.303301,-0.243049,-0.258429,-0.541305,0.425268,-0.160678,0.70189
-0.875683,0.144041,-0.262799,0.379394,0.886816,-0.303191,-0.242846,-0.258563,-0.541276,0.425301,-0.160664,0.701894
-0.87567,0.143999,-0.262837,0.379416,0.886934,-0.302997,-0.242496,-0.258705,-0.541249,0.42529,-0.160588,0.701939
-0.875641,0.143826,-0.262929,0.379483,0.887084,-0.302769,-0.242055,-0.258863,-0.541242,0.425348,-0.160542,0.701919
-0.875619,0.143598,-0.263055,0.379528,0.88723,-0.302557,-0.24158,-0.259044,-0.541185,0.425415,-0.16057,0.701914
-0.875576,0.143468,-0.263271,0.379526,0.887384,-0.302334,-0.241153,-0.259168,-0.541192,0.425437,-0.16062,0.701884
-0.875537,0.143262,-0.263482,0.379544,0.887532,-0.302126,-0.240747,-0.259272,-0.541185,0.425479,-0.16074,0.701838
-0.875519,0.143043,-0.263625,0.379567,0.887641,-0.302049,-0.240387,-0.259322,-0.541184,0.42554,-0.160848,0.701776
-0.875487,0.142835,-0.26382,0.379582,0.887742,-0.302041,-0.240105,-0.259247,-0.541129,0.425587,-0.160963,0.701763
-0.875468,0.142656,-0.264037,0.379541,0.887815,-0.302069,-0.239902,-0.259154,-0.54115,0.425596,-0.161089,0.701715
-0.875472,0.142656,-0.264214,0.379411,0.887881,-0.302102,-0.239762,-0.259027,-0.541204,0.425627,-0.1612,0.70163
-0.875466,0.142681,-0.264394,0.379287,0.887936,-0.302172,-0.239656,-0.258864,-0.54126,0.425628,-0.161249,0.701576
-0.875466,0.142754,-0.264547,0.379153,0.88797,-0.30223,-0.239676,-0.258669,-0.541298,0.425645,-0.161312,0.701523
-0.875482,0.142793,-0.264663,0.379024,0.888009,-0.302283,-0.239704,-0.258457,-0.54136,0.42563,-0.161323,0.701483
-0.875514,0.14277,-0.264723,0.378915,0.888032,-0.30229,-0.239795,-0.258293,-0.541372,0.42561,-0.161347,0.701482
-0.875557,0.142756,-0.264767,0.378794,0.888025,-0.302261,-0.23995,-0.258206,-0.541447,0.425591,-0.161348,0.701435
-0.875625,0.142659,-0.264721,0.378706,0.888036,-0.30216,-0.24013,-0.258121,-0.541489,0.425583,-0.161305,0.701419
-0.875691,0.142617,-0.26464,0.378625,0.888041,-0.302021,-0.240314,-0.258094,-0.541533,0.425546,-0.161312,0.701407
-0.875775,0.142557,-0.264508,0.378547,0.888053,-0.301904,-0.240467,-0.258048,-0.541544,0.425575,-0.161206,0.701404
-0.875872,0.142531,-0.264335,0.378454,0.888049,-0.301879,-0.240558,-0.258007,-0.541618,0.425521,-0.161155,0.701392
-0.875919,0.142558,-0.264162,0.378456,0.887993,-0.301916,-0.240742,-0.257988,-0.541618,0.425487,-0.161086,0.701429
-0.875979,0.14264,-0.263974,0.378419,0.887937,-0.301929,-0.240964,-0.257955,-0.541663,0.425479,-0.160994,0.70142
-0.876004,0.142756,-0.26387,0.378389,0.887841,-0.302021,-0.241237,-0.257925,-0.54164,0.425495,-0.160948,0.701439
-0.876017,0.142874,-0.263758,0.378396,0.887757,-0.302137,-0.241502,-0.257837,-0.541636,0.425458,-0.160876,0.70148
-0.876018,0.143004,-0.263678,0.3784,0.887643,-0.302276,-0.241804,-0.257786,-0.541592,0.425485,-0.160808,0.701512
-0.876002,0.143166,-0.263608,0.378427,0.887533,-0.302431,-0.242011,-0.257791,-0.541588,0.425487,-0.160737,0.70153
-0.875984,0.143277,-0.263542,0.378473,0.887463,-0.302518,-0.242162,-0.25779,-0.54151,0.4255,-0.160682,0.701592
-0.875955,0.143382,-0.263515,0.378519,0.887383,-0.3026,-0.242272,-0.257864,-0.541454,0.425492,-0.160703,0.701636
-0.875916,0.143467,-0.263456,0.378619,0.887327,-0.302681,-0.242306,-0.25793,-0.541399,0.425455,-0.160695,0.701701
-0.875858,0.143531,-0.26349,0.378707,0.887312,-0.302654,-0.242255,-0.258054,-0.541403,0.425454,-0.160696,0.701699
-0.87582,0.143555,-0.263469,0.378797,0.887305,-0.302609,-0.242151,-0.258224,-0.541362,0.425449,-0.160709,0.70173
-0.875775,0.143537,-0.263465,0.378909,0.887325,-0.302502,-0.241993,-0.258419,-0.541336,0.425425,-0.160718,0.701761
-0.875742,0.143451,-0.26344,0.379036,0.887343,-0.302363,-0.241837,-0.258654,-0.541303,0.425412,-0.160712,0.701796
-0.875707,0.143396,-0.263488,0.379104,0.88738,-0.302216,-0.241686,-0.258833,-0.541241,0.425415,-0.16073,0.701836
-0.875666,0.143291,-0.26352,0.379212,0.887431,-0.302064,-0.241525,-0.258976,-0.541187,0.425431,-0.160768,0.701858
-0.875652,0.14318,-0.263464,0.379325,0.887469,-0.301963,-0.24142,-0.259059,-0.541179,0.425437,-0.160794,0.701855
-0.875655,0.143017,-0.263451,0.379388,0.887492,-0.301973,-0.241328,-0.259051,-0.541167,0.425399,-0.160879,0.701868
-0.875654,0.142936,-0.263467,0.379407,0.887532,-0.30199,-0.241196,-0.25902,-0.541184,0.425411,-0.160996,0.701823
-0.87565,0.142912,-0.263483,0.379414,0.887532,-0.302089,-0.241152,-0.258949,-0.541214,0.425388,-0.161069,0.701799
-0.875618,0.142932,-0.263612,0.379392,0.887534,-0.302197,-0.241124,-0.258847,-0.541241,0.425365,-0.16105,0.701795
-0.875608,0.142952,-0.263739,0.379319,0.887516,-0.302331,-0.241115,-0.258767,-0.541279,0.425353,-0.161097,0.701763
-0.875605,0.142993,-0.263849,0.379234,0.887533,-0.302387,-0.241113,-0.258653,-0.541323,0.425336,-0.16111,0.701738
-0.875619,0.14301,-0.263899,0.379163,0.887561,-0.30236,-0.241131,-0.258574,-0.541411,0.425311,-0.161049,0.7017
-0.87567,0.142996,-0.263933,0.379027,0.887603,-0.302297,-0.241108,-0.258525,-0.541454,0.425291,-0.16105,0.701681
-0.875726,0.142909,-0.263898,0.378953,0.887642,-0.302227,-0.241046,-0.258529,-0.541485,0.425298,-0.161049,0.701653
-0.875782,0.142834,-0.263823,0.378904,0.887709,-0.302091,-0.241002,-0.258496,-0.541551,0.425278,-0.161003,0.701626
-0.875827,0.142743,-0.263814,0.378842,0.887785,-0.301981,-0.240884,-0.258474,-0.541608,0.425251,-0.160954,0.70161
-0.875858,0.142652,-0.263815,0.378802,0.887823,-0.301911,-0.240817,-0.258486,-0.541627,0.425219,-0.160936,0.70162
-0.875873,0.14257,-0.263808,0.378801,0.887855,-0.301837,-0.240772,-0.2585,-0.541649,0.42522,-0.160846,0.701622
-0.875918,0.142456,-0.263762,0.378774,0.887856,-0.301819,-0.240821,-0.258477,-0.541711,0.425208,-0.160805,0.701592
-0.875905,0.14243,-0.263767,0.378811,0.887854,-0.301815,-0.240878,-0.258437,-0.541737,0.42521,-0.160846,0.701563
-0.875905,0.142388,-0.26376,0.378829,0.887837,-0.301854,-0.240869,-0.258457,-0.541777,0.425189,-0.160871,0.701539
-0.875928,0.142339,-0.263732,0.378814,0.887801,-0.301862,-0.240911,-0.258529,-0.541779,0.425234,-0.160884,0.701507
-0.875902,0.142378,-0.26376,0.378838,0.887804,-0.301903,-0.240815,-0.258562,-0.541812,0.425226,-0.160864,0.701492
-0.875902,0.142416,-0.263738,0.378841,0.887813,-0.301897,-0.240754,-0.25859,-0.541784,0.425219,-0.160876,0.701515
-0.875846,0.142444,-0.26377,0.378936,0.887828,-0.301865,-0.24065,-0.258669,-0.54173,0.425233,-0.160915,0.701538
-0.875808,0.142559,-0.263799,0.378961,0.887841,-0.30178,-0.240631,-0.258737,-0.541682,0.425216,-0.160994,0.701567
-0.875804,0.142608,-0.263789,0.378959,0.887811,-0.301689,-0.240763,-0.258819,-0.54167,0.425237,-0.161053,0.701551
-0.875812,0.142601,-0.263679,0.379021,0.88774,-0.301614,-0.241025,-0.258903,-0.54162,0.425277,-0.161138,0.701545
-0.875828,0.142538,-0.263599,0.379062,0.887641,-0.301634,-0.24128,-0.258977,-0.541582,0.425282,-0.161145,0.701569
-0.875872,0.14247,-0.263451,0.379089,0.887568,-0.30164,-0.241564,-0.258957,-0.541549,0.42525,-0.161185,0.701604
-0.875839,0.142566,-0.263444,0.379133,0.887461,-0.301749,-0.241812,-0.258968,-0.541548,0.425183,-0.161207,0.701641
-0.87582,0.142648,-0.263373,0.379198,0.887374,-0.301913,-0.242025,-0.258881,-0.541495,0.42517,-0.161212,0.701688
-0.875776,0.142769,-0.263408,0.37923,0.887317,-0.302045,-0.242173,-0.258791,-0.541482,0.425146,-0.161217,0.701711
-0.875746,0.142851,-0.263452,0.37924,0.887279,-0.302161,-0.242277,-0.258696,-0.541486,0.425146,-0.161191,0.701713
-0.875697,0.142949,-0.263544,0.379251,0.887255,-0.302215,-0.242328,-0.258667,-0.541441,0.425141,-0.161178,0.701754
-0.875678,0.142975,-0.263646,0.379215,0.887277,-0.302193,-0.242299,-0.258647,-0.54145,0.425149,-0.161172,0.701743
-0.875665,0.142906,-0.263764,0.379188,0.887325,-0.302145,-0.242213,-0.258616,-0.541483,0.4251,-0.161171,0.701748
-0.875693,0.142767,-0.263802,0.379149,0.887385,-0.302047,-0.242117,-0.258614,-0.541505,0.425088,-0.161188,0.701736
-0.87572,0.142637,-0.263827,0.379116,0.887467,-0.301952,-0.241935,-0.258614,-0.541568,0.425064,-0.161163,0.701709
-0.875727,0.142552,-0.263882,0.379093,0.887575,-0.301838,-0.241728,-0.258569,-0.541547,0.425085,-0.161155,0.701713
-0.875765,0.142466,-0.263941,0.378996,0.887649,-0.301785,-0.241514,-0.258577,-0.541553,0.425091,-0.161166,0.701702
-0.875754,0.142472,-0.264002,0.378978,0.887692,-0.301819,-0.241312,-0.258579,-0.541537,0.425105,-0.161228,0.701692
-0.875734,0.142506,-0.264114,0.378935,0.887723,-0.30193,-0.241121,-0.258522,-0.541593,0.42509,-0.161265,0.701651
-0.875725,0.142557,-0.264232,0.378855,0.887756,-0.302033,-0.240961,-0.258444,-0.541598,0.425145,-0.161309,0.701602
-0.875724,0.142594,-0.264321,0.378778,0.887778,-0.302084,-0.24083,-0.258433,-0.541656,0.425122,-0.161279,0.701581
-0.875724,0.142598,-0.264369,0.378745,0.887848,-0.302028,-0.240704,-0.258376,-0.541701,0.425138,-0.16124,0.701545
-0.875726,0.142559,-0.264445,0.378702,0.887917,-0.30195,-0.240556,-0.258367,-0.541751,0.425136,-0.161207,0.701517
-0.875736,0.142471,-0.26454,0.378643,0.887965,-0.301895,-0.240485,-0.258332,-0.541772,0.425147,-0.161183,0.701499
-0.875782,0.14234,-0.264508,0.378609,0.888022,-0.301799,-0.240441,-0.258291,-0.541816,0.425081,-0.161142,0.701516
-0.875814,0.142228,-0.264519,0.378568,0.888042,-0.301771,-0.240404,-0.258286,-0.541799,0.425073,-0.161155,0.70153
-0.875869,0.142136,-0.264476,0.378506,0.888073,-0.301716,-0.240407,-0.258245,-0.541778,0.425122,-0.161141,0.701519
-0.875893,0.142104,-0.264452,0.37848,0.888078,-0.301702,-0.240488,-0.258172,-0.541768,0.425165,-0.161144,0.7015
-0.875895,0.142141,-0.264401,0.378497,0.88808,-0.3018,-0.240476,-0.258064,-0.541739,0.425143,-0.161159,0.701531
-0.87591,0.142194,-0.264426,0.378426,0.88806,-0.301819,-0.240547,-0.258045,-0.541747,0.425133,-0.161145,0.701535
-0.875908,0.142259,-0.264444,0.378395,0.88802,-0.30188,-0.240593,-0.258067,-0.541719,0.425124,-0.16113,0.701565
-0.875926,0.142322,-0.26441,0.378355,0.888001,-0.301913,-0.240636,-0.258057,-0.541719,0.425129,-0.161177,0.701551
-0.875939,0.142323,-0.264397,0.378332,0.888,-0.30186,-0.240674,-0.258086,-0.541737,0.425086,-0.161193,0.70156
-0.87593,0.14233,-0.264401,0.378347,0.88802,-0.301783,-0.240662,-0.258119,-0.541696,0.425129,-0.161248,0.701554
-0.875918,0.142263,-0.264338,0.378444,0.888051,-0.30166,-0.240669,-0.258142,-0.541688,0.425118,-0.161292,0.701556
-0.875907,0.142248,-0.264319,0.378486,0.888071,-0.301568,-0.240616,-0.258228,-0.541689,0.425114,-0.161283,0.70156
-0.875902,0.142243,-0.264274,0.378534,0.888056,-0.301618,-0.240555,-0.258274,-0.541658,0.425138,-0.161297,0.701564
-0.875879,0.142235,-0.264288,0.378578,0.88802,-0.301702,-0.240452,-0.258393,-0.541639,0.425143,-0.161308,0.701574
-0.875826,0.142243,-0.264325,0.378672,0.888009,-0.301687,-0.240388,-0.258504,-0.541597,0.425191,-0.161358,0.701564
-0.875775,0.142279,-0.264365,0.378748,0.888019,-0.301673,-0.240329,-0.258538,-0.541528,0.425206,-0.161438,0.70159
-0.875728,0.142316,-0.264382,0.378832,0.888029,-0.301704,-0.240254,-0.258541,-0.541519,0.425218,-0.16152,0.70157
-0.875706,0.142297,-0.264387,0.378885,0.888052,-0.301722,-0.240179,-0.258511,-0.541483,0.425257,-0.161587,0.701558
-0.875676,0.142296,-0.264406,0.378939,0.888071,-0.301669,-0.240145,-0.258539,-0.541426,0.425295,-0.161681,0.701558
-0.875637,0.142284,-0.264482,0.378983,0.888076,-0.301702,-0.240067,-0.258555,-0.541364,0.425301,-0.16174,0.701587
-0.875607,0.142267,-0.264554,0.379006,0.888051,-0.301722,-0.240082,-0.258602,-0.541307,0.425321,-0.161827,0.701597
-0.875596,0.142306,-0.264592,0.378991,0.888075,-0.301699,-0.240057,-0.25857,-0.541282,0.425324,-0.161871,0.701605
-0.875592,0.142379,-0.264636,0.378944,0.888118,-0.301716,-0.239918,-0.258534,-0.541252,0.425387,-0.161849,0.701595
-0.875605,0.142359,-0.264648,0.378912,0.888152,-0.301696,-0.239833,-0.258518,-0.541257,0.425429,-0.161868,0.70156
-0.875602,0.142298,-0.264699,0.378905,0.888211,-0.301658,-0.239735,-0.258452,-0.541278,0.425443,-0.161862,0.701537
-0.875619,0.142287,-0.264729,0.378851,0.888257,-0.301643,-0.239634,-0.258408,-0.541317,0.425452,-0.161873,0.701501
-0.875621,0.142286,-0.264778,0.37881,0.88829,-0.301615,-0.239601,-0.258356,-0.541349,0.425498,-0.161857,0.701452
-0.875621,0.14232,-0.264874,0.378731,0.888287,-0.301729,-0.239547,-0.258289,-0.541358,0.425523,-0.161818,0.701438
-0.87564,0.142345,-0.26491,0.378653,0.888307,-0.301761,-0.239562,-0.258176,-0.541404,0.425518,-0.161797,0.701411
-0.875659,0.142352,-0.264938,0.378587,0.888338,-0.301758,-0.239563,-0.258076,-0.541387,0.42554,-0.161742,0.701423
-0.875665,0.14233,-0.265046,0.378509,0.888366,-0.301791,-0.239565,-0.257946,-0.541378,0.425523,-0.161693,0.701451
-0.875661,0.142312,-0.265135,0.378461,0.8884,-0.301769,-0.239583,-0.257838,-0.541389,0.425558,-0.161655,0.70143
-0.875694,0.142297,-0.265186,0.378356,0.88841,-0.301785,-0.239597,-0.257778,-0.54141,0.425585,-0.161596,0.70141
-0.875726,0.142295,-0.265202,0.378273,0.888427,-0.301809,-0.239607,-0.257682,-0.541425,0.425604,-0.161562,0.701396
-0.875759,0.14228,-0.265191,0.378206,0.888474,-0.301778,-0.239502,-0.257656,-0.541416,0.425661,-0.161582,0.701364
-0.875776,0.142236,-0.265219,0.378167,0.888496,-0.3018,-0.239431,-0.25762,-0.541422,0.425702,-0.161557,0.70134
-0.875814,0.142178,-0.265174,0.378132,0.888532,-0.301796,-0.239375,-0.257555,-0.541435,0.425713,-0.161532,0.701328
-0.875822,0.142166,-0.265221,0.378084,0.88855,-0.301813,-0.239353,-0.257499,-0.541419,0.425693,-0.161539,0.701351
-0.875847,0.142143,-0.265199,0.378049,0.888578,-0.301725,-0.239351,-0.257503,-0.541407,0.42573,-0.161538,0.701339
-0.875881,0.142102,-0.265217,0.377974,0.888599,-0.301602,-0.239335,-0.257584,-0.541384,0.425715,-0.161534,0.701365
-0.875935,0.141976,-0.265161,0.377936,0.888648,-0.301401,-0.239295,-0.25768,-0.541381,0.425687,-0.16149,0.701395
-0.87601,0.14183,-0.265068,0.377881,0.888717,-0.301155,-0.239259,-0.257759,-0.541326,0.425694,-0.161524,0.701424
-0.876103,0.14162,-0.264987,0.377801,0.888805,-0.300875,-0.239212,-0.25782,-0.54127,0.425716,-0.161549,0.701448
-0.8762,0.14136,-0.264874,0.377752,0.888902,-0.300616,-0.239134,-0.257851,-0.541192,0.425791,-0.161595,0.70145
-0.876274,0.141161,-0.264753,0.377738,0.888981,-0.30044,-0.2391,-0.257816,-0.54117,0.425795,-0.161615,0.701459
-0.876305,0.141055,-0.264777,0.377689,0.889017,-0.300384,-0.23906,-0.257793,-0.541188,0.425862,-0.161659,0.701396
-0.876327,0.140976,-0.264806,0.377646,0.889029,-0.300409,-0.239033,-0.257747,-0.541209,0.425904,-0.161658,0.701353
-0.876325,0.140962,-0.264875,0.377608,0.889015,-0.30048,-0.239065,-0.25769,-0.541227,0.425964,-0.161639,0.701308
-0.876331,0.141008,-0.264953,0.377523,0.889024,-0.300527,-0.239064,-0.257608,-0.541269,0.425975,-0.161647,0.701267
-0.876331,0.141042,-0.265029,0.377457,0.88903,-0.300609,-0.239028,-0.257531,-0.541282,0.425985,-0.161678,0.701244
-0.876338,0.141034,-0.26505,0.377431,0.889053,-0.300544,-0.239041,-0.257515,-0.541281,0.426024,-0.161653,0.701227
-0.876381,0.14093,-0.265001,0.377403,0.889077,-0.300437,-0.239112,-0.25749,-0.541339,0.426011,-0.16166,0.70119
-0.876427,0.140762,-0.264938,0.377403,0.889096,-0.300314,-0.239161,-0.257519,-0.54139,0.425982,-0.161624,0.701177
-0.87646,0.140609,-0.264913,0.3774,0.889142,-0.300134,-0.239193,-0.257534,-0.541374,0.42598,-0.161602,0.701195
-0.876503,0.140489,-0.26486,0.377381,0.889179,-0.300054,-0.23914,-0.257548,-0.541379,0.426011,-0.161616,0.701169
-0.876524,0.140382,-0.264848,0.377378,0.88922,-0.300016,-0.239048,-0.257535,-0.541374,0.426005,-0.161614,0.701178
-0.876535,0.140314,-0.264853,0.377374,0.889218,-0.300102,-0.239008,-0.257483,-0.54137,0.425977,-0.161631,0.701194
-0.876555,0.140298,-0.264926,0.377283,0.889199,-0.300206,-0.239,-0.257441,-0.541343,0.425982,-0.161662,0.701205
-0.876537,0.140397,-0.265029,0.377218,0.889188,-0.300311,-0.238967,-0.257388,-0.541356,0.426031,-0.161701,0.701155
-0.876516,0.140437,-0.265137,0.377174,0.889149,-0.300434,-0.239023,-0.257333,-0.541334,0.426083,-0.161683,0.701143
-0.876486,0.140471,-0.265205,0.377186,0.889116,-0.300495,-0.239083,-0.257321,-0.541317,0.426094,-0.16178,0.701128
-0.876464,0.140486,-0.265236,0.377208,0.889085,-0.300534,-0.239126,-0.257345,-0.541331,0.426127,-0.161833,0.701086
-0.876457,0.140493,-0.265234,0.377223,0.889067,-0.300446,-0.239227,-0.257407,-0.541317,0.426159,-0.161846,0.701074
-0.876458,0.140442,-0.265193,0.377269,0.889073,-0.300354,-0.23926,-0.257459,-0.541318,0.42616,-0.161847,0.701072
-0.876458,0.14047,-0.265178,0.37727,0.88911,-0.300178,-0.239232,-0.257556,-0.541362,0.426185,-0.161826,0.701028
-0.87648,0.140343,-0.265139,0.377292,0.889129,-0.300165,-0.239171,-0.257566,-0.541353,0.426213,-0.161802,0.701023
-0.876488,0.140292,-0.265154,0.377281,0.889162,-0.300158,-0.239053,-0.257565,-0.541379,0.426217,-0.161777,0.701006
-0.876489,0.140228,-0.265172,0.377291,0.889158,-0.300226,-0.238938,-0.257607,-0.541428,0.426222,-0.16173,0.700977
-0.87649,0.14026,-0.265164,0.377278,0.889156,-0.300323,-0.238873,-0.257567,-0.541445,0.426195,-0.161723,0.700984
-0.876489,0.140333,-0.265219,0.377217,0.889121,-0.300456,-0.238867,-0.257538,-0.541419,0.426222,-0.161709,0.700989
-0.87646,0.140451,-0.2653,0.377186,0.889101,-0.300571,-0.238898,-0.257452,-0.541394,0.426243,-0.16173,0.70099
-0.876445,0.140574,-0.265339,0.377147,0.889095,-0.300626,-0.238913,-0.257394,-0.541379,0.426284,-0.161754,0.700971
-0.876451,0.14056,-0.265356,0.377127,0.889077,-0.300676,-0.238972,-0.257349,-0.541369,0.426298,-0.16174,0.700973
-0.876491,0.1405,-0.265322,0.377078,0.889086,-0.300682,-0.238961,-0.257319,-0.541353,0.426372,-0.161717,0.700945
-0.876528,0.14043,-0.265262,0.377062,0.889109,-0.300675,-0.238905,-0.257306,-0.541347,0.426372,-0.161767,0.700938
-0.876528,0.140413,-0.265234,0.377088,0.889154,-0.300614,-0.238806,-0.257307,-0.541318,0.426392,-0.161761,0.700949
-0.876534,0.140372,-0.265227,0.377092,0.889171,-0.300557,-0.238747,-0.257372,-0.541318,0.426398,-0.161791,0.700939
-0.876539,0.140319,-0.265265,0.377074,0.889165,-0.300528,-0.238789,-0.257385,-0.54138,0.426376,-0.161796,0.700904
-0.876541,0.140314,-0.265283,0.377058,0.889162,-0.300501,-0.238819,-0.257394,-0.541413,0.426389,-0.161796,0.700871
-0.876557,0.140258,-0.265259,0.377061,0.88915,-0.3005,-0.238837,-0.257423,-0.541464,0.426381,-0.1618,0.700838
-0.876555,0.14025,-0.265246,0.377076,0.889144,-0.300469,-0.238807,-0.257504,-0.541485,0.426378,-0.1618,0.700822
-0.876549,0.140213,-0.26526,0.377093,0.889148,-0.300461,-0.238793,-0.257511,-0.541483,0.426371,-0.161758,0.700839
-0.876527,0.14024,-0.265303,0.377106,0.889165,-0.300476,-0.238687,-0.25753,-0.541468,0.426364,-0.161739,0.700858
-0.876487,0.140266,-0.265414,0.37711,0.889196,-0.300508,-0.238536,-0.257526,-0.541463,0.426392,-0.161765,0.700839
-0.876468,0.140238,-0.265529,0.377083,0.889239,-0.300492,-0.238413,-0.257516,-0.541467,0.426441,-0.161776,0.700803
-0.876452,0.140166,-0.265632,0.377074,0.88929,-0.300445,-0.238327,-0.257475,-0.541426,0.426477,-0.161839,0.700798
-0.876443,0.140059,-0.265731,0.377063,0.889331,-0.300336,-0.23832,-0.257461,-0.541435,0.426514,-0.161848,0.700767
-0.876474,0.139999,-0.265726,0.377019,0.889375,-0.300239,-0.238308,-0.257433,-0.541418,0.42655,-0.161891,0.700748
-0.8765,0.139962,-0.265678,0.377006,0.889406,-0.300139,-0.238334,-0.257416,-0.541422,0.426535,-0.161954,0.700739
-0.876544,0.139817,-0.265682,0.37695,0.889424,-0.30006,-0.238416,-0.25737,-0.541403,0.426536,-0.162024,0.700738
-0.876592,0.13968,-0.265586,0.376958,0.889455,-0.300004,-0.23841,-0.25734,-0.5414,0.426588,-0.162032,0.700706
-0.876649,0.13953,-0.26547,0.376963,0.889429,-0.300034,-0.238472,-0.257335,-0.541399,0.426615,-0.161966,0.700705
-0.876693,0.139484,-0.265358,0.376956,0.889379,-0.300116,-0.238497,-0.257387,-0.541442,0.426612,-0.161867,0.700696
-0.876665,0.139497,-0.265406,0.376983,0.889327,-0.300267,-0.238468,-0.25742,-0.541502,0.426589,-0.161776,0.700687
-0.87661,0.13961,-0.265457,0.377031,0.889269,-0.300381,-0.238434,-0.257516,-0.541552,0.42655,-0.161652,0.7007
-0.876565,0.139693,-0.265488,0.377084,0.889231,-0.300449,-0.238428,-0.257573,-0.541588,0.426545,-0.161594,0.700689
-0.876504,0.139799,-0.265537,0.377152,0.889209,-0.300526,-0.238424,-0.257564,-0.541618,0.426483,-0.161512,0.700723
-0.876473,0.13976,-0.265537,0.377238,0.889205,-0.300516,-0.238455,-0.257563,-0.541618,0.426475,-0.16146,0.700739
-0.876454,0.139703,-0.265536,0.377303,0.889186,-0.300591,-0.23843,-0.257564,-0.541645,0.426445,-0.161406,0.700751
-0.876408,0.139611,-0.265609,0.37739,0.889165,-0.300707,-0.238335,-0.25759,-0.541615,0.426437,-0.161329,0.700795
-0.876371,0.139485,-0.26579,0.377397,0.889156,-0.300829,-0.238107,-0.25769,-0.541584,0.426447,-0.16125,0.70083
-0.876296,0.139419,-0.265994,0.377449,0.889175,-0.300915,-0.237822,-0.257783,-0.541529,0.426441,-0.161238,0.700877
-0.876202,0.139381,-0.266255,0.377494,0.889249,-0.30087,-0.237506,-0.25787,-0.541408,0.426497,-0.161356,0.700908
-0.876132,0.139253,-0.266433,0.377577,0.889343,-0.300819,-0.237121,-0.257952,-0.541391,0.426548,-0.161411,0.700877
-0.876057,0.139078,-0.266609,0.377689,0.889459,-0.300682,-0.236774,-0.258024,-0.541336,0.426529,-0.161471,0.700916
-0.875969,0.138958,-0.266771,0.377822,0.889533,-0.300662,-0.236442,-0.258099,-0.541318,0.426535,-0.161546,0.70091
-0.875918,0.138771,-0.266902,0.377913,0.889576,-0.300612,-0.236243,-0.258187,-0.541281,0.426591,-0.161623,0.700886
-0.875867,0.138544,-0.267034,0.378019,0.889613,-0.300553,-0.236069,-0.25828,-0.54127,0.426644,-0.161768,0.700829
-0.875809,0.138399,-0.267177,0.378102,0.889629,-0.300568,-0.236,-0.258277,-0.541228,0.426671,-0.161867,0.700822
-0.87577,0.138292,-0.267317,0.378132,0.889655,-0.300574,-0.235923,-0.258247,-0.541196,0.426683,-0.161988,0.700812
-0.875756,0.138249,-0.267422,0.378106,0.889641,-0.300613,-0.235851,-0.258313,-0.541141,0.426734,-0.162062,0.700806
-0.875756,0.138211,-0.26747,0.378086,0.889635,-0.300687,-0.235844,-0.258259,-0.541138,0.426752,-0.162113,0.700784
-0.875748,0.138162,-0.267509,0.378093,0.889626,-0.300788,-0.235833,-0.258184,-0.541144,0.426763,-0.162169,0.70076
-0.875753,0.138171,-0.26756,0.378042,0.889617,-0.300883,-0.235863,-0.258083,-0.541144,0.426762,-0.162169,0.700761
-0.875756,0.138229,-0.267622,0.37797,0.889608,-0.300926,-0.235905,-0.258029,-0.541149,0.426767,-0.162151,0.700758
-0.875777,0.138326,-0.267614,0.377896,0.88959,-0.300961,-0.236057,-0.257917,-0.541127,0.426798,-0.16214,0.700759
-0.875809,0.13831,-0.267557,0.377868,0.889574,-0.300934,-0.23626,-0.257821,-0.541118,0.426816,-0.16208,0.700768
-0.875855,0.138301,-0.267501,0.377803,0.889551,-0.300887,-0.236472,-0.257764,-0.541093,0.426775,-0.162054,0.700817
-0.875878,0.138368,-0.267364,0.377825,0.889528,-0.3008,-0.236632,-0.257795,-0.541093,0.426775,-0.162037,0.700821
-0.875886,0.13845,-0.267276,0.377837,0.889516,-0.300761,-0.23672,-0.2578,-0.541089,0.426801,-0.161936,0.700831
-0.875916,0.138442,-0.26716,0.377855,0.889524,-0.300738,-0.236736,-0.257783,-0.541077,0.426794,-0.161864,0.700861
-0.875927,0.138426,-0.267101,0.377875,0.88955,-0.300679,-0.236756,-0.257746,-0.541056,0.426811,-0.161765,0.700889
-0.875949,0.138443,-0.267034,0.377866,0.889565,-0.30063,-0.236756,-0.257751,-0.541053,0.426852,-0.161691,0.700883
-0.875936,0.138493,-0.267046,0.377868,0.889555,-0.300653,-0.236771,-0.257745,-0.541049,0.426849,-0.161647,0.700898
-0.875928,0.13859,-0.267078,0.377833,0.889528,-0.300741,-0.236789,-0.257721,-0.541078,0.426827,-0.161589,0.700902
-0.875903,0.138627,-0.26709,0.377866,0.889509,-0.30077,-0.23682,-0.257724,-0.541062,0.426857,-0.161588,0.700895
-0.875916,0.138626,-0.267091,0.377837,0.889526,-0.300729,-0.236814,-0.257718,-0.541059,0.426882,-0.16156,0.700889
-0.875911,0.138669,-0.267123,0.37781,0.889524,-0.300738,-0.236812,-0.257715,-0.541069,0.426865,-0.161551,0.700894
-0.875893,0.138672,-0.267183,0.377809,0.889567,-0.300714,-0.236714,-0.257686,-0.541058,0.426857,-0.161547,0.700909
-0.875878,0.138657,-0.26725,0.377801,0.889581,-0.300745,-0.236629,-0.257681,-0.541076,0.426823,-0.161523,0.700921
-0.875874,0.138675,-0.267355,0.377729,0.889625,-0.300712,-0.23652,-0.257667,-0.54104,0.426852,-0.161512,0.700932
-0.875875,0.138663,-0.267421,0.377685,0.889648,-0.300717,-0.236442,-0.257656,-0.541088,0.426864,-0.161544,0.700882
-0.875869,0.138618,-0.267446,0.377696,0.889638,-0.300744,-0.236421,-0.257677,-0.541091,0.426823,-0.161598,0.700892
-0.875863,0.138556,-0.267528,0.377674,0.889639,-0.300753,-0.236467,-0.257624,-0.541067,0.426813,-0.161656,0.700904
-0.875848,0.138472,-0.267561,0.377716,0.889629,-0.300796,-0.23652,-0.257559,-0.541093,0.426783,-0.161631,0.700909
-0.875827,0.138474,-0.267592,0.377744,0.889625,-0.300798,-0.236585,-0.257514,-0.541078,0.42678,-0.161684,0.700909
-0.875829,0.138438,-0.267594,0.37775,0.889616,-0.300804,-0.236638,-0.25749,-0.541079,0.426761,-0.161705,0.700917
-0.875816,0.13842,-0.267612,0.377774,0.889591,-0.300831,-0.23673,-0.257462,-0.541097,0.426723,-0.161704,0.700926
-0.875806,0.138472,-0.267626,0.377768,0.889563,-0.300865,-0.236787,-0.257467,-0.541097,0.426694,-0.161742,0.700935
-0.875797,0.138462,-0.267622,0.377794,0.88954,-0.300869,-0.236825,-0.257505,-0.541142,0.426661,-0.161738,0.700922
-0.875778,0.138444,-0.267689,0.377797,0.889531,-0.300809,-0.236879,-0.257554,-0.541137,0.426605,-0.161713,0.700966
-0.875805,0.138367,-0.267663,0.377782,0.889523,-0.300745,-0.236985,-0.257557,-0.541193,0.42657,-0.161661,0.700957
-0.875815,0.138311,-0.267667,0.377773,0.889514,-0.300668,-0.237083,-0.257589,-0.541171,0.426553,-0.161651,0.700986
-0.875831,0.138275,-0.267587,0.377808,0.889509,-0.300639,-0.237136,-0.257591,-0.54119,0.426545,-0.161643,0.700978
-0.875848,0.138274,-0.267498,0.377832,0.889503,-0.300647,-0.237205,-0.257538,-0.541197,0.4265,-0.161641,0.701001
-0.875849,0.138337,-0.26746,0.377834,0.889482,-0.300678,-0.23723,-0.257552,-0.541186,0.426511,-0.161639,0.701003
-0.875812,0.138436,-0.267468,0.377877,0.889449,-0.3007,-0.237271,-0.257599,-0.541181,0.426497,-0.161637,0.701016
-0.875776,0.138508,-0.26749,0.377919,0.889425,-0.300787,-0.237226,-0.257622,-0.541214,0.426499,-0.161654,0.700987
-0.875752,0.138534,-0.26751,0.377952,0.889389,-0.300876,-0.237211,-0.257656,-0.541188,0.426522,-0.161645,0.700994
-0.875708,0.138577,-0.267539,0.378018,0.889402,-0.300884,-0.237157,-0.257656,-0.541146,0.426586,-0.161653,0.700984
-0.875693,0.138666,-0.267527,0.378029,0.88941,-0.300871,-0.237109,-0.257684,-0.541118,0.42659,-0.161657,0.701001
-0.875683,0.138726,-0.267501,0.378049,0.889399,-0.300849,-0.237114,-0.257743,-0.541129,0.426599,-0.161668,0.700986
-0.875675,0.138749,-0.267481,0.378072,0.889407,-0.30083,-0.237075,-0.257769,-0.541137,0.426603,-0.16165,0.700981
-0.875694,0.138625,-0.267447,0.378097,0.889454,-0.300815,-0.236998,-0.257698,-0.541124,0.426577,-0.161666,0.701003
-0.875713,0.138576,-0.267381,0.378117,0.889482,-0.300846,-0.236931,-0.25763,-0.541152,0.426549,-0.161662,0.701001
-0.87573,0.138552,-0.267321,0.378128,0.889489,-0.300903,-0.236897,-0.257574,-0.541108,0.42658,-0.161695,0.701007
-0.87574,0.138499,-0.267351,0.378104,0.889488,-0.300992,-0.236874,-0.257502,-0.541069,0.426563,-0.161747,0.701034
-0.875758,0.138531,-0.267392,0.378023,0.889483,-0.301111,-0.236832,-0.257423,-0.541045,0.426545,-0.161766,0.70106
-0.875764,0.138565,-0.267448,0.377956,0.889479,-0.301166,-0.236851,-0.257355,-0.5411,0.426581,-0.161734,0.701002
-0.875792,0.138544,-0.267512,0.377853,0.889463,-0.301242,-0.23684,-0.257335,-0.541106,0.426606,-0.161723,0.700987
-0.875813,0.138517,-0.267503,0.377823,0.889499,-0.301232,-0.236799,-0.257265,-0.541134,0.426594,-0.161697,0.700978
-0.875816,0.138474,-0.267512,0.377824,0.889559,-0.301189,-0.236687,-0.257207,-0.541139,0.426548,-0.16174,0.700993
-0.875845,0.138418,-0.267483,0.377798,0.889612,-0.301114,-0.236611,-0.257184,-0.541154,0.426491,-0.161774,0.70101
-0.875881,0.138349,-0.267493,0.377732,0.889677,-0.300983,-0.236497,-0.257213,-0.541155,0.426465,-0.161761,0.701027
-0.87589,0.13827,-0.267529,0.377713,0.889735,-0.300863,-0.236422,-0.25722,-0.541262,0.426447,-0.16175,0.700961
-0.875888,0.138224,-0.267604,0.377682,0.889805,-0.300794,-0.236268,-0.2572,-0.541296,0.426441,-0.161709,0.700948
-0.875891,0.138132,-0.267706,0.377634,0.889864,-0.300674,-0.236152,-0.257242,-0.541303,0.426491,-0.161686,0.700916
-0.875923,0.138037,-0.267763,0.377555,0.88993,-0.300544,-0.236078,-0.257229,-0.541343,0.42653,-0.161683,0.700863
-0.875966,0.137936,-0.267815,0.377456,0.889991,-0.300435,-0.236,-0.257218,-0.541337,0.42654,-0.161695,0.700859
-0.876004,0.137805,-0.267799,0.377426,0.890016,-0.300352,-0.235986,-0.257234,-0.541361,0.426538,-0.161685,0.700844
-0.876064,0.137615,-0.267739,0.377399,0.890065,-0.300211,-0.236013,-0.257208,-0.54136,0.426592,-0.161723,0.700803
-0.876116,0.137521,-0.267698,0.377341,0.890105,-0.300112,-0.235947,-0.257242,-0.541369,0.426602,-0.161763,0.700781
-0.876139,0.137454,-0.2677,0.377311,0.890134,-0.30004,-0.23595,-0.257219,-0.541377,0.426552,-0.161786,0.700801
-0.876145,0.137429,-0.26772,0.37729,0.890157,-0.299988,-0.235932,-0.257221,-0.541369,0.426538,-0.1618,0.700812
-0.876148,0.13745,-0.267742,0.377261,0.89017,-0.299877,-0.23593,-0.2573,-0.541374,0.426538,-0.161795,0.70081
-0.876173,0.137345,-0.267723,0.377253,0.890122,-0.299843,-0.236023,-0.257412,-0.541387,0.426578,-0.16176,0.700783
-0.876184,0.137307,-0.267726,0.377239,0.890107,-0.299784,-0.236083,-0.257476,-0.541415,0.426558,-0.161704,0.700787
-0.87618,0.137235,-0.267736,0.377268,0.890106,-0.299704,-0.236155,-0.257503,-0.541408,0.426552,-0.161659,0.700807
-0.876186,0.137156,-0.267659,0.377334,0.8901,-0.299629,-0.236213,-0.257557,-0.541415,0.42653,-0.161665,0.700812
-0.876171,0.13715,-0.26763,0.377392,0.890086,-0.299583,-0.236268,-0.257608,-0.54141,0.426554,-0.161623,0.700812
-0.876167,0.137111,-0.267572,0.377458,0.890022,-0.299643,-0.236378,-0.257656,-0.541414,0.426501,-0.161616,0.700843
-0.876175,0.13717,-0.267537,0.377442,0.88995,-0.299772,-0.236451,-0.257687,-0.541373,0.426496,-0.161589,0.700882
-0.876168,0.137255,-0.267554,0.377415,0.889895,-0.299894,-0.236488,-0.257704,-0.541324,0.426516,-0.161539,0.700919
-0.876124,0.137366,-0.267577,0.377461,0.889845,-0.299988,-0.236545,-0.257715,-0.541296,0.426487,-0.161516,0.700963
-0.876097,0.137443,-0.267595,0.377486,0.889832,-0.300032,-0.236577,-0.25768,-0.541228,0.426487,-0.161515,0.701014
-0.876099,0.137497,-0.267591,0.377462,0.889842,-0.300103,-0.236514,-0.257628,-0.541157,0.426494,-0.161546,0.701055
-0.876095,0.137532,-0.267586,0.377462,0.889868,-0.300103,-0.236472,-0.257574,-0.54114,0.426496,-0.161584,0.701059
-0.876089,0.137529,-0.267564,0.377494,0.889874,-0.300201,-0.23641,-0.257504,-0.541125,0.426509,-0.16161,0.701056
-0.8761,0.137529,-0.267555,0.377476,0.889879,-0.300233,-0.236376,-0.257481,-0.541132,0.426494,-0.161646,0.701052
-0.876107,0.137533,-0.267546,0.377464,0.889882,-0.300207,-0.236389,-0.25749,-0.541058,0.426553,-0.16169,0.701063
-0.876107,0.137537,-0.267534,0.377469,0.889886,-0.300214,-0.236365,-0.257486,-0.541067,0.426576,-0.161668,0.701046
-0.876092,0.137489,-0.26754,0.377517,0.889917,-0.300213,-0.23629,-0.257453,-0.541142,0.426598,-0.161663,0.700977
-0.87608,0.137493,-0.267566,0.377526,0.88998,-0.300121,-0.236185,-0.257435,-0.541106,0.426612,-0.161694,0.700989
-0.876089,0.137397,-0.26756,0.377545,0.890018,-0.300043,-0.236107,-0.257467,-0.541106,0.426607,-0.161714,0.700987
-0.87608,0.137311,-0.267568,0.37759,0.890039,-0.299962,-0.236057,-0.257528,-0.541146,0.426604,-0.161751,0.700951
-0.876084,0.137244,-0.267555,0.377615,0.89004,-0.299928,-0.236053,-0.257566,-0.541173,0.426578,-0.161842,0.700926
-0.876109,0.137187,-0.267504,0.377614,0.890013,-0.299932,-0.236114,-0.2576,-0.5412,0.42655,-0.161906,0.700908
-0.87611,0.137148,-0.267479,0.37764,0.889989,-0.299956,-0.236144,-0.257628,-0.541211,0.426542,-0.161982,0.700888
-0.876129,0.137137,-0.267387,0.377665,0.889959,-0.299996,-0.236178,-0.257652,-0.541212,0.426544,-0.161974,0.700887
-0.876132,0.137087,-0.26737,0.377688,0.889936,-0.300063,-0.236194,-0.257639,-0.54122,0.42653,-0.161983,0.700888
-0.876134,0.137084,-0.267379,0.377678,0.889919,-0.300135,-0.236169,-0.257639,-0.5412,0.426494,-0.162027,0.700915
-0.8761,0.137089,-0.267406,0.377735,0.889879,-0.300215,-0.236171,-0.25768,-0.541162,0.426494,-0.162072,0.700934
-0.876101,0.137077,-0.267395,0.377746,0.889847,-0.30027,-0.236219,-0.257687,-0.541129,0.426502,-0.162133,0.70094
-0.876092,0.137102,-0.267386,0.377764,0.889762,-0.300422,-0.236383,-0.257655,-0.541098,0.426497,-0.162161,0.70096
-0.876077,0.13715,-0.267359,0.377802,0.889699,-0.300526,-0.236489,-0.257656,-0.541098,0.426513,-0.162164,0.70095
-0.876068,0.137228,-0.267319,0.377824,0.889616,-0.300639,-0.236551,-0.257752,-0.541088,0.426496,-0.162171,0.700966
-0.876045,0.137318,-0.267271,0.377876,0.889606,-0.30061,-0.236502,-0.25786,-0.541065,0.426496,-0.162173,0.700983
-0.87601,0.137379,-0.267248,0.377952,0.889591,-0.300585,-0.236461,-0.257974,-0.541018,0.426498,-0.162139,0.701024
-0.875986,0.137381,-0.267215,0.37803,0.88961,-0.30047,-0.236352,-0.258134,-0.541034,0.426512,-0.162124,0.701007
-0.875953,0.137331,-0.267216,0.378124,0.889657,-0.300287,-0.2363,-0.258224,-0.541003,0.426507,-0.162065,0.701047
-0.875967,0.137266,-0.26718,0.37814,0.889688,-0.300176,-0.23626,-0.258283,-0.540993,0.426551,-0.162093,0.701021
-0.875977,0.137149,-0.267147,0.378181,0.88972,-0.300067,-0.236251,-0.258303,-0.540952,0.426571,-0.162146,0.701027
-0.876041,0.137043,-0.267034,0.378152,0.889744,-0.299959,-0.236298,-0.258301,-0.540989,0.426515,-0.162183,0.701027
-0.876106,0.136998,-0.266934,0.378087,0.889759,-0.299977,-0.23633,-0.258201,-0.540982,0.426505,-0.162189,0.701037
-0.876168,0.136934,-0.266882,0.378003,0.889757,-0.300034,-0.236383,-0.258099,-0.540969,0.426496,-0.162236,0.701041
-0.87619,0.13693,-0.266906,0.377936,0.889791,-0.30012,-0.236358,-0.257915,-0.540955,0.426497,-0.16229,0.701039
-0.876204,0.136936,-0.267025,0.377819,0.889814,-0.300262,-0.23629,-0.257742,-0.540988,0.426472,-0.162312,0.701024
-0.876236,0.136967,-0.267135,0.377657,0.889846,-0.300319,-0.236257,-0.257599,-0.540963,0.426478,-0.162333,0.701034
-0.876251,0.136951,-0.267245,0.377552,0.889895,-0.300341,-0.236198,-0.257465,-0.540971,0.426501,-0.162314,0.701019
-0.876266,0.136963,-0.267309,0.377469,0.889928,-0.300349,-0.236195,-0.257347,-0.540958,0.426513,-0.162318,0.70102
-0.876318,0.136956,-0.267353,0.377321,0.889974,-0.30032,-0.236157,-0.257262,-0.540988,0.426537,-0.162293,0.700988
-0.876347,0.136894,-0.267358,0.377268,0.889992,-0.300287,-0.236159,-0.257238,-0.541011,0.42654,-0.162243,0.700981
-0.876374,0.136834,-0.267439,0.377171,0.890016,-0.300211,-0.236162,-0.257238,-0.541052,0.426536,-0.162203,0.700962
-0.876404,0.136735,-0.267431,0.377143,0.890028,-0.300153,-0.236185,-0.257241,-0.541122,0.426538,-0.162164,0.700917
-0.876431,0.136646,-0.267383,0.377145,0.890023,-0.300126,-0.236213,-0.257264,-0.541158,0.426578,-0.162127,0.700873
-0.876477,0.136578,-0.267365,0.377077,0.890048,-0.300012,-0.236207,-0.257313,-0.541222,0.426516,-0.162081,0.700873
-0.876495,0.136516,-0.26732,0.377091,0.89004,-0.299954,-0.236225,-0.257385,-0.541237,0.426505,-0.162063,0.700873
-0.876511,0.136437,-0.267274,0.377111,0.890076,-0.299849,-0.236165,-0.257435,-0.541246,0.426502,-0.162025,0.700876
-0.876531,0.136277,-0.267233,0.377153,0.890109,-0.299782,-0.236091,-0.257463,-0.541277,0.426471,-0.162016,0.700874
-0.876543,0.136226,-0.267236,0.37714,0.89015,-0.299742,-0.236017,-0.257436,-0.54126,0.426441,-0.162064,0.700894
-0.876546,0.136127,-0.267219,0.377178,0.890195,-0.299723,-0.235936,-0.257383,-0.541244,0.426472,-0.162118,0.700875
-0.876541,0.136118,-0.267277,0.377152,0.890191,-0.299835,-0.235902,-0.257299,-0.541245,0.426506,-0.162156,0.700845
-0.876538,0.136146,-0.267373,0.377081,0.89019,-0.299961,-0.235875,-0.257186,-0.541233,0.426516,-0.162199,0.700839
-0.876522,0.136176,-0.267509,0.377012,0.890167,-0.300101,-0.235877,-0.257107,-0.541227,0.4265,-0.162281,0.700834
-0.876495,0.136213,-0.267663,0.376953,0.890171,-0.300185,-0.235842,-0.257032,-0.541201,0.426507,-0.162357,0.700832
-0.876491,0.136311,-0.26776,0.376858,0.890176,-0.300241,-0.235785,-0.257005,-0.541183,0.426505,-0.162426,0.700832
-0.876483,0.136339,-0.267817,0.376827,0.890186,-0.300226,-0.235757,-0.257014,-0.541196,0.426465,-0.162438,0.700843
-0.876485,0.136322,-0.267828,0.376819,0.89022,-0.300117,-0.235726,-0.257047,-0.541184,0.426453,-0.162474,0.700851
-0.876492,0.13625,-0.267849,0.376813,0.890252,-0.299991,-0.235655,-0.257144,-0.541236,0.426455,-0.16248,0.70081
-0.876521,0.136072,-0.267763,0.376871,0.890241,-0.299904,-0.235635,-0.257295,-0.541264,0.426483,-0.162465,0.700775
-0.876544,0.135943,-0.26768,0.376924,0.890234,-0.299804,-0.235652,-0.257414,-0.541303,0.426477,-0.162482,0.700745
-0.876563,0.135818,-0.267569,0.377001,0.890205,-0.299788,-0.235733,-0.257456,-0.541309,0.426484,-0.162487,0.700736
-0.876589,0.135731,-0.267441,0.377063,0.890181,-0.299768,-0.235811,-0.257486,-0.541309,0.426529,-0.162506,0.700704
-0.876571,0.135642,-0.267396,0.377167,0.890144,-0.299848,-0.235882,-0.257458,-0.541319,0.426483,-0.162438,0.70074
-0.876549,0.135715,-0.267393,0.377194,0.890095,-0.299894,-0.236016,-0.257454,-0.541369,0.426477,-0.162384,0.700718
-0.876553,0.135762,-0.267339,0.377206,0.89005,-0.30003,-0.236063,-0.257412,-0.541329,0.426497,-0.162366,0.70074
-0.87653,0.135872,-0.26737,0.377197,0.890036,-0.300035,-0.236122,-0.257401,-0.541295,0.426455,-0.162343,0.700797
-0.876518,0.136009,-0.267397,0.377161,0.890022,-0.300048,-0.236217,-0.257348,-0.541288,0.426467,-0.162363,0.700789
-0.876533,0.136039,-0.267335,0.377159,0.890009,-0.300032,-0.236316,-0.257325,-0.54124,0.426465,-0.162328,0.700835
-0.876539,0.136059,-0.26729,0.37717,0.889995,-0.300034,-0.236366,-0.25732,-0.541191,0.42651,-0.162358,0.700838
-0.876544,0.136038,-0.267239,0.3772,0.889967,-0.300059,-0.236433,-0.257328,-0.54117,0.426542,-0.162357,0.700834
-0.87655,0.136063,-0.267206,0.3772,0.889968,-0.300029,-0.236434,-0.257358,-0.541161,0.426554,-0.16235,0.700835
-0.876549,0.136101,-0.26715,0.37723,0.889946,-0.300024,-0.236394,-0.257474,-0.541162,0.426539,-0.162335,0.700847
-0.876528,0.136081,-0.267152,0.377283,0.889941,-0.29998,-0.236377,-0.257551,-0.54115,0.426551,-0.162303,0.700856
-0.87651,0.136066,-0.267145,0.377336,0.889984,-0.299923,-0.236278,-0.257562,-0.541201,0.426528,-0.162313,0.70083
-0.876523,0.136,-0.267117,0.377349,0.890029,-0.299839,-0.236194,-0.257579,-0.541177,0.426535,-0.162301,0.700846
-0.876519,0.135952,-0.26709,0.377395,0.890056,-0.299788,-0.236189,-0.257547,-0.541153,0.426531,-0.162334,0.700859
-0.876543,0.135872,-0.267094,0.377365,0.890043,-0.299844,-0.236181,-0.257536,-0.541157,0.426566,-0.162412,0.700816
-0.87653,0.135882,-0.267128,0.377367,0.89002,-0.29986,-0.23622,-0.257558,-0.541107,0.426608,-0.162473,0.700815
-0.876527,0.135891,-0.267152,0.377351,0.89002,-0.299904,-0.236203,-0.257529,-0.541129,0.426612,-0.162486,0.700793
-0.876515,0.13598,-0.267213,0.377308,0.890005,-0.299976,-0.236246,-0.257463,-0.541146,0.426595,-0.162487,0.70079
-0.876523,0.135936,-0.267232,0.377291,0.890012,-0.299987,-0.236267,-0.257406,-0.54114,0.426578,-0.162467,0.70081
-0.876529,0.135996,-0.267275,0.377226,0.890046,-0.299946,-0.236246,-0.257359,-0.541114,0.42656,-0.162458,0.700842
-0.876564,0.136001,-0.267284,0.377137,0.890087,-0.299882,-0.236187,-0.257345,-0.541117,0.426586,-0.162468,0.700821
-0.87659,0.136004,-0.267278,0.377077,0.890118,-0.299829,-0.236112,-0.257361,-0.54112,0.426609,-0.162447,0.70081
-0.876601,0.135946,-0.267293,0.377065,0.890155,-0.299799,-0.236018,-0.257359,-0.541109,0.426617,-0.162457,0.700812
-0.876613,0.135866,-0.267326,0.37704,0.890215,-0.299748,-0.235869,-0.257343,-0.541117,0.42664,-0.162427,0.700798
-0.876621,0.135804,-0.267367,0.377015,0.890253,-0.299829,-0.23575,-0.257233,-0.541152,0.426643,-0.162402,0.700776
-0.876629,0.135801,-0.26744,0.376944,0.890273,-0.299902,-0.235668,-0.257157,-0.541135,0.426637,-0.162401,0.700792
-0.876613,0.135774,-0.267552,0.376913,0.890277,-0.299963,-0.235583,-0.257152,-0.541106,0.426654,-0.162385,0.700807
-0.87661,0.135788,-0.267623,0.376866,0.890288,-0.299993,-0.235527,-0.257134,-0.541131,0.426664,-0.162351,0.70079
-0.876607,0.135805,-0.267669,0.376832,0.890327,-0.299959,-0.235513,-0.257054,-0.541149,0.426663,-0.162357,0.700776
-0.876592,0.135826,-0.267732,0.376816,0.890359,-0.299911,-0.235443,-0.257062,-0.541182,0.42667,-0.162345,0.700749
-0.876589,0.13575,-0.267777,0.376818,0.890383,-0.299913,-0.235397,-0.25702,-0.54121,0.4267,-0.162376,0.700703
-0.876629,0.135654,-0.267793,0.376747,0.890415,-0.299923,-0.235323,-0.256968,-0.541217,0.426733,-0.162502,0.700648
-0.876651,0.135646,-0.26782,0.376681,0.890411,-0.299975,-0.235345,-0.256902,-0.541239,0.426724,-0.162613,0.700612
-0.876661,0.135615,-0.267834,0.376658,0.890401,-0.300022,-0.235413,-0.256823,-0.541189,0.42675,-0.162677,0.700619
-0.876665,0.135661,-0.267917,0.376575,0.890363,-0.300128,-0.235457,-0.256795,-0.541148,0.426785,-0.162755,0.700611
-0.876661,0.135735,-0.267945,0.376539,0.890295,-0.300225,-0.235594,-0.256792,-0.541142,0.426783,-0.162748,0.700619
-0.876668,0.135856,-0.267921,0.376495,0.890241,-0.300271,-0.235777,-0.256761,-0.541128,0.426789,-0.162726,0.700631
-0.876654,0.135872,-0.267879,0.376551,0.890216,-0.300304,-0.235869,-0.256725,-0.541111,0.42682,-0.16272,0.700627
-0.876663,0.135865,-0.267806,0.376585,0.890205,-0.300274,-0.235924,-0.256746,-0.54107,0.426833,-0.162739,0.700645
-0.876675,0.135875,-0.267677,0.376645,0.890186,-0.300248,-0.235979,-0.25679,-0.541076,0.42682,-0.162777,0.700639
-0.876684,0.135867,-0.267597,0.376685,0.890149,-0.300279,-0.23602,-0.256843,-0.541064,0.426827,-0.162777,0.700644
-0.87667,0.135865,-0.267504,0.376784,0.890074,-0.300354,-0.236136,-0.256906,-0.541068,0.426823,-0.162743,0.700652
-0.876656,0.135823,-0.267439,0.376877,0.889974,-0.300483,-0.236313,-0.256939,-0.541091,0.426831,-0.162686,0.700642
-0.876629,0.135888,-0.267406,0.376938,0.889898,-0.300574,-0.236482,-0.256946,-0.541104,0.426833,-0.162646,0.700639
-0.876609,0.135888,-0.267373,0.377006,0.889838,-0.300662,-0.236611,-0.256929,-0.54114,0.426832,-0.162584,0.700627
-0.876609,0.135923,-0.267367,0.377002,0.889799,-0.300739,-0.236719,-0.256878,-0.541106,0.426823,-0.16257,0.700662
-0.876588,0.13601,-0.26739,0.377001,0.889764,-0.300841,-0.236753,-0.256853,-0.541034,0.426864,-0.162619,0.70068
-0.876556,0.136017,-0.267465,0.37702,0.889768,-0.300895,-0.236647,-0.256875,-0.541025,0.426868,-0.162643,0.700678
-0.876526,0.136099,-0.267537,0.377012,0.889816,-0.300896,-0.23653,-0.256819,-0.540992,0.42691,-0.162685,0.700668
-0.876533,0.136116,-0.267585,0.376953,0.889848,-0.300907,-0.236386,-0.256828,-0.54097,0.426943,-0.162708,0.700658
-0.876527,0.136118,-0.267639,0.37693,0.889905,-0.300862,-0.236236,-0.256822,-0.54095,0.426981,-0.162719,0.700648
-0.876532,0.136081,-0.267701,0.376889,0.889965,-0.300719,-0.236107,-0.256894,-0.540952,0.42699,-0.162724,0.70064
-0.876542,0.136046,-0.267736,0.376851,0.890022,-0.300629,-0.235996,-0.2569,-0.540943,0.427011,-0.162734,0.700632
-0.876557,0.135964,-0.267782,0.376812,0.890055,-0.300574,-0.235885,-0.25695,-0.54095,0.427027,-0.162743,0.700616
-0.876557,0.135895,-0.267824,0.376805,0.890098,-0.300554,-0.235757,-0.256942,-0.540979,0.427062,-0.162711,0.700578
-0.876543,0.135884,-0.267879,0.376803,0.890132,-0.300587,-0.23563,-0.256902,-0.541016,0.427083,-0.162682,0.700544
-0.876546,0.13588,-0.267933,0.37676,0.890144,-0.300696,-0.235489,-0.256864,-0.541091,0.427063,-0.162642,0.70051
-0.876531,0.135922,-0.268061,0.37669,0.890213,-0.300725,-0.235321,-0.256756,-0.541121,0.42704,-0.162663,0.700495
-0.876515,0.135982,-0.268202,0.376607,0.890245,-0.300817,-0.235229,-0.256623,-0.541126,0.42707,-0.162664,0.700473
-0.876516,0.136023,-0.268299,0.376519,0.890313,-0.3008,-0.23512,-0.25651,-0.541147,0.427097,-0.162662,0.700442
-0.876549,0.13599,-0.26836,0.376412,0.890375,-0.300728,-0.235077,-0.256424,-0.541201,0.427087,-0.162608,0.70042
-0.876571,0.135961,-0.268398,0.376345,0.890391,-0.300741,-0.235105,-0.256331,-0.541242,0.427072,-0.162572,0.700405
-0.876577,0.13595,-0.268468,0.376287,0.890415,-0.300713,-0.235162,-0.256231,-0.541264,0.427102,-0.162572,0.700371
-0.876616,0.135956,-0.268465,0.376194,0.890452,-0.300626,-0.235198,-0.256171,-0.541276,0.427126,-0.162577,0.700346
-0.876621,0.136024,-0.268469,0.376154,0.890444,-0.300692,-0.235218,-0.256109,-0.541261,0.427159,-0.162565,0.700339
-0.876643,0.136088,-0.268482,0.376074,0.890411,-0.300733,-0.235332,-0.256072,-0.541265,0.427131,-0.162537,0.70036
-0.876657,0.136146,-0.268482,0.376021,0.890378,-0.300692,-0.235529,-0.256056,-0.541242,0.427141,-0.162482,0.700384
-0.876665,0.136183,-0.268447,0.376016,0.890334,-0.300646,-0.235694,-0.256105,-0.541234,0.427187,-0.162466,0.700364
-0.876684,0.13618,-0.268363,0.37603,0.890283,-0.300646,-0.23583,-0.256154,-0.541252,0.427189,-0.16242,0.70036
-0.876709,0.136152,-0.268239,0.376069,0.890288,-0.300548,-0.235875,-0.256208,-0.541253,0.427167,-0.162368,0.700385
-0.876717,0.136137,-0.268176,0.376102,0.89029,-0.300486,-0.235874,-0.256271,-0.541276,0.427149,-0.162316,0.700391
-0.876714,0.136087,-0.268077,0.376196,0.890264,-0.300433,-0.23587,-0.25642,-0.541278,0.427127,-0.162303,0.700405
-0.876684,0.136119,-0.268027,0.37629,0.890236,-0.300423,-0.235932,-0.25647,-0.541304,0.427113,-0.162273,0.700402
-0.876664,0.136123,-0.267976,0.376372,0.890176,-0.300453,-0.236049,-0.256536,-0.541306,0.427097,-0.162312,0.700401
-0.876629,0.13611,-0.267976,0.376458,0.890083,-0.300507,-0.236249,-0.256605,-0.541311,0.427095,-0.162376,0.700384
-0.876597,0.136112,-0.26793,0.376564,0.890008,-0.300577,-0.236401,-0.256647,-0.541311,0.427083,-0.162356,0.700395
-0.876589,0.136089,-0.267928,0.376591,0.889953,-0.300687,-0.236425,-0.256688,-0.541286,0.427088,-0.162369,0.700409
-0.876517,0.136122,-0.268006,0.376689,0.889946,-0.300764,-0.236301,-0.256733,-0.541288,0.427074,-0.162391,0.70041
-0.876452,0.136164,-0.268052,0.376793,0.889963,-0.300778,-0.236141,-0.256801,-0.541205,0.427067,-0.162441,0.700467
-0.876383,0.136206,-0.268151,0.376868,0.889994,-0.300738,-0.235992,-0.256877,-0.541135,0.427132,-0.162522,0.70046
-0.876332,0.136206,-0.268239,0.376923,0.889995,-0.300683,-0.235908,-0.257008,-0.54104,0.427161,-0.162602,0.700497
-0.876288,0.136154,-0.26835,0.376964,0.889979,-0.300648,-0.235947,-0.257065,-0.540975,0.427184,-0.162693,0.70051
-0.876282,0.136034,-0.268353,0.377019,0.889927,-0.300672,-0.236035,-0.257133,-0.540906,0.42717,-0.162771,0.700553
-0.876279,0.135971,-0.268322,0.377069,0.889889,-0.300745,-0.236092,-0.257129,-0.540851,0.427225,-0.162744,0.700567
-0.876274,0.135927,-0.268355,0.377073,0.889842,-0.300856,-0.236153,-0.257111,-0.540814,0.427256,-0.162765,0.700572
-0.876257,0.135886,-0.268417,0.377084,0.889797,-0.301023,-0.236144,-0.257083,-0.540773,0.427261,-0.162743,0.700605
-0.876216,0.135946,-0.268552,0.37706,0.889778,-0.301089,-0.236059,-0.257147,-0.540731,0.427276,-0.162788,0.700616
-0.876183,0.136021,-0.268698,0.377006,0.889822,-0.301112,-0.235843,-0.257166,-0.540709,0.427281,-0.162797,0.700628
-0.876159,0.136087,-0.268818,0.376956,0.889865,-0.30107,-0.23569,-0.257203,-0.540697,0.427302,-0.162872,0.700608
-0.876153,0.136094,-0.268861,0.376933,0.889936,-0.30093,-0.235516,-0.25728,-0.540656,0.427301,-0.162874,0.700637
-0.876189,0.135985,-0.268855,0.376893,0.889999,-0.300829,-0.235373,-0.257306,-0.540673,0.427339,-0.162867,0.700603
-0.876212,0.135893,-0.268815,0.3769,0.890074,-0.300741,-0.235227,-0.257285,-0.54068,0.427381,-0.162858,0.700574
-0.876234,0.135879,-0.268795,0.37687,0.890119,-0.30071,-0.235132,-0.257247,-0.540693,0.427418,-0.162822,0.70055
-0.876251,0.135764,-0.268768,0.376891,0.890116,-0.30079,-0.235117,-0.257186,-0.540735,0.427391,-0.162812,0.700536
-0.876277,0.135755,-0.268829,0.376792,0.890141,-0.300828,-0.235112,-0.257064,-0.540765,0.427396,-0.162822,0.70051
-0.876275,0.135797,-0.268931,0.376708,0.890154,-0.300892,-0.235084,-0.256971,-0.540785,0.427416,-0.162812,0.700484
-0.87627,0.135852,-0.269032,0.376626,0.890175,-0.300969,-0.235053,-0.256846,-0.540817,0.42746,-0.162784,0.70044
-0.876282,0.135887,-0.269098,0.376542,0.890198,-0.30101,-0.235022,-0.256749,-0.540857,0.427412,-0.162735,0.70045
-0.876295,0.135865,-0.269227,0.376426,0.890222,-0.301061,-0.234967,-0.256659,-0.540865,0.427429,-0.162732,0.700434
-0.876325,0.13587,-0.269266,0.376329,0.890277,-0.300986,-0.234929,-0.256596,-0.540895,0.427441,-0.162748,0.700401
-0.876339,0.135914,-0.269319,0.37624,0.890299,-0.300891,-0.234978,-0.256584,-0.540932,0.427427,-0.162736,0.700384
-0.876365,0.135853,-0.269353,0.376179,0.890318,-0.300829,-0.234958,-0.256607,-0.540974,0.427426,-0.162716,0.700357
-0.876405,0.135746,-0.26932,0.376145,0.890362,-0.300711,-0.234923,-0.256624,-0.540987,0.427376,-0.16274,0.700373
-0.876431,0.135637,-0.26926,0.376168,0.890395,-0.30061,-0.234874,-0.256666,-0.540996,0.427342,-0.162709,0.700393
-0.876443,0.135624,-0.269217,0.376177,0.890409,-0.300544,-0.234835,-0.256728,-0.540966,0.42734,-0.162698,0.70042
-0.876436,0.135587,-0.269226,0.376199,0.890371,-0.300596,-0.23489,-0.256748,-0.540957,0.427304,-0.16269,0.700451
-0.876425,0.135602,-0.269211,0.376229,0.890326,-0.300662,-0.234962,-0.256761,-0.540967,0.427275,-0.162727,0.700453
-0.876405,0.135664,-0.269201,0.376262,0.890252,-0.300779,-0.235107,-0.256749,-0.540969,0.427274,-0.16272,0.700454
-0.876356,0.135797,-0.269179,0.376344,0.890176,-0.300926,-0.235195,-0.256765,-0.541017,0.427192,-0.162632,0.700488
-0.876309,0.135927,-0.269214,0.376381,0.890105,-0.301078,-0.235177,-0.256847,-0.541072,0.427131,-0.16258,0.700495
-0.876255,0.135988,-0.269246,0.376462,0.890041,-0.301161,-0.235232,-0.256923,-0.54107,0.427087,-0.162572,0.700526
-0.876221,0.136066,-0.269252,0.376511,0.890018,-0.301161,-0.235236,-0.256994,-0.541049,0.427069,-0.162567,0.700555
-0.876196,0.136063,-0.269249,0.37657,0.890023,-0.301105,-0.235226,-0.257048,-0.540994,0.427096,-0.162535,0.700586
-0.876201,0.135955,-0.269197,0.376634,0.890015,-0.301009,-0.2352,-0.257202,-0.540961,0.427052,-0.162559,0.700633
-0.876192,0.135896,-0.26919,0.37668,0.890035,-0.300933,-0.235166,-0.257254,-0.540863,0.427092,-0.162582,0.700677
-0.876201,0.135797,-0.269141,0.37673,0.890033,-0.300909,-0.235181,-0.257271,-0.540818,0.427111,-0.162592,0.700696
-0.8762,0.135815,-0.269116,0.37674,0.890037,-0.300966,-0.235094,-0.257271,-0.540802,0.427098,-0.162648,0.700705
-0.876181,0.135794,-0.269171,0.376756,0.890013,-0.301057,-0.235046,-0.257295,-0.540777,0.427069,-0.162599,0.700752
-0.876134,0.135786,-0.269235,0.37682,0.890029,-0.301101,-0.234927,-0.257296,-0.540747,0.427112,-0.162636,0.70074
-0.876121,0.135795,-0.269325,0.376784,0.890019,-0.301172,-0.234824,-0.25734,-0.540724,0.427141,-0.162721,0.700719
-0.87609,0.135747,-0.26949,0.376756,0.890058,-0.30114,-0.234744,-0.257316,-0.540738,0.427157,-0.162813,0.700678
-0.876089,0.135688,-0.269616,0.376686,0.89012,-0.301038,-0.234639,-0.257316,-0.540762,0.427149,-0.162883,0.70065
-0.876091,0.135585,-0.269741,0.376631,0.890172,-0.300976,-0.234605,-0.257242,-0.540746,0.42714,-0.162942,0.700654
-0.876111,0.135518,-0.26981,0.376559,0.890219,-0.300956,-0.234534,-0.257168,-0.54074,0.42716,-0.162987,0.700636
-0.876152,0.135454,-0.269795,0.376497,0.890236,-0.30097,-0.234518,-0.257113,-0.540753,0.427192,-0.162981,0.700608
-0.876164,0.135415,-0.26992,0.376392,0.890228,-0.301073,-0.234523,-0.257018,-0.540777,0.42717,-0.163033,0.700592
-0.876168,0.135429,-0.270009,0.376313,0.890255,-0.301113,-0.23448,-0.256925,-0.540796,0.427169,-0.163046,0.700575
-0.876166,0.135467,-0.270096,0.376243,0.890279,-0.301146,-0.234441,-0.256839,-0.540867,0.427153,-0.162952,0.700553
-0.876166,0.135552,-0.270176,0.376156,0.890293,-0.30123,-0.23439,-0.256744,-0.540879,0.42718,-0.162897,0.70054
-0.876152,0.135648,-0.270231,0.376116,0.890322,-0.301192,-0.234389,-0.256694,-0.540922,0.427144,-0.162895,0.700529
-0.876146,0.135688,-0.270285,0.376078,0.890308,-0.301165,-0.234458,-0.256707,-0.540939,0.427164,-0.16292,0.700499
-0.876159,0.135656,-0.27025,0.376083,0.890284,-0.301089,-0.234591,-0.256754,-0.540953,0.427148,-0.162979,0.700485
-0.876167,0.135636,-0.270175,0.376126,0.890272,-0.301001,-0.234748,-0.256754,-0.540974,0.427132,-0.162941,0.700487
-0.876178,0.135609,-0.27007,0.376184,0.890237,-0.300943,-0.234911,-0.25679,-0.541,0.427115,-0.1629,0.700487
-0.876183,0.135554,-0.269981,0.376255,0.890184,-0.300957,-0.234995,-0.25688,-0.541031,0.427059,-0.162884,0.700501
-0.876199,0.135526,-0.269948,0.376252,0.890189,-0.300917,-0.234969,-0.256931,-0.541073,0.427021,-0.162865,0.700498
-0.876191,0.135512,-0.269981,0.376253,0.890204,-0.30092,-0.234861,-0.25697,-0.541088,0.427013,-0.162871,0.700491
-0.87618,0.135494,-0.270024,0.376254,0.890223,-0.300922,-0.234773,-0.256985,-0.541071,0.426994,-0.162935,0.7005
-0.876151,0.135499,-0.270091,0.37627,0.890212,-0.300948,-0.234719,-0.257039,-0.54105,0.427022,-0.162979,0.700489
-0.876144,0.135471,-0.270134,0.376266,0.890177,-0.301035,-0.234697,-0.257081,-0.54102,0.42703,-0.162979,0.700507
-0.876114,0.135497,-0.270205,0.376276,0.890144,-0.301077,-0.234712,-0.257129,-0.540995,0.427057,-0.162987,0.700507
-0.876081,0.135483,-0.270254,0.376321,0.890113,-0.301148,-0.234702,-0.257164,-0.540942,0.427074,-0.162957,0.700543
-0.876049,0.135534,-0.270264,0.376371,0.89008,-0.301223,-0.234637,-0.257248,-0.540902,0.42705,-0.162994,0.700579
-0.876032,0.135534,-0.270307,0.37638,0.890102,-0.301212,-0.234497,-0.257306,-0.540846,0.427021,-0.16305,0.700627
-0.876007,0.135481,-0.270324,0.376443,0.890136,-0.301253,-0.234291,-0.25733,-0.540835,0.427045,-0.163072,0.700616
-0.875971,0.135464,-0.270384,0.376488,0.890194,-0.301165,-0.234106,-0.257395,-0.540852,0.427027,-0.163063,0.700616
-0.875963,0.135418,-0.270434,0.376487,0.890245,-0.301088,-0.233962,-0.25744,-0.540836,0.427076,-0.16312,0.700585
-0.875939,0.135387,-0.270507,0.376501,0.89027,-0.301016,-0.233943,-0.257454,-0.540797,0.427131,-0.163182,0.700567
-0.875954,0.135311,-0.270539,0.376474,0.890273,-0.30104,-0.233941,-0.257416,-0.540775,0.427165,-0.163183,0.700562
-0.875943,0.135245,-0.270576,0.376493,0.89027,-0.301112,-0.233949,-0.257341,-0.540787,0.427159,-0.163184,0.700556
-0.87594,0.135157,-0.270646,0.376481,0.890269,-0.301176,-0.233966,-0.257258,-0.54081,0.427164,-0.163138,0.700546
-0.87592,0.13514,-0.270716,0.376482,0.890282,-0.301265,-0.233872,-0.257198,-0.540834,0.427176,-0.163065,0.700537
-0.875881,0.135169,-0.270882,0.376443,0.890315,-0.301343,-0.23375,-0.25711,-0.540852,0.427165,-0.162999,0.700546
-0.875824,0.135179,-0.271053,0.376448,0.890329,-0.301444,-0.233567,-0.257108,-0.540878,0.427131,-0.162946,0.700558
-0.875768,0.135189,-0.271201,0.376469,0.890368,-0.301466,-0.233383,-0.257118,-0.54088,0.427129,-0.162928,0.700563
-0.875712,0.135193,-0.271344,0.376495,0.890387,-0.301389,-0.233301,-0.257211,-0.540873,0.427135,-0.162882,0.700575
-0.875679,0.135146,-0.2714,0.376546,0.890401,-0.301299,-0.233272,-0.257286,-0.540847,0.42715,-0.162929,0.700575
-0.87567,0.135031,-0.271405,0.376604,0.890396,-0.301223,-0.23333,-0.257341,-0.540836,0.427174,-0.162923,0.700568
-0.875665,0.134962,-0.271349,0.37668,0.890377,-0.301187,-0.233344,-0.257428,-0.540785,0.427175,-0.162965,0.700598
-0.875643,0.134878,-0.271345,0.376762,0.89038,-0.301157,-0.233323,-0.257468,-0.540785,0.427204,-0.162973,0.700578
-0.875625,0.13486,-0.271303,0.376841,0.890376,-0.301193,-0.233257,-0.257501,-0.540794,0.427211,-0.162981,0.700566
-0.875622,0.13485,-0.271295,0.376857,0.890408,-0.301193,-0.233111,-0.257523,-0.54076,0.427233,-0.162973,0.700579
-0.875579,0.134918,-0.271338,0.376902,0.890431,-0.301185,-0.233024,-0.25753,-0.540739,0.427238,-0.162963,0.700595
-0.875568,0.134957,-0.271389,0.376876,0.89043,-0.301211,-0.232998,-0.257527,-0.540728,0.427272,-0.162979,0.700579
-0.875559,0.135028,-0.271389,0.376871,0.89039,-0.301248,-0.233105,-0.257526,-0.540716,0.427302,-0.163046,0.700554
-0.875543,0.135062,-0.271354,0.376923,0.890332,-0.301249,-0.233346,-0.25751,-0.540683,0.427318,-0.163148,0.700545
-0.87557,0.135057,-0.271274,0.376919,0.890234,-0.301268,-0.233708,-0.257495,-0.540642,0.427317,-0.163242,0.700555
-0.875621,0.13506,-0.27113,0.376904,0.890159,-0.301283,-0.23405,-0.25743,-0.540565,0.427344,-0.16326,0.700592
-0.875654,0.135107,-0.270953,0.376938,0.890028,-0.3014,-0.234436,-0.257397,-0.540558,0.427356,-0.163256,0.700591
-0.875684,0.135151,-0.270765,0.376989,0.889895,-0.301535,-0.234825,-0.257349,-0.540541,0.427332,-0.16326,0.700617
-0.875708,0.135166,-0.270626,0.377027,0.889811,-0.301628,-0.235122,-0.257265,-0.540546,0.427317,-0.163207,0.700636
-0.875727,0.135159,-0.270553,0.377039,0.889748,-0.301687,-0.235402,-0.257163,-0.540592,0.427261,-0.163138,0.700651
-0.875732,0.135161,-0.270559,0.377021,0.889682,-0.301658,-0.235872,-0.256997,-0.540601,0.427255,-0.163108,0.700654
-0.875721,0.135157,-0.270607,0.377013,0.889654,-0.301552,-0.236356,-0.256779,-0.540645,0.427246,-0.163016,0.700647
-0.875741,0.135022,-0.270579,0.377035,0.889609,-0.301578,-0.236787,-0.256519,-0.540663,0.427253,-0.162923,0.700652
-0.875807,0.134914,-0.270436,0.377024,0.889545,-0.301641,-0.237149,-0.256342,-0.540687,0.427259,-0.162876,0.700639
-0.875843,0.134983,-0.270384,0.376953,0.889517,-0.301771,-0.237113,-0.256323,-0.540668,0.427256,-0.162837,0.700665
-0.875893,0.135253,-0.270387,0.37674,0.8896,-0.301907,-0.236579,-0.256367,-0.540659,0.427273,-0.162815,0.700666
-0.875913,0.135521,-0.270438,0.376566,0.889826,-0.301909,-0.235656,-0.256426,-0.54061,0.427272,-0.162843,0.700697
-0.875851,0.135721,-0.270659,0.37648,0.890158,-0.301659,-0.234599,-0.256533,-0.5406,0.427313,-0.162937,0.700658
-0.875788,0.135814,-0.270899,0.376418,0.890504,-0.301396,-0.233435,-0.256695,-0.540606,0.427378,-0.162956,0.70061
-0.875757,0.13586,-0.271011,0.376394,0.890807,-0.301106,-0.232499,-0.25682,-0.540639,0.427412,-0.163012,0.700551
-0.875719,0.135758,-0.271176,0.376399,0.891026,-0.300913,-0.231785,-0.256926,-0.540653,0.427478,-0.163045,0.700493
-0.875723,0.135597,-0.271235,0.376405,0.891157,-0.300826,-0.231388,-0.256927,-0.540703,0.427457,-0.163102,0.700455
-0.875709,0.135446,-0.271343,0.376415,0.891165,-0.300857,-0.231305,-0.25694,-0.540787,0.427407,-0.163072,0.700428
-0.875709,0.135266,-0.271433,0.376412,0.891097,-0.301027,-0.231366,-0.256925,-0.540845,0.427383,-0.163046,0.700407
-0.875708,0.135117,-0.27158,0.376358,0.891031,-0.301252,-0.231491,-0.25679,-0.540857,0.427368,-0.163017,0.700413
-0.875691,0.134977,-0.271735,0.376338,0.890997,-0.301428,-0.231567,-0.256642,-0.540876,0.427377,-0.16308,0.70038
-0.875702,0.134886,-0.271866,0.376248,0.891003,-0.301559,-0.231598,-0.256444,-0.540865,0.427354,-0.163175,0.70038
-0.875706,0.134838,-0.272008,0.376155,0.891021,-0.301712,-0.231596,-0.256219,-0.540862,0.427348,-0.163275,0.700363
-0.875727,0.134874,-0.272157,0.375986,0.890993,-0.301864,-0.23164,-0.256102,-0.540838,0.427406,-0.163382,0.700321
-0.875727,0.135024,-0.272359,0.375788,0.89102,-0.301905,-0.231654,-0.255952,-0.540808,0.427431,-0.163412,0.700322
-0.875774,0.135067,-0.272418,0.37562,0.891035,-0.301844,-0.231772,-0.25587,-0.540797,0.427485,-0.163438,0.70029
-0.875851,0.135028,-0.272404,0.375464,0.891063,-0.301689,-0.231973,-0.25577,-0.540732,0.427553,-0.163514,0.70028
-0.875968,0.13495,-0.272281,0.375311,0.891105,-0.301399,-0.232206,-0.255752,-0.540685,0.427633,-0.163562,0.700255
-0.876096,0.134759,-0.272085,0.375221,0.891124,-0.301062,-0.232463,-0.25584,-0.540686,0.427642,-0.163626,0.700235
-0.87623,0.1345,-0.271852,0.375173,0.891177,-0.300691,-0.232701,-0.255865,-0.540673,0.427652,-0.163684,0.700225
-0.87638,0.134244,-0.271559,0.375122,0.891268,-0.300321,-0.23288,-0.255818,-0.540656,0.427641,-0.163724,0.700235
-0.87651,0.134019,-0.271284,0.375099,0.891318,-0.300063,-0.233013,-0.25582,-0.540694,0.42762,-0.163641,0.700239
-0.876593,0.133818,-0.271128,0.375088,0.891341,-0.299892,-0.233154,-0.255812,-0.540726,0.427611,-0.163566,0.700238
-0.876624,0.133755,-0.27106,0.375086,0.891347,-0.299896,-0.233188,-0.255757,-0.540783,0.427594,-0.163485,0.700223
-0.876621,0.133837,-0.271057,0.375067,0.891313,-0.300041,-0.233177,-0.255718,-0.540868,0.427557,-0.163386,0.700205
-0.876579,0.133936,-0.271188,0.375037,0.89129,-0.300178,-0.233114,-0.255701,-0.540893,0.427544,-0.163315,0.70021
-0.876519,0.134073,-0.271298,0.375049,0.891318,-0.300158,-0.233041,-0.255691,-0.540909,0.427542,-0.163237,0.700217
-0.876465,0.134089,-0.271367,0.375118,0.891317,-0.300101,-0.233037,-0.255762,-0.540893,0.427527,-0.163184,0.70025
-0.876419,0.134099,-0.271415,0.375188,0.891337,-0.300001,-0.232953,-0.25588,-0.540894,0.427555,-0.163169,0.700235
-0.876442,0.134014,-0.271368,0.375197,0.891401,-0.299785,-0.232899,-0.255954,-0.540929,0.427535,-0.16318,0.700219
-0.876466,0.133873,-0.271308,0.375233,0.891484,-0.299545,-0.232792,-0.256033,-0.540921,0.42752,-0.163207,0.700228
-0.876475,0.133699,-0.271257,0.37531,0.891561,-0.299367,-0.232597,-0.256143,-0.540904,0.427498,-0.163293,0.700235
-0.87647,0.133577,-0.271269,0.375355,0.891608,-0.299303,-0.232421,-0.25621,-0.540858,0.427471,-0.163368,0.70027
-0.876451,0.133526,-0.271332,0.375371,0.891612,-0.299383,-0.232294,-0.256221,-0.540826,0.427472,-0.163503,0.700262
-0.876431,0.133501,-0.271485,0.375317,0.891622,-0.299361,-0.232272,-0.256233,-0.540759,0.427516,-0.163657,0.700251
-0.876426,0.133458,-0.271544,0.375298,0.891592,-0.299341,-0.232359,-0.256277,-0.540714,0.42753,-0.163767,0.70025
-0.876443,0.133332,-0.271483,0.375348,0.891515,-0.299337,-0.232592,-0.256334,-0.540695,0.427521,-0.163864,0.700248
-0.876487,0.1332,-0.271323,0.375406,0.891471,-0.299244,-0.23285,-0.25636,-0.540682,0.427547,-0.163905,0.700232
-0.876511,0.133104,-0.271198,0.375476,0.89141,-0.299291,-0.232972,-0.256406,-0.540671,0.427559,-0.163959,0.700221
-0.8765,0.133102,-0.271135,0.375547,0.891374,-0.299337,-0.233034,-0.256422,-0.540644,0.427548,-0.163979,0.700244
-0.876493,0.13308,-0.271075,0.375613,0.891347,-0.299424,-0.233007,-0.25644,-0.54061,0.427535,-0.16399,0.700274
-0.87646,0.133112,-0.271098,0.375662,0.891317,-0.299516,-0.23291,-0.256522,-0.540618,0.427553,-0.163975,0.700261
-0.876408,0.133199,-0.271155,0.375714,0.891266,-0.29967,-0.232804,-0.256616,-0.540602,0.427553,-0.163971,0.700275
-0.876358,0.133254,-0.271198,0.375779,0.8912,-0.299783,-0.232867,-0.256658,-0.540604,0.42759,-0.163941,0.700257
-0.87631,0.133282,-0.271204,0.375876,0.891129,-0.299828,-0.233067,-0.25667,-0.540644,0.427556,-0.163874,0.700262
-0.876298,0.133284,-0.271177,0.37592,0.891059,-0.299833,-0.233352,-0.256651,-0.540672,0.427549,-0.163823,0.700257
-0.876277,0.133238,-0.271126,0.376023,0.890987,-0.299863,-0.233607,-0.256632,-0.540678,0.427572,-0.163788,0.700248
-0.87629,0.133183,-0.271037,0.376076,0.890952,-0.299906,-0.233781,-0.256548,-0.540666,0.427596,-0.16376,0.700247
-0.876323,0.13319,-0.27094,0.376068,0.890919,-0.299988,-0.23382,-0.256535,-0.540621,0.427628,-0.163758,0.700263
-0.876327,0.133222,-0.270923,0.376059,0.890921,-0.300114,-0.233743,-0.256454,-0.540539,0.427669,-0.163787,0.700291
-0.876344,0.133305,-0.270918,0.375992,0.89095,-0.300153,-0.233628,-0.256415,-0.540467,0.427676,-0.163855,0.700326
-0.876312,0.133426,-0.27103,0.375945,0.890989,-0.300136,-0.233537,-0.256382,-0.540444,0.42767,-0.163921,0.700332
-0.876302,0.133543,-0.271128,0.375856,0.890999,-0.300096,-0.233499,-0.256426,-0.54043,0.427719,-0.163989,0.700297
-0.876306,0.133561,-0.271147,0.37583,0.891017,-0.300079,-0.233501,-0.256385,-0.54044,0.427738,-0.164068,0.700259
-0.876347,0.133507,-0.271081,0.3758,0.891042,-0.300017,-0.23352,-0.256356,-0.540471,0.42773,-0.164057,0.700244
-0.876358,0.133403,-0.271018,0.375855,0.891083,-0.299893,-0.233593,-0.256288,-0.540488,0.427727,-0.164041,0.700236
-0.876374,0.133329,-0.270991,0.375863,0.89113,-0.299825,-0.233576,-0.256223,-0.540525,0.427734,-0.164103,0.70019
-0.876405,0.133245,-0.270971,0.375833,0.891159,-0.299825,-0.233517,-0.256178,-0.54055,0.427781,-0.164179,0.700126
-0.876396,0.133235,-0.270997,0.375842,0.891175,-0.299865,-0.233417,-0.256166,-0.540522,0.427824,-0.164201,0.700114
-0.87638,0.133261,-0.271073,0.375813,0.891209,-0.299876,-0.233299,-0.256145,-0.540545,0.427867,-0.164202,0.700071
-0.876365,0.133204,-0.27115,0.375813,0.891258,-0.299853,-0.233164,-0.256126,-0.540566,0.427889,-0.164156,0.700052
-0.876349,0.133188,-0.271242,0.375792,0.891284,-0.299852,-0.233098,-0.256094,-0.5406,0.427925,-0.164131,0.700009
-0.876326,0.133177,-0.271358,0.375763,0.891338,-0.2998,-0.23305,-0.256013,-0.540592,0.427978,-0.164094,0.699992
-0.876356,0.133095,-0.271429,0.375671,0.891362,-0.299801,-0.233077,-0.25591,-0.540606,0.427989,-0.164063,0.699982
-0.876363,0.133055,-0.271467,0.37564,0.89136,-0.299841,-0.233093,-0.255855,-0.540591,0.427998,-0.164031,0.699995
-0.876391,0.133001,-0.271522,0.375555,0.891351,-0.299853,-0.233125,-0.255844,-0.540603,0.427988,-0.16405,0.699987
-0.876409,0.132994,-0.271583,0.375471,0.891346,-0.299861,-0.233172,-0.25581,-0.540603,0.428018,-0.164032,0.699972
-0.876421,0.132992,-0.271591,0.375438,0.891367,-0.299864,-0.23313,-0.255776,-0.54056,0.428023,-0.164037,0.700001
-0.876419,0.133055,-0.271608,0.375409,0.89138,-0.299863,-0.233141,-0.255722,-0.540553,0.427987,-0.163993,0.700038
-0.876427,0.133032,-0.271607,0.375398,0.891384,-0.299826,-0.233196,-0.255702,-0.540527,0.428013,-0.16402,0.700035
-0.876443,0.132995,-0.271566,0.375406,0.891378,-0.299762,-0.233298,-0.255705,-0.540536,0.428039,-0.163923,0.700036
-0.876464,0.13295,-0.271529,0.3754,0.891323,-0.299792,-0.233435,-0.255736,-0.540585,0.428029,-0.163898,0.70001
-0.876487,0.132954,-0.271471,0.375383,0.89127,-0.299795,-0.23359,-0.255773,-0.540598,0.428024,-0.163864,0.700011
-0.876498,0.132942,-0.271419,0.375403,0.891209,-0.299915,-0.233681,-0.255764,-0.540571,0.428014,-0.16387,0.700036
-0.876482,0.133009,-0.271398,0.37543,0.891186,-0.299923,-0.233739,-0.255781,-0.540575,0.428011,-0.163819,0.700047
-0.876474,0.133046,-0.271381,0.375448,0.891169,-0.299929,-0.233756,-0.255816,-0.540593,0.427998,-0.163782,0.70005
-0.876455,0.13312,-0.271395,0.375455,0.891114,-0.299955,-0.233827,-0.255909,-0.540599,0.427983,-0.163787,0.700053
-0.876446,0.133163,-0.271393,0.375464,0.891059,-0.299963,-0.233868,-0.25605,-0.540555,0.428004,-0.163753,0.700082
-0.876439,0.133112,-0.271362,0.375519,0.891046,-0.299923,-0.233903,-0.256107,-0.540505,0.428042,-0.163802,0.700084
-0.87642,0.133085,-0.271307,0.375614,0.891075,-0.299775,-0.233895,-0.256181,-0.54047,0.42804,-0.163866,0.700097
-0.876422,0.133024,-0.271219,0.375692,0.891108,-0.299706,-0.233822,-0.256211,-0.540398,0.428064,-0.163883,0.700133
-0.876429,0.133004,-0.271176,0.375714,0.891119,-0.299644,-0.233781,-0.25628,-0.540341,0.428111,-0.163908,0.700141
