0.072569,0.15601,-0.573059,-0.804226,-0.34207,-0.121541,0.362233,0.86014,0.51653,0.526894,-0.570032,-0.358183
0.072704,0.15606,-0.573072,-0.804195,-0.342107,-0.12153,0.362171,0.860153,0.516546,0.526983,-0.570003,-0.358068
0.072802,0.155949,-0.573032,-0.804234,-0.342071,-0.121307,0.361966,0.860282,0.516572,0.527099,-0.569969,-0.357908
0.07284,0.155837,-0.57296,-0.804301,-0.341856,-0.120996,0.361874,0.860446,0.516569,0.527288,-0.569884,-0.357762
0.072893,0.155685,-0.572934,-0.804341,-0.341639,-0.120592,0.361878,0.860582,0.516614,0.527437,-0.56975,-0.357686
0.072912,0.155568,-0.572942,-0.804353,-0.341423,-0.120236,0.361984,0.860668,0.516622,0.52756,-0.56966,-0.357634
0.07296,0.155474,-0.572929,-0.804375,-0.341206,-0.120024,0.36206,0.860748,0.516693,0.527655,-0.569522,-0.357607
0.072988,0.155434,-0.572921,-0.804384,-0.341018,-0.120052,0.362129,0.860791,0.516662,0.527655,-0.569494,-0.3577
0.073034,0.155437,-0.572977,-0.80434,-0.340933,-0.120321,0.362344,0.860702,0.516633,0.527531,-0.569543,-0.357856
0.073143,0.155587,-0.573066,-0.80424,-0.340861,-0.120723,0.36273,0.860516,0.516638,0.527368,-0.569595,-0.358014
0.073189,0.155763,-0.573185,-0.804121,-0.340849,-0.121277,0.363105,0.860293,0.516615,0.527236,-0.569664,-0.358135
0.073157,0.15607,-0.573374,-0.803934,-0.340903,-0.121878,0.363385,0.860078,0.516563,0.527191,-0.56972,-0.35819
0.073126,0.156311,-0.573541,-0.803776,-0.340965,-0.122374,0.363487,0.859947,0.516556,0.527155,-0.569755,-0.358199
0.073099,0.156502,-0.573616,-0.803692,-0.341071,-0.12275,0.363441,0.859876,0.516522,0.527265,-0.569759,-0.358077
0.073036,0.156617,-0.573536,-0.803735,-0.341272,-0.122998,0.363296,0.859826,0.51653,0.5274,-0.569726,-0.357912
0.072929,0.156742,-0.573329,-0.803872,-0.341439,-0.123274,0.363157,0.859782,0.516475,0.527672,-0.569636,-0.357725
0.07286,0.156814,-0.57321,-0.803952,-0.341587,-0.123496,0.363012,0.859756,0.516443,0.527817,-0.569606,-0.357603
0.072827,0.156936,-0.573187,-0.803949,-0.341772,-0.123643,0.362848,0.859733,0.516418,0.527854,-0.569619,-0.357562
0.07278,0.157103,-0.573287,-0.803854,-0.341971,-0.123719,0.362706,0.859704,0.51645,0.527791,-0.569645,-0.357569
0.072731,0.157256,-0.573324,-0.803804,-0.342126,-0.123686,0.362428,0.859763,0.516451,0.5277,-0.569681,-0.357646
0.072739,0.157331,-0.573185,-0.80389,-0.342312,-0.123553,0.362012,0.859881,0.516482,0.52754,-0.569714,-0.357788
0.072828,0.157251,-0.573039,-0.804001,-0.342464,-0.123407,0.361676,0.859981,0.516536,0.527436,-0.569713,-0.357869
0.072894,0.157214,-0.572866,-0.804125,-0.342662,-0.123289,0.361382,0.86004,0.516597,0.527317,-0.569729,-0.357931
0.072994,0.157251,-0.572778,-0.804172,-0.342787,-0.123344,0.361411,0.85997,0.516642,0.527272,-0.569741,-0.357912
0.073127,0.157254,-0.572806,-0.804139,-0.342862,-0.123468,0.361668,0.859816,0.516685,0.527297,-0.569733,-0.357822
0.073224,0.15735,-0.573014,-0.803964,-0.34292,-0.123708,0.36208,0.859588,0.516707,0.527395,-0.569711,-0.357674
0.073274,0.157493,-0.573263,-0.803756,-0.342874,-0.123851,0.362429,0.85944,0.516741,0.527546,-0.569678,-0.357443
0.073302,0.157675,-0.573442,-0.803593,-0.342795,-0.123789,0.362678,0.859374,0.516741,0.527655,-0.569676,-0.357281
0.073374,0.15764,-0.573527,-0.803531,-0.342658,-0.123691,0.362812,0.859386,0.516762,0.527762,-0.569607,-0.357198
0.073414,0.157558,-0.573505,-0.803558,-0.342497,-0.123702,0.36298,0.859378,0.516773,0.527827,-0.569552,-0.35717
0.073385,0.157525,-0.573456,-0.803602,-0.342389,-0.123841,0.363125,0.859342,0.516793,0.527836,-0.569509,-0.357201
0.073313,0.157581,-0.573485,-0.803578,-0.342312,-0.12411,0.363191,0.859311,0.516823,0.527787,-0.569441,-0.357342
0.073247,0.157672,-0.573564,-0.803511,-0.342314,-0.124405,0.363216,0.859261,0.516859,0.527631,-0.56945,-0.357511
0.073194,0.157807,-0.573596,-0.80347,-0.342356,-0.124659,0.363172,0.85923,0.51689,0.527472,-0.569494,-0.357634
0.073188,0.157963,-0.573533,-0.803488,-0.342452,-0.124794,0.363029,0.859235,0.516893,0.527368,-0.56955,-0.357696
0.073182,0.158099,-0.573418,-0.803548,-0.342637,-0.124885,0.36279,0.85925,0.516826,0.527397,-0.569576,-0.357713
0.073194,0.158142,-0.5733,-0.803624,-0.342847,-0.124954,0.362509,0.859275,0.516785,0.527495,-0.569567,-0.357638
0.073221,0.158159,-0.573161,-0.803718,-0.343033,-0.125092,0.362272,0.859283,0.516731,0.527631,-0.569558,-0.357528
0.073277,0.158203,-0.573129,-0.803727,-0.343173,-0.125195,0.362175,0.859253,0.516714,0.527747,-0.569517,-0.357444
0.073233,0.158264,-0.57315,-0.803705,-0.343291,-0.125251,0.362191,0.859192,0.516721,0.527843,-0.569477,-0.357352
0.073278,0.158319,-0.573236,-0.803631,-0.343333,-0.125242,0.362361,0.859105,0.516727,0.527878,-0.569477,-0.357287
0.073315,0.15835,-0.573362,-0.803531,-0.343298,-0.125302,0.362634,0.858995,0.51673,0.527891,-0.569471,-0.357274
0.073341,0.158395,-0.573515,-0.803412,-0.343257,-0.125342,0.362795,0.858938,0.51678,0.527866,-0.569442,-0.357283
0.073298,0.158524,-0.573595,-0.803335,-0.34319,-0.125355,0.362855,0.858938,0.516759,0.527851,-0.569448,-0.35733
0.073319,0.158487,-0.573578,-0.803353,-0.343136,-0.125241,0.362768,0.859012,0.516767,0.52777,-0.569489,-0.357374
0.073359,0.158367,-0.573429,-0.803476,-0.343016,-0.125051,0.362652,0.859133,0.516796,0.527762,-0.569448,-0.35741
0.073403,0.158183,-0.573273,-0.803616,-0.342935,-0.124743,0.362578,0.859237,0.516805,0.52777,-0.569431,-0.357409
0.073364,0.158092,-0.573181,-0.803702,-0.342819,-0.124492,0.362573,0.859319,0.516751,0.527808,-0.569441,-0.357418
0.073369,0.157988,-0.573154,-0.803738,-0.342672,-0.124282,0.362698,0.859353,0.516791,0.527781,-0.569399,-0.357467
0.073458,0.158005,-0.573225,-0.803676,-0.342503,-0.124137,0.362962,0.859327,0.516778,0.527815,-0.569342,-0.35753
0.073472,0.158011,-0.573345,-0.803587,-0.342314,-0.124194,0.363308,0.85925,0.516816,0.527748,-0.569371,-0.357526
0.073454,0.158125,-0.573453,-0.803492,-0.342205,-0.12435,0.363663,0.859122,0.516806,0.527748,-0.569373,-0.357539
0.073421,0.15814,-0.573586,-0.803398,-0.342145,-0.124697,0.364037,0.858942,0.516806,0.527708,-0.569384,-0.35758
0.073414,0.158275,-0.573743,-0.803261,-0.342168,-0.125118,0.364317,0.858759,0.516788,0.527715,-0.569372,-0.357617
0.073388,0.158466,-0.573867,-0.803141,-0.342256,-0.125488,0.364339,0.858667,0.516727,0.527729,-0.569411,-0.357626
0.073372,0.158651,-0.573935,-0.803062,-0.342387,-0.125746,0.364181,0.858648,0.516614,0.527771,-0.569482,-0.357615
0.073361,0.158704,-0.57379,-0.803158,-0.342524,-0.125917,0.36393,0.858676,0.516544,0.52774,-0.569589,-0.357595
0.073338,0.158736,-0.573632,-0.803267,-0.342759,-0.125959,0.363601,0.858716,0.516568,0.527752,-0.569576,-0.35756
0.073309,0.15875,-0.57345,-0.803399,-0.342992,-0.125961,0.363224,0.858782,0.516624,0.527781,-0.569564,-0.357451
0.073268,0.158784,-0.573281,-0.803518,-0.343242,-0.12585,0.362861,0.858849,0.516608,0.527868,-0.569501,-0.357445
0.073208,0.158767,-0.573139,-0.803628,-0.343432,-0.125695,0.36263,0.858891,0.51661,0.527869,-0.569481,-0.357473
0.073244,0.158714,-0.573043,-0.803702,-0.343568,-0.125596,0.362511,0.8589,0.516608,0.527887,-0.569448,-0.357503
0.073279,0.158688,-0.572965,-0.80376,-0.343631,-0.125454,0.362467,0.858912,0.516605,0.527923,-0.5694,-0.357533
0.073248,0.158782,-0.57295,-0.803756,-0.343624,-0.125409,0.362483,0.858914,0.516565,0.527958,-0.569377,-0.357577
0.073335,0.158788,-0.572993,-0.803717,-0.34356,-0.125395,0.362599,0.858892,0.516596,0.527974,-0.569332,-0.357581
0.073371,0.158798,-0.573117,-0.803622,-0.343491,-0.125422,0.362769,0.858844,0.516614,0.528006,-0.569302,-0.357552
0.073468,0.15886,-0.573265,-0.803497,-0.34344,-0.125515,0.363031,0.858742,0.51664,0.527984,-0.569319,-0.35752
0.073475,0.158965,-0.573392,-0.803386,-0.343342,-0.125604,0.363348,0.858635,0.516654,0.527969,-0.569331,-0.3575
0.073505,0.159109,-0.573612,-0.8032,-0.343337,-0.125677,0.363703,0.858477,0.516689,0.52793,-0.569338,-0.357495
0.073585,0.159171,-0.573785,-0.803058,-0.343242,-0.125697,0.364025,0.858376,0.51666,0.527911,-0.569378,-0.357503
0.073655,0.159222,-0.573966,-0.802912,-0.343183,-0.1256,0.364252,0.858315,0.516738,0.527923,-0.5693,-0.357495
0.073667,0.15926,-0.574009,-0.802873,-0.343138,-0.125353,0.364363,0.858319,0.516724,0.52796,-0.569279,-0.357495
0.073647,0.159153,-0.573921,-0.802957,-0.343079,-0.125095,0.364302,0.858402,0.516747,0.527991,-0.569244,-0.35747
0.07364,0.159045,-0.573806,-0.80306,-0.342995,-0.124993,0.36425,0.85847,0.516738,0.528085,-0.569188,-0.35743
0.073704,0.158941,-0.573756,-0.803107,-0.342987,-0.124971,0.364249,0.858477,0.516721,0.528115,-0.569186,-0.357414
0.073603,0.158996,-0.573808,-0.80307,-0.34301,-0.125091,0.36422,0.858466,0.516694,0.528146,-0.569163,-0.357444
0.073512,0.159144,-0.573952,-0.802948,-0.343069,-0.125275,0.364198,0.858427,0.516675,0.528043,-0.569191,-0.357583
0.073472,0.15925,-0.57408,-0.802842,-0.34317,-0.125408,0.364107,0.858407,0.516691,0.527945,-0.569203,-0.357693
0.073531,0.15933,-0.574087,-0.802817,-0.343361,-0.125483,0.363931,0.858395,0.51669,0.527899,-0.569229,-0.357721
0.073543,0.159394,-0.574,-0.802867,-0.343499,-0.12556,0.363655,0.858448,0.516657,0.527892,-0.569272,-0.357713
0.073515,0.159416,-0.573806,-0.803005,-0.343693,-0.125565,0.363311,0.858515,0.516643,0.527919,-0.569291,-0.35766
0.073495,0.159451,-0.573677,-0.803094,-0.343766,-0.12558,0.363177,0.85854,0.516693,0.527946,-0.56927,-0.357577
0.073497,0.159537,-0.573717,-0.80305,-0.343831,-0.125654,0.363225,0.858483,0.5167,0.528035,-0.569247,-0.357468
0.073416,0.159712,-0.573807,-0.802962,-0.343812,-0.125753,0.363456,0.858381,0.516654,0.528187,-0.569201,-0.357379
0.073393,0.159881,-0.574038,-0.802768,-0.343776,-0.125933,0.363815,0.858219,0.516653,0.528245,-0.569183,-0.357321
0.073375,0.160124,-0.574249,-0.802575,-0.343702,-0.12609,0.364113,0.858101,0.516665,0.528241,-0.569196,-0.357289
0.073361,0.160306,-0.574429,-0.802414,-0.343682,-0.12612,0.364156,0.858087,0.516696,0.528194,-0.569177,-0.357344
0.073359,0.160413,-0.57437,-0.802438,-0.343678,-0.126033,0.363947,0.858189,0.516678,0.528163,-0.569161,-0.357446
0.073374,0.160249,-0.574165,-0.802613,-0.343704,-0.125821,0.363669,0.858324,0.516677,0.528096,-0.569156,-0.35756
0.073451,0.160061,-0.573849,-0.802866,-0.343738,-0.12564,0.363443,0.85843,0.516726,0.528084,-0.569132,-0.35754
0.073477,0.159868,-0.573639,-0.803049,-0.343746,-0.125444,0.36332,0.858505,0.516773,0.52808,-0.569135,-0.357471
0.073437,0.159818,-0.573634,-0.803065,-0.343724,-0.125309,0.363435,0.858483,0.516784,0.528158,-0.569137,-0.357333
0.073493,0.159757,-0.573775,-0.802969,-0.343576,-0.1252,0.363733,0.85843,0.51682,0.528207,-0.569124,-0.357224
0.07352,0.159713,-0.573877,-0.802901,-0.343384,-0.125066,0.364097,0.858369,0.516835,0.528268,-0.5691,-0.357144
0.073539,0.159616,-0.573953,-0.802862,-0.343196,-0.124975,0.364446,0.858309,0.5168,0.528328,-0.569111,-0.357088
0.073519,0.159612,-0.57406,-0.802787,-0.343031,-0.124985,0.364843,0.858205,0.516744,0.528365,-0.569125,-0.357094
0.073499,0.159577,-0.574239,-0.802667,-0.342899,-0.125053,0.365148,0.858119,0.516709,0.528285,-0.569176,-0.357185
0.07338,0.159649,-0.574398,-0.802552,-0.342837,-0.125151,0.36529,0.858071,0.516733,0.52815,-0.569202,-0.357313
0.073276,0.159737,-0.574508,-0.802467,-0.342897,-0.12519,0.365133,0.858108,0.516772,0.527946,-0.569246,-0.357495
0.073185,0.159813,-0.574447,-0.802506,-0.343026,-0.125198,0.364728,0.858229,0.516783,0.527782,-0.569285,-0.357666
0.073174,0.159742,-0.574205,-0.802694,-0.343227,-0.125149,0.364237,0.858363,0.516772,0.527609,-0.569351,-0.35784
0.073219,0.159726,-0.573929,-0.80289,-0.343458,-0.12517,0.363829,0.85844,0.516802,0.527517,-0.569379,-0.357888
0.073249,0.159715,-0.573715,-0.803043,-0.343651,-0.125291,0.363618,0.858437,0.516799,0.527508,-0.569404,-0.357867
0.073273,0.159928,-0.573716,-0.803002,-0.343786,-0.125648,0.363697,0.858302,0.516774,0.527563,-0.569361,-0.357891
0.073371,0.16022,-0.573903,-0.802807,-0.343952,-0.126082,0.364036,0.858033,0.51673,0.527622,-0.569363,-0.357865
0.073538,0.160492,-0.574166,-0.802553,-0.344105,-0.126422,0.364461,0.857746,0.516731,0.527693,-0.569312,-0.357838
0.07371,0.160745,-0.574463,-0.802278,-0.344266,-0.126631,0.364718,0.857544,0.51678,0.527743,-0.569289,-0.357723
0.073802,0.1609,-0.574591,-0.802149,-0.344379,-0.126777,0.364824,0.857433,0.516757,0.527894,-0.56924,-0.357609
0.073942,0.16088,-0.574592,-0.80214,-0.344389,-0.126841,0.364892,0.857392,0.516752,0.528018,-0.569216,-0.357465
0.074092,0.160784,-0.574582,-0.802149,-0.344397,-0.126831,0.365052,0.857321,0.516765,0.528159,-0.569161,-0.357319
0.074167,0.160696,-0.574646,-0.80211,-0.344404,-0.12679,0.365098,0.857304,0.516806,0.528243,-0.569108,-0.357214
0.074177,0.160653,-0.574768,-0.80203,-0.344346,-0.126774,0.365328,0.857232,0.516793,0.528334,-0.569071,-0.357154
0.074174,0.160563,-0.574894,-0.801956,-0.344185,-0.126799,0.36558,0.857186,0.516797,0.528394,-0.569032,-0.357124
0.074156,0.160413,-0.575036,-0.801882,-0.343958,-0.126779,0.36582,0.857178,0.516857,0.528354,-0.568983,-0.357173
0.074121,0.160301,-0.575056,-0.801891,-0.343765,-0.126513,0.365834,0.857285,0.516888,0.528256,-0.568954,-0.357327
0.07398,0.160155,-0.575017,-0.801959,-0.343512,-0.126127,0.365766,0.857467,0.516917,0.528072,-0.568963,-0.357548
0.07383,0.15993,-0.574822,-0.802154,-0.343331,-0.12574,0.365591,0.857666,0.516977,0.5278,-0.568997,-0.357818
0.073711,0.159619,-0.574588,-0.802389,-0.343189,-0.125561,0.365435,0.857813,0.516972,0.527621,-0.569023,-0.358057
0.073577,0.159387,-0.574394,-0.802583,-0.343102,-0.125575,0.365334,0.857889,0.516991,0.527479,-0.569011,-0.358267
0.073438,0.159371,-0.574264,-0.802692,-0.343098,-0.125763,0.365259,0.8579,0.516915,0.527395,-0.56904,-0.358461
0.073338,0.159463,-0.574319,-0.802646,-0.343131,-0.125903,0.365326,0.857838,0.516876,0.527223,-0.569151,-0.358605
0.073293,0.159624,-0.574448,-0.802529,-0.343228,-0.126021,0.365364,0.857768,0.516816,0.527148,-0.569252,-0.358643
0.073291,0.159844,-0.574475,-0.80247,-0.343344,-0.126157,0.365274,0.857741,0.516747,0.5272,-0.569307,-0.358576
0.073318,0.160018,-0.574443,-0.80246,-0.343525,-0.126379,0.365217,0.857663,0.516609,0.527427,-0.569317,-0.358426
0.073392,0.16009,-0.57441,-0.802464,-0.34369,-0.126635,0.365225,0.85756,0.516534,0.527603,-0.569342,-0.358228
0.073455,0.160148,-0.574426,-0.802435,-0.343891,-0.126855,0.365282,0.857425,0.516456,0.527832,-0.569318,-0.358035
0.073452,0.16025,-0.574531,-0.802343,-0.344037,-0.126907,0.365264,0.857367,0.51645,0.528042,-0.569249,-0.357835
0.073452,0.160378,-0.574595,-0.802273,-0.344209,-0.126796,0.365064,0.857397,0.516399,0.528291,-0.569163,-0.357671
0.073451,0.160278,-0.574421,-0.802417,-0.344294,-0.126497,0.364711,0.857553,0.516422,0.528422,-0.569089,-0.357557
0.073505,0.160051,-0.574125,-0.802665,-0.344335,-0.126202,0.364304,0.857748,0.516466,0.528461,-0.569042,-0.357508
0.073529,0.159816,-0.573844,-0.802906,-0.34443,-0.125868,0.363927,0.857915,0.516512,0.528405,-0.569009,-0.35758
0.073603,0.159686,-0.573647,-0.803063,-0.344526,-0.12569,0.363769,0.857966,0.516523,0.528319,-0.568963,-0.357771
0.073718,0.159625,-0.573636,-0.803072,-0.344561,-0.125661,0.36385,0.857922,0.51657,0.528128,-0.568975,-0.357972
0.073869,0.159702,-0.573755,-0.802958,-0.344542,-0.125805,0.36424,0.857744,0.516606,0.527956,-0.568992,-0.358153
0.073954,0.159878,-0.574049,-0.802707,-0.344561,-0.126087,0.364718,0.857496,0.516588,0.527855,-0.569064,-0.358217
0.073995,0.160134,-0.574342,-0.802447,-0.344484,-0.12633,0.365191,0.857292,0.516561,0.527847,-0.569095,-0.358218
0.074029,0.160301,-0.574605,-0.802224,-0.344395,-0.126411,0.365485,0.857192,0.516534,0.527911,-0.569127,-0.358108
0.074072,0.160379,-0.574757,-0.802097,-0.344203,-0.126314,0.365589,0.857238,0.516506,0.528081,-0.569108,-0.357925
0.074031,0.160279,-0.574672,-0.80218,-0.344009,-0.126174,0.365498,0.857374,0.516446,0.528268,-0.569073,-0.357784
0.07391,0.160144,-0.574392,-0.802417,-0.343804,-0.126144,0.36536,0.85752,0.516375,0.528513,-0.569023,-0.357599
0.073805,0.159954,-0.574205,-0.802595,-0.343648,-0.126217,0.365283,0.857608,0.516356,0.528579,-0.568959,-0.357632
0.07372,0.159918,-0.574165,-0.802639,-0.343474,-0.126467,0.365372,0.857606,0.516356,0.528538,-0.568979,-0.357661
0.073524,0.159993,-0.574274,-0.802566,-0.343437,-0.126695,0.365498,0.857537,0.516347,0.528444,-0.569002,-0.357783
0.073362,0.160222,-0.574429,-0.802429,-0.343415,-0.126867,0.365496,0.857524,0.516338,0.528323,-0.56902,-0.357952
0.073266,0.160365,-0.574588,-0.802297,-0.343534,-0.127009,0.365365,0.857513,0.516326,0.528118,-0.56911,-0.358139
0.073252,0.160425,-0.574552,-0.802315,-0.343672,-0.127171,0.36521,0.857502,0.516322,0.52792,-0.569201,-0.358296
0.073292,0.16045,-0.574421,-0.802402,-0.343878,-0.127317,0.365107,0.857443,0.516262,0.527847,-0.56928,-0.358369
0.073318,0.160536,-0.574364,-0.802424,-0.344055,-0.127538,0.365148,0.857324,0.516226,0.527913,-0.569294,-0.358302
0.073331,0.160617,-0.574436,-0.802357,-0.344206,-0.127665,0.365239,0.857207,0.516198,0.527992,-0.569314,-0.358188
0.073335,0.160792,-0.574609,-0.8022,-0.344323,-0.127744,0.365405,0.857079,0.516176,0.528174,-0.569269,-0.358016
0.073358,0.160912,-0.574778,-0.802055,-0.34439,-0.127785,0.365451,0.857026,0.516165,0.528395,-0.569208,-0.357794
0.073328,0.160976,-0.574783,-0.802043,-0.344411,-0.127703,0.365343,0.857074,0.516156,0.528589,-0.569178,-0.35756
0.073288,0.160936,-0.574673,-0.802133,-0.344425,-0.127625,0.365178,0.857151,0.516177,0.528702,-0.569129,-0.357434
0.073283,0.160838,-0.574482,-0.802289,-0.344393,-0.127577,0.364961,0.857262,0.516228,0.528746,-0.569118,-0.357308
0.073243,0.160721,-0.574239,-0.802488,-0.344289,-0.127599,0.364836,0.857355,0.516228,0.528801,-0.569096,-0.357257
0.073207,0.160713,-0.574151,-0.802556,-0.344176,-0.127658,0.364922,0.857357,0.516194,0.528795,-0.569132,-0.35726
0.073166,0.160715,-0.574252,-0.802488,-0.344031,-0.127744,0.365263,0.857258,0.516157,0.528719,-0.569252,-0.357237
0.073188,0.16086,-0.574503,-0.802279,-0.343833,-0.127837,0.365807,0.857092,0.516173,0.528634,-0.569278,-0.357299
0.073222,0.161024,-0.574845,-0.802,-0.34364,-0.127865,0.366256,0.856975,0.516174,0.528536,-0.569305,-0.357405
0.073227,0.161155,-0.575073,-0.801812,-0.343517,-0.127801,0.366507,0.856925,0.516137,0.528493,-0.569315,-0.357509
0.073197,0.161119,-0.575144,-0.801769,-0.343411,-0.127677,0.36649,0.856992,0.516122,0.528416,-0.56936,-0.357576
0.073218,0.161053,-0.575087,-0.80182,-0.343343,-0.127595,0.366357,0.857087,0.516167,0.528333,-0.569353,-0.357649
0.073238,0.160873,-0.574901,-0.801985,-0.343307,-0.12759,0.366152,0.85719,0.516163,0.528294,-0.569353,-0.357716
0.073192,0.160752,-0.574731,-0.802133,-0.343316,-0.127717,0.366022,0.857226,0.516148,0.528312,-0.569331,-0.357744
0.073107,0.160732,-0.574645,-0.802207,-0.343357,-0.127871,0.365874,0.857252,0.516127,0.528335,-0.569332,-0.357742
0.073083,0.160813,-0.574626,-0.802209,-0.343407,-0.12806,0.365764,0.857254,0.516131,0.528318,-0.569364,-0.357709
0.073047,0.160883,-0.574594,-0.802223,-0.343436,-0.128174,0.365593,0.8573,0.516126,0.528354,-0.569365,-0.357657
0.072984,0.160897,-0.57451,-0.802286,-0.343524,-0.128312,0.365489,0.85729,0.516069,0.528443,-0.569364,-0.357611
0.072922,0.160919,-0.574363,-0.802394,-0.343619,-0.128519,0.365399,0.857263,0.516037,0.528516,-0.569358,-0.357556
0.072927,0.160967,-0.57427,-0.802452,-0.343721,-0.128684,0.365366,0.857213,0.51603,0.528577,-0.56933,-0.357519
0.072905,0.161036,-0.57434,-0.802391,-0.343866,-0.128735,0.365357,0.857152,0.516023,0.528574,-0.569346,-0.357509
0.072895,0.16112,-0.5744,-0.802333,-0.344022,-0.128655,0.365431,0.857067,0.516016,0.528578,-0.569341,-0.357522
0.07292,0.161123,-0.574502,-0.802258,-0.344169,-0.128601,0.365567,0.856957,0.516017,0.528529,-0.569357,-0.357571
0.073027,0.161088,-0.574606,-0.802179,-0.344338,-0.128543,0.365648,0.856861,0.516049,0.528499,-0.56932,-0.357628
0.073119,0.161122,-0.574783,-0.802036,-0.344451,-0.128386,0.365655,0.856834,0.516062,0.52839,-0.569369,-0.357697
0.073241,0.161136,-0.574903,-0.801936,-0.344535,-0.128157,0.365644,0.856836,0.516047,0.528327,-0.569397,-0.357766
0.073372,0.161108,-0.574997,-0.801861,-0.344604,-0.127957,0.365688,0.856815,0.51605,0.528287,-0.569411,-0.357802
0.07347,0.16107,-0.575069,-0.801807,-0.344575,-0.127792,0.365806,0.856799,0.51606,0.528271,-0.569428,-0.357782
0.07357,0.160969,-0.575101,-0.801792,-0.344478,-0.127512,0.365858,0.856853,0.516029,0.528297,-0.569471,-0.357718
0.073611,0.160902,-0.575102,-0.801799,-0.344405,-0.127226,0.365872,0.856915,0.515988,0.528382,-0.569485,-0.357627
0.073596,0.16084,-0.575088,-0.801822,-0.344313,-0.126922,0.365896,0.856982,0.515982,0.528442,-0.569457,-0.357593
0.073599,0.160711,-0.574985,-0.801919,-0.344145,-0.126686,0.365877,0.857089,0.515971,0.528533,-0.569419,-0.357529
0.073608,0.160602,-0.574864,-0.802025,-0.344002,-0.126623,0.365801,0.857188,0.515989,0.528581,-0.569365,-0.35752
0.073551,0.160527,-0.574818,-0.802077,-0.343771,-0.126674,0.365846,0.857256,0.516005,0.528584,-0.569339,-0.357531
0.073448,0.160542,-0.574757,-0.802128,-0.343575,-0.126785,0.365941,0.857279,0.516005,0.528584,-0.569339,-0.357531
0.073341,0.160645,-0.574809,-0.802083,-0.343452,-0.126923,0.36608,0.857252,0.516019,0.528531,-0.569328,-0.35761
0.073278,0.160777,-0.574919,-0.801985,-0.34337,-0.127063,0.366225,0.857205,0.51604,0.528432,-0.569332,-0.357725
0.073215,0.160933,-0.575001,-0.801904,-0.343305,-0.127281,0.36626,0.857186,0.516033,0.52839,-0.569309,-0.357837
0.073169,0.160923,-0.574985,-0.801923,-0.343377,-0.127429,0.366103,0.857205,0.516005,0.528374,-0.569317,-0.357892
0.073148,0.160888,-0.5749,-0.801992,-0.343536,-0.127565,0.365748,0.857274,0.51599,0.528351,-0.569343,-0.35791
0.073155,0.160833,-0.574717,-0.802133,-0.343754,-0.127576,0.365295,0.857378,0.51595,0.528335,-0.569401,-0.357898
0.073157,0.160793,-0.57453,-0.802274,-0.344029,-0.12751,0.364783,0.857495,0.515888,0.528356,-0.569427,-0.357918
0.073139,0.160713,-0.574354,-0.802417,-0.344272,-0.127392,0.364373,0.857587,0.515851,0.528362,-0.569466,-0.357899
0.0732,0.160654,-0.574204,-0.80253,-0.344466,-0.127276,0.364143,0.857622,0.51587,0.528411,-0.569447,-0.357825
0.073216,0.160616,-0.574157,-0.802568,-0.344642,-0.127325,0.364099,0.857563,0.515898,0.528472,-0.569383,-0.357796
0.073161,0.160702,-0.574194,-0.802532,-0.344699,-0.127471,0.364155,0.857496,0.515873,0.528546,-0.569371,-0.357737
0.073189,0.160758,-0.574269,-0.802465,-0.344716,-0.12769,0.364287,0.857405,0.515895,0.528522,-0.569371,-0.357745
0.073174,0.160858,-0.574446,-0.802321,-0.344633,-0.127922,0.364474,0.857327,0.515908,0.52847,-0.569386,-0.357776
0.073219,0.160991,-0.574606,-0.802177,-0.344577,-0.128101,0.3647,0.857229,0.515917,0.528426,-0.569405,-0.3578
0.07322,0.161075,-0.574743,-0.802065,-0.344525,-0.128226,0.365013,0.857099,0.515948,0.528366,-0.569383,-0.357883
0.073228,0.1611,-0.574934,-0.801922,-0.344398,-0.128262,0.365348,0.857003,0.515999,0.528283,-0.56939,-0.357919
0.07329,0.161135,-0.575158,-0.801749,-0.344283,-0.127977,0.365572,0.856992,0.516042,0.528247,-0.569379,-0.357927
0.073305,0.161049,-0.575336,-0.801634,-0.344135,-0.127361,0.365512,0.85716,0.516047,0.52828,-0.569342,-0.357932
0.073288,0.160882,-0.575224,-0.801746,-0.344007,-0.126695,0.3652,0.857434,0.516057,0.528361,-0.569249,-0.357944
0.073303,0.160557,-0.574939,-0.802008,-0.343886,-0.126077,0.36481,0.857731,0.516059,0.528423,-0.569199,-0.357928
0.073407,0.160164,-0.574632,-0.80229,-0.343856,-0.125714,0.364567,0.857895,0.516077,0.52849,-0.56913,-0.357913
0.073422,0.159979,-0.574513,-0.802407,-0.343808,-0.125612,0.364567,0.857927,0.516065,0.528507,-0.569128,-0.357906
0.073371,0.160019,-0.5746,-0.802341,-0.343764,-0.125689,0.364768,0.857849,0.51606,0.528531,-0.569118,-0.357895
0.073281,0.160168,-0.574899,-0.802108,-0.343724,-0.125853,0.365022,0.857735,0.516076,0.528454,-0.569161,-0.357918
0.073246,0.16043,-0.575096,-0.801923,-0.34368,-0.126009,0.36521,0.857653,0.516047,0.5284,-0.569223,-0.357942
0.073246,0.16052,-0.575106,-0.8019,-0.343714,-0.126314,0.365308,0.857556,0.516047,0.528375,-0.56927,-0.357903
0.07325,0.160549,-0.575025,-0.801953,-0.343816,-0.126662,0.365293,0.857475,0.515978,0.528422,-0.569292,-0.3579
0.073243,0.160575,-0.574969,-0.801989,-0.343931,-0.12696,0.365224,0.857419,0.515959,0.528362,-0.569353,-0.357923
0.073209,0.16058,-0.574965,-0.801994,-0.344059,-0.127153,0.365124,0.857384,0.515996,0.528295,-0.56938,-0.357923
0.073199,0.16064,-0.57505,-0.801923,-0.344172,-0.127202,0.365069,0.857356,0.51603,0.528252,-0.56938,-0.357936
0.073154,0.160745,-0.575109,-0.801867,-0.344324,-0.127172,0.365021,0.857318,0.516014,0.528257,-0.569393,-0.357932
0.07313,0.160682,-0.57513,-0.801865,-0.344474,-0.12711,0.364878,0.857327,0.516065,0.528189,-0.569378,-0.357984
0.073114,0.160605,-0.57501,-0.801966,-0.34456,-0.127019,0.364712,0.857376,0.516088,0.528194,-0.569389,-0.357921
0.073168,0.160454,-0.574852,-0.802102,-0.344601,-0.126883,0.364453,0.857488,0.516113,0.528234,-0.569386,-0.357828
0.073137,0.160321,-0.574641,-0.80228,-0.344575,-0.126817,0.364204,0.857613,0.516093,0.528298,-0.56939,-0.357753
0.073172,0.16012,-0.574541,-0.802385,-0.344505,-0.126844,0.364182,0.857647,0.516073,0.528299,-0.569451,-0.357681
0.073225,0.159994,-0.574585,-0.802371,-0.344396,-0.126929,0.364402,0.857586,0.516026,0.52829,-0.569525,-0.357646
0.073265,0.159947,-0.574647,-0.80233,-0.344227,-0.126982,0.364725,0.857509,0.515998,0.528299,-0.569546,-0.357642
0.073235,0.160012,-0.574898,-0.802141,-0.344049,-0.126951,0.365117,0.857419,0.51598,0.528295,-0.56956,-0.357651
0.073194,0.159996,-0.575157,-0.801961,-0.343815,-0.126738,0.365427,0.857409,0.515994,0.528237,-0.569581,-0.357681
0.073177,0.159979,-0.5753,-0.801864,-0.343576,-0.126451,0.365586,0.857476,0.516019,0.528174,-0.569589,-0.357729
0.073181,0.159899,-0.575275,-0.801895,-0.343387,-0.126121,0.365573,0.857601,0.51599,0.528186,-0.56959,-0.35775
0.073134,0.159709,-0.575132,-0.802036,-0.343195,-0.125961,0.365498,0.857732,0.515947,0.528226,-0.569565,-0.357798
0.073055,0.159477,-0.574992,-0.802186,-0.343037,-0.12586,0.365468,0.857822,0.515932,0.528218,-0.569548,-0.35786
0.072938,0.159324,-0.574945,-0.802258,-0.342917,-0.125838,0.365449,0.857881,0.515948,0.528223,-0.569533,-0.357856
0.072839,0.159254,-0.574992,-0.802246,-0.342873,-0.125777,0.365394,0.85793,0.515949,0.528207,-0.569544,-0.357859
0.072734,0.159263,-0.574942,-0.80229,-0.342845,-0.125695,0.365206,0.858033,0.515913,0.528202,-0.569538,-0.357931
0.072732,0.159152,-0.574847,-0.802379,-0.342863,-0.125708,0.365067,0.858083,0.515931,0.528147,-0.569516,-0.358026
0.072747,0.158993,-0.574676,-0.802528,-0.342953,-0.125761,0.365015,0.858061,0.515928,0.528109,-0.569537,-0.358054
0.072757,0.15887,-0.574561,-0.802631,-0.343103,-0.125844,0.365047,0.857977,0.515934,0.528036,-0.569585,-0.358078
0.072786,0.158912,-0.574566,-0.802618,-0.343313,-0.125983,0.36511,0.857846,0.515908,0.528029,-0.569616,-0.358076
0.072802,0.158925,-0.574727,-0.802498,-0.343407,-0.126067,0.365258,0.857735,0.515936,0.527996,-0.569657,-0.358015
0.072851,0.158985,-0.574911,-0.80235,-0.343563,-0.126014,0.365396,0.85762,0.515994,0.527977,-0.569683,-0.357915
0.072872,0.159004,-0.57509,-0.802216,-0.34369,-0.125884,0.365441,0.857566,0.516012,0.528015,-0.569698,-0.357804
0.072838,0.158992,-0.575125,-0.802196,-0.343818,-0.125753,0.365308,0.857588,0.515994,0.528126,-0.56965,-0.357741
0.072854,0.158869,-0.575074,-0.802254,-0.343918,-0.12561,0.365104,0.857654,0.516007,0.528195,-0.569586,-0.35772
0.072894,0.158743,-0.574973,-0.802344,-0.34399,-0.125398,0.36478,0.85779,0.516022,0.528249,-0.569557,-0.357662
0.072917,0.158613,-0.574814,-0.802479,-0.344046,-0.12519,0.364373,0.857969,0.516021,0.528285,-0.569542,-0.357634
0.07288,0.158488,-0.574679,-0.802603,-0.344041,-0.125098,0.364186,0.858063,0.516009,0.528327,-0.569515,-0.357633
0.072894,0.158292,-0.574611,-0.802684,-0.343969,-0.12497,0.364162,0.858119,0.516035,0.5283,-0.569533,-0.357603
0.072929,0.158289,-0.574662,-0.802646,-0.343753,-0.124837,0.364388,0.858126,0.516076,0.528296,-0.569504,-0.357594
0.072944,0.158278,-0.574799,-0.802547,-0.343573,-0.124611,0.364637,0.858122,0.516118,0.52832,-0.569458,-0.35757
0.072857,0.158322,-0.574998,-0.802404,-0.343341,-0.124463,0.3648,0.858166,0.51611,0.528362,-0.569427,-0.357569
0.072807,0.158225,-0.575015,-0.802414,-0.343112,-0.124335,0.364894,0.858235,0.516102,0.528334,-0.569442,-0.357601
0.072772,0.158113,-0.574973,-0.802467,-0.342883,-0.124309,0.364978,0.858295,0.516083,0.528344,-0.569437,-0.357623
0.072768,0.157964,-0.574885,-0.802557,-0.3427,-0.124421,0.365013,0.858339,0.516065,0.528333,-0.569441,-0.35766
0.072675,0.157945,-0.574913,-0.802549,-0.342612,-0.124587,0.365121,0.858307,0.516008,0.528259,-0.56948,-0.357794
0.072607,0.157952,-0.575038,-0.802464,-0.342601,-0.124806,0.365183,0.858257,0.516006,0.528107,-0.569538,-0.357936
0.072516,0.157982,-0.575223,-0.802335,-0.342585,-0.125062,0.365233,0.858208,0.516015,0.52797,-0.569551,-0.358113
0.072472,0.157954,-0.575215,-0.80235,-0.342619,-0.125164,0.365197,0.858196,0.516027,0.5278,-0.569593,-0.358284
0.07247,0.157949,-0.57506,-0.802462,-0.342748,-0.125303,0.36518,0.858134,0.515999,0.527692,-0.569632,-0.358428
0.0724545,0.157878875,-0.574900259482115,-0.802591390640331,-0.34289640388916,-0.125354957515234,0.365033812701515,0.858143766475645,0.515991016129032,0.52767122310757,-0.569648226580796,-0.358443912887828
0.072439,0.157813,-0.574754,-0.802709,-0.343067,-0.125376,0.364776,0.858168,0.515988,0.527664,-0.569655,-0.358449
0.072437,0.15783,-0.574642,-0.802787,-0.34328,-0.125234,0.364462,0.858234,0.516017,0.527761,-0.569623,-0.358311
0.072321,0.157916,-0.57445,-0.80292,-0.343517,-0.125077,0.36412,0.858305,0.515936,0.527896,-0.569605,-0.358255
0.072244,0.157885,-0.574337,-0.803015,-0.343752,-0.124954,0.363906,0.858317,0.51592,0.527976,-0.569607,-0.358154
0.072242,0.157916,-0.574256,-0.803067,-0.343966,-0.124862,0.363637,0.858357,0.515927,0.528107,-0.569562,-0.358018
0.07225,0.157898,-0.574185,-0.80312,-0.344143,-0.124691,0.363263,0.858467,0.515916,0.52822,-0.569529,-0.357913
0.072207,0.157913,-0.574157,-0.803141,-0.344283,-0.124588,0.362985,0.858542,0.515908,0.528251,-0.569535,-0.35787
0.072192,0.157837,-0.574104,-0.803195,-0.344366,-0.124513,0.362792,0.858599,0.515923,0.528221,-0.569549,-0.35787
0.072301,0.157746,-0.574097,-0.803206,-0.34433,-0.124407,0.362777,0.858634,0.515934,0.528172,-0.569568,-0.357897
0.072344,0.15763,-0.574189,-0.803155,-0.344198,-0.124232,0.362942,0.85864,0.515991,0.528063,-0.569543,-0.358019
0.072406,0.157582,-0.574283,-0.803091,-0.343975,-0.124013,0.363279,0.858615,0.516018,0.528016,-0.569496,-0.358128
0.072464,0.157458,-0.57446,-0.80298,-0.343754,-0.123697,0.363595,0.858611,0.516025,0.527928,-0.569509,-0.35823
0.072541,0.157376,-0.574648,-0.802852,-0.34354,-0.123347,0.363828,0.858643,0.516011,0.527924,-0.569514,-0.35825
0.072598,0.157222,-0.574786,-0.802775,-0.343362,-0.12303,0.363917,0.858718,0.516043,0.527885,-0.569525,-0.35824
0.072602,0.157031,-0.574763,-0.802823,-0.343174,-0.122799,0.363923,0.858821,0.516007,0.527871,-0.569543,-0.35829
0.072592,0.156794,-0.574692,-0.802917,-0.343007,-0.122691,0.363878,0.858921,0.51598,0.527861,-0.569565,-0.358309
0.072569,0.156587,-0.574611,-0.803013,-0.342926,-0.122775,0.363856,0.858952,0.515947,0.527886,-0.569554,-0.358339
0.072424,0.156543,-0.574527,-0.803095,-0.342939,-0.123015,0.363734,0.858968,0.515971,0.527905,-0.569522,-0.358328
0.072282,0.156522,-0.57445,-0.803166,-0.342946,-0.123335,0.363569,0.858994,0.515938,0.527898,-0.569537,-0.358362
0.072204,0.15652,-0.574311,-0.803275,-0.34292,-0.123656,0.363438,0.859019,0.515915,0.527856,-0.569576,-0.358398
0.072141,0.156531,-0.574172,-0.803378,-0.342923,-0.124091,0.363498,0.858936,0.51592,0.527805,-0.569602,-0.358426
0.072017,0.156586,-0.574131,-0.803409,-0.343024,-0.12449,0.363607,0.858798,0.515905,0.527829,-0.569612,-0.358393
0.071956,0.156755,-0.574202,-0.803335,-0.343145,-0.12483,0.363639,0.858691,0.515843,0.527851,-0.569622,-0.358439
0.071879,0.156868,-0.574274,-0.803271,-0.343282,-0.125029,0.363641,0.85861,0.515805,0.52779,-0.569664,-0.358522
0.071895,0.156958,-0.574348,-0.8032,-0.343428,-0.125103,0.363579,0.858568,0.515835,0.527691,-0.569704,-0.358562
0.071941,0.157015,-0.57438,-0.803163,-0.343643,-0.124991,0.363475,0.85854,0.515866,0.527599,-0.569714,-0.358637
0.071954,0.157055,-0.574311,-0.803205,-0.343819,-0.124759,0.36328,0.858582,0.515858,0.527635,-0.56969,-0.358635
0.072071,0.156939,-0.5742,-0.803294,-0.343967,-0.124467,0.363036,0.858663,0.515862,0.527667,-0.569697,-0.358569
0.072186,0.15677,-0.574039,-0.803428,-0.344044,-0.124197,0.362785,0.858773,0.515913,0.527736,-0.569654,-0.358456
0.072227,0.1566,-0.573892,-0.803559,-0.344133,-0.123929,0.362473,0.858904,0.515915,0.527845,-0.569655,-0.358284
0.072214,0.156473,-0.573749,-0.803685,-0.344191,-0.123646,0.362226,0.859022,0.515894,0.528011,-0.569604,-0.358146
0.072289,0.156293,-0.573586,-0.803826,-0.344125,-0.123502,0.362172,0.85909,0.515904,0.528093,-0.569578,-0.358047
0.072363,0.156112,-0.573516,-0.8039,-0.344013,-0.123439,0.362351,0.859067,0.515904,0.528144,-0.569568,-0.357985
0.072371,0.156111,-0.573584,-0.803851,-0.343833,-0.123341,0.362683,0.859012,0.515913,0.528142,-0.569554,-0.357996
0.072368,0.156235,-0.573829,-0.803654,-0.343627,-0.123187,0.363104,0.858936,0.515884,0.528141,-0.56958,-0.358
0.072395,0.156267,-0.574143,-0.803421,-0.343405,-0.12311,0.363541,0.85885,0.515908,0.528023,-0.569613,-0.35809
0.072367,0.156342,-0.574371,-0.803247,-0.343118,-0.123204,0.364046,0.858739,0.515919,0.527968,-0.569596,-0.358185
0.072388,0.15637,-0.574487,-0.803157,-0.342933,-0.12335,0.36436,0.858661,0.51591,0.527918,-0.569618,-0.35824
0.072359,0.156368,-0.574545,-0.803119,-0.342779,-0.123463,0.36455,0.858628,0.515847,0.527968,-0.569604,-0.358283
0.072299,0.156362,-0.574558,-0.803115,-0.342758,-0.123516,0.364589,0.858613,0.515824,0.527921,-0.569626,-0.358355
0.072292,0.156273,-0.574473,-0.803193,-0.34273,-0.123538,0.364561,0.858634,0.515815,0.527907,-0.569623,-0.358395
0.072266,0.156259,-0.57433,-0.803301,-0.34276,-0.123605,0.364408,0.858678,0.515826,0.527846,-0.569642,-0.358441
0.072289,0.156265,-0.574175,-0.803408,-0.342847,-0.123811,0.364271,0.858675,0.515806,0.527849,-0.569633,-0.358479
0.072321,0.156324,-0.574113,-0.80344,-0.342965,-0.124052,0.364167,0.858641,0.515775,0.527875,-0.569689,-0.358396
0.072337,0.156452,-0.574115,-0.803415,-0.343134,-0.12438,0.364122,0.858549,0.515755,0.527924,-0.569718,-0.358301
0.072402,0.156627,-0.574133,-0.803365,-0.343285,-0.124616,0.364039,0.858494,0.515727,0.528029,-0.569706,-0.358203
0.0724,0.156821,-0.57415,-0.803319,-0.343509,-0.12464,0.363913,0.858453,0.515644,0.528166,-0.569708,-0.358117
0.072396,0.156914,-0.574189,-0.803276,-0.34372,-0.124572,0.363765,0.858439,0.515599,0.528233,-0.569695,-0.358104
0.072367,0.156995,-0.574224,-0.803239,-0.34384,-0.124464,0.363669,0.858446,0.515584,0.528282,-0.569688,-0.358062
0.072368,0.157007,-0.574235,-0.80323,-0.344022,-0.124387,0.363528,0.858443,0.515607,0.528227,-0.56968,-0.358125
0.072361,0.157059,-0.574248,-0.803211,-0.344131,-0.124335,0.363393,0.858462,0.515666,0.528197,-0.569617,-0.358186
0.072414,0.157088,-0.574305,-0.80316,-0.344148,-0.1243,0.36335,0.858479,0.515715,0.528071,-0.56963,-0.358284
0.072489,0.157068,-0.574328,-0.80314,-0.344174,-0.12429,0.36355,0.858384,0.515819,0.527929,-0.569637,-0.35833
0.072571,0.157125,-0.574457,-0.80303,-0.344203,-0.124383,0.363923,0.858202,0.515905,0.527877,-0.569604,-0.358333
0.07267,0.157213,-0.574745,-0.802799,-0.344176,-0.124439,0.364336,0.85803,0.515897,0.527897,-0.569593,-0.358335
0.072793,0.157227,-0.575039,-0.802572,-0.344029,-0.124377,0.364743,0.857923,0.515917,0.527876,-0.569592,-0.358338
0.072836,0.15718,-0.575261,-0.802417,-0.343854,-0.124124,0.364922,0.857951,0.515942,0.527898,-0.569554,-0.358327
0.072916,0.157051,-0.575251,-0.802439,-0.343687,-0.123655,0.364749,0.858153,0.515935,0.527977,-0.5695,-0.358305
0.072916,0.156879,-0.575008,-0.802644,-0.343504,-0.123122,0.364399,0.858444,0.515866,0.528086,-0.56949,-0.358261
0.072906,0.156589,-0.574587,-0.802997,-0.343319,-0.122788,0.364061,0.858705,0.51584,0.528141,-0.569481,-0.358231
0.072893,0.15638,-0.574276,-0.803258,-0.343117,-0.122793,0.363913,0.858849,0.515848,0.528184,-0.569469,-0.358172
0.072732,0.156359,-0.574161,-0.80336,-0.342976,-0.123099,0.36399,0.858834,0.515817,0.528236,-0.569459,-0.358157
0.0725,0.156567,-0.57424,-0.803288,-0.342911,-0.123505,0.364087,0.858767,0.51579,0.528245,-0.569427,-0.358236
0.072259,0.156778,-0.574419,-0.803147,-0.342932,-0.123903,0.364181,0.858667,0.515773,0.528156,-0.569476,-0.358319
0.072193,0.156963,-0.574501,-0.803062,-0.342932,-0.124294,0.364276,0.858576,0.515777,0.528072,-0.569513,-0.358379
0.072127,0.157019,-0.57443,-0.80311,-0.34306,-0.124665,0.364266,0.858481,0.515782,0.527979,-0.56956,-0.358438
0.072034,0.157095,-0.574326,-0.80318,-0.343198,-0.124965,0.364216,0.858408,0.515777,0.52791,-0.56957,-0.358534
0.072096,0.157103,-0.574302,-0.803189,-0.343336,-0.125256,0.364285,0.858285,0.515845,0.527777,-0.569582,-0.358613
0.072145,0.157197,-0.574358,-0.803129,-0.343464,-0.125385,0.364506,0.858122,0.515868,0.52773,-0.569564,-0.358683
0.072218,0.157358,-0.574544,-0.80296,-0.343671,-0.125475,0.364823,0.857891,0.515903,0.527692,-0.569546,-0.358716
0.072303,0.15758,-0.574769,-0.802751,-0.343887,-0.125395,0.365064,0.857712,0.515882,0.527749,-0.569495,-0.358745
0.072473,0.157703,-0.574959,-0.802577,-0.344083,-0.125296,0.365073,0.857642,0.515883,0.527795,-0.569486,-0.358686
0.072651,0.157782,-0.574969,-0.80254,-0.344344,-0.125235,0.364914,0.857612,0.515865,0.527906,-0.569477,-0.358559
0.072813,0.157772,-0.574856,-0.802607,-0.344541,-0.125126,0.36465,0.857658,0.515863,0.528021,-0.569452,-0.358428
0.072932,0.157757,-0.574674,-0.80273,-0.344643,-0.125024,0.364494,0.857697,0.515832,0.528204,-0.569437,-0.35822
0.073019,0.157714,-0.574592,-0.802788,-0.344703,-0.124934,0.364437,0.857708,0.515831,0.528353,-0.569406,-0.358042
0.073062,0.157666,-0.574626,-0.802767,-0.344641,-0.124845,0.36456,0.857694,0.515844,0.528498,-0.569341,-0.357907
0.073116,0.157721,-0.574753,-0.802661,-0.344457,-0.124711,0.364712,0.85772,0.515878,0.528597,-0.569271,-0.357818
0.073113,0.157781,-0.574871,-0.802567,-0.344252,-0.124506,0.364825,0.857782,0.51586,0.528617,-0.569235,-0.357875
0.07311,0.157728,-0.574938,-0.802527,-0.344055,-0.124287,0.364908,0.857854,0.515888,0.528577,-0.569229,-0.357904
0.0731,0.157647,-0.574868,-0.802593,-0.343842,-0.12417,0.364953,0.857936,0.51596,0.528492,-0.569192,-0.357984
0.073095,0.157518,-0.574786,-0.802675,-0.343636,-0.124091,0.364939,0.858035,0.516021,0.528341,-0.569219,-0.358082
0.073096,0.157458,-0.574738,-0.80272,-0.343418,-0.124205,0.365059,0.858057,0.516071,0.528175,-0.569219,-0.358258
0.073043,0.157454,-0.574748,-0.802719,-0.343314,-0.124313,0.365309,0.857979,0.516066,0.527961,-0.56927,-0.358511
0.072981,0.157601,-0.57493,-0.802568,-0.34321,-0.124533,0.365655,0.857845,0.516038,0.527802,-0.569353,-0.358659
0.072867,0.157798,-0.575141,-0.802392,-0.343221,-0.124818,0.365939,0.857682,0.516055,0.527674,-0.5694,-0.358753
0.072852,0.15805,-0.5753,-0.802235,-0.34324,-0.125115,0.366178,0.857533,0.516008,0.527665,-0.569449,-0.358756
0.072898,0.158171,-0.575381,-0.802152,-0.343301,-0.12534,0.366198,0.85747,0.516029,0.527655,-0.569458,-0.358727
0.072892,0.158263,-0.57534,-0.802164,-0.343485,-0.125466,0.366163,0.857394,0.516055,0.52768,-0.569466,-0.358634
0.072911,0.158267,-0.575227,-0.802244,-0.343737,-0.125442,0.365919,0.8574,0.516068,0.527825,-0.569411,-0.358482
0.072935,0.158245,-0.575046,-0.802376,-0.344026,-0.125344,0.36561,0.857429,0.516048,0.528089,-0.569306,-0.358282
0.072936,0.158183,-0.574783,-0.802576,-0.344247,-0.125134,0.365164,0.857557,0.516017,0.528304,-0.569259,-0.358076
0.072942,0.15809,-0.574514,-0.802785,-0.344415,-0.124878,0.364754,0.857697,0.516034,0.528467,-0.569203,-0.357892
0.072939,0.157985,-0.574257,-0.802989,-0.344588,-0.124735,0.364398,0.857798,0.516037,0.528639,-0.569126,-0.357752
0.07288,0.157998,-0.574087,-0.803113,-0.344648,-0.124774,0.364125,0.857884,0.515995,0.528738,-0.56911,-0.357688
0.07284,0.158037,-0.574058,-0.803132,-0.344692,-0.12491,0.364095,0.857862,0.515991,0.528728,-0.569151,-0.357643
0.072839,0.158096,-0.574102,-0.80309,-0.344743,-0.125119,0.364234,0.857755,0.515988,0.528662,-0.569211,-0.357649
0.072829,0.158253,-0.57419,-0.803,-0.344815,-0.125259,0.364364,0.857651,0.516004,0.528557,-0.569221,-0.357771
0.07287,0.158414,-0.574355,-0.802849,-0.344772,-0.125386,0.364643,0.857534,0.516038,0.528422,-0.569238,-0.357897
0.072943,0.158479,-0.574454,-0.80276,-0.344646,-0.125378,0.364929,0.857464,0.516062,0.528244,-0.569314,-0.358009
0.073014,0.158503,-0.574664,-0.802598,-0.344476,-0.125166,0.365139,0.85747,0.51612,0.528166,-0.569316,-0.358038
0.073021,0.158505,-0.574776,-0.802516,-0.344331,-0.124696,0.365084,0.857614,0.516145,0.528127,-0.569319,-0.358055
0.073031,0.158452,-0.574646,-0.802619,-0.344185,-0.124133,0.364888,0.857831,0.516118,0.528214,-0.569229,-0.358109
0.073102,0.158195,-0.574401,-0.802833,-0.344062,-0.123738,0.364626,0.858042,0.516108,0.528304,-0.569156,-0.358108
0.073162,0.157959,-0.574175,-0.803031,-0.343947,-0.123618,0.364556,0.858134,0.516093,0.528428,-0.569059,-0.358102
0.073204,0.157892,-0.574165,-0.803046,-0.343896,-0.12374,0.364783,0.858043,0.516081,0.528462,-0.569044,-0.35809
0.073209,0.158037,-0.574342,-0.802892,-0.343851,-0.124037,0.36519,0.857848,0.516069,0.528509,-0.569033,-0.358054
0.073218,0.158267,-0.574677,-0.802611,-0.343861,-0.12439,0.365614,0.857617,0.516077,0.528447,-0.569078,-0.358063
0.073252,0.158473,-0.575045,-0.802306,-0.343905,-0.124681,0.366161,0.857328,0.51612,0.528414,-0.569091,-0.358027
0.073388,0.1586,-0.575296,-0.80209,-0.343965,-0.124961,0.366571,0.857092,0.516109,0.528369,-0.569126,-0.358056
0.073454,0.158689,-0.575404,-0.80199,-0.344112,-0.125105,0.366768,0.856928,0.516111,0.528332,-0.569135,-0.358094
0.073522,0.158674,-0.575386,-0.802,-0.344339,-0.125065,0.366587,0.856919,0.516094,0.528297,-0.569179,-0.358103
0.073585,0.158596,-0.575207,-0.802137,-0.344634,-0.124934,0.366155,0.857002,0.516093,0.528305,-0.569149,-0.358142
0.073594,0.158514,-0.574922,-0.802355,-0.344982,-0.124628,0.365556,0.857157,0.516107,0.52834,-0.569139,-0.358082
0.073589,0.158419,-0.574647,-0.80257,-0.345264,-0.124397,0.365056,0.857286,0.51609,0.528444,-0.569089,-0.358031
0.073608,0.158326,-0.574466,-0.802715,-0.345459,-0.124298,0.364741,0.857354,0.516088,0.528553,-0.569044,-0.35794
0.073569,0.158286,-0.574346,-0.802812,-0.34557,-0.124414,0.364663,0.857328,0.516107,0.528631,-0.569025,-0.357821
0.073551,0.158388,-0.57439,-0.802764,-0.345611,-0.124617,0.364629,0.857299,0.516139,0.528646,-0.569044,-0.357718
0.073475,0.158578,-0.574534,-0.802634,-0.345608,-0.124746,0.364684,0.85726,0.516082,0.528691,-0.569073,-0.357689
0.07346,0.158689,-0.574645,-0.802536,-0.345601,-0.124804,0.364746,0.857229,0.5161,0.528655,-0.569095,-0.357681
0.073409,0.158681,-0.574705,-0.802499,-0.345488,-0.124853,0.364873,0.857215,0.516096,0.528598,-0.569142,-0.357697
0.073461,0.158637,-0.574743,-0.802476,-0.345329,-0.124676,0.365077,0.857215,0.516106,0.528526,-0.569154,-0.357773
0.073495,0.158608,-0.574899,-0.802365,-0.345153,-0.124403,0.365364,0.857199,0.516099,0.528438,-0.569185,-0.357868
0.073453,0.158548,-0.575027,-0.802287,-0.344968,-0.124056,0.365615,0.857212,0.516082,0.528375,-0.569225,-0.357925
0.073451,0.158476,-0.57512,-0.802233,-0.344732,-0.123811,0.365762,0.857276,0.516096,0.528354,-0.569218,-0.357948
0.073422,0.158405,-0.575143,-0.802232,-0.344521,-0.123595,0.365797,0.857374,0.516071,0.52842,-0.5692,-0.357913
0.073346,0.158315,-0.57507,-0.802308,-0.344372,-0.123486,0.365723,0.857481,0.515999,0.528465,-0.569216,-0.357926
0.073227,0.15814,-0.574914,-0.802462,-0.34426,-0.123501,0.365577,0.857586,0.515956,0.528486,-0.569214,-0.357964
0.073191,0.15803,-0.574737,-0.802612,-0.344149,-0.123627,0.365513,0.857643,0.515924,0.528461,-0.569219,-0.358044
0.073113,0.158011,-0.574638,-0.802694,-0.344083,-0.123905,0.365516,0.857633,0.515929,0.528403,-0.569275,-0.358032
0.073046,0.158083,-0.57467,-0.802664,-0.344074,-0.124378,0.365719,0.857488,0.515931,0.528384,-0.569288,-0.358036
0.072986,0.158201,-0.574707,-0.802622,-0.344127,-0.124922,0.365992,0.857279,0.515976,0.528307,-0.569287,-0.358088
0.072961,0.15839,-0.574846,-0.802492,-0.344231,-0.125441,0.366347,0.857017,0.516023,0.528217,-0.569324,-0.358095
0.072996,0.158542,-0.575001,-0.802351,-0.344428,-0.125816,0.366587,0.856785,0.516085,0.52814,-0.569316,-0.358131
0.073014,0.158729,-0.57504,-0.802287,-0.344704,-0.125939,0.366535,0.856679,0.516054,0.528129,-0.569343,-0.358148
0.073045,0.158795,-0.574985,-0.802313,-0.344981,-0.125831,0.366319,0.856674,0.516017,0.528157,-0.569345,-0.358161
0.073153,0.158812,-0.57484,-0.802403,-0.34521,-0.125808,0.366077,0.856687,0.516033,0.528167,-0.569365,-0.35809
0.073278,0.158773,-0.574723,-0.802483,-0.345368,-0.125759,0.365851,0.856727,0.516024,0.52824,-0.569336,-0.358038
0.073335,0.158806,-0.574657,-0.802519,-0.345544,-0.125717,0.365644,0.856749,0.51594,0.528469,-0.569276,-0.357913
0.073363,0.158818,-0.574711,-0.802475,-0.345704,-0.125771,0.365554,0.856715,0.515959,0.528576,-0.569242,-0.357773
0.073435,0.158891,-0.57485,-0.802355,-0.345768,-0.125841,0.365579,0.856669,0.516024,0.528654,-0.569188,-0.357645
0.073552,0.158897,-0.574931,-0.802286,-0.345727,-0.125857,0.365692,0.856635,0.516048,0.528695,-0.56914,-0.357625
0.073613,0.15893,-0.575094,-0.802156,-0.345576,-0.125801,0.365994,0.856575,0.516051,0.528659,-0.569111,-0.357723
0.073704,0.158885,-0.575284,-0.802019,-0.34543,-0.125531,0.366346,0.856519,0.516105,0.528535,-0.569117,-0.357821
0.073782,0.158841,-0.575474,-0.801881,-0.345205,-0.125166,0.366657,0.856525,0.516175,0.528397,-0.56911,-0.35794
0.073781,0.158814,-0.575561,-0.801825,-0.345014,-0.124786,0.366803,0.856588,0.516222,0.528319,-0.569057,-0.358072
0.073737,0.158774,-0.575537,-0.801852,-0.344813,-0.124531,0.366834,0.856691,0.516172,0.528344,-0.569078,-0.358076
0.07375,0.1586,-0.575375,-0.801998,-0.344643,-0.124422,0.366746,0.856811,0.516188,0.528362,-0.569077,-0.358025
0.07369,0.158415,-0.575162,-0.80219,-0.344497,-0.124516,0.36678,0.856844,0.516162,0.528448,-0.569052,-0.357976
0.073582,0.15834,-0.575066,-0.802284,-0.344418,-0.124685,0.366822,0.856835,0.516137,0.528522,-0.569053,-0.3579
0.073415,0.15844,-0.575036,-0.802303,-0.344353,-0.124883,0.366828,0.856834,0.516057,0.528624,-0.569093,-0.357798
0.07328,0.158506,-0.57507,-0.80228,-0.34434,-0.125187,0.366924,0.856758,0.516026,0.528585,-0.56918,-0.35776
0.073195,0.158633,-0.575112,-0.802235,-0.344346,-0.125509,0.367012,0.856676,0.516026,0.528557,-0.569212,-0.357753
0.073199,0.158696,-0.575075,-0.80225,-0.344418,-0.125723,0.367032,0.85661,0.51605,0.528474,-0.56923,-0.357812
0.073121,0.158789,-0.574963,-0.802322,-0.344631,-0.125921,0.366964,0.856527,0.516023,0.528461,-0.569228,-0.357878
0.073107,0.158794,-0.574833,-0.802417,-0.34486,-0.125977,0.366781,0.856506,0.516002,0.528426,-0.56927,-0.357894
0.073097,0.158897,-0.574692,-0.8025,-0.34513,-0.125887,0.366523,0.856517,0.516043,0.528438,-0.569273,-0.357809
0.073085,0.158941,-0.5746,-0.802561,-0.345382,-0.125766,0.366218,0.856562,0.515974,0.528511,-0.569315,-0.357731
0.07305,0.159028,-0.574504,-0.802617,-0.345599,-0.125752,0.36615,0.856505,0.515921,0.528591,-0.569329,-0.357667
0.073091,0.159131,-0.574582,-0.802539,-0.345805,-0.125872,0.366206,0.856381,0.515909,0.528639,-0.569327,-0.357615
0.073211,0.159241,-0.574758,-0.802381,-0.345905,-0.125996,0.366305,0.856282,0.515894,0.528701,-0.569331,-0.357536
0.073314,0.159394,-0.574935,-0.802217,-0.345986,-0.126132,0.366435,0.856175,0.515929,0.528658,-0.569346,-0.357524
0.073282,0.159523,-0.575143,-0.802047,-0.346056,-0.126159,0.366444,0.85614,0.515977,0.528604,-0.569331,-0.357555
0.073287,0.159473,-0.57516,-0.802044,-0.346141,-0.126042,0.366333,0.856168,0.516016,0.528515,-0.569353,-0.357599
0.073431,0.159281,-0.575038,-0.802152,-0.346115,-0.125706,0.366226,0.856268,0.516047,0.528507,-0.569355,-0.357561
0.073544,0.159062,-0.574936,-0.802253,-0.346013,-0.125301,0.366158,0.856392,0.51605,0.528553,-0.569315,-0.357553
0.07355,0.158891,-0.574847,-0.802347,-0.345836,-0.124775,0.366158,0.856533,0.516066,0.528651,-0.569244,-0.357494
0.073534,0.158659,-0.5748,-0.802424,-0.345546,-0.124382,0.366246,0.856665,0.516127,0.528717,-0.569165,-0.357429
0.07352,0.158473,-0.574801,-0.802456,-0.345232,-0.124253,0.366516,0.856693,0.516176,0.528798,-0.56909,-0.357353
0.073479,0.158371,-0.574831,-0.802457,-0.344958,-0.124337,0.366868,0.856642,0.516212,0.528845,-0.569037,-0.357312
0.073387,0.158414,-0.574967,-0.80236,-0.344797,-0.124455,0.367239,0.856533,0.516184,0.528805,-0.569055,-0.357387
0.073321,0.158498,-0.575123,-0.80224,-0.344682,-0.124605,0.367574,0.856416,0.516145,0.528699,-0.569108,-0.357522
0.073293,0.158631,-0.575231,-0.802141,-0.344596,-0.124713,0.367757,0.856358,0.516144,0.52857,-0.569145,-0.357663
0.073235,0.158745,-0.575302,-0.802076,-0.344566,-0.124873,0.367727,0.856362,0.516161,0.52844,-0.569173,-0.35779
0.073193,0.158893,-0.575258,-0.802085,-0.344599,-0.125195,0.367695,0.856319,0.516109,0.528388,-0.569235,-0.357847
0.073182,0.158943,-0.575196,-0.802121,-0.344693,-0.125576,0.367643,0.856255,0.516062,0.528348,-0.569294,-0.357883
0.073174,0.15906,-0.57519,-0.802106,-0.3449,-0.125914,0.367586,0.85615,0.51606,0.528379,-0.569284,-0.357857
0.07314,0.159221,-0.57518,-0.802088,-0.345099,-0.126085,0.367392,0.856131,0.516016,0.528465,-0.569251,-0.357844
0.073078,0.159411,-0.575202,-0.802045,-0.34535,-0.12612,0.367126,0.856139,0.515954,0.528577,-0.569247,-0.357774
0.073016,0.159499,-0.575154,-0.802069,-0.345598,-0.126161,0.366865,0.856145,0.515949,0.528688,-0.569211,-0.35767
0.073051,0.159509,-0.575057,-0.802133,-0.345835,-0.126154,0.366676,0.85613,0.515954,0.528825,-0.569158,-0.35754
0.073081,0.159457,-0.574971,-0.802202,-0.346037,-0.126176,0.366478,0.85613,0.515919,0.528951,-0.569168,-0.35738
0.073008,0.159491,-0.574944,-0.802222,-0.346202,-0.126163,0.36629,0.856145,0.51591,0.528979,-0.569173,-0.357341
0.073004,0.159519,-0.57501,-0.80217,-0.346297,-0.126153,0.366126,0.856178,0.515939,0.528904,-0.569192,-0.357382
0.073081,0.159545,-0.575011,-0.802158,-0.346354,-0.12611,0.366039,0.856198,0.516008,0.528829,-0.569177,-0.357418
0.073153,0.159401,-0.574983,-0.802197,-0.34636,-0.125988,0.366019,0.85622,0.51606,0.528721,-0.569165,-0.357525
0.073239,0.159364,-0.574959,-0.802213,-0.346235,-0.125796,0.366196,0.85622,0.516046,0.528677,-0.569159,-0.357621
0.073302,0.159276,-0.575037,-0.802165,-0.346032,-0.125395,0.366395,0.85627,0.51605,0.528614,-0.569179,-0.357681
0.073338,0.159221,-0.57523,-0.802033,-0.345746,-0.124971,0.366588,0.856359,0.516039,0.528616,-0.569174,-0.357706
0.073291,0.159143,-0.57523,-0.802051,-0.345489,-0.12461,0.366637,0.85649,0.515998,0.528714,-0.569133,-0.357683
0.073223,0.159122,-0.575075,-0.802173,-0.345239,-0.124433,0.366576,0.856641,0.515969,0.528822,-0.569121,-0.357581
0.073196,0.158991,-0.57492,-0.802311,-0.345039,-0.12443,0.366509,0.856751,0.515939,0.528934,-0.569101,-0.357486
0.073054,0.158846,-0.57474,-0.802479,-0.344935,-0.124617,0.366375,0.856827,0.515917,0.528977,-0.569093,-0.357466
0.072874,0.158809,-0.57461,-0.802596,-0.344828,-0.124898,0.366259,0.856884,0.515913,0.528966,-0.569086,-0.357504
0.072669,0.158854,-0.5745,-0.802687,-0.344784,-0.125248,0.366095,0.856926,0.515881,0.528952,-0.569087,-0.357571
0.072556,0.158928,-0.574508,-0.802678,-0.344759,-0.125656,0.366083,0.856888,0.515862,0.528832,-0.569156,-0.357671
0.072407,0.159037,-0.574508,-0.802673,-0.344738,-0.126134,0.366174,0.856795,0.515872,0.528666,-0.569226,-0.357795
0.072325,0.15913,-0.574496,-0.802674,-0.344838,-0.126556,0.366218,0.85668,0.515884,0.528566,-0.569228,-0.357929
0.072273,0.159214,-0.574522,-0.802644,-0.345035,-0.126813,0.366229,0.856561,0.515807,0.52851,-0.569277,-0.35805
0.072321,0.159279,-0.574492,-0.80265,-0.345245,-0.127016,0.366191,0.856465,0.515719,0.528474,-0.569356,-0.358112
0.072366,0.159296,-0.574374,-0.802727,-0.345431,-0.127071,0.366116,0.856414,0.515693,0.528498,-0.569392,-0.358053
0.072402,0.159274,-0.574351,-0.802745,-0.345606,-0.127103,0.366135,0.85633,0.515627,0.5286,-0.569449,-0.357903
0.072415,0.159312,-0.574325,-0.802755,-0.345727,-0.12716,0.36611,0.856284,0.515549,0.528792,-0.569449,-0.357727
0.072402,0.159332,-0.574347,-0.802737,-0.345772,-0.127132,0.366027,0.856305,0.515502,0.528971,-0.569465,-0.357496
0.0724,0.15928,-0.574321,-0.802765,-0.345817,-0.127036,0.365867,0.856368,0.515492,0.529126,-0.569437,-0.357317
0.072373,0.159203,-0.574209,-0.802861,-0.345829,-0.126934,0.365559,0.856508,0.51551,0.529224,-0.569383,-0.357228
0.072368,0.159133,-0.574062,-0.802979,-0.345771,-0.126768,0.365255,0.856685,0.515466,0.529294,-0.569366,-0.357217
0.072379,0.159021,-0.573877,-0.803132,-0.345654,-0.126648,0.36515,0.856794,0.515492,0.529211,-0.569363,-0.35731
0.072436,0.158921,-0.573815,-0.803189,-0.345448,-0.126506,0.365186,0.856881,0.515554,0.529038,-0.569371,-0.357469
0.072447,0.158941,-0.573926,-0.803105,-0.34521,-0.126283,0.365396,0.856917,0.515585,0.528876,-0.56937,-0.357672
0.072438,0.159024,-0.574123,-0.802949,-0.345007,-0.126088,0.365628,0.856926,0.515619,0.528705,-0.569365,-0.35789
0.072448,0.159068,-0.574245,-0.802852,-0.344841,-0.126014,0.365811,0.856924,0.515646,0.52859,-0.569392,-0.357986
0.072507,0.159097,-0.574306,-0.802798,-0.34469,-0.126042,0.36598,0.856909,0.515679,0.528559,-0.569396,-0.357973
0.072598,0.159027,-0.574275,-0.802824,-0.344598,-0.126139,0.36613,0.85687,0.515726,0.528625,-0.569359,-0.357864
0.072616,0.159078,-0.574348,-0.802762,-0.344509,-0.126302,0.366345,0.856792,0.515671,0.528735,-0.569392,-0.357721
0.072577,0.159163,-0.574439,-0.802684,-0.34446,-0.126481,0.366504,0.856721,0.515658,0.528821,-0.569412,-0.357579
0.072495,0.159301,-0.574582,-0.802565,-0.344422,-0.126767,0.366629,0.856644,0.515612,0.528927,-0.569424,-0.357463
0.072452,0.159492,-0.574786,-0.802389,-0.344453,-0.126939,0.366574,0.856631,0.515622,0.52899,-0.569402,-0.357387
0.072414,0.159608,-0.574758,-0.802392,-0.344526,-0.127072,0.366404,0.856657,0.515593,0.529033,-0.569418,-0.35734
0.072372,0.159535,-0.574588,-0.802531,-0.344739,-0.127209,0.366191,0.856645,0.515602,0.529035,-0.569428,-0.357304
0.072382,0.159505,-0.574394,-0.802674,-0.344952,-0.127311,0.366087,0.856589,0.5156,0.529056,-0.569458,-0.357226
0.072382,0.159473,-0.574204,-0.802817,-0.345103,-0.127381,0.365966,0.85657,0.515617,0.529085,-0.569451,-0.357166
0.072322,0.159543,-0.574133,-0.802861,-0.345186,-0.127367,0.365819,0.856602,0.515627,0.529098,-0.569459,-0.357118
0.07227,0.159534,-0.574102,-0.80289,-0.345324,-0.127335,0.365761,0.856574,0.515643,0.529063,-0.569455,-0.357154
0.072262,0.159514,-0.57406,-0.802924,-0.345442,-0.127322,0.365759,0.856529,0.51565,0.529044,-0.569462,-0.357162
0.072249,0.159497,-0.574012,-0.802963,-0.345533,-0.127232,0.365652,0.856549,0.51565,0.528997,-0.569485,-0.357198
0.072215,0.159556,-0.573931,-0.803013,-0.345641,-0.127154,0.36548,0.856589,0.515628,0.529005,-0.569477,-0.35723
0.07222,0.159587,-0.573896,-0.803033,-0.3458,-0.127135,0.36519,0.856652,0.515648,0.528938,-0.569511,-0.357246
0.07227,0.159614,-0.57387,-0.803042,-0.345851,-0.127161,0.365005,0.856707,0.515659,0.52892,-0.569535,-0.357222
0.07234,0.159675,-0.573875,-0.80302,-0.345882,-0.127119,0.364854,0.856764,0.515709,0.528889,-0.569556,-0.357156
0.07233,0.159723,-0.57387,-0.803017,-0.345755,-0.126993,0.364867,0.856827,0.515743,0.528914,-0.56954,-0.357093
0.072335,0.159669,-0.573922,-0.802989,-0.345496,-0.126745,0.364986,0.856915,0.515694,0.529002,-0.569569,-0.356984
0.07235,0.159622,-0.574023,-0.802923,-0.34516,-0.126457,0.365253,0.856976,0.515727,0.52908,-0.569528,-0.356882
0.072331,0.159554,-0.574094,-0.802886,-0.344874,-0.126226,0.365512,0.85701,0.51576,0.52917,-0.569464,-0.356796
0.072299,0.159552,-0.574143,-0.802854,-0.344606,-0.126162,0.365827,0.856993,0.515764,0.529261,-0.569435,-0.3567
0.072322,0.159484,-0.574147,-0.802862,-0.34443,-0.12631,0.366134,0.856914,0.515775,0.529277,-0.569398,-0.356718
0.072296,0.159427,-0.574206,-0.802832,-0.34431,-0.126499,0.366455,0.8568,0.515824,0.529161,-0.569416,-0.356791
0.072275,0.15942,-0.574338,-0.80274,-0.344225,-0.126663,0.366639,0.856734,0.515794,0.529081,-0.569434,-0.35693
0.07222,0.159494,-0.574488,-0.802624,-0.344275,-0.126765,0.366695,0.856676,0.515781,0.528993,-0.569461,-0.357044
0.072149,0.159518,-0.574607,-0.802541,-0.344337,-0.126823,0.366594,0.856686,0.515805,0.528847,-0.569496,-0.357172
0.072137,0.159474,-0.57458,-0.802569,-0.344438,-0.126848,0.366474,0.856693,0.515798,0.528699,-0.56955,-0.357323
0.072145,0.159417,-0.574447,-0.802674,-0.34463,-0.126919,0.366336,0.856665,0.515837,0.528587,-0.569543,-0.357449
0.072138,0.159436,-0.574308,-0.802771,-0.344873,-0.126933,0.366173,0.856635,0.515782,0.528585,-0.569535,-0.357548
0.072141,0.159385,-0.574242,-0.802828,-0.345092,-0.126961,0.365992,0.85662,0.51578,0.528558,-0.569534,-0.357593
0.072176,0.159422,-0.574148,-0.802885,-0.345265,-0.126913,0.36585,0.856616,0.515763,0.52863,-0.56951,-0.357551
0.072166,0.159445,-0.574048,-0.802954,-0.345445,-0.126854,0.365679,0.856624,0.515774,0.528694,-0.56948,-0.357482
0.07204,0.159518,-0.573963,-0.803015,-0.345606,-0.126885,0.365547,0.856611,0.515739,0.528837,-0.569445,-0.357374
0.071945,0.159577,-0.573889,-0.803066,-0.345662,-0.127054,0.365388,0.856635,0.515725,0.528934,-0.569449,-0.357239
0.071881,0.159611,-0.573887,-0.803067,-0.345656,-0.12729,0.365369,0.856613,0.515756,0.528998,-0.569441,-0.357106
0.071851,0.159682,-0.573932,-0.803025,-0.345596,-0.127516,0.365366,0.856609,0.51579,0.529007,-0.569435,-0.35705
0.071723,0.15979,-0.574014,-0.802959,-0.345576,-0.127706,0.365341,0.856602,0.51584,0.528957,-0.569423,-0.357068
0.071644,0.1598,-0.574118,-0.802889,-0.345557,-0.127872,0.365448,0.856542,0.515855,0.52888,-0.569453,-0.357117
0.071679,0.159799,-0.574215,-0.802817,-0.345464,-0.127999,0.365753,0.856432,0.515899,0.528778,-0.569473,-0.357175
0.071798,0.159871,-0.574449,-0.802625,-0.345279,-0.127898,0.366154,0.856349,0.515932,0.528646,-0.569507,-0.357271
0.071888,0.159933,-0.574745,-0.802392,-0.345112,-0.127587,0.366587,0.856273,0.515897,0.528652,-0.569493,-0.357339
0.07198,0.159907,-0.574942,-0.802247,-0.344975,-0.127188,0.366831,0.856276,0.5159,0.528633,-0.569497,-0.357355
0.072047,0.159767,-0.574897,-0.802298,-0.344814,-0.126788,0.366884,0.856372,0.515908,0.528703,-0.569441,-0.357326
0.072121,0.159458,-0.5747,-0.802488,-0.344709,-0.126491,0.366837,0.856474,0.515902,0.528788,-0.569375,-0.357318
0.07223,0.1592,-0.574415,-0.802728,-0.344572,-0.126387,0.36681,0.856555,0.515912,0.528867,-0.569306,-0.357294
0.072218,0.158978,-0.574273,-0.80287,-0.344478,-0.126388,0.366852,0.856575,0.515939,0.528874,-0.569282,-0.357282
0.072162,0.158955,-0.57417,-0.802953,-0.344419,-0.126532,0.366923,0.85655,0.515953,0.5289,-0.569272,-0.357236
0.07207,0.159049,-0.574248,-0.802889,-0.344394,-0.126689,0.366813,0.856586,0.515984,0.52889,-0.569263,-0.35722
0.07194,0.159202,-0.574243,-0.802879,-0.34438,-0.126822,0.36668,0.856632,0.515975,0.528898,-0.569252,-0.357236
0.071885,0.159222,-0.574093,-0.802988,-0.344441,-0.127001,0.366592,0.856621,0.515997,0.528837,-0.569285,-0.357242
0.071845,0.159207,-0.573918,-0.80312,-0.344569,-0.127215,0.36652,0.856571,0.515968,0.528819,-0.569315,-0.357266
0.071863,0.159266,-0.573873,-0.80314,-0.344772,-0.12732,0.366452,0.856505,0.51597,0.528766,-0.569306,-0.357358
0.071805,0.159373,-0.573921,-0.803092,-0.344996,-0.127426,0.366393,0.856424,0.51589,0.528766,-0.569349,-0.357409
0.071773,0.159473,-0.573952,-0.803055,-0.345148,-0.127424,0.366253,0.856423,0.515875,0.528727,-0.569399,-0.357411
0.071758,0.159533,-0.574011,-0.803003,-0.345314,-0.127395,0.36608,0.856434,0.515892,0.528697,-0.569404,-0.357424
0.071754,0.159537,-0.573972,-0.803031,-0.345408,-0.127207,0.365733,0.856569,0.5159,0.528739,-0.569389,-0.35737
0.071699,0.159529,-0.573824,-0.803143,-0.345441,-0.126984,0.365254,0.856791,0.515854,0.528795,-0.569397,-0.357343
0.071674,0.159368,-0.57362,-0.803322,-0.345512,-0.126729,0.364814,0.856983,0.515867,0.528781,-0.569425,-0.357299
0.071659,0.159221,-0.57346,-0.803463,-0.345577,-0.126582,0.364513,0.857105,0.515916,0.528758,-0.569402,-0.357297
0.071669,0.159049,-0.573331,-0.803584,-0.345563,-0.126498,0.364399,0.857171,0.515952,0.528683,-0.569402,-0.357357
0.071714,0.159006,-0.573236,-0.803656,-0.34544,-0.12642,0.364525,0.857177,0.515954,0.528631,-0.569388,-0.357459
0.071802,0.158957,-0.573349,-0.803577,-0.34529,-0.126307,0.364863,0.857108,0.516001,0.528517,-0.569408,-0.357528
0.071923,0.158981,-0.573519,-0.803438,-0.345087,-0.126266,0.365306,0.857008,0.516026,0.52849,-0.569411,-0.357527
0.07198,0.159035,-0.573726,-0.803275,-0.344905,-0.12618,0.365608,0.856964,0.51605,0.528493,-0.56942,-0.357469
0.071975,0.159129,-0.573833,-0.803182,-0.344743,-0.126153,0.365869,0.856921,0.515973,0.528638,-0.56944,-0.357331
0.071922,0.159157,-0.573866,-0.803158,-0.344616,-0.126186,0.36591,0.856951,0.51597,0.528754,-0.569442,-0.357153
0.071936,0.159148,-0.573806,-0.803202,-0.344454,-0.126281,0.365953,0.856985,0.515941,0.528879,-0.569458,-0.356977
0.071936,0.159116,-0.573754,-0.803245,-0.34432,-0.126426,0.366077,0.856967,0.515892,0.528985,-0.569476,-0.356861
0.07184,0.159185,-0.573813,-0.803199,-0.344185,-0.126589,0.366281,0.856913,0.515884,0.529002,-0.569473,-0.356853
0.071784,0.159211,-0.57389,-0.803145,-0.344124,-0.126871,0.366496,0.856808,0.515992,0.528825,-0.569474,-0.356958
0.071782,0.159298,-0.573973,-0.803069,-0.344127,-0.127179,0.366662,0.856695,0.516041,0.528689,-0.569501,-0.357046
0.071835,0.159332,-0.573982,-0.803053,-0.344247,-0.127465,0.366611,0.85663,0.516093,0.528548,-0.569498,-0.357191
0.071848,0.159346,-0.57389,-0.803114,-0.344531,-0.127664,0.366529,0.856523,0.516119,0.528457,-0.569506,-0.357278
0.071867,0.159255,-0.573752,-0.803228,-0.344792,-0.127676,0.366408,0.856468,0.516067,0.528386,-0.569573,-0.357356
0.07195,0.159174,-0.573629,-0.803323,-0.345052,-0.127519,0.366314,0.856423,0.516015,0.528411,-0.569633,-0.357298
0.071939,0.159148,-0.573587,-0.803359,-0.345304,-0.127283,0.366242,0.856383,0.515934,0.528494,-0.569654,-0.357259
0.071866,0.159184,-0.573551,-0.803385,-0.34556,-0.127078,0.366305,0.856279,0.515797,0.52864,-0.569688,-0.357185
0.071836,0.159143,-0.573548,-0.803398,-0.34574,-0.126876,0.366304,0.856233,0.515788,0.528733,-0.569662,-0.357099
0.071835,0.159105,-0.573577,-0.803383,-0.345878,-0.126724,0.366336,0.856183,0.515773,0.528814,-0.569602,-0.357097
0.07176,0.159137,-0.573623,-0.803351,-0.346024,-0.126559,0.366256,0.85618,0.515759,0.528831,-0.569645,-0.357021
0.071712,0.159241,-0.573646,-0.803321,-0.34607,-0.126462,0.366079,0.85625,0.515754,0.528829,-0.569674,-0.356985
0.071728,0.1592,-0.573613,-0.803351,-0.346072,-0.126438,0.365952,0.856307,0.515808,0.528731,-0.569689,-0.357028
0.071704,0.159141,-0.573556,-0.803404,-0.345924,-0.126339,0.365994,0.856362,0.515921,0.528624,-0.569663,-0.357065
0.071757,0.159105,-0.573564,-0.8034,-0.345698,-0.126255,0.366074,0.856431,0.515974,0.5285,-0.569683,-0.35714
0.071792,0.159134,-0.573695,-0.803297,-0.345468,-0.126038,0.366191,0.856503,0.515998,0.528432,-0.569665,-0.357239
0.071813,0.159113,-0.573792,-0.80323,-0.345325,-0.125757,0.366282,0.856558,0.516027,0.528377,-0.569675,-0.357261
0.071849,0.159015,-0.573786,-0.803248,-0.345114,-0.125591,0.366323,0.856649,0.516002,0.528457,-0.569616,-0.357273
0.071894,0.158843,-0.5737,-0.803335,-0.344953,-0.125547,0.366352,0.856708,0.516013,0.528497,-0.569564,-0.357282
0.071941,0.158724,-0.573587,-0.803433,-0.344796,-0.125615,0.366492,0.856703,0.515989,0.528619,-0.569483,-0.357265
0.071937,0.158614,-0.573591,-0.80345,-0.34465,-0.125777,0.366617,0.856688,0.516034,0.528616,-0.569446,-0.357262
0.071927,0.158659,-0.57372,-0.803351,-0.344584,-0.126015,0.366813,0.856598,0.516067,0.528601,-0.569441,-0.357245
0.071852,0.158762,-0.57391,-0.803203,-0.344509,-0.126287,0.366911,0.856551,0.516067,0.528583,-0.569475,-0.357213
0.071826,0.158829,-0.573981,-0.803142,-0.344445,-0.126643,0.367007,0.856488,0.51605,0.528565,-0.569473,-0.357269
0.071822,0.15882,-0.573929,-0.803182,-0.344478,-0.127007,0.367026,0.856419,0.516073,0.528511,-0.569483,-0.357304
0.071805,0.158823,-0.573878,-0.803219,-0.344649,-0.127272,0.366927,0.856356,0.516086,0.528505,-0.569443,-0.357358
0.071811,0.158819,-0.57385,-0.80324,-0.34496,-0.127384,0.366726,0.856301,0.516095,0.528432,-0.569473,-0.357407
0.071802,0.158817,-0.573783,-0.803289,-0.345235,-0.127438,0.36658,0.856245,0.516047,0.528449,-0.569471,-0.357455
0.071799,0.15873,-0.573644,-0.803405,-0.345478,-0.127396,0.366414,0.856224,0.516096,0.528406,-0.569482,-0.357431
0.0718,0.158651,-0.573538,-0.803494,-0.345659,-0.127293,0.366149,0.856277,0.516114,0.528423,-0.569482,-0.357377
0.07175,0.158576,-0.573462,-0.803567,-0.345838,-0.127144,0.365783,0.856381,0.516159,0.528481,-0.56945,-0.357275
0.071681,0.158519,-0.573339,-0.803672,-0.345961,-0.126896,0.365356,0.856548,0.516157,0.528581,-0.569387,-0.357226
0.071609,0.158353,-0.573161,-0.803834,-0.346054,-0.126589,0.364792,0.85679,0.516178,0.528576,-0.569364,-0.357238
0.071557,0.158147,-0.572901,-0.804062,-0.346147,-0.126311,0.364246,0.857022,0.516187,0.528603,-0.56933,-0.35724
0.071564,0.15788,-0.572675,-0.80427,-0.346075,-0.126077,0.363911,0.857226,0.516209,0.528592,-0.569313,-0.357252
0.071666,0.157761,-0.572564,-0.804361,-0.345891,-0.125867,0.36385,0.857354,0.516189,0.528567,-0.569292,-0.357357
0.071764,0.157666,-0.572657,-0.804301,-0.345682,-0.125678,0.364141,0.857339,0.516235,0.528494,-0.569306,-0.357376
0.071798,0.15762,-0.572972,-0.804081,-0.345457,-0.125527,0.364664,0.857229,0.516274,0.528457,-0.56929,-0.357398
0.071836,0.157647,-0.57324,-0.803881,-0.34526,-0.12542,0.365084,0.857143,0.51627,0.528501,-0.569303,-0.357315
0.071843,0.157622,-0.573375,-0.803787,-0.345038,-0.125384,0.365283,0.857153,0.516285,0.528544,-0.569242,-0.357328
0.071864,0.157485,-0.573381,-0.803805,-0.344879,-0.125396,0.365293,0.857212,0.516265,0.528579,-0.569238,-0.357307
0.071833,0.157303,-0.573283,-0.803911,-0.344715,-0.12541,0.365199,0.857316,0.516296,0.528541,-0.56922,-0.357352
0.071725,0.157101,-0.573147,-0.804053,-0.344629,-0.12547,0.365098,0.857387,0.516303,0.528514,-0.569202,-0.357411
0.071623,0.157022,-0.57303,-0.80416,-0.34459,-0.125544,0.364966,0.85745,0.516256,0.528473,-0.569225,-0.357507
0.071513,0.15694,-0.572939,-0.80425,-0.344591,-0.125748,0.364865,0.857465,0.516278,0.528345,-0.569259,-0.357614
0.071453,0.15694,-0.572924,-0.804265,-0.344628,-0.126026,0.364833,0.857427,0.516305,0.528262,-0.56925,-0.357716
0.07142,0.157022,-0.572926,-0.804254,-0.344793,-0.126306,0.364837,0.857322,0.516291,0.528176,-0.569299,-0.357788
0.071321,0.157158,-0.572848,-0.804294,-0.345013,-0.126538,0.364764,0.857234,0.516227,0.528189,-0.569313,-0.357842
0.071342,0.157185,-0.572765,-0.804347,-0.34516,-0.126784,0.364646,0.857191,0.516129,0.528208,-0.569367,-0.357874
0.071343,0.157195,-0.572633,-0.80444,-0.345298,-0.126904,0.364517,0.857174,0.516048,0.528261,-0.56941,-0.357845
0.071288,0.157275,-0.572545,-0.804494,-0.345428,-0.126965,0.364389,0.857168,0.516011,0.528334,-0.569422,-0.35777
0.071253,0.157403,-0.572587,-0.804444,-0.345589,-0.126893,0.364265,0.857164,0.515935,0.528447,-0.569431,-0.357698
0.071289,0.157416,-0.572648,-0.804395,-0.345697,-0.126823,0.364062,0.857217,0.515931,0.528493,-0.569425,-0.357644
0.071312,0.157401,-0.572599,-0.804431,-0.34575,-0.126647,0.363795,0.857332,0.515979,0.528535,-0.56938,-0.357579
0.071341,0.157379,-0.572556,-0.804463,-0.345834,-0.12639,0.363364,0.857516,0.515995,0.528585,-0.569353,-0.357525
0.071335,0.157275,-0.572416,-0.804581,-0.34587,-0.126168,0.36305,0.857664,0.51593,0.528644,-0.569379,-0.357488
0.071322,0.157107,-0.572302,-0.804693,-0.34584,-0.12597,0.362914,0.857759,0.515934,0.528672,-0.569369,-0.357457
0.071382,0.156939,-0.572346,-0.804686,-0.345743,-0.125806,0.363026,0.857773,0.515986,0.528664,-0.569371,-0.357383
0.071486,0.156814,-0.572576,-0.804533,-0.345559,-0.125587,0.363421,0.857708,0.515997,0.528622,-0.569391,-0.357401
0.071488,0.156754,-0.572919,-0.804299,-0.345311,-0.125276,0.363944,0.857627,0.515972,0.528624,-0.569355,-0.357496
0.071517,0.156625,-0.573186,-0.804127,-0.345029,-0.125052,0.364345,0.8576,0.516003,0.528531,-0.569352,-0.357595
0.071524,0.15648,-0.573369,-0.80402,-0.344763,-0.12489,0.364654,0.857597,0.516056,0.528487,-0.569303,-0.357665
0.071498,0.156249,-0.573438,-0.804013,-0.344596,-0.124781,0.364904,0.857572,0.516072,0.528349,-0.569329,-0.357806
0.071466,0.15609,-0.573447,-0.804036,-0.344489,-0.124835,0.365094,0.857527,0.516073,0.528229,-0.569369,-0.357925
0.071433,0.155956,-0.573467,-0.804049,-0.344442,-0.125076,0.365229,0.857458,0.516129,0.528018,-0.569409,-0.358098
0.071468,0.155913,-0.573457,-0.80406,-0.344447,-0.125337,0.365272,0.857403,0.516165,0.527851,-0.569479,-0.358182
0.071453,0.155904,-0.573447,-0.804071,-0.344494,-0.125529,0.365232,0.857376,0.516191,0.527685,-0.56954,-0.358298
0.071398,0.155995,-0.573424,-0.804076,-0.344591,-0.125709,0.365208,0.857324,0.516213,0.52762,-0.56957,-0.358315
0.071323,0.156014,-0.573348,-0.804135,-0.344749,-0.12589,0.365084,0.857288,0.516213,0.527652,-0.569586,-0.35824
0.071252,0.156052,-0.573192,-0.804246,-0.344899,-0.126101,0.364876,0.857289,0.516193,0.527786,-0.569597,-0.358045
0.071161,0.156066,-0.572976,-0.804407,-0.345037,-0.126242,0.364644,0.857314,0.516148,0.527988,-0.569594,-0.357809
0.071031,0.156123,-0.572814,-0.804524,-0.345191,-0.126302,0.364381,0.857355,0.516093,0.528204,-0.569591,-0.357567
0.07088,0.156184,-0.572721,-0.804595,-0.345365,-0.126281,0.364182,0.857372,0.516009,0.528358,-0.569596,-0.357449
0.07081,0.156225,-0.572687,-0.804617,-0.345481,-0.126202,0.364019,0.857404,0.515982,0.528442,-0.569575,-0.357398
0.070818,0.156255,-0.572657,-0.804633,-0.345587,-0.126118,0.363811,0.857462,0.516014,0.528423,-0.569559,-0.357404
0.070733,0.156255,-0.572661,-0.804639,-0.345742,-0.126003,0.363595,0.857505,0.516026,0.528326,-0.569543,-0.357562
0.070759,0.156222,-0.572682,-0.804627,-0.345868,-0.125862,0.363402,0.857555,0.516023,0.528146,-0.569601,-0.357748
0.070808,0.156117,-0.572731,-0.804605,-0.345987,-0.125696,0.363309,0.857567,0.516092,0.527912,-0.569602,-0.358
0.07093,0.156002,-0.572733,-0.804613,-0.346051,-0.125506,0.363397,0.857529,0.516198,0.527713,-0.569613,-0.358124
0.07108,0.155893,-0.572854,-0.804531,-0.345937,-0.125161,0.363572,0.857546,0.516213,0.527688,-0.569581,-0.358191
0.071245,0.155779,-0.57306,-0.804387,-0.345758,-0.124601,0.363787,0.857601,0.516251,0.527682,-0.569557,-0.358183
0.071338,0.15566,-0.573304,-0.804226,-0.345541,-0.124012,0.364021,0.857665,0.516292,0.527798,-0.569482,-0.358067
0.071347,0.155456,-0.573382,-0.804204,-0.345357,-0.123606,0.364198,0.857717,0.516303,0.528007,-0.56937,-0.357915
0.07137,0.155299,-0.573317,-0.804276,-0.345101,-0.123384,0.36438,0.857771,0.516273,0.528245,-0.56927,-0.357761
0.071384,0.155119,-0.573251,-0.804352,-0.344843,-0.123449,0.364587,0.85778,0.516297,0.528353,-0.569223,-0.357635
0.071346,0.155023,-0.573346,-0.804303,-0.344617,-0.123755,0.364927,0.857687,0.516273,0.528422,-0.569235,-0.357543
0.071195,0.155099,-0.573507,-0.80419,-0.344481,-0.124147,0.365186,0.857581,0.516251,0.528393,-0.569296,-0.357521
0.071043,0.155295,-0.573691,-0.804039,-0.344364,-0.124514,0.365309,0.857529,0.516238,0.528326,-0.569315,-0.357614
0.070961,0.15544,-0.57381,-0.803936,-0.344415,-0.124776,0.365245,0.857502,0.516229,0.52814,-0.569379,-0.357808
0.070905,0.155561,-0.573771,-0.803948,-0.344549,-0.12501,0.365204,0.857434,0.516259,0.527868,-0.569454,-0.358055
0.070868,0.15563,-0.573668,-0.804013,-0.344759,-0.125171,0.365015,0.857409,0.516284,0.527614,-0.569495,-0.358341
0.070864,0.155636,-0.573479,-0.804148,-0.345079,-0.125203,0.364747,0.857389,0.516256,0.527528,-0.569498,-0.358508
0.070882,0.155625,-0.573304,-0.804273,-0.34539,-0.125153,0.364427,0.857405,0.516231,0.527484,-0.569508,-0.358599
0.07089,0.155585,-0.573114,-0.804416,-0.345629,-0.125076,0.364164,0.85743,0.516271,0.527545,-0.569447,-0.358544
0.070951,0.15558,-0.573014,-0.804483,-0.345872,-0.124989,0.363951,0.857433,0.516256,0.527692,-0.569412,-0.3584
0.070999,0.155621,-0.572884,-0.804563,-0.346004,-0.124982,0.363842,0.857427,0.516206,0.527908,-0.569381,-0.358193
0.070969,0.155654,-0.572825,-0.804603,-0.346124,-0.12478,0.363769,0.857436,0.516241,0.528095,-0.569333,-0.357932
0.070974,0.15565,-0.572834,-0.804597,-0.346168,-0.124699,0.363717,0.857451,0.516268,0.528251,-0.569275,-0.35775
0.070895,0.155621,-0.572859,-0.804591,-0.346207,-0.124648,0.363558,0.85751,0.516251,0.52838,-0.569249,-0.357621
0.070891,0.155618,-0.572838,-0.804608,-0.3462,-0.124618,0.363501,0.85754,0.516253,0.528421,-0.569231,-0.357582
0.070958,0.155567,-0.572815,-0.804627,-0.346157,-0.124622,0.363603,0.857514,0.516264,0.528356,-0.569251,-0.357634
0.070993,0.155567,-0.572915,-0.804552,-0.346022,-0.124527,0.363859,0.857472,0.516317,0.528219,-0.569243,-0.357774
0.071072,0.155596,-0.573081,-0.804421,-0.345856,-0.124266,0.364116,0.857464,0.516343,0.528088,-0.569242,-0.357939
0.071114,0.155637,-0.573213,-0.804315,-0.345716,-0.123978,0.36437,0.85745,0.516313,0.528008,-0.569246,-0.3581
0.071174,0.155585,-0.573295,-0.80426,-0.345553,-0.123769,0.364489,0.857492,0.51628,0.527921,-0.569286,-0.358221
0.071234,0.155527,-0.573198,-0.804334,-0.345411,-0.123724,0.364565,0.857523,0.516275,0.527976,-0.569247,-0.358207
0.071251,0.155448,-0.573126,-0.804398,-0.34529,-0.123944,0.364605,0.857527,0.516248,0.528064,-0.569197,-0.358195
0.071223,0.155446,-0.573087,-0.804429,-0.345231,-0.124322,0.364743,0.857443,0.516217,0.528134,-0.569216,-0.358104
0.071147,0.155597,-0.57314,-0.804371,-0.345166,-0.124793,0.364902,0.857341,0.516181,0.528189,-0.569262,-0.357999
0.071043,0.155801,-0.573262,-0.804258,-0.345107,-0.125283,0.365058,0.857233,0.516156,0.528254,-0.569264,-0.357935
0.070943,0.156002,-0.573332,-0.804184,-0.345072,-0.125664,0.365126,0.857169,0.516171,0.528266,-0.569267,-0.357889
0.070819,0.156189,-0.573291,-0.804192,-0.345119,-0.12599,0.365087,0.857124,0.516148,0.528334,-0.569269,-0.357814
0.070756,0.156281,-0.573183,-0.804259,-0.345285,-0.126241,0.364971,0.857073,0.516154,0.528325,-0.569292,-0.357781
0.070745,0.156325,-0.573082,-0.804325,-0.345502,-0.126446,0.3648,0.85703,0.516122,0.52837,-0.569286,-0.357773
0.070732,0.156338,-0.573024,-0.804365,-0.345721,-0.126493,0.364686,0.856985,0.516045,0.528367,-0.569305,-0.357861
0.070605,0.156446,-0.573027,-0.804355,-0.345935,-0.126409,0.364511,0.856983,0.516009,0.528352,-0.569275,-0.357987
0.070603,0.156498,-0.573046,-0.804333,-0.346146,-0.126091,0.364224,0.857061,0.516023,0.528288,-0.569289,-0.358042
0.070655,0.156551,-0.573015,-0.804342,-0.346363,-0.125771,0.363976,0.857121,0.516006,0.528304,-0.569301,-0.358026
0.070703,0.156496,-0.572902,-0.804427,-0.346495,-0.125535,0.363701,0.857215,0.516034,0.528357,-0.569264,-0.35796
0.070751,0.156458,-0.572761,-0.804531,-0.346566,-0.125337,0.363567,0.857269,0.515999,0.528449,-0.569247,-0.357902
0.070801,0.156378,-0.57276,-0.804541,-0.346567,-0.125203,0.363559,0.85729,0.516018,0.528517,-0.569209,-0.357829
0.070796,0.156365,-0.572796,-0.804517,-0.346525,-0.125191,0.363727,0.857237,0.51605,0.52854,-0.56922,-0.357729
0.070818,0.156431,-0.572879,-0.804445,-0.34639,-0.125244,0.364005,0.857166,0.516108,0.528497,-0.569254,-0.357649
0.070804,0.15649,-0.572963,-0.804376,-0.346214,-0.125396,0.364417,0.857042,0.516182,0.528482,-0.569212,-0.357628
0.070811,0.156547,-0.573101,-0.804267,-0.346038,-0.125397,0.364722,0.856984,0.516217,0.528386,-0.569216,-0.357717
0.070836,0.156633,-0.573202,-0.804177,-0.345848,-0.125292,0.364885,0.857006,0.516229,0.528296,-0.569229,-0.357815
0.070806,0.156643,-0.57321,-0.804173,-0.345713,-0.125188,0.364863,0.857083,0.516248,0.528199,-0.569224,-0.357944
0.070769,0.156663,-0.573097,-0.804253,-0.34568,-0.12519,0.364768,0.857137,0.516213,0.52821,-0.569216,-0.357992
0.070838,0.156636,-0.572961,-0.804349,-0.345662,-0.125349,0.364759,0.857128,0.5162,0.528169,-0.569232,-0.358049
0.070871,0.156644,-0.572941,-0.804359,-0.345628,-0.12564,0.364913,0.857038,0.516173,0.528179,-0.569252,-0.358043
0.070912,0.156811,-0.573102,-0.80421,-0.345618,-0.126033,0.365167,0.856881,0.516189,0.52815,-0.569256,-0.358055
0.070953,0.157106,-0.573289,-0.804022,-0.345667,-0.1265,0.365388,0.856706,0.516207,0.528125,-0.569294,-0.358003
0.07101,0.157336,-0.573417,-0.803884,-0.34573,-0.126873,0.365401,0.856626,0.516224,0.528153,-0.56932,-0.357892
0.071027,0.157518,-0.573384,-0.803874,-0.345891,-0.127134,0.365353,0.856545,0.51622,0.528253,-0.569316,-0.357751
0.071083,0.15759,-0.573231,-0.803967,-0.346163,-0.127269,0.36509,0.856528,0.516253,0.528379,-0.569285,-0.357557
0.071159,0.157641,-0.573034,-0.804092,-0.346393,-0.127364,0.364826,0.856535,0.516225,0.528528,-0.569261,-0.357411
0.071201,0.157643,-0.57285,-0.804219,-0.346629,-0.127352,0.364592,0.856541,0.516162,0.528654,-0.569285,-0.357275
0.071176,0.157696,-0.572795,-0.804252,-0.34678,-0.127273,0.364486,0.856534,0.516123,0.528786,-0.569287,-0.357129
0.071152,0.157712,-0.572794,-0.804252,-0.346818,-0.127187,0.364326,0.856599,0.516097,0.5289,-0.569257,-0.357042
0.071065,0.157812,-0.572757,-0.804269,-0.346807,-0.127115,0.364164,0.856682,0.51607,0.528983,-0.56921,-0.357032
0.071027,0.157827,-0.572714,-0.8043,-0.346742,-0.127072,0.364054,0.856761,0.516111,0.528959,-0.569173,-0.357066
0.071004,0.157822,-0.572623,-0.804369,-0.346668,-0.127094,0.36401,0.856807,0.516149,0.528919,-0.56915,-0.357107
0.070972,0.15781,-0.572554,-0.804423,-0.346606,-0.127153,0.364111,0.856781,0.516194,0.52879,-0.569178,-0.357193
0.070925,0.157952,-0.57256,-0.804398,-0.346495,-0.127215,0.364298,0.85674,0.516224,0.528687,-0.569198,-0.357271
0.070963,0.157979,-0.572693,-0.804295,-0.34635,-0.12724,0.364699,0.856624,0.516273,0.528528,-0.569215,-0.357414
0.070988,0.157991,-0.572955,-0.804104,-0.346112,-0.127165,0.364989,0.856607,0.516341,0.528441,-0.569199,-0.357471
0.070987,0.157985,-0.573109,-0.803994,-0.34598,-0.126945,0.365062,0.856658,0.516304,0.528403,-0.569207,-0.357574
0.070984,0.157864,-0.57305,-0.804057,-0.345864,-0.126661,0.364912,0.856807,0.516259,0.528451,-0.569157,-0.357649
0.071001,0.157666,-0.572845,-0.804238,-0.345767,-0.126359,0.364718,0.85697,0.516236,0.528508,-0.569129,-0.357645
0.071004,0.157435,-0.572617,-0.804441,-0.345624,-0.126166,0.364617,0.857096,0.516235,0.52856,-0.569119,-0.357581
0.071026,0.15732,-0.572497,-0.804544,-0.345562,-0.126144,0.364621,0.857123,0.51625,0.528596,-0.569085,-0.35756
0.070962,0.157405,-0.572564,-0.804487,-0.345496,-0.12618,0.364742,0.857093,0.51624,0.528647,-0.569058,-0.35754
0.070833,0.157541,-0.572753,-0.804341,-0.345458,-0.126242,0.364838,0.857059,0.516216,0.528629,-0.569076,-0.357575
0.070764,0.157686,-0.572852,-0.804251,-0.345464,-0.126393,0.364889,0.857015,0.516221,0.528606,-0.569061,-0.357629
0.070846,0.157765,-0.572855,-0.804228,-0.345613,-0.12656,0.364925,0.856918,0.51627,0.52856,-0.569017,-0.357698
0.070825,0.157786,-0.572748,-0.804303,-0.345816,-0.126705,0.364836,0.856853,0.51617,0.528568,-0.569027,-0.35782
0.070862,0.15774,-0.572638,-0.804385,-0.346003,-0.126773,0.364671,0.856839,0.516147,0.528503,-0.569055,-0.35791
0.070868,0.157697,-0.57256,-0.804449,-0.346143,-0.126751,0.36447,0.856871,0.516159,0.528488,-0.569041,-0.357937
0.070891,0.157664,-0.57246,-0.804524,-0.346332,-0.126713,0.364323,0.856862,0.516178,0.528479,-0.569053,-0.357903
0.070913,0.157686,-0.572434,-0.804537,-0.346518,-0.126635,0.364103,0.85689,0.516217,0.528526,-0.56901,-0.357839
0.070984,0.157655,-0.572332,-0.804608,-0.346666,-0.126578,0.363857,0.856942,0.516264,0.528549,-0.568995,-0.357759
0.070997,0.157586,-0.572234,-0.804688,-0.346628,-0.126625,0.36372,0.85701,0.516315,0.528604,-0.568944,-0.357679
0.071002,0.157568,-0.572216,-0.804705,-0.346651,-0.126694,0.363621,0.857032,0.516334,0.528674,-0.568918,-0.357584
0.070973,0.157658,-0.572187,-0.804712,-0.34668,-0.126756,0.36365,0.857,0.516345,0.528772,-0.568886,-0.357473
0.071,0.157678,-0.57227,-0.804647,-0.346615,-0.126934,0.363828,0.856928,0.516321,0.528828,-0.568899,-0.357401
0.071038,0.157709,-0.572386,-0.804554,-0.346497,-0.127038,0.364111,0.856841,0.516316,0.528847,-0.568903,-0.357374
0.071081,0.157789,-0.572633,-0.804361,-0.346343,-0.126991,0.36446,0.856761,0.516306,0.528814,-0.568934,-0.357389
0.071062,0.157909,-0.572881,-0.804164,-0.346157,-0.126821,0.364726,0.856746,0.516299,0.528778,-0.568932,-0.357457
0.07103,0.157937,-0.57308,-0.80402,-0.34601,-0.12659,0.364852,0.856783,0.516295,0.528721,-0.568961,-0.357503
0.070967,0.15785,-0.573048,-0.804063,-0.345928,-0.126382,0.36475,0.856887,0.516324,0.528682,-0.568934,-0.357561
0.070957,0.157647,-0.572801,-0.804276,-0.345864,-0.126177,0.364454,0.857067,0.516374,0.528625,-0.568907,-0.357619
0.070969,0.157441,-0.572542,-0.804497,-0.345864,-0.126085,0.36424,0.85717,0.516414,0.528567,-0.568843,-0.357752
0.070986,0.15728,-0.572386,-0.804634,-0.34585,-0.126003,0.364077,0.857256,0.516403,0.528421,-0.568896,-0.357906
0.07089,0.157254,-0.57237,-0.804658,-0.345838,-0.126064,0.364055,0.857263,0.516396,0.528386,-0.568878,-0.358002
0.070797,0.157329,-0.572379,-0.804649,-0.345827,-0.126284,0.364068,0.857232,0.516439,0.528304,-0.568899,-0.358027
0.070747,0.157504,-0.572453,-0.804569,-0.345908,-0.126558,0.364154,0.857127,0.516389,0.528337,-0.568896,-0.358059
0.070756,0.15763,-0.572556,-0.804473,-0.346031,-0.126901,0.364343,0.856951,0.516367,0.528368,-0.56891,-0.358019
0.070776,0.157809,-0.572622,-0.804392,-0.346153,-0.127242,0.364529,0.856776,0.516374,0.528454,-0.568901,-0.357891
0.070821,0.157848,-0.572658,-0.804356,-0.346294,-0.127464,0.364605,0.856657,0.516364,0.528569,-0.56889,-0.357748
0.070831,0.157922,-0.572738,-0.804286,-0.346399,-0.127525,0.364645,0.856588,0.516289,0.528726,-0.568902,-0.357599
0.07086,0.157994,-0.572789,-0.804233,-0.346541,-0.127492,0.36469,0.856516,0.516289,0.528774,-0.568926,-0.357488
0.070867,0.158013,-0.572837,-0.804194,-0.346641,-0.127515,0.364779,0.856434,0.516282,0.52884,-0.568924,-0.357398
0.070872,0.158006,-0.57287,-0.804171,-0.346718,-0.127532,0.36482,0.856382,0.516304,0.528855,-0.568879,-0.35742
0.07088,0.158078,-0.572919,-0.804123,-0.346792,-0.127534,0.364808,0.856357,0.51631,0.528844,-0.568867,-0.357445
0.070893,0.158082,-0.572994,-0.804068,-0.346833,-0.127506,0.364803,0.856347,0.516312,0.528767,-0.568886,-0.357529
0.070954,0.15808,-0.57301,-0.804051,-0.346806,-0.127434,0.364828,0.856356,0.516291,0.528736,-0.568906,-0.357576
0.07107,0.158039,-0.572989,-0.804063,-0.346712,-0.127393,0.364835,0.856397,0.516294,0.528649,-0.568956,-0.357624
0.071081,0.158034,-0.573015,-0.804044,-0.346584,-0.127298,0.365,0.856391,0.516283,0.528609,-0.568978,-0.357665
0.071163,0.157995,-0.573172,-0.803932,-0.346337,-0.127126,0.365331,0.856373,0.51627,0.528583,-0.56897,-0.35774
0.071241,0.158059,-0.573415,-0.803738,-0.346087,-0.126927,0.365649,0.856365,0.516267,0.528571,-0.56899,-0.357729
0.071201,0.158178,-0.573648,-0.803555,-0.345906,-0.126798,0.365956,0.856324,0.516288,0.528589,-0.56897,-0.357701
0.071182,0.15835,-0.573884,-0.803358,-0.345741,-0.126822,0.366264,0.856257,0.516267,0.528689,-0.568965,-0.357587
0.071147,0.158388,-0.574001,-0.80327,-0.345579,-0.127045,0.366443,0.856216,0.516201,0.528795,-0.568991,-0.357482
0.071129,0.158476,-0.574066,-0.803209,-0.345441,-0.127288,0.36656,0.856189,0.516146,0.528898,-0.568993,-0.357407
0.071116,0.158506,-0.574048,-0.803218,-0.345338,-0.127475,0.36653,0.85622,0.516124,0.528898,-0.569011,-0.35741
0.071016,0.158584,-0.573998,-0.803249,-0.345299,-0.12757,0.366385,0.856286,0.516117,0.528952,-0.568967,-0.357408
0.070939,0.158616,-0.573937,-0.803294,-0.34531,-0.127654,0.366144,0.856373,0.5161,0.528867,-0.569014,-0.357487
0.070926,0.158563,-0.57373,-0.803452,-0.345374,-0.127858,0.365961,0.856398,0.516124,0.528849,-0.56898,-0.357536
0.070915,0.158531,-0.573523,-0.803608,-0.345548,-0.127997,0.365825,0.856368,0.51616,0.528824,-0.568962,-0.357548
0.070878,0.158565,-0.57334,-0.803737,-0.345747,-0.128219,0.365783,0.856274,0.516148,0.528824,-0.568979,-0.357538
0.070871,0.158693,-0.573309,-0.803736,-0.345936,-0.128461,0.36583,0.856145,0.516159,0.528795,-0.569024,-0.357491
0.070838,0.158802,-0.573378,-0.803672,-0.346064,-0.128661,0.365881,0.856043,0.516195,0.528809,-0.569031,-0.357404
0.070866,0.158957,-0.573484,-0.803566,-0.346209,-0.1287,0.365887,0.855977,0.516217,0.528847,-0.56904,-0.357299
0.070867,0.159109,-0.573586,-0.803465,-0.346443,-0.128686,0.365855,0.855896,0.516176,0.528912,-0.569061,-0.357224
0.070879,0.159178,-0.573588,-0.803451,-0.346583,-0.128661,0.365728,0.855898,0.516109,0.52893,-0.569146,-0.35716
0.070915,0.159187,-0.573485,-0.80352,-0.346632,-0.128581,0.365583,0.85595,0.516075,0.52895,-0.56918,-0.357125
0.070907,0.159128,-0.573408,-0.803585,-0.346668,-0.128525,0.36536,0.856039,0.516055,0.528932,-0.56921,-0.357131
0.070863,0.15909,-0.573342,-0.803643,-0.346656,-0.128406,0.36514,0.856154,0.516055,0.528924,-0.569196,-0.357166
0.070855,0.159021,-0.573346,-0.803654,-0.346611,-0.128338,0.365095,0.856201,0.516094,0.528882,-0.569189,-0.357186
0.070869,0.158975,-0.573414,-0.803612,-0.34648,-0.128243,0.365274,0.856191,0.516163,0.528811,-0.569165,-0.35723
0.070953,0.158901,-0.573595,-0.803488,-0.346308,-0.128117,0.365514,0.856174,0.516199,0.528744,-0.569174,-0.357264
0.070996,0.158884,-0.57385,-0.803304,-0.346141,-0.127823,0.365805,0.856157,0.516221,0.52867,-0.569143,-0.357395
0.071018,0.158883,-0.574096,-0.803126,-0.345953,-0.127451,0.365914,0.856237,0.516224,0.528617,-0.569133,-0.357488
0.071002,0.158785,-0.574136,-0.803116,-0.345767,-0.127165,0.365777,0.85641,0.516209,0.528607,-0.569121,-0.357546
0.071128,0.158617,-0.573933,-0.80328,-0.345699,-0.127013,0.365568,0.856547,0.51616,0.528676,-0.569081,-0.35758
0.071178,0.158463,-0.573701,-0.803468,-0.345669,-0.127044,0.365487,0.85659,0.516038,0.528828,-0.56908,-0.357536
0.071115,0.158346,-0.573573,-0.803587,-0.345602,-0.127234,0.365632,0.856531,0.51601,0.528882,-0.569098,-0.357466
0.071035,0.158377,-0.573637,-0.803543,-0.345564,-0.12761,0.365727,0.856455,0.515998,0.528974,-0.569083,-0.357363
0.070955,0.158517,-0.573785,-0.803419,-0.345514,-0.128062,0.365799,0.856384,0.515985,0.529,-0.569112,-0.357295
0.070887,0.158687,-0.573861,-0.803341,-0.345477,-0.128574,0.365892,0.85629,0.51594,0.529029,-0.569108,-0.357328
0.070869,0.158793,-0.573878,-0.803312,-0.345566,-0.129034,0.366009,0.856142,0.515959,0.528965,-0.569116,-0.357384
0.070846,0.158835,-0.573784,-0.803374,-0.345703,-0.129349,0.366106,0.856001,0.515955,0.528888,-0.56914,-0.357468
0.070812,0.158892,-0.57371,-0.803421,-0.345849,-0.129615,0.366095,0.85591,0.515967,0.528793,-0.569168,-0.357547
0.070792,0.158999,-0.573678,-0.803425,-0.346026,-0.129694,0.366059,0.855842,0.515896,0.528736,-0.569238,-0.357633
0.070797,0.159029,-0.573735,-0.80338,-0.346236,-0.12967,0.365969,0.8558,0.51587,0.528642,-0.569309,-0.357698
0.070834,0.159071,-0.573745,-0.803361,-0.346428,-0.129564,0.365863,0.855781,0.515856,0.528639,-0.569322,-0.357704
0.070817,0.159069,-0.573698,-0.803396,-0.346612,-0.129346,0.365675,0.855815,0.515833,0.528733,-0.569311,-0.35761
0.070769,0.159026,-0.573539,-0.803523,-0.346707,-0.129087,0.365409,0.855926,0.515825,0.528901,-0.569235,-0.357492
0.070757,0.158916,-0.573347,-0.803682,-0.346754,-0.128815,0.365081,0.856083,0.51581,0.528992,-0.569201,-0.357431
0.070761,0.158764,-0.573218,-0.8038,-0.346732,-0.12858,0.364858,0.85622,0.515769,0.529111,-0.569173,-0.357355
0.070725,0.158665,-0.573117,-0.803894,-0.346697,-0.128428,0.364688,0.856327,0.515792,0.529202,-0.569102,-0.357296
0.070657,0.158637,-0.573113,-0.803907,-0.346588,-0.128376,0.364719,0.856365,0.515801,0.529257,-0.569066,-0.357257
0.07068,0.158583,-0.573236,-0.803827,-0.346451,-0.128303,0.364898,0.856355,0.515897,0.529132,-0.569024,-0.357376
0.070696,0.158641,-0.573435,-0.803672,-0.346329,-0.128281,0.365225,0.856267,0.515935,0.529013,-0.569035,-0.357477
0.070724,0.158754,-0.573672,-0.803479,-0.346183,-0.128196,0.365511,0.856217,0.516007,0.528875,-0.569039,-0.357577
0.070771,0.15883,-0.573834,-0.803346,-0.346022,-0.128079,0.365866,0.856146,0.515998,0.528785,-0.56903,-0.357743
0.070765,0.158807,-0.573868,-0.803325,-0.3459,-0.127993,0.366131,0.856092,0.516025,0.528679,-0.569054,-0.357828
0.070779,0.158806,-0.573889,-0.80331,-0.345795,-0.128035,0.366366,0.856029,0.516016,0.528667,-0.569071,-0.357828
0.070774,0.158806,-0.573893,-0.803307,-0.345735,-0.128161,0.366457,0.855998,0.515997,0.528713,-0.569052,-0.357818
0.070747,0.158814,-0.573867,-0.803327,-0.345678,-0.128231,0.366395,0.856039,0.515965,0.528798,-0.569022,-0.357785
0.070651,0.158777,-0.573808,-0.803386,-0.345619,-0.128256,0.366145,0.856166,0.515926,0.528927,-0.568974,-0.357729
0.070596,0.158708,-0.573562,-0.803578,-0.345663,-0.128175,0.365697,0.856351,0.5159,0.52901,-0.568944,-0.357689
0.070571,0.158592,-0.573277,-0.803806,-0.345738,-0.128124,0.365251,0.856519,0.515921,0.529006,-0.56894,-0.357669
0.070545,0.158452,-0.572985,-0.804041,-0.345882,-0.128225,0.365028,0.856542,0.515922,0.52903,-0.568901,-0.357693
0.070539,0.158366,-0.572836,-0.804164,-0.346028,-0.12837,0.364893,0.85652,0.515929,0.528968,-0.568925,-0.357742
0.070521,0.158397,-0.572847,-0.804152,-0.34616,-0.128573,0.364917,0.856429,0.515901,0.528917,-0.568956,-0.35781
0.070478,0.15858,-0.573016,-0.804004,-0.346319,-0.128705,0.364983,0.856319,0.515924,0.528881,-0.568949,-0.357842
0.070413,0.158752,-0.573198,-0.803849,-0.346503,-0.128784,0.365033,0.85621,0.515864,0.528889,-0.568993,-0.357849
0.070403,0.158817,-0.573317,-0.803753,-0.346616,-0.12876,0.365065,0.856155,0.515836,0.528899,-0.569031,-0.357815
0.070464,0.158792,-0.573368,-0.803715,-0.346691,-0.128719,0.365131,0.856101,0.515828,0.528945,-0.569027,-0.357759
0.070492,0.15878,-0.573424,-0.803674,-0.346731,-0.128601,0.36523,0.856058,0.515869,0.528923,-0.569007,-0.357768
0.070559,0.158794,-0.573562,-0.803567,-0.346772,-0.128574,0.365382,0.85598,0.515849,0.528934,-0.568985,-0.357815
0.070652,0.15876,-0.57374,-0.803436,-0.346746,-0.128503,0.365646,0.855887,0.515873,0.528868,-0.569009,-0.357841
0.070785,0.158774,-0.57393,-0.803285,-0.346665,-0.128445,0.365989,0.855781,0.515931,0.528771,-0.569003,-0.357913
0.07089,0.158784,-0.574092,-0.803157,-0.346532,-0.128295,0.36629,0.855726,0.516013,0.528661,-0.569011,-0.357945
0.070885,0.158825,-0.574168,-0.803097,-0.346466,-0.127923,0.366288,0.855804,0.516046,0.528612,-0.568987,-0.358009
0.070873,0.158757,-0.574141,-0.803129,-0.346331,-0.127549,0.366129,0.855977,0.516114,0.528595,-0.568931,-0.358022
0.070908,0.158574,-0.573955,-0.803291,-0.346186,-0.12722,0.365823,0.856211,0.516135,0.528671,-0.568866,-0.357979
0.070883,0.158449,-0.573774,-0.803446,-0.346057,-0.127061,0.365672,0.85635,0.516074,0.528783,-0.568851,-0.357927
0.070858,0.158432,-0.573708,-0.803498,-0.345935,-0.127092,0.365797,0.856343,0.516002,0.528875,-0.568836,-0.357918
0.070841,0.158525,-0.573881,-0.803359,-0.345781,-0.127336,0.366203,0.856198,0.515979,0.528898,-0.568848,-0.357898
0.070796,0.158716,-0.574158,-0.803132,-0.345698,-0.127677,0.366674,0.855985,0.515984,0.528884,-0.568874,-0.35787
0.07072,0.158966,-0.57445,-0.802884,-0.345623,-0.127953,0.366983,0.855845,0.516004,0.528834,-0.568904,-0.357865
0.070677,0.159179,-0.574602,-0.802741,-0.345682,-0.128169,0.367095,0.855744,0.516,0.528817,-0.568928,-0.357859
0.070694,0.159208,-0.574601,-0.802735,-0.345818,-0.128406,0.36708,0.855663,0.515988,0.528786,-0.56898,-0.357839
0.070722,0.159203,-0.57442,-0.802864,-0.346012,-0.128536,0.367004,0.855599,0.515997,0.528782,-0.56902,-0.357766
0.070705,0.159149,-0.5742,-0.803034,-0.34627,-0.12856,0.36683,0.855566,0.515995,0.528787,-0.569074,-0.357673
0.070629,0.159166,-0.574119,-0.803094,-0.346488,-0.1285,0.366553,0.855604,0.515918,0.528852,-0.569095,-0.357657
0.070561,0.159168,-0.574034,-0.803161,-0.346705,-0.128326,0.366071,0.855746,0.515878,0.528879,-0.569116,-0.357638
0.070502,0.159123,-0.573898,-0.803272,-0.346853,-0.128141,0.365604,0.85591,0.515844,0.52891,-0.569106,-0.35766
0.070456,0.159048,-0.573714,-0.803422,-0.346981,-0.12799,0.365135,0.856078,0.515871,0.528903,-0.569072,-0.357687
0.070418,0.158997,-0.573497,-0.80359,-0.347031,-0.127901,0.364828,0.856202,0.51588,0.528852,-0.569079,-0.357739
0.070389,0.158917,-0.57339,-0.803684,-0.347107,-0.127904,0.364733,0.856211,0.515927,0.528767,-0.569097,-0.357772
0.070346,0.158927,-0.573394,-0.803684,-0.347083,-0.128001,0.36485,0.856158,0.515952,0.528728,-0.5691,-0.357788
0.07033,0.159006,-0.573511,-0.803587,-0.347073,-0.128102,0.365015,0.856078,0.516008,0.528661,-0.569108,-0.357792
0.070346,0.159129,-0.573644,-0.803468,-0.347051,-0.128192,0.36526,0.85597,0.515997,0.528672,-0.569119,-0.357772
0.070385,0.159158,-0.573816,-0.803337,-0.34696,-0.128176,0.365571,0.855876,0.516019,0.528633,-0.569146,-0.357754
0.070452,0.159153,-0.573975,-0.803217,-0.346805,-0.128101,0.365915,0.855802,0.516021,0.528675,-0.569132,-0.357709
0.070519,0.159131,-0.574137,-0.803098,-0.346648,-0.127852,0.366092,0.855824,0.515986,0.528785,-0.569107,-0.357636
0.070509,0.159084,-0.574191,-0.803069,-0.346524,-0.127566,0.366053,0.855929,0.515903,0.528974,-0.569062,-0.357545
0.070522,0.1589,-0.574045,-0.803205,-0.346388,-0.127329,0.365805,0.856123,0.515864,0.529075,-0.56905,-0.35747
0.070488,0.158698,-0.573821,-0.803404,-0.346225,-0.127193,0.365606,0.856293,0.515865,0.529167,-0.568965,-0.357465
0.070441,0.158515,-0.573619,-0.803585,-0.346114,-0.127162,0.365318,0.856466,0.515848,0.5292,-0.568927,-0.357504
0.070279,0.158423,-0.57344,-0.803745,-0.346035,-0.127249,0.365106,0.856577,0.515824,0.529153,-0.568911,-0.35764
0.070149,0.158282,-0.573348,-0.803847,-0.345997,-0.127457,0.364831,0.856683,0.515823,0.528998,-0.568938,-0.357835
0.070069,0.158273,-0.573285,-0.803902,-0.345985,-0.12778,0.364634,0.856728,0.515867,0.528818,-0.568972,-0.357987
0.070005,0.158279,-0.573215,-0.803957,-0.346027,-0.128109,0.364574,0.856692,0.515861,0.528683,-0.569011,-0.358141
0.069888,0.158375,-0.5732,-0.803961,-0.346154,-0.128438,0.364549,0.856607,0.515885,0.52856,-0.569015,-0.358288
0.069824,0.158437,-0.57314,-0.803999,-0.346243,-0.128732,0.364673,0.856478,0.51591,0.528514,-0.569025,-0.358303
0.069816,0.15849,-0.573131,-0.803997,-0.346319,-0.129051,0.364818,0.856342,0.515922,0.528548,-0.569007,-0.358264
0.069844,0.158595,-0.573217,-0.803914,-0.3464,-0.129191,0.364926,0.856244,0.515926,0.528578,-0.568997,-0.358226
0.06974,0.158777,-0.573306,-0.803828,-0.346532,-0.1292,0.36506,0.856131,0.515886,0.528625,-0.569012,-0.358191
0.069756,0.158844,-0.573377,-0.803764,-0.346636,-0.129151,0.365205,0.856033,0.515885,0.528673,-0.569012,-0.358118
0.069819,0.158828,-0.57341,-0.803737,-0.346763,-0.129035,0.365246,0.85598,0.515872,0.528802,-0.568985,-0.357983
0.069881,0.158756,-0.573352,-0.803785,-0.346817,-0.128862,0.365117,0.856036,0.515858,0.528901,-0.568934,-0.357938
0.069829,0.158688,-0.573278,-0.803855,-0.346852,-0.128649,0.364984,0.856107,0.515861,0.528972,-0.5689,-0.357879
0.06985,0.158588,-0.573218,-0.803914,-0.346828,-0.128461,0.364886,0.856185,0.515897,0.528965,-0.568894,-0.357844
0.069893,0.158484,-0.573217,-0.803929,-0.346785,-0.128129,0.364894,0.856243,0.515948,0.528933,-0.568878,-0.357843
0.069924,0.15841,-0.5732,-0.803952,-0.34662,-0.127791,0.364927,0.856342,0.515981,0.528839,-0.568873,-0.357948
0.069921,0.158381,-0.573268,-0.803909,-0.346402,-0.127396,0.365048,0.856432,0.515968,0.528807,-0.568846,-0.358059
0.069912,0.158239,-0.573342,-0.803881,-0.346187,-0.12699,0.365103,0.856551,0.51599,0.528741,-0.56884,-0.358136
0.069928,0.158165,-0.57332,-0.803908,-0.346038,-0.126708,0.365087,0.856655,0.516016,0.528728,-0.568811,-0.358166
0.069954,0.158048,-0.573221,-0.803997,-0.345845,-0.12652,0.365006,0.856793,0.516017,0.528745,-0.568773,-0.358198
0.06995,0.157998,-0.573085,-0.804104,-0.345683,-0.12656,0.365077,0.856823,0.515985,0.528773,-0.568762,-0.358224
0.069899,0.157967,-0.573026,-0.804156,-0.345597,-0.126801,0.36529,0.856736,0.515992,0.52876,-0.568766,-0.358226
0.069843,0.158043,-0.573091,-0.804101,-0.34552,-0.127238,0.365584,0.856583,0.516016,0.528733,-0.568769,-0.358228
0.069779,0.158172,-0.573206,-0.804002,-0.345516,-0.127633,0.365788,0.856444,0.515998,0.528776,-0.568767,-0.358191
0.069679,0.158417,-0.573335,-0.803875,-0.345614,-0.127965,0.365901,0.856313,0.515903,0.528832,-0.568806,-0.358186
0.069641,0.158571,-0.573333,-0.803853,-0.345717,-0.128223,0.365915,0.85623,0.515835,0.528841,-0.568873,-0.358165
0.069654,0.158583,-0.573248,-0.803912,-0.345861,-0.128448,0.365908,0.856143,0.515797,0.528855,-0.568911,-0.358138
0.069669,0.158594,-0.573129,-0.803994,-0.345954,-0.128736,0.365942,0.856052,0.515781,0.528864,-0.568923,-0.358129
0.069616,0.158699,-0.57316,-0.803957,-0.346149,-0.128862,0.365959,0.855949,0.51572,0.528884,-0.568937,-0.358167
0.069633,0.158824,-0.573258,-0.803863,-0.346408,-0.12881,0.365807,0.855914,0.51573,0.52883,-0.56894,-0.358233
0.069655,0.158824,-0.573342,-0.803802,-0.34662,-0.128583,0.365563,0.855963,0.515772,0.528791,-0.568913,-0.358271
0.069682,0.158739,-0.573173,-0.803935,-0.346791,-0.128205,0.365076,0.856153,0.515777,0.528776,-0.568912,-0.358291
0.069712,0.158595,-0.572863,-0.804179,-0.346912,-0.127892,0.364636,0.856333,0.515773,0.528807,-0.568848,-0.358353
0.069782,0.158355,-0.572563,-0.80443,-0.347006,-0.127651,0.364361,0.856445,0.515788,0.528791,-0.568841,-0.358366
0.069809,0.158267,-0.572447,-0.804526,-0.347064,-0.127593,0.364217,0.856491,0.515832,0.528762,-0.568818,-0.358381
0.069817,0.158268,-0.572457,-0.804518,-0.346974,-0.127627,0.364221,0.856521,0.515868,0.528753,-0.568828,-0.358323
0.06975,0.158352,-0.572556,-0.804438,-0.346863,-0.12768,0.36437,0.856496,0.51584,0.52878,-0.568838,-0.358309
0.069739,0.158408,-0.572693,-0.804331,-0.34662,-0.127623,0.364612,0.8565,0.515868,0.528737,-0.568848,-0.358316
0.06974,0.158494,-0.572835,-0.804215,-0.346342,-0.127414,0.364837,0.856544,0.515886,0.528773,-0.56885,-0.35823
0.069706,0.158531,-0.572901,-0.804163,-0.346074,-0.127098,0.364868,0.856683,0.515854,0.528864,-0.56885,-0.358139
0.069646,0.158537,-0.572921,-0.804154,-0.345808,-0.126875,0.364827,0.856839,0.515793,0.528953,-0.568852,-0.358091
0.069598,0.158392,-0.572865,-0.804224,-0.345575,-0.12676,0.364816,0.856953,0.515763,0.528954,-0.568882,-0.358086
0.069551,0.158303,-0.572832,-0.804268,-0.345361,-0.126841,0.364943,0.856975,0.515753,0.528886,-0.568923,-0.35814
0.069557,0.158207,-0.572869,-0.804257,-0.345271,-0.126984,0.36517,0.856895,0.515783,0.528689,-0.569004,-0.358261
0.069486,0.15826,-0.572953,-0.804194,-0.345289,-0.127234,0.365402,0.856755,0.515792,0.528547,-0.569031,-0.358422
0.069443,0.158287,-0.573086,-0.804099,-0.345343,-0.127451,0.365469,0.856676,0.515854,0.528361,-0.5691,-0.358498
0.069465,0.158295,-0.573137,-0.804058,-0.345386,-0.127685,0.365525,0.856604,0.515882,0.52825,-0.569162,-0.358524
0.069543,0.158264,-0.573057,-0.804114,-0.345511,-0.127813,0.365583,0.85651,0.515922,0.528223,-0.569172,-0.358488
0.069564,0.158207,-0.572904,-0.804231,-0.34568,-0.127939,0.365652,0.856395,0.515897,0.528285,-0.569202,-0.358383
0.06957,0.158135,-0.572827,-0.804299,-0.34584,-0.128028,0.365588,0.856346,0.515871,0.528391,-0.569185,-0.358288
0.069558,0.158129,-0.572834,-0.804296,-0.34601,-0.128006,0.365474,0.856328,0.515821,0.528585,-0.569128,-0.358158
0.069548,0.158156,-0.572814,-0.804306,-0.346171,-0.127881,0.365242,0.856379,0.515787,0.528706,-0.569116,-0.358045
0.069525,0.158176,-0.572753,-0.804349,-0.346375,-0.12769,0.36503,0.856411,0.51568,0.528863,-0.569101,-0.35799
0.069517,0.158085,-0.5726,-0.804475,-0.346538,-0.127573,0.364891,0.85642,0.515672,0.528851,-0.569126,-0.35798
0.069544,0.158026,-0.572483,-0.804566,-0.346623,-0.127559,0.364839,0.856409,0.515635,0.528831,-0.569143,-0.358041
0.069651,0.157984,-0.572521,-0.804536,-0.346676,-0.12759,0.364792,0.856403,0.515657,0.528749,-0.569154,-0.358112
0.069658,0.158015,-0.572621,-0.804459,-0.346735,-0.127625,0.364897,0.85633,0.515644,0.528677,-0.569173,-0.358216
0.069731,0.15803,-0.57275,-0.804357,-0.346721,-0.127625,0.365099,0.85625,0.515685,0.528541,-0.56919,-0.358332
0.069828,0.157958,-0.572896,-0.804257,-0.346592,-0.127471,0.365389,0.856199,0.515737,0.52846,-0.569185,-0.358386
0.069947,0.157872,-0.573126,-0.804096,-0.346449,-0.127084,0.365756,0.856151,0.515789,0.528403,-0.569149,-0.358454
0.070032,0.15784,-0.573393,-0.803904,-0.346246,-0.126478,0.365908,0.85625,0.515805,0.528395,-0.569098,-0.358523
0.070047,0.157666,-0.573551,-0.803819,-0.34605,-0.125825,0.365898,0.85642,0.515864,0.528364,-0.56904,-0.358579
0.070042,0.157367,-0.573462,-0.803936,-0.345879,-0.125238,0.365757,0.856627,0.515893,0.528452,-0.568945,-0.358557
0.07011,0.156965,-0.573262,-0.804142,-0.345728,-0.124822,0.365688,0.856772,0.515893,0.528518,-0.568878,-0.358564
0.070155,0.156672,-0.573067,-0.804329,-0.345616,-0.124513,0.365753,0.85683,0.515863,0.528577,-0.568822,-0.358611
0.07015,0.156487,-0.573038,-0.804382,-0.345495,-0.124338,0.366019,0.856788,0.515902,0.528485,-0.568854,-0.358642
0.070094,0.156442,-0.573203,-0.804278,-0.345412,-0.124227,0.36631,0.856711,0.515945,0.528428,-0.56886,-0.358654
0.069998,0.156512,-0.573448,-0.804097,-0.345351,-0.124208,0.366445,0.856681,0.515969,0.528374,-0.568868,-0.358686
0.06983,0.156584,-0.573569,-0.804014,-0.345369,-0.124354,0.366455,0.85665,0.515923,0.528373,-0.568882,-0.358735
0.069686,0.156589,-0.573588,-0.804013,-0.345425,-0.124611,0.366412,0.856613,0.515898,0.528342,-0.568904,-0.358786
0.069711,0.156547,-0.573496,-0.804084,-0.345612,-0.124778,0.366322,0.856553,0.51589,0.528299,-0.568922,-0.358831
0.069699,0.156505,-0.573413,-0.804152,-0.345806,-0.124891,0.366161,0.856528,0.515864,0.528251,-0.568959,-0.358887
0.06957,0.156502,-0.573257,-0.804275,-0.345975,-0.124902,0.365931,0.856557,0.515789,0.528307,-0.568973,-0.358888
0.069455,0.156501,-0.573218,-0.804313,-0.346146,-0.124852,0.365788,0.856555,0.515739,0.528309,-0.569026,-0.358876
0.069431,0.15646,-0.573179,-0.804351,-0.346302,-0.124753,0.365652,0.856563,0.515698,0.528334,-0.569057,-0.358848
0.069357,0.156446,-0.573128,-0.804395,-0.3465,-0.124679,0.365441,0.856582,0.515774,0.528315,-0.569012,-0.358835
0.069313,0.156383,-0.573047,-0.804469,-0.34662,-0.124654,0.365112,0.856677,0.515791,0.528301,-0.569014,-0.358826
0.06929,0.156321,-0.57292,-0.804573,-0.346687,-0.124615,0.36482,0.856779,0.515817,0.52826,-0.56903,-0.358828
0.069318,0.156256,-0.57282,-0.804653,-0.346724,-0.124558,0.364623,0.856855,0.515821,0.528253,-0.569025,-0.35884
0.069339,0.15619,-0.572755,-0.804709,-0.346733,-0.124539,0.364565,0.85688,0.515856,0.528221,-0.569041,-0.358809
0.069331,0.156179,-0.572793,-0.804685,-0.346647,-0.124527,0.364715,0.856851,0.515868,0.528259,-0.569005,-0.358791
0.069407,0.156194,-0.572947,-0.804564,-0.346496,-0.12444,0.364979,0.856813,0.515904,0.528257,-0.568982,-0.358776
0.069474,0.156195,-0.573152,-0.804413,-0.346277,-0.124239,0.365362,0.856764,0.515958,0.528283,-0.568959,-0.358693
0.069476,0.156198,-0.57337,-0.804256,-0.346145,-0.123969,0.36564,0.856734,0.515964,0.528326,-0.568959,-0.358619
0.069479,0.156197,-0.57354,-0.804134,-0.345998,-0.123652,0.365766,0.856781,0.515946,0.528413,-0.568905,-0.3586
0.069591,0.155997,-0.573548,-0.804152,-0.345828,-0.123418,0.365864,0.856838,0.51595,0.528468,-0.568868,-0.358571
0.069593,0.155839,-0.573444,-0.804254,-0.345713,-0.123263,0.365826,0.856921,0.515981,0.528522,-0.568812,-0.358531
0.069644,0.155689,-0.573328,-0.804357,-0.345635,-0.123177,0.365858,0.85695,0.515998,0.528512,-0.5688,-0.358542
0.069604,0.155637,-0.573303,-0.804388,-0.34556,-0.123269,0.365983,0.856915,0.51599,0.528535,-0.568746,-0.358608
0.069552,0.155565,-0.573444,-0.804305,-0.345553,-0.123396,0.366027,0.856882,0.516009,0.528464,-0.568784,-0.358625
0.069541,0.15562,-0.573519,-0.804243,-0.345672,-0.12353,0.365972,0.85684,0.516039,0.528384,-0.568828,-0.358629
0.069549,0.155606,-0.573473,-0.804277,-0.345825,-0.123686,0.365879,0.856798,0.516071,0.528308,-0.568883,-0.358608
0.069485,0.155553,-0.573411,-0.804337,-0.346017,-0.123803,0.365707,0.856779,0.516046,0.528332,-0.568902,-0.358577
0.069471,0.155481,-0.573264,-0.804455,-0.34623,-0.123931,0.365514,0.856757,0.516004,0.528346,-0.568925,-0.358583
0.069442,0.155457,-0.573187,-0.804517,-0.34641,-0.124052,0.365467,0.856688,0.516004,0.52834,-0.568933,-0.358578
0.069409,0.15552,-0.573236,-0.804475,-0.346637,-0.124028,0.365526,0.856574,0.515966,0.528329,-0.569001,-0.358541
0.06939,0.155641,-0.573401,-0.804336,-0.346874,-0.123896,0.365703,0.856418,0.515887,0.528425,-0.568994,-0.358525
0.069401,0.155758,-0.573599,-0.804174,-0.347108,-0.123755,0.365929,0.856245,0.515865,0.528422,-0.569059,-0.358457
0.069432,0.15582,-0.573732,-0.804065,-0.347268,-0.123722,0.366094,0.856112,0.51587,0.528399,-0.569102,-0.358413
0.069423,0.155935,-0.573872,-0.803947,-0.347382,-0.123717,0.366241,0.856003,0.515899,0.528386,-0.569109,-0.358377
0.069368,0.156072,-0.574005,-0.803831,-0.3475,-0.123627,0.366244,0.855965,0.515874,0.528432,-0.569115,-0.358337
0.069395,0.156079,-0.574093,-0.803765,-0.347561,-0.123444,0.366202,0.855981,0.515886,0.528472,-0.5691,-0.358279
0.069398,0.156013,-0.574052,-0.803806,-0.347588,-0.123241,0.366157,0.856016,0.515915,0.528487,-0.569111,-0.358193
0.069441,0.155889,-0.574032,-0.803838,-0.347539,-0.123004,0.366133,0.856077,0.515974,0.528475,-0.569088,-0.358161
0.069409,0.155813,-0.574041,-0.803847,-0.347355,-0.12274,0.366145,0.856181,0.515972,0.528532,-0.569047,-0.358146
0.069423,0.155791,-0.574111,-0.8038,-0.347221,-0.122463,0.366237,0.856231,0.516021,0.528503,-0.569006,-0.358182
0.069424,0.155756,-0.574233,-0.803718,-0.347035,-0.122241,0.366274,0.85632,0.516056,0.528505,-0.568961,-0.3582
0.069472,0.155701,-0.574298,-0.803676,-0.346884,-0.122136,0.366297,0.856385,0.516088,0.528443,-0.568977,-0.35822
0.069476,0.155671,-0.574219,-0.803738,-0.346714,-0.122147,0.366359,0.856427,0.516051,0.528414,-0.569016,-0.358257
0.069489,0.155644,-0.574153,-0.803788,-0.346621,-0.122269,0.366524,0.856378,0.516098,0.528309,-0.569034,-0.358316
0.069517,0.155693,-0.574146,-0.803783,-0.346549,-0.122381,0.366813,0.856269,0.516094,0.528282,-0.569059,-0.358323
0.069504,0.155788,-0.574237,-0.803703,-0.346554,-0.122637,0.366994,0.856157,0.516098,0.528273,-0.569088,-0.358284
0.069422,0.155963,-0.574342,-0.803604,-0.346563,-0.122958,0.366948,0.856132,0.516064,0.528359,-0.569133,-0.358129
0.069391,0.156067,-0.574338,-0.803591,-0.346601,-0.123337,0.366845,0.856111,0.51603,0.528411,-0.5692,-0.357991
0.069371,0.156085,-0.574274,-0.803637,-0.346698,-0.123759,0.366835,0.856021,0.51601,0.528513,-0.569205,-0.357857
0.069364,0.156079,-0.574179,-0.803707,-0.346846,-0.12412,0.366918,0.855879,0.51597,0.528604,-0.569212,-0.357764
0.069323,0.156141,-0.574156,-0.803716,-0.346993,-0.124398,0.36716,0.855679,0.515919,0.528723,-0.569189,-0.3577
0.069236,0.156164,-0.57425,-0.803652,-0.347102,-0.124536,0.367309,0.855552,0.515906,0.528724,-0.569207,-0.357685
0.069168,0.156185,-0.574318,-0.803605,-0.347263,-0.124447,0.367205,0.855543,0.515894,0.528727,-0.569192,-0.357726
0.069074,0.156144,-0.574288,-0.803642,-0.347468,-0.124127,0.366869,0.855645,0.515897,0.52865,-0.569199,-0.357826
0.068916,0.156052,-0.574058,-0.803837,-0.347656,-0.123786,0.366396,0.855815,0.515832,0.528628,-0.569209,-0.357943
0.068884,0.155794,-0.573753,-0.804104,-0.347789,-0.123438,0.365948,0.855998,0.515833,0.528512,-0.569241,-0.358066
0.068861,0.155606,-0.573593,-0.804252,-0.347922,-0.123159,0.365646,0.856109,0.51588,0.528373,-0.56924,-0.35821
0.06888,0.155455,-0.573501,-0.804344,-0.348012,-0.122976,0.365541,0.85614,0.51593,0.528223,-0.569244,-0.358358
0.068892,0.155383,-0.573534,-0.804331,-0.34802,-0.122893,0.365612,0.856117,0.515916,0.528152,-0.569245,-0.358486
0.068935,0.15532,-0.573641,-0.80426,-0.347962,-0.122903,0.365876,0.856027,0.515968,0.527999,-0.569328,-0.358507
0.069013,0.155292,-0.573835,-0.804119,-0.347785,-0.122872,0.366202,0.855963,0.515992,0.527967,-0.569352,-0.358479
0.069116,0.155289,-0.574087,-0.803931,-0.347546,-0.122667,0.366566,0.855931,0.516027,0.52797,-0.56936,-0.35841
0.069112,0.15533,-0.574303,-0.803768,-0.347284,-0.122383,0.3668,0.855974,0.516039,0.528088,-0.569349,-0.358229
0.069128,0.155268,-0.574407,-0.803703,-0.34703,-0.122119,0.366844,0.856093,0.516022,0.528203,-0.569339,-0.358093
0.069191,0.155158,-0.574358,-0.803752,-0.346789,-0.121897,0.366735,0.856266,0.515988,0.528418,-0.569282,-0.357908
0.069218,0.15499,-0.574216,-0.80388,-0.346534,-0.121853,0.366656,0.85641,0.515946,0.528594,-0.569212,-0.357817
0.069143,0.154869,-0.574036,-0.804036,-0.346371,-0.122018,0.366681,0.856446,0.515915,0.528678,-0.569171,-0.357803
0.069043,0.154829,-0.574027,-0.804059,-0.346256,-0.122343,0.366753,0.85642,0.515942,0.528604,-0.569116,-0.357968
0.068954,0.15497,-0.574125,-0.803973,-0.346278,-0.122766,0.366712,0.856374,0.515989,0.528446,-0.569127,-0.358119
0.068946,0.155122,-0.574211,-0.803886,-0.346375,-0.12315,0.366573,0.856345,0.516026,0.528243,-0.569145,-0.358347
0.068937,0.15533,-0.57416,-0.803887,-0.346536,-0.123538,0.366465,0.856276,0.51604,0.528114,-0.569174,-0.358475
0.069004,0.155385,-0.574024,-0.803969,-0.346761,-0.124018,0.366544,0.856087,0.516049,0.527967,-0.569234,-0.358586
0.069042,0.155468,-0.573917,-0.804028,-0.346994,-0.124504,0.36663,0.855892,0.51607,0.527993,-0.569229,-0.358521
0.069114,0.155569,-0.573905,-0.804013,-0.347227,-0.12494,0.366707,0.855708,0.516091,0.528111,-0.569186,-0.35838
0.069099,0.155785,-0.573962,-0.803936,-0.347411,-0.125212,0.366719,0.855592,0.516016,0.528291,-0.569178,-0.35823
0.069115,0.155987,-0.574077,-0.803817,-0.347674,-0.125232,0.366576,0.855543,0.516001,0.528456,-0.569122,-0.358091
0.069145,0.156075,-0.574017,-0.803842,-0.347894,-0.125068,0.366264,0.855608,0.515993,0.528605,-0.569119,-0.357882
0.069158,0.156025,-0.573799,-0.804006,-0.34803,-0.124816,0.365896,0.855743,0.515993,0.528745,-0.569074,-0.357739
0.069116,0.155924,-0.573545,-0.80421,-0.34806,-0.124611,0.36555,0.855906,0.516018,0.528808,-0.569046,-0.357652
0.069068,0.155795,-0.573353,-0.804375,-0.348046,-0.124449,0.365333,0.856026,0.516032,0.528798,-0.569031,-0.357671
0.06904,0.155723,-0.573264,-0.804453,-0.347949,-0.124321,0.365365,0.856068,0.516101,0.52872,-0.569027,-0.35769
0.069,0.155659,-0.573371,-0.804391,-0.347866,-0.124204,0.365485,0.856066,0.516168,0.528578,-0.569025,-0.357811
0.069004,0.155666,-0.573553,-0.804258,-0.347767,-0.124083,0.365778,0.855997,0.516197,0.528453,-0.569042,-0.35793
0.069038,0.155678,-0.573822,-0.80406,-0.347593,-0.123793,0.36614,0.85595,0.516261,0.528228,-0.569095,-0.358091
0.069118,0.155692,-0.57406,-0.803881,-0.34743,-0.123468,0.36645,0.855925,0.516343,0.528052,-0.569116,-0.358203
0.069206,0.155723,-0.574289,-0.803702,-0.347297,-0.123164,0.366684,0.855918,0.516382,0.527917,-0.569145,-0.358302
0.069269,0.155756,-0.57432,-0.803669,-0.347196,-0.122985,0.366791,0.855937,0.51638,0.52787,-0.569158,-0.358355
0.069308,0.155665,-0.574326,-0.803677,-0.347113,-0.122902,0.366821,0.855969,0.516387,0.527862,-0.569117,-0.358425
0.069335,0.155521,-0.574265,-0.803743,-0.347076,-0.122866,0.366822,0.855988,0.516405,0.527908,-0.569056,-0.358428
0.069334,0.155419,-0.574165,-0.803833,-0.347039,-0.123127,0.366735,0.856007,0.516396,0.528068,-0.568993,-0.358302
0.069216,0.155433,-0.574033,-0.803936,-0.347058,-0.123437,0.366548,0.85604,0.516351,0.52822,-0.568937,-0.358229
0.069194,0.155442,-0.573978,-0.803976,-0.347083,-0.123711,0.366335,0.856085,0.516343,0.528254,-0.568951,-0.358164
0.069122,0.15554,-0.573876,-0.804038,-0.347093,-0.124066,0.366225,0.856083,0.516338,0.528323,-0.568941,-0.358083
0.069094,0.155652,-0.573736,-0.804122,-0.347179,-0.124442,0.366187,0.856015,0.516303,0.528384,-0.568936,-0.358051
0.068967,0.155777,-0.57362,-0.804195,-0.347296,-0.124731,0.366197,0.855925,0.516287,0.528466,-0.56889,-0.358024
0.068889,0.155952,-0.573577,-0.804202,-0.347439,-0.125024,0.366104,0.855869,0.516281,0.528467,-0.568897,-0.358019
0.068803,0.156105,-0.573575,-0.804186,-0.347574,-0.125284,0.366185,0.855745,0.516265,0.528453,-0.568917,-0.358031
0.068773,0.156218,-0.573608,-0.804145,-0.347719,-0.125467,0.366156,0.855674,0.516279,0.528376,-0.568958,-0.358063
0.068773,0.156378,-0.573643,-0.804092,-0.347833,-0.125475,0.366038,0.855677,0.516269,0.528331,-0.568988,-0.358098
0.068814,0.156398,-0.573681,-0.804057,-0.347948,-0.125382,0.366014,0.855652,0.516339,0.52823,-0.569003,-0.358122
0.068828,0.156395,-0.573653,-0.804076,-0.348002,-0.125311,0.366026,0.855633,0.516385,0.52816,-0.56899,-0.358181
0.068827,0.156351,-0.573619,-0.804109,-0.348076,-0.125135,0.365939,0.855664,0.516459,0.528078,-0.568989,-0.358195
0.068842,0.156277,-0.57363,-0.804113,-0.348116,-0.124893,0.365708,0.855778,0.516478,0.52805,-0.568963,-0.358251
0.068844,0.156164,-0.573548,-0.80419,-0.348125,-0.124628,0.365392,0.855945,0.516516,0.527972,-0.568993,-0.358266
0.068887,0.156052,-0.573404,-0.804309,-0.348055,-0.124364,0.36522,0.856081,0.516539,0.527956,-0.56899,-0.358259
0.068908,0.155914,-0.573283,-0.804418,-0.347934,-0.124105,0.36523,0.85616,0.516601,0.527946,-0.568948,-0.35825
0.068942,0.155957,-0.57338,-0.804338,-0.347777,-0.123785,0.365288,0.856241,0.51663,0.527938,-0.568932,-0.358243
0.068942,0.155999,-0.573586,-0.804184,-0.347648,-0.123649,0.365502,0.85622,0.516669,0.527928,-0.568903,-0.358246
0.068963,0.156148,-0.573722,-0.804058,-0.347515,-0.123708,0.365691,0.856186,0.516647,0.527997,-0.568878,-0.358214
0.069007,0.156298,-0.573775,-0.80399,-0.347418,-0.123845,0.365872,0.85613,0.516659,0.52804,-0.568851,-0.358174
0.069049,0.156431,-0.57383,-0.803924,-0.347372,-0.124086,0.366091,0.856023,0.516657,0.528068,-0.568866,-0.358111
0.069046,0.156562,-0.57387,-0.803873,-0.347317,-0.124375,0.366278,0.855929,0.516664,0.528123,-0.568868,-0.358011
0.069019,0.156625,-0.57392,-0.803828,-0.347271,-0.124665,0.366452,0.855834,0.516626,0.528232,-0.568892,-0.357864
0.068986,0.156745,-0.573979,-0.803768,-0.347247,-0.124948,0.366543,0.855768,0.516566,0.528374,-0.568894,-0.357733
0.068913,0.156908,-0.574014,-0.803721,-0.347215,-0.125237,0.366638,0.855703,0.516482,0.528479,-0.568922,-0.357654
0.068913,0.156956,-0.573986,-0.803733,-0.347244,-0.125427,0.366583,0.85569,0.516438,0.528454,-0.568983,-0.357658
0.068898,0.156955,-0.57388,-0.803811,-0.347319,-0.125597,0.366516,0.855666,0.516398,0.528449,-0.56902,-0.357667
0.06882,0.156908,-0.573744,-0.803924,-0.347455,-0.125617,0.366326,0.855689,0.516417,0.52835,-0.569068,-0.35771
0.068761,0.15693,-0.573639,-0.804,-0.347624,-0.125602,0.366167,0.85569,0.516385,0.528247,-0.569114,-0.357842
0.068733,0.156875,-0.573534,-0.804087,-0.347799,-0.125475,0.366118,0.855655,0.5164,0.528082,-0.569175,-0.357969
0.068725,0.156817,-0.573542,-0.804093,-0.34794,-0.12529,0.36615,0.855609,0.516426,0.527982,-0.569171,-0.358092
0.068703,0.156795,-0.573583,-0.804069,-0.348086,-0.125105,0.366121,0.855585,0.516447,0.527851,-0.569192,-0.358226
0.06865,0.156827,-0.573536,-0.804102,-0.348251,-0.124861,0.366055,0.855579,0.51644,0.527811,-0.569172,-0.358332
0.068628,0.156826,-0.573523,-0.804113,-0.348432,-0.124667,0.365993,0.855555,0.516472,0.527713,-0.569166,-0.358445
0.068649,0.156838,-0.573577,-0.80407,-0.348565,-0.124494,0.365918,0.855556,0.516468,0.527701,-0.569169,-0.358464
0.068765,0.156854,-0.573639,-0.804013,-0.348699,-0.124339,0.365853,0.855549,0.516446,0.527713,-0.569192,-0.35844
0.068847,0.156839,-0.573623,-0.80402,-0.348735,-0.12424,0.365893,0.85553,0.5164,0.527788,-0.569181,-0.358412
0.06898,0.156768,-0.573565,-0.804061,-0.348661,-0.124122,0.365984,0.855537,0.516413,0.527799,-0.569195,-0.358353
0.069091,0.156748,-0.573619,-0.804016,-0.348529,-0.123974,0.366149,0.855539,0.516443,0.527883,-0.569172,-0.358217
0.069152,0.156729,-0.573731,-0.803934,-0.348384,-0.123825,0.366201,0.855595,0.516474,0.527973,-0.569131,-0.358099
0.069191,0.156725,-0.573747,-0.80392,-0.348267,-0.123742,0.366174,0.855665,0.516459,0.528092,-0.569085,-0.358014
0.06921,0.156645,-0.573689,-0.803974,-0.34809,-0.123688,0.366187,0.85574,0.516483,0.528166,-0.569021,-0.357973
0.069219,0.156522,-0.573632,-0.804035,-0.347962,-0.123747,0.366213,0.855773,0.516507,0.528138,-0.569007,-0.358
0.069203,0.156486,-0.573565,-0.80409,-0.347872,-0.123928,0.36627,0.855761,0.516525,0.528091,-0.569002,-0.358053
0.069089,0.156608,-0.573594,-0.804059,-0.347817,-0.124293,0.366391,0.855685,0.516511,0.528037,-0.568994,-0.358169
0.06906,0.156709,-0.573707,-0.803963,-0.347807,-0.124655,0.366522,0.855587,0.516524,0.527899,-0.569002,-0.35835
0.069053,0.156838,-0.573776,-0.803893,-0.34782,-0.124987,0.366546,0.855527,0.516563,0.527762,-0.569006,-0.358492
0.069036,0.156929,-0.573793,-0.803865,-0.347939,-0.125244,0.366516,0.855458,0.516545,0.52767,-0.569055,-0.358583
0.068994,0.156998,-0.573687,-0.803933,-0.348099,-0.125424,0.366485,0.855383,0.516498,0.527661,-0.569097,-0.358596
0.068992,0.156962,-0.573586,-0.804012,-0.348196,-0.125525,0.366377,0.855375,0.516499,0.527683,-0.569071,-0.358605
0.06893,0.156923,-0.573499,-0.804088,-0.348295,-0.125487,0.366293,0.855375,0.516463,0.527786,-0.569008,-0.358606
0.068871,0.156948,-0.573449,-0.804124,-0.348415,-0.125353,0.366195,0.855387,0.516398,0.527905,-0.568997,-0.358539
0.068872,0.156954,-0.573332,-0.804206,-0.348489,-0.125209,0.366051,0.855436,0.516335,0.528003,-0.569007,-0.35847
0.068876,0.15687,-0.573167,-0.804338,-0.348561,-0.125114,0.365874,0.855495,0.516308,0.528096,-0.568975,-0.358419
0.068892,0.156737,-0.572975,-0.804498,-0.348535,-0.12502,0.365683,0.855601,0.516286,0.52817,-0.568934,-0.358406
0.068837,0.156716,-0.572837,-0.804604,-0.34856,-0.12496,0.365402,0.855718,0.516361,0.528175,-0.568893,-0.358352
0.068795,0.156691,-0.57276,-0.804667,-0.348587,-0.12485,0.365226,0.855797,0.516349,0.528154,-0.568904,-0.358386
0.068756,0.156741,-0.572679,-0.804721,-0.348588,-0.124897,0.365182,0.85581,0.516374,0.528038,-0.56894,-0.358468
0.068789,0.156768,-0.572692,-0.804704,-0.348479,-0.125081,0.365334,0.855765,0.516408,0.527976,-0.568926,-0.358534
0.068822,0.156784,-0.572795,-0.804625,-0.348377,-0.125222,0.365674,0.855643,0.516435,0.527931,-0.568928,-0.358559
0.068873,0.156925,-0.573068,-0.804399,-0.348283,-0.125343,0.366069,0.855496,0.516405,0.527946,-0.568914,-0.358603
0.068957,0.157066,-0.573399,-0.804131,-0.348195,-0.125349,0.366389,0.855393,0.516415,0.527876,-0.568957,-0.358624
0.06906,0.15711,-0.573627,-0.803951,-0.348194,-0.125361,0.366539,0.855328,0.516464,0.527795,-0.568977,-0.358641
0.069162,0.157062,-0.573662,-0.803925,-0.348208,-0.125339,0.366524,0.855332,0.516446,0.52781,-0.568981,-0.358638
0.069197,0.156967,-0.573554,-0.804016,-0.348209,-0.125446,0.366457,0.855346,0.516406,0.52786,-0.568986,-0.358615
0.06926,0.156836,-0.573451,-0.804106,-0.348247,-0.125497,0.366329,0.855379,0.516417,0.527913,-0.568934,-0.358604
0.069313,0.156811,-0.573339,-0.804187,-0.348356,-0.125571,0.366135,0.855407,0.516446,0.527947,-0.568878,-0.358598
0.069316,0.156834,-0.573278,-0.804226,-0.348417,-0.125683,0.366,0.855425,0.516473,0.527931,-0.568844,-0.358638
0.069326,0.156932,-0.573179,-0.804279,-0.348506,-0.125858,0.365916,0.855402,0.516466,0.527988,-0.568787,-0.358654
0.069307,0.156997,-0.573076,-0.804344,-0.348675,-0.126235,0.365937,0.855274,0.516431,0.528018,-0.568793,-0.358651
0.069363,0.157093,-0.573029,-0.804354,-0.348772,-0.126666,0.366029,0.855137,0.516413,0.528048,-0.568797,-0.358626
0.069366,0.157233,-0.573035,-0.804325,-0.348865,-0.127036,0.366077,0.855029,0.516423,0.528079,-0.568764,-0.358619
0.069248,0.157484,-0.573108,-0.80424,-0.348988,-0.12722,0.36602,0.854979,0.516372,0.528133,-0.568756,-0.358627
0.06922,0.157552,-0.573175,-0.804183,-0.349092,-0.127202,0.365892,0.854993,0.516393,0.528143,-0.568762,-0.358568
0.06915,0.157651,-0.573166,-0.804179,-0.349182,-0.127052,0.365585,0.855107,0.516366,0.528172,-0.56877,-0.35855
0.069109,0.157588,-0.572955,-0.804345,-0.349214,-0.126806,0.365256,0.855268,0.516344,0.528212,-0.568763,-0.358535
0.069057,0.157418,-0.572668,-0.804584,-0.349166,-0.126618,0.364982,0.855431,0.51631,0.528248,-0.568748,-0.358557
0.068976,0.157289,-0.572465,-0.804758,-0.349057,-0.126464,0.364874,0.855542,0.516316,0.528254,-0.568702,-0.358615
0.068932,0.157239,-0.572434,-0.804794,-0.348992,-0.126309,0.364942,0.855561,0.516336,0.528221,-0.568705,-0.358629
0.068922,0.157256,-0.572577,-0.804689,-0.34892,-0.126264,0.365164,0.855501,0.516337,0.528153,-0.568754,-0.35865
0.068957,0.157404,-0.572873,-0.804449,-0.348759,-0.126213,0.365601,0.855387,0.51633,0.528057,-0.568797,-0.358739
0.069028,0.15751,-0.573167,-0.804214,-0.348605,-0.126146,0.366135,0.855229,0.516363,0.527906,-0.568862,-0.358814
0.069106,0.157633,-0.573472,-0.803967,-0.348496,-0.126061,0.366534,0.855114,0.516399,0.527771,-0.568913,-0.358883
0.069178,0.15776,-0.573787,-0.803712,-0.348468,-0.125888,0.36681,0.85503,0.516441,0.527697,-0.568965,-0.358847
0.069203,0.157794,-0.573948,-0.803588,-0.348392,-0.125791,0.366763,0.855094,0.516419,0.527762,-0.568981,-0.358753
0.069226,0.157647,-0.573904,-0.803643,-0.34835,-0.125764,0.366545,0.855208,0.516389,0.527906,-0.568969,-0.358598
0.069254,0.157453,-0.57362,-0.803879,-0.34837,-0.125821,0.366287,0.855304,0.516376,0.528087,-0.568913,-0.358433
0.069221,0.157368,-0.57333,-0.804105,-0.348429,-0.125988,0.36612,0.855329,0.516365,0.52828,-0.568829,-0.358294
0.069166,0.157392,-0.573247,-0.804164,-0.348475,-0.126164,0.366073,0.855308,0.516305,0.528454,-0.568799,-0.358165
0.069078,0.157462,-0.573239,-0.804166,-0.348454,-0.126489,0.366098,0.855262,0.51628,0.528497,-0.568846,-0.358061
0.068939,0.157606,-0.573298,-0.80411,-0.348436,-0.126801,0.366216,0.855177,0.516271,0.528519,-0.568866,-0.358007
0.068842,0.157703,-0.573313,-0.804093,-0.348489,-0.127051,0.366227,0.855118,0.516262,0.528491,-0.568855,-0.358083
0.068701,0.157867,-0.573205,-0.804153,-0.348542,-0.127292,0.366111,0.855113,0.516204,0.528446,-0.568886,-0.35819
0.06862,0.157906,-0.573054,-0.804262,-0.348617,-0.127482,0.365974,0.855116,0.516209,0.528313,-0.568904,-0.358356
0.068517,0.158011,-0.572957,-0.804322,-0.348644,-0.127565,0.365905,0.855123,0.516197,0.528198,-0.568955,-0.358465
0.068468,0.158168,-0.572958,-0.804298,-0.34869,-0.127606,0.36592,0.855093,0.516178,0.528147,-0.56897,-0.358549
0.068437,0.158283,-0.573033,-0.804227,-0.348699,-0.127621,0.365986,0.855059,0.516166,0.528081,-0.56902,-0.358584
0.068432,0.158313,-0.573158,-0.804132,-0.348651,-0.127631,0.366096,0.85503,0.516169,0.528058,-0.569002,-0.358646
0.068446,0.158376,-0.573236,-0.804064,-0.348586,-0.127596,0.366202,0.855016,0.516196,0.528044,-0.569002,-0.358627
0.068449,0.15839,-0.573334,-0.803991,-0.348612,-0.127503,0.366199,0.855019,0.516256,0.527979,-0.568984,-0.358665
0.068501,0.158433,-0.573355,-0.803964,-0.348676,-0.127394,0.366241,0.854989,0.516293,0.527981,-0.568954,-0.358655
0.068636,0.158373,-0.573368,-0.803954,-0.348717,-0.127182,0.366285,0.854981,0.516341,0.527987,-0.568898,-0.358665
0.068845,0.158273,-0.573445,-0.803897,-0.348629,-0.126924,0.366432,0.854989,0.516395,0.527963,-0.568862,-0.358678
0.069018,0.158189,-0.573529,-0.803837,-0.348544,-0.126575,0.366533,0.855026,0.516442,0.528012,-0.568807,-0.35862
0.069132,0.158152,-0.573682,-0.803723,-0.348433,-0.126169,0.366592,0.855102,0.51643,0.528168,-0.568695,-0.358586
0.069215,0.157997,-0.573792,-0.803664,-0.348358,-0.12577,0.366643,0.855162,0.516448,0.528232,-0.568646,-0.358541
0.069353,0.157924,-0.573852,-0.803621,-0.348275,-0.125581,0.366735,0.855182,0.516466,0.528293,-0.568604,-0.358489
0.069426,0.157793,-0.573813,-0.803665,-0.348192,-0.125587,0.366862,0.855161,0.516498,0.52836,-0.56853,-0.35846
0.069384,0.157704,-0.573793,-0.803699,-0.348156,-0.125825,0.367046,0.855064,0.516432,0.528452,-0.568497,-0.358474
0.069324,0.157721,-0.573884,-0.803636,-0.348067,-0.126099,0.36723,0.854985,0.516464,0.528415,-0.5685,-0.358475
0.069211,0.157865,-0.57403,-0.803516,-0.348042,-0.126294,0.367263,0.854956,0.516439,0.528417,-0.568557,-0.358418
0.069012,0.158014,-0.574106,-0.803454,-0.348037,-0.126433,0.367155,0.854986,0.516439,0.528344,-0.568618,-0.358427
0.068882,0.1581,-0.574036,-0.8035,-0.348074,-0.126575,0.366964,0.855034,0.51643,0.528351,-0.56862,-0.358426
0.068764,0.158085,-0.573833,-0.803659,-0.348156,-0.126718,0.366774,0.855064,0.516399,0.528368,-0.568652,-0.358395
0.06866,0.158041,-0.573638,-0.803816,-0.348216,-0.126907,0.366678,0.855054,0.516379,0.528326,-0.568696,-0.358421
0.068619,0.158033,-0.573514,-0.80391,-0.348268,-0.127033,0.366619,0.855042,0.516394,0.52822,-0.568725,-0.35851
0.068459,0.158148,-0.57347,-0.803935,-0.348321,-0.127095,0.366617,0.855013,0.516395,0.528158,-0.568727,-0.358602
0.068402,0.158201,-0.573459,-0.80394,-0.348393,-0.12709,0.366528,0.855023,0.516385,0.528043,-0.568766,-0.358727
0.068349,0.158225,-0.573469,-0.803933,-0.348491,-0.126985,0.36628,0.855102,0.516409,0.527942,-0.568766,-0.358846
0.068414,0.158171,-0.573361,-0.804014,-0.34857,-0.126828,0.365963,0.855227,0.516431,0.527896,-0.568764,-0.358887
0.068431,0.158143,-0.573179,-0.804148,-0.348644,-0.126736,0.365701,0.855322,0.516425,0.527946,-0.568724,-0.358884
0.068524,0.157976,-0.573082,-0.804238,-0.348662,-0.126575,0.365416,0.855458,0.516449,0.527991,-0.568716,-0.358793
0.068564,0.157882,-0.572978,-0.804325,-0.348711,-0.126413,0.365289,0.855514,0.516446,0.528092,-0.568682,-0.358697
0.06862,0.157796,-0.572964,-0.804346,-0.348722,-0.126273,0.365232,0.855552,0.516466,0.528218,-0.568658,-0.358514
0.06866,0.157804,-0.573054,-0.804275,-0.348622,-0.126094,0.365362,0.855561,0.516445,0.528384,-0.568621,-0.358352
0.068713,0.157789,-0.573178,-0.804186,-0.348416,-0.125924,0.365623,0.855556,0.516439,0.528473,-0.568613,-0.358239
0.068723,0.157825,-0.573381,-0.804032,-0.348232,-0.125686,0.365841,0.855569,0.516464,0.528481,-0.568609,-0.358194
0.068665,0.15778,-0.573458,-0.80399,-0.347998,-0.125431,0.365845,0.855697,0.516474,0.528491,-0.568567,-0.358233
0.068613,0.15767,-0.573365,-0.804081,-0.347793,-0.125287,0.365741,0.855845,0.516459,0.528487,-0.568525,-0.358331
0.068627,0.157465,-0.573128,-0.804286,-0.347658,-0.125229,0.365587,0.855975,0.516496,0.528374,-0.568491,-0.358506
0.068664,0.157308,-0.572972,-0.804421,-0.347598,-0.125436,0.36555,0.855987,0.51652,0.528237,-0.568478,-0.358701
0.068587,0.157296,-0.572942,-0.804451,-0.347583,-0.125711,0.365636,0.85592,0.516579,0.528046,-0.568492,-0.35888
0.068544,0.157437,-0.573062,-0.804344,-0.347553,-0.126077,0.365746,0.855838,0.516599,0.527938,-0.568486,-0.359024
0.068456,0.157575,-0.573176,-0.804246,-0.347586,-0.126462,0.365856,0.855726,0.516609,0.527818,-0.568502,-0.359166
0.068396,0.157834,-0.573179,-0.804204,-0.34769,-0.126795,0.365791,0.855668,0.516572,0.527827,-0.568494,-0.359221
0.068377,0.157934,-0.573074,-0.804264,-0.347856,-0.127006,0.365639,0.855636,0.516516,0.527901,-0.568502,-0.359182
0.068324,0.157985,-0.572894,-0.804389,-0.348046,-0.127162,0.365502,0.855595,0.516413,0.528063,-0.568501,-0.35909
0.068295,0.157945,-0.572707,-0.804532,-0.348237,-0.127275,0.365431,0.855533,0.516385,0.5282,-0.568484,-0.358952
0.068277,0.157991,-0.572667,-0.804554,-0.348364,-0.127257,0.36541,0.855491,0.516367,0.528318,-0.56846,-0.358839
0.068279,0.158091,-0.572718,-0.804501,-0.348556,-0.127126,0.36541,0.855431,0.516355,0.528427,-0.56843,-0.358736
0.068287,0.158169,-0.572761,-0.804455,-0.348649,-0.126918,0.365402,0.855424,0.516307,0.528529,-0.568405,-0.358696
0.068314,0.158104,-0.57275,-0.804472,-0.348798,-0.126636,0.365207,0.855483,0.516288,0.528577,-0.568398,-0.358661
0.068342,0.157938,-0.572644,-0.804574,-0.34887,-0.126426,0.364964,0.855585,0.516335,0.528571,-0.568366,-0.358652
0.068371,0.15783,-0.572519,-0.80468,-0.348917,-0.126239,0.364739,0.855687,0.516373,0.528487,-0.568405,-0.358659
0.068373,0.157755,-0.57242,-0.804763,-0.348947,-0.126127,0.364669,0.85572,0.516346,0.528473,-0.56841,-0.358715
0.068404,0.157665,-0.572439,-0.804763,-0.348939,-0.126044,0.364751,0.855699,0.516389,0.528317,-0.56847,-0.358788
0.068475,0.157642,-0.572582,-0.804658,-0.348892,-0.126097,0.365031,0.855591,0.5164,0.528223,-0.568497,-0.358873
0.068544,0.15768,-0.572811,-0.804482,-0.348816,-0.126107,0.365384,0.85547,0.516462,0.528158,-0.568438,-0.358975
0.068578,0.157832,-0.573046,-0.804284,-0.348769,-0.126038,0.365578,0.855415,0.516506,0.528124,-0.568398,-0.359025
0.068667,0.157886,-0.573145,-0.804196,-0.348711,-0.125941,0.365653,0.855419,0.516549,0.528043,-0.568436,-0.359021
0.068698,0.157878,-0.573026,-0.804279,-0.348623,-0.125926,0.365618,0.855474,0.516588,0.52805,-0.568413,-0.358989
0.068747,0.157775,-0.572844,-0.804424,-0.348556,-0.126,0.365652,0.855477,0.516637,0.528159,-0.568326,-0.358889
0.068731,0.157752,-0.572786,-0.80447,-0.348519,-0.126214,0.365817,0.855391,0.516599,0.5283,-0.568283,-0.358801
0.068723,0.157804,-0.572929,-0.80436,-0.348472,-0.126563,0.366139,0.855228,0.516539,0.528399,-0.568278,-0.358752
0.068684,0.158016,-0.573176,-0.804149,-0.348411,-0.12693,0.366346,0.855115,0.516477,0.5285,-0.568274,-0.358697
0.068628,0.158148,-0.573359,-0.804,-0.348358,-0.12718,0.366395,0.855082,0.516457,0.528515,-0.568268,-0.358715
0.068573,0.158281,-0.573299,-0.804025,-0.34835,-0.1274,0.366369,0.855067,0.516415,0.528541,-0.568277,-0.358722
0.068533,0.158287,-0.573165,-0.804124,-0.348474,-0.127526,0.366172,0.855083,0.516381,0.528482,-0.568328,-0.358782
0.068563,0.158275,-0.572934,-0.804287,-0.34862,-0.127567,0.366008,0.855089,0.516411,0.528412,-0.568354,-0.3588
0.068566,0.158288,-0.572772,-0.804402,-0.348697,-0.127553,0.365904,0.855104,0.516428,0.528318,-0.568377,-0.35888
0.068528,0.158278,-0.57274,-0.804431,-0.348753,-0.127536,0.365863,0.855101,0.516411,0.528272,-0.56841,-0.358923
0.068437,0.158286,-0.572781,-0.804408,-0.348828,-0.127389,0.36582,0.855108,0.516414,0.528173,-0.568451,-0.359
0.068421,0.158285,-0.572868,-0.804346,-0.348862,-0.127241,0.365759,0.85514,0.51642,0.528181,-0.568419,-0.359034
0.068454,0.158289,-0.572916,-0.804308,-0.348947,-0.127039,0.365644,0.855181,0.516461,0.528146,-0.56843,-0.359009
0.06846,0.158232,-0.57285,-0.804364,-0.348989,-0.126857,0.365529,0.855237,0.516443,0.52815,-0.568433,-0.359022
0.068447,0.158146,-0.572767,-0.804441,-0.349013,-0.126756,0.365389,0.855301,0.516452,0.528133,-0.568434,-0.359034
0.068499,0.158052,-0.572657,-0.804531,-0.348983,-0.126676,0.365391,0.855323,0.516423,0.52814,-0.568474,-0.359001
0.068537,0.158046,-0.572662,-0.804525,-0.348943,-0.126641,0.365498,0.855298,0.516425,0.528156,-0.568476,-0.358969
0.068534,0.158184,-0.572766,-0.804427,-0.348803,-0.126673,0.365653,0.855285,0.516373,0.528245,-0.568488,-0.358895
0.06852,0.158228,-0.572944,-0.804293,-0.348676,-0.126643,0.365824,0.855267,0.516346,0.528282,-0.568523,-0.358819
0.068536,0.158333,-0.573092,-0.804167,-0.348532,-0.126595,0.365877,0.855311,0.516371,0.528311,-0.568508,-0.358763
0.068574,0.158358,-0.573151,-0.804117,-0.348472,-0.126439,0.365801,0.855389,0.516388,0.528289,-0.568505,-0.358777
0.068591,0.158305,-0.573102,-0.80416,-0.348368,-0.126319,0.365765,0.855463,0.516371,0.528301,-0.568484,-0.358818
0.068645,0.158201,-0.572973,-0.804266,-0.348275,-0.126335,0.365799,0.855484,0.516385,0.528261,-0.568433,-0.358941
0.068687,0.158161,-0.572949,-0.804286,-0.34826,-0.126442,0.366028,0.855378,0.516431,0.528187,-0.568429,-0.358991
0.068691,0.158259,-0.573106,-0.804156,-0.348244,-0.126584,0.366234,0.855277,0.51645,0.52816,-0.56841,-0.359037
0.068652,0.158387,-0.573295,-0.804002,-0.34829,-0.126729,0.366307,0.855208,0.516445,0.528153,-0.568402,-0.359065
0.068602,0.158405,-0.573361,-0.803956,-0.34836,-0.12678,0.366093,0.855264,0.516449,0.528158,-0.568411,-0.359038
0.068627,0.158299,-0.573237,-0.804061,-0.348402,-0.126851,0.365908,0.855317,0.516433,0.52819,-0.568418,-0.359001
0.068656,0.15817,-0.573007,-0.804246,-0.348516,-0.126895,0.365783,0.855318,0.516381,0.528254,-0.568446,-0.358937
0.068567,0.15818,-0.572851,-0.804363,-0.34864,-0.127012,0.365725,0.855277,0.516324,0.528321,-0.568462,-0.358893
0.06854,0.1582,-0.572834,-0.804376,-0.348725,-0.127133,0.365687,0.855241,0.516308,0.528349,-0.568494,-0.358823
0.068482,0.158268,-0.572857,-0.804352,-0.348789,-0.127258,0.365688,0.855198,0.516285,0.528327,-0.568519,-0.35885
0.068413,0.158354,-0.572907,-0.804307,-0.348867,-0.127269,0.365647,0.855181,0.516293,0.528259,-0.568562,-0.358873
0.06833,0.15841,-0.572874,-0.804328,-0.349014,-0.127172,0.365446,0.85522,0.516249,0.528232,-0.56856,-0.358984
0.068259,0.158345,-0.572721,-0.804454,-0.349056,-0.126996,0.365097,0.855376,0.516204,0.528181,-0.568587,-0.359087
0.068242,0.158257,-0.572499,-0.804631,-0.349049,-0.126891,0.364746,0.855544,0.516223,0.528112,-0.568566,-0.359198
0.068243,0.158115,-0.572235,-0.804844,-0.349081,-0.126777,0.364411,0.855688,0.516247,0.528059,-0.568551,-0.359267
0.068197,0.158112,-0.57208,-0.804959,-0.349088,-0.126793,0.364282,0.855738,0.51625,0.528032,-0.568541,-0.35932
0.068195,0.158084,-0.572098,-0.804952,-0.349032,-0.126842,0.364503,0.855661,0.516261,0.527993,-0.568582,-0.359297
0.068211,0.15815,-0.572301,-0.804793,-0.348876,-0.126946,0.364885,0.855548,0.516295,0.528044,-0.568569,-0.359188
0.068296,0.158203,-0.572534,-0.804611,-0.34876,-0.12693,0.365215,0.855456,0.516283,0.528134,-0.568557,-0.359087
0.068292,0.158295,-0.572829,-0.804384,-0.348663,-0.12683,0.365448,0.85541,0.516179,0.528301,-0.568539,-0.359019
0.068364,0.158241,-0.572912,-0.804327,-0.348506,-0.126627,0.365506,0.855476,0.516152,0.528371,-0.568584,-0.358879
0.068442,0.158124,-0.572911,-0.804342,-0.348403,-0.126368,0.365423,0.855588,0.516195,0.528446,-0.568535,-0.35878
0.068462,0.157974,-0.572812,-0.804437,-0.348294,-0.126065,0.365334,0.855711,0.516216,0.528467,-0.568503,-0.358768
0.068427,0.157833,-0.572713,-0.804535,-0.348201,-0.125903,0.365206,0.855825,0.516227,0.528462,-0.568458,-0.358832
0.068348,0.157695,-0.572586,-0.804658,-0.348161,-0.125792,0.365052,0.855923,0.516263,0.528391,-0.568415,-0.358955
0.068272,0.157612,-0.572501,-0.804739,-0.348159,-0.125676,0.364671,0.856102,0.51633,0.528282,-0.568384,-0.359074
0.06825,0.157531,-0.572307,-0.804894,-0.34823,-0.125491,0.364069,0.856354,0.516376,0.528133,-0.56836,-0.35927
0.068145,0.157471,-0.571993,-0.805138,-0.348318,-0.125284,0.363331,0.856659,0.516333,0.528053,-0.568372,-0.359439
0.068018,0.157309,-0.571546,-0.805496,-0.348462,-0.125111,0.362576,0.856944,0.516291,0.527965,-0.568443,-0.359522
0.067993,0.157176,-0.571034,-0.805887,-0.348594,-0.125015,0.362045,0.857128,0.516274,0.527977,-0.568436,-0.35954
0.068058,0.157058,-0.570746,-0.806105,-0.348725,-0.125085,0.361941,0.857109,0.516236,0.528045,-0.56845,-0.359471
0.068055,0.157189,-0.570797,-0.806048,-0.34879,-0.125335,0.362333,0.856883,0.516163,0.528141,-0.568498,-0.359355
0.068032,0.157362,-0.571095,-0.805807,-0.348865,-0.125627,0.362884,0.856581,0.51614,0.528227,-0.568487,-0.359275
0.068055,0.15764,-0.57154,-0.80544,-0.348836,-0.125883,0.363441,0.856322,0.516182,0.52826,-0.568483,-0.359168
0.068064,0.157834,-0.571903,-0.805147,-0.34876,-0.126054,0.363774,0.856188,0.516199,0.528275,-0.568507,-0.359081
0.068082,0.157914,-0.572109,-0.804983,-0.348701,-0.126141,0.36394,0.85613,0.516175,0.528329,-0.568529,-0.358998
0.06808,0.157806,-0.572163,-0.804964,-0.348656,-0.126078,0.363959,0.856149,0.516159,0.528305,-0.568565,-0.358999
0.068104,0.157682,-0.572139,-0.805,-0.34863,-0.125886,0.363836,0.856237,0.516193,0.528266,-0.568548,-0.359038
0.068132,0.157509,-0.572053,-0.80509,-0.3486,-0.125673,0.363657,0.856355,0.516242,0.528166,-0.56853,-0.359147
0.068214,0.157297,-0.571918,-0.805216,-0.348572,-0.125466,0.363482,0.856467,0.516251,0.528063,-0.56852,-0.359305
0.068314,0.157082,-0.571858,-0.805287,-0.348591,-0.125301,0.363428,0.856504,0.516344,0.527895,-0.568524,-0.359414
0.068364,0.156978,-0.571842,-0.805312,-0.348565,-0.125238,0.363548,0.856472,0.516406,0.527853,-0.568497,-0.359429
0.068453,0.156917,-0.57186,-0.805302,-0.348559,-0.125217,0.363648,0.856435,0.516463,0.527845,-0.568507,-0.359337
0.068463,0.156898,-0.571902,-0.805274,-0.348492,-0.125254,0.363706,0.856433,0.516487,0.52791,-0.568506,-0.359206
0.068485,0.156895,-0.571956,-0.805234,-0.348399,-0.125413,0.363861,0.856385,0.516464,0.528007,-0.568542,-0.359033
0.068442,0.156972,-0.572045,-0.805161,-0.34822,-0.125688,0.364085,0.856325,0.516423,0.528177,-0.568555,-0.35881
0.068403,0.157046,-0.572095,-0.805116,-0.348139,-0.126042,0.364202,0.856262,0.516375,0.528338,-0.56857,-0.358614
0.068255,0.157213,-0.572134,-0.805073,-0.348057,-0.126323,0.364284,0.856224,0.516302,0.528519,-0.568549,-0.358481
0.068233,0.157279,-0.572181,-0.805029,-0.348037,-0.126563,0.36429,0.856197,0.516288,0.528526,-0.56856,-0.358472
0.068145,0.157327,-0.572199,-0.805015,-0.348054,-0.126723,0.364229,0.856196,0.516272,0.528504,-0.568566,-0.358523
0.068101,0.157274,-0.572172,-0.805048,-0.348183,-0.126765,0.364063,0.856208,0.516288,0.528418,-0.568576,-0.358614
0.068012,0.157258,-0.572066,-0.805135,-0.348358,-0.126751,0.363862,0.856223,0.516267,0.528295,-0.568593,-0.358807
0.067983,0.157134,-0.571852,-0.805311,-0.348514,-0.126622,0.363674,0.856257,0.516278,0.52813,-0.568621,-0.358995
0.068,0.15701,-0.571756,-0.8054,-0.348697,-0.126427,0.363509,0.856278,0.516294,0.52801,-0.56864,-0.359125
0.067967,0.15689,-0.571705,-0.80546,-0.348834,-0.126188,0.363355,0.856319,0.516301,0.527911,-0.568679,-0.359201
0.06794,0.156772,-0.571598,-0.805558,-0.348956,-0.125876,0.363193,0.856379,0.516269,0.52791,-0.568698,-0.35922
0.067974,0.156598,-0.571535,-0.805631,-0.348967,-0.125573,0.363147,0.856433,0.516256,0.527899,-0.568734,-0.359198
0.068046,0.156499,-0.571496,-0.805669,-0.34897,-0.125278,0.363214,0.856443,0.516253,0.527958,-0.568714,-0.359143
0.068096,0.156384,-0.571567,-0.805634,-0.348986,-0.125053,0.363334,0.856414,0.516272,0.528023,-0.568671,-0.359086
0.068071,0.156389,-0.571663,-0.805567,-0.348922,-0.124935,0.363559,0.85636,0.51625,0.528103,-0.568629,-0.359065
0.068112,0.156351,-0.571845,-0.80544,-0.348866,-0.124849,0.363808,0.856288,0.516298,0.5281,-0.568601,-0.359042
0.068158,0.156309,-0.572075,-0.80528,-0.348747,-0.124858,0.36406,0.856228,0.516319,0.528122,-0.56856,-0.359045
0.068179,0.156298,-0.57232,-0.805105,-0.348711,-0.124799,0.364234,0.856177,0.516384,0.528052,-0.568573,-0.359032
0.068183,0.156283,-0.572488,-0.804988,-0.348631,-0.124709,0.364281,0.856201,0.516387,0.528027,-0.568564,-0.359081
0.068194,0.156182,-0.572492,-0.805,-0.348579,-0.124398,0.364141,0.856323,0.516408,0.527928,-0.568577,-0.359178
0.068217,0.156022,-0.572334,-0.805139,-0.348508,-0.124038,0.363949,0.85648,0.516423,0.527819,-0.568589,-0.359304
0.06824,0.155862,-0.572141,-0.805303,-0.348468,-0.123772,0.363773,0.856606,0.516451,0.527727,-0.568549,-0.359467
0.068194,0.155797,-0.572038,-0.805391,-0.34842,-0.123682,0.363783,0.856634,0.516437,0.527718,-0.568529,-0.359537
0.06824,0.155773,-0.572085,-0.805357,-0.348369,-0.123803,0.363951,0.856568,0.516433,0.527705,-0.568545,-0.359535
0.06825,0.155885,-0.572221,-0.805239,-0.348269,-0.124063,0.364221,0.85646,0.51641,0.527775,-0.56855,-0.359457
0.068271,0.156044,-0.572445,-0.805051,-0.348214,-0.124272,0.36443,0.856366,0.516387,0.527859,-0.568579,-0.359315
0.068217,0.156222,-0.572553,-0.804948,-0.348224,-0.124474,0.364531,0.856292,0.516281,0.528004,-0.568592,-0.359234
0.068169,0.156261,-0.572551,-0.804947,-0.3483,-0.124615,0.364522,0.856247,0.516254,0.528081,-0.568602,-0.359137
0.068147,0.156266,-0.572525,-0.804967,-0.348383,-0.124632,0.364496,0.856222,0.516211,0.528167,-0.568625,-0.359037
0.068144,0.156268,-0.572451,-0.80502,-0.348529,-0.124567,0.364356,0.856229,0.51623,0.528141,-0.56864,-0.359021
0.068125,0.156261,-0.572382,-0.805072,-0.348677,-0.124426,0.364268,0.856224,0.51622,0.528112,-0.568658,-0.359051
0.068175,0.156128,-0.572304,-0.805146,-0.34879,-0.124228,0.364186,0.85624,0.516232,0.528029,-0.568681,-0.359122
0.068171,0.155996,-0.572226,-0.805224,-0.348914,-0.123986,0.364076,0.856266,0.516287,0.527934,-0.568677,-0.359189
0.068233,0.155843,-0.572158,-0.805295,-0.349004,-0.123644,0.363893,0.856351,0.516342,0.527907,-0.568625,-0.359234
0.06821,0.155691,-0.572088,-0.805372,-0.349111,-0.12336,0.363673,0.856438,0.516386,0.527883,-0.568557,-0.359312
0.068266,0.155481,-0.572022,-0.80545,-0.349166,-0.123077,0.363517,0.856519,0.516464,0.527784,-0.568543,-0.359371
0.068305,0.155361,-0.57198,-0.805497,-0.349236,-0.122873,0.363433,0.856551,0.516537,0.527719,-0.568518,-0.359399
0.068386,0.155285,-0.571999,-0.805489,-0.349263,-0.122776,0.36358,0.856489,0.516608,0.527595,-0.568543,-0.35944
0.068427,0.155339,-0.57214,-0.805376,-0.349301,-0.122832,0.363807,0.85637,0.516609,0.527537,-0.568571,-0.359481
0.068501,0.155352,-0.572316,-0.805242,-0.34924,-0.122937,0.364064,0.856272,0.516633,0.52747,-0.568601,-0.359501
0.068585,0.155373,-0.572463,-0.805126,-0.349145,-0.123013,0.364272,0.856213,0.516672,0.527515,-0.568564,-0.359433
0.068622,0.155379,-0.572585,-0.805034,-0.349091,-0.123023,0.364378,0.856188,0.516646,0.527631,-0.568557,-0.359306
0.068635,0.155364,-0.572542,-0.805067,-0.34899,-0.122899,0.364347,0.856259,0.516627,0.527758,-0.568527,-0.35919
0.068637,0.155214,-0.5724,-0.805194,-0.348862,-0.122788,0.364262,0.856363,0.516607,0.527925,-0.568465,-0.359066
0.068568,0.155005,-0.572261,-0.805335,-0.348724,-0.122738,0.364262,0.856426,0.516607,0.528014,-0.56844,-0.358971
0.068547,0.154872,-0.572172,-0.805422,-0.348631,-0.122772,0.364268,0.856457,0.516644,0.528018,-0.568431,-0.358925
0.06846,0.154912,-0.572187,-0.805413,-0.348568,-0.122942,0.364282,0.856456,0.516588,0.528021,-0.56843,-0.359007
0.068382,0.155014,-0.572285,-0.805333,-0.348528,-0.123141,0.364337,0.856422,0.516579,0.527901,-0.568462,-0.359149
0.068371,0.15514,-0.572421,-0.805215,-0.348602,-0.123281,0.364376,0.856357,0.516618,0.527705,-0.568521,-0.359296
0.06833,0.155314,-0.572557,-0.805092,-0.3487,-0.123395,0.364267,0.856349,0.516588,0.527559,-0.568612,-0.359412
0.068304,0.155472,-0.572546,-0.805074,-0.348904,-0.123497,0.364123,0.856314,0.516482,0.527523,-0.568687,-0.359506
0.068307,0.155478,-0.572447,-0.805144,-0.349074,-0.123533,0.363916,0.856328,0.516408,0.527492,-0.568738,-0.359584
0.068313,0.155421,-0.572345,-0.805226,-0.349244,-0.123499,0.363742,0.856337,0.51639,0.527533,-0.568734,-0.359555
0.068349,0.155366,-0.572308,-0.805258,-0.349377,-0.123406,0.363714,0.856305,0.516379,0.527614,-0.568743,-0.359432
0.068313,0.155418,-0.572272,-0.805278,-0.34947,-0.123285,0.363641,0.856314,0.516379,0.527697,-0.568732,-0.359324
0.068317,0.155356,-0.572276,-0.805285,-0.349488,-0.123167,0.363498,0.856383,0.516402,0.527764,-0.568709,-0.359225
0.068346,0.155267,-0.572214,-0.805343,-0.349438,-0.122986,0.363397,0.856468,0.516433,0.527803,-0.568686,-0.359153
0.068364,0.155209,-0.572151,-0.805396,-0.349396,-0.122864,0.363298,0.856544,0.51646,0.527833,-0.56868,-0.359079
0.068317,0.1552,-0.572126,-0.80542,-0.349367,-0.12291,0.363222,0.856583,0.516454,0.527871,-0.568662,-0.359059
0.068317,0.155145,-0.572137,-0.805421,-0.349329,-0.122927,0.363328,0.856551,0.516484,0.527837,-0.568673,-0.359045
0.068341,0.155128,-0.572185,-0.805388,-0.349265,-0.123054,0.363568,0.856459,0.516488,0.527803,-0.568716,-0.359023
0.068331,0.155146,-0.572314,-0.805294,-0.349187,-0.123191,0.363829,0.856362,0.51651,0.527751,-0.568746,-0.359017
0.068293,0.155226,-0.57246,-0.805179,-0.349131,-0.123241,0.364102,0.856261,0.516504,0.527709,-0.568763,-0.359063
0.068301,0.155269,-0.572597,-0.805073,-0.349058,-0.123143,0.364248,0.856242,0.516523,0.527662,-0.5688,-0.359045
0.06835,0.155291,-0.572669,-0.805013,-0.348952,-0.122986,0.364291,0.856288,0.516536,0.527621,-0.568839,-0.359026
0.068321,0.15518,-0.572641,-0.805055,-0.348923,-0.122848,0.364241,0.856339,0.516541,0.527672,-0.568801,-0.359003
0.068242,0.155133,-0.572512,-0.805162,-0.348922,-0.122706,0.364163,0.856391,0.516507,0.527745,-0.568781,-0.358975
0.06819,0.155078,-0.57239,-0.805263,-0.348917,-0.122687,0.364085,0.856428,0.516476,0.527781,-0.56879,-0.358954
0.068166,0.155087,-0.572389,-0.805265,-0.348864,-0.122793,0.364035,0.856458,0.516435,0.527808,-0.568823,-0.358919
0.068049,0.155111,-0.572368,-0.805285,-0.348846,-0.12287,0.363972,0.856482,0.516428,0.527802,-0.568844,-0.358903
0.067868,0.155265,-0.572371,-0.805272,-0.348868,-0.122943,0.363855,0.856513,0.516349,0.527826,-0.568916,-0.358869
0.067776,0.155335,-0.572376,-0.805266,-0.348892,-0.123078,0.363762,0.856526,0.516329,0.527798,-0.568956,-0.358878
0.067702,0.155389,-0.57235,-0.805281,-0.34891,-0.123277,0.363765,0.856492,0.516299,0.527814,-0.56898,-0.358859
0.067689,0.15543,-0.572368,-0.805263,-0.348983,-0.123467,0.363789,0.856427,0.516272,0.527777,-0.569008,-0.358911
0.06764,0.155532,-0.572411,-0.805219,-0.349078,-0.123674,0.363926,0.856303,0.516227,0.527774,-0.569009,-0.358983
0.067658,0.155588,-0.572504,-0.805141,-0.349153,-0.123764,0.364137,0.856171,0.51618,0.527645,-0.569111,-0.359083
0.067734,0.155667,-0.572617,-0.805041,-0.349234,-0.123749,0.364291,0.856074,0.516147,0.527557,-0.569185,-0.359146
0.06784,0.155714,-0.572688,-0.804973,-0.34936,-0.123701,0.364317,0.856017,0.51612,0.527564,-0.569226,-0.359109
0.067855,0.155716,-0.572678,-0.804978,-0.349473,-0.123583,0.364205,0.856033,0.516101,0.52762,-0.569196,-0.359101
0.067935,0.155633,-0.572575,-0.805058,-0.349623,-0.123424,0.364021,0.856071,0.516135,0.527632,-0.569173,-0.359071
0.067993,0.155545,-0.572468,-0.805145,-0.3497,-0.123364,0.363958,0.856073,0.516127,0.527691,-0.569135,-0.359054
0.068087,0.155494,-0.572379,-0.805209,-0.349727,-0.123369,0.363985,0.856051,0.516147,0.527746,-0.569087,-0.359018
0.068154,0.15554,-0.572379,-0.805195,-0.349673,-0.123452,0.364147,0.855993,0.516168,0.527795,-0.569039,-0.358989
0.068174,0.155578,-0.572476,-0.805118,-0.349576,-0.123565,0.364377,0.85592,0.516174,0.527836,-0.569038,-0.35892
0.068263,0.155673,-0.572621,-0.80499,-0.349395,-0.123662,0.364657,0.855862,0.516124,0.527909,-0.569038,-0.358883
0.068325,0.155835,-0.57281,-0.804822,-0.349283,-0.123743,0.364904,0.855793,0.51609,0.527911,-0.569065,-0.358889
0.06831,0.156017,-0.572998,-0.804657,-0.349157,-0.123757,0.365012,0.855795,0.516105,0.52791,-0.569053,-0.358888
0.06834,0.155976,-0.572966,-0.804684,-0.349048,-0.123781,0.36504,0.855826,0.516054,0.527944,-0.569062,-0.358898
0.068372,0.155928,-0.572855,-0.804768,-0.348931,-0.123845,0.365067,0.855854,0.516045,0.527977,-0.56905,-0.358881
0.068385,0.155894,-0.572797,-0.804815,-0.348879,-0.124,0.365086,0.855847,0.516041,0.527989,-0.56903,-0.358901
0.06828,0.155945,-0.572813,-0.804805,-0.348915,-0.124133,0.365086,0.855815,0.515954,0.528097,-0.569017,-0.35889
0.068133,0.155964,-0.57284,-0.804795,-0.348948,-0.124255,0.364975,0.855834,0.51593,0.528078,-0.569033,-0.358928
0.068096,0.155978,-0.572793,-0.804829,-0.348995,-0.124448,0.36485,0.855842,0.515928,0.528074,-0.569039,-0.358929
0.068073,0.155921,-0.572601,-0.804979,-0.349134,-0.124684,0.364701,0.855818,0.515873,0.528048,-0.56909,-0.358967
0.068021,0.155846,-0.57238,-0.805154,-0.34925,-0.124853,0.364518,0.855827,0.515816,0.528058,-0.569098,-0.359026
0.067968,0.155773,-0.572182,-0.805313,-0.349407,-0.125029,0.364387,0.855795,0.515834,0.528016,-0.569101,-0.359059
0.067932,0.155682,-0.572016,-0.80545,-0.34943,-0.125309,0.36434,0.855769,0.515832,0.527949,-0.569124,-0.359125
0.067916,0.155705,-0.571949,-0.805495,-0.349493,-0.125469,0.364401,0.855696,0.515835,0.527887,-0.569168,-0.359144
0.067869,0.155764,-0.571962,-0.80548,-0.349495,-0.125599,0.364514,0.85563,0.515811,0.527894,-0.569151,-0.359197
0.067797,0.155833,-0.571961,-0.805475,-0.349495,-0.125688,0.364612,0.855576,0.515811,0.527853,-0.569172,-0.359225
0.067692,0.155872,-0.572024,-0.805433,-0.34945,-0.125711,0.364633,0.855582,0.515822,0.527862,-0.569164,-0.359207
0.067627,0.155866,-0.57198,-0.805471,-0.349391,-0.125676,0.364441,0.855693,0.515855,0.527841,-0.569156,-0.359202
0.067567,0.155866,-0.571869,-0.805554,-0.349395,-0.125567,0.364224,0.855799,0.515852,0.527842,-0.569151,-0.359213
0.067581,0.155686,-0.571696,-0.805708,-0.349447,-0.125506,0.364118,0.855831,0.515854,0.52778,-0.56918,-0.359257
0.067632,0.155603,-0.571606,-0.805782,-0.349488,-0.125529,0.364248,0.855756,0.515868,0.52777,-0.569173,-0.359263
0.067757,0.155606,-0.571623,-0.805758,-0.349465,-0.125587,0.36449,0.855654,0.515861,0.527751,-0.569188,-0.35928
0.067874,0.155682,-0.571774,-0.805627,-0.34942,-0.125674,0.364754,0.855549,0.515827,0.52775,-0.56921,-0.359298
0.067936,0.155811,-0.571978,-0.805454,-0.349381,-0.125595,0.364947,0.855492,0.515851,0.527752,-0.5692,-0.359274
0.068027,0.155826,-0.572199,-0.805286,-0.34938,-0.125436,0.364982,0.855499,0.515837,0.527829,-0.569176,-0.359216
0.068115,0.155777,-0.572147,-0.805324,-0.349332,-0.12526,0.364863,0.855592,0.515819,0.527943,-0.569151,-0.35911
0.068154,0.155618,-0.572008,-0.805446,-0.349231,-0.125126,0.36477,0.855691,0.515764,0.528089,-0.569133,-0.358998
0.068159,0.15548,-0.571873,-0.805566,-0.349112,-0.125184,0.3648,0.85572,0.515744,0.528163,-0.569112,-0.358949
0.068136,0.155424,-0.57186,-0.805587,-0.348937,-0.125485,0.365087,0.855629,0.515758,0.528212,-0.569072,-0.358919
0.06803,0.155527,-0.572038,-0.805451,-0.348821,-0.125755,0.365359,0.855524,0.515816,0.528142,-0.569032,-0.359006
0.067929,0.155657,-0.572168,-0.805347,-0.348742,-0.125952,0.365482,0.855479,0.515804,0.528072,-0.569034,-0.359129
0.067855,0.155688,-0.572174,-0.805343,-0.348753,-0.126112,0.365459,0.855463,0.515802,0.527931,-0.569089,-0.359255
0.067792,0.155629,-0.571922,-0.805537,-0.348763,-0.126208,0.36534,0.855498,0.515798,0.52784,-0.569101,-0.359382
0.067768,0.155575,-0.571653,-0.805742,-0.348897,-0.126311,0.365128,0.855521,0.515773,0.527765,-0.569132,-0.359482
0.067683,0.155631,-0.571473,-0.805867,-0.349083,-0.126398,0.364907,0.855526,0.515701,0.527787,-0.569163,-0.359506
0.067676,0.15567,-0.5714,-0.805912,-0.349213,-0.126437,0.364711,0.855551,0.515688,0.527822,-0.569147,-0.359501
0.067668,0.155785,-0.571381,-0.805908,-0.34941,-0.126418,0.364614,0.855514,0.515633,0.527887,-0.569165,-0.359456
0.067674,0.155864,-0.57137,-0.805901,-0.349534,-0.126306,0.36445,0.855548,0.515601,0.527944,-0.569187,-0.359379
0.067666,0.155936,-0.571314,-0.805929,-0.349585,-0.126199,0.364244,0.855628,0.515596,0.528002,-0.569167,-0.359332
0.067762,0.155939,-0.571308,-0.805925,-0.349616,-0.126018,0.364162,0.855675,0.515619,0.528013,-0.569121,-0.359356
0.067856,0.155997,-0.57139,-0.805849,-0.349697,-0.125953,0.364234,0.85562,0.515667,0.527985,-0.569104,-0.359354
0.067956,0.156046,-0.57153,-0.805731,-0.349833,-0.125964,0.364381,0.855499,0.515702,0.527925,-0.569134,-0.359342
0.068104,0.156115,-0.571636,-0.80563,-0.349933,-0.126022,0.364635,0.855342,0.515708,0.527909,-0.569125,-0.359372
0.068179,0.156069,-0.571819,-0.805502,-0.350033,-0.126087,0.364897,0.855181,0.515728,0.527858,-0.569136,-0.359402
0.068298,0.15607,-0.57196,-0.80539,-0.350091,-0.126114,0.365211,0.855018,0.515777,0.527814,-0.569134,-0.359398
0.068407,0.156077,-0.572111,-0.805272,-0.350099,-0.12604,0.365474,0.854911,0.51586,0.527793,-0.569123,-0.359321
0.068498,0.156114,-0.572191,-0.8052,-0.349986,-0.125883,0.365573,0.854936,0.515863,0.527845,-0.56912,-0.359243
0.06863,0.156044,-0.572203,-0.805192,-0.349858,-0.125674,0.365741,0.854944,0.515929,0.527842,-0.569124,-0.359143
0.068607,0.15589,-0.572168,-0.805246,-0.349692,-0.125663,0.366046,0.854883,0.515946,0.527924,-0.56912,-0.358997
0.06863,0.155893,-0.572202,-0.805219,-0.349486,-0.125737,0.366403,0.854805,0.515956,0.528024,-0.569106,-0.358852
0.068555,0.155934,-0.572321,-0.805133,-0.349322,-0.1259,0.366696,0.854725,0.515931,0.528125,-0.569087,-0.358765
0.068405,0.156031,-0.572523,-0.804986,-0.349234,-0.126023,0.366706,0.854741,0.515993,0.528064,-0.569047,-0.358831
0.068298,0.156146,-0.572513,-0.804983,-0.349196,-0.126091,0.366404,0.854878,0.516082,0.527965,-0.569019,-0.358891
0.068228,0.156177,-0.572297,-0.805138,-0.349287,-0.126122,0.365914,0.855047,0.516123,0.527836,-0.569023,-0.359021
0.068164,0.156105,-0.571956,-0.8054,-0.349426,-0.126146,0.365401,0.855206,0.516133,0.527736,-0.56902,-0.359167
0.068122,0.156011,-0.571678,-0.805617,-0.349704,-0.126189,0.364966,0.855273,0.516158,0.527594,-0.569051,-0.359294
0.068094,0.156003,-0.57153,-0.805726,-0.349946,-0.126353,0.364758,0.85524,0.516207,0.527494,-0.569063,-0.35935
0.068114,0.156048,-0.571456,-0.805769,-0.350095,-0.126495,0.364628,0.855215,0.516248,0.527444,-0.569097,-0.359309
0.068141,0.156152,-0.571465,-0.805743,-0.350097,-0.126639,0.364713,0.855159,0.516222,0.527489,-0.569119,-0.359243
0.068196,0.156202,-0.571542,-0.805674,-0.350004,-0.126717,0.364942,0.855089,0.516164,0.527574,-0.569143,-0.359163
0.068196,0.15627,-0.571649,-0.805587,-0.349855,-0.126757,0.365296,0.854994,0.51612,0.52777,-0.569086,-0.359022
0.068254,0.156228,-0.571762,-0.805508,-0.349684,-0.126823,0.365703,0.854881,0.51613,0.527952,-0.569018,-0.358839
0.068317,0.156241,-0.571869,-0.805424,-0.349508,-0.126938,0.366102,0.854767,0.516081,0.528106,-0.569001,-0.358708
0.068419,0.15621,-0.572039,-0.805299,-0.349423,-0.12704,0.366521,0.854608,0.516062,0.528138,-0.56903,-0.358641
0.068448,0.156228,-0.572237,-0.805152,-0.349328,-0.127165,0.366908,0.854464,0.516087,0.528105,-0.569033,-0.358649
0.068452,0.15625,-0.572395,-0.805035,-0.349268,-0.127154,0.36698,0.85446,0.516084,0.528012,-0.569069,-0.358736
0.068474,0.156277,-0.572421,-0.80501,-0.349201,-0.127013,0.366895,0.854542,0.516083,0.527942,-0.569044,-0.358886
0.068479,0.156169,-0.57231,-0.805107,-0.349153,-0.126738,0.366674,0.854693,0.516097,0.527771,-0.569078,-0.359069
0.068484,0.156014,-0.572136,-0.805258,-0.349077,-0.12648,0.366465,0.85485,0.516129,0.527649,-0.569055,-0.359245
0.068505,0.155894,-0.57198,-0.805388,-0.349038,-0.126345,0.366257,0.854972,0.516165,0.527537,-0.569015,-0.359429
0.068432,0.155963,-0.571933,-0.805416,-0.34903,-0.126345,0.366143,0.855025,0.516173,0.527521,-0.568959,-0.359532
0.068397,0.156041,-0.571892,-0.805436,-0.349081,-0.126373,0.365928,0.855092,0.516156,0.527552,-0.568919,-0.359576
0.06831,0.156159,-0.57188,-0.805432,-0.349131,-0.126394,0.365676,0.855177,0.516171,0.527618,-0.568894,-0.359492
0.06827,0.156228,-0.571801,-0.805479,-0.349178,-0.126455,0.365456,0.855245,0.516177,0.527733,-0.56888,-0.359333
0.068205,0.156276,-0.571677,-0.805565,-0.349198,-0.126586,0.365355,0.855262,0.516126,0.527959,-0.568821,-0.359159
0.068166,0.156256,-0.571563,-0.805654,-0.349243,-0.126842,0.365387,0.855196,0.516067,0.528149,-0.568796,-0.359001
0.068093,0.156347,-0.571617,-0.805605,-0.349325,-0.127052,0.365428,0.855116,0.516045,0.528256,-0.568798,-0.358868
0.068084,0.156432,-0.571757,-0.805491,-0.349394,-0.127202,0.365475,0.855047,0.516063,0.528275,-0.568815,-0.358781
0.068083,0.156498,-0.571801,-0.805449,-0.349489,-0.127255,0.365482,0.854998,0.516053,0.52832,-0.568804,-0.358745
0.068118,0.156379,-0.571717,-0.805526,-0.349522,-0.127142,0.365369,0.855048,0.516067,0.528241,-0.568828,-0.358808
0.0682,0.156233,-0.57158,-0.805642,-0.349541,-0.126838,0.365166,0.855167,0.516117,0.528122,-0.568834,-0.358903
0.06822,0.156079,-0.571417,-0.805783,-0.349567,-0.126535,0.364939,0.855294,0.51619,0.527975,-0.568806,-0.359065
0.06822,0.155967,-0.571302,-0.805883,-0.349559,-0.126268,0.364791,0.855397,0.516196,0.527897,-0.568794,-0.359192
0.068239,0.155844,-0.571221,-0.80596,-0.34959,-0.126157,0.364788,0.8554,0.516246,0.527813,-0.568796,-0.359243
0.068321,0.15579,-0.571251,-0.805942,-0.349585,-0.126166,0.364922,0.855343,0.516292,0.527776,-0.568769,-0.359275
0.068346,0.155833,-0.571336,-0.805872,-0.349649,-0.126409,0.36512,0.8552,0.51631,0.527806,-0.568729,-0.359264
0.068349,0.155957,-0.571437,-0.805778,-0.349712,-0.126742,0.365329,0.85504,0.516315,0.527825,-0.568759,-0.35918
0.068388,0.156093,-0.571581,-0.805649,-0.349726,-0.126951,0.365539,0.854916,0.516269,0.52789,-0.568795,-0.359092
0.068434,0.156172,-0.571688,-0.805554,-0.34967,-0.127052,0.365732,0.854843,0.516257,0.527928,-0.568854,-0.358954
0.068448,0.156263,-0.571787,-0.805467,-0.349615,-0.127027,0.365783,0.854847,0.516231,0.527977,-0.568857,-0.358913
0.068378,0.156377,-0.57175,-0.805481,-0.349609,-0.126915,0.365708,0.854897,0.516192,0.528095,-0.568818,-0.358855
0.068355,0.156334,-0.571651,-0.80556,-0.349587,-0.126841,0.365684,0.854926,0.516212,0.52815,-0.568775,-0.35881
0.068347,0.15628,-0.571642,-0.805576,-0.349545,-0.126824,0.365698,0.85494,0.516245,0.528174,-0.568748,-0.358772
0.068339,0.156279,-0.571655,-0.805569,-0.349586,-0.126662,0.36553,0.855017,0.516255,0.528182,-0.568719,-0.358789
0.068268,0.156274,-0.571669,-0.805565,-0.349598,-0.126456,0.36534,0.85512,0.516295,0.528167,-0.568695,-0.358793
0.06825,0.156202,-0.571604,-0.805626,-0.349603,-0.126311,0.365081,0.855248,0.516358,0.528067,-0.568705,-0.358832
0.068219,0.156106,-0.571452,-0.805754,-0.349645,-0.126275,0.364901,0.855313,0.51637,0.528026,-0.568737,-0.358825
0.068212,0.156078,-0.571336,-0.805841,-0.349701,-0.126374,0.364822,0.855311,0.51637,0.528023,-0.568739,-0.358825
0.068172,0.156079,-0.571292,-0.805875,-0.349725,-0.126511,0.364876,0.85526,0.516321,0.528038,-0.568765,-0.358834
0.068177,0.156158,-0.571322,-0.805841,-0.349767,-0.126674,0.36501,0.855163,0.516315,0.528008,-0.568793,-0.358846
0.06815,0.156249,-0.571438,-0.805744,-0.349789,-0.12679,0.365185,0.855064,0.516336,0.527917,-0.56884,-0.358872
0.068166,0.156308,-0.571561,-0.805646,-0.349806,-0.1269,0.36527,0.855006,0.51632,0.527876,-0.568871,-0.358909
0.068095,0.156433,-0.571562,-0.805629,-0.349771,-0.127025,0.365253,0.855011,0.516313,0.527849,-0.568877,-0.358954
0.068098,0.156492,-0.571542,-0.805634,-0.3498,-0.12719,0.365184,0.855007,0.516332,0.527773,-0.568885,-0.359026
0.068114,0.156544,-0.571457,-0.805683,-0.349801,-0.127349,0.365194,0.854981,0.516376,0.527726,-0.568876,-0.359045
0.068098,0.156643,-0.571479,-0.805652,-0.349852,-0.127556,0.365285,0.854892,0.516396,0.527774,-0.568831,-0.359018
0.068134,0.156824,-0.571559,-0.80556,-0.349866,-0.127803,0.365404,0.854803,0.516347,0.527889,-0.568831,-0.358914
0.068229,0.15697,-0.571708,-0.805421,-0.349807,-0.128009,0.365645,0.854697,0.516336,0.527988,-0.568848,-0.358753
0.068243,0.157122,-0.571914,-0.805247,-0.349765,-0.128162,0.365903,0.854582,0.516331,0.528058,-0.568857,-0.358639
0.068337,0.157259,-0.572114,-0.805072,-0.349731,-0.128126,0.366072,0.854529,0.516327,0.528113,-0.568863,-0.358551
0.068365,0.157333,-0.572196,-0.804997,-0.349721,-0.127935,0.366089,0.854551,0.516281,0.52818,-0.568855,-0.35853
0.06847,0.157275,-0.572127,-0.805048,-0.349686,-0.127719,0.366028,0.854621,0.516309,0.528183,-0.568821,-0.358539
0.068535,0.157123,-0.571991,-0.805166,-0.349671,-0.127506,0.365937,0.854694,0.516305,0.528226,-0.56876,-0.358578
0.068549,0.156971,-0.571865,-0.80528,-0.349718,-0.12729,0.365755,0.854782,0.516358,0.528271,-0.568708,-0.358515
0.068501,0.156893,-0.571728,-0.805396,-0.349789,-0.127119,0.365556,0.854861,0.51633,0.528309,-0.568693,-0.358523
0.068425,0.15685,-0.571658,-0.80546,-0.349862,-0.127008,0.36528,0.854964,0.516339,0.528285,-0.56872,-0.358503
0.068411,0.156843,-0.571524,-0.805558,-0.349879,-0.127009,0.364971,0.85509,0.516342,0.528281,-0.568745,-0.358462
0.068313,0.156824,-0.571355,-0.80569,-0.34991,-0.127056,0.364684,0.855193,0.516324,0.52829,-0.568765,-0.358445
0.068194,0.156924,-0.571188,-0.805802,-0.350027,-0.127183,0.36456,0.855181,0.516208,0.528377,-0.568809,-0.358414
0.068119,0.156985,-0.571112,-0.805853,-0.350136,-0.127446,0.364592,0.855087,0.516172,0.528364,-0.56885,-0.358423
0.068074,0.157097,-0.571113,-0.805837,-0.350191,-0.127796,0.364774,0.854939,0.516191,0.52831,-0.568848,-0.358479
0.068055,0.157248,-0.571194,-0.805754,-0.35016,-0.128092,0.365177,0.85474,0.5162,0.528233,-0.568874,-0.35854
0.067983,0.157468,-0.571356,-0.805606,-0.350139,-0.128265,0.365485,0.854593,0.51621,0.528167,-0.568885,-0.358612
0.067975,0.157595,-0.571498,-0.805485,-0.350086,-0.128467,0.365762,0.854468,0.516195,0.528091,-0.568943,-0.358655
0.068027,0.157665,-0.571612,-0.805386,-0.350004,-0.12859,0.366059,0.854358,0.516208,0.528046,-0.568957,-0.358678
0.068137,0.157698,-0.571662,-0.805335,-0.350005,-0.128676,0.366319,0.854234,0.516276,0.528006,-0.568928,-0.358687
0.068178,0.157743,-0.571754,-0.805258,-0.350042,-0.128633,0.366482,0.854155,0.516268,0.527997,-0.568928,-0.35871
0.068269,0.15773,-0.571805,-0.805216,-0.350137,-0.12849,0.366413,0.854165,0.516313,0.527947,-0.568923,-0.358728
0.068419,0.157581,-0.571772,-0.805253,-0.350256,-0.128244,0.366307,0.854194,0.516345,0.52793,-0.568898,-0.358746
0.068556,0.157371,-0.571626,-0.80538,-0.350333,-0.128001,0.366098,0.854286,0.516368,0.527991,-0.568835,-0.358721
0.068635,0.157137,-0.571497,-0.805507,-0.350358,-0.127629,0.365827,0.85444,0.516325,0.528103,-0.568777,-0.358707
0.068724,0.156967,-0.571378,-0.805613,-0.350301,-0.127149,0.365512,0.854664,0.516331,0.528184,-0.568738,-0.358639
0.068778,0.156783,-0.571219,-0.805753,-0.35017,-0.126821,0.365295,0.854855,0.516351,0.528258,-0.568667,-0.358612
0.068697,0.156626,-0.571049,-0.805908,-0.350027,-0.126689,0.365137,0.855,0.516382,0.528294,-0.568623,-0.358584
0.068567,0.156633,-0.570985,-0.805964,-0.349829,-0.126829,0.365225,0.855025,0.516341,0.528358,-0.56861,-0.35857
0.068431,0.156709,-0.57104,-0.805924,-0.349663,-0.127166,0.365512,0.854926,0.516306,0.528339,-0.568629,-0.35862
0.068251,0.156945,-0.571244,-0.805754,-0.349547,-0.127518,0.365795,0.854805,0.516326,0.528237,-0.568656,-0.358703
0.06808,0.157204,-0.571473,-0.805562,-0.349473,-0.127808,0.365849,0.854773,0.516276,0.528178,-0.568731,-0.358744
0.067923,0.157409,-0.571521,-0.805505,-0.349442,-0.128042,0.365801,0.854776,0.516178,0.528135,-0.568814,-0.358823
0.0678,0.157446,-0.571389,-0.805604,-0.349539,-0.128215,0.365606,0.854796,0.516135,0.52806,-0.568888,-0.358883
0.06774,0.157355,-0.571194,-0.805763,-0.349663,-0.128342,0.365464,0.854788,0.516118,0.528011,-0.568956,-0.358871
0.067739,0.157305,-0.571093,-0.805844,-0.349827,-0.128385,0.365311,0.854781,0.51609,0.528005,-0.56899,-0.358869
0.067719,0.157288,-0.571021,-0.8059,-0.350009,-0.128285,0.365211,0.854762,0.516059,0.528011,-0.568997,-0.358895
0.067667,0.157191,-0.571043,-0.805905,-0.350114,-0.128137,0.3651,0.854786,0.516044,0.528027,-0.568982,-0.358916
0.067735,0.157117,-0.571005,-0.80594,-0.350221,-0.127977,0.365032,0.854793,0.516062,0.528101,-0.56892,-0.358876
0.067804,0.157081,-0.570999,-0.805943,-0.350293,-0.12793,0.365047,0.854762,0.516078,0.528126,-0.568909,-0.358831
0.067848,0.157127,-0.571004,-0.805929,-0.350364,-0.127864,0.365072,0.854731,0.516066,0.528183,-0.568886,-0.358801
0.06792,0.157199,-0.571024,-0.805896,-0.350455,-0.127843,0.365188,0.854646,0.516017,0.528214,-0.568936,-0.358744
0.068007,0.157329,-0.571156,-0.805771,-0.350505,-0.12794,0.365425,0.854511,0.516046,0.528214,-0.568962,-0.358658
0.068053,0.15749,-0.571362,-0.805592,-0.350544,-0.128056,0.365724,0.854351,0.516066,0.528231,-0.568975,-0.358582
0.068134,0.157668,-0.571565,-0.80541,-0.350549,-0.128282,0.366071,0.85417,0.516075,0.528257,-0.568991,-0.358504
0.068229,0.157764,-0.571735,-0.805264,-0.350471,-0.128381,0.366273,0.854101,0.516063,0.52834,-0.568964,-0.358435
0.06819,0.157765,-0.571783,-0.805233,-0.350421,-0.128268,0.366271,0.854138,0.51611,0.528393,-0.568905,-0.358379
0.06814,0.157766,-0.571697,-0.805299,-0.350344,-0.127951,0.366011,0.854324,0.516113,0.528432,-0.568902,-0.358323
0.068071,0.157665,-0.571477,-0.805479,-0.350274,-0.127616,0.36578,0.854498,0.516035,0.528518,-0.568878,-0.35835
0.068024,0.157519,-0.571265,-0.805659,-0.350142,-0.127419,0.365644,0.854637,0.516037,0.528485,-0.568887,-0.358381
0.067968,0.157492,-0.571129,-0.805766,-0.350048,-0.127437,0.365727,0.854638,0.516008,0.528441,-0.56892,-0.358438
0.067919,0.157565,-0.571204,-0.805704,-0.349988,-0.127549,0.365948,0.854553,0.515952,0.528378,-0.568943,-0.358581
0.067883,0.157818,-0.571385,-0.805534,-0.349959,-0.12777,0.366197,0.854428,0.515902,0.528272,-0.568998,-0.35873
0.067866,0.157985,-0.571586,-0.805363,-0.350015,-0.12804,0.366365,0.854297,0.515906,0.528173,-0.56901,-0.358855
0.067884,0.158114,-0.571639,-0.805302,-0.350051,-0.128298,0.366467,0.854203,0.515877,0.528171,-0.569034,-0.358864
0.067899,0.158173,-0.57156,-0.805346,-0.350161,-0.128462,0.366351,0.854186,0.515831,0.528244,-0.569027,-0.358834
0.067868,0.158169,-0.571403,-0.805461,-0.350305,-0.128609,0.36609,0.854218,0.515738,0.528413,-0.569046,-0.358686
0.067848,0.158085,-0.571207,-0.805617,-0.350455,-0.128696,0.36587,0.854239,0.5157,0.528521,-0.569051,-0.358568
0.067818,0.158007,-0.570992,-0.805786,-0.350546,-0.128657,0.365745,0.85426,0.515674,0.528659,-0.569043,-0.358412
0.067749,0.157932,-0.5709,-0.805871,-0.350647,-0.128478,0.365566,0.854319,0.515675,0.52873,-0.569058,-0.358274
0.067617,0.157943,-0.570787,-0.805962,-0.350712,-0.128349,0.365359,0.854399,0.515615,0.528812,-0.569043,-0.358264
0.067552,0.157925,-0.570751,-0.805996,-0.350748,-0.128306,0.365192,0.854461,0.515609,0.528734,-0.569096,-0.358305
0.067537,0.157868,-0.57068,-0.806057,-0.350719,-0.128335,0.365129,0.854496,0.515638,0.528642,-0.569117,-0.35837
0.067478,0.157857,-0.570725,-0.806033,-0.350769,-0.128384,0.365174,0.85445,0.515666,0.528514,-0.569121,-0.358517
0.067386,0.15798,-0.570761,-0.805993,-0.350808,-0.128406,0.365201,0.854419,0.515638,0.528436,-0.569139,-0.35865
0.067407,0.15806,-0.570922,-0.805864,-0.350804,-0.128447,0.365292,0.854376,0.515702,0.528251,-0.569177,-0.358773
0.067423,0.158111,-0.571016,-0.805786,-0.350789,-0.128462,0.365509,0.854287,0.515705,0.528203,-0.569199,-0.358806
0.067423,0.158169,-0.571187,-0.805654,-0.350707,-0.128462,0.365668,0.854252,0.515724,0.528175,-0.569232,-0.358764
0.067451,0.158231,-0.571318,-0.805547,-0.350601,-0.128417,0.365773,0.854258,0.515678,0.528277,-0.569228,-0.358686
0.067479,0.158154,-0.571444,-0.805469,-0.350496,-0.128271,0.36578,0.854318,0.515606,0.528388,-0.569256,-0.358579
0.067501,0.158116,-0.571466,-0.805458,-0.350389,-0.128047,0.365711,0.854422,0.515615,0.528433,-0.56925,-0.358506
0.067483,0.157983,-0.571365,-0.805555,-0.350321,-0.127861,0.365573,0.854534,0.515628,0.528478,-0.569229,-0.358451
0.067484,0.157834,-0.571128,-0.805749,-0.350259,-0.127904,0.365397,0.854631,0.515647,0.528567,-0.569163,-0.358396
0.067535,0.157696,-0.570948,-0.805897,-0.350148,-0.127991,0.36528,0.854715,0.515684,0.528553,-0.569151,-0.358382
0.067455,0.157676,-0.570846,-0.80598,-0.350116,-0.128139,0.365299,0.8547,0.515723,0.528548,-0.56912,-0.35838
0.067348,0.157731,-0.570806,-0.806009,-0.350098,-0.128369,0.365308,0.854671,0.515783,0.528534,-0.569092,-0.358356
0.067246,0.157888,-0.570735,-0.80604,-0.350057,-0.128554,0.365219,0.854702,0.515754,0.528606,-0.569101,-0.358274
0.067165,0.157957,-0.570607,-0.806127,-0.350147,-0.128776,0.365064,0.854701,0.515715,0.528643,-0.569132,-0.358225
0.067077,0.157995,-0.570453,-0.806237,-0.350208,-0.129034,0.36493,0.854699,0.515688,0.528715,-0.569109,-0.358194
0.067053,0.158033,-0.570292,-0.806346,-0.350344,-0.129289,0.36487,0.854633,0.515644,0.528749,-0.569117,-0.358197
0.067045,0.158125,-0.570239,-0.806369,-0.350425,-0.129544,0.364942,0.854534,0.515599,0.528731,-0.569146,-0.358243
0.067035,0.15829,-0.570298,-0.806299,-0.350517,-0.129745,0.365056,0.854419,0.515569,0.528639,-0.56921,-0.358326
0.067058,0.158428,-0.570464,-0.806156,-0.350631,-0.129823,0.365199,0.854301,0.515565,0.528584,-0.569189,-0.358451
0.067099,0.158543,-0.570594,-0.806039,-0.350738,-0.129795,0.365137,0.854287,0.515573,0.528525,-0.569206,-0.3585
0.067132,0.158558,-0.570536,-0.806074,-0.350798,-0.129658,0.364938,0.854366,0.51555,0.528505,-0.569207,-0.358565
0.067121,0.1584,-0.570359,-0.806229,-0.350806,-0.129401,0.364623,0.854533,0.515591,0.528458,-0.569204,-0.358581
0.067152,0.158157,-0.570206,-0.806378,-0.350806,-0.129125,0.36432,0.8547,0.515649,0.528445,-0.569184,-0.358544
0.067165,0.157993,-0.570104,-0.806477,-0.350777,-0.128866,0.36411,0.854837,0.51568,0.528482,-0.569159,-0.35848
0.067151,0.157912,-0.570094,-0.8065,-0.350732,-0.128697,0.364061,0.854899,0.51568,0.528543,-0.569133,-0.35843
0.067225,0.157742,-0.570118,-0.806505,-0.350632,-0.128548,0.364189,0.854906,0.515701,0.528572,-0.569096,-0.358415
0.067277,0.157602,-0.57027,-0.806418,-0.350495,-0.128409,0.364374,0.854902,0.515692,0.528587,-0.569113,-0.358379
0.067376,0.157621,-0.570449,-0.806278,-0.350399,-0.128181,0.3645,0.854919,0.515723,0.528578,-0.569085,-0.358389
0.06735,0.157607,-0.57059,-0.806184,-0.350325,-0.127888,0.364568,0.85496,0.515668,0.528645,-0.569088,-0.358365
0.06735,0.157468,-0.570558,-0.80623,-0.350199,-0.127713,0.364463,0.85508,0.515632,0.528719,-0.569096,-0.358295
0.067294,0.157338,-0.570455,-0.806331,-0.350004,-0.12764,0.364402,0.855196,0.515559,0.528794,-0.569133,-0.35823
0.067262,0.157235,-0.570371,-0.806412,-0.349833,-0.127674,0.364372,0.855276,0.51552,0.52884,-0.569119,-0.358241
0.067133,0.157314,-0.570412,-0.80638,-0.349637,-0.127804,0.364493,0.855287,0.51549,0.528819,-0.569093,-0.358362
0.067012,0.157432,-0.570529,-0.806288,-0.349524,-0.127988,0.36469,0.855225,0.515484,0.528718,-0.569128,-0.358468
0.066911,0.157567,-0.570683,-0.806162,-0.349371,-0.128229,0.364802,0.855208,0.515511,0.528639,-0.569082,-0.358623
0.066827,0.157672,-0.570729,-0.806119,-0.349383,-0.128409,0.36473,0.85521,0.5155,0.528549,-0.569115,-0.358723
0.066756,0.157722,-0.570674,-0.806155,-0.3495,-0.128535,0.364518,0.855234,0.515434,0.528495,-0.569165,-0.358824
0.066783,0.157656,-0.570446,-0.806326,-0.349683,-0.128685,0.364326,0.855221,0.515418,0.528427,-0.569192,-0.358909
0.066825,0.157523,-0.570229,-0.8065,-0.349876,-0.128786,0.364264,0.855154,0.515405,0.528421,-0.569191,-0.358939
0.066832,0.157405,-0.570083,-0.806623,-0.35009,-0.128816,0.364245,0.85507,0.515408,0.5284,-0.569197,-0.358958
0.066788,0.157396,-0.570053,-0.80665,-0.350263,-0.12873,0.364207,0.855027,0.515363,0.528479,-0.569195,-0.358908
0.0668,0.157351,-0.570064,-0.806649,-0.350406,-0.128569,0.364091,0.855039,0.515396,0.528525,-0.569181,-0.358812
0.06682,0.157238,-0.570012,-0.806704,-0.35049,-0.128443,0.363923,0.855093,0.515418,0.528585,-0.56913,-0.358769
0.066875,0.157082,-0.569814,-0.806867,-0.350526,-0.128212,0.363591,0.855251,0.515434,0.52866,-0.569088,-0.358698
0.066874,0.156928,-0.56961,-0.807038,-0.350586,-0.127934,0.363266,0.855402,0.515399,0.528783,-0.569067,-0.358598
0.066849,0.156782,-0.569502,-0.807141,-0.350648,-0.127767,0.363115,0.855463,0.515376,0.528825,-0.569068,-0.358568
0.066859,0.156746,-0.569511,-0.807141,-0.350627,-0.12776,0.363194,0.855439,0.515385,0.528816,-0.569051,-0.358594
0.066878,0.156762,-0.569618,-0.807061,-0.350562,-0.127746,0.36345,0.855358,0.515445,0.52874,-0.569061,-0.358603
0.066883,0.156872,-0.569853,-0.806875,-0.350371,-0.127737,0.363746,0.855312,0.515438,0.528689,-0.569068,-0.358682
0.066908,0.156871,-0.570127,-0.806678,-0.350249,-0.127668,0.364011,0.85526,0.515439,0.528598,-0.569106,-0.358755
0.06692,0.156878,-0.570226,-0.806606,-0.350091,-0.127484,0.364107,0.855308,0.515428,0.528601,-0.569109,-0.358765
0.06697,0.15678,-0.570113,-0.806698,-0.349948,-0.127354,0.363995,0.855432,0.515416,0.52859,-0.569085,-0.35884
0.066929,0.156644,-0.569928,-0.806857,-0.349857,-0.127251,0.363887,0.85553,0.515377,0.528622,-0.569053,-0.358901
0.066902,0.156565,-0.569854,-0.806925,-0.349771,-0.127239,0.363908,0.855558,0.51536,0.528655,-0.569027,-0.358921
0.066929,0.156569,-0.569803,-0.806959,-0.34972,-0.127241,0.363978,0.855548,0.51533,0.528703,-0.569004,-0.358932
0.066898,0.156585,-0.569868,-0.806912,-0.349658,-0.12727,0.363997,0.855563,0.515332,0.528705,-0.569012,-0.35891
0.06675,0.156688,-0.569935,-0.80686,-0.349614,-0.127274,0.363885,0.855628,0.515301,0.52875,-0.568995,-0.358914
0.066669,0.156723,-0.569913,-0.806876,-0.349644,-0.127319,0.363621,0.855722,0.515304,0.528728,-0.569023,-0.3589
0.066698,0.156705,-0.569811,-0.806948,-0.349691,-0.127481,0.363465,0.855747,0.51532,0.528695,-0.569023,-0.358926
0.066756,0.156669,-0.569701,-0.807028,-0.349826,-0.127672,0.363451,0.855671,0.515332,0.528617,-0.569068,-0.358954
0.066787,0.156762,-0.569746,-0.806977,-0.349971,-0.127862,0.363536,0.855551,0.515285,0.528628,-0.569055,-0.359028
0.066805,0.15686,-0.569887,-0.80686,-0.350105,-0.127992,0.363648,0.855429,0.515252,0.528595,-0.569089,-0.359072
0.066843,0.156878,-0.570037,-0.806746,-0.350239,-0.128034,0.363713,0.855341,0.515247,0.528593,-0.56909,-0.359084
0.066902,0.156858,-0.5701,-0.8067,-0.350383,-0.127942,0.363623,0.855332,0.515299,0.528645,-0.569057,-0.358976
0.066908,0.156787,-0.570053,-0.806744,-0.350532,-0.127733,0.363411,0.85539,0.515262,0.528761,-0.569,-0.35895
0.066921,0.156645,-0.569945,-0.806845,-0.350634,-0.127482,0.363121,0.855505,0.515284,0.528813,-0.568974,-0.358882
0.066956,0.156548,-0.569883,-0.806902,-0.350708,-0.127315,0.362956,0.855566,0.515292,0.528908,-0.568912,-0.358826
0.066956,0.156473,-0.569917,-0.806892,-0.3507,-0.127284,0.362909,0.855593,0.515301,0.528955,-0.568858,-0.358826
0.066981,0.156531,-0.569949,-0.806856,-0.350602,-0.12735,0.363025,0.855576,0.515284,0.528985,-0.568837,-0.358842
0.067046,0.156553,-0.570109,-0.806734,-0.350461,-0.127524,0.363368,0.855465,0.515339,0.528882,-0.568871,-0.35886
0.067097,0.156582,-0.570364,-0.806543,-0.350333,-0.127643,0.3638,0.855318,0.515392,0.528806,-0.56891,-0.358832
0.067098,0.156696,-0.570692,-0.806291,-0.350217,-0.127717,0.364084,0.855234,0.515426,0.528747,-0.568954,-0.358798
0.067052,0.156831,-0.57096,-0.806081,-0.350095,-0.127605,0.364103,0.855291,0.515372,0.528774,-0.568989,-0.358782
0.067064,0.156704,-0.571003,-0.806071,-0.349976,-0.127359,0.363857,0.855479,0.515387,0.528734,-0.569039,-0.358737
0.067067,0.156464,-0.570821,-0.806241,-0.349849,-0.127023,0.363537,0.855712,0.51539,0.528694,-0.569035,-0.3588
0.067061,0.156181,-0.570548,-0.806486,-0.349709,-0.126709,0.363271,0.855925,0.515436,0.528653,-0.56901,-0.358836
0.067013,0.156014,-0.57038,-0.806637,-0.349608,-0.126645,0.363246,0.855986,0.515436,0.5286,-0.569004,-0.358927
0.066999,0.155935,-0.570448,-0.806603,-0.349536,-0.126753,0.363459,0.855911,0.515494,0.528483,-0.569028,-0.35898
0.066925,0.156011,-0.570622,-0.806474,-0.349516,-0.12691,0.363661,0.855813,0.515534,0.528396,-0.569079,-0.358967
0.066844,0.156132,-0.570759,-0.806362,-0.349539,-0.127026,0.363723,0.85576,0.515557,0.528311,-0.569151,-0.358944
0.066805,0.156157,-0.570758,-0.806362,-0.349618,-0.127234,0.363708,0.855707,0.515493,0.528308,-0.569247,-0.358885
0.06679,0.15614,-0.570707,-0.806403,-0.349787,-0.127443,0.363707,0.855609,0.515434,0.528328,-0.569343,-0.35879
0.066842,0.156066,-0.570601,-0.806486,-0.34993,-0.127664,0.363837,0.855466,0.515375,0.528381,-0.56939,-0.358721
0.066898,0.156042,-0.570628,-0.806466,-0.350087,-0.127769,0.364018,0.85531,0.515339,0.528424,-0.569387,-0.358711
0.066857,0.156128,-0.570778,-0.806348,-0.350239,-0.127803,0.364179,0.855173,0.515352,0.528421,-0.569398,-0.358681
0.066868,0.156213,-0.570964,-0.806201,-0.350359,-0.127741,0.364255,0.8551,0.515375,0.528363,-0.569436,-0.358671
0.066896,0.15616,-0.571063,-0.806137,-0.350402,-0.12761,0.364244,0.855104,0.515421,0.52832,-0.569379,-0.358761
0.066963,0.156089,-0.570993,-0.806193,-0.350426,-0.127466,0.364165,0.855147,0.515509,0.528234,-0.569329,-0.358843
0.067046,0.155987,-0.57085,-0.806305,-0.350405,-0.127318,0.364111,0.855199,0.515537,0.528139,-0.569314,-0.358968
0.06714,0.155847,-0.570833,-0.806333,-0.350393,-0.12722,0.364137,0.855205,0.515563,0.528022,-0.569338,-0.359069
0.067169,0.155809,-0.570842,-0.80633,-0.350359,-0.127206,0.364301,0.855151,0.515623,0.527978,-0.569305,-0.359101
0.067258,0.155825,-0.570937,-0.806253,-0.350257,-0.127213,0.364594,0.855067,0.515626,0.528056,-0.569298,-0.358989
0.067296,0.155791,-0.571081,-0.806153,-0.35016,-0.127213,0.364851,0.854998,0.515588,0.528186,-0.569287,-0.358866
0.067328,0.155784,-0.571228,-0.806047,-0.350094,-0.127095,0.36498,0.854984,0.515564,0.528225,-0.569281,-0.358852
0.06734,0.155731,-0.571293,-0.806008,-0.350009,-0.126849,0.364947,0.855067,0.515588,0.528295,-0.56923,-0.358792
0.067426,0.155593,-0.571167,-0.806114,-0.349897,-0.126463,0.364662,0.855286,0.515605,0.52836,-0.569185,-0.358743
0.067437,0.155432,-0.570948,-0.806297,-0.349769,-0.126126,0.364405,0.855495,0.515572,0.528442,-0.569141,-0.358736
0.0674,0.155235,-0.570729,-0.806489,-0.349652,-0.125989,0.364241,0.85563,0.515571,0.528473,-0.569113,-0.358738
0.06733,0.155184,-0.570598,-0.806596,-0.3495,-0.126152,0.364182,0.855696,0.515592,0.528427,-0.569113,-0.358778
0.067303,0.155199,-0.570641,-0.806566,-0.34936,-0.126403,0.364359,0.855646,0.515621,0.528298,-0.569132,-0.3589
0.067254,0.155367,-0.570865,-0.806383,-0.34932,-0.12674,0.364647,0.855494,0.51557,0.528201,-0.569177,-0.35905
0.067157,0.155578,-0.571092,-0.806194,-0.349354,-0.127073,0.364941,0.85531,0.51554,0.527995,-0.569262,-0.359271
0.067158,0.155757,-0.571262,-0.806041,-0.349431,-0.127356,0.365082,0.855181,0.515513,0.527883,-0.569306,-0.35941
0.067282,0.155789,-0.571343,-0.805968,-0.349647,-0.127666,0.365192,0.855003,0.51552,0.527819,-0.569337,-0.359446
0.067366,0.155878,-0.571293,-0.80598,-0.349875,-0.1279,0.36522,0.854866,0.515517,0.527822,-0.569334,-0.359452
0.067429,0.155854,-0.571218,-0.806033,-0.350082,-0.128024,0.365213,0.854766,0.515536,0.527817,-0.56938,-0.359356
0.06747,0.155851,-0.571154,-0.806075,-0.350216,-0.128027,0.365146,0.854739,0.515503,0.527958,-0.569388,-0.359178
0.067491,0.155814,-0.571106,-0.806113,-0.350284,-0.12795,0.365019,0.854775,0.515528,0.528172,-0.56931,-0.358941
0.067463,0.155812,-0.570997,-0.806193,-0.350338,-0.127706,0.364823,0.854869,0.515459,0.528454,-0.569281,-0.358659
0.067431,0.15567,-0.570811,-0.806354,-0.350324,-0.127541,0.364569,0.855007,0.515421,0.528789,-0.569175,-0.358378
0.06738,0.155554,-0.570605,-0.806525,-0.350271,-0.127505,0.364406,0.855103,0.515422,0.529003,-0.569065,-0.358229
0.067321,0.155487,-0.570541,-0.806586,-0.350239,-0.127487,0.364341,0.855146,0.515429,0.529112,-0.569007,-0.358145
0.067246,0.155579,-0.570569,-0.806557,-0.350192,-0.127514,0.364428,0.855125,0.515445,0.529092,-0.56897,-0.358213
0.067253,0.155611,-0.570666,-0.806482,-0.350151,-0.127624,0.36456,0.855071,0.515507,0.528956,-0.56896,-0.358346
0.067341,0.155686,-0.570783,-0.806379,-0.350127,-0.127783,0.364793,0.85496,0.515539,0.528725,-0.569033,-0.358532
0.067414,0.155769,-0.570971,-0.806224,-0.350107,-0.127859,0.364999,0.854869,0.515548,0.528484,-0.569145,-0.358701
0.067444,0.155935,-0.57113,-0.806079,-0.350099,-0.127839,0.365149,0.854811,0.515551,0.528292,-0.569215,-0.358876
0.067471,0.15597,-0.571255,-0.805982,-0.350071,-0.127633,0.365182,0.854836,0.515556,0.528155,-0.569276,-0.358977
0.067541,0.155959,-0.571343,-0.805917,-0.349982,-0.127285,0.365141,0.854937,0.515551,0.528173,-0.569277,-0.358959
0.067573,0.15579,-0.571301,-0.805972,-0.34987,-0.12701,0.365059,0.855055,0.515522,0.52825,-0.56925,-0.358927
0.067629,0.155721,-0.571224,-0.806033,-0.349738,-0.126837,0.365076,0.855125,0.515508,0.528392,-0.569186,-0.358836
0.067586,0.155619,-0.571241,-0.806043,-0.349563,-0.126841,0.365262,0.855118,0.515513,0.52847,-0.56917,-0.358736
0.067558,0.155631,-0.571408,-0.805924,-0.349422,-0.127002,0.365557,0.855027,0.515535,0.528542,-0.569114,-0.358683
0.067458,0.155782,-0.571612,-0.805762,-0.349294,-0.127156,0.365756,0.854974,0.515545,0.528566,-0.569092,-0.358668
0.067332,0.156005,-0.5718,-0.805601,-0.349233,-0.127242,0.365669,0.855026,0.5156,0.528537,-0.569039,-0.358715
