0.8516,0.083938,0.029901,-0.515528,0.850443,0.110267,-0.187594,-0.480063,0.87267,0.37442,0.205503,0.238124
0.851611,0.083862,0.029912,-0.515524,0.850459,0.11022,-0.187586,-0.480049,0.872724,0.374303,0.205496,0.238116
0.851628,0.083845,0.029914,-0.515497,0.850462,0.110183,-0.187613,-0.480042,0.872752,0.374249,0.205494,0.238104
0.851631,0.083848,0.029932,-0.515491,0.850428,0.110193,-0.187668,-0.48008,0.872792,0.374183,0.20545,0.238099
0.851592,0.08391,0.029893,-0.515547,0.850408,0.110231,-0.187716,-0.480087,0.872763,0.374235,0.205495,0.238079
0.851577,0.083983,0.029838,-0.515564,0.850412,0.110226,-0.187707,-0.480087,0.872765,0.374265,0.205501,0.238022
0.851555,0.084003,0.029792,-0.5156,0.850374,0.110259,-0.187657,-0.480164,0.872766,0.374285,0.205519,0.237971
0.851536,0.084045,0.029778,-0.515625,0.850363,0.110225,-0.187611,-0.480208,0.872756,0.374311,0.205536,0.237949
0.85151,0.08403,0.029785,-0.515669,0.850309,0.110235,-0.18767,-0.48028,0.872793,0.374314,0.205492,0.237847
0.851483,0.083967,0.029813,-0.515725,0.850273,0.110196,-0.18772,-0.480332,0.872835,0.3743,0.205419,0.23778
0.851453,0.083974,0.029795,-0.515773,0.850217,0.110245,-0.187738,-0.480416,0.872864,0.374279,0.205345,0.237769
0.8514,0.084065,0.029729,-0.515849,0.850158,0.110274,-0.187792,-0.48049,0.872879,0.374277,0.205287,0.237765
0.851361,0.084175,0.02972,-0.515896,0.850111,0.110339,-0.187835,-0.480544,0.872859,0.374327,0.205256,0.237785
0.851351,0.084241,0.029611,-0.515908,0.850035,0.11042,-0.187916,-0.480627,0.872848,0.374414,0.205194,0.237742
0.851317,0.08438,0.029488,-0.515948,0.849984,0.110512,-0.188042,-0.480648,0.872854,0.374471,0.205108,0.237704
0.851283,0.084437,0.029418,-0.515999,0.849937,0.11056,-0.188093,-0.4807,0.87288,0.374468,0.205057,0.23766
0.851254,0.084518,0.02937,-0.516035,0.849907,0.110638,-0.188159,-0.48071,0.872877,0.374536,0.205006,0.237606
0.85125,0.084571,0.0293,-0.516038,0.849885,0.110641,-0.188182,-0.480738,0.872886,0.374611,0.204884,0.237555
0.851256,0.084552,0.029302,-0.516032,0.849885,0.110602,-0.188198,-0.480741,0.872911,0.37462,0.204808,0.237514
0.851239,0.084497,0.029339,-0.516066,0.849896,0.110547,-0.188227,-0.480725,0.872905,0.374695,0.204805,0.237418
0.851223,0.084493,0.029373,-0.516092,0.849886,0.110577,-0.188243,-0.480728,0.872892,0.374753,0.204761,0.237412
0.851201,0.084538,0.02939,-0.516118,0.849847,0.110629,-0.188308,-0.480759,0.872903,0.37479,0.204726,0.237347
0.851188,0.084605,0.029395,-0.516128,0.849806,0.110705,-0.188299,-0.480818,0.872912,0.37479,0.204707,0.237327
0.851141,0.084709,0.029391,-0.516189,0.849771,0.110755,-0.188294,-0.480869,0.872911,0.374771,0.20471,0.23736
0.851134,0.084778,0.029406,-0.516187,0.849773,0.110816,-0.18829,-0.480853,0.872914,0.374783,0.204689,0.237347
0.85114,0.084777,0.02939,-0.516178,0.849773,0.110825,-0.188315,-0.480843,0.872923,0.374777,0.204704,0.237307
0.851125,0.084736,0.029418,-0.516208,0.849777,0.11085,-0.18828,-0.480842,0.872942,0.374743,0.204673,0.237323
0.851139,0.084655,0.029451,-0.516196,0.849774,0.110813,-0.188228,-0.480876,0.872957,0.374703,0.204707,0.237297
0.851127,0.084591,0.02947,-0.516225,0.849775,0.11079,-0.188208,-0.480887,0.872957,0.374676,0.20474,0.237313
0.851135,0.084563,0.029484,-0.516217,0.849763,0.110765,-0.188206,-0.480915,0.872947,0.37468,0.204784,0.237303
0.851119,0.084501,0.029523,-0.516252,0.849745,0.110855,-0.188207,-0.480926,0.872946,0.374702,0.204781,0.237276
0.851105,0.084506,0.029491,-0.516275,0.849732,0.110897,-0.188224,-0.480932,0.872934,0.374722,0.204833,0.237241
0.851092,0.084564,0.029395,-0.516294,0.849712,0.110932,-0.188268,-0.480942,0.872941,0.374705,0.204853,0.237224
0.851071,0.084545,0.029371,-0.516333,0.849697,0.11094,-0.188302,-0.480956,0.872967,0.374644,0.204843,0.237235
0.851079,0.0845,0.029359,-0.516328,0.8497,0.110852,-0.188309,-0.480967,0.872994,0.37457,0.204884,0.237218
0.851102,0.084443,0.02933,-0.516303,0.849721,0.110805,-0.188277,-0.480954,0.872996,0.374576,0.204909,0.23718
0.851112,0.084391,0.029339,-0.516293,0.849737,0.110763,-0.188258,-0.480942,0.873001,0.374556,0.204931,0.237172
0.85113,0.084341,0.029357,-0.516273,0.849745,0.110734,-0.188266,-0.480933,0.873023,0.374496,0.204911,0.237204
0.851159,0.084302,0.029296,-0.516235,0.849734,0.110751,-0.188325,-0.480926,0.873063,0.374411,0.204875,0.237221
0.85119,0.084312,0.029239,-0.516186,0.849734,0.110752,-0.188381,-0.480902,0.873099,0.37432,0.204897,0.237214
0.851186,0.084292,0.029189,-0.5162,0.849704,0.110774,-0.18851,-0.480902,0.873136,0.374244,0.204891,0.237203
0.85117,0.084371,0.029114,-0.516217,0.84968,0.110794,-0.188613,-0.4809,0.87316,0.374214,0.20487,0.237176
0.851175,0.084413,0.029053,-0.516205,0.849655,0.110828,-0.188692,-0.480906,0.873162,0.374238,0.204882,0.237118
0.851189,0.084442,0.02903,-0.51618,0.849634,0.110832,-0.188756,-0.480917,0.873169,0.374218,0.204912,0.237102
0.851207,0.084394,0.02902,-0.516159,0.84966,0.110855,-0.188762,-0.480865,0.873157,0.374271,0.204871,0.237095
0.851213,0.084399,0.029026,-0.516148,0.849664,0.110862,-0.18879,-0.480844,0.873157,0.374262,0.204875,0.237104
0.851238,0.084441,0.029015,-0.516101,0.84968,0.11089,-0.188787,-0.480812,0.873167,0.37427,0.204844,0.237085
0.851214,0.08446,0.029017,-0.516135,0.849676,0.11098,-0.188818,-0.480785,0.873154,0.374306,0.204843,0.23708
0.851228,0.084463,0.029077,-0.516108,0.849672,0.111015,-0.188735,-0.480814,0.873152,0.374324,0.204833,0.237066
0.851227,0.084601,0.029054,-0.516089,0.849701,0.111117,-0.188728,-0.480742,0.873138,0.374366,0.204801,0.237077
0.851237,0.084724,0.029059,-0.516049,0.849689,0.111235,-0.188693,-0.480749,0.87313,0.374432,0.204765,0.237035
0.85122,0.084781,0.029078,-0.516066,0.849679,0.111251,-0.188703,-0.480759,0.873133,0.374464,0.204719,0.237012
0.851218,0.084782,0.029104,-0.516067,0.849636,0.111281,-0.188741,-0.480812,0.873132,0.374487,0.204712,0.23698
0.851209,0.084798,0.029065,-0.516082,0.849626,0.111299,-0.188775,-0.480813,0.873104,0.374568,0.204714,0.236955
0.851203,0.084773,0.029071,-0.516097,0.849598,0.111271,-0.188807,-0.480858,0.873099,0.374564,0.204707,0.236988
0.851162,0.08475,0.029063,-0.516169,0.849598,0.111231,-0.188818,-0.480864,0.873087,0.374575,0.204728,0.236998
0.851168,0.084758,0.029051,-0.516159,0.849591,0.111236,-0.188834,-0.480867,0.873126,0.374509,0.204652,0.237025
0.851142,0.084758,0.029011,-0.516203,0.849555,0.111232,-0.18889,-0.480911,0.873135,0.374504,0.204614,0.237033
0.85116,0.084729,0.028965,-0.516183,0.849529,0.111199,-0.188929,-0.48095,0.873157,0.374445,0.204589,0.237063
0.851166,0.084658,0.028956,-0.516184,0.849506,0.111145,-0.188962,-0.480991,0.873202,0.374391,0.204539,0.237028
0.851165,0.084635,0.028963,-0.516191,0.849512,0.111086,-0.188986,-0.480984,0.873231,0.374371,0.204527,0.23696
0.851164,0.084588,0.028997,-0.516198,0.849497,0.110998,-0.189009,-0.481025,0.873244,0.374355,0.204524,0.236938
0.851152,0.084576,0.029032,-0.516217,0.849482,0.110933,-0.188974,-0.48108,0.873232,0.374389,0.204537,0.236919
0.85114,0.084633,0.029105,-0.516223,0.849454,0.110999,-0.188916,-0.481135,0.873216,0.374419,0.204551,0.236917
0.851129,0.084752,0.029134,-0.516217,0.849386,0.11108,-0.188866,-0.481254,0.873168,0.374534,0.204525,0.236939
0.851121,0.084902,0.029122,-0.516205,0.849367,0.11128,-0.18886,-0.481242,0.873129,0.374609,0.204534,0.236954
0.851133,0.0851,0.029042,-0.516157,0.849357,0.1114,-0.188838,-0.481241,0.873118,0.37464,0.204522,0.236958
0.851128,0.085155,0.029055,-0.516155,0.849374,0.111466,-0.188803,-0.481208,0.873062,0.374735,0.204518,0.237015
0.851115,0.085108,0.029059,-0.516184,0.849404,0.111388,-0.188741,-0.481197,0.873068,0.374704,0.204528,0.237035
0.851123,0.08502,0.02914,-0.516181,0.849434,0.111308,-0.188659,-0.481194,0.873077,0.374639,0.204564,0.237078
0.851143,0.084958,0.029224,-0.516154,0.849472,0.111254,-0.188634,-0.48115,0.873073,0.374626,0.204574,0.237104
0.851157,0.084925,0.029211,-0.516136,0.849521,0.111193,-0.188594,-0.481094,0.87311,0.374556,0.204592,0.237063
0.851158,0.084933,0.029216,-0.516132,0.849556,0.111192,-0.188597,-0.481031,0.873132,0.374534,0.204583,0.237023
0.851154,0.08492,0.02925,-0.516139,0.849569,0.111182,-0.188599,-0.48101,0.873162,0.374481,0.204595,0.236982
0.851164,0.084903,0.029278,-0.516124,0.849563,0.111158,-0.18858,-0.481033,0.87318,0.374436,0.204584,0.236997
0.85115,0.084927,0.029294,-0.516143,0.849554,0.111159,-0.188573,-0.481051,0.873186,0.374408,0.204633,0.236975
0.851131,0.084898,0.029302,-0.516179,0.849531,0.111178,-0.188573,-0.481086,0.873188,0.374384,0.204671,0.236974
0.851126,0.084879,0.029328,-0.516187,0.849507,0.111124,-0.188555,-0.48115,0.873184,0.374372,0.204738,0.236947
0.851111,0.084899,0.029375,-0.516205,0.849486,0.111108,-0.188558,-0.481189,0.87317,0.374403,0.204765,0.236926
0.851082,0.084887,0.029393,-0.516256,0.849467,0.111123,-0.188506,-0.481238,0.873146,0.374466,0.204815,0.236876
0.851049,0.084908,0.029439,-0.516302,0.849463,0.111092,-0.188522,-0.481249,0.873143,0.374468,0.20482,0.236879
0.851029,0.084869,0.029455,-0.516339,0.849457,0.111089,-0.188489,-0.481271,0.873133,0.37452,0.204831,0.236824
0.851012,0.084848,0.029426,-0.516374,0.849426,0.111008,-0.188483,-0.481349,0.873152,0.374514,0.204823,0.236765
0.850977,0.084822,0.029431,-0.516436,0.849411,0.110975,-0.188482,-0.481383,0.873196,0.374458,0.204773,0.236736
0.850964,0.084792,0.029412,-0.516463,0.849372,0.110983,-0.188528,-0.481433,0.873238,0.374412,0.204738,0.236683
0.850966,0.084766,0.029308,-0.516473,0.849332,0.111004,-0.188569,-0.481483,0.873275,0.374371,0.204681,0.236659
0.85093,0.084785,0.029253,-0.516531,0.849264,0.110962,-0.188681,-0.481569,0.873312,0.374352,0.204603,0.236619
0.850878,0.084812,0.029158,-0.516619,0.849233,0.110921,-0.188786,-0.481594,0.873353,0.374282,0.204576,0.236603
0.850851,0.08487,0.02909,-0.516657,0.849203,0.110914,-0.188874,-0.481617,0.873377,0.374274,0.204532,0.236563
0.850826,0.084927,0.029025,-0.516693,0.849201,0.110889,-0.188914,-0.48161,0.873406,0.374267,0.204464,0.236524
0.850803,0.084965,0.029019,-0.516725,0.849174,0.110925,-0.188931,-0.481643,0.873414,0.374312,0.204387,0.236491
0.8508,0.085067,0.029073,-0.516709,0.849155,0.111037,-0.188957,-0.481638,0.873409,0.374367,0.204358,0.236444
0.850788,0.085202,0.029058,-0.516706,0.849117,0.111145,-0.188956,-0.481681,0.873368,0.374461,0.204324,0.236477
0.85077,0.08535,0.02904,-0.51671,0.84911,0.111238,-0.188935,-0.481678,0.873363,0.374507,0.204261,0.236477
0.850755,0.085502,0.029046,-0.51671,0.849088,0.111362,-0.188961,-0.481677,0.873345,0.374624,0.204186,0.236424
0.850742,0.085662,0.029015,-0.516704,0.849032,0.111546,-0.188872,-0.481765,0.873296,0.374786,0.204123,0.236403
0.850725,0.085785,0.028997,-0.516713,0.84901,0.111644,-0.188838,-0.481795,0.873245,0.374917,0.204087,0.236417
0.850681,0.085933,0.029007,-0.516758,0.848984,0.111757,-0.188841,-0.481813,0.873196,0.375055,0.204047,0.236412
0.850662,0.086033,0.028972,-0.516774,0.848922,0.111842,-0.18888,-0.481886,0.873181,0.375125,0.203996,0.2364
0.850626,0.086097,0.02897,-0.516821,0.848877,0.111904,-0.188917,-0.481936,0.873179,0.375163,0.203945,0.236391
0.850567,0.086141,0.028999,-0.516908,0.848818,0.111929,-0.188924,-0.482032,0.873168,0.375233,0.20388,0.236379
0.850521,0.086179,0.029004,-0.516979,0.848765,0.111947,-0.188956,-0.482109,0.873148,0.375326,0.20383,0.236348
0.850469,0.086189,0.028985,-0.517063,0.848733,0.111997,-0.188986,-0.48214,0.873149,0.375386,0.203712,0.236347
0.850423,0.08625,0.029029,-0.517125,0.848688,0.11203,-0.189019,-0.4822,0.87317,0.375398,0.203666,0.236288
0.850376,0.086326,0.029055,-0.517188,0.848639,0.112042,-0.189022,-0.482281,0.873191,0.375404,0.203552,0.2363
0.850312,0.086456,0.029058,-0.517269,0.84858,0.112128,-0.18901,-0.482371,0.873208,0.37541,0.203494,0.236277
0.850269,0.086523,0.029075,-0.517327,0.848536,0.112207,-0.188978,-0.482442,0.873204,0.375441,0.203501,0.236237
0.850252,0.086568,0.02909,-0.517344,0.84852,0.112305,-0.188966,-0.482449,0.873194,0.375496,0.203482,0.2362
0.850219,0.08668,0.029111,-0.517379,0.848516,0.112295,-0.188868,-0.482497,0.873196,0.375556,0.203441,0.236134
0.850192,0.08672,0.029177,-0.517411,0.848491,0.112321,-0.188791,-0.482563,0.873178,0.375591,0.20348,0.236113
0.850179,0.086707,0.029256,-0.517429,0.84849,0.112294,-0.188693,-0.48261,0.873181,0.375623,0.203453,0.236072
0.850147,0.08673,0.029289,-0.517475,0.848462,0.112255,-0.188633,-0.482692,0.873184,0.375651,0.203456,0.236011
0.85012,0.086759,0.029347,-0.517512,0.848439,0.11224,-0.188601,-0.482748,0.873187,0.37566,0.203499,0.23595
0.850063,0.086784,0.029361,-0.517599,0.848424,0.112175,-0.188589,-0.482792,0.873199,0.375651,0.203542,0.23588
0.850004,0.086789,0.029357,-0.517695,0.848376,0.112142,-0.188591,-0.482885,0.873238,0.375607,0.203568,0.235781
0.849962,0.086703,0.029373,-0.517779,0.848329,0.112059,-0.188632,-0.482973,0.873292,0.375536,0.203554,0.235706
0.849927,0.086605,0.02935,-0.517854,0.848281,0.111984,-0.188688,-0.483053,0.873346,0.375453,0.203523,0.235662
0.849855,0.086533,0.029305,-0.517987,0.848251,0.111894,-0.188759,-0.483101,0.87341,0.37531,0.203531,0.235643
0.849789,0.086485,0.029318,-0.518104,0.848212,0.111834,-0.1888,-0.483167,0.873459,0.375254,0.203554,0.23553
0.849758,0.086435,0.029309,-0.518165,0.848167,0.111778,-0.188846,-0.483243,0.873504,0.375205,0.203567,0.235429
0.849711,0.086454,0.029274,-0.518239,0.848136,0.111672,-0.188871,-0.483313,0.873565,0.375122,0.203536,0.235359
0.849662,0.086457,0.02928,-0.518319,0.848114,0.111653,-0.188904,-0.483345,0.873616,0.375036,0.20352,0.235319
0.849611,0.086436,0.029285,-0.518405,0.848085,0.111628,-0.188902,-0.483402,0.873645,0.37501,0.20354,0.235233
0.849592,0.086381,0.029284,-0.518446,0.848039,0.111625,-0.18895,-0.483464,0.873673,0.374959,0.203546,0.235208
0.849552,0.086351,0.029268,-0.518517,0.848011,0.11165,-0.188986,-0.483496,0.873719,0.374897,0.203505,0.235169
0.849542,0.086338,0.029215,-0.51854,0.847983,0.111628,-0.189083,-0.483513,0.873727,0.374904,0.203549,0.23509
0.849527,0.086371,0.02916,-0.518564,0.847967,0.111598,-0.18914,-0.483528,0.873747,0.374893,0.203562,0.23502
0.849523,0.086387,0.029143,-0.518567,0.847938,0.111597,-0.189164,-0.483568,0.873791,0.374864,0.203542,0.234918
0.84952,0.086418,0.029088,-0.518571,0.847928,0.111561,-0.189238,-0.483567,0.873787,0.374889,0.203498,0.234931
0.849498,0.086374,0.02909,-0.518616,0.847922,0.111605,-0.189258,-0.48356,0.8738,0.374905,0.20343,0.234915
0.849498,0.086352,0.029099,-0.518617,0.847877,0.111643,-0.18936,-0.48359,0.873805,0.374909,0.203407,0.234909
0.849462,0.086386,0.029109,-0.518671,0.84783,0.111708,-0.18941,-0.483638,0.873827,0.374879,0.203395,0.234886
0.849432,0.086478,0.02911,-0.518704,0.847795,0.111724,-0.189401,-0.483698,0.87384,0.374883,0.20334,0.234877
0.849411,0.086557,0.02913,-0.518721,0.847772,0.111752,-0.189465,-0.483708,0.873874,0.374828,0.203287,0.234883
0.849373,0.086653,0.029129,-0.518768,0.847716,0.111896,-0.189548,-0.48374,0.873887,0.374806,0.203272,0.234883
0.849363,0.08675,0.029123,-0.518765,0.847637,0.112082,-0.18961,-0.483809,0.873896,0.374807,0.20322,0.234896
0.849333,0.086899,0.029046,-0.518795,0.847564,0.112203,-0.189674,-0.483883,0.873877,0.374868,0.203187,0.234898
0.849322,0.086978,0.029021,-0.518801,0.847555,0.112276,-0.189719,-0.483865,0.873846,0.37493,0.203185,0.234916
0.849322,0.087024,0.028991,-0.518794,0.847521,0.112397,-0.189788,-0.483869,0.87384,0.374954,0.203153,0.234927
0.849343,0.087115,0.029033,-0.51874,0.847502,0.112447,-0.189819,-0.48388,0.873826,0.374979,0.203106,0.23498
0.849346,0.087131,0.029044,-0.518733,0.847493,0.112469,-0.189792,-0.4839,0.873839,0.374966,0.203067,0.234987
0.849337,0.087143,0.029078,-0.518743,0.847495,0.112553,-0.189783,-0.48388,0.873831,0.374991,0.203007,0.235028
0.849341,0.087206,0.029033,-0.518728,0.847461,0.112618,-0.189797,-0.483917,0.873812,0.375054,0.202929,0.235065
0.849362,0.087285,0.028978,-0.518685,0.847414,0.112778,-0.189799,-0.483962,0.873791,0.37509,0.202901,0.235114
0.849366,0.087453,0.028948,-0.51865,0.847361,0.112942,-0.189872,-0.483986,0.873802,0.375064,0.20286,0.235152
0.849346,0.08765,0.028824,-0.518656,0.847306,0.113161,-0.189972,-0.483991,0.873784,0.375119,0.20281,0.23517
0.84933,0.087825,0.028698,-0.518658,0.847256,0.113391,-0.19006,-0.48399,0.873782,0.375144,0.202753,0.235188
0.849339,0.088015,0.028577,-0.518618,0.847254,0.113571,-0.190133,-0.483921,0.873767,0.375175,0.202722,0.235226
0.84934,0.088091,0.028506,-0.518609,0.847228,0.113654,-0.190183,-0.483928,0.873748,0.375195,0.202711,0.235272
0.849325,0.088129,0.028445,-0.51863,0.847176,0.113745,-0.190246,-0.483973,0.873733,0.375234,0.202698,0.235278
0.84928,0.088145,0.028414,-0.518703,0.847119,0.113782,-0.190302,-0.484042,0.873742,0.375264,0.202669,0.235219
0.849246,0.088087,0.028406,-0.51877,0.847084,0.113766,-0.190398,-0.484071,0.873786,0.375232,0.202627,0.235141
0.849205,0.088058,0.028368,-0.518844,0.847018,0.113738,-0.190516,-0.484148,0.87384,0.375139,0.202556,0.235148
0.84916,0.088053,0.02828,-0.518923,0.846957,0.113679,-0.190644,-0.484219,0.873912,0.375029,0.202471,0.235129
0.849107,0.088092,0.028181,-0.51901,0.846898,0.113691,-0.190761,-0.484276,0.873976,0.374902,0.202397,0.235157
0.849058,0.088091,0.028055,-0.519098,0.846844,0.113695,-0.190883,-0.484321,0.874048,0.374802,0.202337,0.2351
0.849031,0.088111,0.02796,-0.519143,0.846803,0.11367,-0.190972,-0.484365,0.874117,0.374666,0.202286,0.235103
0.848985,0.088141,0.027863,-0.519221,0.846752,0.113681,-0.191017,-0.484435,0.874162,0.374595,0.20227,0.235062
0.848997,0.088131,0.02777,-0.519208,0.846715,0.113661,-0.191081,-0.48448,0.874206,0.374505,0.20224,0.235067
0.848977,0.088157,0.027691,-0.519242,0.846683,0.113741,-0.191169,-0.484483,0.874215,0.374479,0.202224,0.235087
0.848955,0.088233,0.027628,-0.519268,0.846671,0.113784,-0.191238,-0.484467,0.874246,0.374444,0.202239,0.235014
0.848942,0.088254,0.027587,-0.519287,0.846638,0.113817,-0.191274,-0.484502,0.874244,0.374434,0.202286,0.234995
0.848946,0.088252,0.027569,-0.519284,0.846645,0.113784,-0.191314,-0.484481,0.874247,0.374445,0.202334,0.234926
0.848929,0.088224,0.027552,-0.519317,0.846614,0.113756,-0.191336,-0.484535,0.874261,0.374396,0.202399,0.234898
0.848915,0.088201,0.027546,-0.519345,0.846594,0.113719,-0.191319,-0.484585,0.874311,0.374302,0.202411,0.234849
0.84889,0.088175,0.027607,-0.519388,0.846578,0.113711,-0.191352,-0.484604,0.874337,0.374231,0.202478,0.234806
0.848879,0.08813,0.027649,-0.51941,0.846569,0.113644,-0.191374,-0.484628,0.874369,0.374175,0.202512,0.234745
0.848864,0.088022,0.0277,-0.519451,0.846607,0.113523,-0.191335,-0.484605,0.874385,0.374102,0.202587,0.234735
0.848829,0.087928,0.02782,-0.519517,0.846613,0.113443,-0.191269,-0.48464,0.874402,0.37405,0.20265,0.234702
0.848818,0.087856,0.027923,-0.519539,0.84661,0.1134,-0.191223,-0.484672,0.874424,0.373999,0.202686,0.23467
0.848833,0.087834,0.027949,-0.519519,0.846615,0.11343,-0.191178,-0.484675,0.874415,0.374001,0.202763,0.234634
0.848822,0.087887,0.028028,-0.519522,0.846607,0.113432,-0.191114,-0.484713,0.874401,0.37398,0.20286,0.234633
0.848827,0.087971,0.028003,-0.519499,0.846594,0.113415,-0.1911,-0.484745,0.874376,0.374009,0.202915,0.234634
0.848798,0.08809,0.027998,-0.519527,0.846546,0.113551,-0.191128,-0.484785,0.874324,0.374082,0.20301,0.234632
0.848774,0.08819,0.027939,-0.519551,0.846519,0.113665,-0.191115,-0.484807,0.874294,0.374119,0.203028,0.234667
0.848758,0.088319,0.027877,-0.519559,0.846488,0.113765,-0.191155,-0.484824,0.87426,0.374192,0.203046,0.234664
0.848736,0.088429,0.027831,-0.519578,0.846461,0.11388,-0.191162,-0.484839,0.874233,0.374255,0.203028,0.234683
0.848699,0.088513,0.027751,-0.519629,0.846449,0.113893,-0.19115,-0.484861,0.874217,0.374277,0.203059,0.234678
0.848678,0.088502,0.027705,-0.519668,0.846424,0.113886,-0.191177,-0.484897,0.874257,0.374182,0.20304,0.234697
0.848671,0.088434,0.027655,-0.519694,0.846403,0.113873,-0.191212,-0.484923,0.874294,0.37405,0.20308,0.234736
0.848645,0.088447,0.027588,-0.519737,0.846389,0.113806,-0.191274,-0.484941,0.874318,0.373961,0.203101,0.234768
0.848639,0.088437,0.027577,-0.51975,0.846375,0.113816,-0.191315,-0.484947,0.874349,0.373878,0.203116,0.234774
0.848636,0.088401,0.02748,-0.519768,0.846395,0.113751,-0.191343,-0.484917,0.874387,0.373793,0.203078,0.234799
0.848638,0.088343,0.027454,-0.519776,0.846413,0.113685,-0.191379,-0.484887,0.874402,0.373731,0.203109,0.234815
0.848687,0.088298,0.027416,-0.519708,0.84644,0.113607,-0.191365,-0.484865,0.874412,0.373687,0.203118,0.234842
0.84874,0.088274,0.027414,-0.519625,0.846431,0.113565,-0.191417,-0.484871,0.874405,0.373691,0.203161,0.234821
0.848764,0.088288,0.027386,-0.519586,0.84645,0.113573,-0.191467,-0.484815,0.874395,0.373693,0.203167,0.234853
0.848766,0.08832,0.027389,-0.519576,0.84647,0.113641,-0.191485,-0.484756,0.874399,0.373655,0.203183,0.234884
0.848787,0.088333,0.027416,-0.519537,0.846488,0.113728,-0.191562,-0.484677,0.874375,0.37368,0.203214,0.234907
0.84881,0.088316,0.02745,-0.519502,0.846507,0.11375,-0.191549,-0.484642,0.874346,0.373682,0.203286,0.234954
0.848844,0.088328,0.027468,-0.519443,0.846563,0.113672,-0.191463,-0.484595,0.874317,0.373725,0.203293,0.23499
0.848868,0.088357,0.02755,-0.519394,0.84661,0.113626,-0.1914,-0.48455,0.874296,0.373735,0.203341,0.235009
0.848899,0.088315,0.027618,-0.519346,0.846646,0.113621,-0.191327,-0.484516,0.874271,0.373758,0.20339,0.235021
0.848918,0.088242,0.027688,-0.519324,0.84671,0.113606,-0.19121,-0.484454,0.874274,0.373707,0.20344,0.23505
0.848914,0.0882,0.027777,-0.519332,0.846752,0.113552,-0.19114,-0.484421,0.874259,0.373734,0.203466,0.235037
0.848913,0.088187,0.027837,-0.519331,0.84675,0.113577,-0.191116,-0.484425,0.874233,0.373736,0.203534,0.235077
0.84893,0.088188,0.027883,-0.519301,0.846788,0.113532,-0.191091,-0.48438,0.874238,0.373697,0.203565,0.235092
0.848929,0.088206,0.027909,-0.519298,0.8468,0.113554,-0.191105,-0.48435,0.874222,0.373698,0.203607,0.235113
0.848932,0.088138,0.027986,-0.519301,0.846815,0.113549,-0.191038,-0.48435,0.874214,0.373693,0.203633,0.235131
0.848936,0.08811,0.028023,-0.519297,0.846819,0.113503,-0.191016,-0.484361,0.874216,0.37365,0.203686,0.235145
0.848929,0.088168,0.028006,-0.519298,0.846846,0.1134,-0.191026,-0.484336,0.874186,0.373688,0.203732,0.23516
0.84893,0.088162,0.028015,-0.519297,0.84685,0.113328,-0.191005,-0.484352,0.87419,0.373678,0.203725,0.235167
0.848934,0.088122,0.028071,-0.519294,0.84684,0.113313,-0.190991,-0.484379,0.874212,0.373616,0.20377,0.235143
0.848941,0.08808,0.02816,-0.519284,0.846862,0.113251,-0.190964,-0.484366,0.874231,0.373526,0.203809,0.235179
0.848937,0.08808,0.028196,-0.519287,0.846857,0.11323,-0.190971,-0.484379,0.874249,0.373438,0.203822,0.23524
0.848945,0.088074,0.02826,-0.519273,0.84684,0.113218,-0.190977,-0.484408,0.874229,0.373455,0.203881,0.235236
0.848964,0.088136,0.028255,-0.519232,0.846838,0.113268,-0.190966,-0.484405,0.874209,0.373486,0.203897,0.235251
0.848938,0.088241,0.028246,-0.519255,0.846814,0.113344,-0.19093,-0.484442,0.874193,0.373531,0.203912,0.235223
0.848948,0.088274,0.028263,-0.519231,0.846828,0.113336,-0.190923,-0.484422,0.874201,0.373513,0.203897,0.235241
0.848954,0.088288,0.028295,-0.519217,0.846812,0.113365,-0.19098,-0.484419,0.874183,0.373549,0.203923,0.235223
0.848971,0.088272,0.028324,-0.51919,0.846817,0.113333,-0.190968,-0.484423,0.874173,0.373564,0.203919,0.235242
0.848973,0.088241,0.028289,-0.519196,0.846825,0.113315,-0.190988,-0.484407,0.874163,0.373586,0.20389,0.23527
0.848999,0.088215,0.028264,-0.519159,0.846841,0.113272,-0.19101,-0.484382,0.874127,0.373642,0.203919,0.235289
0.848983,0.088192,0.028191,-0.519193,0.846819,0.113225,-0.190981,-0.484443,0.874123,0.373639,0.203908,0.235323
0.848962,0.088191,0.028237,-0.519225,0.846789,0.113193,-0.191017,-0.48449,0.874116,0.373631,0.2039,0.235365
0.848955,0.088215,0.028225,-0.519232,0.846746,0.113207,-0.191108,-0.484525,0.874148,0.373602,0.203849,0.235339
0.848947,0.088242,0.028177,-0.519243,0.846726,0.113222,-0.191217,-0.484515,0.874177,0.373594,0.203745,0.235335
0.848923,0.088265,0.028121,-0.519282,0.846689,0.113264,-0.191319,-0.484529,0.87422,0.373539,0.203656,0.235334
0.848916,0.088288,0.028099,-0.519293,0.846663,0.113235,-0.191375,-0.484562,0.874233,0.373539,0.20363,0.235307
0.848921,0.088222,0.028133,-0.519293,0.846656,0.113164,-0.191393,-0.484584,0.874244,0.373559,0.203589,0.23527
0.848925,0.088187,0.028161,-0.519292,0.846651,0.11312,-0.191414,-0.484596,0.874216,0.373649,0.203541,0.235275
0.8489,0.088154,0.028217,-0.519334,0.846652,0.113123,-0.191448,-0.48458,0.874223,0.373662,0.2035,0.235265
0.848868,0.088193,0.028235,-0.519379,0.846629,0.113152,-0.191482,-0.484599,0.874186,0.373765,0.203499,0.235237
0.848855,0.088267,0.028184,-0.519391,0.84658,0.113226,-0.191515,-0.484656,0.874151,0.373858,0.203488,0.235229
0.848856,0.088412,0.028169,-0.519364,0.846565,0.113378,-0.191483,-0.484658,0.874099,0.374001,0.203438,0.235238
0.848837,0.088606,0.028156,-0.51936,0.84653,0.113554,-0.191479,-0.484677,0.87408,0.374077,0.203381,0.235237
0.84885,0.088698,0.02811,-0.519327,0.846513,0.113661,-0.19148,-0.484678,0.874056,0.374129,0.203376,0.235251
0.848872,0.08873,0.028089,-0.519286,0.846519,0.113658,-0.191459,-0.484678,0.874044,0.374122,0.203421,0.235266
0.848872,0.088746,0.02808,-0.519283,0.846541,0.113671,-0.191436,-0.484645,0.874021,0.37415,0.203434,0.235296
0.848862,0.088757,0.028121,-0.519295,0.846567,0.113639,-0.191421,-0.484614,0.874025,0.374142,0.20345,0.235278
0.848866,0.088747,0.028149,-0.519287,0.846601,0.113597,-0.191375,-0.484582,0.874001,0.374194,0.20345,0.235286
0.848882,0.088686,0.028207,-0.519269,0.846623,0.113548,-0.191317,-0.484577,0.874018,0.374175,0.203451,0.235256
0.848894,0.088626,0.02825,-0.519259,0.846655,0.113511,-0.191218,-0.484568,0.874034,0.374139,0.203452,0.235252
0.848891,0.088649,0.028339,-0.519253,0.846649,0.113454,-0.19118,-0.484608,0.874047,0.374106,0.203464,0.235241
0.848869,0.08867,0.028409,-0.519281,0.846629,0.113547,-0.191136,-0.484636,0.874037,0.374117,0.203496,0.235233
0.848835,0.088759,0.028466,-0.519316,0.846598,0.113645,-0.191089,-0.484686,0.874046,0.374084,0.203547,0.235208
0.848769,0.088928,0.028509,-0.519391,0.846579,0.113728,-0.190978,-0.48474,0.874039,0.374101,0.203568,0.235192
0.848757,0.089102,0.028554,-0.519374,0.846539,0.113906,-0.190919,-0.484791,0.874052,0.374093,0.203605,0.235123
0.848736,0.08912,0.028676,-0.5194,0.846507,0.113966,-0.190807,-0.484874,0.874017,0.374154,0.20363,0.235131
0.848706,0.089061,0.028811,-0.519451,0.846533,0.113929,-0.190645,-0.484901,0.873975,0.374253,0.203645,0.235122
0.848709,0.088981,0.028947,-0.51945,0.846545,0.113934,-0.190552,-0.484913,0.87391,0.374394,0.203681,0.235106
0.848699,0.088957,0.029097,-0.519462,0.846514,0.113957,-0.190511,-0.484977,0.873869,0.374483,0.203752,0.235056
0.848678,0.089012,0.029195,-0.519478,0.846516,0.114011,-0.190522,-0.484957,0.87384,0.374553,0.203779,0.235023
0.848688,0.089002,0.02927,-0.519459,0.846522,0.113983,-0.190506,-0.48496,0.873808,0.374635,0.203827,0.234973
0.848684,0.089055,0.029297,-0.519454,0.846496,0.113953,-0.190485,-0.48502,0.873782,0.374717,0.203873,0.234898
0.84866,0.089037,0.029276,-0.519498,0.846474,0.113979,-0.190497,-0.485047,0.87377,0.374725,0.203888,0.234916
0.84865,0.089015,0.029276,-0.519518,0.846484,0.113942,-0.190532,-0.485026,0.873818,0.374654,0.203813,0.234916
0.848618,0.089009,0.029286,-0.519572,0.846463,0.113948,-0.190579,-0.485043,0.873849,0.374617,0.20381,0.234862
0.848602,0.088969,0.029259,-0.519606,0.846451,0.113929,-0.19059,-0.485065,0.87387,0.374589,0.203774,0.234858
0.848597,0.088922,0.029299,-0.51962,0.846458,0.113902,-0.190632,-0.485044,0.873924,0.374521,0.203645,0.234879
0.848564,0.08892,0.029267,-0.519676,0.846457,0.113838,-0.19064,-0.485057,0.873934,0.374506,0.203576,0.234925
0.848544,0.088882,0.02926,-0.519717,0.846458,0.113803,-0.190683,-0.485048,0.873956,0.37447,0.20356,0.234911
0.848541,0.088909,0.029233,-0.519717,0.846461,0.113755,-0.190734,-0.485034,0.873934,0.374531,0.203522,0.234932
0.848534,0.088964,0.029281,-0.519717,0.846441,0.11379,-0.190799,-0.485037,0.873922,0.374577,0.203475,0.234945
0.848527,0.089032,0.029241,-0.519717,0.846401,0.113847,-0.190874,-0.485063,0.873914,0.374607,0.203421,0.234972
0.84853,0.089121,0.029203,-0.519699,0.846374,0.113885,-0.190919,-0.485084,0.873892,0.374693,0.203416,0.234926
0.848501,0.089214,0.029159,-0.519733,0.846342,0.113884,-0.190944,-0.485129,0.873881,0.374787,0.203357,0.234864
0.84851,0.089263,0.029192,-0.519708,0.846316,0.11394,-0.190975,-0.485151,0.873888,0.374793,0.203324,0.234855
0.848512,0.089291,0.029193,-0.519699,0.846288,0.114032,-0.190965,-0.48518,0.873894,0.374825,0.20323,0.234865
0.848486,0.089294,0.029157,-0.519744,0.84628,0.114058,-0.190976,-0.485184,0.87389,0.374879,0.20317,0.234848
0.848456,0.089324,0.029158,-0.519786,0.846251,0.114051,-0.190974,-0.485237,0.873869,0.374932,0.203163,0.234845
0.848427,0.08932,0.029182,-0.519833,0.846198,0.114074,-0.191049,-0.485296,0.873869,0.374964,0.203132,0.234823
0.848408,0.089339,0.029192,-0.51986,0.846157,0.114116,-0.191069,-0.485348,0.873855,0.374985,0.203108,0.234859
0.84838,0.089391,0.029173,-0.519896,0.846111,0.114096,-0.191081,-0.485429,0.873849,0.375024,0.203074,0.234848
0.848351,0.08944,0.029155,-0.519937,0.846065,0.114124,-0.191109,-0.485492,0.873825,0.375086,0.203065,0.234848
0.848327,0.089461,0.029191,-0.519971,0.846044,0.11419,-0.191155,-0.485494,0.87383,0.375114,0.203028,0.234817
0.848292,0.089529,0.029205,-0.520013,0.846021,0.114208,-0.191162,-0.485527,0.873797,0.375192,0.203005,0.234834
0.848276,0.089597,0.029217,-0.520027,0.845962,0.114267,-0.191222,-0.485594,0.87377,0.375245,0.202986,0.234869
0.848284,0.089648,0.029222,-0.520002,0.845954,0.114318,-0.191223,-0.485595,0.873779,0.375258,0.202905,0.234883
0.848265,0.089662,0.029271,-0.520031,0.845935,0.11438,-0.191222,-0.485614,0.873762,0.375284,0.202895,0.234915
0.848225,0.089674,0.029329,-0.520087,0.845929,0.114389,-0.191154,-0.485647,0.87375,0.375324,0.202857,0.234927
0.848224,0.089697,0.029419,-0.520079,0.845945,0.114389,-0.191054,-0.485657,0.873743,0.375326,0.202859,0.234948
0.848233,0.089773,0.029462,-0.520049,0.845955,0.114449,-0.190979,-0.485655,0.873725,0.375395,0.202793,0.234965
0.84824,0.089819,0.029493,-0.520026,0.84597,0.114508,-0.19092,-0.485637,0.87371,0.375467,0.202779,0.234914
0.848239,0.089869,0.029588,-0.520013,0.845963,0.114573,-0.190904,-0.48564,0.873667,0.375554,0.202773,0.234941
0.848213,0.089945,0.029641,-0.520037,0.845982,0.114593,-0.190862,-0.485615,0.873651,0.37559,0.202773,0.234945
0.848226,0.090037,0.029725,-0.519995,0.845979,0.114683,-0.1908,-0.485624,0.873627,0.375651,0.202779,0.234931
0.848226,0.090075,0.029776,-0.519984,0.846009,0.114689,-0.19068,-0.485616,0.873565,0.375776,0.202791,0.234947
0.848229,0.090145,0.029815,-0.519962,0.846071,0.114666,-0.190577,-0.485554,0.87355,0.375815,0.20277,0.234963
0.848225,0.090144,0.02987,-0.519967,0.846104,0.114653,-0.190492,-0.485529,0.87355,0.375868,0.202757,0.23489
0.848224,0.090156,0.029936,-0.519961,0.846103,0.114679,-0.190468,-0.485536,0.873539,0.375901,0.202756,0.234875
0.848205,0.090172,0.029966,-0.519986,0.846131,0.114656,-0.190429,-0.485505,0.873541,0.375912,0.202724,0.23488
0.848199,0.090224,0.029958,-0.519988,0.846115,0.114736,-0.190426,-0.485517,0.873547,0.375926,0.202669,0.234886
0.848189,0.090302,0.029926,-0.519993,0.846109,0.114822,-0.190405,-0.485512,0.873545,0.375937,0.202649,0.234892
0.848182,0.090465,0.029891,-0.519977,0.846059,0.114965,-0.19043,-0.485555,0.873525,0.376015,0.202614,0.234872
0.848154,0.090642,0.029882,-0.519991,0.846028,0.115087,-0.190428,-0.485582,0.873506,0.376091,0.202574,0.234852
0.848137,0.090736,0.029885,-0.52,0.845992,0.11511,-0.190436,-0.485635,0.873492,0.376136,0.202511,0.234886
0.848139,0.090745,0.029922,-0.519994,0.845984,0.11511,-0.190409,-0.485658,0.873494,0.37615,0.202527,0.234841
0.848167,0.090714,0.029968,-0.519951,0.845959,0.115159,-0.190416,-0.485688,0.873479,0.376191,0.202559,0.234807
0.848185,0.090711,0.030033,-0.519917,0.845952,0.115153,-0.190376,-0.485718,0.873464,0.376205,0.202579,0.234821
0.848153,0.090727,0.030007,-0.519968,0.845933,0.115205,-0.190414,-0.485723,0.873463,0.376195,0.202586,0.234839
0.848119,0.090785,0.029952,-0.520016,0.84591,0.11528,-0.190403,-0.485749,0.873458,0.376214,0.202573,0.234836
0.848106,0.090858,0.029945,-0.520025,0.845884,0.1153,-0.190391,-0.485794,0.873471,0.376249,0.20255,0.234748
0.848092,0.090838,0.029886,-0.520056,0.845855,0.115239,-0.190406,-0.485854,0.873461,0.376278,0.202553,0.234737
0.848071,0.090789,0.029898,-0.520097,0.845827,0.115206,-0.190433,-0.485901,0.873459,0.376306,0.202527,0.234722
0.848057,0.09077,0.029982,-0.52012,0.845769,0.115121,-0.190462,-0.486011,0.873483,0.376259,0.2025,0.234729
0.84802,0.090764,0.030026,-0.520176,0.845741,0.115109,-0.190449,-0.486068,0.873496,0.376248,0.20244,0.234751
0.84796,0.090795,0.03003,-0.520267,0.845703,0.115154,-0.190446,-0.486124,0.873502,0.376266,0.202399,0.234738
0.847941,0.090845,0.030054,-0.520288,0.845658,0.115217,-0.190423,-0.486195,0.873524,0.376232,0.202397,0.23471
0.84791,0.090877,0.030041,-0.520334,0.84564,0.115239,-0.190333,-0.486256,0.873532,0.376199,0.202437,0.234698
0.847867,0.090818,0.03011,-0.520411,0.845636,0.115174,-0.190307,-0.486288,0.873534,0.376199,0.202464,0.234671
0.847855,0.090753,0.030169,-0.520437,0.845671,0.115029,-0.19028,-0.486274,0.873524,0.376226,0.20247,0.234653
0.847831,0.090665,0.030263,-0.520484,0.84568,0.114937,-0.190199,-0.486313,0.873504,0.376278,0.20247,0.234645
0.847804,0.090632,0.030299,-0.520534,0.84567,0.114851,-0.190141,-0.486372,0.873492,0.376303,0.202464,0.234655
0.847771,0.09068,0.030331,-0.520576,0.845646,0.114932,-0.190046,-0.486431,0.87348,0.376356,0.202418,0.234657
0.847755,0.090787,0.030278,-0.520586,0.845581,0.115048,-0.190037,-0.486518,0.873478,0.376408,0.202357,0.234632
0.847727,0.090924,0.030238,-0.520608,0.845517,0.11516,-0.190085,-0.486585,0.873461,0.376489,0.202305,0.23461
0.847702,0.091019,0.030205,-0.520634,0.845479,0.115255,-0.19013,-0.48661,0.873436,0.37656,0.202264,0.234624
0.847716,0.091029,0.030208,-0.52061,0.845488,0.115302,-0.190124,-0.486584,0.8734,0.376621,0.202281,0.234644
0.847745,0.091031,0.030254,-0.520559,0.845509,0.115264,-0.190121,-0.48656,0.873376,0.376674,0.202307,0.234632
0.847802,0.090933,0.030347,-0.520478,0.845543,0.115257,-0.190118,-0.486504,0.873337,0.376755,0.202358,0.234601
0.847823,0.09093,0.030401,-0.520441,0.845574,0.115296,-0.190114,-0.486441,0.873319,0.376808,0.202344,0.234593
0.847823,0.091024,0.03039,-0.520425,0.845554,0.115366,-0.190108,-0.486461,0.873302,0.376839,0.20233,0.23462
0.847796,0.091114,0.030373,-0.520454,0.845559,0.115454,-0.190109,-0.486429,0.873302,0.376874,0.202297,0.234593
0.847792,0.091277,0.030325,-0.520432,0.845547,0.115517,-0.190146,-0.48642,0.873314,0.376829,0.202296,0.234621
0.847811,0.091262,0.030321,-0.520405,0.845522,0.115546,-0.190142,-0.48646,0.87333,0.376767,0.202286,0.234667
0.847791,0.091243,0.030321,-0.520441,0.845523,0.115522,-0.190085,-0.486484,0.873331,0.376768,0.202285,0.234666
0.847778,0.091161,0.030358,-0.520475,0.845494,0.115485,-0.190075,-0.486547,0.873326,0.376759,0.202298,0.234686
0.84776,0.091069,0.03045,-0.520516,0.845518,0.115401,-0.190055,-0.486535,0.873311,0.376781,0.202308,0.2347
0.847764,0.091019,0.030497,-0.520514,0.845536,0.115354,-0.189973,-0.486545,0.873298,0.376813,0.202344,0.234664
0.847727,0.091009,0.030562,-0.520572,0.845541,0.11536,-0.189927,-0.486554,0.873283,0.376816,0.202398,0.23467
0.847715,0.091043,0.030634,-0.52058,0.845522,0.115462,-0.189924,-0.486564,0.873269,0.37686,0.202393,0.234656
0.847706,0.091116,0.030624,-0.520582,0.845472,0.115564,-0.189939,-0.486619,0.873261,0.376845,0.202417,0.23469
0.847706,0.091236,0.030545,-0.520564,0.845449,0.115685,-0.189999,-0.486606,0.873248,0.376886,0.202411,0.234678
0.847702,0.091328,0.030509,-0.520557,0.845424,0.115794,-0.18999,-0.486627,0.87322,0.376957,0.202421,0.23466
0.8477,0.091338,0.030501,-0.520558,0.845433,0.115811,-0.189987,-0.486608,0.873195,0.377002,0.202449,0.234659
0.847711,0.09125,0.030565,-0.520554,0.845442,0.115784,-0.189965,-0.486605,0.873172,0.37701,0.202494,0.234691
0.847729,0.091155,0.03062,-0.520538,0.845458,0.115724,-0.189964,-0.486595,0.873165,0.376991,0.20254,0.234709
0.847734,0.09105,0.030594,-0.52055,0.845468,0.115589,-0.190029,-0.486585,0.873184,0.376936,0.202553,0.234712
0.84778,0.090995,0.030568,-0.520487,0.845478,0.115514,-0.190106,-0.486555,0.873258,0.376803,0.202539,0.234667
0.847798,0.091002,0.030454,-0.520465,0.845454,0.115533,-0.190231,-0.486546,0.873307,0.376719,0.202476,0.23467
0.847804,0.091096,0.030254,-0.520451,0.845436,0.115662,-0.190325,-0.486509,0.873326,0.376683,0.20244,0.234688
0.84783,0.091229,0.030086,-0.520395,0.84542,0.11568,-0.190414,-0.4865,0.873364,0.376583,0.202395,0.234745
0.847835,0.091233,0.029964,-0.520395,0.845425,0.115634,-0.190449,-0.486488,0.8734,0.376523,0.202303,0.234784
0.847878,0.091215,0.029906,-0.520333,0.845432,0.115624,-0.19046,-0.486475,0.87341,0.376485,0.202248,0.234857
0.847886,0.091227,0.029831,-0.520323,0.845435,0.115631,-0.190499,-0.486451,0.873391,0.376533,0.202183,0.234911
0.847907,0.091273,0.029767,-0.520285,0.845426,0.115714,-0.190548,-0.486431,0.873366,0.376602,0.202119,0.234947
0.847925,0.091381,0.029677,-0.52024,0.845396,0.115871,-0.190647,-0.486406,0.873326,0.376683,0.20206,0.235019
0.847928,0.091581,0.029541,-0.520209,0.845345,0.116095,-0.190751,-0.486401,0.873276,0.37679,0.201997,0.235091
0.847925,0.091782,0.029427,-0.520186,0.845311,0.116221,-0.190829,-0.486397,0.873251,0.376841,0.20195,0.23514
0.847933,0.091889,0.029364,-0.520155,0.845297,0.116329,-0.190895,-0.486368,0.873212,0.376947,0.201903,0.235158
0.847945,0.092024,0.029283,-0.520117,0.845298,0.116413,-0.190939,-0.486329,0.873181,0.377029,0.201836,0.235199
0.847979,0.092017,0.029236,-0.520065,0.845309,0.116427,-0.19097,-0.486296,0.873183,0.37705,0.201739,0.235245
0.847998,0.092013,0.029209,-0.520038,0.84531,0.11642,-0.191035,-0.486271,0.873156,0.377093,0.201694,0.235314
0.848018,0.092076,0.029141,-0.519998,0.845318,0.116405,-0.19111,-0.486233,0.873156,0.377137,0.201608,0.235319
0.848044,0.092166,0.029043,-0.519945,0.845291,0.116466,-0.191223,-0.486221,0.873159,0.377127,0.20154,0.235381
0.848071,0.092292,0.028902,-0.519886,0.845253,0.116565,-0.191375,-0.486203,0.873171,0.377093,0.201483,0.235439
0.848064,0.092447,0.028823,-0.519875,0.845219,0.116661,-0.191524,-0.486182,0.873191,0.377057,0.201447,0.235459
0.848076,0.09254,0.02871,-0.519845,0.845207,0.11672,-0.191647,-0.48614,0.873196,0.377038,0.201399,0.235508
0.848081,0.092546,0.02861,-0.519844,0.845214,0.116689,-0.191669,-0.486127,0.873202,0.377051,0.201362,0.235494
0.848084,0.092528,0.028508,-0.519848,0.845189,0.116714,-0.191724,-0.486144,0.873242,0.376992,0.201291,0.235504
0.848084,0.092479,0.028496,-0.519858,0.845231,0.116683,-0.191752,-0.486068,0.873279,0.376972,0.20126,0.235424
0.84807,0.092461,0.028521,-0.519883,0.845232,0.116658,-0.191726,-0.486083,0.873276,0.377015,0.201229,0.235394
0.848054,0.092451,0.028522,-0.519911,0.845188,0.116686,-0.191717,-0.486156,0.873301,0.376976,0.201224,0.235368
0.848017,0.092485,0.028498,-0.519966,0.845151,0.116751,-0.191704,-0.486207,0.873304,0.377013,0.201201,0.235314
0.848,0.092545,0.028435,-0.519987,0.845089,0.116801,-0.191742,-0.486289,0.873299,0.377042,0.201207,0.23528
0.847944,0.092606,0.0284,-0.520069,0.845006,0.116844,-0.191724,-0.48643,0.873282,0.377125,0.20115,0.235257
0.84787,0.092686,0.028341,-0.520177,0.844916,0.116833,-0.191722,-0.48659,0.873316,0.377123,0.201088,0.235184
0.847773,0.092717,0.028304,-0.520332,0.844816,0.116742,-0.191759,-0.486771,0.87333,0.377173,0.200978,0.235148
0.847703,0.092724,0.028236,-0.52045,0.844752,0.116664,-0.191802,-0.486887,0.873375,0.377149,0.200876,0.235104
0.847636,0.092761,0.028141,-0.520557,0.844681,0.116627,-0.191858,-0.486998,0.8734,0.377175,0.200758,0.235068
0.847581,0.092725,0.028104,-0.520655,0.844612,0.11664,-0.191895,-0.4871,0.873452,0.37716,0.200662,0.234978
0.84757,0.092666,0.028056,-0.520688,0.844556,0.116635,-0.191929,-0.487185,0.873511,0.377107,0.200593,0.234903
0.847519,0.092665,0.027971,-0.520777,0.844518,0.116619,-0.192,-0.487228,0.873546,0.377102,0.20055,0.234813
0.847493,0.092691,0.027932,-0.520816,0.844487,0.1166,-0.192045,-0.487269,0.873571,0.377128,0.200467,0.234753
0.84747,0.092571,0.027861,-0.52088,0.844474,0.116516,-0.192117,-0.487284,0.873605,0.377126,0.200403,0.234682
0.847461,0.092555,0.027774,-0.520903,0.844474,0.116443,-0.192194,-0.487273,0.873647,0.377098,0.200311,0.234651
0.847461,0.092555,0.02774,-0.520905,0.844464,0.116353,-0.192247,-0.487293,0.873664,0.377063,0.200339,0.234618
0.84745,0.092573,0.027613,-0.520929,0.844414,0.116343,-0.192293,-0.487364,0.87372,0.376995,0.200275,0.234567
0.847423,0.092622,0.027546,-0.520967,0.84441,0.116371,-0.192439,-0.487308,0.873757,0.376938,0.200234,0.234557
0.847394,0.092698,0.027427,-0.521008,0.84441,0.116409,-0.192571,-0.487248,0.873794,0.376895,0.200192,0.234524
0.847421,0.092698,0.027329,-0.520971,0.844376,0.116496,-0.192644,-0.487257,0.873824,0.376848,0.200218,0.234468
0.847413,0.09271,0.027235,-0.520988,0.844397,0.116447,-0.192728,-0.487201,0.873862,0.376789,0.200213,0.23442
0.847403,0.092651,0.027207,-0.521016,0.844408,0.116419,-0.19282,-0.487153,0.873888,0.376722,0.200237,0.234412
0.847422,0.092548,0.027197,-0.521006,0.844421,0.116292,-0.192854,-0.48715,0.873928,0.376645,0.200223,0.234398
0.847423,0.092406,0.027206,-0.52103,0.844431,0.11621,-0.192874,-0.487144,0.87392,0.376655,0.200252,0.234386
0.847409,0.09233,0.027215,-0.521067,0.844424,0.116201,-0.192863,-0.487162,0.873915,0.376663,0.200217,0.234421
0.847417,0.092345,0.027151,-0.521054,0.844427,0.116218,-0.192899,-0.48714,0.873976,0.376546,0.20016,0.234431
0.847404,0.092423,0.027085,-0.521064,0.844437,0.116277,-0.192945,-0.48709,0.873983,0.376534,0.200145,0.234437
0.847425,0.092543,0.026957,-0.521015,0.844406,0.116362,-0.193009,-0.487098,0.873998,0.376474,0.200137,0.234487
0.847453,0.092552,0.026837,-0.520977,0.844431,0.116348,-0.193057,-0.487038,0.874002,0.376407,0.200142,0.234575
0.847501,0.092471,0.026748,-0.52092,0.844444,0.116353,-0.193135,-0.486985,0.87402,0.376356,0.200106,0.234621
0.847548,0.09233,0.026692,-0.520874,0.844461,0.11631,-0.19324,-0.486924,0.874013,0.376335,0.200071,0.234712
0.847616,0.092251,0.026582,-0.520784,0.844448,0.116349,-0.193407,-0.486873,0.874037,0.376249,0.200007,0.234817
0.847706,0.092265,0.026384,-0.520647,0.844453,0.11646,-0.193547,-0.486783,0.874066,0.376174,0.199888,0.23493
0.84777,0.092313,0.02611,-0.52055,0.844478,0.116627,-0.193781,-0.486609,0.874132,0.37605,0.199788,0.23497
0.84787,0.092459,0.025805,-0.520381,0.844488,0.116746,-0.194099,-0.486437,0.874179,0.375932,0.199709,0.235051
0.847967,0.092511,0.025474,-0.520231,0.844536,0.116826,-0.194421,-0.486208,0.874241,0.375762,0.199601,0.235185
0.848104,0.092448,0.02514,-0.520042,0.844589,0.116759,-0.194719,-0.486017,0.874283,0.375616,0.199517,0.235333
0.848248,0.092275,0.024942,-0.51985,0.84468,0.116648,-0.194957,-0.485792,0.874327,0.375467,0.199419,0.235495
0.848388,0.092095,0.024784,-0.519666,0.844797,0.116523,-0.19514,-0.485548,0.874346,0.375304,0.199374,0.235727
0.84851,0.091955,0.024646,-0.5195,0.8449,0.116511,-0.195325,-0.485299,0.874373,0.375165,0.199315,0.235901
0.848619,0.091905,0.024483,-0.519339,0.844985,0.116542,-0.195475,-0.485086,0.874412,0.375039,0.19927,0.235993
0.848701,0.091948,0.024376,-0.519204,0.845027,0.116602,-0.195671,-0.484921,0.874443,0.374912,0.199249,0.236101
0.848737,0.092107,0.024256,-0.519124,0.845025,0.11673,-0.195744,-0.484863,0.874453,0.374845,0.199197,0.236211
0.848788,0.092256,0.024191,-0.519016,0.845027,0.116888,-0.19583,-0.484787,0.874468,0.374749,0.199178,0.236328
0.848827,0.092446,0.024174,-0.518919,0.84504,0.117072,-0.195811,-0.484724,0.874436,0.374764,0.199174,0.236427
0.848843,0.092568,0.024162,-0.518869,0.845049,0.117189,-0.195762,-0.484698,0.874371,0.374866,0.199187,0.236501
0.848865,0.092627,0.024242,-0.518818,0.845033,0.11736,-0.195637,-0.484733,0.874284,0.375005,0.199193,0.236596
0.848889,0.092726,0.024359,-0.518754,0.845047,0.117423,-0.195486,-0.484752,0.874203,0.375142,0.199241,0.236642
0.848881,0.092824,0.024511,-0.518739,0.84508,0.117489,-0.195357,-0.484729,0.874114,0.375232,0.199345,0.236742
0.848862,0.092867,0.02468,-0.518752,0.845092,0.117558,-0.195162,-0.484766,0.874035,0.375324,0.199467,0.23679
0.848843,0.092929,0.024832,-0.518763,0.84513,0.117617,-0.195007,-0.484747,0.873979,0.375413,0.199541,0.236791
0.848828,0.093028,0.024936,-0.518763,0.845144,0.117616,-0.194852,-0.484782,0.873918,0.375508,0.199619,0.236803
0.848803,0.093114,0.025039,-0.518782,0.845153,0.117745,-0.194703,-0.484792,0.873882,0.375557,0.199674,0.236809
0.848805,0.093187,0.025179,-0.518757,0.84516,0.117849,-0.194641,-0.484778,0.873869,0.375572,0.199743,0.236773
0.848776,0.093208,0.025237,-0.518795,0.845174,0.117845,-0.194589,-0.484774,0.873866,0.375544,0.199836,0.236754
0.848775,0.093152,0.025271,-0.518806,0.845211,0.117737,-0.194526,-0.484762,0.873852,0.375532,0.1999,0.236769
0.848757,0.093076,0.025319,-0.518847,0.84522,0.117646,-0.194452,-0.484798,0.873854,0.3755,0.199912,0.236801
0.848762,0.092965,0.02541,-0.518855,0.845216,0.117547,-0.194443,-0.484835,0.873864,0.375451,0.199917,0.236836
0.848746,0.092867,0.025519,-0.518894,0.84521,0.117426,-0.194385,-0.484898,0.873876,0.375379,0.199981,0.236857
0.848729,0.092807,0.025521,-0.518931,0.845214,0.117359,-0.194395,-0.484904,0.873887,0.375356,0.199969,0.236861
0.848712,0.092828,0.025496,-0.518956,0.845224,0.117312,-0.194362,-0.484913,0.873889,0.375315,0.199993,0.2369
0.84871,0.092842,0.025487,-0.518957,0.845215,0.117304,-0.194348,-0.484934,0.873916,0.375288,0.2,0.236833
0.848714,0.092847,0.025449,-0.518953,0.845212,0.117254,-0.194301,-0.484972,0.873924,0.375254,0.200042,0.236825
0.84873,0.092786,0.025455,-0.518936,0.845221,0.117213,-0.194278,-0.484974,0.873918,0.375264,0.200054,0.236823
0.848742,0.092785,0.025464,-0.518917,0.845218,0.117199,-0.194258,-0.48499,0.873905,0.375288,0.200065,0.236818
0.848732,0.092808,0.025426,-0.518932,0.845217,0.117213,-0.194307,-0.484971,0.873899,0.375291,0.200106,0.236808
0.848713,0.092881,0.025386,-0.518951,0.845194,0.11729,-0.194367,-0.484967,0.873927,0.375246,0.200094,0.236783
0.848727,0.09292,0.025349,-0.518926,0.845155,0.117282,-0.194369,-0.485036,0.873946,0.375206,0.200094,0.236771
0.848682,0.092942,0.025287,-0.518997,0.845131,0.11723,-0.194311,-0.485114,0.873946,0.375209,0.200088,0.236773
0.848642,0.092987,0.025254,-0.519056,0.845104,0.117223,-0.19433,-0.485155,0.873905,0.375306,0.200083,0.236776
0.848635,0.092974,0.025245,-0.51907,0.845078,0.11719,-0.194308,-0.485218,0.873855,0.375416,0.200099,0.236775
0.848604,0.092918,0.025269,-0.519129,0.845078,0.11724,-0.194297,-0.485209,0.873829,0.375497,0.200087,0.236752
0.848587,0.093014,0.025257,-0.51914,0.845047,0.117309,-0.194298,-0.485247,0.87381,0.375563,0.200048,0.236751
0.848584,0.093119,0.025205,-0.519129,0.844997,0.11737,-0.194338,-0.485301,0.873801,0.37557,0.200056,0.236769
0.848592,0.093228,0.025146,-0.519098,0.844978,0.117428,-0.194353,-0.485315,0.873823,0.375542,0.200048,0.236736
0.848581,0.093272,0.025115,-0.51911,0.844997,0.117489,-0.194397,-0.485249,0.873843,0.375504,0.200029,0.236738
0.848555,0.093298,0.025063,-0.519151,0.844989,0.117435,-0.194447,-0.485258,0.873855,0.375485,0.20002,0.23673
0.848582,0.093229,0.025055,-0.51912,0.845001,0.117388,-0.194453,-0.485245,0.873863,0.375465,0.199973,0.236773
0.848598,0.09321,0.025062,-0.519097,0.845026,0.117393,-0.194424,-0.485212,0.873891,0.375414,0.199978,0.236745
0.848591,0.09322,0.025038,-0.519107,0.845031,0.117375,-0.194448,-0.4852,0.873901,0.375378,0.199982,0.23676
0.848575,0.093263,0.025017,-0.519127,0.845012,0.117364,-0.194453,-0.485233,0.873928,0.375328,0.199967,0.236754
0.848591,0.093263,0.025004,-0.519101,0.845014,0.117315,-0.194496,-0.485226,0.873978,0.375223,0.199937,0.23676
0.848578,0.093241,0.02502,-0.519125,0.844997,0.117332,-0.194533,-0.485235,0.873975,0.375229,0.199974,0.236729
0.848588,0.093209,0.025014,-0.519116,0.845012,0.117334,-0.19453,-0.485209,0.873947,0.375267,0.200029,0.236729
0.848592,0.093163,0.024995,-0.51912,0.845023,0.117305,-0.194531,-0.485198,0.873952,0.375237,0.200025,0.236761
0.848599,0.093139,0.024969,-0.519113,0.845011,0.117262,-0.194608,-0.4852,0.873988,0.37517,0.200018,0.236736
0.848585,0.0931,0.024889,-0.519149,0.845006,0.11721,-0.194665,-0.485198,0.874001,0.37514,0.200046,0.236718
0.848568,0.093062,0.024873,-0.519184,0.845037,0.117094,-0.194642,-0.485184,0.874028,0.3751,0.199978,0.236734
0.848586,0.093038,0.024823,-0.519162,0.845023,0.117042,-0.194687,-0.485202,0.874074,0.37503,0.199934,0.236711
0.848577,0.093019,0.024819,-0.519181,0.845005,0.116967,-0.194762,-0.485222,0.874094,0.375001,0.199912,0.236707
0.848573,0.093034,0.024759,-0.519188,0.845009,0.116986,-0.194724,-0.485227,0.874133,0.374929,0.199928,0.23666
0.84859,0.093031,0.024729,-0.519162,0.84499,0.11702,-0.194707,-0.485259,0.874157,0.374881,0.199885,0.236682
0.848568,0.093068,0.02468,-0.519196,0.84498,0.116971,-0.194713,-0.485284,0.874156,0.374906,0.199889,0.236642
0.84856,0.093112,0.024688,-0.5192,0.844968,0.116966,-0.19471,-0.485308,0.874159,0.374904,0.199907,0.236622
0.848524,0.093131,0.024673,-0.519255,0.844977,0.116999,-0.194639,-0.485313,0.874128,0.374936,0.199968,0.236633
0.848533,0.093129,0.024648,-0.519243,0.84495,0.117045,-0.194662,-0.485339,0.874104,0.374948,0.200003,0.236672
0.84851,0.093158,0.024666,-0.519274,0.844938,0.11706,-0.194617,-0.485373,0.87408,0.375016,0.199997,0.236663
0.848508,0.093185,0.024702,-0.519268,0.844917,0.11712,-0.194564,-0.485416,0.874075,0.375019,0.200008,0.236663
0.848501,0.093233,0.024727,-0.51927,0.844883,0.11718,-0.194531,-0.485473,0.874083,0.374981,0.199995,0.236706
0.848497,0.093281,0.024751,-0.519267,0.844855,0.117221,-0.194502,-0.485522,0.874063,0.375036,0.199983,0.236704
0.848468,0.0933,0.024799,-0.519308,0.844828,0.117281,-0.194507,-0.485553,0.874049,0.375061,0.199992,0.236708
0.848441,0.093317,0.024768,-0.519351,0.844804,0.117326,-0.19454,-0.48557,0.874027,0.375107,0.199971,0.236733
0.848419,0.093398,0.024766,-0.519371,0.844746,0.117452,-0.194592,-0.48562,0.874036,0.375085,0.199938,0.236768
0.84842,0.093573,0.024685,-0.519341,0.84465,0.11771,-0.194735,-0.485667,0.874021,0.37509,0.199951,0.236804
0.848403,0.093838,0.024517,-0.519328,0.844548,0.118022,-0.1949,-0.4857,0.874037,0.375086,0.199896,0.236799
0.84837,0.094082,0.024361,-0.519344,0.844477,0.118257,-0.195,-0.485727,0.874041,0.37508,0.199894,0.23679
0.848338,0.094199,0.02429,-0.51938,0.844426,0.118368,-0.195043,-0.48577,0.874023,0.375108,0.199896,0.23681
0.84833,0.094244,0.024322,-0.519382,0.844414,0.118358,-0.195021,-0.485802,0.873983,0.375181,0.199921,0.236825
0.848329,0.094204,0.02442,-0.519385,0.844431,0.118325,-0.194954,-0.485807,0.873945,0.375245,0.199922,0.236863
0.848339,0.094157,0.024567,-0.519372,0.844432,0.118358,-0.194881,-0.485825,0.873889,0.375331,0.199928,0.236928
0.848342,0.094199,0.024635,-0.519353,0.844442,0.118452,-0.194832,-0.485803,0.873822,0.375461,0.199892,0.237001
0.848337,0.094314,0.024649,-0.519339,0.844418,0.118656,-0.194815,-0.485799,0.873768,0.37554,0.199927,0.237049
0.848338,0.094538,0.024654,-0.519294,0.844397,0.118888,-0.19475,-0.485804,0.873717,0.375653,0.199873,0.237102
0.848328,0.094794,0.024603,-0.519264,0.844345,0.119099,-0.19472,-0.485851,0.873632,0.375805,0.199902,0.237153
0.848342,0.09503,0.024558,-0.519198,0.844311,0.119317,-0.19474,-0.485847,0.873574,0.375884,0.199985,0.237173
0.848359,0.09518,0.024591,-0.51914,0.844316,0.119504,-0.194749,-0.485788,0.873513,0.375984,0.20006,0.237177
0.848368,0.095279,0.024589,-0.519106,0.844334,0.119575,-0.19476,-0.485735,0.873492,0.37601,0.200092,0.237188
0.848397,0.0953,0.024605,-0.519054,0.84434,0.119595,-0.194825,-0.485693,0.873481,0.375978,0.200086,0.237284
0.848414,0.095354,0.024596,-0.519017,0.844376,0.119584,-0.194768,-0.485656,0.8735,0.375903,0.200083,0.237335
0.848436,0.095328,0.024629,-0.518984,0.844429,0.119557,-0.194789,-0.485563,0.873528,0.375817,0.200048,0.237401
0.848478,0.095313,0.024621,-0.518919,0.84447,0.119528,-0.194817,-0.485489,0.873538,0.375758,0.200026,0.237477
0.848521,0.095361,0.024581,-0.518844,0.844494,0.119613,-0.194819,-0.485422,0.873517,0.375768,0.200012,0.237548
0.848537,0.095408,0.02451,-0.518811,0.844512,0.119723,-0.194772,-0.485381,0.873491,0.375781,0.20003,0.237612
0.848534,0.095545,0.0245,-0.51879,0.844484,0.119873,-0.19477,-0.485392,0.87344,0.375874,0.200035,0.237646
0.848541,0.095684,0.024417,-0.518757,0.844476,0.120009,-0.194718,-0.485391,0.873385,0.375964,0.200037,0.237708
0.848562,0.095786,0.024438,-0.518701,0.844469,0.120115,-0.194677,-0.485393,0.873364,0.375981,0.200059,0.237744
0.848589,0.095843,0.024429,-0.518647,0.844477,0.120211,-0.194713,-0.48534,0.873341,0.376016,0.200067,0.23776
0.848598,0.095867,0.024434,-0.518628,0.844469,0.120301,-0.194709,-0.485334,0.873281,0.376122,0.200125,0.237768
0.848604,0.095918,0.024429,-0.518608,0.844455,0.120373,-0.194686,-0.485348,0.873271,0.376174,0.200101,0.237744
0.848606,0.096008,0.024453,-0.518585,0.844435,0.120508,-0.194682,-0.485349,0.873269,0.376135,0.2001,0.237812
0.848602,0.096112,0.024483,-0.518569,0.844441,0.120588,-0.194729,-0.485301,0.873278,0.376085,0.20007,0.237886
0.848583,0.096271,0.024445,-0.518572,0.844398,0.120758,-0.194792,-0.485305,0.873297,0.376042,0.20005,0.237904
0.848595,0.096383,0.024395,-0.518534,0.844363,0.120831,-0.19484,-0.485329,0.873299,0.376024,0.200048,0.237924
0.84857,0.096422,0.024335,-0.518571,0.844353,0.120869,-0.194883,-0.485319,0.873284,0.376082,0.200032,0.237902
0.848559,0.096453,0.024318,-0.518584,0.844323,0.12091,-0.194955,-0.485336,0.87329,0.376099,0.199986,0.237888
0.848536,0.096474,0.024318,-0.518617,0.844294,0.12095,-0.195021,-0.485347,0.873271,0.376173,0.199995,0.237833
0.848531,0.096544,0.02434,-0.51861,0.844235,0.120937,-0.19505,-0.485444,0.873258,0.37625,0.199979,0.237772
0.848531,0.09656,0.024327,-0.518608,0.844198,0.120997,-0.195085,-0.485478,0.873267,0.376293,0.199902,0.237737
0.848513,0.096568,0.024349,-0.518636,0.84414,0.121094,-0.195065,-0.485563,0.873284,0.3763,0.199834,0.237718
0.848472,0.096608,0.024295,-0.518698,0.844089,0.12117,-0.195082,-0.485625,0.873294,0.376337,0.199767,0.237677
0.848436,0.096732,0.024296,-0.518731,0.844035,0.121307,-0.195097,-0.485678,0.873292,0.376374,0.199736,0.237655
0.848396,0.09685,0.024277,-0.518776,0.843971,0.121362,-0.195161,-0.485748,0.8733,0.376436,0.199682,0.237572
0.848342,0.097003,0.024293,-0.518832,0.84392,0.121461,-0.19515,-0.485815,0.873309,0.376477,0.199645,0.237502
0.848297,0.097105,0.024339,-0.518882,0.843849,0.121558,-0.195104,-0.485933,0.87328,0.376579,0.199622,0.237467
0.848259,0.097159,0.024345,-0.518934,0.843759,0.121705,-0.195073,-0.486063,0.873286,0.376616,0.19957,0.23743
0.848177,0.097279,0.024363,-0.519042,0.843682,0.121814,-0.195036,-0.486182,0.873323,0.376604,0.199502,0.237364
0.848104,0.097375,0.024339,-0.519145,0.843618,0.121897,-0.19503,-0.486276,0.873334,0.376616,0.199508,0.237303
0.848032,0.097453,0.024298,-0.519251,0.843577,0.121914,-0.195006,-0.486351,0.873354,0.376641,0.19943,0.237256
0.847971,0.097495,0.024344,-0.519337,0.843552,0.121857,-0.19496,-0.486428,0.873358,0.376705,0.199364,0.23719
0.847953,0.097505,0.024329,-0.519368,0.843488,0.121822,-0.194989,-0.486536,0.873371,0.37671,0.199364,0.237133
0.847905,0.097511,0.024337,-0.519444,0.843448,0.121819,-0.194977,-0.48661,0.873362,0.376738,0.199371,0.237119
0.847886,0.097522,0.024348,-0.519471,0.843436,0.12186,-0.194963,-0.486627,0.873382,0.376745,0.199329,0.237065
0.847847,0.097598,0.02434,-0.51952,0.843423,0.121891,-0.194948,-0.486648,0.873409,0.376714,0.199302,0.237035
0.84777,0.097695,0.024348,-0.519625,0.843404,0.121963,-0.194921,-0.486672,0.873423,0.376734,0.199273,0.236979
0.847739,0.097729,0.024351,-0.51967,0.843373,0.122003,-0.194895,-0.486726,0.87344,0.376747,0.199214,0.236944
0.847715,0.097802,0.024379,-0.519694,0.84341,0.121959,-0.194796,-0.486711,0.873449,0.376765,0.199189,0.2369
0.847705,0.097826,0.024403,-0.519703,0.843392,0.121987,-0.194774,-0.486745,0.873441,0.376791,0.199222,0.236861
0.847681,0.097917,0.024448,-0.519722,0.843373,0.122006,-0.194767,-0.486775,0.873447,0.376822,0.199203,0.236806
0.847645,0.097968,0.024514,-0.519766,0.843339,0.122013,-0.19475,-0.486837,0.873462,0.376824,0.199177,0.236769
0.847612,0.097936,0.024566,-0.519822,0.843293,0.122028,-0.194698,-0.486935,0.873457,0.376872,0.199159,0.236722
0.847577,0.097921,0.024579,-0.519884,0.843275,0.121962,-0.19462,-0.487014,0.873444,0.376937,0.199158,0.236668
0.847542,0.097925,0.02464,-0.519934,0.843278,0.121948,-0.194539,-0.487043,0.873459,0.376912,0.199189,0.236627
0.847507,0.097914,0.02471,-0.519991,0.843235,0.121952,-0.194515,-0.487126,0.873484,0.376872,0.19919,0.236592
0.847473,0.097937,0.024717,-0.520041,0.843195,0.121924,-0.194457,-0.487225,0.8735,0.376839,0.199173,0.2366
0.847461,0.097972,0.024676,-0.520055,0.843198,0.121894,-0.194409,-0.487246,0.873484,0.376859,0.199181,0.236622
0.847457,0.097925,0.024744,-0.520067,0.843191,0.121843,-0.194397,-0.487279,0.87351,0.376819,0.199174,0.2366
0.84746,0.0979,0.024806,-0.520062,0.843178,0.12179,-0.19439,-0.487316,0.873562,0.376723,0.199165,0.236563
0.84747,0.097819,0.024885,-0.52006,0.843203,0.121657,-0.194341,-0.487327,0.873567,0.376644,0.19921,0.236634
0.847461,0.09774,0.024994,-0.520082,0.843221,0.121597,-0.19434,-0.48731,0.87357,0.376624,0.199248,0.236624
0.847485,0.097685,0.025052,-0.520051,0.843272,0.121523,-0.194324,-0.487248,0.87359,0.376587,0.199213,0.23664
0.847509,0.097682,0.025074,-0.520012,0.843319,0.12142,-0.194249,-0.487223,0.873585,0.376575,0.199251,0.236646
0.847539,0.097725,0.025078,-0.519954,0.843361,0.12135,-0.194213,-0.48718,0.873572,0.37657,0.199282,0.236675
0.847567,0.097807,0.02509,-0.51989,0.843372,0.121402,-0.19418,-0.487161,0.873552,0.376576,0.19932,0.236707
0.847607,0.097868,0.025083,-0.519814,0.843397,0.12141,-0.194194,-0.48711,0.873528,0.376595,0.199376,0.236721
0.847659,0.097858,0.0251,-0.51973,0.843456,0.121392,-0.194145,-0.487032,0.873533,0.376508,0.199436,0.236789
0.847708,0.097797,0.025159,-0.519661,0.843553,0.121363,-0.194036,-0.486911,0.873518,0.376517,0.199471,0.236806
0.847767,0.097714,0.025209,-0.519577,0.843629,0.12131,-0.193926,-0.486838,0.873503,0.376525,0.199445,0.236867
0.847832,0.09762,0.025276,-0.519486,0.84371,0.12119,-0.193827,-0.486767,0.873471,0.376524,0.199499,0.236945
0.847873,0.097605,0.025299,-0.519421,0.843753,0.121122,-0.193779,-0.486729,0.873452,0.376505,0.199554,0.236999
0.847892,0.097649,0.025311,-0.519379,0.84378,0.121204,-0.19382,-0.486645,0.873416,0.376543,0.199549,0.237076
0.847907,0.097755,0.025285,-0.519336,0.84377,0.12132,-0.193848,-0.48662,0.873388,0.376545,0.199551,0.237173
0.847912,0.097875,0.025262,-0.519306,0.843774,0.121443,-0.193907,-0.48656,0.873366,0.376569,0.199519,0.237251
0.847932,0.097945,0.025184,-0.519264,0.843787,0.121478,-0.193946,-0.486512,0.873383,0.376483,0.199519,0.237321
0.84796,0.097867,0.025212,-0.519233,0.843814,0.121431,-0.193968,-0.486469,0.873392,0.376401,0.199544,0.2374
0.848013,0.097689,0.025288,-0.519176,0.843873,0.121285,-0.193963,-0.486408,0.873403,0.37631,0.199543,0.237504
0.848064,0.097476,0.025343,-0.519132,0.843945,0.12114,-0.19401,-0.486301,0.873383,0.376286,0.199617,0.237557
0.848119,0.097344,0.025445,-0.519062,0.843986,0.120993,-0.194032,-0.48626,0.873373,0.376248,0.199686,0.237596
0.848133,0.097241,0.025497,-0.519056,0.844018,0.120932,-0.194038,-0.486216,0.873322,0.376307,0.199727,0.237655
0.848166,0.097208,0.025568,-0.519004,0.844069,0.120928,-0.193945,-0.486164,0.873272,0.376374,0.199768,0.237702
0.848172,0.097294,0.025618,-0.518976,0.844081,0.120998,-0.193928,-0.486134,0.873241,0.37644,0.199752,0.237721
0.84819,0.097441,0.025632,-0.518915,0.844104,0.121107,-0.193871,-0.486086,0.873195,0.376496,0.199778,0.237786
0.848199,0.097636,0.025684,-0.51886,0.844107,0.121306,-0.193802,-0.486057,0.873139,0.376617,0.199745,0.237826
0.848228,0.097755,0.025752,-0.518786,0.844128,0.121424,-0.193719,-0.486023,0.873079,0.376699,0.199786,0.237885
0.848239,0.097878,0.025801,-0.518738,0.844144,0.121529,-0.193662,-0.485989,0.873007,0.376805,0.199869,0.237915
0.848237,0.097975,0.025849,-0.518722,0.844154,0.121636,-0.193629,-0.485957,0.872934,0.37692,0.199939,0.237938
0.84825,0.098078,0.025917,-0.518675,0.844179,0.121657,-0.193544,-0.485941,0.872861,0.377023,0.200014,0.237987
0.848261,0.098156,0.025944,-0.518639,0.844191,0.121751,-0.193514,-0.485908,0.872826,0.377073,0.200052,0.238003
0.848278,0.098209,0.025963,-0.518601,0.844204,0.121849,-0.19347,-0.485876,0.872808,0.377088,0.200065,0.238035
0.84827,0.098289,0.025954,-0.518599,0.844224,0.121933,-0.193443,-0.485829,0.872795,0.377092,0.200088,0.238054
0.848262,0.098331,0.025899,-0.518606,0.844221,0.121983,-0.193441,-0.485824,0.872794,0.377074,0.200062,0.23811
0.84824,0.098385,0.025907,-0.518632,0.844231,0.121962,-0.193447,-0.485807,0.872808,0.377006,0.200046,0.238184
0.848243,0.098324,0.025885,-0.518641,0.844177,0.12195,-0.19351,-0.485882,0.872865,0.376876,0.200017,0.238202
0.848256,0.098261,0.025897,-0.518631,0.844168,0.121928,-0.193555,-0.485886,0.872881,0.376832,0.199973,0.238251
0.848245,0.098258,0.025824,-0.518653,0.844163,0.121953,-0.193564,-0.485884,0.872889,0.376786,0.199945,0.238318
0.848245,0.098274,0.025826,-0.518649,0.844143,0.121939,-0.193573,-0.485919,0.872882,0.376824,0.199913,0.238311
0.84825,0.098318,0.025822,-0.518634,0.844109,0.121968,-0.193572,-0.485971,0.872878,0.376823,0.199917,0.238325
0.848237,0.098345,0.02582,-0.518651,0.844107,0.12205,-0.19363,-0.485932,0.872888,0.37683,0.199913,0.238279
0.848219,0.098454,0.025787,-0.51866,0.844092,0.122048,-0.193645,-0.485951,0.872889,0.376813,0.19992,0.238299
0.848211,0.098472,0.02581,-0.518666,0.844094,0.122136,-0.193652,-0.485921,0.872875,0.376826,0.199939,0.238314
0.848211,0.098425,0.025852,-0.518674,0.844102,0.12209,-0.193654,-0.485919,0.872855,0.376868,0.199981,0.238287
0.84818,0.098372,0.025889,-0.518733,0.844111,0.122067,-0.193635,-0.485916,0.872809,0.376974,0.20002,0.238253
0.848164,0.09832,0.025926,-0.518767,0.844097,0.122044,-0.193665,-0.485937,0.872792,0.377019,0.200054,0.238216
0.848159,0.098315,0.025951,-0.518774,0.844076,0.122032,-0.193683,-0.485969,0.872805,0.377026,0.200029,0.238174
0.848111,0.098308,0.025935,-0.518856,0.844056,0.122046,-0.193683,-0.485998,0.872852,0.37697,0.199965,0.238142
0.848097,0.098312,0.025883,-0.51888,0.844043,0.12208,-0.193674,-0.486017,0.872887,0.376936,0.199933,0.238094
0.848083,0.098304,0.025867,-0.518906,0.844038,0.122094,-0.193613,-0.486045,0.87291,0.376932,0.19987,0.238071
0.848024,0.098336,0.025928,-0.518993,0.843998,0.122128,-0.193558,-0.486129,0.872892,0.377006,0.199829,0.238055
0.847996,0.098393,0.025884,-0.51903,0.843938,0.122215,-0.193567,-0.486205,0.872906,0.376993,0.199785,0.238057
0.847968,0.098517,0.025876,-0.519052,0.843907,0.122292,-0.19355,-0.486245,0.872877,0.377087,0.19974,0.238053
0.847939,0.098615,0.025913,-0.519076,0.843883,0.122355,-0.193529,-0.48628,0.872855,0.377176,0.199703,0.238025
0.847936,0.09868,0.025887,-0.519071,0.843842,0.122413,-0.193544,-0.486329,0.872856,0.377229,0.199658,0.237976
0.847948,0.098659,0.02588,-0.519055,0.843798,0.122424,-0.19356,-0.486396,0.872858,0.377246,0.199623,0.23797
0.847929,0.098744,0.025828,-0.519072,0.843763,0.122473,-0.193549,-0.48645,0.872824,0.377308,0.199649,0.237975
0.847943,0.09881,0.025817,-0.519037,0.843742,0.122491,-0.193578,-0.48647,0.872798,0.377436,0.199619,0.237891
0.847932,0.098946,0.025764,-0.519031,0.843705,0.122536,-0.193577,-0.486524,0.872792,0.377486,0.1996,0.237847
0.84792,0.098998,0.025733,-0.519042,0.843686,0.122583,-0.193564,-0.486547,0.872765,0.377606,0.199558,0.237792
0.847903,0.099058,0.025751,-0.519057,0.843679,0.122545,-0.193493,-0.486597,0.872749,0.377684,0.199502,0.237775
0.84787,0.099095,0.025747,-0.519102,0.843642,0.122579,-0.193517,-0.486645,0.872729,0.377754,0.199415,0.237809
0.84785,0.099097,0.02579,-0.519133,0.843588,0.122579,-0.193551,-0.486726,0.872712,0.377795,0.19939,0.23783
0.847843,0.099176,0.025768,-0.519129,0.84355,0.122668,-0.193584,-0.486756,0.872697,0.377866,0.199327,0.237823
0.847826,0.09928,0.025711,-0.519141,0.843518,0.122746,-0.193659,-0.486761,0.872664,0.37796,0.199314,0.237806
0.847802,0.099426,0.025651,-0.519155,0.843483,0.122851,-0.193688,-0.486782,0.87264,0.378052,0.199265,0.23779
0.847783,0.099565,0.025623,-0.519159,0.843475,0.122961,-0.193673,-0.486774,0.8726,0.378158,0.199217,0.237808
0.847763,0.099679,0.025605,-0.51917,0.84347,0.122964,-0.193673,-0.486781,0.872574,0.378234,0.199155,0.237833
0.847743,0.099675,0.025661,-0.5192,0.843502,0.122915,-0.193635,-0.486754,0.872563,0.378268,0.199147,0.237825
0.847754,0.099693,0.025691,-0.519177,0.843502,0.122969,-0.193635,-0.486739,0.872567,0.378254,0.199143,0.237839
0.847757,0.099743,0.025692,-0.519161,0.843487,0.123044,-0.193691,-0.486725,0.872583,0.378212,0.199083,0.237897
0.847733,0.099792,0.025698,-0.51919,0.843466,0.123125,-0.19368,-0.486744,0.872594,0.378181,0.199058,0.237927
0.847702,0.099868,0.02573,-0.519224,0.843485,0.123179,-0.193706,-0.486686,0.872607,0.378167,0.19905,0.23791
0.847678,0.099929,0.025737,-0.51925,0.843465,0.123227,-0.193719,-0.486702,0.872601,0.378193,0.199049,0.23789
0.847692,0.099938,0.025806,-0.51922,0.843448,0.12321,-0.193707,-0.486742,0.872561,0.378273,0.19907,0.237892
0.847669,0.099926,0.025915,-0.519254,0.843454,0.123181,-0.193679,-0.48675,0.872536,0.378335,0.199051,0.237903
0.847654,0.099906,0.025994,-0.519279,0.843455,0.123145,-0.193676,-0.486759,0.872511,0.378395,0.199101,0.237855
0.847635,0.099929,0.026063,-0.519301,0.843456,0.123108,-0.193697,-0.486761,0.872508,0.37843,0.199091,0.237818
0.84762,0.099898,0.026065,-0.519331,0.84342,0.123103,-0.193717,-0.486815,0.872514,0.378426,0.199111,0.237787
0.8476,0.099844,0.026118,-0.51937,0.843401,0.123188,-0.193767,-0.486806,0.872507,0.378459,0.199099,0.237765
0.847595,0.09991,0.026158,-0.519364,0.843404,0.123273,-0.193759,-0.486782,0.872513,0.37845,0.199095,0.237764
0.847557,0.099891,0.026165,-0.519428,0.843374,0.123319,-0.193747,-0.486827,0.872529,0.3784,0.19912,0.237765
0.847536,0.099892,0.02621,-0.519462,0.843342,0.123334,-0.193764,-0.486872,0.872516,0.378435,0.19916,0.237721
0.847526,0.099848,0.026276,-0.519482,0.843329,0.12335,-0.193753,-0.486893,0.872504,0.378425,0.19921,0.237739
0.847483,0.099911,0.026364,-0.519533,0.843326,0.123311,-0.193758,-0.486909,0.872495,0.378456,0.199219,0.237714
0.847452,0.099884,0.026372,-0.519588,0.843317,0.123308,-0.193786,-0.486912,0.872475,0.378495,0.199279,0.237676
0.847437,0.099902,0.026376,-0.519609,0.843317,0.123328,-0.193769,-0.486915,0.872448,0.378544,0.199307,0.237674
0.847427,0.099907,0.026442,-0.519621,0.843301,0.123337,-0.193753,-0.486947,0.872459,0.378488,0.199344,0.237692
0.847421,0.099918,0.026504,-0.519625,0.843304,0.123329,-0.193736,-0.48695,0.872456,0.378472,0.199392,0.237691
0.847406,0.099885,0.026553,-0.519651,0.843318,0.123364,-0.19372,-0.486922,0.872455,0.378487,0.199353,0.237701
0.847439,0.099887,0.026578,-0.519597,0.843315,0.123438,-0.193754,-0.486894,0.872455,0.378519,0.199327,0.237669
0.847454,0.099902,0.02652,-0.519574,0.843335,0.123459,-0.193752,-0.486855,0.872434,0.378572,0.199323,0.237666
0.847444,0.09997,0.026493,-0.519577,0.843332,0.123416,-0.193755,-0.486871,0.872411,0.378602,0.199346,0.237686
0.847452,0.100017,0.026484,-0.519555,0.843319,0.123478,-0.193819,-0.486854,0.872444,0.378562,0.199316,0.237653
0.84744,0.10006,0.026482,-0.519565,0.843297,0.123481,-0.193888,-0.486864,0.872431,0.378604,0.199286,0.237659
0.847415,0.100092,0.026525,-0.519597,0.843285,0.123505,-0.193861,-0.486887,0.872422,0.378636,0.199235,0.237685
0.847396,0.100106,0.02651,-0.519627,0.843266,0.123551,-0.193896,-0.486895,0.872409,0.378663,0.199223,0.237699
0.847416,0.100151,0.026502,-0.519587,0.843221,0.123558,-0.193906,-0.486967,0.872406,0.3787,0.199156,0.237708
0.847355,0.100159,0.026473,-0.519685,0.843199,0.123501,-0.193927,-0.487012,0.872386,0.378765,0.199089,0.237736
0.847358,0.100135,0.026509,-0.519683,0.843148,0.123525,-0.193966,-0.487079,0.872386,0.378793,0.199082,0.237696
0.847355,0.100155,0.026475,-0.519686,0.843144,0.123468,-0.194014,-0.487083,0.872393,0.378797,0.199078,0.237666
0.847329,0.100153,0.026477,-0.519728,0.843091,0.123502,-0.194101,-0.487131,0.872378,0.378814,0.199098,0.237676
0.847337,0.100192,0.026414,-0.519712,0.843048,0.123539,-0.194222,-0.487149,0.872378,0.37883,0.199036,0.237704
0.847341,0.100228,0.026424,-0.519698,0.843053,0.123545,-0.194246,-0.48713,0.872346,0.378924,0.19901,0.237693
0.847333,0.10028,0.026417,-0.519699,0.843047,0.123612,-0.194185,-0.487147,0.872324,0.378944,0.198999,0.237753
0.84731,0.100386,0.026385,-0.519718,0.843009,0.123756,-0.194203,-0.487167,0.872318,0.379011,0.198931,0.237725
0.84732,0.100428,0.026372,-0.519694,0.842999,0.123903,-0.194232,-0.487134,0.872295,0.379078,0.19891,0.237718
0.847299,0.100569,0.026293,-0.519704,0.843002,0.124061,-0.194293,-0.487064,0.872285,0.379083,0.198875,0.237775
0.847308,0.100666,0.026282,-0.51967,0.843003,0.12413,-0.194292,-0.487045,0.87227,0.379073,0.198871,0.237853
0.847336,0.100687,0.02627,-0.519622,0.843024,0.124139,-0.194321,-0.486995,0.87225,0.379091,0.198896,0.237877
0.847383,0.10066,0.026268,-0.519552,0.843053,0.124154,-0.194385,-0.486914,0.872212,0.379129,0.198928,0.237933
0.847419,0.10066,0.026257,-0.519494,0.843097,0.124165,-0.194464,-0.486804,0.872204,0.379111,0.198977,0.237951
0.847465,0.100649,0.026287,-0.51942,0.843135,0.124161,-0.194486,-0.486732,0.872177,0.379128,0.199041,0.237966
0.847489,0.100691,0.026241,-0.519373,0.843165,0.124105,-0.194568,-0.486664,0.872194,0.379071,0.199072,0.237972
0.847501,0.100666,0.026183,-0.519363,0.843183,0.124086,-0.194614,-0.486619,0.872214,0.379003,0.19907,0.238008
0.847507,0.100672,0.02613,-0.519356,0.843204,0.123977,-0.194712,-0.486572,0.872237,0.37895,0.199065,0.238012
0.847499,0.1007,0.026179,-0.519359,0.843261,0.123963,-0.194781,-0.486451,0.872291,0.378827,0.199088,0.237993
0.847506,0.100695,0.026205,-0.519348,0.843274,0.123977,-0.194846,-0.4864,0.872272,0.378809,0.199132,0.238051
0.847547,0.100681,0.026245,-0.519281,0.843271,0.124072,-0.194869,-0.48637,0.872217,0.378851,0.19922,0.238117
0.847562,0.100671,0.026255,-0.519257,0.843296,0.124077,-0.19486,-0.486329,0.872185,0.378892,0.199259,0.238133
0.847573,0.100711,0.026283,-0.519232,0.843291,0.124138,-0.194822,-0.486336,0.872164,0.378943,0.199286,0.238109
0.847576,0.100757,0.026304,-0.519215,0.843288,0.124122,-0.194796,-0.486355,0.87214,0.378974,0.199313,0.238127
0.847568,0.100788,0.026383,-0.519217,0.843284,0.124198,-0.194801,-0.486342,0.872108,0.378999,0.199358,0.238164
0.847573,0.100758,0.026496,-0.519208,0.843309,0.124196,-0.194751,-0.486318,0.87207,0.379039,0.199406,0.238199
0.847569,0.10073,0.026584,-0.519214,0.843331,0.124231,-0.19471,-0.486286,0.872044,0.379119,0.199403,0.238173
0.847582,0.100717,0.026641,-0.519192,0.843347,0.124287,-0.19465,-0.486268,0.872002,0.379179,0.19946,0.238184
0.847574,0.1008,0.026642,-0.519189,0.84334,0.124382,-0.194584,-0.486279,0.871975,0.379237,0.199457,0.238188
0.847561,0.100846,0.026663,-0.519201,0.843325,0.124484,-0.194555,-0.486291,0.871951,0.379286,0.199439,0.238216
0.847546,0.100891,0.026713,-0.519211,0.843316,0.12455,-0.194576,-0.486281,0.871958,0.379268,0.199457,0.238205
0.847523,0.100949,0.026715,-0.519237,0.84322,0.124651,-0.194591,-0.486412,0.871969,0.379263,0.199406,0.238216
0.847507,0.100966,0.026714,-0.519259,0.843215,0.124694,-0.194584,-0.486414,0.871978,0.379262,0.199389,0.238197
0.847471,0.101009,0.026765,-0.519305,0.843192,0.12474,-0.194607,-0.486433,0.871986,0.379297,0.19939,0.238113
0.847462,0.10099,0.026794,-0.519323,0.843165,0.124743,-0.194618,-0.486474,0.87197,0.379344,0.199395,0.238092
0.847458,0.10091,0.02684,-0.519342,0.843131,0.12475,-0.194601,-0.486537,0.871911,0.379463,0.199388,0.238124
0.847431,0.100906,0.026847,-0.519387,0.843092,0.124787,-0.194593,-0.486599,0.871894,0.379531,0.199338,0.238116
0.847409,0.100905,0.026855,-0.519424,0.843038,0.124809,-0.194628,-0.486673,0.87187,0.379638,0.199302,0.238067
0.847359,0.101028,0.026796,-0.519483,0.842995,0.124873,-0.194597,-0.486743,0.871846,0.379726,0.199223,0.238082
0.847328,0.101154,0.026784,-0.51951,0.842938,0.124961,-0.194571,-0.486829,0.871828,0.379825,0.199149,0.238052
0.847299,0.101248,0.026727,-0.51954,0.842902,0.125063,-0.194548,-0.486873,0.871812,0.379895,0.199078,0.238058
0.847256,0.101332,0.0267,-0.519596,0.842832,0.125154,-0.194528,-0.486979,0.87178,0.38001,0.198971,0.238079
0.847233,0.101444,0.026644,-0.519613,0.842764,0.125223,-0.194549,-0.487069,0.871782,0.380065,0.1989,0.238042
0.847205,0.101532,0.026609,-0.519643,0.842716,0.125206,-0.19456,-0.487152,0.871762,0.380154,0.198847,0.238019
0.847168,0.101592,0.026657,-0.519688,0.842667,0.125228,-0.194522,-0.487248,0.871739,0.380249,0.198748,0.238034
0.847132,0.101696,0.026647,-0.519726,0.842638,0.125279,-0.194511,-0.487285,0.871708,0.38035,0.198702,0.238026
0.847108,0.101769,0.026599,-0.519752,0.842574,0.12533,-0.194494,-0.487392,0.871693,0.380418,0.198657,0.238009
0.847113,0.10183,0.026605,-0.519732,0.842528,0.125394,-0.194539,-0.487437,0.871671,0.380483,0.198634,0.238004
0.847092,0.101932,0.026535,-0.519749,0.842485,0.125434,-0.194551,-0.487494,0.871634,0.380593,0.19865,0.237951
0.847107,0.102043,0.026497,-0.519706,0.842461,0.125501,-0.19455,-0.48752,0.871641,0.380626,0.198597,0.237917
0.847098,0.102088,0.026433,-0.519714,0.842433,0.125529,-0.194535,-0.487565,0.871637,0.38066,0.198541,0.237922
0.847084,0.102102,0.026427,-0.519734,0.842408,0.125541,-0.194526,-0.48761,0.871642,0.380659,0.198524,0.23792
0.847084,0.102076,0.026428,-0.519741,0.842414,0.125509,-0.194556,-0.487596,0.871654,0.380637,0.198522,0.237911
0.847076,0.102038,0.026425,-0.519761,0.842414,0.125519,-0.194608,-0.487572,0.871683,0.380582,0.198515,0.237903
0.84709,0.101941,0.026473,-0.519754,0.842418,0.125551,-0.194641,-0.487544,0.871687,0.380574,0.198552,0.237867
0.847131,0.101862,0.026529,-0.519702,0.842413,0.125484,-0.19458,-0.487596,0.871714,0.380521,0.198594,0.237815
0.847103,0.101878,0.026498,-0.519744,0.842424,0.125437,-0.194535,-0.487606,0.871724,0.380481,0.198616,0.237824
0.847087,0.101866,0.026477,-0.519775,0.84243,0.125342,-0.194496,-0.487637,0.871743,0.380439,0.198627,0.237815
0.847078,0.101868,0.026481,-0.51979,0.842431,0.125426,-0.194484,-0.487616,0.871726,0.380479,0.198683,0.237764
0.847097,0.101808,0.026528,-0.519767,0.842399,0.125472,-0.194506,-0.487651,0.871697,0.38051,0.198766,0.237749
0.847101,0.101724,0.026554,-0.519777,0.842401,0.125546,-0.194457,-0.487648,0.87172,0.380457,0.198798,0.237726
0.847093,0.101738,0.026626,-0.519783,0.84242,0.125537,-0.194383,-0.487646,0.871683,0.380463,0.198918,0.237751
0.847089,0.101676,0.026686,-0.519798,0.842398,0.125524,-0.19432,-0.487711,0.871707,0.3804,0.198986,0.237705
0.847091,0.101605,0.026784,-0.519801,0.842414,0.125458,-0.194266,-0.487722,0.871715,0.380353,0.199018,0.237726
0.847091,0.101557,0.026848,-0.519808,0.84239,0.12546,-0.194268,-0.487762,0.871706,0.380336,0.199101,0.237718
0.8471,0.10155,0.026901,-0.519791,0.842389,0.125514,-0.194237,-0.487762,0.871691,0.380327,0.199201,0.237701
0.847113,0.101583,0.026966,-0.51976,0.842391,0.125558,-0.194164,-0.487775,0.871664,0.380345,0.199244,0.237734
0.847115,0.101596,0.027016,-0.519752,0.842383,0.125558,-0.194073,-0.487824,0.871658,0.380319,0.19931,0.237743
0.847125,0.101568,0.027074,-0.519737,0.842416,0.125555,-0.194018,-0.487788,0.87167,0.380277,0.199337,0.237744
0.847135,0.101536,0.027145,-0.519722,0.842455,0.125508,-0.19398,-0.487749,0.871657,0.380251,0.199424,0.237759
0.847163,0.101476,0.027144,-0.51969,0.842472,0.125478,-0.193892,-0.48776,0.871631,0.380264,0.199476,0.237794
0.847198,0.101459,0.027182,-0.519634,0.842496,0.125541,-0.193823,-0.487731,0.871613,0.380245,0.199562,0.23782
0.847219,0.101483,0.027181,-0.519593,0.842525,0.125531,-0.193811,-0.487688,0.871565,0.380319,0.199611,0.237833
0.847265,0.101499,0.027181,-0.519516,0.842554,0.12553,-0.193844,-0.487625,0.871563,0.380318,0.199614,0.237844
0.847287,0.10151,0.027171,-0.519479,0.842585,0.125545,-0.193847,-0.487565,0.871541,0.38031,0.199646,0.237912
0.847322,0.101592,0.027181,-0.519405,0.842607,0.125552,-0.193819,-0.487537,0.8715,0.380342,0.199646,0.238011
0.847379,0.101589,0.02719,-0.51931,0.842634,0.125568,-0.193803,-0.487492,0.871491,0.380334,0.199604,0.238092
0.847394,0.101619,0.027209,-0.51928,0.842641,0.125561,-0.193794,-0.487484,0.871481,0.380336,0.199572,0.238154
0.847406,0.101578,0.027226,-0.519268,0.842648,0.125551,-0.193798,-0.487474,0.871485,0.380303,0.199555,0.23821
0.847445,0.101534,0.02718,-0.519216,0.842666,0.125589,-0.193793,-0.487433,0.871475,0.380303,0.199555,0.238246
0.847452,0.101535,0.027112,-0.51921,0.842703,0.125593,-0.193788,-0.487371,0.871471,0.380238,0.199601,0.238327
0.847495,0.101485,0.027077,-0.519152,0.842746,0.125607,-0.193798,-0.487289,0.871456,0.380231,0.199588,0.238405
0.847543,0.101429,0.027053,-0.519086,0.842766,0.125637,-0.193815,-0.48724,0.871466,0.380175,0.199577,0.238468
0.847573,0.101364,0.026997,-0.519054,0.842789,0.125571,-0.193833,-0.487211,0.871448,0.380174,0.199538,0.238567
0.847595,0.101349,0.026956,-0.519023,0.842832,0.12549,-0.193856,-0.48715,0.871448,0.380125,0.199531,0.238656
0.84764,0.101315,0.026945,-0.518957,0.842879,0.125494,-0.193919,-0.487043,0.871409,0.380182,0.199486,0.238745
0.847695,0.101364,0.026948,-0.518857,0.842922,0.125515,-0.193909,-0.486966,0.871349,0.380244,0.199482,0.238869
0.847721,0.101436,0.026963,-0.518799,0.842944,0.125616,-0.193945,-0.486887,0.871298,0.380321,0.1995,0.238921
0.847774,0.101536,0.026951,-0.518694,0.842975,0.125739,-0.193975,-0.486788,0.871231,0.380347,0.199621,0.239026
0.847837,0.101519,0.026953,-0.518595,0.843041,0.125782,-0.194006,-0.48665,0.871165,0.380407,0.19968,0.239126
0.847917,0.101518,0.026983,-0.518462,0.843114,0.12576,-0.193989,-0.486536,0.871117,0.380401,0.199774,0.239233
0.847988,0.101414,0.027062,-0.518362,0.843194,0.12571,-0.193948,-0.486426,0.87105,0.380411,0.199918,0.239343
0.84805,0.101299,0.027199,-0.518275,0.843291,0.125604,-0.193896,-0.486307,0.871005,0.380412,0.200048,0.239398
0.848094,0.101185,0.027301,-0.51822,0.84337,0.125574,-0.1938,-0.486216,0.870971,0.380384,0.200168,0.239465
0.84813,0.101139,0.027431,-0.518163,0.843448,0.125536,-0.193675,-0.486139,0.870944,0.380372,0.200282,0.239489
0.84818,0.101199,0.027557,-0.518061,0.843539,0.125495,-0.193438,-0.486082,0.870889,0.380412,0.200409,0.239521
0.848213,0.101236,0.02771,-0.517989,0.843604,0.125525,-0.19321,-0.486052,0.870834,0.38045,0.200581,0.239518
0.848233,0.101284,0.027843,-0.517939,0.843658,0.125573,-0.192982,-0.486031,0.870765,0.380493,0.200745,0.239561
0.848255,0.101296,0.028025,-0.517889,0.843716,0.125585,-0.192765,-0.486012,0.870704,0.380488,0.200935,0.239637
0.848302,0.101278,0.028229,-0.517803,0.843788,0.125574,-0.192579,-0.485962,0.870636,0.380526,0.201147,0.239646
0.848298,0.101267,0.028421,-0.517798,0.843819,0.125628,-0.192353,-0.485979,0.87058,0.380545,0.201329,0.239667
0.848301,0.101249,0.028625,-0.517784,0.843841,0.125651,-0.192174,-0.486004,0.870531,0.380567,0.201454,0.239705
0.848277,0.101262,0.028822,-0.517806,0.843879,0.125625,-0.192018,-0.486006,0.870501,0.380568,0.201613,0.239681
0.848242,0.101243,0.028987,-0.517857,0.843896,0.125677,-0.191852,-0.486026,0.870479,0.380558,0.201723,0.239684
0.848232,0.101244,0.029086,-0.517868,0.843893,0.125691,-0.191754,-0.486067,0.870464,0.38053,0.201837,0.239688
0.84821,0.101224,0.029177,-0.517901,0.843843,0.125711,-0.191689,-0.486172,0.870486,0.380444,0.201887,0.239702
0.84819,0.101155,0.029222,-0.517944,0.843836,0.125682,-0.191615,-0.48622,0.870498,0.380353,0.201974,0.239727
0.848167,0.101124,0.029203,-0.517988,0.843823,0.125692,-0.191621,-0.486237,0.870539,0.380233,0.202044,0.239714
0.848169,0.10105,0.029203,-0.518,0.843826,0.125573,-0.191661,-0.486251,0.8706,0.380086,0.202082,0.239693
0.848164,0.100865,0.029171,-0.518049,0.843829,0.125386,-0.191759,-0.486256,0.870674,0.379948,0.202075,0.239647
0.848184,0.100697,0.029118,-0.518055,0.843814,0.125193,-0.191866,-0.486294,0.870757,0.379775,0.202059,0.239628
0.848212,0.100535,0.02905,-0.518046,0.84382,0.125066,-0.191961,-0.48628,0.870845,0.379669,0.201992,0.23953
0.848209,0.100414,0.028978,-0.51808,0.843787,0.125026,-0.192092,-0.486297,0.870893,0.379625,0.201881,0.239519
0.848188,0.100384,0.028874,-0.518128,0.843766,0.124966,-0.192215,-0.486302,0.870921,0.379593,0.201775,0.239561
0.848164,0.100403,0.028731,-0.518172,0.843735,0.124922,-0.19236,-0.486313,0.870946,0.379582,0.201693,0.239554
0.848161,0.100418,0.028626,-0.518181,0.843715,0.124948,-0.192484,-0.486291,0.870939,0.379645,0.201631,0.239532
0.848151,0.100459,0.028483,-0.518198,0.843706,0.124999,-0.19255,-0.486269,0.870925,0.379719,0.201556,0.239527
0.84815,0.100524,0.02841,-0.518192,0.843669,0.125043,-0.192625,-0.486292,0.870878,0.379874,0.201458,0.239539
0.84814,0.100677,0.0283,-0.518185,0.843607,0.125197,-0.192737,-0.486316,0.870854,0.379968,0.20135,0.239567
0.848129,0.100854,0.028214,-0.518173,0.843529,0.125296,-0.192808,-0.486397,0.870841,0.380083,0.201195,0.23956
0.848085,0.101087,0.028159,-0.518199,0.843465,0.125398,-0.192851,-0.486463,0.870846,0.380184,0.201014,0.239533
0.848033,0.101246,0.028099,-0.518257,0.843393,0.125518,-0.192899,-0.486539,0.870823,0.38032,0.200876,0.239514
0.847996,0.101346,0.028062,-0.5183,0.843318,0.125629,-0.192892,-0.486642,0.870782,0.380483,0.2008,0.23947
0.847951,0.101496,0.028043,-0.518343,0.843231,0.12575,-0.192906,-0.486755,0.870747,0.380566,0.200718,0.239535
0.847914,0.101605,0.028024,-0.518383,0.843147,0.125862,-0.192904,-0.486873,0.870723,0.380662,0.200661,0.239515
0.847865,0.101772,0.028015,-0.51843,0.843091,0.126002,-0.192918,-0.486926,0.870697,0.380765,0.200594,0.239502
0.847835,0.101918,0.028011,-0.518449,0.843057,0.126089,-0.192921,-0.486961,0.870695,0.380785,0.200546,0.239523
0.847798,0.102015,0.028016,-0.518489,0.843011,0.12618,-0.192995,-0.486989,0.870673,0.380893,0.200488,0.239477
0.847797,0.102112,0.027977,-0.518474,0.843,0.12623,-0.192986,-0.486996,0.870659,0.380884,0.200508,0.239527
0.84778,0.102142,0.027994,-0.518493,0.842999,0.126274,-0.192973,-0.48699,0.870641,0.380915,0.200524,0.239529
0.847761,0.102132,0.028025,-0.518523,0.842979,0.126322,-0.192954,-0.48702,0.870652,0.380906,0.200502,0.239522
0.84776,0.102134,0.028051,-0.518523,0.842981,0.126374,-0.192989,-0.486989,0.870639,0.380932,0.200506,0.239523
0.847755,0.102174,0.028032,-0.518525,0.842968,0.126389,-0.193008,-0.487001,0.870661,0.380882,0.200471,0.23955
0.847739,0.102124,0.028038,-0.51856,0.842971,0.126354,-0.192995,-0.487009,0.870691,0.380816,0.200451,0.239567
0.847708,0.102062,0.028067,-0.518622,0.842989,0.126225,-0.193038,-0.486998,0.870706,0.380764,0.20047,0.239577
0.847697,0.102019,0.02807,-0.51865,0.843024,0.126114,-0.192982,-0.486988,0.870678,0.380796,0.200492,0.239613
0.847671,0.101949,0.028119,-0.518702,0.843032,0.12613,-0.192942,-0.486985,0.8707,0.380724,0.200504,0.239636
0.84763,0.101912,0.028199,-0.518771,0.843029,0.126172,-0.192915,-0.486991,0.870714,0.380678,0.200487,0.239672
0.84759,0.101899,0.028286,-0.518833,0.843005,0.126208,-0.192881,-0.487033,0.870708,0.380671,0.200526,0.239676
0.847568,0.101886,0.02832,-0.518871,0.842996,0.126227,-0.192824,-0.487068,0.870685,0.380679,0.200556,0.239718
0.847529,0.10191,0.028301,-0.51893,0.84294,0.126319,-0.192767,-0.487161,0.870687,0.380649,0.200571,0.239749
0.847492,0.101942,0.028343,-0.518982,0.842924,0.126337,-0.192666,-0.487222,0.870694,0.380647,0.200607,0.239697
0.847474,0.101948,0.028383,-0.519008,0.842899,0.126345,-0.192646,-0.487272,0.870699,0.380638,0.200606,0.239689
0.847451,0.101912,0.028464,-0.519046,0.842893,0.126304,-0.192586,-0.487316,0.870706,0.38064,0.200564,0.239696
0.847449,0.101902,0.028482,-0.519051,0.842906,0.126286,-0.192551,-0.487312,0.870705,0.380673,0.200567,0.239644
0.847464,0.101912,0.028512,-0.519022,0.842921,0.126271,-0.192545,-0.487293,0.870715,0.380678,0.200526,0.239638
0.847462,0.101887,0.028563,-0.519027,0.842935,0.12629,-0.192503,-0.487279,0.870724,0.380696,0.200471,0.239621
0.847437,0.101941,0.02855,-0.519057,0.842935,0.126286,-0.192485,-0.487288,0.870713,0.380741,0.200439,0.239613
0.847419,0.101965,0.028527,-0.519083,0.842901,0.126231,-0.192528,-0.487346,0.870724,0.380756,0.200396,0.239584
0.847405,0.102044,0.02853,-0.51909,0.842891,0.126263,-0.192544,-0.487345,0.870691,0.380845,0.200361,0.239597
0.847404,0.102141,0.028502,-0.519073,0.842895,0.126364,-0.192545,-0.487313,0.870678,0.380905,0.200333,0.239569
0.847403,0.102187,0.028523,-0.519065,0.842878,0.126451,-0.192536,-0.487323,0.87066,0.380969,0.200291,0.239566
0.847393,0.102265,0.028441,-0.519071,0.842895,0.126468,-0.192513,-0.487297,0.870673,0.380968,0.200255,0.23955
0.847389,0.10223,0.028451,-0.519084,0.842885,0.126489,-0.192516,-0.487307,0.870658,0.381011,0.200262,0.239532
0.847373,0.102299,0.028462,-0.519094,0.842872,0.126479,-0.192503,-0.487339,0.870651,0.381021,0.200229,0.239575
0.847378,0.1023,0.028391,-0.519091,0.842842,0.126488,-0.192512,-0.487383,0.870622,0.381074,0.200192,0.239625
0.847358,0.102381,0.028377,-0.519108,0.842807,0.126505,-0.192581,-0.487413,0.870604,0.381124,0.200141,0.239655
0.847314,0.102476,0.028279,-0.519166,0.842774,0.126563,-0.192619,-0.48744,0.870604,0.381171,0.200052,0.239654
0.847314,0.102544,0.028239,-0.519153,0.842746,0.126648,-0.192716,-0.487429,0.870621,0.381151,0.200009,0.239662
0.847291,0.10261,0.028192,-0.519182,0.842738,0.126706,-0.19272,-0.487425,0.870591,0.381192,0.200036,0.239681
0.847277,0.102628,0.028167,-0.519203,0.842739,0.126728,-0.192751,-0.487405,0.870596,0.381185,0.2,0.239703
0.847273,0.102634,0.028196,-0.519204,0.842739,0.126649,-0.192683,-0.487452,0.870586,0.381207,0.199975,0.239725
0.847264,0.102581,0.028265,-0.519227,0.842713,0.126615,-0.192659,-0.487518,0.870541,0.381279,0.199988,0.239766
0.84728,0.102572,0.02834,-0.519197,0.842706,0.126608,-0.192588,-0.487558,0.870476,0.381383,0.199988,0.239837
0.847279,0.102625,0.028428,-0.519181,0.842717,0.126713,-0.192573,-0.487516,0.870437,0.381446,0.19999,0.239881
0.847283,0.102728,0.028472,-0.519152,0.842707,0.126805,-0.192576,-0.487506,0.870388,0.381516,0.199988,0.23995
0.847289,0.102844,0.028489,-0.519118,0.842692,0.127001,-0.192546,-0.487492,0.870371,0.381527,0.199975,0.240002
0.847312,0.102933,0.028485,-0.519061,0.842676,0.127192,-0.192497,-0.487487,0.870314,0.381582,0.200007,0.240101
0.847339,0.103034,0.028483,-0.518997,0.84268,0.127234,-0.192435,-0.487493,0.870271,0.381616,0.200017,0.24019
0.847339,0.103102,0.028514,-0.518982,0.842704,0.127302,-0.192357,-0.487463,0.870232,0.381658,0.200059,0.240234
0.847354,0.103097,0.02852,-0.518956,0.842729,0.127364,-0.19228,-0.487433,0.870238,0.38161,0.200087,0.240269
0.847365,0.103003,0.028632,-0.51895,0.842746,0.127361,-0.192283,-0.487402,0.870235,0.381553,0.200121,0.240343
0.847375,0.102958,0.028674,-0.518941,0.842748,0.127268,-0.192322,-0.487409,0.870253,0.381481,0.200134,0.240381
0.847397,0.102914,0.028643,-0.518917,0.842752,0.127203,-0.192329,-0.487416,0.8703,0.381356,0.200122,0.240417
0.847406,0.102898,0.028558,-0.518912,0.842768,0.127172,-0.192297,-0.487411,0.870342,0.381238,0.200123,0.240453
0.847421,0.102857,0.02852,-0.518897,0.842804,0.127079,-0.192323,-0.487362,0.870386,0.381076,0.200142,0.240536
0.847475,0.102817,0.028504,-0.518819,0.842817,0.127067,-0.19237,-0.487326,0.870437,0.380904,0.200125,0.240641
0.847505,0.102735,0.028521,-0.518785,0.842822,0.127046,-0.192438,-0.487296,0.870461,0.380784,0.200171,0.240703
0.847543,0.102635,0.028533,-0.518743,0.842846,0.12696,-0.192493,-0.487258,0.87048,0.380688,0.200196,0.240768
0.84759,0.102552,0.028499,-0.518686,0.842903,0.126849,-0.192532,-0.487172,0.870464,0.380651,0.200204,0.240879
0.847633,0.102509,0.028414,-0.518629,0.842941,0.126793,-0.192551,-0.487114,0.87046,0.380584,0.200263,0.240952
0.847673,0.102456,0.02839,-0.518579,0.842983,0.126776,-0.192588,-0.487035,0.870459,0.380543,0.200277,0.241011
0.847721,0.102453,0.028328,-0.518505,0.842995,0.126795,-0.192641,-0.486985,0.870469,0.380466,0.200315,0.241065
0.847747,0.102441,0.028289,-0.518467,0.843038,0.126807,-0.192721,-0.486878,0.870471,0.380414,0.200317,0.241139
0.847765,0.102439,0.028222,-0.518443,0.84307,0.126801,-0.192773,-0.486803,0.870503,0.380335,0.200278,0.241177
0.847799,0.102433,0.028152,-0.51839,0.843109,0.126737,-0.19281,-0.486739,0.870501,0.380324,0.200244,0.241232
0.847833,0.1024,0.028145,-0.518344,0.843125,0.12663,-0.192872,-0.486717,0.870541,0.380239,0.200175,0.24128
0.847838,0.102345,0.028117,-0.518349,0.84313,0.126557,-0.192932,-0.486704,0.870583,0.380148,0.200181,0.241266
0.847812,0.102302,0.02806,-0.518403,0.843104,0.126515,-0.193026,-0.486725,0.870606,0.380109,0.200181,0.241244
0.847836,0.102228,0.028053,-0.51838,0.843089,0.126529,-0.193072,-0.486727,0.870613,0.380115,0.200135,0.241248
0.847793,0.102235,0.028008,-0.518451,0.843072,0.126566,-0.193065,-0.486751,0.870628,0.380099,0.200071,0.241276
0.847763,0.102308,0.027955,-0.518489,0.843021,0.126658,-0.193082,-0.486809,0.87061,0.38013,0.20008,0.241282
0.847753,0.102344,0.027878,-0.518502,0.842984,0.126776,-0.193128,-0.486823,0.87062,0.380109,0.200037,0.241313
0.847757,0.102415,0.027842,-0.518485,0.842969,0.12682,-0.193138,-0.486831,0.870635,0.380138,0.199938,0.241298
0.84774,0.102438,0.027795,-0.518511,0.842934,0.126868,-0.193178,-0.486864,0.870626,0.380194,0.1999,0.241271
0.847704,0.10249,0.027755,-0.518561,0.842948,0.12683,-0.193162,-0.486858,0.870605,0.380257,0.199883,0.24126
0.847696,0.102545,0.027697,-0.518567,0.842933,0.126856,-0.193201,-0.486861,0.870617,0.380281,0.199815,0.241237
0.847684,0.102545,0.027689,-0.518586,0.842911,0.126852,-0.193235,-0.486885,0.870612,0.380334,0.199746,0.241227
0.847694,0.102566,0.027738,-0.518561,0.842858,0.126874,-0.193256,-0.486965,0.870597,0.38042,0.1997,0.241185
0.847665,0.102618,0.027734,-0.518601,0.842811,0.126959,-0.193275,-0.487015,0.870588,0.380477,0.199632,0.241182
0.847594,0.102761,0.027706,-0.518688,0.842758,0.127022,-0.193279,-0.487089,0.87058,0.380562,0.199619,0.241087
0.847544,0.102884,0.027685,-0.518745,0.842699,0.127085,-0.193291,-0.48717,0.870599,0.380586,0.199552,0.241036
0.847488,0.102991,0.02769,-0.518814,0.842603,0.127143,-0.193317,-0.48731,0.870596,0.380638,0.199489,0.241017
0.847429,0.103035,0.027652,-0.518903,0.842538,0.12716,-0.193316,-0.487419,0.870589,0.38067,0.199437,0.241032
0.847376,0.103122,0.027651,-0.518973,0.842485,0.127191,-0.193336,-0.487494,0.870582,0.380746,0.199399,0.240972
0.847292,0.103228,0.027627,-0.519087,0.842397,0.127239,-0.193365,-0.487622,0.870586,0.380792,0.199339,0.240933
0.847211,0.103316,0.027659,-0.519199,0.842305,0.127295,-0.193375,-0.487762,0.870605,0.38083,0.199259,0.24087
0.847154,0.103411,0.027643,-0.519274,0.842242,0.127329,-0.193368,-0.487866,0.870593,0.380881,0.199235,0.240849
0.847073,0.10356,0.027616,-0.519376,0.842176,0.127416,-0.193393,-0.487945,0.870585,0.381004,0.199135,0.240765
0.84702,0.103706,0.027595,-0.519435,0.842065,0.127608,-0.193429,-0.488072,0.870561,0.381095,0.199118,0.240722
0.846946,0.103954,0.027503,-0.51951,0.841955,0.127883,-0.193524,-0.48815,0.870549,0.381128,0.199126,0.240706
0.846878,0.104242,0.027374,-0.519567,0.841808,0.128206,-0.193708,-0.488245,0.870563,0.381131,0.199055,0.24071
0.846796,0.104541,0.027276,-0.519645,0.841701,0.12847,-0.193751,-0.488341,0.870561,0.381138,0.199064,0.240698
0.84672,0.10469,0.027279,-0.519737,0.841658,0.128503,-0.193742,-0.48841,0.870548,0.381202,0.199041,0.24066
0.846706,0.104605,0.02734,-0.519774,0.841628,0.128429,-0.193683,-0.488504,0.870544,0.381222,0.199058,0.240629
0.846693,0.104481,0.027476,-0.519812,0.841624,0.128259,-0.193598,-0.488591,0.870544,0.381234,0.199066,0.240603
0.846702,0.104324,0.027573,-0.519824,0.84166,0.128148,-0.193556,-0.488576,0.870558,0.381178,0.199101,0.240614
0.846702,0.104283,0.027622,-0.519829,0.841657,0.128054,-0.193629,-0.488577,0.870565,0.381158,0.199113,0.240611
0.846683,0.104268,0.027664,-0.51986,0.841666,0.12801,-0.193679,-0.488554,0.87056,0.381148,0.199163,0.240604
0.846671,0.104316,0.02765,-0.519872,0.841666,0.127967,-0.193791,-0.488523,0.870575,0.38109,0.199192,0.240616
0.846666,0.104394,0.027606,-0.519864,0.841673,0.127913,-0.193888,-0.488488,0.870582,0.381062,0.199214,0.240618
0.84671,0.104353,0.027647,-0.519799,0.841695,0.127778,-0.193938,-0.488468,0.870576,0.381049,0.199218,0.240659
0.846738,0.104223,0.027712,-0.519778,0.841715,0.127711,-0.194,-0.488428,0.870584,0.381021,0.199235,0.240659
0.84677,0.104136,0.027759,-0.519741,0.841776,0.127567,-0.193979,-0.488371,0.870584,0.380969,0.199267,0.240717
0.84682,0.10399,0.027799,-0.519686,0.841838,0.127503,-0.193945,-0.488294,0.870581,0.380937,0.199287,0.240763
0.846844,0.103968,0.027821,-0.519652,0.841869,0.127473,-0.19397,-0.488237,0.870572,0.380941,0.199277,0.240797
0.846907,0.103991,0.027796,-0.519546,0.841887,0.127535,-0.193991,-0.488182,0.870556,0.380921,0.199334,0.24084
0.846911,0.104108,0.027762,-0.519517,0.841947,0.127563,-0.193953,-0.488086,0.870529,0.380923,0.199379,0.240898
0.84693,0.104185,0.02777,-0.519469,0.841956,0.127636,-0.193896,-0.488072,0.8705,0.380945,0.199391,0.240958
0.846955,0.104282,0.027753,-0.51941,0.841975,0.127633,-0.193853,-0.488057,0.870483,0.380937,0.199453,0.24098
0.84698,0.10435,0.027784,-0.519353,0.842017,0.127619,-0.193799,-0.488009,0.870459,0.38096,0.199487,0.241003
0.847006,0.104352,0.027856,-0.519305,0.842076,0.127565,-0.193716,-0.487953,0.870421,0.380998,0.199514,0.241061
0.847028,0.104351,0.027906,-0.519266,0.842128,0.127513,-0.193639,-0.487908,0.8704,0.380986,0.199534,0.241139
0.847059,0.104349,0.027916,-0.519218,0.842156,0.127535,-0.193635,-0.487855,0.870385,0.380961,0.199589,0.241188
0.847112,0.104358,0.027939,-0.519126,0.842164,0.127589,-0.193625,-0.487831,0.870378,0.380934,0.199564,0.241278
0.847122,0.104392,0.027936,-0.519103,0.842164,0.127597,-0.193609,-0.487834,0.870413,0.380824,0.199563,0.241327
0.847142,0.104397,0.027937,-0.519068,0.842166,0.127579,-0.193564,-0.487853,0.870417,0.38079,0.199524,0.241401
0.847139,0.104437,0.02795,-0.519066,0.84218,0.127517,-0.193606,-0.487829,0.870431,0.380715,0.199506,0.241484
0.847134,0.104382,0.02795,-0.519084,0.842201,0.127448,-0.19369,-0.487779,0.870449,0.38067,0.199467,0.241525
0.847158,0.104304,0.027897,-0.519066,0.8422,0.127386,-0.193697,-0.487796,0.870417,0.380705,0.199462,0.241589
0.847184,0.104257,0.027904,-0.519033,0.842166,0.127408,-0.19369,-0.487851,0.870409,0.380702,0.199457,0.241627
0.8472,0.104316,0.027909,-0.518994,0.842168,0.127447,-0.19371,-0.487827,0.87039,0.380772,0.199419,0.241615
0.847185,0.10441,0.027891,-0.519,0.842165,0.127531,-0.193698,-0.487817,0.870352,0.38084,0.199415,0.24165
0.847191,0.104425,0.02795,-0.518983,0.842127,0.127663,-0.193733,-0.487833,0.870304,0.380951,0.199417,0.241646
0.847199,0.104514,0.027986,-0.518949,0.842095,0.127777,-0.193689,-0.487875,0.870259,0.381028,0.199368,0.241727
0.847164,0.104644,0.028052,-0.518974,0.842079,0.12789,-0.193635,-0.487891,0.870203,0.381185,0.199309,0.241731
0.847153,0.104754,0.028136,-0.518965,0.842062,0.127973,-0.193593,-0.487917,0.870183,0.381227,0.199261,0.241781
0.847177,0.104855,0.028141,-0.518904,0.842034,0.128068,-0.193537,-0.487958,0.87019,0.381205,0.199196,0.241844
0.847166,0.104909,0.028187,-0.518905,0.841994,0.128162,-0.193571,-0.487989,0.870154,0.381293,0.199154,0.241871
0.847166,0.104959,0.028203,-0.518894,0.842024,0.128198,-0.193577,-0.487926,0.870144,0.381317,0.199111,0.241902
0.847172,0.104998,0.028211,-0.518877,0.842047,0.128194,-0.193613,-0.487873,0.870135,0.381338,0.19908,0.241929
0.847203,0.104991,0.02825,-0.518824,0.842043,0.128145,-0.193622,-0.487889,0.870105,0.381397,0.199061,0.241955
0.847228,0.105013,0.028251,-0.518779,0.842055,0.128083,-0.193619,-0.487886,0.870087,0.381441,0.199067,0.241951
0.847213,0.104994,0.028235,-0.518808,0.84205,0.128029,-0.193647,-0.487899,0.870083,0.381466,0.199033,0.241951
0.847229,0.10504,0.028229,-0.518773,0.842042,0.128004,-0.193708,-0.487895,0.870105,0.381435,0.19902,0.241932
0.847196,0.105111,0.028209,-0.518814,0.842027,0.128061,-0.193773,-0.487882,0.870078,0.381464,0.199045,0.241963
0.84716,0.105262,0.028203,-0.51884,0.841974,0.128118,-0.193787,-0.487952,0.870074,0.381498,0.199009,0.241956
0.847151,0.105362,0.028201,-0.518835,0.841967,0.128116,-0.193724,-0.48799,0.870086,0.381489,0.198996,0.241935
0.847102,0.105483,0.028174,-0.518891,0.841928,0.128107,-0.193676,-0.488077,0.870066,0.38152,0.19901,0.241949
0.847074,0.105542,0.028207,-0.51892,0.841888,0.128103,-0.193614,-0.488172,0.870055,0.381542,0.199019,0.241943
0.847043,0.105506,0.028241,-0.518978,0.841871,0.128116,-0.193588,-0.488208,0.87003,0.38158,0.19904,0.241959
0.846991,0.105522,0.028258,-0.519057,0.841839,0.128114,-0.193595,-0.488261,0.870021,0.381609,0.199002,0.241974
0.846944,0.1056,0.028285,-0.519116,0.841781,0.128102,-0.193613,-0.488358,0.87,0.381665,0.19902,0.241946
0.846904,0.105639,0.028241,-0.519175,0.841727,0.128129,-0.193642,-0.488433,0.869965,0.38173,0.199018,0.241976
0.846874,0.10575,0.028179,-0.519205,0.841683,0.128163,-0.19371,-0.488474,0.86997,0.381741,0.198967,0.241982
0.846862,0.105781,0.028135,-0.51922,0.841628,0.128153,-0.193777,-0.488545,0.869975,0.38175,0.19892,0.241985
0.846859,0.105765,0.028139,-0.519229,0.84161,0.128134,-0.193776,-0.488581,0.870011,0.381706,0.198862,0.241976
0.846844,0.105773,0.02809,-0.519255,0.8416,0.128126,-0.193834,-0.48858,0.870015,0.381684,0.198817,0.242034
0.846844,0.105814,0.028033,-0.51925,0.84157,0.128158,-0.19389,-0.4886,0.870023,0.381663,0.198757,0.242087
0.846839,0.105896,0.027971,-0.519243,0.841545,0.128202,-0.193946,-0.488608,0.870038,0.381609,0.198736,0.242136
0.846859,0.105946,0.027887,-0.519208,0.841536,0.128283,-0.194079,-0.488551,0.870073,0.381525,0.198714,0.242157
0.846893,0.105974,0.027773,-0.519151,0.841526,0.128333,-0.194174,-0.488518,0.870073,0.381511,0.198684,0.242209
0.846929,0.106011,0.027695,-0.519091,0.841553,0.128344,-0.194258,-0.488435,0.870084,0.38148,0.198633,0.242263
0.846946,0.106015,0.027651,-0.519065,0.841573,0.128345,-0.194356,-0.488364,0.870075,0.381487,0.198556,0.242346
0.846972,0.105977,0.027656,-0.51903,0.841609,0.12826,-0.194433,-0.488294,0.870071,0.381464,0.198534,0.242415
0.847012,0.105891,0.02767,-0.518983,0.841642,0.12823,-0.194513,-0.488215,0.870039,0.381527,0.198504,0.24246
0.847053,0.105883,0.02767,-0.518918,0.841637,0.128298,-0.194569,-0.488184,0.869975,0.38161,0.198521,0.242543
0.847083,0.105884,0.027646,-0.51887,0.841657,0.128374,-0.194609,-0.488112,0.869933,0.381717,0.198489,0.242551
0.847116,0.105953,0.027593,-0.518803,0.841641,0.128518,-0.194674,-0.488075,0.869898,0.381804,0.19844,0.242581
0.847126,0.106123,0.027542,-0.518754,0.841661,0.128616,-0.194701,-0.488005,0.869843,0.381877,0.198449,0.242659
0.847142,0.106269,0.02748,-0.518702,0.841643,0.128777,-0.194743,-0.487975,0.869797,0.381937,0.198469,0.242711
0.847143,0.106414,0.02741,-0.518674,0.841665,0.128843,-0.194742,-0.487919,0.869794,0.381925,0.198454,0.242758
0.847179,0.106412,0.02745,-0.518614,0.841691,0.12885,-0.194752,-0.487869,0.869781,0.381931,0.198461,0.242789
0.847215,0.106399,0.027486,-0.518555,0.841708,0.128857,-0.194699,-0.487858,0.869733,0.381971,0.198487,0.24288
0.847247,0.106361,0.027559,-0.518507,0.841733,0.128808,-0.194671,-0.487837,0.869724,0.381961,0.198503,0.242913
0.847256,0.106376,0.027601,-0.518485,0.841727,0.128823,-0.194697,-0.487835,0.869674,0.382054,0.198568,0.242894
0.847264,0.106395,0.027603,-0.51847,0.84171,0.128832,-0.194695,-0.487862,0.869658,0.382055,0.198601,0.242921
0.847264,0.106423,0.027626,-0.518461,0.841745,0.128818,-0.194664,-0.487818,0.869641,0.382064,0.198599,0.242972
0.847285,0.10647,0.027627,-0.518417,0.841763,0.128804,-0.194686,-0.487781,0.869637,0.382068,0.198624,0.242961
0.847291,0.106458,0.027642,-0.51841,0.841794,0.128757,-0.194684,-0.487741,0.869646,0.382018,0.198665,0.242975
0.847303,0.106443,0.027677,-0.518391,0.84181,0.128737,-0.194727,-0.487703,0.869658,0.381974,0.198672,0.242995
0.847323,0.106433,0.027668,-0.518361,0.841819,0.12869,-0.194716,-0.487703,0.869635,0.382005,0.198695,0.243011
0.847334,0.106458,0.027613,-0.518339,0.841841,0.128712,-0.194753,-0.487646,0.869637,0.381977,0.198687,0.243054
0.847334,0.106472,0.027604,-0.518339,0.841877,0.128723,-0.194729,-0.48759,0.869652,0.381926,0.198658,0.243104
0.847315,0.106507,0.027564,-0.518364,0.841876,0.128677,-0.194731,-0.487604,0.86968,0.381834,0.198675,0.243137
0.847328,0.106481,0.027539,-0.51835,0.841904,0.128635,-0.19469,-0.487582,0.869684,0.38182,0.198701,0.24312
0.847351,0.106399,0.027579,-0.518327,0.841953,0.128497,-0.194632,-0.487557,0.869716,0.381759,0.19872,0.243084
0.847387,0.106215,0.027654,-0.518303,0.842021,0.128385,-0.194594,-0.487486,0.869717,0.38176,0.198746,0.243059
0.847411,0.106114,0.027661,-0.518285,0.84206,0.128375,-0.194629,-0.487407,0.86971,0.381736,0.198804,0.243072
0.847457,0.106027,0.02767,-0.518228,0.842097,0.128355,-0.194652,-0.48734,0.869709,0.381696,0.198865,0.243091
0.847446,0.106,0.027635,-0.518254,0.842116,0.128298,-0.194663,-0.487317,0.869728,0.381634,0.198894,0.243098
0.847465,0.105951,0.027602,-0.518236,0.84217,0.128237,-0.194617,-0.487261,0.869765,0.381535,0.198927,0.243093
0.847512,0.105873,0.027609,-0.518175,0.842246,0.128095,-0.194556,-0.48719,0.869763,0.381475,0.199007,0.243129
0.847542,0.105768,0.027647,-0.518146,0.84229,0.127983,-0.194528,-0.487156,0.869779,0.381408,0.199068,0.243128
0.847562,0.105723,0.027684,-0.518121,0.842306,0.127985,-0.194532,-0.487125,0.86978,0.381385,0.199075,0.243153
0.847566,0.105706,0.027727,-0.518115,0.842302,0.128033,-0.194594,-0.487095,0.869777,0.381384,0.19909,0.243153
0.847542,0.105776,0.027782,-0.518137,0.842311,0.128048,-0.1946,-0.487073,0.869777,0.381384,0.199116,0.243133
0.84753,0.105864,0.027789,-0.518136,0.842281,0.128108,-0.194597,-0.487109,0.869758,0.381394,0.199109,0.243191
0.847528,0.105948,0.027837,-0.518118,0.842274,0.128145,-0.194549,-0.487131,0.869754,0.381389,0.199114,0.24321
0.84753,0.105978,0.027867,-0.518106,0.842269,0.128218,-0.194496,-0.48714,0.869707,0.38149,0.199126,0.243207
0.847536,0.106007,0.027894,-0.51809,0.842279,0.128224,-0.194484,-0.487125,0.869673,0.381528,0.199193,0.243218
0.847562,0.105984,0.027905,-0.518052,0.842304,0.128161,-0.194477,-0.487104,0.869632,0.381575,0.199225,0.243267
0.847573,0.105994,0.027883,-0.518031,0.842339,0.128081,-0.194485,-0.487062,0.869648,0.381531,0.199221,0.243281
0.847596,0.105921,0.02786,-0.51801,0.842365,0.128039,-0.194559,-0.486998,0.869651,0.381518,0.199192,0.243315
0.847589,0.105888,0.027818,-0.518031,0.842369,0.127997,-0.194697,-0.486949,0.869699,0.381439,0.199146,0.243305
0.847588,0.105914,0.027765,-0.518031,0.842386,0.12796,-0.194813,-0.486884,0.869743,0.381331,0.199105,0.243349
0.847606,0.105927,0.027654,-0.518009,0.842382,0.127911,-0.194902,-0.486869,0.869773,0.38124,0.19911,0.243382
0.847634,0.105952,0.027492,-0.517967,0.84239,0.127915,-0.195023,-0.486809,0.86984,0.381108,0.19903,0.243412
0.847645,0.105968,0.027284,-0.517958,0.842401,0.127935,-0.195129,-0.486742,0.869899,0.380963,0.19899,0.243466
0.847675,0.105958,0.027167,-0.517919,0.842407,0.127913,-0.195218,-0.486701,0.86996,0.380803,0.198979,0.243506
0.847702,0.105953,0.027067,-0.517882,0.842438,0.127835,-0.195353,-0.486618,0.869989,0.380739,0.198976,0.243503
0.847728,0.105863,0.026947,-0.517867,0.84247,0.12773,-0.195501,-0.486533,0.870029,0.380639,0.198985,0.243508
0.84779,0.105697,0.026855,-0.517808,0.842492,0.12764,-0.195596,-0.486482,0.870072,0.380543,0.198998,0.243494
0.847838,0.105584,0.026816,-0.517755,0.842539,0.127557,-0.195688,-0.486385,0.870109,0.38045,0.19901,0.243495
0.847883,0.105484,0.026753,-0.517706,0.842562,0.127448,-0.195737,-0.486357,0.870146,0.380374,0.199022,0.243474
0.847892,0.105395,0.026745,-0.517711,0.842572,0.127406,-0.195873,-0.486298,0.87016,0.380346,0.19904,0.243452
0.847908,0.105364,0.026692,-0.517695,0.842565,0.12742,-0.19591,-0.486291,0.870151,0.380347,0.199036,0.243486
0.847905,0.105328,0.02666,-0.517708,0.842548,0.127458,-0.195937,-0.4863,0.870193,0.380293,0.199005,0.243445
0.847901,0.105312,0.026604,-0.517722,0.842536,0.127504,-0.195921,-0.486313,0.870199,0.380244,0.198997,0.243508
0.847908,0.105338,0.026564,-0.517708,0.842516,0.12758,-0.195976,-0.486307,0.870227,0.380199,0.198963,0.243505
0.847904,0.105337,0.026583,-0.517712,0.842512,0.127654,-0.195973,-0.486296,0.870254,0.380105,0.19898,0.243539
0.847911,0.105326,0.02662,-0.517703,0.842529,0.127612,-0.195976,-0.486276,0.870262,0.380061,0.198996,0.243567
0.847937,0.105204,0.026622,-0.517686,0.842549,0.12755,-0.195963,-0.486263,0.870275,0.380023,0.199073,0.243516
0.847969,0.105094,0.026662,-0.517654,0.842584,0.127533,-0.195932,-0.486219,0.870236,0.380068,0.199135,0.24354
0.847987,0.105043,0.026716,-0.517632,0.842606,0.127484,-0.195862,-0.486223,0.870179,0.380127,0.199219,0.243582
0.847999,0.105038,0.026755,-0.517612,0.842596,0.127499,-0.19584,-0.486244,0.87017,0.380102,0.199254,0.243622
0.848007,0.105143,0.026762,-0.517575,0.842597,0.127562,-0.1958,-0.486241,0.870147,0.380131,0.199276,0.243643
0.847989,0.105248,0.026765,-0.517582,0.842604,0.127615,-0.195759,-0.486231,0.870146,0.380108,0.19929,0.243672
0.847973,0.105332,0.026778,-0.51759,0.842604,0.127656,-0.195699,-0.486242,0.870142,0.380063,0.199322,0.243729
0.847972,0.105336,0.026774,-0.51759,0.842598,0.127709,-0.195613,-0.486272,0.870142,0.380059,0.199317,0.243743
0.847978,0.10533,0.026773,-0.517581,0.842633,0.127682,-0.195494,-0.486265,0.870147,0.380022,0.199323,0.243777
0.847982,0.10531,0.026812,-0.517577,0.842628,0.127648,-0.195475,-0.48629,0.870152,0.379996,0.199366,0.243767
0.847991,0.105302,0.026867,-0.517561,0.842625,0.12763,-0.19549,-0.486295,0.870141,0.379997,0.199364,0.243804
0.848014,0.105324,0.026872,-0.517519,0.842621,0.12772,-0.195538,-0.486258,0.870099,0.380023,0.199429,0.243864
0.84799,0.105413,0.026817,-0.517541,0.8426,0.127712,-0.195585,-0.486279,0.870125,0.379999,0.199409,0.243825
0.847981,0.105459,0.026752,-0.517551,0.842594,0.127702,-0.195654,-0.486264,0.870102,0.380052,0.19944,0.243796
0.847986,0.105488,0.026718,-0.517539,0.842611,0.127702,-0.195673,-0.48623,0.870084,0.380076,0.199464,0.243807
0.847977,0.105416,0.026684,-0.517572,0.842599,0.127679,-0.195708,-0.486242,0.870052,0.380119,0.199434,0.24388
0.847994,0.10535,0.026702,-0.517557,0.842619,0.127594,-0.195742,-0.486216,0.870057,0.380124,0.199392,0.243883
0.848031,0.105304,0.026679,-0.517506,0.84264,0.127524,-0.19582,-0.486168,0.870092,0.38005,0.199367,0.243897
0.848014,0.105272,0.026636,-0.517545,0.842651,0.127463,-0.195869,-0.486147,0.870107,0.380028,0.199355,0.243889
0.848015,0.105326,0.026598,-0.517534,0.84264,0.127493,-0.19594,-0.486129,0.870096,0.380047,0.199314,0.243929
0.848045,0.105398,0.026546,-0.517472,0.84263,0.127535,-0.195967,-0.486125,0.870097,0.380046,0.199292,0.243947
0.848032,0.105498,0.026516,-0.517475,0.842609,0.127569,-0.195966,-0.486152,0.870093,0.380069,0.199251,0.24396
0.848033,0.10561,0.026507,-0.517449,0.842557,0.127625,-0.19595,-0.486232,0.870089,0.380113,0.199234,0.243919
0.847999,0.105683,0.026558,-0.517486,0.842524,0.12771,-0.195928,-0.486278,0.870043,0.380213,0.199193,0.243962
0.847986,0.105739,0.026543,-0.517496,0.842497,0.127805,-0.195892,-0.486312,0.870042,0.380214,0.199146,0.243999
0.848,0.105797,0.026536,-0.517461,0.842465,0.127883,-0.195932,-0.48633,0.870041,0.38025,0.199103,0.243983
0.848,0.105804,0.026558,-0.51746,0.84242,0.12799,-0.195996,-0.486354,0.870025,0.380279,0.1991,0.243999
0.847972,0.105838,0.02649,-0.517502,0.842374,0.128092,-0.196055,-0.486383,0.870046,0.380276,0.199065,0.243956
0.847945,0.105921,0.026461,-0.51753,0.842333,0.128168,-0.196032,-0.486443,0.870052,0.380287,0.199018,0.243955
0.847938,0.105993,0.026422,-0.517528,0.842299,0.128176,-0.196061,-0.486488,0.870072,0.380269,0.198952,0.243965
0.847927,0.106041,0.026358,-0.517541,0.8423,0.128174,-0.196057,-0.486487,0.870073,0.380279,0.198939,0.243959
0.847908,0.106011,0.02637,-0.517576,0.842295,0.128189,-0.196057,-0.486492,0.870071,0.380288,0.198946,0.243946
0.847901,0.10605,0.026337,-0.517583,0.842279,0.128191,-0.196109,-0.4865,0.870069,0.380289,0.198934,0.24396
0.847883,0.106039,0.026305,-0.517616,0.842253,0.12824,-0.196203,-0.486495,0.870078,0.380313,0.1989,0.243918
0.847865,0.105996,0.026305,-0.517654,0.84225,0.128203,-0.196252,-0.486491,0.870081,0.380294,0.198934,0.243911
0.847831,0.106001,0.026278,-0.517711,0.842237,0.128198,-0.196317,-0.486488,0.870056,0.38034,0.198973,0.243896
0.847786,0.106009,0.026237,-0.517785,0.842217,0.128206,-0.196433,-0.486477,0.87005,0.38033,0.198986,0.24392
0.847774,0.106052,0.026209,-0.517797,0.842197,0.128208,-0.196424,-0.486514,0.870092,0.380237,0.198999,0.243906
0.847769,0.106087,0.026216,-0.517797,0.842196,0.128211,-0.196406,-0.486522,0.870087,0.380254,0.199012,0.243889
0.847777,0.106072,0.026234,-0.517785,0.842184,0.128232,-0.196444,-0.486521,0.870095,0.380246,0.198981,0.243894
0.847773,0.10604,0.026296,-0.517795,0.842151,0.128236,-0.196373,-0.486606,0.870103,0.380221,0.198979,0.243905
0.847774,0.106045,0.02629,-0.517795,0.84215,0.128258,-0.196335,-0.486615,0.870117,0.380195,0.198929,0.243939
0.84777,0.106025,0.026344,-0.517801,0.842126,0.128348,-0.196328,-0.486637,0.870127,0.380213,0.1989,0.243896
0.847729,0.106125,0.026341,-0.517848,0.842107,0.128402,-0.196347,-0.486647,0.870128,0.380213,0.198895,0.2439
0.84773,0.106146,0.026337,-0.517842,0.842086,0.128398,-0.196355,-0.486681,0.870151,0.380172,0.198877,0.243896
0.847726,0.106151,0.026331,-0.517848,0.842078,0.128419,-0.196341,-0.486695,0.870159,0.380165,0.198868,0.243886
0.84771,0.106155,0.026331,-0.517871,0.842057,0.128411,-0.196401,-0.486709,0.870163,0.380122,0.198899,0.24391
0.84771,0.106171,0.026343,-0.517868,0.842021,0.128399,-0.196471,-0.486748,0.870143,0.380139,0.198916,0.243947
0.847725,0.10611,0.026322,-0.517858,0.84202,0.128397,-0.196513,-0.486735,0.870162,0.380125,0.198908,0.243904
0.847719,0.106081,0.026298,-0.517875,0.841992,0.128378,-0.196577,-0.486762,0.870171,0.380107,0.198897,0.243906
0.847726,0.106097,0.026269,-0.517862,0.841995,0.128433,-0.196586,-0.486737,0.870144,0.38013,0.198908,0.243965
0.847728,0.106124,0.026201,-0.517857,0.841976,0.128501,-0.196683,-0.486713,0.870111,0.380191,0.198928,0.24397
0.847763,0.106161,0.026185,-0.517793,0.842002,0.128545,-0.196662,-0.486666,0.870097,0.380199,0.198911,0.244022
0.847793,0.106178,0.026137,-0.517743,0.841999,0.128526,-0.196697,-0.486663,0.870103,0.380199,0.198898,0.244009
0.847814,0.106136,0.026079,-0.51772,0.842026,0.128475,-0.196695,-0.486629,0.870087,0.380213,0.198909,0.244035
0.847827,0.106138,0.026031,-0.517704,0.842034,0.128424,-0.196778,-0.486598,0.870059,0.380253,0.198921,0.244067
0.847857,0.106065,0.026004,-0.51767,0.842019,0.128458,-0.196915,-0.48656,0.870065,0.380234,0.198912,0.244081
0.847893,0.106042,0.025938,-0.517621,0.842022,0.128392,-0.197032,-0.486526,0.870085,0.380171,0.19885,0.244161
0.847923,0.105986,0.025837,-0.51759,0.842011,0.128305,-0.197152,-0.486523,0.870118,0.380127,0.198806,0.244146
0.847955,0.105945,0.025809,-0.517547,0.842028,0.128265,-0.197236,-0.48647,0.870128,0.380079,0.198755,0.244228
0.847965,0.105937,0.025812,-0.517534,0.842041,0.128268,-0.197288,-0.486427,0.870141,0.380057,0.198715,0.244246
0.847973,0.105956,0.025752,-0.51752,0.842047,0.128305,-0.197328,-0.48639,0.87013,0.380069,0.198713,0.244267
0.847987,0.106024,0.025697,-0.517485,0.842033,0.12834,-0.197417,-0.486368,0.870136,0.380081,0.19872,0.244224
0.847948,0.106083,0.025692,-0.517539,0.842018,0.128454,-0.197459,-0.486348,0.870145,0.380038,0.198731,0.244247
0.847928,0.106079,0.025669,-0.517572,0.842006,0.12848,-0.197496,-0.486347,0.870147,0.380047,0.198746,0.244218
0.847909,0.106028,0.025671,-0.517614,0.842013,0.128437,-0.197521,-0.486337,0.870158,0.38003,0.19876,0.244189
0.847895,0.105995,0.025697,-0.517642,0.84199,0.128455,-0.197537,-0.486367,0.870166,0.380042,0.198756,0.244148
0.847884,0.105925,0.025715,-0.517674,0.841959,0.128359,-0.197559,-0.486437,0.87018,0.379987,0.198776,0.244167
0.847852,0.10587,0.025748,-0.517736,0.841936,0.128271,-0.197626,-0.486474,0.870219,0.379941,0.198772,0.2441
0.847823,0.105803,0.02574,-0.517798,0.841898,0.128186,-0.197657,-0.486552,0.870262,0.379907,0.198733,0.244032
0.8478,0.10574,0.025738,-0.517848,0.841834,0.128155,-0.197702,-0.486652,0.870315,0.379818,0.198741,0.243972
0.847747,0.105739,0.025698,-0.517937,0.841763,0.128127,-0.197776,-0.486755,0.870385,0.379745,0.198675,0.243889
0.847714,0.105707,0.025662,-0.518001,0.841744,0.128109,-0.19781,-0.486778,0.870442,0.379633,0.198684,0.243848
0.847717,0.10563,0.025596,-0.518017,0.841729,0.128025,-0.197843,-0.486814,0.870489,0.379552,0.198694,0.243797
0.847715,0.105509,0.02555,-0.51805,0.841716,0.127893,-0.197886,-0.486854,0.870553,0.379463,0.198707,0.243697
0.847692,0.105353,0.025528,-0.518121,0.84173,0.127728,-0.197863,-0.486884,0.870591,0.379384,0.198701,0.243688
0.847696,0.10521,0.025537,-0.518143,0.841731,0.127473,-0.197895,-0.486938,0.870589,0.379423,0.198689,0.243643
0.847693,0.105162,0.025562,-0.518156,0.841737,0.127329,-0.197932,-0.486954,0.870598,0.37946,0.198622,0.243607
0.847678,0.105139,0.025558,-0.518187,0.841738,0.12736,-0.197956,-0.486935,0.870628,0.379445,0.198526,0.243601
0.847665,0.105168,0.025524,-0.518204,0.841686,0.12751,-0.197982,-0.486973,0.870652,0.379445,0.198464,0.243563
0.847612,0.105322,0.025413,-0.518264,0.841645,0.127653,-0.198106,-0.486957,0.870646,0.37948,0.198456,0.243538
0.847608,0.105412,0.025304,-0.518258,0.841617,0.127697,-0.198153,-0.486975,0.870652,0.379496,0.198428,0.243515
0.847633,0.105414,0.025262,-0.51822,0.841596,0.127678,-0.198176,-0.487007,0.870688,0.379434,0.19847,0.243445
0.847626,0.105348,0.025257,-0.518246,0.841631,0.127617,-0.198161,-0.486969,0.870677,0.379483,0.198489,0.243395
0.847631,0.105219,0.025311,-0.518262,0.841636,0.127566,-0.19817,-0.486971,0.870701,0.379453,0.198459,0.243377
0.84762,0.105104,0.025318,-0.518303,0.841653,0.127457,-0.198184,-0.486964,0.87073,0.379433,0.198412,0.243344
0.847609,0.105037,0.025304,-0.518335,0.841623,0.127482,-0.198268,-0.486976,0.870742,0.379434,0.198429,0.243283
0.84756,0.105071,0.025233,-0.518414,0.841591,0.127493,-0.19835,-0.486995,0.87077,0.379386,0.198382,0.243297
0.847537,0.105144,0.025143,-0.518441,0.841545,0.127489,-0.198414,-0.487051,0.870809,0.379329,0.198342,0.243279
0.847473,0.10521,0.02505,-0.518537,0.841494,0.127474,-0.198521,-0.487102,0.870854,0.379246,0.198298,0.243283
0.847441,0.105197,0.025008,-0.518594,0.841441,0.127351,-0.19862,-0.487187,0.8709,0.379148,0.198205,0.243345
0.847432,0.10514,0.024995,-0.518621,0.841405,0.127337,-0.198645,-0.487242,0.870915,0.379103,0.198209,0.24336
0.847418,0.105096,0.025005,-0.518655,0.841398,0.127271,-0.198624,-0.487281,0.870902,0.379113,0.198192,0.243405
0.847407,0.105112,0.024997,-0.518668,0.841382,0.127259,-0.198613,-0.487317,0.870866,0.379168,0.198193,0.243449
0.847402,0.105153,0.024948,-0.518671,0.84136,0.127338,-0.198573,-0.48735,0.87084,0.379219,0.198191,0.243464
0.847378,0.10527,0.024891,-0.518689,0.841348,0.127412,-0.198509,-0.487375,0.870823,0.379253,0.198196,0.24347
0.847369,0.105378,0.024856,-0.518682,0.841338,0.127443,-0.198487,-0.487392,0.870786,0.379333,0.198221,0.243455
0.847388,0.105404,0.024826,-0.518647,0.841328,0.127507,-0.198482,-0.487396,0.870768,0.379364,0.198259,0.24344
0.847412,0.105466,0.024812,-0.518597,0.841321,0.127557,-0.198497,-0.487387,0.870763,0.379347,0.198338,0.24342
0.847428,0.105493,0.024798,-0.518566,0.841322,0.127568,-0.198516,-0.487375,0.870764,0.379303,0.198406,0.24343
0.847424,0.105522,0.024763,-0.518568,0.841348,0.127576,-0.198511,-0.487329,0.870784,0.379279,0.198356,0.243438
0.847435,0.105489,0.024712,-0.518559,0.841328,0.127615,-0.198555,-0.487337,0.870824,0.379212,0.1983,0.243443
0.847452,0.105407,0.024703,-0.51855,0.841307,0.127594,-0.198586,-0.487366,0.870867,0.379137,0.198249,0.243448
0.847478,0.105368,0.024659,-0.518519,0.841269,0.127618,-0.198646,-0.487402,0.870895,0.37909,0.198168,0.243487
0.847481,0.105374,0.024618,-0.518514,0.841236,0.127767,-0.198719,-0.48739,0.8709,0.3791,0.198128,0.243489
0.847476,0.105398,0.024505,-0.518524,0.841184,0.127817,-0.198773,-0.487445,0.870899,0.379122,0.198082,0.243494
0.847469,0.105447,0.024422,-0.518531,0.841152,0.12783,-0.198898,-0.487446,0.870911,0.379138,0.198071,0.243434
0.847472,0.105444,0.024319,-0.518531,0.841127,0.127856,-0.199015,-0.487437,0.870936,0.379092,0.198019,0.243458
0.847495,0.10548,0.02427,-0.518489,0.841125,0.127844,-0.199098,-0.48741,0.870925,0.379108,0.198022,0.243471
0.847524,0.105439,0.024203,-0.518455,0.841154,0.127814,-0.19913,-0.487353,0.870909,0.379126,0.198031,0.243491
0.847525,0.105401,0.024171,-0.518462,0.841184,0.127783,-0.199131,-0.48731,0.870922,0.379126,0.19803,0.243445
0.847518,0.105359,0.024121,-0.518486,0.841189,0.127741,-0.199169,-0.487299,0.870928,0.379132,0.197996,0.243444
0.847525,0.105373,0.02406,-0.518476,0.841193,0.127835,-0.199192,-0.487257,0.870944,0.379128,0.197942,0.243432
0.847516,0.105407,0.023987,-0.518487,0.841155,0.12796,-0.19922,-0.487277,0.870973,0.379112,0.197903,0.243385
0.847499,0.105466,0.023973,-0.518503,0.841143,0.128061,-0.199278,-0.487247,0.870969,0.379128,0.1979,0.243378
0.847506,0.105554,0.023919,-0.518476,0.841114,0.128081,-0.199345,-0.487267,0.87097,0.379141,0.197856,0.243388
0.847481,0.105611,0.02386,-0.518507,0.841069,0.128111,-0.199443,-0.487295,0.87098,0.37912,0.197896,0.243355
0.847447,0.10561,0.023848,-0.518564,0.841078,0.12808,-0.199517,-0.48726,0.870989,0.379112,0.197916,0.243318
0.847428,0.105645,0.023843,-0.518589,0.841072,0.128011,-0.199579,-0.487263,0.871013,0.379095,0.197916,0.24326
0.847403,0.10566,0.023832,-0.518626,0.841047,0.127967,-0.199606,-0.487308,0.87104,0.379072,0.197926,0.243187
0.8474,0.105612,0.023786,-0.518643,0.841023,0.12794,-0.199628,-0.487348,0.87108,0.379041,0.19788,0.243131
0.847386,0.105598,0.023729,-0.518674,0.840994,0.127905,-0.199698,-0.48738,0.871149,0.378947,0.197854,0.243048
0.847365,0.105595,0.023684,-0.518711,0.840996,0.127801,-0.199735,-0.487389,0.871195,0.37887,0.197876,0.242981
0.847351,0.105507,0.023606,-0.518756,0.840972,0.127684,-0.199821,-0.487429,0.871255,0.378776,0.197828,0.242951
0.847337,0.105431,0.023582,-0.518797,0.84096,0.127566,-0.199889,-0.487453,0.871336,0.378676,0.197753,0.242877
0.847325,0.10535,0.023588,-0.518832,0.840946,0.127509,-0.199903,-0.487489,0.871414,0.378562,0.197711,0.242808
0.847306,0.105299,0.023607,-0.518874,0.840936,0.127408,-0.199868,-0.487548,0.871496,0.378434,0.197692,0.242724
0.847242,0.105259,0.02362,-0.518986,0.840918,0.127371,-0.199857,-0.487592,0.871501,0.378449,0.197688,0.242688
0.847168,0.105255,0.023608,-0.519108,0.84086,0.127395,-0.199915,-0.487663,0.871501,0.378485,0.197674,0.24264
0.847116,0.10526,0.023645,-0.51919,0.840802,0.127411,-0.199928,-0.487753,0.87152,0.378509,0.197676,0.242532
0.847047,0.105288,0.023604,-0.519298,0.840731,0.127452,-0.19995,-0.487856,0.871541,0.378521,0.197676,0.242436
0.846996,0.105286,0.023576,-0.519384,0.840666,0.127493,-0.199915,-0.487972,0.871561,0.378514,0.197669,0.242382
0.846937,0.105261,0.023611,-0.519484,0.840606,0.127528,-0.199964,-0.488046,0.871598,0.37852,0.19763,0.242267
0.846893,0.105237,0.023591,-0.51956,0.840546,0.127459,-0.200004,-0.488152,0.871629,0.378523,0.197595,0.242179
0.846835,0.105177,0.023584,-0.519667,0.840485,0.127385,-0.200039,-0.488263,0.871654,0.378511,0.197589,0.242108
0.846786,0.105185,0.023539,-0.519748,0.840423,0.127394,-0.200116,-0.488337,0.87169,0.378468,0.19756,0.24207
0.846787,0.105148,0.023542,-0.519755,0.840377,0.127431,-0.200098,-0.488414,0.871744,0.378416,0.197466,0.242033
0.846747,0.105139,0.023478,-0.519826,0.840355,0.127454,-0.200091,-0.488448,0.871758,0.378419,0.197433,0.242004
0.846738,0.105168,0.023449,-0.519834,0.840339,0.12741,-0.200131,-0.488471,0.871787,0.378423,0.197375,0.241937
0.846694,0.105164,0.023409,-0.51991,0.840341,0.127396,-0.200152,-0.488463,0.871797,0.378427,0.197365,0.241902
0.846685,0.105181,0.023354,-0.519924,0.840374,0.12734,-0.200169,-0.488416,0.871806,0.37843,0.197333,0.241894
0.846696,0.105195,0.023334,-0.519903,0.840365,0.127288,-0.200141,-0.488456,0.871813,0.378463,0.197323,0.241822
0.8467,0.105177,0.023281,-0.519904,0.840377,0.127283,-0.200219,-0.488403,0.871848,0.378411,0.197287,0.241806
0.846696,0.105186,0.023229,-0.519911,0.840356,0.127305,-0.200339,-0.488387,0.871835,0.378466,0.19724,0.241807
0.846685,0.105228,0.023177,-0.519924,0.840329,0.127376,-0.200416,-0.488384,0.871857,0.378437,0.197169,0.24183
0.846663,0.105339,0.02312,-0.519938,0.840337,0.12743,-0.200463,-0.488337,0.87185,0.378458,0.197157,0.241832
0.846677,0.105359,0.023114,-0.519912,0.84034,0.127472,-0.200457,-0.488322,0.87184,0.378467,0.197132,0.241875
0.846666,0.105427,0.023095,-0.519916,0.840312,0.127499,-0.200468,-0.48836,0.871829,0.378501,0.197061,0.241922
0.846674,0.105378,0.023165,-0.51991,0.840299,0.127435,-0.20043,-0.488414,0.871848,0.378443,0.197048,0.241952
0.846665,0.105408,0.023161,-0.519919,0.840296,0.127387,-0.200446,-0.488425,0.871837,0.378478,0.197007,0.241971
0.846646,0.105431,0.023169,-0.519945,0.840278,0.127445,-0.200436,-0.488444,0.871872,0.378435,0.19695,0.241961
0.846619,0.105506,0.023111,-0.519975,0.840236,0.127508,-0.200499,-0.488474,0.87188,0.378407,0.196902,0.242014
0.846622,0.105552,0.023076,-0.519962,0.840206,0.127571,-0.20053,-0.488497,0.871916,0.378343,0.196871,0.242007
0.846617,0.105559,0.023066,-0.51997,0.840205,0.127575,-0.20056,-0.488487,0.871942,0.378277,0.196842,0.242045
0.846625,0.105577,0.023105,-0.519951,0.84021,0.127629,-0.200573,-0.488459,0.87192,0.378304,0.196813,0.242103
0.846613,0.105616,0.023135,-0.51996,0.840223,0.127637,-0.200582,-0.48843,0.87188,0.378372,0.196821,0.242138
0.846628,0.105698,0.023165,-0.519917,0.840261,0.12767,-0.200562,-0.488363,0.871837,0.37844,0.196806,0.242195
0.846653,0.105818,0.023225,-0.519849,0.840291,0.127762,-0.200555,-0.488289,0.871772,0.37857,0.196787,0.242245
0.846697,0.105887,0.023235,-0.519763,0.840291,0.127913,-0.2005,-0.488269,0.871713,0.378676,0.196796,0.242286
0.846739,0.105966,0.023243,-0.519676,0.840323,0.127992,-0.200464,-0.488208,0.87161,0.378807,0.196871,0.242392
0.846796,0.105991,0.023266,-0.519578,0.840369,0.128007,-0.200433,-0.488136,0.871516,0.378953,0.196928,0.242462
0.846857,0.106063,0.023306,-0.519459,0.840417,0.128011,-0.200342,-0.488088,0.871459,0.379039,0.19694,0.242521
0.846929,0.106053,0.023377,-0.519342,0.840447,0.128045,-0.200353,-0.488025,0.871395,0.379119,0.197025,0.242554
0.846989,0.106067,0.02341,-0.519238,0.840491,0.128107,-0.200242,-0.487975,0.871391,0.379079,0.197025,0.242635
0.847023,0.106147,0.023424,-0.519165,0.840501,0.128184,-0.200202,-0.487953,0.871386,0.37908,0.196987,0.242687
0.847029,0.106212,0.023407,-0.519143,0.840478,0.128274,-0.200216,-0.487963,0.871408,0.379072,0.196866,0.242715
0.847037,0.106285,0.023454,-0.51911,0.840467,0.128353,-0.200238,-0.487951,0.871432,0.379009,0.196828,0.24276
0.84701,0.106383,0.023432,-0.519136,0.840478,0.128417,-0.200197,-0.487931,0.871432,0.378987,0.196834,0.24279
0.846998,0.106449,0.023495,-0.519137,0.840475,0.128492,-0.20019,-0.487921,0.871419,0.37898,0.19688,0.242813
0.847005,0.106496,0.023512,-0.519115,0.840477,0.128538,-0.200112,-0.487934,0.871416,0.378976,0.196879,0.242828
0.846996,0.106541,0.023562,-0.519117,0.840473,0.128548,-0.200088,-0.487949,0.871409,0.378974,0.196915,0.242824
0.847012,0.106545,0.023595,-0.519089,0.840485,0.128518,-0.199998,-0.487971,0.87138,0.378979,0.196942,0.242903
0.847021,0.10653,0.023642,-0.519073,0.840487,0.128439,-0.199994,-0.487991,0.871356,0.378977,0.197003,0.242946
0.847003,0.106517,0.023674,-0.519104,0.840487,0.128368,-0.199997,-0.488009,0.871359,0.37897,0.19702,0.242934
0.847006,0.106495,0.023685,-0.519105,0.840469,0.128405,-0.200016,-0.488024,0.871352,0.378938,0.197043,0.242989
0.847025,0.106574,0.02364,-0.519057,0.840461,0.128415,-0.199993,-0.488043,0.871374,0.378888,0.197006,0.243018
0.847007,0.106652,0.02367,-0.519069,0.840461,0.128466,-0.199985,-0.488033,0.871393,0.378815,0.197025,0.243048
0.84701,0.106698,0.023656,-0.519056,0.840453,0.128454,-0.199976,-0.488053,0.871397,0.378812,0.197033,0.243031
0.846995,0.106713,0.023657,-0.519076,0.84046,0.128435,-0.19998,-0.488045,0.871401,0.378784,0.197048,0.243048
0.847009,0.106658,0.023694,-0.519063,0.84047,0.128381,-0.199959,-0.48805,0.8714,0.378779,0.197086,0.243029
0.846984,0.10655,0.023745,-0.519124,0.840505,0.12821,-0.19997,-0.488033,0.871384,0.378807,0.197103,0.243028
0.846967,0.106425,0.023771,-0.519177,0.840534,0.128103,-0.199962,-0.488016,0.87142,0.378749,0.1971,0.242993
0.846951,0.106355,0.023777,-0.519218,0.840533,0.128037,-0.199971,-0.488032,0.871452,0.378718,0.197069,0.24295
0.846904,0.106303,0.023802,-0.519304,0.84051,0.128026,-0.199986,-0.488068,0.871471,0.378685,0.197057,0.242941
0.846876,0.106309,0.023778,-0.519349,0.84046,0.128137,-0.200036,-0.488104,0.871494,0.378622,0.197022,0.242986
0.846842,0.106377,0.023731,-0.519395,0.840411,0.12815,-0.200109,-0.488154,0.871518,0.378596,0.197014,0.242947
0.846838,0.106413,0.023725,-0.519393,0.840376,0.12814,-0.20017,-0.488193,0.871528,0.378586,0.197012,0.242932
0.846788,0.106427,0.023758,-0.519469,0.840352,0.128176,-0.200192,-0.488217,0.871542,0.378588,0.196959,0.242917
0.846759,0.106422,0.023785,-0.519516,0.840345,0.128212,-0.200189,-0.488221,0.871572,0.378589,0.196896,0.242858
0.846737,0.106458,0.023853,-0.519541,0.840309,0.128272,-0.200183,-0.488269,0.871553,0.37867,0.196834,0.242851
0.846692,0.106545,0.023882,-0.519593,0.840272,0.128342,-0.200122,-0.488337,0.871525,0.378754,0.196822,0.242829
0.846625,0.106649,0.02388,-0.51968,0.840227,0.128456,-0.200111,-0.488389,0.871489,0.378863,0.196782,0.242823
0.846601,0.106777,0.023848,-0.519693,0.840158,0.128511,-0.200142,-0.48848,0.871486,0.378911,0.196743,0.242785
0.846557,0.106888,0.023798,-0.519744,0.840102,0.128586,-0.200142,-0.488555,0.871457,0.378998,0.19668,0.242807
0.846514,0.106997,0.023769,-0.519792,0.840062,0.128673,-0.200176,-0.488587,0.871473,0.37901,0.196633,0.24277
0.846528,0.107021,0.023783,-0.519764,0.840028,0.128679,-0.200228,-0.488623,0.871469,0.379013,0.196574,0.242826
0.846531,0.10701,0.023758,-0.519763,0.840017,0.128613,-0.200311,-0.488626,0.87149,0.379027,0.196519,0.242775
0.846517,0.107021,0.023728,-0.519784,0.840005,0.128592,-0.200365,-0.488631,0.87152,0.378997,0.196428,0.242786
0.846526,0.107015,0.023701,-0.519774,0.840001,0.128563,-0.200399,-0.488633,0.871544,0.378996,0.196372,0.242748
0.846538,0.107029,0.023638,-0.519753,0.839981,0.128573,-0.200429,-0.488653,0.871548,0.378992,0.196333,0.242773
0.846548,0.107008,0.023608,-0.519745,0.839979,0.128543,-0.200397,-0.488677,0.871538,0.379024,0.196316,0.242769
0.846553,0.1071,0.023582,-0.519718,0.839968,0.128545,-0.200377,-0.488704,0.871516,0.379116,0.196297,0.242721
0.846548,0.107165,0.023598,-0.519711,0.839965,0.128545,-0.200352,-0.488718,0.871473,0.379208,0.196326,0.242705
0.846543,0.107222,0.023602,-0.519707,0.839935,0.128561,-0.200328,-0.488777,0.871415,0.379308,0.196348,0.242739
0.846545,0.107265,0.023644,-0.519692,0.839939,0.128642,-0.200323,-0.488748,0.871392,0.379383,0.19637,0.242689
0.84654,0.10733,0.023683,-0.519682,0.839919,0.128683,-0.2003,-0.488782,0.871393,0.379422,0.196302,0.24268
0.846543,0.107376,0.023697,-0.519669,0.839885,0.12874,-0.200262,-0.48884,0.871355,0.379518,0.196286,0.242677
0.846517,0.107398,0.023747,-0.519703,0.839857,0.1288,-0.200239,-0.488881,0.871346,0.379534,0.196265,0.242704
0.846464,0.107445,0.023751,-0.519779,0.839827,0.1288,-0.200194,-0.488949,0.87136,0.379513,0.196244,0.242703
0.846437,0.107503,0.023723,-0.519812,0.839828,0.128788,-0.200115,-0.488983,0.871363,0.379544,0.196197,0.242683
0.846415,0.107568,0.023754,-0.519832,0.839823,0.128816,-0.200062,-0.489005,0.871341,0.379576,0.196227,0.242685
0.846372,0.107571,0.023773,-0.5199,0.839812,0.128824,-0.199995,-0.489049,0.871319,0.3796,0.196239,0.242717
0.846311,0.10754,0.023804,-0.520003,0.839781,0.128833,-0.199934,-0.489125,0.871329,0.379598,0.196239,0.242685
0.846261,0.107528,0.023838,-0.520088,0.839747,0.128839,-0.199906,-0.48919,0.871329,0.379626,0.196218,0.242656
0.846217,0.107512,0.023892,-0.520156,0.839697,0.128869,-0.199887,-0.489278,0.871315,0.379719,0.196205,0.242573
0.846171,0.107529,0.02395,-0.520224,0.839681,0.12889,-0.19983,-0.489322,0.871266,0.379828,0.196261,0.242533
0.846158,0.10753,0.024036,-0.520241,0.839662,0.128872,-0.199787,-0.489377,0.871221,0.379936,0.196259,0.242528
0.846139,0.107572,0.024122,-0.52026,0.839642,0.128901,-0.199681,-0.489444,0.871205,0.380036,0.19623,0.24245
0.846105,0.107606,0.024171,-0.520303,0.839612,0.128933,-0.19961,-0.489515,0.871174,0.380157,0.196218,0.242382
0.846083,0.107683,0.024147,-0.520323,0.839582,0.128977,-0.199536,-0.489584,0.871145,0.380253,0.196229,0.242324
0.846049,0.107742,0.024169,-0.520364,0.83958,0.128995,-0.199496,-0.489598,0.87115,0.380278,0.196204,0.242289
0.846038,0.107817,0.024204,-0.520364,0.839573,0.128982,-0.199465,-0.489627,0.871133,0.380308,0.196156,0.242337
0.846026,0.107878,0.024186,-0.520371,0.839587,0.12902,-0.1994,-0.489617,0.871108,0.380348,0.196139,0.24238
0.846039,0.10799,0.024236,-0.520324,0.839587,0.129076,-0.199389,-0.489607,0.87108,0.380382,0.196179,0.242397
0.846064,0.108051,0.024293,-0.520267,0.839616,0.129165,-0.199328,-0.489558,0.871075,0.380405,0.196178,0.242378
0.84606,0.108109,0.024303,-0.520261,0.839658,0.129152,-0.199298,-0.489501,0.871086,0.380385,0.196163,0.242385
0.846071,0.108096,0.024311,-0.520244,0.839681,0.129089,-0.199292,-0.489481,0.871095,0.380362,0.196144,0.242404
0.846077,0.108092,0.024302,-0.520237,0.839687,0.129085,-0.199241,-0.489492,0.871068,0.380405,0.196107,0.242463
0.846053,0.108129,0.024322,-0.520266,0.839691,0.129106,-0.199243,-0.489478,0.871099,0.380348,0.196034,0.242503
0.846056,0.108126,0.024303,-0.520263,0.839672,0.12909,-0.199273,-0.489502,0.871103,0.380358,0.195985,0.242506
0.846053,0.10819,0.024276,-0.520257,0.839668,0.129096,-0.199358,-0.489474,0.871119,0.380325,0.195978,0.24251
0.846083,0.10819,0.024265,-0.520207,0.839685,0.129121,-0.199453,-0.489402,0.871129,0.380305,0.195954,0.242522
0.846121,0.108189,0.024232,-0.520149,0.839684,0.12914,-0.199525,-0.489368,0.871123,0.380292,0.195937,0.242586
0.846125,0.108222,0.02423,-0.520133,0.839685,0.129066,-0.199585,-0.489364,0.871115,0.3803,0.195922,0.242611
0.846138,0.108191,0.024285,-0.520115,0.839728,0.129048,-0.199578,-0.489298,0.871075,0.380362,0.195902,0.242674
0.846158,0.108221,0.024415,-0.52007,0.839749,0.129064,-0.199545,-0.489271,0.871017,0.380424,0.195925,0.242769
0.846176,0.108289,0.024499,-0.520022,0.839757,0.129162,-0.199484,-0.489254,0.870974,0.380497,0.195912,0.242817
0.846169,0.108437,0.024501,-0.520001,0.839745,0.129368,-0.19946,-0.489227,0.870959,0.38051,0.195828,0.242921
0.846174,0.108565,0.024539,-0.519963,0.839763,0.129573,-0.199401,-0.489164,0.87092,0.380572,0.195841,0.242957
0.846169,0.108713,0.024501,-0.519941,0.83976,0.129742,-0.199382,-0.489131,0.870855,0.380658,0.195892,0.243018
0.846193,0.10881,0.024534,-0.519878,0.839788,0.129867,-0.199329,-0.489069,0.87081,0.380693,0.195937,0.243086
0.846209,0.108808,0.024572,-0.519852,0.839841,0.129886,-0.199279,-0.488994,0.870741,0.380807,0.195953,0.243144
0.846237,0.108739,0.024604,-0.519817,0.83989,0.129874,-0.199193,-0.488945,0.87073,0.38081,0.195957,0.243178
0.846283,0.108696,0.024639,-0.51975,0.839944,0.129877,-0.199174,-0.488859,0.87071,0.380806,0.195985,0.243235
0.846329,0.108707,0.024626,-0.519674,0.839977,0.129915,-0.199207,-0.488779,0.870701,0.380808,0.195977,0.243266
0.846346,0.108695,0.024586,-0.519653,0.840005,0.129911,-0.199211,-0.488731,0.870717,0.38075,0.195974,0.243306
0.846375,0.108674,0.024581,-0.51961,0.840009,0.129861,-0.199195,-0.488744,0.870723,0.38073,0.195991,0.243298
0.846343,0.108684,0.024544,-0.519662,0.839994,0.129841,-0.199215,-0.488768,0.870727,0.380705,0.195948,0.243361
0.846322,0.108713,0.024604,-0.519685,0.839997,0.129809,-0.19919,-0.488782,0.870714,0.380738,0.195941,0.243361
0.846287,0.108702,0.024711,-0.519739,0.840002,0.129809,-0.199168,-0.488782,0.870708,0.380791,0.195897,0.243336
0.846248,0.108748,0.024767,-0.519788,0.839962,0.129885,-0.199156,-0.488834,0.870681,0.380871,0.195876,0.243326
0.846186,0.108831,0.024811,-0.51987,0.839926,0.129949,-0.19911,-0.488897,0.87063,0.380998,0.195858,0.243321
0.846132,0.108971,0.024837,-0.519926,0.839869,0.130056,-0.199082,-0.488977,0.870614,0.381084,0.195817,0.243275
0.846099,0.109114,0.02484,-0.519947,0.839807,0.130137,-0.19906,-0.48907,0.870599,0.38116,0.195797,0.243227
0.846079,0.10916,0.024844,-0.51997,0.83976,0.130122,-0.198996,-0.489179,0.870583,0.381223,0.195789,0.243191
0.846042,0.109174,0.024893,-0.520023,0.839713,0.130131,-0.198985,-0.489262,0.870577,0.381273,0.195775,0.243149
0.845996,0.109262,0.024928,-0.520077,0.83965,0.130187,-0.198967,-0.489362,0.87056,0.381358,0.195706,0.24313
0.845968,0.109318,0.024952,-0.520109,0.839596,0.130243,-0.198983,-0.489434,0.870576,0.381388,0.195622,0.243093
0.845945,0.109395,0.024913,-0.520132,0.839582,0.130289,-0.198927,-0.489465,0.870563,0.381453,0.195617,0.24304
0.845917,0.109424,0.024905,-0.520173,0.839551,0.130308,-0.198911,-0.48952,0.870566,0.381458,0.195555,0.243071
0.845882,0.109449,0.024885,-0.520223,0.839534,0.130316,-0.198949,-0.489533,0.870577,0.381466,0.19553,0.243042
0.845851,0.109441,0.024933,-0.520273,0.839503,0.130349,-0.19896,-0.489572,0.870599,0.381482,0.195431,0.243014
0.845846,0.109438,0.024944,-0.520281,0.839478,0.13034,-0.198954,-0.48962,0.870603,0.381533,0.195371,0.242967
0.84583,0.109453,0.024976,-0.520304,0.839443,0.130366,-0.198941,-0.489679,0.870608,0.381565,0.195336,0.242927
0.845773,0.109515,0.024996,-0.520381,0.839425,0.130376,-0.198957,-0.4897,0.870619,0.381623,0.195248,0.242866
0.845728,0.109571,0.025045,-0.520437,0.83941,0.130419,-0.198953,-0.489716,0.870616,0.381689,0.195221,0.242795
0.845688,0.109666,0.025067,-0.520479,0.839371,0.130463,-0.198953,-0.48977,0.87059,0.381798,0.1952,0.242734
0.845625,0.109742,0.025094,-0.520565,0.839343,0.130526,-0.198886,-0.489828,0.870579,0.381899,0.195117,0.242676
0.845601,0.109774,0.025107,-0.520594,0.839289,0.130577,-0.198886,-0.489907,0.870567,0.381969,0.195047,0.242665
0.845544,0.109839,0.025119,-0.520672,0.83922,0.130672,-0.198849,-0.490015,0.870562,0.382042,0.194974,0.242624
0.845504,0.109932,0.025131,-0.520717,0.839161,0.13074,-0.198808,-0.490112,0.870529,0.382115,0.194945,0.242657
0.845443,0.110018,0.025188,-0.520794,0.839097,0.130857,-0.198826,-0.490183,0.870496,0.382207,0.194877,0.242685
0.845393,0.110113,0.0252,-0.520852,0.839045,0.131012,-0.19883,-0.490227,0.87047,0.382283,0.19482,0.242702
0.845346,0.110202,0.025216,-0.520909,0.838999,0.131119,-0.198842,-0.490272,0.870466,0.38232,0.194772,0.242696
0.845313,0.110301,0.025239,-0.520939,0.838961,0.131161,-0.198861,-0.490317,0.870433,0.382397,0.194732,0.242727
0.845297,0.110386,0.025292,-0.520943,0.838972,0.131175,-0.19882,-0.490312,0.870395,0.382439,0.194769,0.242768
0.845311,0.110403,0.025267,-0.520919,0.838982,0.131232,-0.198815,-0.49028,0.870364,0.382494,0.194731,0.242822
0.845364,0.110414,0.025316,-0.520826,0.83897,0.131289,-0.198831,-0.490278,0.870339,0.382515,0.19472,0.24289
0.845382,0.110493,0.025309,-0.520781,0.83897,0.131405,-0.198859,-0.490236,0.870301,0.382563,0.194717,0.242956
0.845399,0.110557,0.025324,-0.520737,0.838987,0.13156,-0.19884,-0.490171,0.870266,0.382605,0.194672,0.243052
0.845441,0.110653,0.025307,-0.520649,0.839001,0.131691,-0.198771,-0.490138,0.870214,0.382674,0.194705,0.243106
0.845476,0.110788,0.025349,-0.520561,0.839027,0.131773,-0.198715,-0.490093,0.870145,0.382761,0.194727,0.243197
0.845513,0.110899,0.025364,-0.520476,0.83907,0.131868,-0.198646,-0.490019,0.870122,0.382789,0.194691,0.243268
0.845535,0.110961,0.025416,-0.520422,0.839116,0.132023,-0.19858,-0.489924,0.870089,0.382814,0.194674,0.243362
0.845565,0.110993,0.025447,-0.520364,0.839156,0.132094,-0.198491,-0.48987,0.870054,0.38284,0.194702,0.243427
0.845603,0.111008,0.025511,-0.520295,0.839201,0.132088,-0.198426,-0.48982,0.870004,0.382886,0.194739,0.243502
0.845631,0.111076,0.025574,-0.520231,0.839229,0.132086,-0.198336,-0.489809,0.869968,0.382892,0.194796,0.243577
0.845653,0.111082,0.02563,-0.520191,0.839263,0.132083,-0.198277,-0.489774,0.869954,0.38286,0.194836,0.24365
0.845699,0.111061,0.025651,-0.52012,0.839308,0.132085,-0.198276,-0.489697,0.869963,0.38278,0.194878,0.243706
0.845741,0.111041,0.025646,-0.520057,0.839337,0.132082,-0.198227,-0.489667,0.869937,0.382778,0.19495,0.243747
0.845781,0.110984,0.025667,-0.520003,0.839394,0.132071,-0.198194,-0.489586,0.869926,0.382744,0.194996,0.243805
0.845836,0.110964,0.025691,-0.519917,0.839456,0.132017,-0.198133,-0.489517,0.869899,0.382706,0.195085,0.243893
0.845887,0.110922,0.025715,-0.519842,0.839505,0.132003,-0.198151,-0.489431,0.869904,0.382649,0.195153,0.243907
0.845932,0.110875,0.025755,-0.519776,0.839571,0.131933,-0.19812,-0.489349,0.869899,0.382588,0.195232,0.243961
0.845986,0.110811,0.025791,-0.519701,0.839632,0.131846,-0.198072,-0.489288,0.869898,0.382538,0.195282,0.244004
0.846046,0.11073,0.025872,-0.519617,0.839665,0.131831,-0.198009,-0.489259,0.869896,0.382487,0.195352,0.244032
0.846077,0.110637,0.025912,-0.519584,0.83971,0.1318,-0.197947,-0.489215,0.869874,0.382498,0.195385,0.24407
0.846108,0.110633,0.025937,-0.519534,0.83974,0.131759,-0.197855,-0.489212,0.869833,0.382536,0.195461,0.244095
0.846135,0.110617,0.026012,-0.519487,0.839782,0.131785,-0.197775,-0.489163,0.869797,0.382576,0.195521,0.244113
0.846177,0.110598,0.026077,-0.519421,0.839826,0.131753,-0.197702,-0.489126,0.86977,0.382572,0.195585,0.244168
0.846184,0.11055,0.026143,-0.519416,0.839868,0.131745,-0.197649,-0.489076,0.869781,0.382538,0.195604,0.244169
0.846181,0.110517,0.026159,-0.519427,0.839895,0.131652,-0.197624,-0.489065,0.869772,0.382545,0.195645,0.244153
0.846181,0.110453,0.026192,-0.51944,0.83991,0.131578,-0.197627,-0.48906,0.869796,0.382496,0.195694,0.244102
0.846187,0.110401,0.026244,-0.519437,0.839891,0.131583,-0.197674,-0.489074,0.869809,0.382448,0.195699,0.244132
0.846163,0.11043,0.02623,-0.51947,0.839847,0.131587,-0.19775,-0.489117,0.869833,0.3824,0.195735,0.244091
0.846145,0.110408,0.026197,-0.519508,0.839807,0.131571,-0.197854,-0.489151,0.869882,0.382281,0.195724,0.244108
0.846108,0.110412,0.026134,-0.519571,0.839786,0.131502,-0.197817,-0.489218,0.869897,0.382261,0.195729,0.244086
0.846082,0.110379,0.02612,-0.519621,0.839765,0.131397,-0.197825,-0.489281,0.869931,0.382145,0.195748,0.244128
0.846046,0.110306,0.026116,-0.519696,0.839766,0.131322,-0.197793,-0.489314,0.869974,0.382078,0.195721,0.244101
0.846021,0.110254,0.026062,-0.519751,0.83976,0.131288,-0.197795,-0.489332,0.870024,0.381985,0.195687,0.244097
0.845993,0.110209,0.02602,-0.51981,0.839762,0.131304,-0.197837,-0.489306,0.870075,0.381898,0.195713,0.244029
0.84599,0.110194,0.026014,-0.519818,0.83976,0.131257,-0.197866,-0.489313,0.87011,0.381814,0.195743,0.244011
0.845959,0.110142,0.025969,-0.519883,0.839761,0.131178,-0.19792,-0.48931,0.870146,0.381718,0.195762,0.244017
0.845949,0.110121,0.026008,-0.519902,0.839797,0.131034,-0.197894,-0.489301,0.87015,0.381685,0.195778,0.244043
0.845929,0.11011,0.026043,-0.519933,0.839821,0.130952,-0.197873,-0.489289,0.870121,0.381781,0.195784,0.243988
0.845935,0.110112,0.026092,-0.51992,0.83985,0.130928,-0.197809,-0.489273,0.870099,0.381839,0.195788,0.243972
0.845915,0.110147,0.02617,-0.51994,0.839838,0.130987,-0.197745,-0.489302,0.870097,0.381883,0.195778,0.24392
0.845884,0.1102,0.026193,-0.519978,0.839803,0.131097,-0.19769,-0.489351,0.870096,0.381922,0.19576,0.243876
0.845855,0.110268,0.026229,-0.520008,0.839784,0.131182,-0.197641,-0.48938,0.870105,0.381946,0.195745,0.24382
0.845823,0.110293,0.026223,-0.520054,0.839789,0.131249,-0.197585,-0.489376,0.87008,0.381969,0.195766,0.243851
0.845815,0.110252,0.026279,-0.520073,0.839789,0.131263,-0.197535,-0.489392,0.870041,0.382048,0.195824,0.243824
0.845838,0.110129,0.026321,-0.520059,0.839809,0.131191,-0.197487,-0.489396,0.87002,0.382084,0.195877,0.243798
0.845835,0.110043,0.026383,-0.52008,0.839828,0.131154,-0.197475,-0.489378,0.870029,0.382045,0.195916,0.243798
0.845857,0.109962,0.026393,-0.520062,0.83981,0.131147,-0.19749,-0.489405,0.870043,0.381997,0.195909,0.24383
0.845855,0.109905,0.026337,-0.520081,0.839808,0.131122,-0.197519,-0.489404,0.870068,0.381975,0.195899,0.243781
0.845845,0.109874,0.026277,-0.520107,0.83979,0.131117,-0.197587,-0.489412,0.870123,0.381872,0.195875,0.243766
0.84583,0.109881,0.026218,-0.520133,0.839802,0.131077,-0.19761,-0.48939,0.870136,0.381852,0.195925,0.243708
0.845838,0.109806,0.026162,-0.520141,0.839821,0.130956,-0.197692,-0.48936,0.870155,0.381805,0.195937,0.243703
0.845859,0.109701,0.026129,-0.520133,0.839841,0.130891,-0.197671,-0.48935,0.870148,0.38179,0.195968,0.243727
0.84587,0.109594,0.026137,-0.520136,0.839844,0.130785,-0.197715,-0.489357,0.870187,0.381712,0.195971,0.243707
0.845889,0.109523,0.026154,-0.52012,0.839854,0.130702,-0.197733,-0.489357,0.870216,0.381678,0.195981,0.243649
0.845908,0.109504,0.026125,-0.520095,0.839857,0.13062,-0.19778,-0.489356,0.870217,0.381636,0.195993,0.243699
0.845916,0.109495,0.026024,-0.52009,0.839864,0.130576,-0.197838,-0.489335,0.870232,0.381615,0.195965,0.243704
0.845934,0.109516,0.026026,-0.520056,0.839911,0.130515,-0.19786,-0.489261,0.870229,0.381615,0.195985,0.243698
0.84595,0.109553,0.026017,-0.520023,0.839916,0.130552,-0.197856,-0.489243,0.870223,0.381578,0.196028,0.243741
0.845971,0.109585,0.026015,-0.519983,0.839908,0.130598,-0.197876,-0.489236,0.870203,0.381584,0.196047,0.24379
0.845985,0.109685,0.025979,-0.51994,0.839922,0.130645,-0.197861,-0.489206,0.870174,0.38161,0.196066,0.243838
0.845988,0.109776,0.025948,-0.519917,0.839932,0.130698,-0.197863,-0.489173,0.870148,0.381637,0.196094,0.243867
0.846011,0.109843,0.025962,-0.519864,0.83994,0.130739,-0.197892,-0.489137,0.870152,0.381613,0.196111,0.243877
0.846032,0.109809,0.025963,-0.519838,0.839952,0.130747,-0.197857,-0.489128,0.870158,0.381579,0.196108,0.24391
0.846036,0.109804,0.02594,-0.519833,0.839993,0.1307,-0.197878,-0.489062,0.870168,0.381563,0.1961,0.243905
0.846027,0.109761,0.025891,-0.51986,0.840019,0.130573,-0.197944,-0.489026,0.87016,0.381542,0.19606,0.244002
0.846065,0.10966,0.025854,-0.519822,0.840066,0.130504,-0.197967,-0.488955,0.870167,0.38149,0.196044,0.244074
0.846091,0.109643,0.025813,-0.519788,0.840063,0.130518,-0.198037,-0.488929,0.870159,0.381481,0.196013,0.244144
0.846133,0.109636,0.025732,-0.519725,0.84008,0.130479,-0.198092,-0.488888,0.870133,0.381488,0.196008,0.244229
0.846189,0.109635,0.025673,-0.519638,0.840098,0.130573,-0.198163,-0.488803,0.870135,0.381449,0.195976,0.244311
0.846244,0.109653,0.025595,-0.51955,0.840109,0.130681,-0.198197,-0.488741,0.870116,0.38145,0.195978,0.244376
0.846263,0.109721,0.025568,-0.519505,0.840112,0.130784,-0.198264,-0.488681,0.87008,0.381506,0.19596,0.244432
0.846293,0.109733,0.025527,-0.519455,0.840148,0.130861,-0.198275,-0.488592,0.870069,0.381511,0.195958,0.244466
0.846327,0.109738,0.025515,-0.519399,0.840176,0.130858,-0.1983,-0.488535,0.870048,0.381535,0.195966,0.244496
0.846383,0.109679,0.025547,-0.519319,0.840216,0.130808,-0.198269,-0.488493,0.870022,0.381556,0.195984,0.244546
0.846407,0.10962,0.025568,-0.519292,0.840249,0.130814,-0.198227,-0.48845,0.869992,0.381584,0.195957,0.244626
0.846447,0.10957,0.025547,-0.51924,0.840274,0.130778,-0.198224,-0.488421,0.869991,0.381595,0.195918,0.244645
0.846456,0.10957,0.025579,-0.519223,0.840279,0.130717,-0.198253,-0.488418,0.870016,0.381531,0.195901,0.244673
0.846439,0.109596,0.025561,-0.519246,0.840291,0.130694,-0.198316,-0.488379,0.870008,0.381519,0.19593,0.244698
0.846425,0.109608,0.025538,-0.519269,0.840281,0.130731,-0.198346,-0.488372,0.870005,0.381493,0.195937,0.244744
0.846436,0.109586,0.02551,-0.519256,0.840276,0.130675,-0.198375,-0.488384,0.870012,0.381449,0.19596,0.244766
0.846443,0.10953,0.025502,-0.519259,0.840279,0.13068,-0.19841,-0.488363,0.870045,0.381394,0.195957,0.244739
0.846464,0.109481,0.025505,-0.519234,0.840303,0.130615,-0.198444,-0.488328,0.870066,0.381324,0.19602,0.24472
0.846479,0.10935,0.025499,-0.519238,0.840316,0.130551,-0.198509,-0.488298,0.870105,0.38123,0.196061,0.244699
0.846459,0.109309,0.025465,-0.519282,0.840325,0.130383,-0.198559,-0.488309,0.870134,0.381133,0.196128,0.244689
0.846449,0.109236,0.025409,-0.519318,0.840341,0.130272,-0.198587,-0.488301,0.870148,0.381091,0.196156,0.244683
0.846486,0.109187,0.025368,-0.51927,0.840357,0.130147,-0.198579,-0.48831,0.870163,0.38103,0.196229,0.244669
0.846475,0.109122,0.025359,-0.519303,0.840377,0.130074,-0.198584,-0.488295,0.870171,0.380981,0.196294,0.24466
0.846468,0.10909,0.025352,-0.519322,0.840393,0.129994,-0.198569,-0.488293,0.8702,0.380915,0.196301,0.244654
0.846462,0.109034,0.025335,-0.519346,0.840423,0.129941,-0.198554,-0.488263,0.870221,0.38085,0.196347,0.244645
0.846469,0.108952,0.025311,-0.519354,0.840414,0.129889,-0.198602,-0.488275,0.870251,0.380805,0.196398,0.244568
0.846434,0.108916,0.025234,-0.519423,0.840414,0.129854,-0.198635,-0.488271,0.870268,0.380752,0.196407,0.244583
0.846424,0.108884,0.025128,-0.519453,0.840419,0.12981,-0.198658,-0.488267,0.870303,0.380683,0.196443,0.244535
0.84641,0.10876,0.025079,-0.519506,0.840404,0.129713,-0.198754,-0.48828,0.870329,0.380656,0.196435,0.244491
0.846409,0.108624,0.025003,-0.519541,0.840399,0.129572,-0.198815,-0.488303,0.870369,0.380581,0.196441,0.244456
0.846423,0.108441,0.02498,-0.519559,0.840402,0.12936,-0.198861,-0.488337,0.870413,0.38046,0.196482,0.244457
0.846451,0.108255,0.024946,-0.519555,0.840386,0.129235,-0.198956,-0.488363,0.870462,0.380326,0.196491,0.244481
0.846479,0.108042,0.024926,-0.519558,0.840376,0.129161,-0.199043,-0.488365,0.870504,0.380251,0.196471,0.244463
0.846483,0.107953,0.024797,-0.519577,0.840391,0.129083,-0.19913,-0.488326,0.870558,0.380118,0.196465,0.244482
0.846508,0.107896,0.024673,-0.519557,0.8404,0.129089,-0.199241,-0.488264,0.870579,0.380032,0.196507,0.244508
0.846515,0.107836,0.024617,-0.519562,0.840415,0.129087,-0.199328,-0.488202,0.870624,0.379942,0.196485,0.244507
0.84652,0.107748,0.024619,-0.519573,0.840466,0.128941,-0.199356,-0.488145,0.870634,0.379908,0.196495,0.244515
0.846554,0.10762,0.024626,-0.519544,0.840488,0.128781,-0.19934,-0.488158,0.870637,0.379838,0.196568,0.244555
0.846587,0.107495,0.024653,-0.519515,0.840532,0.12869,-0.199278,-0.488133,0.870616,0.37986,0.196629,0.244547
0.8466,0.107463,0.024681,-0.5195,0.840555,0.1287,-0.199281,-0.488087,0.870564,0.379924,0.196701,0.244576
0.846617,0.107502,0.024645,-0.519466,0.840578,0.128745,-0.199267,-0.488041,0.870524,0.379959,0.196732,0.244641
0.846613,0.107546,0.024636,-0.519463,0.840588,0.128796,-0.199285,-0.488002,0.870547,0.379906,0.196762,0.244619
0.846605,0.107605,0.024576,-0.519467,0.840588,0.128783,-0.199272,-0.488011,0.870527,0.379916,0.196781,0.244656
0.846592,0.107638,0.024561,-0.519484,0.840594,0.128814,-0.199304,-0.48798,0.870533,0.379906,0.196788,0.244643
0.846595,0.107707,0.024523,-0.519465,0.840602,0.128798,-0.199348,-0.487952,0.870535,0.379898,0.196803,0.244637
0.846588,0.107704,0.024493,-0.51948,0.840596,0.128761,-0.199401,-0.487953,0.870558,0.379822,0.196837,0.244647
0.846597,0.10769,0.024447,-0.519471,0.840588,0.128743,-0.199457,-0.487948,0.870572,0.379747,0.196863,0.244696
0.846605,0.107646,0.024447,-0.519465,0.840588,0.128728,-0.199527,-0.487925,0.870575,0.37973,0.196841,0.244725
0.846604,0.107711,0.024392,-0.519456,0.84059,0.128693,-0.199552,-0.487921,0.870603,0.379661,0.196832,0.244741
0.846592,0.107739,0.024412,-0.519469,0.840573,0.128682,-0.199593,-0.487937,0.870608,0.379615,0.19682,0.244808
0.8466,0.107747,0.024425,-0.519454,0.840573,0.128727,-0.199596,-0.487924,0.870564,0.379685,0.196785,0.244881
0.846635,0.107777,0.024407,-0.519392,0.840581,0.128842,-0.199604,-0.487874,0.870513,0.379793,0.196769,0.244909
0.84664,0.107844,0.024397,-0.51937,0.840577,0.128949,-0.1996,-0.487855,0.870458,0.37986,0.196809,0.244973
0.846684,0.107893,0.024386,-0.519286,0.840608,0.129033,-0.199607,-0.487775,0.870379,0.379977,0.196894,0.245004
0.846721,0.107928,0.024352,-0.519221,0.840664,0.129081,-0.199589,-0.487671,0.870332,0.380008,0.196968,0.245064
0.846776,0.107946,0.024398,-0.519127,0.840698,0.129088,-0.199547,-0.48763,0.870301,0.380077,0.196955,0.245079
0.846818,0.107861,0.024386,-0.519077,0.840715,0.12906,-0.199541,-0.487609,0.870265,0.380112,0.197006,0.245115
0.846844,0.107842,0.024405,-0.519037,0.84076,0.12901,-0.199534,-0.487547,0.870273,0.380066,0.197015,0.245148
0.846883,0.107753,0.024401,-0.518992,0.840811,0.128994,-0.199496,-0.487481,0.870283,0.379988,0.19705,0.245209
0.846911,0.107671,0.024449,-0.518962,0.840844,0.129009,-0.199495,-0.487419,0.87032,0.37992,0.197046,0.245185
0.846939,0.107634,0.024464,-0.518924,0.840848,0.12902,-0.199527,-0.487395,0.870342,0.379888,0.197057,0.245146
0.846942,0.107669,0.024429,-0.518913,0.840872,0.129033,-0.19953,-0.48735,0.87035,0.379871,0.197035,0.245163
0.846945,0.107635,0.024445,-0.518915,0.840881,0.12901,-0.199559,-0.487328,0.870339,0.379867,0.197069,0.245181
0.846942,0.107592,0.024484,-0.518927,0.840884,0.128954,-0.199563,-0.487338,0.87033,0.379861,0.197067,0.245225
0.84694,0.107574,0.024513,-0.518932,0.840901,0.128933,-0.19955,-0.487318,0.870347,0.3798,0.197105,0.245229
0.846938,0.107569,0.024589,-0.518932,0.840885,0.128832,-0.199562,-0.48737,0.870348,0.379767,0.197119,0.245264
0.846938,0.107588,0.024639,-0.518925,0.840853,0.128823,-0.199559,-0.487428,0.870315,0.379788,0.197167,0.245311
0.846906,0.107567,0.02468,-0.518979,0.840813,0.128851,-0.199572,-0.487484,0.870302,0.37983,0.197174,0.245287
0.846905,0.107535,0.024745,-0.518985,0.840783,0.128883,-0.199558,-0.487534,0.870302,0.379841,0.197152,0.245287
0.846909,0.107562,0.024761,-0.51897,0.840738,0.128982,-0.199591,-0.487571,0.870274,0.379898,0.197227,0.24524
0.846898,0.107621,0.024785,-0.518975,0.840719,0.129041,-0.199529,-0.487612,0.870224,0.379988,0.197268,0.245241
0.846896,0.107665,0.024773,-0.518968,0.840728,0.129144,-0.199477,-0.487589,0.870212,0.380027,0.197299,0.245199
0.846896,0.107739,0.024773,-0.518954,0.840735,0.129197,-0.199493,-0.487556,0.870218,0.380027,0.197295,0.245181
0.846901,0.107709,0.024821,-0.518948,0.840725,0.129249,-0.199456,-0.487575,0.870239,0.37992,0.197378,0.245206
0.84691,0.107711,0.024814,-0.518934,0.840758,0.129222,-0.199385,-0.487552,0.870264,0.379854,0.197395,0.245206
0.846901,0.107649,0.024857,-0.518961,0.840801,0.129079,-0.199288,-0.487556,0.870253,0.379877,0.1974,0.245204
0.846917,0.1076,0.024943,-0.518939,0.840835,0.129045,-0.199208,-0.487539,0.870255,0.379856,0.197408,0.245225
0.846919,0.107543,0.025022,-0.518945,0.84087,0.12902,-0.199092,-0.487531,0.87022,0.379892,0.19746,0.24525
0.846932,0.107528,0.025082,-0.518923,0.840904,0.129011,-0.199022,-0.487504,0.870203,0.37988,0.197507,0.245292
0.84696,0.107554,0.025125,-0.518868,0.840936,0.129015,-0.198926,-0.487485,0.870177,0.379897,0.197549,0.245326
0.846971,0.107603,0.025161,-0.518838,0.840971,0.129041,-0.198838,-0.48745,0.870154,0.379921,0.197569,0.245356
0.846976,0.107696,0.025213,-0.518807,0.840994,0.129073,-0.198812,-0.487414,0.87014,0.379933,0.197594,0.245369
0.846963,0.107759,0.025266,-0.51881,0.840997,0.129117,-0.198771,-0.487412,0.870096,0.379991,0.197613,0.24542
0.846956,0.107799,0.025289,-0.518812,0.840985,0.129191,-0.198738,-0.487427,0.870072,0.380027,0.197624,0.245437
0.84694,0.107808,0.025352,-0.518833,0.840986,0.129261,-0.198666,-0.487435,0.870051,0.380046,0.197634,0.245477
0.846945,0.107757,0.025476,-0.518829,0.840994,0.129325,-0.198588,-0.487434,0.87002,0.380105,0.197634,0.245495
0.846936,0.107797,0.025535,-0.518832,0.840972,0.129337,-0.198542,-0.487488,0.869995,0.380129,0.197648,0.245539
0.846917,0.107839,0.025601,-0.518849,0.840938,0.12935,-0.19852,-0.487552,0.870028,0.380085,0.1976,0.245528
0.846902,0.107799,0.025683,-0.518877,0.840913,0.129343,-0.198551,-0.487582,0.870052,0.380057,0.197561,0.245516
0.846885,0.107825,0.025694,-0.518897,0.8409,0.129333,-0.198549,-0.48761,0.870034,0.380087,0.197569,0.245529
0.84687,0.107888,0.025677,-0.518909,0.840874,0.129458,-0.198587,-0.487605,0.869992,0.380158,0.197561,0.245575
0.846885,0.107999,0.025665,-0.518863,0.840877,0.129555,-0.198588,-0.487572,0.869931,0.38026,0.19758,0.245618
0.846895,0.108053,0.025666,-0.518833,0.840869,0.12956,-0.19856,-0.487597,0.869909,0.380289,0.197582,0.245651
0.846908,0.108053,0.025703,-0.518811,0.840879,0.129583,-0.198566,-0.48757,0.869909,0.380295,0.197588,0.245635
0.846904,0.108043,0.025736,-0.518817,0.840896,0.129629,-0.198604,-0.487511,0.869884,0.38031,0.197602,0.245693
0.846884,0.108056,0.025724,-0.518848,0.840879,0.129627,-0.19861,-0.48754,0.869903,0.380287,0.197593,0.245668
0.846869,0.10805,0.025679,-0.518877,0.840869,0.12959,-0.198638,-0.487557,0.869895,0.380297,0.197589,0.245683
0.846858,0.108043,0.02569,-0.518896,0.84086,0.129608,-0.198613,-0.487578,0.869884,0.380341,0.197561,0.245675
0.846819,0.108082,0.025676,-0.518952,0.840877,0.129588,-0.198588,-0.487564,0.869899,0.380313,0.197574,0.245653
0.846783,0.108134,0.025607,-0.519002,0.840857,0.129529,-0.198574,-0.487621,0.869946,0.380234,0.197567,0.245615
0.846759,0.108147,0.025568,-0.519041,0.840832,0.129509,-0.198571,-0.48767,0.869979,0.380229,0.197541,0.245525
0.846731,0.108138,0.025624,-0.519086,0.840808,0.129456,-0.19858,-0.487723,0.86999,0.380248,0.197537,0.245456
0.846697,0.108085,0.025651,-0.51915,0.840761,0.129374,-0.198577,-0.487827,0.87,0.380251,0.197508,0.245444
0.846664,0.108072,0.025705,-0.519203,0.840745,0.129318,-0.198535,-0.487887,0.870006,0.380292,0.197518,0.245349
0.846584,0.10808,0.02572,-0.519332,0.840696,0.129271,-0.198526,-0.487989,0.870031,0.380277,0.197495,0.245303
0.846521,0.108136,0.025776,-0.519418,0.840633,0.129267,-0.198474,-0.488119,0.870055,0.380283,0.197503,0.245199
0.846454,0.108143,0.025852,-0.519521,0.840586,0.129251,-0.198395,-0.488235,0.870043,0.380327,0.197493,0.245177
0.846387,0.108227,0.025869,-0.519611,0.840545,0.129315,-0.198341,-0.488309,0.870045,0.380344,0.197527,0.245118
0.846361,0.108226,0.025904,-0.519651,0.840525,0.129287,-0.198355,-0.488346,0.870028,0.380406,0.197504,0.245103
0.846347,0.108167,0.025929,-0.519686,0.840479,0.129257,-0.198312,-0.48845,0.870046,0.380395,0.197492,0.245062
0.846327,0.108209,0.025992,-0.519705,0.840451,0.129234,-0.198226,-0.48854,0.870078,0.380343,0.197473,0.245045
0.846287,0.108216,0.026006,-0.519767,0.840473,0.129188,-0.198146,-0.488545,0.870067,0.380376,0.197454,0.245046
0.84626,0.108236,0.026016,-0.519807,0.840449,0.129228,-0.198126,-0.488584,0.870063,0.380391,0.197456,0.245038
0.846256,0.1083,0.026052,-0.519798,0.840415,0.129277,-0.198081,-0.488647,0.870064,0.380407,0.197491,0.244975
0.846224,0.108382,0.026087,-0.51983,0.840377,0.129359,-0.198044,-0.488704,0.870033,0.380483,0.197486,0.244976
0.846183,0.10843,0.02609,-0.519886,0.840343,0.129355,-0.198007,-0.488779,0.870025,0.380508,0.197431,0.245007
0.846151,0.108411,0.026182,-0.519936,0.84031,0.129347,-0.197991,-0.488843,0.870009,0.380571,0.197375,0.245012
0.846131,0.108447,0.026169,-0.519961,0.84027,0.129358,-0.197979,-0.488914,0.870015,0.380611,0.197316,0.244977
0.84608,0.108486,0.02616,-0.520035,0.840214,0.129458,-0.198008,-0.488973,0.870033,0.380605,0.197255,0.244972
0.846059,0.108518,0.026149,-0.520065,0.840183,0.129505,-0.198025,-0.489005,0.87003,0.380634,0.197207,0.244977
0.846015,0.108649,0.02612,-0.520107,0.84015,0.12956,-0.198078,-0.489025,0.870016,0.380677,0.197183,0.244979
0.84599,0.108654,0.026115,-0.520149,0.840155,0.129577,-0.198096,-0.489007,0.870033,0.380677,0.197131,0.244961
0.845993,0.108618,0.026071,-0.520153,0.840166,0.129575,-0.198123,-0.488977,0.870027,0.380686,0.197117,0.244981
0.845997,0.108575,0.026132,-0.520153,0.840176,0.129478,-0.198119,-0.488987,0.870005,0.380724,0.197102,0.24501
0.846011,0.108517,0.026219,-0.520139,0.840172,0.129427,-0.198062,-0.489032,0.869975,0.380818,0.197036,0.245026
0.846002,0.108613,0.026257,-0.520129,0.840164,0.129522,-0.198015,-0.489037,0.869936,0.38089,0.197053,0.245037
0.845949,0.108814,0.026271,-0.520171,0.840143,0.12972,-0.197934,-0.48905,0.869917,0.380924,0.197063,0.245047
0.845946,0.108987,0.026236,-0.520141,0.840109,0.129865,-0.197888,-0.489088,0.86991,0.38091,0.197044,0.245107
0.845937,0.109117,0.02622,-0.520126,0.840088,0.13,-0.197852,-0.489101,0.869864,0.381017,0.197002,0.245139
0.845947,0.109218,0.026287,-0.520084,0.840107,0.130039,-0.197767,-0.489091,0.86982,0.381084,0.197006,0.245191
0.845967,0.109227,0.02637,-0.520047,0.840139,0.130034,-0.19762,-0.489094,0.869793,0.381109,0.197031,0.245225
0.845986,0.109249,0.026475,-0.520003,0.840159,0.130052,-0.197528,-0.489092,0.869742,0.381204,0.197057,0.24524
0.84601,0.109235,0.026517,-0.519965,0.840157,0.130107,-0.197471,-0.489103,0.869692,0.381264,0.19713,0.245268
0.845985,0.109291,0.026506,-0.519995,0.840114,0.130126,-0.197447,-0.489182,0.869692,0.381247,0.197139,0.245282
0.845962,0.109313,0.026514,-0.520025,0.840078,0.130198,-0.197489,-0.489208,0.869687,0.381271,0.197118,0.245283
0.84595,0.109349,0.02651,-0.520037,0.840039,0.130221,-0.19747,-0.489274,0.869701,0.381228,0.197081,0.245327
0.845957,0.109341,0.026542,-0.520025,0.840049,0.130189,-0.19748,-0.489263,0.869722,0.381188,0.197049,0.245345
0.84597,0.109257,0.02658,-0.52002,0.840061,0.130096,-0.197455,-0.489278,0.869731,0.381154,0.197045,0.245369
0.845977,0.1092,0.026643,-0.520019,0.840058,0.130045,-0.197463,-0.489292,0.869744,0.381096,0.19701,0.24544
0.845967,0.109109,0.026689,-0.520051,0.840073,0.130035,-0.197439,-0.48928,0.86971,0.38115,0.19701,0.245477
0.84595,0.109048,0.02674,-0.520088,0.840061,0.130012,-0.197454,-0.489303,0.869704,0.38118,0.196995,0.245463
0.845934,0.108995,0.026768,-0.520127,0.840067,0.130053,-0.19743,-0.489289,0.869721,0.381145,0.196997,0.245455
0.845928,0.109003,0.026763,-0.520134,0.840064,0.13009,-0.197432,-0.489285,0.869691,0.381206,0.197014,0.245455
0.845941,0.109047,0.026745,-0.520102,0.840051,0.130094,-0.197421,-0.489309,0.86966,0.381273,0.197039,0.245437
0.845934,0.109133,0.02672,-0.520098,0.840042,0.130158,-0.197365,-0.489329,0.86964,0.3813,0.197098,0.245422
0.845937,0.109204,0.026758,-0.520075,0.840072,0.130142,-0.197337,-0.489293,0.869655,0.38128,0.197105,0.245394
0.845959,0.109179,0.026771,-0.520045,0.840102,0.130089,-0.197295,-0.489272,0.869663,0.381261,0.197109,0.245391
0.845973,0.109181,0.026818,-0.520018,0.840109,0.130084,-0.197306,-0.489257,0.869674,0.381252,0.197097,0.245377
0.845987,0.109176,0.026825,-0.519996,0.840101,0.130052,-0.197278,-0.489289,0.869683,0.381259,0.197122,0.245313
0.845947,0.109229,0.026819,-0.520049,0.84008,0.130017,-0.197248,-0.489349,0.869706,0.381212,0.197172,0.245261
0.84594,0.10932,0.026827,-0.520042,0.840065,0.13002,-0.197207,-0.48939,0.869728,0.381167,0.197169,0.245259
0.845897,0.10936,0.026833,-0.520101,0.840075,0.129985,-0.197163,-0.489399,0.869734,0.381177,0.197154,0.245233
0.845855,0.109435,0.026818,-0.520153,0.840074,0.129942,-0.197097,-0.489438,0.869756,0.381182,0.197108,0.245183
0.845801,0.109433,0.026888,-0.520237,0.840051,0.129902,-0.197027,-0.489516,0.869738,0.381251,0.197114,0.245134
0.845765,0.109439,0.026964,-0.52029,0.840068,0.129892,-0.19694,-0.489523,0.869701,0.381311,0.197107,0.245176
0.8457,0.109469,0.027014,-0.520385,0.840049,0.129894,-0.196851,-0.489591,0.869691,0.381375,0.197076,0.245138
0.845657,0.109558,0.027049,-0.520434,0.840013,0.129952,-0.196855,-0.489636,0.869667,0.381456,0.19703,0.245134
0.845589,0.109716,0.02705,-0.520509,0.839992,0.129989,-0.196824,-0.489673,0.869642,0.381526,0.197054,0.245095
0.845572,0.109846,0.027103,-0.520506,0.839956,0.130057,-0.196833,-0.489712,0.869614,0.381575,0.1971,0.245081
0.845546,0.109956,0.027104,-0.520522,0.839934,0.130153,-0.196772,-0.489748,0.8696,0.381593,0.197088,0.245115
0.845512,0.110046,0.027162,-0.520555,0.839894,0.130204,-0.196669,-0.489843,0.869555,0.381699,0.197082,0.245108
0.845492,0.1101,0.027215,-0.520572,0.839866,0.130309,-0.196623,-0.489881,0.86953,0.381769,0.197068,0.245101
0.845471,0.110128,0.027243,-0.520598,0.839817,0.130425,-0.196608,-0.489939,0.869479,0.381839,0.197063,0.245179
0.845455,0.110203,0.027254,-0.520606,0.839789,0.130489,-0.196618,-0.489966,0.869463,0.381894,0.196983,0.245213
0.845455,0.110205,0.027274,-0.520605,0.839789,0.1305,-0.196614,-0.489964,0.86945,0.381888,0.19697,0.245282
0.845465,0.110237,0.027305,-0.52058,0.839773,0.130541,-0.196576,-0.489995,0.869436,0.381873,0.196976,0.245352
0.845443,0.110286,0.027312,-0.520604,0.839778,0.130541,-0.196541,-0.49,0.869405,0.381903,0.19696,0.245432
0.845449,0.110211,0.027367,-0.520607,0.839796,0.130515,-0.196534,-0.489979,0.869402,0.381904,0.196974,0.245428
0.845444,0.110192,0.027391,-0.520617,0.839797,0.130501,-0.196557,-0.489971,0.869408,0.381921,0.196907,0.245435
0.845469,0.110225,0.027425,-0.520569,0.839766,0.130556,-0.196596,-0.489995,0.869381,0.381938,0.196962,0.245463
0.845488,0.110254,0.027468,-0.520529,0.839783,0.130592,-0.196587,-0.489958,0.869363,0.381929,0.196984,0.245524
0.845471,0.110264,0.027438,-0.520557,0.839774,0.130674,-0.196589,-0.489952,0.869352,0.381938,0.196997,0.245536
0.84547,0.110283,0.027456,-0.520553,0.839776,0.1307,-0.196559,-0.489952,0.869347,0.381926,0.19701,0.245558
0.845482,0.110283,0.0275,-0.520531,0.839791,0.130722,-0.196494,-0.489947,0.869376,0.381858,0.196989,0.245582
0.845467,0.110321,0.027552,-0.520542,0.839801,0.130703,-0.196508,-0.489929,0.869336,0.381919,0.196982,0.245636
0.845471,0.110331,0.027566,-0.520534,0.839825,0.130657,-0.196455,-0.489922,0.869307,0.38196,0.196996,0.245664
0.845461,0.110367,0.027574,-0.52054,0.839834,0.130745,-0.196474,-0.489874,0.869318,0.381923,0.196993,0.245686
0.845458,0.110371,0.027558,-0.520548,0.83982,0.13076,-0.196495,-0.489884,0.869338,0.381856,0.197012,0.245704
0.845447,0.11034,0.027553,-0.520571,0.839791,0.130786,-0.196555,-0.489904,0.869336,0.381831,0.197024,0.245741
0.845439,0.110328,0.027582,-0.520585,0.8398,0.130777,-0.196596,-0.489873,0.869358,0.381784,0.196992,0.245761
0.845476,0.110286,0.027563,-0.520535,0.839837,0.1307,-0.196586,-0.489837,0.869357,0.381732,0.197046,0.2458
0.845508,0.110269,0.027569,-0.520486,0.83987,0.130614,-0.196587,-0.489803,0.869391,0.381673,0.197061,0.245762
0.845513,0.110228,0.027575,-0.520488,0.839901,0.130543,-0.196577,-0.489775,0.86942,0.381626,0.197026,0.24576
0.845548,0.110219,0.027509,-0.520437,0.839924,0.130552,-0.196539,-0.489747,0.869416,0.381606,0.197042,0.245791
0.845575,0.110255,0.027525,-0.520384,0.839953,0.130571,-0.196573,-0.48968,0.869432,0.381545,0.197062,0.245815
0.845565,0.110294,0.027542,-0.52039,0.839953,0.130556,-0.196568,-0.489685,0.869436,0.381543,0.197071,0.245795
0.845586,0.110284,0.027561,-0.520357,0.839973,0.130561,-0.196556,-0.489654,0.869451,0.381503,0.197057,0.245814
0.845597,0.110329,0.027583,-0.520327,0.839978,0.130563,-0.196502,-0.489666,0.869445,0.381485,0.19712,0.245812
0.845604,0.110345,0.027622,-0.52031,0.839996,0.130566,-0.196448,-0.489655,0.869426,0.381504,0.197153,0.24583
0.845614,0.110312,0.027669,-0.520299,0.839993,0.13059,-0.196407,-0.489671,0.86944,0.381464,0.197166,0.245828
0.845616,0.110279,0.027723,-0.520299,0.840012,0.13059,-0.19636,-0.489655,0.869427,0.38146,0.197201,0.245857
0.845611,0.11027,0.027819,-0.520303,0.840044,0.130563,-0.196332,-0.489618,0.869394,0.38151,0.19724,0.245863
0.845604,0.110238,0.027905,-0.520316,0.840043,0.13054,-0.196306,-0.489636,0.869384,0.381509,0.197247,0.245894
0.845603,0.110246,0.027933,-0.520313,0.839991,0.130609,-0.196304,-0.489707,0.869391,0.381463,0.197227,0.245957
0.845565,0.110316,0.027958,-0.52036,0.839943,0.130702,-0.196322,-0.489757,0.869375,0.381498,0.197176,0.246003
