0.918923,0.026721,0.057928,-0.388796,0.900062,0.052567,-0.02999,-0.431035,0.746378,0.359723,0.242062,0.485085
0.918961,0.026314,0.05807,-0.388721,0.9001,0.052381,-0.029893,-0.430986,0.746338,0.359758,0.242119,0.485091
0.919025,0.026,0.058113,-0.388588,0.900122,0.052338,-0.029853,-0.430948,0.7463,0.359745,0.242199,0.48512
0.919115,0.02581,0.058069,-0.388397,0.900133,0.05244,-0.029812,-0.430913,0.74626,0.359787,0.242218,0.485139
0.919157,0.025796,0.058049,-0.3883,0.900168,0.052482,-0.02974,-0.43084,0.746254,0.359753,0.242234,0.485166
0.919142,0.026001,0.058035,-0.38832,0.90021,0.05252,-0.029676,-0.43075,0.746253,0.359717,0.24219,0.485218
0.919112,0.026269,0.058006,-0.388375,0.900267,0.052516,-0.029629,-0.430636,0.74624,0.359718,0.242092,0.485285
0.91908,0.026408,0.058083,-0.38843,0.900288,0.052511,-0.029688,-0.430587,0.74624,0.359749,0.242042,0.485285
0.919073,0.026332,0.05816,-0.388439,0.900307,0.052469,-0.029835,-0.430542,0.746237,0.35975,0.242069,0.485275
0.91908,0.026162,0.058266,-0.388421,0.900321,0.052426,-0.03005,-0.430504,0.746244,0.359674,0.242085,0.485315
0.919078,0.025995,0.058337,-0.388429,0.900344,0.0523,-0.030185,-0.430462,0.746219,0.359622,0.242131,0.485372
0.919075,0.025803,0.058386,-0.388442,0.900344,0.052199,-0.030319,-0.430467,0.746221,0.359533,0.242218,0.485395
0.919086,0.025588,0.058394,-0.388433,0.900313,0.052146,-0.030395,-0.430533,0.746218,0.359501,0.242365,0.485351
0.91911,0.025395,0.05839,-0.388396,0.900267,0.052209,-0.030538,-0.430613,0.746193,0.359532,0.242498,0.4853
0.919148,0.025357,0.058271,-0.388326,0.900265,0.052227,-0.03061,-0.430608,0.746245,0.359437,0.242605,0.485243
0.919141,0.025381,0.058226,-0.388348,0.900265,0.052267,-0.030586,-0.430607,0.746271,0.359357,0.242675,0.48523
0.9191,0.025513,0.058223,-0.388432,0.900297,0.052139,-0.030526,-0.43056,0.746334,0.359226,0.242647,0.485251
0.919085,0.025601,0.058242,-0.388457,0.900334,0.051894,-0.030385,-0.430525,0.746446,0.359087,0.242575,0.485223
0.919062,0.025522,0.058365,-0.388502,0.90036,0.051667,-0.030273,-0.430508,0.746518,0.358985,0.242546,0.485206
0.919072,0.025323,0.058525,-0.38847,0.900337,0.051629,-0.030338,-0.430557,0.746542,0.358981,0.242569,0.485163
0.91911,0.025076,0.058601,-0.388389,0.900301,0.051817,-0.030574,-0.430591,0.746573,0.358951,0.242665,0.485092
0.919135,0.025036,0.058692,-0.388319,0.900261,0.052049,-0.030795,-0.430629,0.746499,0.359054,0.242757,0.485078
0.919116,0.025113,0.058723,-0.388351,0.900232,0.052266,-0.03086,-0.430656,0.746438,0.359124,0.242893,0.485049
0.919089,0.025376,0.0587,-0.388398,0.900234,0.052304,-0.030623,-0.430664,0.746423,0.359184,0.24295,0.484997
0.919055,0.025578,0.058742,-0.388456,0.900259,0.052248,-0.03024,-0.430646,0.746415,0.359217,0.243,0.484959
0.919001,0.025674,0.058814,-0.388565,0.900254,0.052058,-0.029825,-0.43071,0.746415,0.359293,0.242919,0.48494
0.918954,0.02569,0.058921,-0.388658,0.900207,0.051855,-0.02954,-0.430856,0.746442,0.359339,0.242797,0.484924
0.91892,0.025597,0.059093,-0.38872,0.900155,0.051888,-0.029568,-0.430958,0.746507,0.359363,0.242676,0.484866
0.918892,0.025452,0.059233,-0.388776,0.900095,0.051982,-0.029657,-0.431065,0.746542,0.359398,0.24263,0.484807
0.918869,0.025389,0.059315,-0.388824,0.900019,0.052065,-0.029782,-0.431203,0.746621,0.359345,0.242581,0.484753
0.918879,0.025303,0.059368,-0.3888,0.899977,0.05205,-0.029736,-0.431298,0.74664,0.359348,0.242515,0.484754
0.918845,0.02534,0.059338,-0.388881,0.899968,0.051966,-0.029551,-0.431338,0.746626,0.359401,0.242491,0.484747
0.918808,0.025335,0.059317,-0.388972,0.899976,0.051801,-0.029407,-0.431355,0.746608,0.359489,0.242445,0.484728
0.918788,0.025297,0.059312,-0.389024,0.899978,0.051723,-0.029349,-0.431366,0.746592,0.359505,0.24247,0.484729
0.918781,0.025269,0.059217,-0.389058,0.89996,0.051719,-0.029443,-0.431396,0.746572,0.359571,0.242471,0.484706
0.918776,0.025218,0.059136,-0.389084,0.899949,0.051758,-0.029538,-0.431409,0.746568,0.359565,0.242457,0.484724
0.918771,0.025363,0.059029,-0.389104,0.899893,0.051894,-0.029759,-0.431492,0.746585,0.359591,0.242413,0.484702
0.918718,0.025585,0.058983,-0.389216,0.899845,0.051966,-0.029925,-0.43157,0.746581,0.35965,0.242329,0.484702
0.918661,0.025761,0.058889,-0.389352,0.899809,0.052036,-0.030037,-0.43163,0.746646,0.359627,0.242201,0.484683
0.918615,0.025887,0.058789,-0.389464,0.899786,0.052059,-0.030107,-0.431671,0.74667,0.359628,0.242114,0.48469
0.918608,0.025895,0.058738,-0.38949,0.899799,0.052037,-0.030123,-0.431646,0.746649,0.359666,0.24207,0.484714
0.918639,0.025833,0.058693,-0.389427,0.899793,0.052064,-0.030044,-0.43166,0.746615,0.359726,0.242021,0.484743
0.918695,0.025682,0.058624,-0.389316,0.899785,0.052126,-0.029963,-0.431673,0.746628,0.359779,0.241934,0.484726
0.918749,0.025578,0.058604,-0.389202,0.899794,0.052125,-0.029877,-0.431663,0.746667,0.35979,0.241795,0.484725
0.918765,0.025719,0.058504,-0.389169,0.899794,0.052133,-0.029909,-0.431658,0.746707,0.35976,0.241657,0.484755
0.918748,0.0259,0.058455,-0.389201,0.899809,0.052206,-0.030066,-0.431607,0.746725,0.359772,0.241541,0.484776
0.918734,0.02609,0.058465,-0.389217,0.899818,0.052309,-0.030302,-0.431557,0.746762,0.359705,0.241398,0.484842
0.918737,0.02614,0.058472,-0.389205,0.89984,0.052487,-0.030531,-0.431469,0.746775,0.359684,0.24128,0.484898
0.918736,0.026196,0.058466,-0.389201,0.899855,0.052615,-0.03067,-0.431414,0.74672,0.359746,0.241282,0.484931
0.918738,0.026236,0.05838,-0.389208,0.899854,0.052613,-0.030638,-0.431419,0.746667,0.359817,0.241359,0.484919
0.918779,0.026172,0.058356,-0.389119,0.899852,0.052471,-0.030445,-0.431455,0.746639,0.359852,0.241426,0.484901
0.918807,0.026083,0.058302,-0.389067,0.899827,0.052317,-0.030309,-0.431536,0.746659,0.359837,0.241457,0.484869
0.918808,0.026023,0.058353,-0.389063,0.899809,0.052284,-0.030195,-0.431586,0.746678,0.359813,0.241403,0.484884
0.918781,0.026009,0.058406,-0.389119,0.899776,0.052382,-0.030202,-0.431643,0.746759,0.359761,0.241294,0.484856
0.918728,0.026081,0.058483,-0.389228,0.899759,0.052515,-0.030259,-0.431657,0.746782,0.359773,0.241226,0.484844
0.918685,0.02626,0.058515,-0.38931,0.899751,0.052568,-0.030322,-0.431662,0.746749,0.359894,0.241258,0.484783
0.918635,0.026442,0.05857,-0.389406,0.899735,0.052595,-0.030321,-0.431691,0.746685,0.360002,0.241331,0.484763
0.918595,0.02652,0.058648,-0.389481,0.899752,0.052458,-0.030192,-0.431683,0.746639,0.360134,0.241413,0.484688
0.918574,0.02655,0.058817,-0.389501,0.899784,0.052291,-0.029935,-0.431654,0.746589,0.360185,0.241541,0.484662
0.918584,0.026409,0.058959,-0.389468,0.899798,0.052136,-0.029669,-0.431666,0.74654,0.360264,0.241597,0.484648
0.918591,0.026335,0.059061,-0.38944,0.899819,0.052138,-0.029439,-0.431636,0.746481,0.360328,0.241635,0.484669
0.918603,0.026241,0.059098,-0.389416,0.899805,0.052254,-0.029462,-0.43165,0.746478,0.360351,0.241592,0.484678
0.918603,0.026265,0.05906,-0.389419,0.899723,0.052611,-0.029651,-0.43176,0.746513,0.36035,0.241577,0.48463
0.918618,0.026392,0.059004,-0.389383,0.899645,0.052853,-0.02987,-0.431875,0.746534,0.360338,0.241524,0.484635
0.918601,0.026624,0.05898,-0.389407,0.899583,0.052992,-0.030069,-0.431972,0.746518,0.360328,0.241488,0.484686
0.918566,0.026792,0.058993,-0.389474,0.899594,0.052938,-0.03015,-0.431952,0.746483,0.360388,0.241462,0.484706
0.91854,0.026828,0.059056,-0.389523,0.899635,0.05272,-0.030146,-0.431895,0.74645,0.360391,0.241419,0.484773
0.918533,0.026646,0.059213,-0.389529,0.899709,0.052416,-0.030075,-0.431786,0.746424,0.360381,0.241416,0.484823
0.918535,0.026378,0.059355,-0.389527,0.899799,0.052125,-0.029906,-0.431647,0.746384,0.360455,0.241435,0.484815
0.918583,0.026137,0.059402,-0.389428,0.899847,0.051983,-0.029805,-0.431574,0.746333,0.360514,0.241482,0.484825
0.918666,0.025826,0.059414,-0.389252,0.899854,0.052047,-0.029908,-0.431542,0.74628,0.360521,0.241522,0.484881
0.91876,0.025711,0.059255,-0.389066,0.899801,0.052345,-0.030112,-0.431602,0.746237,0.360511,0.241516,0.484958
0.918842,0.025833,0.059107,-0.388884,0.899732,0.052867,-0.030486,-0.43165,0.746243,0.360406,0.241481,0.485046
0.918841,0.026205,0.058956,-0.388877,0.899699,0.05332,-0.030873,-0.43163,0.746205,0.360355,0.241378,0.485196
0.918821,0.02667,0.058807,-0.388908,0.899733,0.053581,-0.031123,-0.431505,0.746167,0.360311,0.241388,0.485281
0.918814,0.027016,0.058715,-0.388912,0.899812,0.053521,-0.031238,-0.431339,0.746099,0.360334,0.241367,0.485376
0.918821,0.027081,0.058742,-0.388885,0.8999,0.053265,-0.031126,-0.4312,0.746049,0.360331,0.241399,0.485439
0.918861,0.02691,0.058891,-0.388781,0.900027,0.052797,-0.030895,-0.431012,0.745959,0.360375,0.241568,0.485458
0.918924,0.026534,0.05907,-0.388635,0.900133,0.052328,-0.030668,-0.430869,0.745899,0.360394,0.241664,0.485488
0.919005,0.026119,0.059252,-0.388452,0.900209,0.052145,-0.030586,-0.430738,0.745863,0.360372,0.241726,0.485529
0.919065,0.025839,0.059352,-0.388316,0.90023,0.052236,-0.030678,-0.430676,0.74582,0.360407,0.241694,0.485582
0.91911,0.025853,0.059339,-0.388211,0.900183,0.052636,-0.030965,-0.430702,0.74581,0.360394,0.241665,0.485623
0.919125,0.026225,0.059234,-0.388158,0.900134,0.052981,-0.031226,-0.430742,0.745768,0.360401,0.241715,0.485656
0.919066,0.026822,0.059111,-0.38827,0.900091,0.053129,-0.031274,-0.430805,0.74574,0.360398,0.241686,0.485717
0.918999,0.027228,0.059036,-0.388403,0.900093,0.053131,-0.031194,-0.430807,0.745694,0.360454,0.241708,0.485732
0.918959,0.02731,0.059032,-0.388492,0.900157,0.052921,-0.031034,-0.430714,0.745665,0.360469,0.241718,0.485759
0.918946,0.027183,0.059088,-0.388525,0.900226,0.05263,-0.030825,-0.430623,0.745693,0.360487,0.241675,0.485723
0.918944,0.026887,0.059211,-0.388537,0.900285,0.052419,-0.030681,-0.430538,0.745695,0.360483,0.241662,0.48573
0.918985,0.02653,0.05928,-0.388459,0.900348,0.052193,-0.030624,-0.430438,0.745695,0.360481,0.241686,0.485721
0.919002,0.026408,0.059283,-0.388429,0.900385,0.051996,-0.030611,-0.430388,0.745756,0.360459,0.241607,0.485683
0.919026,0.02622,0.059308,-0.388384,0.900427,0.051752,-0.030666,-0.430328,0.745829,0.360406,0.241556,0.485639
0.919011,0.026141,0.059352,-0.38842,0.900456,0.051498,-0.030783,-0.430294,0.745873,0.360348,0.24144,0.485674
0.918993,0.026019,0.059386,-0.388467,0.9005,0.051209,-0.030957,-0.430224,0.745917,0.360322,0.241397,0.485649
0.918999,0.02574,0.059416,-0.388472,0.900613,0.050781,-0.030906,-0.430049,0.745929,0.360292,0.241353,0.485676
0.919012,0.025446,0.059374,-0.38847,0.900727,0.050302,-0.030764,-0.429881,0.74594,0.360308,0.241352,0.485645
0.919043,0.025081,0.059344,-0.388433,0.90083,0.050007,-0.030678,-0.429708,0.745924,0.360327,0.241399,0.485633
0.919106,0.024704,0.059386,-0.388308,0.900894,0.049875,-0.030715,-0.429586,0.74591,0.360315,0.241437,0.485646
0.919121,0.02453,0.059354,-0.388291,0.900922,0.049896,-0.030912,-0.429514,0.745931,0.360306,0.241423,0.485626
0.919105,0.024472,0.05937,-0.38833,0.900907,0.049994,-0.031113,-0.429518,0.745943,0.360307,0.24135,0.485643
0.919107,0.024587,0.059334,-0.388321,0.900873,0.050176,-0.031415,-0.429544,0.745917,0.360338,0.241268,0.4857
0.919077,0.024742,0.059258,-0.388393,0.900827,0.050369,-0.031721,-0.429593,0.745915,0.360332,0.241191,0.485746
0.919047,0.024938,0.059213,-0.388456,0.900839,0.050439,-0.031835,-0.429551,0.745932,0.360355,0.241121,0.485735
0.919049,0.025058,0.059225,-0.388437,0.900862,0.050421,-0.031881,-0.429501,0.745916,0.360395,0.241051,0.485762
0.919071,0.025,0.059264,-0.388385,0.900909,0.050336,-0.031887,-0.429413,0.745887,0.360443,0.240918,0.485835
0.919082,0.02481,0.05934,-0.388362,0.900982,0.050203,-0.03189,-0.429277,0.745875,0.360546,0.240698,0.485882
0.919092,0.024758,0.059333,-0.388342,0.901029,0.05022,-0.031964,-0.429169,0.745886,0.3606,0.240629,0.485856
0.919118,0.024684,0.059347,-0.388286,0.901045,0.050385,-0.032089,-0.429104,0.745905,0.360655,0.240532,0.485831
0.919155,0.024758,0.05928,-0.388203,0.901049,0.050516,-0.032147,-0.429076,0.745909,0.360696,0.240479,0.48582
0.919187,0.024955,0.059149,-0.38813,0.901055,0.050754,-0.032246,-0.429025,0.745951,0.360675,0.240371,0.485825
0.91917,0.025155,0.059077,-0.388168,0.90106,0.050954,-0.032409,-0.428976,0.745914,0.360753,0.240349,0.485831
0.919123,0.025368,0.059056,-0.388265,0.901054,0.051117,-0.032522,-0.42896,0.745825,0.360853,0.240388,0.485869
0.919084,0.025561,0.059007,-0.388347,0.90103,0.051228,-0.032565,-0.42899,0.745792,0.360899,0.240404,0.485876
0.919052,0.025642,0.059011,-0.388416,0.900997,0.05133,-0.03252,-0.42905,0.745791,0.360947,0.240409,0.485836
0.919026,0.025665,0.059047,-0.388471,0.900985,0.051377,-0.032384,-0.429081,0.745803,0.361017,0.240332,0.485804
0.918998,0.025725,0.059123,-0.38852,0.90102,0.051436,-0.032222,-0.42901,0.745838,0.361085,0.240225,0.48575
0.918914,0.025793,0.059207,-0.388699,0.901033,0.051563,-0.032144,-0.428972,0.745847,0.361149,0.240141,0.485727
0.918809,0.025865,0.05932,-0.388928,0.901003,0.051743,-0.032202,-0.429008,0.745874,0.361193,0.240043,0.4857
0.918717,0.025933,0.059443,-0.38912,0.900922,0.052112,-0.032506,-0.429107,0.745858,0.361289,0.240011,0.485667
0.918668,0.02605,0.059454,-0.389224,0.900801,0.052584,-0.032784,-0.429277,0.745853,0.361435,0.240078,0.485525
0.918631,0.026242,0.059441,-0.389298,0.900678,0.052981,-0.032913,-0.429473,0.745808,0.361608,0.240107,0.485446
0.918564,0.026524,0.059378,-0.389441,0.900533,0.053224,-0.032929,-0.429745,0.745756,0.361764,0.2401,0.485406
0.918525,0.026733,0.059334,-0.389525,0.900464,0.053252,-0.032806,-0.429892,0.74574,0.361852,0.240043,0.48539
0.918466,0.026997,0.059337,-0.389639,0.900444,0.053088,-0.03254,-0.429979,0.745776,0.361871,0.239993,0.485344
0.918419,0.026931,0.059439,-0.389739,0.900487,0.052879,-0.032328,-0.429931,0.745827,0.361895,0.239928,0.485279
0.91838,0.026759,0.059574,-0.389826,0.900554,0.052598,-0.032086,-0.429847,0.745833,0.361944,0.239943,0.485225
0.918367,0.026508,0.059762,-0.38985,0.900597,0.052368,-0.03193,-0.4298,0.745863,0.36198,0.239898,0.485173
0.918363,0.026286,0.05993,-0.389851,0.900609,0.05227,-0.031905,-0.429789,0.745889,0.361966,0.239923,0.485133
0.918342,0.026142,0.060064,-0.389892,0.9006,0.052205,-0.031834,-0.429823,0.745882,0.362028,0.239943,0.485084
0.91833,0.026073,0.060176,-0.389908,0.900548,0.052274,-0.031873,-0.429919,0.745806,0.362113,0.240016,0.485098
0.918325,0.026073,0.06022,-0.389912,0.900446,0.052506,-0.031952,-0.430095,0.745749,0.362172,0.240116,0.48509
0.91835,0.02627,0.060144,-0.38985,0.900364,0.052768,-0.03201,-0.430229,0.74569,0.362225,0.240141,0.485126
0.91832,0.026591,0.060001,-0.389916,0.900337,0.052803,-0.031954,-0.430285,0.745655,0.362218,0.24017,0.485169
0.918296,0.026896,0.0599,-0.389963,0.900405,0.052701,-0.031756,-0.43017,0.745635,0.362186,0.240265,0.48518
0.918292,0.026946,0.059885,-0.38997,0.900517,0.052302,-0.031361,-0.430017,0.745604,0.362204,0.240333,0.485179
0.918324,0.02679,0.059988,-0.389892,0.900588,0.051902,-0.030996,-0.429946,0.745555,0.362248,0.240424,0.485175
0.918409,0.026337,0.060147,-0.389705,0.900639,0.051666,-0.030822,-0.429884,0.74551,0.362249,0.240467,0.48522
0.918506,0.026007,0.06033,-0.389474,0.900632,0.0518,-0.03085,-0.429879,0.74543,0.362259,0.240494,0.485321
0.918559,0.025874,0.060367,-0.389354,0.900627,0.052138,-0.031054,-0.42983,0.745338,0.362281,0.240622,0.485381
0.918585,0.026037,0.06031,-0.389286,0.900626,0.052516,-0.031284,-0.429765,0.74523,0.36234,0.24073,0.485446
0.918579,0.026417,0.060273,-0.389276,0.900647,0.052666,-0.031302,-0.429699,0.745125,0.362403,0.240811,0.485514
0.918572,0.026735,0.060237,-0.389271,0.90069,0.052673,-0.03118,-0.429616,0.745064,0.36245,0.240914,0.485522
0.918562,0.026878,0.060249,-0.389282,0.900742,0.052551,-0.030949,-0.42954,0.744987,0.362495,0.240987,0.485567
0.918611,0.026901,0.060232,-0.389165,0.900817,0.052421,-0.030717,-0.429417,0.74494,0.362467,0.241018,0.485645
0.918638,0.026742,0.060269,-0.389111,0.900827,0.052471,-0.03063,-0.429392,0.74491,0.362457,0.241032,0.485691
0.918674,0.026539,0.060362,-0.389027,0.90082,0.052538,-0.030713,-0.429396,0.744891,0.362413,0.241024,0.485758
0.918719,0.026427,0.060402,-0.388925,0.900798,0.052671,-0.030913,-0.429409,0.744885,0.36239,0.240966,0.485815
0.918724,0.02653,0.060361,-0.38891,0.900735,0.052865,-0.031149,-0.429498,0.744887,0.362396,0.240912,0.485834
0.918697,0.026703,0.060253,-0.388977,0.900709,0.052945,-0.031287,-0.429532,0.744928,0.362345,0.240947,0.485794
0.918654,0.026877,0.060212,-0.389068,0.900722,0.052764,-0.031268,-0.429531,0.744914,0.36238,0.24104,0.485742
0.918639,0.026808,0.060234,-0.389108,0.90078,0.052458,-0.03113,-0.429459,0.74489,0.362422,0.241146,0.485692
0.918674,0.02652,0.060292,-0.38904,0.900842,0.052182,-0.030976,-0.429378,0.744884,0.362429,0.241147,0.485697
0.918719,0.026199,0.060302,-0.388959,0.90088,0.052127,-0.030854,-0.429312,0.744901,0.362433,0.24119,0.485647
0.918737,0.025993,0.060357,-0.388923,0.900885,0.052089,-0.030827,-0.429309,0.744882,0.362449,0.241227,0.485645
0.918717,0.025982,0.060414,-0.388964,0.900831,0.052155,-0.030857,-0.429413,0.744925,0.362426,0.241199,0.485611
0.918685,0.02607,0.06038,-0.389037,0.900739,0.052289,-0.031004,-0.429578,0.744962,0.362419,0.241194,0.485563
0.918658,0.026231,0.060391,-0.389086,0.900632,0.052402,-0.031211,-0.429773,0.745009,0.362339,0.241184,0.485559
0.918616,0.026388,0.060422,-0.389167,0.900565,0.05253,-0.031325,-0.42989,0.745048,0.362349,0.241174,0.485497
0.918563,0.026475,0.060477,-0.389279,0.90052,0.052608,-0.031347,-0.429969,0.745034,0.362391,0.241183,0.485483
0.918539,0.026503,0.060534,-0.389322,0.900524,0.052569,-0.031234,-0.429975,0.74502,0.36245,0.241195,0.48545
0.918524,0.026449,0.06061,-0.389351,0.900576,0.052349,-0.030979,-0.429914,0.744986,0.362527,0.241178,0.48545
0.918546,0.026425,0.060667,-0.389291,0.900647,0.05228,-0.03069,-0.429794,0.744974,0.362574,0.241144,0.485449
0.918583,0.026436,0.060715,-0.389195,0.900697,0.052307,-0.03051,-0.4297,0.744909,0.362749,0.241098,0.485434
0.91861,0.026423,0.060791,-0.389119,0.900694,0.052453,-0.030459,-0.429689,0.744846,0.362855,0.241044,0.485471
0.918609,0.026628,0.060844,-0.389099,0.900654,0.052572,-0.030453,-0.429756,0.7448,0.36297,0.240983,0.485481
0.918605,0.02688,0.060781,-0.389095,0.900602,0.052755,-0.030469,-0.429842,0.744756,0.363014,0.240961,0.485524
0.918569,0.027109,0.060718,-0.389172,0.90054,0.052915,-0.030562,-0.429943,0.744754,0.363031,0.240913,0.485537
0.918524,0.027326,0.060745,-0.389254,0.900497,0.052985,-0.030661,-0.430018,0.744739,0.363054,0.240875,0.485561
0.918496,0.027351,0.060713,-0.389323,0.900483,0.052887,-0.030714,-0.430057,0.744747,0.363095,0.240881,0.485514
0.918488,0.027159,0.060768,-0.38935,0.900458,0.052642,-0.030639,-0.430146,0.744764,0.363118,0.240905,0.485459
0.918511,0.026864,0.06084,-0.389308,0.900476,0.052435,-0.030507,-0.430146,0.744763,0.363109,0.240932,0.485453
0.918527,0.026599,0.060948,-0.389278,0.900474,0.05244,-0.030385,-0.430157,0.744764,0.363153,0.240891,0.485436
0.918537,0.026482,0.06105,-0.389247,0.900456,0.05254,-0.030318,-0.430188,0.744801,0.363119,0.24086,0.485423
0.918523,0.026583,0.061034,-0.389274,0.900396,0.052719,-0.030388,-0.430286,0.744832,0.363093,0.240769,0.48544
0.918497,0.026755,0.061039,-0.389322,0.900347,0.05287,-0.030487,-0.43036,0.744838,0.363064,0.240775,0.485452
0.918455,0.027045,0.060963,-0.389408,0.900306,0.052976,-0.030482,-0.430433,0.744867,0.363061,0.240774,0.485412
0.918411,0.027283,0.060952,-0.389492,0.900353,0.052888,-0.030384,-0.430354,0.744862,0.363055,0.240792,0.485414
0.918386,0.027323,0.061025,-0.389536,0.900403,0.052809,-0.030285,-0.430266,0.74485,0.363034,0.240846,0.485423
0.918386,0.0272,0.061142,-0.38953,0.900445,0.052691,-0.030235,-0.430196,0.744833,0.363083,0.240911,0.485377
0.918421,0.026982,0.061272,-0.389444,0.900473,0.052606,-0.030174,-0.430152,0.744828,0.363088,0.240952,0.485362
0.918462,0.02685,0.061307,-0.389352,0.900504,0.052564,-0.030159,-0.430092,0.7448,0.363109,0.241029,0.485349
0.918456,0.026824,0.061299,-0.389369,0.90052,0.05257,-0.030213,-0.430056,0.744776,0.363134,0.241114,0.485324
0.918411,0.026954,0.061276,-0.389471,0.900513,0.052673,-0.030338,-0.430049,0.744737,0.36322,0.241233,0.485258
0.918365,0.027138,0.061177,-0.389578,0.900476,0.052793,-0.030536,-0.430097,0.744728,0.363193,0.241285,0.485267
0.918328,0.02736,0.061052,-0.389666,0.900414,0.052822,-0.030598,-0.430217,0.744755,0.363157,0.241337,0.485228
0.918293,0.027421,0.060947,-0.389762,0.900352,0.052707,-0.030657,-0.430359,0.744801,0.363118,0.241282,0.485217
0.918258,0.027377,0.060922,-0.389851,0.900306,0.052577,-0.030695,-0.430471,0.744861,0.363068,0.241185,0.485212
0.918233,0.027175,0.060926,-0.389928,0.900273,0.052443,-0.030723,-0.430556,0.744945,0.362928,0.24104,0.485266
0.918213,0.026896,0.060992,-0.389986,0.900266,0.052361,-0.03077,-0.430578,0.745,0.362859,0.240903,0.485305
0.918196,0.026744,0.061002,-0.390038,0.900245,0.052278,-0.030796,-0.430631,0.745057,0.362872,0.240842,0.485237
0.91819,0.026732,0.06101,-0.390053,0.900214,0.052211,-0.030814,-0.430705,0.745068,0.362828,0.240908,0.485222
0.91819,0.026793,0.060976,-0.390053,0.900163,0.052106,-0.030703,-0.430832,0.745054,0.362875,0.241007,0.485159
0.918161,0.026829,0.061036,-0.390111,0.900121,0.052019,-0.030646,-0.430936,0.745054,0.362921,0.24109,0.485082
0.91814,0.026896,0.061008,-0.390157,0.90011,0.051979,-0.030612,-0.430968,0.745047,0.36294,0.241159,0.485045
0.918132,0.026843,0.060996,-0.390181,0.900141,0.051927,-0.030543,-0.430914,0.745038,0.362991,0.241251,0.484973
0.918136,0.026835,0.061027,-0.39017,0.90016,0.051975,-0.030462,-0.430874,0.745061,0.363024,0.241258,0.484908
0.918163,0.026748,0.061023,-0.390114,0.900164,0.052081,-0.030381,-0.430857,0.7451,0.36299,0.241239,0.484884
0.918174,0.026801,0.061056,-0.390076,0.900183,0.052168,-0.030366,-0.430806,0.745075,0.363038,0.241247,0.484881
0.918182,0.026849,0.061113,-0.390047,0.900202,0.052287,-0.030309,-0.430755,0.745091,0.363083,0.241191,0.484848
0.918187,0.026938,0.061138,-0.390023,0.900227,0.052283,-0.030262,-0.430708,0.745087,0.363156,0.241152,0.484816
0.918164,0.027049,0.06119,-0.390057,0.900225,0.052287,-0.030248,-0.430709,0.745056,0.36325,0.241143,0.484795
0.918143,0.027075,0.061314,-0.390087,0.900209,0.052211,-0.030286,-0.430751,0.744981,0.363357,0.241142,0.484824
0.918113,0.027004,0.061448,-0.390141,0.900171,0.052217,-0.030384,-0.430824,0.744947,0.363446,0.241129,0.484813
0.918107,0.026973,0.061507,-0.39015,0.900148,0.052271,-0.030527,-0.430853,0.744903,0.363549,0.241114,0.484807
0.918095,0.02689,0.06145,-0.390192,0.900103,0.052393,-0.030679,-0.430924,0.744836,0.36364,0.241134,0.484828
0.918095,0.026865,0.061361,-0.390211,0.900027,0.052526,-0.030666,-0.431065,0.744822,0.363707,0.241087,0.48482
0.918097,0.02697,0.061261,-0.390211,0.899968,0.0526,-0.030598,-0.431183,0.744833,0.363711,0.241016,0.484835
0.918072,0.027085,0.061109,-0.390286,0.899915,0.052665,-0.030485,-0.431295,0.744882,0.363711,0.240929,0.484802
0.918028,0.027266,0.06098,-0.390396,0.899899,0.052647,-0.030423,-0.431335,0.744952,0.363725,0.240797,0.48475
0.917973,0.027425,0.060934,-0.390517,0.899874,0.052593,-0.030463,-0.431392,0.745026,0.363704,0.240653,0.484723
0.917937,0.027406,0.060936,-0.390604,0.899844,0.052472,-0.030516,-0.431466,0.745091,0.363668,0.240547,0.484705
0.917909,0.027375,0.061012,-0.390659,0.899836,0.052447,-0.030676,-0.431474,0.745125,0.363659,0.240545,0.484663
0.917893,0.027249,0.061147,-0.390687,0.899807,0.05251,-0.030902,-0.43151,0.74514,0.363662,0.24055,0.484636
0.917902,0.027058,0.061196,-0.390676,0.899765,0.052545,-0.031106,-0.43158,0.745133,0.363685,0.240582,0.484611
0.917935,0.026942,0.061164,-0.39061,0.899765,0.052657,-0.031192,-0.43156,0.745114,0.363639,0.240595,0.48467
0.917966,0.026845,0.061043,-0.390564,0.899736,0.052824,-0.031199,-0.431598,0.74514,0.363587,0.240602,0.484668
0.917975,0.026961,0.060824,-0.39057,0.899721,0.052869,-0.031175,-0.431623,0.745201,0.363478,0.240566,0.484677
0.917962,0.027196,0.06066,-0.390606,0.899734,0.05292,-0.031176,-0.431588,0.745218,0.363348,0.240607,0.484734
0.917926,0.027405,0.060602,-0.390683,0.899762,0.052774,-0.031164,-0.431553,0.745249,0.363286,0.24054,0.484769
0.917914,0.027506,0.060616,-0.3907,0.899802,0.052638,-0.031188,-0.431482,0.745277,0.363246,0.240476,0.484789
0.917913,0.027403,0.060759,-0.390688,0.899841,0.052502,-0.031271,-0.431413,0.745271,0.363176,0.240386,0.484898
0.917957,0.027142,0.060901,-0.390583,0.899896,0.052516,-0.031316,-0.431295,0.745242,0.363214,0.240349,0.48493
0.917992,0.026923,0.060962,-0.390513,0.899945,0.052626,-0.031394,-0.431171,0.745217,0.363247,0.240339,0.484947
0.918043,0.026838,0.060946,-0.390401,0.899947,0.052821,-0.031442,-0.431137,0.745156,0.36329,0.240346,0.485002
0.918074,0.02695,0.060866,-0.39033,0.899939,0.053045,-0.031352,-0.43113,0.7451,0.363309,0.24041,0.485044
0.918083,0.027283,0.060722,-0.390302,0.89994,0.053172,-0.031188,-0.431123,0.745102,0.363331,0.240415,0.485018
0.918082,0.027495,0.060675,-0.390295,0.899947,0.053164,-0.031044,-0.431121,0.745084,0.363385,0.24043,0.484997
0.91808,0.027556,0.060685,-0.390293,0.899948,0.053033,-0.030944,-0.431143,0.74509,0.363358,0.240433,0.485007
0.918057,0.027451,0.060861,-0.390328,0.899949,0.052778,-0.030929,-0.431176,0.745106,0.363321,0.240394,0.485031
0.918038,0.027252,0.061056,-0.39036,0.899968,0.05257,-0.030935,-0.431165,0.745132,0.363295,0.240356,0.48503
0.918052,0.027027,0.061222,-0.390319,0.899987,0.052458,-0.030907,-0.43114,0.745156,0.363284,0.240336,0.485012
0.918069,0.026785,0.06138,-0.390277,0.899984,0.052413,-0.0309,-0.431153,0.745173,0.363267,0.240336,0.485001
0.918052,0.026649,0.061395,-0.390324,0.899976,0.052344,-0.030883,-0.431183,0.74523,0.36321,0.240327,0.484964
0.918017,0.026673,0.0613,-0.390418,0.899955,0.052255,-0.030793,-0.431243,0.74526,0.363225,0.240294,0.48492
0.917993,0.026821,0.061221,-0.390477,0.899922,0.052326,-0.030701,-0.431311,0.745301,0.363214,0.24024,0.484894
0.917957,0.027025,0.061115,-0.390561,0.899918,0.052437,-0.030649,-0.431307,0.74532,0.363195,0.240217,0.484891
0.917916,0.027291,0.061059,-0.390644,0.899938,0.052532,-0.030646,-0.431253,0.745314,0.363231,0.240159,0.484901
0.917871,0.027471,0.061102,-0.390726,0.899902,0.052573,-0.03069,-0.431318,0.745278,0.363264,0.2402,0.484909
0.917847,0.027554,0.061101,-0.390777,0.899902,0.05259,-0.030748,-0.431313,0.745258,0.363312,0.240161,0.48492
0.917865,0.027448,0.061157,-0.390735,0.899863,0.052531,-0.030815,-0.431397,0.745295,0.363348,0.240085,0.484874
0.917897,0.027345,0.061172,-0.390667,0.899874,0.052468,-0.03085,-0.43138,0.745301,0.36338,0.240065,0.484849
0.917906,0.027223,0.061217,-0.390646,0.89989,0.052376,-0.030824,-0.43136,0.745316,0.363361,0.240014,0.484867
0.917881,0.027145,0.061238,-0.390711,0.899931,0.052324,-0.030776,-0.431287,0.745359,0.363355,0.239923,0.48485
0.917881,0.027187,0.06123,-0.390709,0.899981,0.052254,-0.030681,-0.431195,0.745402,0.363345,0.23981,0.484848
0.9179,0.02714,0.061161,-0.390678,0.900036,0.052179,-0.030612,-0.431096,0.74548,0.363257,0.239708,0.484848
0.917932,0.027142,0.061,-0.390629,0.9001,0.052216,-0.030565,-0.430961,0.745514,0.363125,0.239608,0.48495
0.917958,0.027223,0.060876,-0.390578,0.900126,0.052284,-0.03063,-0.430892,0.745562,0.363017,0.239504,0.485011
0.917957,0.027319,0.060805,-0.390583,0.900117,0.052396,-0.03085,-0.43088,0.745539,0.362982,0.239505,0.485073
0.917944,0.027396,0.060784,-0.390613,0.900078,0.052474,-0.031142,-0.430933,0.745523,0.363007,0.239491,0.485085
0.917927,0.027474,0.060797,-0.390642,0.900066,0.052539,-0.031404,-0.430928,0.745458,0.363099,0.23951,0.485103
0.917918,0.02739,0.06085,-0.390662,0.900054,0.052514,-0.031459,-0.430954,0.745405,0.363146,0.239622,0.485091
0.917935,0.027232,0.0609,-0.390628,0.900052,0.05238,-0.031372,-0.430981,0.745333,0.363205,0.239766,0.485084
0.917971,0.027057,0.060989,-0.390546,0.900092,0.052159,-0.031127,-0.430945,0.745284,0.363221,0.239874,0.485095
0.917978,0.026949,0.06107,-0.390524,0.900174,0.052044,-0.030811,-0.430812,0.745292,0.363178,0.239818,0.485142
0.918008,0.026838,0.061151,-0.390453,0.900196,0.052198,-0.030658,-0.430755,0.745351,0.363072,0.23972,0.485184
0.918003,0.026945,0.061235,-0.39044,0.900154,0.05251,-0.030677,-0.4308,0.745367,0.363016,0.239608,0.485259
0.917975,0.027203,0.061308,-0.390473,0.900101,0.052789,-0.030839,-0.430863,0.745357,0.363043,0.239516,0.485297
0.917923,0.027563,0.061361,-0.390556,0.900044,0.052938,-0.030928,-0.430955,0.745305,0.363105,0.239511,0.48533
0.917848,0.027813,0.061452,-0.390694,0.899997,0.052929,-0.030934,-0.431055,0.745224,0.363212,0.239559,0.485345
0.917806,0.027873,0.061537,-0.390776,0.899977,0.052751,-0.030772,-0.431132,0.745192,0.363325,0.239629,0.485271
0.917818,0.027721,0.061665,-0.390742,0.900003,0.052466,-0.030459,-0.431138,0.74515,0.363467,0.239744,0.485169
0.917858,0.027404,0.061743,-0.390661,0.900052,0.052197,-0.030114,-0.431093,0.745115,0.363503,0.239869,0.485131
0.917909,0.027007,0.061859,-0.390557,0.900035,0.052141,-0.029987,-0.431144,0.745098,0.363555,0.239888,0.485107
0.91793,0.026707,0.061952,-0.390518,0.9,0.052334,-0.030016,-0.431192,0.745147,0.363531,0.239801,0.485096
0.917913,0.026799,0.061924,-0.390554,0.899954,0.052485,-0.030188,-0.431257,0.745194,0.363493,0.239685,0.48511
0.91787,0.027208,0.061832,-0.390636,0.899896,0.052586,-0.03036,-0.431353,0.745271,0.363378,0.239598,0.485125
0.917788,0.027545,0.061753,-0.390811,0.899905,0.052555,-0.030393,-0.431336,0.745352,0.363218,0.239549,0.485152
0.917731,0.027715,0.061716,-0.390937,0.899894,0.052429,-0.030304,-0.431381,0.745366,0.363152,0.23958,0.485168
0.917728,0.027633,0.061692,-0.390955,0.899895,0.052276,-0.030154,-0.43141,0.745394,0.36309,0.239638,0.485146
0.917756,0.027267,0.061818,-0.390901,0.899918,0.052085,-0.029983,-0.431399,0.745352,0.363137,0.239707,0.485138
0.917783,0.026907,0.061933,-0.390849,0.899938,0.051984,-0.029883,-0.431376,0.745367,0.363093,0.239688,0.485159
0.917818,0.026653,0.06202,-0.390776,0.899935,0.051941,-0.029899,-0.431391,0.745293,0.363134,0.239776,0.485196
0.917826,0.026642,0.062009,-0.390758,0.899913,0.051974,-0.029924,-0.431428,0.745304,0.363082,0.239845,0.485186
0.917836,0.02671,0.061982,-0.390734,0.899874,0.052134,-0.029984,-0.431484,0.745299,0.363068,0.239881,0.485187
0.917846,0.026818,0.061973,-0.390704,0.899843,0.052281,-0.030049,-0.431526,0.745309,0.363044,0.239864,0.485198
0.917856,0.026962,0.061961,-0.390668,0.899857,0.052436,-0.030131,-0.43147,0.745288,0.363077,0.239858,0.485209
0.917837,0.027109,0.062033,-0.390689,0.899894,0.052428,-0.030097,-0.431395,0.745283,0.363116,0.239851,0.485188
0.917833,0.027206,0.062063,-0.390685,0.899968,0.052298,-0.029941,-0.431269,0.745244,0.363187,0.23983,0.485202
0.917841,0.027241,0.062103,-0.390659,0.900033,0.052107,-0.02969,-0.431176,0.745191,0.363239,0.23983,0.485242
0.917897,0.027249,0.062151,-0.390518,0.90012,0.051985,-0.029483,-0.431023,0.745158,0.363338,0.239705,0.485276
0.91793,0.027171,0.062254,-0.39043,0.900174,0.05208,-0.029391,-0.430904,0.745104,0.363405,0.239599,0.485357
0.917944,0.027159,0.062288,-0.390391,0.900177,0.052299,-0.029477,-0.430862,0.745037,0.363492,0.239472,0.485452
0.917956,0.027323,0.062267,-0.390353,0.900129,0.052656,-0.029662,-0.430902,0.744945,0.363629,0.239345,0.485547
0.917985,0.027709,0.062125,-0.390274,0.900038,0.053021,-0.029854,-0.431031,0.744882,0.363724,0.239236,0.485621
0.917995,0.02806,0.061943,-0.390251,0.899968,0.053317,-0.030009,-0.431128,0.744851,0.363776,0.239157,0.485666
0.917972,0.028363,0.06178,-0.390301,0.899912,0.05354,-0.030126,-0.431207,0.744837,0.363812,0.23915,0.485661
0.917961,0.02846,0.061762,-0.390324,0.899875,0.053603,-0.030179,-0.431271,0.744844,0.363823,0.239059,0.485688
0.917979,0.028392,0.061812,-0.390279,0.899898,0.053521,-0.030225,-0.431231,0.744916,0.363759,0.238962,0.485674
0.917969,0.028294,0.061918,-0.390295,0.899959,0.05336,-0.030205,-0.431127,0.74497,0.363676,0.238798,0.485739
0.917932,0.028184,0.062098,-0.390363,0.900036,0.053233,-0.03015,-0.430985,0.744987,0.363649,0.238647,0.485807
0.917935,0.02816,0.062169,-0.390347,0.900064,0.053103,-0.030146,-0.430946,0.744981,0.363667,0.238525,0.485862
0.917952,0.028115,0.06218,-0.390307,0.900089,0.053002,-0.030098,-0.430911,0.744948,0.363684,0.238552,0.485885
0.917981,0.028182,0.06216,-0.390236,0.900084,0.053074,-0.030111,-0.43091,0.744903,0.363727,0.238568,0.485913
0.918006,0.028297,0.062127,-0.390174,0.900043,0.053282,-0.030177,-0.430964,0.744839,0.363825,0.238634,0.4859
0.918032,0.0284,0.062128,-0.390102,0.899989,0.053559,-0.03029,-0.431031,0.744764,0.363896,0.238684,0.485933
0.918053,0.028514,0.062075,-0.390049,0.899977,0.053803,-0.030318,-0.431021,0.744726,0.363954,0.238676,0.485949
0.918084,0.028639,0.062085,-0.389965,0.899996,0.05405,-0.03026,-0.430951,0.744691,0.363985,0.238643,0.485994
0.918076,0.028896,0.062181,-0.389944,0.900051,0.054166,-0.030135,-0.430829,0.744675,0.364039,0.238581,0.486006
0.918028,0.029037,0.062287,-0.390027,0.90015,0.054062,-0.029885,-0.430652,0.744675,0.364095,0.238463,0.486019
0.917985,0.029145,0.062397,-0.390103,0.900241,0.05384,-0.029672,-0.430508,0.744644,0.364136,0.238327,0.4861
0.917977,0.029055,0.062573,-0.390101,0.900323,0.053637,-0.029565,-0.430369,0.744637,0.364146,0.238241,0.486145
0.918002,0.028901,0.06271,-0.390034,0.900357,0.053455,-0.029553,-0.430325,0.744596,0.364188,0.238198,0.486194
0.918062,0.028806,0.062848,-0.389879,0.900357,0.053546,-0.029633,-0.430308,0.744469,0.364345,0.238218,0.486255
0.918113,0.028724,0.062958,-0.389748,0.900321,0.053801,-0.029808,-0.430337,0.744352,0.364492,0.238207,0.486322
0.918149,0.028844,0.062905,-0.389659,0.900311,0.05401,-0.029925,-0.430318,0.74419,0.364657,0.238278,0.4864
0.918174,0.02906,0.062832,-0.389594,0.900303,0.054241,-0.030004,-0.430299,0.744102,0.364759,0.238354,0.486419
0.918177,0.029346,0.062713,-0.389581,0.900332,0.054307,-0.029942,-0.430234,0.744015,0.364868,0.238334,0.486475
0.918164,0.029632,0.062633,-0.389595,0.900413,0.054235,-0.029755,-0.430086,0.743961,0.364901,0.238294,0.486548
0.918159,0.029723,0.062694,-0.389589,0.90046,0.054046,-0.029649,-0.430021,0.743939,0.364939,0.238197,0.4866
0.918145,0.029663,0.062826,-0.389609,0.900463,0.053894,-0.029632,-0.430036,0.743951,0.364907,0.238071,0.486667
0.918183,0.029529,0.062878,-0.389522,0.900411,0.053948,-0.029795,-0.430125,0.743969,0.364891,0.238018,0.486679
0.918195,0.029359,0.062985,-0.389493,0.900341,0.054124,-0.029977,-0.430237,0.743941,0.364889,0.238054,0.486705
0.918184,0.029302,0.063057,-0.38951,0.90028,0.054158,-0.030021,-0.430357,0.743905,0.364891,0.238108,0.486733
0.918175,0.029393,0.063082,-0.38952,0.900219,0.054097,-0.029984,-0.430498,0.74387,0.364938,0.238141,0.48673
0.918147,0.029405,0.063153,-0.389574,0.900183,0.05403,-0.029882,-0.43059,0.743833,0.364967,0.23813,0.486772
0.918155,0.029373,0.06317,-0.389553,0.900142,0.054101,-0.029803,-0.43067,0.743767,0.365056,0.238206,0.486764
0.918197,0.029277,0.06317,-0.389464,0.900109,0.054347,-0.029755,-0.430709,0.743719,0.365096,0.238213,0.486801
0.918221,0.029333,0.063121,-0.38941,0.900113,0.054663,-0.029795,-0.430655,0.743674,0.365153,0.238192,0.486833
0.918214,0.029574,0.063077,-0.389411,0.900109,0.054816,-0.029813,-0.430639,0.743629,0.365241,0.238206,0.486829
0.918159,0.029955,0.06311,-0.3895,0.900122,0.05485,-0.029768,-0.430609,0.743621,0.365301,0.238172,0.486808
0.918072,0.030325,0.063119,-0.389672,0.900171,0.054757,-0.029655,-0.430529,0.74361,0.365357,0.238144,0.486793
0.918014,0.03047,0.063197,-0.389782,0.900202,0.054616,-0.029541,-0.430492,0.743601,0.365432,0.238124,0.486758
0.917986,0.03038,0.063293,-0.389841,0.900183,0.054446,-0.02957,-0.430552,0.743561,0.365529,0.238178,0.486716
0.918017,0.030178,0.063431,-0.389764,0.900151,0.054456,-0.029667,-0.430612,0.743527,0.365602,0.238179,0.486711
0.918046,0.02992,0.0634,-0.389724,0.900098,0.054612,-0.029733,-0.430696,0.743537,0.365589,0.238167,0.486709
0.918048,0.029892,0.063285,-0.389739,0.900106,0.054829,-0.029829,-0.430643,0.743594,0.365499,0.238055,0.486751
0.918016,0.030084,0.063062,-0.389833,0.900115,0.05496,-0.029871,-0.430603,0.743682,0.365428,0.237895,0.48675
0.917979,0.030418,0.062831,-0.389928,0.900133,0.054938,-0.029884,-0.430567,0.7438,0.365352,0.237685,0.486731
0.917959,0.030691,0.062644,-0.389979,0.900176,0.054932,-0.029973,-0.430473,0.74388,0.365309,0.237533,0.486719
0.917932,0.030813,0.062536,-0.39005,0.900192,0.054873,-0.030144,-0.430435,0.743902,0.365361,0.237482,0.486669
0.917916,0.030723,0.062502,-0.390102,0.900174,0.054772,-0.030327,-0.430474,0.743919,0.365456,0.237502,0.48656
0.91794,0.030504,0.062528,-0.390063,0.900082,0.054774,-0.030524,-0.430653,0.743964,0.3655,0.237572,0.486423
0.91795,0.030242,0.062409,-0.390082,0.89997,0.054798,-0.030691,-0.430872,0.744054,0.365466,0.237532,0.486333
0.917921,0.030174,0.062266,-0.39018,0.899857,0.054944,-0.030895,-0.431073,0.744176,0.365346,0.237394,0.48631
0.917862,0.030297,0.062102,-0.390334,0.899779,0.055119,-0.031053,-0.431201,0.744325,0.365268,0.237144,0.486267
0.917781,0.030536,0.061894,-0.390536,0.899755,0.055205,-0.031162,-0.431234,0.744441,0.365213,0.236945,0.48623
0.917705,0.030818,0.061704,-0.390719,0.8997,0.055261,-0.031201,-0.431337,0.744512,0.365223,0.236853,0.486159
0.917665,0.031014,0.061591,-0.390814,0.89973,0.055197,-0.031074,-0.431294,0.744569,0.365254,0.236789,0.486078
0.917631,0.031075,0.061613,-0.390883,0.899757,0.055039,-0.030938,-0.431268,0.744623,0.365251,0.2367,0.486042
0.917576,0.031025,0.061736,-0.390998,0.899771,0.054838,-0.030859,-0.431271,0.744612,0.365345,0.236608,0.48603
0.917516,0.030858,0.06194,-0.391122,0.899728,0.054667,-0.030878,-0.431383,0.744661,0.365427,0.236483,0.485951
0.917475,0.030713,0.062193,-0.391191,0.899677,0.054504,-0.030871,-0.431515,0.744724,0.365429,0.236373,0.485907
0.917474,0.030614,0.062296,-0.391186,0.899615,0.054546,-0.030924,-0.431636,0.744744,0.365461,0.236363,0.485857
0.917491,0.030515,0.062284,-0.391159,0.899535,0.054781,-0.030991,-0.431764,0.744771,0.365467,0.236402,0.485792
0.917491,0.030447,0.062267,-0.391167,0.899484,0.055001,-0.031011,-0.43184,0.744755,0.365519,0.236457,0.485749
0.917469,0.030528,0.062224,-0.391217,0.899453,0.055178,-0.030897,-0.431888,0.744735,0.365575,0.236579,0.485677
0.917429,0.030706,0.062134,-0.391309,0.899457,0.05505,-0.030745,-0.431908,0.744739,0.365613,0.236656,0.485604
0.917368,0.03087,0.062185,-0.391431,0.899509,0.054759,-0.030617,-0.431849,0.744785,0.365592,0.236716,0.48552
0.917326,0.030931,0.062252,-0.391512,0.899555,0.054605,-0.030556,-0.431778,0.744848,0.365577,0.236783,0.485405
0.91731,0.030871,0.0623,-0.391546,0.899592,0.054484,-0.030537,-0.431718,0.744893,0.365528,0.236816,0.48536
0.917338,0.03072,0.062268,-0.391501,0.899594,0.05453,-0.030543,-0.431707,0.744968,0.365445,0.2368,0.48532
0.917374,0.030552,0.062335,-0.391421,0.89956,0.054711,-0.030649,-0.431744,0.744972,0.365437,0.236788,0.485325
0.91737,0.030502,0.062332,-0.391438,0.899478,0.054919,-0.030711,-0.431883,0.744951,0.365491,0.23683,0.485293
0.917337,0.030629,0.062279,-0.391511,0.899433,0.055097,-0.030789,-0.431949,0.744865,0.365564,0.236948,0.48531
0.917285,0.030815,0.062217,-0.391627,0.899392,0.055193,-0.030762,-0.432022,0.744763,0.365742,0.237045,0.485278
0.917248,0.031015,0.062216,-0.391694,0.899432,0.055098,-0.030656,-0.431961,0.744649,0.365944,0.237169,0.485231
0.917236,0.031112,0.062242,-0.391707,0.899477,0.055004,-0.030499,-0.431891,0.744612,0.366077,0.237162,0.485184
0.917213,0.031101,0.062347,-0.391746,0.899525,0.054875,-0.030329,-0.431818,0.744627,0.366074,0.237134,0.48518
0.917208,0.031045,0.062407,-0.391754,0.899542,0.054763,-0.030219,-0.431806,0.744668,0.366078,0.236983,0.485186
0.9172,0.030967,0.062451,-0.391774,0.899573,0.054754,-0.030242,-0.431743,0.744697,0.366068,0.236891,0.485194
0.917169,0.031004,0.062435,-0.391846,0.899518,0.054878,-0.03031,-0.431835,0.744716,0.366055,0.236861,0.48519
0.917154,0.031081,0.062379,-0.391881,0.899406,0.055112,-0.030484,-0.432023,0.744707,0.36604,0.236904,0.485196
0.917163,0.031217,0.062247,-0.391866,0.89933,0.055326,-0.030691,-0.43214,0.744656,0.366087,0.236979,0.485201
0.91717,0.031375,0.062107,-0.39186,0.899288,0.055443,-0.030847,-0.432198,0.744649,0.366097,0.236981,0.485202
0.917132,0.031506,0.062021,-0.391949,0.89931,0.05542,-0.030943,-0.432148,0.744708,0.36601,0.236885,0.485227
0.917145,0.031442,0.061943,-0.391938,0.899368,0.055321,-0.030965,-0.432041,0.744743,0.365945,0.236772,0.485279
0.917186,0.03132,0.061911,-0.391857,0.899435,0.055185,-0.030886,-0.431924,0.744754,0.365875,0.236714,0.485346
0.917216,0.031147,0.061934,-0.391799,0.89949,0.055035,-0.030785,-0.431839,0.744712,0.365907,0.236713,0.485384
0.91722,0.030993,0.061945,-0.391804,0.899508,0.054989,-0.030805,-0.431805,0.744684,0.365923,0.236691,0.485426
0.917254,0.030948,0.061955,-0.391726,0.899494,0.055135,-0.030909,-0.431807,0.744702,0.365892,0.236718,0.48541
0.91726,0.031037,0.061994,-0.391697,0.899495,0.055297,-0.031052,-0.431773,0.74465,0.365881,0.236794,0.48546
0.917266,0.031193,0.062002,-0.391668,0.899517,0.055415,-0.031142,-0.431702,0.744628,0.365867,0.236819,0.485493
0.917291,0.031244,0.062006,-0.391604,0.899546,0.055425,-0.031029,-0.431649,0.744573,0.365887,0.236927,0.485508
0.917309,0.031222,0.062037,-0.391559,0.899604,0.055286,-0.030718,-0.431569,0.74454,0.365899,0.237033,0.485498
0.917346,0.031197,0.062071,-0.391468,0.899688,0.055094,-0.030348,-0.431446,0.744533,0.36586,0.237092,0.48551
0.917343,0.031075,0.062255,-0.391458,0.89978,0.054841,-0.030007,-0.431313,0.744498,0.365867,0.237155,0.485528
0.917371,0.030893,0.062481,-0.391372,0.899818,0.054744,-0.029826,-0.431258,0.744474,0.365871,0.237176,0.485551
0.917404,0.03074,0.06267,-0.391279,0.899802,0.054772,-0.029851,-0.431288,0.744436,0.365915,0.237225,0.48555
0.917409,0.030657,0.06282,-0.391251,0.899762,0.055008,-0.03001,-0.431328,0.744364,0.365946,0.237247,0.485624
0.917427,0.03066,0.062929,-0.391191,0.899701,0.055317,-0.030166,-0.4314,0.744331,0.365966,0.237301,0.485632
0.917398,0.030752,0.062974,-0.391242,0.899648,0.055499,-0.030262,-0.431481,0.744293,0.365989,0.23735,0.485648
0.917373,0.030895,0.062933,-0.391292,0.899641,0.055421,-0.030188,-0.43151,0.744255,0.36601,0.237452,0.485639
0.917379,0.030982,0.062923,-0.391273,0.899657,0.055206,-0.029973,-0.431522,0.744231,0.366026,0.23757,0.485606
0.917344,0.030979,0.062916,-0.391357,0.899729,0.054858,-0.029729,-0.431436,0.74425,0.365988,0.237615,0.485585
0.91732,0.030751,0.063033,-0.391416,0.899817,0.054567,-0.029518,-0.431307,0.744267,0.365945,0.237634,0.485584
0.917301,0.030406,0.063147,-0.391473,0.899884,0.054388,-0.029372,-0.431199,0.744312,0.365879,0.237612,0.485578
0.917317,0.030218,0.063224,-0.391443,0.899898,0.054335,-0.029421,-0.431174,0.744393,0.365825,0.237524,0.485541
0.917331,0.030073,0.063285,-0.391413,0.899869,0.054301,-0.029556,-0.431232,0.744461,0.365741,0.237502,0.485516
0.917315,0.030129,0.063288,-0.391446,0.899797,0.054292,-0.029787,-0.431367,0.744512,0.365654,0.237566,0.485475
0.917274,0.030236,0.063217,-0.391543,0.899753,0.054385,-0.030027,-0.43143,0.744537,0.365632,0.237648,0.485415
0.917237,0.030143,0.063293,-0.391627,0.899739,0.054372,-0.030226,-0.431448,0.744555,0.365592,0.237748,0.485372
0.917223,0.030013,0.063323,-0.391668,0.899759,0.05418,-0.030212,-0.431434,0.74457,0.365529,0.237895,0.485327
0.917275,0.029763,0.063376,-0.39156,0.89983,0.053912,-0.029942,-0.43134,0.744611,0.365434,0.237953,0.485311
0.917335,0.029403,0.063456,-0.391438,0.899926,0.053636,-0.029607,-0.431201,0.744695,0.365283,0.237914,0.485321
0.917347,0.029195,0.063491,-0.391422,0.899988,0.053439,-0.02934,-0.431114,0.744765,0.36522,0.237815,0.485312
0.917347,0.029123,0.063495,-0.391429,0.90004,0.053398,-0.029345,-0.43101,0.744756,0.365214,0.237763,0.485356
0.917326,0.0292,0.063468,-0.391476,0.900069,0.053537,-0.029506,-0.430921,0.744733,0.365171,0.237765,0.485424
0.917348,0.029407,0.063389,-0.391419,0.900079,0.053699,-0.029751,-0.430862,0.744704,0.36523,0.237817,0.485398
0.917365,0.029513,0.06328,-0.391386,0.900118,0.053786,-0.029916,-0.430756,0.744693,0.36523,0.237871,0.485386
0.917398,0.02958,0.063215,-0.391314,0.90016,0.053783,-0.030029,-0.43066,0.744664,0.365173,0.237885,0.485469
0.917426,0.029483,0.06322,-0.391254,0.900205,0.053782,-0.03015,-0.430557,0.744656,0.365166,0.237837,0.48551
0.917442,0.029391,0.063177,-0.391232,0.900241,0.053813,-0.030249,-0.43047,0.744638,0.365193,0.237781,0.485543
0.917475,0.02936,0.063052,-0.391179,0.90024,0.053899,-0.030281,-0.430459,0.744596,0.365232,0.237796,0.48557
0.917483,0.029452,0.062901,-0.391176,0.900275,0.053933,-0.030306,-0.430381,0.744584,0.36527,0.237678,0.485614
0.917494,0.029589,0.062752,-0.391161,0.900296,0.054021,-0.03042,-0.430315,0.744594,0.365276,0.237524,0.485668
0.917506,0.029667,0.062684,-0.391138,0.900236,0.054218,-0.03064,-0.4304,0.744606,0.365268,0.237381,0.485725
0.917526,0.02972,0.06264,-0.391091,0.900161,0.054378,-0.030862,-0.430518,0.744623,0.365245,0.237236,0.485789
0.917569,0.029645,0.062609,-0.391003,0.900116,0.054556,-0.031023,-0.430576,0.744594,0.365301,0.237127,0.485842
0.917569,0.029686,0.062536,-0.391009,0.900092,0.054741,-0.031102,-0.430597,0.744571,0.36535,0.237013,0.485893
0.917558,0.029834,0.062494,-0.39103,0.900066,0.054807,-0.03118,-0.430637,0.744554,0.36542,0.236941,0.485897
0.917503,0.029986,0.062481,-0.391147,0.900081,0.054733,-0.031183,-0.430614,0.744522,0.365494,0.236853,0.48593
0.917466,0.030037,0.062524,-0.391224,0.900075,0.054473,-0.031193,-0.430664,0.74451,0.365524,0.236819,0.485943
0.917443,0.029916,0.062739,-0.391254,0.900115,0.05424,-0.031288,-0.430604,0.744508,0.365542,0.236747,0.485965
0.917457,0.029713,0.062908,-0.39121,0.900175,0.054222,-0.031528,-0.430463,0.744522,0.365538,0.236675,0.485982
0.917518,0.029455,0.063004,-0.391076,0.900235,0.054479,-0.031891,-0.430275,0.744483,0.365545,0.236638,0.486054
0.917597,0.029398,0.063072,-0.390885,0.900304,0.054798,-0.032264,-0.430058,0.744395,0.365624,0.236696,0.486097
0.917622,0.029501,0.063085,-0.390813,0.900367,0.054954,-0.032418,-0.429893,0.744306,0.365765,0.236807,0.486067
0.917646,0.029818,0.062889,-0.390759,0.900395,0.055039,-0.032299,-0.42983,0.744193,0.365939,0.2369,0.486055
0.917666,0.030283,0.062612,-0.390717,0.900435,0.05504,-0.032004,-0.429767,0.744095,0.366026,0.237021,0.486079
0.917675,0.030693,0.062399,-0.390689,0.900467,0.055002,-0.031801,-0.42972,0.74402,0.366092,0.237097,0.486103
0.917674,0.030882,0.062338,-0.390684,0.900459,0.055096,-0.031791,-0.429725,0.743944,0.366128,0.237128,0.486173
0.917702,0.030896,0.062336,-0.390617,0.900431,0.055239,-0.031891,-0.429756,0.743997,0.366098,0.237007,0.486175
0.917689,0.030806,0.062428,-0.390639,0.900408,0.055361,-0.032013,-0.429779,0.744024,0.366055,0.236952,0.486196
0.917678,0.030711,0.062546,-0.390657,0.900361,0.055397,-0.032114,-0.429865,0.74406,0.36599,0.236839,0.486246
0.917678,0.03066,0.062645,-0.390646,0.900318,0.055387,-0.032098,-0.429958,0.744048,0.365993,0.236842,0.486259
0.917651,0.030761,0.062666,-0.390698,0.900294,0.055313,-0.03195,-0.430031,0.743997,0.366067,0.236876,0.486263
0.917619,0.030867,0.06267,-0.390761,0.900302,0.055282,-0.031702,-0.430036,0.743924,0.366167,0.236943,0.486263
0.917603,0.030894,0.062689,-0.390792,0.900345,0.055184,-0.031482,-0.429975,0.743883,0.366268,0.236967,0.486233
0.917604,0.030874,0.062711,-0.390789,0.900394,0.055099,-0.031234,-0.429902,0.743907,0.366367,0.23699,0.486107
0.917614,0.030802,0.062751,-0.390765,0.900443,0.055113,-0.031049,-0.429809,0.743889,0.366423,0.237047,0.486064
0.917616,0.030765,0.062791,-0.390758,0.900435,0.055277,-0.031018,-0.429807,0.743872,0.36643,0.237039,0.486088
0.917595,0.030816,0.062833,-0.390796,0.900373,0.055493,-0.03115,-0.429897,0.743808,0.366515,0.237101,0.486088
0.917569,0.030963,0.062837,-0.390841,0.900277,0.055695,-0.031293,-0.43006,0.743807,0.366526,0.237154,0.486055
0.917526,0.031195,0.062857,-0.390919,0.900231,0.05575,-0.031315,-0.430147,0.743782,0.366559,0.237243,0.486023
0.917481,0.03131,0.062865,-0.391012,0.900257,0.055632,-0.031248,-0.430113,0.743761,0.366592,0.237346,0.48598
0.917436,0.031317,0.062902,-0.391112,0.900361,0.055363,-0.03102,-0.429949,0.743758,0.366655,0.237406,0.485904
0.917432,0.031172,0.063006,-0.391117,0.900467,0.054978,-0.030653,-0.429806,0.743767,0.366685,0.237434,0.485854
0.917465,0.030854,0.063133,-0.391048,0.900525,0.05472,-0.030341,-0.429742,0.743782,0.366668,0.237475,0.485827
0.917534,0.030566,0.06317,-0.390907,0.900531,0.054704,-0.030291,-0.429736,0.74377,0.366669,0.237507,0.485827
0.917586,0.030404,0.063137,-0.390807,0.900465,0.054887,-0.030451,-0.429838,0.743803,0.36664,0.237505,0.485801
0.917563,0.030525,0.063119,-0.39085,0.900384,0.055055,-0.030681,-0.429968,0.743842,0.366553,0.237513,0.485805
0.917498,0.030849,0.063054,-0.390984,0.900331,0.055089,-0.030889,-0.43006,0.743902,0.36651,0.237475,0.485769
0.917419,0.03105,0.063034,-0.391156,0.900315,0.05492,-0.030963,-0.430111,0.74395,0.366447,0.237518,0.485724
0.917351,0.03108,0.063058,-0.391308,0.900351,0.054546,-0.030885,-0.430094,0.743968,0.366445,0.2376,0.485659
0.917352,0.030742,0.063227,-0.39131,0.900396,0.054121,-0.030771,-0.430068,0.74397,0.366479,0.237689,0.485587
0.917393,0.030133,0.063364,-0.391249,0.900458,0.053824,-0.030598,-0.429989,0.743981,0.36647,0.237839,0.485505
0.917459,0.029641,0.063342,-0.391144,0.900463,0.053737,-0.03048,-0.429999,0.743987,0.366473,0.237983,0.485424
0.917526,0.02937,0.063315,-0.391013,0.900424,0.0539,-0.030545,-0.430053,0.743985,0.366455,0.238077,0.485396
0.917504,0.02953,0.063209,-0.391069,0.900348,0.054089,-0.030638,-0.430179,0.744034,0.366404,0.238092,0.485353
0.917427,0.029968,0.063064,-0.391234,0.90025,0.054408,-0.030849,-0.430328,0.744115,0.366261,0.238006,0.485384
0.917351,0.030275,0.063012,-0.391392,0.900107,0.0546,-0.03109,-0.430586,0.74422,0.36613,0.237908,0.485378
0.9173,0.030596,0.063021,-0.39148,0.900036,0.054669,-0.031219,-0.430716,0.744232,0.366098,0.237891,0.485392
0.917217,0.03063,0.063152,-0.391649,0.89998,0.054579,-0.031156,-0.43085,0.744216,0.366146,0.237924,0.485361
0.91716,0.030477,0.063274,-0.391779,0.900006,0.054293,-0.030865,-0.430855,0.744161,0.366289,0.238021,0.485286
0.917115,0.030287,0.063382,-0.391884,0.900078,0.053934,-0.030515,-0.430779,0.744075,0.366462,0.238158,0.485213
0.91711,0.030085,0.06355,-0.391886,0.900141,0.053583,-0.030115,-0.430721,0.744023,0.366621,0.238164,0.485164
0.917107,0.029873,0.063725,-0.391885,0.900162,0.05363,-0.029965,-0.430681,0.744015,0.366695,0.23811,0.485144
0.917138,0.029705,0.063884,-0.391802,0.900118,0.053863,-0.030088,-0.430734,0.744013,0.366752,0.238005,0.485151
0.917184,0.029653,0.064005,-0.391678,0.900011,0.054272,-0.030375,-0.430882,0.74398,0.366795,0.237884,0.485228
0.917184,0.029784,0.064034,-0.391662,0.899912,0.054625,-0.030669,-0.431018,0.743958,0.366819,0.237757,0.485303
0.917142,0.030213,0.063969,-0.39173,0.89982,0.054758,-0.030811,-0.431183,0.743872,0.366967,0.237687,0.485351
0.917083,0.03067,0.063818,-0.391852,0.899818,0.054786,-0.03083,-0.431183,0.743785,0.367081,0.237789,0.485342
0.917064,0.030832,0.063693,-0.391902,0.899878,0.054567,-0.030633,-0.431103,0.743718,0.367123,0.237926,0.485344
0.917085,0.03072,0.063668,-0.391866,0.899981,0.054297,-0.030258,-0.430948,0.743721,0.367136,0.238012,0.485288
0.917116,0.030372,0.063763,-0.391811,0.900106,0.053969,-0.029975,-0.430754,0.743745,0.367103,0.238047,0.48526
0.917135,0.029871,0.063925,-0.391787,0.900177,0.053574,-0.029864,-0.430664,0.743812,0.366979,0.237977,0.485291
0.917137,0.029414,0.064083,-0.391797,0.90018,0.05337,-0.029985,-0.430678,0.743893,0.366903,0.237927,0.485252
0.917202,0.029084,0.064145,-0.391665,0.900118,0.05349,-0.030258,-0.430772,0.743937,0.36681,0.23792,0.485263
0.917234,0.029048,0.064054,-0.391609,0.900057,0.053741,-0.030551,-0.430846,0.74397,0.366719,0.237983,0.485253
0.917261,0.029259,0.063813,-0.391566,0.899984,0.053989,-0.030708,-0.430954,0.743965,0.36669,0.238062,0.485247
0.917245,0.029565,0.063603,-0.391608,0.899948,0.054053,-0.030652,-0.431024,0.743936,0.366727,0.238167,0.48521
0.917246,0.029721,0.063392,-0.391627,0.899951,0.053879,-0.030419,-0.431059,0.743915,0.366747,0.23823,0.485196
0.917245,0.029695,0.063348,-0.391641,0.899956,0.053647,-0.030308,-0.431087,0.743895,0.36675,0.238275,0.485201
0.917258,0.029377,0.063534,-0.391607,0.899989,0.053332,-0.030333,-0.431058,0.743903,0.366723,0.23828,0.48521
0.917277,0.029043,0.063766,-0.391554,0.900023,0.053048,-0.030451,-0.43102,0.743922,0.366683,0.238225,0.485239
0.917278,0.028612,0.064064,-0.391542,0.900034,0.052748,-0.030567,-0.431027,0.743912,0.366688,0.238272,0.485226
0.917266,0.028275,0.064319,-0.391559,0.899994,0.052578,-0.030757,-0.43112,0.743918,0.36669,0.238283,0.485209
0.917271,0.028093,0.064406,-0.391547,0.899931,0.052624,-0.031031,-0.431228,0.743889,0.366768,0.238303,0.485183
0.917267,0.028149,0.064402,-0.391554,0.89984,0.052858,-0.031198,-0.431373,0.74386,0.366855,0.238293,0.485163
0.917274,0.028363,0.064328,-0.39153,0.899766,0.053016,-0.031194,-0.431508,0.74381,0.366938,0.238257,0.485192
0.917229,0.028607,0.064267,-0.391625,0.899698,0.05306,-0.031059,-0.431653,0.74375,0.367045,0.238257,0.485196
0.917142,0.028879,0.064302,-0.3918,0.899664,0.053047,-0.030883,-0.43174,0.743717,0.367196,0.238155,0.485177
0.91706,0.029045,0.064504,-0.391941,0.899635,0.05299,-0.030726,-0.431819,0.743606,0.367387,0.238069,0.485235
0.917017,0.029082,0.06485,-0.391983,0.899567,0.052959,-0.030618,-0.431971,0.743439,0.367719,0.237988,0.485265
0.916977,0.029092,0.06517,-0.392021,0.899472,0.053034,-0.030591,-0.432164,0.743226,0.368131,0.237963,0.485272
0.916917,0.029101,0.065484,-0.392107,0.899341,0.053114,-0.030548,-0.432429,0.742982,0.368571,0.238113,0.485221
0.916859,0.029174,0.065787,-0.392187,0.89917,0.053321,-0.030547,-0.432758,0.742773,0.36898,0.238194,0.485172
0.9168,0.02934,0.066017,-0.392272,0.898963,0.053644,-0.030592,-0.433142,0.742643,0.369289,0.238212,0.485115
0.916718,0.029524,0.066164,-0.392421,0.898743,0.053937,-0.030468,-0.433571,0.74256,0.369552,0.238198,0.485038
0.916626,0.029836,0.06623,-0.392597,0.898596,0.054239,-0.030189,-0.433853,0.742492,0.369752,0.238141,0.48501
0.916506,0.03024,0.066261,-0.392833,0.898543,0.054426,-0.029792,-0.433965,0.742488,0.369931,0.237978,0.48495
0.916382,0.030567,0.066332,-0.393081,0.89859,0.054501,-0.029253,-0.433893,0.74256,0.370019,0.237807,0.484854
0.916277,0.030855,0.066371,-0.393294,0.898645,0.054478,-0.028761,-0.433814,0.742623,0.370143,0.237597,0.484761
0.916195,0.030953,0.066468,-0.393459,0.898681,0.054398,-0.028484,-0.433768,0.742678,0.370186,0.237392,0.484744
0.916143,0.030914,0.066687,-0.393546,0.89866,0.054326,-0.028483,-0.433823,0.742715,0.370276,0.237244,0.484687
0.916093,0.030875,0.066851,-0.393638,0.898608,0.05435,-0.02866,-0.433916,0.74274,0.370341,0.237186,0.484626
0.916065,0.030851,0.066939,-0.393691,0.898542,0.054566,-0.028874,-0.434008,0.742748,0.37036,0.23719,0.484595
0.916063,0.030851,0.066926,-0.3937,0.898445,0.054873,-0.02925,-0.434144,0.742738,0.370408,0.237206,0.484565
0.91606,0.030958,0.066857,-0.393708,0.898395,0.055127,-0.029534,-0.434192,0.742721,0.370478,0.23722,0.484528
0.916028,0.031166,0.066592,-0.393808,0.898379,0.055292,-0.029652,-0.434196,0.742713,0.370428,0.237278,0.484553
0.916012,0.031417,0.066345,-0.393864,0.898405,0.055203,-0.029663,-0.434153,0.742715,0.370397,0.23732,0.484555
0.915988,0.031573,0.066155,-0.393937,0.898494,0.054907,-0.029526,-0.43402,0.742808,0.370317,0.237258,0.484506
0.915977,0.031539,0.06598,-0.393997,0.898599,0.054574,-0.02946,-0.433852,0.742933,0.370166,0.237066,0.48453
0.916018,0.031366,0.065914,-0.393929,0.898669,0.054363,-0.029504,-0.433731,0.743091,0.369968,0.236853,0.484552
0.916092,0.031064,0.065814,-0.393801,0.898683,0.054357,-0.029784,-0.433682,0.743194,0.369829,0.236728,0.484568
0.916167,0.030821,0.065643,-0.393678,0.898652,0.0545,-0.030204,-0.433699,0.743253,0.369713,0.236696,0.484585
0.916216,0.030811,0.065362,-0.393611,0.898581,0.054626,-0.030615,-0.433801,0.743364,0.369541,0.236702,0.484552
0.916245,0.030945,0.065011,-0.393589,0.898543,0.054639,-0.030858,-0.433861,0.743434,0.369411,0.236702,0.484551
0.916213,0.031045,0.064674,-0.39371,0.898583,0.054481,-0.030901,-0.433798,0.743495,0.369272,0.236664,0.484587
0.916206,0.031103,0.064498,-0.39375,0.898659,0.054192,-0.030792,-0.433687,0.743561,0.369146,0.236644,0.484597
0.916216,0.030948,0.064429,-0.393754,0.89875,0.053905,-0.03063,-0.43355,0.743613,0.369071,0.236602,0.484599
0.916251,0.030712,0.064435,-0.393692,0.89882,0.053655,-0.03056,-0.433442,0.743621,0.369032,0.236588,0.484623
0.916304,0.030485,0.064455,-0.393589,0.898852,0.053597,-0.030519,-0.433385,0.743641,0.369019,0.236552,0.48462
0.916367,0.030302,0.064481,-0.393452,0.898866,0.053785,-0.030642,-0.433323,0.743609,0.369078,0.236515,0.484641
0.916402,0.03043,0.06439,-0.393375,0.898823,0.054093,-0.0308,-0.433359,0.743568,0.369137,0.236525,0.48465
0.916421,0.030774,0.064319,-0.39331,0.898801,0.054336,-0.030908,-0.433363,0.743519,0.369197,0.236477,0.484699
0.916422,0.031187,0.064195,-0.393288,0.898789,0.054581,-0.030917,-0.433353,0.743464,0.369269,0.236381,0.484773
0.916426,0.031454,0.06419,-0.393257,0.898859,0.054659,-0.030801,-0.433206,0.74338,0.369361,0.23629,0.484872
0.916439,0.031497,0.064241,-0.393211,0.898952,0.054542,-0.030552,-0.433046,0.743331,0.369418,0.23625,0.484918
0.916468,0.031442,0.064319,-0.393135,0.899025,0.054398,-0.030319,-0.432929,0.743285,0.369465,0.236246,0.484952
0.916505,0.031203,0.064492,-0.393044,0.899064,0.05434,-0.030266,-0.43286,0.743276,0.369514,0.236221,0.48494
0.916557,0.031126,0.064578,-0.392916,0.899065,0.054407,-0.030322,-0.432845,0.743243,0.369524,0.236263,0.484961
0.916591,0.031119,0.064619,-0.392832,0.899046,0.054617,-0.030501,-0.432843,0.743221,0.369543,0.236307,0.484957
0.916564,0.031322,0.064618,-0.392874,0.899036,0.054737,-0.0306,-0.432841,0.743185,0.369557,0.236344,0.484984
0.916508,0.031484,0.064644,-0.392986,0.899039,0.054764,-0.030658,-0.432826,0.743193,0.369578,0.236305,0.484974
0.916464,0.031537,0.064719,-0.393069,0.899101,0.054553,-0.030607,-0.43273,0.743228,0.369539,0.236293,0.484957
0.916458,0.031442,0.064777,-0.393082,0.899163,0.054317,-0.030404,-0.432647,0.743282,0.369449,0.236267,0.484958
0.916483,0.031168,0.064872,-0.393037,0.899191,0.054237,-0.030236,-0.432611,0.74326,0.36948,0.23632,0.484942
0.916542,0.03089,0.064927,-0.392914,0.899196,0.054253,-0.030189,-0.432601,0.743282,0.36949,0.236289,0.484917
0.916594,0.030716,0.064901,-0.392815,0.899181,0.054436,-0.03025,-0.432603,0.743304,0.369468,0.236224,0.484932
0.916602,0.030819,0.064805,-0.392803,0.899191,0.054741,-0.030435,-0.432527,0.743308,0.369433,0.236214,0.484959
0.916584,0.031153,0.064705,-0.392829,0.899189,0.054954,-0.030596,-0.43249,0.743323,0.369423,0.236208,0.484947
0.916561,0.031477,0.064602,-0.392867,0.899236,0.054924,-0.030573,-0.4324,0.743321,0.369428,0.236241,0.48493
0.916488,0.031665,0.064642,-0.393014,0.89927,0.054835,-0.030553,-0.432342,0.743283,0.369575,0.236294,0.484845
0.91645,0.031615,0.064759,-0.39309,0.899293,0.054865,-0.030525,-0.432292,0.743244,0.36971,0.23634,0.484776
0.916467,0.031489,0.064855,-0.393047,0.899273,0.05489,-0.030537,-0.432328,0.743202,0.369824,0.236408,0.484715
0.916473,0.031336,0.064951,-0.39303,0.899228,0.054939,-0.030477,-0.432421,0.743184,0.369911,0.236413,0.48467
0.916484,0.03125,0.064998,-0.393004,0.899155,0.055019,-0.030414,-0.432565,0.743203,0.369977,0.236407,0.48459
0.916453,0.031349,0.064981,-0.39307,0.899094,0.055073,-0.030346,-0.432689,0.743241,0.370003,0.23634,0.484545
0.916415,0.031466,0.064998,-0.393146,0.899035,0.055181,-0.030356,-0.432798,0.743237,0.370051,0.236262,0.48455
0.916369,0.031481,0.06508,-0.393239,0.899016,0.055277,-0.030347,-0.432826,0.743305,0.370016,0.23619,0.484511
0.916333,0.031482,0.065167,-0.393307,0.898986,0.055378,-0.030358,-0.432872,0.743312,0.37001,0.236145,0.484526
0.916317,0.031451,0.065257,-0.393332,0.898945,0.055499,-0.030417,-0.432936,0.743283,0.370115,0.236132,0.484492
0.916283,0.031458,0.065327,-0.3934,0.898915,0.055585,-0.03051,-0.432982,0.743228,0.37022,0.236196,0.484461
0.916234,0.031561,0.065384,-0.393494,0.898906,0.055566,-0.03057,-0.432998,0.743171,0.370318,0.236309,0.484416
0.916196,0.031632,0.065485,-0.393558,0.898951,0.055381,-0.030523,-0.432934,0.743135,0.370353,0.236439,0.484378
0.916193,0.031488,0.065657,-0.393551,0.898947,0.055155,-0.030415,-0.432982,0.743156,0.370374,0.236502,0.484301
0.916232,0.031236,0.065869,-0.393449,0.898977,0.054847,-0.03038,-0.432962,0.743175,0.370322,0.236526,0.484301
0.91628,0.030866,0.06604,-0.393341,0.899016,0.054597,-0.030241,-0.432928,0.743206,0.370241,0.236571,0.484298
0.916302,0.030518,0.066218,-0.393291,0.899094,0.054512,-0.030066,-0.432787,0.743224,0.370173,0.236576,0.484321
0.916358,0.030374,0.066303,-0.393162,0.899109,0.054582,-0.029859,-0.43276,0.743241,0.370103,0.236651,0.484315
0.916382,0.030411,0.066407,-0.393085,0.899163,0.054642,-0.029663,-0.432653,0.743214,0.370127,0.236776,0.484278
0.916372,0.03063,0.066495,-0.393071,0.899198,0.054686,-0.029508,-0.432585,0.743194,0.370139,0.236918,0.484228
0.916334,0.030848,0.066499,-0.393138,0.899266,0.054618,-0.029318,-0.432464,0.743171,0.370233,0.237015,0.484142
0.916293,0.031014,0.066619,-0.3932,0.899328,0.054466,-0.029097,-0.43237,0.74316,0.370276,0.237169,0.484051
0.916282,0.030909,0.066822,-0.3932,0.899346,0.05425,-0.028949,-0.432372,0.743154,0.370318,0.237257,0.483982
0.9163,0.030455,0.067171,-0.393141,0.899354,0.054044,-0.028965,-0.432382,0.743154,0.370356,0.237355,0.483905
0.916351,0.029913,0.067515,-0.393013,0.899348,0.053892,-0.029039,-0.432413,0.743153,0.370333,0.237473,0.483867
0.916404,0.029529,0.067734,-0.392884,0.899344,0.053713,-0.028993,-0.432449,0.743113,0.370392,0.237644,0.483796
0.916467,0.029142,0.067915,-0.39274,0.899355,0.053493,-0.028817,-0.432467,0.743122,0.370344,0.237759,0.483766
0.916524,0.028945,0.068,-0.392611,0.899414,0.053315,-0.028611,-0.43238,0.743167,0.370261,0.237742,0.483773
0.916557,0.02894,0.067947,-0.392541,0.899484,0.053401,-0.028499,-0.43223,0.743232,0.370175,0.237652,0.483786
0.916596,0.02906,0.067944,-0.39244,0.899547,0.053599,-0.028496,-0.432073,0.743285,0.370112,0.237476,0.48384
0.916621,0.029312,0.067888,-0.392368,0.899598,0.053842,-0.028556,-0.431929,0.743297,0.370044,0.237339,0.483944
0.916633,0.029567,0.06781,-0.392332,0.899648,0.053917,-0.028558,-0.431812,0.743309,0.370069,0.237299,0.483924
0.916607,0.029821,0.067775,-0.392374,0.899684,0.05389,-0.028507,-0.431744,0.743226,0.370152,0.237362,0.483955
0.916598,0.029869,0.067872,-0.392375,0.899689,0.053749,-0.028453,-0.431758,0.743149,0.370237,0.237482,0.483946
0.916628,0.029858,0.06802,-0.39228,0.8997,0.053582,-0.028395,-0.431762,0.743054,0.370362,0.237559,0.483952
0.91667,0.029693,0.068225,-0.392159,0.899724,0.053546,-0.028423,-0.431714,0.742958,0.370509,0.237639,0.483942
0.916698,0.029582,0.068356,-0.392083,0.899773,0.053648,-0.02845,-0.431595,0.742897,0.370628,0.237685,0.483914
0.916745,0.02951,0.068452,-0.391961,0.899831,0.0537,-0.028363,-0.431471,0.742838,0.370719,0.237689,0.483932
0.91679,0.029544,0.068479,-0.391847,0.899923,0.053804,-0.028134,-0.431281,0.7428,0.370833,0.237623,0.483929
0.916792,0.029741,0.068462,-0.391827,0.899998,0.053918,-0.027938,-0.431119,0.742799,0.370881,0.237463,0.483971
0.916771,0.030102,0.068457,-0.391846,0.900026,0.054119,-0.027825,-0.431042,0.742763,0.370948,0.237277,0.484062
0.916737,0.03041,0.068517,-0.391884,0.899987,0.054365,-0.027847,-0.431089,0.742688,0.371085,0.237147,0.484128
0.916699,0.03082,0.068563,-0.391928,0.899895,0.054645,-0.027933,-0.431236,0.742606,0.371305,0.237006,0.484145
0.916642,0.031171,0.068584,-0.392025,0.899797,0.055013,-0.027961,-0.431388,0.742484,0.371552,0.236892,0.484187
0.916579,0.031486,0.068539,-0.392149,0.899708,0.055291,-0.028069,-0.431529,0.742391,0.371802,0.236836,0.484155
0.91653,0.031713,0.068539,-0.392244,0.899617,0.055705,-0.028265,-0.431649,0.742345,0.371958,0.236753,0.484139
0.916508,0.031831,0.068451,-0.392298,0.899511,0.056053,-0.028503,-0.431807,0.742321,0.372092,0.236641,0.484121
0.916471,0.031878,0.068323,-0.392405,0.899438,0.056253,-0.028583,-0.431925,0.742367,0.372129,0.236493,0.484093
0.916437,0.031967,0.068186,-0.3925,0.899429,0.056258,-0.028533,-0.431946,0.742432,0.372104,0.236349,0.484086
0.916412,0.031953,0.068114,-0.392572,0.899433,0.056057,-0.028444,-0.431972,0.742555,0.372049,0.236174,0.484026
0.91636,0.031906,0.068155,-0.392688,0.899414,0.055754,-0.028373,-0.43206,0.742658,0.371955,0.235993,0.484034
0.916287,0.031845,0.068259,-0.39285,0.899359,0.055496,-0.028387,-0.43221,0.742786,0.371884,0.235879,0.483953
0.916245,0.031704,0.068379,-0.392939,0.899307,0.055307,-0.028468,-0.432339,0.742865,0.371797,0.235811,0.483935
0.916194,0.031458,0.068454,-0.393069,0.899235,0.055341,-0.028626,-0.432474,0.742906,0.371738,0.235811,0.483919
0.916153,0.031294,0.068511,-0.393172,0.899175,0.055523,-0.028773,-0.432565,0.742941,0.371693,0.235865,0.483878
0.916115,0.031244,0.06849,-0.393269,0.899158,0.05562,-0.028763,-0.432588,0.743017,0.371634,0.235884,0.4838
0.916114,0.031272,0.068413,-0.393282,0.899197,0.055506,-0.02864,-0.43253,0.743083,0.371555,0.23592,0.483745
0.916077,0.031375,0.068384,-0.393361,0.899243,0.055292,-0.028404,-0.432479,0.743124,0.371517,0.236046,0.483654
0.916064,0.031375,0.068517,-0.393371,0.899289,0.055136,-0.028261,-0.432414,0.743119,0.371496,0.236134,0.483635
0.916067,0.031219,0.068743,-0.393337,0.899291,0.055046,-0.028236,-0.432425,0.743064,0.371508,0.236311,0.483622
0.916076,0.031094,0.0689,-0.393302,0.899283,0.055068,-0.028263,-0.432436,0.743013,0.371564,0.236446,0.48359
0.916093,0.031006,0.069049,-0.393244,0.899257,0.055072,-0.028283,-0.432489,0.742958,0.371586,0.236631,0.483567
0.91606,0.031029,0.069281,-0.393275,0.899221,0.055035,-0.02825,-0.43257,0.742946,0.371607,0.23677,0.483502
0.916001,0.031104,0.069443,-0.393379,0.899207,0.05495,-0.028207,-0.432615,0.742945,0.371636,0.236931,0.4834
0.915981,0.031073,0.069596,-0.393399,0.899214,0.054725,-0.028102,-0.432638,0.742982,0.371637,0.237018,0.483301
0.916002,0.030887,0.069722,-0.393347,0.899228,0.054545,-0.027828,-0.432651,0.74303,0.371566,0.237052,0.48327
0.916063,0.030633,0.069789,-0.393218,0.899274,0.05447,-0.02755,-0.432582,0.743072,0.371503,0.237073,0.483247
0.916088,0.030442,0.069871,-0.393162,0.899294,0.054509,-0.027451,-0.432544,0.743087,0.371417,0.237088,0.483285
0.916064,0.030542,0.069915,-0.393199,0.899289,0.054523,-0.027321,-0.432559,0.743062,0.37144,0.237119,0.483289
0.915994,0.030816,0.069939,-0.393334,0.899289,0.0544,-0.027277,-0.432578,0.743064,0.371479,0.23715,0.48324
0.915916,0.031033,0.069957,-0.393493,0.899266,0.054221,-0.027363,-0.432646,0.743072,0.371519,0.237199,0.483172
0.915867,0.031126,0.07008,-0.393575,0.899233,0.053955,-0.027401,-0.432747,0.743069,0.371547,0.237302,0.483104
0.915831,0.030928,0.07033,-0.393633,0.899236,0.053691,-0.027404,-0.432777,0.743052,0.371561,0.237458,0.483043
0.915853,0.030468,0.070587,-0.393577,0.899266,0.053559,-0.027313,-0.43274,0.74303,0.371554,0.237566,0.48303
0.91592,0.029988,0.070677,-0.39345,0.899291,0.053569,-0.027273,-0.432688,0.743,0.371601,0.237738,0.482954
0.915956,0.029797,0.070697,-0.393379,0.899309,0.053673,-0.027123,-0.432646,0.742942,0.37167,0.237823,0.482945
0.915964,0.029943,0.070645,-0.393356,0.899331,0.053802,-0.026945,-0.432591,0.742903,0.371706,0.237897,0.482939
0.915917,0.030284,0.070579,-0.393446,0.899389,0.053824,-0.026776,-0.432479,0.742872,0.371784,0.237881,0.482932
0.915878,0.030665,0.070571,-0.393504,0.899408,0.053767,-0.026673,-0.432454,0.742915,0.371823,0.237784,0.482883
0.915824,0.030872,0.070661,-0.393596,0.899426,0.053684,-0.026677,-0.432426,0.742923,0.371828,0.237753,0.482881
0.915834,0.030923,0.070768,-0.393548,0.899425,0.05366,-0.026709,-0.432432,0.742915,0.371804,0.237722,0.482927
0.915831,0.030843,0.070895,-0.393537,0.899396,0.053641,-0.026741,-0.432493,0.742898,0.371818,0.237738,0.482934
0.915843,0.030718,0.070962,-0.393509,0.899393,0.053681,-0.02681,-0.432489,0.742843,0.371889,0.237791,0.482934
0.915871,0.030654,0.070993,-0.393446,0.899371,0.05367,-0.026819,-0.432537,0.742813,0.371942,0.237888,0.482892
0.915887,0.030588,0.070956,-0.393421,0.899354,0.053648,-0.026767,-0.432576,0.742797,0.372001,0.237942,0.482841
0.915901,0.030548,0.070951,-0.393393,0.899327,0.053667,-0.026682,-0.432636,0.742812,0.371967,0.237879,0.482877
0.915906,0.030554,0.070927,-0.393385,0.899328,0.053708,-0.026657,-0.432631,0.742835,0.371946,0.237755,0.48292
0.915877,0.030667,0.070895,-0.393448,0.899318,0.053799,-0.026702,-0.432636,0.742903,0.37188,0.237612,0.482937
0.915847,0.030819,0.07088,-0.393508,0.899328,0.053821,-0.026816,-0.432605,0.742936,0.371849,0.237486,0.482975
0.915831,0.030989,0.070865,-0.393532,0.899315,0.053829,-0.026917,-0.432624,0.742979,0.371805,0.237443,0.482965
0.915829,0.031021,0.07086,-0.393533,0.899302,0.05374,-0.026981,-0.432658,0.742968,0.371794,0.237503,0.48296
0.915817,0.03093,0.070851,-0.393572,0.899269,0.05356,-0.027056,-0.432748,0.742965,0.371786,0.237592,0.482929
0.915825,0.030742,0.070876,-0.393567,0.89923,0.053515,-0.027232,-0.432825,0.742962,0.371788,0.237607,0.482925
0.915859,0.030511,0.070872,-0.393508,0.899191,0.053454,-0.027356,-0.432905,0.743009,0.371736,0.237647,0.482876
0.91588,0.030354,0.070782,-0.393489,0.899166,0.053481,-0.027432,-0.432952,0.743045,0.371712,0.237652,0.482838
0.915877,0.030287,0.07074,-0.393513,0.89916,0.053455,-0.027426,-0.432965,0.7431,0.371657,0.237575,0.482836
0.915863,0.030406,0.070677,-0.393542,0.899206,0.053397,-0.027331,-0.432885,0.743173,0.371563,0.237439,0.482867
0.915826,0.030593,0.070627,-0.393621,0.899222,0.053326,-0.027219,-0.432867,0.743195,0.37158,0.237377,0.48285
0.915777,0.030816,0.070581,-0.393725,0.899234,0.053292,-0.027054,-0.432858,0.743185,0.37165,0.237358,0.482818
0.91572,0.03099,0.070631,-0.393832,0.899285,0.05322,-0.026993,-0.432763,0.743156,0.371726,0.237387,0.482786
0.915693,0.031041,0.070716,-0.393875,0.899273,0.053143,-0.026992,-0.432799,0.743069,0.371847,0.237459,0.482787
0.915736,0.030823,0.070922,-0.393758,0.899223,0.053217,-0.027037,-0.43289,0.743021,0.371867,0.237479,0.482835
0.915803,0.030638,0.070983,-0.393606,0.899174,0.053439,-0.027091,-0.432961,0.743,0.371855,0.237404,0.482912
0.915821,0.030616,0.071003,-0.393566,0.899136,0.053731,-0.027094,-0.432999,0.742975,0.371887,0.237333,0.48296
0.915804,0.030794,0.071018,-0.393585,0.899101,0.054077,-0.027062,-0.433028,0.742942,0.371929,0.23727,0.483004
0.915775,0.03116,0.070886,-0.393641,0.89908,0.054304,-0.026942,-0.433049,0.742926,0.371982,0.237233,0.483004
0.915757,0.031591,0.070828,-0.393654,0.899106,0.054361,-0.026659,-0.433003,0.742894,0.372017,0.237221,0.483031
0.915726,0.031875,0.070834,-0.393695,0.899154,0.054194,-0.026367,-0.432943,0.742875,0.372086,0.237228,0.483002
0.915694,0.031899,0.070921,-0.393753,0.899176,0.053917,-0.026199,-0.432944,0.742852,0.372155,0.237172,0.483008
0.915678,0.031745,0.071077,-0.393775,0.899171,0.053605,-0.026217,-0.432997,0.742882,0.372146,0.237108,0.483
0.915689,0.031363,0.071281,-0.393749,0.899151,0.053403,-0.026392,-0.433056,0.742927,0.372109,0.237094,0.482969
0.915711,0.030997,0.071383,-0.393717,0.899077,0.053479,-0.026705,-0.433181,0.742949,0.372069,0.237135,0.482947
0.915707,0.030785,0.071336,-0.393752,0.898993,0.053786,-0.027137,-0.433287,0.74296,0.372056,0.237208,0.482906
0.9157,0.030727,0.071221,-0.393797,0.898939,0.054002,-0.027413,-0.433353,0.743015,0.371991,0.237273,0.482844
0.915695,0.030864,0.071002,-0.393833,0.898896,0.054079,-0.027301,-0.433441,0.743029,0.37194,0.237284,0.482858
0.915685,0.03103,0.070781,-0.39388,0.89888,0.053984,-0.02707,-0.4335,0.743079,0.371868,0.237285,0.482839
0.915646,0.031201,0.070658,-0.39398,0.898918,0.053845,-0.026812,-0.433457,0.743113,0.371864,0.237187,0.482839
0.915621,0.031267,0.070653,-0.394031,0.898947,0.053756,-0.026723,-0.433413,0.743157,0.371855,0.237114,0.482813
0.915649,0.031242,0.070691,-0.393962,0.898953,0.053705,-0.026778,-0.433405,0.743175,0.371831,0.237106,0.48281
0.91567,0.031203,0.070726,-0.393912,0.898958,0.053763,-0.026953,-0.433374,0.743114,0.371889,0.237149,0.482835
0.915685,0.031195,0.070803,-0.393863,0.89895,0.053895,-0.02713,-0.433364,0.743047,0.371963,0.237201,0.482853
0.91565,0.031269,0.070801,-0.393938,0.898972,0.053897,-0.027191,-0.433313,0.742992,0.372045,0.23733,0.482808
0.915637,0.031257,0.070791,-0.393971,0.899018,0.053775,-0.027161,-0.433236,0.74298,0.372037,0.23739,0.482802
0.91566,0.031121,0.070828,-0.393922,0.899057,0.053694,-0.027103,-0.43317,0.74297,0.37202,0.237437,0.48281
0.915707,0.030854,0.070886,-0.393829,0.899113,0.053562,-0.02696,-0.433079,0.742969,0.371976,0.237471,0.482828
0.915767,0.030684,0.070896,-0.393703,0.899181,0.053475,-0.02681,-0.432959,0.742971,0.371906,0.237483,0.482876
0.915786,0.030654,0.070887,-0.393661,0.899217,0.053597,-0.026786,-0.432867,0.742995,0.37184,0.237418,0.482924
0.915773,0.030826,0.070854,-0.393683,0.899203,0.053749,-0.026858,-0.432871,0.743027,0.371774,0.237354,0.482961
0.915727,0.031244,0.070766,-0.393767,0.899167,0.053921,-0.02697,-0.432917,0.743027,0.371707,0.237367,0.483009
0.915675,0.031501,0.07074,-0.393867,0.899121,0.053933,-0.027106,-0.433001,0.74303,0.371721,0.237387,0.482982
0.915633,0.031622,0.070793,-0.393945,0.899077,0.053777,-0.027173,-0.433113,0.743008,0.37177,0.237459,0.482941
0.915617,0.031356,0.070944,-0.39398,0.899095,0.05361,-0.027168,-0.433097,0.742965,0.371799,0.237558,0.482935
0.915639,0.030943,0.07105,-0.393949,0.899148,0.053449,-0.027076,-0.433016,0.742954,0.371797,0.2376,0.482934
0.91571,0.030537,0.071126,-0.393807,0.899197,0.053315,-0.026903,-0.432942,0.742939,0.371791,0.23768,0.482922
0.915787,0.030222,0.071075,-0.393665,0.89923,0.053282,-0.026831,-0.432881,0.742917,0.371792,0.237717,0.482937
0.915809,0.030304,0.070961,-0.393629,0.899239,0.053424,-0.026805,-0.432843,0.742929,0.371749,0.237664,0.48298
0.915788,0.030663,0.070857,-0.393663,0.89925,0.053626,-0.026868,-0.43279,0.742944,0.371752,0.23755,0.483009
0.915737,0.031102,0.070836,-0.393744,0.899244,0.053775,-0.027028,-0.432773,0.74296,0.371734,0.23745,0.483047
0.915706,0.031544,0.070788,-0.393785,0.899223,0.053877,-0.027144,-0.432797,0.742933,0.371745,0.237367,0.48312
0.915669,0.031725,0.070745,-0.39386,0.899238,0.053892,-0.027198,-0.432759,0.742923,0.371752,0.237328,0.483147
0.915645,0.031623,0.070709,-0.393931,0.899238,0.053897,-0.02722,-0.432757,0.74285,0.371804,0.237397,0.483184
0.915679,0.031444,0.070688,-0.393876,0.899253,0.053789,-0.027043,-0.432751,0.742793,0.371901,0.237497,0.483145
0.915733,0.031247,0.070663,-0.393773,0.899259,0.053678,-0.026833,-0.432766,0.742709,0.372001,0.237596,0.483142
0.915725,0.031116,0.070678,-0.393798,0.899251,0.053648,-0.026749,-0.432794,0.742678,0.372106,0.237615,0.483096
0.91568,0.031176,0.070679,-0.393899,0.899217,0.053614,-0.026813,-0.432864,0.742704,0.372103,0.237566,0.483084
0.915637,0.031276,0.070685,-0.393988,0.899154,0.053605,-0.026985,-0.432987,0.742792,0.372088,0.237444,0.483021
0.915586,0.031424,0.070648,-0.394101,0.899102,0.05362,-0.027168,-0.433081,0.742867,0.372073,0.237293,0.482993
0.915547,0.0315,0.070648,-0.394184,0.899048,0.053657,-0.027201,-0.433187,0.74295,0.372004,0.237262,0.482938
0.915541,0.031422,0.070632,-0.394208,0.899023,0.053678,-0.027182,-0.433236,0.742957,0.372029,0.237319,0.482879
0.915531,0.031361,0.070591,-0.394245,0.898976,0.053674,-0.02705,-0.433343,0.74297,0.37207,0.237366,0.482802
0.915519,0.031239,0.070542,-0.394293,0.898922,0.053583,-0.026923,-0.433478,0.743004,0.372124,0.237352,0.482715
0.9155,0.031176,0.070544,-0.394344,0.898879,0.053517,-0.026911,-0.433576,0.743036,0.372146,0.237356,0.482647
0.915462,0.031199,0.070586,-0.39442,0.898858,0.053479,-0.026921,-0.433624,0.743095,0.372131,0.237295,0.482598
0.915405,0.031266,0.070602,-0.394544,0.898857,0.053496,-0.026954,-0.433622,0.74318,0.372039,0.237206,0.482587
0.915349,0.03128,0.070605,-0.394673,0.898847,0.053529,-0.026943,-0.433639,0.743269,0.371982,0.237143,0.482528
0.915311,0.031311,0.070596,-0.39476,0.898813,0.053523,-0.026959,-0.433709,0.74333,0.372003,0.237123,0.482427
0.915286,0.031373,0.070574,-0.394815,0.898791,0.053475,-0.026933,-0.433763,0.743326,0.372095,0.237139,0.482352
0.915242,0.031424,0.07062,-0.394906,0.898727,0.053491,-0.026959,-0.433891,0.74334,0.372166,0.237114,0.482285
0.915202,0.031419,0.070744,-0.394977,0.898683,0.053504,-0.027097,-0.433973,0.743338,0.372224,0.237065,0.482265
0.915194,0.03143,0.070843,-0.394976,0.898671,0.05363,-0.027242,-0.433973,0.743285,0.372315,0.237041,0.482284
0.915223,0.031501,0.070827,-0.394905,0.898685,0.053654,-0.027303,-0.433936,0.74326,0.372373,0.237031,0.482279
0.915247,0.031587,0.070838,-0.394839,0.898724,0.053731,-0.027302,-0.433843,0.743205,0.372416,0.23699,0.48235
0.915265,0.03162,0.0708,-0.3948,0.898744,0.053769,-0.027242,-0.4338,0.743122,0.372534,0.237,0.482375
0.915288,0.031673,0.07071,-0.394758,0.898754,0.053947,-0.027243,-0.433756,0.743068,0.372583,0.236933,0.48245
0.9153,0.031887,0.070569,-0.394734,0.898751,0.054077,-0.027271,-0.433745,0.743013,0.372664,0.236906,0.482482
0.915285,0.032169,0.070466,-0.394762,0.898709,0.054121,-0.027375,-0.433817,0.74299,0.372711,0.236863,0.482499
0.915265,0.032412,0.070425,-0.394793,0.898661,0.054167,-0.02755,-0.4339,0.742979,0.372729,0.236847,0.48251
0.915231,0.032533,0.070453,-0.394853,0.898627,0.054099,-0.027696,-0.433973,0.742993,0.3727,0.236776,0.482548
0.915225,0.032461,0.070521,-0.394863,0.898618,0.054077,-0.027827,-0.433984,0.743017,0.372658,0.236684,0.482589
0.915264,0.032117,0.070561,-0.394799,0.898643,0.054073,-0.027836,-0.433932,0.743016,0.372617,0.23664,0.482645
0.915314,0.031815,0.070577,-0.394709,0.898678,0.054087,-0.02782,-0.433858,0.743023,0.372591,0.236654,0.482648
0.915346,0.031633,0.070541,-0.394659,0.898731,0.054123,-0.027734,-0.43375,0.743007,0.372582,0.236622,0.482696
0.915349,0.03158,0.070451,-0.394672,0.898767,0.054172,-0.02771,-0.43367,0.743018,0.372546,0.236619,0.482709
0.915354,0.03174,0.070372,-0.39466,0.898793,0.054219,-0.027704,-0.43361,0.742982,0.372567,0.236685,0.482715
0.915362,0.031828,0.070363,-0.394634,0.898803,0.054304,-0.027775,-0.433572,0.74293,0.372596,0.23676,0.482734
0.915336,0.031943,0.070448,-0.394669,0.898793,0.054361,-0.027873,-0.433581,0.742884,0.372622,0.236909,0.482711
0.915347,0.031947,0.070514,-0.394631,0.898795,0.054341,-0.028002,-0.433571,0.742802,0.372704,0.237097,0.482677
0.915339,0.0318,0.070632,-0.394644,0.898827,0.054222,-0.028089,-0.433513,0.742745,0.372742,0.23732,0.482626
0.915364,0.031544,0.070772,-0.394583,0.898869,0.054041,-0.028,-0.433458,0.74268,0.372752,0.237557,0.4826
0.915383,0.031191,0.070934,-0.394543,0.898935,0.053877,-0.027786,-0.433357,0.742665,0.372738,0.237715,0.482558
0.915452,0.030907,0.07101,-0.394397,0.898992,0.053729,-0.027481,-0.433276,0.742669,0.372659,0.237818,0.482566
0.915518,0.030733,0.071018,-0.394255,0.899053,0.053695,-0.027177,-0.433174,0.742647,0.372702,0.237888,0.482532
0.915551,0.030778,0.071021,-0.394174,0.899063,0.053769,-0.027009,-0.433153,0.742685,0.372645,0.237867,0.482529
0.915547,0.030987,0.071027,-0.394161,0.899056,0.053903,-0.026973,-0.433151,0.742681,0.372598,0.237901,0.482555
0.91551,0.031183,0.071104,-0.394215,0.899034,0.05395,-0.026979,-0.433191,0.74267,0.372537,0.237983,0.482582
0.915463,0.031261,0.071252,-0.394291,0.898992,0.053964,-0.027033,-0.43327,0.742593,0.37262,0.238143,0.482554
0.915453,0.031242,0.071381,-0.394292,0.898967,0.053921,-0.027069,-0.433329,0.742558,0.37268,0.238373,0.482448
0.915465,0.031093,0.071491,-0.394259,0.898978,0.05386,-0.026965,-0.43332,0.742505,0.372705,0.238587,0.482402
0.915489,0.030809,0.07156,-0.394219,0.899017,0.053763,-0.026771,-0.433262,0.742449,0.372705,0.238785,0.48239
0.915499,0.030592,0.07164,-0.394201,0.899039,0.053609,-0.026598,-0.433249,0.742462,0.372728,0.238833,0.482329
0.915518,0.030382,0.071784,-0.394149,0.899077,0.053505,-0.026585,-0.433185,0.742504,0.372697,0.238869,0.482274
0.91554,0.030297,0.071803,-0.394102,0.899081,0.053566,-0.026594,-0.433169,0.742538,0.372603,0.238904,0.48228
0.915545,0.030321,0.071805,-0.394088,0.899091,0.053673,-0.026742,-0.433122,0.742539,0.372516,0.238935,0.482333
0.915518,0.030421,0.071813,-0.39414,0.89911,0.053691,-0.02684,-0.433075,0.742545,0.372469,0.238947,0.482358
0.9155,0.030564,0.071811,-0.394169,0.899157,0.053496,-0.026817,-0.433005,0.742536,0.372493,0.239045,0.482304
0.915489,0.030503,0.071834,-0.394194,0.899219,0.053284,-0.026701,-0.432912,0.742538,0.372458,0.239166,0.482269
0.915511,0.030308,0.071972,-0.394135,0.899285,0.05304,-0.026562,-0.432816,0.742524,0.372421,0.239265,0.48227
0.91556,0.030058,0.072096,-0.394022,0.899355,0.052826,-0.026446,-0.432705,0.742535,0.372382,0.239363,0.482238
0.915599,0.029758,0.072154,-0.39395,0.899412,0.052647,-0.026362,-0.432615,0.742509,0.372391,0.239437,0.482234
0.915601,0.029501,0.072247,-0.393951,0.899438,0.052596,-0.026278,-0.432572,0.742451,0.372405,0.23949,0.482285
0.915592,0.029443,0.072341,-0.393958,0.89942,0.052681,-0.026362,-0.432595,0.742451,0.372427,0.239513,0.482257
0.915619,0.029455,0.072361,-0.39389,0.899352,0.052842,-0.026582,-0.4327,0.742417,0.37247,0.239531,0.482264
0.915597,0.029628,0.072339,-0.393931,0.899298,0.053035,-0.02683,-0.432772,0.742376,0.372538,0.239503,0.482286
0.91555,0.029868,0.072337,-0.39402,0.899277,0.053118,-0.026958,-0.432797,0.742367,0.37259,0.239475,0.48227
0.915488,0.030039,0.072285,-0.394158,0.899272,0.053039,-0.026887,-0.432822,0.742375,0.372636,0.239477,0.482221
0.915466,0.030038,0.072318,-0.394204,0.89928,0.052903,-0.026714,-0.432834,0.742387,0.372657,0.239486,0.48218
0.915479,0.029877,0.072389,-0.394175,0.899343,0.052748,-0.026409,-0.432743,0.742458,0.372618,0.239464,0.482115
0.915502,0.02961,0.072454,-0.394131,0.899389,0.052729,-0.026205,-0.432663,0.742508,0.372576,0.239431,0.482088
0.915497,0.029418,0.072506,-0.394154,0.89938,0.052801,-0.026181,-0.432673,0.742535,0.372592,0.239402,0.48205
0.915488,0.029381,0.072544,-0.394169,0.899347,0.052938,-0.026286,-0.432716,0.742557,0.372664,0.239361,0.481978
0.915489,0.029543,0.072514,-0.394158,0.899317,0.053076,-0.026451,-0.432751,0.74255,0.372736,0.239338,0.481942
0.91546,0.029702,0.072496,-0.394214,0.899306,0.053101,-0.026534,-0.432764,0.742554,0.372796,0.239398,0.481857
0.915416,0.029788,0.072522,-0.394305,0.899322,0.053015,-0.026523,-0.432745,0.742558,0.372847,0.23943,0.481796
0.915391,0.02965,0.072631,-0.394356,0.899335,0.052835,-0.0265,-0.432743,0.742596,0.37291,0.239431,0.481685
0.915414,0.029505,0.072605,-0.394319,0.899328,0.052715,-0.026385,-0.432779,0.742629,0.372931,0.239419,0.481625
0.915457,0.029366,0.072598,-0.394234,0.899317,0.052691,-0.026196,-0.432819,0.742628,0.372935,0.23942,0.481622
0.915439,0.029347,0.072632,-0.394271,0.899318,0.052794,-0.026132,-0.432804,0.742629,0.372992,0.23938,0.481594
0.915383,0.029501,0.07264,-0.394386,0.89925,0.052899,-0.026133,-0.432932,0.742655,0.373023,0.239225,0.481606
0.915311,0.029719,0.072654,-0.394531,0.899165,0.053039,-0.026274,-0.433082,0.742655,0.373061,0.239144,0.481615
0.915248,0.029976,0.072682,-0.394648,0.899078,0.053111,-0.026445,-0.433243,0.742624,0.373143,0.239128,0.481603
0.915173,0.030194,0.072718,-0.394795,0.899038,0.05315,-0.026571,-0.433314,0.742574,0.373305,0.239127,0.48155
0.915127,0.030237,0.072813,-0.394884,0.899028,0.053093,-0.026612,-0.433341,0.742518,0.373485,0.23911,0.481497
0.91511,0.030155,0.072898,-0.394912,0.899014,0.053109,-0.026628,-0.433368,0.742518,0.373564,0.239017,0.481478
0.915129,0.029956,0.072939,-0.394881,0.899032,0.053135,-0.026658,-0.433324,0.742556,0.373549,0.238858,0.48151
0.915141,0.029875,0.072855,-0.394873,0.899046,0.053113,-0.026589,-0.433301,0.742593,0.373536,0.238718,0.481533
0.91513,0.029937,0.07276,-0.394911,0.899061,0.053062,-0.026622,-0.433276,0.74267,0.373454,0.238536,0.481573
0.915111,0.030084,0.072606,-0.394971,0.899035,0.05307,-0.026778,-0.433319,0.742709,0.373394,0.238418,0.481617
0.915124,0.030166,0.072504,-0.394953,0.899014,0.053213,-0.027059,-0.433327,0.742759,0.373321,0.238412,0.481604
0.915144,0.030184,0.072412,-0.394923,0.899015,0.053335,-0.027314,-0.433292,0.742756,0.373308,0.238472,0.48159
0.915128,0.030162,0.072365,-0.394971,0.899022,0.053364,-0.027531,-0.43326,0.742727,0.373314,0.238526,0.481603
0.915147,0.030011,0.072338,-0.394943,0.899024,0.053294,-0.027557,-0.433263,0.74273,0.373249,0.23863,0.481599
0.915153,0.029867,0.072337,-0.394942,0.899014,0.053082,-0.027374,-0.433323,0.742767,0.373159,0.23868,0.481592
0.915147,0.029711,0.07233,-0.394972,0.899056,0.052912,-0.027129,-0.433277,0.742854,0.373031,0.238634,0.481585
0.91516,0.029536,0.072401,-0.394946,0.899072,0.052813,-0.026947,-0.433265,0.742905,0.372915,0.238636,0.4816
0.915172,0.029431,0.072452,-0.394918,0.899082,0.052893,-0.026887,-0.433237,0.742881,0.37289,0.238642,0.481655
0.915175,0.029428,0.07251,-0.394899,0.899079,0.052979,-0.026913,-0.433232,0.742819,0.372902,0.238712,0.481704
0.915173,0.029523,0.072671,-0.394865,0.899075,0.053041,-0.027027,-0.433224,0.742756,0.372957,0.238777,0.481725
0.915151,0.029659,0.072816,-0.394877,0.899084,0.053073,-0.027049,-0.433199,0.742653,0.373104,0.238845,0.481729
0.915146,0.029814,0.072942,-0.394851,0.899128,0.053059,-0.026958,-0.433115,0.742554,0.373235,0.238971,0.481712
0.91515,0.029821,0.073039,-0.394825,0.899176,0.052928,-0.026697,-0.433051,0.742437,0.37335,0.239134,0.481719
0.915176,0.029677,0.073127,-0.39476,0.899267,0.052885,-0.0264,-0.432882,0.742323,0.373501,0.239271,0.481701
0.915215,0.029505,0.073181,-0.394674,0.899307,0.052862,-0.026207,-0.432814,0.742262,0.373577,0.239289,0.481724
0.915228,0.029516,0.073262,-0.39463,0.899347,0.052917,-0.026115,-0.432728,0.742264,0.373585,0.239242,0.481736
0.91516,0.029705,0.073401,-0.394744,0.899337,0.053006,-0.026167,-0.432735,0.742323,0.373598,0.239094,0.48171
0.915105,0.029897,0.073498,-0.394837,0.899294,0.053026,-0.026366,-0.43281,0.742298,0.373662,0.239032,0.481727
0.915053,0.030013,0.073627,-0.394922,0.899222,0.05311,-0.026573,-0.432937,0.742292,0.373699,0.238981,0.48173
0.915027,0.030057,0.073718,-0.394961,0.899177,0.053183,-0.026844,-0.433003,0.742303,0.373729,0.238975,0.481693
0.914965,0.030009,0.073831,-0.395089,0.899175,0.053075,-0.027094,-0.433008,0.742271,0.373788,0.239039,0.481664
0.914905,0.029853,0.073876,-0.395231,0.899183,0.052854,-0.02726,-0.433008,0.742281,0.373798,0.239064,0.481628
0.914886,0.029572,0.073954,-0.395289,0.899248,0.05255,-0.027341,-0.43291,0.742298,0.373791,0.239091,0.481593
0.914913,0.029263,0.073989,-0.395245,0.899334,0.052243,-0.027296,-0.432774,0.742324,0.373743,0.23909,0.481592
0.914925,0.028967,0.073982,-0.395245,0.899414,0.052059,-0.027303,-0.432633,0.742345,0.373721,0.239057,0.481594
0.914952,0.028793,0.073968,-0.395202,0.899428,0.052029,-0.027412,-0.432599,0.74238,0.373679,0.239027,0.481589
0.914975,0.02878,0.073911,-0.395161,0.899462,0.052103,-0.027532,-0.432512,0.742423,0.37364,0.238997,0.481571
0.914991,0.028864,0.07387,-0.395123,0.89946,0.052205,-0.027558,-0.432501,0.742442,0.373563,0.238932,0.481636
0.914979,0.029102,0.073785,-0.395145,0.899454,0.052261,-0.027602,-0.432503,0.742478,0.37353,0.238913,0.481618
0.914968,0.029357,0.073714,-0.395163,0.899422,0.052375,-0.027563,-0.432556,0.742449,0.373524,0.23892,0.481664
0.914993,0.029453,0.073696,-0.3951,0.899424,0.052554,-0.027441,-0.432536,0.742404,0.373545,0.238931,0.481711
0.915022,0.029569,0.073607,-0.395038,0.899429,0.052784,-0.027278,-0.432504,0.74235,0.373643,0.239004,0.481677
0.915052,0.029733,0.073595,-0.394956,0.899447,0.052931,-0.027107,-0.432457,0.742252,0.373769,0.2391,0.481677
0.915042,0.029864,0.073648,-0.394957,0.899488,0.05287,-0.026872,-0.432397,0.742194,0.373908,0.239125,0.48164
0.915003,0.029905,0.073781,-0.395018,0.899515,0.052689,-0.026617,-0.432379,0.742187,0.373968,0.239147,0.481591
0.915009,0.029858,0.073968,-0.394975,0.899543,0.05257,-0.026468,-0.432343,0.742236,0.373931,0.239126,0.481556
0.915001,0.029652,0.074234,-0.394962,0.899508,0.052571,-0.026452,-0.432418,0.742277,0.373868,0.239111,0.481553
0.915002,0.029424,0.074537,-0.39492,0.899465,0.052637,-0.026551,-0.432495,0.742264,0.373945,0.239122,0.481504
0.914976,0.029433,0.074674,-0.394954,0.899444,0.052652,-0.026525,-0.432537,0.742203,0.374089,0.239194,0.481445
0.914942,0.029486,0.074795,-0.395005,0.89942,0.052601,-0.026355,-0.432605,0.742172,0.374132,0.239341,0.481387
0.914887,0.029548,0.074801,-0.395126,0.899437,0.052506,-0.026016,-0.432603,0.74215,0.374166,0.239445,0.481342
0.914841,0.029676,0.074802,-0.395222,0.899481,0.052338,-0.025703,-0.432552,0.742154,0.374214,0.239505,0.481265
0.914797,0.029694,0.074852,-0.395312,0.899548,0.052174,-0.025409,-0.43245,0.742225,0.374179,0.239486,0.481197
0.914781,0.029646,0.07492,-0.395343,0.899616,0.052004,-0.025227,-0.432342,0.742318,0.374161,0.239397,0.481113
0.914717,0.029565,0.075095,-0.395463,0.899702,0.051747,-0.025119,-0.432202,0.742403,0.374119,0.239307,0.481062
0.914642,0.029495,0.075277,-0.395607,0.899742,0.051363,-0.025088,-0.432169,0.742501,0.374035,0.239236,0.481014
0.914571,0.029303,0.075469,-0.395753,0.899767,0.050859,-0.025151,-0.432181,0.742558,0.373946,0.239233,0.481001
0.914569,0.028952,0.075713,-0.395742,0.899736,0.050634,-0.025318,-0.432263,0.742611,0.373831,0.239287,0.480987
0.9146,0.028586,0.075803,-0.395684,0.899677,0.050739,-0.025576,-0.432358,0.742637,0.373768,0.239407,0.48094
0.914659,0.02836,0.07572,-0.395583,0.899604,0.050989,-0.025809,-0.432464,0.742645,0.373689,0.239494,0.480948
0.914698,0.028241,0.07556,-0.395536,0.899523,0.051172,-0.025927,-0.432604,0.742655,0.373577,0.239606,0.48097
0.914713,0.028365,0.075373,-0.395527,0.89949,0.051268,-0.026015,-0.432655,0.742706,0.373436,0.239666,0.480976
0.914696,0.028659,0.075167,-0.395579,0.899492,0.051326,-0.026132,-0.432636,0.742686,0.3734,0.239685,0.481027
0.914662,0.028833,0.07506,-0.395661,0.899558,0.051283,-0.026122,-0.432504,0.742696,0.373354,0.239655,0.481063
0.914626,0.028878,0.075125,-0.395731,0.899654,0.051129,-0.026035,-0.432329,0.742682,0.373389,0.239627,0.48107
0.914611,0.028829,0.075259,-0.395744,0.899758,0.05094,-0.025975,-0.432141,0.742661,0.373424,0.239649,0.481063
0.914596,0.028614,0.075433,-0.395763,0.899837,0.050802,-0.025994,-0.431993,0.74263,0.373477,0.239702,0.481041
0.914602,0.028413,0.075625,-0.395729,0.899836,0.050779,-0.026091,-0.43199,0.742638,0.373414,0.239702,0.48108
0.914638,0.028283,0.075721,-0.39564,0.899782,0.050907,-0.026226,-0.43208,0.742674,0.373383,0.239724,0.48104
0.914699,0.028231,0.075719,-0.395503,0.899679,0.051116,-0.026329,-0.432261,0.742676,0.373328,0.2398,0.481043
0.914732,0.028312,0.075628,-0.395438,0.899619,0.051308,-0.026327,-0.432361,0.742668,0.373255,0.239899,0.481065
0.914728,0.028544,0.075514,-0.395448,0.899596,0.051424,-0.026225,-0.4324,0.742649,0.373198,0.240002,0.481089
0.914699,0.028699,0.075554,-0.395494,0.899623,0.051376,-0.025937,-0.432368,0.74263,0.373195,0.240052,0.481097
0.914672,0.02872,0.075634,-0.395537,0.899691,0.051265,-0.025591,-0.43226,0.742641,0.373144,0.240103,0.481098
0.914656,0.028615,0.075804,-0.395553,0.899758,0.05105,-0.025225,-0.43217,0.742662,0.373138,0.240121,0.48106
0.914659,0.028506,0.076043,-0.39551,0.899832,0.050879,-0.024885,-0.432058,0.742651,0.37311,0.240177,0.481073
0.914647,0.028304,0.076321,-0.395502,0.899809,0.050768,-0.024705,-0.432128,0.742642,0.373075,0.240286,0.481061
0.914652,0.028178,0.076621,-0.395443,0.899736,0.050817,-0.024692,-0.432276,0.742602,0.373069,0.240383,0.481078
0.914662,0.028149,0.076788,-0.395387,0.899663,0.050961,-0.024645,-0.432413,0.742539,0.373104,0.240484,0.481097
0.91467,0.028164,0.076905,-0.395345,0.899647,0.051184,-0.024594,-0.43242,0.742391,0.373234,0.240712,0.481104
0.914671,0.028324,0.076909,-0.395329,0.899655,0.051429,-0.024522,-0.432375,0.742274,0.373357,0.24093,0.481076
0.914705,0.028484,0.076861,-0.395245,0.899699,0.051547,-0.024332,-0.432279,0.742152,0.373472,0.241134,0.481066
0.914718,0.028678,0.07681,-0.395206,0.899782,0.051497,-0.024082,-0.432124,0.742103,0.373569,0.241248,0.481006
0.91473,0.028733,0.076852,-0.395168,0.899886,0.051263,-0.023868,-0.431951,0.742091,0.373576,0.241265,0.48101
0.914721,0.028774,0.076931,-0.395169,0.899945,0.051018,-0.023733,-0.431866,0.742146,0.373497,0.241255,0.480996
0.914715,0.02858,0.077135,-0.395159,0.899945,0.050837,-0.023743,-0.431888,0.742172,0.373496,0.241214,0.480977
0.914703,0.028382,0.077275,-0.395177,0.899876,0.050817,-0.023912,-0.432027,0.742178,0.373477,0.241213,0.480985
0.914691,0.028205,0.077388,-0.395197,0.899665,0.049993,-0.023509,-0.432594,0.742192,0.373449,0.241259,0.480963
0.914675229018178,0.0281306313946992,0.0774502455586425,-0.395227062633787,0.899665084415513,0.0499677851789351,-0.0234978990500064,-0.4325939152,0.742211958839117,0.37342058,0.241302564815835,0.480934678171833
0.914657010034038,0.0280716379966866,0.077498432581496,-0.395265516014972,0.899665380144044,0.0499505691309425,-0.0234908402166591,-0.4325936096,0.742237701375394,0.373389449876543,0.241342234413733,0.480902461954821
0.914636716963601,0.0280248598203374,0.0775361875562611,-0.395310633393797,0.899665950908587,0.0499395285512088,-0.0234868161187152,-0.4325930064,0.742267370485804,0.373356952592593,0.2413796890991,0.480866896897128
0.914614723722889,0.027987136880027,0.0775671369706386,-0.395360688020506,0.899666860432133,0.0499328401349207,-0.0234848193749318,-0.4325920288,0.742299109047319,0.373324431111111,0.241416609177343,0.480828528546919
0.914591404227921,0.0279553091901308,0.0775949073123292,-0.395413953145345,0.899668172437673,0.0499286805772648,-0.0234838426040659,-0.4325906,0.742331059936909,0.373293228395062,0.24145467495387,0.480787902452357
0.91456713239472,0.0279262167650241,0.0776231250690334,-0.395468702018555,0.899669950648199,0.0499252265734277,-0.0234828784248749,-0.4325886432,0.742361366031546,0.373264687407407,0.241495566734087,0.480745564161607
0.914542282139307,0.0278966996190824,0.0776554167284519,-0.395523207890383,0.899672258786704,0.049920654818596,-0.0234809194561156,-0.4325860816,0.742388170208202,0.373240151111111,0.241540964823402,0.480702059222832
0.914517227377701,0.0278635977666809,0.0776954087782854,-0.39557574401107,0.899675160576177,0.0499131420079564,-0.0234769583165453,-0.4325828384,0.742409615343849,0.373220962469136,0.241592549527221,0.480657933184196
0.914492342025925,0.0278237512221949,0.0777467277062345,-0.395624583630861,0.899678719739612,0.0499008648366955,-0.0234699876249211,-0.4325788368,0.742423844315457,0.373208464444444,0.241652001150951,0.480613731593864
0.914468,0.027774,0.077813,-0.395668,0.899683,0.049882,-0.023459,-0.432574,0.742429,0.373204,0.241721,0.48057
0.914443,0.027707,0.077946,-0.395705,0.899734,0.049825,-0.02318,-0.43249,0.742374,0.373295,0.241835,0.480524
0.914455,0.027532,0.078103,-0.39566,0.899776,0.049821,-0.022831,-0.432421,0.742293,0.373354,0.242029,0.480503
0.91449,0.027422,0.078206,-0.395566,0.899801,0.049844,-0.022537,-0.43238,0.742204,0.373428,0.242142,0.480524
0.914516,0.027405,0.078299,-0.395491,0.899828,0.049956,-0.022281,-0.432322,0.742124,0.373529,0.242239,0.480513
0.914499,0.027714,0.078304,-0.395503,0.899849,0.050063,-0.022179,-0.432271,0.742046,0.373679,0.242332,0.480466
0.914443,0.028073,0.078407,-0.395583,0.899818,0.050096,-0.022183,-0.432333,0.742009,0.373735,0.242332,0.480476
0.914375,0.028351,0.078589,-0.395677,0.899774,0.050125,-0.022263,-0.432415,0.741967,0.373844,0.242351,0.480442
0.914332,0.028478,0.078813,-0.395723,0.899741,0.050109,-0.022303,-0.432485,0.741939,0.373929,0.242447,0.480368
0.914318,0.028396,0.079058,-0.395711,0.899738,0.050064,-0.022304,-0.432496,0.741893,0.374049,0.242547,0.48029
0.91432,0.028137,0.079238,-0.395693,0.899685,0.050052,-0.022158,-0.432615,0.741848,0.374159,0.242601,0.480244
0.914323,0.027882,0.079403,-0.395675,0.899633,0.050059,-0.021994,-0.432733,0.741845,0.374223,0.242629,0.480183
0.914312,0.027617,0.079514,-0.395701,0.899538,0.050138,-0.021909,-0.432923,0.741859,0.374283,0.242586,0.480133
0.914288,0.027556,0.079559,-0.395754,0.899453,0.050171,-0.021873,-0.433098,0.741923,0.374251,0.242532,0.480088
0.914265,0.027645,0.07954,-0.395802,0.899374,0.050225,-0.021898,-0.433255,0.741963,0.374209,0.24249,0.480083
0.914205,0.027849,0.079451,-0.395941,0.899292,0.050231,-0.021927,-0.433425,0.742044,0.374146,0.242458,0.480025
0.914124,0.028121,0.079403,-0.396116,0.899251,0.050101,-0.021946,-0.433523,0.742135,0.374106,0.242402,0.479947
0.914032,0.028207,0.079461,-0.396309,0.899223,0.049851,-0.021869,-0.433619,0.742213,0.374076,0.24234,0.479885
0.91396,0.028153,0.079559,-0.396459,0.899229,0.049485,-0.021623,-0.433664,0.742271,0.374076,0.242384,0.479773
0.91394,0.027907,0.079621,-0.396514,0.899199,0.04928,-0.021417,-0.433762,0.742295,0.374095,0.242466,0.479681
0.913956,0.027475,0.079817,-0.396475,0.899155,0.049355,-0.021321,-0.43385,0.742291,0.374129,0.242504,0.47964
0.913946,0.027039,0.07998,-0.396502,0.899106,0.049587,-0.021338,-0.433921,0.742286,0.374168,0.242468,0.479632
0.913946,0.026795,0.080137,-0.39649,0.899052,0.049901,-0.021397,-0.433991,0.742296,0.374196,0.24245,0.479605
0.913913,0.026931,0.080157,-0.396552,0.898988,0.050171,-0.021395,-0.43409,0.74226,0.374251,0.242448,0.479615
0.913834,0.027366,0.080126,-0.396703,0.898951,0.050241,-0.021278,-0.434164,0.742193,0.374406,0.242459,0.479588
0.91376,0.027854,0.08007,-0.396842,0.898947,0.050144,-0.021042,-0.434195,0.742146,0.374524,0.242469,0.479556
0.913709,0.028168,0.080125,-0.396925,0.89896,0.049987,-0.020838,-0.434197,0.742096,0.374649,0.242457,0.479537
0.913684,0.028152,0.080327,-0.396942,0.899013,0.049843,-0.020679,-0.434113,0.742039,0.374761,0.242436,0.479545
0.913681,0.027985,0.080586,-0.396909,0.899024,0.049808,-0.02057,-0.434099,0.741973,0.374863,0.242378,0.479591
0.913696,0.027711,0.080797,-0.396856,0.899038,0.049851,-0.020475,-0.43407,0.741963,0.374911,0.242311,0.479599
0.913719,0.027487,0.080926,-0.396795,0.898978,0.049935,-0.020444,-0.434183,0.741948,0.374882,0.242256,0.479675
0.913744,0.027343,0.08094,-0.396746,0.898888,0.050125,-0.020502,-0.434345,0.741904,0.374895,0.242221,0.479747
0.913765,0.027277,0.080968,-0.396695,0.898799,0.05033,-0.020633,-0.434497,0.741929,0.374889,0.242183,0.479734
0.91377,0.0274,0.08089,-0.396693,0.898756,0.050563,-0.020743,-0.434552,0.741906,0.374976,0.242196,0.47969
0.913746,0.027589,0.080833,-0.396741,0.898747,0.050666,-0.020837,-0.434555,0.741937,0.374984,0.242154,0.479658
0.913697,0.027856,0.080775,-0.396844,0.898746,0.050708,-0.02083,-0.43455,0.741966,0.374948,0.242113,0.479665
0.913649,0.028014,0.08077,-0.396944,0.898772,0.050637,-0.020694,-0.434512,0.742019,0.374917,0.241994,0.479668
0.913604,0.028088,0.080794,-0.397037,0.898801,0.050461,-0.020478,-0.434483,0.742062,0.374877,0.241934,0.479665
0.913549,0.028139,0.080848,-0.397148,0.898833,0.050276,-0.020349,-0.434448,0.742088,0.37486,0.241869,0.479671
0.913513,0.028091,0.080924,-0.397219,0.898836,0.050147,-0.020354,-0.434456,0.742123,0.374872,0.241839,0.479623
0.91349,0.027929,0.081081,-0.397256,0.898801,0.050146,-0.020405,-0.434528,0.74213,0.374971,0.241876,0.479513
0.913504,0.02777,0.081221,-0.397207,0.898753,0.050305,-0.020583,-0.4346,0.742101,0.375013,0.24191,0.479506
0.913527,0.027533,0.081355,-0.397145,0.89872,0.050414,-0.020726,-0.434647,0.742104,0.374994,0.241935,0.479506
0.913543,0.027356,0.081442,-0.397108,0.898701,0.050472,-0.02073,-0.434679,0.742071,0.375042,0.241962,0.479503
0.913543,0.027425,0.081488,-0.39709,0.89872,0.050416,-0.020527,-0.434656,0.742027,0.375084,0.242029,0.479502
0.913522,0.027563,0.081437,-0.397138,0.898791,0.050257,-0.020171,-0.434545,0.742016,0.375135,0.242098,0.479442
0.913518,0.027674,0.081401,-0.397145,0.898853,0.050064,-0.019873,-0.434453,0.741995,0.375174,0.242184,0.4794
0.91351,0.027716,0.081406,-0.39716,0.898927,0.049895,-0.019629,-0.434332,0.741997,0.375187,0.242229,0.479363
0.913542,0.027591,0.081525,-0.39707,0.89896,0.04976,-0.019552,-0.434284,0.741989,0.375237,0.242225,0.479338
0.91359,0.027358,0.081714,-0.39694,0.898954,0.049733,-0.019578,-0.434299,0.742011,0.375213,0.242211,0.479332
0.913633,0.027081,0.08196,-0.396815,0.898927,0.049918,-0.019781,-0.434325,0.742032,0.375166,0.242233,0.479325
0.913664,0.02686,0.08209,-0.396733,0.898898,0.050108,-0.019936,-0.434352,0.742035,0.375101,0.242263,0.479359
0.913661,0.026861,0.082142,-0.396729,0.898908,0.050232,-0.019935,-0.434316,0.741983,0.375126,0.242336,0.479383
0.913641,0.026994,0.082122,-0.396767,0.898939,0.050197,-0.019789,-0.434263,0.741918,0.375167,0.242491,0.479371
0.91364,0.027256,0.081964,-0.396783,0.898987,0.049946,-0.019471,-0.43421,0.74186,0.375219,0.242625,0.479348
0.913599,0.027426,0.081873,-0.396883,0.89908,0.049608,-0.019152,-0.434072,0.741786,0.37533,0.242773,0.4793
0.913602,0.027465,0.081839,-0.396877,0.899115,0.049331,-0.019015,-0.43404,0.741748,0.375354,0.242861,0.479293
0.913601,0.027289,0.081937,-0.396875,0.899112,0.049242,-0.019132,-0.434053,0.741762,0.375332,0.242903,0.479268
0.913627,0.026959,0.08208,-0.396813,0.899051,0.049358,-0.019406,-0.434152,0.741807,0.375294,0.242917,0.479223
0.913663,0.026614,0.082263,-0.396721,0.89898,0.049593,-0.019686,-0.434258,0.741881,0.375151,0.242891,0.479238
0.913681,0.026419,0.082303,-0.396685,0.898934,0.049766,-0.019797,-0.434326,0.741911,0.375094,0.242916,0.479228
0.913684,0.026431,0.082269,-0.396686,0.898938,0.049778,-0.01972,-0.434321,0.741922,0.374984,0.242907,0.479305
0.913675,0.026652,0.082178,-0.396706,0.898987,0.049624,-0.01942,-0.434253,0.741888,0.374983,0.242887,0.479368
0.913644,0.026754,0.082071,-0.39679,0.899076,0.049368,-0.019139,-0.434113,0.741864,0.374973,0.242934,0.47939
0.913653,0.0268,0.082081,-0.396765,0.899177,0.049227,-0.019018,-0.433925,0.741837,0.374975,0.242952,0.47942
0.913667,0.026732,0.082166,-0.396719,0.899228,0.04924,-0.019028,-0.433815,0.741765,0.375053,0.243032,0.479426
0.913693,0.026562,0.082325,-0.396641,0.899242,0.049371,-0.019134,-0.433765,0.741703,0.375148,0.243081,0.479418
0.913722,0.026453,0.082444,-0.396558,0.899207,0.049518,-0.019339,-0.43381,0.741631,0.375276,0.243137,0.479396
0.913781,0.0264,0.082522,-0.39641,0.899145,0.049587,-0.019526,-0.433925,0.741552,0.375323,0.243242,0.479425
0.913809,0.026417,0.082529,-0.396343,0.899095,0.049608,-0.019694,-0.434019,0.741521,0.375319,0.243304,0.479447
0.913822,0.026497,0.082525,-0.396308,0.899092,0.049662,-0.019734,-0.434015,0.741529,0.375298,0.243304,0.479451
0.913824,0.026498,0.082528,-0.396304,0.899138,0.049593,-0.019579,-0.433935,0.741545,0.37526,0.243293,0.479462
0.913842,0.026424,0.082471,-0.396278,0.899202,0.049464,-0.019325,-0.433828,0.741539,0.375238,0.24331,0.479481
0.913867,0.026298,0.082438,-0.396237,0.899251,0.049251,-0.019059,-0.433765,0.741558,0.375219,0.243314,0.479466
0.91388,0.026209,0.082468,-0.396209,0.899316,0.049029,-0.018906,-0.433665,0.74159,0.375178,0.243277,0.479469
0.913846,0.02622,0.082542,-0.396271,0.899335,0.048849,-0.018919,-0.433648,0.741645,0.375164,0.243261,0.479405
0.913788,0.02622,0.082702,-0.396371,0.899337,0.048741,-0.018968,-0.433655,0.741704,0.375107,0.243295,0.479342
0.913747,0.026126,0.082892,-0.396434,0.899344,0.048631,-0.019045,-0.43365,0.741785,0.375003,0.243351,0.479278
0.913728,0.025983,0.083027,-0.396459,0.899343,0.048473,-0.019034,-0.433673,0.74188,0.374904,0.243362,0.479207
0.913729,0.025687,0.083141,-0.396458,0.899345,0.048379,-0.018924,-0.433685,0.74195,0.374836,0.243418,0.479127
0.913748,0.025428,0.083249,-0.396412,0.899344,0.048361,-0.018819,-0.433693,0.741933,0.374808,0.243541,0.479115
0.913767,0.025246,0.08332,-0.396366,0.899345,0.048417,-0.018687,-0.433688,0.741896,0.374824,0.243631,0.479112
0.91378,0.025238,0.083302,-0.39634,0.899341,0.048446,-0.018607,-0.433698,0.741816,0.37489,0.243769,0.479112
0.913778,0.025306,0.083304,-0.39634,0.899314,0.048432,-0.018627,-0.433754,0.741714,0.375075,0.243839,0.479082
0.913769,0.025565,0.083342,-0.396333,0.899302,0.048417,-0.018589,-0.433783,0.741672,0.375112,0.243913,0.479077
0.913774,0.025705,0.083402,-0.396298,0.899301,0.048397,-0.01859,-0.433787,0.741623,0.375139,0.243971,0.479102
0.913811,0.025738,0.083507,-0.396187,0.899358,0.048411,-0.01855,-0.433668,0.74158,0.375172,0.243996,0.479128
0.913819,0.025605,0.083706,-0.396136,0.899433,0.048482,-0.018454,-0.433508,0.741498,0.375262,0.243978,0.479187
0.91384,0.025491,0.083887,-0.396057,0.899538,0.048598,-0.018311,-0.433282,0.74147,0.375364,0.243924,0.479176
0.91384,0.025456,0.084027,-0.396031,0.899622,0.048826,-0.018123,-0.433087,0.741437,0.375423,0.24386,0.47921
0.913866,0.025638,0.084028,-0.395956,0.899681,0.048966,-0.01791,-0.432953,0.74135,0.3755,0.243847,0.479285
0.91391,0.02589,0.083958,-0.395848,0.899712,0.049049,-0.01772,-0.432886,0.741262,0.375589,0.243968,0.479287
0.913929,0.026207,0.08388,-0.395794,0.899694,0.049048,-0.017659,-0.432926,0.741141,0.375709,0.244087,0.479314
0.913912,0.026382,0.083926,-0.395811,0.899682,0.048969,-0.017688,-0.43296,0.741075,0.375774,0.244218,0.479294
0.913886,0.026394,0.084058,-0.395842,0.899661,0.048863,-0.01773,-0.433016,0.741032,0.375807,0.244311,0.479288
0.913864,0.026226,0.084244,-0.395866,0.899655,0.048749,-0.017805,-0.43304,0.741026,0.375824,0.24435,0.479263
0.913824,0.026015,0.084446,-0.395932,0.899638,0.048708,-0.017787,-0.433078,0.741063,0.37583,0.24434,0.479208
0.913801,0.025647,0.084684,-0.395966,0.899641,0.04855,-0.017596,-0.433101,0.741117,0.375819,0.244296,0.479154
0.913804,0.02527,0.084862,-0.395948,0.899636,0.04845,-0.017329,-0.433135,0.741166,0.375813,0.244294,0.479086
0.913821,0.025112,0.084893,-0.395916,0.899603,0.048417,-0.017103,-0.433216,0.741203,0.375799,0.244249,0.479064
0.913824,0.025042,0.084927,-0.395907,0.89956,0.048495,-0.017055,-0.433299,0.741173,0.375822,0.244232,0.4791
0.913819,0.025149,0.084965,-0.395902,0.899501,0.048728,-0.017104,-0.43339,0.741159,0.375843,0.244296,0.479072
0.913791,0.025336,0.085041,-0.395935,0.899458,0.048956,-0.017231,-0.433447,0.741084,0.375904,0.244404,0.479082
0.913758,0.025546,0.085125,-0.395976,0.899418,0.04904,-0.017336,-0.433515,0.741026,0.376029,0.244473,0.479034
0.913766,0.025717,0.0852,-0.395928,0.899395,0.049041,-0.017336,-0.433562,0.740899,0.376157,0.244618,0.479049
0.91374,0.025861,0.085276,-0.395959,0.899382,0.048952,-0.017147,-0.433609,0.740812,0.37627,0.244784,0.479006
0.91373,0.025833,0.085393,-0.39596,0.899397,0.048845,-0.016985,-0.433596,0.74074,0.376354,0.244879,0.479
0.913719,0.025673,0.085457,-0.395985,0.899429,0.04864,-0.016838,-0.433559,0.740719,0.37641,0.24494,0.478955
0.913736,0.025485,0.085572,-0.395937,0.899462,0.048488,-0.016727,-0.433515,0.740744,0.376391,0.244955,0.478923
0.913738,0.025313,0.085722,-0.395911,0.899521,0.048309,-0.016685,-0.433416,0.740733,0.376376,0.244969,0.478946
0.913716,0.02526,0.085854,-0.395936,0.899578,0.048244,-0.016693,-0.433305,0.740753,0.37634,0.244983,0.478938
0.91372,0.025265,0.085958,-0.395907,0.899612,0.048241,-0.016723,-0.433235,0.740767,0.376327,0.244972,0.478933
0.913732,0.025231,0.08598,-0.395876,0.899604,0.048321,-0.016691,-0.43324,0.740763,0.376297,0.245005,0.478948
0.913749,0.025227,0.085967,-0.39584,0.899612,0.04846,-0.016682,-0.433209,0.740706,0.376365,0.245049,0.478955
0.913779,0.02526,0.085928,-0.395775,0.899599,0.048637,-0.016687,-0.433212,0.740626,0.376421,0.245074,0.47902
0.913815,0.025396,0.085825,-0.395703,0.899594,0.048665,-0.016639,-0.433221,0.740539,0.376502,0.245146,0.47905
0.913843,0.025585,0.085705,-0.395652,0.899632,0.048609,-0.016512,-0.433153,0.740477,0.37659,0.245186,0.479054
0.913834,0.025716,0.085669,-0.39567,0.899659,0.048567,-0.016436,-0.433104,0.740399,0.376614,0.24523,0.47913
0.913836,0.025647,0.08575,-0.395652,0.899672,0.048582,-0.016442,-0.433077,0.74038,0.376607,0.245239,0.47916
0.913834,0.025483,0.085876,-0.395643,0.89965,0.048615,-0.016483,-0.433117,0.740314,0.3767,0.245254,0.479176
0.913863,0.025291,0.086053,-0.395552,0.899652,0.048675,-0.016494,-0.433105,0.74025,0.37677,0.245272,0.479209
0.913862,0.025225,0.086159,-0.395537,0.899647,0.048758,-0.016477,-0.433105,0.740208,0.376799,0.245339,0.479215
0.913864,0.025254,0.086264,-0.395505,0.899651,0.048808,-0.016403,-0.433093,0.740111,0.376926,0.245371,0.479244
0.913839,0.025401,0.08639,-0.395524,0.89965,0.048893,-0.016308,-0.433089,0.74,0.377044,0.245473,0.479263
0.913824,0.025547,0.086386,-0.395547,0.899653,0.048785,-0.016183,-0.433101,0.739952,0.377108,0.245478,0.47928
0.913855,0.025561,0.086408,-0.395472,0.89967,0.04869,-0.016082,-0.433081,0.739929,0.377142,0.245537,0.479259
0.913867,0.025503,0.086526,-0.39542,0.89969,0.048581,-0.016035,-0.433054,0.739887,0.377184,0.245577,0.479269
0.91386,0.025361,0.08668,-0.395415,0.899721,0.048601,-0.016003,-0.432989,0.739886,0.377198,0.245546,0.479274
0.913858,0.025246,0.086859,-0.395389,0.899724,0.048643,-0.015971,-0.432977,0.739901,0.377216,0.245562,0.479228
0.913869,0.025136,0.086979,-0.395346,0.899712,0.048684,-0.015898,-0.433,0.739881,0.377244,0.2456,0.479216
0.913905,0.025066,0.087042,-0.395253,0.899699,0.048775,-0.015785,-0.433021,0.739823,0.377291,0.245736,0.479198
0.913901,0.025123,0.087073,-0.395253,0.899683,0.048841,-0.015644,-0.433049,0.739782,0.377347,0.245804,0.47918
0.913879,0.025233,0.087077,-0.395293,0.89968,0.048847,-0.015528,-0.433061,0.739781,0.377393,0.245878,0.479106
0.913833,0.025472,0.087108,-0.395372,0.899705,0.048774,-0.015396,-0.43302,0.739724,0.377496,0.245993,0.479048
0.913775,0.025623,0.087187,-0.395477,0.899737,0.048702,-0.015318,-0.432965,0.739701,0.377573,0.246084,0.478975
0.913734,0.02559,0.087373,-0.395535,0.899762,0.048619,-0.015226,-0.43293,0.739712,0.377609,0.246132,0.478904
0.913724,0.025404,0.087562,-0.39553,0.899743,0.048641,-0.015164,-0.432966,0.739688,0.377599,0.246272,0.478878
0.913742,0.025088,0.087745,-0.395472,0.899708,0.048628,-0.015059,-0.433044,0.739669,0.377602,0.24638,0.47885
0.91377,0.02485,0.087936,-0.395385,0.899629,0.048614,-0.015001,-0.433213,0.739667,0.3776,0.246431,0.478829
0.913736,0.024825,0.08814,-0.395418,0.899578,0.04847,-0.014945,-0.433341,0.739644,0.377639,0.246506,0.478794
0.913674,0.024903,0.088232,-0.395537,0.899544,0.048355,-0.014896,-0.433426,0.73962,0.377638,0.246597,0.478784
0.913626,0.02495,0.088333,-0.39562,0.899479,0.048326,-0.014892,-0.433565,0.739612,0.377637,0.246707,0.478742
0.913606,0.024864,0.088495,-0.395637,0.899441,0.048312,-0.014874,-0.433646,0.739592,0.377641,0.246863,0.478691
0.913596,0.024619,0.088673,-0.395639,0.899428,0.048299,-0.014817,-0.433677,0.739585,0.377648,0.246959,0.478645
0.913619,0.024373,0.088811,-0.395575,0.899432,0.048294,-0.014681,-0.433672,0.739578,0.377659,0.246999,0.478628
0.913655,0.024252,0.088869,-0.395484,0.899482,0.048352,-0.014517,-0.433569,0.739571,0.377616,0.247079,0.47863
0.913681,0.024281,0.088896,-0.395418,0.89954,0.048423,-0.014443,-0.433441,0.739545,0.377594,0.24717,0.478645
0.9137,0.024443,0.088857,-0.395368,0.899597,0.048508,-0.014344,-0.433315,0.739528,0.377588,0.247179,0.47867
0.913748,0.02457,0.088886,-0.395241,0.899678,0.048535,-0.014305,-0.433143,0.739513,0.377574,0.247142,0.478722
0.913789,0.024649,0.088878,-0.395143,0.899757,0.04854,-0.014366,-0.432977,0.739481,0.377608,0.247078,0.478775
0.91382,0.024719,0.088931,-0.395054,0.899836,0.048583,-0.014493,-0.432802,0.739441,0.377674,0.247017,0.478813
0.913853,0.02474,0.088951,-0.394972,0.899863,0.048541,-0.014626,-0.432746,0.73939,0.377716,0.247077,0.478826
0.913904,0.024706,0.088864,-0.394874,0.899892,0.048341,-0.014694,-0.432708,0.739346,0.377701,0.247146,0.47887
0.913966,0.024617,0.088737,-0.394767,0.899929,0.048091,-0.014676,-0.432664,0.739337,0.377651,0.247254,0.47887
0.914009,0.024483,0.088663,-0.394694,0.899957,0.047745,-0.014702,-0.432646,0.739324,0.377627,0.247327,0.478873
0.914009,0.024257,0.088666,-0.39471,0.900007,0.047514,-0.014799,-0.432568,0.73936,0.377532,0.24735,0.478884
0.914032,0.023962,0.088642,-0.394686,0.900047,0.047309,-0.014952,-0.432504,0.739419,0.377432,0.247306,0.478899
0.914042,0.023666,0.08869,-0.394673,0.900061,0.047242,-0.015141,-0.432476,0.739559,0.377213,0.247266,0.478885
0.914057,0.023388,0.088718,-0.394653,0.900067,0.047209,-0.015354,-0.432459,0.739675,0.377037,0.247188,0.478894
0.91407,0.023232,0.08864,-0.394654,0.900103,0.047171,-0.015542,-0.432383,0.739753,0.376835,0.247109,0.478982
0.914072,0.02332,0.088489,-0.394676,0.900131,0.047154,-0.015665,-0.432321,0.739808,0.376682,0.247059,0.479048
0.914062,0.02346,0.088338,-0.394721,0.90016,0.047178,-0.01569,-0.432256,0.739819,0.376621,0.247067,0.479078
0.914065,0.023558,0.088119,-0.394759,0.900221,0.04719,-0.015683,-0.432128,0.739799,0.376603,0.247225,0.479041
0.914124,0.023637,0.087944,-0.394653,0.900246,0.047227,-0.015647,-0.432073,0.739755,0.376605,0.247384,0.479025
0.914177,0.023631,0.087815,-0.394559,0.900244,0.047268,-0.015665,-0.432072,0.739701,0.37665,0.247522,0.479
0.914207,0.02356,0.087792,-0.3945,0.900225,0.047313,-0.015716,-0.432104,0.739625,0.376742,0.247618,0.478993
0.914236,0.023463,0.087812,-0.394435,0.900189,0.047433,-0.015763,-0.432164,0.7396,0.376738,0.247655,0.479014
0.914258,0.023444,0.087871,-0.394373,0.900138,0.047553,-0.015821,-0.432253,0.73956,0.376696,0.247699,0.479088
0.914223,0.023435,0.087958,-0.394436,0.900098,0.047679,-0.015815,-0.432322,0.739545,0.376679,0.247783,0.479082
0.91418,0.023529,0.088019,-0.394517,0.900087,0.047672,-0.01568,-0.432352,0.739526,0.376726,0.247867,0.47903
0.914154,0.023547,0.088084,-0.39456,0.900101,0.047535,-0.015339,-0.432349,0.739486,0.376759,0.247938,0.479026
0.914119,0.023534,0.088192,-0.394617,0.900119,0.04734,-0.015013,-0.432346,0.739512,0.376742,0.247932,0.479004
0.914096,0.023529,0.088319,-0.394642,0.900164,0.047181,-0.014731,-0.43228,0.739536,0.376715,0.247977,0.478967
0.91407,0.023434,0.08848,-0.394674,0.900214,0.047125,-0.014514,-0.43219,0.739535,0.376668,0.247991,0.479001
0.914049,0.023382,0.088618,-0.394693,0.900239,0.047088,-0.01441,-0.432145,0.73952,0.37671,0.248036,0.478966
0.914013,0.023273,0.088807,-0.394745,0.900202,0.047207,-0.014423,-0.432207,0.739466,0.376806,0.248153,0.478908
0.914002,0.023194,0.088995,-0.394731,0.900172,0.047229,-0.014533,-0.432264,0.739403,0.376907,0.248294,0.478851
0.914018,0.02319,0.089136,-0.394663,0.900179,0.047235,-0.0146,-0.432248,0.73933,0.376969,0.248434,0.478838
0.914013,0.0232,0.089254,-0.394647,0.900224,0.047182,-0.014569,-0.432161,0.73926,0.377004,0.248536,0.478865
0.914025,0.023133,0.089392,-0.394595,0.900299,0.047063,-0.01438,-0.432026,0.739229,0.377058,0.248644,0.478812
0.914068,0.022977,0.089478,-0.394486,0.900384,0.046925,-0.014255,-0.431868,0.739222,0.377015,0.248689,0.478835
0.914135,0.022698,0.089643,-0.394312,0.900466,0.046803,-0.014136,-0.431716,0.739212,0.37696,0.248698,0.478891
0.914177,0.022507,0.089774,-0.394199,0.900523,0.046814,-0.014144,-0.431592,0.739181,0.376982,0.248708,0.478916
0.914202,0.022478,0.089819,-0.394132,0.900575,0.046891,-0.014134,-0.431477,0.73916,0.377039,0.248698,0.478906
0.914212,0.022584,0.089808,-0.394103,0.900595,0.046934,-0.014095,-0.431431,0.739114,0.377041,0.248825,0.47891
0.914204,0.022783,0.089758,-0.394121,0.900611,0.046908,-0.014012,-0.431402,0.7391,0.37704,0.248901,0.478892
0.914168,0.022943,0.089655,-0.394215,0.900582,0.046803,-0.013934,-0.431479,0.739104,0.377044,0.248966,0.478849
0.914136,0.022965,0.089712,-0.394274,0.900529,0.046758,-0.013908,-0.431595,0.739079,0.377049,0.249108,0.478808
0.914147,0.022815,0.089831,-0.394232,0.900462,0.046833,-0.013986,-0.431725,0.739086,0.377083,0.249149,0.478752
0.914149,0.022561,0.08996,-0.394218,0.900384,0.046952,-0.014053,-0.43187,0.739065,0.377103,0.249197,0.47874
0.914139,0.022394,0.090116,-0.394216,0.900351,0.047004,-0.014076,-0.431933,0.739116,0.377098,0.249184,0.478675
0.914084,0.022432,0.090251,-0.394312,0.900375,0.046913,-0.014023,-0.431896,0.739131,0.377153,0.2492,0.478597
0.914021,0.022522,0.090345,-0.394428,0.900398,0.046752,-0.013816,-0.431875,0.739198,0.377159,0.249149,0.478518
0.913962,0.022666,0.090469,-0.394528,0.900424,0.046651,-0.013555,-0.431837,0.739252,0.377207,0.249082,0.478431
0.913924,0.022735,0.09059,-0.394581,0.900411,0.04665,-0.013347,-0.431872,0.739244,0.377286,0.249035,0.4784
0.9139,0.022762,0.090764,-0.394593,0.900372,0.046755,-0.013315,-0.431941,0.739228,0.377385,0.24902,0.478351
0.913901,0.022667,0.090887,-0.394572,0.900312,0.046791,-0.013274,-0.432066,0.739214,0.377444,0.249079,0.478295
0.913903,0.022624,0.090996,-0.394545,0.900269,0.046819,-0.0133,-0.432151,0.739183,0.377523,0.249127,0.478253
0.913887,0.022628,0.091072,-0.394565,0.900201,0.046894,-0.013353,-0.432281,0.739166,0.37761,0.249218,0.47816
0.913828,0.02262,0.091103,-0.394695,0.900154,0.046943,-0.013378,-0.432373,0.73918,0.377641,0.249239,0.478102
0.913772,0.022674,0.091161,-0.394806,0.900108,0.047,-0.013363,-0.432462,0.739194,0.377687,0.249246,0.478039
0.913709,0.022706,0.091182,-0.394947,0.900067,0.047003,-0.013233,-0.432552,0.739189,0.377717,0.249282,0.478003
0.913679,0.02265,0.091152,-0.395024,0.900025,0.046961,-0.01298,-0.432652,0.739192,0.37775,0.249304,0.477959
0.913673,0.022575,0.091086,-0.395061,0.900021,0.046928,-0.012755,-0.432672,0.739167,0.377789,0.249321,0.477957
0.913675,0.022567,0.091026,-0.39507,0.899984,0.046988,-0.012658,-0.432745,0.739167,0.377802,0.249296,0.47796
0.913673,0.022531,0.091051,-0.395072,0.89997,0.047127,-0.01279,-0.432752,0.739181,0.377827,0.249242,0.477945
0.913669,0.022607,0.091101,-0.395062,0.899971,0.047295,-0.012932,-0.432727,0.739209,0.377874,0.249129,0.477922
0.913656,0.022748,0.091229,-0.395054,0.900007,0.047422,-0.012962,-0.432634,0.739199,0.37792,0.249039,0.477946
0.913648,0.022865,0.091382,-0.395028,0.900041,0.047462,-0.012867,-0.432563,0.739144,0.378007,0.248997,0.477978
0.913656,0.022944,0.091531,-0.39497,0.900082,0.047457,-0.012675,-0.432482,0.739114,0.378083,0.24898,0.477972
0.913678,0.022996,0.091595,-0.394898,0.900106,0.047401,-0.012408,-0.432447,0.73902,0.378206,0.248995,0.478006
0.913701,0.023021,0.091615,-0.39484,0.900126,0.047491,-0.012262,-0.432399,0.738918,0.378342,0.249063,0.478014
0.913761,0.023024,0.091577,-0.394709,0.900069,0.047696,-0.012337,-0.43249,0.738796,0.378485,0.249152,0.478037
0.91381,0.023002,0.091542,-0.394604,0.900014,0.047892,-0.012545,-0.432573,0.738721,0.378611,0.249235,0.478005
0.913821,0.023108,0.091488,-0.394586,0.899997,0.04798,-0.012723,-0.432595,0.738679,0.378615,0.249285,0.478039
0.913796,0.023215,0.091542,-0.394621,0.899963,0.047924,-0.012805,-0.432669,0.738731,0.378524,0.249258,0.47805
0.91373,0.023402,0.091598,-0.39475,0.899982,0.047753,-0.012766,-0.432653,0.738818,0.378396,0.249157,0.478074
0.913656,0.023383,0.091714,-0.394893,0.899997,0.047568,-0.012662,-0.432646,0.73892,0.378232,0.249047,0.478111
0.913605,0.023233,0.091799,-0.395003,0.899981,0.047443,-0.012493,-0.432698,0.73898,0.378145,0.248972,0.478128
0.913587,0.023066,0.091876,-0.39504,0.899938,0.047475,-0.012353,-0.432791,0.739038,0.378115,0.248933,0.478085
0.913587,0.022832,0.091923,-0.395047,0.899877,0.047593,-0.012362,-0.432902,0.739022,0.378164,0.248932,0.478069
0.913576,0.022711,0.091895,-0.395087,0.89981,0.047744,-0.012394,-0.433022,0.738999,0.378215,0.248929,0.478064
0.913587,0.022902,0.091759,-0.395079,0.899797,0.047833,-0.012474,-0.433036,0.738972,0.37823,0.248948,0.478083
0.913569,0.02314,0.091703,-0.395115,0.899787,0.047851,-0.012553,-0.433053,0.739002,0.37822,0.248924,0.478059
0.913554,0.023334,0.091676,-0.395143,0.899803,0.047822,-0.01253,-0.433024,0.739017,0.378261,0.248875,0.478026
0.913572,0.023308,0.09179,-0.395077,0.899841,0.047857,-0.012514,-0.432942,0.738976,0.378302,0.24885,0.478068
0.913603,0.023149,0.091873,-0.394997,0.899847,0.047868,-0.012496,-0.432928,0.738901,0.378362,0.248856,0.478129
0.91363,0.022979,0.091961,-0.394927,0.89986,0.047884,-0.01246,-0.432898,0.738859,0.378404,0.248884,0.478145
0.913672,0.022911,0.092019,-0.394821,0.89989,0.047859,-0.012356,-0.432843,0.738825,0.378444,0.248926,0.478142
0.913691,0.022943,0.091967,-0.394787,0.899948,0.0478,-0.012289,-0.432731,0.738827,0.378443,0.248935,0.478136
0.913686,0.023006,0.091944,-0.394798,0.899995,0.047739,-0.01227,-0.432641,0.738837,0.378362,0.248934,0.478188
0.913679,0.023045,0.091963,-0.394808,0.900006,0.047744,-0.012313,-0.432616,0.738853,0.378306,0.248821,0.478268
0.913694,0.023019,0.092012,-0.394763,0.900044,0.047648,-0.01239,-0.432546,0.738857,0.37826,0.248784,0.478319
0.913712,0.022892,0.092115,-0.394706,0.900073,0.047621,-0.012425,-0.432488,0.738832,0.378266,0.248792,0.478349
0.913729,0.022761,0.092141,-0.39467,0.90009,0.047602,-0.012441,-0.432454,0.738805,0.378236,0.248855,0.478381
0.913739,0.022724,0.092118,-0.394655,0.900078,0.047604,-0.012357,-0.432481,0.738785,0.378218,0.248979,0.478363
0.913722,0.022737,0.092104,-0.394696,0.90005,0.047634,-0.012264,-0.432538,0.738792,0.378198,0.249004,0.478355
0.913706,0.022814,0.092079,-0.394734,0.900056,0.047658,-0.012263,-0.432523,0.738808,0.378194,0.249002,0.478334
0.913711,0.022898,0.092075,-0.394716,0.900075,0.047691,-0.012261,-0.432481,0.738867,0.378124,0.248987,0.478312
0.913713,0.022897,0.092038,-0.394721,0.900114,0.047672,-0.012259,-0.432401,0.738913,0.378065,0.24896,0.478304
0.913713,0.022876,0.09205,-0.394722,0.900153,0.04761,-0.012197,-0.432328,0.738939,0.378085,0.248906,0.478275
0.913698,0.022832,0.092133,-0.394738,0.900176,0.047467,-0.012121,-0.432301,0.738997,0.378045,0.248931,0.478207
0.91368,0.02274,0.09231,-0.394745,0.900168,0.047296,-0.012102,-0.432338,0.739037,0.378033,0.24893,0.478156
0.913666,0.022581,0.092451,-0.394754,0.900111,0.047321,-0.012138,-0.432454,0.739091,0.377992,0.248902,0.478121
0.91366,0.022458,0.092609,-0.394743,0.90007,0.047456,-0.012267,-0.432519,0.739091,0.377963,0.248891,0.478152
0.913668,0.022306,0.092705,-0.394711,0.900045,0.047595,-0.012313,-0.432552,0.739058,0.378002,0.248886,0.478173
0.913675,0.022327,0.092662,-0.394704,0.900027,0.047707,-0.012298,-0.432576,0.739038,0.378031,0.248926,0.478158
0.913673,0.022482,0.09251,-0.394734,0.900014,0.04766,-0.012216,-0.432613,0.739068,0.37799,0.248897,0.47816
0.913676,0.022628,0.092344,-0.394754,0.899992,0.04765,-0.012204,-0.43266,0.739056,0.378001,0.24888,0.47818
0.913648,0.022694,0.092292,-0.394827,0.899979,0.047627,-0.012224,-0.432688,0.739043,0.378068,0.24887,0.478148
0.913621,0.022646,0.092333,-0.394883,0.899936,0.047684,-0.012287,-0.432772,0.739038,0.378129,0.24884,0.478121
0.913591,0.022598,0.092405,-0.394941,0.899878,0.047826,-0.012361,-0.432872,0.739046,0.37816,0.24885,0.47808
0.913599,0.022528,0.092457,-0.394915,0.899851,0.047942,-0.01235,-0.432914,0.73906,0.378194,0.248804,0.478054
0.913565,0.022558,0.092468,-0.394987,0.899844,0.048043,-0.012332,-0.432917,0.73907,0.378233,0.248781,0.478016
0.913516,0.022624,0.092483,-0.395095,0.899841,0.048085,-0.012285,-0.432918,0.739096,0.378303,0.248651,0.477985
0.91345,0.022708,0.092507,-0.395234,0.899845,0.048012,-0.012166,-0.432923,0.739174,0.378305,0.248547,0.477919
0.91342,0.022772,0.092583,-0.395282,0.899871,0.047984,-0.012137,-0.432872,0.739222,0.37833,0.248414,0.477893
0.91339,0.022704,0.092739,-0.39532,0.899882,0.048038,-0.012147,-0.432843,0.739239,0.378392,0.248325,0.477863
0.913384,0.02267,0.092791,-0.395323,0.899859,0.048101,-0.012207,-0.432882,0.739265,0.378418,0.248293,0.477818
0.91335,0.022589,0.092865,-0.395391,0.899813,0.048158,-0.012323,-0.432969,0.739262,0.378467,0.248274,0.477792
0.913316,0.022649,0.09291,-0.395453,0.899763,0.048172,-0.012386,-0.433067,0.739225,0.378572,0.248264,0.477766
0.913292,0.022764,0.092851,-0.395515,0.899713,0.048198,-0.012324,-0.433172,0.739193,0.378663,0.248279,0.477731
0.91325,0.022882,0.092882,-0.395597,0.899653,0.048293,-0.012275,-0.433285,0.739191,0.378709,0.248268,0.477702
0.913206,0.022939,0.092876,-0.395696,0.899596,0.048375,-0.012176,-0.433397,0.739202,0.378783,0.248235,0.477643
0.913191,0.023039,0.092894,-0.395717,0.899552,0.048466,-0.012091,-0.433479,0.739216,0.378799,0.248178,0.477638
0.913164,0.02306,0.092987,-0.39576,0.899558,0.0486,-0.012058,-0.433451,0.73921,0.378875,0.248099,0.477623
0.91313,0.023113,0.093084,-0.39581,0.899557,0.048697,-0.012014,-0.433444,0.739228,0.378909,0.248004,0.477617
0.913113,0.023197,0.093212,-0.395813,0.899516,0.048792,-0.011959,-0.43352,0.739207,0.378977,0.247932,0.47763
0.913123,0.023337,0.093347,-0.395747,0.899496,0.04893,-0.011893,-0.433543,0.73916,0.379066,0.247883,0.477651
0.91314,0.023437,0.093396,-0.395688,0.899467,0.049167,-0.011869,-0.433575,0.73909,0.379214,0.247895,0.477632
0.913152,0.023645,0.093357,-0.395652,0.899466,0.049372,-0.011838,-0.433553,0.739027,0.379315,0.247878,0.477653
0.913122,0.023887,0.093317,-0.395715,0.899461,0.049507,-0.011734,-0.433549,0.738948,0.379423,0.24787,0.477689
0.913121,0.024189,0.093262,-0.395709,0.89949,0.049571,-0.011638,-0.433484,0.738939,0.379448,0.247809,0.477712
0.913121,0.024351,0.09334,-0.395677,0.899534,0.049582,-0.011547,-0.433393,0.738945,0.379457,0.247751,0.477725
0.913111,0.024461,0.093423,-0.395672,0.899577,0.049466,-0.011526,-0.43332,0.738925,0.379484,0.247738,0.47774
0.91311,0.02441,0.093592,-0.395635,0.899586,0.0494,-0.011514,-0.433307,0.738886,0.379547,0.247736,0.477749
0.913117,0.024244,0.093813,-0.395582,0.899566,0.049311,-0.01148,-0.433361,0.738843,0.379575,0.247796,0.47776
0.913121,0.024067,0.094014,-0.395537,0.89958,0.049226,-0.011405,-0.433346,0.738801,0.379648,0.247816,0.477755
0.91312,0.024012,0.094146,-0.395513,0.89954,0.049341,-0.011265,-0.433418,0.738796,0.37967,0.247894,0.477704
0.913108,0.023997,0.094163,-0.395537,0.899456,0.049502,-0.011165,-0.433575,0.73876,0.379701,0.247969,0.477694
0.913136,0.024046,0.094121,-0.395477,0.8994,0.049684,-0.011195,-0.433668,0.738752,0.379707,0.247906,0.477734
0.913145,0.024133,0.094113,-0.395452,0.899371,0.049853,-0.011293,-0.433703,0.738746,0.379677,0.247844,0.477801
0.913105,0.024352,0.09415,-0.395518,0.899335,0.049925,-0.011401,-0.433769,0.738727,0.379667,0.247796,0.477861
0.913034,0.024482,0.09416,-0.395671,0.899325,0.049907,-0.011394,-0.43379,0.738694,0.379673,0.247779,0.477915
0.913005,0.024575,0.094235,-0.395712,0.899369,0.049697,-0.011273,-0.433728,0.738651,0.379724,0.24785,0.477904
0.912972,0.024507,0.094395,-0.395756,0.899446,0.049518,-0.011042,-0.433595,0.738573,0.379841,0.247989,0.477853
0.912964,0.024389,0.094556,-0.395746,0.899542,0.049386,-0.01083,-0.433418,0.73849,0.379988,0.248098,0.477803
0.912972,0.024266,0.094629,-0.395718,0.899613,0.049383,-0.010684,-0.433273,0.738457,0.380034,0.248185,0.47777
0.913028,0.024059,0.094728,-0.39558,0.899627,0.049503,-0.010625,-0.43323,0.738473,0.380033,0.248155,0.477763
0.913063,0.024042,0.094767,-0.395491,0.899638,0.04972,-0.010721,-0.433179,0.738479,0.380022,0.248091,0.477795
0.913092,0.024161,0.094762,-0.395418,0.899634,0.049959,-0.010854,-0.433156,0.738531,0.379992,0.247962,0.477807
0.913072,0.024466,0.094616,-0.395475,0.899604,0.050104,-0.011046,-0.433194,0.73854,0.379961,0.247902,0.47785
0.913059,0.024797,0.094522,-0.395502,0.899592,0.050205,-0.011227,-0.4332,0.738501,0.380021,0.247884,0.477868
0.913046,0.025032,0.094472,-0.395525,0.899604,0.050183,-0.011356,-0.433174,0.738445,0.380114,0.24792,0.477858
0.913044,0.025057,0.094494,-0.395522,0.899643,0.050152,-0.011414,-0.433097,0.738366,0.380175,0.247922,0.477926
0.913076,0.024873,0.094555,-0.395447,0.899715,0.050087,-0.011422,-0.432954,0.738361,0.380181,0.247885,0.477948
0.913112,0.024641,0.094505,-0.395396,0.899753,0.050103,-0.011431,-0.432874,0.738335,0.380171,0.247873,0.478005
0.913149,0.024477,0.094447,-0.395335,0.899773,0.050144,-0.011468,-0.432826,0.738336,0.380085,0.247759,0.478131
0.913172,0.024452,0.094371,-0.395302,0.899747,0.050256,-0.011657,-0.432861,0.738349,0.380046,0.247661,0.478194
0.913174,0.024575,0.094242,-0.395319,0.899732,0.050389,-0.01193,-0.432867,0.73837,0.380025,0.247534,0.478244
0.913186,0.024767,0.094091,-0.395314,0.899719,0.050497,-0.012195,-0.432875,0.738367,0.38002,0.247416,0.478313
0.913201,0.024967,0.093988,-0.395287,0.899727,0.050608,-0.012378,-0.432837,0.738337,0.380058,0.247358,0.478356
0.913217,0.025106,0.093822,-0.395281,0.899779,0.050625,-0.012447,-0.432725,0.738316,0.380088,0.247319,0.478383
0.91323,0.025157,0.093721,-0.395268,0.899842,0.050585,-0.012464,-0.432598,0.738302,0.380057,0.247297,0.478441
0.913253,0.025187,0.093682,-0.395223,0.89994,0.050504,-0.012366,-0.432408,0.738292,0.380027,0.24726,0.478501
0.913299,0.025064,0.093644,-0.395137,0.90004,0.050402,-0.012241,-0.432216,0.738295,0.379983,0.247197,0.478565
0.913326,0.024945,0.093621,-0.395088,0.900079,0.050327,-0.012095,-0.432147,0.738324,0.379944,0.247112,0.478596
0.913318,0.024987,0.093608,-0.395105,0.900111,0.05034,-0.012106,-0.432078,0.738306,0.379948,0.247132,0.478611
0.913322,0.025009,0.093577,-0.395105,0.900103,0.050451,-0.012233,-0.432076,0.738306,0.379922,0.247065,0.478664
0.913315,0.02512,0.093564,-0.395115,0.900045,0.050644,-0.012426,-0.432168,0.738269,0.379919,0.247027,0.478743
0.913343,0.025181,0.093542,-0.395047,0.900021,0.050777,-0.012579,-0.432196,0.738234,0.37997,0.247063,0.478737
0.913351,0.025245,0.093558,-0.395022,0.900004,0.050809,-0.012603,-0.432227,0.738198,0.380041,0.247047,0.478741
0.913346,0.025341,0.093539,-0.395028,0.900025,0.050675,-0.012472,-0.432204,0.738167,0.380061,0.247095,0.478749
0.913305,0.025355,0.093552,-0.39512,0.900058,0.050546,-0.012244,-0.432158,0.738143,0.380087,0.247107,0.478757
0.913294,0.025299,0.093596,-0.395141,0.900082,0.050434,-0.012057,-0.432126,0.73813,0.38015,0.247104,0.478726
0.913327,0.025106,0.093668,-0.395061,0.900058,0.050536,-0.012046,-0.432165,0.738157,0.380158,0.247069,0.478696
0.913339,0.024903,0.093743,-0.395033,0.900011,0.050728,-0.012129,-0.432237,0.738202,0.380114,0.247039,0.478678
0.913307,0.02487,0.093808,-0.395093,0.89994,0.050975,-0.012325,-0.432347,0.738228,0.380086,0.246997,0.478685
0.913272,0.02503,0.093809,-0.395161,0.899872,0.051265,-0.012453,-0.432447,0.738233,0.380053,0.24698,0.478712
0.913244,0.025183,0.09372,-0.395236,0.899806,0.051458,-0.012508,-0.432559,0.738238,0.380045,0.246993,0.478705
0.913217,0.025364,0.093637,-0.395303,0.899781,0.051494,-0.012518,-0.432605,0.738237,0.380059,0.247041,0.478671
0.913171,0.025555,0.093545,-0.395417,0.899773,0.051262,-0.012394,-0.432656,0.738224,0.380086,0.247128,0.478623
0.913127,0.025608,0.093526,-0.39552,0.899793,0.050894,-0.012198,-0.432667,0.738227,0.380141,0.24711,0.478582
0.913076,0.025437,0.093592,-0.395635,0.899804,0.050678,-0.012135,-0.432676,0.738274,0.380131,0.247115,0.478516
0.913091,0.025018,0.093758,-0.395595,0.899805,0.050584,-0.01219,-0.432683,0.738302,0.380088,0.247087,0.478524
0.913111,0.024553,0.09392,-0.395545,0.899828,0.050645,-0.012271,-0.432624,0.738329,0.380066,0.246987,0.478552
0.913099,0.024327,0.094053,-0.395559,0.899847,0.05078,-0.01236,-0.432566,0.738365,0.380066,0.246823,0.47858
0.913077,0.024351,0.094056,-0.395606,0.899859,0.050942,-0.012476,-0.432516,0.738374,0.380045,0.246709,0.478643
0.91306,0.024675,0.093913,-0.395655,0.899874,0.051051,-0.012553,-0.432468,0.73833,0.380061,0.246697,0.478701
0.913055,0.025049,0.093708,-0.395685,0.899917,0.051132,-0.012557,-0.432369,0.73827,0.380109,0.246724,0.47874
0.913059,0.025368,0.09354,-0.395691,0.899969,0.051168,-0.012511,-0.432255,0.738215,0.380169,0.246727,0.478772
0.913111,0.02556,0.09338,-0.395594,0.90005,0.051209,-0.012505,-0.432082,0.738143,0.38023,0.24666,0.478865
0.91317,0.025625,0.093244,-0.395484,0.90014,0.05126,-0.012534,-0.431884,0.738069,0.380273,0.246582,0.478983
0.913222,0.025643,0.093113,-0.395394,0.90016,0.051369,-0.012654,-0.431827,0.738015,0.380326,0.24644,0.479093
0.913265,0.025685,0.093044,-0.395309,0.900146,0.051449,-0.012849,-0.431841,0.737989,0.380369,0.246255,0.479192
0.913282,0.025778,0.092996,-0.395274,0.900135,0.051503,-0.013044,-0.43185,0.737946,0.380423,0.246133,0.479273
0.913279,0.025944,0.092935,-0.395281,0.900125,0.051486,-0.013171,-0.431869,0.737885,0.380479,0.246061,0.479357
0.913291,0.026061,0.092836,-0.395267,0.900129,0.051408,-0.013198,-0.431872,0.737797,0.380558,0.246074,0.479418
0.913296,0.02609,0.092769,-0.395269,0.900135,0.051366,-0.013211,-0.431864,0.737806,0.380556,0.246077,0.479405
0.913294,0.025941,0.09276,-0.395287,0.900137,0.051397,-0.013247,-0.431856,0.737835,0.380524,0.245981,0.479436
0.913308,0.025872,0.09277,-0.395259,0.900122,0.051546,-0.0133,-0.431864,0.737826,0.380498,0.245857,0.479534
0.913312,0.025849,0.092778,-0.395249,0.900116,0.051754,-0.013316,-0.431848,0.737786,0.380546,0.245714,0.479627
0.913303,0.025943,0.092793,-0.395259,0.900093,0.051968,-0.013367,-0.431866,0.737758,0.380577,0.245617,0.479694
0.913302,0.026167,0.092773,-0.395247,0.900046,0.052159,-0.013306,-0.431943,0.73769,0.380639,0.245574,0.479766
0.913298,0.026477,0.092762,-0.395234,0.900055,0.052228,-0.013242,-0.431915,0.737653,0.380729,0.245505,0.479782
0.913287,0.02671,0.092747,-0.395244,0.90008,0.052349,-0.013238,-0.431846,0.737577,0.380817,0.245476,0.47984
0.91325,0.026843,0.092819,-0.395301,0.900068,0.052507,-0.013223,-0.431853,0.737493,0.380898,0.245478,0.479901
0.913283,0.026843,0.092907,-0.395204,0.900064,0.052724,-0.013153,-0.431834,0.737412,0.380982,0.245467,0.47996
0.913376,0.026831,0.092861,-0.395,0.900097,0.052961,-0.013085,-0.431735,0.737339,0.381057,0.245466,0.480008
0.913406,0.026884,0.092844,-0.394931,0.900129,0.053082,-0.01295,-0.431656,0.737225,0.381179,0.245509,0.480059
0.913406,0.027132,0.092748,-0.394932,0.900145,0.053133,-0.012869,-0.431618,0.737142,0.381278,0.245521,0.480096
0.913399,0.027397,0.092675,-0.394943,0.900124,0.053163,-0.012919,-0.431657,0.737085,0.381371,0.245491,0.480123
0.913372,0.027694,0.092688,-0.39498,0.900088,0.053268,-0.013019,-0.431716,0.737053,0.381415,0.245505,0.480127
0.913341,0.027846,0.092693,-0.395036,0.900039,0.053446,-0.013216,-0.431786,0.737047,0.381434,0.245429,0.480158
0.913311,0.02791,0.092716,-0.395095,0.899949,0.053622,-0.013404,-0.431946,0.737025,0.381491,0.245386,0.480165
0.913291,0.027847,0.092726,-0.395144,0.899856,0.053715,-0.013548,-0.432123,0.737037,0.381499,0.245347,0.480161
0.913265,0.027807,0.092743,-0.395204,0.899788,0.053771,-0.013517,-0.432257,0.737045,0.381526,0.245292,0.480154
0.913233,0.027818,0.092666,-0.395295,0.899749,0.053755,-0.013388,-0.432347,0.737033,0.381555,0.245249,0.480171
0.913175,0.027895,0.092581,-0.395442,0.899708,0.053769,-0.013282,-0.432432,0.737071,0.38157,0.245158,0.480144
0.913123,0.028044,0.092496,-0.395569,0.899681,0.053777,-0.013267,-0.432489,0.737127,0.381623,0.245126,0.480033
0.913083,0.028074,0.092453,-0.39567,0.89966,0.053772,-0.013317,-0.432532,0.737192,0.381646,0.245058,0.47995
0.913019,0.028134,0.09246,-0.395813,0.899629,0.053732,-0.01333,-0.4326,0.737252,0.381653,0.245038,0.479864
0.912987,0.028074,0.092489,-0.395885,0.899571,0.053699,-0.013349,-0.432727,0.737302,0.381668,0.245006,0.47979
0.912947,0.027977,0.092551,-0.395969,0.899487,0.053641,-0.013409,-0.432907,0.73734,0.381677,0.245003,0.479727
0.912931,0.02791,0.092604,-0.396001,0.8994,0.053649,-0.013346,-0.433091,0.737342,0.381721,0.245036,0.479672
0.9129,0.027917,0.092559,-0.396083,0.899347,0.053736,-0.01323,-0.433193,0.737379,0.381789,0.245062,0.479546
0.912902,0.027903,0.092474,-0.396097,0.89933,0.053823,-0.013115,-0.433219,0.737383,0.381818,0.245194,0.479449
0.912879,0.027832,0.092384,-0.39618,0.899314,0.053879,-0.013102,-0.433245,0.737415,0.381801,0.245285,0.479369
0.912848,0.027842,0.092422,-0.396241,0.89931,0.053934,-0.01313,-0.433245,0.737464,0.381782,0.245259,0.479324
0.912818,0.027851,0.092535,-0.396281,0.899325,0.053967,-0.013131,-0.433208,0.737498,0.381766,0.24522,0.479304
0.912776,0.027859,0.09267,-0.396347,0.899328,0.054005,-0.013138,-0.433199,0.737542,0.381751,0.245246,0.479236
0.912732,0.027951,0.092739,-0.396425,0.899295,0.053987,-0.013168,-0.433269,0.737565,0.381765,0.245283,0.479173
0.912686,0.028071,0.092712,-0.396528,0.899226,0.054029,-0.01323,-0.433403,0.737539,0.381847,0.245397,0.479086
0.912654,0.028166,0.092684,-0.396597,0.89917,0.054108,-0.013312,-0.433509,0.737522,0.381931,0.245515,0.478981
0.912651,0.02822,0.092634,-0.396614,0.899084,0.05422,-0.013403,-0.43367,0.737529,0.381965,0.24558,0.478909
0.912644,0.028143,0.092611,-0.396641,0.899017,0.054338,-0.013559,-0.433787,0.737544,0.381946,0.245605,0.478891
0.912655,0.028059,0.092478,-0.396654,0.898963,0.054398,-0.01367,-0.433888,0.737632,0.381877,0.245579,0.478827
0.912636,0.027907,0.092445,-0.39672,0.898978,0.054332,-0.013733,-0.433864,0.737756,0.38179,0.245493,0.478754
0.912615,0.027926,0.092311,-0.396796,0.898969,0.054244,-0.013799,-0.433892,0.737853,0.381698,0.245411,0.478726
0.912542,0.028029,0.092238,-0.396973,0.898954,0.054085,-0.013832,-0.433945,0.737983,0.381638,0.245273,0.478647
0.912499,0.028047,0.092159,-0.39709,0.898917,0.053957,-0.013816,-0.43404,0.738082,0.381579,0.245194,0.478585
0.912494,0.027948,0.092044,-0.397138,0.898884,0.053893,-0.013863,-0.434114,0.738173,0.381549,0.245113,0.478512
0.912536,0.027817,0.091951,-0.397074,0.898831,0.053976,-0.014051,-0.434208,0.738238,0.381467,0.245074,0.4785
0.912545,0.02772,0.091835,-0.397088,0.898778,0.054097,-0.014301,-0.434295,0.738309,0.381392,0.245033,0.478476
0.912518,0.027697,0.091779,-0.397165,0.898728,0.054168,-0.014458,-0.434383,0.738372,0.38134,0.245015,0.47843
0.912468,0.027791,0.091711,-0.397288,0.898705,0.054107,-0.014425,-0.434439,0.738381,0.38136,0.245046,0.478385
0.91244,0.027906,0.091616,-0.397365,0.898686,0.054012,-0.014389,-0.434493,0.738359,0.381442,0.24508,0.478334
0.9124,0.027985,0.091555,-0.397465,0.898676,0.054111,-0.014354,-0.434503,0.738367,0.381482,0.245058,0.478299
0.912376,0.028005,0.091599,-0.397507,0.898668,0.054286,-0.014414,-0.434494,0.738379,0.381586,0.244966,0.478241
0.912359,0.027936,0.091679,-0.397534,0.898661,0.054502,-0.014486,-0.434475,0.738363,0.381694,0.244865,0.478228
0.912349,0.027942,0.091703,-0.397553,0.898627,0.054743,-0.014501,-0.434514,0.738292,0.381821,0.244785,0.47827
0.912343,0.028172,0.091615,-0.397564,0.898617,0.054953,-0.014592,-0.434501,0.738257,0.381901,0.244687,0.478306
0.91234,0.028543,0.091528,-0.397561,0.898573,0.055182,-0.014704,-0.434558,0.738198,0.382013,0.24456,0.478366
0.912329,0.028884,0.091395,-0.397587,0.898532,0.055341,-0.014899,-0.434614,0.738153,0.382114,0.24444,0.478412
0.912288,0.029145,0.091302,-0.39768,0.898507,0.055452,-0.015191,-0.434641,0.738154,0.382162,0.244271,0.478456
0.912247,0.029252,0.091232,-0.397782,0.898495,0.055461,-0.01534,-0.434658,0.73815,0.382264,0.244166,0.478431
0.912258,0.029285,0.091121,-0.397779,0.898485,0.055473,-0.015446,-0.434674,0.738161,0.382316,0.244082,0.478413
0.912249,0.029209,0.091037,-0.397825,0.898498,0.055388,-0.01544,-0.434659,0.738179,0.382287,0.24407,0.478417
0.912262,0.02906,0.090949,-0.39783,0.898533,0.055226,-0.015367,-0.434611,0.738193,0.382244,0.244095,0.478417
0.912274,0.028933,0.090868,-0.397832,0.898563,0.055093,-0.015436,-0.434567,0.738231,0.382244,0.244069,0.478373
0.912292,0.028788,0.090829,-0.397812,0.898576,0.055118,-0.015559,-0.43453,0.738294,0.382169,0.244038,0.478354
0.912294,0.028688,0.090797,-0.397823,0.898565,0.055205,-0.015667,-0.434538,0.738378,0.382059,0.243993,0.478341
0.912348,0.028651,0.090745,-0.397714,0.898559,0.055276,-0.01571,-0.434538,0.738479,0.381891,0.243962,0.478341
0.912372,0.028634,0.090595,-0.397695,0.898548,0.055285,-0.015716,-0.434561,0.738566,0.381772,0.243952,0.478312
0.912384,0.028715,0.090464,-0.397692,0.898528,0.055177,-0.015711,-0.434618,0.73861,0.381677,0.243982,0.478309
0.912371,0.02887,0.090397,-0.397721,0.898557,0.055038,-0.015694,-0.434576,0.738685,0.381622,0.243994,0.478235
0.912362,0.028935,0.090428,-0.39773,0.898591,0.054999,-0.015748,-0.434511,0.73871,0.381604,0.243991,0.478212
0.912357,0.028811,0.090562,-0.397722,0.898626,0.054969,-0.015703,-0.434444,0.73871,0.381639,0.244033,0.478162
0.912385,0.028553,0.090771,-0.397631,0.898642,0.055089,-0.015619,-0.434397,0.738659,0.381718,0.244184,0.478099
0.912441,0.028244,0.09094,-0.397491,0.898672,0.055226,-0.015467,-0.43432,0.7386,0.381817,0.244355,0.47802
0.912479,0.028168,0.090982,-0.3974,0.898677,0.055322,-0.015313,-0.434302,0.73854,0.381943,0.244482,0.477944
0.9125,0.028305,0.090953,-0.397346,0.89865,0.055407,-0.015221,-0.434349,0.738503,0.382042,0.244534,0.477892
0.912482,0.028549,0.090925,-0.397374,0.898619,0.055539,-0.015221,-0.434395,0.738517,0.382032,0.244548,0.477869
0.912446,0.028746,0.090944,-0.397433,0.898575,0.055723,-0.015208,-0.434463,0.738591,0.381981,0.244472,0.477839
0.912438,0.028955,0.090949,-0.397434,0.898499,0.055949,-0.015233,-0.434587,0.738625,0.381943,0.244469,0.477819
0.912426,0.028957,0.091007,-0.397448,0.898467,0.056113,-0.015211,-0.434632,0.738637,0.381971,0.24443,0.477797
0.912421,0.029049,0.091026,-0.397447,0.898455,0.056166,-0.015131,-0.434649,0.738617,0.382042,0.244454,0.477757
0.912391,0.029097,0.09108,-0.397498,0.898472,0.056104,-0.015014,-0.434628,0.738562,0.382178,0.244496,0.477707
0.912319,0.029159,0.091198,-0.397632,0.89847,0.055964,-0.014887,-0.434655,0.738591,0.382211,0.244417,0.477675
0.91228,0.029199,0.091272,-0.3977,0.89846,0.055906,-0.014821,-0.434688,0.738599,0.382244,0.244336,0.477675
0.912258,0.029152,0.091344,-0.397739,0.898439,0.05589,-0.014806,-0.434734,0.738628,0.382248,0.244278,0.477658
0.912237,0.029188,0.09136,-0.39778,0.898411,0.056013,-0.014898,-0.43477,0.738612,0.382307,0.244262,0.47764
0.912236,0.029215,0.09137,-0.397778,0.898373,0.056051,-0.015022,-0.434842,0.738615,0.382294,0.244266,0.477645
0.912203,0.029256,0.09134,-0.397856,0.898322,0.056102,-0.015192,-0.434933,0.738623,0.382325,0.244264,0.477609
0.912219,0.029337,0.091302,-0.397822,0.898323,0.056066,-0.015275,-0.434934,0.738658,0.382307,0.244238,0.477583
0.912227,0.029374,0.091257,-0.39781,0.898346,0.056062,-0.015232,-0.434889,0.738666,0.382271,0.24427,0.477585
0.912235,0.029328,0.091187,-0.397812,0.898362,0.056141,-0.015246,-0.434842,0.738685,0.382257,0.244327,0.477539
0.912228,0.029231,0.091221,-0.397829,0.898388,0.056167,-0.015264,-0.434785,0.738647,0.382286,0.244354,0.477558
0.912248,0.029125,0.091218,-0.397794,0.898415,0.056171,-0.015249,-0.43473,0.738634,0.382325,0.244369,0.47754
0.912246,0.029076,0.091193,-0.397808,0.898426,0.056239,-0.015297,-0.434696,0.738619,0.382358,0.244402,0.477517
0.91223,0.029075,0.091194,-0.397845,0.898449,0.056262,-0.015327,-0.434644,0.738622,0.382326,0.244431,0.477524
0.912179,0.029194,0.091239,-0.39794,0.898489,0.056263,-0.015415,-0.434559,0.738663,0.382361,0.244446,0.477426
0.912152,0.029225,0.091273,-0.397992,0.898494,0.056301,-0.015529,-0.434537,0.738671,0.382392,0.244485,0.477369
0.912122,0.029223,0.091324,-0.398051,0.898525,0.056307,-0.015669,-0.434467,0.738713,0.382353,0.244481,0.477338
0.912122,0.029052,0.091453,-0.398036,0.898537,0.056335,-0.015742,-0.434435,0.738743,0.382366,0.244485,0.47728
0.912124,0.0288,0.091613,-0.398014,0.898548,0.056212,-0.015676,-0.434432,0.738752,0.382342,0.244524,0.477265
0.912124,0.028616,0.091715,-0.398007,0.898572,0.05604,-0.01554,-0.434412,0.738765,0.382355,0.244603,0.477195
0.912114,0.028471,0.091769,-0.398031,0.898621,0.055911,-0.015364,-0.434334,0.73879,0.382391,0.244659,0.477097
0.9121,0.028344,0.091889,-0.398046,0.898604,0.055931,-0.015298,-0.434368,0.738806,0.382414,0.244699,0.477034
0.912092,0.028318,0.0919,-0.398064,0.898544,0.056097,-0.015402,-0.434466,0.738831,0.382427,0.244716,0.476978
0.912106,0.028333,0.091919,-0.398027,0.898476,0.056202,-0.015561,-0.434587,0.738855,0.382449,0.244723,0.476918
0.91207,0.028384,0.091955,-0.398096,0.898395,0.056391,-0.015772,-0.434723,0.738866,0.382439,0.244732,0.476904
0.912034,0.028533,0.091883,-0.398184,0.898344,0.056619,-0.015916,-0.434789,0.738856,0.382498,0.244792,0.476841
0.912004,0.028722,0.091819,-0.39825,0.898299,0.056668,-0.015912,-0.434875,0.738892,0.382512,0.244823,0.476759
0.911982,0.028812,0.09177,-0.398305,0.898268,0.05662,-0.015737,-0.434956,0.738926,0.382518,0.244853,0.476685
0.911955,0.028897,0.091647,-0.398387,0.898279,0.056528,-0.015571,-0.434951,0.738993,0.382458,0.244817,0.476652
0.911951,0.028797,0.091648,-0.398405,0.898288,0.056473,-0.01547,-0.434941,0.739092,0.38235,0.244786,0.476604
0.911936,0.028647,0.091664,-0.398448,0.898288,0.056428,-0.015429,-0.434949,0.739175,0.382279,0.24472,0.47657
0.911913,0.028477,0.091705,-0.398507,0.89829,0.056425,-0.015556,-0.434942,0.739217,0.382214,0.244657,0.476594
0.911884,0.028443,0.091726,-0.398572,0.898282,0.056469,-0.015623,-0.43495,0.73928,0.382156,0.244638,0.476554
0.911865,0.028418,0.091703,-0.398624,0.898248,0.0565,-0.015764,-0.435011,0.739322,0.382133,0.244669,0.476495
0.911848,0.02843,0.091716,-0.398659,0.898238,0.056537,-0.0159,-0.435021,0.739282,0.382195,0.244728,0.476474
0.911842,0.028536,0.091781,-0.398648,0.898245,0.056583,-0.015958,-0.435,0.739239,0.382247,0.244768,0.476476
0.911843,0.028532,0.091942,-0.398609,0.898301,0.056642,-0.015975,-0.434875,0.739173,0.382366,0.244811,0.476456
0.911838,0.028508,0.092042,-0.398598,0.898331,0.056696,-0.01592,-0.434807,0.739086,0.382464,0.244844,0.476492
0.911853,0.028577,0.092118,-0.39854,0.898366,0.056827,-0.015826,-0.434718,0.739046,0.382545,0.244823,0.476494
0.911895,0.028568,0.092184,-0.39843,0.898381,0.056995,-0.015705,-0.434666,0.738989,0.382603,0.244841,0.476523
0.911899,0.028656,0.092221,-0.398404,0.898378,0.057224,-0.015648,-0.434642,0.738962,0.382637,0.244805,0.476555
0.91189,0.028879,0.092237,-0.398401,0.898334,0.05742,-0.015653,-0.434706,0.738976,0.382664,0.24474,0.476545
0.911868,0.029078,0.09224,-0.398433,0.898279,0.057642,-0.015851,-0.43478,0.738953,0.382742,0.244627,0.476572
0.911836,0.029192,0.092326,-0.398475,0.898209,0.057978,-0.016114,-0.434869,0.738973,0.382747,0.244611,0.476544
0.911826,0.029289,0.092416,-0.39847,0.898132,0.05833,-0.016391,-0.434968,0.73896,0.3828,0.244618,0.476517
0.911783,0.02937,0.092471,-0.398548,0.898065,0.058512,-0.01648,-0.435074,0.738954,0.382815,0.244627,0.476509
0.911756,0.029465,0.092553,-0.398583,0.898042,0.058599,-0.016363,-0.435115,0.738952,0.382854,0.244652,0.476467
0.911734,0.029471,0.092578,-0.398626,0.898051,0.058607,-0.01608,-0.435105,0.738953,0.382887,0.24465,0.476439
0.911712,0.029545,0.092665,-0.398649,0.898062,0.0587,-0.015821,-0.435077,0.738952,0.382935,0.244627,0.476412
0.911687,0.029553,0.092815,-0.398673,0.898092,0.058825,-0.015691,-0.435002,0.73889,0.383052,0.244646,0.476399
0.911656,0.029566,0.092955,-0.39871,0.898091,0.059064,-0.015664,-0.434971,0.738843,0.383203,0.244612,0.476363
0.91163,0.02969,0.093137,-0.398715,0.898064,0.059306,-0.015623,-0.434991,0.738779,0.383364,0.244629,0.476318
0.911627,0.029834,0.093212,-0.39869,0.898068,0.059578,-0.015595,-0.434944,0.738691,0.383527,0.244687,0.476285
0.911604,0.029963,0.093319,-0.398706,0.898034,0.05985,-0.015678,-0.43497,0.738623,0.383705,0.244712,0.476228
0.911566,0.030142,0.093491,-0.398736,0.897999,0.060063,-0.015744,-0.43501,0.738595,0.383823,0.244645,0.476206
0.91153,0.030273,0.093676,-0.398764,0.897978,0.060223,-0.015632,-0.435033,0.738558,0.383936,0.244552,0.476215
0.911472,0.030409,0.093808,-0.398853,0.897964,0.060313,-0.015464,-0.435055,0.738548,0.384038,0.244501,0.476169
0.911419,0.030483,0.09394,-0.398936,0.897962,0.060414,-0.015293,-0.435049,0.738511,0.384176,0.244469,0.476127
0.911405,0.030562,0.093971,-0.398954,0.89797,0.060575,-0.015211,-0.43501,0.738534,0.384251,0.244389,0.476069
0.911381,0.030666,0.094022,-0.398985,0.897956,0.060718,-0.015254,-0.435017,0.738537,0.384301,0.24437,0.476033
0.911343,0.03076,0.094082,-0.399051,0.897977,0.060903,-0.015279,-0.434946,0.738543,0.384349,0.244291,0.476024
0.91127,0.030839,0.094172,-0.399191,0.897972,0.061099,-0.01538,-0.434922,0.738593,0.384373,0.244189,0.475977
0.911217,0.030914,0.094251,-0.399286,0.897943,0.061256,-0.015353,-0.434957,0.738617,0.38442,0.244106,0.475944
0.911194,0.030963,0.094239,-0.399335,0.897905,0.061295,-0.015214,-0.435036,0.738657,0.384462,0.244071,0.475866
0.911181,0.031067,0.094228,-0.399358,0.897835,0.061245,-0.01508,-0.435194,0.738648,0.384554,0.24406,0.475806
0.911165,0.03116,0.094181,-0.399397,0.897778,0.061231,-0.014967,-0.435317,0.738621,0.384641,0.24414,0.475733
0.911129,0.031231,0.094228,-0.399463,0.897758,0.061359,-0.014883,-0.435342,0.738596,0.384738,0.244228,0.475646
0.911096,0.031247,0.094294,-0.39952,0.897678,0.061538,-0.014914,-0.43548,0.738573,0.384812,0.244296,0.475585
0.911065,0.031171,0.094424,-0.399569,0.897626,0.061702,-0.01488,-0.435564,0.738586,0.384859,0.24428,0.475535
0.911059,0.031091,0.094559,-0.399558,0.897597,0.061749,-0.014821,-0.435619,0.738625,0.384879,0.244274,0.475459
0.911018,0.031217,0.094664,-0.399614,0.897606,0.06174,-0.014708,-0.435604,0.738612,0.38488,0.244271,0.475482
0.910962,0.031383,0.094714,-0.399714,0.897598,0.061671,-0.014515,-0.435637,0.738636,0.384826,0.244264,0.475494
0.910915,0.031558,0.094771,-0.399793,0.897606,0.061583,-0.014267,-0.435644,0.738643,0.384836,0.244274,0.475469
0.910886,0.03165,0.094806,-0.39984,0.897583,0.061549,-0.014129,-0.4357,0.738635,0.384871,0.244295,0.47544
0.910893,0.031614,0.09478,-0.399835,0.897548,0.061656,-0.014089,-0.435756,0.738629,0.384927,0.244327,0.475387
0.910929,0.031557,0.094707,-0.399777,0.897526,0.061846,-0.014071,-0.435775,0.738603,0.384961,0.244397,0.475362
0.910928,0.031507,0.0947,-0.399784,0.897489,0.0619,-0.014055,-0.435844,0.738589,0.385002,0.244403,0.475346
0.910911,0.031568,0.094689,-0.39982,0.897511,0.061879,-0.014007,-0.435803,0.738616,0.385015,0.244372,0.47531
0.910878,0.031709,0.094672,-0.399888,0.897516,0.06181,-0.013923,-0.435806,0.738671,0.384944,0.244376,0.475283
0.910875,0.03179,0.094662,-0.399887,0.897523,0.061697,-0.013853,-0.43581,0.738702,0.384948,0.244303,0.475267
0.91083,0.031858,0.094706,-0.399973,0.897512,0.061699,-0.013789,-0.435835,0.738775,0.384939,0.244215,0.475209
0.910799,0.031919,0.094731,-0.400032,0.897468,0.061799,-0.013757,-0.435913,0.738836,0.384915,0.244176,0.475154
0.9108,0.031888,0.094682,-0.400045,0.897377,0.061988,-0.013824,-0.436068,0.738871,0.384937,0.244127,0.475109
0.910838,0.031854,0.094585,-0.399987,0.89727,0.062277,-0.014081,-0.436236,0.738878,0.384929,0.244097,0.47512
0.910853,0.031947,0.09451,-0.399958,0.897223,0.062514,-0.01424,-0.436293,0.738866,0.384976,0.244083,0.475105
0.910868,0.032083,0.094445,-0.399926,0.897201,0.062578,-0.014239,-0.436327,0.738911,0.384929,0.244026,0.475103
0.910823,0.032333,0.094361,-0.400027,0.897196,0.062467,-0.014039,-0.436362,0.738931,0.384935,0.244026,0.475069
0.910785,0.032513,0.094309,-0.400107,0.897227,0.062304,-0.013829,-0.436329,0.738975,0.38492,0.243994,0.475031
0.91075,0.03258,0.094308,-0.400183,0.89727,0.06218,-0.013647,-0.436266,0.739035,0.384901,0.243937,0.474984
0.910729,0.032479,0.094409,-0.400215,0.897235,0.062155,-0.013643,-0.436342,0.739116,0.384827,0.243914,0.474932
0.910689,0.03234,0.094548,-0.400286,0.897192,0.062197,-0.01373,-0.436421,0.739172,0.384819,0.243906,0.474857
0.910687,0.032178,0.094672,-0.400279,0.897147,0.062209,-0.013848,-0.43651,0.739178,0.384781,0.24391,0.474878
0.910696,0.032189,0.094675,-0.400253,0.897133,0.062256,-0.013933,-0.436527,0.739189,0.384742,0.243926,0.474883
0.910706,0.032302,0.094633,-0.400233,0.897124,0.062226,-0.013872,-0.436553,0.73918,0.384779,0.243941,0.47486
0.910668,0.032385,0.094669,-0.400301,0.897143,0.06226,-0.013662,-0.436515,0.739165,0.384783,0.24399,0.474856
0.910673,0.032463,0.094693,-0.400278,0.897194,0.062331,-0.013389,-0.436407,0.739107,0.384859,0.243991,0.47488
0.910703,0.032451,0.094769,-0.400192,0.89726,0.062543,-0.013167,-0.436243,0.739083,0.384929,0.243879,0.474915
0.910725,0.0325,0.094844,-0.400121,0.897323,0.062756,-0.013056,-0.436084,0.739038,0.385019,0.243825,0.474934
0.910729,0.032627,0.094925,-0.400078,0.897356,0.062958,-0.013023,-0.435986,0.738977,0.385125,0.243666,0.475021
0.910723,0.032886,0.09498,-0.400055,0.897361,0.06306,-0.013025,-0.43596,0.738856,0.385337,0.243559,0.475081
0.910687,0.033208,0.095035,-0.400091,0.897374,0.063121,-0.013093,-0.435921,0.738764,0.385466,0.243526,0.475129
0.910685,0.033495,0.09502,-0.400071,0.897361,0.063168,-0.013137,-0.435938,0.738676,0.385566,0.243568,0.475159
0.910692,0.033571,0.095036,-0.400044,0.897349,0.063262,-0.013162,-0.43595,0.738594,0.385666,0.243606,0.475183
0.910756,0.033481,0.095141,-0.399881,0.897352,0.063362,-0.013136,-0.435928,0.738512,0.385755,0.243633,0.47522
0.910819,0.033256,0.095198,-0.399747,0.897384,0.063469,-0.013095,-0.435846,0.738498,0.385781,0.243624,0.475221
0.910889,0.033141,0.095219,-0.399591,0.897428,0.06353,-0.013041,-0.435748,0.738492,0.38577,0.243541,0.475284
0.910919,0.033125,0.095185,-0.399533,0.897476,0.06355,-0.013071,-0.435643,0.738493,0.385724,0.243375,0.475404
0.91093,0.033207,0.095172,-0.399501,0.897511,0.063562,-0.013053,-0.43557,0.738495,0.385708,0.243285,0.475461
0.910898,0.033469,0.095163,-0.399553,0.897524,0.063602,-0.013031,-0.435537,0.738494,0.385705,0.243211,0.475501
0.910877,0.033669,0.095158,-0.399582,0.897497,0.063737,-0.013104,-0.435569,0.738492,0.385719,0.243184,0.475507
0.910853,0.033779,0.095199,-0.399616,0.89747,0.063784,-0.013088,-0.435618,0.738461,0.385797,0.243188,0.475486
0.910887,0.033883,0.095204,-0.399528,0.897459,0.063868,-0.013049,-0.435629,0.738362,0.385922,0.243254,0.4755
0.910877,0.033943,0.095268,-0.39953,0.89745,0.063929,-0.012949,-0.435641,0.738274,0.386088,0.243276,0.475483
0.910886,0.033896,0.095318,-0.399501,0.897433,0.063996,-0.012793,-0.435668,0.738162,0.386233,0.243297,0.475522
0.910898,0.033806,0.095351,-0.399472,0.897446,0.064052,-0.012693,-0.435638,0.738135,0.38633,0.243272,0.475494
0.910923,0.033777,0.095443,-0.3994,0.897442,0.064054,-0.01254,-0.43565,0.738175,0.386361,0.243129,0.475479
0.910899,0.033818,0.095544,-0.399424,0.897446,0.064044,-0.012524,-0.435642,0.738231,0.38635,0.242974,0.47548
0.910853,0.033945,0.095608,-0.399502,0.897421,0.064119,-0.012567,-0.435682,0.738277,0.386384,0.242833,0.475453
0.91079,0.034064,0.095663,-0.399619,0.897404,0.064198,-0.012586,-0.435705,0.7383,0.386412,0.242749,0.475436
0.910779,0.034208,0.09576,-0.399607,0.89734,0.064385,-0.012549,-0.435808,0.738283,0.386535,0.242709,0.475377
0.910749,0.034245,0.095867,-0.399648,0.897309,0.064539,-0.012482,-0.435851,0.738276,0.386653,0.242702,0.475291
0.910728,0.034322,0.095933,-0.399671,0.897285,0.06457,-0.012344,-0.435899,0.738219,0.386793,0.242731,0.475245
0.910716,0.034472,0.095901,-0.399692,0.897261,0.064572,-0.012262,-0.435949,0.738238,0.386811,0.242713,0.475213
0.910657,0.034552,0.095969,-0.399801,0.897265,0.064438,-0.012122,-0.435966,0.738217,0.386851,0.24273,0.4752
0.910617,0.034611,0.096022,-0.399874,0.897293,0.064309,-0.012019,-0.435932,0.738229,0.386861,0.242724,0.475176
0.91058,0.034615,0.096122,-0.399934,0.897258,0.064268,-0.012056,-0.436008,0.738228,0.386904,0.24267,0.47517
0.910543,0.034563,0.096208,-0.400003,0.897281,0.064247,-0.012222,-0.43596,0.738278,0.386915,0.242582,0.475127
0.910512,0.034488,0.096325,-0.400054,0.897261,0.064293,-0.01234,-0.435991,0.738337,0.386885,0.242527,0.475089
0.910536,0.034413,0.096404,-0.399987,0.897268,0.064266,-0.012416,-0.435979,0.738366,0.38687,0.242553,0.475046
0.910554,0.03427,0.096476,-0.399942,0.897265,0.06431,-0.012421,-0.435979,0.73838,0.386803,0.24257,0.475072
0.910594,0.0342,0.096433,-0.399868,0.897221,0.064352,-0.012321,-0.436066,0.738407,0.386724,0.242636,0.475063
0.91064,0.034167,0.096359,-0.399782,0.897193,0.064366,-0.012222,-0.436123,0.738393,0.386708,0.242701,0.475067
0.910642,0.034236,0.096329,-0.39978,0.897177,0.064406,-0.01211,-0.436151,0.738356,0.386723,0.242731,0.475096
0.910616,0.034359,0.096362,-0.39982,0.897159,0.06443,-0.012038,-0.43619,0.738329,0.386702,0.242685,0.475177
0.910568,0.034486,0.096411,-0.399904,0.897176,0.064376,-0.01194,-0.436165,0.738337,0.386758,0.242637,0.475143
0.91053,0.034507,0.096551,-0.399956,0.897213,0.064264,-0.011816,-0.436109,0.738306,0.386817,0.242707,0.475106
0.910499,0.03446,0.096665,-0.400003,0.897281,0.06412,-0.011677,-0.435997,0.738296,0.386852,0.242687,0.475102
0.910486,0.034392,0.096754,-0.400016,0.897326,0.064003,-0.011682,-0.435922,0.738323,0.386818,0.242686,0.475089
0.910471,0.034199,0.096834,-0.400052,0.897308,0.064008,-0.011778,-0.435954,0.738331,0.386776,0.2427,0.475103
0.910484,0.034007,0.096926,-0.400019,0.897299,0.064121,-0.01192,-0.435952,0.738345,0.386727,0.242689,0.475128
0.910541,0.03387,0.096934,-0.399902,0.897267,0.064246,-0.012093,-0.435994,0.738371,0.386665,0.24274,0.475119
0.910591,0.033761,0.096838,-0.399819,0.897257,0.06434,-0.012301,-0.435993,0.738373,0.386585,0.242751,0.475176
0.910614,0.033824,0.09671,-0.399793,0.897285,0.064321,-0.01253,-0.435931,0.738371,0.386531,0.242764,0.475219
0.910618,0.033851,0.096688,-0.399787,0.897329,0.064145,-0.012661,-0.435866,0.738357,0.386499,0.242789,0.475255
0.910625,0.033944,0.096633,-0.399774,0.897423,0.063896,-0.012631,-0.435713,0.738401,0.386408,0.242797,0.475261
0.910625,0.033913,0.096688,-0.399764,0.897531,0.063694,-0.012586,-0.435521,0.738411,0.386323,0.242869,0.47528
0.910645,0.033769,0.096742,-0.399719,0.89761,0.063475,-0.012428,-0.435394,0.738416,0.386253,0.242925,0.475302
0.910703,0.033551,0.096745,-0.399609,0.89767,0.063326,-0.01227,-0.435299,0.738417,0.386197,0.243015,0.475302
0.910769,0.033373,0.096711,-0.399484,0.897707,0.063234,-0.012191,-0.435238,0.738422,0.38615,0.243091,0.475298
0.910813,0.033278,0.096678,-0.3994,0.897698,0.063289,-0.012239,-0.435248,0.738419,0.386073,0.243219,0.475302
0.910859,0.033161,0.096593,-0.399327,0.897648,0.063423,-0.012381,-0.435328,0.738456,0.385984,0.243244,0.475308
0.910878,0.03308,0.096564,-0.399299,0.897605,0.063647,-0.012614,-0.435374,0.73848,0.385906,0.243198,0.475361
0.910897,0.033055,0.096589,-0.399251,0.897606,0.063767,-0.012818,-0.435347,0.738515,0.385801,0.243136,0.475428
0.910913,0.033131,0.096521,-0.399222,0.897637,0.063788,-0.012912,-0.435278,0.738541,0.3857,0.243109,0.475486
0.910899,0.033299,0.096464,-0.399252,0.897719,0.06366,-0.012839,-0.435129,0.7385,0.385739,0.243165,0.475488
0.910933,0.033405,0.096429,-0.399175,0.897839,0.063396,-0.012613,-0.434931,0.738384,0.385831,0.243321,0.475509
0.910974,0.033382,0.096404,-0.399087,0.897961,0.063182,-0.012313,-0.434716,0.738278,0.385926,0.243439,0.475532
0.911048,0.033291,0.096383,-0.398932,0.898047,0.063145,-0.012223,-0.434549,0.738214,0.385962,0.243451,0.475595
0.911111,0.033119,0.096355,-0.398812,0.898052,0.063329,-0.01241,-0.434503,0.738157,0.385956,0.243471,0.475675
0.911165,0.03299,0.096331,-0.398706,0.898003,0.063613,-0.01277,-0.43455,0.73816,0.385928,0.243399,0.475732
0.911241,0.032994,0.096297,-0.39854,0.897953,0.063929,-0.013193,-0.434592,0.738105,0.385937,0.243323,0.475845
0.911259,0.033181,0.096233,-0.398495,0.897921,0.064126,-0.013453,-0.434619,0.738056,0.385976,0.243239,0.475931
0.911252,0.033429,0.096158,-0.398507,0.897913,0.064124,-0.013583,-0.434631,0.738,0.386,0.243232,0.476
0.911225,0.033683,0.096092,-0.398558,0.897973,0.063887,-0.01344,-0.43455,0.738,0.385981,0.243207,0.476029
0.911229,0.033727,0.096045,-0.398556,0.89805,0.063548,-0.01313,-0.434453,0.73802,0.385957,0.243253,0.475993
0.911228,0.03361,0.096071,-0.398565,0.898159,0.063273,-0.012974,-0.434274,0.738062,0.38588,0.243297,0.475972
0.911219,0.033351,0.096234,-0.398569,0.898199,0.063141,-0.012934,-0.434213,0.738076,0.385846,0.243273,0.475994
0.911209,0.033076,0.096379,-0.398584,0.89818,0.063111,-0.013019,-0.434254,0.738128,0.38575,0.243234,0.476012
0.911192,0.032872,0.096482,-0.398618,0.898125,0.063281,-0.013172,-0.434337,0.738138,0.385747,0.243181,0.476028
0.911197,0.032805,0.09649,-0.398611,0.898031,0.063596,-0.013377,-0.434476,0.738138,0.38576,0.243143,0.476035
0.911211,0.032978,0.096407,-0.398583,0.897969,0.063802,-0.013458,-0.434571,0.738124,0.385751,0.243132,0.476071
0.911182,0.033303,0.096311,-0.39864,0.897981,0.063855,-0.013429,-0.434539,0.738113,0.38575,0.243133,0.476087
0.911136,0.033609,0.096252,-0.398731,0.89803,0.063784,-0.013292,-0.43445,0.738057,0.385812,0.243212,0.476081
0.911115,0.033756,0.096286,-0.398756,0.8981,0.06368,-0.013047,-0.43433,0.737991,0.385887,0.24326,0.476093
0.911128,0.033705,0.096398,-0.398703,0.898147,0.063585,-0.012857,-0.434252,0.737953,0.385972,0.243335,0.476044
0.911154,0.033499,0.096536,-0.398632,0.898147,0.063577,-0.012803,-0.434257,0.737877,0.386054,0.243439,0.476038
0.911172,0.033239,0.096741,-0.398565,0.898106,0.063651,-0.012864,-0.434327,0.737831,0.386123,0.243474,0.476032
0.911161,0.033164,0.096861,-0.398569,0.898075,0.063745,-0.012945,-0.434377,0.737837,0.386095,0.243528,0.476021
0.91112,0.033268,0.096927,-0.398635,0.898057,0.063815,-0.012916,-0.434402,0.737839,0.386097,0.243553,0.476001
0.911079,0.03349,0.096963,-0.398699,0.89804,0.063806,-0.0128,-0.434443,0.737799,0.386117,0.243659,0.475992
0.91105,0.033667,0.096963,-0.398749,0.898019,0.063743,-0.012673,-0.434499,0.737765,0.386158,0.243744,0.475968
0.911068,0.033571,0.097014,-0.398704,0.898025,0.063666,-0.012584,-0.434501,0.73774,0.386202,0.243784,0.475947
0.911062,0.033514,0.097071,-0.39871,0.898039,0.063614,-0.01259,-0.434479,0.737792,0.386144,0.243686,0.475965
0.911042,0.033433,0.097225,-0.398726,0.898013,0.063725,-0.012678,-0.434516,0.73781,0.386126,0.243589,0.476004
0.911011,0.03341,0.097327,-0.398774,0.898004,0.063867,-0.012808,-0.434507,0.73776,0.386127,0.243555,0.476097
0.910987,0.03351,0.097342,-0.398816,0.897978,0.064028,-0.012935,-0.434532,0.737726,0.38615,0.243568,0.476123
0.910984,0.033707,0.097245,-0.398826,0.897965,0.064154,-0.012991,-0.434537,0.737654,0.386219,0.243647,0.476135
0.910967,0.033942,0.097134,-0.398868,0.897967,0.064151,-0.013062,-0.43453,0.73761,0.386278,0.243748,0.476101
0.910927,0.034111,0.097117,-0.398949,0.897971,0.064088,-0.013078,-0.434532,0.737565,0.386322,0.243809,0.476102
0.910906,0.034056,0.097147,-0.398995,0.897982,0.063925,-0.013061,-0.434536,0.737553,0.386352,0.243857,0.476071
0.910926,0.033801,0.097227,-0.398954,0.898009,0.063866,-0.013021,-0.434491,0.737578,0.386309,0.243893,0.476051
0.910991,0.033478,0.097319,-0.398816,0.898037,0.063888,-0.012965,-0.434429,0.737607,0.386247,0.243886,0.476062
0.911052,0.033314,0.097356,-0.398684,0.898058,0.064027,-0.012993,-0.434365,0.737614,0.386177,0.243875,0.476116
0.911085,0.03328,0.09737,-0.398606,0.898055,0.064185,-0.012918,-0.434348,0.737578,0.386172,0.243936,0.476144
0.911085,0.033439,0.097388,-0.398588,0.898056,0.064216,-0.012799,-0.434344,0.737517,0.386247,0.244023,0.476129
0.911084,0.033577,0.097434,-0.398563,0.898035,0.064125,-0.012648,-0.434407,0.737447,0.386286,0.244127,0.476152
0.911054,0.033764,0.097448,-0.39861,0.898052,0.064051,-0.012526,-0.434386,0.737371,0.386353,0.24423,0.47616
0.911027,0.0339,0.097534,-0.398637,0.898075,0.064017,-0.012437,-0.434345,0.737323,0.386409,0.244361,0.47612
0.911025,0.033797,0.097628,-0.398629,0.898073,0.064018,-0.012295,-0.434355,0.737298,0.386474,0.24443,0.476068
0.911046,0.033675,0.097771,-0.398557,0.898079,0.064098,-0.012141,-0.434332,0.737268,0.386503,0.244513,0.476047
0.911075,0.033573,0.097824,-0.398488,0.89809,0.064141,-0.011945,-0.434309,0.737226,0.386576,0.244571,0.47602
0.911077,0.033621,0.097801,-0.398484,0.898055,0.06421,-0.011883,-0.43437,0.737215,0.386623,0.244562,0.476003
0.911062,0.033788,0.097777,-0.398507,0.897999,0.064366,-0.011894,-0.434464,0.737248,0.386631,0.244525,0.475963
0.911047,0.033978,0.097708,-0.39854,0.897947,0.064485,-0.012003,-0.434549,0.737285,0.386615,0.244381,0.475993
0.911034,0.03415,0.097652,-0.398567,0.897903,0.06455,-0.012156,-0.434625,0.737324,0.386572,0.24428,0.476021
0.91101,0.034206,0.097632,-0.398621,0.897834,0.064579,-0.012331,-0.434759,0.737378,0.386508,0.244206,0.476031
0.911022,0.03417,0.097576,-0.398612,0.897786,0.064484,-0.012467,-0.43487,0.737378,0.386519,0.244226,0.476011
0.91104,0.034108,0.097516,-0.398592,0.8978,0.064392,-0.012546,-0.434855,0.737351,0.386528,0.244287,0.476014
0.911044,0.034036,0.097432,-0.398609,0.897823,0.06436,-0.012655,-0.434808,0.737284,0.386578,0.244377,0.476028
0.911029,0.033978,0.097314,-0.398677,0.897832,0.064244,-0.012679,-0.434808,0.737225,0.386622,0.244476,0.476031
0.911024,0.033952,0.097194,-0.398721,0.897815,0.064226,-0.012737,-0.434843,0.737219,0.386653,0.244495,0.476004
0.911075,0.033898,0.097007,-0.398657,0.897804,0.064323,-0.012794,-0.434851,0.737258,0.386635,0.244448,0.475983
0.911137,0.033809,0.096846,-0.398565,0.897792,0.06447,-0.012906,-0.434849,0.737329,0.386504,0.244346,0.476037
0.911145,0.033837,0.096641,-0.398591,0.897795,0.064667,-0.013103,-0.434805,0.737376,0.386387,0.244229,0.476125
0.911128,0.033964,0.096515,-0.398651,0.897776,0.064854,-0.013313,-0.434807,0.737417,0.386298,0.244112,0.476194
0.911108,0.034187,0.096443,-0.398693,0.897773,0.064967,-0.013464,-0.434791,0.737413,0.386225,0.244051,0.476294
0.911111,0.034458,0.096347,-0.398679,0.897818,0.064993,-0.013487,-0.434691,0.737329,0.386247,0.244122,0.476367
0.91114,0.034608,0.096361,-0.398593,0.89791,0.064957,-0.013414,-0.43451,0.737234,0.38632,0.244211,0.476406
0.911171,0.034655,0.096371,-0.398515,0.89801,0.064884,-0.013268,-0.434319,0.73708,0.386482,0.244362,0.476428
0.911231,0.034509,0.096454,-0.398374,0.898079,0.064834,-0.013196,-0.434184,0.73698,0.386587,0.244476,0.476434
0.911317,0.034295,0.096532,-0.39818,0.898123,0.064847,-0.013187,-0.434092,0.736907,0.386661,0.244481,0.476481
0.911407,0.034169,0.096532,-0.397984,0.898124,0.06494,-0.013278,-0.434072,0.736877,0.386697,0.244466,0.476504
0.911436,0.034241,0.096479,-0.397923,0.898069,0.065033,-0.013406,-0.434166,0.73687,0.38669,0.244483,0.476513
0.911426,0.034409,0.096405,-0.397947,0.898011,0.065079,-0.013543,-0.434276,0.7369,0.38663,0.244455,0.476532
0.911417,0.034517,0.096294,-0.397985,0.89797,0.06501,-0.013619,-0.43437,0.736846,0.386617,0.24448,0.476611
0.911394,0.034535,0.096281,-0.398038,0.897941,0.064892,-0.013615,-0.434449,0.736845,0.386609,0.244492,0.476614
0.91137,0.03448,0.096235,-0.39811,0.897939,0.06474,-0.013499,-0.434483,0.736875,0.386609,0.244558,0.476535
0.911347,0.034369,0.096243,-0.398172,0.897956,0.064608,-0.013423,-0.43447,0.736918,0.38657,0.244559,0.476504
0.911308,0.034207,0.096319,-0.39826,0.897954,0.064569,-0.013327,-0.434483,0.736972,0.386519,0.244583,0.476451
0.911283,0.034018,0.096382,-0.398321,0.897948,0.064486,-0.013236,-0.434513,0.737084,0.386457,0.244535,0.476355
0.911255,0.033925,0.096449,-0.398379,0.897971,0.064439,-0.013119,-0.434474,0.737174,0.386439,0.24447,0.476267
0.911211,0.033941,0.096468,-0.398473,0.89794,0.064388,-0.013081,-0.434547,0.737231,0.386446,0.24443,0.476193
0.911178,0.03398,0.096511,-0.398533,0.8979,0.064415,-0.013088,-0.434626,0.737254,0.386457,0.244406,0.476162
0.911144,0.034053,0.096527,-0.398603,0.897843,0.064519,-0.013211,-0.434725,0.737245,0.386523,0.244438,0.476103
0.911168,0.034035,0.096527,-0.398547,0.897791,0.064714,-0.013263,-0.4348,0.73724,0.386611,0.244491,0.47601
0.911219,0.034058,0.096495,-0.398436,0.897757,0.064946,-0.013212,-0.434834,0.737174,0.386735,0.244592,0.475954
0.911212,0.034119,0.096472,-0.398453,0.897782,0.065038,-0.013146,-0.434769,0.737074,0.386888,0.24473,0.47591
0.911188,0.03422,0.096514,-0.398486,0.897828,0.064986,-0.013036,-0.434687,0.736979,0.387009,0.24479,0.475921
0.911158,0.034342,0.096491,-0.398549,0.897849,0.064886,-0.012904,-0.434662,0.73698,0.387108,0.244761,0.475851
0.911127,0.034488,0.096502,-0.398601,0.897878,0.064806,-0.012839,-0.434618,0.737011,0.387096,0.244702,0.475844
0.911075,0.034617,0.096489,-0.398712,0.897881,0.064767,-0.012799,-0.434619,0.737057,0.387044,0.244644,0.475846
0.911007,0.034675,0.096505,-0.398857,0.897807,0.064694,-0.012871,-0.434782,0.737085,0.387053,0.244613,0.475813
0.910985,0.034579,0.096497,-0.398919,0.897714,0.064769,-0.013082,-0.434956,0.737139,0.387028,0.244556,0.475778
0.911015,0.034426,0.09652,-0.398862,0.897614,0.064917,-0.0133,-0.435133,0.737154,0.387013,0.244504,0.475796
0.911034,0.034245,0.096463,-0.398849,0.897573,0.065035,-0.013508,-0.435194,0.737168,0.387061,0.244444,0.475764
0.911047,0.034184,0.096387,-0.398846,0.897561,0.065045,-0.0136,-0.435213,0.737187,0.387094,0.244401,0.475729
0.911054,0.034274,0.096274,-0.398847,0.897582,0.065029,-0.013537,-0.435176,0.737195,0.38712,0.244333,0.475729
0.91103,0.034454,0.096162,-0.398912,0.897651,0.064943,-0.013311,-0.435052,0.737206,0.38715,0.244298,0.475703
0.91104,0.034531,0.096026,-0.398915,0.897722,0.064875,-0.013075,-0.434923,0.737131,0.387253,0.244313,0.475724
0.911052,0.034633,0.095924,-0.398901,0.897765,0.064821,-0.012935,-0.434845,0.73711,0.387277,0.244356,0.475714
0.911047,0.034672,0.09589,-0.398917,0.89776,0.064832,-0.012915,-0.434855,0.737116,0.387286,0.244297,0.475727
0.911085,0.034672,0.095924,-0.39882,0.897704,0.064887,-0.013124,-0.434956,0.737092,0.387318,0.244218,0.475776
0.911098,0.034686,0.095966,-0.39878,0.897655,0.06505,-0.013314,-0.435027,0.737101,0.387326,0.244095,0.475819
0.911095,0.034714,0.096064,-0.398758,0.897615,0.065268,-0.013392,-0.435072,0.737056,0.387342,0.244019,0.475913
0.911083,0.034767,0.09609,-0.398774,0.897592,0.065426,-0.013309,-0.435097,0.737044,0.38737,0.243957,0.475939
0.911084,0.034855,0.096092,-0.398765,0.897615,0.06554,-0.013135,-0.435033,0.736972,0.387431,0.244013,0.47597
0.911092,0.035012,0.096005,-0.398749,0.897647,0.065468,-0.012868,-0.434989,0.736929,0.387485,0.244084,0.475953
0.911107,0.035174,0.095851,-0.398737,0.897676,0.065381,-0.012756,-0.434945,0.73687,0.387539,0.244139,0.475969
0.911076,0.035275,0.095761,-0.398818,0.897648,0.065372,-0.012771,-0.435005,0.736864,0.387559,0.244158,0.475952
0.911052,0.03527,0.095763,-0.398873,0.897598,0.065411,-0.012849,-0.4351,0.736854,0.38759,0.24416,0.47594
0.911037,0.035304,0.095801,-0.398896,0.897562,0.065388,-0.013026,-0.435173,0.736862,0.387589,0.244133,0.475943
0.911029,0.035296,0.095814,-0.398911,0.897567,0.065368,-0.013231,-0.435161,0.736884,0.387528,0.244091,0.475983
0.911018,0.035302,0.095762,-0.398949,0.89757,0.065367,-0.013341,-0.43515,0.736916,0.387503,0.244098,0.47595
0.911,0.035284,0.095749,-0.398996,0.897564,0.065371,-0.01346,-0.435161,0.736964,0.387478,0.244079,0.475908
0.911016,0.035132,0.095651,-0.398998,0.897572,0.065416,-0.013518,-0.435134,0.737007,0.387409,0.244063,0.475907
0.91105,0.034964,0.095507,-0.398973,0.897578,0.065437,-0.01356,-0.435117,0.737056,0.387292,0.244019,0.475954
0.911057,0.034863,0.095342,-0.399006,0.897565,0.065439,-0.013627,-0.435141,0.737124,0.38726,0.243952,0.475912
0.911034,0.034949,0.09519,-0.399086,0.897575,0.065378,-0.013725,-0.435127,0.737177,0.387172,0.243888,0.475937
0.910992,0.035108,0.095033,-0.399204,0.897592,0.065296,-0.013834,-0.435103,0.737208,0.387127,0.243849,0.475948
0.910967,0.035296,0.094791,-0.3993,0.897558,0.065312,-0.014019,-0.435164,0.737288,0.38702,0.24383,0.475924
0.91099,0.03535,0.094579,-0.399293,0.897511,0.065298,-0.014306,-0.435254,0.737379,0.386904,0.243829,0.475885
0.911025,0.035195,0.094469,-0.399256,0.89746,0.065297,-0.014639,-0.43535,0.737464,0.386795,0.24377,0.475877
0.911042,0.035083,0.094387,-0.399248,0.897463,0.065257,-0.014814,-0.435343,0.737542,0.386683,0.243703,0.475886
0.911063,0.034902,0.094289,-0.399242,0.897467,0.065191,-0.014767,-0.435348,0.737577,0.386616,0.243704,0.475888
0.911053,0.034876,0.094169,-0.399295,0.897482,0.065137,-0.014663,-0.43533,0.737631,0.386556,0.243706,0.475857
0.911028,0.034946,0.094055,-0.399373,0.897512,0.065037,-0.014581,-0.435286,0.737655,0.386561,0.243665,0.475834
0.91099,0.035144,0.093878,-0.39948,0.897525,0.065101,-0.014631,-0.435248,0.737726,0.386472,0.243529,0.475871
0.910997,0.03524,0.093747,-0.399486,0.897496,0.065348,-0.014771,-0.435263,0.737738,0.386501,0.243307,0.475939
0.911,0.035423,0.093691,-0.399473,0.897449,0.065794,-0.015033,-0.435279,0.737745,0.386527,0.243047,0.476039
0.911022,0.03566,0.093567,-0.399427,0.897391,0.066211,-0.015304,-0.435322,0.737683,0.386623,0.242874,0.47614
