0.941502,0.099656,0.027683,-0.321221,0.965231,0.113647,0.0149,-0.236818,0.839683,0.288491,0.098547,0.450323
0.941489,0.099828,0.0278,-0.321195,0.965218,0.113755,0.015051,-0.2368,0.839612,0.288616,0.098554,0.450375
0.941481,0.099968,0.027907,-0.321163,0.965208,0.113964,0.015147,-0.236738,0.839541,0.288767,0.098593,0.450403
0.94147,0.10008,0.028098,-0.321139,0.965199,0.11414,0.015325,-0.236672,0.839447,0.288936,0.098664,0.450453
0.941481,0.100152,0.028332,-0.321053,0.965192,0.114315,0.015498,-0.236601,0.839356,0.289142,0.098763,0.45047
0.94148,0.100149,0.028563,-0.321026,0.965189,0.114425,0.01564,-0.236542,0.839293,0.289288,0.098845,0.450475
0.941466,0.100271,0.028731,-0.32101,0.96518,0.114506,0.015811,-0.236519,0.839207,0.289442,0.09893,0.450518
0.941456,0.100391,0.028885,-0.320982,0.965172,0.114564,0.016017,-0.236503,0.839152,0.289633,0.09905,0.450471
0.941472,0.100494,0.029005,-0.320891,0.965181,0.114615,0.016153,-0.236424,0.839094,0.289774,0.099146,0.450466
0.941463,0.100612,0.029158,-0.32086,0.965177,0.114727,0.016261,-0.236378,0.839035,0.28996,0.099145,0.450458
0.941449,0.100789,0.029312,-0.320829,0.965171,0.114886,0.016333,-0.236316,0.838953,0.290136,0.099165,0.450496
0.941441,0.100907,0.029395,-0.320807,0.965168,0.114978,0.01653,-0.236265,0.838871,0.290288,0.099178,0.450547
0.941437,0.101005,0.029569,-0.320767,0.965152,0.115138,0.016634,-0.236239,0.838805,0.290438,0.099201,0.450569
0.941419,0.101185,0.029633,-0.320759,0.965136,0.115253,0.016779,-0.236236,0.838739,0.290617,0.099179,0.450586
0.941391,0.101338,0.029754,-0.320778,0.965127,0.11543,0.016863,-0.236181,0.838639,0.290814,0.099199,0.45064
0.941376,0.101466,0.029824,-0.320776,0.9651,0.115617,0.017002,-0.236187,0.838601,0.290987,0.099163,0.45061
0.941373,0.101584,0.029828,-0.320749,0.965075,0.115789,0.017041,-0.236203,0.838569,0.291078,0.099129,0.450622
0.941367,0.101668,0.029869,-0.320736,0.965065,0.115859,0.017063,-0.236209,0.83853,0.291176,0.099102,0.450639
0.941356,0.101835,0.029874,-0.320719,0.965063,0.115903,0.017058,-0.236196,0.838486,0.291311,0.099078,0.45064
0.941347,0.101927,0.029956,-0.320706,0.965068,0.115934,0.017122,-0.236152,0.838475,0.29139,0.099027,0.450621
0.941359,0.102004,0.029945,-0.320647,0.965075,0.115971,0.017173,-0.236101,0.838436,0.291495,0.098962,0.450644
0.941373,0.102093,0.029947,-0.320579,0.965077,0.116032,0.017111,-0.236069,0.838373,0.291579,0.0989,0.450722
0.941377,0.102184,0.02987,-0.320553,0.965079,0.116124,0.017049,-0.23603,0.838349,0.291654,0.098825,0.450735
0.941384,0.102283,0.029833,-0.320508,0.965079,0.11622,0.017008,-0.235987,0.838348,0.291705,0.098714,0.450734
0.941397,0.102399,0.029731,-0.320452,0.965088,0.116243,0.016972,-0.235947,0.838313,0.291824,0.098656,0.450737
0.941389,0.102491,0.029698,-0.320449,0.965092,0.116265,0.016936,-0.235928,0.838297,0.291896,0.098588,0.450737
0.941378,0.102648,0.029615,-0.320448,0.965098,0.116278,0.016897,-0.2359,0.838298,0.291924,0.098529,0.450732
0.941384,0.102686,0.029576,-0.320423,0.965098,0.116275,0.01683,-0.23591,0.838305,0.291955,0.098461,0.450715
0.941388,0.102719,0.029594,-0.320399,0.965099,0.116328,0.016775,-0.235892,0.838292,0.291955,0.098409,0.450751
0.94138,0.102714,0.029635,-0.320419,0.965093,0.116362,0.016764,-0.235897,0.838312,0.291935,0.098341,0.450743
0.941374,0.102766,0.029601,-0.320425,0.965095,0.116402,0.016682,-0.235887,0.838287,0.291973,0.098305,0.450775
0.941383,0.102813,0.02953,-0.320395,0.965088,0.116437,0.01667,-0.235895,0.838277,0.292011,0.098259,0.450779
0.941424,0.102875,0.02945,-0.320268,0.96511,0.116484,0.016611,-0.235793,0.838271,0.292029,0.098187,0.450798
0.941449,0.102952,0.029386,-0.320179,0.965132,0.116525,0.016507,-0.235701,0.838251,0.292055,0.098133,0.45083
0.941472,0.103087,0.02925,-0.320089,0.965162,0.116609,0.016349,-0.235559,0.838214,0.292035,0.098069,0.450927
0.941507,0.10319,0.029192,-0.31996,0.965188,0.1167,0.01626,-0.235419,0.838201,0.292015,0.098017,0.450976
0.94155,0.103234,0.029125,-0.319832,0.965202,0.116777,0.016196,-0.235335,0.838196,0.291946,0.097995,0.451036
0.941591,0.103231,0.029078,-0.319719,0.965234,0.116783,0.016148,-0.235208,0.83818,0.291865,0.097998,0.451115
0.941642,0.103179,0.029128,-0.319577,0.965264,0.116749,0.01612,-0.235103,0.838172,0.291827,0.098013,0.451152
0.941687,0.10308,0.029205,-0.319465,0.9653,0.116672,0.016126,-0.23499,0.838159,0.291811,0.098048,0.451177
0.941736,0.102954,0.029294,-0.319343,0.965315,0.116693,0.016053,-0.234929,0.838139,0.291766,0.098078,0.451234
0.941777,0.102899,0.029362,-0.319232,0.96534,0.116662,0.016036,-0.234845,0.838124,0.291688,0.098141,0.451298
0.941816,0.10286,0.029402,-0.319123,0.965365,0.11666,0.016089,-0.234734,0.838099,0.291693,0.09811,0.451347
0.941836,0.102854,0.029438,-0.31906,0.965375,0.116704,0.016152,-0.234664,0.838057,0.291663,0.098176,0.451428
0.941879,0.102829,0.029479,-0.318936,0.965391,0.116769,0.016202,-0.234562,0.838018,0.291662,0.098177,0.451501
0.941897,0.102882,0.029515,-0.318862,0.965423,0.116767,0.016297,-0.234419,0.837961,0.291678,0.098258,0.451576
0.941942,0.102914,0.029494,-0.318723,0.965429,0.116814,0.016338,-0.234367,0.837893,0.291729,0.098311,0.451659
0.941991,0.102898,0.029531,-0.318578,0.965455,0.116853,0.016417,-0.234229,0.837838,0.291752,0.098382,0.451728
0.94205,0.102877,0.029581,-0.318404,0.965476,0.116857,0.016482,-0.234132,0.837765,0.291738,0.098431,0.451862
0.942087,0.102839,0.029616,-0.3183,0.965503,0.11692,0.016508,-0.233989,0.8377,0.291706,0.098521,0.451982
0.942127,0.102829,0.029691,-0.318172,0.965533,0.116948,0.016525,-0.23385,0.837638,0.291753,0.098606,0.452045
0.94216,0.102787,0.029738,-0.318083,0.965562,0.116985,0.01658,-0.233707,0.837574,0.291748,0.098668,0.452152
0.942211,0.102831,0.029806,-0.317908,0.965599,0.116993,0.016632,-0.233542,0.837504,0.291796,0.098768,0.452229
0.942253,0.102895,0.029856,-0.317757,0.965636,0.117006,0.016621,-0.233382,0.83745,0.291845,0.098833,0.45228
0.942296,0.102887,0.029924,-0.317624,0.965648,0.117063,0.016644,-0.233307,0.837388,0.291893,0.098904,0.452345
0.942313,0.102927,0.03002,-0.317548,0.965669,0.117064,0.016677,-0.233216,0.837349,0.291881,0.098949,0.452417
0.942345,0.102947,0.030151,-0.317428,0.965678,0.117055,0.016742,-0.233171,0.83727,0.291908,0.098994,0.452534
0.942354,0.102949,0.030269,-0.317383,0.965693,0.11701,0.016824,-0.233119,0.837214,0.291959,0.09903,0.452599
0.942385,0.102965,0.030377,-0.317274,0.965713,0.117029,0.016916,-0.233016,0.837143,0.29206,0.099074,0.452653
0.942381,0.103045,0.030517,-0.317238,0.965726,0.117064,0.017002,-0.232932,0.837076,0.292114,0.099068,0.452744
0.942392,0.103186,0.03053,-0.317162,0.965725,0.117178,0.016975,-0.232889,0.837024,0.292158,0.099044,0.452818
0.942406,0.103388,0.030496,-0.317063,0.965736,0.11731,0.016936,-0.232783,0.836949,0.292276,0.099047,0.452883
0.942402,0.103588,0.030457,-0.31702,0.965733,0.117477,0.016893,-0.232724,0.8369,0.292305,0.09898,0.45297
0.942394,0.103781,0.030448,-0.316988,0.965731,0.117599,0.016887,-0.232674,0.836827,0.292376,0.098937,0.453071
0.942406,0.103928,0.030432,-0.316907,0.965731,0.117738,0.016823,-0.232619,0.836776,0.292418,0.0989,0.453147
0.942416,0.10402,0.030416,-0.316854,0.96573,0.117871,0.016845,-0.232553,0.836765,0.292467,0.098838,0.453151
0.942439,0.10408,0.030454,-0.316762,0.965741,0.117947,0.01687,-0.232469,0.836726,0.292578,0.098763,0.453169
0.94245,0.104108,0.030514,-0.316714,0.965745,0.117984,0.016912,-0.232428,0.836696,0.292635,0.098726,0.453199
0.942475,0.104145,0.030545,-0.31662,0.965775,0.117945,0.01692,-0.232326,0.83667,0.292632,0.098692,0.453255
0.94248,0.104161,0.030554,-0.316601,0.965797,0.117883,0.016887,-0.232265,0.836616,0.292668,0.098677,0.453338
0.94248,0.104293,0.030526,-0.316564,0.965813,0.1179,0.016791,-0.232205,0.836608,0.292694,0.098654,0.453341
0.942477,0.104415,0.030462,-0.316546,0.965827,0.117917,0.016711,-0.232147,0.836571,0.292669,0.098601,0.453437
0.942473,0.104517,0.030391,-0.316536,0.965845,0.11796,0.016636,-0.232062,0.836534,0.292695,0.098581,0.453493
0.942475,0.10459,0.030281,-0.316523,0.96586,0.117995,0.016594,-0.231991,0.83652,0.292702,0.098529,0.453527
0.942459,0.104679,0.03024,-0.316549,0.965849,0.118131,0.016478,-0.231989,0.836548,0.292687,0.098467,0.453499
0.94244,0.104784,0.030182,-0.316578,0.965814,0.11829,0.016447,-0.232058,0.83656,0.292686,0.098411,0.453491
0.942439,0.104809,0.030225,-0.31657,0.965801,0.118384,0.016392,-0.232077,0.836564,0.292719,0.098363,0.453475
0.94241,0.104843,0.030221,-0.316648,0.965775,0.118421,0.016409,-0.232162,0.836587,0.292761,0.098364,0.453407
0.942386,0.104868,0.030218,-0.316709,0.965753,0.118407,0.016449,-0.232257,0.836633,0.292776,0.098321,0.453323
0.942361,0.104883,0.030307,-0.316768,0.965728,0.118426,0.016462,-0.232347,0.836649,0.292853,0.098334,0.45324
0.942372,0.104912,0.03039,-0.316712,0.965708,0.118495,0.016444,-0.2324,0.836649,0.292903,0.098418,0.453189
0.942355,0.104931,0.030464,-0.316748,0.965693,0.118553,0.01647,-0.232431,0.836644,0.292995,0.09846,0.453128
0.942362,0.104928,0.030542,-0.316717,0.965704,0.118547,0.016507,-0.232385,0.836634,0.29309,0.098519,0.453073
0.942362,0.104904,0.030605,-0.316714,0.965696,0.118484,0.016634,-0.232431,0.836625,0.293113,0.098607,0.453052
0.942363,0.104922,0.030707,-0.316692,0.965696,0.11852,0.016759,-0.232397,0.836603,0.293165,0.098675,0.453046
0.942353,0.104975,0.030816,-0.316688,0.965689,0.118511,0.016891,-0.232411,0.836588,0.293179,0.098749,0.453045
0.942362,0.104999,0.03094,-0.316641,0.965685,0.118519,0.017012,-0.23241,0.836532,0.293215,0.098833,0.453105
0.942346,0.105073,0.031072,-0.316644,0.965696,0.118428,0.017192,-0.232382,0.83652,0.293244,0.09889,0.453096
0.942374,0.10507,0.031178,-0.316548,0.965693,0.118439,0.017332,-0.232372,0.836498,0.293326,0.098954,0.453069
0.942365,0.105119,0.031332,-0.316534,0.965693,0.118412,0.01751,-0.232358,0.836453,0.293399,0.099051,0.453082
0.942372,0.105127,0.031461,-0.316493,0.965679,0.118491,0.017707,-0.232352,0.836409,0.293455,0.099122,0.453112
0.942359,0.105175,0.031648,-0.316491,0.965684,0.118544,0.01784,-0.232287,0.83634,0.293555,0.099187,0.453157
0.942381,0.105269,0.031852,-0.316365,0.965695,0.118645,0.018031,-0.232166,0.836266,0.293652,0.099237,0.453223
0.942403,0.105382,0.032076,-0.316233,0.965699,0.118732,0.018171,-0.232089,0.836179,0.29371,0.099338,0.453322
0.942408,0.105545,0.032183,-0.316151,0.965706,0.118809,0.018291,-0.232005,0.836094,0.29378,0.099447,0.453405
0.942416,0.10571,0.032306,-0.316055,0.965726,0.118936,0.01839,-0.231847,0.836001,0.293853,0.09951,0.453515
0.942452,0.105804,0.032409,-0.315908,0.965737,0.119109,0.01851,-0.231698,0.835952,0.293967,0.099551,0.453524
0.942481,0.105898,0.032558,-0.315769,0.965759,0.119217,0.018609,-0.231545,0.83588,0.294041,0.099626,0.453592
0.942515,0.106002,0.032676,-0.315617,0.965774,0.119309,0.018763,-0.231413,0.835782,0.294164,0.099708,0.453672
0.942521,0.106128,0.032776,-0.315545,0.965792,0.119375,0.018894,-0.231288,0.835674,0.294288,0.099739,0.453787
0.94254,0.106226,0.032808,-0.315451,0.965802,0.119559,0.018977,-0.231146,0.835594,0.294402,0.099784,0.453848
0.942565,0.106327,0.032857,-0.315337,0.965802,0.119706,0.019026,-0.231066,0.835557,0.294503,0.099797,0.453849
0.94258,0.106413,0.032936,-0.315255,0.965806,0.119806,0.019093,-0.23099,0.835487,0.294621,0.099835,0.453893
0.942574,0.106514,0.033012,-0.315227,0.9658,0.119831,0.019192,-0.23099,0.835425,0.294702,0.099836,0.453955
0.942576,0.106634,0.033062,-0.315176,0.96581,0.119843,0.019269,-0.230929,0.83537,0.294776,0.099815,0.454014
0.942566,0.106751,0.033094,-0.315166,0.965805,0.119952,0.019314,-0.230893,0.835338,0.294894,0.099765,0.45401
0.942562,0.106844,0.033037,-0.315158,0.965793,0.120124,0.019297,-0.230858,0.835276,0.29506,0.099757,0.45402
0.942587,0.106889,0.033062,-0.315062,0.965803,0.120231,0.019254,-0.230771,0.835268,0.295086,0.099705,0.454029
0.942616,0.106946,0.033016,-0.314967,0.965812,0.120272,0.019189,-0.230723,0.835254,0.295117,0.099638,0.454053
0.942639,0.107057,0.032918,-0.314874,0.965822,0.120306,0.019106,-0.230681,0.835198,0.295169,0.099615,0.454129
0.942671,0.107052,0.032849,-0.314793,0.96584,0.120261,0.019035,-0.230635,0.83517,0.295151,0.099562,0.454204
0.942704,0.107068,0.032776,-0.314698,0.965856,0.120221,0.018991,-0.230594,0.835161,0.295138,0.099489,0.454245
0.942751,0.107061,0.032764,-0.314561,0.965886,0.120195,0.018847,-0.2305,0.835141,0.295076,0.099437,0.454335
0.942802,0.107037,0.032741,-0.314423,0.965924,0.120047,0.018697,-0.230438,0.835148,0.294983,0.099425,0.454385
0.942847,0.106951,0.032678,-0.314321,0.965951,0.11993,0.018659,-0.230382,0.835119,0.29489,0.099455,0.454488
0.942887,0.106887,0.032684,-0.314221,0.965981,0.119878,0.018656,-0.230283,0.835107,0.294799,0.099455,0.45457
0.942952,0.106898,0.032667,-0.314026,0.966016,0.119863,0.018652,-0.230147,0.835042,0.294784,0.099488,0.45469
0.942985,0.106944,0.032731,-0.313903,0.966036,0.119913,0.018625,-0.23004,0.834957,0.294773,0.099514,0.454849
0.943027,0.107023,0.03279,-0.313741,0.966067,0.119982,0.018639,-0.229878,0.834898,0.29471,0.099561,0.454984
0.943063,0.107096,0.032929,-0.313589,0.96609,0.120016,0.018715,-0.229749,0.834798,0.294786,0.099618,0.455106
0.943113,0.107181,0.033037,-0.313394,0.966119,0.120065,0.018733,-0.229604,0.834721,0.294842,0.099685,0.455196
0.943173,0.10715,0.033166,-0.313206,0.96616,0.120074,0.018825,-0.229416,0.834596,0.294939,0.099812,0.455331
0.943223,0.107226,0.033212,-0.313025,0.966205,0.120075,0.019006,-0.229199,0.834507,0.294971,0.09992,0.455448
0.943263,0.107255,0.033393,-0.312867,0.966241,0.120093,0.019133,-0.229016,0.834418,0.295055,0.099971,0.455545
0.94332,0.107287,0.033507,-0.312666,0.966292,0.120094,0.01926,-0.228783,0.834304,0.295156,0.100128,0.455651
0.943368,0.107278,0.03365,-0.312504,0.966326,0.120077,0.01937,-0.228634,0.834194,0.295218,0.100211,0.455792
0.943419,0.107207,0.033813,-0.312347,0.966363,0.120028,0.01944,-0.228487,0.834094,0.29525,0.100315,0.455932
0.943474,0.107132,0.033958,-0.312185,0.966408,0.119963,0.019475,-0.228322,0.834026,0.29526,0.100478,0.456009
0.943529,0.107083,0.034009,-0.312022,0.966445,0.119948,0.019534,-0.228169,0.833929,0.295248,0.10055,0.456176
0.943577,0.107058,0.034052,-0.311882,0.966473,0.119902,0.019539,-0.228073,0.83387,0.295251,0.100632,0.456262
0.943609,0.106974,0.034089,-0.311805,0.966502,0.119846,0.019547,-0.227973,0.83381,0.295224,0.100703,0.456373
0.943645,0.106881,0.034251,-0.311699,0.966528,0.119751,0.019607,-0.227902,0.833752,0.295219,0.100818,0.456454
0.943681,0.106844,0.034357,-0.311588,0.966554,0.119647,0.019666,-0.227836,0.833691,0.295198,0.100921,0.456553
0.943727,0.106792,0.034435,-0.311451,0.966568,0.119596,0.019709,-0.227793,0.833671,0.295176,0.100987,0.456588
0.943764,0.10673,0.034554,-0.31134,0.966579,0.119545,0.019807,-0.227762,0.833647,0.29518,0.100986,0.456629
0.943787,0.106735,0.034696,-0.311247,0.966579,0.119505,0.019873,-0.22777,0.833614,0.295191,0.101052,0.456665
0.943808,0.106744,0.034814,-0.311163,0.966596,0.119479,0.019987,-0.227693,0.833557,0.295243,0.101139,0.456716
0.943821,0.106809,0.034888,-0.311091,0.966599,0.119576,0.020077,-0.227619,0.83348,0.295367,0.101233,0.456757
0.943837,0.106895,0.034974,-0.311002,0.966618,0.11962,0.020182,-0.227499,0.833414,0.295436,0.101366,0.456797
0.943844,0.107,0.035048,-0.310932,0.966635,0.119686,0.020318,-0.227373,0.833342,0.295544,0.101419,0.456848
0.943848,0.107112,0.035204,-0.31086,0.966658,0.1197,0.020454,-0.227249,0.833303,0.295627,0.101475,0.456853
0.943866,0.107197,0.03534,-0.310757,0.966675,0.119742,0.0206,-0.22713,0.833246,0.295805,0.10156,0.456822
0.943869,0.107309,0.035496,-0.310685,0.966663,0.11987,0.020723,-0.2271,0.833196,0.295931,0.101616,0.456819
0.943859,0.107398,0.035757,-0.310648,0.966655,0.119919,0.020848,-0.227093,0.83312,0.296135,0.101679,0.456813
0.943861,0.107523,0.035886,-0.31058,0.966658,0.120104,0.020929,-0.226974,0.833048,0.296287,0.101728,0.456835
0.943852,0.10771,0.035909,-0.310543,0.966641,0.120291,0.021002,-0.226943,0.833,0.296405,0.101715,0.45685
0.943843,0.107865,0.035976,-0.310509,0.966614,0.120531,0.02108,-0.226927,0.832953,0.296505,0.10171,0.456874
0.943833,0.108047,0.036041,-0.310469,0.966594,0.120644,0.021186,-0.226939,0.832915,0.29661,0.101696,0.456881
0.943834,0.108169,0.036107,-0.310418,0.966575,0.120842,0.021237,-0.226908,0.832896,0.296704,0.101699,0.456851
0.94383,0.108204,0.036181,-0.310404,0.966574,0.120909,0.021283,-0.226871,0.83284,0.296808,0.10169,0.456891
0.943843,0.108242,0.036233,-0.310344,0.966568,0.120955,0.021354,-0.226864,0.832787,0.29687,0.10166,0.456954
0.943877,0.108231,0.036273,-0.310239,0.96657,0.120987,0.021409,-0.22683,0.832761,0.296905,0.101645,0.456984
0.943921,0.108347,0.036282,-0.310066,0.966585,0.12114,0.021362,-0.226698,0.832694,0.296993,0.101612,0.457057
0.943987,0.108469,0.036184,-0.30984,0.96661,0.12122,0.021227,-0.226571,0.832654,0.297001,0.101562,0.457137
0.94404,0.108658,0.036023,-0.309645,0.966657,0.121338,0.021048,-0.226339,0.832606,0.297034,0.101499,0.457219
0.944122,0.108815,0.035784,-0.30938,0.966712,0.121427,0.020895,-0.226082,0.832525,0.297075,0.101454,0.457349
0.944211,0.108939,0.03554,-0.309106,0.96678,0.121516,0.020655,-0.225788,0.832431,0.297059,0.101464,0.457529
0.944323,0.109011,0.035342,-0.308773,0.966864,0.121453,0.020436,-0.225494,0.832358,0.297,0.101445,0.457705
0.944431,0.108991,0.035204,-0.308474,0.966944,0.121495,0.02015,-0.22517,0.83229,0.296933,0.101475,0.457863
0.944557,0.10894,0.035068,-0.308126,0.967055,0.121427,0.019952,-0.22476,0.832245,0.296791,0.101515,0.458026
0.944672,0.108882,0.034944,-0.307811,0.96716,0.121381,0.019707,-0.224367,0.832179,0.296649,0.101576,0.458222
0.944796,0.108788,0.034814,-0.307483,0.967258,0.121246,0.019555,-0.224039,0.832161,0.296482,0.101626,0.458349
0.944911,0.108712,0.034718,-0.307171,0.967364,0.12107,0.019484,-0.223684,0.832113,0.296338,0.1017,0.458508
0.945024,0.108588,0.034746,-0.306857,0.967465,0.120905,0.019388,-0.223342,0.832055,0.29624,0.101781,0.458657
0.945127,0.108534,0.034699,-0.306568,0.967568,0.120742,0.019339,-0.222987,0.831974,0.296151,0.101848,0.458843
0.945222,0.108473,0.034663,-0.306298,0.967654,0.120678,0.019239,-0.22266,0.831895,0.296117,0.101962,0.458979
0.945322,0.108499,0.034611,-0.305991,0.967736,0.120708,0.019079,-0.222312,0.831815,0.296054,0.102088,0.459135
0.945411,0.108551,0.03454,-0.305711,0.96779,0.120749,0.019014,-0.222068,0.831721,0.296025,0.102167,0.459304
0.945497,0.108607,0.034511,-0.30543,0.967864,0.120738,0.018977,-0.221753,0.831644,0.296013,0.102301,0.459418
0.945567,0.108656,0.034504,-0.305197,0.967932,0.120747,0.018945,-0.221459,0.831582,0.29596,0.102448,0.45953
0.945618,0.108678,0.034503,-0.305031,0.967991,0.120783,0.018982,-0.221178,0.8315,0.295968,0.102577,0.45964
0.945693,0.108682,0.034499,-0.304799,0.968035,0.120836,0.019002,-0.220956,0.831421,0.295924,0.102652,0.459792
0.945752,0.108731,0.034556,-0.30459,0.968074,0.120927,0.019001,-0.220737,0.831333,0.295966,0.102812,0.459885
0.945798,0.108772,0.034585,-0.304428,0.968121,0.120974,0.019063,-0.220497,0.831284,0.295967,0.102971,0.459934
0.945851,0.108816,0.034591,-0.30425,0.968164,0.121023,0.019081,-0.220281,0.831233,0.295952,0.103085,0.460009
0.945889,0.108887,0.034654,-0.304096,0.968197,0.121065,0.019102,-0.220112,0.831191,0.295954,0.103195,0.460057
0.945917,0.108983,0.034666,-0.303977,0.96821,0.12126,0.019021,-0.219962,0.831151,0.295919,0.103316,0.460121
0.945929,0.109143,0.034585,-0.303899,0.968225,0.121439,0.018937,-0.219816,0.831102,0.295934,0.103411,0.460175
0.945936,0.109317,0.034506,-0.303829,0.968219,0.121721,0.018838,-0.219708,0.831053,0.295904,0.103474,0.46027
0.945923,0.109502,0.034515,-0.303807,0.968209,0.121972,0.01879,-0.219631,0.831029,0.295901,0.103514,0.460303
0.945922,0.109712,0.034524,-0.303737,0.968194,0.122203,0.018742,-0.219582,0.830974,0.295983,0.103535,0.460344
0.945918,0.109824,0.034541,-0.30371,0.968188,0.122416,0.018696,-0.219506,0.830912,0.296046,0.103546,0.460414
0.945918247332078,0.109922712790888,0.0345767843182632,-0.303673910113763,0.968183263683821,0.122475635032675,0.0187015948910829,-0.219501545917241,0.830890109863745,0.296074879940004,0.103540173187272,0.460438141716488
0.9459189391086,0.110015945355787,0.0346282627435889,-0.303630797387066,0.968178394831519,0.122507571674688,0.0187198564488325,-0.219499894405649,0.830877033789737,0.296095058125621,0.103523235263432,0.460452411286857
0.94592,0.110115,0.034681,-0.303583,0.968169,0.122577,0.018753,-0.219496,0.830848,0.296139,0.103496,0.460483
0.945923,0.110228,0.034731,-0.303527,0.968113,0.123014,0.01901,-0.219472,0.83062,0.296512,0.103401,0.460681
0.945909,0.110471,0.034812,-0.303472,0.96811,0.123133,0.019088,-0.219414,0.830518,0.296732,0.103374,0.460732
0.945909,0.110674,0.034911,-0.303387,0.968106,0.123283,0.019169,-0.219334,0.830416,0.296915,0.103344,0.460807
0.945924,0.110918,0.03503,-0.303241,0.968094,0.123455,0.019198,-0.219292,0.83033,0.297118,0.103337,0.460837
0.945937,0.111166,0.035105,-0.303102,0.968089,0.123684,0.0192,-0.219194,0.830225,0.297267,0.103309,0.460939
0.945954,0.111434,0.035163,-0.302945,0.96809,0.123885,0.019168,-0.219086,0.83012,0.297471,0.10323,0.461016
0.945966,0.111718,0.035197,-0.302803,0.968097,0.124101,0.01918,-0.218939,0.830004,0.297632,0.10315,0.461142
0.945971,0.112064,0.03522,-0.302666,0.9681,0.124282,0.019173,-0.218829,0.829881,0.297799,0.103015,0.46129
0.945979,0.112358,0.035225,-0.302539,0.968106,0.124513,0.019115,-0.218689,0.829745,0.298036,0.102942,0.461402
0.945983,0.112681,0.03527,-0.302403,0.968098,0.124789,0.019104,-0.218576,0.829633,0.298249,0.10278,0.461507
0.94599,0.112967,0.035286,-0.30228,0.96809,0.125049,0.019174,-0.218459,0.829495,0.298486,0.102605,0.461645
0.946014,0.113218,0.035303,-0.302113,0.968102,0.125267,0.019215,-0.218285,0.82938,0.298727,0.102453,0.461738
0.94602,0.113476,0.035351,-0.301996,0.96811,0.125467,0.019235,-0.218137,0.829259,0.298963,0.102365,0.461827
0.946026,0.113717,0.03547,-0.301871,0.968117,0.125723,0.019266,-0.217965,0.829134,0.299203,0.102227,0.461931
0.946028,0.114008,0.03559,-0.301741,0.968125,0.125921,0.01931,-0.217813,0.829013,0.299417,0.102188,0.462021
0.946039,0.114283,0.035611,-0.301606,0.96813,0.126215,0.019303,-0.217628,0.828866,0.299635,0.102125,0.46216
0.946046,0.114614,0.035694,-0.301455,0.968138,0.126487,0.019302,-0.217446,0.828749,0.299814,0.101933,0.462302
0.946049,0.114973,0.035727,-0.301312,0.968142,0.126783,0.01934,-0.217259,0.82857,0.300056,0.10182,0.462494
0.946064,0.115361,0.035779,-0.301116,0.968159,0.12708,0.019477,-0.216997,0.828402,0.300317,0.101718,0.462654
0.946106,0.115705,0.035902,-0.300839,0.968174,0.127402,0.019555,-0.216735,0.828196,0.300624,0.101596,0.462855
0.946121,0.116058,0.036014,-0.300647,0.96818,0.127811,0.019703,-0.216456,0.828007,0.30087,0.101471,0.463066
0.946132,0.116439,0.036175,-0.300447,0.968195,0.128175,0.019816,-0.216171,0.827789,0.301201,0.101394,0.463262
0.946153,0.116899,0.036315,-0.300184,0.968195,0.128613,0.0199,-0.215911,0.827572,0.3015,0.101356,0.463466
0.946162,0.11735,0.036431,-0.299973,0.968203,0.129102,0.019989,-0.215584,0.827364,0.301833,0.101246,0.46365
0.946184,0.117814,0.036565,-0.299712,0.968198,0.12962,0.020079,-0.215298,0.827141,0.302208,0.101212,0.463817
0.946205,0.118229,0.036776,-0.299456,0.968183,0.130103,0.02024,-0.215065,0.826913,0.302565,0.101203,0.463997
0.946206,0.118664,0.037067,-0.299241,0.968175,0.130536,0.020428,-0.214825,0.826681,0.302969,0.101149,0.46416
0.946214,0.11906,0.037363,-0.299013,0.968161,0.131002,0.020664,-0.214578,0.826443,0.303401,0.101147,0.464307
0.946206,0.119441,0.037719,-0.298833,0.968143,0.131505,0.020889,-0.214332,0.82619,0.303818,0.101144,0.46449
0.946202,0.119819,0.038116,-0.298637,0.968115,0.131974,0.021156,-0.21414,0.825945,0.30426,0.101138,0.464644
0.946187,0.120252,0.038481,-0.298455,0.968088,0.132424,0.021516,-0.213939,0.825684,0.304758,0.101085,0.464797
0.94621,0.12071,0.038782,-0.298152,0.968067,0.132922,0.021752,-0.2137,0.825418,0.305288,0.101103,0.464923
0.946203,0.121214,0.039026,-0.297939,0.96803,0.133526,0.021984,-0.213474,0.825191,0.305765,0.101079,0.465022
0.946181,0.121747,0.039267,-0.297761,0.967983,0.134115,0.022201,-0.2133,0.824996,0.306237,0.101059,0.465068
0.946139,0.122345,0.039515,-0.297618,0.967944,0.134724,0.022384,-0.213078,0.824756,0.3067,0.101018,0.465201
0.946108,0.12292,0.039761,-0.297448,0.967913,0.13532,0.022567,-0.212827,0.824549,0.307181,0.100981,0.465266
0.94607,0.123468,0.039928,-0.297326,0.967863,0.135951,0.022735,-0.212644,0.824354,0.307643,0.100949,0.465317
0.946026,0.123956,0.040106,-0.29724,0.967816,0.136571,0.022882,-0.212453,0.824196,0.308097,0.100891,0.465316
0.945967,0.124412,0.040218,-0.297228,0.967766,0.137094,0.023044,-0.212332,0.824083,0.308463,0.100856,0.465283
0.945935,0.124753,0.04033,-0.297176,0.96772,0.137559,0.023134,-0.212242,0.823954,0.308875,0.100794,0.46526
0.945885,0.12505,0.040416,-0.297197,0.967667,0.137915,0.023262,-0.212246,0.823872,0.309165,0.100806,0.465211
0.945833,0.125278,0.040541,-0.297252,0.967613,0.138186,0.023319,-0.212316,0.823838,0.309419,0.100751,0.465117
0.945772,0.125505,0.040624,-0.297341,0.967551,0.138423,0.023424,-0.212429,0.823826,0.309629,0.100667,0.465021
0.945731,0.125675,0.040695,-0.297387,0.9675,0.138643,0.023497,-0.212508,0.823843,0.309788,0.100587,0.464906
0.945685,0.125818,0.040734,-0.297472,0.967459,0.138779,0.023511,-0.212612,0.823835,0.309934,0.10048,0.464848
0.945647,0.125918,0.040752,-0.297547,0.967424,0.13891,0.02353,-0.212688,0.82386,0.310085,0.100398,0.464725
0.945611,0.126069,0.040691,-0.297611,0.967372,0.139079,0.023507,-0.21282,0.823864,0.310236,0.10028,0.464648
0.945574,0.126273,0.04063,-0.29766,0.967322,0.139327,0.023506,-0.212894,0.823869,0.310369,0.100095,0.464593
0.945539,0.126458,0.040599,-0.297704,0.967288,0.139483,0.023464,-0.212961,0.823898,0.310475,0.099965,0.464505
0.945514,0.126702,0.040538,-0.297697,0.967252,0.139688,0.023343,-0.213016,0.82391,0.310593,0.099801,0.464445
0.945509,0.126875,0.040487,-0.297653,0.967235,0.139838,0.023273,-0.213013,0.823923,0.310723,0.099675,0.464364
0.945513,0.127087,0.040473,-0.297554,0.967226,0.139952,0.023178,-0.212999,0.82392,0.310859,0.099478,0.464326
0.945513,0.12726,0.040394,-0.297503,0.967215,0.140082,0.023079,-0.212985,0.823923,0.311004,0.099309,0.464264
0.945515,0.127441,0.040266,-0.297443,0.967212,0.140128,0.023002,-0.212981,0.823894,0.311159,0.099191,0.464242
0.945519,0.12761,0.040248,-0.297366,0.967209,0.140189,0.022938,-0.212967,0.82385,0.311317,0.099059,0.464246
0.945515,0.127845,0.040144,-0.297303,0.967222,0.140289,0.022877,-0.21286,0.823795,0.311479,0.098941,0.464265
0.945514,0.128046,0.040054,-0.297241,0.967215,0.14047,0.02277,-0.212795,0.823729,0.311597,0.098793,0.464339
0.945529,0.128265,0.039966,-0.297119,0.967203,0.140689,0.022585,-0.212741,0.823689,0.311705,0.098625,0.464377
0.945533,0.128494,0.039883,-0.297029,0.96721,0.14085,0.02244,-0.212641,0.823631,0.311801,0.098443,0.464459
0.945524,0.128716,0.03979,-0.296984,0.967219,0.141075,0.022289,-0.212477,0.823604,0.311878,0.098242,0.464502
0.945517,0.128964,0.039647,-0.296928,0.967226,0.141278,0.022072,-0.212359,0.823577,0.311981,0.097989,0.464542
0.945494,0.129193,0.039514,-0.296932,0.967222,0.141425,0.021957,-0.212301,0.823548,0.311995,0.097758,0.464636
0.945495,0.12935,0.039339,-0.296895,0.967216,0.141569,0.02182,-0.212261,0.82353,0.312039,0.097565,0.464685
0.945484,0.129438,0.039178,-0.296924,0.967202,0.141709,0.021693,-0.21226,0.823526,0.312058,0.097422,0.464713
0.945476,0.12951,0.039013,-0.29695,0.967191,0.141807,0.021623,-0.212254,0.823508,0.312096,0.097306,0.464745
0.945454,0.129556,0.038924,-0.297015,0.967176,0.141871,0.021482,-0.212309,0.823524,0.312136,0.097159,0.464724
0.945437,0.129538,0.038781,-0.297105,0.967166,0.141855,0.021394,-0.212382,0.823554,0.31209,0.097055,0.464724
0.94543,0.129544,0.038673,-0.297141,0.967158,0.14182,0.021319,-0.212451,0.823593,0.312049,0.096969,0.464703
0.945411,0.129531,0.038593,-0.297224,0.967128,0.141866,0.021177,-0.21258,0.823641,0.311992,0.096885,0.464677
0.945382,0.129533,0.038552,-0.297321,0.967121,0.141874,0.02102,-0.212635,0.823708,0.311893,0.096843,0.46463
0.945358,0.129479,0.038562,-0.297418,0.967106,0.141866,0.020979,-0.212718,0.823761,0.311828,0.096842,0.464581
0.945341,0.129439,0.038592,-0.297482,0.967093,0.141801,0.020979,-0.212815,0.82382,0.311748,0.096857,0.464525
0.945317,0.129325,0.038677,-0.297592,0.967073,0.141772,0.020985,-0.212924,0.823873,0.311742,0.096883,0.46443
0.945298,0.129275,0.038732,-0.29766,0.967052,0.14175,0.021013,-0.213031,0.82393,0.311703,0.096895,0.464353
0.945253,0.129298,0.038811,-0.29778,0.967026,0.141735,0.021029,-0.213153,0.823997,0.311686,0.096861,0.464251
0.945219,0.129293,0.03884,-0.297885,0.966992,0.141777,0.021036,-0.21328,0.824064,0.311724,0.096879,0.464104
0.945175,0.129328,0.038883,-0.298002,0.96695,0.141857,0.021013,-0.213421,0.82414,0.311733,0.096887,0.463962
0.945113,0.129333,0.038929,-0.29819,0.966903,0.141918,0.021034,-0.213593,0.824238,0.311722,0.096891,0.463794
0.945058,0.129336,0.038957,-0.298357,0.966862,0.141907,0.02106,-0.213782,0.824335,0.31174,0.096856,0.463618
0.94503,0.129291,0.038994,-0.298459,0.966825,0.141917,0.021026,-0.213947,0.824418,0.311706,0.096844,0.463496
0.944973,0.129319,0.038952,-0.298633,0.966791,0.141865,0.020985,-0.214137,0.824508,0.311699,0.096874,0.463334
0.944936,0.129278,0.038882,-0.298782,0.966756,0.141882,0.02093,-0.214299,0.82461,0.311707,0.096914,0.463137
0.944888,0.129188,0.038796,-0.298986,0.966722,0.141804,0.020919,-0.214499,0.824736,0.311605,0.096953,0.462973
0.94487,0.129051,0.038674,-0.29912,0.96672,0.141694,0.020864,-0.214585,0.824879,0.311484,0.096987,0.46279
0.944849,0.128796,0.038546,-0.299313,0.966694,0.141518,0.020786,-0.214827,0.825052,0.311277,0.097018,0.462612
0.944852,0.128482,0.038513,-0.299437,0.966684,0.141217,0.020714,-0.215075,0.825252,0.310992,0.097105,0.462424
0.944852,0.128098,0.038455,-0.299603,0.966677,0.140903,0.020648,-0.215314,0.825428,0.310734,0.097246,0.462248
0.94486,0.127685,0.038529,-0.299731,0.966703,0.140491,0.02059,-0.21546,0.825623,0.310417,0.097396,0.462076
0.944869,0.127126,0.038708,-0.299896,0.966728,0.140013,0.020653,-0.215634,0.825793,0.310125,0.09767,0.461901
0.944892,0.126583,0.038861,-0.300014,0.966742,0.139508,0.020771,-0.215864,0.825933,0.309832,0.097968,0.461774
0.944911,0.126011,0.039072,-0.300143,0.96677,0.138908,0.020976,-0.216073,0.82608,0.309518,0.098314,0.46164
0.944932,0.125578,0.039352,-0.3002,0.966796,0.138417,0.021187,-0.216223,0.826187,0.309296,0.098635,0.46152
0.944949,0.1252,0.039639,-0.300244,0.96681,0.138035,0.021425,-0.21635,0.826256,0.309135,0.098947,0.461429
0.944962,0.124953,0.039972,-0.300238,0.966827,0.137795,0.021654,-0.216384,0.826288,0.308995,0.099283,0.461386
0.944989,0.124831,0.040317,-0.300139,0.966825,0.137684,0.021848,-0.216425,0.826265,0.308962,0.099606,0.46137
0.945018,0.12475,0.040638,-0.30002,0.966834,0.137656,0.022115,-0.216355,0.826203,0.308997,0.099908,0.461385
0.945026,0.124822,0.040948,-0.29991,0.966858,0.13769,0.022448,-0.216178,0.82608,0.309098,0.100186,0.461474
0.945032,0.125,0.041315,-0.299754,0.96687,0.137792,0.022847,-0.215989,0.825918,0.309285,0.100425,0.461584
0.945052,0.125207,0.041718,-0.299532,0.966878,0.137979,0.023275,-0.215765,0.82569,0.30952,0.100637,0.461784
0.945077,0.125441,0.042169,-0.299279,0.966881,0.138248,0.023753,-0.215503,0.825423,0.309841,0.100851,0.462001
0.945106,0.125715,0.042565,-0.299002,0.966884,0.138586,0.024237,-0.215201,0.825125,0.310191,0.101,0.462263
0.945154,0.126014,0.042969,-0.298658,0.966891,0.138862,0.024704,-0.214912,0.824822,0.310607,0.101155,0.462491
0.945188,0.12632,0.043351,-0.298352,0.966898,0.139244,0.025138,-0.214566,0.824494,0.310991,0.10128,0.462791
0.945242,0.126771,0.043618,-0.297946,0.966913,0.139602,0.025548,-0.214203,0.824166,0.311402,0.10138,0.46308
0.945311,0.12716,0.043897,-0.297517,0.966945,0.139979,0.025916,-0.213759,0.82382,0.31176,0.101419,0.463448
0.94538,0.12758,0.044142,-0.297081,0.966984,0.140312,0.026218,-0.213312,0.823455,0.312101,0.101501,0.463851
0.945473,0.127923,0.044381,-0.296595,0.967051,0.140592,0.026495,-0.212781,0.823101,0.312419,0.101577,0.464247
0.945577,0.12828,0.044572,-0.296083,0.967122,0.140841,0.02672,-0.212257,0.822736,0.31268,0.101694,0.464692
0.945701,0.128549,0.044752,-0.295538,0.967206,0.141085,0.026906,-0.211686,0.822378,0.312941,0.101735,0.465144
0.945817,0.128868,0.044891,-0.295009,0.967293,0.141321,0.027024,-0.211113,0.822004,0.313221,0.101852,0.465589
0.945947,0.129128,0.044989,-0.294463,0.967378,0.141559,0.027215,-0.210536,0.821647,0.313519,0.101885,0.466014
0.946096,0.129431,0.045,-0.293856,0.967469,0.141784,0.027229,-0.20997,0.821295,0.313838,0.10194,0.466409
0.94622,0.129768,0.045003,-0.293316,0.967552,0.142059,0.027245,-0.209406,0.820955,0.314104,0.101996,0.466818
0.946347,0.130024,0.044949,-0.29281,0.967641,0.142307,0.027167,-0.208848,0.820666,0.314305,0.101985,0.467196
0.946438,0.130301,0.04494,-0.292402,0.96772,0.142553,0.027062,-0.208344,0.820379,0.31456,0.101969,0.467534
0.946539,0.13057,0.044859,-0.291978,0.967801,0.142731,0.026886,-0.207891,0.820177,0.314706,0.101896,0.467807
0.946604,0.130765,0.044764,-0.291701,0.967844,0.142865,0.026772,-0.207619,0.820005,0.314786,0.101812,0.468076
0.946661,0.130869,0.044705,-0.291485,0.967877,0.14297,0.026695,-0.207413,0.819888,0.314838,0.101712,0.468268
0.94669,0.130922,0.04465,-0.291379,0.96791,0.143008,0.026656,-0.207243,0.819799,0.314945,0.101588,0.468383
0.946724,0.130911,0.044702,-0.291263,0.967942,0.142966,0.026582,-0.207133,0.819748,0.315012,0.101444,0.468462
0.946734,0.130949,0.044695,-0.291218,0.967948,0.143018,0.026465,-0.207096,0.81972,0.315048,0.101374,0.468505
0.946722,0.131046,0.044652,-0.291219,0.967955,0.14307,0.026355,-0.207055,0.819728,0.315017,0.101226,0.468546
0.94671,0.131124,0.044549,-0.291248,0.967932,0.143125,0.026238,-0.207143,0.819734,0.315057,0.101117,0.468534
0.946694,0.131127,0.044491,-0.291311,0.967931,0.143077,0.02624,-0.207184,0.819759,0.315022,0.101051,0.468531
0.946676,0.131102,0.044488,-0.291382,0.967914,0.142965,0.026242,-0.207337,0.819812,0.314959,0.101043,0.46848
0.946657,0.131068,0.044562,-0.291444,0.967912,0.142855,0.026248,-0.207413,0.81986,0.314908,0.101059,0.468427
0.946634,0.130996,0.044703,-0.29152,0.967893,0.142719,0.026341,-0.207576,0.819906,0.314887,0.10115,0.468339
0.9466,0.130924,0.044929,-0.291612,0.967881,0.14263,0.026411,-0.207676,0.819941,0.314926,0.101277,0.468221
0.946562,0.13083,0.045198,-0.291722,0.967846,0.142669,0.026534,-0.207788,0.819943,0.315013,0.101398,0.468133
0.946497,0.130833,0.045414,-0.29189,0.967792,0.142804,0.026747,-0.20791,0.819981,0.315064,0.101527,0.468001
0.946421,0.130893,0.045646,-0.292059,0.967754,0.142891,0.027033,-0.207972,0.820007,0.315178,0.101727,0.467832
0.94635,0.130995,0.045953,-0.292185,0.967713,0.142964,0.027401,-0.208041,0.820028,0.31532,0.101858,0.46767
0.946275,0.131114,0.046154,-0.292338,0.967665,0.143053,0.027744,-0.208139,0.819999,0.315508,0.102012,0.46756
0.946211,0.131185,0.046406,-0.292462,0.96762,0.143191,0.028064,-0.208193,0.819957,0.315721,0.102159,0.467457
0.946151053264273,0.131275011379061,0.046719510374407,-0.292548640826438,0.967567623279352,0.143342038636154,0.0283585391331803,-0.208277727645305,0.819945727076647,0.315948130876993,0.102314337535287,0.467282816345925
0.946096,0.13136,0.04705,-0.292621,0.967512,0.143498,0.028651,-0.208375,0.819934,0.316167,0.102467,0.467125
0.946049,0.131417,0.047356,-0.292686,0.967456,0.143653,0.028963,-0.208466,0.819883,0.316353,0.102605,0.467058
0.945991,0.131423,0.047682,-0.292803,0.96741,0.143718,0.029338,-0.208558,0.819838,0.316542,0.102749,0.466976
0.945943,0.131494,0.04786,-0.292888,0.967368,0.143799,0.029699,-0.208628,0.819806,0.316724,0.102849,0.466885
0.945924,0.131578,0.048068,-0.292872,0.967321,0.143972,0.029935,-0.208675,0.819739,0.316942,0.102886,0.46685
0.945898,0.131701,0.048227,-0.292869,0.967282,0.144129,0.030112,-0.208715,0.819679,0.31713,0.102898,0.466826
0.945861,0.131875,0.048339,-0.29289,0.96725,0.144302,0.030268,-0.208716,0.819608,0.317362,0.10294,0.466787
0.945855,0.131983,0.048444,-0.29284,0.967232,0.144405,0.030398,-0.208704,0.819532,0.317566,0.102961,0.466777
0.945871,0.132041,0.0485,-0.292753,0.967231,0.144546,0.030464,-0.208606,0.819474,0.317682,0.103023,0.466785
0.945885,0.132079,0.048561,-0.292679,0.967218,0.144649,0.030541,-0.208579,0.819411,0.317786,0.103089,0.46681
0.945901,0.132127,0.048648,-0.292587,0.967223,0.144661,0.030581,-0.20854,0.819348,0.317842,0.103154,0.466868
0.945916,0.132088,0.048712,-0.292541,0.967232,0.144714,0.030525,-0.208473,0.819336,0.317841,0.103219,0.466874
0.945963,0.132023,0.048708,-0.292417,0.967263,0.14473,0.030504,-0.20833,0.819317,0.317806,0.103293,0.466912
0.945992,0.13196,0.048745,-0.292342,0.967289,0.144692,0.03044,-0.208241,0.819317,0.317747,0.103346,0.466938
0.946014,0.131858,0.048812,-0.292299,0.967306,0.144629,0.03041,-0.208209,0.819338,0.31765,0.103394,0.466955
0.946027,0.131746,0.048846,-0.292297,0.967351,0.144452,0.030436,-0.208115,0.819367,0.317555,0.103428,0.466961
0.946073,0.131571,0.048876,-0.29222,0.967384,0.144328,0.030442,-0.208038,0.819398,0.317452,0.103484,0.466961
0.946093,0.131397,0.048927,-0.292216,0.967415,0.14416,0.030446,-0.20801,0.819446,0.317346,0.103602,0.46692
0.946109,0.131256,0.048955,-0.29222,0.967434,0.14397,0.030451,-0.208045,0.819481,0.317253,0.103685,0.466901
0.946105,0.131146,0.049008,-0.292266,0.967453,0.143781,0.030462,-0.208079,0.819523,0.317138,0.103785,0.466879
0.946128,0.131075,0.049046,-0.292217,0.96747,0.143669,0.030462,-0.208069,0.819531,0.317032,0.10386,0.466919
0.946133,0.131008,0.049078,-0.292221,0.967478,0.143557,0.030483,-0.208106,0.819538,0.316983,0.103882,0.466931
0.946143,0.130974,0.049097,-0.292198,0.967485,0.143517,0.030518,-0.208092,0.819554,0.316923,0.103962,0.466925
0.946155,0.130949,0.049124,-0.292161,0.967507,0.143446,0.030517,-0.208038,0.819574,0.316834,0.104003,0.466939
0.946172,0.13097,0.04912,-0.292098,0.967528,0.143402,0.030587,-0.207952,0.819605,0.316774,0.104113,0.466899
0.946186,0.1309,0.049245,-0.29206,0.967546,0.143347,0.030629,-0.207895,0.819606,0.316768,0.104201,0.466879
0.946192,0.130842,0.049437,-0.292022,0.967565,0.143277,0.030774,-0.207822,0.819567,0.316781,0.104289,0.466918
0.94621,0.130736,0.049723,-0.291945,0.967574,0.14318,0.030995,-0.207792,0.819526,0.316858,0.104467,0.466896
0.946222,0.13065,0.050004,-0.291882,0.967584,0.143133,0.031239,-0.207724,0.819466,0.316952,0.104701,0.46688
0.946194,0.130628,0.050351,-0.291905,0.967578,0.143139,0.031561,-0.207679,0.819413,0.317042,0.104861,0.466875
0.946171,0.130704,0.050633,-0.291886,0.967554,0.143218,0.031917,-0.207661,0.819324,0.317243,0.105078,0.466843
0.946136,0.130809,0.051022,-0.291866,0.967526,0.143292,0.032331,-0.207647,0.81922,0.317514,0.105276,0.466794
0.946088,0.130967,0.051456,-0.291856,0.967494,0.143415,0.03277,-0.207617,0.819106,0.317823,0.105494,0.466734
0.946009,0.131144,0.051907,-0.291935,0.967449,0.143592,0.033213,-0.207608,0.818986,0.318132,0.10564,0.466701
0.945929,0.13138,0.052381,-0.291987,0.967388,0.143874,0.033668,-0.207599,0.818857,0.318549,0.105754,0.466619
0.94585,0.131737,0.052785,-0.291998,0.96731,0.144231,0.034157,-0.207618,0.818697,0.319017,0.105878,0.466553
0.945775,0.132099,0.05321,-0.29199,0.967231,0.144666,0.034615,-0.20759,0.818518,0.319478,0.105956,0.466536
0.94569,0.132462,0.053659,-0.292005,0.967137,0.145116,0.035012,-0.207636,0.818338,0.319973,0.106052,0.466495
0.945619,0.132781,0.054016,-0.292013,0.967047,0.145576,0.03546,-0.207644,0.818152,0.320431,0.106123,0.466492
0.94554,0.133144,0.05436,-0.292031,0.966971,0.145969,0.035873,-0.207634,0.818023,0.320807,0.106152,0.466457
0.945493,0.133411,0.05465,-0.292002,0.966916,0.14636,0.036175,-0.20755,0.817887,0.32118,0.106221,0.466424
0.945437,0.133628,0.054897,-0.292028,0.966864,0.146686,0.036411,-0.207516,0.817788,0.321496,0.106298,0.466363
0.945391,0.133789,0.05505,-0.292067,0.966814,0.146952,0.036592,-0.207528,0.81771,0.32178,0.106368,0.466291
0.94534,0.133916,0.055212,-0.292139,0.966773,0.147089,0.036793,-0.207575,0.817687,0.321939,0.10641,0.466213
0.945332,0.133943,0.055364,-0.292117,0.96675,0.147167,0.036912,-0.207599,0.817683,0.322068,0.106422,0.466129
0.945297,0.133941,0.055467,-0.292211,0.966711,0.147285,0.037059,-0.207663,0.817696,0.322117,0.106467,0.466061
0.945291,0.133953,0.055537,-0.292208,0.966686,0.147362,0.03709,-0.207722,0.817694,0.322181,0.106509,0.466009
0.945281,0.133986,0.055574,-0.292215,0.96668,0.147374,0.037158,-0.207726,0.81774,0.32213,0.106484,0.465971
0.945276,0.134028,0.055528,-0.292223,0.966679,0.147366,0.037145,-0.207742,0.817773,0.322139,0.10645,0.465915
0.945282,0.134124,0.055423,-0.292191,0.966687,0.14731,0.037118,-0.207749,0.817812,0.322059,0.106458,0.4659
0.945295,0.134154,0.055321,-0.292156,0.966683,0.147317,0.036977,-0.207794,0.817853,0.322033,0.106424,0.465853
0.945308,0.134195,0.055239,-0.292117,0.966685,0.14733,0.03684,-0.207808,0.817912,0.321962,0.106377,0.46581
0.945335,0.134165,0.055181,-0.292057,0.966699,0.147289,0.036673,-0.207811,0.817941,0.321925,0.106376,0.465785
0.945355,0.134102,0.055124,-0.292033,0.966704,0.147264,0.036529,-0.207843,0.817936,0.32191,0.106385,0.465803
0.945377,0.134088,0.055078,-0.291981,0.966717,0.147248,0.036402,-0.207825,0.817944,0.32189,0.106345,0.465811
0.945382,0.13411,0.054998,-0.291971,0.966734,0.147143,0.036341,-0.207831,0.817927,0.32188,0.106289,0.46586
0.945411,0.134141,0.054942,-0.291876,0.966757,0.14704,0.036264,-0.207811,0.817893,0.321883,0.106291,0.465918
0.945427,0.134177,0.054917,-0.291817,0.966769,0.14703,0.03619,-0.207785,0.817864,0.321822,0.106322,0.466005
0.945447,0.134241,0.054882,-0.291731,0.966775,0.147008,0.036123,-0.207789,0.817817,0.321806,0.106295,0.466104
0.945459,0.134346,0.054818,-0.291662,0.966791,0.146991,0.03607,-0.207735,0.817763,0.321804,0.106271,0.466205
0.945486,0.134406,0.054739,-0.291566,0.9668,0.147037,0.036049,-0.207667,0.817686,0.32183,0.106252,0.466327
0.9455,0.134506,0.054688,-0.291491,0.966814,0.147094,0.036058,-0.207564,0.817608,0.321844,0.106255,0.466455
0.945534,0.134563,0.054652,-0.291364,0.966831,0.147182,0.036033,-0.207431,0.817516,0.321831,0.106225,0.466632
0.945596,0.134533,0.054628,-0.29118,0.966856,0.147214,0.035961,-0.207308,0.817432,0.32175,0.106325,0.466808
0.945681,0.134489,0.054511,-0.290953,0.966898,0.147258,0.035836,-0.207116,0.817347,0.321685,0.106441,0.466972
0.945785,0.134377,0.054429,-0.290684,0.966968,0.147172,0.035677,-0.206883,0.817256,0.321582,0.106582,0.467166
0.945889,0.134283,0.054292,-0.290418,0.967059,0.147024,0.03561,-0.206572,0.817157,0.321477,0.106743,0.46737
0.946016,0.134141,0.054241,-0.290079,0.967151,0.146839,0.035589,-0.206276,0.817081,0.32136,0.106887,0.467548
0.946139,0.133926,0.054267,-0.289765,0.96727,0.146624,0.035514,-0.205877,0.817003,0.321234,0.107108,0.467714
0.94627,0.133659,0.054324,-0.289439,0.967369,0.146408,0.035503,-0.20556,0.816949,0.321115,0.107287,0.467845
0.946361,0.133493,0.05432,-0.289217,0.967469,0.146245,0.035474,-0.205211,0.816925,0.32097,0.107477,0.467935
0.946453,0.133386,0.054277,-0.288975,0.96755,0.146128,0.035433,-0.204917,0.816903,0.32085,0.1076,0.468023
0.94654,0.133333,0.054143,-0.288742,0.967629,0.146038,0.035359,-0.204626,0.81687,0.320786,0.10765,0.468112
0.946585,0.13336,0.054071,-0.288601,0.967672,0.146045,0.035258,-0.204439,0.816841,0.320724,0.107689,0.468196
0.946591,0.133494,0.053945,-0.28855,0.967699,0.14604,0.035209,-0.20433,0.816838,0.32072,0.107678,0.468206
0.946573,0.133602,0.053839,-0.288588,0.967708,0.146092,0.03511,-0.204271,0.816858,0.320711,0.10758,0.468201
0.946547,0.133743,0.053712,-0.288643,0.967689,0.146246,0.035021,-0.204279,0.816874,0.320732,0.107438,0.468194
0.946485,0.133932,0.053555,-0.288799,0.967637,0.146463,0.034931,-0.204402,0.816912,0.320738,0.10726,0.46817
0.946434,0.134045,0.053379,-0.288957,0.967581,0.146632,0.034819,-0.204579,0.816965,0.320713,0.107044,0.468146
0.946343,0.134233,0.053207,-0.289212,0.967523,0.14678,0.03462,-0.204797,0.817055,0.320722,0.106815,0.468041
0.946284,0.134403,0.053007,-0.289378,0.967462,0.146884,0.034452,-0.205053,0.817137,0.32066,0.106595,0.467994
0.946221,0.134492,0.052745,-0.289607,0.967413,0.146946,0.034289,-0.205281,0.817259,0.320552,0.106381,0.467908
0.946176,0.134552,0.052477,-0.289787,0.96736,0.147041,0.034028,-0.205527,0.817353,0.320466,0.106103,0.467871
0.946142,0.134585,0.052252,-0.289935,0.967343,0.147072,0.033788,-0.205643,0.817469,0.320324,0.105846,0.467828
0.946144,0.134672,0.051987,-0.289952,0.967327,0.147095,0.033539,-0.205759,0.817552,0.320137,0.105586,0.467873
0.946135,0.134743,0.051727,-0.290006,0.967306,0.147157,0.033286,-0.205873,0.817637,0.319976,0.105321,0.4679
0.946138,0.134816,0.051418,-0.290039,0.967295,0.147274,0.03293,-0.205929,0.817727,0.319825,0.105083,0.4679
0.946153,0.134951,0.05112,-0.289997,0.967309,0.147264,0.032635,-0.205939,0.817812,0.319693,0.104836,0.467903
0.946185,0.135054,0.050831,-0.289911,0.967334,0.147355,0.032288,-0.205838,0.817828,0.319638,0.104608,0.467966
0.946203,0.135229,0.050573,-0.289832,0.967344,0.147441,0.032019,-0.205789,0.817868,0.319559,0.104393,0.468003
0.946216,0.135431,0.05039,-0.289742,0.967367,0.147563,0.03179,-0.20565,0.817897,0.319551,0.104211,0.468001
0.946234,0.135607,0.050202,-0.289647,0.967364,0.147736,0.031566,-0.205597,0.817888,0.31955,0.104013,0.468066
0.946265,0.135854,0.049991,-0.289483,0.967375,0.147989,0.031399,-0.205408,0.817835,0.31964,0.103835,0.468141
0.946286,0.136089,0.049845,-0.289342,0.967383,0.14824,0.031205,-0.205241,0.817788,0.319715,0.103663,0.468215
0.946299,0.136352,0.049642,-0.289229,0.967385,0.148458,0.031038,-0.205121,0.81775,0.319813,0.103463,0.468263
0.946328,0.136575,0.049521,-0.289057,0.967387,0.148659,0.030899,-0.205005,0.817697,0.319944,0.103255,0.468319
0.946362,0.136779,0.049376,-0.288889,0.967397,0.148836,0.030732,-0.204869,0.81765,0.320021,0.103088,0.468388
0.946367,0.136955,0.049203,-0.28883,0.967391,0.149027,0.03053,-0.204811,0.817607,0.320107,0.102956,0.468436
0.946352,0.137124,0.049064,-0.288833,0.967376,0.149272,0.030367,-0.204749,0.817591,0.32015,0.102828,0.468467
0.946339,0.137318,0.048894,-0.288827,0.967368,0.14936,0.030187,-0.204759,0.817609,0.320201,0.102585,0.46846
0.946315,0.137453,0.048783,-0.288867,0.967339,0.149478,0.030079,-0.204836,0.817637,0.320231,0.102395,0.468436
0.946284,0.137562,0.048734,-0.288931,0.9673,0.149614,0.029958,-0.204954,0.817655,0.32028,0.102211,0.468416
0.946241,0.137697,0.048728,-0.289015,0.967257,0.149744,0.029856,-0.205087,0.817685,0.320317,0.102054,0.468374
0.946223559305984,0.137833252953303,0.0487233590133403,-0.289011618142927,0.967233701090584,0.149872209014216,0.029838139608239,-0.205084672740405,0.817679698680018,0.320364618952264,0.101940481702777,0.468379402099467
0.946206901691488,0.137971641404614,0.048719351046099,-0.289001806568248,0.967211110276199,0.150001762203962,0.0298228468270757,-0.205077910423747,0.817664352753755,0.320419869704884,0.101835558608898,0.468395094121127
0.946191019063128,0.138111888579456,0.0487159056884078,-0.288986066270773,0.967189244341754,0.150132438687922,0.0298099035398721,-0.205067042243217,0.817639799271734,0.320481976708677,0.101738488039377,0.468420304649863
0.946175903327518,0.138253717703355,0.0487129525303982,-0.288964898245312,0.967168120072156,0.150264017584784,0.0297990916299904,-0.205052397392005,0.817606875284479,0.320550164414462,0.101648527315231,0.468454262270561
0.946161546391275,0.138396852001832,0.0487104211622019,-0.288938803486675,0.967147754252313,0.150396278013233,0.0297901929807928,-0.205034305063301,0.817566417842512,0.320623657273055,0.101564933757476,0.468496195568107
0.946147940161015,0.138541014700412,0.0487082411739503,-0.288908282989672,0.967128163667131,0.150528999091954,0.0297829894756413,-0.205013094450295,0.817519263996359,0.320701679735273,0.101486964687128,0.468545333127385
0.946135076543352,0.138685929024619,0.0487063421557752,-0.288873837749112,0.967109365101519,0.150661959939634,0.0297772629978982,-0.204989094746178,0.817466250796541,0.320783456251935,0.101413877425202,0.468600903533281
0.946122947444902,0.138831318199976,0.0487046536978082,-0.288835968759806,0.967091375340383,0.150794939674959,0.0297727954309255,-0.204962635144141,0.817408215293582,0.320868211273859,0.101344929292714,0.46866213537068
0.946111544772281,0.138976905452006,0.0487031053901807,-0.288795177016564,0.967074211168632,0.150927717416615,0.0297693686580854,-0.204934044837373,0.817345994538006,0.32095516925186,0.101279377610681,0.468728257224467
0.946100860432104,0.139122414006234,0.0487016268230245,-0.288751963514195,0.967057889371173,0.151060072283287,0.02976676456274,-0.204903653019064,0.817280425580337,0.321043554636757,0.101216479700118,0.468798497679527
0.946090886330987,0.139267567088183,0.0487001475864712,-0.28870682924751,0.967042426732912,0.151191783393662,0.0297647650282515,-0.204871788882407,0.817212345471097,0.321132591879367,0.101155492882041,0.468872085320746
0.946081614375546,0.139412087923376,0.0486985972706523,-0.288660275211318,0.967027840038759,0.151322629866425,0.029763151937982,-0.204838781620589,0.81714259126081,0.321221505430509,0.101095674477466,0.468948248733009
0.946073036472395,0.139555699737338,0.0486969054656994,-0.288612802400429,0.96701414607362,0.151452390820262,0.0297617071752937,-0.204804960426803,0.817072,0.321309519740998,0.101036281807408,0.469026216501201
0.946065144528152,0.139698125755591,0.0486950017617441,-0.288564911809654,0.967001361622402,0.151580845373859,0.0297602126235485,-0.204770654494238,0.81700140873919,0.321395859261653,0.100976572192884,0.469105217210207
0.94605793044943,0.13983908920366,0.0486928157489182,-0.288517104433802,0.966989503470014,0.151707772645903,0.0297584501661089,-0.204736193016084,0.816931654528903,0.321479748443292,0.10091580295491,0.469184479444912
0.946051386142846,0.139978313307068,0.048690277017353,-0.288469881267683,0.966978588401362,0.151832951755078,0.0297562016863367,-0.204701905185533,0.816863574419663,0.321560411736731,0.100853231414501,0.469263231790202
0.946045503515015,0.140115521291339,0.0486873151571803,-0.288423743306107,0.966968633201354,0.151956161820072,0.0297532490675942,-0.204668120195773,0.816798005461994,0.321637073592788,0.100788114892673,0.469340702830962
0.946040274472553,0.140250436381996,0.0486838597585316,-0.288379191543884,0.966959654654898,0.15207718195957,0.0297493741932436,-0.204635167239997,0.816735784706418,0.32170895846228,0.100719710710443,0.469416121152077
0.946035690922076,0.140382781804563,0.0486798404115386,-0.288336726975824,0.9669516695469,0.152195791292257,0.0297443589466469,-0.204603375511393,0.816677749203459,0.321775290796026,0.100647276188825,0.469488715338432
0.946031744770198,0.140512280784564,0.0486751867063328,-0.288296850596736,0.96694469466227,0.15231176893682,0.0297379852111662,-0.204573074203153,0.816624736003641,0.321835295044842,0.100570068648837,0.469557713974912
0.946028427923536,0.140638656547523,0.0486698282330459,-0.288260063401432,0.966938746785913,0.152424894011945,0.0297300348701638,-0.204544592508466,0.816577582157488,0.321888195659547,0.100487345411493,0.469622345646403
0.946025732288704,0.140761632318962,0.0486636945818094,-0.28822686638472,0.966933842702737,0.152534945636317,0.0297202898070018,-0.204518259620524,0.816537124715521,0.321933217090956,0.100398363797809,0.46968183893779
0.946023649772319,0.140880931324405,0.048656715342755,-0.288197760541411,0.966929999197651,0.152641702928623,0.0297085319050423,-0.204494404732515,0.816504200728266,0.321969583789889,0.100302381128803,0.469735422433958
0.946022172280997,0.140996276789377,0.0486488201060142,-0.288173246866315,0.966927233055561,0.152744945007548,0.0296945430476474,-0.204473357037632,0.816479647246245,0.321996520207162,0.100198654725488,0.469782324719792
0.946021291721352,0.141107391939401,0.0486399384617187,-0.288153826354241,0.966925561061375,0.152844450991778,0.0296781051181792,-0.204455445729063,0.816464301319982,0.322013250793593,0.100086441908882,0.469821774380178
0.946021,0.141214,0.04863,-0.28814,0.966925,0.15294,0.029659,-0.204441,0.816459,0.322019,0.099965,0.469853
0.946022,0.141307,0.048449,-0.288132,0.966925,0.153023,0.02945,-0.204431,0.816486,0.32198,0.099784,0.469874
0.946023,0.141392,0.048283,-0.288125,0.966917,0.153146,0.029208,-0.204435,0.816497,0.321975,0.099657,0.46989
0.946001,0.141525,0.04819,-0.288156,0.966906,0.15324,0.029061,-0.204443,0.816511,0.321961,0.099443,0.469924
0.945966,0.141722,0.048066,-0.288205,0.966888,0.15339,0.028927,-0.204455,0.816521,0.321993,0.09924,0.469931
0.945922,0.141964,0.047896,-0.288273,0.966864,0.153551,0.028823,-0.204472,0.816558,0.321986,0.099118,0.4699
0.945875,0.142198,0.047771,-0.288343,0.966825,0.153761,0.028698,-0.204534,0.816536,0.322115,0.098925,0.469896
0.945827,0.142456,0.047746,-0.288387,0.966788,0.153958,0.028664,-0.204575,0.816539,0.322273,0.098761,0.469821
0.945777,0.142702,0.04769,-0.288447,0.966735,0.154228,0.028514,-0.20466,0.816536,0.322444,0.0986,0.469748
0.945715,0.142963,0.04768,-0.288529,0.96668,0.154473,0.028351,-0.204777,0.816529,0.3226,0.098411,0.469697
0.945639,0.143256,0.047689,-0.288638,0.966629,0.154718,0.028241,-0.204865,0.816523,0.322748,0.098273,0.469641
0.945549,0.143487,0.047691,-0.28882,0.966564,0.154892,0.028261,-0.205041,0.81653,0.322985,0.098096,0.469509
0.945484,0.143758,0.047734,-0.288897,0.966504,0.155019,0.028371,-0.205209,0.816553,0.323171,0.097918,0.469384
0.945385,0.144025,0.047761,-0.289091,0.966426,0.155285,0.028415,-0.205371,0.816565,0.323345,0.097777,0.469276
0.945302,0.144311,0.047761,-0.289222,0.966338,0.155591,0.02846,-0.205556,0.816574,0.323554,0.097633,0.469152
0.945223,0.144549,0.047792,-0.289361,0.966263,0.155883,0.028509,-0.205686,0.816587,0.323736,0.097447,0.469047
0.945152,0.144829,0.047783,-0.28946,0.966183,0.156234,0.028477,-0.205816,0.81661,0.323886,0.09727,0.468946
0.945079,0.145083,0.0477,-0.289598,0.966108,0.156576,0.028429,-0.205931,0.81665,0.324045,0.097163,0.468793
0.945024,0.145278,0.047617,-0.289705,0.966047,0.156786,0.028352,-0.206078,0.816687,0.324136,0.097028,0.468697
0.944972,0.145365,0.047656,-0.289822,0.965995,0.156888,0.028401,-0.206237,0.816728,0.32423,0.09694,0.468582
0.944953,0.145381,0.04767,-0.289874,0.965976,0.156914,0.028416,-0.206307,0.816783,0.324293,0.096868,0.46846
0.944946,0.145265,0.047789,-0.289925,0.965965,0.156815,0.028479,-0.206414,0.816845,0.324325,0.096858,0.468331
0.944935,0.14512,0.047925,-0.290002,0.965968,0.156681,0.028517,-0.206487,0.816908,0.324351,0.096889,0.468197
0.944931,0.144989,0.04805,-0.290053,0.965965,0.156561,0.02862,-0.206569,0.81702,0.32432,0.096935,0.468012
0.94492,0.144879,0.048188,-0.290108,0.965957,0.156511,0.028634,-0.206638,0.817079,0.324341,0.09705,0.467869
0.944884,0.144824,0.048336,-0.29022,0.965951,0.156403,0.028754,-0.206723,0.81715,0.324327,0.097201,0.467722
0.944842,0.144868,0.048431,-0.290317,0.965933,0.156301,0.028874,-0.206856,0.817218,0.324351,0.09729,0.467566
0.944804,0.144885,0.048544,-0.290407,0.965923,0.156168,0.029051,-0.206961,0.817236,0.324366,0.097401,0.467499
0.944754,0.144923,0.04876,-0.290505,0.965886,0.156215,0.029206,-0.207069,0.817215,0.324447,0.097572,0.46744
0.944712,0.144998,0.048894,-0.290577,0.965832,0.156339,0.029386,-0.207188,0.81721,0.324542,0.097661,0.467363
0.944664,0.145034,0.049084,-0.290671,0.965791,0.156427,0.029609,-0.207271,0.817211,0.324598,0.097751,0.467302
0.944613,0.145069,0.049251,-0.290784,0.965746,0.156504,0.02988,-0.207366,0.817208,0.324699,0.097792,0.467229
0.944591,0.1451,0.049454,-0.290797,0.965727,0.156592,0.030129,-0.20734,0.817154,0.324783,0.097881,0.467244
0.944567,0.145165,0.049576,-0.290816,0.96571,0.156682,0.030301,-0.207317,0.817113,0.324881,0.09801,0.467221
0.944551,0.145208,0.049672,-0.29083,0.965697,0.156719,0.030442,-0.207323,0.817061,0.324956,0.098069,0.467245
0.944546,0.14524,0.049753,-0.290811,0.965696,0.156727,0.03056,-0.207294,0.817023,0.325005,0.098158,0.467259
0.944562,0.145227,0.049864,-0.290743,0.965701,0.156723,0.03068,-0.207248,0.816965,0.325067,0.098281,0.467288
0.944572,0.145181,0.049935,-0.290716,0.965704,0.156694,0.030854,-0.207214,0.816943,0.325084,0.098335,0.467303
0.944584,0.145205,0.050028,-0.290645,0.965739,0.156607,0.030987,-0.207085,0.816902,0.325129,0.09837,0.467335
0.9446,0.145282,0.050064,-0.290546,0.965777,0.156543,0.031162,-0.206916,0.816835,0.325174,0.098407,0.467415
0.944642,0.145376,0.050093,-0.290361,0.965812,0.156614,0.03122,-0.206691,0.816709,0.325224,0.098465,0.467587
0.944657,0.145583,0.05007,-0.290217,0.965845,0.156742,0.031256,-0.206438,0.816577,0.325285,0.098462,0.467775
0.944711,0.145798,0.049979,-0.289959,0.965875,0.156878,0.03126,-0.206197,0.81646,0.325355,0.098456,0.467933
0.944772,0.145989,0.049891,-0.289688,0.965896,0.157093,0.031277,-0.20594,0.816304,0.325447,0.098436,0.468145
0.944844,0.146178,0.049863,-0.289368,0.965951,0.157237,0.031254,-0.205579,0.816133,0.325551,0.098424,0.468373
0.944902,0.146448,0.049755,-0.289073,0.965996,0.157438,0.031208,-0.205231,0.81596,0.325586,0.098351,0.468669
0.944978,0.146658,0.049719,-0.288729,0.966035,0.157604,0.031161,-0.204934,0.815771,0.325676,0.098311,0.468944
0.945069,0.146813,0.049778,-0.288347,0.966081,0.157713,0.031165,-0.204636,0.815572,0.325774,0.098272,0.469233
0.945149,0.146967,0.049786,-0.288006,0.966127,0.157892,0.031082,-0.204307,0.81538,0.325861,0.09826,0.469508
0.94522,0.147082,0.049877,-0.287697,0.966169,0.158035,0.031068,-0.204006,0.815174,0.326001,0.098266,0.469767
0.94529,0.147257,0.049921,-0.287371,0.966209,0.158205,0.031034,-0.203696,0.814959,0.326146,0.098201,0.470058
0.945335,0.147501,0.050009,-0.287086,0.966248,0.158322,0.031097,-0.20341,0.814772,0.326256,0.098178,0.470311
0.945391,0.147724,0.05006,-0.286779,0.966284,0.158517,0.031076,-0.203097,0.814575,0.3264,0.098158,0.470557
0.945426,0.147968,0.050144,-0.286525,0.966303,0.158725,0.031149,-0.202839,0.81436,0.326602,0.098149,0.470792
0.945438,0.148255,0.050279,-0.286313,0.966313,0.158961,0.031201,-0.202601,0.814131,0.326826,0.098144,0.471036
0.94545,0.148532,0.050482,-0.286091,0.966314,0.159208,0.031301,-0.202384,0.813918,0.327111,0.098094,0.47122
0.945462,0.148831,0.050734,-0.285848,0.966312,0.159465,0.03144,-0.20217,0.813698,0.327456,0.098063,0.471372
0.945452,0.149144,0.05098,-0.285668,0.966281,0.159797,0.031556,-0.202042,0.813474,0.327782,0.098039,0.471539
0.945416,0.149513,0.051224,-0.285547,0.96624,0.160179,0.03168,-0.201923,0.813241,0.328139,0.098009,0.471703
0.945355,0.149917,0.051463,-0.285491,0.966178,0.160687,0.031887,-0.201781,0.813016,0.328523,0.097988,0.471832
0.945293,0.150353,0.051703,-0.285422,0.966107,0.16114,0.032075,-0.201734,0.812813,0.328908,0.097958,0.471923
0.945219,0.150768,0.051951,-0.285401,0.966033,0.161555,0.032326,-0.201714,0.812618,0.329322,0.097972,0.471971
0.945156,0.151126,0.052232,-0.285364,0.965972,0.161891,0.032646,-0.201672,0.812423,0.32975,0.097973,0.47201
0.945097,0.151465,0.0526,-0.285303,0.965913,0.162214,0.03304,-0.201616,0.812275,0.330116,0.09805,0.471996
0.945049,0.151732,0.053004,-0.285231,0.965872,0.162444,0.033465,-0.201531,0.812149,0.330437,0.09813,0.471973
0.944998,0.151888,0.053469,-0.285209,0.965821,0.162702,0.033832,-0.201488,0.812003,0.33081,0.098224,0.471945
0.944942,0.152034,0.053939,-0.28521,0.965774,0.162947,0.034246,-0.201427,0.811886,0.331184,0.098291,0.471872
0.944856,0.152211,0.054498,-0.285271,0.965711,0.163167,0.034719,-0.201442,0.811762,0.331572,0.098419,0.471787
0.944786,0.152433,0.054942,-0.285283,0.965634,0.16348,0.035186,-0.201459,0.811643,0.331971,0.098538,0.471687
0.944677,0.15278,0.055286,-0.285381,0.965535,0.163841,0.035624,-0.201537,0.811525,0.332368,0.098633,0.471593
0.944587,0.153092,0.055662,-0.285427,0.965436,0.164227,0.036083,-0.201601,0.811384,0.332783,0.09865,0.471542
0.94447,0.153471,0.056014,-0.285532,0.965339,0.164612,0.036541,-0.201648,0.811262,0.33322,0.098703,0.471435
0.944368,0.153838,0.056345,-0.285601,0.965244,0.165046,0.0369,-0.201673,0.811123,0.333675,0.098748,0.471347
0.94428,0.154165,0.05663,-0.285652,0.965156,0.165373,0.037257,-0.201745,0.810994,0.334119,0.09881,0.471243
0.944195,0.154511,0.056911,-0.285687,0.965068,0.165763,0.037591,-0.201772,0.810885,0.334516,0.098849,0.471145
0.944143,0.15473,0.057101,-0.285696,0.965004,0.166046,0.037917,-0.201771,0.810809,0.334865,0.098934,0.471011
0.94412,0.15485,0.057291,-0.285663,0.964968,0.166282,0.038185,-0.201691,0.810739,0.335143,0.098966,0.470929
0.944105,0.154917,0.057402,-0.285649,0.96493,0.166547,0.038287,-0.201631,0.810691,0.3353,0.099033,0.470886
0.94408,0.15502,0.057433,-0.285672,0.964893,0.16684,0.038307,-0.201576,0.810736,0.33532,0.099066,0.470788
0.944054,0.155147,0.057391,-0.285704,0.964869,0.16696,0.038288,-0.201597,0.810779,0.335346,0.0991,0.470687
0.944027,0.155174,0.057271,-0.285807,0.964857,0.166999,0.038231,-0.201638,0.810844,0.335357,0.099079,0.470572
0.943999,0.155148,0.057127,-0.28595,0.964859,0.16691,0.038105,-0.201731,0.810918,0.335268,0.099064,0.470511
0.944006,0.15502,0.056942,-0.286039,0.964862,0.166839,0.03792,-0.201825,0.811033,0.335138,0.099074,0.470402
0.944019,0.154794,0.056781,-0.286154,0.964858,0.166715,0.037732,-0.201986,0.811162,0.334948,0.099065,0.470316
0.944038,0.154534,0.056639,-0.286259,0.964846,0.166606,0.03752,-0.202188,0.811299,0.334732,0.09904,0.470238
0.944046,0.154332,0.056502,-0.286371,0.964863,0.166318,0.037273,-0.202397,0.811452,0.334462,0.099013,0.470169
0.944081,0.154031,0.056362,-0.286445,0.964882,0.16606,0.037096,-0.20255,0.81159,0.334181,0.099043,0.47012
0.944111,0.153784,0.056237,-0.286499,0.964904,0.165751,0.036988,-0.202719,0.811682,0.333928,0.099082,0.470132
0.944166,0.153605,0.056171,-0.28643,0.964927,0.165542,0.036821,-0.202814,0.811741,0.33371,0.099148,0.470168
0.9442,0.153439,0.056141,-0.286412,0.964961,0.165325,0.036728,-0.202846,0.811755,0.333492,0.099271,0.470267
0.944251,0.153306,0.056138,-0.28631,0.965008,0.165143,0.036723,-0.202768,0.811769,0.333359,0.09943,0.470298
0.944319,0.153196,0.056229,-0.286118,0.965054,0.164988,0.03675,-0.202666,0.811722,0.333262,0.099593,0.470409
0.944389,0.153198,0.056312,-0.285865,0.965102,0.164966,0.036741,-0.202452,0.81164,0.333199,0.099802,0.470547
0.944461,0.153271,0.056453,-0.285556,0.965138,0.165072,0.036737,-0.202199,0.811502,0.33323,0.100018,0.470712
0.944514,0.153516,0.056614,-0.285218,0.96516,0.165311,0.036807,-0.201888,0.811323,0.333338,0.100252,0.470891
0.944557,0.153705,0.056844,-0.284919,0.965173,0.165667,0.036924,-0.201516,0.811108,0.333554,0.100527,0.471045
0.944603,0.153995,0.05705,-0.284566,0.965179,0.166115,0.037059,-0.2011,0.810844,0.333785,0.100775,0.47128
0.944622,0.154386,0.057251,-0.284249,0.965157,0.166652,0.037214,-0.20074,0.810567,0.334035,0.101061,0.471514
0.944632,0.154801,0.057464,-0.283947,0.965125,0.167216,0.037394,-0.200399,0.810227,0.334367,0.101387,0.47179
0.944637,0.155258,0.057793,-0.283608,0.965086,0.167766,0.037669,-0.200074,0.809892,0.334731,0.101642,0.472049
0.94464,0.155752,0.058136,-0.283251,0.965071,0.168278,0.03796,-0.19966,0.809533,0.335172,0.101946,0.472285
0.944663,0.156108,0.058531,-0.282884,0.965037,0.168812,0.038284,-0.199301,0.809182,0.335605,0.102221,0.472519
0.944664,0.156506,0.058964,-0.282561,0.965014,0.169269,0.038725,-0.198927,0.808846,0.336079,0.10246,0.472703
0.944679,0.15681,0.059484,-0.282212,0.964987,0.16977,0.039228,-0.198512,0.80849,0.336517,0.102709,0.472944
0.944697,0.157138,0.059941,-0.281861,0.964971,0.170228,0.039776,-0.198065,0.808132,0.336973,0.10297,0.473174
0.944706,0.15745,0.060357,-0.281555,0.964957,0.170648,0.040266,-0.197652,0.807771,0.337433,0.103214,0.473407
0.944709,0.157808,0.060712,-0.281258,0.964941,0.171064,0.040694,-0.197262,0.807426,0.337879,0.103462,0.473622
0.944729,0.158107,0.061006,-0.280952,0.964922,0.171452,0.041125,-0.196914,0.807116,0.338312,0.10369,0.47379
0.944741,0.158438,0.061289,-0.280656,0.964897,0.171909,0.041459,-0.196559,0.806867,0.338676,0.103901,0.473909
0.944748,0.158673,0.061526,-0.280442,0.96488,0.172298,0.041711,-0.196243,0.806637,0.339033,0.104006,0.474021
0.944751,0.15893,0.06166,-0.280257,0.964862,0.172651,0.041944,-0.195967,0.806458,0.339313,0.104145,0.474095
0.94475,0.159154,0.061743,-0.280117,0.964839,0.172946,0.04217,-0.195768,0.806311,0.339577,0.104282,0.474124
0.944738,0.159269,0.061826,-0.280071,0.964827,0.173155,0.042303,-0.195609,0.806235,0.339734,0.104405,0.474114
0.944715,0.159351,0.061799,-0.280111,0.964812,0.173331,0.042413,-0.195503,0.806217,0.339842,0.104518,0.474041
0.944699,0.159395,0.061746,-0.280154,0.964807,0.173369,0.042401,-0.195501,0.80626,0.339905,0.104571,0.473909
0.944667,0.159405,0.061717,-0.280267,0.964803,0.173297,0.042376,-0.195586,0.80637,0.339818,0.104618,0.473772
0.944634,0.159317,0.061612,-0.280453,0.964809,0.173166,0.042261,-0.195699,0.8065,0.339724,0.104619,0.473618
0.944586,0.159197,0.0615,-0.280711,0.964797,0.173011,0.042152,-0.195919,0.806667,0.339618,0.10465,0.473403
0.944536,0.159,0.061496,-0.280987,0.964787,0.172772,0.042076,-0.196196,0.806858,0.33949,0.104674,0.473162
0.944482,0.158828,0.061459,-0.281272,0.964771,0.172508,0.042051,-0.196508,0.807095,0.339328,0.104606,0.47289
0.944406,0.158713,0.061449,-0.281592,0.964739,0.172307,0.042042,-0.196838,0.807319,0.339188,0.104537,0.472623
0.944323,0.158664,0.061475,-0.281889,0.964684,0.172202,0.042045,-0.197195,0.807509,0.33914,0.104445,0.472355
0.944225,0.158702,0.061511,-0.282189,0.964625,0.172132,0.042009,-0.19755,0.807662,0.339149,0.104339,0.472113
0.944115,0.158837,0.061601,-0.282458,0.964556,0.172054,0.042058,-0.197933,0.807802,0.339205,0.104238,0.471858
0.944012,0.159025,0.061765,-0.282657,0.964467,0.172175,0.042138,-0.198248,0.807894,0.33935,0.10413,0.471625
0.943912,0.159242,0.061955,-0.282822,0.964368,0.172397,0.042273,-0.198502,0.807913,0.339596,0.104083,0.471427
0.943814,0.159464,0.062203,-0.282962,0.964265,0.172672,0.042454,-0.198718,0.807865,0.339899,0.10404,0.471305
0.943713,0.159799,0.062461,-0.283046,0.964168,0.173021,0.04274,-0.198818,0.807768,0.340258,0.103993,0.471227
0.94363,0.160143,0.062788,-0.283049,0.964068,0.173465,0.043008,-0.198854,0.807645,0.340628,0.104019,0.471169
0.943554,0.160441,0.063103,-0.283056,0.963968,0.173899,0.043342,-0.198875,0.807476,0.341058,0.104058,0.47114
0.943481,0.160816,0.063464,-0.282996,0.963905,0.174284,0.043676,-0.198762,0.807284,0.341487,0.104079,0.471158
0.943421,0.161194,0.063801,-0.282898,0.963845,0.174672,0.044071,-0.198612,0.807066,0.341936,0.104112,0.471203
0.943391,0.161583,0.064131,-0.282692,0.963781,0.175138,0.044414,-0.198422,0.806809,0.342365,0.104131,0.471332
0.943362,0.162012,0.064377,-0.282486,0.963714,0.175663,0.044765,-0.198201,0.806545,0.342749,0.104129,0.471504
0.943346,0.16246,0.064654,-0.282218,0.963672,0.176118,0.045061,-0.19793,0.806261,0.34321,0.10412,0.471662
0.943354,0.162926,0.064894,-0.281863,0.963638,0.176554,0.045365,-0.197629,0.805947,0.343592,0.104102,0.471929
0.943393,0.163349,0.065147,-0.281429,0.963636,0.176985,0.045655,-0.197178,0.805583,0.344002,0.104021,0.472273
0.943435,0.163763,0.065345,-0.281003,0.963634,0.177444,0.045879,-0.196728,0.805237,0.344404,0.103993,0.47258
0.943489,0.164197,0.065486,-0.280538,0.963643,0.177905,0.046041,-0.196232,0.804916,0.34476,0.103967,0.472877
0.943545,0.164627,0.065612,-0.280069,0.963658,0.178358,0.046202,-0.195715,0.804575,0.345074,0.103842,0.473259
0.943637,0.165047,0.065622,-0.279521,0.963679,0.178825,0.046226,-0.195192,0.804265,0.345348,0.103736,0.473614
0.943717,0.165361,0.065677,-0.27906,0.963696,0.179303,0.046255,-0.194676,0.803945,0.3456,0.10364,0.473999
0.943798,0.165699,0.065677,-0.27859,0.963737,0.179635,0.046224,-0.194186,0.803658,0.345746,0.103523,0.474407
0.943868,0.165995,0.06567,-0.278187,0.963778,0.179911,0.046166,-0.193754,0.803376,0.345892,0.103427,0.474801
0.943942,0.166264,0.065632,-0.277792,0.963828,0.180163,0.046102,-0.193299,0.803166,0.345985,0.10332,0.475115
0.944009,0.166419,0.065536,-0.277504,0.96387,0.180362,0.046028,-0.192934,0.802964,0.345995,0.103259,0.475465
0.944079,0.166525,0.065411,-0.27724,0.963919,0.180501,0.045972,-0.192584,0.802796,0.346008,0.103276,0.475733
0.944166,0.166571,0.065294,-0.276951,0.963991,0.180433,0.045925,-0.192299,0.802698,0.345957,0.103274,0.475936
0.944256,0.166505,0.065212,-0.276705,0.964071,0.180294,0.045848,-0.192046,0.802631,0.345841,0.103311,0.476124
0.94433,0.166437,0.065122,-0.276519,0.964144,0.180088,0.045733,-0.191902,0.802591,0.345688,0.103328,0.476295
0.94441,0.166321,0.065053,-0.276333,0.964203,0.179907,0.045597,-0.191811,0.802578,0.345525,0.103354,0.476429
0.944484,0.166149,0.06505,-0.27618,0.964262,0.179702,0.045581,-0.191706,0.802598,0.345361,0.10334,0.476516
0.944559,0.165954,0.065065,-0.276031,0.964314,0.179569,0.045508,-0.191587,0.802604,0.345196,0.103334,0.476626
0.944596,0.165871,0.065105,-0.275939,0.964339,0.17945,0.045491,-0.191574,0.802581,0.345059,0.103442,0.476736
0.944628,0.165805,0.065146,-0.275857,0.964378,0.179281,0.045544,-0.191514,0.802573,0.344953,0.103518,0.476806
0.944657,0.165767,0.065295,-0.275737,0.964402,0.179189,0.045608,-0.191458,0.802541,0.344896,0.103653,0.476868
0.944702,0.165683,0.065394,-0.275605,0.964454,0.179053,0.045745,-0.191275,0.802509,0.344848,0.103867,0.476905
0.944742,0.165603,0.065561,-0.275464,0.964478,0.17895,0.045916,-0.19119,0.802437,0.344844,0.104132,0.476969
0.944767,0.165519,0.065842,-0.275346,0.964495,0.178862,0.046136,-0.19111,0.802362,0.34485,0.104457,0.477011
0.944807,0.165365,0.066189,-0.275195,0.964513,0.178761,0.046517,-0.190992,0.802253,0.344968,0.104797,0.477029
0.944844,0.165215,0.06655,-0.27505,0.964525,0.17872,0.046943,-0.190834,0.802147,0.345082,0.105122,0.477049
0.944855,0.165151,0.066938,-0.274932,0.964526,0.178721,0.047367,-0.190697,0.802019,0.345231,0.105458,0.477075
0.94488,0.165131,0.067253,-0.274767,0.964513,0.178847,0.047672,-0.190546,0.801881,0.34537,0.105774,0.477131
0.944871,0.165183,0.067483,-0.274698,0.9645,0.178994,0.047953,-0.190384,0.80177,0.345476,0.106041,0.477177
0.944881,0.165245,0.06759,-0.274596,0.964491,0.179186,0.04819,-0.190182,0.801655,0.345605,0.106308,0.477216
0.944886,0.165282,0.067631,-0.274548,0.964488,0.179299,0.048406,-0.190027,0.801599,0.345636,0.106568,0.477222
0.944873,0.165248,0.067656,-0.274603,0.964481,0.179345,0.048533,-0.189971,0.801553,0.345657,0.106774,0.477235
0.944896,0.165116,0.067738,-0.274578,0.964477,0.179323,0.048652,-0.189976,0.801557,0.345587,0.107009,0.47722
0.944945,0.164837,0.06784,-0.274538,0.964507,0.179214,0.048713,-0.189906,0.801586,0.34549,0.107215,0.477193
0.944976,0.164586,0.06789,-0.274562,0.964522,0.179085,0.048725,-0.189938,0.801645,0.34536,0.107399,0.477142
0.94502,0.164238,0.067924,-0.274599,0.964555,0.178892,0.048686,-0.189961,0.801695,0.34517,0.107607,0.47714
0.945065,0.163928,0.067868,-0.274637,0.964596,0.178581,0.048718,-0.190021,0.801759,0.344934,0.10778,0.47716
0.945123,0.163695,0.067786,-0.274593,0.964644,0.178308,0.048701,-0.190031,0.801834,0.344652,0.107918,0.477202
0.945168,0.163466,0.067663,-0.274606,0.964695,0.178057,0.048576,-0.19004,0.801883,0.344422,0.108015,0.477259
0.94522,0.163238,0.067516,-0.274603,0.964739,0.177827,0.048438,-0.190068,0.801966,0.344131,0.108055,0.477316
0.945264,0.163066,0.067343,-0.274599,0.964794,0.177555,0.048233,-0.190099,0.802044,0.343848,0.108146,0.477364
0.945338,0.162914,0.067129,-0.274494,0.964855,0.177309,0.048003,-0.190091,0.802097,0.343553,0.108185,0.477476
0.945425,0.162719,0.066921,-0.274368,0.964921,0.177085,0.047728,-0.190043,0.802178,0.343243,0.10819,0.477559
0.945492,0.162517,0.066723,-0.27431,0.964988,0.176857,0.047499,-0.189984,0.802236,0.342928,0.108231,0.477674
0.945559,0.162343,0.066541,-0.274234,0.965063,0.176585,0.047297,-0.189912,0.802297,0.342608,0.108196,0.477807
0.945641,0.162126,0.066344,-0.274129,0.965142,0.176351,0.047086,-0.189783,0.80233,0.342366,0.108183,0.477927
0.945719,0.161955,0.066091,-0.27403,0.965215,0.176118,0.046911,-0.189677,0.802379,0.342129,0.108225,0.478002
0.945791,0.161849,0.065887,-0.273902,0.965295,0.175921,0.046652,-0.189535,0.802424,0.341932,0.108265,0.478056
0.945849,0.161732,0.065698,-0.273825,0.965356,0.175789,0.046457,-0.189403,0.802464,0.341704,0.108348,0.478127
0.945933,0.161591,0.065523,-0.273666,0.965443,0.175555,0.046272,-0.189222,0.802522,0.341458,0.108471,0.478173
0.946006,0.161429,0.065412,-0.273537,0.965503,0.175395,0.046083,-0.189122,0.802559,0.341247,0.108557,0.47824
0.946074,0.161145,0.065338,-0.273484,0.965559,0.17521,0.045968,-0.189034,0.802636,0.340972,0.108644,0.478281
0.946114,0.160962,0.065297,-0.273461,0.965588,0.175111,0.045856,-0.189013,0.80269,0.340824,0.108783,0.478262
0.946137,0.160865,0.065223,-0.273457,0.965612,0.175082,0.045677,-0.188975,0.802746,0.340686,0.108889,0.478238
0.946151,0.160788,0.065104,-0.273487,0.965617,0.175038,0.04556,-0.189024,0.802855,0.340487,0.108988,0.478171
0.94616,0.16073,0.064965,-0.27353,0.965599,0.17511,0.045398,-0.189102,0.802933,0.340317,0.109124,0.478127
0.946151,0.160666,0.064847,-0.273629,0.965577,0.175148,0.045303,-0.18921,0.803008,0.340166,0.109156,0.478098
0.946161,0.160609,0.06474,-0.273661,0.965555,0.175207,0.045134,-0.189325,0.803079,0.340036,0.109222,0.478053
0.946145,0.160596,0.064672,-0.27374,0.965533,0.175255,0.044987,-0.18944,0.803141,0.339878,0.109269,0.478048
0.94613,0.160559,0.064633,-0.273827,0.965527,0.175194,0.044927,-0.189541,0.803207,0.339738,0.109349,0.478017
0.946122,0.160503,0.064617,-0.273887,0.965522,0.175126,0.04492,-0.189631,0.803226,0.339687,0.109443,0.477998
0.946141,0.160433,0.064622,-0.273861,0.965528,0.175092,0.044857,-0.189648,0.803277,0.339563,0.109507,0.477981
0.946167,0.160332,0.064563,-0.273841,0.965532,0.175088,0.044749,-0.189669,0.803308,0.339447,0.10959,0.477992
0.946206,0.160232,0.064519,-0.273776,0.965545,0.175116,0.044589,-0.189626,0.803355,0.339313,0.109659,0.477988
0.946241,0.160216,0.064425,-0.273692,0.965566,0.175121,0.044485,-0.189549,0.803381,0.339202,0.109718,0.478007
0.946284,0.160258,0.064287,-0.273559,0.965589,0.175152,0.044349,-0.189444,0.803404,0.339058,0.1098,0.47805
0.946324,0.160204,0.064203,-0.273474,0.965612,0.175197,0.044193,-0.189333,0.803386,0.338945,0.109877,0.478138
0.946365,0.160249,0.06405,-0.27335,0.965631,0.175255,0.044075,-0.189223,0.803385,0.338803,0.109968,0.478216
0.946434,0.160194,0.063905,-0.273186,0.965662,0.175296,0.043968,-0.189063,0.803369,0.338661,0.110053,0.478322
0.946493,0.160147,0.063785,-0.273044,0.965703,0.175275,0.043858,-0.188905,0.80335,0.338515,0.110152,0.478432
0.94656,0.160054,0.06364,-0.272904,0.965735,0.175285,0.043724,-0.188771,0.80335,0.338368,0.110249,0.478511
0.946616,0.159935,0.063517,-0.272814,0.965769,0.175258,0.043581,-0.188666,0.803337,0.338186,0.110324,0.478641
0.946677,0.159844,0.063369,-0.272693,0.965824,0.175105,0.04345,-0.188565,0.80334,0.337983,0.110423,0.478752
0.946751,0.159756,0.06322,-0.272529,0.96588,0.175006,0.043282,-0.188418,0.803352,0.337752,0.110461,0.478882
0.946806,0.159656,0.063067,-0.272436,0.965939,0.174866,0.043085,-0.188298,0.803349,0.337574,0.110538,0.478992
0.946866,0.159544,0.062888,-0.272344,0.965994,0.174701,0.042903,-0.188215,0.80337,0.337362,0.110641,0.479078
0.946929,0.159444,0.062681,-0.272236,0.966044,0.174568,0.042713,-0.188138,0.803381,0.337166,0.110716,0.479179
0.947013,0.159285,0.062473,-0.272092,0.96609,0.174465,0.042495,-0.188061,0.803392,0.336988,0.110774,0.479269
0.947079,0.159139,0.062267,-0.272005,0.966126,0.174365,0.042276,-0.188032,0.803403,0.336776,0.110864,0.479374
0.947152,0.158983,0.062077,-0.271889,0.966191,0.174214,0.042126,-0.187878,0.803406,0.336588,0.110925,0.479485
0.947207,0.158899,0.061878,-0.271801,0.966257,0.174125,0.04182,-0.187706,0.803425,0.336379,0.110962,0.479588
0.947292,0.158795,0.061693,-0.271617,0.966304,0.174113,0.041538,-0.187558,0.803436,0.336124,0.111057,0.479721
0.947362,0.15875,0.061489,-0.271455,0.966374,0.174038,0.041242,-0.187355,0.803433,0.335948,0.11116,0.479822
0.947427,0.158747,0.061253,-0.271296,0.966425,0.173979,0.040941,-0.187232,0.803413,0.33572,0.111245,0.479993
0.947502,0.158655,0.061052,-0.27114,0.966475,0.17395,0.040737,-0.187057,0.803352,0.335588,0.111297,0.480172
0.947576,0.158659,0.060824,-0.270943,0.966539,0.173885,0.040544,-0.186847,0.803338,0.335433,0.11131,0.480298
0.947625,0.158663,0.060669,-0.270809,0.966595,0.173824,0.040319,-0.186673,0.803317,0.335268,0.111309,0.480448
0.947679,0.158669,0.060565,-0.270646,0.966649,0.17372,0.040131,-0.186546,0.803309,0.335114,0.111245,0.480584
0.947731,0.158646,0.060466,-0.270503,0.966699,0.173664,0.03999,-0.186376,0.803311,0.334918,0.111249,0.480714
0.947777,0.158676,0.060326,-0.270362,0.966751,0.173604,0.039821,-0.186209,0.80331,0.33475,0.111258,0.480828
0.947816,0.158696,0.060215,-0.270249,0.96678,0.173597,0.039618,-0.186124,0.803298,0.334588,0.111194,0.480978
0.94784,0.158745,0.06002,-0.27019,0.96679,0.173661,0.039384,-0.186077,0.803281,0.334498,0.111174,0.48107
0.947847,0.158839,0.059884,-0.270148,0.966797,0.173693,0.03927,-0.186047,0.80328,0.334391,0.111143,0.481155
0.94787,0.158843,0.059812,-0.270087,0.966811,0.173713,0.039145,-0.185993,0.80327,0.334316,0.11116,0.481218
0.947867,0.158917,0.059738,-0.270077,0.966814,0.173757,0.039018,-0.185976,0.803242,0.334277,0.111164,0.481291
0.947861,0.15894,0.059685,-0.270099,0.966805,0.173835,0.038974,-0.185962,0.803223,0.334268,0.111173,0.481326
0.947857,0.158905,0.059692,-0.270131,0.966807,0.173849,0.038942,-0.185948,0.803244,0.33425,0.11115,0.481308
0.94786,0.158915,0.059715,-0.270108,0.966802,0.173931,0.038836,-0.185938,0.803229,0.334271,0.111137,0.481322
0.947843,0.159015,0.059731,-0.270108,0.966784,0.174044,0.038761,-0.185943,0.803227,0.334325,0.111142,0.481288
0.947821,0.159161,0.059729,-0.270103,0.966754,0.174166,0.038768,-0.185995,0.803219,0.33437,0.111159,0.481265
0.947783,0.159331,0.059777,-0.270125,0.966734,0.174254,0.03881,-0.186004,0.803192,0.334452,0.111106,0.481269
0.947751,0.159489,0.059839,-0.270132,0.966709,0.174422,0.038845,-0.18597,0.803168,0.334601,0.111075,0.481215
0.94772,0.15964,0.059952,-0.270125,0.966675,0.174639,0.038857,-0.185949,0.803128,0.334766,0.111035,0.481177
0.947694,0.159827,0.060026,-0.27009,0.966643,0.174863,0.038884,-0.185908,0.803086,0.334913,0.111041,0.481144
0.947664,0.160048,0.06009,-0.270053,0.966609,0.175068,0.038953,-0.185876,0.803019,0.335128,0.110969,0.481127
0.94763,0.160293,0.060137,-0.270019,0.966575,0.175321,0.038964,-0.185821,0.802955,0.335323,0.110949,0.481105
0.94759,0.160567,0.06014,-0.270004,0.96653,0.175619,0.038929,-0.185795,0.802897,0.335501,0.110888,0.481093
0.947552,0.160843,0.060131,-0.269983,0.966483,0.17593,0.03891,-0.185762,0.802839,0.335671,0.110841,0.481085
0.947514,0.161122,0.060145,-0.269952,0.96645,0.176182,0.038856,-0.185717,0.802754,0.335871,0.110733,0.481118
0.947484,0.16138,0.060169,-0.269903,0.966423,0.176442,0.038806,-0.185637,0.802674,0.336059,0.110642,0.481143
0.947447,0.161596,0.06017,-0.269908,0.966377,0.176708,0.038796,-0.185638,0.802618,0.336231,0.110535,0.481145
0.947395,0.161815,0.060139,-0.269975,0.966338,0.176902,0.038726,-0.18568,0.802593,0.336338,0.110417,0.481141
0.947356,0.161982,0.0601,-0.270027,0.966292,0.177092,0.038662,-0.185766,0.802565,0.336431,0.110258,0.481164
0.94733,0.162171,0.060046,-0.270025,0.966259,0.177332,0.03857,-0.185742,0.802561,0.336511,0.110123,0.481149
0.947284,0.162376,0.06,-0.270082,0.966223,0.177527,0.038464,-0.18578,0.802532,0.336605,0.109971,0.48117
0.947242,0.162591,0.059927,-0.270121,0.966176,0.177727,0.038397,-0.185865,0.802492,0.336731,0.10985,0.48118
0.947213,0.162748,0.05992,-0.270136,0.966137,0.177935,0.038318,-0.185894,0.80246,0.336856,0.109735,0.481176
0.947179,0.16302,0.059841,-0.270119,0.966095,0.178182,0.038235,-0.18591,0.802421,0.336955,0.109594,0.481207
0.947155,0.163263,0.059766,-0.270085,0.966058,0.178394,0.038169,-0.185922,0.802372,0.337095,0.109494,0.481216
0.947135,0.163555,0.059666,-0.270012,0.966027,0.178635,0.03811,-0.18588,0.802314,0.33722,0.109404,0.481248
0.947115,0.163855,0.059643,-0.269914,0.965998,0.178885,0.038042,-0.185818,0.802243,0.337327,0.109273,0.481324
0.947129,0.164095,0.059633,-0.269729,0.965978,0.17923,0.037911,-0.185638,0.802148,0.337483,0.109157,0.481403
0.947114,0.164439,0.059562,-0.269601,0.965965,0.179568,0.037786,-0.185427,0.802039,0.337611,0.10908,0.481518
0.947112,0.164738,0.059439,-0.269469,0.965952,0.179881,0.037669,-0.185232,0.801991,0.337693,0.10898,0.481564
0.947107,0.16495,0.059393,-0.26937,0.965955,0.180079,0.037659,-0.185033,0.801918,0.33777,0.108892,0.481653
0.947139,0.165162,0.059268,-0.269168,0.965959,0.180283,0.037583,-0.184842,0.801849,0.337876,0.108784,0.481721
0.947133,0.165364,0.059246,-0.269079,0.965959,0.180479,0.037463,-0.18469,0.801788,0.337991,0.108717,0.481761
0.947132,0.165506,0.059216,-0.269007,0.965953,0.180655,0.037373,-0.184587,0.801725,0.338077,0.108718,0.481805
0.947129,0.165661,0.059281,-0.268906,0.965943,0.180825,0.037309,-0.184496,0.801677,0.338166,0.108704,0.481825
0.947125,0.165757,0.059255,-0.268871,0.965945,0.180901,0.037276,-0.184419,0.801625,0.338265,0.108684,0.48185
0.947103,0.165865,0.05926,-0.268883,0.965941,0.180948,0.037298,-0.18439,0.80158,0.338345,0.108673,0.481871
0.9471,0.165921,0.059353,-0.268835,0.965928,0.180995,0.037386,-0.18439,0.801512,0.338422,0.10863,0.481942
0.947081,0.165979,0.059442,-0.268845,0.965918,0.181029,0.037457,-0.184388,0.80145,0.338481,0.108614,0.482007
0.947091,0.165993,0.059427,-0.268805,0.965898,0.181125,0.037519,-0.184392,0.801432,0.338523,0.108592,0.482014
0.947085,0.166047,0.059462,-0.268784,0.965887,0.18114,0.037555,-0.184424,0.801414,0.338574,0.108598,0.482008
0.94708,0.166143,0.059465,-0.268742,0.965878,0.181174,0.037557,-0.184439,0.80138,0.338608,0.10857,0.482045
0.947084,0.166212,0.059426,-0.268698,0.965878,0.181207,0.037584,-0.184398,0.801315,0.338678,0.108573,0.482104
0.947093,0.166231,0.059411,-0.268661,0.965869,0.181269,0.037603,-0.184381,0.80127,0.338696,0.108611,0.48216
0.947117,0.166236,0.059428,-0.268569,0.96587,0.18132,0.037663,-0.184311,0.801219,0.338722,0.108655,0.482213
0.94714,0.166259,0.059381,-0.268486,0.965887,0.181318,0.037662,-0.184223,0.801195,0.338755,0.108718,0.482215
0.947165,0.166258,0.059356,-0.268407,0.965898,0.181348,0.03765,-0.18414,0.801145,0.338756,0.108815,0.482275
0.947212,0.166243,0.059377,-0.268246,0.965931,0.181298,0.037635,-0.184019,0.801116,0.338692,0.108861,0.482354
0.947241,0.166218,0.059468,-0.268131,0.96596,0.181235,0.037659,-0.183924,0.80111,0.338655,0.108927,0.482375
0.947276,0.166225,0.059435,-0.268013,0.965995,0.181136,0.037682,-0.183828,0.801086,0.338633,0.109017,0.482408
0.947314,0.166164,0.05951,-0.267896,0.96602,0.181118,0.037647,-0.183721,0.801053,0.338619,0.109097,0.482452
0.947344,0.166124,0.059587,-0.267791,0.966018,0.181215,0.037616,-0.183645,0.801022,0.338583,0.109151,0.482515
0.947354,0.166102,0.059615,-0.26776,0.966033,0.181203,0.037629,-0.183577,0.801004,0.33856,0.109216,0.482546
0.947352,0.166108,0.059607,-0.267765,0.966039,0.181233,0.037604,-0.183521,0.800995,0.338499,0.109248,0.482595
0.947343,0.166095,0.059602,-0.267808,0.966048,0.181162,0.037691,-0.183515,0.800995,0.338476,0.109278,0.482602
0.947347,0.166075,0.059645,-0.267796,0.966045,0.181191,0.037744,-0.18349,0.801001,0.338416,0.109258,0.482638
0.947344,0.166109,0.059656,-0.26778,0.966047,0.181133,0.037752,-0.183534,0.801025,0.338399,0.109318,0.482597
0.947338,0.166068,0.059708,-0.26781,0.96605,0.181128,0.037706,-0.183535,0.801038,0.338369,0.109345,0.482589
0.94732,0.166057,0.059741,-0.267872,0.96604,0.181131,0.03764,-0.183606,0.801026,0.338384,0.109357,0.482595
0.947318,0.16604,0.059783,-0.267876,0.966022,0.181163,0.037662,-0.183659,0.801041,0.33836,0.109338,0.482591
0.947298,0.166038,0.059879,-0.26792,0.966019,0.181119,0.037712,-0.183705,0.801044,0.338383,0.109316,0.482577
0.947278,0.166074,0.059927,-0.26796,0.966004,0.181149,0.03778,-0.183737,0.80106,0.338394,0.109289,0.482549
0.947253,0.166113,0.060033,-0.267996,0.965991,0.181158,0.037847,-0.183779,0.801059,0.338442,0.10925,0.482526
0.94724,0.166223,0.060089,-0.26796,0.965982,0.181236,0.037816,-0.18376,0.801047,0.338497,0.109191,0.482524
0.947216,0.166336,0.060165,-0.267954,0.96595,0.181404,0.037776,-0.183781,0.80104,0.338535,0.10914,0.482522
0.947181,0.166504,0.060203,-0.267969,0.965916,0.181612,0.037682,-0.18379,0.800993,0.338693,0.109091,0.482502
0.947136,0.166646,0.060236,-0.268033,0.965874,0.181825,0.03765,-0.183816,0.800959,0.338852,0.109067,0.482455
0.947104,0.166809,0.060266,-0.268043,0.965833,0.182032,0.037666,-0.183831,0.800921,0.339005,0.109047,0.482417
0.947055,0.166936,0.060395,-0.268103,0.965805,0.182158,0.037748,-0.183835,0.800888,0.339155,0.109057,0.482365
0.947016,0.167078,0.060484,-0.268132,0.965774,0.182288,0.037819,-0.183855,0.800881,0.339318,0.109057,0.482263
0.946976,0.167194,0.0606,-0.268173,0.965737,0.182416,0.03788,-0.183909,0.800872,0.33943,0.109066,0.482198
0.946952,0.167262,0.060715,-0.268182,0.965711,0.182575,0.037891,-0.183881,0.800876,0.339524,0.109042,0.482132
0.946906,0.167347,0.060813,-0.268266,0.965678,0.182701,0.037954,-0.183923,0.80083,0.339659,0.109055,0.482111
0.946857,0.167493,0.060808,-0.268356,0.965659,0.182777,0.038004,-0.183938,0.800831,0.339724,0.109075,0.482059
0.946816,0.167579,0.060787,-0.268453,0.965653,0.18273,0.038124,-0.183976,0.800852,0.339772,0.109147,0.481974
0.946778,0.167577,0.06085,-0.268571,0.96563,0.182763,0.038156,-0.184052,0.80086,0.339855,0.109162,0.481898
0.946735,0.167594,0.060916,-0.268692,0.965615,0.182761,0.038212,-0.184121,0.800903,0.339895,0.109173,0.481796
0.946698,0.167557,0.06102,-0.268815,0.965604,0.182694,0.038219,-0.184244,0.800961,0.339879,0.109207,0.481702
0.946653,0.167509,0.061148,-0.268969,0.965577,0.182672,0.038314,-0.184376,0.801032,0.339879,0.109244,0.481576
0.946626,0.167448,0.061245,-0.269073,0.965543,0.182735,0.03836,-0.184481,0.801092,0.339872,0.109203,0.481491
0.946586,0.167407,0.061325,-0.269216,0.965512,0.182676,0.038428,-0.184679,0.80115,0.33987,0.109166,0.481406
0.946558,0.167364,0.061384,-0.269322,0.965491,0.182593,0.038546,-0.184837,0.801228,0.339871,0.109153,0.481278
0.94653,0.167338,0.061369,-0.269437,0.965472,0.182519,0.038626,-0.184983,0.801263,0.339865,0.10915,0.481226
0.946531,0.167352,0.061368,-0.269427,0.965452,0.18251,0.03867,-0.185081,0.801295,0.339861,0.109177,0.481166
0.946527,0.167326,0.061435,-0.26944,0.965443,0.182522,0.038707,-0.185108,0.801298,0.339842,0.109255,0.481156
0.946516,0.167332,0.061486,-0.269458,0.965429,0.182521,0.038776,-0.185162,0.80127,0.339864,0.109311,0.481173
0.946527,0.167287,0.061534,-0.269432,0.965426,0.182459,0.03885,-0.185212,0.801261,0.339869,0.109346,0.481176
0.946552,0.167299,0.061567,-0.269332,0.965433,0.182482,0.038857,-0.185155,0.801257,0.33986,0.109352,0.48119
0.946572,0.167316,0.061602,-0.269238,0.965437,0.182512,0.038882,-0.185097,0.80122,0.339876,0.10934,0.481242
0.946588,0.167346,0.061651,-0.269153,0.965451,0.182574,0.038888,-0.184961,0.801193,0.339856,0.109385,0.481289
0.946632,0.16731,0.061712,-0.269004,0.965471,0.182601,0.038931,-0.184819,0.801154,0.339828,0.10945,0.481358
0.946678,0.167326,0.06172,-0.268827,0.965496,0.182683,0.038954,-0.184606,0.801117,0.339813,0.10953,0.48141
0.946732,0.167294,0.061769,-0.268643,0.965529,0.182684,0.038948,-0.184433,0.801065,0.339794,0.109618,0.481488
0.946767,0.167267,0.06181,-0.268523,0.965571,0.182676,0.038931,-0.18423,0.801039,0.339745,0.109747,0.481535
0.946825,0.167172,0.061827,-0.268373,0.965609,0.182638,0.039025,-0.184033,0.800996,0.339694,0.109839,0.481619
0.946878,0.167098,0.061879,-0.268217,0.965649,0.182595,0.039035,-0.183865,0.800966,0.339656,0.109938,0.48167
0.946916,0.16706,0.061908,-0.268095,0.965681,0.182563,0.039027,-0.183733,0.800945,0.339636,0.110088,0.481682
0.946956,0.166996,0.061959,-0.267977,0.965714,0.182527,0.039018,-0.183594,0.800937,0.339587,0.110198,0.481703
0.946992,0.166943,0.061953,-0.26788,0.965748,0.182539,0.038955,-0.183423,0.800944,0.339514,0.110255,0.481726
0.947011,0.166973,0.061982,-0.26779,0.965754,0.18261,0.038865,-0.183346,0.800916,0.339504,0.110295,0.481769
0.947014,0.167062,0.061973,-0.267728,0.965757,0.182719,0.038726,-0.183265,0.800882,0.339519,0.110315,0.481811
0.947019,0.167154,0.061926,-0.26767,0.965751,0.18288,0.038575,-0.183189,0.800874,0.33952,0.110318,0.481822
0.947005,0.167303,0.061858,-0.267649,0.965748,0.182989,0.03847,-0.18313,0.800862,0.339527,0.110304,0.481841
0.946996,0.167495,0.061783,-0.267588,0.965729,0.183202,0.038306,-0.183073,0.800862,0.339487,0.110297,0.481871
0.946979,0.167718,0.061691,-0.267541,0.965696,0.183411,0.038191,-0.183076,0.800828,0.339554,0.110335,0.481871
0.946934,0.167958,0.061665,-0.267563,0.96567,0.183556,0.038123,-0.183093,0.800792,0.339638,0.11032,0.481878
0.946893,0.168094,0.061751,-0.2676,0.965624,0.183754,0.038115,-0.183146,0.800761,0.339722,0.110256,0.481887
0.946858,0.168184,0.061817,-0.267654,0.965594,0.183915,0.038143,-0.183142,0.800712,0.339799,0.110234,0.481919
0.94681,0.168349,0.061901,-0.2677,0.965547,0.184082,0.038208,-0.183209,0.800666,0.339939,0.110188,0.481908
0.946758,0.168506,0.062001,-0.267757,0.965503,0.184258,0.038298,-0.183245,0.800614,0.340084,0.110135,0.481909
0.946705,0.168687,0.062036,-0.267824,0.965457,0.18446,0.038345,-0.183278,0.800557,0.340248,0.110115,0.481894
0.946671,0.168901,0.06206,-0.267809,0.96542,0.184628,0.038421,-0.183288,0.800469,0.340449,0.110062,0.481911
0.94663,0.169107,0.062119,-0.267811,0.965378,0.184812,0.038445,-0.183323,0.800394,0.340689,0.110005,0.481883
0.946598,0.169324,0.062142,-0.267789,0.965348,0.18501,0.038519,-0.183268,0.800307,0.340853,0.10995,0.481926
0.946573,0.16952,0.062206,-0.26774,0.965312,0.185246,0.038581,-0.183209,0.800251,0.340989,0.109894,0.481939
0.946543,0.169717,0.062269,-0.267708,0.965292,0.185466,0.038611,-0.183092,0.800178,0.341148,0.109833,0.481963
0.946513,0.169898,0.06232,-0.267687,0.965276,0.185619,0.038613,-0.183023,0.800124,0.341253,0.109797,0.481989
0.946492,0.170066,0.062337,-0.267656,0.965276,0.185684,0.038671,-0.18295,0.800085,0.341387,0.109753,0.481972
0.946492,0.170206,0.062399,-0.267552,0.965261,0.185807,0.038717,-0.182893,0.800031,0.341461,0.109703,0.482022
0.946465,0.170356,0.062419,-0.267549,0.965244,0.185999,0.038726,-0.182788,0.799982,0.341547,0.109685,0.482047
0.946441,0.170536,0.062479,-0.26751,0.965231,0.186137,0.038687,-0.182736,0.799937,0.341675,0.109664,0.482037
0.946417,0.170662,0.062507,-0.267508,0.965206,0.186299,0.038704,-0.182704,0.799908,0.341809,0.109604,0.482007
0.946389,0.17077,0.062608,-0.267511,0.965194,0.186405,0.038721,-0.182656,0.799894,0.341851,0.109534,0.482017
0.94637,0.170985,0.062616,-0.267444,0.965185,0.18656,0.038686,-0.182562,0.799856,0.341926,0.109498,0.482036
0.946362,0.171111,0.062584,-0.267404,0.965176,0.18669,0.038668,-0.182488,0.799833,0.341978,0.109463,0.482047
0.946343,0.171309,0.062555,-0.267362,0.965172,0.186797,0.038624,-0.182416,0.799807,0.342034,0.109415,0.482063
0.946353,0.171399,0.062593,-0.26726,0.965169,0.186901,0.038542,-0.182355,0.799779,0.34208,0.109361,0.48209
0.946362,0.171505,0.062715,-0.267129,0.965169,0.187006,0.038537,-0.182249,0.799746,0.342129,0.109392,0.482103
0.946377,0.171535,0.062785,-0.267034,0.965169,0.187111,0.038537,-0.182146,0.799683,0.34221,0.109376,0.482154
0.946376,0.171704,0.062797,-0.266932,0.965162,0.187243,0.03856,-0.182046,0.799631,0.342299,0.109331,0.482189
0.946368,0.17189,0.062817,-0.266835,0.965134,0.187464,0.038569,-0.181971,0.799563,0.342441,0.109322,0.482204
0.946366,0.172114,0.062821,-0.266706,0.965116,0.187684,0.038542,-0.181856,0.799485,0.342555,0.10929,0.482261
0.946348,0.172312,0.06289,-0.266625,0.965094,0.187914,0.038524,-0.18175,0.799384,0.342691,0.10927,0.482339
0.946339,0.172513,0.062894,-0.26653,0.965079,0.188108,0.03849,-0.181646,0.7993,0.342756,0.109259,0.482434
0.946331,0.172653,0.062962,-0.266455,0.965066,0.188251,0.038533,-0.181561,0.799237,0.342841,0.109186,0.482498
0.94635,0.172737,0.063065,-0.266306,0.965066,0.188398,0.038555,-0.181408,0.799169,0.342913,0.109152,0.482568
0.946339,0.172825,0.063176,-0.266256,0.965059,0.188523,0.038598,-0.181307,0.799062,0.342997,0.109127,0.482692
0.946357,0.172914,0.063208,-0.266129,0.96506,0.188667,0.038579,-0.181163,0.79899,0.343037,0.10919,0.482766
0.946369,0.172975,0.063176,-0.266054,0.965061,0.188745,0.038613,-0.181067,0.798938,0.343013,0.109235,0.482859
0.946404,0.173014,0.063179,-0.265908,0.965078,0.188761,0.038664,-0.180947,0.79888,0.343005,0.109258,0.482956
0.946435,0.173063,0.063168,-0.265768,0.965102,0.188778,0.038702,-0.18079,0.798842,0.342985,0.109284,0.483026
0.946457,0.173111,0.063177,-0.26566,0.965139,0.188712,0.038711,-0.180661,0.798782,0.343021,0.109285,0.4831
0.946472,0.173186,0.063201,-0.26555,0.965179,0.188658,0.038746,-0.180491,0.798697,0.343051,0.109336,0.483206
0.946489,0.173238,0.06325,-0.265445,0.965202,0.188717,0.038747,-0.180302,0.798598,0.343096,0.109402,0.48332
0.946518,0.17329,0.063326,-0.265286,0.965222,0.188768,0.038744,-0.180147,0.798461,0.343201,0.109526,0.483444
0.946533,0.173382,0.063431,-0.265144,0.965218,0.188915,0.038834,-0.179992,0.798349,0.343251,0.10954,0.48359
0.946537,0.173464,0.063532,-0.265049,0.965224,0.189048,0.038907,-0.179803,0.798213,0.343331,0.109512,0.483765
0.946557,0.173604,0.063608,-0.264863,0.965225,0.189216,0.038991,-0.1796,0.798084,0.343431,0.10951,0.483907
0.946565,0.173775,0.063664,-0.264711,0.965232,0.189305,0.039075,-0.179451,0.797964,0.343523,0.109518,0.48404
0.946593,0.173873,0.063711,-0.264534,0.965239,0.189407,0.039154,-0.179283,0.797825,0.343622,0.10951,0.484201
0.946607,0.173997,0.063781,-0.264385,0.965246,0.189532,0.039253,-0.179096,0.79774,0.343637,0.10947,0.484341
0.946639,0.174102,0.063845,-0.264186,0.965265,0.18966,0.039291,-0.178847,0.79763,0.343646,0.109471,0.484514
0.946679,0.174154,0.063889,-0.264001,0.965274,0.189781,0.039296,-0.178673,0.797531,0.343741,0.109528,0.484596
0.946713,0.174172,0.063929,-0.263854,0.965289,0.189849,0.03929,-0.178524,0.79744,0.343784,0.109611,0.484695
0.946753,0.174152,0.064028,-0.263693,0.965342,0.189759,0.039321,-0.178323,0.797371,0.343767,0.109704,0.484798
0.946797,0.174097,0.064158,-0.263532,0.965369,0.189787,0.039337,-0.178145,0.797315,0.343772,0.109797,0.484865
0.946831,0.17403,0.064277,-0.263416,0.965392,0.189805,0.039396,-0.177979,0.797246,0.343785,0.109828,0.48496
0.946847,0.173979,0.064408,-0.263353,0.965406,0.189864,0.039413,-0.177835,0.797153,0.343846,0.10989,0.485055
0.946854,0.174039,0.064483,-0.263266,0.965408,0.189896,0.039538,-0.177756,0.797096,0.343905,0.109936,0.485098
0.946854,0.174076,0.064596,-0.26321,0.965392,0.190011,0.039644,-0.177689,0.797029,0.343944,0.109993,0.485165
0.946828,0.174142,0.064728,-0.263219,0.965364,0.190154,0.039769,-0.177655,0.796948,0.344036,0.110042,0.485222
0.946803,0.174211,0.064824,-0.263241,0.965346,0.190282,0.039864,-0.177598,0.796874,0.344129,0.110037,0.48528
0.946771,0.174329,0.064877,-0.263263,0.965317,0.19036,0.039976,-0.177639,0.796813,0.344221,0.110087,0.485302
0.946748,0.174415,0.064953,-0.263271,0.965279,0.19047,0.040081,-0.177696,0.79676,0.344362,0.110153,0.485276
0.946707,0.174545,0.064953,-0.263333,0.965241,0.190628,0.040146,-0.177724,0.796746,0.344486,0.110155,0.485209
0.946657,0.174628,0.065051,-0.26343,0.965207,0.190711,0.040208,-0.177801,0.796753,0.344497,0.110207,0.485178
0.946615,0.174671,0.065125,-0.263534,0.965163,0.190855,0.040207,-0.17789,0.796754,0.34457,0.110266,0.485109
0.94659,0.174745,0.065192,-0.263552,0.96514,0.190945,0.040146,-0.177945,0.79677,0.344644,0.110321,0.48502
0.946539,0.174825,0.065203,-0.263682,0.965093,0.191075,0.04009,-0.178082,0.79684,0.344659,0.110356,0.484887
0.946507,0.174898,0.065134,-0.263771,0.965047,0.191171,0.040029,-0.178253,0.796878,0.344702,0.110404,0.484782
0.946438,0.175046,0.065121,-0.263926,0.964994,0.191323,0.039986,-0.17839,0.796943,0.344737,0.110413,0.484645
0.946398,0.175135,0.065055,-0.264036,0.964952,0.191473,0.039922,-0.17848,0.796996,0.344768,0.110475,0.484522
0.946357,0.175283,0.064997,-0.264106,0.964892,0.19168,0.039821,-0.178622,0.797055,0.344833,0.110468,0.484382
0.946323,0.175344,0.06493,-0.264206,0.964827,0.191905,0.039688,-0.178778,0.797108,0.344828,0.110462,0.484299
0.946273,0.175447,0.064815,-0.264356,0.964772,0.192092,0.039573,-0.178917,0.797161,0.344864,0.110459,0.484187
0.946255,0.175545,0.064722,-0.264387,0.964744,0.192221,0.039464,-0.178968,0.797214,0.344839,0.110452,0.484118
0.94621,0.175663,0.064596,-0.264508,0.964741,0.192242,0.039351,-0.178998,0.797274,0.344836,0.110424,0.484031
0.946192,0.175644,0.064532,-0.264603,0.964732,0.192188,0.039324,-0.179111,0.797349,0.344792,0.110417,0.483939
0.946193,0.175573,0.064525,-0.264649,0.964725,0.192134,0.039329,-0.179201,0.79739,0.344758,0.110384,0.483905
0.946212,0.175475,0.064568,-0.26463,0.964737,0.192027,0.03931,-0.179253,0.797429,0.344756,0.110356,0.483847
0.946203,0.175471,0.064633,-0.264646,0.96474,0.192007,0.039282,-0.179269,0.797481,0.344747,0.11036,0.483769
0.946185,0.175454,0.064655,-0.264712,0.96474,0.191978,0.039222,-0.179312,0.797495,0.344783,0.110338,0.483726
0.946168,0.175478,0.064624,-0.264768,0.964739,0.191941,0.039218,-0.179359,0.797486,0.344794,0.110322,0.483737
0.946146,0.175533,0.06464,-0.264809,0.964722,0.191997,0.039219,-0.179392,0.797517,0.3448,0.110318,0.483682
0.946117,0.175554,0.064611,-0.264904,0.964698,0.192022,0.03931,-0.17947,0.797502,0.344833,0.110315,0.483683
0.946114,0.175565,0.064586,-0.264916,0.964672,0.192052,0.039402,-0.179547,0.797514,0.344873,0.11035,0.483627
0.946084,0.175583,0.064601,-0.26501,0.964653,0.192056,0.03941,-0.179645,0.797519,0.344872,0.110367,0.483616
0.946087,0.175542,0.064671,-0.265002,0.964652,0.192033,0.039432,-0.179663,0.797521,0.344893,0.110438,0.483582
0.946075,0.175459,0.064786,-0.265065,0.96466,0.191995,0.03944,-0.179666,0.79751,0.344952,0.110486,0.483544
0.946075,0.175374,0.06488,-0.265091,0.964666,0.191932,0.039551,-0.179662,0.797475,0.344992,0.110571,0.483552
0.94607,0.175306,0.064996,-0.265115,0.964663,0.191922,0.039637,-0.17966,0.797455,0.345021,0.110652,0.483546
0.946078,0.175219,0.065096,-0.265113,0.964659,0.191912,0.039791,-0.179643,0.797451,0.345036,0.11073,0.483522
0.946063,0.17523,0.065181,-0.265133,0.964654,0.19192,0.039901,-0.179637,0.797452,0.345045,0.110787,0.483501
0.946052,0.175258,0.065254,-0.265132,0.964631,0.192015,0.039934,-0.179645,0.797454,0.345063,0.110818,0.483478
0.946025,0.175297,0.065352,-0.265176,0.964626,0.19203,0.039963,-0.179647,0.797444,0.3451,0.110899,0.483446
0.946033,0.175316,0.065379,-0.265127,0.964607,0.192107,0.040018,-0.179656,0.797458,0.345137,0.110953,0.483386
0.946019,0.175317,0.065467,-0.265152,0.964583,0.192201,0.040062,-0.179673,0.797449,0.345126,0.11107,0.483378
0.946015,0.175341,0.065538,-0.265128,0.964581,0.192207,0.040184,-0.179644,0.79742,0.345169,0.111191,0.483364
0.946009,0.175355,0.065751,-0.265076,0.964567,0.192257,0.040298,-0.17963,0.797386,0.345232,0.111333,0.48334
0.946023,0.175325,0.06589,-0.265005,0.964573,0.192247,0.040462,-0.179564,0.797351,0.34526,0.111489,0.48334
0.94602,0.1753,0.066062,-0.26498,0.964566,0.19226,0.040582,-0.179548,0.797276,0.345342,0.111632,0.483371
0.946021,0.175312,0.066141,-0.264945,0.964559,0.192241,0.040679,-0.179575,0.79721,0.345413,0.111726,0.483407
0.946017,0.175323,0.066258,-0.264914,0.964542,0.192276,0.04076,-0.179606,0.797176,0.345469,0.111811,0.483399
0.946022,0.175392,0.066262,-0.264851,0.964526,0.192362,0.040744,-0.179612,0.797157,0.34551,0.111901,0.48338
0.946015,0.1755,0.066219,-0.264819,0.964495,0.192518,0.040693,-0.179627,0.797117,0.345505,0.112,0.483425
0.945995,0.175684,0.066192,-0.264782,0.964453,0.192803,0.040546,-0.179606,0.797095,0.345532,0.112032,0.483436
0.945973,0.175935,0.066112,-0.264726,0.964416,0.19307,0.040406,-0.179571,0.797028,0.345595,0.11211,0.483479
0.945966,0.176212,0.066022,-0.264604,0.964367,0.193415,0.040247,-0.179519,0.796923,0.345705,0.112141,0.483569
0.945934,0.176509,0.065991,-0.264537,0.964323,0.193723,0.040133,-0.179471,0.796803,0.345825,0.112219,0.483662
0.945919,0.176763,0.065987,-0.264427,0.964273,0.194123,0.040045,-0.179352,0.79671,0.345915,0.112214,0.483752
0.94591,0.17701,0.066023,-0.264289,0.964236,0.194462,0.040001,-0.179205,0.796603,0.34604,0.112201,0.483844
0.945935,0.177211,0.06597,-0.264089,0.964212,0.19475,0.04001,-0.179027,0.796499,0.346156,0.112235,0.483922
0.945954,0.177396,0.065966,-0.263902,0.964177,0.195072,0.039976,-0.178891,0.79641,0.3463,0.1123,0.483952
0.945975,0.177598,0.06604,-0.26367,0.964171,0.195291,0.039959,-0.178697,0.796269,0.34641,0.112361,0.484092
0.946,0.17774,0.066137,-0.26346,0.964155,0.195511,0.039985,-0.178541,0.796134,0.346518,0.112457,0.484212
0.946031,0.177821,0.066242,-0.263263,0.964165,0.195686,0.040066,-0.178278,0.79601,0.346588,0.11252,0.484352
0.946049,0.177944,0.066336,-0.263093,0.964162,0.19586,0.040115,-0.178094,0.795896,0.346705,0.112621,0.484429
0.946066,0.177972,0.066451,-0.262978,0.964147,0.196048,0.040128,-0.177976,0.795764,0.346807,0.112726,0.484547
0.946068,0.178053,0.066507,-0.262898,0.964133,0.196198,0.040177,-0.177878,0.795678,0.34683,0.112785,0.484657
0.946072,0.178122,0.066599,-0.262812,0.964117,0.196384,0.040205,-0.177757,0.795609,0.346956,0.11279,0.484681
0.946058,0.178212,0.066659,-0.262786,0.964097,0.196545,0.040255,-0.177673,0.795513,0.347057,0.112815,0.48476
0.946041,0.178292,0.066701,-0.26278,0.964083,0.196671,0.040269,-0.177612,0.795465,0.347153,0.112834,0.484768
0.946035,0.178366,0.06675,-0.26274,0.964062,0.196816,0.040273,-0.177576,0.795422,0.347179,0.112918,0.484798
0.94604,0.178457,0.066769,-0.262657,0.964047,0.196929,0.04024,-0.177543,0.795395,0.347211,0.112962,0.484808
0.946036,0.178544,0.066774,-0.262615,0.964024,0.197057,0.040186,-0.177547,0.795376,0.347195,0.113011,0.484838
0.946021,0.178645,0.066706,-0.26262,0.963999,0.19717,0.040115,-0.177582,0.795344,0.34722,0.113057,0.484861
0.946013,0.17874,0.066654,-0.262601,0.963992,0.197259,0.040019,-0.177554,0.795314,0.347223,0.113112,0.484895
0.946032,0.17885,0.06661,-0.262477,0.964008,0.19733,0.039911,-0.177428,0.795301,0.347196,0.113091,0.484941
0.946038,0.178896,0.066565,-0.262438,0.964029,0.197293,0.039854,-0.177371,0.795301,0.347191,0.113116,0.48494
0.946042,0.178863,0.066583,-0.262442,0.964033,0.197274,0.039783,-0.177384,0.795287,0.347152,0.113142,0.484982
0.946052,0.17885,0.066566,-0.262417,0.964052,0.197219,0.039749,-0.177356,0.795264,0.347111,0.113163,0.485043
0.946074,0.178801,0.066583,-0.262365,0.964076,0.197165,0.0397,-0.177295,0.79526,0.347122,0.113149,0.485044
0.946077,0.178821,0.066633,-0.262329,0.964082,0.197156,0.039701,-0.177271,0.795244,0.347173,0.113134,0.485039
0.946068,0.178817,0.066681,-0.262346,0.964078,0.197235,0.039656,-0.177226,0.795233,0.347228,0.113119,0.485022
0.946042,0.178929,0.066627,-0.262384,0.964052,0.197423,0.039595,-0.177183,0.795227,0.347331,0.113068,0.484972
0.946042,0.179076,0.066523,-0.262321,0.964034,0.197614,0.039483,-0.177109,0.795193,0.347426,0.113036,0.484968
0.946031,0.179243,0.066353,-0.262303,0.964021,0.197739,0.039435,-0.177057,0.79516,0.347493,0.113022,0.48498
0.946013,0.17938,0.066275,-0.2623,0.964009,0.197852,0.039331,-0.177036,0.795153,0.347558,0.113038,0.484941
0.946011,0.179454,0.066203,-0.262283,0.963997,0.197909,0.039293,-0.177052,0.795142,0.347587,0.113001,0.484946
0.945998,0.179503,0.066169,-0.262306,0.963984,0.198016,0.039216,-0.177029,0.795173,0.347605,0.112962,0.484894
0.945984,0.179496,0.066086,-0.262388,0.963976,0.198108,0.039063,-0.177017,0.795211,0.347629,0.112871,0.484836
0.945959,0.179523,0.066011,-0.262484,0.963962,0.198149,0.038922,-0.177094,0.795265,0.34763,0.112821,0.484762
0.945946,0.179491,0.06597,-0.262564,0.96395,0.198105,0.038861,-0.177217,0.795321,0.347589,0.112731,0.48472
0.945928,0.179478,0.065888,-0.262662,0.963936,0.198124,0.038727,-0.177318,0.795403,0.347514,0.112628,0.484665
0.945904,0.1795,0.065783,-0.262766,0.963925,0.198115,0.038618,-0.177422,0.795489,0.347438,0.112561,0.484594
0.945864,0.179568,0.065653,-0.262904,0.963892,0.19817,0.038501,-0.177574,0.795583,0.34739,0.112485,0.484495
0.945822,0.179613,0.065474,-0.263079,0.963854,0.198261,0.038362,-0.17772,0.79565,0.34734,0.112387,0.484443
0.945801,0.179658,0.065318,-0.263172,0.963825,0.198301,0.038188,-0.177891,0.79575,0.347261,0.112296,0.484358
0.945771,0.179661,0.065205,-0.263312,0.963786,0.198322,0.03806,-0.178119,0.795836,0.347209,0.112222,0.484272
0.945737,0.179674,0.065147,-0.263441,0.963776,0.198251,0.037926,-0.178285,0.795929,0.347187,0.112189,0.484143
0.945726,0.179554,0.065129,-0.263566,0.963763,0.198177,0.037883,-0.178446,0.796012,0.347141,0.112152,0.484048
0.945722,0.179436,0.065147,-0.263651,0.963744,0.198139,0.037853,-0.178599,0.796075,0.347097,0.112115,0.483986
0.945714,0.179335,0.065166,-0.263742,0.963731,0.198088,0.037795,-0.178739,0.796159,0.347053,0.112063,0.483894
0.945697,0.179315,0.065133,-0.263825,0.963719,0.198063,0.037746,-0.178849,0.796251,0.347,0.112053,0.483782
0.945689,0.179324,0.065058,-0.263873,0.963709,0.198049,0.037729,-0.178922,0.796322,0.346965,0.112066,0.483685
0.945685,0.179337,0.064991,-0.263895,0.963723,0.198023,0.037648,-0.178894,0.796343,0.346973,0.112101,0.483637
0.945679,0.179355,0.064924,-0.26393,0.963732,0.197981,0.03761,-0.178902,0.796351,0.347,0.112116,0.483601
0.945678,0.179388,0.064911,-0.263913,0.963734,0.197971,0.037587,-0.178909,0.796376,0.346958,0.112208,0.483566
0.945687,0.179331,0.064968,-0.263902,0.963735,0.19798,0.037559,-0.178899,0.79638,0.346948,0.112243,0.483559
0.945693,0.179318,0.065055,-0.26386,0.963746,0.197999,0.037592,-0.178815,0.796389,0.346927,0.112299,0.483543
0.945707,0.179305,0.06507,-0.263817,0.963738,0.198036,0.037653,-0.178795,0.796358,0.346988,0.112299,0.483552
0.945699,0.179353,0.065108,-0.263801,0.963728,0.198173,0.037588,-0.178727,0.796361,0.346952,0.112271,0.48358
0.945696,0.179469,0.065064,-0.26375,0.963706,0.198332,0.037529,-0.178689,0.796337,0.346981,0.112277,0.483597
0.945667,0.179674,0.064911,-0.263763,0.963689,0.198483,0.037492,-0.17863,0.796328,0.346975,0.112283,0.483612
0.945656,0.179813,0.064796,-0.263749,0.963676,0.198619,0.037387,-0.178586,0.796342,0.346934,0.112208,0.483639
0.945646,0.179946,0.064682,-0.263731,0.963652,0.198742,0.037333,-0.178599,0.796329,0.346948,0.112137,0.483668
0.945643,0.1801,0.064515,-0.263689,0.963633,0.198885,0.037239,-0.178577,0.796331,0.346946,0.112051,0.483688
0.945621,0.180269,0.064451,-0.263678,0.963632,0.198951,0.037101,-0.178549,0.796286,0.346961,0.111988,0.483767
0.945613,0.180394,0.064317,-0.263667,0.963618,0.199055,0.036966,-0.178553,0.796238,0.347,0.11196,0.483824
0.945614,0.18045,0.064301,-0.263628,0.963608,0.199124,0.036891,-0.178549,0.796235,0.34697,0.111864,0.483876
0.945596,0.180571,0.064281,-0.263616,0.963591,0.199252,0.036792,-0.178534,0.796188,0.347008,0.111702,0.483967
0.945618,0.18068,0.064239,-0.263482,0.963571,0.199443,0.036616,-0.178483,0.79611,0.347025,0.111556,0.48412
0.945624,0.180865,0.064145,-0.263366,0.963554,0.199672,0.036356,-0.178404,0.796081,0.347007,0.111405,0.484218
0.945635,0.18106,0.063977,-0.263246,0.963531,0.199921,0.036097,-0.178333,0.796056,0.346937,0.111254,0.484345
0.945639,0.181295,0.063786,-0.263133,0.96351,0.200121,0.035882,-0.178287,0.795982,0.346946,0.111104,0.484497
0.94564,0.181521,0.06361,-0.263032,0.963497,0.200376,0.03569,-0.178136,0.795935,0.34696,0.111031,0.484582
0.945644,0.181687,0.06343,-0.262958,0.963498,0.200519,0.035496,-0.178031,0.795912,0.346925,0.110983,0.484657
0.945673,0.181751,0.063345,-0.262838,0.963478,0.200711,0.035288,-0.177987,0.795894,0.346901,0.11091,0.484723
0.945698,0.181807,0.063232,-0.262742,0.963479,0.20082,0.035146,-0.177898,0.795887,0.346849,0.110881,0.484777
0.945699,0.181918,0.063113,-0.262703,0.963493,0.200885,0.035008,-0.177789,0.795872,0.346843,0.11083,0.484818
0.945727,0.181956,0.062995,-0.26261,0.963495,0.200986,0.034847,-0.177714,0.79591,0.346775,0.110771,0.48482
0.945718,0.182051,0.062848,-0.262623,0.963508,0.201085,0.034718,-0.177572,0.795934,0.346709,0.110733,0.484837
0.945722,0.182097,0.062741,-0.262608,0.963505,0.201193,0.034578,-0.177509,0.795959,0.346642,0.110636,0.484866
0.945712,0.182249,0.062607,-0.262582,0.963499,0.201302,0.034378,-0.177477,0.795973,0.346643,0.110552,0.484864
0.94569,0.182428,0.062463,-0.262584,0.963488,0.201435,0.034166,-0.177447,0.795984,0.346642,0.110458,0.484868
0.945669,0.182598,0.062272,-0.262603,0.963467,0.20158,0.033956,-0.177458,0.795992,0.346654,0.110342,0.484874
0.945647,0.182731,0.062096,-0.262643,0.96344,0.201731,0.033718,-0.177505,0.796007,0.346629,0.110275,0.484888
0.94564,0.182841,0.06194,-0.262639,0.963429,0.201839,0.033461,-0.177516,0.796049,0.346573,0.110166,0.484883
0.945644,0.182898,0.061755,-0.262639,0.963419,0.201912,0.033231,-0.177551,0.796095,0.346547,0.110084,0.484846
0.945639,0.182927,0.061624,-0.262676,0.963408,0.201943,0.032957,-0.177646,0.796142,0.346447,0.110056,0.484846
0.945642,0.182911,0.061469,-0.26272,0.963403,0.201925,0.032783,-0.177741,0.796176,0.346376,0.11,0.484854
0.945647,0.182908,0.061416,-0.262721,0.963411,0.201887,0.032637,-0.177776,0.796261,0.346303,0.10995,0.484778
0.945665,0.182819,0.061376,-0.262727,0.963411,0.201882,0.032507,-0.177817,0.7963,0.346195,0.109916,0.4848
0.945689,0.182818,0.061253,-0.262676,0.963405,0.201926,0.032405,-0.177832,0.796309,0.346121,0.10992,0.484835
0.945703,0.182797,0.06122,-0.26265,0.963417,0.201917,0.032337,-0.177787,0.796281,0.346045,0.109899,0.48494
0.945744,0.182839,0.061121,-0.262504,0.963438,0.201971,0.032216,-0.177651,0.796213,0.345992,0.109916,0.485083
0.945787,0.182916,0.060974,-0.262339,0.96346,0.20205,0.032068,-0.177488,0.796161,0.34588,0.109992,0.48523
0.945836,0.183019,0.060837,-0.262131,0.963473,0.202183,0.031901,-0.17731,0.796106,0.345802,0.110042,0.485364
0.945912,0.183092,0.060685,-0.261852,0.963511,0.202246,0.031733,-0.177078,0.796004,0.345757,0.110058,0.485558
0.946001,0.183186,0.06051,-0.261517,0.963541,0.202411,0.03158,-0.17677,0.795874,0.34572,0.110074,0.485792
0.946081,0.183251,0.06033,-0.261234,0.963592,0.202463,0.031386,-0.176486,0.795766,0.345637,0.110119,0.486017
0.946182,0.183284,0.060205,-0.260882,0.963644,0.202548,0.031198,-0.176155,0.795606,0.345537,0.110183,0.486334
0.946285,0.183281,0.060058,-0.260552,0.963731,0.202502,0.031051,-0.175767,0.79548,0.345375,0.110195,0.486648
0.946387,0.183255,0.05995,-0.26023,0.963822,0.202447,0.030933,-0.175358,0.795366,0.345221,0.110214,0.486939
0.946491,0.183281,0.059803,-0.259877,0.963894,0.202448,0.030789,-0.175002,0.79526,0.345042,0.110212,0.487236
0.94659,0.183276,0.059658,-0.259561,0.963974,0.20243,0.030638,-0.174622,0.795156,0.34484,0.110241,0.487539
0.946678,0.183306,0.059498,-0.259267,0.964028,0.202438,0.030502,-0.174344,0.795053,0.344652,0.110239,0.48784
0.946765,0.183329,0.059346,-0.258976,0.964111,0.202359,0.030385,-0.174008,0.794916,0.344488,0.110271,0.48817
0.94685,0.183347,0.059218,-0.258691,0.964168,0.202373,0.030269,-0.173701,0.794799,0.34435,0.110276,0.488455
0.946952,0.183388,0.059087,-0.258324,0.964228,0.202406,0.030154,-0.173358,0.794625,0.34427,0.110296,0.488788
0.94705,0.183487,0.058983,-0.257926,0.964284,0.202495,0.030008,-0.172985,0.794463,0.34418,0.110348,0.489101
0.947144,0.183609,0.058922,-0.257513,0.964328,0.202665,0.029845,-0.172586,0.794274,0.344155,0.110409,0.48941
0.947232,0.183797,0.058823,-0.257092,0.964375,0.202867,0.029684,-0.172143,0.794112,0.344148,0.110458,0.489665
0.947311,0.184014,0.058704,-0.256683,0.964415,0.203086,0.029473,-0.171715,0.793936,0.344094,0.11053,0.489969
0.947385,0.184215,0.058607,-0.256296,0.964463,0.203286,0.029337,-0.17125,0.793748,0.34412,0.110638,0.490229
0.947473,0.184492,0.058471,-0.255821,0.964523,0.203526,0.029184,-0.170675,0.793577,0.344097,0.110791,0.490484
0.947554,0.184676,0.058413,-0.25541,0.964576,0.203748,0.029105,-0.170139,0.793367,0.344125,0.110979,0.490757
0.947627,0.184826,0.058399,-0.255037,0.964653,0.20379,0.029041,-0.169676,0.79318,0.344192,0.111156,0.490971
0.947725,0.184867,0.058469,-0.254622,0.964709,0.203842,0.029034,-0.16929,0.792961,0.344212,0.111352,0.491262
0.947819,0.184871,0.058545,-0.254251,0.964753,0.203956,0.029022,-0.168911,0.792767,0.344234,0.111483,0.491528
0.94788,0.184966,0.05859,-0.253946,0.96479,0.204118,0.028972,-0.168527,0.792584,0.344292,0.1116,0.491752
0.947929,0.185079,0.058544,-0.253691,0.964788,0.204426,0.028862,-0.168209,0.792446,0.344346,0.111718,0.491909
0.947972,0.185307,0.058471,-0.253394,0.964788,0.20471,0.028731,-0.167901,0.792312,0.344369,0.111799,0.492089
0.948008,0.185572,0.058329,-0.253115,0.964781,0.205008,0.028527,-0.167644,0.792169,0.344424,0.111865,0.492263
0.948003,0.185926,0.058138,-0.252935,0.964766,0.205303,0.028312,-0.167435,0.792087,0.344454,0.111895,0.492367
0.947989,0.186204,0.057957,-0.252843,0.964741,0.20557,0.028118,-0.167309,0.792001,0.34449,0.111916,0.492476
0.947975,0.186454,0.05789,-0.252735,0.964728,0.205784,0.027891,-0.167189,0.79194,0.344495,0.111808,0.492597
0.947976,0.186628,0.057841,-0.25262,0.964711,0.205961,0.027679,-0.167132,0.791886,0.344569,0.11171,0.492657
0.947973,0.186753,0.057823,-0.25255,0.96469,0.206048,0.027625,-0.167156,0.791849,0.344592,0.111533,0.492744
0.947955,0.186896,0.057812,-0.252522,0.964681,0.206156,0.027505,-0.167112,0.791803,0.344723,0.111336,0.492774
0.947943,0.187121,0.057745,-0.252424,0.964665,0.206281,0.027379,-0.167088,0.791779,0.344816,0.11107,0.492814
0.94791,0.187417,0.057646,-0.252363,0.964618,0.206596,0.027165,-0.167037,0.791735,0.344927,0.110766,0.492885
0.947838,0.187866,0.057424,-0.252376,0.964569,0.206946,0.026868,-0.16697,0.791733,0.344962,0.110508,0.492923
0.947775,0.188302,0.057139,-0.252377,0.964499,0.20729,0.026617,-0.167021,0.791725,0.345027,0.110273,0.49295
0.947704,0.188721,0.056857,-0.252422,0.964443,0.2076,0.026397,-0.167027,0.791711,0.345107,0.110053,0.492969
0.947643,0.189146,0.056574,-0.252427,0.964406,0.207901,0.026125,-0.166941,0.791721,0.345175,0.1098,0.492969
0.947579,0.189505,0.056316,-0.252478,0.964354,0.208196,0.025959,-0.166932,0.791752,0.345246,0.109617,0.492913
0.94753,0.189695,0.056195,-0.252561,0.96431,0.208414,0.025834,-0.166954,0.791753,0.34537,0.10947,0.492861
0.947495,0.189811,0.056111,-0.252628,0.964268,0.208594,0.025694,-0.167004,0.791769,0.345458,0.109352,0.492802
0.947461,0.189866,0.056115,-0.252715,0.964252,0.208703,0.025613,-0.166986,0.791834,0.345472,0.109241,0.492716
0.947432,0.189927,0.056117,-0.252783,0.964221,0.208807,0.025464,-0.167074,0.791895,0.345565,0.1091,0.492586
0.947391,0.190043,0.056107,-0.252853,0.964202,0.208846,0.025381,-0.167161,0.791944,0.345638,0.108999,0.492483
0.947345,0.190142,0.056157,-0.252936,0.964172,0.208892,0.025277,-0.167299,0.791995,0.345742,0.108887,0.492355
0.947294,0.190246,0.056188,-0.253044,0.964149,0.208977,0.025237,-0.167341,0.792023,0.34586,0.108797,0.492249
0.947221,0.190448,0.056228,-0.253161,0.964105,0.209106,0.02516,-0.167457,0.792025,0.34601,0.1087,0.492165
0.947142,0.190715,0.056225,-0.253261,0.964035,0.209309,0.025084,-0.167629,0.79203,0.346153,0.108613,0.492079
0.947068,0.190941,0.056244,-0.253371,0.96397,0.209486,0.025066,-0.167791,0.791999,0.346299,0.108531,0.492049
0.947001,0.191184,0.056262,-0.25344,0.963918,0.209633,0.025057,-0.167915,0.791956,0.346509,0.108495,0.49198
0.946931,0.191365,0.056391,-0.253532,0.963861,0.209761,0.025077,-0.168081,0.791906,0.34665,0.108427,0.491977
0.94687,0.191544,0.056454,-0.253615,0.963809,0.20989,0.025136,-0.168213,0.791878,0.346799,0.108365,0.491934
0.946825,0.19161,0.056648,-0.253678,0.963755,0.210033,0.025218,-0.168327,0.791814,0.346977,0.108279,0.491933
0.946784,0.191722,0.056789,-0.253712,0.963693,0.21024,0.025351,-0.168401,0.791753,0.34716,0.108227,0.491916
0.946754,0.191816,0.05691,-0.25372,0.963638,0.210415,0.025448,-0.168483,0.791707,0.34723,0.108272,0.491931
0.94674,0.191971,0.057007,-0.253631,0.963598,0.210569,0.025527,-0.168509,0.791631,0.347294,0.108317,0.491999
0.946709,0.192163,0.057095,-0.253584,0.963555,0.210742,0.025652,-0.168512,0.791515,0.347392,0.108453,0.492083
0.946699,0.192309,0.057186,-0.25349,0.963518,0.21099,0.025731,-0.168401,0.791395,0.34746,0.108605,0.492191
0.946712,0.192443,0.057221,-0.25333,0.963495,0.211227,0.025796,-0.168238,0.791275,0.347536,0.108733,0.492302
0.946742,0.192553,0.057271,-0.253126,0.963498,0.211409,0.025803,-0.167997,0.791178,0.347505,0.108914,0.492435
0.946774,0.192674,0.057274,-0.252915,0.963511,0.211547,0.025849,-0.16774,0.791072,0.347494,0.109151,0.492556
0.946825,0.192737,0.057269,-0.25268,0.963537,0.211657,0.025918,-0.167441,0.790983,0.347457,0.109355,0.492675
0.94688,0.192726,0.057354,-0.252458,0.963581,0.211686,0.025984,-0.167133,0.790874,0.347493,0.109527,0.492784
0.946933,0.192689,0.057451,-0.25226,0.963622,0.211724,0.026044,-0.166837,0.790813,0.347504,0.109711,0.49283
0.946976,0.192692,0.057516,-0.252073,0.963648,0.211785,0.026128,-0.166591,0.790759,0.347507,0.109831,0.492885
0.947013,0.192684,0.057591,-0.251921,0.963665,0.211871,0.026156,-0.16638,0.79071,0.347509,0.109953,0.492932
0.94701,0.192746,0.05766,-0.251866,0.963657,0.212012,0.026117,-0.166262,0.790686,0.347518,0.110013,0.49295
0.946976,0.192905,0.057673,-0.251874,0.963629,0.212158,0.026063,-0.166255,0.790695,0.34758,0.110019,0.492892
0.946918,0.193123,0.057642,-0.25194,0.963591,0.212328,0.025952,-0.166292,0.790705,0.347665,0.110014,0.492819
0.946857,0.193317,0.057541,-0.252052,0.963533,0.212535,0.025808,-0.166408,0.790694,0.347725,0.109974,0.492804
0.946782,0.193534,0.057382,-0.25222,0.963454,0.21278,0.025646,-0.166599,0.790744,0.347788,0.109931,0.492691
0.946692,0.193751,0.057243,-0.252438,0.963381,0.212948,0.025523,-0.166844,0.790817,0.347811,0.109876,0.492569
0.946603,0.193869,0.057206,-0.252691,0.963316,0.213032,0.025393,-0.167144,0.790895,0.347889,0.109768,0.492418
0.946537,0.193882,0.057295,-0.252902,0.963275,0.213027,0.025333,-0.167406,0.790976,0.347947,0.109668,0.492271
0.946483,0.193823,0.057356,-0.253135,0.963238,0.212993,0.025315,-0.167665,0.791068,0.347998,0.109639,0.492094
0.946431,0.193703,0.057502,-0.253373,0.963196,0.212928,0.025352,-0.167975,0.791159,0.348077,0.109673,0.491885
0.946379,0.193648,0.057609,-0.253581,0.96317,0.212832,0.025427,-0.168219,0.791226,0.348115,0.109658,0.491753
0.946335,0.193626,0.057782,-0.253709,0.963142,0.212806,0.025515,-0.168394,0.791271,0.348195,0.109713,0.491612
0.946296,0.193663,0.057943,-0.253783,0.963103,0.212826,0.025567,-0.16858,0.791297,0.348304,0.109809,0.491472
0.946257,0.193744,0.058104,-0.253823,0.963067,0.212885,0.025633,-0.168697,0.791299,0.348426,0.109954,0.491347
0.946225,0.193837,0.058225,-0.253841,0.963031,0.213025,0.025679,-0.168719,0.791279,0.348525,0.110125,0.491268
0.946194,0.193949,0.058438,-0.253811,0.962987,0.213248,0.025728,-0.168689,0.791253,0.348632,0.110328,0.491184
0.946161,0.194042,0.058581,-0.253826,0.96295,0.213436,0.025786,-0.168654,0.791177,0.348804,0.110521,0.49114
0.946145,0.194145,0.058686,-0.253779,0.962928,0.213532,0.025885,-0.16864,0.791137,0.348914,0.110702,0.491084
0.94612,0.194255,0.058781,-0.253763,0.962891,0.213719,0.025924,-0.168611,0.791094,0.349005,0.110921,0.491036
0.946107,0.194327,0.05888,-0.253732,0.962857,0.213938,0.025888,-0.168542,0.79103,0.349123,0.111112,0.491008
0.946086,0.194393,0.058888,-0.253758,0.962816,0.214174,0.025787,-0.168514,0.790981,0.349149,0.111336,0.491014
0.946068,0.194519,0.058875,-0.253735,0.962763,0.214455,0.025634,-0.168508,0.790977,0.349112,0.111601,0.490981
0.946043,0.194671,0.058849,-0.253722,0.962713,0.214681,0.025524,-0.168538,0.790973,0.349058,0.111825,0.490971
0.946033,0.194771,0.058809,-0.253699,0.962683,0.214776,0.025421,-0.168618,0.79098,0.348983,0.112029,0.490962
0.946014,0.194794,0.058816,-0.253748,0.96267,0.214808,0.025362,-0.168667,0.791007,0.34889,0.112253,0.490929
0.946025,0.194705,0.058908,-0.253748,0.962683,0.214722,0.025387,-0.168687,0.791004,0.348834,0.112468,0.49092
0.94607,0.194504,0.059037,-0.253692,0.962722,0.214508,0.025461,-0.168716,0.791036,0.348757,0.112704,0.490865
0.946132,0.194203,0.059257,-0.253621,0.96277,0.214316,0.02561,-0.168646,0.791088,0.348656,0.112883,0.490807
0.946184,0.193863,0.059503,-0.253603,0.962814,0.214128,0.025754,-0.168587,0.791102,0.348533,0.113096,0.490817
0.946236,0.193592,0.059675,-0.25356,0.962869,0.213872,0.025939,-0.168544,0.791115,0.348417,0.113325,0.49082
0.946286,0.193295,0.059885,-0.253531,0.962911,0.213646,0.02615,-0.16853,0.791135,0.348314,0.113527,0.49081
0.946336,0.193107,0.060038,-0.253438,0.962974,0.213433,0.026348,-0.168387,0.791141,0.348237,0.113768,0.490793
0.946348,0.193008,0.06013,-0.253439,0.963023,0.213252,0.02654,-0.168281,0.791133,0.348168,0.114002,0.490797
0.946359,0.192953,0.060233,-0.25341,0.963063,0.213121,0.026718,-0.168169,0.791121,0.348103,0.114249,0.4908
0.946401,0.192813,0.06033,-0.253326,0.963076,0.21305,0.026895,-0.168137,0.791094,0.348072,0.114471,0.49081
0.946441,0.192713,0.060397,-0.253231,0.963098,0.212963,0.02703,-0.168089,0.79109,0.348031,0.114733,0.490778
0.94646,0.192609,0.060585,-0.253178,0.963127,0.212884,0.027151,-0.167992,0.791041,0.347994,0.114951,0.490828
0.946506,0.192447,0.060766,-0.253072,0.963163,0.212773,0.027254,-0.167895,0.791013,0.347944,0.115177,0.49085
0.946538,0.192309,0.060954,-0.253,0.963201,0.212656,0.027354,-0.167798,0.790969,0.347941,0.115341,0.490881
0.946582,0.192206,0.061094,-0.252865,0.963223,0.212632,0.027443,-0.167677,0.790907,0.347904,0.115497,0.490969
0.946627,0.192105,0.061181,-0.252749,0.963231,0.212629,0.027522,-0.167616,0.790846,0.347852,0.115666,0.491059
0.94668,0.192052,0.06122,-0.25258,0.963241,0.212703,0.027519,-0.167472,0.790782,0.347808,0.115761,0.491169
0.946726,0.192033,0.061178,-0.252432,0.963249,0.21273,0.027592,-0.167369,0.790679,0.34776,0.115843,0.491348
0.946768,0.192089,0.061133,-0.252244,0.963271,0.212784,0.027526,-0.167196,0.790586,0.347701,0.115952,0.49151
0.946838,0.192049,0.061041,-0.25204,0.963303,0.212773,0.027495,-0.16703,0.790477,0.347626,0.116066,0.491709
0.946913,0.191962,0.06101,-0.251835,0.963344,0.212754,0.027482,-0.166821,0.790387,0.34752,0.116134,0.49191
0.947004,0.191823,0.061012,-0.251592,0.963412,0.212601,0.027465,-0.166621,0.79029,0.347416,0.116237,0.492113
0.94713,0.191691,0.060968,-0.25123,0.963499,0.212413,0.027454,-0.166356,0.7902,0.347289,0.11638,0.492308
0.947249,0.191492,0.060912,-0.250944,0.963573,0.212286,0.027319,-0.166114,0.790106,0.347149,0.116536,0.492518
0.94737,0.191385,0.060837,-0.250583,0.963633,0.212214,0.027207,-0.165884,0.789992,0.347002,0.116623,0.49278
0.947483,0.191306,0.060826,-0.250219,0.9637,0.212122,0.027126,-0.165626,0.789903,0.346864,0.116683,0.493003
0.947576,0.191271,0.060747,-0.249915,0.963801,0.211959,0.027022,-0.165272,0.789808,0.346688,0.116746,0.49326
0.947659,0.191251,0.060697,-0.24963,0.963877,0.211881,0.026962,-0.164935,0.789711,0.346528,0.116767,0.493521
0.947738,0.191308,0.06064,-0.249306,0.963959,0.211789,0.026904,-0.164588,0.789575,0.346409,0.116813,0.49381
0.947817,0.191353,0.060512,-0.249009,0.964002,0.211854,0.026884,-0.164255,0.789451,0.346343,0.116844,0.494046
0.947889,0.191474,0.060381,-0.248688,0.964058,0.211921,0.026791,-0.163865,0.789324,0.346229,0.116849,0.494324
0.947925,0.191635,0.060262,-0.248468,0.964096,0.211992,0.026706,-0.16358,0.789192,0.346135,0.11681,0.49461
0.947969,0.19177,0.060137,-0.248234,0.964143,0.212084,0.026646,-0.163201,0.789054,0.346092,0.116793,0.494865
0.948021,0.191872,0.060087,-0.247975,0.964179,0.212142,0.026609,-0.16292,0.788906,0.346097,0.116767,0.495103
0.948079,0.192005,0.060053,-0.247665,0.964216,0.212225,0.026561,-0.162611,0.788757,0.346135,0.116695,0.495331
0.948129,0.192132,0.059974,-0.2474,0.964248,0.212301,0.026513,-0.162339,0.788633,0.34617,0.116639,0.495519
0.948154,0.192291,0.059873,-0.247216,0.964275,0.212398,0.026405,-0.162084,0.788502,0.346181,0.116601,0.49573
0.948184,0.192501,0.059725,-0.24699,0.964294,0.212511,0.026277,-0.161857,0.788377,0.346228,0.116454,0.495932
0.948212,0.192728,0.05958,-0.246753,0.964297,0.212711,0.026058,-0.161635,0.788246,0.346304,0.116265,0.496137
0.948212,0.193024,0.059355,-0.2466,0.964294,0.212874,0.025842,-0.161499,0.788112,0.346369,0.116023,0.496364
0.948209,0.193323,0.059105,-0.24646,0.964266,0.21315,0.025572,-0.161386,0.78802,0.34641,0.115766,0.496548
0.948191,0.193617,0.058803,-0.246392,0.964234,0.213396,0.025322,-0.16132,0.787964,0.346475,0.11548,0.496663
0.948161,0.193938,0.058526,-0.246345,0.964211,0.213624,0.025027,-0.161231,0.787939,0.346479,0.115192,0.496773
0.948115,0.194265,0.058193,-0.246373,0.964195,0.213818,0.024671,-0.161164,0.787973,0.34644,0.114858,0.49683
0.948098,0.194469,0.057787,-0.246404,0.964172,0.21398,0.024345,-0.161178,0.787988,0.346373,0.114553,0.496928
0.948066,0.194676,0.057439,-0.246472,0.964164,0.214064,0.02404,-0.161186,0.787998,0.346345,0.114264,0.497004
0.948084,0.194724,0.057122,-0.246459,0.964165,0.2141,0.023685,-0.161225,0.788087,0.346215,0.113911,0.497039
0.948082,0.194703,0.056871,-0.246554,0.964169,0.214094,0.023246,-0.161304,0.788191,0.346075,0.113665,0.497031
0.948087,0.194656,0.056641,-0.246636,0.964199,0.213966,0.022894,-0.161372,0.78829,0.345942,0.113491,0.49701
0.948086,0.194562,0.056443,-0.246766,0.964241,0.213776,0.022631,-0.161427,0.788453,0.345762,0.113343,0.49691
0.948083,0.194476,0.056326,-0.246879,0.964281,0.21355,0.022418,-0.161521,0.788596,0.345625,0.113248,0.496801
0.948065,0.194356,0.056297,-0.247046,0.964302,0.213365,0.022287,-0.161666,0.788751,0.345507,0.11316,0.496658
0.948023,0.194302,0.056256,-0.24726,0.964304,0.213229,0.022249,-0.161836,0.788912,0.34537,0.113142,0.496501
0.947964,0.194284,0.056399,-0.247457,0.964276,0.213176,0.022262,-0.162063,0.789039,0.345389,0.113112,0.496294
0.947889,0.194393,0.056544,-0.247622,0.964244,0.213183,0.022297,-0.162244,0.789121,0.345432,0.113099,0.496138
0.947786,0.194497,0.056706,-0.247891,0.964169,0.213294,0.022409,-0.162517,0.78918,0.345511,0.113124,0.495984
0.947669,0.194651,0.056935,-0.248157,0.964089,0.213424,0.022589,-0.162786,0.789214,0.345652,0.113207,0.495811
0.947549,0.194808,0.05719,-0.248419,0.963984,0.213681,0.022795,-0.163037,0.789226,0.345859,0.113301,0.495628
0.947438,0.194998,0.057514,-0.248608,0.963879,0.213945,0.023092,-0.163253,0.789227,0.346042,0.113375,0.495481
0.947338,0.195186,0.057777,-0.248768,0.963762,0.214248,0.023401,-0.163486,0.789151,0.346313,0.113421,0.495404
0.947215,0.19545,0.058058,-0.248956,0.963649,0.214578,0.023685,-0.163672,0.789085,0.346601,0.113491,0.495294
0.947126,0.19569,0.058303,-0.249041,0.96355,0.214877,0.024059,-0.163785,0.789014,0.346859,0.113545,0.495213
0.947054,0.195904,0.058502,-0.249091,0.963467,0.215172,0.024349,-0.163831,0.788922,0.347074,0.113605,0.495197
0.946982,0.196067,0.058689,-0.249192,0.963404,0.21541,0.024604,-0.163839,0.78887,0.347266,0.113706,0.495123
0.946933,0.196231,0.058787,-0.249221,0.963341,0.215642,0.024828,-0.163856,0.788822,0.347368,0.113812,0.495101
0.946901,0.19639,0.058874,-0.249197,0.963286,0.215888,0.024892,-0.163854,0.788762,0.3475,0.113871,0.495089
0.946885,0.196641,0.058836,-0.249078,0.963232,0.216225,0.024761,-0.16377,0.788758,0.347652,0.113924,0.494979
0.946864,0.196902,0.058751,-0.248985,0.963166,0.216605,0.024527,-0.163722,0.788723,0.347773,0.113992,0.494933
0.946846,0.197149,0.058599,-0.24891,0.963112,0.216944,0.024269,-0.163669,0.788703,0.34783,0.114053,0.49491
0.946823,0.197375,0.058407,-0.248879,0.963083,0.217184,0.024063,-0.16358,0.788716,0.347867,0.114079,0.494857
0.946822,0.197593,0.058276,-0.248752,0.963052,0.217426,0.023917,-0.163483,0.788697,0.347917,0.114091,0.49485
0.946819,0.197715,0.058176,-0.2487,0.963046,0.217569,0.023796,-0.163361,0.788706,0.347996,0.114061,0.494788
0.946822,0.197779,0.05816,-0.248643,0.963032,0.217676,0.023739,-0.163318,0.788726,0.348078,0.113978,0.494719
0.946833,0.197801,0.058136,-0.248592,0.96302,0.217803,0.023678,-0.163242,0.788726,0.348141,0.113872,0.494703
0.946826,0.197893,0.058068,-0.248569,0.963029,0.217832,0.023566,-0.163175,0.788752,0.348201,0.113747,0.494652
0.946802,0.197989,0.057964,-0.248617,0.963017,0.217931,0.023449,-0.16315,0.788795,0.348257,0.113527,0.494598
0.946749,0.198221,0.057799,-0.248689,0.963001,0.217991,0.023295,-0.163201,0.788857,0.34829,0.11325,0.494544
0.946685,0.198429,0.057616,-0.248824,0.962983,0.218029,0.023077,-0.163303,0.788927,0.348294,0.11294,0.494507
0.946623,0.198683,0.057332,-0.248945,0.962947,0.218122,0.022831,-0.163449,0.789,0.348319,0.112639,0.494447
0.946533,0.198938,0.057099,-0.249157,0.962911,0.218179,0.022582,-0.163643,0.789085,0.348363,0.112345,0.494355
0.946459,0.199048,0.056912,-0.249407,0.962842,0.218357,0.022362,-0.16387,0.789161,0.348383,0.112042,0.494294
0.946395,0.199186,0.056737,-0.249594,0.962765,0.218483,0.022185,-0.164203,0.789232,0.348427,0.11179,0.494209
0.94633,0.199319,0.056612,-0.249776,0.962713,0.218527,0.022029,-0.164482,0.789288,0.348483,0.111562,0.494136
0.94627,0.199413,0.056463,-0.249967,0.962662,0.218561,0.021955,-0.164757,0.789366,0.348493,0.111297,0.49407
0.946212,0.199491,0.056385,-0.250151,0.962623,0.218572,0.021834,-0.164993,0.789431,0.34848,0.111093,0.494027
0.946187,0.1995,0.056355,-0.250247,0.9626,0.218526,0.021715,-0.165208,0.789484,0.348478,0.110917,0.493986
0.946187,0.199573,0.056258,-0.250219,0.962602,0.218492,0.021614,-0.165269,0.789527,0.348404,0.110775,0.494003
0.946188,0.199669,0.056153,-0.25017,0.962607,0.218443,0.021537,-0.165316,0.789537,0.348359,0.110704,0.494035
0.946189,0.199762,0.056133,-0.250101,0.962612,0.218456,0.021472,-0.165288,0.789574,0.348281,0.110682,0.494036
0.94622,0.199763,0.056114,-0.24999,0.962638,0.218399,0.021467,-0.16521,0.789578,0.348192,0.110701,0.494087
0.946257,0.19978,0.056077,-0.249842,0.962675,0.21839,0.02146,-0.165006,0.789535,0.348107,0.110811,0.494187
0.946299,0.199766,0.056091,-0.249695,0.962714,0.218366,0.021435,-0.164815,0.789475,0.348034,0.110901,0.494313
0.946347,0.199704,0.056126,-0.24955,0.962773,0.218267,0.021418,-0.164595,0.789411,0.348038,0.111046,0.494376
0.946425,0.199559,0.056224,-0.249337,0.962834,0.218155,0.021505,-0.164366,0.789355,0.347973,0.111175,0.494481
0.94651,0.199416,0.056303,-0.249103,0.962889,0.218067,0.021577,-0.164142,0.789295,0.347913,0.111329,0.49458
0.946572,0.199284,0.056431,-0.248934,0.962937,0.218008,0.021577,-0.163939,0.789259,0.34789,0.111493,0.494614
0.9466,0.199222,0.056506,-0.248851,0.96298,0.21793,0.021624,-0.163772,0.78922,0.347849,0.111606,0.494676
0.946625,0.199235,0.056488,-0.248751,0.963002,0.21795,0.021624,-0.163621,0.789166,0.347781,0.111728,0.494781
0.946647,0.199253,0.056483,-0.248657,0.963015,0.217981,0.021662,-0.163494,0.789116,0.347691,0.111855,0.49489
0.946634,0.199299,0.056474,-0.248672,0.963012,0.217995,0.021698,-0.163489,0.789081,0.347731,0.111959,0.494893
0.946623,0.199359,0.056522,-0.248657,0.963007,0.218013,0.021642,-0.163509,0.789056,0.34771,0.112033,0.494929
0.946625,0.199316,0.056574,-0.248663,0.963015,0.217932,0.021668,-0.163555,0.78905,0.347664,0.112116,0.494951
0.946631,0.199286,0.056631,-0.248652,0.96304,0.217795,0.021734,-0.163567,0.789041,0.347615,0.112181,0.494982
0.946646,0.199239,0.05664,-0.248626,0.963043,0.21768,0.021771,-0.163697,0.78903,0.347626,0.112219,0.494984
0.946666,0.199108,0.056725,-0.248626,0.963051,0.217554,0.021793,-0.163806,0.789009,0.347614,0.112249,0.495016
0.946679,0.19904,0.056794,-0.248609,0.963058,0.217458,0.021796,-0.163886,0.789029,0.347595,0.112286,0.49499
0.946676,0.199038,0.056916,-0.24859,0.963074,0.217394,0.021835,-0.163864,0.789046,0.347616,0.112277,0.49495
0.946648,0.199072,0.056912,-0.24867,0.9631,0.217256,0.021843,-0.163894,0.789072,0.347611,0.112275,0.494914
0.946617,0.199171,0.056935,-0.248705,0.963106,0.217198,0.021837,-0.163927,0.789067,0.347639,0.112232,0.494911
0.946566,0.199319,0.056944,-0.24878,0.963088,0.217235,0.021868,-0.163982,0.789075,0.347652,0.112214,0.494896
0.946541,0.19944,0.056961,-0.248781,0.963069,0.217333,0.021874,-0.163965,0.789062,0.34774,0.112153,0.49487
0.946492,0.199618,0.05697,-0.248824,0.963041,0.217455,0.021844,-0.163986,0.789041,0.347849,0.112074,0.494848
0.946464,0.199735,0.057029,-0.248823,0.963005,0.217554,0.021878,-0.16406,0.789019,0.347961,0.111955,0.494834
0.946413,0.199938,0.057058,-0.248854,0.962959,0.217783,0.02188,-0.164032,0.788954,0.34812,0.111867,0.494849
0.946381,0.200136,0.057124,-0.248803,0.962925,0.217996,0.02184,-0.16397,0.78892,0.348243,0.111774,0.49484
0.946351,0.200321,0.057132,-0.248769,0.962886,0.218196,0.021827,-0.163934,0.78886,0.348366,0.111684,0.494871
0.946317,0.200553,0.057129,-0.248718,0.962849,0.218384,0.021819,-0.163914,0.788763,0.348509,0.111601,0.494948
0.946293,0.200718,0.057144,-0.248678,0.962836,0.218474,0.021851,-0.163863,0.788677,0.348634,0.111504,0.495022
0.946289,0.200866,0.057149,-0.248577,0.962823,0.218646,0.021775,-0.163737,0.788578,0.348764,0.111388,0.495116
0.946279,0.201095,0.057085,-0.248451,0.962791,0.218863,0.021632,-0.163675,0.788501,0.348878,0.111249,0.495194
0.946265,0.201309,0.057025,-0.248356,0.962762,0.219124,0.021481,-0.163545,0.788443,0.348961,0.111125,0.495257
0.946261,0.201549,0.056914,-0.248211,0.962747,0.219265,0.02142,-0.163463,0.788377,0.34906,0.111,0.495325
0.946266,0.201796,0.056747,-0.248049,0.962749,0.219445,0.021274,-0.163246,0.788324,0.349063,0.110827,0.495448
0.946262,0.202012,0.056591,-0.24794,0.962762,0.21955,0.02113,-0.163065,0.788276,0.349077,0.110666,0.495553
0.946261,0.202199,0.056412,-0.247849,0.962758,0.219681,0.020996,-0.162948,0.788226,0.349106,0.110495,0.495654
0.94628,0.202324,0.056305,-0.247707,0.962749,0.219838,0.020863,-0.162818,0.788185,0.34913,0.110364,0.495734
0.946301,0.202405,0.056204,-0.247588,0.962751,0.219987,0.020652,-0.162656,0.788153,0.349171,0.110321,0.495767
0.94631,0.20247,0.056158,-0.247521,0.962758,0.220057,0.020478,-0.162563,0.78812,0.349218,0.110324,0.495787
0.946317,0.202575,0.056097,-0.247426,0.962779,0.220042,0.020388,-0.162477,0.7881,0.34928,0.110264,0.495787
0.946319,0.20261,0.056073,-0.247394,0.962786,0.220033,0.020327,-0.162455,0.788087,0.349248,0.110208,0.495846
0.946311,0.202669,0.056088,-0.247376,0.962804,0.220007,0.020227,-0.16241,0.788083,0.349252,0.110165,0.49586
0.946308,0.202705,0.056121,-0.247353,0.962804,0.219993,0.020234,-0.16243,0.788056,0.349327,0.110135,0.495858
0.946294,0.202785,0.05612,-0.247341,0.962788,0.220024,0.020204,-0.162489,0.788032,0.349351,0.110114,0.495883
0.946251,0.202874,0.056206,-0.247411,0.962765,0.220067,0.020198,-0.162571,0.788021,0.349391,0.110107,0.495875
0.946238,0.202884,0.056279,-0.247433,0.962739,0.220141,0.020209,-0.162625,0.788026,0.349435,0.110113,0.495835
0.946213,0.202861,0.056378,-0.247519,0.962711,0.220188,0.020291,-0.162711,0.788025,0.349491,0.110168,0.495785
0.946194,0.202809,0.05647,-0.247607,0.962688,0.220206,0.020367,-0.162805,0.788044,0.349523,0.110221,0.495719
0.94618,0.202746,0.056603,-0.247669,0.962704,0.220056,0.020548,-0.16287,0.78805,0.34951,0.11034,0.495691
0.946195,0.202618,0.056713,-0.247681,0.962718,0.219922,0.020649,-0.162943,0.788088,0.34948,0.110478,0.495618
0.946217,0.202468,0.056869,-0.247672,0.962736,0.219787,0.020715,-0.162997,0.788138,0.349438,0.110615,0.495534
0.946228,0.202323,0.057014,-0.247704,0.962762,0.219626,0.020838,-0.163029,0.788159,0.349443,0.110774,0.495459
0.946249,0.202126,0.05722,-0.247717,0.962784,0.219438,0.020996,-0.163108,0.788175,0.34938,0.110912,0.495443
0.946245,0.202052,0.057407,-0.247737,0.962815,0.219247,0.021212,-0.163122,0.7882,0.349337,0.111102,0.495388
0.946236,0.201986,0.057596,-0.24777,0.962829,0.219115,0.021373,-0.163186,0.788192,0.349343,0.111288,0.49535
0.94624,0.201926,0.057778,-0.247749,0.962831,0.21905,0.021549,-0.163214,0.788188,0.349295,0.111389,0.495366
0.946226,0.201928,0.057877,-0.247771,0.962826,0.219012,0.021733,-0.163252,0.788168,0.349308,0.11147,0.49537
0.946225,0.201951,0.057977,-0.24773,0.962797,0.219126,0.021903,-0.163244,0.788154,0.349335,0.111599,0.495341
0.946208,0.202038,0.058,-0.247722,0.962788,0.219153,0.022069,-0.163219,0.78812,0.349356,0.111702,0.495355
0.94618,0.202103,0.058038,-0.247763,0.962778,0.219173,0.022217,-0.163224,0.788134,0.34933,0.111773,0.495334
0.94618,0.202088,0.058133,-0.247746,0.962797,0.219077,0.022379,-0.163198,0.788103,0.349362,0.111879,0.495336
0.946203,0.202019,0.058243,-0.247683,0.962821,0.218976,0.022483,-0.163163,0.788098,0.349384,0.11196,0.495309
0.946231,0.201912,0.058331,-0.247635,0.962827,0.21894,0.022556,-0.163157,0.788056,0.349411,0.112063,0.495332
0.946259,0.201812,0.058414,-0.247581,0.962835,0.218905,0.022555,-0.163159,0.788011,0.349432,0.112169,0.495361
0.946277,0.201742,0.058421,-0.247564,0.962843,0.218869,0.022545,-0.16316,0.788021,0.34938,0.112166,0.495383
0.946293,0.201742,0.05837,-0.247518,0.962862,0.218856,0.022433,-0.16309,0.788028,0.34932,0.11217,0.495412
0.946307,0.201773,0.058289,-0.247467,0.962865,0.218865,0.022355,-0.163082,0.788041,0.349338,0.112127,0.495391
0.94633,0.201815,0.058255,-0.247353,0.962868,0.21887,0.022283,-0.163075,0.788032,0.349289,0.11213,0.495439
0.946337,0.201847,0.058188,-0.24732,0.962886,0.218819,0.022267,-0.163034,0.788022,0.34927,0.112067,0.495483
0.946337,0.201955,0.058092,-0.247265,0.962898,0.218813,0.022218,-0.16298,0.788054,0.349244,0.111971,0.495473
0.946341,0.20204,0.057956,-0.247221,0.962901,0.21887,0.02211,-0.16292,0.788029,0.349283,0.111859,0.495514
0.946336,0.202111,0.057856,-0.247215,0.962887,0.218974,0.021981,-0.16289,0.788029,0.349329,0.111749,0.495508
0.94633,0.202165,0.057825,-0.247203,0.962873,0.219033,0.021899,-0.162916,0.788024,0.349324,0.11167,0.495539
0.946324,0.202241,0.057748,-0.247187,0.962852,0.219115,0.021804,-0.162948,0.788034,0.349341,0.111587,0.495529
0.946301,0.202317,0.057653,-0.247247,0.96285,0.219163,0.021664,-0.162935,0.788056,0.349357,0.111483,0.495512
0.946278,0.202416,0.057579,-0.247277,0.962855,0.219151,0.021533,-0.162951,0.788085,0.349391,0.111387,0.495463
0.946264,0.202454,0.05753,-0.247313,0.962844,0.219196,0.021428,-0.162976,0.788099,0.349436,0.111304,0.495431
0.946246,0.202505,0.057497,-0.247351,0.96283,0.219239,0.021352,-0.163014,0.788163,0.349425,0.111177,0.495369
0.946209,0.20262,0.057455,-0.247412,0.962811,0.219275,0.021271,-0.163106,0.7882,0.349467,0.111044,0.49531
0.946181,0.202694,0.057429,-0.24747,0.962778,0.219364,0.021203,-0.163195,0.788228,0.349531,0.110977,0.495239
0.94616,0.202773,0.057391,-0.247498,0.962774,0.219362,0.021155,-0.163231,0.788251,0.349571,0.110874,0.4952
0.946122,0.202878,0.057346,-0.247575,0.962752,0.219427,0.021119,-0.163289,0.788309,0.349593,0.110782,0.495115
0.946076,0.202943,0.057302,-0.247708,0.962725,0.219465,0.021088,-0.1634,0.788375,0.349674,0.110708,0.49497
0.94602,0.203052,0.057248,-0.247851,0.9627,0.219513,0.021073,-0.16349,0.788423,0.349726,0.110662,0.494869
0.945972,0.203127,0.057269,-0.247969,0.962678,0.219548,0.021095,-0.163572,0.78846,0.349767,0.110586,0.4948
0.945955,0.203137,0.05732,-0.24801,0.962668,0.21952,0.021164,-0.16365,0.788508,0.349822,0.110506,0.494704
0.945908,0.203169,0.057356,-0.248156,0.962631,0.219554,0.021229,-0.163813,0.788558,0.349856,0.110488,0.494606
0.945855,0.20321,0.05748,-0.248289,0.962595,0.219582,0.021274,-0.163975,0.788577,0.349902,0.110531,0.494532
0.945834,0.203202,0.057527,-0.24836,0.962567,0.219583,0.021348,-0.164124,0.788623,0.349945,0.110524,0.49443
0.945819,0.203203,0.057614,-0.248394,0.962547,0.219617,0.021351,-0.164192,0.788607,0.350009,0.110503,0.494416
0.945791,0.203236,0.057667,-0.248458,0.962516,0.219675,0.021388,-0.164289,0.788592,0.350076,0.110494,0.494397
0.945784,0.203266,0.057637,-0.248471,0.962486,0.219761,0.021386,-0.164355,0.788592,0.350053,0.110507,0.494408
0.94578,0.203324,0.057632,-0.248442,0.962488,0.219733,0.02143,-0.16437,0.78858,0.350042,0.110476,0.494443
0.945803,0.203357,0.057609,-0.248334,0.96249,0.219747,0.021463,-0.164334,0.788562,0.350014,0.110468,0.494494
0.94581,0.203382,0.057659,-0.248276,0.962512,0.219735,0.021492,-0.164212,0.78854,0.350013,0.110506,0.494519
0.945832,0.203375,0.057674,-0.248192,0.962537,0.219724,0.021546,-0.164066,0.78847,0.350047,0.110569,0.494593
0.945859,0.203352,0.057717,-0.248095,0.962561,0.21974,0.021637,-0.163888,0.788413,0.350043,0.110665,0.494663
0.945876,0.203311,0.057843,-0.248024,0.962583,0.219744,0.021661,-0.163748,0.788355,0.349997,0.110784,0.494758
0.945893,0.203296,0.05791,-0.247951,0.962596,0.219754,0.021763,-0.163633,0.788298,0.350024,0.11087,0.49481
0.945915,0.203308,0.05795,-0.24785,0.962603,0.219796,0.021874,-0.163518,0.788244,0.35006,0.1109,0.494864
0.945928,0.203292,0.057924,-0.247817,0.962605,0.219818,0.021897,-0.163471,0.78818,0.350103,0.111012,0.494907
0.945944,0.203303,0.057916,-0.247752,0.962604,0.219885,0.021933,-0.163381,0.788127,0.350128,0.11105,0.494965
0.945954,0.203355,0.057926,-0.24767,0.962599,0.219956,0.021912,-0.163322,0.788069,0.350142,0.111056,0.495047
0.94596,0.203428,0.057881,-0.247602,0.962587,0.220067,0.021825,-0.163271,0.788037,0.350112,0.11105,0.495121
0.945986,0.203483,0.057786,-0.247483,0.962583,0.220104,0.021784,-0.163251,0.788023,0.350043,0.111044,0.495192
0.946016,0.203497,0.057692,-0.247388,0.962578,0.220187,0.02163,-0.163206,0.788018,0.349953,0.111003,0.495273
0.946035,0.203574,0.057534,-0.247299,0.962591,0.220169,0.021524,-0.163177,0.788002,0.349931,0.110992,0.495316
0.94607,0.203531,0.057484,-0.247214,0.962613,0.220104,0.021476,-0.163144,0.78799,0.349846,0.111018,0.495388
0.946114,0.203457,0.057422,-0.247122,0.962664,0.219961,0.02142,-0.163042,0.787943,0.349786,0.111031,0.4955
0.94617,0.2034,0.057345,-0.246979,0.9627,0.219906,0.021318,-0.162924,0.787932,0.349721,0.111064,0.495556
0.946228,0.203283,0.057312,-0.246856,0.962741,0.219842,0.021201,-0.16279,0.787939,0.349667,0.111086,0.495575
0.946279,0.203241,0.057207,-0.246723,0.962768,0.219858,0.021118,-0.162627,0.787936,0.34958,0.111065,0.495647
0.946317,0.20322,0.057063,-0.246638,0.962783,0.219834,0.021041,-0.16259,0.787931,0.34942,0.111046,0.495771
0.946349,0.203267,0.056833,-0.246543,0.96282,0.219806,0.020897,-0.162439,0.787971,0.349261,0.111036,0.495821
0.946387,0.203245,0.056612,-0.246478,0.962856,0.219751,0.020801,-0.162313,0.787971,0.349165,0.111045,0.495885
0.946429,0.203239,0.056422,-0.246375,0.962886,0.219785,0.020577,-0.162136,0.787969,0.349106,0.111027,0.495932
0.946464,0.203219,0.056274,-0.246301,0.962928,0.219704,0.020449,-0.162025,0.787951,0.349045,0.111029,0.496005
0.946515,0.203145,0.056146,-0.246202,0.962965,0.219658,0.02026,-0.161905,0.787968,0.348942,0.110992,0.496058
0.946543,0.203096,0.055993,-0.246178,0.963001,0.219574,0.020007,-0.161856,0.788023,0.348832,0.110958,0.496055
0.946572,0.203033,0.055803,-0.246168,0.963052,0.219464,0.019813,-0.16174,0.788045,0.348749,0.110924,0.496085
0.946591,0.202956,0.055619,-0.246209,0.963098,0.219324,0.019663,-0.161677,0.788104,0.348621,0.110897,0.496088
0.946629,0.202868,0.055429,-0.246188,0.963127,0.219218,0.019479,-0.161687,0.788182,0.348507,0.110909,0.49604
0.946663,0.202766,0.055256,-0.246187,0.963157,0.219055,0.019311,-0.161756,0.788263,0.34841,0.110944,0.49597
0.946682,0.2026,0.055198,-0.246262,0.963193,0.21887,0.019207,-0.161798,0.788361,0.348334,0.110981,0.49586
0.946703,0.202429,0.055176,-0.246321,0.963231,0.218676,0.019135,-0.161843,0.788409,0.348262,0.111005,0.495827
0.94672,0.202334,0.055192,-0.24633,0.963247,0.218582,0.019091,-0.161888,0.788489,0.34816,0.111003,0.495771
0.946725,0.202244,0.055207,-0.246375,0.963248,0.218523,0.019054,-0.161967,0.788551,0.348087,0.110969,0.49573
0.946706,0.202193,0.055246,-0.246478,0.963244,0.218488,0.019046,-0.162037,0.788573,0.348032,0.111028,0.49572
0.946692,0.202202,0.055289,-0.246511,0.963226,0.2185,0.019091,-0.162116,0.788593,0.347993,0.111056,0.495709
0.946674,0.202236,0.055354,-0.246535,0.963239,0.218427,0.019167,-0.162118,0.788613,0.347973,0.111091,0.495681
0.946644,0.202305,0.055444,-0.246573,0.963242,0.218389,0.019319,-0.162124,0.788601,0.348006,0.111131,0.495669
0.946643,0.202299,0.055592,-0.24654,0.963236,0.218383,0.01942,-0.162139,0.788609,0.348006,0.111218,0.495635
0.946657,0.202282,0.055796,-0.246439,0.963236,0.218387,0.019547,-0.16211,0.788599,0.348012,0.111316,0.495624
0.94668,0.202203,0.055968,-0.246367,0.963225,0.218434,0.019656,-0.162089,0.788567,0.348042,0.111448,0.495621
0.946689,0.202177,0.056084,-0.24632,0.96322,0.21848,0.019763,-0.162041,0.788508,0.348076,0.111566,0.495663
0.946713,0.202074,0.056232,-0.246266,0.963215,0.218525,0.019922,-0.161974,0.788483,0.348117,0.111708,0.495638
0.946735,0.201997,0.056366,-0.246203,0.963234,0.218465,0.020145,-0.161897,0.788481,0.348142,0.111796,0.495603
0.946756,0.20202,0.056462,-0.246078,0.963259,0.218418,0.020318,-0.161768,0.788434,0.348198,0.111918,0.495608
0.946778,0.201942,0.056585,-0.24602,0.963265,0.218438,0.020414,-0.161688,0.788387,0.34823,0.112063,0.495625
0.946802,0.201869,0.056704,-0.245948,0.963271,0.218487,0.020559,-0.16156,0.788338,0.348242,0.112207,0.49566
0.946821,0.201824,0.056749,-0.2459,0.963281,0.218514,0.020641,-0.161444,0.788317,0.348241,0.112289,0.495675
0.946844,0.201772,0.056809,-0.245835,0.963291,0.218546,0.020704,-0.16133,0.788293,0.348193,0.11234,0.495732
0.94688,0.201746,0.05675,-0.245736,0.963301,0.21853,0.020735,-0.161288,0.788263,0.348118,0.112408,0.495817
0.946932,0.201661,0.056697,-0.245621,0.963316,0.218512,0.020694,-0.161229,0.788234,0.34805,0.112419,0.495907
0.94696,0.201638,0.056621,-0.245549,0.963348,0.218461,0.020671,-0.161109,0.788237,0.347942,0.112455,0.495968
0.947024,0.201587,0.05654,-0.245367,0.963387,0.218377,0.02063,-0.160996,0.788208,0.347918,0.112464,0.496028
0.947066,0.201568,0.056511,-0.24523,0.963426,0.218282,0.020518,-0.160913,0.788203,0.3478,0.112511,0.496106
0.9471,0.201543,0.056461,-0.245132,0.963454,0.218243,0.020436,-0.16081,0.788193,0.347756,0.112478,0.496161
0.947114,0.201607,0.056422,-0.245036,0.963489,0.218212,0.020387,-0.160653,0.788141,0.347733,0.112432,0.49627
0.947167,0.201623,0.056393,-0.24483,0.963523,0.218197,0.02035,-0.160477,0.788102,0.347705,0.112353,0.496371
0.947197,0.201678,0.056321,-0.244691,0.963538,0.218248,0.02029,-0.160333,0.788055,0.347671,0.112306,0.496481
0.947213,0.201842,0.056224,-0.244522,0.963547,0.218355,0.02022,-0.160152,0.787993,0.347628,0.112205,0.496633
0.947223,0.202007,0.056091,-0.244394,0.963538,0.218512,0.020099,-0.160021,0.787957,0.347611,0.112121,0.496722
0.947235,0.202256,0.055891,-0.244204,0.963535,0.218659,0.019999,-0.15987,0.787905,0.347564,0.112039,0.496858
0.947234,0.202449,0.0557,-0.244108,0.963543,0.218768,0.019872,-0.159707,0.787878,0.347504,0.111963,0.49696
0.947255,0.202522,0.055576,-0.244005,0.963551,0.218836,0.019718,-0.159594,0.787867,0.347483,0.111831,0.497024
0.947263,0.202589,0.055481,-0.243946,0.963564,0.218867,0.019617,-0.159498,0.787863,0.347455,0.111726,0.497075
0.947291,0.202578,0.055428,-0.243863,0.963577,0.218884,0.019491,-0.159425,0.787883,0.347451,0.111635,0.497069
0.947288,0.202591,0.055352,-0.243886,0.963577,0.218902,0.019364,-0.159421,0.787896,0.347446,0.111545,0.497074
0.947287,0.202556,0.05528,-0.243938,0.963593,0.218838,0.019272,-0.159434,0.787954,0.34744,0.111448,0.497008
0.947263,0.202557,0.055227,-0.244043,0.963581,0.218839,0.01919,-0.159521,0.788025,0.347371,0.111314,0.496977
0.947224,0.202631,0.055137,-0.244164,0.963559,0.218879,0.01913,-0.159609,0.788087,0.347386,0.111161,0.496906
0.947168,0.202762,0.055059,-0.244295,0.96352,0.218944,0.019056,-0.15978,0.788142,0.347443,0.111058,0.496804
0.947106,0.202827,0.055076,-0.244478,0.963469,0.219039,0.019004,-0.15997,0.788223,0.347474,0.110939,0.496683
0.947044,0.202919,0.055053,-0.244652,0.963436,0.219077,0.01901,-0.160115,0.788315,0.347521,0.110859,0.496523
0.946994,0.203001,0.055078,-0.244773,0.963399,0.219147,0.018986,-0.160254,0.788346,0.347647,0.110855,0.496388
0.946917,0.203122,0.055104,-0.244967,0.963346,0.219236,0.018986,-0.160454,0.788411,0.347756,0.110802,0.496222
0.946842,0.203166,0.055188,-0.245196,0.963304,0.219252,0.019044,-0.160671,0.788465,0.347887,0.11079,0.496049
0.946785,0.203232,0.055303,-0.245328,0.96326,0.21926,0.019176,-0.160899,0.788516,0.348015,0.110793,0.495878
0.946757,0.203218,0.055415,-0.245419,0.96323,0.219305,0.019296,-0.160993,0.788558,0.348111,0.110827,0.495737
0.94672,0.203168,0.055564,-0.24556,0.963183,0.219411,0.01938,-0.161115,0.788591,0.348198,0.110818,0.495628
0.946672,0.203247,0.055656,-0.245653,0.96315,0.219417,0.019514,-0.161277,0.788625,0.348275,0.110839,0.495514
0.946648,0.203296,0.055693,-0.245697,0.963125,0.219423,0.019648,-0.161393,0.788658,0.348378,0.110859,0.495385
0.946614,0.203355,0.055697,-0.245778,0.963099,0.21943,0.019737,-0.161514,0.788692,0.348417,0.110896,0.495295
0.946604,0.203358,0.055707,-0.245811,0.963087,0.219416,0.019826,-0.161589,0.788693,0.348453,0.110987,0.495248
0.946593,0.203341,0.055795,-0.245846,0.963084,0.219348,0.019944,-0.161675,0.788701,0.34852,0.111,0.495184
0.946607,0.20326,0.055951,-0.245809,0.963092,0.219258,0.020069,-0.161716,0.788702,0.348557,0.111003,0.495155
0.946613,0.203247,0.056094,-0.245756,0.963091,0.219309,0.020125,-0.16164,0.788684,0.348584,0.111007,0.495166
0.946626,0.203242,0.056141,-0.245698,0.96309,0.219355,0.020168,-0.161582,0.788676,0.348575,0.110989,0.495189
0.946642,0.203297,0.056099,-0.245606,0.963088,0.219407,0.020143,-0.161527,0.788625,0.348592,0.11098,0.49526
0.946665,0.203382,0.056087,-0.24545,0.963092,0.219426,0.02014,-0.161482,0.788542,0.348585,0.111016,0.495388
0.946697,0.203441,0.056027,-0.245299,0.963115,0.219418,0.02009,-0.161361,0.78849,0.348547,0.111072,0.495484
0.946708,0.20354,0.056008,-0.245183,0.96313,0.219402,0.020115,-0.161284,0.788448,0.348514,0.111145,0.495555
0.946745,0.203528,0.055971,-0.245056,0.963174,0.21931,0.020074,-0.16116,0.788404,0.348464,0.111171,0.495655
0.946796,0.203439,0.056013,-0.244922,0.963193,0.219284,0.02009,-0.161071,0.78833,0.348442,0.111148,0.495791
0.946851,0.203372,0.056047,-0.244752,0.96324,0.219193,0.020133,-0.160904,0.788236,0.348414,0.111186,0.495952
0.946891,0.203342,0.056131,-0.244597,0.963267,0.219197,0.020141,-0.160737,0.788159,0.348376,0.111182,0.496102
0.946915,0.203407,0.056146,-0.24445,0.963283,0.219211,0.020126,-0.160627,0.788068,0.348323,0.111162,0.496286
0.946944,0.203503,0.056083,-0.244278,0.963307,0.219223,0.020126,-0.160465,0.787977,0.348307,0.111181,0.496438
0.946974,0.203624,0.055985,-0.24409,0.963319,0.219325,0.020047,-0.160274,0.787902,0.348281,0.111165,0.496579
0.947,0.20377,0.055909,-0.243895,0.963338,0.219385,0.020002,-0.16009,0.787821,0.348213,0.11117,0.496753
0.947042,0.203828,0.055832,-0.243704,0.963377,0.219396,0.019901,-0.159863,0.787725,0.34823,0.111167,0.496893
0.947092,0.203873,0.05572,-0.243507,0.963421,0.219376,0.019812,-0.15964,0.787643,0.348204,0.11116,0.497043
0.947137,0.203931,0.055708,-0.243291,0.963459,0.219329,0.019748,-0.159489,0.787554,0.348206,0.111172,0.49718
0.947195,0.203868,0.055722,-0.243111,0.963487,0.219288,0.01973,-0.159379,0.787479,0.348154,0.111141,0.497341
0.94727,0.203805,0.055669,-0.242884,0.963534,0.219195,0.019682,-0.159227,0.787422,0.348105,0.111168,0.497458
0.947311,0.203792,0.055691,-0.242728,0.963574,0.219146,0.019654,-0.159057,0.787335,0.348104,0.111166,0.497599
0.947344,0.203833,0.055611,-0.24259,0.963617,0.219116,0.019573,-0.158855,0.787281,0.348062,0.111126,0.497722
0.947365,0.203906,0.055522,-0.242474,0.963639,0.219115,0.01947,-0.158747,0.78725,0.348036,0.111105,0.497796
0.947382,0.203996,0.055435,-0.242359,0.96368,0.219053,0.019431,-0.158585,0.78719,0.34804,0.11114,0.497877
0.947384,0.204062,0.05547,-0.242288,0.963704,0.21902,0.019442,-0.15848,0.787117,0.348091,0.111138,0.497958
0.947406,0.204029,0.055499,-0.242221,0.963713,0.219083,0.019437,-0.158347,0.78709,0.348077,0.111156,0.498007
0.947421,0.204023,0.055565,-0.242146,0.96371,0.219158,0.019426,-0.158261,0.787045,0.348174,0.111194,0.498001
0.947433,0.204025,0.055645,-0.242076,0.963702,0.219252,0.01945,-0.158187,0.787007,0.348248,0.111224,0.498004
0.947445,0.204019,0.055787,-0.241991,0.963713,0.21926,0.019533,-0.158089,0.786943,0.348326,0.111247,0.498043
0.94744,0.204045,0.0559,-0.241958,0.963727,0.219251,0.019681,-0.157979,0.786923,0.348345,0.111315,0.498046
0.947416,0.204091,0.055978,-0.241996,0.963726,0.219249,0.019794,-0.157963,0.786917,0.34834,0.111372,0.498045
0.947399,0.204152,0.056044,-0.241989,0.963719,0.219277,0.019954,-0.157934,0.786893,0.348391,0.11144,0.498031
0.947377,0.204177,0.056176,-0.242017,0.963712,0.21928,0.020058,-0.157951,0.786895,0.348414,0.111527,0.49799
0.947368,0.204223,0.056267,-0.241988,0.963695,0.21938,0.020085,-0.157916,0.786885,0.348432,0.111531,0.497993
0.947352,0.204276,0.05634,-0.241987,0.963678,0.21945,0.020142,-0.157916,0.78684,0.3485,0.111626,0.497994
0.947319,0.204387,0.056394,-0.242011,0.963665,0.219528,0.02022,-0.157867,0.786826,0.34856,0.11166,0.497968
0.947293,0.204453,0.056435,-0.242042,0.963653,0.219589,0.020374,-0.157824,0.786806,0.348573,0.111682,0.497985
0.94729,0.204476,0.056558,-0.242003,0.963646,0.219666,0.020445,-0.157748,0.786784,0.348608,0.111676,0.497998
0.94728,0.204501,0.056635,-0.242,0.963626,0.219732,0.020521,-0.157763,0.786752,0.348621,0.111677,0.498036
0.947296,0.204451,0.056628,-0.241977,0.963619,0.219765,0.020553,-0.15776,0.786781,0.348621,0.111694,0.497987
0.947289,0.204452,0.056683,-0.24199,0.96362,0.219744,0.020625,-0.157763,0.786788,0.34862,0.111709,0.497975
0.9473,0.204421,0.056741,-0.241957,0.963634,0.219703,0.020643,-0.157725,0.786811,0.348593,0.111735,0.49795
0.947313,0.204285,0.05679,-0.242001,0.963659,0.219586,0.020689,-0.157724,0.786826,0.348591,0.111818,0.497908
0.947318,0.204185,0.056831,-0.242054,0.963676,0.219476,0.020791,-0.157748,0.786851,0.34857,0.111861,0.497872
0.947321,0.204147,0.056835,-0.242068,0.96368,0.219409,0.020846,-0.157806,0.786887,0.348523,0.111876,0.497844
0.947323,0.204105,0.056917,-0.24207,0.963699,0.219323,0.020882,-0.157796,0.786936,0.3485,0.111874,0.497784
0.947309,0.2041,0.05692,-0.242128,0.963695,0.219311,0.020891,-0.157834,0.78695,0.348491,0.111871,0.497768
0.947287,0.204137,0.056988,-0.242167,0.963683,0.219326,0.020921,-0.157881,0.786966,0.34849,0.111907,0.497735
0.947265,0.204156,0.056973,-0.242236,0.963695,0.219246,0.021038,-0.157885,0.786971,0.348516,0.111897,0.497712
0.947252,0.204194,0.057022,-0.242244,0.963686,0.219288,0.021067,-0.157875,0.786991,0.348527,0.111874,0.497678
0.947257,0.204198,0.056965,-0.24224,0.963673,0.219373,0.021037,-0.157856,0.786987,0.348532,0.111875,0.497682
0.947265,0.2042,0.056943,-0.242215,0.963679,0.219355,0.021009,-0.157846,0.787001,0.348516,0.111925,0.497658
0.947289,0.204137,0.056935,-0.242173,0.963684,0.21934,0.021004,-0.157839,0.787012,0.348515,0.111962,0.49763
0.947317,0.204102,0.056914,-0.242097,0.963708,0.219258,0.020963,-0.15781,0.787015,0.348541,0.111989,0.497602
0.947345,0.204032,0.056887,-0.242054,0.963739,0.219171,0.020931,-0.157746,0.787047,0.348479,0.11203,0.497586
0.947357,0.204009,0.056832,-0.242042,0.963771,0.219054,0.020947,-0.157701,0.787067,0.348432,0.112029,0.497586
0.947374,0.203948,0.056802,-0.242033,0.963792,0.218993,0.020932,-0.157655,0.787077,0.348347,0.112046,0.497625
0.947363,0.203967,0.056784,-0.242066,0.963831,0.218858,0.020931,-0.157605,0.787111,0.348297,0.111999,0.497617
0.947363,0.203988,0.056716,-0.242066,0.96384,0.218822,0.020812,-0.157621,0.787112,0.348255,0.111956,0.497654
0.947363,0.204006,0.056654,-0.242071,0.963832,0.21883,0.020721,-0.157684,0.787143,0.348192,0.111932,0.497655
0.947361,0.204012,0.056629,-0.242083,0.963835,0.218816,0.020668,-0.157688,0.787159,0.348156,0.111846,0.497675
0.947367,0.204076,0.056597,-0.242015,0.963854,0.218756,0.02063,-0.157667,0.78715,0.348146,0.11179,0.497712
0.947367,0.204127,0.056545,-0.241988,0.963846,0.218816,0.020545,-0.157658,0.787141,0.348148,0.111708,0.497743
0.947355,0.204155,0.05657,-0.242004,0.963841,0.218862,0.020513,-0.15763,0.787127,0.348171,0.111671,0.497758
0.947341,0.204169,0.056532,-0.242059,0.963838,0.218908,0.020476,-0.157591,0.78711,0.348175,0.111657,0.497785
0.947336,0.204229,0.056435,-0.242058,0.963846,0.218893,0.020487,-0.157561,0.787107,0.34814,0.111652,0.497817
0.947345,0.20422,0.05642,-0.242035,0.963851,0.218895,0.020467,-0.157537,0.787116,0.348116,0.111621,0.497827
0.947345,0.204228,0.056425,-0.24203,0.963869,0.218842,0.020448,-0.157496,0.787121,0.34804,0.111628,0.497869
0.94735,0.204197,0.056524,-0.242007,0.963891,0.218764,0.020452,-0.15747,0.787112,0.347993,0.11164,0.497913
0.947366,0.204131,0.056503,-0.242003,0.963902,0.21874,0.02049,-0.157428,0.787137,0.347949,0.111649,0.497901
0.947378,0.204086,0.056508,-0.241991,0.96392,0.218679,0.020437,-0.15741,0.787145,0.347883,0.111687,0.497924
0.947375,0.204054,0.056559,-0.242015,0.963928,0.218628,0.020397,-0.157435,0.787137,0.347852,0.111725,0.49795
0.947371,0.204024,0.056612,-0.242038,0.963927,0.218607,0.02039,-0.15747,0.78715,0.347835,0.111797,0.497923
0.94738,0.203959,0.05664,-0.242045,0.963922,0.218617,0.020417,-0.157485,0.787174,0.347807,0.111809,0.497902
0.947366,0.203956,0.056744,-0.242075,0.96391,0.218621,0.020454,-0.157541,0.787159,0.347878,0.111842,0.497867
0.947354,0.203918,0.056838,-0.242125,0.963895,0.218653,0.020518,-0.157579,0.787196,0.347867,0.111874,0.49781
0.947334,0.203919,0.056902,-0.242183,0.963878,0.218695,0.020557,-0.157613,0.787215,0.347911,0.111897,0.497745
0.947306,0.203963,0.056954,-0.242241,0.963857,0.218774,0.020582,-0.157634,0.787212,0.347976,0.111946,0.497691
0.947288,0.203996,0.057001,-0.242272,0.963856,0.218725,0.020697,-0.157679,0.787245,0.347989,0.112018,0.497613
0.947279,0.203985,0.057085,-0.242289,0.963856,0.218689,0.020835,-0.157692,0.787238,0.348023,0.11212,0.497576
0.947263,0.203944,0.057172,-0.242364,0.96386,0.218652,0.020943,-0.157702,0.78724,0.348081,0.11216,0.497522
0.947277,0.203859,0.0573,-0.242339,0.963858,0.218662,0.020999,-0.157683,0.78725,0.348141,0.112208,0.497454
0.947296,0.203805,0.057392,-0.242281,0.963867,0.218627,0.02102,-0.157675,0.787244,0.348122,0.112251,0.497466
0.947297,0.203799,0.057453,-0.242264,0.963879,0.21859,0.021115,-0.157628,0.787242,0.348144,0.112298,0.497442
0.947285,0.203822,0.057499,-0.242278,0.963873,0.218625,0.021135,-0.15761,0.787244,0.348199,0.112306,0.497398
0.947273,0.203883,0.057501,-0.242275,0.963867,0.218634,0.021171,-0.157628,0.787268,0.348179,0.112285,0.497381
0.947252,0.203985,0.057447,-0.242287,0.963861,0.218644,0.021181,-0.157653,0.787275,0.348164,0.112241,0.49739
0.94723,0.204049,0.057413,-0.242334,0.96386,0.218646,0.021191,-0.15765,0.787281,0.348203,0.112183,0.497368
0.947214,0.204097,0.057393,-0.242363,0.963845,0.218692,0.021211,-0.157674,0.787262,0.348233,0.112175,0.49738
0.947207,0.204118,0.057331,-0.242391,0.96384,0.218733,0.021175,-0.157659,0.787259,0.348254,0.112083,0.497393
0.947167,0.204209,0.057271,-0.242491,0.963825,0.218772,0.021121,-0.157708,0.787281,0.348293,0.112036,0.497342
0.947133,0.204317,0.057234,-0.242551,0.963808,0.218809,0.021079,-0.157777,0.78728,0.348303,0.111999,0.497345
0.947097,0.204383,0.057188,-0.242645,0.963781,0.218827,0.021109,-0.157913,0.787284,0.348287,0.1119,0.497374
0.947068,0.204472,0.057165,-0.242698,0.963776,0.218808,0.021124,-0.157962,0.78729,0.348296,0.111852,0.49737
0.947036,0.204548,0.05717,-0.242756,0.963752,0.218881,0.021088,-0.158016,0.787297,0.348347,0.111708,0.497359
0.94701,0.204669,0.057159,-0.242761,0.963712,0.219042,0.021,-0.158069,0.787287,0.348395,0.111594,0.497371
0.946995,0.204806,0.057089,-0.242728,0.963674,0.219215,0.020942,-0.158075,0.787239,0.348457,0.111466,0.497433
0.946975,0.205042,0.05697,-0.24265,0.963651,0.219389,0.020838,-0.158005,0.78721,0.348508,0.111368,0.497468
0.946961,0.205285,0.05684,-0.242543,0.963641,0.219541,0.020697,-0.157898,0.787186,0.348527,0.111291,0.497511
0.946953,0.205554,0.056683,-0.242401,0.963592,0.219863,0.020408,-0.157826,0.787171,0.348552,0.111239,0.49753
0.946934,0.205829,0.056533,-0.242291,0.963522,0.220273,0.01999,-0.157787,0.787143,0.348565,0.111224,0.497569
0.946914,0.206204,0.056276,-0.242138,0.963448,0.220782,0.019506,-0.157647,0.787123,0.348578,0.111225,0.497591
0.946874,0.20661,0.056022,-0.242033,0.963366,0.221269,0.019024,-0.15759,0.787082,0.348602,0.111237,0.497635
0.946832,0.20702,0.055726,-0.241945,0.963303,0.221631,0.018648,-0.157564,0.787062,0.348607,0.111259,0.49766
0.946788,0.207382,0.055501,-0.241883,0.963233,0.221988,0.018361,-0.157558,0.787034,0.348646,0.111275,0.497673
0.946754,0.207674,0.055405,-0.241801,0.963187,0.22226,0.018187,-0.157508,0.787007,0.348696,0.111246,0.497688
0.946747,0.207734,0.05541,-0.241776,0.96316,0.222432,0.018141,-0.157445,0.787018,0.348698,0.111256,0.497667
0.946757,0.207718,0.055546,-0.24171,0.963122,0.222647,0.018052,-0.1574,0.786979,0.348719,0.111286,0.497708
0.946775,0.207669,0.055611,-0.241662,0.963105,0.222752,0.018059,-0.157353,0.786949,0.34876,0.111303,0.497721
0.946789,0.207632,0.05564,-0.24163,0.963089,0.222842,0.018112,-0.157325,0.786894,0.348809,0.111316,0.49777
0.94679,0.20764,0.055641,-0.241618,0.963085,0.222901,0.01814,-0.157258,0.786845,0.348882,0.111376,0.497785
0.946791,0.207662,0.055674,-0.241588,0.963086,0.222932,0.018132,-0.157208,0.786818,0.348908,0.11145,0.497789
0.946787,0.207685,0.055638,-0.241594,0.963102,0.222895,0.018108,-0.15717,0.786812,0.348901,0.111502,0.497793
0.946792,0.207674,0.055602,-0.241596,0.963136,0.222791,0.018119,-0.157101,0.786853,0.34885,0.111558,0.497749
0.946796,0.207638,0.055542,-0.241626,0.963164,0.2227,0.018001,-0.157082,0.786873,0.348812,0.111597,0.497735
0.946803,0.20753,0.055561,-0.241686,0.963187,0.222576,0.017965,-0.157118,0.786906,0.348762,0.111607,0.497713
0.946794,0.207444,0.055558,-0.241789,0.963205,0.222443,0.017963,-0.157187,0.786963,0.348715,0.11163,0.497651
0.946796,0.207363,0.055604,-0.241833,0.963208,0.222351,0.017958,-0.157299,0.787032,0.348623,0.11164,0.497604
0.946794,0.207249,0.055698,-0.241913,0.963203,0.222241,0.018022,-0.157464,0.78709,0.348532,0.111632,0.497577
0.946763,0.207251,0.055776,-0.242009,0.963182,0.222219,0.018107,-0.157609,0.787117,0.348519,0.111597,0.497552
0.946735,0.207299,0.055838,-0.242061,0.963163,0.222223,0.018155,-0.157712,0.787139,0.3485,0.111555,0.49754
0.946703,0.207403,0.055881,-0.242086,0.963138,0.222251,0.018186,-0.157817,0.787156,0.348487,0.111534,0.497527
0.946665,0.207527,0.055841,-0.242143,0.96312,0.222297,0.018239,-0.157852,0.787131,0.348561,0.111554,0.497511
0.946641,0.207667,0.055801,-0.242134,0.9631,0.222388,0.01821,-0.157858,0.787075,0.348614,0.111583,0.497556
0.946637,0.20776,0.055814,-0.242069,0.963095,0.222426,0.018254,-0.157829,0.787034,0.348657,0.111603,0.497586
0.946656,0.207803,0.05586,-0.241942,0.9631,0.222458,0.018302,-0.157743,0.787007,0.348685,0.111614,0.497605
0.946684,0.207749,0.055918,-0.241864,0.963107,0.222484,0.018369,-0.157651,0.786975,0.348677,0.111672,0.497649
0.946728,0.20765,0.056058,-0.241732,0.96312,0.222519,0.018402,-0.157515,0.786946,0.348708,0.111773,0.497648
0.946773,0.20754,0.056172,-0.241617,0.963138,0.222522,0.018462,-0.157389,0.786895,0.348724,0.111871,0.497693
0.946808,0.207557,0.05619,-0.241456,0.963175,0.2225,0.018455,-0.157196,0.786844,0.348725,0.111961,0.497752
0.946845,0.207583,0.056148,-0.241304,0.963197,0.222484,0.018435,-0.157084,0.786792,0.348732,0.112003,0.497819
0.946846,0.207683,0.056137,-0.241219,0.963223,0.222481,0.018392,-0.15694,0.786751,0.348682,0.112031,0.497912
0.946874,0.207741,0.056053,-0.241085,0.963228,0.222482,0.018394,-0.15691,0.786723,0.348659,0.112014,0.497977
0.946903,0.207832,0.056,-0.240911,0.963243,0.222519,0.018352,-0.156768,0.786692,0.348599,0.111993,0.498072
0.946922,0.207869,0.055926,-0.240825,0.963263,0.222526,0.018304,-0.156652,0.786649,0.348579,0.111984,0.498156
0.946936,0.207857,0.055921,-0.240782,0.963279,0.222519,0.018204,-0.156588,0.786612,0.348536,0.11195,0.498251
0.946964,0.207838,0.055869,-0.240702,0.9633,0.222469,0.018168,-0.156528,0.786608,0.348468,0.111907,0.498316
0.946997,0.207812,0.055808,-0.240612,0.963316,0.222454,0.018094,-0.156465,0.786603,0.348469,0.111917,0.498319
0.947007,0.207811,0.055806,-0.240577,0.96334,0.222396,0.018038,-0.156412,0.786609,0.348428,0.111924,0.498336
0.947023,0.207749,0.055803,-0.240569,0.963365,0.222309,0.017984,-0.156388,0.786635,0.348387,0.111946,0.49832
0.947039,0.207689,0.055745,-0.240568,0.963398,0.222164,0.01797,-0.156384,0.78664,0.348337,0.111954,0.498342
0.947057,0.207644,0.055782,-0.240529,0.963414,0.222097,0.017951,-0.156387,0.786664,0.348297,0.111979,0.498327
0.947052,0.207671,0.055852,-0.240504,0.963414,0.222068,0.017963,-0.156422,0.786673,0.348295,0.112028,0.498302
0.947029,0.207695,0.055916,-0.240553,0.963405,0.222108,0.017944,-0.156432,0.786664,0.3483,0.11205,0.498309
0.947007,0.207725,0.056021,-0.240586,0.963395,0.222133,0.018042,-0.156431,0.78664,0.34839,0.11207,0.498279
0.946977,0.2078,0.056115,-0.240614,0.963375,0.222191,0.018127,-0.156462,0.786629,0.348441,0.112039,0.498268
0.946954,0.207788,0.056243,-0.240678,0.963362,0.222231,0.01827,-0.156455,0.786612,0.348497,0.112104,0.498242
0.946921,0.207808,0.056377,-0.240754,0.963333,0.222309,0.018374,-0.156502,0.78661,0.348538,0.112166,0.498201
0.946885,0.207816,0.056479,-0.240855,0.963294,0.222416,0.018488,-0.156571,0.786606,0.348586,0.112219,0.49816
0.946863,0.207837,0.056552,-0.240904,0.963271,0.222485,0.018613,-0.156592,0.786637,0.348661,0.112296,0.498042
0.946848,0.207784,0.056631,-0.240984,0.963235,0.222592,0.018692,-0.156645,0.786656,0.348756,0.112378,0.497926
0.946838,0.207701,0.056732,-0.241064,0.963237,0.222539,0.018802,-0.15669,0.786693,0.348797,0.112426,0.497828
0.946819,0.207643,0.056821,-0.241161,0.963233,0.222487,0.018913,-0.156757,0.786726,0.348847,0.112473,0.497729
0.946811,0.207572,0.056936,-0.241217,0.963242,0.222396,0.018974,-0.156819,0.786776,0.34881,0.112565,0.497653
0.946797,0.207511,0.057002,-0.2413,0.963238,0.222348,0.018983,-0.156907,0.786803,0.348813,0.112601,0.4976
0.946794,0.207415,0.057116,-0.24136,0.963229,0.222303,0.019067,-0.157009,0.786843,0.348792,0.112605,0.49755
0.9468,0.207347,0.057161,-0.241377,0.963207,0.222294,0.019139,-0.157138,0.786879,0.348775,0.112595,0.497507
0.9468,0.207356,0.057215,-0.241357,0.963202,0.222287,0.019137,-0.157179,0.786922,0.348777,0.112597,0.497438
0.946798,0.207344,0.057261,-0.241364,0.963202,0.222261,0.019193,-0.157201,0.786939,0.348793,0.112638,0.497389
0.946821,0.207331,0.057324,-0.241263,0.963225,0.222193,0.019283,-0.157134,0.786937,0.348783,0.112722,0.497379
0.946837,0.20729,0.057422,-0.241203,0.963242,0.222153,0.019408,-0.157061,0.786899,0.348872,0.112797,0.49736
0.946874,0.207282,0.057531,-0.241035,0.963272,0.222121,0.019481,-0.156908,0.786875,0.348873,0.112897,0.497373
0.946895,0.207254,0.057625,-0.240946,0.963287,0.222141,0.019529,-0.15677,0.786824,0.348882,0.113035,0.497413
0.946919,0.207274,0.057702,-0.240813,0.963288,0.222221,0.019571,-0.156644,0.78677,0.348938,0.113173,0.497426
0.946933,0.207296,0.057768,-0.24072,0.9633,0.222247,0.019677,-0.15652,0.786689,0.348993,0.113256,0.497493
0.946971,0.207275,0.0578,-0.240578,0.963308,0.222293,0.019754,-0.156387,0.786629,0.349001,0.113367,0.497557
0.946974,0.207353,0.057843,-0.240487,0.963314,0.222362,0.01977,-0.156255,0.786579,0.349005,0.113416,0.497621
0.946981,0.207382,0.057881,-0.240424,0.963324,0.222378,0.019759,-0.15617,0.786514,0.349008,0.113493,0.497703
0.947004,0.207341,0.057887,-0.240367,0.963323,0.222437,0.019773,-0.156088,0.786503,0.349013,0.113536,0.497707
0.94703,0.207356,0.057878,-0.240255,0.963332,0.222416,0.019754,-0.156067,0.786479,0.349046,0.113526,0.497723
0.947081,0.207283,0.057843,-0.240129,0.963337,0.222442,0.019685,-0.156023,0.786458,0.349034,0.113537,0.497763
0.947109,0.207263,0.05778,-0.24005,0.963345,0.222421,0.019651,-0.156006,0.786446,0.349026,0.113614,0.497768
0.947139,0.207242,0.057736,-0.239965,0.963334,0.222471,0.019594,-0.156011,0.786432,0.34898,0.113617,0.497821
0.947154,0.207317,0.05766,-0.239863,0.963325,0.222583,0.019437,-0.15595,0.786435,0.348955,0.113584,0.497841
0.947163,0.207451,0.057549,-0.23975,0.963312,0.222729,0.019257,-0.155866,0.786428,0.348955,0.11357,0.497857
0.94718,0.207593,0.057426,-0.2396,0.963286,0.222924,0.019017,-0.155803,0.786395,0.348956,0.113552,0.497911
0.947196,0.207712,0.057305,-0.239471,0.963268,0.223084,0.018814,-0.155744,0.786371,0.348982,0.113577,0.497925
0.947195,0.207881,0.057202,-0.239366,0.963246,0.223261,0.018654,-0.155663,0.786371,0.349019,0.113563,0.497903
0.947209,0.208005,0.057084,-0.23924,0.963241,0.223367,0.018581,-0.155565,0.786323,0.349065,0.113551,0.497949
0.947232,0.208049,0.057064,-0.239122,0.963236,0.22349,0.018523,-0.155432,0.786243,0.34917,0.113576,0.497996
0.947258,0.20806,0.057128,-0.238991,0.963258,0.223516,0.018512,-0.155262,0.786175,0.349247,0.113574,0.49805
0.947293,0.208053,0.057216,-0.23883,0.963275,0.223537,0.018513,-0.155129,0.786127,0.349337,0.113618,0.498055
0.947305,0.208089,0.05727,-0.238737,0.963281,0.223591,0.018532,-0.155014,0.786097,0.349422,0.113613,0.498045
0.947306,0.208152,0.057221,-0.238691,0.963283,0.223651,0.018554,-0.154908,0.786071,0.349473,0.113606,0.498051
0.947293,0.208271,0.057199,-0.238652,0.963273,0.22374,0.018556,-0.15485,0.786035,0.349509,0.113571,0.498093
0.947275,0.208432,0.057109,-0.238613,0.963274,0.223801,0.018554,-0.154754,0.786038,0.349524,0.113567,0.498078
0.947239,0.208584,0.057058,-0.238642,0.963262,0.223873,0.018492,-0.154739,0.786001,0.349603,0.113593,0.498075
0.947216,0.208657,0.056971,-0.238697,0.963223,0.22402,0.018468,-0.154783,0.785985,0.349641,0.113597,0.498073
0.947177,0.208678,0.056967,-0.238833,0.963203,0.224055,0.018482,-0.154851,0.786021,0.349634,0.113602,0.498019
0.947168,0.208646,0.057015,-0.238887,0.963197,0.224048,0.018487,-0.154902,0.786074,0.349654,0.113617,0.497918
0.947158,0.208569,0.05711,-0.238964,0.963187,0.224014,0.018491,-0.155011,0.786098,0.349668,0.113652,0.497862
0.947143,0.208454,0.05716,-0.239102,0.96317,0.224001,0.018503,-0.155132,0.786146,0.349641,0.113701,0.497795
0.947129,0.208397,0.057155,-0.239206,0.963155,0.223972,0.01849,-0.155265,0.786215,0.349585,0.113787,0.497702
0.947115,0.208346,0.057174,-0.239299,0.963153,0.223889,0.018494,-0.155394,0.786314,0.349527,0.113821,0.497578
0.947105,0.208269,0.057149,-0.239412,0.963134,0.223822,0.018427,-0.155618,0.786357,0.349477,0.11384,0.497539
0.947087,0.208228,0.057152,-0.239516,0.963133,0.223733,0.018442,-0.155749,0.786438,0.349371,0.113849,0.497482
0.947082,0.208143,0.057112,-0.239619,0.963132,0.223629,0.018475,-0.155891,0.786497,0.349317,0.113849,0.497426
0.9471,0.207987,0.057119,-0.239678,0.963133,0.22354,0.018459,-0.156012,0.786567,0.349251,0.113845,0.497363
0.94709,0.207897,0.057114,-0.239793,0.963138,0.223489,0.018437,-0.156063,0.78666,0.349106,0.11383,0.497321
0.94709,0.207829,0.05709,-0.239858,0.963142,0.223412,0.018461,-0.156135,0.786723,0.349011,0.113845,0.497284
0.947106,0.207717,0.057096,-0.239885,0.963139,0.223389,0.018421,-0.15619,0.786785,0.348905,0.113888,0.497248
0.94712,0.20761,0.057115,-0.239915,0.963165,0.223299,0.018425,-0.156155,0.786827,0.348794,0.11394,0.497244
0.947122,0.207597,0.057134,-0.239913,0.96319,0.223212,0.01845,-0.156121,0.786827,0.348748,0.113996,0.497262
0.947131,0.207554,0.05721,-0.239889,0.963202,0.223167,0.018469,-0.156101,0.786853,0.348731,0.114055,0.497221
0.947161,0.207534,0.057193,-0.239792,0.963222,0.223122,0.018452,-0.156042,0.786844,0.348704,0.114156,0.497228
0.947189,0.207494,0.057239,-0.239703,0.96324,0.223119,0.018533,-0.155929,0.786808,0.348664,0.11422,0.497296
0.947198,0.207501,0.05725,-0.239658,0.963234,0.22321,0.018503,-0.155837,0.786795,0.348639,0.1143,0.497316
0.947225,0.207464,0.057265,-0.239578,0.963233,0.223274,0.018532,-0.155752,0.78676,0.348636,0.114348,0.49736
0.947223,0.207489,0.05728,-0.239558,0.963236,0.223303,0.018573,-0.155686,0.786721,0.348668,0.114377,0.497392
0.947243,0.207481,0.057281,-0.23949,0.963245,0.223322,0.018621,-0.155589,0.786705,0.348655,0.114412,0.497418
0.947245,0.207475,0.057263,-0.239489,0.963262,0.223265,0.018621,-0.155566,0.78671,0.348693,0.11441,0.497384
0.947243,0.207428,0.057281,-0.23953,0.963266,0.223234,0.01863,-0.155577,0.786694,0.348705,0.114434,0.497395
0.947252,0.207406,0.057247,-0.239525,0.963284,0.223154,0.018643,-0.155583,0.786722,0.348673,0.114382,0.497386
0.947269,0.207345,0.057268,-0.239506,0.963278,0.22313,0.018589,-0.155659,0.786718,0.348647,0.114328,0.497424
0.947267,0.207347,0.057208,-0.239527,0.963284,0.223105,0.018597,-0.15566,0.786713,0.348655,0.114254,0.497444
0.947269,0.207408,0.05712,-0.239494,0.96328,0.223074,0.018524,-0.15574,0.786694,0.348679,0.114224,0.497465
0.947266,0.207453,0.057065,-0.239484,0.963268,0.223104,0.018454,-0.155786,0.786698,0.348684,0.114178,0.497466
0.947275,0.207478,0.056983,-0.239455,0.963279,0.223117,0.018384,-0.155713,0.786709,0.348675,0.114093,0.497476
0.947286,0.207512,0.056903,-0.239403,0.963287,0.223141,0.018348,-0.15564,0.786699,0.348628,0.11397,0.497556
0.94729,0.207546,0.056818,-0.239382,0.963289,0.223183,0.018282,-0.155583,0.786725,0.348598,0.113888,0.497555
0.94727,0.207671,0.056766,-0.239374,0.963286,0.223246,0.018195,-0.155533,0.786716,0.348554,0.113785,0.497625
0.947276,0.207756,0.056697,-0.239302,0.963268,0.223349,0.018053,-0.155529,0.786726,0.348542,0.113704,0.497637
0.947268,0.207852,0.05655,-0.239297,0.96326,0.223407,0.017934,-0.155525,0.78673,0.348529,0.113646,0.497655
0.947266,0.207917,0.056479,-0.23927,0.963259,0.22344,0.017882,-0.155493,0.786754,0.34854,0.113568,0.497629
0.947255,0.207905,0.056461,-0.239329,0.963264,0.223399,0.017767,-0.155545,0.786768,0.348501,0.113551,0.497639
0.947263,0.20781,0.056474,-0.239372,0.963265,0.223367,0.017726,-0.155593,0.786779,0.348513,0.113535,0.497617
0.947258,0.207751,0.056463,-0.239445,0.963231,0.223428,0.01774,-0.155713,0.78681,0.348437,0.113483,0.497632
0.947228,0.207747,0.056455,-0.23957,0.963201,0.223486,0.01772,-0.155819,0.786865,0.348388,0.113414,0.497597
0.947198,0.207761,0.056407,-0.239691,0.963173,0.223541,0.017673,-0.155924,0.786908,0.34838,0.113349,0.497551
0.947156,0.207892,0.056373,-0.239757,0.96315,0.223541,0.017648,-0.156078,0.786958,0.348344,0.113344,0.497497
0.947135,0.207897,0.056354,-0.239839,0.963149,0.223479,0.017636,-0.156166,0.787021,0.348298,0.113402,0.497414
0.947107,0.207944,0.056368,-0.239907,0.963152,0.223392,0.017707,-0.156258,0.787047,0.348286,0.113444,0.497373
0.947093,0.207928,0.056426,-0.239957,0.963138,0.223374,0.017812,-0.156348,0.78708,0.348291,0.113454,0.497314
0.947107,0.207842,0.056489,-0.239958,0.963117,0.223395,0.017822,-0.156446,0.787113,0.348309,0.113519,0.497233
0.947108,0.207756,0.056574,-0.240002,0.963098,0.223444,0.017871,-0.156486,0.787111,0.348364,0.113586,0.497182
0.947095,0.207735,0.056643,-0.240048,0.963081,0.223478,0.017905,-0.156539,0.787149,0.34837,0.113602,0.497114
0.947078,0.207743,0.056706,-0.240089,0.963079,0.223434,0.017974,-0.156592,0.787145,0.348425,0.113703,0.497057
0.94708,0.207697,0.056817,-0.240089,0.963071,0.223419,0.018062,-0.156647,0.787155,0.348447,0.113775,0.497007
0.947045,0.20775,0.056891,-0.240159,0.96306,0.223393,0.018148,-0.156731,0.787137,0.3485,0.113848,0.496982
0.947028,0.207726,0.057017,-0.24021,0.963034,0.223495,0.018217,-0.156741,0.787109,0.348601,0.113891,0.496947
0.947014,0.207682,0.05717,-0.240256,0.963002,0.223581,0.018401,-0.156777,0.787118,0.348653,0.11393,0.496884
0.947008,0.207643,0.057291,-0.240279,0.962989,0.223607,0.018583,-0.156787,0.787093,0.348752,0.113985,0.496843
0.946996,0.207642,0.057386,-0.240295,0.962967,0.223669,0.018721,-0.156804,0.78706,0.348827,0.114049,0.496829
