0.482715,-0.187276,0.012735,0.855146,0.57443,0.02511,0.048469,0.816769,-0.308658,0.053753,0.300205,0.904317
0.482681,-0.18724,0.01263,0.855175,0.574372,0.025133,0.048456,0.81681,-0.30863,0.053748,0.300162,0.904341
0.482645,-0.187243,0.012557,0.855195,0.574321,0.02514,0.048503,0.816844,-0.308602,0.053773,0.300186,0.904341
0.482664,-0.18721,0.012548,0.855192,0.574365,0.02521,0.048466,0.816813,-0.308601,0.053826,0.300193,0.904337
0.482651,-0.187164,0.012611,0.855208,0.574389,0.025253,0.048605,0.816787,-0.308602,0.053907,0.30018,0.904338
0.482586,-0.187121,0.012689,0.855254,0.574449,0.025305,0.048866,0.816727,-0.308577,0.053971,0.300167,0.904349
0.482597,-0.187047,0.012768,0.855263,0.574555,0.025338,0.049051,0.81664,-0.308556,0.05399,0.3002,0.904344
0.482685,-0.186934,0.012899,0.855236,0.574616,0.02536,0.049214,0.816586,-0.308588,0.053991,0.300262,0.904313
0.482712,-0.186892,0.013045,0.85523,0.57463,0.025344,0.049283,0.816573,-0.308614,0.053977,0.300342,0.90428
0.482661,-0.186955,0.013135,0.855243,0.574649,0.025329,0.049426,0.816552,-0.308636,0.05396,0.300452,0.904237
0.482656,-0.187013,0.01316,0.855233,0.574597,0.025258,0.049572,0.816582,-0.308648,0.053924,0.300566,0.904198
0.482615,-0.187045,0.01318,0.855249,0.57462,0.025176,0.04972,0.816559,-0.308649,0.05384,0.300678,0.904164
0.48259,-0.187079,0.013249,0.855255,0.57459,0.025033,0.049778,0.816582,-0.308659,0.053776,0.300788,0.904129
0.482561,-0.187155,0.013322,0.855253,0.574637,0.024917,0.049794,0.816551,-0.308648,0.053712,0.300824,0.904123
0.482528,-0.187225,0.013351,0.855256,0.574585,0.024788,0.049857,0.816587,-0.308649,0.053674,0.300907,0.904097
0.482494,-0.187303,0.013343,0.855258,0.574605,0.024787,0.049976,0.816567,-0.308669,0.053597,0.300977,0.904071
0.482495,-0.187274,0.013408,0.855263,0.574651,0.024835,0.050149,0.816522,-0.308631,0.053614,0.301068,0.904054
0.482463,-0.187273,0.013527,0.85528,0.574677,0.024896,0.050288,0.816493,-0.308602,0.053596,0.301109,0.904051
0.48252,-0.187132,0.013737,0.855276,0.574714,0.025005,0.050373,0.816459,-0.308577,0.053577,0.301177,0.904039
0.482555,-0.187041,0.013894,0.855275,0.574727,0.024999,0.050301,0.816454,-0.308554,0.053577,0.30119,0.904042
0.482535,-0.18702,0.01395,0.85529,0.574744,0.025003,0.050341,0.81644,-0.308496,0.053597,0.301196,0.904059
0.482468,-0.187039,0.013929,0.855323,0.574762,0.025028,0.050499,0.816416,-0.308448,0.053638,0.301268,0.904051
0.482429,-0.187042,0.013882,0.855345,0.574823,0.025023,0.050663,0.816363,-0.308409,0.053609,0.301334,0.904044
0.482397,-0.187036,0.013894,0.855365,0.57489,0.025073,0.050808,0.816306,-0.308369,0.053615,0.301476,0.904011
0.482425,-0.186945,0.014039,0.855367,0.574905,0.025082,0.050923,0.816287,-0.308304,0.053692,0.301553,0.904006
0.482454,-0.186882,0.014092,0.855364,0.574912,0.02516,0.051015,0.816275,-0.308266,0.053757,0.301626,0.903991
0.482461,-0.186837,0.01418,0.855369,0.574938,0.025168,0.051054,0.816254,-0.308219,0.053807,0.301641,0.904002
0.482551,-0.186849,0.0142,0.855316,0.574971,0.025143,0.050983,0.816235,-0.308162,0.053839,0.301702,0.904
0.482599,-0.186918,0.014247,0.855273,0.575012,0.025125,0.051017,0.816205,-0.308131,0.0539,0.301723,0.904002
0.482598,-0.186972,0.014277,0.855261,0.575014,0.025039,0.051024,0.816206,-0.308085,0.053925,0.301711,0.90402
0.48262,-0.187006,0.014311,0.855241,0.575059,0.02493,0.051016,0.816177,-0.308079,0.053969,0.301785,0.903996
0.482622,-0.187067,0.014318,0.855226,0.57513,0.024848,0.050996,0.816131,-0.308031,0.054017,0.301852,0.903989
0.482621,-0.187105,0.014386,0.855217,0.575199,0.024867,0.051063,0.816077,-0.30796,0.054065,0.301908,0.903993
0.48264,-0.187168,0.014443,0.855193,0.575253,0.024911,0.051167,0.816032,-0.307973,0.054126,0.302006,0.903955
0.482696,-0.187185,0.014616,0.855155,0.575348,0.024891,0.051388,0.815952,-0.307923,0.05418,0.302114,0.903935
0.482742,-0.187183,0.014781,0.855128,0.575447,0.024922,0.051583,0.815868,-0.307868,0.054205,0.302291,0.903895
0.482736,-0.187204,0.015015,0.855122,0.575542,0.024962,0.051767,0.815789,-0.307905,0.054304,0.30233,0.903867
0.482796,-0.187167,0.015247,0.855094,0.575597,0.025031,0.052033,0.815731,-0.3079,0.05435,0.302399,0.903844
0.482819,-0.187137,0.015426,0.855085,0.575626,0.025048,0.052269,0.815695,-0.307915,0.054419,0.302457,0.903817
0.482833,-0.1871,0.015586,0.855083,0.575665,0.024999,0.052365,0.815663,-0.307921,0.054549,0.302515,0.903792
0.482804,-0.187128,0.015702,0.855092,0.575668,0.024864,0.05245,0.815658,-0.307947,0.054638,0.302537,0.903772
0.482735,-0.187237,0.01578,0.855105,0.575666,0.024791,0.052424,0.815664,-0.307962,0.054707,0.302505,0.903774
0.48267,-0.18727,0.015788,0.855134,0.575627,0.024736,0.052396,0.815695,-0.307942,0.054735,0.302514,0.903777
0.482653,-0.187312,0.015781,0.855135,0.575613,0.0247,0.052445,0.815704,-0.307959,0.05478,0.302549,0.903758
0.482694,-0.187306,0.015787,0.855114,0.575628,0.024714,0.052442,0.815692,-0.307968,0.054765,0.30256,0.903752
0.482694,-0.187305,0.015809,0.855113,0.575682,0.024804,0.052448,0.815651,-0.307972,0.054783,0.302551,0.903754
0.482667,-0.187254,0.015802,0.85514,0.575724,0.02489,0.052503,0.815616,-0.308021,0.054794,0.302492,0.903756
0.48269,-0.187172,0.015817,0.855145,0.575757,0.025058,0.052549,0.815584,-0.308067,0.05485,0.302419,0.903761
0.482707,-0.187077,0.015852,0.855156,0.575786,0.025215,0.05263,0.815553,-0.308058,0.054886,0.302361,0.903782
0.482774,-0.186973,0.01589,0.85514,0.575839,0.025264,0.052669,0.815512,-0.308,0.054938,0.302297,0.90382
0.482781,-0.186898,0.015917,0.855152,0.575829,0.025281,0.052726,0.815515,-0.308023,0.054939,0.302232,0.903834
0.4828,-0.186802,0.015901,0.855163,0.575874,0.025354,0.052759,0.815478,-0.308012,0.054926,0.302184,0.903852
0.482815,-0.186736,0.015918,0.855169,0.575916,0.025388,0.052753,0.815447,-0.307965,0.054898,0.302125,0.903889
0.482806,-0.186753,0.01591,0.855171,0.57597,0.025355,0.052656,0.815416,-0.307924,0.054864,0.302146,0.903898
0.482841,-0.186787,0.01588,0.855144,0.575986,0.025356,0.052568,0.815412,-0.307904,0.05483,0.302102,0.90392
0.482836,-0.186844,0.015769,0.855135,0.576022,0.025345,0.05253,0.815388,-0.307902,0.054845,0.302087,0.903925
0.482845,-0.186897,0.015711,0.855119,0.576043,0.025322,0.052492,0.815377,-0.307898,0.054846,0.302096,0.903924
0.482868,-0.186956,0.0157,0.855094,0.576089,0.02528,0.052506,0.815344,-0.307884,0.054788,0.302111,0.903925
0.482852,-0.18698,0.015766,0.855097,0.576134,0.025237,0.05253,0.815312,-0.307865,0.054789,0.302165,0.903914
0.482906,-0.187013,0.015892,0.855057,0.576237,0.02521,0.052645,0.815233,-0.307841,0.054823,0.302165,0.903922
0.482955,-0.186997,0.016038,0.855032,0.576308,0.025169,0.052799,0.815174,-0.30785,0.054866,0.302077,0.903945
0.48304,-0.186971,0.016174,0.854987,0.576378,0.025168,0.053009,0.815111,-0.307829,0.054878,0.302143,0.90393
0.483027,-0.18697,0.01629,0.854993,0.576458,0.025144,0.05312,0.815047,-0.307799,0.054885,0.302222,0.903915
0.483069,-0.187019,0.016413,0.854956,0.576562,0.025088,0.053243,0.814967,-0.307772,0.054955,0.302298,0.903897
0.483113,-0.187086,0.016509,0.854915,0.576623,0.024982,0.053271,0.814926,-0.30773,0.054958,0.302379,0.903884
0.483151,-0.187162,0.016506,0.854878,0.576682,0.024914,0.053349,0.814881,-0.307661,0.054991,0.302441,0.903886
0.483185,-0.187249,0.016541,0.854839,0.576747,0.024864,0.053434,0.81483,-0.307587,0.055025,0.302497,0.903891
0.483216,-0.187318,0.016548,0.854806,0.576848,0.024806,0.053443,0.81476,-0.307527,0.055083,0.302496,0.90391
0.483237,-0.187363,0.016597,0.854784,0.576942,0.024802,0.053521,0.814689,-0.307468,0.055171,0.302505,0.903924
0.483245,-0.187306,0.016725,0.854789,0.577046,0.024841,0.053609,0.814607,-0.307402,0.055273,0.302523,0.903935
0.483352,-0.187201,0.016864,0.854751,0.577093,0.024872,0.053705,0.814566,-0.307325,0.055342,0.302577,0.903942
0.483385,-0.187139,0.016947,0.854744,0.577163,0.024924,0.053737,0.814513,-0.307252,0.055447,0.30254,0.903974
0.483407,-0.187066,0.016974,0.854747,0.577188,0.02496,0.053824,0.814488,-0.307174,0.055516,0.302541,0.903997
0.483392,-0.187117,0.016938,0.854745,0.577199,0.024966,0.053845,0.814479,-0.307115,0.055597,0.302557,0.904009
0.483407,-0.187143,0.016868,0.854732,0.577243,0.025022,0.05385,0.814447,-0.307075,0.055644,0.302564,0.904018
0.483376,-0.187146,0.016842,0.854749,0.577254,0.02514,0.053824,0.814436,-0.307105,0.055687,0.302535,0.904016
0.483398,-0.187169,0.016842,0.854732,0.577292,0.025251,0.053891,0.814402,-0.307117,0.05575,0.302528,0.904012
0.48336,-0.187118,0.016874,0.854764,0.577361,0.025397,0.053954,0.814343,-0.307092,0.055809,0.302488,0.90403
0.483361,-0.187014,0.016944,0.854785,0.577432,0.025473,0.054034,0.814285,-0.30706,0.05585,0.3024,0.904068
0.483367,-0.186913,0.017,0.854804,0.577544,0.025566,0.054159,0.814195,-0.307107,0.055848,0.302338,0.904072
0.483364,-0.186845,0.017023,0.85482,0.577587,0.025583,0.054358,0.814151,-0.307169,0.055892,0.302343,0.904048
0.483334,-0.186779,0.017071,0.85485,0.577619,0.025638,0.054487,0.814118,-0.307198,0.055935,0.302406,0.904016
0.483272,-0.186684,0.017145,0.854905,0.577622,0.025657,0.054564,0.814109,-0.307252,0.055986,0.302403,0.903997
0.483257,-0.18662,0.017255,0.854925,0.577619,0.025697,0.054628,0.814106,-0.307329,0.055978,0.302286,0.904009
0.4832,-0.186561,0.017283,0.85497,0.577604,0.025668,0.05471,0.814112,-0.307391,0.055923,0.302265,0.903997
0.483108,-0.186552,0.017279,0.855024,0.577592,0.025688,0.054755,0.814117,-0.307448,0.055884,0.302257,0.903983
0.483001,-0.186524,0.017297,0.85509,0.577549,0.025664,0.054795,0.814146,-0.30754,0.055819,0.302226,0.903964
0.482924,-0.186493,0.017327,0.85514,0.577514,0.025679,0.05488,0.814164,-0.307579,0.055802,0.302232,0.903949
0.48284,-0.18643,0.017387,0.8552,0.577452,0.025747,0.054977,0.8142,-0.307659,0.055829,0.302196,0.903932
0.482775,-0.186332,0.017454,0.855257,0.577417,0.025777,0.055013,0.814222,-0.307749,0.055885,0.302252,0.903882
0.482679,-0.18628,0.017551,0.85532,0.577369,0.025765,0.055051,0.814254,-0.307828,0.055941,0.302206,0.903867
0.482623,-0.18626,0.017608,0.855355,0.577298,0.02582,0.055035,0.814304,-0.307884,0.055947,0.302178,0.903857
0.482513,-0.186239,0.0177,0.85542,0.577187,0.025831,0.055017,0.814384,-0.307909,0.055977,0.302258,0.903822
0.482428,-0.186248,0.017733,0.855466,0.577048,0.025834,0.055063,0.814479,-0.307982,0.056031,0.302322,0.903774
0.482302,-0.186185,0.017739,0.85555,0.576984,0.025828,0.055141,0.814519,-0.308072,0.056087,0.302362,0.903729
0.482258,-0.186106,0.017798,0.855591,0.57691,0.025855,0.055219,0.814566,-0.308136,0.05617,0.302397,0.903692
0.482157,-0.185995,0.017843,0.855672,0.57682,0.025869,0.055253,0.814627,-0.308206,0.056204,0.302408,0.903663
0.482056,-0.18594,0.017877,0.855739,0.576776,0.025878,0.055268,0.814658,-0.308208,0.056246,0.302398,0.903664
0.482014,-0.185867,0.01788,0.855779,0.576721,0.025998,0.055468,0.814678,-0.308239,0.05634,0.302414,0.903644
0.481963,-0.185798,0.017936,0.855822,0.576741,0.026132,0.055784,0.814639,-0.308263,0.056405,0.302358,0.903651
0.481953,-0.185708,0.01806,0.855845,0.576744,0.026247,0.056077,0.814613,-0.30829,0.056486,0.302296,0.903659
0.481972,-0.185607,0.01817,0.855854,0.576732,0.026255,0.05621,0.814612,-0.308295,0.056611,0.302216,0.903678
0.481961,-0.185539,0.018275,0.855874,0.576676,0.026137,0.056128,0.814663,-0.30831,0.056728,0.30224,0.903661
0.481968,-0.18558,0.018256,0.855862,0.576604,0.025981,0.055889,0.814735,-0.308215,0.056809,0.302296,0.903672
0.4819,-0.18571,0.018267,0.855871,0.576484,0.025831,0.05564,0.814841,-0.308259,0.056848,0.302357,0.903636
0.481875,-0.18577,0.018317,0.85587,0.576419,0.025789,0.055511,0.814897,-0.308265,0.056861,0.302435,0.903608
0.481875,-0.185754,0.018346,0.855873,0.576519,0.025858,0.055646,0.814815,-0.308245,0.056857,0.302572,0.903571
0.48183,-0.18575,0.018402,0.855899,0.576537,0.02606,0.056012,0.814771,-0.308258,0.056866,0.3026,0.903556
0.48184,-0.185637,0.018506,0.855916,0.576583,0.02625,0.056351,0.81471,-0.308255,0.056942,0.302623,0.903547
0.481889,-0.185508,0.018678,0.855914,0.576655,0.026369,0.056517,0.814643,-0.308215,0.056973,0.302568,0.903577
0.481932,-0.185406,0.018778,0.855911,0.57672,0.026422,0.056555,0.814592,-0.308247,0.057044,0.302559,0.903565
0.481951,-0.185411,0.018896,0.855896,0.576753,0.026454,0.056487,0.814572,-0.308254,0.057113,0.302517,0.903575
0.481947,-0.18543,0.01892,0.855895,0.576772,0.026473,0.056352,0.814567,-0.308233,0.057186,0.302504,0.903582
0.48194,-0.185457,0.018909,0.855892,0.576779,0.026549,0.056296,0.814563,-0.308214,0.057191,0.30253,0.90358
0.48192,-0.185358,0.018948,0.855925,0.57679,0.026647,0.056435,0.814543,-0.308225,0.057085,0.30254,0.903578
0.481867,-0.185355,0.018835,0.855956,0.576895,0.026701,0.056667,0.814451,-0.308243,0.057037,0.302529,0.903576
0.481872,-0.185326,0.018831,0.85596,0.577045,0.026714,0.057187,0.814308,-0.308255,0.056986,0.30253,0.903574
0.481922,-0.18526,0.018947,0.855944,0.577144,0.026701,0.057691,0.814202,-0.308282,0.056989,0.302488,0.903579
0.481984,-0.185092,0.019192,0.855942,0.57717,0.026777,0.057919,0.814166,-0.308338,0.057026,0.302427,0.903579
0.482033,-0.184969,0.019398,0.855938,0.577197,0.026745,0.057948,0.814146,-0.308449,0.057022,0.302357,0.903563
0.482029,-0.184996,0.019471,0.855932,0.577135,0.026637,0.057992,0.81419,-0.30847,0.056949,0.302439,0.903534
0.48199,-0.185186,0.019415,0.855914,0.57708,0.02649,0.057957,0.814236,-0.308452,0.056887,0.302434,0.903543
0.48191,-0.185326,0.019363,0.855929,0.57712,0.026297,0.0579,0.814218,-0.308526,0.056815,0.302525,0.903492
0.481891,-0.185415,0.019336,0.855921,0.577089,0.026183,0.057888,0.814245,-0.308563,0.056781,0.302559,0.903469
0.481823,-0.185491,0.019398,0.855941,0.576996,0.026108,0.05786,0.814315,-0.308614,0.056743,0.302617,0.903436
0.481729,-0.185498,0.019545,0.85599,0.576912,0.026121,0.057753,0.814382,-0.308652,0.056704,0.302629,0.903419
0.481653,-0.185452,0.01966,0.85604,0.576804,0.026012,0.057616,0.814471,-0.308656,0.05662,0.302704,0.903398
0.481589,-0.185528,0.019676,0.85606,0.576736,0.025821,0.057415,0.814541,-0.308751,0.056587,0.302768,0.903347
0.481487,-0.185672,0.019553,0.856087,0.576631,0.025733,0.057398,0.814618,-0.308768,0.056509,0.302834,0.903322
0.48134,-0.18578,0.019493,0.856148,0.576553,0.025782,0.057468,0.814668,-0.308884,0.056466,0.302836,0.903284
0.481245,-0.185734,0.019487,0.85621,0.576507,0.02582,0.05758,0.814692,-0.308921,0.056432,0.302786,0.903289
0.481173,-0.185624,0.019546,0.856274,0.576496,0.025907,0.057664,0.814691,-0.308929,0.05644,0.302791,0.903284
0.481156,-0.185501,0.019625,0.856309,0.576555,0.025993,0.057705,0.814643,-0.30896,0.056464,0.302784,0.903275
0.481119,-0.185465,0.019649,0.856337,0.576612,0.026066,0.057823,0.814593,-0.30901,0.056448,0.302753,0.903269
0.481089,-0.18535,0.019632,0.856379,0.576628,0.026178,0.058075,0.814559,-0.30901,0.056418,0.302693,0.903289
0.481079,-0.185311,0.019633,0.856393,0.576663,0.026203,0.058353,0.814514,-0.309069,0.056375,0.302677,0.903276
0.481081,-0.185328,0.01955,0.85639,0.576696,0.026117,0.058449,0.814486,-0.30908,0.056357,0.302629,0.903288
0.48106,-0.18536,0.019537,0.856395,0.57672,0.026042,0.058391,0.814475,-0.309067,0.056336,0.302651,0.903287
0.481107,-0.185408,0.019588,0.856357,0.576698,0.025975,0.058286,0.814501,-0.309044,0.056362,0.302571,0.90332
0.481138,-0.185465,0.019616,0.856327,0.576659,0.025983,0.058083,0.814543,-0.309017,0.056371,0.302554,0.903334
0.481148,-0.185479,0.019671,0.856317,0.576619,0.025932,0.057893,0.814587,-0.309013,0.056316,0.302586,0.903327
0.481136,-0.185496,0.019634,0.856321,0.576599,0.025886,0.057873,0.814603,-0.308965,0.056259,0.302711,0.903305
0.481109,-0.185602,0.019586,0.856314,0.576587,0.025846,0.058003,0.814604,-0.308933,0.056247,0.302809,0.903285
0.481102,-0.185695,0.019569,0.856297,0.576601,0.025899,0.05811,0.814585,-0.308871,0.056244,0.302822,0.903302
0.481134,-0.185672,0.019689,0.856283,0.576715,0.025979,0.058196,0.814496,-0.308778,0.056343,0.302898,0.903305
0.481217,-0.185588,0.019917,0.856251,0.576824,0.02606,0.058233,0.814413,-0.30873,0.056364,0.302911,0.903315
0.481264,-0.185507,0.020125,0.856238,0.576865,0.026069,0.05822,0.814384,-0.308677,0.056344,0.30296,0.903319
0.481315,-0.185508,0.020235,0.856206,0.576842,0.026071,0.058303,0.814394,-0.308644,0.056331,0.30302,0.903311
0.481283,-0.185602,0.02021,0.856204,0.57685,0.026077,0.058405,0.814381,-0.308607,0.056307,0.303068,0.903309
0.48126,-0.18572,0.020108,0.856194,0.576954,0.026005,0.05858,0.814297,-0.308557,0.056338,0.303115,0.903309
0.481224,-0.185705,0.020143,0.856216,0.577039,0.026012,0.058813,0.81422,-0.308541,0.056351,0.303176,0.903295
0.481253,-0.185694,0.020221,0.856202,0.577127,0.026102,0.059041,0.814138,-0.308533,0.056414,0.303261,0.903267
0.4813,-0.18563,0.020415,0.856184,0.577152,0.026245,0.059242,0.814102,-0.30854,0.056495,0.303209,0.903279
0.481338,-0.185537,0.020613,0.85618,0.577158,0.026306,0.059414,0.814083,-0.30856,0.056551,0.303186,0.903276
0.48137,-0.185527,0.020661,0.856164,0.577186,0.026247,0.059381,0.814066,-0.308525,0.056534,0.303213,0.903281
0.48136,-0.185591,0.020615,0.856155,0.577204,0.026176,0.059282,0.814063,-0.308541,0.056551,0.303247,0.903263
0.48124,-0.185748,0.020484,0.856191,0.57716,0.02613,0.059185,0.814103,-0.308565,0.05653,0.30328,0.903246
0.481181,-0.185829,0.020417,0.856208,0.577118,0.026153,0.059137,0.814135,-0.30853,0.056492,0.303265,0.903263
0.481169,-0.185849,0.020427,0.85621,0.577025,0.026163,0.059011,0.81421,-0.308538,0.056477,0.303333,0.903239
0.481086,-0.185805,0.020406,0.856267,0.576867,0.026148,0.058767,0.814341,-0.30855,0.05647,0.303299,0.903247
0.480973,-0.185829,0.020331,0.856326,0.576676,0.026143,0.058546,0.814492,-0.308585,0.056434,0.303328,0.903227
0.480824,-0.185926,0.020128,0.856393,0.576542,0.026128,0.058459,0.814594,-0.308593,0.05645,0.303342,0.903218
0.480666,-0.185999,0.020014,0.856467,0.576425,0.026205,0.058526,0.81467,-0.308618,0.056448,0.303341,0.903211
0.480596,-0.18589,0.020087,0.856529,0.576367,0.026437,0.058572,0.814701,-0.308659,0.056518,0.30331,0.903204
0.480587,-0.185671,0.020306,0.856577,0.576291,0.026722,0.058667,0.814739,-0.308681,0.056553,0.303269,0.903209
0.480566,-0.185431,0.020501,0.856637,0.576177,0.026986,0.058667,0.814811,-0.308678,0.056579,0.303197,0.903232
0.480508,-0.185308,0.020606,0.856695,0.576104,0.027124,0.058573,0.814865,-0.308688,0.056496,0.303207,0.903229
0.480364,-0.185301,0.020509,0.856778,0.576082,0.027091,0.058583,0.814881,-0.308714,0.056493,0.303128,0.903245
0.480261,-0.185392,0.020324,0.856821,0.576082,0.027087,0.05861,0.814879,-0.30874,0.056469,0.303108,0.903244
0.48021,-0.185423,0.020207,0.856844,0.576209,0.027164,0.058765,0.814776,-0.308712,0.056498,0.303084,0.90326
0.480221,-0.185275,0.020255,0.856869,0.576278,0.027382,0.058961,0.814705,-0.308755,0.056459,0.303077,0.903249
0.480303,-0.185117,0.020346,0.856855,0.57638,0.027606,0.059213,0.814608,-0.308731,0.056495,0.303011,0.903277
0.480404,-0.184964,0.020464,0.85683,0.576473,0.027737,0.059401,0.814524,-0.308768,0.056469,0.302946,0.903288
0.480476,-0.184824,0.020563,0.856818,0.576617,0.027697,0.059542,0.814412,-0.308794,0.056442,0.302874,0.903303
0.48051,-0.184853,0.020533,0.856794,0.576762,0.027557,0.059538,0.814314,-0.30882,0.056462,0.3028,0.903316
0.480573,-0.185038,0.020465,0.856719,0.576904,0.027372,0.059437,0.814226,-0.308802,0.056498,0.302698,0.903355
0.480588,-0.185236,0.020453,0.856668,0.576992,0.027231,0.05929,0.814179,-0.308787,0.056503,0.302682,0.903365
0.480637,-0.185386,0.020448,0.856609,0.577057,0.027133,0.059167,0.814145,-0.30875,0.056482,0.302695,0.903375
0.480725,-0.185506,0.020484,0.856533,0.577125,0.027051,0.059074,0.814106,-0.308724,0.056439,0.302793,0.903353
0.480826,-0.185618,0.020515,0.856451,0.577199,0.026995,0.059006,0.81406,-0.308722,0.056382,0.302826,0.903346
0.480917,-0.185698,0.020605,0.85638,0.577299,0.02699,0.059002,0.81399,-0.308746,0.056329,0.302849,0.903332
0.48101,-0.185765,0.020653,0.856313,0.577478,0.026982,0.059009,0.813862,-0.308729,0.056307,0.302876,0.90333
0.48111,-0.18579,0.020734,0.85625,0.577694,0.027003,0.05901,0.813707,-0.308703,0.056315,0.30286,0.903344
0.48123,-0.185776,0.020767,0.856186,0.577931,0.027036,0.059085,0.813532,-0.308679,0.05633,0.302829,0.903362
0.481339,-0.185785,0.020867,0.85612,0.578156,0.027117,0.059239,0.813358,-0.308666,0.056356,0.302757,0.903387
0.481475,-0.185811,0.020903,0.856037,0.578383,0.027179,0.05945,0.813178,-0.308632,0.056415,0.302686,0.90342
0.481616,-0.185741,0.020982,0.855972,0.578539,0.027216,0.059582,0.813056,-0.308682,0.056488,0.302618,0.903422
0.481718,-0.185675,0.020974,0.855931,0.578667,0.027204,0.059678,0.812958,-0.308623,0.056588,0.302627,0.903435
0.481826,-0.185642,0.021013,0.855875,0.578798,0.02729,0.059809,0.812852,-0.308597,0.056701,0.302628,0.903439
0.48192,-0.185606,0.021069,0.85583,0.578934,0.027398,0.059977,0.812739,-0.308591,0.056793,0.302612,0.903442
0.482029,-0.185519,0.021142,0.855786,0.579084,0.027544,0.060166,0.812612,-0.308563,0.056848,0.302666,0.903432
0.482099,-0.185396,0.021302,0.855771,0.579182,0.027653,0.060366,0.812524,-0.308515,0.056937,0.302652,0.903449
0.482214,-0.185277,0.021496,0.855727,0.579271,0.027839,0.060595,0.812436,-0.308509,0.057025,0.302614,0.90346
0.482259,-0.185123,0.021721,0.85573,0.5793,0.027972,0.060722,0.812403,-0.30847,0.057092,0.302579,0.903482
0.482333,-0.184894,0.021931,0.855736,0.579326,0.028092,0.060825,0.812372,-0.308495,0.057122,0.302531,0.903488
0.48236,-0.184823,0.022071,0.855733,0.57931,0.028126,0.060813,0.812383,-0.308497,0.057212,0.302511,0.903489
0.482331,-0.184889,0.02212,0.855733,0.579299,0.028072,0.060741,0.812398,-0.308501,0.057222,0.302512,0.903487
0.482256,-0.184975,0.022061,0.855758,0.579258,0.027897,0.060636,0.812441,-0.308545,0.05723,0.302559,0.903457
0.482186,-0.185089,0.022029,0.855773,0.579186,0.027741,0.060466,0.812511,-0.308584,0.057321,0.302527,0.90345
0.482159,-0.185134,0.022031,0.855778,0.579108,0.027706,0.060479,0.812567,-0.308638,0.057383,0.302608,0.903403
0.482042,-0.185207,0.022061,0.855827,0.579003,0.027772,0.060724,0.812622,-0.308665,0.057395,0.302712,0.90336
0.48196,-0.185169,0.022257,0.855878,0.578965,0.02781,0.061041,0.812624,-0.308728,0.057389,0.302734,0.903332
0.481922,-0.185066,0.022387,0.855919,0.578871,0.02783,0.061229,0.812677,-0.308867,0.057364,0.302772,0.903273
0.481877,-0.18503,0.022557,0.855947,0.57877,0.027842,0.061308,0.812743,-0.308987,0.057374,0.302865,0.903201
0.481772,-0.184969,0.022686,0.856017,0.578679,0.027851,0.061258,0.812811,-0.309113,0.057452,0.302895,0.903146
0.481646,-0.184949,0.022742,0.856091,0.578581,0.027884,0.061268,0.812879,-0.309181,0.057506,0.30296,0.9031
0.481518,-0.184913,0.022725,0.85617,0.578481,0.027901,0.061398,0.81294,-0.309282,0.057528,0.302943,0.90307
0.481423,-0.184926,0.022702,0.856222,0.578394,0.027954,0.061596,0.812985,-0.309368,0.057621,0.302942,0.903035
0.481362,-0.184884,0.022662,0.856266,0.578355,0.028087,0.061785,0.812994,-0.309457,0.057706,0.302963,0.902996
0.481291,-0.18474,0.022732,0.856336,0.578332,0.028265,0.062056,0.812984,-0.309487,0.057797,0.302907,0.903
0.481262,-0.184516,0.022879,0.856397,0.578315,0.02842,0.062236,0.812977,-0.309516,0.057872,0.302854,0.903004
0.481257,-0.184338,0.022974,0.856437,0.578288,0.02854,0.06227,0.81299,-0.309542,0.05787,0.302799,0.903013
0.48126,-0.184221,0.022978,0.85646,0.578219,0.028568,0.062091,0.813051,-0.309611,0.057882,0.302786,0.902993
0.481221,-0.184264,0.022979,0.856472,0.578111,0.028538,0.061832,0.813149,-0.309584,0.057879,0.302713,0.903026
0.481131,-0.184282,0.022871,0.856521,0.578062,0.028514,0.061633,0.8132,-0.309569,0.057884,0.302681,0.903042
0.481137,-0.184283,0.022764,0.85652,0.577966,0.028512,0.061582,0.813272,-0.309562,0.057918,0.302684,0.903041
0.481124,-0.184179,0.022702,0.856551,0.577903,0.02855,0.061569,0.813317,-0.309521,0.057915,0.30272,0.903045
0.481157,-0.184049,0.022787,0.856559,0.577946,0.028607,0.061603,0.813281,-0.309512,0.057878,0.302765,0.903034
0.481154,-0.183935,0.022861,0.856584,0.577994,0.028691,0.061687,0.813239,-0.309469,0.057837,0.302813,0.903035
0.481164,-0.183868,0.022953,0.85659,0.578019,0.028816,0.061793,0.813208,-0.309433,0.05783,0.302837,0.90304
0.481213,-0.183772,0.023078,0.856581,0.578073,0.028901,0.061939,0.813157,-0.309361,0.057869,0.302815,0.90307
0.481268,-0.183683,0.023132,0.856568,0.578103,0.02896,0.061976,0.81313,-0.309323,0.057897,0.302775,0.903094
0.481306,-0.183588,0.023166,0.856567,0.578106,0.028969,0.061957,0.813128,-0.309332,0.057889,0.302776,0.903092
0.48133,-0.183575,0.023196,0.856555,0.57811,0.029033,0.062009,0.813119,-0.309284,0.05791,0.302717,0.903125
0.481292,-0.183574,0.023155,0.856577,0.578082,0.02905,0.062128,0.81313,-0.309235,0.057915,0.302731,0.903138
0.481265,-0.183546,0.023144,0.856599,0.578135,0.029083,0.062321,0.813076,-0.309257,0.057889,0.302715,0.903137
0.481265,-0.183422,0.023175,0.856625,0.578154,0.029191,0.062507,0.813044,-0.309246,0.057848,0.302726,0.903138
0.481239,-0.183307,0.023216,0.856663,0.578091,0.029278,0.062549,0.813083,-0.309274,0.057786,0.302803,0.903106
0.481248,-0.183186,0.023318,0.856683,0.577953,0.029355,0.062525,0.81318,-0.309301,0.057744,0.302774,0.903109
0.481189,-0.183088,0.023262,0.856738,0.577854,0.029433,0.062483,0.813252,-0.309312,0.057742,0.302763,0.903109
0.481134133131895,-0.183055828986736,0.0231274140000338,0.856779142952795,0.577750526194828,0.0294986163553276,0.0624477480719794,0.813324770959112,-0.309322701923077,0.0576836724742926,0.302733791137151,0.903116451086956
0.481069,-0.183028,0.022973,0.856824,0.577667,0.029555,0.062399,0.813387,-0.309336,0.057599,0.302681,0.903133
0.48096,-0.182973,0.022872,0.856899,0.577624,0.0296,0.062257,0.813427,-0.30936,0.057551,0.302568,0.903164
0.480904,-0.182915,0.022836,0.856943,0.577544,0.029665,0.062096,0.813494,-0.309407,0.057505,0.30247,0.903181
0.480887,-0.182836,0.022741,0.856973,0.577484,0.029682,0.062038,0.81354,-0.309411,0.057443,0.302398,0.903205
0.480845,-0.182794,0.022652,0.857007,0.5774,0.029738,0.061951,0.813605,-0.309476,0.05737,0.302313,0.903214
0.480756,-0.182766,0.022598,0.857064,0.577302,0.02979,0.061856,0.81368,-0.309522,0.057292,0.302192,0.903241
0.480655,-0.182785,0.022542,0.857117,0.577191,0.029756,0.061769,0.813766,-0.309583,0.057195,0.302127,0.903245
0.480639,-0.18279,0.02243,0.857128,0.577106,0.02972,0.061636,0.813839,-0.309583,0.057161,0.30215,0.903239
0.480595,-0.182814,0.022406,0.857148,0.577071,0.029746,0.061454,0.813877,-0.309617,0.057043,0.302236,0.903205
0.480537,-0.1828,0.022362,0.857183,0.577032,0.029729,0.061371,0.813911,-0.309625,0.056971,0.302326,0.903176
0.480506,-0.182779,0.022313,0.857207,0.577021,0.029765,0.061454,0.813911,-0.309651,0.056909,0.302388,0.90315
0.480462,-0.182716,0.022328,0.857244,0.577045,0.029829,0.061527,0.813886,-0.309648,0.056843,0.3024,0.90315
0.480438,-0.18262,0.022465,0.857276,0.577027,0.029924,0.061598,0.81389,-0.309668,0.056826,0.302412,0.903139
0.480441,-0.182514,0.022503,0.857296,0.577037,0.029978,0.061606,0.813881,-0.309648,0.056794,0.302459,0.903132
0.480417,-0.182536,0.022527,0.857304,0.576981,0.030032,0.061589,0.81392,-0.309665,0.056828,0.302388,0.903148
0.480435,-0.182504,0.022438,0.857303,0.576965,0.030067,0.061571,0.813932,-0.309662,0.056798,0.302424,0.903139
0.480454,-0.182511,0.022383,0.857292,0.576968,0.030082,0.061534,0.813931,-0.309629,0.056859,0.302517,0.903118
0.480474,-0.182492,0.022395,0.857285,0.576963,0.030182,0.061517,0.813932,-0.309645,0.056898,0.302485,0.903121
0.480454,-0.182445,0.022403,0.857305,0.577036,0.030264,0.061527,0.813877,-0.309635,0.056939,0.302447,0.903134
0.48044,-0.182305,0.022442,0.857342,0.577033,0.030326,0.06154,0.813875,-0.309639,0.056867,0.302536,0.903107
0.480439,-0.182188,0.022479,0.857368,0.576983,0.030441,0.061575,0.813904,-0.309615,0.05687,0.302513,0.903123
0.480415,-0.182092,0.022502,0.857401,0.576977,0.030499,0.061557,0.813908,-0.309553,0.056889,0.302521,0.903141
0.480356,-0.182096,0.022485,0.857433,0.576972,0.030553,0.061531,0.813911,-0.309575,0.056903,0.302553,0.903122
0.480291,-0.18212,0.022452,0.857466,0.576907,0.03057,0.061574,0.813953,-0.309578,0.056893,0.302595,0.903108
0.480281,-0.182056,0.022455,0.857485,0.576867,0.030598,0.061547,0.813983,-0.309618,0.056934,0.302641,0.903078
0.480194,-0.181984,0.022473,0.857547,0.576802,0.030631,0.061511,0.814031,-0.309598,0.056992,0.302659,0.903076
0.480113,-0.181942,0.022569,0.8576,0.576752,0.030654,0.061497,0.814067,-0.309568,0.057064,0.3027,0.90307
0.480044,-0.18188,0.022615,0.85765,0.576713,0.030715,0.06155,0.814088,-0.309608,0.05712,0.302785,0.903026
0.479996,-0.181822,0.022652,0.857689,0.576663,0.030768,0.061667,0.814113,-0.30956,0.057176,0.302875,0.903012
0.479933,-0.18179,0.022671,0.857731,0.576618,0.030859,0.061733,0.814136,-0.30953,0.057163,0.302998,0.902982
0.479916,-0.181739,0.022704,0.857751,0.576587,0.030913,0.061784,0.814153,-0.309548,0.057168,0.303054,0.902958
0.479909,-0.181682,0.022777,0.857765,0.576547,0.030986,0.061872,0.814172,-0.309575,0.057175,0.303149,0.902917
0.47988,-0.181656,0.022758,0.857786,0.576491,0.031072,0.062053,0.814194,-0.309601,0.05716,0.303167,0.902903
0.479857,-0.181653,0.022749,0.8578,0.576502,0.031129,0.062258,0.814169,-0.309637,0.057198,0.303182,0.902885
0.479837,-0.181618,0.022795,0.857819,0.576485,0.031215,0.062312,0.814174,-0.309639,0.057231,0.303302,0.902843
0.479874,-0.181479,0.022892,0.857824,0.576465,0.031285,0.062248,0.814191,-0.309668,0.05719,0.303371,0.902813
0.479853,-0.181491,0.022921,0.857834,0.576413,0.031314,0.062169,0.814232,-0.30968,0.057164,0.303407,0.902798
0.479859,-0.181553,0.022903,0.857817,0.576368,0.031315,0.062189,0.814262,-0.309687,0.057152,0.303399,0.902799
0.479825,-0.181603,0.022856,0.857827,0.576357,0.031388,0.062226,0.814264,-0.309665,0.057124,0.303514,0.90277
0.479837,-0.18154,0.022861,0.857833,0.576353,0.031453,0.062246,0.814262,-0.309653,0.057098,0.303457,0.902794
0.479851,-0.181404,0.022939,0.857852,0.576356,0.031582,0.062208,0.814259,-0.309676,0.057085,0.303488,0.902776
0.479839,-0.18131,0.022988,0.857878,0.576263,0.031663,0.062266,0.814317,-0.309738,0.057097,0.303424,0.902775
0.47979,-0.18131,0.022971,0.857906,0.576191,0.031701,0.062357,0.81436,-0.309738,0.057083,0.303474,0.90276
0.479696,-0.181315,0.022868,0.85796,0.576163,0.031628,0.062309,0.814386,-0.309761,0.057025,0.303518,0.90274
0.479654,-0.181347,0.022868,0.857976,0.576144,0.031536,0.062212,0.81441,-0.309801,0.056925,0.303604,0.902703
0.479672,-0.181407,0.022846,0.857954,0.576096,0.031526,0.062106,0.814454,-0.309773,0.056867,0.303684,0.902689
0.479669,-0.181446,0.022801,0.857948,0.576068,0.031527,0.0621,0.814474,-0.309785,0.056804,0.303666,0.902694
0.479619,-0.181482,0.022762,0.857969,0.576089,0.031505,0.062175,0.814454,-0.309804,0.056729,0.303702,0.902678
0.479599,-0.181521,0.022741,0.857972,0.576157,0.031557,0.062224,0.814399,-0.309771,0.056591,0.303752,0.902679
0.479631,-0.181475,0.022812,0.857963,0.576253,0.031583,0.062285,0.814327,-0.309766,0.056492,0.303733,0.902691
0.479728,-0.181428,0.022865,0.857918,0.576294,0.031559,0.062303,0.814296,-0.309791,0.05644,0.303755,0.902677
0.479727,-0.181451,0.022825,0.857914,0.57636,0.031541,0.06232,0.814249,-0.309805,0.056359,0.303712,0.90269
0.479777,-0.181515,0.022764,0.857874,0.57649,0.031503,0.062345,0.814157,-0.309782,0.056257,0.303668,0.902716
0.479834,-0.181596,0.02276,0.857825,0.576556,0.031469,0.062346,0.814111,-0.309753,0.05616,0.303656,0.902734
0.479936,-0.18163,0.022781,0.857761,0.576684,0.031488,0.062317,0.814021,-0.309716,0.056086,0.303611,0.902764
0.479976,-0.181688,0.022758,0.857727,0.576791,0.031493,0.062302,0.813945,-0.309715,0.055947,0.303604,0.902773
0.480017,-0.181754,0.022747,0.857689,0.576871,0.031482,0.062322,0.813887,-0.309735,0.055795,0.303638,0.90276
0.480028,-0.181739,0.022704,0.857688,0.576943,0.031484,0.062264,0.813841,-0.309733,0.055678,0.303631,0.902769
0.480076,-0.181772,0.022707,0.857654,0.576958,0.031467,0.062222,0.813835,-0.3097,0.055567,0.303645,0.902779
0.480026,-0.181833,0.022666,0.85767,0.576941,0.031457,0.062255,0.813844,-0.309714,0.055413,0.303697,0.902763
0.480011,-0.181889,0.022644,0.857667,0.576896,0.031436,0.062272,0.813876,-0.309697,0.055298,0.303735,0.902762
0.479956,-0.1819,0.022692,0.857694,0.576883,0.031416,0.062217,0.81389,-0.309713,0.055226,0.303776,0.902746
0.479913,-0.181892,0.022706,0.85772,0.576874,0.031387,0.062181,0.8139,-0.309805,0.055156,0.303747,0.902726
0.479856,-0.181928,0.022689,0.857743,0.576804,0.031389,0.062186,0.81395,-0.309881,0.055089,0.303782,0.902692
0.479815,-0.181997,0.022657,0.857753,0.576808,0.031406,0.062185,0.813945,-0.310001,0.054988,0.303863,0.902629
0.479734,-0.181997,0.022645,0.857798,0.57681,0.03133,0.062151,0.813951,-0.310091,0.054896,0.303923,0.902582
0.479728,-0.181992,0.022672,0.857802,0.576842,0.031348,0.062196,0.813923,-0.310162,0.054813,0.303976,0.902544
0.479714,-0.181982,0.022651,0.857813,0.576905,0.031365,0.062256,0.813873,-0.310272,0.054785,0.303974,0.902508
0.479727,-0.181993,0.022698,0.857801,0.576965,0.031376,0.062402,0.813818,-0.31038,0.054689,0.304051,0.90245
0.47976,-0.18197,0.022758,0.857786,0.577021,0.031422,0.062496,0.81377,-0.310445,0.054683,0.304052,0.902428
0.479787,-0.18191,0.02286,0.857782,0.57701,0.031483,0.062542,0.813772,-0.31052,0.054672,0.304043,0.902404
0.479767,-0.181912,0.022885,0.857791,0.577019,0.031443,0.062574,0.813765,-0.310579,0.054669,0.304064,0.902378
0.479791,-0.182013,0.02283,0.857758,0.577032,0.03142,0.062571,0.813757,-0.310646,0.054645,0.304109,0.902341
0.479748,-0.182054,0.022841,0.857773,0.577077,0.031408,0.0626,0.813723,-0.310689,0.054617,0.304123,0.902323
0.479733,-0.182056,0.022863,0.857781,0.577107,0.031449,0.062717,0.813691,-0.310725,0.054635,0.304131,0.902308
0.479727,-0.182038,0.022928,0.857786,0.57713,0.03148,0.062877,0.813661,-0.310787,0.054661,0.304196,0.902264
0.479735,-0.181977,0.023031,0.857793,0.577145,0.031503,0.063052,0.813637,-0.310833,0.054712,0.304251,0.902229
0.479707,-0.18193,0.023179,0.857816,0.577159,0.031503,0.063117,0.813621,-0.310898,0.054708,0.304345,0.902176
0.479752,-0.18185,0.023337,0.857804,0.577134,0.031469,0.063216,0.813633,-0.310909,0.054778,0.304367,0.902162
0.479735,-0.181818,0.023427,0.857818,0.577086,0.031441,0.06326,0.813665,-0.310932,0.054821,0.304489,0.902112
0.479712,-0.181864,0.023422,0.857822,0.577036,0.031398,0.063311,0.813698,-0.310969,0.054868,0.304527,0.902085
0.479714,-0.181877,0.023429,0.857817,0.577055,0.031413,0.063315,0.813683,-0.311027,0.054923,0.304599,0.90204
0.479741,-0.181807,0.023496,0.857815,0.577065,0.031429,0.063376,0.813671,-0.311106,0.054951,0.304675,0.901987
0.479776,-0.181765,0.023567,0.857803,0.57711,0.031466,0.063471,0.81363,-0.311149,0.054972,0.304777,0.901938
0.479862,-0.181692,0.023674,0.857769,0.577209,0.031515,0.063614,0.813546,-0.311166,0.055002,0.304838,0.901911
0.47993,-0.181643,0.023755,0.857739,0.57736,0.031623,0.063713,0.813428,-0.311163,0.0551,0.304796,0.901922
0.479989,-0.181547,0.023868,0.857724,0.577502,0.031677,0.063815,0.813316,-0.311157,0.05521,0.304783,0.901924
0.480123,-0.181419,0.023948,0.857674,0.577645,0.031723,0.063854,0.813209,-0.311194,0.055253,0.304779,0.901911
0.480255,-0.181376,0.024013,0.857609,0.577758,0.031683,0.063916,0.813126,-0.31122,0.055337,0.304726,0.901916
0.480343,-0.181389,0.02402,0.857556,0.577862,0.031676,0.063962,0.813047,-0.31125,0.055353,0.304705,0.901912
0.480454,-0.181423,0.024078,0.857485,0.577995,0.031656,0.064062,0.812945,-0.311238,0.055408,0.304697,0.901917
0.480533,-0.181389,0.024151,0.857447,0.578099,0.031668,0.064124,0.812866,-0.311229,0.055442,0.304625,0.901941
0.480617,-0.181395,0.024149,0.857399,0.578241,0.031661,0.064157,0.812762,-0.311242,0.055448,0.304644,0.901931
0.480748,-0.18142,0.024166,0.85732,0.578392,0.031645,0.064122,0.812657,-0.311228,0.055452,0.304613,0.901946
0.480898,-0.181391,0.02422,0.857241,0.578551,0.031619,0.064201,0.812539,-0.311228,0.055487,0.30456,0.901961
0.481006,-0.181422,0.02418,0.857176,0.578702,0.031541,0.064273,0.812429,-0.311194,0.055439,0.304491,0.901997
0.481094,-0.181502,0.024236,0.857107,0.578821,0.031545,0.064347,0.812338,-0.311106,0.055406,0.304534,0.902015
0.481171,-0.181475,0.024325,0.857069,0.578982,0.031621,0.064484,0.812209,-0.311083,0.055401,0.304532,0.902024
0.481294,-0.18141,0.024552,0.857007,0.579134,0.031707,0.064734,0.812077,-0.311018,0.055326,0.304539,0.902047
0.4814,-0.181232,0.024795,0.85698,0.579189,0.031793,0.06502,0.81201,-0.31098,0.055261,0.304559,0.902056
0.48153,-0.181098,0.025026,0.856931,0.579342,0.031824,0.065289,0.811879,-0.310924,0.055196,0.304605,0.902063
0.481657,-0.181077,0.02518,0.85686,0.579486,0.031749,0.065514,0.81176,-0.310877,0.055146,0.304657,0.902064
0.481774,-0.181136,0.025302,0.856778,0.579606,0.031639,0.065623,0.81167,-0.310865,0.055169,0.304722,0.902046
0.481879,-0.181126,0.025359,0.85672,0.579771,0.031557,0.065718,0.811547,-0.310808,0.05512,0.304748,0.902058
0.481917,-0.181207,0.025393,0.856681,0.579927,0.03156,0.065881,0.811421,-0.31072,0.055104,0.304713,0.902101
0.482045,-0.1812,0.025529,0.856607,0.580161,0.031571,0.066073,0.811237,-0.310634,0.055044,0.30473,0.902127
0.482171,-0.181152,0.02568,0.856542,0.580352,0.031595,0.066228,0.811087,-0.310584,0.055037,0.304703,0.902153
0.482317,-0.181031,0.025862,0.856482,0.580465,0.031707,0.06646,0.810983,-0.310526,0.055036,0.304743,0.90216
0.482435,-0.180967,0.026025,0.856426,0.58061,0.03179,0.066651,0.81086,-0.310444,0.054958,0.304814,0.902168
0.482571,-0.180863,0.026183,0.856367,0.580766,0.03188,0.066825,0.810729,-0.310424,0.054924,0.304846,0.902166
0.482683,-0.180754,0.026341,0.856323,0.580878,0.031956,0.067018,0.810629,-0.31039,0.054902,0.304818,0.902188
0.482803,-0.180676,0.026454,0.856268,0.580992,0.032086,0.067242,0.810524,-0.310323,0.054935,0.304785,0.90222
0.482867,-0.180608,0.02658,0.856244,0.581098,0.032151,0.06736,0.810435,-0.310282,0.054929,0.304775,0.902237
0.482927,-0.180566,0.026694,0.856216,0.581254,0.032218,0.067484,0.810311,-0.310257,0.054941,0.304836,0.902225
0.483016,-0.180511,0.026788,0.856175,0.581417,0.03227,0.067594,0.810182,-0.310193,0.054992,0.304898,0.902225
0.48315,-0.180498,0.026828,0.856101,0.581581,0.032287,0.067742,0.81005,-0.310207,0.055015,0.304893,0.902221
0.483263,-0.180485,0.0269,0.856038,0.581704,0.032296,0.067919,0.809946,-0.310176,0.055039,0.304898,0.90223
0.483379,-0.180452,0.026951,0.855979,0.581842,0.032331,0.068047,0.809835,-0.310099,0.05506,0.304901,0.902253
0.4835,-0.180366,0.027044,0.855927,0.582002,0.032391,0.068088,0.809714,-0.310043,0.05515,0.30489,0.902273
0.48365,-0.180337,0.027161,0.855845,0.582165,0.032506,0.068168,0.809584,-0.31002,0.055193,0.304919,0.90227
0.48375,-0.180244,0.027272,0.855805,0.582324,0.03266,0.068332,0.809449,-0.310008,0.055238,0.304877,0.902285
0.483833,-0.180167,0.027386,0.855771,0.582435,0.03274,0.068427,0.809358,-0.309946,0.055281,0.304926,0.902289
0.483922,-0.180132,0.02746,0.855727,0.582562,0.032787,0.06846,0.809261,-0.309926,0.055302,0.304905,0.902302
0.48406,-0.180062,0.027555,0.855662,0.582716,0.032798,0.068389,0.809156,-0.309906,0.055275,0.304889,0.902315
0.484207,-0.180071,0.027558,0.855576,0.582799,0.032807,0.068405,0.809094,-0.309864,0.055285,0.30479,0.902361
0.484353,-0.180166,0.027527,0.855475,0.582911,0.032837,0.06846,0.809007,-0.309851,0.05531,0.304747,0.902378
0.484492,-0.18021,0.02752,0.855387,0.583046,0.032862,0.068486,0.808907,-0.309844,0.055337,0.304732,0.902385
0.484619,-0.180159,0.027497,0.855327,0.583117,0.032892,0.068545,0.808848,-0.309817,0.055317,0.304707,0.902403
0.484681,-0.180125,0.027512,0.855299,0.583212,0.032851,0.068548,0.808781,-0.309768,0.055292,0.304728,0.902414
0.484693,-0.180138,0.027547,0.855288,0.583247,0.032851,0.0686,0.808751,-0.309745,0.055234,0.304724,0.902425
0.484691,-0.180226,0.027534,0.855271,0.583305,0.032794,0.068623,0.80871,-0.309665,0.055163,0.304728,0.902454
0.48469,-0.180221,0.027472,0.855274,0.583301,0.032673,0.06862,0.808718,-0.309666,0.055126,0.304784,0.902437
0.484653,-0.180281,0.027496,0.855282,0.58327,0.03267,0.068718,0.808732,-0.309692,0.055116,0.304834,0.902412
0.484576,-0.180316,0.027554,0.855316,0.58324,0.032724,0.068861,0.808739,-0.309712,0.055113,0.304866,0.902396
0.484502,-0.180317,0.027659,0.855355,0.583196,0.032766,0.069026,0.808756,-0.309703,0.055089,0.304849,0.902405
0.484478,-0.180195,0.027763,0.855391,0.583174,0.032787,0.069162,0.808759,-0.309749,0.055008,0.304926,0.902367
0.48446,-0.180131,0.027876,0.855412,0.58317,0.032782,0.069195,0.808759,-0.309738,0.055002,0.304934,0.902369
0.484429,-0.180115,0.027904,0.855431,0.583155,0.032806,0.0692,0.808769,-0.309733,0.054948,0.304994,0.902352
0.484413,-0.18016,0.027914,0.855431,0.583143,0.032869,0.069246,0.808771,-0.309797,0.05491,0.305028,0.902321
0.484339,-0.180168,0.027935,0.855471,0.58313,0.032876,0.069237,0.80878,-0.309792,0.054843,0.304944,0.902353
0.484329,-0.180231,0.027983,0.855462,0.583154,0.03294,0.069232,0.808762,-0.309804,0.054813,0.304929,0.902355
0.484372,-0.180202,0.028056,0.855442,0.583187,0.033006,0.069318,0.808727,-0.30981,0.054847,0.304853,0.902376
0.484433,-0.180153,0.028087,0.855417,0.583207,0.033148,0.069528,0.808689,-0.309878,0.054884,0.304849,0.902352
0.484495,-0.180028,0.028128,0.855407,0.583281,0.033217,0.069691,0.808619,-0.309924,0.054934,0.30478,0.902358
0.484596,-0.179916,0.028225,0.855371,0.583342,0.03332,0.069737,0.808566,-0.309931,0.05496,0.304718,0.902375
0.484644,-0.179785,0.028259,0.855371,0.583407,0.033379,0.069798,0.808511,-0.309903,0.054989,0.3047,0.902389
0.484668,-0.179744,0.028266,0.855365,0.583469,0.033384,0.069835,0.808463,-0.309892,0.054975,0.30471,0.90239
0.484694,-0.179728,0.028282,0.855354,0.583489,0.033425,0.069868,0.808445,-0.3099,0.054963,0.304632,0.902413
0.484693,-0.17969,0.028345,0.855361,0.583542,0.033489,0.069853,0.808405,-0.309945,0.055011,0.304571,0.902416
0.484686,-0.179722,0.028318,0.855359,0.583556,0.03347,0.069856,0.808394,-0.309972,0.055079,0.30451,0.902425
0.484682,-0.179752,0.028356,0.855353,0.583599,0.033417,0.06991,0.808361,-0.309959,0.055039,0.304514,0.902429
0.48467,-0.1797,0.028377,0.85537,0.5836,0.033417,0.070012,0.808351,-0.309946,0.055017,0.304539,0.902426
0.484648,-0.179725,0.028416,0.855375,0.583618,0.033394,0.06994,0.808345,-0.309928,0.055005,0.30454,0.902432
0.484629,-0.179808,0.028423,0.855369,0.583617,0.033257,0.069842,0.80836,-0.309937,0.05499,0.304516,0.902437
0.484609,-0.179947,0.028369,0.855352,0.583633,0.033148,0.069856,0.808352,-0.309937,0.054957,0.304538,0.902432
0.484574,-0.18003,0.028377,0.855355,0.583646,0.033097,0.069845,0.808346,-0.309927,0.054892,0.304573,0.902426
0.4846,-0.180091,0.028441,0.855325,0.583626,0.033035,0.069792,0.808368,-0.30994,0.054838,0.304605,0.902414
0.48462,-0.180155,0.028443,0.8553,0.583618,0.032976,0.069817,0.808374,-0.309994,0.054813,0.304664,0.902376
0.484612,-0.180225,0.028449,0.85529,0.583628,0.032968,0.069826,0.808366,-0.309993,0.054827,0.304674,0.902373
0.484567,-0.180269,0.02842,0.855306,0.583697,0.0329,0.069773,0.808323,-0.309983,0.054818,0.304715,0.902363
0.484568,-0.180354,0.028382,0.855289,0.583795,0.032854,0.069678,0.808263,-0.309999,0.054841,0.304699,0.902362
0.484601,-0.180381,0.028372,0.855265,0.583878,0.032898,0.06969,0.808198,-0.310016,0.05487,0.304651,0.902372
0.484623,-0.180429,0.028377,0.855242,0.583948,0.033007,0.069853,0.80813,-0.310016,0.05489,0.304597,0.902388
0.484615,-0.180364,0.02842,0.855259,0.584022,0.033051,0.069977,0.808063,-0.31002,0.054864,0.304526,0.902411
0.484625,-0.180296,0.028427,0.855267,0.584107,0.033114,0.070015,0.807995,-0.310089,0.054889,0.304483,0.902401
0.484726,-0.180216,0.028533,0.855225,0.584205,0.033112,0.069952,0.807931,-0.31011,0.054898,0.30441,0.902416
0.484792,-0.180214,0.028593,0.855186,0.584267,0.033142,0.069843,0.807893,-0.310128,0.05496,0.304338,0.902431
0.484777,-0.180216,0.028625,0.855193,0.58432,0.033203,0.069795,0.807856,-0.310151,0.055002,0.304325,0.902426
0.484763,-0.180258,0.028569,0.855194,0.584357,0.033299,0.069871,0.807819,-0.310153,0.055031,0.304242,0.902452
0.484771,-0.180186,0.028575,0.855204,0.584415,0.033405,0.069974,0.807764,-0.310161,0.05515,0.304232,0.902447
0.484833,-0.180136,0.028639,0.855179,0.584493,0.03351,0.07012,0.807689,-0.310184,0.055219,0.304219,0.902441
0.484854,-0.180035,0.028773,0.855183,0.584557,0.03355,0.070107,0.807642,-0.310218,0.055273,0.304286,0.902406
0.484908,-0.179994,0.028918,0.855157,0.584561,0.033628,0.070169,0.80763,-0.310221,0.055283,0.304318,0.902393
0.484865,-0.179974,0.028973,0.855184,0.584514,0.033742,0.070303,0.807649,-0.310249,0.055272,0.304354,0.902372
0.484796,-0.179919,0.028962,0.855236,0.584507,0.033799,0.070477,0.807637,-0.310291,0.055275,0.304361,0.902356
0.484702,-0.179876,0.028945,0.855298,0.58451,0.033832,0.070602,0.807622,-0.310296,0.055309,0.304392,0.902343
0.484713,-0.179835,0.028957,0.8553,0.584507,0.033845,0.070675,0.807618,-0.310328,0.05539,0.304324,0.902351
0.484738,-0.179791,0.028967,0.855295,0.584476,0.033918,0.070667,0.807638,-0.310363,0.055463,0.30422,0.90237
0.484766,-0.179719,0.028936,0.855296,0.584407,0.033981,0.070603,0.80769,-0.310397,0.055502,0.304143,0.902382
0.484716,-0.17964,0.028898,0.855341,0.584337,0.034017,0.070517,0.807748,-0.310422,0.055525,0.30405,0.902402
0.484709,-0.179625,0.028857,0.855349,0.584308,0.033938,0.070355,0.807786,-0.310416,0.055529,0.304065,0.9024
0.484629,-0.179651,0.028731,0.855394,0.584283,0.033858,0.070196,0.807821,-0.310442,0.055575,0.304022,0.902403
0.484608,-0.179746,0.028582,0.85539,0.584276,0.033826,0.070126,0.807833,-0.310421,0.05558,0.304014,0.902412
0.484615,-0.17976,0.028509,0.855384,0.584341,0.03386,0.07011,0.807787,-0.310413,0.055657,0.303967,0.902428
0.484713,-0.179697,0.02854,0.855341,0.584421,0.034011,0.070141,0.80772,-0.310431,0.055714,0.303897,0.902442
0.484803,-0.179569,0.028652,0.855314,0.584505,0.034102,0.070239,0.807647,-0.310472,0.055771,0.30388,0.902431
0.484864,-0.179484,0.02875,0.855296,0.584661,0.034185,0.070353,0.807519,-0.310407,0.055842,0.303814,0.902473
0.484925,-0.179467,0.028853,0.855262,0.584749,0.034253,0.07049,0.80744,-0.310426,0.055936,0.303842,0.902452
0.485003,-0.179364,0.029001,0.855235,0.584844,0.034346,0.070621,0.807356,-0.310452,0.056037,0.303859,0.902434
0.4851,-0.179261,0.02915,0.855197,0.584952,0.034402,0.070777,0.807261,-0.310431,0.056144,0.303871,0.902433
0.48516,-0.179192,0.02931,0.855173,0.585067,0.034436,0.070955,0.80716,-0.310444,0.056194,0.303911,0.902413
0.485204,-0.179115,0.029424,0.855161,0.58514,0.034528,0.071131,0.807087,-0.310445,0.056273,0.303923,0.902406
0.485261,-0.179074,0.029527,0.855134,0.585179,0.034599,0.071319,0.80704,-0.310429,0.056371,0.3039,0.902415
0.485326,-0.179047,0.029662,0.855098,0.585224,0.034657,0.07146,0.806991,-0.310413,0.056498,0.303985,0.902388
0.485381,-0.179028,0.029755,0.855069,0.585258,0.034687,0.071635,0.80695,-0.310389,0.05661,0.303973,0.902396
0.485452,-0.178968,0.029863,0.855038,0.585276,0.034729,0.071818,0.806919,-0.310417,0.056695,0.304003,0.902372
0.485534,-0.178974,0.029956,0.854988,0.585331,0.034728,0.071891,0.806873,-0.310451,0.056722,0.304013,0.902357
0.485634,-0.178998,0.03003,0.854923,0.585405,0.034719,0.071943,0.806814,-0.310496,0.056777,0.304024,0.902335
0.485704,-0.178972,0.030071,0.854889,0.585516,0.034801,0.07199,0.806725,-0.310494,0.056824,0.304011,0.902338
0.485758,-0.178956,0.030107,0.854859,0.585652,0.034927,0.07206,0.806615,-0.310551,0.05688,0.30397,0.90233
0.485857,-0.178905,0.030188,0.854812,0.585807,0.035001,0.072189,0.806487,-0.310593,0.056912,0.303965,0.902315
0.485988,-0.178864,0.030239,0.854744,0.585987,0.035078,0.072292,0.806343,-0.31058,0.05697,0.303945,0.902324
0.48606,-0.178803,0.030278,0.854715,0.586114,0.035166,0.072348,0.806241,-0.310581,0.057008,0.303962,0.902316
0.486089,-0.178724,0.030243,0.854716,0.586207,0.03522,0.072387,0.806168,-0.310616,0.057032,0.304024,0.902283
0.486087,-0.178705,0.030298,0.854719,0.586194,0.035265,0.072473,0.806167,-0.310632,0.057138,0.30412,0.902242
0.486059,-0.178643,0.030336,0.854748,0.586059,0.035221,0.072461,0.806269,-0.310667,0.057228,0.304113,0.902228
0.485944,-0.17868,0.030328,0.854805,0.585967,0.035131,0.072487,0.806337,-0.31071,0.057225,0.304211,0.902182
0.485786,-0.178691,0.030247,0.854895,0.585853,0.035082,0.072501,0.806421,-0.310784,0.057299,0.304193,0.902159
0.485565,-0.17879,0.030186,0.855002,0.585728,0.035034,0.072478,0.806518,-0.310819,0.057292,0.304221,0.902139
0.485397,-0.178795,0.030202,0.855095,0.585551,0.035042,0.072559,0.806638,-0.310836,0.057331,0.304255,0.90212
0.485213,-0.178825,0.030244,0.855191,0.585376,0.034987,0.072698,0.806756,-0.310912,0.057349,0.304313,0.902074
0.485086,-0.178797,0.030288,0.855268,0.585171,0.034988,0.072805,0.806896,-0.310927,0.0573,0.304408,0.902041
0.484947,-0.17883,0.030322,0.855339,0.585049,0.034992,0.072921,0.806974,-0.310968,0.057229,0.304459,0.902012
0.484827,-0.178797,0.030381,0.855412,0.584976,0.034996,0.073049,0.807017,-0.311067,0.057226,0.304476,0.901973
0.484725,-0.178749,0.030465,0.855476,0.584885,0.035,0.073132,0.807074,-0.311103,0.057198,0.304453,0.901969
0.484679,-0.178718,0.030458,0.855509,0.584877,0.034997,0.073189,0.807075,-0.311148,0.057155,0.304526,0.901932
0.484612,-0.178793,0.0305,0.855531,0.584898,0.03493,0.073239,0.807058,-0.311179,0.057117,0.304591,0.901902
0.484596,-0.178845,0.030512,0.855528,0.584958,0.034833,0.073216,0.807021,-0.311168,0.057092,0.304576,0.901911
0.484606,-0.178878,0.030483,0.855516,0.584971,0.034812,0.073204,0.807013,-0.311179,0.057067,0.304533,0.901922
0.484607,-0.178927,0.030513,0.855505,0.58504,0.0347,0.073122,0.806976,-0.311208,0.057089,0.304544,0.901907
0.484641,-0.179052,0.030519,0.855459,0.585104,0.034662,0.073065,0.806935,-0.311214,0.057053,0.30456,0.901903
0.48464,-0.179136,0.030457,0.855443,0.585136,0.034586,0.073127,0.80691,-0.311254,0.057045,0.304503,0.901908
0.484702,-0.179162,0.030435,0.855404,0.585235,0.03457,0.07318,0.806834,-0.311277,0.057103,0.304472,0.901907
0.484763,-0.179133,0.030455,0.855375,0.585321,0.03457,0.073257,0.806764,-0.311338,0.057121,0.30441,0.901905
0.484797,-0.179126,0.030548,0.855353,0.585383,0.034625,0.07326,0.806716,-0.311409,0.057187,0.304425,0.901874
0.484802,-0.179115,0.030606,0.855352,0.585458,0.034629,0.073268,0.806661,-0.311416,0.057208,0.304354,0.901894
0.484812,-0.179102,0.030595,0.855349,0.585488,0.034586,0.073309,0.806637,-0.311457,0.057227,0.304302,0.901896
0.48483,-0.179098,0.030617,0.855339,0.585502,0.034582,0.073332,0.806624,-0.311442,0.057263,0.304197,0.901934
0.484846,-0.179114,0.03059,0.855327,0.585522,0.034584,0.073354,0.806608,-0.311436,0.057268,0.304215,0.901929
0.484798,-0.179122,0.030574,0.855353,0.585462,0.034645,0.073425,0.806642,-0.311441,0.057307,0.304201,0.901931
0.484774,-0.179088,0.030601,0.855374,0.585395,0.034678,0.073411,0.806691,-0.311425,0.057329,0.304193,0.901938
0.484708,-0.179026,0.030553,0.855425,0.585344,0.034685,0.073322,0.806737,-0.311432,0.057314,0.304204,0.901933
0.484629,-0.179005,0.030518,0.855475,0.585269,0.034646,0.073181,0.806805,-0.311402,0.057306,0.304179,0.901951
0.484558,-0.179072,0.030425,0.855505,0.585169,0.034603,0.073074,0.80689,-0.311413,0.057321,0.304164,0.901952
0.484543,-0.179137,0.030327,0.855502,0.585141,0.034585,0.073092,0.806909,-0.311426,0.057324,0.304128,0.901959
0.484527,-0.179131,0.030265,0.855515,0.585101,0.0346,0.073143,0.806933,-0.311469,0.057325,0.304106,0.901952
0.484487,-0.179113,0.030261,0.855541,0.585049,0.034612,0.073208,0.806964,-0.311473,0.057355,0.304121,0.901944
0.484491,-0.179076,0.030274,0.855546,0.584992,0.034666,0.073251,0.806999,-0.311484,0.057418,0.304104,0.901943
0.48452,-0.179005,0.030334,0.855543,0.584904,0.034756,0.073238,0.807062,-0.311537,0.057437,0.304089,0.90193
0.484485,-0.178994,0.030313,0.855566,0.584887,0.034772,0.073194,0.807077,-0.311603,0.057423,0.304062,0.901915
0.484533,-0.179021,0.030304,0.855533,0.584918,0.034801,0.073228,0.80705,-0.311596,0.057431,0.304015,0.901934
0.484498,-0.179046,0.030301,0.855548,0.584943,0.03484,0.073276,0.807026,-0.311599,0.057402,0.303998,0.901939
0.484518,-0.179067,0.030319,0.855531,0.584986,0.034857,0.073316,0.806991,-0.311669,0.0574,0.303984,0.90192
0.484576,-0.17901,0.030315,0.85551,0.585017,0.034895,0.073261,0.806971,-0.311693,0.057383,0.303938,0.901928
0.48468,-0.178983,0.030299,0.855458,0.585058,0.034836,0.073072,0.806961,-0.311666,0.05739,0.303865,0.90196
0.484736,-0.179055,0.030194,0.855415,0.585135,0.034686,0.072889,0.806928,-0.311671,0.057405,0.303874,0.901955
0.484795,-0.179237,0.030046,0.855347,0.585158,0.034562,0.072688,0.806935,-0.311626,0.057438,0.303883,0.901966
0.484833,-0.179344,0.029849,0.855309,0.585193,0.034496,0.072613,0.806918,-0.311583,0.057442,0.303875,0.901983
0.48489,-0.179396,0.029754,0.855269,0.585306,0.034486,0.072589,0.806839,-0.31158,0.05746,0.303846,0.901993
0.484957,-0.179419,0.029805,0.855225,0.5854,0.034554,0.072721,0.806755,-0.311539,0.057478,0.303856,0.902002
0.485038,-0.179366,0.029927,0.855187,0.58546,0.034655,0.072914,0.80669,-0.311499,0.057494,0.30381,0.902031
0.485121,-0.179255,0.030012,0.855161,0.585515,0.034688,0.073061,0.806635,-0.311458,0.057444,0.303825,0.902042
0.485138,-0.179158,0.030119,0.855168,0.585521,0.034778,0.07317,0.806616,-0.311428,0.057399,0.303855,0.902045
0.485121,-0.179111,0.030174,0.855186,0.585538,0.034753,0.073199,0.806603,-0.311394,0.057333,0.303871,0.902054
0.485092,-0.179157,0.030155,0.855193,0.585505,0.034669,0.073229,0.806628,-0.311308,0.057312,0.303908,0.902071
0.485015,-0.179213,0.030179,0.855224,0.585437,0.034569,0.073187,0.806686,-0.311251,0.057273,0.303923,0.902088
0.484986,-0.17923,0.030172,0.855238,0.585351,0.034541,0.073102,0.806757,-0.311232,0.057225,0.303967,0.902083
0.484959,-0.179273,0.030149,0.855244,0.585257,0.034523,0.073074,0.806829,-0.311194,0.057149,0.304006,0.902086
0.484913,-0.179298,0.030107,0.855266,0.585176,0.034522,0.073152,0.806881,-0.31124,0.057055,0.304081,0.90205
0.484854,-0.179281,0.030084,0.855303,0.585148,0.034573,0.073208,0.806894,-0.311256,0.056988,0.304078,0.902049
0.484815,-0.17929,0.030098,0.855323,0.585065,0.034633,0.073212,0.806951,-0.311297,0.056978,0.304078,0.902035
0.484825,-0.179264,0.030153,0.855322,0.585059,0.034661,0.07323,0.806953,-0.311326,0.057038,0.304153,0.901997
0.484784,-0.179209,0.030212,0.855354,0.585062,0.034725,0.073231,0.806948,-0.311352,0.057074,0.304119,0.901998
0.48481,-0.179087,0.030203,0.855366,0.585112,0.034787,0.073257,0.806907,-0.311374,0.057089,0.304092,0.901999
0.484837,-0.179054,0.030235,0.855357,0.585183,0.034864,0.073299,0.806848,-0.311437,0.057065,0.304087,0.90198
0.484858,-0.178929,0.030264,0.855369,0.585229,0.034927,0.073355,0.806807,-0.311532,0.057068,0.304055,0.901958
0.484917,-0.178862,0.03026,0.855351,0.585277,0.035003,0.073336,0.80677,-0.311593,0.057111,0.304006,0.90195
0.484926,-0.178742,0.030244,0.855371,0.585289,0.035065,0.07328,0.806763,-0.311664,0.05717,0.303999,0.901926
0.484914,-0.178674,0.030243,0.855392,0.585296,0.035132,0.073239,0.80676,-0.311729,0.057259,0.304064,0.901879
0.484908,-0.178616,0.030246,0.855408,0.585303,0.035204,0.073172,0.806757,-0.311779,0.05733,0.304082,0.901853
0.484879,-0.178559,0.03025,0.855436,0.585316,0.035313,0.073227,0.806738,-0.311821,0.057367,0.304151,0.901814
0.484895,-0.178453,0.030297,0.855447,0.585338,0.035406,0.073318,0.806709,-0.311821,0.057429,0.304158,0.901809
0.484862,-0.178362,0.030398,0.855483,0.585367,0.035538,0.073414,0.806674,-0.311835,0.057508,0.304195,0.901788
0.484863,-0.178244,0.030447,0.855505,0.585356,0.035638,0.073522,0.806667,-0.311856,0.057618,0.304275,0.901751
0.484829,-0.178189,0.030492,0.855535,0.585312,0.035657,0.073616,0.80669,-0.311874,0.057673,0.304331,0.901724
0.484837,-0.178113,0.030496,0.855546,0.585281,0.035671,0.073702,0.806705,-0.311853,0.057693,0.304323,0.901734
0.484795,-0.178081,0.030518,0.855576,0.585239,0.035669,0.073648,0.80674,-0.311876,0.057761,0.304398,0.901697
0.4848,-0.178089,0.030507,0.855572,0.585242,0.035568,0.073586,0.806748,-0.311876,0.057784,0.304375,0.901705
0.484804,-0.178101,0.030542,0.855565,0.58521,0.035558,0.07363,0.806768,-0.311888,0.05782,0.304415,0.901686
0.484793,-0.178051,0.030542,0.855582,0.585235,0.035576,0.073732,0.806739,-0.311857,0.057789,0.304501,0.90167
0.484759,-0.178038,0.030618,0.855602,0.585292,0.035581,0.073859,0.806686,-0.311826,0.057808,0.304576,0.901655
0.484784,-0.178028,0.03069,0.855587,0.585314,0.035598,0.074013,0.806655,-0.311861,0.057762,0.304659,0.901618
0.484858,-0.177965,0.030808,0.855555,0.585388,0.035612,0.07409,0.806593,-0.311882,0.05779,0.304716,0.901591
0.484894,-0.17794,0.030884,0.855537,0.585499,0.035617,0.074197,0.806502,-0.311921,0.057778,0.304836,0.901539
0.484938,-0.178017,0.031042,0.855491,0.585616,0.035702,0.074341,0.8064,-0.311933,0.057821,0.304853,0.901526
0.485036,-0.177967,0.031157,0.855442,0.585771,0.035776,0.074508,0.806269,-0.311936,0.057857,0.30488,0.901516
0.485113,-0.177882,0.031285,0.855413,0.585908,0.035887,0.074595,0.806155,-0.311954,0.057869,0.304845,0.90152
0.4852,-0.1778,0.031391,0.855377,0.586013,0.035942,0.074657,0.806071,-0.311927,0.057862,0.304856,0.901526
0.485242,-0.177796,0.031447,0.855353,0.586138,0.035939,0.074623,0.805982,-0.311936,0.057889,0.304817,0.901535
0.485346,-0.177821,0.031432,0.855289,0.586254,0.035902,0.074651,0.805897,-0.311953,0.057907,0.304805,0.901532
0.48542,-0.177861,0.031414,0.85524,0.586281,0.035811,0.074698,0.805877,-0.311978,0.057895,0.304842,0.901512
0.485442,-0.177949,0.031356,0.855211,0.586326,0.035753,0.074642,0.805851,-0.311957,0.057877,0.304885,0.901506
0.485497,-0.17798,0.031431,0.855171,0.586357,0.035764,0.074681,0.805825,-0.311966,0.057848,0.304958,0.90148
0.485515,-0.177942,0.031526,0.855165,0.586391,0.035831,0.07479,0.805786,-0.312008,0.057899,0.305052,0.901432
0.485519,-0.17786,0.031706,0.855174,0.586416,0.03592,0.074947,0.805749,-0.31202,0.057966,0.305122,0.901403
0.485493,-0.177708,0.031884,0.855215,0.586464,0.035954,0.07514,0.805695,-0.312034,0.058022,0.305285,0.901342
0.485496,-0.177618,0.032057,0.855226,0.586507,0.035978,0.07535,0.805643,-0.312069,0.05814,0.305355,0.901302
0.485549,-0.177502,0.032253,0.855214,0.586513,0.03605,0.075515,0.80562,-0.312046,0.058294,0.305467,0.901267
0.485543,-0.177424,0.032408,0.855228,0.586538,0.036047,0.075618,0.805593,-0.312043,0.058479,0.305547,0.901233
0.485497,-0.177361,0.032504,0.855265,0.586543,0.036045,0.075786,0.805572,-0.312049,0.058592,0.305673,0.901185
0.485523,-0.177369,0.032621,0.855244,0.586537,0.036084,0.076,0.805555,-0.312063,0.058705,0.305803,0.901132
0.485476,-0.177276,0.032756,0.855286,0.586502,0.036167,0.076217,0.805556,-0.312084,0.05885,0.305885,0.901092
0.485464,-0.177107,0.032931,0.855321,0.586447,0.036235,0.076429,0.805574,-0.312112,0.058986,0.305922,0.901064
0.485463,-0.177002,0.033124,0.855337,0.586402,0.036269,0.076623,0.805586,-0.312184,0.059084,0.305973,0.901019
0.485467,-0.176896,0.033263,0.855352,0.586435,0.03629,0.076788,0.805546,-0.31225,0.059187,0.30611,0.900946
0.485437,-0.176801,0.033387,0.855385,0.586482,0.036312,0.076948,0.805495,-0.312283,0.059357,0.306185,0.900903
0.485435,-0.17676,0.033573,0.855388,0.586478,0.036374,0.077089,0.805481,-0.312362,0.059493,0.306212,0.90086
0.485444,-0.176616,0.033729,0.855407,0.586526,0.036473,0.077351,0.805417,-0.312433,0.059615,0.306299,0.900802
0.485422,-0.176479,0.033892,0.855442,0.586554,0.03656,0.077532,0.805375,-0.31251,0.059781,0.306423,0.900727
0.485403,-0.176369,0.034002,0.855472,0.586553,0.036613,0.077599,0.805366,-0.312515,0.059942,0.306571,0.900669
0.485436,-0.176325,0.034083,0.855459,0.5866,0.036625,0.077584,0.805333,-0.312553,0.060066,0.306641,0.900628
0.485473,-0.176252,0.034188,0.85545,0.586571,0.036673,0.077598,0.805351,-0.3126,0.060166,0.306748,0.900571
0.485493,-0.176194,0.034236,0.855449,0.586507,0.036673,0.077597,0.805398,-0.312602,0.06025,0.306856,0.900531
0.485462,-0.176158,0.034227,0.855474,0.586498,0.036662,0.077574,0.805407,-0.312603,0.060321,0.307005,0.900478
0.4855,-0.17617,0.034203,0.855451,0.58652,0.036667,0.077569,0.805391,-0.312596,0.060407,0.307132,0.900435
0.485585,-0.176089,0.034222,0.855419,0.586545,0.036723,0.077664,0.805362,-0.312569,0.06051,0.307159,0.900431
0.485617,-0.175975,0.034329,0.855421,0.586589,0.036847,0.077814,0.805309,-0.312575,0.06062,0.307126,0.900435
0.485683,-0.175871,0.034421,0.855402,0.586668,0.036899,0.078021,0.80523,-0.312574,0.060697,0.307164,0.900419
0.485741,-0.175728,0.034537,0.855394,0.58676,0.036964,0.078183,0.805142,-0.31256,0.060777,0.307141,0.900428
0.485779,-0.175627,0.03464,0.85539,0.586807,0.036965,0.078293,0.805098,-0.312564,0.060839,0.307164,0.900415
0.485836,-0.175607,0.034732,0.855358,0.586877,0.036913,0.078366,0.805042,-0.312588,0.060904,0.307145,0.900411
0.48587,-0.175608,0.034784,0.855337,0.586893,0.036793,0.078391,0.805033,-0.312562,0.060943,0.307282,0.900372
0.485863,-0.17568,0.034785,0.855326,0.586891,0.036672,0.078329,0.805046,-0.312509,0.060946,0.307409,0.900349
0.485848,-0.175781,0.034812,0.855313,0.586865,0.036568,0.0783,0.805072,-0.312448,0.060862,0.307531,0.900333
0.485865,-0.175869,0.034872,0.855282,0.586844,0.036494,0.078315,0.80509,-0.312425,0.060851,0.307627,0.90031
0.485849,-0.175957,0.034889,0.855273,0.586811,0.03633,0.078244,0.805128,-0.312383,0.060844,0.307669,0.900311
0.485828,-0.176086,0.034882,0.855258,0.586777,0.036201,0.078171,0.805167,-0.312378,0.060818,0.3077,0.900304
0.485779,-0.176126,0.034906,0.855277,0.586695,0.036066,0.078073,0.805242,-0.312434,0.0608,0.307693,0.900288
0.485777,-0.176193,0.034877,0.855265,0.586608,0.03598,0.078003,0.805316,-0.312475,0.06074,0.307775,0.900249
0.485718,-0.176275,0.034828,0.855283,0.586561,0.035903,0.077991,0.805354,-0.3125,0.060728,0.307846,0.900218
0.485697,-0.176375,0.034772,0.855277,0.586503,0.035826,0.077904,0.80541,-0.312524,0.060664,0.307906,0.900192
0.485643,-0.17639,0.034771,0.855304,0.586475,0.035778,0.077849,0.805438,-0.312575,0.060612,0.307923,0.900171
0.485627,-0.176458,0.034718,0.855301,0.586447,0.03578,0.077788,0.805464,-0.312584,0.060546,0.307945,0.900164
0.485568,-0.176488,0.034686,0.85533,0.586446,0.035764,0.077682,0.805475,-0.312631,0.060449,0.307906,0.900165
0.485551,-0.176526,0.03462,0.855333,0.586398,0.035741,0.077546,0.805525,-0.312652,0.060365,0.307901,0.900163
0.48551,-0.176554,0.034491,0.855355,0.586339,0.035652,0.077395,0.805586,-0.312687,0.060334,0.307865,0.900164
0.485471,-0.176629,0.0344,0.855365,0.586322,0.035527,0.077203,0.805622,-0.312705,0.0603,0.307851,0.900164
0.48549,-0.17659,0.034294,0.855367,0.586302,0.035414,0.077008,0.805662,-0.31274,0.060278,0.307812,0.900167
0.485435,-0.176634,0.03416,0.855393,0.586228,0.035331,0.076868,0.805733,-0.312759,0.060218,0.307738,0.900187
0.485386,-0.176699,0.034056,0.855412,0.586195,0.035245,0.076666,0.805779,-0.312757,0.060172,0.307653,0.900218
0.485362,-0.176786,0.033894,0.855412,0.586136,0.035086,0.076462,0.805849,-0.312719,0.060079,0.307675,0.900228
0.485311,-0.176877,0.033751,0.855427,0.586057,0.034885,0.076203,0.80594,-0.312698,0.060059,0.30765,0.900245
0.485229,-0.177039,0.033565,0.855446,0.585948,0.034731,0.075974,0.806048,-0.312709,0.060017,0.307625,0.900251
0.485158,-0.177173,0.033404,0.855465,0.585878,0.034512,0.07578,0.806126,-0.312718,0.05999,0.307725,0.900216
0.48514,-0.177373,0.033231,0.855439,0.585843,0.034293,0.075625,0.806176,-0.312718,0.05999,0.307783,0.900197
0.485092,-0.177513,0.033126,0.85544,0.585829,0.034171,0.075488,0.806205,-0.312754,0.060024,0.30778,0.900184
0.485043,-0.177549,0.03314,0.85546,0.585857,0.034091,0.075449,0.806191,-0.312754,0.060055,0.307798,0.900176
0.485037,-0.177541,0.033189,0.855464,0.585901,0.034094,0.075391,0.806164,-0.312764,0.060048,0.30781,0.90017
0.48506,-0.177548,0.033176,0.85545,0.58599,0.034075,0.075317,0.806107,-0.312753,0.060104,0.307807,0.900171
0.485087,-0.177603,0.033191,0.855422,0.58607,0.034021,0.075227,0.806059,-0.312742,0.060161,0.307782,0.90018
0.485196,-0.177661,0.033155,0.85535,0.586192,0.033985,0.075128,0.80598,-0.312708,0.060164,0.30771,0.900216
0.485276,-0.177695,0.033089,0.855299,0.586331,0.033943,0.075017,0.805891,-0.312706,0.060227,0.307716,0.900212
0.485391,-0.177708,0.033033,0.855234,0.586472,0.033944,0.07491,0.805797,-0.312716,0.060359,0.30765,0.900225
0.485491,-0.177772,0.032975,0.855166,0.586613,0.033962,0.074818,0.805703,-0.312768,0.060428,0.307575,0.900229
0.485646,-0.177671,0.032962,0.8551,0.586814,0.034086,0.074852,0.805546,-0.312746,0.060515,0.307556,0.900238
0.485823,-0.177516,0.032979,0.855031,0.587004,0.034312,0.074998,0.805384,-0.312755,0.060547,0.30755,0.900236
0.486028,-0.177328,0.033133,0.854949,0.587181,0.034473,0.075035,0.805245,-0.312708,0.060588,0.307474,0.900276
0.486241,-0.177198,0.033173,0.854854,0.587361,0.034519,0.074911,0.805122,-0.312697,0.060604,0.307385,0.900308
0.486421,-0.177163,0.033115,0.85476,0.587458,0.034453,0.074668,0.805076,-0.312666,0.060634,0.30733,0.900336
0.486509,-0.177228,0.032945,0.854704,0.587515,0.034398,0.074461,0.805057,-0.312638,0.060609,0.307247,0.900374
0.486515,-0.177354,0.032687,0.854683,0.587544,0.034355,0.07436,0.805047,-0.312618,0.06062,0.307197,0.900397
0.486593,-0.177417,0.032587,0.854628,0.587645,0.034411,0.074353,0.804971,-0.312569,0.060653,0.307201,0.900411
0.486709,-0.177328,0.032589,0.854581,0.587715,0.034548,0.074428,0.804907,-0.312512,0.060684,0.307111,0.900458
0.486857,-0.177146,0.032649,0.854533,0.587826,0.034698,0.074571,0.804805,-0.3125,0.060631,0.307121,0.900461
0.486959,-0.176988,0.032722,0.854505,0.587954,0.034816,0.074631,0.804701,-0.312455,0.060635,0.307098,0.900484
0.487008,-0.176935,0.032782,0.854487,0.588031,0.034905,0.074686,0.804636,-0.312446,0.060591,0.307045,0.900508
0.487058,-0.176911,0.03272,0.854466,0.588118,0.034875,0.074626,0.804578,-0.312444,0.060563,0.306974,0.900533
0.487105,-0.176983,0.032658,0.854426,0.588213,0.034889,0.074604,0.80451,-0.312464,0.060529,0.306958,0.900533
0.487103,-0.177064,0.032617,0.854411,0.588269,0.034924,0.074659,0.804461,-0.312488,0.060439,0.306929,0.900538
0.487143,-0.177023,0.032623,0.854397,0.588323,0.035053,0.07485,0.804398,-0.312478,0.060421,0.306891,0.900554
0.487161,-0.176901,0.032711,0.854408,0.588373,0.035181,0.075026,0.80434,-0.312527,0.060386,0.306844,0.900555
0.487157,-0.176738,0.032859,0.854441,0.588393,0.035338,0.075248,0.804298,-0.312591,0.060315,0.306767,0.900562
0.487148,-0.176638,0.03304,0.85446,0.588368,0.03547,0.075422,0.804293,-0.312636,0.060239,0.306683,0.900577
0.487093,-0.176531,0.033155,0.85451,0.588348,0.035574,0.075613,0.804286,-0.312649,0.060183,0.306631,0.900592
0.487097,-0.176481,0.033259,0.854514,0.588325,0.035569,0.075669,0.804298,-0.312645,0.060099,0.306603,0.900606
0.487079,-0.176496,0.033267,0.85452,0.588245,0.035444,0.075637,0.804365,-0.312682,0.060034,0.306615,0.900593
0.487043,-0.17663,0.033169,0.854517,0.58818,0.035186,0.075503,0.804436,-0.312684,0.059935,0.306603,0.900601
0.487021,-0.176792,0.032985,0.854502,0.588113,0.034994,0.075408,0.804504,-0.312736,0.059893,0.306597,0.900587
0.486952,-0.176939,0.032914,0.854514,0.588141,0.034927,0.075386,0.804487,-0.312776,0.059837,0.306601,0.900574
0.486959,-0.176936,0.032896,0.854511,0.588183,0.034912,0.075447,0.804452,-0.312789,0.059846,0.306587,0.900574
0.486975,-0.176908,0.032982,0.854504,0.588229,0.034947,0.075585,0.804403,-0.312777,0.059822,0.30652,0.900601
0.486999,-0.176891,0.033057,0.854492,0.588267,0.034976,0.075725,0.804361,-0.312754,0.059827,0.306448,0.900632
0.487091,-0.176811,0.03316,0.854452,0.588361,0.034998,0.075895,0.804275,-0.312735,0.0598,0.306469,0.900633
0.487118,-0.17684,0.0332,0.85443,0.588479,0.034955,0.076075,0.804173,-0.312734,0.059783,0.30648,0.90063
0.487191,-0.176869,0.033239,0.85438,0.588623,0.03497,0.076179,0.804057,-0.312721,0.059845,0.306431,0.900648
0.487247,-0.176863,0.033244,0.85435,0.588719,0.034974,0.076243,0.80398,-0.312654,0.059895,0.306457,0.900661
0.4873,-0.176871,0.033273,0.854316,0.588805,0.035021,0.076322,0.803907,-0.312645,0.059894,0.306486,0.900654
0.48735,-0.176848,0.033327,0.854291,0.588845,0.034986,0.076324,0.803879,-0.312632,0.059983,0.306489,0.900654
0.487381,-0.176873,0.033347,0.854268,0.588907,0.034993,0.076277,0.803837,-0.312582,0.059999,0.306469,0.900677
0.487369,-0.176959,0.033313,0.854258,0.588891,0.034915,0.076247,0.803856,-0.312578,0.060035,0.306491,0.90067
0.487316,-0.176981,0.033308,0.854283,0.588876,0.034817,0.076195,0.803875,-0.312547,0.060071,0.30652,0.900669
0.487275,-0.176974,0.033313,0.854309,0.588867,0.034751,0.076129,0.803891,-0.312561,0.06009,0.30653,0.90066
0.487161,-0.17705,0.033258,0.85436,0.588785,0.034702,0.076118,0.803955,-0.312564,0.06005,0.306564,0.900649
0.487107,-0.177101,0.033218,0.85438,0.588718,0.034707,0.076107,0.804005,-0.312552,0.060025,0.306576,0.900651
0.487043,-0.177109,0.033156,0.854417,0.588711,0.034715,0.076154,0.804005,-0.312524,0.060119,0.306559,0.900662
0.486975,-0.177081,0.033144,0.854462,0.588695,0.034764,0.076178,0.804013,-0.312572,0.06014,0.306495,0.900665
0.486966,-0.177029,0.033153,0.854479,0.588671,0.034819,0.076235,0.804022,-0.312595,0.06013,0.306498,0.900658
0.486928,-0.176989,0.033187,0.854507,0.588631,0.03494,0.076364,0.804035,-0.312633,0.060107,0.306479,0.900651
0.486945,-0.1769,0.033252,0.854514,0.58859,0.035058,0.0765,0.804046,-0.312686,0.060186,0.306407,0.900653
0.486946,-0.176799,0.033336,0.854532,0.588597,0.035112,0.076607,0.804029,-0.312708,0.060195,0.306342,0.900666
0.486938,-0.176801,0.03333,0.854535,0.588605,0.035146,0.076626,0.804019,-0.312744,0.060272,0.306317,0.900659
0.486952,-0.176841,0.033287,0.85452,0.588605,0.035117,0.076598,0.804024,-0.312797,0.060298,0.30626,0.900658
0.486901,-0.176882,0.033248,0.854542,0.588616,0.03503,0.076607,0.804018,-0.312876,0.06032,0.30617,0.90066
0.486888,-0.176838,0.033199,0.854561,0.588562,0.035009,0.076591,0.804061,-0.312913,0.06034,0.306142,0.900655
0.486857,-0.176816,0.033209,0.854582,0.588533,0.034994,0.076682,0.804074,-0.313002,0.060343,0.306126,0.900629
0.486765,-0.176815,0.033248,0.854634,0.588502,0.03497,0.076763,0.80409,-0.313015,0.060421,0.306117,0.900624
0.486711,-0.176817,0.033293,0.854662,0.588483,0.034913,0.076826,0.804101,-0.313031,0.06049,0.306129,0.900612
0.486665,-0.176781,0.03332,0.854695,0.588477,0.034893,0.076953,0.804094,-0.313053,0.060531,0.306117,0.900607
0.486601,-0.176788,0.03336,0.854729,0.58842,0.034853,0.07702,0.80413,-0.313093,0.060542,0.306127,0.900588
0.48654,-0.176791,0.033468,0.854759,0.588336,0.034869,0.077068,0.804187,-0.313093,0.060558,0.306092,0.900599
0.486484,-0.176803,0.033534,0.854785,0.588238,0.034811,0.077142,0.804254,-0.313105,0.060517,0.306152,0.900578
0.486399,-0.176855,0.033558,0.854822,0.588143,0.034759,0.077177,0.804323,-0.313117,0.060501,0.30623,0.900548
0.486335,-0.176897,0.033583,0.854849,0.588051,0.034645,0.077169,0.804396,-0.313102,0.060531,0.306254,0.900544
0.486315,-0.176999,0.033513,0.854841,0.588,0.034536,0.077215,0.804435,-0.31314,0.060515,0.306242,0.900536
0.486289,-0.177069,0.033441,0.854844,0.588014,0.034436,0.077238,0.804426,-0.313186,0.060487,0.306256,0.900516
0.486253,-0.177056,0.03344,0.854867,0.588022,0.034345,0.077124,0.804435,-0.31316,0.060509,0.306254,0.900526
0.486296,-0.17708,0.033494,0.854836,0.588044,0.034358,0.07709,0.804422,-0.31315,0.060497,0.306157,0.900561
0.486377,-0.177086,0.033516,0.854789,0.588107,0.034369,0.077168,0.804367,-0.313135,0.060503,0.306141,0.900571
0.486385,-0.177098,0.033483,0.854782,0.588194,0.034358,0.077319,0.80429,-0.313075,0.060521,0.306075,0.900613
0.486485,-0.177017,0.033485,0.854742,0.588303,0.034423,0.077446,0.804194,-0.313012,0.060544,0.306046,0.900644
0.486589,-0.176941,0.033576,0.854695,0.58841,0.034421,0.077478,0.804113,-0.31294,0.060567,0.306042,0.900669
0.486681,-0.1769,0.033694,0.854648,0.588515,0.034422,0.077412,0.804041,-0.312837,0.06063,0.306046,0.900699
0.486769,-0.17687,0.03374,0.854602,0.588564,0.034436,0.077273,0.804019,-0.312748,0.060692,0.306022,0.900736
0.486873,-0.176875,0.033783,0.854541,0.58862,0.034457,0.077092,0.803994,-0.312689,0.060713,0.306066,0.90074
0.486919,-0.176927,0.033757,0.854505,0.588686,0.034414,0.076957,0.80396,-0.312612,0.060731,0.306036,0.900776
0.486931,-0.177035,0.033709,0.854477,0.588795,0.034427,0.076973,0.803878,-0.312547,0.060711,0.306056,0.900793
0.487015,-0.177119,0.033649,0.854414,0.588935,0.03436,0.07707,0.803768,-0.312462,0.060762,0.306081,0.900812
0.487099,-0.177081,0.033752,0.85437,0.589071,0.034366,0.077185,0.803656,-0.31243,0.060781,0.306081,0.900822
0.487233,-0.177022,0.033934,0.854301,0.589171,0.034446,0.07734,0.803565,-0.3124,0.060827,0.306011,0.900853
0.487295,-0.176993,0.034108,0.854264,0.589243,0.034509,0.077495,0.803494,-0.312382,0.060885,0.306015,0.900855
0.487328,-0.176964,0.034252,0.854247,0.589299,0.034543,0.077731,0.803429,-0.312422,0.060875,0.306068,0.900825
0.487325,-0.176934,0.034333,0.854252,0.589326,0.03455,0.078047,0.803378,-0.312418,0.060914,0.306088,0.900818
0.487285,-0.176914,0.034432,0.854275,0.589376,0.034582,0.078333,0.80331,-0.312435,0.060924,0.30619,0.900777
0.487236,-0.176847,0.034528,0.854314,0.58941,0.034592,0.078553,0.803265,-0.312421,0.060953,0.306222,0.900771
0.487253,-0.17673,0.034695,0.854322,0.589422,0.03459,0.078585,0.803252,-0.312443,0.060992,0.30622,0.900762
0.487241,-0.176686,0.034833,0.854333,0.589375,0.034564,0.078507,0.803296,-0.31249,0.061039,0.306184,0.900755
0.487223,-0.176671,0.034847,0.854346,0.589218,0.034588,0.078439,0.803417,-0.312516,0.061057,0.306161,0.900753
0.48715,-0.17673,0.034841,0.854375,0.589083,0.034522,0.078348,0.803527,-0.312506,0.061092,0.306145,0.90076
0.487056,-0.176762,0.034748,0.854425,0.588949,0.034433,0.078206,0.803644,-0.312495,0.061083,0.306056,0.900793
0.487013,-0.17679,0.034631,0.854448,0.58887,0.034364,0.078014,0.803725,-0.312527,0.061109,0.306027,0.90079
0.486901,-0.176819,0.034484,0.854512,0.588791,0.034386,0.077985,0.803785,-0.31255,0.061157,0.305961,0.900802
0.486837,-0.17684,0.034451,0.854545,0.588739,0.034482,0.077969,0.80382,-0.31254,0.061187,0.305873,0.900833
0.486784,-0.176745,0.034458,0.854594,0.588704,0.034598,0.078025,0.803836,-0.312555,0.061193,0.305842,0.900838
0.486704,-0.176687,0.034507,0.85465,0.588659,0.034612,0.078061,0.803864,-0.312631,0.061188,0.305878,0.900801
0.486642,-0.176676,0.0345,0.854687,0.588625,0.03461,0.078078,0.803888,-0.312674,0.061182,0.305801,0.900811
0.486625,-0.176688,0.034461,0.854697,0.588614,0.034591,0.078089,0.803896,-0.312709,0.061206,0.30578,0.900806
0.486585,-0.176658,0.034502,0.854724,0.588607,0.034536,0.078193,0.803894,-0.312734,0.061212,0.305792,0.900792
0.486544,-0.176617,0.034567,0.854754,0.58857,0.034555,0.078224,0.803917,-0.312721,0.061196,0.305811,0.900791
0.486508,-0.176592,0.03465,0.854775,0.58855,0.034536,0.078315,0.803923,-0.312714,0.061181,0.305821,0.900791
0.48644,-0.176627,0.03472,0.854805,0.58854,0.034484,0.078448,0.80392,-0.312755,0.061154,0.305807,0.900782
0.486369,-0.176629,0.03479,0.854841,0.588564,0.034442,0.078617,0.803888,-0.312743,0.061192,0.305887,0.900758
0.486344,-0.176622,0.034879,0.854854,0.588592,0.03441,0.078764,0.803855,-0.312793,0.061232,0.305912,0.900731
0.486311,-0.176602,0.03506,0.85487,0.588573,0.034358,0.078868,0.80386,-0.312752,0.061253,0.305943,0.900734
0.486318,-0.176586,0.035202,0.854865,0.588567,0.034326,0.078912,0.803862,-0.312714,0.061275,0.30598,0.900734
0.486288,-0.17663,0.035258,0.85487,0.588561,0.034287,0.079007,0.803858,-0.312672,0.061349,0.306021,0.900732
0.486292,-0.176637,0.035265,0.854866,0.58853,0.034283,0.079121,0.80387,-0.312617,0.061356,0.306071,0.900733
0.486313,-0.176649,0.035271,0.854852,0.588515,0.034248,0.079201,0.803875,-0.312601,0.061398,0.306106,0.900725
0.486313,-0.176676,0.035356,0.854842,0.588495,0.034236,0.079301,0.80388,-0.31259,0.061509,0.306118,0.900721
0.486308,-0.176707,0.035461,0.854835,0.588481,0.034294,0.079296,0.803889,-0.312578,0.061559,0.30616,0.900708
0.486269,-0.176669,0.035501,0.854865,0.588476,0.034319,0.079291,0.803891,-0.312574,0.061606,0.306188,0.900699
0.486222,-0.176662,0.035514,0.854891,0.588442,0.03437,0.079349,0.803908,-0.312494,0.061664,0.306227,0.900711
0.486169,-0.176679,0.035544,0.854917,0.588464,0.034494,0.079448,0.803877,-0.312485,0.061734,0.306263,0.900699
0.486121,-0.176566,0.035613,0.854965,0.588429,0.03464,0.07955,0.803887,-0.312442,0.061789,0.306277,0.900706
0.486138,-0.176393,0.035746,0.854987,0.588388,0.034803,0.07957,0.803908,-0.312452,0.061848,0.306229,0.900716
0.486153,-0.176266,0.035844,0.855001,0.588337,0.03488,0.079481,0.803951,-0.31247,0.061909,0.306211,0.900713
0.486056,-0.176276,0.035859,0.855053,0.588266,0.034889,0.079384,0.804013,-0.312501,0.06198,0.306139,0.900722
0.486002,-0.176278,0.035835,0.855084,0.588192,0.034895,0.079296,0.804075,-0.312462,0.062019,0.306111,0.900743
0.485964,-0.176225,0.035791,0.855118,0.588158,0.034893,0.079318,0.804098,-0.312426,0.062084,0.306069,0.900766
0.485957,-0.176249,0.035774,0.855118,0.58815,0.034913,0.07932,0.804103,-0.312419,0.062149,0.306078,0.900763
0.485932,-0.176226,0.035806,0.855136,0.588154,0.03488,0.079318,0.804102,-0.312444,0.062177,0.306069,0.900755
0.485878,-0.176215,0.035921,0.855165,0.588169,0.034869,0.079351,0.804088,-0.312455,0.062164,0.306075,0.90075
0.485865,-0.176147,0.036015,0.855182,0.588201,0.034821,0.079476,0.804054,-0.312429,0.062196,0.306102,0.900749
0.485878,-0.176122,0.036114,0.855176,0.588248,0.034751,0.079654,0.804005,-0.312408,0.06227,0.306165,0.900732
0.485866,-0.176141,0.036171,0.855176,0.588299,0.034693,0.079788,0.803956,-0.312394,0.06227,0.306205,0.900723
0.485889,-0.176145,0.03626,0.85516,0.588334,0.034648,0.079919,0.803919,-0.31236,0.062254,0.30623,0.900727
0.485951,-0.176137,0.036322,0.855124,0.588376,0.034678,0.079975,0.803881,-0.312341,0.062226,0.306269,0.900723
0.485928,-0.176171,0.036416,0.855126,0.588412,0.034702,0.080043,0.803848,-0.312268,0.062208,0.306282,0.900745
0.485889,-0.176227,0.036432,0.855137,0.588428,0.034683,0.080065,0.803834,-0.312264,0.062192,0.306295,0.900742
0.485916,-0.176244,0.036488,0.855115,0.588403,0.034676,0.080056,0.803854,-0.31228,0.062212,0.30627,0.900744
0.485908,-0.17622,0.03653,0.855122,0.588369,0.034608,0.080008,0.803886,-0.312327,0.062216,0.306244,0.900736
0.485882,-0.176261,0.036489,0.855131,0.588319,0.03458,0.07995,0.80393,-0.312276,0.062224,0.306246,0.900753
0.485898,-0.176323,0.036374,0.855113,0.58829,0.034552,0.079913,0.803957,-0.312217,0.06224,0.306268,0.900765
0.485911,-0.176301,0.036341,0.855111,0.588305,0.034583,0.079906,0.803944,-0.312196,0.062276,0.306235,0.900781
0.485933,-0.176189,0.036344,0.855122,0.588294,0.034693,0.079864,0.803952,-0.312178,0.062308,0.30615,0.900814
0.485936,-0.176078,0.036357,0.855143,0.588254,0.034836,0.079895,0.803973,-0.312131,0.062353,0.306098,0.900846
0.485956,-0.176027,0.036423,0.855139,0.588247,0.034893,0.079871,0.803978,-0.312115,0.062449,0.306045,0.900864
0.485969,-0.176013,0.036445,0.855135,0.588207,0.034895,0.079826,0.804012,-0.312069,0.062525,0.306007,0.900889
0.485949,-0.175961,0.036392,0.855159,0.588212,0.034914,0.079742,0.804015,-0.312054,0.06253,0.306035,0.900884
0.485916,-0.176003,0.036356,0.85517,0.588241,0.034965,0.079752,0.803991,-0.312013,0.062557,0.306083,0.900881
0.485938,-0.175939,0.036427,0.855168,0.58825,0.035021,0.079803,0.803976,-0.312009,0.062616,0.306085,0.900879
0.485979,-0.17587,0.036504,0.855156,0.588296,0.035076,0.079786,0.803942,-0.311967,0.062668,0.306157,0.900867
0.486039,-0.175786,0.036601,0.855136,0.58833,0.035165,0.079922,0.803899,-0.311943,0.062726,0.30625,0.900842
0.486071,-0.175672,0.036687,0.855138,0.588375,0.035271,0.080025,0.803851,-0.311941,0.062749,0.306244,0.900843
0.486106,-0.175642,0.036724,0.855123,0.588448,0.035294,0.080026,0.803798,-0.311936,0.062815,0.306252,0.900839
0.486174,-0.175621,0.036701,0.855089,0.588526,0.035257,0.080053,0.803738,-0.311934,0.06286,0.306316,0.900817
0.486221,-0.175617,0.036711,0.855063,0.588562,0.035213,0.080028,0.803716,-0.311857,0.062902,0.306312,0.900842
0.48627,-0.175643,0.036721,0.85503,0.58861,0.035196,0.080027,0.803682,-0.311889,0.062952,0.306375,0.900808
0.486313,-0.175659,0.036754,0.855001,0.588633,0.035135,0.080021,0.803667,-0.311887,0.062974,0.30649,0.900771
0.486295,-0.175691,0.036791,0.855003,0.588641,0.035123,0.079995,0.803665,-0.311877,0.063048,0.306581,0.900741
0.486351,-0.175728,0.036774,0.854965,0.588686,0.035178,0.080067,0.803623,-0.311824,0.063028,0.306577,0.900761
0.486375,-0.175724,0.036793,0.854951,0.588734,0.0352,0.080053,0.803588,-0.311819,0.063055,0.30653,0.900777
0.486444,-0.175698,0.036812,0.854916,0.588783,0.035235,0.080063,0.803549,-0.311841,0.063075,0.306481,0.900785
0.48651,-0.175661,0.036835,0.854885,0.588831,0.035298,0.08002,0.803515,-0.311868,0.063094,0.306401,0.9008
0.486543,-0.175651,0.036768,0.854871,0.58886,0.035303,0.080021,0.803494,-0.311861,0.063098,0.306408,0.900801
0.486613,-0.175696,0.036628,0.854828,0.58895,0.03534,0.080009,0.803427,-0.311915,0.063117,0.306353,0.900799
0.486617,-0.175717,0.036563,0.854824,0.589016,0.035358,0.079967,0.803381,-0.311974,0.063159,0.306248,0.900811
0.486609,-0.175721,0.03652,0.854829,0.589064,0.0354,0.079944,0.803346,-0.312027,0.063134,0.306119,0.900837
0.486666,-0.175677,0.036479,0.854807,0.589075,0.035489,0.079994,0.80333,-0.312041,0.063095,0.306134,0.900829
0.486666,-0.175684,0.036431,0.854808,0.589094,0.035541,0.080113,0.803301,-0.312022,0.063069,0.306143,0.900834
0.486677,-0.17569,0.036448,0.854799,0.589153,0.035547,0.080197,0.803249,-0.311972,0.063117,0.306153,0.900846
0.486661,-0.17569,0.036526,0.854806,0.58921,0.035573,0.080255,0.8032,-0.311987,0.063176,0.306139,0.900842
0.486729,-0.175652,0.036629,0.854771,0.589259,0.035546,0.080306,0.80316,-0.312032,0.063205,0.306118,0.900832
0.486772,-0.175669,0.036743,0.854739,0.589295,0.035469,0.080384,0.803129,-0.312077,0.063267,0.306114,0.900815
0.486754,-0.175724,0.036789,0.854735,0.589308,0.035379,0.080566,0.803105,-0.312112,0.063265,0.306238,0.900762
0.486815,-0.17573,0.036902,0.854695,0.589386,0.035305,0.080683,0.803039,-0.312152,0.063332,0.306254,0.90074
0.486865,-0.175691,0.03702,0.85467,0.589393,0.035225,0.080774,0.803029,-0.312193,0.063366,0.306288,0.900712
0.486896,-0.175758,0.037186,0.854632,0.58945,0.035219,0.080835,0.80298,-0.312252,0.063388,0.306314,0.900683
0.486918,-0.17578,0.037249,0.854612,0.589461,0.035179,0.080903,0.802967,-0.312309,0.063415,0.306288,0.90067
0.486933,-0.175857,0.037292,0.854586,0.589498,0.035055,0.080908,0.802945,-0.312387,0.063407,0.306361,0.90062
0.486925,-0.175917,0.037276,0.854579,0.589524,0.03495,0.080834,0.802938,-0.312469,0.063374,0.306348,0.900597
0.486913,-0.17599,0.037201,0.854574,0.589515,0.034886,0.080787,0.802952,-0.312516,0.063324,0.30633,0.900589
0.486953,-0.176068,0.037209,0.854534,0.589472,0.034872,0.080748,0.802987,-0.312566,0.063358,0.306314,0.900576
0.4869,-0.176115,0.037191,0.854556,0.589432,0.034826,0.08077,0.803017,-0.312638,0.063363,0.306299,0.900556
0.486855,-0.176086,0.037221,0.854587,0.589428,0.034804,0.080806,0.803017,-0.31265,0.063333,0.306307,0.900551
0.486794,-0.176031,0.037302,0.854629,0.589415,0.034857,0.080875,0.803019,-0.312705,0.063318,0.306329,0.900525
0.486741,-0.176013,0.037401,0.854659,0.589365,0.034891,0.081001,0.80304,-0.312742,0.063314,0.306329,0.900512
0.486684,-0.175983,0.037459,0.854695,0.58929,0.034898,0.081207,0.803074,-0.312806,0.063296,0.306292,0.900503
0.486565,-0.175977,0.037459,0.854764,0.58922,0.034799,0.081346,0.803116,-0.312869,0.063284,0.30632,0.900473
0.486493,-0.176025,0.037514,0.854793,0.589137,0.034769,0.081418,0.803172,-0.312928,0.063251,0.306329,0.900452
0.486407,-0.176044,0.037551,0.854836,0.589059,0.034766,0.081492,0.803222,-0.312982,0.063255,0.306305,0.90044
0.486266,-0.176021,0.037621,0.854919,0.588971,0.034821,0.081534,0.80328,-0.313036,0.063304,0.306231,0.900443
0.486189,-0.175964,0.037602,0.854974,0.588874,0.03479,0.081557,0.80335,-0.313107,0.063288,0.306283,0.900403
0.486142,-0.175947,0.037586,0.855005,0.588794,0.034774,0.081491,0.803418,-0.313158,0.063237,0.306287,0.900386
0.48613,-0.175876,0.037583,0.855028,0.588697,0.034824,0.08145,0.80349,-0.313114,0.063239,0.306286,0.900401
0.486091,-0.175855,0.037498,0.855057,0.588649,0.0349,0.081438,0.803524,-0.313155,0.06322,0.306221,0.90041
0.486061,-0.175775,0.03744,0.855093,0.588597,0.034933,0.081399,0.803565,-0.313166,0.063225,0.306193,0.900416
0.486105,-0.175736,0.037373,0.855079,0.588632,0.034927,0.081309,0.803548,-0.313206,0.063184,0.306098,0.900435
0.486093,-0.175719,0.037341,0.85509,0.588669,0.034902,0.081177,0.803535,-0.313222,0.063205,0.306019,0.900455
0.486103,-0.175725,0.037282,0.855086,0.588726,0.034925,0.081139,0.803496,-0.313176,0.063207,0.305994,0.900478
0.486145,-0.175685,0.037232,0.855072,0.588754,0.034992,0.081195,0.803467,-0.31313,0.063271,0.305947,0.900506
0.486221,-0.175679,0.037255,0.855029,0.588821,0.035032,0.081198,0.803416,-0.313093,0.063325,0.305905,0.90053
0.486279,-0.175658,0.037249,0.855001,0.588903,0.034955,0.081028,0.803375,-0.313128,0.063392,0.305884,0.900522
0.486329,-0.1757,0.037233,0.854965,0.589007,0.034854,0.080814,0.803325,-0.313149,0.063365,0.305847,0.900528
0.486412,-0.175737,0.037123,0.854913,0.589071,0.034835,0.080701,0.80329,-0.313115,0.06333,0.305853,0.900539
0.486439,-0.175773,0.037058,0.854894,0.589172,0.034821,0.080731,0.803212,-0.313086,0.063306,0.305848,0.900552
0.486557,-0.175738,0.037053,0.854835,0.589287,0.03484,0.080798,0.803121,-0.313078,0.06328,0.305845,0.900557
0.486621,-0.175639,0.037179,0.854813,0.589381,0.034879,0.080811,0.803049,-0.313057,0.063259,0.305912,0.900544
0.486675,-0.175577,0.037276,0.854792,0.589425,0.034865,0.080766,0.803021,-0.31304,0.06328,0.305899,0.900553
0.486696,-0.175581,0.037348,0.854776,0.589424,0.034838,0.080804,0.80302,-0.313016,0.063307,0.305857,0.900574
0.486661,-0.175617,0.037329,0.854789,0.58941,0.034775,0.08087,0.803026,-0.313027,0.063267,0.305898,0.900558
0.486683,-0.175648,0.037271,0.854773,0.589432,0.034704,0.08085,0.803015,-0.313,0.063268,0.305892,0.900569
0.486692,-0.175631,0.03723,0.854773,0.58949,0.034733,0.080872,0.802969,-0.312988,0.063256,0.305952,0.900554
0.486724,-0.175626,0.037283,0.854754,0.589482,0.034811,0.080913,0.802966,-0.312972,0.063263,0.305935,0.900565
0.486753,-0.175571,0.037321,0.854747,0.589465,0.034873,0.080963,0.802972,-0.312943,0.063206,0.30597,0.900566
0.486749,-0.175495,0.037357,0.854764,0.589533,0.034906,0.081015,0.802915,-0.312895,0.063226,0.305941,0.900591
0.486783,-0.175443,0.037397,0.854753,0.589569,0.034887,0.080943,0.802897,-0.3129,0.063226,0.305863,0.900615
0.486849,-0.175443,0.037327,0.854719,0.58964,0.034879,0.080804,0.802858,-0.312876,0.063248,0.305807,0.900641
0.486882,-0.175506,0.037189,0.854692,0.589692,0.034945,0.080708,0.802827,-0.312888,0.06325,0.305778,0.900646
0.48691,-0.175541,0.037058,0.854675,0.589688,0.035021,0.080662,0.802831,-0.312891,0.063322,0.305745,0.900653
0.486956,-0.175478,0.037014,0.854663,0.589685,0.035134,0.080702,0.802824,-0.312905,0.063335,0.305664,0.900674
0.486989,-0.175327,0.037076,0.854672,0.589691,0.035258,0.080731,0.802811,-0.313005,0.063361,0.305659,0.90064
0.487055,-0.175135,0.037178,0.854671,0.589728,0.035386,0.080785,0.802772,-0.313052,0.063424,0.305629,0.900631
0.487074,-0.174967,0.03728,0.854691,0.58972,0.035545,0.080839,0.802766,-0.313105,0.063513,0.305676,0.900592
0.487091,-0.174813,0.037288,0.854712,0.589649,0.035656,0.0809,0.802807,-0.313147,0.063607,0.305737,0.900553
0.487057,-0.174737,0.03732,0.854746,0.589563,0.035732,0.080896,0.802868,-0.313175,0.063708,0.305769,0.900528
0.486997,-0.174713,0.037348,0.854784,0.589521,0.035786,0.08087,0.802899,-0.313227,0.063809,0.305776,0.900502
0.486945,-0.174718,0.037343,0.854812,0.589419,0.03586,0.080817,0.802977,-0.313295,0.063942,0.305815,0.900459
0.486918,-0.17463,0.037285,0.854849,0.589339,0.035943,0.080796,0.803034,-0.31334,0.063991,0.305812,0.900442
0.486834,-0.17458,0.037306,0.854906,0.58928,0.035984,0.080913,0.803064,-0.313425,0.064077,0.305757,0.900427
0.486816,-0.174498,0.037279,0.854934,0.589242,0.03615,0.081092,0.803067,-0.313452,0.064153,0.305755,0.900414
0.48682,-0.17436,0.037345,0.854957,0.589226,0.036283,0.08123,0.803058,-0.313459,0.064246,0.305754,0.900407
0.486829,-0.174169,0.037447,0.854988,0.589285,0.036409,0.081314,0.803001,-0.313495,0.064307,0.305808,0.900375
0.486851,-0.174,0.037552,0.855006,0.589283,0.036523,0.081446,0.802984,-0.31356,0.064406,0.30575,0.900366
0.48685,-0.173892,0.037638,0.855025,0.589295,0.036602,0.081448,0.802971,-0.313592,0.064484,0.305729,0.900359
0.486816,-0.173837,0.03767,0.855055,0.58932,0.036664,0.081539,0.80294,-0.313591,0.064523,0.305774,0.900342
0.486831,-0.173801,0.037652,0.855053,0.589341,0.036675,0.081556,0.802923,-0.313623,0.064536,0.305828,0.900312
0.486845,-0.173728,0.037622,0.855062,0.589354,0.036792,0.081588,0.802904,-0.31365,0.064554,0.305871,0.900288
0.486909,-0.173602,0.03765,0.85505,0.589368,0.036895,0.08159,0.80289,-0.313639,0.064619,0.305831,0.900301
0.486914,-0.173522,0.037669,0.855064,0.589408,0.036961,0.081516,0.802864,-0.313681,0.064643,0.30576,0.900309
0.486935,-0.173405,0.037672,0.855075,0.589423,0.03706,0.08146,0.802854,-0.313752,0.064643,0.305706,0.900302
0.486959,-0.173327,0.037635,0.855079,0.589455,0.037161,0.081381,0.802833,-0.313737,0.064686,0.305634,0.900329
0.487002,-0.173245,0.037579,0.855074,0.589457,0.037241,0.081335,0.802833,-0.313777,0.064708,0.305609,0.900322
0.486978,-0.173186,0.037575,0.855099,0.589451,0.037309,0.081387,0.802829,-0.313767,0.064714,0.305629,0.900319
0.486985,-0.17308,0.037536,0.855119,0.589405,0.037456,0.081347,0.802861,-0.313756,0.064716,0.305562,0.900344
0.486972,-0.173047,0.037488,0.855134,0.589364,0.037554,0.081236,0.802897,-0.313772,0.064776,0.305496,0.900357
0.486917,-0.173017,0.037426,0.855174,0.589307,0.037653,0.081249,0.802934,-0.313862,0.06476,0.305488,0.90033
0.486918,-0.172939,0.037379,0.855191,0.589265,0.037785,0.081299,0.802953,-0.313896,0.064773,0.305484,0.900319
0.48688,-0.172842,0.037332,0.855235,0.589147,0.037902,0.081393,0.803026,-0.313929,0.064769,0.305476,0.90031
0.486875,-0.172762,0.037376,0.855253,0.589066,0.037962,0.081374,0.803084,-0.313972,0.064736,0.305487,0.900293
0.486832,-0.172658,0.037405,0.855296,0.589063,0.038023,0.081396,0.803081,-0.314002,0.064756,0.305545,0.900263
0.486833,-0.172539,0.037419,0.855319,0.589011,0.038204,0.081547,0.803095,-0.314012,0.064788,0.305498,0.900273
0.486799,-0.172359,0.037434,0.855375,0.589006,0.03837,0.081714,0.803074,-0.314029,0.064782,0.305399,0.9003
0.486816,-0.17215,0.037533,0.855403,0.589012,0.038494,0.081835,0.803052,-0.314024,0.064788,0.305289,0.900337
0.486828,-0.17199,0.037631,0.855425,0.588971,0.038544,0.081842,0.803078,-0.314069,0.064766,0.305262,0.900332
0.486843,-0.171952,0.037617,0.855425,0.588875,0.038593,0.081702,0.803162,-0.314075,0.064756,0.305289,0.900322
0.486824,-0.171918,0.037536,0.855446,0.588852,0.038616,0.081469,0.803201,-0.314083,0.064734,0.305301,0.900316
0.486843,-0.171871,0.037493,0.855446,0.588828,0.038737,0.081315,0.803229,-0.314103,0.064719,0.305336,0.900298
0.486854,-0.171771,0.037529,0.855459,0.588833,0.038863,0.081365,0.803214,-0.314121,0.064682,0.305313,0.900302
0.486851,-0.171635,0.037531,0.855488,0.588801,0.039065,0.081566,0.803206,-0.314124,0.064614,0.305256,0.900323
0.486857,-0.171464,0.037499,0.855521,0.588789,0.039216,0.081715,0.803194,-0.314173,0.064601,0.305258,0.900306
0.486813,-0.171301,0.037516,0.855577,0.588717,0.03927,0.081697,0.803246,-0.314209,0.064609,0.30523,0.900302
0.486839,-0.17121,0.037484,0.855582,0.588689,0.039296,0.081566,0.803278,-0.314195,0.064623,0.305247,0.9003
0.486786,-0.171259,0.037363,0.855607,0.58861,0.039373,0.081476,0.803341,-0.314227,0.064637,0.30519,0.900308
0.486711,-0.171212,0.037301,0.855662,0.58849,0.039451,0.081364,0.803438,-0.314267,0.064601,0.305178,0.9003
0.486625,-0.171122,0.037289,0.85573,0.58838,0.039582,0.081376,0.803511,-0.314264,0.064544,0.305198,0.900296
0.486526,-0.17101,0.037258,0.855809,0.588281,0.039672,0.081564,0.803561,-0.314259,0.064464,0.305207,0.9003
0.486428,-0.171004,0.037129,0.855871,0.588247,0.039749,0.081765,0.803561,-0.314252,0.064427,0.305191,0.900309
0.486364,-0.170963,0.03702,0.85592,0.588232,0.039847,0.08191,0.803553,-0.314282,0.064408,0.305162,0.900309
0.486315,-0.170864,0.037069,0.855965,0.588174,0.039938,0.082016,0.80358,-0.314329,0.064427,0.305101,0.900312
0.486306,-0.170793,0.037122,0.855983,0.588141,0.040053,0.082067,0.803593,-0.314359,0.064444,0.305145,0.900286
0.48622,-0.170702,0.037201,0.856047,0.58802,0.040148,0.082067,0.803677,-0.314391,0.064382,0.305174,0.900268
0.486203,-0.170621,0.037235,0.856071,0.588008,0.040144,0.081902,0.803704,-0.314429,0.064306,0.305197,0.900251
0.486196,-0.170605,0.037168,0.856081,0.588006,0.040133,0.081811,0.803715,-0.314441,0.064288,0.305168,0.900258
0.486203,-0.170669,0.037071,0.856069,0.58799,0.040126,0.081743,0.803734,-0.314435,0.064238,0.305177,0.900259
0.486221,-0.170735,0.037005,0.856047,0.587998,0.040153,0.081708,0.803731,-0.314425,0.064199,0.305213,0.900253
0.486231,-0.170693,0.037034,0.856049,0.588027,0.040162,0.08171,0.803708,-0.314399,0.06421,0.305237,0.900254
0.486293,-0.170653,0.037126,0.856019,0.58812,0.040231,0.081672,0.803639,-0.314439,0.064177,0.305245,0.900239
0.486362,-0.170644,0.037149,0.85598,0.588241,0.040259,0.081635,0.803553,-0.314439,0.064131,0.305286,0.900228
0.486407,-0.170657,0.037154,0.855952,0.588299,0.040288,0.081637,0.803509,-0.31445,0.064053,0.305289,0.900227
0.486392,-0.17068,0.0371,0.855958,0.58832,0.040327,0.081694,0.803486,-0.314419,0.06405,0.305293,0.900236
0.486423,-0.17072,0.037094,0.855932,0.588357,0.040343,0.08178,0.803449,-0.314378,0.064053,0.305313,0.900243
0.486461,-0.170724,0.037162,0.855907,0.588403,0.040375,0.081875,0.803403,-0.314351,0.064094,0.305362,0.900234
0.486467,-0.1706,0.037284,0.855924,0.588403,0.040469,0.082006,0.803386,-0.314358,0.064135,0.305397,0.900219
0.48642,-0.170528,0.037397,0.855961,0.588356,0.040495,0.082056,0.803414,-0.31438,0.064111,0.305517,0.900173
0.486386,-0.170486,0.037458,0.855986,0.588238,0.040488,0.082018,0.803505,-0.314383,0.064104,0.305574,0.900154
0.48635,-0.170511,0.03747,0.856001,0.588154,0.040432,0.081964,0.803575,-0.314418,0.064085,0.3056,0.900135
0.486235,-0.170588,0.037369,0.856055,0.588067,0.040323,0.081896,0.803651,-0.314445,0.064091,0.305603,0.900124
0.486187,-0.170624,0.037248,0.85608,0.587973,0.040258,0.081895,0.803724,-0.314479,0.064077,0.305558,0.900127
0.486093,-0.170646,0.037231,0.856129,0.587931,0.040285,0.08195,0.803749,-0.314509,0.064098,0.305535,0.900123
0.486071,-0.1706,0.037276,0.856149,0.587867,0.040327,0.082138,0.803774,-0.314582,0.064113,0.305445,0.900127
0.486071,-0.17047,0.037354,0.856172,0.587819,0.040282,0.082226,0.803802,-0.314612,0.064173,0.305357,0.900142
0.486014,-0.170394,0.037404,0.856218,0.587803,0.040286,0.082295,0.803807,-0.314651,0.064146,0.305393,0.900118
0.485929,-0.170341,0.037478,0.856273,0.587772,0.040347,0.082437,0.803812,-0.314678,0.064165,0.305463,0.900085
0.485897,-0.170351,0.037494,0.856289,0.587783,0.040337,0.082528,0.803795,-0.314775,0.064133,0.305495,0.900043
0.485872,-0.170382,0.037553,0.856294,0.587797,0.040397,0.082643,0.80377,-0.314792,0.064123,0.305518,0.900029
0.485921,-0.170333,0.037627,0.856273,0.58785,0.040386,0.082653,0.803731,-0.314854,0.064076,0.305582,0.899989
0.48598,-0.17035,0.03767,0.856234,0.587969,0.040356,0.08265,0.803644,-0.314878,0.06405,0.305607,0.899973
0.48606,-0.170355,0.037674,0.856189,0.588063,0.040387,0.082673,0.803571,-0.314888,0.063977,0.305607,0.899974
0.486086,-0.170386,0.03772,0.856166,0.588129,0.04039,0.082743,0.803516,-0.314894,0.063985,0.305662,0.899953
0.486136,-0.170354,0.0378,0.85614,0.588215,0.040389,0.082811,0.803446,-0.314871,0.064026,0.305687,0.899951
0.48619,-0.170353,0.037933,0.856105,0.588243,0.040395,0.082901,0.803415,-0.314848,0.064095,0.305746,0.899936
0.48624,-0.170335,0.038044,0.856076,0.588279,0.040374,0.082937,0.803385,-0.314807,0.064078,0.305761,0.899947
0.486243,-0.170362,0.038159,0.856064,0.588253,0.04035,0.082915,0.803409,-0.3148,0.064059,0.305819,0.89993
0.486217,-0.170341,0.038206,0.856081,0.588186,0.040266,0.082898,0.803463,-0.314788,0.063978,0.305896,0.899914
0.486154,-0.170435,0.038201,0.856098,0.588111,0.04016,0.082864,0.803528,-0.314805,0.063956,0.305974,0.899883
0.486105,-0.170539,0.038156,0.856107,0.588037,0.040122,0.082798,0.803591,-0.314769,0.063924,0.306019,0.899882
0.486031,-0.170623,0.038124,0.856133,0.587919,0.040066,0.082793,0.803682,-0.314788,0.063881,0.306055,0.899867
0.485951,-0.170628,0.03811,0.856178,0.587855,0.040022,0.082784,0.803732,-0.314801,0.063809,0.306134,0.899839
0.485926,-0.170631,0.03813,0.85619,0.587879,0.040045,0.082788,0.803713,-0.314803,0.063672,0.306133,0.899845
0.485939,-0.170603,0.038185,0.856186,0.587881,0.040065,0.082844,0.803705,-0.314791,0.063609,0.306145,0.899849
0.485967,-0.170566,0.038197,0.856178,0.587928,0.040089,0.082982,0.803653,-0.314761,0.063567,0.306108,0.899874
0.485982,-0.170518,0.038173,0.85618,0.587953,0.040066,0.083,0.803635,-0.314758,0.063549,0.306115,0.899873
0.486004,-0.170542,0.038129,0.856165,0.587989,0.040142,0.083038,0.8036,-0.314758,0.063529,0.306083,0.899885
0.486017,-0.170517,0.038155,0.856161,0.588025,0.040154,0.083038,0.803574,-0.314743,0.063545,0.305974,0.899925
0.486085,-0.170508,0.038172,0.856124,0.58802,0.040146,0.083068,0.803575,-0.314769,0.063505,0.305946,0.899928
0.486105,-0.170453,0.038204,0.856122,0.588036,0.040155,0.083131,0.803556,-0.314791,0.063549,0.305889,0.899935
0.486128,-0.170419,0.038273,0.856113,0.588043,0.040174,0.083218,0.803541,-0.314799,0.0636,0.305878,0.899934
0.486131,-0.170403,0.038309,0.856113,0.58801,0.04019,0.083321,0.803553,-0.314833,0.063607,0.305894,0.899917
0.486058,-0.170356,0.038386,0.856161,0.587978,0.040218,0.083317,0.803577,-0.314878,0.063602,0.305907,0.899897
0.485986,-0.170336,0.038391,0.856205,0.587907,0.040178,0.08333,0.803629,-0.314888,0.063627,0.305898,0.899895
0.485901,-0.1704,0.038323,0.856244,0.587792,0.040062,0.083267,0.803726,-0.314952,0.063642,0.305864,0.899883
0.485846,-0.170459,0.038257,0.856265,0.58766,0.040016,0.083198,0.803833,-0.314964,0.063665,0.305827,0.899891
0.485704,-0.170423,0.038229,0.856354,0.587511,0.04002,0.083165,0.803946,-0.314995,0.063699,0.305792,0.899889
0.485561,-0.170354,0.038237,0.856449,0.587369,0.04008,0.083162,0.804048,-0.31502,0.063734,0.305794,0.899879
0.485484,-0.170315,0.038214,0.856501,0.587287,0.040115,0.083165,0.804105,-0.31506,0.063752,0.305752,0.899877
0.485429,-0.170238,0.038223,0.856547,0.587219,0.040137,0.083089,0.804163,-0.315048,0.063781,0.305699,0.899898
0.485425,-0.170179,0.03825,0.85656,0.587198,0.040204,0.082993,0.804184,-0.315029,0.063844,0.305584,0.899939
0.485377,-0.170075,0.038192,0.85661,0.587234,0.04029,0.082991,0.804153,-0.315019,0.063905,0.305512,0.899963
0.485413,-0.170026,0.038155,0.856601,0.587256,0.040366,0.083034,0.804129,-0.314998,0.063931,0.305459,0.899987
0.485475,-0.169968,0.038153,0.856578,0.587311,0.040404,0.083095,0.80408,-0.314967,0.063989,0.305406,0.900012
0.485519,-0.169897,0.038214,0.856565,0.587394,0.040534,0.083167,0.804006,-0.314916,0.064085,0.305343,0.900046
0.485634,-0.169802,0.038299,0.856515,0.587515,0.040636,0.083253,0.803903,-0.314892,0.064173,0.305342,0.90005
0.485778,-0.169719,0.03846,0.856444,0.587636,0.040692,0.083354,0.8038,-0.314812,0.064188,0.305338,0.900078
0.485864,-0.169661,0.038535,0.856403,0.587738,0.040633,0.083394,0.803724,-0.314736,0.064209,0.305322,0.900108
0.485921,-0.169663,0.038608,0.856368,0.587847,0.040538,0.08344,0.803643,-0.314687,0.064231,0.305348,0.900116
0.485963,-0.169688,0.038586,0.85634,0.587902,0.04048,0.083518,0.803597,-0.314586,0.064306,0.30534,0.90015
0.486049,-0.169699,0.038628,0.856288,0.587989,0.040513,0.083569,0.803527,-0.314515,0.06438,0.305379,0.900158
0.486042,-0.169709,0.038729,0.856285,0.588077,0.040477,0.08355,0.803466,-0.314474,0.064382,0.305373,0.900174
0.486101,-0.169746,0.038844,0.856239,0.588164,0.040468,0.083596,0.803398,-0.31444,0.064426,0.305326,0.9002
0.486117,-0.169778,0.038909,0.856222,0.588219,0.040471,0.08367,0.803349,-0.31435,0.06441,0.305355,0.900222
0.48611,-0.169834,0.038973,0.856211,0.588276,0.040432,0.08374,0.803302,-0.314267,0.064416,0.305367,0.900246
0.486172,-0.16985,0.03903,0.85617,0.588322,0.040443,0.083825,0.803259,-0.314229,0.064396,0.305409,0.900247
0.486203,-0.169787,0.039133,0.856162,0.588366,0.040494,0.083866,0.803219,-0.314174,0.064457,0.305436,0.900254
0.486257,-0.169708,0.039169,0.856145,0.588362,0.040482,0.083867,0.803222,-0.314129,0.064463,0.305429,0.900272
0.486227,-0.169735,0.039153,0.856158,0.588365,0.040432,0.083835,0.803226,-0.314139,0.064496,0.305414,0.900271
0.486218,-0.169766,0.039131,0.856157,0.588336,0.04033,0.083758,0.803261,-0.314153,0.064528,0.305428,0.90026
0.486191,-0.169818,0.039044,0.856166,0.588312,0.040278,0.083682,0.803289,-0.314134,0.064517,0.305441,0.900264
0.486186,-0.169779,0.039033,0.856177,0.58828,0.040323,0.083676,0.803312,-0.314115,0.064516,0.305409,0.90028
0.486152,-0.169693,0.039036,0.856214,0.588259,0.040469,0.083749,0.803311,-0.314186,0.064516,0.305376,0.900266
0.486138,-0.169557,0.039143,0.856244,0.588262,0.040627,0.083828,0.803294,-0.314185,0.064491,0.305418,0.900255
0.48614,-0.169405,0.039243,0.856269,0.58818,0.040798,0.083886,0.803338,-0.31421,0.064496,0.305388,0.900255
0.486095,-0.16925,0.039303,0.856323,0.58813,0.040956,0.083874,0.803369,-0.31425,0.064533,0.305276,0.900277
0.486052,-0.169175,0.039321,0.856361,0.588064,0.041056,0.083895,0.803411,-0.314308,0.06452,0.305167,0.900293
0.485976,-0.169144,0.039302,0.856412,0.588015,0.041093,0.083886,0.803445,-0.314346,0.064529,0.305115,0.900296
0.48595,-0.169187,0.039274,0.85642,0.587926,0.041098,0.083848,0.803514,-0.314472,0.064557,0.305021,0.900282
0.485876,-0.16915,0.039229,0.85647,0.587836,0.041084,0.083729,0.803594,-0.314503,0.064583,0.30498,0.900283
0.48581,-0.169155,0.039148,0.85651,0.587793,0.041068,0.083651,0.803634,-0.314573,0.064586,0.304984,0.900257
0.485783,-0.169147,0.039045,0.856531,0.58776,0.041025,0.083552,0.803671,-0.314599,0.064587,0.305015,0.900239
0.485745,-0.169124,0.039014,0.856558,0.587715,0.040982,0.0835,0.803712,-0.314594,0.064596,0.304995,0.900246
0.485778,-0.169134,0.039052,0.856536,0.587724,0.041035,0.083464,0.803707,-0.314612,0.064546,0.305025,0.900232
0.485792,-0.169091,0.039112,0.856535,0.587773,0.041117,0.083484,0.803664,-0.314614,0.064553,0.30501,0.900236
0.48577,-0.169058,0.039147,0.856551,0.587826,0.041166,0.0835,0.803621,-0.314595,0.064544,0.305017,0.900241
0.485741,-0.169063,0.039132,0.856568,0.587889,0.041157,0.083555,0.803569,-0.314587,0.064568,0.305043,0.900235
0.485765,-0.169059,0.039179,0.856553,0.587955,0.041146,0.083557,0.803521,-0.314562,0.064608,0.305028,0.900245
0.485771,-0.169012,0.039296,0.856554,0.587982,0.041237,0.083564,0.803497,-0.314586,0.06465,0.305007,0.900242
0.485795,-0.168981,0.03936,0.856544,0.588004,0.041275,0.083662,0.803468,-0.314531,0.06474,0.305056,0.900241
0.485753,-0.168986,0.039348,0.856568,0.587984,0.041293,0.083705,0.803477,-0.314516,0.064771,0.305095,0.900232
0.485697,-0.168936,0.039351,0.856609,0.588006,0.041238,0.083756,0.803458,-0.314525,0.064784,0.305109,0.900223
0.485655,-0.168971,0.039382,0.856624,0.588005,0.041205,0.083755,0.80346,-0.314536,0.064794,0.305102,0.900222
0.48559,-0.169014,0.039439,0.85665,0.58797,0.041167,0.083705,0.803494,-0.314559,0.064839,0.305165,0.90019
0.485559,-0.16904,0.039492,0.85666,0.587917,0.041158,0.083656,0.803538,-0.31457,0.064847,0.305246,0.900159
0.48553,-0.169032,0.039494,0.856678,0.587856,0.041155,0.083654,0.803583,-0.31456,0.06483,0.305201,0.900178
0.48552,-0.169044,0.039507,0.856681,0.587821,0.041163,0.08371,0.803603,-0.314581,0.064816,0.305221,0.900166
0.485496,-0.169045,0.039525,0.856694,0.587753,0.041187,0.08378,0.803645,-0.314594,0.064784,0.305237,0.900157
0.485459,-0.169069,0.039597,0.856706,0.587694,0.041318,0.083828,0.803676,-0.314585,0.064784,0.305217,0.900167
0.485415,-0.16901,0.039619,0.856742,0.587601,0.04141,0.083914,0.803731,-0.314621,0.064772,0.305195,0.900162
0.485376,-0.168953,0.039707,0.856773,0.587564,0.041436,0.083897,0.803758,-0.314608,0.064831,0.305146,0.90018
0.485329,-0.168933,0.03976,0.8568,0.587514,0.04142,0.083839,0.803802,-0.314625,0.064869,0.305126,0.900178
0.485272,-0.168871,0.039769,0.856844,0.587514,0.041405,0.083795,0.803808,-0.314632,0.064925,0.305105,0.90018
0.485266,-0.168803,0.039739,0.856863,0.587505,0.041464,0.08386,0.803804,-0.314635,0.064936,0.305052,0.900196
0.485274,-0.168709,0.039753,0.856876,0.587559,0.041556,0.083906,0.803756,-0.314684,0.065001,0.304969,0.900202
0.485397,-0.168572,0.039866,0.856829,0.587671,0.041567,0.083967,0.803666,-0.314736,0.065059,0.304956,0.900186
0.485448,-0.168459,0.039963,0.856819,0.587772,0.041605,0.083953,0.803592,-0.314753,0.065128,0.304934,0.900184
0.48556,-0.168361,0.040047,0.856771,0.587819,0.041774,0.083986,0.803543,-0.314765,0.065186,0.304897,0.900189
0.485643,-0.16831,0.04008,0.856733,0.58787,0.041916,0.084023,0.803495,-0.314759,0.065278,0.304895,0.900187
0.485732,-0.168252,0.040078,0.856695,0.587983,0.041949,0.084047,0.803408,-0.314762,0.065407,0.304795,0.900213
0.485826,-0.168226,0.040108,0.856644,0.588116,0.042032,0.084027,0.803308,-0.314795,0.065529,0.30474,0.900213
0.485977,-0.168099,0.040224,0.856579,0.588246,0.042145,0.084085,0.8032,-0.31481,0.065657,0.304624,0.900239
0.486083,-0.168017,0.040393,0.856528,0.588342,0.042221,0.084031,0.80313,-0.314771,0.065821,0.304627,0.900243
0.48623,-0.167931,0.040496,0.856458,0.588392,0.042277,0.083932,0.803102,-0.314694,0.065921,0.304655,0.900255
0.486273,-0.167962,0.040464,0.856428,0.58842,0.042274,0.083963,0.803077,-0.314658,0.066059,0.30469,0.900249
0.486274,-0.167993,0.040367,0.856426,0.588443,0.042299,0.084102,0.803045,-0.314625,0.066141,0.304799,0.900221
0.486264,-0.167972,0.040421,0.856433,0.588516,0.04231,0.08426,0.802974,-0.314611,0.066213,0.304836,0.900209
0.486373,-0.167847,0.040588,0.85639,0.588548,0.042402,0.08441,0.802929,-0.314568,0.066328,0.304773,0.900239
0.486465,-0.167714,0.040773,0.856355,0.588619,0.042458,0.084419,0.802873,-0.314515,0.06642,0.304675,0.900284
0.486506,-0.167628,0.040888,0.856343,0.588601,0.042532,0.084431,0.802881,-0.314481,0.066425,0.304616,0.900316
0.486565,-0.167698,0.040871,0.856298,0.58861,0.042554,0.084516,0.802865,-0.314445,0.066477,0.30454,0.90035
0.486553,-0.167771,0.040775,0.856295,0.58862,0.042537,0.084649,0.802844,-0.314447,0.06652,0.304546,0.900345
0.486571,-0.167751,0.040758,0.856289,0.588687,0.042532,0.084907,0.802768,-0.314415,0.066568,0.304515,0.900365
0.486621,-0.167652,0.040871,0.856275,0.588742,0.042582,0.085212,0.802691,-0.31445,0.066648,0.30443,0.900375
0.486674,-0.167508,0.041116,0.856263,0.58877,0.042685,0.085398,0.802647,-0.31448,0.066717,0.304332,0.900394
0.486745,-0.167392,0.041282,0.856237,0.588803,0.042736,0.085496,0.802609,-0.314445,0.066729,0.304314,0.900411
0.486803,-0.167395,0.041419,0.856198,0.588801,0.042673,0.085448,0.802618,-0.314455,0.066789,0.304386,0.90038
0.486789,-0.167456,0.041439,0.856193,0.588836,0.042623,0.085375,0.802603,-0.314492,0.066819,0.304437,0.90035
0.486776,-0.167529,0.041435,0.856186,0.588814,0.042585,0.085395,0.802619,-0.314464,0.066869,0.304481,0.900343
0.486775,-0.167546,0.04148,0.856181,0.588812,0.042615,0.085443,0.802614,-0.314436,0.066903,0.304523,0.900337
0.48682,-0.167503,0.041566,0.856161,0.588833,0.042695,0.085501,0.802588,-0.314424,0.066955,0.304507,0.900344
0.486886,-0.167418,0.041647,0.856136,0.588857,0.042803,0.085541,0.802561,-0.314397,0.067015,0.304499,0.900352
0.486939,-0.167343,0.041619,0.856122,0.588847,0.042868,0.085583,0.80256,-0.314366,0.067108,0.304482,0.900363
0.486962,-0.167362,0.041651,0.856105,0.588853,0.042916,0.085571,0.802554,-0.314338,0.067107,0.304501,0.900366
0.486966,-0.167324,0.041663,0.856108,0.588866,0.042952,0.085501,0.80255,-0.314324,0.067138,0.304475,0.900379
0.486943,-0.16722,0.041682,0.856141,0.588863,0.042959,0.085374,0.802565,-0.314326,0.067202,0.304464,0.900378
0.486933,-0.167212,0.041717,0.856147,0.588876,0.042962,0.085327,0.802561,-0.314357,0.067239,0.304449,0.900371
0.486943,-0.167226,0.041669,0.856141,0.588888,0.042965,0.085285,0.802556,-0.314355,0.067297,0.304426,0.900375
0.486993,-0.167241,0.041654,0.856109,0.5889,0.04295,0.08536,0.80254,-0.31433,0.067345,0.30441,0.900387
0.487022,-0.167198,0.041715,0.8561,0.588964,0.043018,0.085439,0.802481,-0.314273,0.067386,0.304481,0.900381
0.48709,-0.167103,0.041791,0.856076,0.589042,0.043078,0.085521,0.802411,-0.314226,0.067382,0.304491,0.900394
0.487133,-0.167084,0.041856,0.856052,0.5891,0.043167,0.085588,0.802356,-0.314152,0.067426,0.304436,0.900436
0.487159,-0.167058,0.041911,0.85604,0.589135,0.043122,0.085607,0.80233,-0.314113,0.067431,0.304448,0.900446
0.487194,-0.167068,0.04195,0.856016,0.589199,0.043058,0.085522,0.802296,-0.31408,0.067474,0.304454,0.900452
0.487185,-0.16712,0.041909,0.856013,0.589158,0.043032,0.085503,0.80233,-0.314036,0.067525,0.304537,0.900438
0.487135,-0.167214,0.041838,0.856027,0.589232,0.043071,0.085592,0.802263,-0.313965,0.067555,0.30457,0.90045
0.487141,-0.167171,0.041921,0.856027,0.589309,0.043133,0.085776,0.802183,-0.313909,0.067598,0.304536,0.900478
0.487191,-0.167072,0.042032,0.856014,0.589352,0.043164,0.085945,0.802132,-0.313885,0.067657,0.304564,0.900475
0.487202,-0.167062,0.042132,0.856004,0.58931,0.043124,0.0859,0.80217,-0.313842,0.067682,0.304611,0.900473
0.487218,-0.167133,0.042137,0.855982,0.589235,0.04298,0.085707,0.802254,-0.313774,0.067669,0.304731,0.900457
0.487169,-0.167282,0.04204,0.855985,0.589175,0.042844,0.085551,0.802322,-0.313705,0.067664,0.304814,0.900454
0.4871,-0.167381,0.041903,0.85601,0.589185,0.042841,0.085554,0.802315,-0.313659,0.067694,0.304841,0.90046
0.487013,-0.16737,0.04195,0.85606,0.589264,0.042939,0.085764,0.802228,-0.31358,0.067747,0.304899,0.900465
0.487029,-0.167195,0.042172,0.856075,0.589272,0.043074,0.085978,0.802192,-0.313544,0.067753,0.304878,0.900484
0.487126,-0.166983,0.042423,0.85605,0.589313,0.04323,0.086068,0.802144,-0.313571,0.067845,0.30487,0.900472
0.487188,-0.166812,0.042602,0.856041,0.589365,0.043335,0.086083,0.802098,-0.31356,0.067919,0.304889,0.900466
0.487204,-0.166813,0.042697,0.856027,0.589423,0.043418,0.086048,0.802055,-0.313566,0.067997,0.304926,0.900448
0.48721,-0.166835,0.042652,0.856021,0.589462,0.043488,0.086103,0.802016,-0.313508,0.068016,0.304916,0.90047
0.487265,-0.166856,0.04263,0.855987,0.589533,0.043549,0.086227,0.801947,-0.313477,0.068037,0.304918,0.900479
0.487336,-0.166793,0.042634,0.855958,0.589621,0.043602,0.086307,0.80187,-0.313453,0.068035,0.304887,0.900498
0.487429,-0.166738,0.042697,0.855914,0.58973,0.043684,0.08628,0.801787,-0.313402,0.06811,0.304865,0.900519
0.487528,-0.166721,0.042714,0.855861,0.589808,0.04373,0.086329,0.801722,-0.313408,0.068087,0.304823,0.900531
0.48758,-0.166709,0.042698,0.855833,0.58986,0.043765,0.086448,0.801669,-0.313387,0.068123,0.304878,0.900519
0.487624,-0.166654,0.042749,0.855817,0.589926,0.0438,0.086529,0.801611,-0.313412,0.068172,0.304968,0.900478
0.487692,-0.166636,0.042818,0.855779,0.589989,0.043858,0.086644,0.801547,-0.31338,0.068191,0.305015,0.900473
0.487744,-0.16658,0.042855,0.855759,0.590045,0.043901,0.086734,0.801494,-0.313353,0.068269,0.304996,0.900483
0.487791,-0.166526,0.042917,0.85574,0.590092,0.043895,0.086778,0.801454,-0.313316,0.068307,0.304991,0.900497
0.487853,-0.166481,0.042979,0.855711,0.59011,0.043886,0.086844,0.801435,-0.313267,0.068325,0.304903,0.900541
0.487847,-0.16655,0.043031,0.855697,0.590085,0.043851,0.086867,0.801453,-0.313217,0.068322,0.304907,0.900557
0.487841,-0.166624,0.043038,0.855686,0.59005,0.043757,0.086769,0.801494,-0.31315,0.068314,0.304868,0.900593
0.487808,-0.16672,0.043087,0.855683,0.590048,0.043656,0.086678,0.801512,-0.313099,0.068281,0.304881,0.900608
0.487808,-0.166779,0.043096,0.855672,0.590032,0.043596,0.086624,0.801532,-0.313029,0.068222,0.304938,0.900617
0.487791,-0.166866,0.043104,0.855664,0.590014,0.043621,0.086714,0.801534,-0.313037,0.068198,0.304988,0.9006
0.487796144736842,-0.166888630728555,0.0431716096367861,0.855653378780794,0.59003125,0.0436353729508197,0.0868826654403316,0.801505908536585,-0.3130355,0.0681580131255127,0.305058769230769,0.900580855504587
0.487808,-0.166897,0.043268,0.855641,0.59006,0.043642,0.087017,0.801466,-0.313034,0.068126,0.305103,0.900566
0.487833,-0.166881,0.043332,0.855627,0.590083,0.043626,0.087043,0.801447,-0.31306,0.068118,0.305098,0.90056
0.48784,-0.166906,0.043326,0.855618,0.590077,0.043604,0.08703,0.801455,-0.313082,0.068128,0.305091,0.900554
0.487889,-0.16695,0.043284,0.855584,0.590069,0.043592,0.086977,0.801466,-0.313086,0.068127,0.305093,0.900552
0.48791,-0.166988,0.04322,0.855567,0.590099,0.043626,0.087057,0.801434,-0.313108,0.068099,0.305073,0.900553
0.48791,-0.166887,0.043178,0.85559,0.590154,0.043666,0.087151,0.80138,-0.313138,0.068098,0.305104,0.900532
0.487925,-0.166786,0.043283,0.855595,0.590185,0.043751,0.087213,0.801346,-0.31314,0.068085,0.305121,0.900526
0.487965,-0.16667,0.043359,0.855592,0.590176,0.043864,0.087251,0.801342,-0.313121,0.068117,0.305135,0.900527
0.487938,-0.166656,0.043367,0.855609,0.590191,0.043927,0.087197,0.801334,-0.313125,0.06815,0.305071,0.900544
0.487938,-0.166605,0.043286,0.855623,0.590109,0.043887,0.087116,0.801406,-0.313153,0.068136,0.305005,0.900557
0.48793,-0.166638,0.043173,0.855626,0.590125,0.043823,0.086979,0.801412,-0.313147,0.068137,0.304945,0.900579
0.487927,-0.166712,0.043048,0.85562,0.590163,0.0438,0.086877,0.801396,-0.313167,0.068116,0.304885,0.900592
0.487949,-0.166679,0.042998,0.855615,0.59022,0.043876,0.08687,0.801351,-0.31319,0.06811,0.304836,0.900602
0.487955,-0.166564,0.043049,0.855632,0.590177,0.04391,0.086852,0.801383,-0.313167,0.068067,0.304789,0.900626
0.487991,-0.166518,0.043106,0.855619,0.590185,0.043888,0.086763,0.801388,-0.313139,0.068113,0.304795,0.900632
0.488008,-0.166529,0.043095,0.855608,0.590194,0.043803,0.086681,0.801395,-0.313153,0.068081,0.304782,0.900634
0.488001,-0.166654,0.043047,0.855589,0.590156,0.043716,0.086605,0.801435,-0.313137,0.068065,0.304816,0.900629
0.487977,-0.166737,0.043033,0.855587,0.590134,0.043638,0.08661,0.801455,-0.313073,0.068055,0.304839,0.900643
0.487977,-0.16681,0.043047,0.855572,0.590118,0.043603,0.086539,0.801477,-0.31309,0.068051,0.304838,0.900638
0.487921,-0.166819,0.043115,0.855599,0.590129,0.043539,0.086384,0.801489,-0.313081,0.068028,0.304936,0.90061
0.487929,-0.166865,0.043168,0.855582,0.590142,0.043486,0.086374,0.801484,-0.313061,0.067986,0.305029,0.900589
0.48789,-0.166903,0.043127,0.8556,0.590113,0.043522,0.086483,0.801491,-0.313042,0.067934,0.305052,0.900591
0.487872,-0.166881,0.043118,0.855614,0.590149,0.043637,0.086664,0.801439,-0.313043,0.067931,0.304997,0.900609
0.48782,-0.166871,0.043165,0.855644,0.590176,0.043663,0.086852,0.801397,-0.313078,0.067874,0.304896,0.900633
0.487804,-0.166797,0.043221,0.855664,0.590106,0.043666,0.086839,0.80145,-0.313087,0.06787,0.304824,0.900653
0.48777,-0.166803,0.043193,0.855685,0.590025,0.043586,0.086664,0.801534,-0.313095,0.067924,0.30489,0.900626
0.487734,-0.166916,0.043116,0.855686,0.589904,0.043465,0.086456,0.801652,-0.313086,0.067916,0.304931,0.900617
0.487643,-0.167046,0.043053,0.855716,0.589847,0.043439,0.086243,0.801719,-0.313136,0.067902,0.304978,0.900585
0.487562,-0.167087,0.042981,0.855756,0.589736,0.043424,0.086143,0.801813,-0.313164,0.06789,0.304925,0.900593
0.487442,-0.167086,0.042945,0.855827,0.589632,0.043545,0.086222,0.801874,-0.313224,0.06787,0.304865,0.900593
0.48735,-0.167126,0.042848,0.855876,0.589559,0.043627,0.086212,0.801925,-0.313243,0.067858,0.304856,0.90059
0.487229,-0.167057,0.042815,0.855959,0.589497,0.043684,0.086186,0.80197,-0.313204,0.067847,0.304908,0.900587
0.487179,-0.167061,0.04275,0.85599,0.589463,0.043743,0.086205,0.80199,-0.3132,0.067848,0.304892,0.900594
0.487085,-0.167008,0.042644,0.856059,0.589449,0.043822,0.086388,0.801977,-0.313267,0.067855,0.304839,0.900587
0.487056,-0.166937,0.042621,0.856091,0.589436,0.043978,0.08668,0.801946,-0.313267,0.067878,0.304757,0.900613
0.48708,-0.166782,0.042748,0.856101,0.589459,0.044128,0.086951,0.801891,-0.313292,0.067909,0.304658,0.900635
0.487107,-0.166583,0.042842,0.85612,0.589473,0.044224,0.087038,0.801867,-0.313314,0.06794,0.304525,0.900669
0.487153,-0.166496,0.042933,0.856108,0.58952,0.044305,0.086942,0.801838,-0.313354,0.06794,0.304463,0.900675
0.487182,-0.166512,0.042977,0.856086,0.589572,0.044343,0.086874,0.801804,-0.313335,0.067952,0.304449,0.900686
0.48717,-0.166541,0.042913,0.85609,0.589592,0.044355,0.086871,0.801789,-0.313299,0.067949,0.304391,0.900718
0.487179,-0.166552,0.042899,0.856083,0.589619,0.044372,0.086891,0.801766,-0.313288,0.067896,0.304354,0.900736
0.487172,-0.166535,0.042902,0.85609,0.589611,0.044385,0.086932,0.801767,-0.31328,0.067859,0.304332,0.900748
0.48714,-0.166565,0.042938,0.856102,0.589623,0.044385,0.087037,0.801746,-0.313277,0.06788,0.304403,0.900725
0.487137,-0.166602,0.043062,0.85609,0.589621,0.044352,0.08706,0.801747,-0.313268,0.067953,0.304356,0.90074
0.487176,-0.166551,0.043221,0.856071,0.589549,0.044267,0.087052,0.801806,-0.313248,0.067993,0.304366,0.900742
0.487143,-0.166544,0.043285,0.856088,0.58951,0.044191,0.086976,0.801848,-0.31321,0.068015,0.304417,0.900736
0.487059,-0.166648,0.043349,0.856112,0.589432,0.044057,0.086928,0.801917,-0.313221,0.068111,0.304483,0.900706
0.486975,-0.166728,0.043363,0.856144,0.58942,0.04401,0.087031,0.801918,-0.313255,0.068145,0.304599,0.900655
0.486944,-0.166806,0.04348,0.85614,0.589418,0.044054,0.087195,0.801899,-0.313262,0.068222,0.304639,0.900635
0.486962,-0.166645,0.043651,0.856153,0.589355,0.044134,0.087311,0.801929,-0.313324,0.06832,0.304666,0.900599
0.486947,-0.166543,0.043797,0.856175,0.589293,0.044209,0.087252,0.801978,-0.313399,0.068417,0.304738,0.900544
0.486897,-0.166512,0.043873,0.856206,0.589228,0.044192,0.087085,0.802045,-0.313436,0.068493,0.304748,0.900524
0.486848,-0.166532,0.043785,0.856235,0.589144,0.044219,0.087121,0.802101,-0.313503,0.068529,0.304678,0.900522
0.486788,-0.166549,0.043597,0.856273,0.589121,0.044265,0.087181,0.802109,-0.31356,0.068561,0.304587,0.90053
0.486746,-0.166534,0.04352,0.856304,0.589117,0.044393,0.087357,0.802086,-0.313615,0.068635,0.304526,0.900527
0.486756,-0.166344,0.043567,0.856333,0.589145,0.044571,0.087498,0.802039,-0.313726,0.068685,0.304358,0.900541
0.486788,-0.166159,0.043672,0.856346,0.589174,0.044799,0.087605,0.801994,-0.313746,0.068746,0.304279,0.900556
0.486821,-0.165932,0.043688,0.856371,0.589175,0.044952,0.087788,0.801964,-0.313811,0.068741,0.304158,0.900573
0.486842,-0.165868,0.043702,0.856371,0.589222,0.045036,0.087916,0.80191,-0.313891,0.068765,0.304071,0.900573
0.486825,-0.165829,0.043683,0.85639,0.589257,0.045003,0.087876,0.801891,-0.313955,0.068813,0.30402,0.900565
0.486864,-0.1658,0.043651,0.856375,0.58925,0.045037,0.087884,0.801894,-0.313977,0.068756,0.303997,0.900568
0.486874,-0.165734,0.043636,0.856382,0.589241,0.044987,0.087861,0.801906,-0.31401,0.068783,0.304004,0.900553
0.486892,-0.165752,0.043716,0.856365,0.589244,0.044999,0.087904,0.801898,-0.314017,0.068777,0.304013,0.900548
0.486904,-0.165762,0.043762,0.856354,0.589241,0.044928,0.087909,0.801904,-0.314054,0.068776,0.304021,0.900532
0.486945,-0.165804,0.043743,0.856323,0.589291,0.044879,0.087943,0.801866,-0.314057,0.068762,0.304083,0.900512
0.486985,-0.165876,0.04374,0.856286,0.589313,0.044816,0.087954,0.801852,-0.314035,0.068713,0.30413,0.900507
0.487051,-0.165888,0.043763,0.856246,0.589413,0.044766,0.087906,0.801785,-0.314065,0.068674,0.304145,0.900494
0.487131,-0.16591,0.043769,0.856195,0.589554,0.044717,0.087928,0.801682,-0.314083,0.068657,0.304131,0.900493
0.487186,-0.165939,0.043776,0.856159,0.589668,0.044652,0.087969,0.801597,-0.314064,0.068661,0.304103,0.900509
0.487256,-0.165915,0.043828,0.85612,0.589781,0.044675,0.088057,0.801503,-0.314072,0.068622,0.304069,0.900519
0.487308,-0.165922,0.043848,0.856089,0.589867,0.044734,0.088162,0.801423,-0.314053,0.068631,0.304097,0.900515
0.487365,-0.165856,0.043893,0.856067,0.589949,0.044785,0.088153,0.801361,-0.314063,0.06861,0.304053,0.900528
0.487423,-0.165762,0.044001,0.856047,0.590008,0.044857,0.088129,0.801315,-0.314034,0.068651,0.304002,0.900552
0.487514,-0.1657,0.04399,0.856009,0.590024,0.044953,0.088178,0.801293,-0.314026,0.068649,0.303995,0.900557
0.487519,-0.165727,0.043908,0.856005,0.590006,0.044975,0.088154,0.801307,-0.314046,0.068631,0.303952,0.900565
0.487529,-0.165705,0.04381,0.856007,0.589989,0.045018,0.088141,0.801319,-0.314057,0.06861,0.303987,0.900552
0.487495,-0.165674,0.043771,0.856035,0.589954,0.045026,0.088114,0.801348,-0.314069,0.068582,0.303991,0.900547
0.487475,-0.165633,0.043737,0.856056,0.589918,0.045028,0.088116,0.801374,-0.31409,0.068585,0.303941,0.900557
0.487406,-0.1656,0.043723,0.856102,0.589889,0.045061,0.088092,0.801397,-0.31413,0.068633,0.303897,0.900555
0.487371,-0.165509,0.043654,0.856143,0.589844,0.045077,0.088127,0.801424,-0.314192,0.068578,0.303869,0.900544
0.4873,-0.165475,0.043707,0.856187,0.589797,0.045034,0.088123,0.801463,-0.314278,0.068565,0.303836,0.900527
0.487231,-0.165378,0.043711,0.856245,0.589689,0.045032,0.088028,0.801554,-0.314391,0.068512,0.303869,0.900479
0.487162,-0.165374,0.043678,0.856287,0.58959,0.045092,0.087978,0.801628,-0.314515,0.068489,0.303926,0.90042
0.487067,-0.16533,0.043681,0.856349,0.589516,0.04513,0.087979,0.801681,-0.314595,0.068485,0.303982,0.900373
0.486976,-0.16525,0.043636,0.856419,0.589403,0.045255,0.088029,0.801752,-0.314675,0.06844,0.303965,0.900353
0.486961,-0.165097,0.043655,0.856456,0.589293,0.045386,0.088128,0.801815,-0.314734,0.068415,0.303949,0.900339
0.486844,-0.165027,0.043709,0.856533,0.589222,0.045554,0.08816,0.801854,-0.314852,0.068421,0.303957,0.900296
0.486806,-0.164921,0.043735,0.856575,0.589185,0.045661,0.088136,0.801879,-0.314926,0.068462,0.303943,0.900272
0.486736,-0.164866,0.043736,0.856625,0.589165,0.045688,0.088035,0.801903,-0.314951,0.06844,0.303939,0.900267
0.48668,-0.164828,0.043694,0.856665,0.589132,0.045742,0.087971,0.80193,-0.314997,0.06845,0.303874,0.90027
0.486631,-0.164848,0.043625,0.856693,0.589042,0.045768,0.088004,0.801993,-0.314993,0.068474,0.303781,0.900301
0.486611,-0.164806,0.043483,0.856719,0.589049,0.045816,0.087982,0.801988,-0.31497,0.068452,0.303721,0.900331
0.48665,-0.164811,0.043448,0.856698,0.589042,0.045795,0.087909,0.802001,-0.314967,0.068405,0.303677,0.900349
0.486653,-0.164795,0.043426,0.8567,0.589066,0.04577,0.087768,0.802001,-0.314995,0.068367,0.30369,0.900336
0.486625,-0.164789,0.043387,0.856719,0.589093,0.045747,0.087772,0.801981,-0.314992,0.068312,0.30374,0.900324
0.486618,-0.164871,0.043354,0.856708,0.5891,0.045767,0.087837,0.801968,-0.314968,0.068313,0.30385,0.900297
0.486585,-0.164857,0.043388,0.856728,0.589098,0.045804,0.087903,0.80196,-0.314971,0.068271,0.303895,0.900283
0.486647,-0.164793,0.043442,0.856704,0.589099,0.045814,0.087813,0.801969,-0.314966,0.068208,0.303986,0.900258
0.486698,-0.164796,0.043447,0.856673,0.589091,0.045768,0.087683,0.801991,-0.314961,0.068107,0.304094,0.90023
0.486709,-0.164838,0.043404,0.856661,0.589093,0.045724,0.087716,0.801989,-0.314917,0.06804,0.304116,0.900242
0.486704,-0.16492,0.043262,0.856655,0.589111,0.045709,0.087713,0.801977,-0.314869,0.068014,0.304174,0.900241
0.486643,-0.164968,0.043214,0.856682,0.589073,0.045723,0.087688,0.802007,-0.314831,0.06799,0.304171,0.900257
0.486634,-0.16492,0.043177,0.856699,0.589031,0.045752,0.087609,0.802045,-0.314768,0.067951,0.304186,0.900275
0.486591,-0.164931,0.043144,0.856722,0.588944,0.045786,0.087444,0.802126,-0.314788,0.067873,0.304242,0.900254
0.486561,-0.164882,0.043071,0.856752,0.58887,0.045796,0.087283,0.802197,-0.314787,0.067807,0.304137,0.900293
0.486553,-0.164872,0.042982,0.856763,0.588773,0.045803,0.08717,0.80228,-0.314785,0.067696,0.304132,0.900301
0.486414,-0.164923,0.042778,0.85684,0.588651,0.045794,0.087104,0.802378,-0.314838,0.067615,0.304165,0.900277
0.486319,-0.164953,0.042633,0.856896,0.588572,0.045764,0.087013,0.802448,-0.314925,0.067512,0.304156,0.900255
0.486319,-0.16488,0.042596,0.856911,0.588487,0.045863,0.086927,0.802515,-0.314964,0.067457,0.304128,0.900253
0.486294,-0.164759,0.042614,0.856948,0.588443,0.046017,0.086996,0.802532,-0.31497,0.067418,0.304119,0.900256
0.486259,-0.164617,0.042606,0.856995,0.588345,0.04617,0.08718,0.802574,-0.315002,0.067384,0.304001,0.900285
0.486217,-0.164487,0.042542,0.857048,0.588247,0.046226,0.087271,0.802634,-0.315062,0.06732,0.303981,0.900274
0.486178,-0.164395,0.042487,0.85709,0.588165,0.046196,0.087301,0.802693,-0.315139,0.067289,0.303952,0.900259
0.486112,-0.16439,0.042429,0.857131,0.58806,0.046117,0.087253,0.80278,-0.315167,0.06723,0.303876,0.900277
0.486017,-0.164399,0.042367,0.857185,0.587983,0.046084,0.087103,0.802854,-0.315193,0.067187,0.303873,0.900271
0.485977,-0.164477,0.042277,0.857197,0.587911,0.046042,0.086987,0.802922,-0.315252,0.06712,0.3039,0.900245
0.485933,-0.16456,0.042203,0.85721,0.587863,0.046043,0.086919,0.802966,-0.315274,0.067015,0.303988,0.900214
0.485857,-0.16454,0.042192,0.857257,0.587806,0.046064,0.086872,0.803011,-0.315283,0.066966,0.30404,0.900198
0.485838,-0.164555,0.042183,0.857265,0.587744,0.04603,0.086791,0.803067,-0.315291,0.066874,0.304065,0.90019
0.485792,-0.164603,0.0422,0.857282,0.587686,0.045992,0.086696,0.803122,-0.315246,0.066821,0.304101,0.900198
0.485723,-0.164665,0.042177,0.857309,0.587605,0.045937,0.086723,0.803183,-0.31526,0.066757,0.304166,0.900175
0.485706,-0.164664,0.042182,0.857319,0.587593,0.045948,0.086783,0.803184,-0.315242,0.066692,0.304243,0.900159
0.485603,-0.164698,0.042248,0.857368,0.587569,0.045958,0.08687,0.803192,-0.315313,0.066644,0.304385,0.900091
0.485544,-0.164678,0.042288,0.857403,0.587511,0.045978,0.087018,0.803217,-0.315323,0.066616,0.304459,0.900065
0.485456,-0.164648,0.042308,0.857458,0.587469,0.045962,0.08709,0.803241,-0.315291,0.066618,0.304522,0.900055
0.48535,-0.164562,0.042328,0.857532,0.587419,0.045973,0.087122,0.803274,-0.31529,0.066588,0.304583,0.900036
0.485249,-0.164476,0.042336,0.857607,0.587296,0.046013,0.087154,0.803359,-0.31524,0.066576,0.304645,0.900035
0.485161,-0.164403,0.042319,0.857671,0.587161,0.046033,0.087182,0.803454,-0.315163,0.06659,0.304687,0.900046
0.485061,-0.164313,0.042247,0.857748,0.58702,0.046028,0.087171,0.803559,-0.315125,0.066599,0.304752,0.900039
0.485003,-0.164204,0.042132,0.857807,0.58686,0.046079,0.087007,0.803692,-0.315059,0.066602,0.3048,0.900046
0.484924,-0.164138,0.042077,0.857867,0.586779,0.046141,0.08679,0.803771,-0.315054,0.066597,0.304798,0.900048
0.484845,-0.16408,0.041963,0.857927,0.586699,0.046268,0.086622,0.80384,-0.315059,0.066649,0.304727,0.900066
0.484808,-0.164029,0.041826,0.857965,0.586629,0.046482,0.086644,0.803877,-0.315031,0.066706,0.304689,0.900086
0.484804,-0.163856,0.041681,0.858007,0.586618,0.046722,0.086806,0.803855,-0.314993,0.066676,0.304672,0.900107
0.484843,-0.163655,0.041683,0.858023,0.586717,0.046957,0.086959,0.80375,-0.314956,0.066691,0.304643,0.900128
0.484953,-0.163357,0.041777,0.858015,0.586788,0.04715,0.087021,0.803681,-0.314918,0.066749,0.304573,0.900161
0.485057,-0.1632,0.041851,0.857982,0.586836,0.047248,0.086986,0.803643,-0.314903,0.066794,0.304482,0.900193
0.485117,-0.163141,0.041822,0.857961,0.586907,0.047262,0.086932,0.803597,-0.314885,0.066797,0.304377,0.900234
0.48515,-0.163225,0.041703,0.857932,0.586929,0.047258,0.086981,0.803575,-0.314862,0.06677,0.304335,0.900257
0.485197,-0.163261,0.041581,0.857903,0.587018,0.047207,0.08703,0.803508,-0.314824,0.066748,0.304283,0.900289
0.485287,-0.163264,0.041568,0.857853,0.587095,0.047197,0.087081,0.803446,-0.314764,0.066699,0.304272,0.900315
0.485328,-0.163244,0.041648,0.857829,0.587179,0.047192,0.087138,0.803378,-0.31478,0.066684,0.304305,0.9003
0.485384,-0.163249,0.041691,0.857795,0.587219,0.047205,0.087222,0.803339,-0.314794,0.06664,0.304341,0.900285
0.485427,-0.163297,0.041757,0.857759,0.58724,0.04714,0.087322,0.803316,-0.314825,0.066604,0.304407,0.900255
0.485434,-0.163368,0.041841,0.857737,0.587225,0.047033,0.087363,0.803329,-0.314816,0.066587,0.304427,0.900253
0.485446,-0.163452,0.04189,0.857712,0.587202,0.0469,0.087361,0.803354,-0.314776,0.066529,0.304481,0.900251
0.485417,-0.163542,0.041899,0.857711,0.587125,0.046753,0.087288,0.803427,-0.314768,0.066439,0.304526,0.900244
0.48538,-0.163702,0.041859,0.857703,0.586996,0.04655,0.087145,0.803549,-0.314772,0.06635,0.304643,0.90021
0.485327,-0.163829,0.041785,0.857713,0.586888,0.046449,0.086953,0.803656,-0.314778,0.066202,0.304785,0.900169
0.485294,-0.163908,0.041701,0.857719,0.586788,0.046432,0.086944,0.803731,-0.314769,0.066148,0.304882,0.900143
0.485263,-0.163977,0.04163,0.857727,0.58678,0.046477,0.087032,0.803725,-0.314787,0.066086,0.304933,0.900123
0.485229,-0.163943,0.041641,0.857752,0.586823,0.046535,0.087116,0.803681,-0.314801,0.066117,0.304895,0.900129
0.485266,-0.163812,0.041685,0.857755,0.586879,0.046656,0.087252,0.803618,-0.314797,0.066217,0.304848,0.900141
0.48531,-0.163649,0.041781,0.857757,0.586934,0.046812,0.087319,0.803561,-0.314819,0.066287,0.304766,0.900157
0.485293,-0.163641,0.041778,0.857768,0.586956,0.046979,0.0874,0.803526,-0.314838,0.066307,0.304721,0.900164
0.48529,-0.163594,0.041773,0.857779,0.586969,0.047126,0.087525,0.803494,-0.314871,0.066317,0.304714,0.900154
0.485373,-0.163489,0.041766,0.857752,0.587021,0.047226,0.087668,0.803434,-0.31486,0.066328,0.304677,0.900169
0.485423,-0.163328,0.041782,0.857755,0.587055,0.047283,0.087638,0.803409,-0.314853,0.066337,0.304667,0.900175
0.485521,-0.163283,0.041867,0.857704,0.587107,0.047336,0.087616,0.803371,-0.31485,0.06637,0.304676,0.900171
0.485587,-0.163301,0.041925,0.85766,0.587125,0.047368,0.087558,0.803361,-0.314902,0.06644,0.304634,0.900163
0.485653,-0.163348,0.041968,0.857612,0.587162,0.047417,0.087543,0.803333,-0.31493,0.066507,0.304629,0.900151
0.485706,-0.163302,0.041971,0.857592,0.587198,0.047353,0.087565,0.803308,-0.314945,0.066535,0.304672,0.900131
0.485739,-0.163352,0.041991,0.857562,0.587268,0.047256,0.087601,0.803258,-0.314949,0.06657,0.304648,0.900135
0.485772,-0.163401,0.042021,0.857532,0.58731,0.047228,0.087634,0.803226,-0.314911,0.066596,0.304619,0.900157
0.485798,-0.16341,0.042129,0.857511,0.587328,0.047255,0.087758,0.803197,-0.314922,0.066616,0.304611,0.900154
0.485798,-0.163393,0.042214,0.85751,0.587341,0.04732,0.087927,0.803165,-0.314945,0.066649,0.304598,0.900149
0.485792,-0.163359,0.042319,0.857515,0.587313,0.047335,0.088088,0.803167,-0.314963,0.066623,0.304585,0.900148
0.485737,-0.163383,0.042373,0.85754,0.587272,0.047329,0.088213,0.803185,-0.314937,0.066622,0.304619,0.900146
0.485676,-0.163367,0.04242,0.857575,0.587248,0.047216,0.088248,0.803204,-0.314926,0.066607,0.30468,0.900131
0.485652,-0.163328,0.042441,0.857595,0.587237,0.047162,0.088278,0.803212,-0.31491,0.066648,0.304742,0.900114
0.485609,-0.163384,0.042492,0.857607,0.587199,0.047134,0.088313,0.803239,-0.314921,0.066661,0.304728,0.900114
0.48557,-0.163389,0.042483,0.857628,0.58717,0.04716,0.088381,0.803251,-0.314902,0.066697,0.304679,0.900134
0.485578,-0.163375,0.042498,0.857625,0.587185,0.0472,0.088475,0.803226,-0.314898,0.0667,0.304643,0.900147
0.485633,-0.163279,0.042544,0.85761,0.587282,0.047277,0.088548,0.803143,-0.314938,0.066699,0.304645,0.900133
0.485732,-0.163215,0.042561,0.857567,0.587348,0.047366,0.088526,0.803091,-0.314943,0.066723,0.304663,0.900124
0.485838,-0.163205,0.042551,0.857509,0.587417,0.047481,0.088528,0.803034,-0.31494,0.066757,0.30456,0.900157
0.485889,-0.163162,0.042544,0.857488,0.587487,0.047506,0.08845,0.802989,-0.314921,0.066765,0.304515,0.900178
0.485954,-0.163139,0.042531,0.857457,0.587558,0.047533,0.088379,0.802943,-0.314899,0.066767,0.304406,0.900221
0.485999,-0.163194,0.042455,0.857425,0.587612,0.04757,0.088281,0.802913,-0.314883,0.066819,0.304297,0.900259
0.486057,-0.163269,0.042405,0.857379,0.587682,0.047469,0.088182,0.802877,-0.314892,0.066804,0.304314,0.900252
0.486134,-0.163284,0.042351,0.857335,0.587737,0.047426,0.088091,0.802849,-0.314884,0.066769,0.304314,0.900257
0.486119,-0.163302,0.042284,0.857343,0.587748,0.047348,0.088057,0.80285,-0.314878,0.066703,0.304296,0.900268
0.486113,-0.163343,0.042269,0.857339,0.587745,0.047276,0.088081,0.802853,-0.314883,0.066676,0.304338,0.900253
0.486057,-0.163397,0.042296,0.857359,0.587785,0.047181,0.088111,0.802826,-0.31487,0.066613,0.304377,0.900249
0.486037,-0.163421,0.042331,0.857365,0.587774,0.047083,0.088115,0.80284,-0.314852,0.066562,0.304441,0.900237
0.486021,-0.163471,0.04233,0.857364,0.58775,0.047034,0.088178,0.802853,-0.314863,0.06654,0.304508,0.900213
0.486006,-0.163486,0.042395,0.857366,0.587776,0.04708,0.088292,0.802819,-0.314879,0.066557,0.304483,0.900213
0.486016,-0.163495,0.042447,0.857357,0.587809,0.047077,0.088387,0.802783,-0.314916,0.066521,0.304517,0.900192
0.486036,-0.163534,0.042519,0.857335,0.587852,0.047078,0.088391,0.802752,-0.314905,0.066467,0.304513,0.9002
0.486072,-0.163522,0.042548,0.857316,0.587881,0.047067,0.088397,0.80273,-0.314897,0.066446,0.304505,0.900206
0.486128,-0.163545,0.042605,0.857276,0.587913,0.047054,0.088325,0.802716,-0.314864,0.06643,0.304548,0.900204
0.486156,-0.16357,0.042578,0.857258,0.587899,0.047046,0.088274,0.802732,-0.314863,0.066456,0.304496,0.900221
0.486158,-0.163609,0.042589,0.857249,0.587934,0.047053,0.088183,0.802716,-0.314826,0.066439,0.304468,0.900243
0.486162,-0.163574,0.04255,0.857255,0.587963,0.047116,0.088151,0.802695,-0.31477,0.066445,0.304497,0.900253
0.486185,-0.163573,0.042537,0.857242,0.588008,0.047196,0.088167,0.802655,-0.31474,0.066429,0.304411,0.900293
0.486273,-0.16351,0.042461,0.857208,0.588014,0.047202,0.088095,0.802658,-0.314707,0.066457,0.304409,0.900303
0.486334,-0.163487,0.042444,0.857179,0.588059,0.047275,0.087998,0.802632,-0.314679,0.066464,0.304407,0.900313
0.486382,-0.163475,0.042397,0.857156,0.588063,0.047332,0.087839,0.802643,-0.314661,0.066484,0.304338,0.900341
0.486438,-0.163516,0.042309,0.857121,0.588097,0.047365,0.087736,0.802627,-0.314625,0.066485,0.304271,0.900375
0.486461334750913,-0.163497592592593,0.0422360171149144,0.857115193631834,0.588142024749464,0.0473946554030386,0.0876303603899565,0.802603646877672,-0.314608007988653,0.0664893926618927,0.30422596725041,0.900395486730697
0.486476655996608,-0.163463407407407,0.0421735085574572,0.857112568287388,0.588190428809272,0.0474240537551591,0.0875284429068426,0.802577176189645,-0.314596149696632,0.0664969805189805,0.304189434193884,0.900411270619017
0.486499,-0.163445,0.042147,0.857107,0.588223,0.047462,0.087457,0.802558,-0.314587,0.066504,0.304156,0.900425
0.486548,-0.163446,0.04215,0.857079,0.588236,0.047525,0.087422,0.802549,-0.31458,0.066509,0.304125,0.900437
0.486559,-0.163461,0.04214,0.85707,0.588234,0.047558,0.087507,0.802539,-0.314518,0.066504,0.304079,0.900475
0.486555,-0.163487,0.042076,0.85707,0.588275,0.04757,0.08756,0.802502,-0.314502,0.066488,0.304073,0.900483
0.48657,-0.163451,0.042106,0.857067,0.588324,0.047557,0.087551,0.802469,-0.31452,0.066487,0.304081,0.900474
0.486594,-0.163453,0.042155,0.857051,0.58837,0.04761,0.087567,0.802429,-0.314528,0.066577,0.304047,0.900477
0.486643411764706,-0.163422134328358,0.04220595286939,0.857029341584158,0.588420284342459,0.0476439842365002,0.0876090053594582,0.802386209327752,-0.314535376119513,0.0665943089010989,0.3040193757497,0.90048184375
0.486678,-0.163359,0.042265,0.857016,0.588467,0.047685,0.087677,0.802342,-0.314543,0.066608,0.304003,0.900485
0.486666,-0.163267,0.042348,0.857037,0.588502,0.047793,0.087784,0.802297,-0.314552,0.066639,0.304,0.900482
0.486653,-0.16327,0.042353,0.857043,0.588541,0.047817,0.087927,0.802252,-0.314588,0.066649,0.304018,0.900462
0.486644,-0.163253,0.042326,0.857053,0.588564,0.047797,0.087974,0.802231,-0.314627,0.066659,0.303945,0.900473
0.486599,-0.1632,0.042351,0.857088,0.58856,0.047828,0.087971,0.802233,-0.314648,0.066682,0.303902,0.900478
0.486555,-0.163119,0.042371,0.857127,0.588523,0.047883,0.087987,0.802255,-0.314689,0.066616,0.3039,0.900467
0.486496,-0.163091,0.0424,0.857165,0.588439,0.04788,0.087962,0.802319,-0.314775,0.066604,0.303874,0.900448
0.486447,-0.163094,0.042321,0.857196,0.588386,0.047894,0.087838,0.802371,-0.314842,0.066635,0.303821,0.90044
0.486443,-0.163143,0.042228,0.857193,0.588382,0.047873,0.087669,0.802394,-0.314898,0.066581,0.303829,0.90042
0.486406,-0.163119,0.042058,0.857225,0.588317,0.047815,0.087533,0.802459,-0.314904,0.066584,0.303854,0.900409
0.48634,-0.163129,0.042007,0.857264,0.58826,0.04784,0.08757,0.802497,-0.314961,0.066579,0.30377,0.900418
0.48639,-0.163031,0.042031,0.857253,0.588244,0.048012,0.087591,0.802496,-0.315008,0.066645,0.303741,0.900407
0.486398,-0.162957,0.042116,0.857259,0.588252,0.0481,0.08759,0.802485,-0.315071,0.066645,0.303679,0.900406
0.486372,-0.162897,0.042094,0.857286,0.588243,0.048204,0.087584,0.802485,-0.315107,0.066664,0.303678,0.900393
0.486329,-0.162881,0.042065,0.857315,0.588235,0.048305,0.087513,0.802493,-0.315085,0.066706,0.303556,0.900438
0.486273,-0.162954,0.041961,0.857337,0.588193,0.0483,0.087335,0.802543,-0.315134,0.066751,0.303513,0.900432
0.48617,-0.162991,0.041852,0.857394,0.588152,0.048267,0.087222,0.802588,-0.315151,0.066778,0.303462,0.900442
0.486145,-0.162944,0.041819,0.857418,0.588101,0.048352,0.087146,0.802629,-0.315173,0.066805,0.303452,0.900435
0.486119,-0.162912,0.041882,0.857436,0.588068,0.048395,0.087148,0.802651,-0.315167,0.066839,0.303387,0.900457
0.486154,-0.162832,0.041909,0.85743,0.58804,0.048464,0.087196,0.802662,-0.315158,0.066788,0.30344,0.900446
0.4862,-0.162732,0.041879,0.857424,0.588031,0.048584,0.087254,0.802655,-0.315181,0.066855,0.303336,0.900468
0.486173,-0.162657,0.041885,0.857453,0.588045,0.048674,0.087358,0.802628,-0.315225,0.066897,0.303276,0.90047
0.486137,-0.162642,0.041905,0.857476,0.58802,0.048733,0.087416,0.802637,-0.315282,0.066917,0.303264,0.900453
0.48608,-0.162587,0.041938,0.857517,0.58796,0.048864,0.087528,0.80266,-0.315324,0.067002,0.303188,0.900458
0.486045,-0.162492,0.041973,0.857554,0.587916,0.048961,0.087612,0.802678,-0.315347,0.067121,0.303133,0.900463
0.486036,-0.162382,0.042035,0.857578,0.587885,0.049079,0.087712,0.802682,-0.315386,0.067166,0.303095,0.900458
0.485981,-0.162319,0.042072,0.857619,0.587866,0.049169,0.087795,0.802681,-0.315463,0.067183,0.303105,0.900428
0.485955,-0.162246,0.042074,0.857647,0.587832,0.049319,0.087832,0.802693,-0.315522,0.067237,0.303022,0.900431
0.485943,-0.16222,0.042029,0.857662,0.587775,0.049381,0.087794,0.802736,-0.315583,0.067312,0.30298,0.90042
0.48595,-0.162156,0.041989,0.857672,0.587741,0.049462,0.087724,0.802763,-0.315643,0.067413,0.302918,0.900414
0.485913,-0.162141,0.041961,0.857697,0.587712,0.049604,0.087718,0.802777,-0.315709,0.067462,0.302844,0.900412
0.485952,-0.162062,0.04195,0.85769,0.587694,0.049747,0.087632,0.802791,-0.315757,0.067508,0.302797,0.900409
0.485988,-0.161996,0.041854,0.857687,0.587698,0.04984,0.087465,0.802801,-0.315794,0.067595,0.302725,0.900414
0.485969,-0.161958,0.041763,0.857708,0.587681,0.04996,0.087305,0.802822,-0.315801,0.067617,0.302648,0.900436
0.485965,-0.161979,0.041638,0.857712,0.587654,0.050031,0.087098,0.80286,-0.315851,0.067641,0.302562,0.900445
0.486015,-0.161909,0.04154,0.857701,0.587638,0.050137,0.086981,0.802878,-0.315856,0.067677,0.302496,0.900462
0.486038,-0.161847,0.041447,0.857704,0.58764,0.050155,0.086804,0.802895,-0.31585,0.067692,0.302386,0.9005
0.486081,-0.161737,0.041385,0.857703,0.587617,0.050199,0.086664,0.802925,-0.315837,0.067749,0.30225,0.900545
0.486102,-0.161722,0.041303,0.857698,0.587577,0.050209,0.086606,0.80296,-0.315869,0.067844,0.302133,0.900568
0.486059,-0.161643,0.041282,0.857739,0.587578,0.050265,0.086552,0.802961,-0.315942,0.06787,0.302063,0.900563
0.485995,-0.16158,0.041277,0.857787,0.587576,0.050294,0.086571,0.802958,-0.315964,0.067838,0.301971,0.900587
0.485947,-0.161508,0.041293,0.857827,0.587534,0.050358,0.086579,0.802985,-0.315972,0.067817,0.301933,0.900598
0.485947,-0.161488,0.041318,0.857829,0.58752,0.050411,0.08655,0.802995,-0.315979,0.067788,0.301869,0.900617
0.485933,-0.161564,0.041295,0.857824,0.587549,0.050386,0.086569,0.802973,-0.316014,0.067752,0.301881,0.900604
0.485965,-0.161568,0.041309,0.857805,0.587621,0.05037,0.086618,0.802916,-0.315999,0.067742,0.301863,0.900615
0.485984,-0.161555,0.041305,0.857796,0.58763,0.050264,0.086714,0.802905,-0.316004,0.067719,0.301833,0.900625
0.485958,-0.161612,0.041355,0.857799,0.587655,0.050169,0.086694,0.802895,-0.316012,0.067679,0.301875,0.90061
0.485939,-0.161675,0.041366,0.857797,0.587676,0.050094,0.086692,0.802886,-0.315994,0.067652,0.301905,0.900608
0.485909,-0.161771,0.041277,0.857799,0.587663,0.050033,0.086642,0.802903,-0.316005,0.067642,0.301969,0.900584
0.485873,-0.161804,0.041199,0.857816,0.587661,0.04998,0.086512,0.802923,-0.315978,0.067639,0.301967,0.900594
0.485821,-0.161863,0.041146,0.857837,0.587586,0.049921,0.086461,0.802987,-0.315981,0.067639,0.301968,0.900592
0.485787,-0.161892,0.041172,0.85785,0.587572,0.049944,0.086419,0.803,-0.315946,0.067672,0.30198,0.900599
0.485752,-0.161854,0.041228,0.857875,0.587552,0.049956,0.086414,0.803015,-0.315945,0.067713,0.301993,0.900594
0.485666,-0.161795,0.041316,0.857931,0.587484,0.050045,0.086415,0.803059,-0.315921,0.067736,0.301956,0.900612
0.48561,-0.161769,0.04135,0.857965,0.587439,0.050107,0.086472,0.803082,-0.315915,0.067784,0.302033,0.900587
0.485577,-0.161724,0.041384,0.857991,0.587388,0.050181,0.086496,0.803112,-0.315889,0.067814,0.302043,0.900591
0.485492,-0.161681,0.041391,0.858047,0.587368,0.050192,0.086493,0.803127,-0.315916,0.067878,0.302099,0.90056
0.48545,-0.161617,0.041426,0.858082,0.587318,0.050277,0.086603,0.803146,-0.315903,0.06792,0.302117,0.900556
0.485364,-0.161535,0.04151,0.858142,0.587281,0.050335,0.08675,0.803154,-0.315939,0.06801,0.302084,0.90055
0.485345,-0.161513,0.041536,0.858156,0.587188,0.050426,0.086884,0.803203,-0.315931,0.068075,0.30207,0.900554
0.485343,-0.161503,0.04159,0.858156,0.587114,0.050466,0.086928,0.803249,-0.315947,0.068162,0.302092,0.900536
0.485317,-0.161514,0.041606,0.858168,0.587075,0.05039,0.086917,0.803284,-0.315957,0.068194,0.302172,0.900505
0.485254,-0.16163,0.041579,0.858182,0.587091,0.050288,0.086922,0.803277,-0.315961,0.068238,0.302215,0.900487
0.48527,-0.161773,0.041617,0.858144,0.587101,0.050206,0.086885,0.80328,-0.315969,0.068276,0.30224,0.900475
0.485255,-0.161852,0.041628,0.858138,0.587125,0.050143,0.086883,0.803266,-0.315918,0.068337,0.302292,0.900471
0.485287,-0.161856,0.041691,0.858117,0.587089,0.050091,0.086991,0.803284,-0.315948,0.068376,0.302346,0.900441
0.485321,-0.161865,0.04187,0.858087,0.58709,0.050053,0.08717,0.803266,-0.316028,0.068399,0.302351,0.90041
0.485349,-0.161759,0.042014,0.858086,0.587139,0.050065,0.087339,0.803211,-0.316089,0.068449,0.302356,0.900385
0.485341,-0.161697,0.042158,0.858095,0.587159,0.050079,0.087558,0.803172,-0.316129,0.068454,0.302491,0.900327
0.485316,-0.161707,0.042266,0.858102,0.587149,0.050045,0.087678,0.803168,-0.316195,0.068498,0.302553,0.900282
0.485274,-0.161774,0.042295,0.858112,0.587155,0.050022,0.087721,0.803161,-0.316265,0.068476,0.302613,0.900239
0.485271,-0.161817,0.042326,0.858104,0.58712,0.049971,0.087712,0.803191,-0.316367,0.068496,0.302617,0.9002
0.485225,-0.161854,0.042269,0.858126,0.587025,0.049975,0.087699,0.803262,-0.31637,0.068559,0.302575,0.90021
0.485103,-0.161889,0.042199,0.858191,0.586924,0.049915,0.087668,0.803343,-0.316504,0.068556,0.302605,0.900154
0.485016,-0.161971,0.04209,0.85823,0.586819,0.04987,0.087597,0.803431,-0.316524,0.068541,0.302629,0.90014
0.484949,-0.162034,0.042043,0.858257,0.586727,0.049904,0.087499,0.803508,-0.316531,0.068522,0.30267,0.900125
0.484889,-0.162102,0.042026,0.858279,0.586631,0.049807,0.087383,0.803596,-0.316582,0.068533,0.302708,0.900093
0.48483,-0.162077,0.04198,0.858319,0.586529,0.049799,0.087317,0.803679,-0.31662,0.068551,0.302768,0.90006
0.484844,-0.162031,0.042009,0.858319,0.586499,0.049821,0.08729,0.803703,-0.316645,0.068518,0.302766,0.900054
0.484842,-0.161936,0.042031,0.858337,0.586522,0.049884,0.087355,0.803675,-0.316655,0.068542,0.302791,0.900041
0.484902,-0.161827,0.042131,0.85832,0.586592,0.049968,0.087457,0.803607,-0.31668,0.068587,0.302804,0.900025
0.485013,-0.161658,0.042221,0.858285,0.586707,0.050149,0.087622,0.803493,-0.31673,0.068653,0.302732,0.900028
0.485112,-0.161576,0.042322,0.85824,0.58681,0.050345,0.087756,0.80339,-0.316729,0.068665,0.302654,0.900053
0.485192,-0.161544,0.042368,0.858198,0.586873,0.050473,0.087868,0.803324,-0.316698,0.068696,0.302555,0.900094
0.485286,-0.161561,0.04237,0.858143,0.586987,0.050502,0.087866,0.803238,-0.316746,0.068744,0.302563,0.900072
0.485326,-0.161577,0.04233,0.858119,0.587082,0.050496,0.087779,0.803178,-0.316746,0.068797,0.302567,0.900068
0.485427,-0.161657,0.042338,0.858046,0.587179,0.050463,0.087655,0.803123,-0.316768,0.068818,0.302598,0.900049
0.485469,-0.161683,0.042362,0.858016,0.5873,0.050475,0.087621,0.803036,-0.316729,0.068843,0.302598,0.900061
0.485494,-0.16166,0.042381,0.858006,0.587425,0.050488,0.087607,0.802945,-0.316692,0.068819,0.302609,0.900072
0.485541,-0.161592,0.042416,0.85799,0.587529,0.050552,0.08766,0.80286,-0.316625,0.068828,0.302685,0.900071
0.485589,-0.16157,0.04253,0.857963,0.587628,0.050583,0.087719,0.802777,-0.316592,0.068812,0.302691,0.900081
0.485577,-0.161587,0.042611,0.857962,0.587609,0.050604,0.087797,0.802781,-0.316602,0.068842,0.302649,0.900089
0.485562,-0.16162,0.042573,0.857966,0.587605,0.050572,0.087844,0.802782,-0.316584,0.068901,0.302609,0.900105
0.485536,-0.16164,0.042557,0.857978,0.587538,0.050512,0.087802,0.802839,-0.316548,0.068928,0.302554,0.900135
0.48544,-0.161711,0.042511,0.858021,0.587464,0.050383,0.087764,0.802907,-0.316544,0.068931,0.302565,0.900132
0.485326,-0.16171,0.042451,0.858088,0.5874,0.050279,0.087638,0.802974,-0.316596,0.068984,0.302537,0.900121
0.485245,-0.161709,0.042444,0.858134,0.58724,0.050259,0.087671,0.803089,-0.316639,0.068953,0.302533,0.900108
0.485128,-0.16164,0.042416,0.858215,0.587118,0.050277,0.087675,0.803176,-0.316711,0.068945,0.302552,0.900077
0.48501,-0.161559,0.042407,0.858297,0.58699,0.050299,0.087649,0.803272,-0.316798,0.068946,0.30266,0.900011
0.484934,-0.161531,0.04234,0.858348,0.586912,0.050394,0.087543,0.803335,-0.316864,0.068917,0.302605,0.900008
0.484857,-0.161498,0.042238,0.858402,0.586857,0.050461,0.087475,0.803379,-0.316902,0.06891,0.302535,0.900018
0.484798,-0.161387,0.042179,0.858459,0.586826,0.05056,0.087462,0.803397,-0.31696,0.068977,0.302407,0.900036
0.484803,-0.161273,0.042258,0.858475,0.586846,0.050734,0.087495,0.803368,-0.317104,0.069011,0.302289,0.900022
0.484853,-0.161116,0.042284,0.858475,0.586899,0.050937,0.087617,0.803303,-0.317196,0.06901,0.302244,0.900005
0.484887,-0.160965,0.042341,0.858482,0.58696,0.051082,0.087735,0.803235,-0.31727,0.069062,0.302249,0.899974
0.484926,-0.160824,0.04231,0.858488,0.587032,0.051229,0.087778,0.803169,-0.317322,0.069105,0.302168,0.899979
0.484999,-0.160783,0.042254,0.858457,0.587084,0.05134,0.087812,0.803121,-0.31738,0.069094,0.302143,0.899968
0.485028,-0.160808,0.042218,0.858437,0.587144,0.051365,0.087764,0.803079,-0.317393,0.069103,0.302089,0.89998
0.485074,-0.160918,0.042176,0.858393,0.587168,0.051336,0.087661,0.803075,-0.317371,0.069152,0.302054,0.899997
0.485035,-0.160949,0.042121,0.858411,0.587159,0.05127,0.087593,0.803092,-0.31739,0.069187,0.302012,0.900002
0.485055,-0.160989,0.042116,0.858393,0.587197,0.051233,0.087604,0.803065,-0.31739,0.069212,0.301955,0.900019
0.48504,-0.160945,0.042228,0.858405,0.587195,0.051226,0.087741,0.803053,-0.317397,0.069169,0.301983,0.900009
0.485007,-0.160995,0.042387,0.858407,0.587222,0.051232,0.087878,0.803018,-0.317341,0.069206,0.302003,0.90002
0.484977,-0.160981,0.042474,0.858422,0.587182,0.051164,0.087942,0.803045,-0.317328,0.069194,0.30205,0.900011
0.484976,-0.161073,0.04246,0.858406,0.587142,0.051087,0.087941,0.803079,-0.317259,0.069177,0.302149,0.900004
0.484935,-0.161206,0.042398,0.858406,0.587103,0.050984,0.087912,0.803117,-0.317226,0.069135,0.302239,0.899988
0.484936,-0.161301,0.042438,0.858386,0.587063,0.050871,0.08791,0.803154,-0.317213,0.069095,0.302326,0.899967
0.484893,-0.16127,0.042486,0.858415,0.587055,0.050871,0.087942,0.803156,-0.317191,0.069022,0.302398,0.899955
0.484906,-0.161253,0.042583,0.858406,0.58701,0.050915,0.088001,0.80318,-0.317217,0.068982,0.302435,0.899935
0.484935,-0.161245,0.042637,0.858388,0.587046,0.05096,0.087966,0.803155,-0.317253,0.068981,0.302442,0.899922
0.484981,-0.161225,0.042667,0.858365,0.587113,0.050937,0.087987,0.803104,-0.317258,0.069001,0.302387,0.899937
0.484988,-0.1612,0.042681,0.858365,0.587136,0.050954,0.087952,0.80309,-0.317288,0.069004,0.302334,0.899943
0.484986,-0.161171,0.042727,0.858369,0.587188,0.050971,0.087963,0.803051,-0.31733,0.069027,0.302255,0.899952
0.485,-0.16116,0.042789,0.858361,0.587223,0.051072,0.088046,0.803009,-0.317325,0.069111,0.302266,0.899946
0.485036,-0.161046,0.042885,0.858357,0.587268,0.051233,0.088151,0.802954,-0.317367,0.069195,0.302259,0.899929
0.485061,-0.160882,0.04293,0.858373,0.587311,0.051381,0.088217,0.802905,-0.317385,0.069269,0.302282,0.899911
0.485071,-0.160828,0.042941,0.858376,0.587354,0.051471,0.088256,0.802864,-0.317439,0.069301,0.30232,0.899878
0.485076,-0.160801,0.042852,0.858382,0.587379,0.051558,0.088255,0.802841,-0.317474,0.069371,0.302331,0.899859
0.485116,-0.160751,0.042765,0.858374,0.587405,0.0516,0.088137,0.802831,-0.317484,0.069444,0.302293,0.899863
0.485205,-0.160709,0.042689,0.858335,0.587452,0.051648,0.08798,0.80281,-0.317521,0.069566,0.302261,0.899854
0.485289,-0.160641,0.042667,0.858302,0.58755,0.05167,0.087858,0.802751,-0.317551,0.069634,0.302249,0.899843
0.485346,-0.16057,0.042645,0.858283,0.587577,0.051813,0.087811,0.802726,-0.317566,0.069677,0.30218,0.899858
0.485432,-0.160451,0.042645,0.858258,0.587646,0.051897,0.087741,0.802678,-0.317607,0.069807,0.30214,0.899849
0.485467,-0.16041,0.042571,0.858249,0.587673,0.051962,0.087711,0.802657,-0.31758,0.069789,0.302104,0.899872
0.485471,-0.160411,0.04248,0.858251,0.587712,0.052011,0.087661,0.802631,-0.317531,0.069781,0.302092,0.899893
0.485481,-0.160466,0.042351,0.85824,0.587705,0.052012,0.087555,0.802648,-0.317521,0.069817,0.302069,0.899902
0.485477,-0.160505,0.042274,0.858239,0.587701,0.051941,0.087404,0.802672,-0.317538,0.069878,0.302108,0.89988
0.485469,-0.160547,0.042228,0.858238,0.587701,0.051821,0.087373,0.802683,-0.317528,0.069892,0.302093,0.899888
0.485522,-0.160515,0.04227,0.858212,0.587705,0.051793,0.087471,0.802671,-0.317549,0.069906,0.302153,0.89986
0.485504,-0.160411,0.042317,0.858239,0.587753,0.05178,0.087545,0.802627,-0.317619,0.069894,0.302214,0.899816
0.485505,-0.160379,0.042349,0.858243,0.587751,0.051746,0.087664,0.802619,-0.317686,0.069824,0.302233,0.89979
0.48548,-0.160402,0.042255,0.858258,0.587737,0.051686,0.087669,0.802632,-0.317678,0.069783,0.302216,0.899801
0.485403,-0.160483,0.042173,0.85829,0.587658,0.051661,0.087629,0.802697,-0.317682,0.06971,0.30224,0.899796
0.485304,-0.160506,0.042121,0.858343,0.587557,0.051623,0.087526,0.802785,-0.317703,0.069664,0.302221,0.899797
0.485232,-0.160499,0.042052,0.858389,0.587481,0.051607,0.087489,0.802845,-0.317685,0.069556,0.302189,0.89982
0.48515,-0.160446,0.041955,0.858448,0.587337,0.051674,0.087453,0.802952,-0.3177,0.069493,0.302198,0.899816
0.485021,-0.160463,0.041835,0.858524,0.587177,0.051662,0.087358,0.80308,-0.317762,0.06939,0.302231,0.899788
0.484882,-0.160486,0.041691,0.858604,0.58704,0.051633,0.087156,0.803205,-0.317816,0.069347,0.302204,0.899781
0.484742,-0.160524,0.041506,0.858684,0.586881,0.051626,0.086893,0.803351,-0.31787,0.069279,0.302179,0.899774
0.484671,-0.160528,0.041278,0.858733,0.58671,0.051611,0.086604,0.803508,-0.31791,0.069198,0.302151,0.899774
0.484613,-0.160605,0.041055,0.858761,0.586602,0.051572,0.086371,0.803616,-0.317946,0.069063,0.302174,0.89976
0.484581,-0.160626,0.040883,0.858783,0.586527,0.051571,0.086198,0.803689,-0.317974,0.068949,0.302091,0.899784
0.484629,-0.160625,0.040767,0.858761,0.58655,0.051594,0.086074,0.803684,-0.318016,0.068888,0.302049,0.899786
0.484677,-0.160489,0.040746,0.858761,0.586588,0.051656,0.086009,0.80366,-0.318036,0.068837,0.302046,0.899783
0.484776,-0.160362,0.040684,0.858731,0.586678,0.051727,0.08593,0.803598,-0.318066,0.068791,0.301993,0.899792
0.484913,-0.160254,0.040612,0.858678,0.586755,0.051855,0.08588,0.803537,-0.318096,0.068779,0.301758,0.899859
0.485028,-0.1602,0.040584,0.858624,0.586845,0.051913,0.085836,0.803472,-0.318079,0.068766,0.301621,0.89991
0.485133,-0.160189,0.040468,0.858571,0.586999,0.051923,0.085741,0.803369,-0.318063,0.068757,0.301493,0.899958
0.485245,-0.160307,0.040386,0.85849,0.587105,0.051909,0.085604,0.803307,-0.318013,0.068742,0.301407,0.900004
0.485316,-0.160359,0.040281,0.858445,0.587188,0.051883,0.085517,0.803257,-0.317965,0.068672,0.301324,0.900051
0.485359,-0.160408,0.040133,0.858418,0.587248,0.051813,0.08534,0.803236,-0.317879,0.068624,0.301252,0.900107
0.485423,-0.160453,0.039983,0.85838,0.587266,0.051755,0.085279,0.803233,-0.317867,0.068531,0.301262,0.900113
0.485409,-0.160471,0.039904,0.858387,0.587238,0.05176,0.085212,0.80326,-0.317828,0.068391,0.301258,0.900136
0.485436,-0.160488,0.03984,0.858372,0.587289,0.051758,0.085099,0.803234,-0.31779,0.068314,0.301304,0.900139
0.485392,-0.160499,0.039787,0.858396,0.587292,0.051699,0.085048,0.803241,-0.317771,0.068254,0.30134,0.900137
0.485369,-0.160509,0.03976,0.858408,0.587234,0.051622,0.085086,0.803285,-0.317807,0.068221,0.301424,0.900098
0.485247,-0.160526,0.039755,0.858475,0.587149,0.051625,0.085129,0.803343,-0.317858,0.06814,0.301495,0.900062
0.48516,-0.16057,0.039707,0.858518,0.58707,0.051596,0.085156,0.803401,-0.317941,0.068126,0.301557,0.900015
0.485046,-0.160616,0.03964,0.858576,0.586932,0.051557,0.085104,0.80351,-0.317963,0.068077,0.301608,0.899992
0.484984,-0.160651,0.039459,0.858611,0.586799,0.051503,0.08502,0.803619,-0.317973,0.068049,0.301679,0.899967
0.484915,-0.160718,0.039314,0.858644,0.586635,0.051458,0.084931,0.803753,-0.318011,0.068007,0.301679,0.899956
0.484852,-0.160782,0.039091,0.858677,0.586514,0.051423,0.084792,0.803858,-0.318041,0.067888,0.301714,0.899941
0.484757,-0.160818,0.038982,0.858728,0.586429,0.051413,0.084656,0.803936,-0.318083,0.067773,0.30169,0.89994
0.484725,-0.160787,0.038854,0.858757,0.586361,0.051432,0.084502,0.804,-0.318151,0.06771,0.301669,0.899927
0.484655,-0.160837,0.038695,0.858794,0.586247,0.051389,0.084347,0.804103,-0.318233,0.067649,0.301597,0.899924
0.484578,-0.160921,0.038559,0.858827,0.586146,0.05132,0.084203,0.804196,-0.318321,0.06757,0.301563,0.899908
0.484581,-0.161037,0.038447,0.858808,0.586097,0.051272,0.084046,0.804251,-0.318404,0.067494,0.301489,0.899907
0.484509,-0.161076,0.038373,0.858843,0.586054,0.051242,0.083967,0.804293,-0.318495,0.067458,0.30145,0.899889
0.484399,-0.161084,0.03834,0.858905,0.586004,0.051242,0.083964,0.804331,-0.318546,0.06738,0.301459,0.899874
0.484285,-0.161117,0.038299,0.858965,0.585928,0.051215,0.084015,0.804383,-0.318655,0.067302,0.301478,0.899833
0.484168,-0.161155,0.038327,0.859022,0.585845,0.051219,0.084056,0.804439,-0.318734,0.06718,0.301502,0.899804
0.484063,-0.161251,0.038274,0.859066,0.585742,0.051156,0.084031,0.804521,-0.318802,0.067116,0.301576,0.89976
0.483925,-0.161399,0.038129,0.859121,0.585603,0.051022,0.083859,0.80465,-0.318911,0.067047,0.30168,0.89969
0.483787,-0.161548,0.037977,0.859176,0.585463,0.050852,0.083694,0.80478,-0.318993,0.066952,0.301742,0.899646
0.48366,-0.161648,0.037856,0.859234,0.585315,0.050675,0.083574,0.804912,-0.319038,0.066848,0.301748,0.899634
0.483517,-0.161723,0.037718,0.859305,0.585121,0.050521,0.083517,0.805069,-0.319063,0.066743,0.301786,0.899619
0.483404,-0.161848,0.037625,0.859349,0.584952,0.050377,0.083471,0.805206,-0.31908,0.066668,0.301818,0.899606
0.483332,-0.161903,0.03749,0.859383,0.584789,0.050285,0.083345,0.805344,-0.319158,0.066559,0.301839,0.899578
0.483259,-0.161981,0.03735,0.859416,0.584689,0.050124,0.083249,0.805438,-0.319192,0.066482,0.301839,0.89957
0.483195,-0.162079,0.037222,0.859438,0.584629,0.050036,0.083118,0.8055,-0.319233,0.066398,0.301826,0.899564
0.483165,-0.162165,0.037098,0.859443,0.584591,0.049958,0.083035,0.805542,-0.319219,0.066341,0.301827,0.899571
0.483183375,-0.16219188407005,0.0370130465873287,0.859431623110151,0.584590223300971,0.049958,0.0829828656904701,0.805550158567775,-0.319217120675784,0.0663189270264499,0.301848933856502,0.8995665
0.483221,-0.162216,0.036925,0.859408,0.58459,0.049958,0.082925,0.805553,-0.319215,0.066292,0.30187,0.899562
0.483276,-0.162271,0.036784,0.859372,0.584639,0.049925,0.082803,0.805532,-0.319161,0.066146,0.30184,0.899597
0.483287,-0.162354,0.036622,0.859357,0.584659,0.049925,0.082651,0.805534,-0.319138,0.066059,0.301876,0.899599
0.483356,-0.162454,0.036501,0.859304,0.584718,0.04991,0.082462,0.805511,-0.319121,0.06598,0.301875,0.899609
0.483451,-0.162585,0.036346,0.859232,0.58476,0.04987,0.082282,0.805501,-0.319095,0.06593,0.30185,0.899629
0.483542,-0.162669,0.036192,0.859171,0.584832,0.049772,0.082075,0.805475,-0.319021,0.065866,0.301793,0.899677
0.483581,-0.162752,0.036047,0.859138,0.584928,0.049684,0.08185,0.805434,-0.318957,0.065783,0.301712,0.899731
0.483635,-0.162783,0.035986,0.859104,0.58501,0.049602,0.081722,0.805391,-0.318917,0.065741,0.301643,0.899769
0.483688,-0.162799,0.036002,0.859071,0.585067,0.049592,0.081676,0.805355,-0.318822,0.065657,0.301582,0.899826
0.483684,-0.162784,0.036021,0.859075,0.585106,0.049574,0.081582,0.805337,-0.318781,0.065554,0.301612,0.899836
0.483633,-0.162831,0.035998,0.859095,0.585085,0.049547,0.081627,0.80535,-0.318774,0.065481,0.301652,0.899829
0.483563,-0.162913,0.03591,0.859123,0.585015,0.049478,0.081636,0.805405,-0.318777,0.065396,0.301732,0.899807
0.483424,-0.163072,0.035718,0.859177,0.58489,0.049385,0.081529,0.805512,-0.318731,0.06533,0.301818,0.899799
0.483279,-0.163222,0.035504,0.859238,0.584759,0.049269,0.081339,0.805635,-0.318764,0.065285,0.301915,0.899758
0.483148,-0.163341,0.035389,0.859293,0.584617,0.049099,0.081155,0.805767,-0.318777,0.065252,0.301976,0.899734
0.483037,-0.163402,0.035249,0.859349,0.584489,0.048929,0.080921,0.805894,-0.318796,0.065217,0.301976,0.89973
0.482947,-0.163477,0.035132,0.85939,0.584339,0.048808,0.080753,0.806027,-0.318852,0.065227,0.301948,0.899719
0.482891,-0.163472,0.03499,0.859427,0.584239,0.048745,0.080613,0.806119,-0.318878,0.065247,0.301956,0.899705
0.482766,-0.163529,0.03484,0.859491,0.584168,0.048716,0.080447,0.806188,-0.318955,0.065203,0.301897,0.8997
0.482696,-0.163559,0.034763,0.859528,0.584114,0.048719,0.080321,0.80624,-0.319005,0.065165,0.301925,0.899676
0.482668,-0.163561,0.034677,0.859546,0.58405,0.048709,0.080208,0.806299,-0.319003,0.065127,0.301986,0.899659
0.482645,-0.163546,0.034582,0.859565,0.583981,0.048748,0.080207,0.806347,-0.319069,0.065107,0.301987,0.899636
0.482606,-0.163572,0.034479,0.859586,0.583941,0.048746,0.080221,0.806375,-0.319125,0.065065,0.302005,0.899612
0.482594,-0.163603,0.034351,0.859592,0.583863,0.048783,0.080164,0.806435,-0.319137,0.065037,0.301972,0.89962
0.482604,-0.16365,0.034196,0.859582,0.583839,0.048821,0.079989,0.806468,-0.319144,0.06502,0.301973,0.899618
0.482634,-0.163645,0.034058,0.859571,0.583805,0.04877,0.079873,0.806506,-0.319122,0.064992,0.301991,0.899622
0.482552,-0.163659,0.033972,0.859617,0.583812,0.048773,0.079701,0.806519,-0.319091,0.064966,0.301995,0.899633
0.48257,-0.163712,0.03387,0.859601,0.583833,0.048767,0.079436,0.80653,-0.319004,0.064938,0.301976,0.899671
0.482552,-0.16388,0.033675,0.859586,0.583781,0.048764,0.079217,0.806589,-0.318953,0.064903,0.30196,0.899696
0.482482,-0.16404,0.033432,0.859603,0.583725,0.048723,0.078984,0.806656,-0.318862,0.064844,0.30196,0.899731
0.482398,-0.164214,0.033174,0.859624,0.58362,0.048589,0.078689,0.806768,-0.318797,0.064776,0.301983,0.899749
0.482355,-0.164478,0.032928,0.859605,0.583506,0.048389,0.078347,0.806896,-0.318692,0.064751,0.302021,0.899776
0.482288,-0.164796,0.032638,0.859592,0.583436,0.048194,0.07792,0.807001,-0.318628,0.064728,0.302042,0.899793
0.482206,-0.165003,0.032334,0.859608,0.583314,0.047922,0.077467,0.80715,-0.318574,0.064656,0.302077,0.899804
0.482096,-0.165222,0.032082,0.859637,0.583214,0.047682,0.077049,0.807276,-0.318504,0.064601,0.302124,0.899816
0.482087,-0.16539,0.031906,0.859614,0.583151,0.047452,0.076559,0.807383,-0.318492,0.064497,0.302146,0.899819
0.482078,-0.165505,0.031792,0.8596,0.583138,0.047318,0.076189,0.807434,-0.318429,0.064427,0.302137,0.899847
0.482104,-0.165524,0.031759,0.859583,0.583164,0.047254,0.075959,0.80744,-0.318334,0.064358,0.302113,0.899891
0.482131,-0.165481,0.031783,0.859575,0.583208,0.047241,0.075878,0.807417,-0.3183,0.064312,0.302018,0.899937
0.482209,-0.165487,0.031774,0.859531,0.583259,0.047305,0.075914,0.807373,-0.3183,0.064259,0.30199,0.899948
0.482287,-0.165547,0.031727,0.859478,0.583365,0.04734,0.075972,0.807288,-0.318238,0.06424,0.301995,0.899969
0.482344,-0.165627,0.031637,0.859433,0.583409,0.047333,0.076001,0.807254,-0.318214,0.06423,0.302087,0.899949
0.482349,-0.165724,0.031522,0.859415,0.583482,0.047287,0.075988,0.807206,-0.318197,0.064255,0.30205,0.899965
0.48241,-0.165886,0.031388,0.859354,0.58358,0.047204,0.075912,0.807146,-0.318168,0.064256,0.30205,0.899975
0.482451,-0.166076,0.031202,0.8593,0.583615,0.047055,0.075771,0.807143,-0.31819,0.064268,0.302051,0.899966
0.482439,-0.166289,0.030959,0.859273,0.583625,0.046888,0.075591,0.807161,-0.31822,0.064297,0.302081,0.899944
0.482367,-0.166492,0.030751,0.85928,0.583617,0.046605,0.075291,0.807212,-0.318226,0.064277,0.302096,0.899938
0.482347,-0.166661,0.030569,0.859263,0.583628,0.046384,0.075005,0.807244,-0.318254,0.064226,0.302042,0.89995
0.482332,-0.166822,0.030453,0.859244,0.583601,0.046197,0.074756,0.807296,-0.318266,0.064203,0.302106,0.899925
0.48224,-0.166945,0.030332,0.859276,0.583556,0.046066,0.074562,0.807354,-0.318306,0.064175,0.302132,0.899904
0.482064,-0.167081,0.03015,0.859353,0.583461,0.045949,0.074393,0.807446,-0.318352,0.06415,0.302204,0.899866
0.481913,-0.167244,0.029938,0.859413,0.583354,0.04577,0.074103,0.80756,-0.318348,0.064082,0.302227,0.899864
0.481771,-0.167404,0.029665,0.859468,0.583234,0.045611,0.073844,0.80768,-0.318376,0.064079,0.302189,0.899866
0.481648,-0.167582,0.029437,0.859508,0.58306,0.045473,0.073573,0.807839,-0.318389,0.064043,0.30213,0.899882
0.481506,-0.167683,0.029227,0.859575,0.58292,0.045344,0.073291,0.807974,-0.31841,0.064027,0.302146,0.89987
0.481422,-0.167759,0.029081,0.859611,0.582793,0.04528,0.073163,0.80808,-0.318403,0.064068,0.302145,0.899871
0.481371,-0.167804,0.028957,0.859634,0.582691,0.045239,0.073083,0.808164,-0.318423,0.064092,0.302107,0.899875
0.48135,-0.167877,0.028845,0.859635,0.582635,0.045153,0.072879,0.808227,-0.318419,0.064123,0.302103,0.899877
0.481286,-0.167944,0.028746,0.859661,0.582604,0.045056,0.072653,0.808276,-0.318411,0.064146,0.302098,0.89988
0.481245,-0.168038,0.028603,0.859669,0.582587,0.044994,0.072373,0.808317,-0.318398,0.064167,0.302021,0.899909
0.481239,-0.168082,0.028552,0.859666,0.582605,0.044946,0.072198,0.808322,-0.318392,0.064203,0.301998,0.899917
0.481342,-0.167973,0.028664,0.859625,0.582659,0.04494,0.072129,0.808289,-0.318406,0.064226,0.30203,0.8999
0.481435,-0.167721,0.028894,0.859617,0.582703,0.045042,0.072132,0.808252,-0.318421,0.064262,0.302041,0.899889
0.481557,-0.167537,0.029142,0.859578,0.582724,0.045226,0.072306,0.808211,-0.318425,0.064322,0.30199,0.899901
0.481635,-0.167427,0.029272,0.859552,0.582761,0.045476,0.072452,0.808157,-0.31842,0.064391,0.302021,0.899889
0.481695,-0.167416,0.029216,0.859522,0.582839,0.045653,0.072542,0.808082,-0.318344,0.064459,0.30198,0.899926
0.481688,-0.167493,0.02914,0.859513,0.582876,0.045678,0.07264,0.808045,-0.318356,0.064483,0.301961,0.899927
0.48175,-0.167487,0.029124,0.85948,0.582946,0.045647,0.072683,0.807993,-0.318305,0.064521,0.301878,0.89997
0.481829,-0.167451,0.029201,0.859441,0.582964,0.045652,0.072734,0.807974,-0.318268,0.06457,0.301862,0.899986
0.481876,-0.167384,0.02928,0.859425,0.582993,0.045691,0.072788,0.807945,-0.318275,0.064593,0.301787,0.900006
0.481861,-0.167364,0.02934,0.859435,0.582994,0.045827,0.072879,0.80793,-0.318218,0.064629,0.301708,0.90005
0.481865,-0.167409,0.029277,0.859427,0.58297,0.045917,0.07294,0.807937,-0.318215,0.06457,0.301659,0.90007
0.481852,-0.167558,0.029071,0.859411,0.582914,0.045916,0.072883,0.807982,-0.318228,0.064533,0.301614,0.900081
0.481842,-0.167662,0.028875,0.859402,0.582816,0.045841,0.072777,0.808067,-0.318234,0.064442,0.30166,0.900069
0.481811,-0.167751,0.028741,0.859405,0.582703,0.045727,0.072654,0.808167,-0.318193,0.064385,0.301684,0.900079
0.481809,-0.167729,0.028734,0.859411,0.582625,0.045645,0.072524,0.80824,-0.318174,0.064358,0.301589,0.900117
0.481781,-0.167748,0.028724,0.859424,0.582576,0.045669,0.072428,0.808281,-0.318171,0.064349,0.301489,0.900152
0.481788,-0.167699,0.028752,0.859428,0.582529,0.045687,0.072346,0.808322,-0.318219,0.064356,0.301357,0.900177
0.481727,-0.167667,0.028815,0.859467,0.582484,0.045678,0.072279,0.808361,-0.318302,0.0644,0.301265,0.900176
0.481727,-0.167584,0.028952,0.859479,0.582436,0.045684,0.072259,0.808398,-0.318363,0.064429,0.301264,0.900153
0.481675,-0.16753,0.029126,0.859513,0.582468,0.045702,0.072256,0.808375,-0.318444,0.064464,0.30131,0.900108
0.48162,-0.167375,0.029331,0.859568,0.582466,0.045657,0.072291,0.808374,-0.318517,0.064508,0.301408,0.900048
0.481521,-0.167239,0.029515,0.859646,0.582405,0.04568,0.072378,0.808409,-0.3186,0.064564,0.301553,0.899969
0.48146,-0.167125,0.029635,0.859697,0.582342,0.045704,0.072561,0.808438,-0.318668,0.064667,0.301651,0.899908
0.481366,-0.16701,0.029694,0.859771,0.582249,0.045802,0.072739,0.808483,-0.318767,0.064722,0.301743,0.899841
0.481236,-0.166913,0.02967,0.859863,0.582118,0.045889,0.072948,0.808555,-0.318889,0.064777,0.30179,0.89978
0.48111,-0.166842,0.029602,0.85995,0.58205,0.045998,0.073058,0.808588,-0.318941,0.064851,0.301799,0.899755
0.480991,-0.166818,0.029468,0.860025,0.581907,0.046132,0.073119,0.808678,-0.318994,0.064937,0.301752,0.899747
0.480865,-0.166833,0.029308,0.860096,0.581745,0.046235,0.073008,0.8088,-0.319054,0.064941,0.301675,0.899751
0.480835,-0.166837,0.029111,0.860118,0.581543,0.046313,0.072884,0.808952,-0.319054,0.06494,0.301508,0.899805
0.48073,-0.166841,0.028959,0.860181,0.581448,0.046351,0.072663,0.809039,-0.319064,0.064967,0.301404,0.899833
0.480675,-0.166847,0.028866,0.860213,0.581253,0.046354,0.072545,0.80919,-0.319045,0.064924,0.301315,0.899871
0.480696,-0.166763,0.028924,0.860216,0.581178,0.046396,0.072523,0.809244,-0.319032,0.064913,0.301222,0.899907
0.480739,-0.166639,0.029042,0.860213,0.581118,0.046486,0.07253,0.809281,-0.31897,0.064889,0.301192,0.899939
0.480762,-0.166573,0.029168,0.860209,0.581126,0.046626,0.072651,0.809256,-0.31893,0.064809,0.301166,0.899966
0.480806,-0.166531,0.029248,0.86019,0.58116,0.046677,0.07281,0.809215,-0.31892,0.064779,0.301134,0.899982
0.480876,-0.166587,0.029385,0.860137,0.581246,0.046717,0.07295,0.809137,-0.31886,0.064744,0.30114,0.900003
0.480931,-0.16663,0.029502,0.860094,0.581323,0.046678,0.073073,0.809073,-0.318785,0.064698,0.301208,0.900009
0.48098,-0.166679,0.029668,0.860052,0.581409,0.046564,0.073188,0.809008,-0.318732,0.064638,0.301244,0.90002
0.481066,-0.166775,0.029802,0.859981,0.581571,0.046501,0.073356,0.808879,-0.318675,0.064539,0.301244,0.900045
0.481147,-0.166896,0.029903,0.859909,0.581708,0.046403,0.073518,0.80877,-0.318621,0.064506,0.301272,0.900056
0.481217,-0.167039,0.029935,0.85984,0.5818,0.046297,0.073662,0.808696,-0.318548,0.064422,0.301316,0.900071
0.48125,-0.167227,0.029926,0.859786,0.581905,0.046142,0.073652,0.808631,-0.318468,0.064382,0.301411,0.900071
0.481242,-0.167363,0.029862,0.859765,0.582007,0.045873,0.07365,0.808572,-0.318446,0.064286,0.301503,0.900054
0.481167,-0.167463,0.029821,0.85979,0.582069,0.045706,0.073643,0.808537,-0.318362,0.064252,0.301551,0.900069
0.481057,-0.167433,0.029789,0.859858,0.582,0.045548,0.073625,0.808598,-0.318332,0.064233,0.301563,0.900077
0.480968,-0.16742,0.029733,0.859912,0.581946,0.045443,0.073626,0.808643,-0.318287,0.064228,0.301612,0.900077
0.480874,-0.167437,0.029614,0.859964,0.5819,0.045419,0.073624,0.808678,-0.318284,0.064252,0.301645,0.900067
0.480757,-0.167577,0.029505,0.860006,0.581791,0.045356,0.073542,0.808767,-0.318322,0.06426,0.301629,0.900058
0.480677,-0.167607,0.029386,0.860048,0.581606,0.045286,0.073426,0.808915,-0.31832,0.06426,0.301586,0.900072
0.480559,-0.167525,0.0293,0.860133,0.581507,0.045264,0.073272,0.809002,-0.318349,0.064312,0.301516,0.900082
0.480561,-0.167414,0.029399,0.86015,0.581442,0.045295,0.0732,0.809054,-0.318398,0.064359,0.301416,0.900095
0.480566,-0.167249,0.029526,0.860175,0.581454,0.045415,0.073241,0.809035,-0.318467,0.06435,0.301417,0.900071
0.480639,-0.167072,0.029742,0.860164,0.581376,0.045615,0.073436,0.809063,-0.318486,0.064378,0.301321,0.900094
0.480613,-0.166954,0.029831,0.860197,0.581391,0.045782,0.07368,0.80902,-0.318531,0.064464,0.301223,0.900105
0.480599,-0.16689,0.029933,0.860215,0.581427,0.04589,0.073827,0.808974,-0.318567,0.064537,0.301158,0.90011
0.480543,-0.166894,0.029947,0.860245,0.581409,0.045988,0.073888,0.808977,-0.31857,0.064632,0.301214,0.900087
0.480505,-0.166843,0.029984,0.860275,0.581347,0.045998,0.073946,0.809016,-0.318584,0.064718,0.301244,0.900068
0.480419,-0.166827,0.030063,0.860324,0.581327,0.04598,0.073984,0.809027,-0.318641,0.064815,0.301326,0.900016
0.480375,-0.166854,0.030122,0.860341,0.581261,0.046001,0.074032,0.80907,-0.318658,0.064847,0.301373,0.899993
0.480363,-0.166917,0.030173,0.860333,0.58123,0.045964,0.074071,0.809091,-0.318674,0.064866,0.301477,0.899952
0.480345,-0.166954,0.030113,0.860339,0.58114,0.045942,0.074047,0.809159,-0.318656,0.064928,0.301536,0.899936
0.480267,-0.167068,0.029961,0.860365,0.581066,0.045831,0.074007,0.809222,-0.318648,0.065019,0.301552,0.89993
0.480195,-0.167115,0.029935,0.860395,0.581018,0.045714,0.073952,0.809269,-0.31861,0.065065,0.301607,0.899923
0.480183,-0.167138,0.02989,0.8604,0.580982,0.045668,0.073918,0.8093,-0.318559,0.065056,0.301594,0.899945
0.480142,-0.167136,0.02988,0.860423,0.580852,0.045626,0.073873,0.809401,-0.318529,0.065055,0.301614,0.89995
0.480073,-0.167123,0.02994,0.860462,0.580856,0.045617,0.073855,0.8094,-0.318531,0.065057,0.301632,0.899943
0.480086,-0.167041,0.029968,0.86047,0.580804,0.045686,0.073813,0.809436,-0.31852,0.065033,0.301666,0.899937
0.480109,-0.16702,0.029871,0.860464,0.580755,0.045835,0.073857,0.809459,-0.318483,0.06499,0.301666,0.899952
0.480112,-0.167024,0.029846,0.860462,0.580654,0.045863,0.073892,0.809528,-0.318408,0.065034,0.301648,0.899983
0.480131,-0.167002,0.029878,0.860455,0.58064,0.045889,0.073856,0.809541,-0.318392,0.065059,0.301628,0.899993
0.480197,-0.16689,0.029972,0.860438,0.580707,0.04592,0.07374,0.809501,-0.318359,0.065075,0.301596,0.900014
0.480279,-0.166737,0.030095,0.860418,0.580776,0.046063,0.073714,0.809445,-0.318327,0.065187,0.301516,0.900046
0.480361,-0.166552,0.030195,0.860406,0.580759,0.0463,0.073907,0.809426,-0.318281,0.065194,0.301442,0.900085
0.48037,-0.166405,0.030279,0.860426,0.580823,0.046562,0.074189,0.809339,-0.31822,0.065202,0.301395,0.900122
0.480439,-0.166296,0.030369,0.860406,0.580904,0.046716,0.074441,0.809249,-0.318192,0.065174,0.301375,0.90014
0.480565,-0.166219,0.030414,0.86035,0.581022,0.04688,0.074544,0.809145,-0.318158,0.065195,0.301305,0.900174
0.480609,-0.166189,0.030464,0.86033,0.581063,0.04695,0.074523,0.809113,-0.318112,0.065248,0.301219,0.900214
0.480558,-0.16622,0.0304,0.860354,0.581134,0.047021,0.074516,0.809059,-0.318106,0.06525,0.301197,0.900223
0.480569,-0.166288,0.030331,0.860337,0.581139,0.047076,0.074518,0.809051,-0.31805,0.065266,0.301117,0.900269
0.480634,-0.166388,0.030261,0.860284,0.581108,0.047112,0.074522,0.809071,-0.318058,0.065229,0.301039,0.900293
0.480637,-0.166472,0.030225,0.860266,0.581015,0.04709,0.074564,0.809136,-0.318048,0.065254,0.300983,0.900313
0.480545,-0.16654,0.030189,0.860306,0.580986,0.047042,0.074527,0.809163,-0.318033,0.065225,0.300987,0.900318
0.480499,-0.166556,0.03022,0.860327,0.580989,0.047013,0.074509,0.809164,-0.318024,0.065175,0.301021,0.900313
0.480429,-0.166593,0.030292,0.860357,0.580966,0.047027,0.074511,0.80918,-0.317992,0.065127,0.301058,0.900315
0.480412,-0.166549,0.030297,0.860374,0.58087,0.047004,0.074592,0.809243,-0.317995,0.065102,0.301057,0.900315
0.480326,-0.166625,0.030293,0.860408,0.580804,0.047024,0.074599,0.809288,-0.318025,0.065107,0.301056,0.900305
0.480314,-0.166721,0.030239,0.860398,0.58077,0.047004,0.074574,0.809316,-0.318033,0.065062,0.301074,0.900299
0.48025,-0.166755,0.030149,0.860429,0.580676,0.046955,0.074433,0.809401,-0.318068,0.065072,0.301144,0.900263
0.480222,-0.166814,0.030052,0.860436,0.580523,0.046857,0.074252,0.809533,-0.318043,0.065055,0.301163,0.900267
0.480131,-0.166811,0.030014,0.860488,0.580479,0.0468,0.074051,0.809587,-0.318049,0.065071,0.301114,0.900279
0.480146,-0.166789,0.030023,0.860484,0.580484,0.046784,0.073948,0.809592,-0.318024,0.065057,0.301135,0.900282
0.480182,-0.166638,0.030079,0.860492,0.580466,0.046846,0.073983,0.809599,-0.318003,0.065113,0.301091,0.900301
0.480231,-0.166502,0.030136,0.86049,0.580401,0.046914,0.074058,0.809635,-0.318005,0.065202,0.301039,0.900312
0.480244,-0.166414,0.030196,0.860498,0.580504,0.047007,0.074208,0.809542,-0.318049,0.065247,0.300978,0.900315
0.480313,-0.166339,0.030222,0.860473,0.580568,0.04709,0.074336,0.80948,-0.318003,0.065308,0.301019,0.900315
0.480357,-0.166349,0.030209,0.860446,0.580621,0.047119,0.07434,0.809439,-0.317966,0.065357,0.300997,0.900332
0.480399,-0.166322,0.030211,0.860429,0.580628,0.047105,0.074257,0.809442,-0.317941,0.065421,0.301057,0.900318
0.480366,-0.166339,0.030197,0.860445,0.580692,0.047085,0.074082,0.809413,-0.31795,0.065421,0.301063,0.900313
0.480327,-0.166323,0.03015,0.86047,0.580708,0.04709,0.073959,0.809413,-0.317886,0.065501,0.301063,0.900332
0.480349,-0.16632,0.030219,0.860457,0.580737,0.047119,0.074031,0.809383,-0.317855,0.065576,0.301043,0.900345
0.480409,-0.166231,0.030365,0.860436,0.580725,0.047211,0.074224,0.809369,-0.317824,0.065588,0.301062,0.900348
0.480458,-0.166169,0.030447,0.860419,0.580787,0.047265,0.074457,0.8093,-0.31781,0.065653,0.301071,0.900348
0.480512,-0.166152,0.030519,0.860389,0.580836,0.047362,0.074515,0.809253,-0.317811,0.065722,0.301115,0.90033
0.480526,-0.166188,0.030548,0.860373,0.580874,0.047446,0.07455,0.809217,-0.317776,0.065751,0.301169,0.900323
0.480516,-0.16616,0.030577,0.860383,0.580878,0.04742,0.07455,0.809217,-0.317744,0.06574,0.301275,0.9003
0.480513,-0.166163,0.030595,0.860384,0.580927,0.047387,0.074686,0.809171,-0.31772,0.065767,0.301295,0.900301
0.480557,-0.166113,0.030658,0.860368,0.580935,0.04738,0.074684,0.809165,-0.3177,0.065802,0.301328,0.900295
0.480545,-0.166103,0.030667,0.860375,0.580956,0.047344,0.074663,0.809155,-0.31766,0.065789,0.301351,0.900303
0.480529,-0.166059,0.030692,0.860393,0.580901,0.047331,0.074622,0.809199,-0.317575,0.065766,0.301353,0.900333
0.48051,-0.166102,0.030707,0.860395,0.580903,0.047333,0.074529,0.809205,-0.317532,0.06576,0.301371,0.900343
0.480464,-0.166075,0.030679,0.860426,0.580899,0.047386,0.074482,0.80921,-0.317488,0.065739,0.301407,0.900348
0.480479,-0.166032,0.030681,0.860427,0.580902,0.047482,0.074413,0.809208,-0.317399,0.065737,0.301398,0.900382
0.480451,-0.16593,0.03071,0.86046,0.580856,0.047592,0.074435,0.809233,-0.317384,0.065745,0.301371,0.900396
0.480439,-0.165813,0.030718,0.860489,0.580823,0.047677,0.074403,0.809255,-0.317365,0.065766,0.301303,0.900423
0.480432,-0.165717,0.030761,0.860511,0.580812,0.047819,0.07444,0.809251,-0.317361,0.065769,0.301344,0.900411
0.480412,-0.165597,0.030793,0.860545,0.580786,0.047938,0.07452,0.809255,-0.317372,0.065827,0.301336,0.900406
0.480312,-0.165474,0.030839,0.860622,0.580729,0.048076,0.074588,0.809282,-0.317395,0.065785,0.30137,0.900389
0.480241,-0.165402,0.0309,0.860674,0.580701,0.048138,0.074684,0.809289,-0.317404,0.065841,0.301266,0.900417
0.480179,-0.165229,0.030986,0.860739,0.580674,0.048263,0.074835,0.809287,-0.317431,0.065877,0.301242,0.900414
0.480099,-0.165104,0.031068,0.860806,0.58064,0.048423,0.074978,0.80929,-0.317483,0.065895,0.30119,0.900412
0.480033,-0.164996,0.031143,0.860861,0.58055,0.048536,0.075148,0.809331,-0.317496,0.065898,0.301147,0.90042
0.479947,-0.164898,0.03124,0.860924,0.580471,0.048673,0.075297,0.809367,-0.317509,0.065889,0.30113,0.900422
0.479898,-0.164815,0.031298,0.860965,0.580443,0.048787,0.075402,0.809371,-0.317542,0.065936,0.301156,0.9004
0.479849,-0.164769,0.031393,0.860998,0.580413,0.048885,0.075538,0.809373,-0.317558,0.066016,0.301084,0.900413
0.479815,-0.164675,0.031533,0.861031,0.580333,0.048953,0.075687,0.809413,-0.317591,0.066116,0.301056,0.900406
0.479727,-0.164631,0.031668,0.861084,0.580278,0.049007,0.075725,0.809447,-0.317687,0.066214,0.301082,0.900359
0.479626,-0.164616,0.031754,0.861141,0.580194,0.04901,0.075772,0.809501,-0.317737,0.066284,0.301145,0.900317
0.479582,-0.164533,0.031841,0.861178,0.580113,0.049072,0.075842,0.80955,-0.317821,0.066354,0.301195,0.900267
0.479603,-0.164358,0.031983,0.861196,0.580032,0.049086,0.075944,0.809598,-0.317857,0.066427,0.301234,0.900238
0.47958,-0.164203,0.032059,0.861235,0.579982,0.049172,0.076122,0.809611,-0.31785,0.066537,0.301301,0.900214
0.479597,-0.164114,0.032103,0.861242,0.579942,0.049254,0.076247,0.809625,-0.317884,0.066594,0.301315,0.900194
0.479548,-0.164116,0.032087,0.861269,0.579874,0.049299,0.07626,0.80967,-0.317885,0.066683,0.301428,0.900152
0.479539,-0.164069,0.032016,0.861285,0.579788,0.049314,0.076184,0.809738,-0.317863,0.066782,0.301429,0.900154
0.479513,-0.163989,0.032019,0.861315,0.57978,0.049335,0.076064,0.809753,-0.3179,0.066874,0.301375,0.900154
0.479538,-0.163909,0.032084,0.861315,0.579717,0.049416,0.076021,0.809797,-0.317854,0.066935,0.301346,0.900177
0.47959,-0.163841,0.032105,0.861298,0.579665,0.049529,0.076026,0.809828,-0.317829,0.066969,0.301315,0.900193
0.479532,-0.163767,0.032151,0.861343,0.579605,0.049663,0.076074,0.809857,-0.317862,0.067007,0.301304,0.900183
0.479513,-0.163748,0.032176,0.861357,0.579551,0.049787,0.076088,0.809888,-0.317829,0.067069,0.301284,0.900198
0.479468567053764,-0.1637805,0.0321303504901961,0.861378366083512,0.57955115625,0.0498031511654479,0.0760990576923077,0.8098870625,-0.317818249170354,0.0670783974820144,0.301282066860465,0.900202375
0.479397717986665,-0.163856,0.0320294346405229,0.861406037237818,0.5795515,0.049813634369287,0.0761093846153846,0.809885,-0.317810415929204,0.0670845755395683,0.301280837209302,0.9002055
0.479313509926233,-0.1639415,0.0319273014705882,0.861438439773214,0.57955184375,0.0498193003884826,0.0761170192307692,0.8098829375,-0.317805624723451,0.0670879658273381,0.301280188953488,0.900207375
0.479229,-0.164004,0.031878,0.861474,0.579552,0.049821,0.07612,0.809882,-0.317804,0.067089,0.30128,0.900208
0.479141,-0.164036,0.031875,0.861518,0.579537,0.049799,0.076103,0.809896,-0.317874,0.066997,0.301396,0.90015
0.479061,-0.164023,0.031862,0.861564,0.579191,0.049599,0.075954,0.81017,-0.317897,0.066963,0.301424,0.900135
0.478992,-0.164008,0.03189,0.861605,0.57909,0.049629,0.076048,0.810233,-0.317896,0.066956,0.301483,0.900116
0.478931,-0.163979,0.031949,0.861642,0.578998,0.049758,0.076145,0.810282,-0.317905,0.06688,0.301575,0.900088
0.478866,-0.16397,0.031949,0.86168,0.578911,0.049802,0.076202,0.810336,-0.317932,0.06682,0.30156,0.900086
0.478774,-0.164036,0.031926,0.86172,0.578802,0.049854,0.076108,0.81042,-0.31794,0.066777,0.301587,0.900077
0.478693,-0.164019,0.031836,0.86177,0.578699,0.049826,0.075926,0.810513,-0.317957,0.066699,0.301597,0.900071
0.47867,-0.163954,0.031778,0.861797,0.578635,0.049787,0.075846,0.810568,-0.317969,0.066618,0.301539,0.90009
0.478643,-0.163897,0.031715,0.861826,0.578632,0.049783,0.075812,0.810575,-0.317989,0.066515,0.301472,0.90011
0.478612,-0.163858,0.031726,0.861849,0.578621,0.049796,0.075854,0.810578,-0.318044,0.06647,0.301444,0.900102
0.478571,-0.163861,0.031669,0.861874,0.578522,0.049806,0.075803,0.810652,-0.318088,0.066412,0.301407,0.900103
0.47851,-0.163878,0.031584,0.861907,0.578492,0.04977,0.075643,0.810691,-0.318134,0.066337,0.301411,0.900088
0.478475,-0.163867,0.031557,0.86193,0.578494,0.049795,0.075466,0.810705,-0.318121,0.066283,0.301441,0.900086
0.478412,-0.163848,0.031473,0.861971,0.578473,0.049863,0.075417,0.81072,-0.318118,0.066213,0.301418,0.900099
0.478395,-0.163723,0.03146,0.862004,0.578363,0.050022,0.07551,0.810781,-0.318087,0.066142,0.301431,0.900109
0.478349,-0.16361,0.031499,0.86205,0.578282,0.05018,0.075684,0.810813,-0.318102,0.066098,0.301422,0.900108
0.478337,-0.16355,0.031499,0.862069,0.578256,0.050261,0.075783,0.810817,-0.318126,0.066061,0.301337,0.900129
0.47831,-0.163573,0.031445,0.86208,0.578201,0.050393,0.075721,0.810855,-0.318098,0.066017,0.301292,0.900156
0.478278,-0.163559,0.031299,0.862106,0.57812,0.050453,0.075621,0.810917,-0.318049,0.065973,0.301278,0.900181
0.478215,-0.163569,0.031198,0.862141,0.578094,0.050534,0.075612,0.810932,-0.318064,0.065858,0.301313,0.900169
0.478236,-0.163505,0.031193,0.862142,0.57804,0.050591,0.075625,0.810966,-0.318096,0.065809,0.301359,0.900146
0.478275,-0.163411,0.031237,0.862138,0.578041,0.050716,0.075732,0.810948,-0.318072,0.065783,0.301325,0.900167
0.478319,-0.163269,0.031304,0.862138,0.577993,0.050743,0.075834,0.810971,-0.31805,0.065741,0.301316,0.90018
0.478301,-0.163214,0.031352,0.862156,0.578,0.050847,0.075865,0.810957,-0.318059,0.065739,0.301287,0.900186
0.478297,-0.163226,0.031267,0.862159,0.577971,0.050974,0.075835,0.810972,-0.318055,0.065692,0.301282,0.900192
0.478263,-0.163245,0.031185,0.862178,0.57797,0.050986,0.075678,0.810987,-0.318053,0.065635,0.301191,0.900225
0.478252,-0.163193,0.031136,0.862195,0.577958,0.050966,0.075578,0.811006,-0.317974,0.065544,0.301214,0.90025
0.478271,-0.163191,0.031109,0.862186,0.577935,0.050929,0.075512,0.81103,-0.317965,0.065528,0.301233,0.900247
0.478263,-0.163203,0.03104,0.86219,0.57796,0.050906,0.075387,0.811026,-0.317946,0.065476,0.301227,0.900259
0.478222,-0.163216,0.030981,0.862212,0.577942,0.050904,0.075289,0.811047,-0.317935,0.065464,0.301224,0.900264
0.4782,-0.163232,0.030895,0.862223,0.577913,0.05086,0.075224,0.811077,-0.317933,0.065338,0.301184,0.900284
0.478102,-0.163203,0.030807,0.862286,0.577842,0.050795,0.075161,0.811138,-0.317931,0.065266,0.301191,0.900286
0.47807,-0.163169,0.030768,0.862312,0.577799,0.050848,0.075103,0.811171,-0.317919,0.06521,0.301192,0.900293
0.478054,-0.163215,0.030698,0.862315,0.577772,0.050932,0.075081,0.811187,-0.31791,0.065151,0.301197,0.900298
0.47801,-0.163167,0.030603,0.86235,0.57775,0.050945,0.075044,0.811205,-0.317903,0.065091,0.301173,0.90031
0.477934,-0.163179,0.030573,0.862391,0.577731,0.050943,0.074939,0.811229,-0.317865,0.065066,0.301127,0.90034
0.477908,-0.163174,0.030591,0.862406,0.577713,0.050947,0.0749,0.811245,-0.317883,0.065041,0.301113,0.900339
0.477897,-0.163065,0.030715,0.862428,0.57773,0.050978,0.074947,0.811227,-0.317915,0.065006,0.301117,0.900328
0.477949,-0.162917,0.030744,0.862428,0.577748,0.051073,0.075011,0.811202,-0.31792,0.065003,0.301097,0.900333
0.477944,-0.162859,0.030796,0.86244,0.577761,0.051144,0.075038,0.811186,-0.317898,0.064986,0.301099,0.900342
0.47798,-0.162847,0.030814,0.862422,0.577775,0.051134,0.07505,0.811175,-0.317903,0.064977,0.30109,0.900343
0.478003,-0.162886,0.030758,0.862403,0.57783,0.051139,0.075117,0.811129,-0.317926,0.064945,0.301114,0.900329
0.478042,-0.162776,0.030785,0.862402,0.577858,0.051117,0.075062,0.811116,-0.317945,0.06494,0.301162,0.900308
0.47805,-0.162715,0.030798,0.862409,0.577923,0.051056,0.075053,0.811073,-0.317972,0.064951,0.301104,0.900316
0.478135,-0.162656,0.030835,0.862371,0.57796,0.051089,0.074999,0.811051,-0.317954,0.064991,0.301056,0.900336
0.478193,-0.162613,0.030864,0.862346,0.578027,0.051162,0.075069,0.810991,-0.317947,0.065019,0.301022,0.900348
0.478251,-0.162649,0.030829,0.862309,0.578033,0.051163,0.075056,0.810989,-0.317925,0.065011,0.301008,0.900361
0.478218,-0.162781,0.030715,0.862305,0.578013,0.051156,0.074996,0.811009,-0.317901,0.064984,0.301059,0.900353
0.478167,-0.162893,0.030571,0.862317,0.577962,0.051071,0.074899,0.811059,-0.317847,0.064952,0.301053,0.900376
0.478138,-0.162974,0.03056,0.862318,0.577926,0.050989,0.074732,0.811106,-0.317826,0.064881,0.301042,0.900391
0.478111,-0.162956,0.030609,0.862335,0.577929,0.050914,0.074605,0.811119,-0.317872,0.064868,0.30098,0.900396
0.478033,-0.162899,0.030674,0.862387,0.577941,0.050889,0.07462,0.811111,-0.317855,0.06483,0.301021,0.90039
0.47805,-0.162804,0.030755,0.862393,0.577921,0.050956,0.074703,0.811114,-0.317844,0.064821,0.301058,0.900382
0.478009,-0.162727,0.030801,0.862428,0.577914,0.05106,0.074777,0.811105,-0.317847,0.064817,0.301126,0.90036
0.477976,-0.162702,0.030768,0.862453,0.577898,0.051149,0.074906,0.811099,-0.317872,0.064782,0.301177,0.900336
0.477903,-0.162777,0.030696,0.862481,0.577868,0.051165,0.074979,0.811113,-0.317889,0.064806,0.301196,0.900323
0.477877,-0.162882,0.030584,0.862479,0.57786,0.051123,0.07494,0.811125,-0.31791,0.064793,0.301183,0.90032
0.477844,-0.162946,0.030541,0.862487,0.577813,0.05106,0.074877,0.811169,-0.317917,0.06483,0.301143,0.900328
0.477911,-0.162958,0.030579,0.862445,0.577824,0.051007,0.074774,0.811173,-0.317918,0.064867,0.301165,0.900319
0.477953,-0.162881,0.030737,0.862432,0.577837,0.051013,0.074683,0.811172,-0.31793,0.064865,0.301258,0.900285
0.478045,-0.162785,0.030871,0.862395,0.577867,0.05108,0.074752,0.81114,-0.317985,0.064889,0.301289,0.900255
0.478137,-0.162726,0.030888,0.862356,0.57791,0.051211,0.074834,0.811093,-0.317955,0.064893,0.301296,0.900263
0.478197,-0.162721,0.030894,0.862322,0.577973,0.051304,0.074899,0.811036,-0.317982,0.064842,0.301296,0.900256
0.478197,-0.162714,0.030845,0.862326,0.578062,0.051361,0.074964,0.810964,-0.317978,0.064803,0.301305,0.900256
0.478247,-0.162759,0.030772,0.862292,0.578106,0.05137,0.074981,0.81093,-0.317979,0.064796,0.3013,0.900258
0.478295,-0.16275,0.030757,0.862268,0.578195,0.051426,0.074946,0.810866,-0.317972,0.064728,0.301293,0.900266
0.478324,-0.162792,0.030679,0.862246,0.578207,0.051467,0.074914,0.810857,-0.317966,0.064701,0.30124,0.900286
0.478244,-0.162881,0.030545,0.862277,0.578189,0.051497,0.074749,0.810883,-0.31793,0.064608,0.301223,0.90031
0.478217,-0.163015,0.030413,0.862271,0.578148,0.051496,0.074605,0.810926,-0.317925,0.064506,0.301184,0.900329
0.478205,-0.163107,0.030237,0.862265,0.578106,0.05141,0.074391,0.81098,-0.317918,0.064418,0.301117,0.900357
0.478122,-0.163174,0.03016,0.862301,0.578005,0.051367,0.074256,0.811069,-0.317924,0.064357,0.301152,0.900347
0.478047,-0.163196,0.030169,0.862338,0.577945,0.051278,0.074171,0.811125,-0.317881,0.064239,0.301176,0.90036
0.477959,-0.163276,0.030216,0.86237,0.577825,0.051247,0.074143,0.811216,-0.317843,0.064158,0.301091,0.900405
0.477881,-0.163305,0.030315,0.862404,0.577752,0.051201,0.074234,0.811263,-0.317824,0.064069,0.30104,0.900433
0.477853,-0.16331,0.030394,0.862416,0.577663,0.051168,0.074307,0.811321,-0.317828,0.064,0.301091,0.900419
0.477798,-0.163395,0.030413,0.862429,0.577608,0.051131,0.074372,0.811357,-0.317821,0.063939,0.30114,0.900408
0.477764,-0.163515,0.030442,0.862425,0.577605,0.051139,0.074377,0.811358,-0.317831,0.063896,0.301205,0.900385
0.477741,-0.163633,0.030422,0.862415,0.577592,0.051055,0.07438,0.811373,-0.317856,0.063815,0.301237,0.900371
0.477758,-0.163643,0.030476,0.862403,0.577579,0.05099,0.074322,0.811391,-0.317818,0.063789,0.301248,0.900382
0.477759,-0.163666,0.030571,0.862395,0.577627,0.050945,0.074294,0.811362,-0.317847,0.06373,0.301238,0.900377
0.477802,-0.163651,0.030671,0.862371,0.57764,0.050894,0.074342,0.811352,-0.317884,0.063704,0.301264,0.900357
0.477818,-0.163646,0.030815,0.862359,0.5777,0.050909,0.074403,0.811302,-0.317842,0.063738,0.301229,0.900381
0.477876,-0.163553,0.03083,0.862343,0.577762,0.050975,0.074507,0.811244,-0.317838,0.06379,0.301185,0.900394
0.47791,-0.163528,0.030797,0.862331,0.577799,0.051061,0.074618,0.811202,-0.317872,0.063844,0.301198,0.900376
0.477882,-0.163472,0.030767,0.862358,0.577792,0.051137,0.074718,0.811193,-0.317855,0.063898,0.301098,0.900412
0.477842,-0.163449,0.030807,0.862384,0.577788,0.051195,0.074733,0.811191,-0.317874,0.064021,0.301011,0.900427
0.477807,-0.163323,0.030785,0.862427,0.57778,0.051303,0.074712,0.811191,-0.317842,0.064122,0.300944,0.900455
0.477711,-0.163301,0.03075,0.862485,0.577743,0.051415,0.074723,0.81121,-0.317844,0.064223,0.300807,0.900493
0.477677,-0.163284,0.030686,0.862509,0.577681,0.051503,0.074674,0.811253,-0.317853,0.064265,0.300816,0.900485
0.477648,-0.163287,0.030652,0.862527,0.577612,0.051598,0.074581,0.811305,-0.317869,0.064323,0.300835,0.900471
0.477625,-0.163178,0.03069,0.862559,0.577552,0.051611,0.074547,0.811351,-0.317848,0.064437,0.300779,0.900491
0.477591,-0.163074,0.030796,0.862594,0.577498,0.051702,0.074648,0.811375,-0.31785,0.064504,0.300791,0.900482
0.477607,-0.163,0.030921,0.862595,0.577514,0.051788,0.074752,0.811348,-0.317905,0.064556,0.300771,0.900467
0.477589,-0.162974,0.031015,0.862607,0.577474,0.051901,0.074821,0.811363,-0.317865,0.064624,0.300816,0.900463
0.477567,-0.162978,0.031058,0.862617,0.577412,0.051925,0.074877,0.811402,-0.317875,0.064692,0.300873,0.900438
0.477477,-0.163031,0.031083,0.862656,0.577352,0.051932,0.074934,0.811437,-0.317889,0.064705,0.300944,0.900409
0.477452,-0.163024,0.031146,0.862669,0.577283,0.051924,0.075046,0.811477,-0.317938,0.064733,0.301006,0.900371
0.477404,-0.162967,0.03126,0.862702,0.577271,0.051882,0.075201,0.811475,-0.317965,0.064786,0.300987,0.900365
0.477435,-0.162932,0.031335,0.86269,0.577221,0.051839,0.075311,0.811503,-0.317997,0.0648,0.30095,0.900364
0.477352,-0.162905,0.031465,0.862738,0.577265,0.051771,0.075449,0.811463,-0.318047,0.064755,0.300963,0.900345
0.477342,-0.162892,0.03163,0.862739,0.577296,0.051748,0.075604,0.811427,-0.318122,0.064771,0.300949,0.900322
0.477316,-0.162921,0.031713,0.862745,0.577288,0.051739,0.075725,0.811423,-0.318139,0.064769,0.301055,0.900282
0.477314,-0.162924,0.031791,0.862743,0.577247,0.051641,0.07586,0.811446,-0.318167,0.064776,0.301096,0.900259
0.477248,-0.162994,0.03184,0.862766,0.577203,0.051562,0.075934,0.811475,-0.318189,0.064793,0.301126,0.90024
0.477218,-0.162971,0.031844,0.862786,0.577184,0.051506,0.075926,0.811494,-0.318162,0.064736,0.301134,0.90025
0.477144,-0.162981,0.031817,0.862826,0.577171,0.051436,0.075871,0.811513,-0.31815,0.064725,0.301146,0.900251
0.477118,-0.162861,0.031814,0.862863,0.577126,0.051413,0.075923,0.811542,-0.318162,0.064783,0.301067,0.900269
0.477044,-0.162815,0.03183,0.862912,0.577109,0.051466,0.07603,0.81154,-0.31816,0.064763,0.300986,0.900298
0.477066,-0.162671,0.031869,0.862926,0.577067,0.05158,0.076141,0.811552,-0.318172,0.064772,0.300973,0.900297
0.47704,-0.162589,0.031825,0.862958,0.577021,0.051703,0.076164,0.811575,-0.318132,0.06477,0.300974,0.900311
0.477049,-0.162596,0.031715,0.862955,0.576971,0.051763,0.076071,0.811616,-0.318117,0.064786,0.300863,0.900352
0.476983,-0.162587,0.031635,0.862996,0.57694,0.051796,0.07591,0.811651,-0.318082,0.064799,0.300835,0.900372
0.476963,-0.162503,0.031663,0.863021,0.576945,0.051855,0.075853,0.811648,-0.318064,0.064787,0.300828,0.900381
0.47701,-0.162438,0.031742,0.863005,0.576929,0.051938,0.075915,0.81165,-0.31805,0.064838,0.300742,0.900411
0.477063,-0.162337,0.031885,0.862991,0.576965,0.052051,0.076016,0.811606,-0.318011,0.06488,0.300696,0.900438
0.477112,-0.162258,0.031982,0.862976,0.577007,0.052106,0.076085,0.811567,-0.317992,0.064867,0.300665,0.900455
0.477105,-0.162286,0.032083,0.862971,0.577021,0.052156,0.076048,0.811558,-0.317979,0.064917,0.300609,0.900475
0.477098,-0.162286,0.032101,0.862974,0.577045,0.052237,0.076032,0.811535,-0.317943,0.06489,0.300587,0.900496
0.477087,-0.162261,0.032091,0.862986,0.577053,0.052293,0.076143,0.811516,-0.317895,0.06492,0.300565,0.900518
0.47709,-0.162221,0.03217,0.862989,0.577028,0.052299,0.07635,0.811515,-0.317829,0.064874,0.300642,0.900519
0.477117,-0.162155,0.032298,0.862982,0.577017,0.05237,0.076632,0.811491,-0.317809,0.064912,0.300714,0.900501
0.477097,-0.162184,0.032365,0.862985,0.576978,0.052388,0.076816,0.811501,-0.317742,0.064958,0.300759,0.900508
0.477099,-0.162192,0.032366,0.862982,0.576997,0.052373,0.076982,0.811472,-0.317701,0.064989,0.300725,0.900532
0.477036,-0.162247,0.032341,0.863008,0.576972,0.052386,0.07702,0.811486,-0.317729,0.065005,0.300737,0.900517
0.476993,-0.162352,0.032288,0.863013,0.57694,0.052339,0.076938,0.81152,-0.317735,0.064965,0.300699,0.900529
0.477003,-0.162484,0.032285,0.862983,0.576904,0.052262,0.076773,0.811566,-0.317745,0.064996,0.300674,0.900532
0.476988,-0.16241,0.032287,0.863004,0.576857,0.052194,0.076651,0.811616,-0.317796,0.06496,0.300717,0.900502
0.476959,-0.162339,0.032363,0.863032,0.576837,0.05218,0.076581,0.811638,-0.317808,0.064969,0.300756,0.900485
0.476971,-0.162243,0.032435,0.863041,0.57683,0.052236,0.076513,0.811644,-0.317825,0.064978,0.300779,0.900471
0.476952,-0.162187,0.032538,0.863059,0.576759,0.052358,0.076551,0.811684,-0.317854,0.064939,0.300863,0.900435
0.476905,-0.162132,0.03249,0.863096,0.576709,0.052468,0.076592,0.811709,-0.317886,0.06495,0.300874,0.900421
0.476836,-0.162125,0.03244,0.863137,0.576646,0.052519,0.07655,0.811754,-0.317929,0.064988,0.300903,0.900394
0.476761,-0.162149,0.03234,0.863178,0.576531,0.052524,0.076421,0.811849,-0.317935,0.065014,0.300913,0.900388
0.47671,-0.162196,0.032181,0.863202,0.576441,0.052532,0.076213,0.811932,-0.317933,0.065044,0.300911,0.900387
0.476716,-0.162122,0.032103,0.863215,0.576362,0.052512,0.075943,0.812014,-0.31797,0.065084,0.300812,0.900405
0.476681,-0.161995,0.03217,0.863257,0.576329,0.052598,0.075923,0.812034,-0.317994,0.06511,0.300751,0.900414
0.476712,-0.161833,0.03233,0.863265,0.576329,0.052786,0.076029,0.812012,-0.317994,0.065196,0.300687,0.900431
0.476742,-0.161715,0.032473,0.863266,0.57634,0.052932,0.07623,0.811976,-0.317952,0.06524,0.300602,0.90047
0.476773,-0.161706,0.03246,0.863251,0.57633,0.05301,0.076293,0.811973,-0.317935,0.06528,0.300639,0.900462
0.476724,-0.16176,0.032459,0.863267,0.576355,0.053091,0.076356,0.811943,-0.317899,0.065318,0.300648,0.90047
0.476676,-0.161835,0.032389,0.863283,0.576367,0.053139,0.076386,0.811929,-0.317913,0.06531,0.300668,0.90046
0.476671,-0.161909,0.032432,0.86327,0.576361,0.053155,0.076482,0.811924,-0.317872,0.065269,0.300737,0.900453
0.476653,-0.161896,0.032508,0.86328,0.576323,0.053094,0.076578,0.811946,-0.317855,0.065301,0.300759,0.900451
0.476671,-0.161944,0.032599,0.863257,0.576415,0.053013,0.076647,0.811879,-0.317818,0.065323,0.300773,0.900458
0.476711,-0.161966,0.032656,0.86323,0.576461,0.052969,0.076623,0.811852,-0.3178,0.065312,0.300781,0.900462
0.476747,-0.162031,0.032677,0.863197,0.576463,0.052947,0.076571,0.811855,-0.31772,0.065284,0.300883,0.900458
0.476801,-0.162023,0.032731,0.863167,0.576395,0.05288,0.076607,0.811905,-0.317642,0.065261,0.300984,0.900455
0.476774,-0.162105,0.032766,0.863165,0.576391,0.052843,0.07659,0.811912,-0.317613,0.065272,0.301023,0.900452
0.476782,-0.162131,0.032795,0.863154,0.576388,0.05276,0.076516,0.811927,-0.317598,0.065318,0.301024,0.900454
0.476783,-0.162151,0.032758,0.863151,0.576442,0.052774,0.076428,0.811895,-0.317552,0.065338,0.301006,0.900475
0.47678,-0.162072,0.032761,0.863168,0.576384,0.052829,0.076298,0.811945,-0.317506,0.065361,0.300943,0.90051
0.476808,-0.162,0.032761,0.863166,0.576398,0.052884,0.076272,0.811934,-0.317459,0.06535,0.300913,0.900538
0.476842,-0.161892,0.032785,0.863167,0.576393,0.053043,0.076353,0.81192,-0.317425,0.065378,0.300881,0.900558
0.476898,-0.16184,0.032722,0.863148,0.576427,0.05309,0.076395,0.811889,-0.317447,0.065399,0.300855,0.900558
0.476903,-0.161839,0.032662,0.863147,0.576449,0.053147,0.07636,0.811872,-0.317449,0.065408,0.300825,0.900566
0.476873,-0.161854,0.032603,0.863163,0.576499,0.053172,0.076376,0.811833,-0.317419,0.065428,0.300739,0.900603
0.476898,-0.161862,0.032573,0.863148,0.576519,0.053215,0.076361,0.811818,-0.317425,0.065482,0.300711,0.900608
0.476902,-0.161869,0.032519,0.863147,0.576554,0.053223,0.076266,0.811801,-0.317394,0.065491,0.300672,0.900631
0.476955,-0.161848,0.032512,0.863122,0.576538,0.053243,0.076186,0.811818,-0.317353,0.065446,0.300671,0.900648
0.476926,-0.161816,0.032553,0.863143,0.576529,0.053233,0.076071,0.811836,-0.317315,0.065413,0.300692,0.900656
0.476909,-0.161829,0.032591,0.863149,0.576569,0.053241,0.076035,0.811811,-0.317286,0.065415,0.300684,0.900669
0.476892,-0.161835,0.032624,0.863156,0.576564,0.053269,0.076053,0.811811,-0.317303,0.065462,0.300683,0.900661
0.476863,-0.161849,0.032709,0.863166,0.576526,0.053277,0.076105,0.811833,-0.317303,0.065475,0.300698,0.900655
0.47682,-0.161835,0.032792,0.86319,0.576516,0.053259,0.076207,0.811831,-0.31726,0.06552,0.300718,0.900661
0.476784,-0.16185,0.032863,0.863205,0.576559,0.053234,0.076302,0.811793,-0.317257,0.065567,0.300768,0.900644
0.476763,-0.161818,0.032943,0.863219,0.576566,0.053252,0.076402,0.811778,-0.317302,0.065587,0.300852,0.9006
0.476702,-0.161789,0.033026,0.863256,0.576494,0.053286,0.07653,0.811815,-0.317293,0.065597,0.300938,0.900575
0.476691,-0.16175,0.033096,0.863267,0.576539,0.053324,0.076603,0.811773,-0.317319,0.065606,0.300903,0.900577
0.47673,-0.161656,0.033145,0.863261,0.576589,0.053331,0.076655,0.811732,-0.317327,0.065676,0.300897,0.900573
0.476766,-0.161646,0.033121,0.863244,0.5766,0.053348,0.076631,0.811725,-0.317329,0.065719,0.300839,0.900588
0.476813,-0.161538,0.033178,0.863236,0.576567,0.053391,0.076678,0.811742,-0.317342,0.06572,0.300876,0.900571
0.47682,-0.161454,0.033239,0.863246,0.576549,0.053479,0.076688,0.811748,-0.317332,0.06575,0.300928,0.900557
0.476851,-0.161375,0.033283,0.863243,0.57654,0.053566,0.07671,0.811747,-0.317317,0.065765,0.300947,0.900555
0.476868,-0.161346,0.033295,0.863238,0.576563,0.053621,0.076732,0.811725,-0.317296,0.065801,0.300921,0.900569
0.476865,-0.161396,0.033243,0.863232,0.576575,0.053647,0.076672,0.81172,-0.317329,0.065837,0.300843,0.900581
0.476835,-0.161417,0.033261,0.863245,0.576616,0.053604,0.076582,0.811702,-0.317315,0.065887,0.300847,0.900582
0.47693,-0.161416,0.033374,0.863189,0.576633,0.053595,0.076496,0.811699,-0.317274,0.065967,0.300795,0.900608
0.476997,-0.161479,0.033512,0.863135,0.576681,0.05368,0.076478,0.81166,-0.317231,0.065955,0.300848,0.900608
0.477043,-0.161505,0.033568,0.863103,0.576765,0.05368,0.076513,0.811596,-0.317197,0.06594,0.300818,0.900629
0.477031,-0.161617,0.033606,0.863087,0.576838,0.053628,0.076452,0.811554,-0.317193,0.065961,0.300883,0.900609
0.477018,-0.161718,0.033634,0.863074,0.576896,0.053501,0.076422,0.811524,-0.317194,0.065951,0.300996,0.900573
0.476935,-0.161812,0.033664,0.8631,0.576924,0.053375,0.076413,0.811514,-0.317219,0.065893,0.301112,0.900529
0.476808,-0.161853,0.033712,0.863162,0.576932,0.05321,0.076457,0.811514,-0.317246,0.065872,0.301212,0.900488
0.476698,-0.161924,0.033829,0.863205,0.576885,0.053092,0.076566,0.811546,-0.317307,0.065798,0.301372,0.900419
0.476592,-0.161886,0.033999,0.863265,0.576784,0.053026,0.076748,0.811604,-0.317319,0.065813,0.301406,0.900403
0.47655,-0.161853,0.034149,0.863289,0.576691,0.053054,0.076984,0.811647,-0.317339,0.065849,0.301522,0.900357
0.47643,-0.161851,0.034215,0.863353,0.576581,0.053035,0.077198,0.811707,-0.317394,0.06585,0.301587,0.900316
0.476335,-0.161912,0.034232,0.863393,0.576488,0.053032,0.077327,0.811761,-0.31738,0.065839,0.301604,0.900316
0.476269,-0.16198,0.034214,0.863417,0.576368,0.052983,0.077413,0.811842,-0.317443,0.065828,0.301618,0.900291
0.476244,-0.161971,0.034209,0.863432,0.576278,0.052924,0.077438,0.811907,-0.317485,0.065866,0.301697,0.900249
0.476218,-0.161893,0.034213,0.863461,0.576178,0.052919,0.077531,0.81197,-0.317547,0.065899,0.301643,0.900242
0.476244,-0.161794,0.034283,0.863463,0.576124,0.052988,0.077607,0.811997,-0.317557,0.065923,0.301607,0.900249
0.476281,-0.161735,0.034314,0.863453,0.576143,0.053076,0.077633,0.811975,-0.31755,0.065916,0.301664,0.900234
0.476326,-0.161733,0.034366,0.863426,0.576123,0.053157,0.077761,0.811973,-0.317551,0.065865,0.301712,0.90022
0.476395,-0.161698,0.034334,0.863397,0.576108,0.053229,0.077877,0.811967,-0.317535,0.065847,0.30164,0.90025
0.476426,-0.161704,0.034365,0.863377,0.576156,0.053242,0.077958,0.811925,-0.317539,0.065806,0.301562,0.900277
0.476463,-0.161726,0.034363,0.863353,0.576189,0.053224,0.07794,0.811903,-0.317492,0.065818,0.301532,0.900301
0.476505,-0.161774,0.034415,0.863319,0.576228,0.053275,0.077881,0.811877,-0.317467,0.065819,0.301458,0.900334
0.476501,-0.16179,0.034404,0.863318,0.576186,0.05323,0.077804,0.811918,-0.317426,0.065813,0.301395,0.90037
0.476497,-0.161851,0.034474,0.863307,0.576211,0.053231,0.077731,0.811908,-0.317453,0.06575,0.301417,0.900355
0.476449,-0.161943,0.034557,0.863313,0.576283,0.053207,0.077647,0.811866,-0.31748,0.065759,0.301483,0.900324
0.476418,-0.161967,0.03468,0.863321,0.576247,0.053189,0.077653,0.811892,-0.317502,0.065697,0.301569,0.900292
0.476379,-0.161934,0.034818,0.863344,0.576182,0.053111,0.077761,0.811933,-0.317549,0.065664,0.30168,0.900241
0.476317,-0.161853,0.035046,0.863386,0.576155,0.053148,0.077937,0.811933,-0.317586,0.065684,0.301755,0.900203
0.476294,-0.161789,0.035236,0.863403,0.576147,0.053193,0.078184,0.811912,-0.317618,0.065742,0.301785,0.900179
0.47623,-0.161727,0.035437,0.863443,0.576077,0.053278,0.078474,0.811929,-0.317625,0.06582,0.30181,0.900165
0.476188,-0.161591,0.035653,0.863483,0.575955,0.053404,0.078729,0.811982,-0.317633,0.06587,0.301873,0.900138
0.476149,-0.161479,0.035791,0.863521,0.575892,0.053528,0.078966,0.811996,-0.317622,0.0659,0.301994,0.900102
0.476125,-0.161508,0.035832,0.863527,0.575842,0.053628,0.079124,0.81201,-0.317653,0.0659,0.302051,0.900072
0.476055,-0.161613,0.035745,0.863549,0.575778,0.053572,0.079125,0.81206,-0.317637,0.065928,0.302051,0.900077
0.47598,-0.161674,0.03566,0.863582,0.575656,0.053466,0.079046,0.812161,-0.317629,0.065999,0.302016,0.900088
0.475952,-0.161723,0.035608,0.86359,0.575577,0.05329,0.078897,0.812243,-0.317631,0.065963,0.301987,0.900097
0.475926,-0.161717,0.035681,0.863603,0.575458,0.053202,0.078784,0.812345,-0.317615,0.065959,0.301942,0.900118
0.475924,-0.161681,0.035752,0.863607,0.575414,0.05323,0.078723,0.81238,-0.317628,0.065978,0.30197,0.900103
0.475954,-0.161604,0.035901,0.863601,0.575336,0.053219,0.078747,0.812434,-0.31768,0.065969,0.30197,0.900086
0.47599,-0.161516,0.035933,0.863596,0.57534,0.053378,0.078795,0.812416,-0.317691,0.065973,0.301961,0.900084
0.475985,-0.161496,0.035952,0.863602,0.575314,0.053486,0.078834,0.812423,-0.317726,0.066039,0.301929,0.900079
0.475967,-0.161497,0.035955,0.863612,0.575313,0.053542,0.078883,0.812416,-0.317747,0.066119,0.301911,0.900074
0.475989,-0.161498,0.03591,0.863601,0.575228,0.053529,0.078836,0.812482,-0.317722,0.066177,0.301881,0.900089
0.475974,-0.16146,0.035906,0.863617,0.575239,0.053565,0.078795,0.812475,-0.3177,0.066162,0.301825,0.900116
0.475983,-0.161342,0.035949,0.863632,0.575237,0.053645,0.07886,0.812466,-0.317697,0.06618,0.301833,0.900113
0.476018,-0.161251,0.036018,0.863627,0.575233,0.053772,0.07899,0.812447,-0.317671,0.066181,0.301834,0.900122
0.476074,-0.161145,0.036016,0.863617,0.57522,0.053852,0.079024,0.812449,-0.317695,0.066143,0.301858,0.900108
0.475993,-0.161189,0.035975,0.863655,0.575297,0.053911,0.079022,0.812389,-0.317688,0.066097,0.30182,0.900124
0.475974,-0.161206,0.035935,0.863663,0.575299,0.05394,0.079063,0.812383,-0.317666,0.066134,0.301723,0.900162
