0.453748,-0.137626,-0.048221,0.878517,0.588134,-0.060071,-0.036458,0.805691,-0.330532,0.079783,0.297376,0.896136
0.453788,-0.137546,-0.048052,0.878519,0.588139,-0.060075,-0.036303,0.805693,-0.33053,0.079795,0.297455,0.896112
0.453859,-0.137508,-0.047918,0.878497,0.588175,-0.060075,-0.036195,0.805672,-0.330508,0.079791,0.297464,0.896117
0.4539,-0.137589,-0.047933,0.878462,0.588218,-0.060149,-0.036209,0.805635,-0.330474,0.079769,0.297499,0.89612
0.453901,-0.137656,-0.048004,0.878447,0.588223,-0.060287,-0.036239,0.805619,-0.33048,0.079768,0.297603,0.896085
0.453937,-0.137712,-0.048041,0.878417,0.588258,-0.060371,-0.036296,0.805584,-0.330497,0.079738,0.297676,0.896056
0.453954,-0.137801,-0.048144,0.878389,0.588258,-0.060499,-0.036391,0.805571,-0.330461,0.079681,0.297765,0.896045
0.453975,-0.13782,-0.048216,0.87837,0.588258,-0.060583,-0.036457,0.805562,-0.330451,0.079655,0.297814,0.896035
0.453936,-0.137835,-0.048201,0.878388,0.588241,-0.060591,-0.036442,0.805575,-0.330403,0.079658,0.297913,0.89602
0.453908,-0.137775,-0.0481,0.878419,0.588233,-0.06054,-0.0364,0.805586,-0.330358,0.079715,0.297913,0.896033
0.453912,-0.137742,-0.048012,0.878427,0.588195,-0.060504,-0.036348,0.805618,-0.330352,0.079771,0.297904,0.896034
0.453887,-0.137778,-0.047966,0.878437,0.588157,-0.060446,-0.0363,0.805653,-0.330363,0.07985,0.297862,0.896038
0.453827,-0.137795,-0.047913,0.878468,0.588123,-0.060416,-0.036312,0.805679,-0.330334,0.079869,0.297789,0.896071
0.45383,-0.137839,-0.048001,0.878455,0.588131,-0.060433,-0.036393,0.805668,-0.330348,0.079886,0.297777,0.896069
0.453834,-0.137935,-0.04803,0.878436,0.588097,-0.060402,-0.036437,0.805693,-0.330305,0.079865,0.297748,0.896095
0.4539,-0.137967,-0.048025,0.878397,0.588133,-0.060389,-0.036472,0.805666,-0.330353,0.079846,0.297831,0.896052
0.453906,-0.138033,-0.04805,0.878382,0.588129,-0.060423,-0.036505,0.805666,-0.330331,0.079832,0.297877,0.896047
0.453899,-0.138073,-0.04807,0.878377,0.588194,-0.060427,-0.03654,0.805616,-0.330333,0.079818,0.297941,0.896027
0.453907,-0.138084,-0.047961,0.878379,0.5882,-0.060384,-0.036523,0.805616,-0.330317,0.079832,0.297963,0.896024
0.453976,-0.138058,-0.047819,0.878356,0.588211,-0.060359,-0.036347,0.805618,-0.330335,0.079906,0.297992,0.896003
0.454058,-0.13801,-0.047665,0.87833,0.58827,-0.060341,-0.036157,0.805584,-0.330376,0.079983,0.297931,0.896003
0.454084,-0.137922,-0.047441,0.878345,0.588265,-0.060348,-0.035937,0.805598,-0.330377,0.080128,0.297928,0.895994
0.454066,-0.137888,-0.047241,0.878371,0.588242,-0.060415,-0.035746,0.805618,-0.330365,0.080245,0.298036,0.895955
0.454086,-0.137931,-0.047081,0.878363,0.588222,-0.060457,-0.035637,0.805634,-0.330391,0.080359,0.298137,0.895905
0.454056,-0.138047,-0.04702,0.878364,0.58824,-0.060555,-0.035569,0.805617,-0.330388,0.080464,0.298189,0.895883
0.454029,-0.138061,-0.046941,0.878381,0.58821,-0.060614,-0.035519,0.805636,-0.330384,0.080579,0.298299,0.89584
0.454014,-0.138056,-0.046862,0.878394,0.588213,-0.060598,-0.035468,0.805638,-0.330401,0.080647,0.298389,0.895801
0.454033,-0.138062,-0.04675,0.878389,0.588274,-0.060563,-0.035329,0.805602,-0.33041,0.080757,0.29842,0.89578
0.454068,-0.138065,-0.046587,0.878381,0.588307,-0.060616,-0.035151,0.805581,-0.330331,0.080835,0.298444,0.895796
0.454155,-0.138058,-0.04647,0.878344,0.588341,-0.060698,-0.034982,0.805559,-0.330258,0.08088,0.298505,0.8958
0.454265,-0.138047,-0.046319,0.878298,0.588388,-0.060747,-0.034832,0.805526,-0.33023,0.080957,0.298513,0.895802
0.454301,-0.138112,-0.04626,0.878273,0.588471,-0.06081,-0.034742,0.805465,-0.330193,0.081025,0.298561,0.895796
0.454375,-0.13817,-0.046226,0.878228,0.588589,-0.060924,-0.034717,0.805373,-0.330099,0.081127,0.298577,0.895819
0.454462,-0.138252,-0.046257,0.878168,0.588686,-0.060971,-0.034734,0.805297,-0.330053,0.081238,0.298611,0.895816
0.454497,-0.138318,-0.046306,0.878137,0.588745,-0.061053,-0.034727,0.805248,-0.329988,0.081232,0.298688,0.895816
0.4546,-0.13838,-0.04633,0.878074,0.588803,-0.061087,-0.034764,0.805202,-0.329957,0.081278,0.298726,0.895812
0.454671,-0.138407,-0.046259,0.878037,0.588857,-0.061118,-0.034792,0.805159,-0.329881,0.081338,0.298778,0.895818
0.454777,-0.138395,-0.046228,0.877985,0.588954,-0.061124,-0.03481,0.805087,-0.329803,0.081386,0.29873,0.895859
0.454808,-0.138413,-0.046292,0.877963,0.589009,-0.061139,-0.034827,0.805046,-0.329744,0.081356,0.298756,0.895875
0.454883,-0.138484,-0.046372,0.877909,0.589008,-0.061223,-0.034878,0.805038,-0.329708,0.081328,0.298758,0.89589
0.454936,-0.138561,-0.04644,0.877866,0.589046,-0.061337,-0.034965,0.804997,-0.329622,0.081371,0.298813,0.8959
0.454943,-0.138638,-0.046477,0.877848,0.589082,-0.061348,-0.035048,0.804967,-0.329505,0.08136,0.298898,0.895916
0.454979,-0.138701,-0.046532,0.877816,0.589116,-0.061416,-0.035106,0.804933,-0.329452,0.081366,0.298943,0.89592
0.455017,-0.138747,-0.046569,0.877787,0.589192,-0.061449,-0.035124,0.804875,-0.329454,0.081344,0.298979,0.895909
0.455053,-0.138748,-0.046547,0.877769,0.589296,-0.061455,-0.035116,0.8048,-0.329414,0.08137,0.298972,0.895925
0.455181,-0.138757,-0.046476,0.877706,0.589392,-0.061464,-0.035056,0.804731,-0.32936,0.081308,0.299021,0.895933
0.455261,-0.138794,-0.04632,0.877668,0.589482,-0.061546,-0.034979,0.804662,-0.329305,0.081257,0.299118,0.895925
0.455332,-0.138821,-0.046287,0.877629,0.589542,-0.061564,-0.034839,0.804623,-0.329287,0.081252,0.299132,0.895927
0.455289,-0.138948,-0.046246,0.877633,0.589598,-0.061618,-0.034757,0.804583,-0.329267,0.081222,0.299151,0.895931
0.455277,-0.139078,-0.046297,0.877615,0.589592,-0.061724,-0.034764,0.804579,-0.32924,0.081225,0.299199,0.895925
0.455187,-0.139277,-0.046335,0.877628,0.589507,-0.061927,-0.034837,0.804622,-0.329279,0.081174,0.299275,0.89589
0.45511,-0.13944,-0.04637,0.87764,0.589458,-0.062053,-0.034943,0.804643,-0.329331,0.08113,0.299347,0.89585
0.455037,-0.139537,-0.04635,0.877662,0.589408,-0.062171,-0.034916,0.804671,-0.32937,0.08107,0.299426,0.895814
0.454988,-0.139553,-0.046273,0.877689,0.589348,-0.062297,-0.034826,0.80471,-0.329387,0.081062,0.299454,0.8958
0.454942,-0.139509,-0.046128,0.877729,0.589229,-0.062298,-0.034727,0.8048,-0.329449,0.081003,0.299507,0.895764
0.454871,-0.139415,-0.04599,0.877789,0.589137,-0.062266,-0.034578,0.804876,-0.329574,0.080997,0.299581,0.895695
0.454771,-0.139375,-0.045893,0.877853,0.589067,-0.062237,-0.034393,0.804937,-0.329643,0.080986,0.299648,0.895649
0.454651,-0.13937,-0.045769,0.877922,0.588961,-0.062172,-0.034304,0.805024,-0.329715,0.080974,0.299727,0.895598
0.454619,-0.139401,-0.045716,0.877936,0.588895,-0.062135,-0.034208,0.805079,-0.329836,0.081,0.299832,0.895518
0.454589,-0.139404,-0.045714,0.877951,0.588793,-0.062113,-0.034185,0.805155,-0.329974,0.080995,0.299831,0.895468
0.454468,-0.139392,-0.045694,0.878016,0.588662,-0.062122,-0.034203,0.80525,-0.33009,0.081016,0.299907,0.895399
0.45439,-0.139391,-0.045714,0.878055,0.58854,-0.062142,-0.034274,0.805334,-0.330153,0.081117,0.299903,0.895371
0.454297,-0.139426,-0.0457,0.878098,0.588444,-0.062162,-0.034222,0.805404,-0.330255,0.081147,0.299894,0.895334
0.454234,-0.139311,-0.045567,0.878156,0.588406,-0.062168,-0.03411,0.805436,-0.330358,0.081227,0.299947,0.895273
0.454212,-0.139177,-0.045399,0.878199,0.588371,-0.062133,-0.033877,0.805474,-0.330446,0.081345,0.299988,0.89522
0.454145,-0.139037,-0.045171,0.878268,0.588376,-0.062101,-0.033696,0.805481,-0.330553,0.081489,0.300046,0.895153
0.454125,-0.138943,-0.044946,0.878306,0.588366,-0.062084,-0.033492,0.805498,-0.330651,0.081633,0.300108,0.895085
0.454099,-0.138866,-0.044719,0.878345,0.588336,-0.062079,-0.033304,0.805529,-0.330772,0.081805,0.300104,0.895031
0.454084,-0.138955,-0.044643,0.878343,0.588319,-0.062018,-0.033117,0.805552,-0.330851,0.081932,0.300107,0.894992
0.454099,-0.13898,-0.044529,0.878337,0.588309,-0.061992,-0.032941,0.805569,-0.330869,0.082084,0.300165,0.894955
0.454081,-0.13903,-0.044423,0.878344,0.588298,-0.062005,-0.032827,0.805581,-0.330911,0.082151,0.300246,0.894909
0.454081,-0.139108,-0.04433,0.878337,0.588333,-0.061987,-0.032767,0.805559,-0.331003,0.082234,0.300334,0.894841
0.454081,-0.139217,-0.044315,0.878322,0.588345,-0.062056,-0.032759,0.805546,-0.331035,0.082318,0.300439,0.89479
0.454033,-0.139261,-0.044322,0.878338,0.588324,-0.062161,-0.032781,0.805552,-0.331078,0.082361,0.300494,0.894753
0.454017,-0.139273,-0.044338,0.878343,0.588324,-0.062237,-0.032776,0.805546,-0.331061,0.082438,0.300564,0.894731
0.454027,-0.139336,-0.044306,0.878331,0.588333,-0.062297,-0.032767,0.805535,-0.331057,0.082478,0.300617,0.894712
0.454021,-0.139353,-0.044277,0.878332,0.588343,-0.062357,-0.032715,0.805526,-0.331049,0.082462,0.300732,0.894679
0.454056,-0.139297,-0.044129,0.878332,0.588331,-0.062381,-0.032624,0.805536,-0.331067,0.082502,0.300753,0.894663
0.454073,-0.13931,-0.044031,0.878326,0.588326,-0.062454,-0.032536,0.805537,-0.331073,0.082475,0.300778,0.894655
0.454066,-0.139309,-0.043967,0.878334,0.588334,-0.062464,-0.03253,0.805531,-0.33112,0.082463,0.300823,0.894624
0.454024,-0.139395,-0.043962,0.878342,0.588275,-0.062483,-0.032495,0.805573,-0.331139,0.082492,0.30089,0.894592
0.453939,-0.139515,-0.04405,0.878361,0.588248,-0.062556,-0.032504,0.805587,-0.331085,0.082416,0.300911,0.894611
0.453912,-0.139604,-0.044142,0.878355,0.588218,-0.062632,-0.032565,0.805602,-0.331059,0.082378,0.300967,0.894604
0.453888,-0.1397,-0.044232,0.878347,0.588222,-0.062672,-0.032676,0.80559,-0.33105,0.082281,0.301027,0.894596
0.453892,-0.139847,-0.044294,0.878318,0.588214,-0.062745,-0.032762,0.805587,-0.330988,0.082221,0.30105,0.894615
0.453903,-0.139936,-0.044351,0.878294,0.588196,-0.062836,-0.032819,0.805591,-0.330927,0.082094,0.301065,0.894641
0.45389,-0.140074,-0.044443,0.878274,0.588161,-0.062924,-0.032905,0.805606,-0.330884,0.08198,0.301129,0.894645
0.453832,-0.140185,-0.044574,0.878279,0.588197,-0.062997,-0.032986,0.80557,-0.330864,0.081853,0.301135,0.894659
0.453848,-0.140334,-0.044657,0.878242,0.588234,-0.063148,-0.033044,0.805529,-0.330814,0.081726,0.301103,0.894696
0.453874,-0.140522,-0.044741,0.878194,0.588288,-0.063275,-0.033095,0.805478,-0.330796,0.081593,0.301095,0.894715
0.453918,-0.140642,-0.044773,0.87815,0.588328,-0.063447,-0.033118,0.805434,-0.330711,0.081469,0.301185,0.894725
0.453921,-0.140792,-0.044865,0.878118,0.588367,-0.063581,-0.033113,0.805396,-0.330687,0.081346,0.301245,0.894723
0.45397,-0.140895,-0.044869,0.878077,0.588366,-0.063709,-0.033137,0.805386,-0.330652,0.081256,0.301273,0.894733
0.45401,-0.140995,-0.044818,0.878043,0.588395,-0.063843,-0.033259,0.805349,-0.330602,0.081171,0.301354,0.89473
0.454044,-0.141103,-0.04482,0.878008,0.588415,-0.063938,-0.033315,0.805325,-0.33051,0.081082,0.301414,0.894752
0.454026,-0.141232,-0.044869,0.877993,0.588415,-0.064052,-0.03342,0.805311,-0.330428,0.081025,0.301464,0.894769
0.454041,-0.14138,-0.044957,0.877957,0.588386,-0.064168,-0.033513,0.805319,-0.33038,0.080908,0.301567,0.894761
0.454113,-0.141482,-0.045056,0.877898,0.588412,-0.064247,-0.033524,0.805293,-0.33036,0.080849,0.301643,0.894748
0.454153,-0.141601,-0.045056,0.877858,0.5885,-0.064314,-0.033582,0.805221,-0.33025,0.080775,0.301738,0.894762
0.454182,-0.141612,-0.044996,0.877844,0.588602,-0.064282,-0.033575,0.80515,-0.330193,0.080686,0.301844,0.894754
0.454229,-0.141656,-0.04492,0.877817,0.588705,-0.064319,-0.03351,0.805074,-0.330153,0.080593,0.301868,0.894768
0.454302,-0.141695,-0.044871,0.877777,0.588796,-0.0644,-0.033397,0.805007,-0.330061,0.080606,0.301912,0.894786
0.454389,-0.141768,-0.044857,0.877721,0.58892,-0.064481,-0.033316,0.804913,-0.330013,0.08056,0.301924,0.894803
0.454469,-0.141831,-0.044806,0.877672,0.589018,-0.064569,-0.033238,0.804838,-0.329996,0.080553,0.301892,0.89482
0.454526,-0.141928,-0.044765,0.87763,0.589046,-0.064604,-0.033212,0.804816,-0.329969,0.080589,0.301903,0.894824
0.454528,-0.142013,-0.044799,0.877613,0.589045,-0.064673,-0.03322,0.80481,-0.329927,0.08058,0.301957,0.894822
0.454536,-0.142135,-0.044829,0.877586,0.589014,-0.064798,-0.0333,0.80482,-0.329913,0.080619,0.302043,0.894797
0.454545,-0.14227,-0.04487,0.877558,0.588947,-0.064907,-0.033352,0.804858,-0.329919,0.080642,0.302133,0.894764
0.454522,-0.142362,-0.044875,0.877555,0.588895,-0.064957,-0.033431,0.804888,-0.329936,0.080695,0.302275,0.894707
0.454439,-0.1424,-0.04482,0.877594,0.588754,-0.064981,-0.033478,0.804988,-0.32996,0.080714,0.302388,0.894661
0.454359,-0.142405,-0.044765,0.877637,0.588681,-0.064911,-0.033437,0.805048,-0.329923,0.080688,0.302472,0.894648
0.454320339301296,-0.142359853244222,-0.0446285502432172,0.877675530075832,0.588666375914686,-0.064825499958813,-0.0333927931014246,0.805069367280607,-0.32991884618113,0.0806895644056495,0.302487415162331,0.89464434857733
0.454293149284049,-0.142268928710666,-0.0444454847420852,0.877711651692068,0.588659091997747,-0.0647312741324583,-0.0333384051117323,0.805082452871073,-0.329917206140038,0.0806946843668546,0.302494401100917,0.89464239946074
0.45426,-0.142199,-0.044333,0.877746,0.588647,-0.06464,-0.033247,0.805102,-0.329913,0.080704,0.302511,0.894638
0.454208,-0.142171,-0.044308,0.877778,0.588613,-0.064557,-0.032929,0.805147,-0.329872,0.080778,0.302643,0.894605
0.454163,-0.142104,-0.044234,0.877817,0.588531,-0.064561,-0.03288,0.805208,-0.329817,0.080897,0.302744,0.894583
0.454083,-0.142106,-0.044183,0.87786,0.588459,-0.064538,-0.032877,0.805263,-0.329761,0.080934,0.302791,0.894586
0.453994,-0.142134,-0.044165,0.877902,0.588377,-0.064587,-0.032901,0.805317,-0.329772,0.081012,0.302805,0.894572
0.453948,-0.142161,-0.044226,0.877918,0.588282,-0.064658,-0.032966,0.805378,-0.329784,0.081009,0.30281,0.894566
0.453865,-0.142195,-0.044254,0.877954,0.588199,-0.064726,-0.033012,0.805431,-0.329818,0.081029,0.302859,0.894537
0.453804,-0.142241,-0.044309,0.877974,0.588114,-0.064729,-0.033067,0.805491,-0.329799,0.080988,0.302966,0.894511
0.453723,-0.142267,-0.044312,0.878012,0.588017,-0.064711,-0.033119,0.80556,-0.329764,0.080972,0.303032,0.894503
0.45367,-0.142302,-0.044347,0.878032,0.587977,-0.064647,-0.03317,0.805592,-0.329708,0.08096,0.30304,0.894522
0.453607,-0.142378,-0.044332,0.878052,0.587909,-0.064602,-0.033239,0.805643,-0.329719,0.080885,0.303003,0.894536
0.453552,-0.142391,-0.044359,0.878076,0.58786,-0.064601,-0.033204,0.80568,-0.329683,0.080798,0.302993,0.894558
0.453513,-0.14241,-0.04432,0.878095,0.587844,-0.064604,-0.033246,0.80569,-0.329666,0.080756,0.303062,0.894544
0.453463,-0.142431,-0.044347,0.878116,0.587845,-0.064648,-0.033183,0.805688,-0.329692,0.080707,0.303135,0.894514
0.453429,-0.142508,-0.044305,0.878123,0.587807,-0.064607,-0.033123,0.805721,-0.329735,0.080699,0.303104,0.894509
0.453358,-0.142519,-0.044292,0.878158,0.587735,-0.064612,-0.033074,0.805774,-0.329738,0.080726,0.303108,0.894505
0.453311,-0.142528,-0.044295,0.87818,0.587689,-0.06465,-0.033136,0.805803,-0.329755,0.080779,0.303175,0.894473
0.45329,-0.142521,-0.044354,0.87819,0.587677,-0.06465,-0.033211,0.805809,-0.329765,0.080757,0.303221,0.894457
0.453256,-0.142565,-0.044405,0.878196,0.587698,-0.064613,-0.033287,0.805793,-0.329794,0.08079,0.303242,0.894436
0.453278,-0.142545,-0.044483,0.878185,0.587699,-0.06456,-0.033301,0.805796,-0.329792,0.080813,0.303212,0.894445
0.453273,-0.142487,-0.044543,0.878192,0.587661,-0.064567,-0.033331,0.805822,-0.329772,0.080842,0.303226,0.894446
0.453255,-0.142524,-0.044618,0.878192,0.587653,-0.064559,-0.033344,0.805827,-0.329795,0.080821,0.303205,0.894446
0.45328,-0.142504,-0.044674,0.878179,0.587685,-0.064451,-0.033395,0.805811,-0.329818,0.080776,0.303142,0.894461
0.453323,-0.142481,-0.044732,0.878158,0.587754,-0.064379,-0.033445,0.805764,-0.329796,0.080788,0.303153,0.894465
0.453375,-0.142498,-0.04474,0.878128,0.587809,-0.064369,-0.033461,0.805724,-0.329815,0.080743,0.303139,0.894465
0.453494,-0.142536,-0.044706,0.878063,0.587907,-0.064366,-0.033494,0.805653,-0.329845,0.080755,0.303162,0.894446
0.453543,-0.142585,-0.04463,0.878034,0.587992,-0.064327,-0.033423,0.805597,-0.329881,0.080788,0.303046,0.894469
0.45365,-0.142616,-0.044515,0.877981,0.588083,-0.06434,-0.033244,0.805537,-0.329872,0.080849,0.303049,0.894467
0.453749,-0.142606,-0.044346,0.877941,0.588151,-0.064359,-0.033025,0.805495,-0.32992,0.080937,0.302967,0.89447
0.453792,-0.142605,-0.044198,0.877927,0.588206,-0.06435,-0.032766,0.805465,-0.32997,0.081097,0.302908,0.894461
0.453856,-0.142595,-0.044076,0.877903,0.588298,-0.064357,-0.032564,0.805407,-0.330017,0.081185,0.302905,0.894438
0.453906,-0.142596,-0.044006,0.877881,0.588369,-0.064399,-0.032448,0.805357,-0.330091,0.08124,0.302918,0.894403
0.453891,-0.142604,-0.043936,0.877891,0.588387,-0.064451,-0.032387,0.805342,-0.330147,0.081288,0.302971,0.894362
0.453851,-0.142635,-0.043942,0.877906,0.588391,-0.064454,-0.032321,0.805341,-0.330211,0.081309,0.303014,0.894322
0.453813,-0.142614,-0.043892,0.877932,0.588405,-0.064486,-0.03219,0.805334,-0.330246,0.081336,0.303027,0.894303
0.453798,-0.142583,-0.043858,0.877946,0.588378,-0.064525,-0.032087,0.805354,-0.33029,0.081307,0.303124,0.894257
0.453732,-0.142519,-0.043819,0.877993,0.588314,-0.064541,-0.032021,0.805402,-0.330292,0.081295,0.303107,0.894263
0.453733,-0.142528,-0.043803,0.877993,0.588239,-0.064515,-0.032073,0.805457,-0.330293,0.081291,0.303097,0.894267
0.453625,-0.142609,-0.043797,0.878035,0.588181,-0.064526,-0.032097,0.805497,-0.330336,0.0813,0.303201,0.894216
0.45359,-0.142674,-0.04382,0.878041,0.588125,-0.064561,-0.032156,0.805533,-0.330349,0.081303,0.303194,0.894214
0.453544,-0.142748,-0.043818,0.878052,0.588047,-0.064601,-0.032155,0.805587,-0.330418,0.081277,0.303275,0.894163
0.453525,-0.142834,-0.043763,0.87805,0.588016,-0.064665,-0.03208,0.805607,-0.330397,0.081263,0.303304,0.894162
0.453509,-0.142867,-0.043649,0.87806,0.58802,-0.064681,-0.031909,0.805609,-0.330417,0.081221,0.303409,0.894123
0.453549,-0.142858,-0.043545,0.878047,0.587987,-0.064729,-0.031733,0.805637,-0.33049,0.081185,0.303453,0.894085
0.453563,-0.142817,-0.043433,0.878053,0.588023,-0.064752,-0.031583,0.805614,-0.330539,0.08124,0.303516,0.894042
0.453563,-0.142809,-0.043337,0.878059,0.588075,-0.064859,-0.031411,0.805575,-0.330549,0.081244,0.303674,0.893986
0.453537,-0.142861,-0.043279,0.878066,0.588167,-0.064963,-0.031263,0.805505,-0.330635,0.081255,0.303707,0.893943
0.453539,-0.142961,-0.043178,0.878055,0.588223,-0.065048,-0.031157,0.805462,-0.330667,0.08132,0.30373,0.893919
0.453546,-0.143057,-0.043062,0.878042,0.588234,-0.065109,-0.030993,0.805456,-0.330664,0.081358,0.303796,0.893896
0.45356,-0.143114,-0.042934,0.878033,0.58828,-0.065195,-0.030825,0.805422,-0.33073,0.081376,0.303872,0.893846
0.453554,-0.143155,-0.042827,0.878035,0.58832,-0.065187,-0.030669,0.805399,-0.330739,0.081436,0.303923,0.893822
0.453556,-0.143184,-0.042739,0.878034,0.588317,-0.065191,-0.030529,0.805406,-0.330712,0.081472,0.303946,0.893821
0.453571,-0.143259,-0.042666,0.878017,0.588309,-0.065266,-0.030525,0.805406,-0.330721,0.081519,0.304041,0.893783
0.453575,-0.143326,-0.042614,0.878007,0.588217,-0.065349,-0.03053,0.805466,-0.330755,0.081489,0.304207,0.893718
0.453555,-0.143467,-0.042622,0.877994,0.588166,-0.06546,-0.030654,0.805489,-0.330739,0.081474,0.304395,0.893663
0.453497,-0.143618,-0.042651,0.877997,0.588132,-0.065599,-0.030674,0.805501,-0.330742,0.08146,0.30446,0.893641
0.453474,-0.14364,-0.042584,0.878008,0.58815,-0.065648,-0.030595,0.805487,-0.330739,0.081516,0.304527,0.893616
0.453485,-0.143653,-0.042408,0.87801,0.588162,-0.065662,-0.030388,0.805485,-0.330669,0.081564,0.304624,0.893606
0.453516,-0.143616,-0.042192,0.878013,0.5882,-0.065612,-0.030201,0.805469,-0.330666,0.081642,0.304678,0.893585
0.453527,-0.143613,-0.042025,0.878016,0.588215,-0.065587,-0.030032,0.805467,-0.330637,0.081687,0.304759,0.893565
0.453504,-0.143646,-0.041894,0.87803,0.588205,-0.065637,-0.029946,0.805473,-0.330593,0.081751,0.304891,0.893534
0.453462,-0.143747,-0.041807,0.878039,0.588235,-0.065703,-0.029835,0.80545,-0.330543,0.081808,0.304954,0.893527
0.453466,-0.143811,-0.041743,0.878029,0.588213,-0.065725,-0.029788,0.805466,-0.33053,0.081879,0.305082,0.893485
0.453441,-0.143878,-0.041649,0.878037,0.588181,-0.065785,-0.029766,0.805485,-0.330507,0.081949,0.305176,0.893457
0.453372,-0.143928,-0.041602,0.878066,0.588142,-0.065815,-0.029739,0.805512,-0.330483,0.081964,0.305369,0.893401
0.453334,-0.144021,-0.041519,0.878074,0.588121,-0.065887,-0.029657,0.805525,-0.330447,0.081995,0.305422,0.893395
0.453309,-0.144089,-0.041445,0.87808,0.58809,-0.065931,-0.029587,0.805546,-0.33043,0.082022,0.305494,0.893376
0.45332,-0.144166,-0.04137,0.878066,0.588058,-0.065976,-0.029497,0.805569,-0.33037,0.082147,0.305542,0.893373
0.453326,-0.144185,-0.041254,0.878065,0.588067,-0.066036,-0.029465,0.805559,-0.33031,0.08225,0.305657,0.89335
0.453375,-0.144187,-0.041158,0.878045,0.588092,-0.066136,-0.02931,0.805538,-0.330237,0.082239,0.305803,0.893329
0.453444,-0.1442,-0.041058,0.878013,0.588147,-0.066174,-0.029125,0.805502,-0.330191,0.08225,0.305851,0.893329
0.453509,-0.144198,-0.040893,0.877988,0.588201,-0.066171,-0.028984,0.805468,-0.330199,0.082273,0.305906,0.893306
0.453561,-0.144208,-0.040812,0.877964,0.588253,-0.066168,-0.028863,0.805434,-0.330168,0.082334,0.305955,0.893298
0.453605,-0.144261,-0.040762,0.877936,0.58832,-0.066179,-0.028815,0.805386,-0.330151,0.082346,0.306022,0.89328
0.453621,-0.144335,-0.040777,0.877915,0.588357,-0.066167,-0.028832,0.80536,-0.330158,0.082408,0.306042,0.893267
0.453648,-0.144426,-0.040857,0.877881,0.588356,-0.066246,-0.028895,0.805351,-0.330107,0.082464,0.306076,0.89327
0.453687,-0.144462,-0.040915,0.877852,0.588381,-0.066274,-0.028925,0.80533,-0.330037,0.082476,0.306156,0.893268
0.453775,-0.1445,-0.040935,0.8778,0.588428,-0.066346,-0.029002,0.805287,-0.329919,0.08239,0.306257,0.893285
0.45385,-0.144504,-0.041024,0.877755,0.588521,-0.066365,-0.029053,0.805216,-0.329894,0.082296,0.306272,0.893296
0.45389,-0.144505,-0.041112,0.877731,0.588577,-0.066354,-0.029104,0.805175,-0.329825,0.082205,0.306208,0.893348
0.453947,-0.144615,-0.04122,0.877677,0.588605,-0.066399,-0.02916,0.805149,-0.329755,0.08216,0.306182,0.893386
0.45399,-0.144758,-0.041307,0.877627,0.588649,-0.066435,-0.029244,0.80511,-0.32973,0.082084,0.306195,0.893396
0.454011,-0.144915,-0.041445,0.877583,0.588704,-0.066471,-0.029237,0.805067,-0.329695,0.082017,0.306194,0.893413
0.454045,-0.144978,-0.04155,0.87755,0.588763,-0.066503,-0.029183,0.805024,-0.329633,0.081964,0.306184,0.893443
0.454139,-0.145017,-0.041555,0.877495,0.588769,-0.066634,-0.029239,0.805007,-0.329598,0.081893,0.306168,0.893466
0.454208,-0.14505,-0.041535,0.877455,0.588823,-0.066649,-0.029271,0.804965,-0.329535,0.081819,0.306178,0.893491
0.454267,-0.145019,-0.041544,0.877429,0.588848,-0.066668,-0.029295,0.804945,-0.329471,0.081703,0.306209,0.893513
0.45426,-0.145036,-0.041598,0.877427,0.588859,-0.066652,-0.029373,0.804935,-0.329436,0.081595,0.306244,0.893521
0.454247,-0.145083,-0.041708,0.877421,0.588865,-0.066611,-0.029423,0.804932,-0.329341,0.081474,0.306314,0.893541
0.454244,-0.14521,-0.041764,0.877398,0.58881,-0.066658,-0.029492,0.804966,-0.3293,0.081366,0.306362,0.893548
0.454211,-0.145332,-0.041856,0.877389,0.588766,-0.066712,-0.029639,0.804987,-0.329259,0.081199,0.306363,0.893574
0.454191,-0.145468,-0.041958,0.877371,0.588715,-0.066792,-0.029821,0.805011,-0.329221,0.081129,0.306315,0.893609
0.4542,-0.145515,-0.042023,0.877355,0.588634,-0.066913,-0.029899,0.805057,-0.329179,0.08111,0.306344,0.893616
0.454243,-0.145482,-0.042067,0.877336,0.58864,-0.067009,-0.02994,0.805044,-0.329145,0.081021,0.30636,0.893629
0.454283,-0.145531,-0.042106,0.877305,0.588641,-0.067113,-0.029917,0.805035,-0.329139,0.080972,0.306379,0.893629
0.454337,-0.145564,-0.042048,0.877276,0.588671,-0.067164,-0.02988,0.80501,-0.329133,0.080946,0.30636,0.893639
0.454372,-0.145495,-0.04201,0.87727,0.588684,-0.067199,-0.02985,0.805,-0.329139,0.080977,0.306325,0.893646
0.45436,-0.145505,-0.041904,0.877281,0.588718,-0.067225,-0.02988,0.804971,-0.329094,0.081014,0.306297,0.893669
0.454382,-0.145539,-0.04183,0.877269,0.58874,-0.067207,-0.029896,0.804956,-0.329113,0.081025,0.306221,0.893687
0.454416,-0.145536,-0.041822,0.877251,0.588782,-0.067215,-0.029925,0.804923,-0.329094,0.081107,0.306174,0.893703
0.454405,-0.145558,-0.041832,0.877253,0.588763,-0.067221,-0.029965,0.804935,-0.329141,0.081161,0.306195,0.893676
0.454434,-0.145574,-0.041869,0.877233,0.588742,-0.067298,-0.029974,0.804944,-0.329141,0.081111,0.306243,0.893663
0.454473,-0.145635,-0.041822,0.877205,0.588736,-0.067392,-0.030017,0.804938,-0.329145,0.081121,0.306291,0.893645
0.454513,-0.145631,-0.041687,0.877193,0.588717,-0.067464,-0.029917,0.80495,-0.329138,0.081221,0.306259,0.893651
0.454531,-0.145545,-0.041533,0.877206,0.588747,-0.067505,-0.0298,0.80493,-0.329188,0.081292,0.306286,0.893619
0.454498,-0.145408,-0.041315,0.877257,0.588773,-0.067545,-0.029599,0.804915,-0.32926,0.081299,0.30641,0.893551
0.45452,-0.145321,-0.041091,0.877273,0.588841,-0.067486,-0.029354,0.804879,-0.329304,0.081415,0.306471,0.893507
0.454519,-0.14526,-0.040871,0.877295,0.588876,-0.067443,-0.029172,0.804863,-0.329356,0.081538,0.30656,0.893449
0.454517,-0.145236,-0.040758,0.877305,0.588908,-0.067436,-0.029053,0.804845,-0.329418,0.08165,0.306556,0.89342
0.454462,-0.145278,-0.040692,0.87733,0.588895,-0.067439,-0.028922,0.80486,-0.329487,0.081703,0.306666,0.893355
0.454415,-0.145365,-0.040686,0.87734,0.588873,-0.067479,-0.028885,0.804873,-0.329577,0.081831,0.306714,0.893297
0.454348,-0.14544,-0.040713,0.877361,0.588871,-0.067499,-0.028842,0.804874,-0.329562,0.081967,0.306707,0.893296
0.454301,-0.145496,-0.040739,0.877374,0.588799,-0.067526,-0.02882,0.804925,-0.329591,0.082064,0.306685,0.893286
0.454261,-0.145499,-0.040708,0.877396,0.588787,-0.067536,-0.028838,0.804933,-0.329615,0.082127,0.306726,0.893258
0.454263,-0.145474,-0.040653,0.877402,0.588722,-0.067511,-0.028895,0.80498,-0.329671,0.082185,0.306756,0.893224
0.454245,-0.145379,-0.040606,0.87743,0.588685,-0.067496,-0.028913,0.805008,-0.329699,0.082277,0.306767,0.893204
0.454232,-0.145247,-0.040481,0.877465,0.588688,-0.067382,-0.028771,0.80502,-0.329726,0.082293,0.306807,0.893179
0.45421,-0.145144,-0.040354,0.8775,0.588727,-0.067292,-0.028601,0.805006,-0.3298,0.082357,0.306809,0.893147
0.454203,-0.145033,-0.040197,0.87753,0.588771,-0.067242,-0.028383,0.804986,-0.329889,0.08241,0.30679,0.893117
0.454197,-0.14499,-0.040062,0.877547,0.588775,-0.067229,-0.028191,0.80499,-0.329903,0.082436,0.306766,0.893118
0.454233,-0.14493,-0.039895,0.877547,0.588781,-0.067208,-0.028062,0.804992,-0.329947,0.082499,0.30678,0.893093
0.454239,-0.144881,-0.039782,0.877558,0.588732,-0.067213,-0.027948,0.805031,-0.330016,0.082566,0.306812,0.893052
0.454181,-0.14494,-0.039755,0.87758,0.588684,-0.067283,-0.027849,0.805064,-0.330064,0.082617,0.306919,0.892995
0.454124,-0.144963,-0.039714,0.877606,0.588665,-0.067365,-0.027761,0.805074,-0.330126,0.082735,0.307004,0.892936
0.454119,-0.144894,-0.039617,0.877625,0.588679,-0.067365,-0.027656,0.805068,-0.330158,0.082787,0.30703,0.892912
0.454144,-0.144858,-0.039511,0.877624,0.58868,-0.067371,-0.027483,0.805072,-0.330224,0.082879,0.307121,0.892851
0.454122,-0.144815,-0.039337,0.877651,0.588715,-0.067379,-0.027326,0.805051,-0.330301,0.082944,0.307209,0.892788
0.454093,-0.144829,-0.039239,0.877669,0.588778,-0.067359,-0.027145,0.805012,-0.330361,0.08297,0.307255,0.892749
0.454072,-0.144835,-0.039096,0.877685,0.588739,-0.067381,-0.027027,0.805044,-0.330394,0.08297,0.307302,0.892722
0.454013,-0.144893,-0.039067,0.877708,0.588693,-0.067407,-0.026966,0.805077,-0.330466,0.082995,0.307315,0.892689
0.45396,-0.144917,-0.0391,0.877729,0.588626,-0.067446,-0.026929,0.805124,-0.330486,0.083032,0.307305,0.892683
0.45389,-0.144906,-0.039151,0.877764,0.588566,-0.067513,-0.026986,0.80516,-0.330519,0.083056,0.30729,0.892673
0.453833,-0.144896,-0.039204,0.877794,0.588444,-0.06758,-0.02706,0.805241,-0.330566,0.083112,0.307303,0.892648
0.453782,-0.144864,-0.039261,0.877821,0.588394,-0.067645,-0.027134,0.805269,-0.33057,0.0831,0.307292,0.892651
0.45374,-0.144885,-0.039261,0.87784,0.588343,-0.067651,-0.027136,0.805305,-0.330609,0.083091,0.307297,0.892636
0.453642,-0.1449,-0.039301,0.877885,0.588265,-0.067626,-0.027103,0.805366,-0.330648,0.083043,0.307332,0.892612
0.453598,-0.144943,-0.039253,0.877903,0.588126,-0.067689,-0.027108,0.805461,-0.330638,0.083029,0.307353,0.89261
0.453503,-0.145072,-0.039273,0.87793,0.588037,-0.067723,-0.027104,0.805523,-0.33066,0.082989,0.307361,0.892603
0.453391,-0.145189,-0.039313,0.877965,0.588011,-0.067744,-0.027151,0.805539,-0.330728,0.082886,0.307427,0.892563
0.45328,-0.145295,-0.039276,0.878007,0.587944,-0.067767,-0.027144,0.805586,-0.330772,0.082858,0.307457,0.892538
0.453183,-0.145358,-0.039215,0.878049,0.587886,-0.067862,-0.027113,0.805621,-0.330823,0.082842,0.307583,0.892478
0.453151,-0.14544,-0.039182,0.878052,0.587818,-0.067978,-0.027045,0.805664,-0.330832,0.082799,0.307646,0.892458
0.453127,-0.145512,-0.039177,0.878053,0.587742,-0.068101,-0.026948,0.805711,-0.330835,0.082734,0.307725,0.892435
0.453116,-0.14558,-0.039092,0.878052,0.58772,-0.068211,-0.026845,0.805721,-0.330828,0.082681,0.307805,0.892415
0.453101,-0.145649,-0.039001,0.878052,0.58768,-0.068264,-0.026783,0.805749,-0.330817,0.082721,0.307793,0.892419
0.453059,-0.145747,-0.038952,0.878061,0.587678,-0.068313,-0.026798,0.805746,-0.330806,0.082714,0.307882,0.892394
0.452987,-0.145858,-0.038981,0.878077,0.587709,-0.06836,-0.02685,0.805717,-0.330776,0.082716,0.307928,0.892389
0.452967,-0.145895,-0.038973,0.878082,0.587701,-0.068364,-0.026861,0.805722,-0.330763,0.082746,0.307955,0.892384
0.452971,-0.14589,-0.03889,0.878084,0.587763,-0.068279,-0.026829,0.805685,-0.330736,0.082784,0.307966,0.892387
0.453005,-0.145813,-0.03883,0.878083,0.587808,-0.068254,-0.026781,0.805655,-0.330715,0.082799,0.307992,0.892385
0.453086,-0.145868,-0.038773,0.878035,0.587837,-0.068245,-0.026724,0.805637,-0.330709,0.082854,0.307976,0.892389
0.453142,-0.145884,-0.03868,0.878008,0.587887,-0.068248,-0.02672,0.805601,-0.33074,0.082909,0.308041,0.892352
0.453135,-0.145864,-0.038631,0.878017,0.587915,-0.06828,-0.026736,0.805578,-0.33072,0.082939,0.307998,0.892371
0.453164,-0.145903,-0.038615,0.877997,0.587963,-0.068272,-0.026686,0.805545,-0.330673,0.08295,0.308012,0.892383
0.45317,-0.145898,-0.038608,0.877995,0.58798,-0.068216,-0.026599,0.80554,-0.330708,0.082994,0.308031,0.892362
0.453189,-0.14587,-0.038574,0.877991,0.587997,-0.068226,-0.026551,0.805528,-0.330738,0.083064,0.308059,0.892335
0.453206,-0.145912,-0.038541,0.877978,0.587987,-0.068203,-0.026599,0.805536,-0.330707,0.083071,0.308135,0.892321
0.453203,-0.145922,-0.038555,0.877977,0.587974,-0.068249,-0.02666,0.805539,-0.33068,0.083095,0.308215,0.892302
0.453205,-0.146,-0.038577,0.877962,0.587955,-0.06829,-0.026758,0.805547,-0.330707,0.083046,0.308284,0.892273
0.4532,-0.146074,-0.038633,0.877949,0.587966,-0.06831,-0.026827,0.805535,-0.330648,0.08304,0.308388,0.89226
0.453183,-0.146099,-0.03863,0.877954,0.587998,-0.068306,-0.026827,0.805513,-0.330591,0.082994,0.308438,0.892268
0.453196,-0.146108,-0.038623,0.877945,0.587999,-0.068299,-0.026801,0.805512,-0.330524,0.083044,0.308391,0.892305
0.453194,-0.146121,-0.038607,0.877946,0.587959,-0.068333,-0.026727,0.805541,-0.330544,0.083042,0.308326,0.892319
0.453122,-0.146121,-0.038595,0.877983,0.587913,-0.068366,-0.0267,0.805572,-0.330535,0.083086,0.308294,0.892331
0.45312,-0.146121,-0.038563,0.877985,0.587877,-0.068366,-0.026658,0.805601,-0.330531,0.083124,0.308254,0.892343
0.453123,-0.146132,-0.038529,0.877983,0.587856,-0.068411,-0.02667,0.805611,-0.33052,0.083145,0.308248,0.892347
0.45312,-0.146143,-0.038502,0.877984,0.587849,-0.068411,-0.026655,0.805617,-0.33052,0.08313,0.308341,0.892316
0.453112,-0.146169,-0.038511,0.877984,0.587835,-0.068433,-0.026645,0.805626,-0.330511,0.083134,0.308361,0.892313
0.453074,-0.146107,-0.038516,0.878013,0.587786,-0.068467,-0.026613,0.805659,-0.330495,0.083154,0.30837,0.892315
0.453078,-0.146088,-0.038471,0.878017,0.587812,-0.06844,-0.02655,0.805645,-0.330511,0.083123,0.30844,0.892288
0.453091,-0.14604,-0.038536,0.878015,0.587792,-0.068437,-0.026585,0.805658,-0.330483,0.083047,0.308436,0.892304
0.453122,-0.146014,-0.038546,0.878003,0.587775,-0.068391,-0.026629,0.805674,-0.330481,0.082979,0.308387,0.892326
0.453093,-0.145969,-0.038618,0.878022,0.587752,-0.06842,-0.026733,0.805684,-0.330485,0.082942,0.308323,0.892349
0.453112,-0.145971,-0.038658,0.87801,0.587784,-0.068407,-0.026801,0.80566,-0.330421,0.08288,0.308324,0.892377
0.453081,-0.145961,-0.038624,0.878029,0.587818,-0.068377,-0.026861,0.805635,-0.330442,0.082839,0.308326,0.892371
0.453067,-0.14595,-0.038587,0.87804,0.587812,-0.068329,-0.026789,0.805646,-0.330453,0.082846,0.308256,0.89239
0.453052,-0.145826,-0.038534,0.878071,0.587822,-0.068224,-0.02665,0.805653,-0.33056,0.082887,0.308243,0.892352
0.453057,-0.145737,-0.038481,0.878086,0.587775,-0.068195,-0.026589,0.805691,-0.330598,0.082944,0.308256,0.89233
0.453001,-0.145773,-0.038426,0.878111,0.587726,-0.068155,-0.026616,0.80573,-0.330628,0.083007,0.308254,0.892315
0.452938,-0.145782,-0.038424,0.878143,0.58766,-0.068137,-0.026708,0.805775,-0.330688,0.083097,0.308238,0.892292
0.45291,-0.145739,-0.038387,0.878165,0.587616,-0.068068,-0.026686,0.805814,-0.330736,0.083214,0.308243,0.892264
0.452869,-0.145644,-0.038364,0.878204,0.587614,-0.067958,-0.026638,0.805827,-0.330741,0.083264,0.308231,0.892262
0.452886,-0.1455,-0.038283,0.878222,0.587652,-0.067864,-0.026483,0.805812,-0.330772,0.083289,0.308304,0.892225
0.452903,-0.145361,-0.038199,0.878242,0.587696,-0.067762,-0.026355,0.805793,-0.330827,0.08336,0.308351,0.892184
0.45294,-0.145195,-0.038127,0.878253,0.587721,-0.067654,-0.026226,0.805788,-0.330861,0.083458,0.308394,0.89215
0.452985,-0.145019,-0.037985,0.878267,0.587703,-0.067539,-0.026074,0.805815,-0.33091,0.083583,0.308348,0.892138
0.452973,-0.144925,-0.037889,0.878294,0.58773,-0.067446,-0.025937,0.805809,-0.331014,0.083695,0.308302,0.892108
0.452954,-0.144846,-0.037826,0.878319,0.587672,-0.06742,-0.025809,0.805858,-0.331046,0.083805,0.3082,0.892122
0.452968,-0.144745,-0.037809,0.87833,0.587633,-0.067376,-0.025795,0.80589,-0.331043,0.08393,0.308199,0.892115
0.452992,-0.14469,-0.037822,0.878326,0.587626,-0.067292,-0.025767,0.805903,-0.331093,0.084032,0.308142,0.892107
0.453009,-0.144565,-0.037726,0.878343,0.587594,-0.067176,-0.025669,0.805939,-0.331142,0.084093,0.308068,0.89211
0.452982,-0.144398,-0.037622,0.878389,0.587581,-0.067108,-0.025486,0.80596,-0.331179,0.08418,0.308009,0.892109
0.453014,-0.144271,-0.037467,0.878401,0.587641,-0.066961,-0.025388,0.805931,-0.331216,0.084224,0.307954,0.892111
0.453033,-0.144208,-0.03748,0.878401,0.587667,-0.066906,-0.025351,0.805918,-0.331262,0.084193,0.30792,0.892107
0.453074,-0.14418,-0.037542,0.878382,0.587741,-0.066897,-0.025291,0.805867,-0.33132,0.084197,0.307898,0.892094
0.453091,-0.144184,-0.037524,0.878374,0.587788,-0.066924,-0.025222,0.805833,-0.33133,0.084235,0.307906,0.892083
0.453121,-0.144118,-0.037463,0.878372,0.587842,-0.066873,-0.025079,0.805802,-0.331359,0.084241,0.307912,0.892071
0.453194,-0.144066,-0.037325,0.87835,0.587851,-0.066846,-0.024931,0.805803,-0.331348,0.084251,0.307895,0.89208
0.45324,-0.144006,-0.037262,0.87834,0.587935,-0.066784,-0.024871,0.805749,-0.331395,0.084287,0.307853,0.892075
0.453238,-0.144041,-0.03714,0.878341,0.587971,-0.066759,-0.024828,0.805726,-0.331423,0.084312,0.307829,0.89207
0.453222,-0.144074,-0.037118,0.878345,0.587941,-0.0668,-0.024805,0.805745,-0.331415,0.084322,0.307848,0.892066
0.453226,-0.144138,-0.037147,0.87833,0.587876,-0.066845,-0.024841,0.805787,-0.33139,0.084305,0.307883,0.892065
0.453197,-0.144149,-0.037214,0.87834,0.587818,-0.066847,-0.024928,0.805826,-0.331431,0.084326,0.307894,0.892045
0.453126,-0.144169,-0.037305,0.878369,0.587773,-0.066902,-0.024987,0.805853,-0.331475,0.084348,0.307871,0.892034
0.45307,-0.144105,-0.037327,0.878407,0.587727,-0.066908,-0.025008,0.805885,-0.331511,0.084348,0.307896,0.892013
0.453059,-0.144028,-0.037246,0.878429,0.58771,-0.066871,-0.025047,0.805899,-0.331489,0.084368,0.307936,0.892006
0.453043,-0.143946,-0.037228,0.878452,0.587695,-0.066771,-0.025038,0.805919,-0.331497,0.084353,0.307906,0.892013
0.453074,-0.143914,-0.037208,0.878442,0.587649,-0.066681,-0.025063,0.805959,-0.331483,0.084327,0.307912,0.892019
0.453056,-0.14393,-0.037205,0.878449,0.58762,-0.066653,-0.025083,0.805981,-0.331469,0.084333,0.307871,0.892038
0.45301,-0.144045,-0.037189,0.878454,0.587599,-0.066705,-0.025165,0.805989,-0.331469,0.084281,0.307899,0.892032
0.453022,-0.144114,-0.037191,0.878436,0.587596,-0.066848,-0.025139,0.80598,-0.331471,0.084254,0.307871,0.892042
0.453054,-0.144179,-0.037186,0.87841,0.587632,-0.066955,-0.025047,0.805949,-0.331473,0.084299,0.307894,0.89203
0.45307,-0.144296,-0.037131,0.878384,0.587653,-0.067114,-0.024966,0.805923,-0.331453,0.084359,0.307923,0.892023
0.453081,-0.144357,-0.037025,0.878374,0.587644,-0.06722,-0.02485,0.805925,-0.331444,0.084377,0.307985,0.892005
0.453093,-0.144409,-0.036903,0.878366,0.587667,-0.067262,-0.02472,0.805908,-0.331469,0.084452,0.308091,0.891955
0.453083,-0.144495,-0.036818,0.87836,0.587641,-0.067375,-0.024639,0.80592,-0.331485,0.084459,0.308159,0.891926
0.453048,-0.144564,-0.036803,0.878367,0.587636,-0.067401,-0.024576,0.805923,-0.331501,0.084472,0.308252,0.891888
0.453026,-0.144618,-0.036721,0.878374,0.587577,-0.06744,-0.024533,0.805963,-0.331498,0.084501,0.308343,0.891857
0.453009,-0.14463,-0.036643,0.878384,0.587557,-0.067479,-0.024475,0.805977,-0.331484,0.084468,0.308415,0.89184
0.453034,-0.144683,-0.036577,0.878365,0.58751,-0.067479,-0.02442,0.806013,-0.331472,0.084459,0.308496,0.891818
0.453042,-0.144738,-0.036482,0.878357,0.587467,-0.067555,-0.024421,0.806037,-0.33146,0.084444,0.308544,0.891808
0.453039,-0.144807,-0.036459,0.878348,0.587432,-0.067694,-0.024452,0.806051,-0.33146,0.08441,0.308658,0.891771
0.453078,-0.14491,-0.036421,0.878313,0.587411,-0.067758,-0.02452,0.806058,-0.331451,0.084363,0.308832,0.89172
0.453061,-0.144999,-0.036432,0.878306,0.587424,-0.067862,-0.024554,0.80604,-0.331425,0.084347,0.308928,0.891699
0.453021,-0.145043,-0.036339,0.878323,0.587422,-0.06788,-0.024529,0.80604,-0.331421,0.084337,0.308989,0.89168
0.452988,-0.145036,-0.036223,0.878347,0.587391,-0.067853,-0.024455,0.806067,-0.331418,0.084368,0.309043,0.891661
0.452973,-0.144985,-0.03604,0.878372,0.587376,-0.067815,-0.024319,0.806086,-0.331428,0.084432,0.309018,0.891661
0.452968,-0.144969,-0.035888,0.878383,0.587308,-0.067854,-0.024129,0.806136,-0.331441,0.084498,0.309013,0.891654
0.452947,-0.144914,-0.035754,0.87841,0.587252,-0.06788,-0.023964,0.806181,-0.331442,0.084596,0.30901,0.891646
0.452905,-0.144878,-0.03566,0.878442,0.587242,-0.067896,-0.023808,0.806191,-0.331455,0.084663,0.30907,0.891617
0.452835,-0.144898,-0.03558,0.878478,0.587248,-0.067844,-0.023738,0.806193,-0.331508,0.084743,0.309155,0.891563
0.452815,-0.144874,-0.03553,0.878495,0.587208,-0.067872,-0.023708,0.806221,-0.331532,0.084762,0.309275,0.891513
0.45276,-0.144858,-0.035454,0.878529,0.58716,-0.06791,-0.02364,0.806255,-0.331562,0.084782,0.309319,0.891485
0.452718,-0.144841,-0.035329,0.878559,0.587078,-0.067921,-0.023598,0.806315,-0.331653,0.084748,0.3094,0.891427
0.452645,-0.144844,-0.035244,0.8786,0.58701,-0.067887,-0.023567,0.806368,-0.331721,0.084717,0.309498,0.891371
0.452571,-0.144815,-0.035272,0.878641,0.58695,-0.067836,-0.023565,0.806415,-0.33176,0.084791,0.309512,0.891346
0.452497,-0.144785,-0.035243,0.878685,0.586852,-0.067783,-0.023613,0.806489,-0.331825,0.084843,0.309564,0.891301
0.452405,-0.14478,-0.035232,0.878733,0.586762,-0.06771,-0.023673,0.806559,-0.331862,0.08488,0.309553,0.891288
0.452328,-0.144794,-0.035264,0.878769,0.586675,-0.067685,-0.023768,0.806621,-0.331945,0.084965,0.309528,0.891259
0.452324,-0.144801,-0.035302,0.878768,0.586593,-0.067662,-0.023873,0.806679,-0.331948,0.084982,0.309541,0.891253
0.45226,-0.144789,-0.035241,0.878805,0.586558,-0.067596,-0.023877,0.806711,-0.331977,0.084995,0.309587,0.891226
0.452294,-0.144682,-0.035159,0.87881,0.586526,-0.067521,-0.02383,0.806741,-0.331992,0.084967,0.309591,0.891221
0.452271,-0.144628,-0.035102,0.878833,0.586532,-0.06751,-0.023807,0.806738,-0.332018,0.084973,0.309616,0.891203
0.452263,-0.144661,-0.035126,0.87883,0.586541,-0.067547,-0.02379,0.80673,-0.332019,0.084962,0.309585,0.891213
0.452252,-0.144782,-0.035175,0.878814,0.586465,-0.067647,-0.023857,0.806775,-0.33205,0.084951,0.309553,0.891214
0.452158,-0.144937,-0.035232,0.878834,0.586424,-0.067708,-0.023918,0.806797,-0.332064,0.08495,0.309501,0.891226
0.452069,-0.145072,-0.035313,0.878853,0.586364,-0.067817,-0.024025,0.806828,-0.332081,0.084869,0.309538,0.891213
0.452016,-0.145182,-0.035416,0.878856,0.586302,-0.067935,-0.024188,0.806858,-0.332058,0.084857,0.309568,0.891213
0.451949,-0.145273,-0.035405,0.878876,0.586273,-0.067986,-0.024247,0.806873,-0.332047,0.084852,0.309563,0.891218
0.451916,-0.145313,-0.03536,0.878889,0.586239,-0.068068,-0.024206,0.806891,-0.332058,0.08478,0.309656,0.891189
0.45185,-0.145317,-0.035291,0.878924,0.586205,-0.068159,-0.024164,0.80691,-0.332077,0.084699,0.3097,0.891173
0.451819,-0.145291,-0.035264,0.878945,0.586203,-0.068237,-0.024103,0.806907,-0.332047,0.08459,0.309798,0.891158
0.451797,-0.145305,-0.035225,0.878956,0.586187,-0.068317,-0.024055,0.806913,-0.332053,0.084511,0.309928,0.891118
0.451719,-0.145343,-0.035248,0.878989,0.586142,-0.068315,-0.023966,0.806948,-0.332039,0.084383,0.309956,0.891123
0.451658,-0.14542,-0.035283,0.879005,0.586076,-0.068331,-0.024044,0.806993,-0.332042,0.084268,0.310068,0.891094
0.451537,-0.145555,-0.035455,0.879037,0.586006,-0.068304,-0.024164,0.807042,-0.332021,0.084199,0.310163,0.891074
0.451502,-0.145603,-0.035594,0.87904,0.585974,-0.068309,-0.024367,0.807058,-0.331998,0.084129,0.310173,0.891084
0.451483,-0.145705,-0.035814,0.879022,0.585982,-0.068368,-0.024562,0.807041,-0.331946,0.084049,0.310188,0.891104
0.451469,-0.145754,-0.036036,0.879011,0.585975,-0.06837,-0.024746,0.80704,-0.331927,0.084001,0.310167,0.891122
0.451527,-0.145707,-0.036155,0.878984,0.586011,-0.068329,-0.024881,0.807014,-0.331862,0.083948,0.310085,0.891177
0.451641,-0.145566,-0.036169,0.878949,0.586092,-0.068219,-0.024948,0.806963,-0.331806,0.083877,0.309989,0.891236
0.45175,-0.145448,-0.036176,0.878913,0.586202,-0.068125,-0.025077,0.806887,-0.331785,0.083781,0.309885,0.891285
0.451831,-0.145419,-0.036276,0.878872,0.586289,-0.068008,-0.025204,0.80683,-0.331804,0.083679,0.309775,0.891323
0.451898,-0.145448,-0.036446,0.878824,0.586357,-0.067939,-0.025351,0.806782,-0.331741,0.083573,0.309595,0.891414
0.451919,-0.145492,-0.036669,0.878796,0.58642,-0.067944,-0.0255,0.806731,-0.331678,0.083463,0.309486,0.891482
0.451936,-0.145614,-0.036847,0.878759,0.586482,-0.067985,-0.025576,0.80668,-0.331659,0.083344,0.309405,0.891525
0.451945,-0.145675,-0.036975,0.878737,0.586516,-0.06805,-0.025635,0.806649,-0.331635,0.083272,0.309297,0.891575
0.45197,-0.145671,-0.036952,0.878726,0.586559,-0.068096,-0.025584,0.806615,-0.331613,0.083218,0.309246,0.891604
0.452021,-0.145617,-0.036853,0.878715,0.586593,-0.068115,-0.025504,0.806591,-0.33159,0.083191,0.309178,0.891637
0.452028,-0.145561,-0.03678,0.878724,0.58665,-0.068082,-0.025431,0.806555,-0.331556,0.083121,0.309244,0.891633
0.452062,-0.145574,-0.036731,0.878707,0.586673,-0.068042,-0.025476,0.80654,-0.331569,0.083078,0.309286,0.891617
0.452052,-0.145697,-0.036824,0.878687,0.586674,-0.068041,-0.025555,0.806538,-0.331597,0.083021,0.309281,0.891612
0.452039,-0.145763,-0.037007,0.878673,0.586688,-0.068088,-0.025659,0.806519,-0.331588,0.082926,0.309263,0.891629
0.451993,-0.145874,-0.037161,0.878671,0.586643,-0.068131,-0.0258,0.806544,-0.331551,0.082826,0.309262,0.89165
0.451983,-0.145965,-0.037285,0.878655,0.586637,-0.068187,-0.025919,0.80654,-0.331546,0.082723,0.309297,0.891647
0.451975,-0.146116,-0.037371,0.87863,0.586593,-0.068242,-0.026008,0.806564,-0.331506,0.08262,0.309295,0.891669
0.451946,-0.146172,-0.037438,0.878632,0.586626,-0.068246,-0.026077,0.806538,-0.331447,0.082555,0.309261,0.891707
0.45193,-0.146219,-0.037514,0.878629,0.586635,-0.068199,-0.026125,0.806534,-0.331414,0.082408,0.309272,0.891726
0.451898,-0.146286,-0.03765,0.878626,0.586638,-0.068142,-0.026225,0.806533,-0.331467,0.082255,0.30925,0.891724
0.451872,-0.146294,-0.037798,0.878632,0.586634,-0.06812,-0.026391,0.806532,-0.33144,0.082187,0.309293,0.891726
0.45185,-0.146354,-0.038005,0.878623,0.586653,-0.068093,-0.026555,0.806515,-0.33136,0.082073,0.309252,0.891777
0.451851,-0.146418,-0.038252,0.878599,0.586652,-0.068133,-0.026802,0.806505,-0.331335,0.081879,0.309179,0.891824
0.451849,-0.14648,-0.038557,0.878575,0.586665,-0.068154,-0.027023,0.806485,-0.331329,0.081704,0.309139,0.891852
0.451854,-0.146572,-0.038786,0.878545,0.586712,-0.068127,-0.027229,0.806447,-0.33131,0.081547,0.30905,0.891899
0.451875,-0.146609,-0.039027,0.878516,0.586767,-0.068097,-0.027364,0.806405,-0.33127,0.0814,0.308889,0.891978
0.4519,-0.146702,-0.039247,0.878477,0.586807,-0.067974,-0.027592,0.806379,-0.331201,0.081178,0.308746,0.892067
0.451873,-0.146806,-0.039483,0.87846,0.586827,-0.067816,-0.027918,0.806365,-0.331143,0.081042,0.30858,0.892154
0.451894,-0.146843,-0.039755,0.878431,0.586843,-0.067732,-0.028184,0.806353,-0.331076,0.08081,0.308475,0.89223
0.451895,-0.146961,-0.040147,0.87839,0.586879,-0.067788,-0.02845,0.806312,-0.330961,0.080605,0.308291,0.892347
0.451945,-0.147094,-0.040498,0.878324,0.586911,-0.067832,-0.028756,0.806274,-0.33088,0.080329,0.308089,0.892464
0.452073,-0.147163,-0.040815,0.87823,0.586983,-0.067853,-0.029105,0.806207,-0.330813,0.080037,0.307964,0.89255
0.452142,-0.147186,-0.041093,0.878177,0.587071,-0.067819,-0.029429,0.806135,-0.330741,0.079766,0.307788,0.892653
0.45219,-0.147203,-0.041341,0.878137,0.587152,-0.06771,-0.029617,0.806079,-0.330633,0.079504,0.307655,0.892756
0.452258,-0.147218,-0.0416,0.878086,0.587202,-0.067599,-0.029835,0.806045,-0.330535,0.079156,0.307559,0.892847
0.452392,-0.147243,-0.041843,0.878,0.587243,-0.067586,-0.030104,0.806005,-0.33046,0.078903,0.307399,0.892945
0.45248,-0.147315,-0.042191,0.877924,0.587261,-0.067693,-0.030434,0.80597,-0.330384,0.078654,0.307249,0.89304
0.452513,-0.147425,-0.042566,0.877869,0.587273,-0.067696,-0.03077,0.805948,-0.330315,0.078379,0.307132,0.893122
0.452564,-0.147488,-0.042968,0.87781,0.587307,-0.067682,-0.031083,0.805913,-0.330188,0.078108,0.307036,0.893218
0.452624,-0.147588,-0.043261,0.877747,0.5874,-0.067599,-0.031311,0.805843,-0.330072,0.077855,0.306882,0.893329
0.45272,-0.147564,-0.043473,0.87769,0.587539,-0.067461,-0.031539,0.805745,-0.329984,0.077616,0.306701,0.893436
0.452833,-0.147452,-0.043583,0.877645,0.587666,-0.067335,-0.031666,0.805658,-0.329921,0.077395,0.306566,0.893519
0.452993,-0.147348,-0.043686,0.877575,0.587779,-0.067216,-0.031734,0.805583,-0.329813,0.077213,0.306465,0.893604
0.453111,-0.14733,-0.043782,0.877513,0.587892,-0.067185,-0.031819,0.805501,-0.329763,0.077006,0.30632,0.893683
0.453227,-0.147381,-0.043914,0.877436,0.588023,-0.067203,-0.031987,0.805398,-0.329671,0.07682,0.30615,0.893786
0.453322,-0.147447,-0.044073,0.877368,0.588071,-0.067222,-0.032216,0.805352,-0.329538,0.076664,0.305989,0.893897
0.453456,-0.147545,-0.044237,0.877274,0.588112,-0.067267,-0.032463,0.805308,-0.329457,0.076533,0.305996,0.893934
0.453556,-0.147581,-0.044322,0.877212,0.588161,-0.067236,-0.032651,0.805268,-0.329441,0.076406,0.305937,0.893968
0.453662,-0.147556,-0.044346,0.877161,0.588248,-0.06722,-0.03278,0.8052,-0.329375,0.076305,0.305884,0.894015
0.453811,-0.147401,-0.044362,0.877109,0.58833,-0.067182,-0.032845,0.805142,-0.329311,0.076275,0.30588,0.894042
0.453938,-0.1473,-0.044352,0.877062,0.588376,-0.06718,-0.032848,0.805108,-0.329233,0.076225,0.305774,0.894108
0.454087,-0.147194,-0.044395,0.877001,0.588415,-0.067239,-0.032856,0.805074,-0.329182,0.076241,0.30566,0.894163
0.454209,-0.147112,-0.044457,0.876948,0.58845,-0.067313,-0.03292,0.80504,-0.329141,0.07619,0.305586,0.894206
0.4544,-0.146975,-0.044449,0.876875,0.588452,-0.067421,-0.03296,0.805028,-0.329001,0.076196,0.305554,0.894268
0.454558,-0.146839,-0.044414,0.876818,0.588466,-0.067486,-0.032949,0.805012,-0.328877,0.076133,0.305515,0.89433
0.454718,-0.146611,-0.044236,0.876785,0.588484,-0.067476,-0.032845,0.805005,-0.328772,0.076102,0.305428,0.894399
0.454923,-0.146371,-0.043995,0.876733,0.588483,-0.067517,-0.032651,0.80501,-0.328635,0.076102,0.305379,0.894466
0.455163,-0.146024,-0.043758,0.876681,0.588495,-0.067572,-0.032522,0.805001,-0.328519,0.076086,0.30526,0.894548
0.455405,-0.14574,-0.04342,0.876622,0.588544,-0.067485,-0.0323,0.804983,-0.328383,0.076099,0.305218,0.894611
0.455598,-0.145454,-0.043058,0.87659,0.588631,-0.067329,-0.031844,0.80495,-0.32831,0.076108,0.305248,0.894627
0.455812,-0.145112,-0.042642,0.87656,0.58873,-0.067127,-0.031307,0.804916,-0.328237,0.07611,0.30531,0.894633
0.45604,-0.144756,-0.042174,0.876526,0.588867,-0.066886,-0.030873,0.804854,-0.328155,0.07611,0.305407,0.894631
0.456271,-0.14449,-0.041818,0.876471,0.589033,-0.066713,-0.030579,0.804757,-0.328041,0.076122,0.305408,0.894671
0.456499,-0.144335,-0.041611,0.87639,0.589131,-0.066646,-0.030369,0.8047,-0.327953,0.076108,0.305421,0.8947
0.456662,-0.14437,-0.041623,0.876299,0.589161,-0.066704,-0.030403,0.804672,-0.327924,0.076106,0.305471,0.894694
0.456748,-0.144465,-0.041862,0.876227,0.589167,-0.066789,-0.030615,0.804653,-0.327826,0.076018,0.305569,0.894703
0.456821,-0.144635,-0.042107,0.876147,0.589177,-0.0669,-0.03094,0.804623,-0.327754,0.076018,0.305608,0.894716
0.4569,-0.144728,-0.042368,0.876077,0.58926,-0.066942,-0.031237,0.804548,-0.327654,0.075951,0.305685,0.894732
0.457026,-0.144719,-0.04251,0.876005,0.589311,-0.066857,-0.031509,0.804507,-0.327506,0.075885,0.305624,0.89481
0.457172,-0.144666,-0.042605,0.875933,0.589408,-0.066758,-0.031708,0.804437,-0.327392,0.075823,0.305459,0.894909
0.457339,-0.144511,-0.042678,0.875869,0.589484,-0.066523,-0.032034,0.804387,-0.327237,0.075762,0.305266,0.895033
0.457533,-0.1444,-0.042813,0.875779,0.589596,-0.06629,-0.032321,0.804313,-0.327063,0.075721,0.305119,0.895148
0.457731,-0.144293,-0.043002,0.875685,0.589776,-0.066064,-0.032636,0.804189,-0.326957,0.075609,0.304882,0.895271
0.457945,-0.144137,-0.043315,0.875582,0.589964,-0.065883,-0.0329,0.804055,-0.326838,0.07545,0.304708,0.895382
0.458152,-0.143965,-0.043717,0.875482,0.590206,-0.06564,-0.033203,0.803885,-0.326697,0.075193,0.304559,0.895498
0.458356,-0.143804,-0.044173,0.875377,0.59044,-0.065391,-0.033577,0.803719,-0.326553,0.074981,0.304274,0.895657
0.458602,-0.143643,-0.044652,0.875249,0.590704,-0.065158,-0.033887,0.803531,-0.326406,0.074743,0.303929,0.895839
0.458861,-0.143464,-0.045149,0.875116,0.590935,-0.064936,-0.034203,0.803368,-0.326208,0.074516,0.303563,0.896044
0.459117,-0.14328,-0.04563,0.874986,0.591166,-0.064609,-0.034605,0.803207,-0.325988,0.074293,0.303097,0.89629
0.459347,-0.1431,-0.046193,0.874863,0.591415,-0.064287,-0.035022,0.803032,-0.325841,0.074074,0.302603,0.896518
0.459594,-0.142952,-0.046798,0.874723,0.591599,-0.06403,-0.035553,0.802895,-0.32568,0.073821,0.302156,0.896737
0.459851,-0.14275,-0.047402,0.874587,0.591884,-0.063765,-0.036087,0.802682,-0.32546,0.073528,0.301689,0.896986
0.46013,-0.14258,-0.048062,0.87443,0.592119,-0.0635,-0.036668,0.802505,-0.325231,0.073239,0.301242,0.897232
0.460431,-0.142372,-0.048744,0.874266,0.592366,-0.063244,-0.037256,0.802317,-0.325022,0.072901,0.300811,0.897467
0.460677,-0.142255,-0.049395,0.874117,0.592599,-0.062962,-0.037844,0.802139,-0.324787,0.072547,0.300329,0.897729
0.460927,-0.142094,-0.050036,0.873973,0.592854,-0.062672,-0.038401,0.801949,-0.324545,0.072207,0.299853,0.897989
0.461188,-0.141961,-0.050634,0.873819,0.593069,-0.062391,-0.038964,0.801785,-0.324283,0.071838,0.299346,0.898268
0.461417,-0.141825,-0.051207,0.873686,0.593287,-0.062117,-0.039558,0.801617,-0.324056,0.071561,0.298805,0.89854
0.461626,-0.141744,-0.051729,0.873556,0.593535,-0.061867,-0.040107,0.801426,-0.323795,0.071303,0.298313,0.898807
0.461907,-0.141675,-0.052279,0.873385,0.593828,-0.061705,-0.040562,0.801199,-0.323539,0.071023,0.297854,0.899062
0.462233,-0.141572,-0.052688,0.873204,0.594149,-0.061561,-0.040927,0.800955,-0.32331,0.070767,0.297371,0.899312
0.462505,-0.141491,-0.05303,0.873052,0.59444,-0.06142,-0.041228,0.800736,-0.323123,0.070491,0.297037,0.899503
0.462799,-0.141428,-0.053314,0.872889,0.594671,-0.061376,-0.04145,0.800557,-0.322888,0.070245,0.296749,0.899691
0.463052,-0.141327,-0.053493,0.872761,0.594933,-0.061356,-0.041668,0.800353,-0.322659,0.069992,0.296411,0.899895
0.463318,-0.141346,-0.05371,0.872603,0.595111,-0.061368,-0.041943,0.800206,-0.322438,0.069766,0.296188,0.900057
0.463555,-0.141515,-0.054011,0.872431,0.595249,-0.061479,-0.04219,0.800082,-0.322253,0.069541,0.296034,0.900185
0.463683,-0.14178,-0.05432,0.8723,0.595416,-0.061669,-0.042475,0.799929,-0.321993,0.069375,0.295846,0.900346
0.463825,-0.142097,-0.054591,0.872154,0.595531,-0.061838,-0.04269,0.79982,-0.32177,0.069154,0.295785,0.900458
0.463864,-0.142397,-0.054803,0.87207,0.595659,-0.061957,-0.042833,0.799707,-0.321528,0.068981,0.295746,0.900565
0.463892,-0.142625,-0.054912,0.87201,0.595759,-0.062073,-0.042874,0.799622,-0.321345,0.068843,0.295745,0.900638
0.464045,-0.14273,-0.054902,0.871914,0.595878,-0.062148,-0.042795,0.799532,-0.321167,0.068706,0.295764,0.900702
0.464115,-0.142729,-0.054829,0.871881,0.596009,-0.062158,-0.042771,0.799435,-0.320956,0.068527,0.29582,0.900769
0.464216,-0.142784,-0.054796,0.871821,0.596097,-0.062184,-0.042818,0.799366,-0.320771,0.068336,0.295914,0.900815
0.464304,-0.142893,-0.054828,0.871754,0.596163,-0.062204,-0.042945,0.799309,-0.320562,0.068141,0.296012,0.900869
0.464388,-0.143088,-0.054997,0.871666,0.596219,-0.062274,-0.043152,0.799251,-0.320382,0.067927,0.296062,0.900929
0.464443,-0.14329,-0.055234,0.871588,0.596233,-0.062372,-0.043344,0.799222,-0.320233,0.0677,0.296101,0.90098
0.46453,-0.143445,-0.055473,0.8715,0.596307,-0.062436,-0.043441,0.799157,-0.320091,0.067477,0.296053,0.901057
0.46465,-0.143545,-0.05565,0.871408,0.596386,-0.062399,-0.043454,0.799101,-0.319971,0.06726,0.295954,0.901143
0.464799,-0.143476,-0.055716,0.871336,0.596515,-0.06231,-0.043426,0.799013,-0.319807,0.067045,0.295925,0.901222
0.464968,-0.143325,-0.05571,0.871272,0.596676,-0.062049,-0.043244,0.798924,-0.319651,0.066871,0.295822,0.901318
0.465158,-0.143025,-0.055524,0.871234,0.596867,-0.061656,-0.042889,0.798831,-0.319518,0.066702,0.295638,0.901432
0.465414,-0.142568,-0.055327,0.871188,0.597089,-0.061223,-0.042572,0.798716,-0.319399,0.066553,0.295391,0.901561
0.465673,-0.142093,-0.055078,0.871146,0.597332,-0.060747,-0.04217,0.798592,-0.319292,0.066373,0.295215,0.901664
0.465933,-0.141593,-0.054863,0.871104,0.5976,-0.060233,-0.041721,0.798455,-0.319156,0.066206,0.295044,0.901774
0.466183,-0.141075,-0.054721,0.871066,0.597838,-0.059813,-0.041372,0.798327,-0.31901,0.06601,0.294807,0.90191
0.466416,-0.140606,-0.054557,0.871029,0.598129,-0.059326,-0.040962,0.798168,-0.31895,0.065808,0.294536,0.902027
0.46666,-0.140155,-0.054475,0.870979,0.598332,-0.058846,-0.040613,0.798069,-0.318858,0.065657,0.2943,0.902142
0.466872,-0.139711,-0.054372,0.870945,0.598531,-0.058308,-0.040338,0.797974,-0.318715,0.065533,0.293993,0.902295
0.46711,-0.139309,-0.05429,0.87089,0.598723,-0.057796,-0.040118,0.797879,-0.318605,0.065385,0.293676,0.902441
0.46734,-0.138995,-0.054306,0.870817,0.598903,-0.05737,-0.040099,0.797776,-0.318522,0.065226,0.293214,0.902623
0.467492,-0.138874,-0.054564,0.870738,0.599058,-0.05722,-0.04024,0.797664,-0.318424,0.065055,0.292845,0.902782
0.467558,-0.138869,-0.054965,0.870676,0.599207,-0.057236,-0.040518,0.797537,-0.318318,0.064836,0.292567,0.902918
0.467644,-0.138984,-0.055462,0.870579,0.599374,-0.057355,-0.040855,0.797386,-0.318227,0.064621,0.292311,0.90304
0.467718,-0.13906,-0.055933,0.870494,0.599444,-0.057449,-0.041097,0.797316,-0.318213,0.064394,0.292139,0.90311
0.467726,-0.139062,-0.056227,0.870469,0.599521,-0.057403,-0.041284,0.79725,-0.318162,0.064134,0.291953,0.903199
0.467794,-0.138971,-0.056372,0.870438,0.599608,-0.057282,-0.041479,0.797184,-0.318111,0.063891,0.291765,0.903287
0.467874,-0.138942,-0.056583,0.870384,0.599615,-0.057171,-0.041743,0.797174,-0.318033,0.063633,0.291583,0.903384
0.467923,-0.138973,-0.056838,0.870336,0.599608,-0.057133,-0.042023,0.797168,-0.318004,0.063391,0.291397,0.903464
0.467946,-0.139061,-0.057156,0.870287,0.599624,-0.057195,-0.042341,0.797134,-0.317952,0.06318,0.291261,0.903534
0.467945,-0.139157,-0.057521,0.870245,0.599626,-0.057278,-0.042633,0.797111,-0.317919,0.062987,0.2911,0.903607
0.467909,-0.139298,-0.057881,0.870217,0.599605,-0.057352,-0.042877,0.797109,-0.317895,0.062743,0.290974,0.903665
0.467924,-0.139369,-0.058157,0.870178,0.599623,-0.057394,-0.043083,0.797082,-0.317858,0.062529,0.29085,0.903727
0.467959,-0.139406,-0.058325,0.870141,0.599654,-0.057372,-0.043221,0.797053,-0.317854,0.062358,0.290751,0.903767
0.467997,-0.139349,-0.058448,0.870121,0.599701,-0.057402,-0.043332,0.797009,-0.317789,0.062161,0.29057,0.903856
0.468048,-0.139343,-0.058543,0.870088,0.599715,-0.057324,-0.043366,0.797002,-0.317767,0.062008,0.29046,0.903905
0.468063,-0.139308,-0.058632,0.870079,0.599722,-0.057217,-0.04338,0.797004,-0.31779,0.061809,0.290391,0.903927
0.46811,-0.139298,-0.058735,0.870047,0.599772,-0.057148,-0.043441,0.796967,-0.317775,0.061652,0.290345,0.903954
0.468145,-0.139284,-0.058857,0.870023,0.599789,-0.057091,-0.043559,0.796952,-0.317754,0.06149,0.290292,0.903985
0.468153,-0.139241,-0.05899,0.870016,0.599776,-0.057023,-0.043698,0.796959,-0.317747,0.061383,0.290172,0.90403
0.468162,-0.139238,-0.059141,0.870001,0.599749,-0.056964,-0.043855,0.796976,-0.317774,0.061328,0.290023,0.904069
0.468241,-0.139194,-0.059259,0.869957,0.599737,-0.056851,-0.04393,0.796988,-0.317766,0.061247,0.289939,0.904102
0.468228,-0.139142,-0.059359,0.869966,0.599754,-0.056747,-0.044048,0.796977,-0.317728,0.061192,0.289787,0.904165
0.468272,-0.138988,-0.059511,0.869955,0.599833,-0.056537,-0.044046,0.796932,-0.317754,0.061084,0.289713,0.904184
0.468349,-0.138742,-0.059638,0.869944,0.599953,-0.056262,-0.044019,0.796864,-0.317752,0.06099,0.289659,0.904206
0.468425,-0.138473,-0.059785,0.869936,0.600092,-0.055936,-0.043963,0.796786,-0.317801,0.060935,0.289504,0.904238
0.468508,-0.138159,-0.059981,0.869928,0.600168,-0.055649,-0.043908,0.796751,-0.31789,0.060901,0.289284,0.904277
0.46865,-0.137861,-0.060235,0.869881,0.600248,-0.055277,-0.04404,0.796709,-0.317955,0.060843,0.288938,0.904364
0.468704,-0.137613,-0.060564,0.869867,0.600252,-0.05496,-0.044397,0.79671,-0.317998,0.060769,0.28859,0.90446
0.46878,-0.137419,-0.060997,0.869825,0.600212,-0.054602,-0.044814,0.79674,-0.317998,0.060666,0.288192,0.904587
0.468777,-0.137261,-0.061492,0.869814,0.600192,-0.054313,-0.045395,0.796743,-0.318055,0.060542,0.287707,0.904721
0.468801,-0.137198,-0.062154,0.869762,0.600134,-0.054,-0.045956,0.796776,-0.318115,0.060351,0.287262,0.904845
0.468798,-0.137075,-0.06272,0.869739,0.600093,-0.053725,-0.046527,0.796792,-0.318147,0.060161,0.28679,0.904987
0.468789,-0.13688,-0.063251,0.869734,0.600076,-0.053374,-0.047013,0.796799,-0.318178,0.059891,0.286379,0.905114
0.468778,-0.136659,-0.063722,0.869738,0.600083,-0.052997,-0.047467,0.796793,-0.31816,0.059589,0.285971,0.905259
0.468812,-0.136365,-0.06407,0.869739,0.600115,-0.052639,-0.047873,0.796769,-0.318159,0.05935,0.285573,0.905391
0.468859,-0.136125,-0.064429,0.869723,0.60014,-0.05231,-0.048148,0.796755,-0.318146,0.059068,0.285223,0.905514
0.468831,-0.135885,-0.064751,0.869751,0.600147,-0.052084,-0.048385,0.796751,-0.318172,0.058748,0.284811,0.905644
0.468771,-0.135723,-0.065061,0.869783,0.600183,-0.051917,-0.048595,0.796723,-0.318194,0.058511,0.284517,0.905736
0.468687,-0.135726,-0.065411,0.8698,0.600139,-0.051848,-0.048769,0.796749,-0.318202,0.058265,0.284252,0.905824
0.468617,-0.135863,-0.065721,0.869791,0.600051,-0.051793,-0.048987,0.796804,-0.318236,0.058037,0.284032,0.905888
0.4685,-0.135931,-0.065904,0.869828,0.599928,-0.051822,-0.049272,0.796877,-0.318259,0.057886,0.283865,0.905937
0.468479,-0.136118,-0.066089,0.869794,0.599822,-0.051828,-0.049487,0.796944,-0.318271,0.057805,0.283758,0.905969
0.468401,-0.136257,-0.066202,0.869805,0.599744,-0.051898,-0.049648,0.796987,-0.318292,0.057659,0.28367,0.905994
0.468387,-0.136397,-0.066229,0.869788,0.599746,-0.051981,-0.049686,0.796978,-0.31834,0.057461,0.283688,0.90598
0.468402,-0.136419,-0.066261,0.869774,0.599781,-0.05203,-0.049655,0.79695,-0.318302,0.057247,0.28374,0.905987
0.468484,-0.136462,-0.066174,0.869731,0.599848,-0.052146,-0.049573,0.796898,-0.318319,0.057027,0.283822,0.905965
0.468577,-0.136541,-0.066058,0.869678,0.599946,-0.052211,-0.049475,0.796826,-0.318299,0.056826,0.283901,0.905957
0.468626,-0.136686,-0.065971,0.869636,0.600074,-0.052348,-0.049363,0.796728,-0.318295,0.056679,0.283996,0.905935
0.468712,-0.136841,-0.065958,0.869567,0.600203,-0.052513,-0.049256,0.796628,-0.318195,0.056553,0.28413,0.905935
0.468809,-0.136972,-0.065941,0.869496,0.600367,-0.052622,-0.049188,0.796502,-0.318171,0.056482,0.284262,0.905906
0.468935,-0.137113,-0.065915,0.869408,0.600503,-0.052776,-0.049069,0.796396,-0.318098,0.05642,0.284353,0.905906
0.469038,-0.137244,-0.065867,0.869336,0.600633,-0.052864,-0.049012,0.796297,-0.31799,0.056424,0.284399,0.90593
0.46914,-0.137389,-0.065873,0.869258,0.600749,-0.052933,-0.049026,0.796204,-0.317858,0.05644,0.284464,0.905956
0.469248,-0.137421,-0.06585,0.869197,0.600855,-0.052975,-0.04904,0.796121,-0.317702,0.0565,0.284498,0.905998
0.469352,-0.137477,-0.06582,0.869135,0.600983,-0.05297,-0.049089,0.796022,-0.317597,0.056529,0.28448,0.906038
0.469452,-0.137431,-0.065813,0.86909,0.601124,-0.052885,-0.049154,0.795917,-0.317488,0.056573,0.284502,0.906068
0.46961,-0.137307,-0.065846,0.869021,0.601266,-0.052776,-0.049173,0.795817,-0.317323,0.05659,0.284516,0.90612
0.469752,-0.13721,-0.065857,0.86896,0.601406,-0.052647,-0.049126,0.795723,-0.317246,0.056625,0.28449,0.906154
0.469947,-0.137107,-0.065826,0.868874,0.601548,-0.052503,-0.049082,0.795628,-0.317112,0.056691,0.28446,0.906207
0.470055,-0.137065,-0.065751,0.86883,0.601659,-0.052354,-0.049073,0.795554,-0.316986,0.056768,0.284467,0.906245
0.470144,-0.137055,-0.065726,0.868785,0.60175,-0.052256,-0.049098,0.795491,-0.316842,0.056847,0.284405,0.906311
0.470193,-0.137014,-0.06567,0.868771,0.601806,-0.052193,-0.049113,0.795453,-0.316727,0.056934,0.28431,0.906377
0.470249,-0.136959,-0.06568,0.868748,0.601879,-0.052052,-0.049123,0.795406,-0.316603,0.057056,0.284271,0.906426
0.470269,-0.13699,-0.065673,0.868733,0.601899,-0.051953,-0.049194,0.795393,-0.316508,0.057135,0.28429,0.90645
0.470304,-0.136983,-0.065717,0.868711,0.601927,-0.051863,-0.049314,0.795371,-0.316402,0.057275,0.284295,0.90648
0.470355,-0.136912,-0.065728,0.868695,0.601949,-0.051728,-0.049369,0.795359,-0.316334,0.057331,0.284291,0.906502
0.470362,-0.136855,-0.065685,0.868704,0.601937,-0.051614,-0.049353,0.795377,-0.316265,0.057356,0.284277,0.906529
0.470431,-0.136835,-0.065625,0.868675,0.601968,-0.051551,-0.049352,0.795357,-0.316182,0.057404,0.28424,0.906568
0.470441,-0.136891,-0.065645,0.86866,0.601996,-0.051488,-0.049288,0.795345,-0.316111,0.057504,0.284184,0.906605
0.47051,-0.136882,-0.065682,0.86862,0.602032,-0.051479,-0.049289,0.795319,-0.316089,0.057543,0.284158,0.906618
0.470564,-0.136911,-0.06566,0.868589,0.602058,-0.051488,-0.049283,0.795298,-0.316059,0.05761,0.284164,0.906624
0.470668,-0.136917,-0.065619,0.868535,0.602143,-0.051498,-0.049275,0.795233,-0.316037,0.05764,0.284203,0.906619
0.470667,-0.136957,-0.065568,0.868533,0.602228,-0.051464,-0.049227,0.795176,-0.31597,0.057671,0.284227,0.906633
0.470705,-0.136983,-0.065508,0.868514,0.602295,-0.051415,-0.049091,0.795135,-0.31593,0.057714,0.284307,0.906621
0.470666,-0.136964,-0.065391,0.868547,0.602325,-0.05142,-0.049041,0.795116,-0.31586,0.057728,0.284334,0.906637
0.470672,-0.13698,-0.065322,0.868547,0.602348,-0.051429,-0.048914,0.795106,-0.315861,0.057755,0.284378,0.906622
0.470732,-0.136959,-0.065205,0.868527,0.602372,-0.051496,-0.048831,0.795089,-0.315881,0.057782,0.284408,0.906605
0.470737,-0.136992,-0.065199,0.86852,0.602378,-0.051545,-0.048809,0.795082,-0.315916,0.057864,0.284463,0.906572
0.470725,-0.137061,-0.065187,0.868517,0.602347,-0.05157,-0.048693,0.795111,-0.315937,0.057939,0.284448,0.906567
0.470676,-0.137065,-0.065154,0.868544,0.6023,-0.051555,-0.04863,0.795151,-0.315951,0.05796,0.284437,0.906564
0.470621,-0.137072,-0.065052,0.86858,0.602217,-0.051531,-0.048601,0.795217,-0.316006,0.058014,0.284406,0.906553
0.470585,-0.137024,-0.065104,0.868604,0.602155,-0.051544,-0.048638,0.795261,-0.316045,0.058052,0.284337,0.906558
0.470514,-0.137044,-0.065101,0.868639,0.602068,-0.051524,-0.048655,0.795326,-0.316085,0.058052,0.284383,0.906531
0.470462,-0.137058,-0.065133,0.868663,0.601988,-0.051528,-0.048652,0.795387,-0.316189,0.058072,0.284413,0.906484
0.470367,-0.137037,-0.065148,0.868715,0.601901,-0.051531,-0.048656,0.795452,-0.316308,0.058123,0.284411,0.906441
0.470308,-0.136935,-0.065102,0.868767,0.601798,-0.051477,-0.048683,0.795531,-0.316371,0.058151,0.284372,0.90643
0.470229,-0.136809,-0.065034,0.868834,0.601735,-0.051423,-0.048672,0.795582,-0.316451,0.05818,0.28439,0.906396
0.470124,-0.136668,-0.064966,0.868918,0.601613,-0.051297,-0.048603,0.795688,-0.31651,0.058224,0.284392,0.906372
0.470047,-0.136541,-0.064904,0.868984,0.601511,-0.051248,-0.048511,0.795773,-0.316589,0.058243,0.28442,0.906335
0.470011,-0.136445,-0.064813,0.869027,0.601423,-0.051169,-0.048479,0.795846,-0.316717,0.058263,0.284414,0.906293
0.469959,-0.136331,-0.064814,0.869073,0.601361,-0.051121,-0.048463,0.795896,-0.316788,0.058285,0.284465,0.906252
0.469856,-0.136265,-0.06485,0.869135,0.601273,-0.051092,-0.048446,0.795966,-0.316956,0.058292,0.284461,0.906194
0.469808,-0.136224,-0.064839,0.869168,0.601249,-0.050994,-0.048323,0.795997,-0.317023,0.058256,0.284483,0.906166
0.469774,-0.136129,-0.064819,0.869202,0.601232,-0.050918,-0.048218,0.796021,-0.317092,0.058274,0.284487,0.90614
0.469704,-0.136042,-0.064787,0.869256,0.601182,-0.050907,-0.048144,0.796064,-0.317108,0.058285,0.284479,0.906135
0.469654,-0.135968,-0.064745,0.869298,0.6011,-0.050863,-0.048122,0.796129,-0.317244,0.058296,0.284464,0.906093
0.469619,-0.135985,-0.064731,0.869315,0.600995,-0.05086,-0.048116,0.796209,-0.31732,0.058381,0.284441,0.906069
0.469582,-0.136036,-0.064752,0.869325,0.60091,-0.050892,-0.048161,0.796268,-0.317373,0.058433,0.284411,0.906058
0.469539,-0.136106,-0.064764,0.869337,0.600848,-0.050898,-0.048186,0.796314,-0.317426,0.058487,0.284376,0.906048
0.469524,-0.136121,-0.064731,0.869345,0.600756,-0.050939,-0.04822,0.796378,-0.317526,0.058523,0.284383,0.906008
0.469538,-0.136124,-0.064663,0.869343,0.600696,-0.050951,-0.048274,0.796419,-0.317587,0.058546,0.284379,0.905988
0.469565,-0.13607,-0.064541,0.869346,0.600616,-0.051007,-0.048271,0.796476,-0.317636,0.058514,0.284474,0.905943
0.469538,-0.136002,-0.06448,0.869376,0.600592,-0.050979,-0.048208,0.796499,-0.31767,0.058458,0.284547,0.905912
0.46954,-0.136023,-0.064372,0.86938,0.6006,-0.050934,-0.048169,0.796497,-0.31774,0.05848,0.284564,0.905881
0.46953,-0.13604,-0.064362,0.869383,0.600567,-0.050859,-0.048167,0.796527,-0.317756,0.058473,0.284665,0.905845
0.469534,-0.136129,-0.064327,0.869371,0.600579,-0.050843,-0.048225,0.796515,-0.317731,0.05845,0.284743,0.905832
0.469538,-0.136252,-0.064407,0.869342,0.600595,-0.050865,-0.048315,0.796497,-0.317703,0.058415,0.284791,0.905829
0.469519,-0.13632,-0.064441,0.869339,0.600622,-0.050865,-0.048441,0.796468,-0.317724,0.058454,0.284796,0.905817
0.46953,-0.136383,-0.064445,0.869323,0.600621,-0.050867,-0.048461,0.796469,-0.317737,0.058454,0.284759,0.905824
0.469556,-0.136413,-0.064451,0.869304,0.600648,-0.050886,-0.048447,0.796449,-0.317747,0.058412,0.284743,0.905828
0.469554,-0.136408,-0.064435,0.869307,0.600667,-0.050956,-0.04841,0.796432,-0.31776,0.058396,0.28479,0.90581
0.469535,-0.136346,-0.064414,0.869329,0.600665,-0.050976,-0.048358,0.796435,-0.317789,0.058424,0.284838,0.905784
0.46953,-0.136285,-0.0644,0.869342,0.600654,-0.051018,-0.048265,0.796446,-0.317815,0.058431,0.284863,0.905766
0.469535,-0.13625,-0.064387,0.869346,0.600643,-0.051062,-0.048153,0.796459,-0.317857,0.058435,0.284862,0.905752
0.469491,-0.136278,-0.064403,0.869363,0.600637,-0.05104,-0.048108,0.796467,-0.317878,0.058422,0.2849,0.905733
0.469477,-0.136262,-0.064408,0.869374,0.600567,-0.050965,-0.048119,0.796524,-0.317928,0.058431,0.284871,0.905725
0.469424,-0.13626,-0.064413,0.869402,0.60052,-0.050972,-0.048169,0.796555,-0.317941,0.058484,0.284852,0.905724
0.469328,-0.136314,-0.064472,0.86944,0.600464,-0.050932,-0.048279,0.796594,-0.318004,0.058502,0.284847,0.905702
0.469262,-0.136376,-0.064511,0.869461,0.600425,-0.050887,-0.048357,0.79662,-0.31805,0.058512,0.284826,0.905692
0.469202,-0.136418,-0.064541,0.869485,0.600375,-0.050811,-0.048384,0.796661,-0.318128,0.05849,0.284792,0.905677
0.469169,-0.13642,-0.064487,0.869507,0.600341,-0.050737,-0.048349,0.796693,-0.318147,0.058472,0.28482,0.905661
0.469181,-0.136355,-0.064382,0.869518,0.600326,-0.050702,-0.048335,0.796708,-0.318159,0.058429,0.28487,0.905644
0.469178,-0.136338,-0.064277,0.869531,0.600294,-0.050738,-0.048258,0.796735,-0.318189,0.058456,0.284838,0.905643
0.469207,-0.13627,-0.064209,0.869533,0.600256,-0.050671,-0.048174,0.796773,-0.318208,0.058441,0.284859,0.90563
0.469186,-0.136219,-0.064134,0.869557,0.60023,-0.050596,-0.048062,0.796802,-0.318212,0.058469,0.284828,0.905637
0.469194,-0.136115,-0.063992,0.86958,0.60022,-0.050498,-0.047976,0.796823,-0.318253,0.058487,0.284873,0.905608
0.469216,-0.136055,-0.063923,0.869584,0.600208,-0.050462,-0.04793,0.796836,-0.318296,0.058514,0.284888,0.905588
0.469182,-0.136082,-0.063877,0.869601,0.600172,-0.050385,-0.047831,0.796873,-0.318363,0.05856,0.284908,0.905556
0.469169,-0.13611,-0.063891,0.869602,0.60015,-0.050387,-0.047793,0.796893,-0.318433,0.058622,0.284843,0.905548
0.46916,-0.136116,-0.063885,0.869607,0.600177,-0.050355,-0.047785,0.796874,-0.318482,0.058666,0.284828,0.905534
0.469158,-0.136084,-0.063895,0.869612,0.600205,-0.050275,-0.047778,0.79686,-0.318421,0.05871,0.284835,0.905551
0.469198,-0.136002,-0.063842,0.869608,0.600248,-0.050329,-0.04773,0.796826,-0.318428,0.058764,0.284764,0.905568
0.469249,-0.135951,-0.063759,0.869595,0.600236,-0.050328,-0.047676,0.796838,-0.318376,0.058804,0.284738,0.905593
0.469286,-0.135876,-0.063679,0.869593,0.600229,-0.050281,-0.047535,0.796855,-0.318407,0.058817,0.284648,0.905608
0.469307,-0.135874,-0.06366,0.869584,0.600218,-0.050304,-0.047513,0.796864,-0.318359,0.058826,0.284668,0.905619
0.469349,-0.13594,-0.063654,0.869552,0.600218,-0.050339,-0.047569,0.796858,-0.318389,0.058893,0.284681,0.905601
0.469381,-0.136047,-0.063639,0.869519,0.600237,-0.050371,-0.047624,0.796838,-0.318358,0.058904,0.28472,0.9056
0.469378,-0.136098,-0.063668,0.869511,0.600244,-0.050393,-0.047638,0.796831,-0.318392,0.058928,0.28475,0.905578
0.469424,-0.136117,-0.06359,0.869489,0.600279,-0.050484,-0.04759,0.796801,-0.318358,0.058972,0.284772,0.905582
0.469483,-0.13611,-0.063484,0.869466,0.6004,-0.050527,-0.047469,0.796715,-0.318363,0.05903,0.284785,0.905573
0.469592,-0.136074,-0.063272,0.86943,0.600502,-0.050534,-0.047208,0.796654,-0.318349,0.059081,0.284814,0.905567
0.469696,-0.135955,-0.063023,0.869413,0.600668,-0.050579,-0.046998,0.79654,-0.318317,0.059173,0.284942,0.905535
0.469815,-0.135886,-0.062848,0.869373,0.600825,-0.050548,-0.046793,0.796435,-0.318297,0.059242,0.284964,0.905532
0.469938,-0.135874,-0.062704,0.86932,0.60095,-0.050535,-0.046662,0.796349,-0.31825,0.05934,0.285027,0.905526
0.470032,-0.135889,-0.062626,0.869274,0.601018,-0.050503,-0.046587,0.796305,-0.318158,0.05943,0.285063,0.905543
0.47016,-0.135903,-0.062588,0.869206,0.60112,-0.050472,-0.046594,0.796229,-0.318126,0.059481,0.285115,0.905535
0.470228,-0.135958,-0.062654,0.869156,0.601205,-0.050558,-0.046546,0.796163,-0.318037,0.059548,0.285049,0.905584
0.470297,-0.135964,-0.062704,0.869114,0.601326,-0.050513,-0.046555,0.796074,-0.318021,0.059662,0.285009,0.905597
0.470378,-0.135911,-0.062682,0.869081,0.601385,-0.050421,-0.046411,0.796044,-0.317945,0.059694,0.284996,0.905626
0.47041,-0.135799,-0.062666,0.869083,0.60144,-0.050394,-0.04635,0.796008,-0.317927,0.059699,0.284963,0.905642
0.470472,-0.1357,-0.062721,0.869061,0.60148,-0.050393,-0.046307,0.79598,-0.317864,0.059635,0.284953,0.90567
0.470518,-0.135628,-0.062728,0.869047,0.601526,-0.050363,-0.046315,0.795948,-0.317855,0.059617,0.284944,0.905676
0.470588,-0.135585,-0.06277,0.869013,0.601527,-0.050378,-0.04636,0.795942,-0.31782,0.059606,0.284968,0.905682
0.470587,-0.135541,-0.062806,0.869018,0.601531,-0.050409,-0.046355,0.795938,-0.317787,0.059608,0.284988,0.905687
0.470592,-0.135555,-0.062752,0.869017,0.601509,-0.050436,-0.046296,0.795957,-0.317711,0.059643,0.284954,0.905722
0.470541,-0.135605,-0.062761,0.869035,0.601506,-0.050427,-0.046224,0.795964,-0.317749,0.059666,0.284875,0.905732
0.470526,-0.135633,-0.062685,0.869045,0.60149,-0.050467,-0.046149,0.795978,-0.317766,0.059703,0.284863,0.905727
0.470507,-0.135633,-0.062606,0.869061,0.601481,-0.050534,-0.046124,0.795982,-0.317808,0.059705,0.28486,0.905714
0.470528,-0.13562,-0.062538,0.869057,0.601476,-0.050579,-0.046068,0.795985,-0.317835,0.0597,0.284902,0.905693
0.470531,-0.135684,-0.062515,0.869047,0.601471,-0.050679,-0.046023,0.795986,-0.317861,0.059695,0.284955,0.905667
0.470517,-0.135714,-0.062467,0.869054,0.601418,-0.050798,-0.046004,0.796019,-0.317941,0.059719,0.285072,0.905603
0.470514,-0.135719,-0.062441,0.869057,0.601394,-0.0509,-0.045961,0.796032,-0.318003,0.059628,0.285189,0.90555
0.470475,-0.135775,-0.062364,0.869075,0.601389,-0.050939,-0.045813,0.796043,-0.318044,0.059505,0.285286,0.905511
0.470446,-0.135763,-0.062233,0.869103,0.601417,-0.05085,-0.04565,0.796036,-0.318121,0.059435,0.285334,0.905473
0.470443,-0.135723,-0.062146,0.869116,0.601415,-0.050831,-0.04556,0.796044,-0.318151,0.059444,0.285441,0.90543
0.470412,-0.135776,-0.062086,0.86913,0.601385,-0.050798,-0.045552,0.796069,-0.318184,0.059426,0.285469,0.905411
0.470387,-0.135781,-0.062076,0.869143,0.601327,-0.050782,-0.045611,0.79611,-0.318221,0.059384,0.285465,0.905401
0.470389,-0.135869,-0.062125,0.869124,0.601227,-0.050754,-0.045706,0.796183,-0.318257,0.059357,0.285523,0.905371
0.470308,-0.13592,-0.062182,0.869156,0.601182,-0.05069,-0.045736,0.796218,-0.318321,0.059353,0.285537,0.905345
0.470243,-0.13589,-0.062223,0.869191,0.601182,-0.050665,-0.04576,0.796218,-0.318402,0.059355,0.285543,0.905314
0.470195,-0.135817,-0.06218,0.869233,0.601174,-0.050669,-0.0458,0.796223,-0.318472,0.059317,0.285504,0.905304
0.470166,-0.135807,-0.062132,0.869253,0.601111,-0.050633,-0.045854,0.796268,-0.318541,0.059262,0.285559,0.905265
0.470119,-0.135774,-0.062109,0.869285,0.600982,-0.050548,-0.045895,0.796368,-0.318569,0.059249,0.285566,0.905254
0.470043,-0.135783,-0.062143,0.869321,0.600859,-0.050514,-0.045969,0.796459,-0.318677,0.059253,0.285556,0.905219
0.469943,-0.135872,-0.062289,0.86935,0.600739,-0.050506,-0.045991,0.796548,-0.318743,0.0592,0.285525,0.905208
0.469838,-0.135891,-0.0624,0.869395,0.60059,-0.050497,-0.04612,0.796653,-0.31881,0.059111,0.285549,0.905181
0.469702,-0.135908,-0.062458,0.869461,0.60046,-0.050495,-0.046252,0.796743,-0.318829,0.059054,0.285564,0.905172
0.469609,-0.135904,-0.06249,0.869509,0.600381,-0.050477,-0.046283,0.796801,-0.318865,0.059017,0.285573,0.905158
0.469542,-0.135873,-0.062583,0.869542,0.600281,-0.050404,-0.04628,0.796882,-0.318915,0.058958,0.2856,0.905135
0.469457,-0.135891,-0.062669,0.869578,0.600204,-0.050426,-0.046341,0.796935,-0.319003,0.058894,0.285603,0.905105
0.46939,-0.135921,-0.062729,0.869604,0.6002,-0.050442,-0.046421,0.796931,-0.319032,0.058806,0.285555,0.905115
0.469337,-0.135967,-0.062754,0.869624,0.600149,-0.050506,-0.046526,0.79696,-0.319065,0.058758,0.285551,0.905107
0.469327,-0.136038,-0.062821,0.869613,0.600092,-0.050554,-0.046643,0.796992,-0.319063,0.058672,0.285539,0.905114
0.469345,-0.136156,-0.06288,0.86958,0.600072,-0.050607,-0.046742,0.796999,-0.319097,0.058567,0.28561,0.905086
0.469333,-0.136277,-0.062952,0.869562,0.600043,-0.050656,-0.046821,0.797013,-0.319102,0.058464,0.285699,0.90506
0.469359,-0.136302,-0.062921,0.869546,0.600077,-0.050669,-0.046878,0.796983,-0.319089,0.058382,0.285789,0.905042
0.469401,-0.136314,-0.062831,0.869529,0.600069,-0.050671,-0.046879,0.796989,-0.319072,0.058283,0.285884,0.905022
0.469493,-0.136331,-0.062758,0.869483,0.600071,-0.050631,-0.046858,0.796991,-0.319012,0.058205,0.28592,0.905036
0.469526,-0.136336,-0.062718,0.869467,0.600094,-0.050648,-0.046916,0.79697,-0.318984,0.058175,0.285986,0.905027
0.469634,-0.136328,-0.062731,0.86941,0.60009,-0.050678,-0.046895,0.796972,-0.31896,0.058118,0.286015,0.905029
0.469658,-0.136309,-0.0627,0.869403,0.600136,-0.050644,-0.046785,0.796946,-0.318901,0.058052,0.285986,0.905061
0.469714,-0.136067,-0.062479,0.869428,0.600185,-0.050493,-0.046449,0.796938,-0.318854,0.058007,0.285913,0.905102
0.469798,-0.135783,-0.062143,0.869453,0.600233,-0.050219,-0.045944,0.796948,-0.318808,0.057929,0.285851,0.905141
0.469872,-0.135383,-0.061669,0.869512,0.600327,-0.049884,-0.045375,0.796932,-0.318796,0.05778,0.285801,0.905166
0.47001,-0.135078,-0.061137,0.869526,0.600394,-0.049524,-0.044827,0.796934,-0.318764,0.05774,0.285728,0.905201
0.47007,-0.13483,-0.060756,0.869561,0.600493,-0.049214,-0.04439,0.796903,-0.318735,0.057667,0.285675,0.90523
0.470136,-0.134674,-0.060572,0.869564,0.600562,-0.049,-0.04412,0.79688,-0.318728,0.057581,0.285653,0.905243
0.470145,-0.134743,-0.060554,0.86955,0.600574,-0.049036,-0.044091,0.796871,-0.318776,0.057488,0.285586,0.905251
0.470194,-0.134955,-0.060671,0.869482,0.600628,-0.049158,-0.044252,0.796813,-0.318876,0.05738,0.285566,0.905227
0.470189,-0.135177,-0.060884,0.869434,0.600669,-0.049346,-0.04451,0.796756,-0.318924,0.057317,0.285536,0.905221
0.470212,-0.135313,-0.061009,0.869391,0.600714,-0.049499,-0.044578,0.79671,-0.318921,0.057258,0.285584,0.90521
0.470184,-0.135296,-0.060979,0.86941,0.600717,-0.04955,-0.044427,0.796713,-0.318966,0.057187,0.28562,0.905187
0.470172,-0.135221,-0.060778,0.869444,0.600773,-0.049533,-0.044182,0.796685,-0.319007,0.057122,0.285691,0.905154
0.470187,-0.135099,-0.060521,0.869475,0.600785,-0.049479,-0.043949,0.796692,-0.319073,0.057076,0.285783,0.905104
0.47016,-0.135019,-0.060337,0.869515,0.600763,-0.049398,-0.043779,0.796723,-0.319147,0.057053,0.285795,0.905075
0.470064,-0.134986,-0.060302,0.869574,0.600759,-0.049384,-0.043724,0.79673,-0.319193,0.057095,0.285902,0.905025
0.469974,-0.135063,-0.060315,0.86961,0.60068,-0.049423,-0.043826,0.796781,-0.319204,0.057076,0.285991,0.904994
0.469899,-0.135118,-0.06037,0.869637,0.600583,-0.049454,-0.043959,0.796845,-0.319215,0.057101,0.286105,0.904955
0.469848,-0.135165,-0.060505,0.869646,0.600514,-0.049527,-0.044098,0.796884,-0.319246,0.057132,0.286131,0.904935
0.469819,-0.13518,-0.060541,0.869657,0.600421,-0.049481,-0.044227,0.79695,-0.31926,0.057168,0.286129,0.904929
0.469814,-0.135096,-0.060568,0.86967,0.600389,-0.049436,-0.044266,0.796976,-0.319278,0.057194,0.286118,0.904925
0.469817,-0.135035,-0.060555,0.869679,0.600415,-0.049342,-0.044227,0.796963,-0.319296,0.057237,0.286046,0.904939
0.469825,-0.134944,-0.060516,0.869693,0.600421,-0.049253,-0.044166,0.796968,-0.319256,0.05729,0.285995,0.904966
0.469899,-0.134837,-0.060509,0.869671,0.600422,-0.049236,-0.044152,0.796969,-0.319269,0.057328,0.285945,0.904975
0.469934,-0.134815,-0.060535,0.869653,0.600426,-0.049265,-0.044136,0.796965,-0.319296,0.057366,0.285957,0.90496
0.469991,-0.134822,-0.060537,0.869621,0.600437,-0.049214,-0.044159,0.796958,-0.319327,0.057438,0.285916,0.904959
0.469993,-0.134781,-0.060468,0.869631,0.600452,-0.04916,-0.044135,0.796952,-0.31932,0.05751,0.285853,0.904978
0.470016,-0.134635,-0.060396,0.869648,0.600465,-0.049042,-0.044065,0.796954,-0.319303,0.057604,0.285818,0.90499
0.47005,-0.134564,-0.060351,0.869643,0.600509,-0.048966,-0.043934,0.796932,-0.319272,0.057678,0.28572,0.905028
0.4701,-0.134498,-0.060277,0.869633,0.600601,-0.048828,-0.043885,0.796875,-0.319242,0.057735,0.285738,0.90503
0.470106,-0.134453,-0.06022,0.869641,0.600618,-0.048743,-0.043828,0.79687,-0.319231,0.057822,0.285736,0.905031
0.470187,-0.134401,-0.060232,0.869604,0.600664,-0.04873,-0.043817,0.796837,-0.31918,0.05783,0.285721,0.905054
0.470222,-0.134419,-0.060263,0.869581,0.600673,-0.04876,-0.043856,0.796826,-0.319165,0.05784,0.285803,0.905034
0.470256,-0.134492,-0.060306,0.869548,0.600701,-0.048806,-0.043912,0.796798,-0.319144,0.057848,0.285816,0.905037
0.470318,-0.134538,-0.060359,0.869503,0.600734,-0.04887,-0.043945,0.796768,-0.319124,0.057892,0.285793,0.905048
0.470342,-0.134571,-0.060309,0.86949,0.600793,-0.048859,-0.043929,0.796726,-0.319067,0.05791,0.285734,0.905086
0.470332,-0.134604,-0.060238,0.869496,0.600874,-0.048836,-0.043896,0.796668,-0.319052,0.057957,0.285694,0.905102
0.470364,-0.134577,-0.060117,0.869491,0.600865,-0.048818,-0.043873,0.796677,-0.319065,0.057931,0.285697,0.905097
0.4704,-0.134559,-0.060009,0.869482,0.600906,-0.048798,-0.043807,0.796651,-0.31906,0.05796,0.285681,0.905103
0.470372,-0.134571,-0.059995,0.869497,0.600895,-0.048867,-0.043711,0.796661,-0.319075,0.057994,0.285644,0.905107
0.470369,-0.134636,-0.059978,0.869489,0.600927,-0.04902,-0.04367,0.79663,-0.319063,0.057989,0.285641,0.905112
0.470392,-0.134763,-0.059959,0.869459,0.600936,-0.04922,-0.04365,0.796611,-0.319103,0.057996,0.28569,0.905083
0.470382,-0.134903,-0.059997,0.869439,0.600918,-0.049398,-0.043635,0.796615,-0.319114,0.058013,0.285695,0.905077
0.470358,-0.135012,-0.059941,0.869439,0.600922,-0.049477,-0.043652,0.796606,-0.319134,0.057968,0.285736,0.90506
0.470298,-0.135024,-0.059874,0.869475,0.600963,-0.049489,-0.043621,0.796576,-0.319163,0.057971,0.285795,0.905031
0.470285,-0.135073,-0.059803,0.86948,0.600951,-0.0495,-0.043586,0.796586,-0.319174,0.057934,0.285936,0.904986
0.470278,-0.135153,-0.059743,0.869475,0.600961,-0.049538,-0.043581,0.796576,-0.319211,0.057844,0.286,0.904957
0.470281,-0.135193,-0.05976,0.869466,0.600999,-0.049633,-0.043481,0.796548,-0.319198,0.057807,0.286053,0.904947
0.470266,-0.135239,-0.05974,0.869468,0.601025,-0.049717,-0.04342,0.796526,-0.319195,0.057748,0.286158,0.904919
0.470311,-0.13531,-0.059729,0.869434,0.601034,-0.049827,-0.043388,0.796514,-0.319197,0.057675,0.286226,0.9049
0.470337,-0.135423,-0.059753,0.8694,0.601015,-0.049899,-0.043397,0.796523,-0.319201,0.057685,0.28626,0.904888
0.47035,-0.135429,-0.059769,0.869391,0.601036,-0.049937,-0.043418,0.796505,-0.319203,0.05772,0.28629,0.904876
0.470415,-0.135445,-0.059729,0.869357,0.601067,-0.049932,-0.043401,0.796481,-0.319182,0.057713,0.28633,0.904872
0.470459,-0.135458,-0.059638,0.869338,0.601091,-0.049982,-0.043352,0.796464,-0.319191,0.057763,0.28634,0.904863
0.470528,-0.135441,-0.059546,0.86931,0.601104,-0.049912,-0.043307,0.796461,-0.319226,0.057767,0.286341,0.904851
0.470594,-0.135429,-0.059451,0.869284,0.601118,-0.049843,-0.04332,0.796454,-0.319228,0.05778,0.286363,0.904843
0.470609,-0.135475,-0.059448,0.869269,0.601175,-0.049845,-0.043314,0.796411,-0.319247,0.057797,0.286375,0.904832
0.470621,-0.135501,-0.059468,0.869257,0.601163,-0.049853,-0.04338,0.796416,-0.319276,0.057786,0.286352,0.904829
0.470629,-0.135569,-0.059577,0.869234,0.601221,-0.049921,-0.043486,0.796363,-0.319257,0.057762,0.286348,0.904838
0.470671,-0.135609,-0.059672,0.869197,0.601246,-0.049941,-0.043515,0.79634,-0.319243,0.057732,0.286367,0.904838
0.47067,-0.135624,-0.05966,0.869197,0.601223,-0.049936,-0.043501,0.796359,-0.319198,0.057669,0.286443,0.904834
0.470671,-0.135586,-0.059627,0.869204,0.601238,-0.049944,-0.043436,0.796351,-0.319201,0.057677,0.286393,0.904847
0.470678,-0.135551,-0.059495,0.869216,0.601228,-0.050002,-0.043322,0.796361,-0.319169,0.057657,0.286458,0.90484
0.470678,-0.135505,-0.059382,0.869231,0.601194,-0.050016,-0.043224,0.796391,-0.319148,0.05772,0.286493,0.904834
0.470668,-0.135509,-0.059261,0.869244,0.6011,-0.049992,-0.043182,0.796465,-0.319166,0.05776,0.286508,0.904821
0.470612,-0.135572,-0.059161,0.869272,0.600996,-0.050058,-0.043179,0.796539,-0.319208,0.057813,0.28655,0.904792
0.470567,-0.135569,-0.059092,0.869302,0.600946,-0.050051,-0.043115,0.796582,-0.319232,0.057847,0.286664,0.904748
0.470534,-0.135611,-0.059033,0.869318,0.600922,-0.050046,-0.043067,0.796603,-0.319231,0.05788,0.286799,0.904705
0.470533,-0.135604,-0.058912,0.869328,0.600946,-0.050082,-0.042955,0.796588,-0.319235,0.057819,0.286936,0.904664
0.470561,-0.13556,-0.058712,0.869334,0.600953,-0.050073,-0.042809,0.79659,-0.319295,0.057832,0.287116,0.904588
0.470606,-0.135501,-0.05859,0.869328,0.600936,-0.050101,-0.04269,0.796608,-0.31934,0.057868,0.287236,0.904533
0.470631,-0.13545,-0.058503,0.86933,0.600958,-0.050153,-0.042449,0.796601,-0.31936,0.057942,0.287333,0.904493
0.470608,-0.135476,-0.058402,0.869344,0.600973,-0.050176,-0.042189,0.796602,-0.319351,0.058025,0.287325,0.904496
0.470567,-0.135505,-0.058289,0.869369,0.600989,-0.050161,-0.041947,0.796604,-0.319327,0.058153,0.287333,0.904496
0.470543,-0.135496,-0.058155,0.869394,0.60102,-0.050145,-0.041742,0.796592,-0.319335,0.058278,0.28733,0.904488
0.470512,-0.135438,-0.058077,0.869425,0.600993,-0.050139,-0.041648,0.796617,-0.319374,0.058393,0.287406,0.904446
0.470502,-0.135445,-0.058024,0.869433,0.600966,-0.050146,-0.041691,0.796635,-0.319416,0.058463,0.287404,0.904429
0.470455,-0.135405,-0.058002,0.869467,0.600947,-0.050089,-0.041716,0.796652,-0.319502,0.058529,0.287402,0.904397
0.470438,-0.135384,-0.058001,0.869479,0.60089,-0.050125,-0.041805,0.796688,-0.319534,0.058622,0.28741,0.904379
0.470422,-0.13532,-0.058001,0.869498,0.600848,-0.050094,-0.041766,0.796723,-0.319579,0.058701,0.28741,0.90436
0.470399,-0.135246,-0.057998,0.869522,0.600843,-0.050039,-0.041694,0.796734,-0.319594,0.058721,0.287447,0.904343
0.47037,-0.135191,-0.057977,0.869548,0.600851,-0.050034,-0.041616,0.796732,-0.319671,0.058745,0.287417,0.904324
0.470333,-0.135178,-0.057962,0.86957,0.600837,-0.049984,-0.041475,0.796754,-0.319677,0.058781,0.287395,0.904327
0.470316,-0.135088,-0.057892,0.869599,0.600796,-0.049897,-0.041381,0.796794,-0.319709,0.058817,0.287306,0.904341
0.470258,-0.135058,-0.057828,0.869638,0.600768,-0.049863,-0.041368,0.796818,-0.319742,0.058833,0.287274,0.904338
0.470237,-0.135094,-0.057751,0.86965,0.600744,-0.049849,-0.04138,0.796836,-0.319784,0.058825,0.287323,0.904309
0.470193,-0.135175,-0.057702,0.869664,0.600693,-0.049896,-0.041374,0.796872,-0.31984,0.058851,0.28741,0.904261
0.470127,-0.135213,-0.057626,0.8697,0.600645,-0.049944,-0.04131,0.796908,-0.319907,0.058889,0.287525,0.904201
0.470089,-0.13525,-0.057447,0.869727,0.600592,-0.049985,-0.041212,0.79695,-0.319978,0.058884,0.287597,0.904153
0.470033,-0.135282,-0.057326,0.86976,0.600535,-0.049984,-0.041075,0.797001,-0.320037,0.058923,0.287713,0.904095
0.470006,-0.135293,-0.057229,0.86978,0.600478,-0.050026,-0.040961,0.797047,-0.32007,0.058941,0.28774,0.904075
0.469986,-0.135322,-0.057104,0.869795,0.600451,-0.050012,-0.040864,0.797073,-0.320119,0.058952,0.28783,0.90403
0.469919,-0.1354,-0.056987,0.869827,0.600454,-0.050013,-0.04085,0.797071,-0.320182,0.0589,0.287927,0.903981
0.469905,-0.135458,-0.056979,0.869825,0.600415,-0.050037,-0.040808,0.797101,-0.320235,0.05889,0.287933,0.90396
0.469945,-0.135491,-0.056974,0.869799,0.600413,-0.050108,-0.040744,0.797101,-0.320293,0.058869,0.288075,0.903897
0.469975,-0.135533,-0.056982,0.869776,0.600355,-0.050152,-0.040744,0.797142,-0.320314,0.058852,0.288157,0.903865
0.469973,-0.135546,-0.057111,0.869766,0.600363,-0.050174,-0.040813,0.797132,-0.320324,0.058808,0.288205,0.903848
0.469972,-0.135581,-0.057196,0.869755,0.600382,-0.050204,-0.040924,0.797109,-0.320254,0.05874,0.288293,0.90385
0.469995,-0.1356,-0.057314,0.869731,0.60041,-0.050201,-0.041043,0.797082,-0.320193,0.058691,0.288245,0.903888
0.470008,-0.135651,-0.057427,0.869708,0.600437,-0.050163,-0.041221,0.797056,-0.320153,0.058644,0.288188,0.903921
0.470022,-0.135709,-0.057517,0.869686,0.600488,-0.050146,-0.041269,0.797015,-0.32012,0.0586,0.288046,0.903979
0.470033,-0.135665,-0.057533,0.869685,0.600553,-0.050093,-0.041248,0.796971,-0.320126,0.058569,0.287988,0.903996
0.470118,-0.135576,-0.057484,0.869658,0.600625,-0.050082,-0.041199,0.796921,-0.320114,0.058599,0.287893,0.904028
0.470173,-0.135459,-0.057384,0.869653,0.600643,-0.050002,-0.041082,0.796918,-0.320071,0.058596,0.287841,0.904059
0.470206,-0.135438,-0.057283,0.869646,0.60066,-0.050028,-0.04099,0.796908,-0.320025,0.058548,0.28782,0.904084
0.470234,-0.135459,-0.057237,0.869632,0.600672,-0.050038,-0.04095,0.796901,-0.320033,0.058552,0.287804,0.904086
0.470216,-0.135486,-0.05718,0.869641,0.600642,-0.050085,-0.040919,0.796922,-0.320044,0.058582,0.287812,0.904078
0.470243,-0.135551,-0.05717,0.869616,0.600621,-0.050135,-0.040892,0.796936,-0.32003,0.058672,0.287749,0.904098
0.470209,-0.135565,-0.057063,0.86964,0.600629,-0.050105,-0.040855,0.796933,-0.32004,0.058707,0.287745,0.904094
0.470249,-0.135536,-0.056986,0.869629,0.600625,-0.050105,-0.040831,0.796939,-0.320082,0.058747,0.287792,0.904063
0.470267,-0.135526,-0.056943,0.869624,0.600619,-0.050091,-0.040726,0.796949,-0.320087,0.058761,0.287847,0.904044
0.470277,-0.135578,-0.056914,0.869612,0.600633,-0.050169,-0.040682,0.796935,-0.320067,0.058726,0.287952,0.90402
0.470291,-0.135691,-0.056937,0.869585,0.600592,-0.050256,-0.040631,0.796964,-0.320074,0.058743,0.28801,0.904
0.470314,-0.135788,-0.057013,0.869552,0.600611,-0.050305,-0.040636,0.796946,-0.320104,0.058757,0.288034,0.903982
0.4703,-0.13583,-0.057006,0.869554,0.600643,-0.050306,-0.040589,0.796924,-0.320124,0.058779,0.288007,0.903981
0.470239,-0.135808,-0.056924,0.869595,0.600686,-0.050307,-0.040495,0.796897,-0.320094,0.058806,0.288021,0.903987
0.470217,-0.135767,-0.056854,0.869618,0.600699,-0.050295,-0.040349,0.796894,-0.320129,0.058875,0.287999,0.903978
0.470227,-0.135714,-0.056757,0.869628,0.600677,-0.050322,-0.040236,0.796915,-0.32019,0.05896,0.288081,0.903927
0.470176,-0.135726,-0.056635,0.869662,0.600667,-0.050323,-0.040117,0.796929,-0.320248,0.059021,0.288123,0.903892
0.470152,-0.135721,-0.056538,0.869683,0.600677,-0.050288,-0.039987,0.79693,-0.320251,0.059085,0.288135,0.903884
0.47016,-0.135754,-0.056514,0.869675,0.600695,-0.050261,-0.039917,0.796921,-0.320242,0.059134,0.288151,0.903879
0.470131,-0.135753,-0.05649,0.869692,0.600716,-0.050235,-0.039938,0.796906,-0.320323,0.059185,0.288151,0.903849
0.470143,-0.13578,-0.056467,0.869684,0.600725,-0.050189,-0.039965,0.796902,-0.320344,0.059203,0.288166,0.903836
0.470121,-0.135718,-0.05651,0.869703,0.600719,-0.050197,-0.039966,0.796905,-0.320365,0.059219,0.288206,0.903817
0.470098,-0.135596,-0.056483,0.869735,0.600741,-0.05015,-0.039969,0.796891,-0.320395,0.059233,0.288237,0.903795
0.47011,-0.135521,-0.056413,0.869745,0.600741,-0.050117,-0.039931,0.796895,-0.320442,0.059238,0.288292,0.903762
0.470113,-0.135449,-0.056332,0.86976,0.600721,-0.050084,-0.039923,0.796912,-0.320439,0.059278,0.288243,0.903776
0.470148,-0.135421,-0.056256,0.869752,0.600676,-0.050069,-0.039853,0.796952,-0.320437,0.0593,0.288239,0.903777
0.470186,-0.135449,-0.056212,0.869731,0.600637,-0.050097,-0.03983,0.79698,-0.320473,0.059343,0.288192,0.903777
0.470168,-0.135525,-0.056161,0.869731,0.600595,-0.050071,-0.03988,0.79701,-0.320485,0.059348,0.288156,0.903783
0.470135,-0.135608,-0.056141,0.869738,0.600574,-0.050035,-0.039879,0.797028,-0.320482,0.059389,0.288133,0.90379
0.470127,-0.135649,-0.056195,0.869732,0.600558,-0.04998,-0.039853,0.797046,-0.32054,0.059433,0.288071,0.903787
0.470083,-0.135635,-0.056144,0.869761,0.600536,-0.049973,-0.039844,0.797063,-0.320562,0.05939,0.288129,0.903762
0.470044,-0.135599,-0.056164,0.869787,0.60057,-0.050009,-0.039746,0.79704,-0.320592,0.059372,0.288197,0.903732
0.470051,-0.135546,-0.056062,0.869798,0.600594,-0.049999,-0.039653,0.797027,-0.320647,0.059355,0.288239,0.9037
0.470096,-0.135447,-0.055961,0.869796,0.600665,-0.049988,-0.039518,0.796981,-0.320657,0.059335,0.28821,0.903707
0.470092,-0.135466,-0.055923,0.869798,0.600687,-0.049999,-0.039405,0.79697,-0.320646,0.059292,0.288238,0.903703
0.47008,-0.135525,-0.055908,0.869797,0.600716,-0.050009,-0.039338,0.79695,-0.320727,0.059345,0.28823,0.903675
0.470069,-0.135579,-0.055953,0.86979,0.600707,-0.050049,-0.039307,0.796956,-0.320756,0.059346,0.288222,0.903667
0.470061,-0.135616,-0.055948,0.869789,0.600705,-0.050078,-0.039284,0.796956,-0.320776,0.059425,0.288261,0.903645
0.470008,-0.135664,-0.055958,0.86981,0.600698,-0.050055,-0.039284,0.796964,-0.320777,0.059448,0.288252,0.903646
0.469945,-0.135699,-0.055916,0.869841,0.600665,-0.050017,-0.039295,0.79699,-0.320804,0.059466,0.288245,0.903639
0.46989,-0.135792,-0.055923,0.869855,0.600593,-0.050009,-0.039306,0.797044,-0.320799,0.059476,0.28832,0.903616
0.469916,-0.135813,-0.055947,0.869836,0.600573,-0.04997,-0.039341,0.79706,-0.320822,0.059455,0.288409,0.903581
0.469895,-0.135813,-0.055942,0.869847,0.600547,-0.049982,-0.039425,0.797074,-0.320859,0.059377,0.288499,0.903545
0.46991,-0.135817,-0.056002,0.869835,0.600535,-0.049999,-0.039531,0.797076,-0.320911,0.059329,0.288478,0.903535
0.469912,-0.13579,-0.056081,0.869832,0.600482,-0.050049,-0.039565,0.797112,-0.320932,0.059229,0.288501,0.903525
0.469886,-0.135755,-0.056129,0.869848,0.60042,-0.050049,-0.039526,0.79716,-0.320989,0.059161,0.288464,0.903519
0.469826,-0.135728,-0.056139,0.869884,0.600405,-0.049996,-0.039453,0.797179,-0.321005,0.059137,0.288443,0.903521
0.469773,-0.135688,-0.056104,0.869922,0.600357,-0.049901,-0.039382,0.797225,-0.321055,0.059105,0.288402,0.903517
0.469735,-0.135615,-0.056041,0.869957,0.600343,-0.049816,-0.039353,0.797242,-0.321021,0.059064,0.288449,0.903517
0.469708,-0.135578,-0.056016,0.869979,0.600304,-0.049797,-0.039392,0.79727,-0.321046,0.058994,0.288494,0.903496
0.469673,-0.135609,-0.05595,0.869998,0.600214,-0.049791,-0.039429,0.797337,-0.321025,0.058893,0.288547,0.903492
0.469662,-0.135673,-0.055923,0.869996,0.600131,-0.049842,-0.039515,0.797391,-0.321069,0.058854,0.288611,0.903459
0.469656,-0.135736,-0.055921,0.869989,0.60009,-0.049901,-0.03952,0.797418,-0.321037,0.058848,0.288596,0.903475
0.469681,-0.135733,-0.055915,0.869976,0.600055,-0.049992,-0.039472,0.797441,-0.321043,0.058852,0.288582,0.903477
0.469683,-0.135774,-0.055916,0.869969,0.600055,-0.05004,-0.039372,0.797442,-0.321086,0.058789,0.288629,0.90345
0.469699,-0.135738,-0.055844,0.869971,0.600054,-0.050048,-0.03934,0.797444,-0.321135,0.05875,0.288649,0.903428
0.469658,-0.135708,-0.055733,0.870006,0.600065,-0.050041,-0.039282,0.797439,-0.321177,0.058787,0.288676,0.903403
0.469644,-0.135705,-0.055689,0.870017,0.600045,-0.050003,-0.039255,0.797457,-0.321185,0.058771,0.288742,0.903381
0.469651,-0.135743,-0.055667,0.870008,0.600018,-0.049942,-0.039215,0.797484,-0.321204,0.058772,0.288858,0.903338
0.469616,-0.135777,-0.055606,0.870026,0.599989,-0.049857,-0.039188,0.797513,-0.321202,0.058793,0.288915,0.903321
0.469568,-0.135723,-0.055579,0.870062,0.599968,-0.049826,-0.039094,0.797534,-0.321237,0.058795,0.288918,0.903307
0.469605,-0.135631,-0.055528,0.87006,0.599999,-0.049828,-0.038999,0.797515,-0.321281,0.058856,0.28895,0.903279
0.469632,-0.135574,-0.055419,0.870062,0.599952,-0.04981,-0.038874,0.797558,-0.321374,0.058915,0.28897,0.903237
0.469576,-0.13546,-0.055272,0.87012,0.59989,-0.049799,-0.038765,0.797611,-0.321468,0.058976,0.288947,0.903209
0.469557,-0.135359,-0.055199,0.870151,0.59984,-0.049776,-0.038661,0.797653,-0.321515,0.0591,0.288949,0.903186
0.469524,-0.135301,-0.055125,0.870183,0.599742,-0.049772,-0.038606,0.79773,-0.321537,0.05923,0.288904,0.903185
0.469504,-0.135264,-0.055081,0.870202,0.599671,-0.049794,-0.03857,0.797783,-0.321615,0.059322,0.288921,0.903149
0.469454,-0.13521,-0.055092,0.870236,0.599622,-0.049783,-0.038586,0.797821,-0.321635,0.059367,0.288966,0.903126
0.469432,-0.135203,-0.055116,0.870248,0.599592,-0.049753,-0.038649,0.797843,-0.321693,0.059367,0.288981,0.903101
0.469403,-0.135141,-0.05509,0.870275,0.599628,-0.049727,-0.038613,0.797818,-0.321681,0.059408,0.289,0.903097
0.469387,-0.135033,-0.055052,0.870302,0.599676,-0.049614,-0.038511,0.797795,-0.321711,0.059492,0.289028,0.903075
0.469413,-0.134942,-0.054965,0.87031,0.599772,-0.049524,-0.038374,0.797735,-0.321741,0.059538,0.288955,0.903085
0.4694,-0.134923,-0.054901,0.870323,0.599798,-0.049504,-0.03827,0.79772,-0.321785,0.059604,0.288835,0.903103
0.469356,-0.134881,-0.054844,0.870357,0.599749,-0.049492,-0.038171,0.797763,-0.321796,0.059674,0.288756,0.90312
0.469347,-0.134909,-0.054848,0.870358,0.59972,-0.049527,-0.038127,0.797785,-0.321799,0.05969,0.288721,0.90313
0.469319,-0.134988,-0.054847,0.87036,0.59963,-0.049562,-0.038142,0.797849,-0.321811,0.059734,0.288775,0.903107
0.469249,-0.135091,-0.054808,0.870384,0.599566,-0.049544,-0.038289,0.797892,-0.321846,0.059841,0.288848,0.903067
0.469218,-0.135093,-0.054748,0.870404,0.599532,-0.049555,-0.038318,0.797915,-0.321898,0.05986,0.28891,0.903029
0.469178,-0.135087,-0.054697,0.87043,0.599495,-0.049604,-0.038322,0.79794,-0.321956,0.059904,0.289025,0.90297
0.469134,-0.135061,-0.054582,0.870466,0.599461,-0.049679,-0.038229,0.797964,-0.321981,0.059889,0.289183,0.902913
0.469155,-0.135016,-0.054493,0.870467,0.59948,-0.049727,-0.03807,0.797955,-0.32203,0.059905,0.289288,0.902863
0.469152,-0.134894,-0.054336,0.870499,0.599488,-0.04972,-0.037955,0.797955,-0.322071,0.059968,0.289382,0.902816
0.469179,-0.134898,-0.054185,0.870493,0.599565,-0.049692,-0.037789,0.797907,-0.322087,0.060037,0.289437,0.902791
0.469216,-0.13492,-0.054116,0.870475,0.599628,-0.049637,-0.037732,0.797865,-0.322115,0.060062,0.289531,0.902751
0.469268,-0.135009,-0.05408,0.870435,0.599691,-0.04964,-0.037672,0.797821,-0.322078,0.060044,0.289573,0.902751
0.469277,-0.135088,-0.054078,0.870419,0.599686,-0.049691,-0.037693,0.797821,-0.322047,0.060017,0.289611,0.902752
0.469297,-0.135239,-0.054114,0.870382,0.599692,-0.04974,-0.037757,0.79781,-0.322043,0.059976,0.289576,0.902766
0.469351,-0.135363,-0.054108,0.870334,0.599707,-0.049807,-0.037846,0.79779,-0.322065,0.059924,0.289577,0.90276
0.469444,-0.135436,-0.054099,0.870274,0.599753,-0.049881,-0.03793,0.797747,-0.322047,0.059893,0.289585,0.902766
0.469518,-0.13541,-0.054059,0.870241,0.599788,-0.049963,-0.037937,0.797716,-0.322001,0.059921,0.289564,0.902787
0.469602,-0.13543,-0.054035,0.870194,0.599839,-0.05004,-0.037872,0.797677,-0.322003,0.059887,0.289616,0.902772
0.469645,-0.135475,-0.054005,0.870167,0.599885,-0.050142,-0.03777,0.797639,-0.321979,0.059842,0.28965,0.902771
0.46964,-0.135506,-0.053982,0.870165,0.599882,-0.050148,-0.037699,0.797644,-0.321949,0.059843,0.289639,0.902786
0.469602,-0.13555,-0.053978,0.87018,0.599866,-0.050213,-0.037693,0.797654,-0.321887,0.059786,0.289697,0.902792
0.469608,-0.135658,-0.054024,0.870157,0.599819,-0.050257,-0.037737,0.797684,-0.321834,0.059739,0.289725,0.902805
0.469618,-0.135725,-0.054116,0.870134,0.599809,-0.050327,-0.037858,0.79768,-0.321825,0.059687,0.289795,0.902788
0.469575,-0.135785,-0.054203,0.870142,0.599827,-0.050366,-0.037948,0.797661,-0.321817,0.059609,0.289814,0.902789
0.469587,-0.135793,-0.054293,0.870128,0.599849,-0.050413,-0.037956,0.797641,-0.321839,0.059543,0.289903,0.902757
0.469584,-0.135761,-0.054287,0.870135,0.599892,-0.050383,-0.037908,0.797613,-0.321814,0.059515,0.289903,0.902766
0.469598,-0.135766,-0.05432,0.870125,0.599861,-0.05032,-0.037892,0.797641,-0.32183,0.059485,0.289917,0.902758
0.469579,-0.135816,-0.054398,0.870121,0.599834,-0.05027,-0.037998,0.79766,-0.321825,0.059405,0.289903,0.902767
0.469559,-0.135885,-0.05449,0.870115,0.599837,-0.050253,-0.038073,0.797655,-0.321836,0.059298,0.289914,0.902764
0.469535,-0.136023,-0.05462,0.870098,0.59982,-0.050315,-0.038236,0.797655,-0.321816,0.059231,0.28992,0.902773
0.469498,-0.136167,-0.054703,0.870089,0.599708,-0.050415,-0.038411,0.797725,-0.321837,0.059155,0.289925,0.902767
0.469409,-0.136245,-0.054797,0.870118,0.599621,-0.050484,-0.038493,0.797782,-0.321813,0.059135,0.289916,0.90278
0.469415,-0.136214,-0.05479,0.870121,0.599573,-0.050547,-0.038512,0.797812,-0.321807,0.059045,0.289933,0.90278
0.469414,-0.136147,-0.054689,0.870139,0.599537,-0.050576,-0.038441,0.797842,-0.321817,0.058978,0.289981,0.902765
0.469441,-0.136077,-0.054529,0.870146,0.59954,-0.05057,-0.038304,0.797846,-0.321804,0.058957,0.290072,0.902742
0.469482,-0.136035,-0.0544,0.870138,0.599578,-0.0506,-0.038147,0.797824,-0.321826,0.059007,0.290086,0.902728
0.469473,-0.136023,-0.054248,0.870156,0.599664,-0.050569,-0.037933,0.79777,-0.32186,0.059012,0.290123,0.902704
0.469477,-0.136033,-0.054159,0.870158,0.599707,-0.050614,-0.037812,0.797741,-0.321908,0.059036,0.290194,0.902664
0.469531,-0.136103,-0.054102,0.870122,0.599779,-0.050689,-0.037839,0.797681,-0.321902,0.059079,0.290275,0.902639
0.469615,-0.136176,-0.05409,0.870066,0.599799,-0.0508,-0.037878,0.797657,-0.321902,0.059137,0.290292,0.902631
0.46968,-0.13623,-0.054034,0.870027,0.59982,-0.050846,-0.037826,0.797641,-0.321906,0.0592,0.29033,0.902615
0.469681,-0.136258,-0.054002,0.870024,0.599835,-0.05084,-0.037697,0.797637,-0.321904,0.059237,0.290368,0.902602
0.469705,-0.136239,-0.053919,0.870019,0.599868,-0.050819,-0.037642,0.797616,-0.321902,0.059252,0.290384,0.902598
0.469731,-0.136204,-0.053873,0.870015,0.599901,-0.050743,-0.037557,0.7976,-0.321912,0.059257,0.290492,0.90256
0.469786,-0.136079,-0.053798,0.87001,0.599983,-0.0507,-0.037565,0.797541,-0.321885,0.059297,0.290452,0.902581
0.4698,-0.136035,-0.053803,0.870008,0.600053,-0.050695,-0.037595,0.797488,-0.321865,0.059297,0.290507,0.90257
0.469816,-0.136019,-0.053852,0.87,0.60012,-0.050615,-0.03763,0.797441,-0.321886,0.059335,0.2905,0.902564
0.46987,-0.135983,-0.053908,0.869973,0.600136,-0.050551,-0.037674,0.797431,-0.321916,0.059376,0.290452,0.902566
0.469873,-0.135912,-0.053971,0.869978,0.600106,-0.050485,-0.037729,0.797454,-0.32193,0.059406,0.290365,0.902587
0.469841,-0.135854,-0.053986,0.870003,0.60011,-0.050359,-0.037806,0.797456,-0.321888,0.059412,0.290205,0.902651
0.469878,-0.135799,-0.054102,0.869984,0.600124,-0.050209,-0.037852,0.797453,-0.321845,0.059397,0.290101,0.902699
0.469874,-0.135795,-0.054232,0.869979,0.600143,-0.050077,-0.0379,0.797444,-0.321837,0.059388,0.290004,0.902733
0.469915,-0.135783,-0.054286,0.869954,0.600194,-0.049974,-0.038,0.797408,-0.321828,0.059366,0.289932,0.902759
0.469915,-0.135738,-0.054298,0.86996,0.600243,-0.049873,-0.038127,0.797371,-0.321865,0.059281,0.289871,0.902768
0.469871,-0.135705,-0.05436,0.869985,0.600197,-0.049829,-0.03831,0.7974,-0.321869,0.059233,0.289791,0.902794
0.469895,-0.135738,-0.054428,0.869963,0.600163,-0.049859,-0.038524,0.797413,-0.321827,0.059215,0.289802,0.902806
0.469894,-0.135807,-0.05454,0.869945,0.600112,-0.049905,-0.038628,0.797444,-0.321822,0.059123,0.289851,0.902797
0.469913,-0.135863,-0.054629,0.86992,0.600061,-0.050017,-0.038701,0.797472,-0.321778,0.059051,0.289865,0.902811
0.469964,-0.13589,-0.054715,0.869883,0.600069,-0.050096,-0.038753,0.797458,-0.321771,0.058963,0.289868,0.902817
0.46996,-0.1359,-0.054684,0.869886,0.600106,-0.05014,-0.038759,0.797427,-0.321728,0.058896,0.289872,0.902834
0.469998,-0.135939,-0.054694,0.869858,0.600142,-0.050171,-0.038731,0.7974,-0.321704,0.05888,0.289829,0.902856
0.470042,-0.136005,-0.054669,0.869825,0.600153,-0.050249,-0.038632,0.797391,-0.321681,0.058864,0.289803,0.902873
0.470066,-0.13609,-0.054617,0.869803,0.600166,-0.050287,-0.038633,0.79738,-0.32166,0.058828,0.289829,0.902874
0.470058,-0.136227,-0.054589,0.869787,0.600185,-0.050337,-0.038635,0.797362,-0.321645,0.058806,0.28983,0.90288
0.470027,-0.136321,-0.054654,0.869785,0.600212,-0.05041,-0.038638,0.797337,-0.321614,0.058765,0.289876,0.902878
0.470053,-0.13644,-0.054709,0.869748,0.600221,-0.050541,-0.038617,0.797324,-0.321586,0.058664,0.2899,0.902886
0.470053,-0.136546,-0.054709,0.869732,0.60027,-0.050676,-0.038587,0.797278,-0.321561,0.058676,0.289957,0.902876
0.470075,-0.136615,-0.054702,0.86971,0.600279,-0.05078,-0.038571,0.797266,-0.321517,0.058623,0.290015,0.902876
0.470114,-0.136669,-0.054687,0.869681,0.600316,-0.050807,-0.03857,0.797237,-0.321491,0.058559,0.290154,0.902845
0.47013,-0.136708,-0.054677,0.869667,0.600349,-0.050849,-0.03859,0.797208,-0.321445,0.058505,0.290191,0.902852
0.470148,-0.136736,-0.054733,0.86965,0.600369,-0.050843,-0.038521,0.797197,-0.321467,0.058465,0.290173,0.902851
0.470205,-0.136792,-0.054742,0.86961,0.600415,-0.050843,-0.038523,0.797163,-0.321486,0.058485,0.290111,0.902863
0.470268,-0.136852,-0.054739,0.869567,0.600428,-0.050824,-0.03854,0.797153,-0.321479,0.058418,0.2901,0.902872
0.470263,-0.136902,-0.054743,0.86956,0.600442,-0.050786,-0.038594,0.797142,-0.321479,0.058353,0.290111,0.902871
0.470301,-0.13694,-0.054734,0.869535,0.600475,-0.05071,-0.038683,0.797119,-0.321551,0.058381,0.290096,0.902849
0.470337,-0.13696,-0.054714,0.869514,0.600508,-0.050664,-0.038779,0.797091,-0.32153,0.058423,0.290064,0.902865
0.470375,-0.137057,-0.054762,0.869474,0.60056,-0.050691,-0.038843,0.797048,-0.32154,0.058446,0.289977,0.902887
0.470396,-0.137028,-0.054799,0.869465,0.600591,-0.050728,-0.038875,0.797021,-0.321492,0.058422,0.289916,0.902924
0.470404,-0.137073,-0.054773,0.869456,0.600588,-0.050777,-0.038776,0.797025,-0.321507,0.0584,0.289925,0.902917
0.470378,-0.137042,-0.054709,0.869479,0.600556,-0.050754,-0.038668,0.797055,-0.321516,0.058395,0.289967,0.902901
0.470344,-0.136998,-0.054525,0.869517,0.600504,-0.050735,-0.038512,0.797103,-0.321521,0.058525,0.289994,0.902885
0.470307,-0.137005,-0.054315,0.86955,0.600517,-0.050732,-0.038313,0.797103,-0.321583,0.058658,0.29007,0.902834
0.470304,-0.136991,-0.054109,0.869567,0.600402,-0.050817,-0.038153,0.797192,-0.321653,0.058795,0.290168,0.902773
0.470286,-0.136946,-0.053908,0.869598,0.600326,-0.0509,-0.037952,0.797253,-0.321712,0.058897,0.290293,0.902709
0.470225,-0.136937,-0.053712,0.869644,0.600237,-0.050949,-0.037797,0.797324,-0.321706,0.059015,0.290455,0.902655
0.470152,-0.136986,-0.053597,0.869683,0.600175,-0.051008,-0.03768,0.797372,-0.321729,0.059123,0.29054,0.902616
0.47011,-0.136988,-0.05348,0.869713,0.600171,-0.05101,-0.03749,0.797383,-0.321775,0.059264,0.290631,0.902565
0.470016,-0.137001,-0.053387,0.869768,0.600164,-0.050998,-0.037368,0.797395,-0.321812,0.059357,0.29079,0.902499
0.470027,-0.136941,-0.053298,0.869778,0.60015,-0.05097,-0.037313,0.79741,-0.321854,0.059461,0.29089,0.902448
0.470023,-0.136892,-0.053261,0.86979,0.600154,-0.050905,-0.037226,0.797415,-0.321843,0.059558,0.290941,0.902431
0.470001,-0.136816,-0.053216,0.869817,0.600126,-0.050898,-0.037178,0.797439,-0.321833,0.059658,0.29105,0.902397
0.469977,-0.136816,-0.053287,0.869825,0.600105,-0.050812,-0.037187,0.79746,-0.321792,0.059686,0.291073,0.902403
0.469985,-0.13678,-0.05334,0.869824,0.600129,-0.050771,-0.037203,0.797444,-0.321865,0.059747,0.291038,0.902385
0.469967,-0.13672,-0.053391,0.869838,0.600125,-0.050721,-0.037206,0.797449,-0.321885,0.059756,0.291031,0.902381
0.469997,-0.136626,-0.053351,0.86984,0.600108,-0.050623,-0.037155,0.797471,-0.321939,0.059772,0.291054,0.902353
0.470024,-0.13657,-0.053308,0.869837,0.600129,-0.050548,-0.037135,0.797461,-0.321977,0.059819,0.290995,0.902356
0.470008,-0.136577,-0.053318,0.869844,0.600144,-0.050501,-0.0372,0.797449,-0.321989,0.059884,0.290936,0.902367
0.469966,-0.13662,-0.053424,0.869853,0.6001,-0.050457,-0.037309,0.79748,-0.322008,0.059889,0.290947,0.902357
0.469952,-0.136725,-0.05358,0.869834,0.600085,-0.050433,-0.037393,0.797489,-0.322032,0.059866,0.291004,0.902331
0.469924,-0.136781,-0.053768,0.869827,0.600126,-0.050461,-0.037453,0.797454,-0.32203,0.05987,0.291058,0.902315
0.469931,-0.136822,-0.053863,0.869811,0.600142,-0.050502,-0.03747,0.797439,-0.322003,0.059845,0.291086,0.902317
0.469941694620046,-0.136803951909477,-0.0538247225685786,0.869810500599904,0.6001742149725,-0.0504995,-0.0374572759391771,0.797414035869565,-0.321972351335768,0.0598021104542793,0.291126192009541,0.902318619565217
0.46996,-0.136767,-0.053765,0.86981,0.600218,-0.050497,-0.037424,0.797383,-0.321943,0.059758,0.291153,0.902321
0.470013,-0.136713,-0.053726,0.869793,0.60027,-0.050509,-0.037313,0.797349,-0.32192,0.05973,0.291155,0.90233
0.470056,-0.13673,-0.053704,0.869768,0.600367,-0.050471,-0.037255,0.797282,-0.321875,0.059726,0.291124,0.902356
0.470074,-0.136777,-0.053759,0.869748,0.60045,-0.050572,-0.037281,0.797212,-0.321846,0.059713,0.291115,0.902369
0.470095,-0.136881,-0.053877,0.869712,0.600518,-0.050639,-0.03743,0.79715,-0.321848,0.05969,0.291092,0.902377
0.470072,-0.13702,-0.053984,0.869696,0.600592,-0.050688,-0.037541,0.797086,-0.321819,0.059558,0.291024,0.902415
0.470075,-0.137139,-0.054069,0.86967,0.600596,-0.050729,-0.037612,0.797077,-0.321804,0.059474,0.290952,0.902446
0.470115,-0.137251,-0.054111,0.869628,0.600646,-0.050757,-0.03765,0.797036,-0.32173,0.059367,0.290954,0.902476
0.470147,-0.137308,-0.054118,0.8696,0.600687,-0.050877,-0.037639,0.796998,-0.321734,0.059234,0.290894,0.9025
0.470204,-0.137398,-0.054112,0.869556,0.600747,-0.050999,-0.037529,0.796951,-0.321732,0.059138,0.29087,0.902512
0.470263,-0.137471,-0.054066,0.869516,0.600832,-0.051099,-0.037446,0.796884,-0.321671,0.059079,0.290901,0.902527
0.470261,-0.137505,-0.05399,0.869517,0.60085,-0.051153,-0.03735,0.796872,-0.321663,0.059004,0.291015,0.902497
0.470283,-0.137489,-0.053871,0.869516,0.600865,-0.051175,-0.037305,0.796862,-0.32168,0.05901,0.291119,0.902458
0.470277,-0.137499,-0.0538,0.869522,0.600897,-0.051243,-0.037257,0.796835,-0.321659,0.058973,0.291295,0.902412
0.470317,-0.137494,-0.053806,0.869501,0.600942,-0.051353,-0.037212,0.796796,-0.321669,0.058946,0.291342,0.902396
0.47031,-0.137543,-0.053809,0.869497,0.600957,-0.051378,-0.037132,0.796787,-0.321671,0.058891,0.291371,0.902388
0.470272,-0.137532,-0.053791,0.869519,0.600961,-0.051405,-0.03714,0.796782,-0.321678,0.058867,0.291409,0.902375
0.47028,-0.137575,-0.053825,0.869506,0.600988,-0.05141,-0.037183,0.796758,-0.32167,0.058866,0.291375,0.902388
0.470318,-0.137512,-0.053897,0.869491,0.600972,-0.051404,-0.037313,0.796766,-0.321623,0.058883,0.291321,0.90242
0.470332,-0.137499,-0.053958,0.869481,0.600967,-0.051414,-0.037514,0.79676,-0.32157,0.058893,0.291256,0.90246
0.470383,-0.137484,-0.054021,0.869452,0.600994,-0.051422,-0.037609,0.796734,-0.321547,0.058921,0.291233,0.902474
0.470386,-0.137524,-0.054008,0.869446,0.600978,-0.051356,-0.03762,0.79675,-0.321518,0.058934,0.291186,0.902497
0.470371,-0.137481,-0.053996,0.86946,0.601026,-0.051299,-0.037545,0.79672,-0.321483,0.05893,0.291154,0.90252
0.470406,-0.137393,-0.053947,0.86946,0.601022,-0.051217,-0.037514,0.796731,-0.321417,0.058899,0.291195,0.902532
0.47042,-0.137286,-0.053887,0.869474,0.601044,-0.051152,-0.037466,0.796721,-0.32141,0.058878,0.29123,0.902526
0.470455,-0.137277,-0.053861,0.869457,0.601052,-0.051126,-0.037442,0.796718,-0.321435,0.058903,0.291317,0.902488
0.470465,-0.137305,-0.053797,0.869452,0.60105,-0.05112,-0.03743,0.79672,-0.321368,0.059012,0.291367,0.902491
0.470482,-0.13732,-0.053733,0.869445,0.601053,-0.051116,-0.037322,0.796723,-0.321383,0.059074,0.291364,0.902484
0.470501,-0.137315,-0.053706,0.869437,0.601095,-0.051078,-0.037175,0.7967,-0.321427,0.059083,0.291357,0.90247
0.470563,-0.137272,-0.053633,0.869415,0.601135,-0.051105,-0.037049,0.796674,-0.321439,0.059163,0.291358,0.902462
0.470654,-0.137165,-0.053519,0.869392,0.601205,-0.051144,-0.036834,0.796629,-0.321457,0.059236,0.291431,0.90243
0.470734,-0.137059,-0.053347,0.869376,0.601284,-0.051106,-0.036644,0.796581,-0.32151,0.059227,0.291548,0.902375
0.470813,-0.137035,-0.053293,0.869342,0.601317,-0.051045,-0.036652,0.796559,-0.321517,0.059289,0.291568,0.902363
0.47082,-0.137071,-0.05338,0.869327,0.601358,-0.051014,-0.036758,0.796526,-0.321486,0.059306,0.291494,0.902397
0.470842,-0.137116,-0.053478,0.869301,0.601397,-0.051032,-0.036843,0.796491,-0.321509,0.059317,0.291493,0.902389
0.470836,-0.137232,-0.053627,0.869276,0.601426,-0.051103,-0.036979,0.796459,-0.32147,0.059283,0.291492,0.902404
0.470814,-0.137316,-0.053709,0.869269,0.601435,-0.051091,-0.037055,0.79645,-0.321425,0.059266,0.291424,0.902442
0.470798,-0.137336,-0.053742,0.869272,0.601431,-0.051097,-0.037098,0.79645,-0.321426,0.059246,0.291335,0.902471
0.470802,-0.137305,-0.053678,0.869279,0.601451,-0.05098,-0.037102,0.796443,-0.32146,0.059243,0.291275,0.902477
0.470797,-0.137267,-0.053592,0.869293,0.601454,-0.05097,-0.037106,0.796441,-0.321498,0.059271,0.291191,0.902489
0.470783,-0.137286,-0.053658,0.869293,0.60139,-0.050959,-0.037158,0.796487,-0.321515,0.059248,0.291138,0.902499
0.470756,-0.137408,-0.053742,0.869283,0.601381,-0.05107,-0.037138,0.796487,-0.321526,0.059219,0.291097,0.902511
0.470722,-0.137466,-0.053883,0.869282,0.601382,-0.051145,-0.037168,0.796482,-0.321554,0.059148,0.2911,0.902503
0.470649,-0.137547,-0.053959,0.869304,0.601357,-0.051205,-0.037222,0.796493,-0.321569,0.059054,0.291209,0.902468
0.470611,-0.137593,-0.054049,0.86931,0.601311,-0.051195,-0.037256,0.796527,-0.321572,0.058994,0.291194,0.902474
0.470601,-0.13765,-0.054136,0.869302,0.601263,-0.051235,-0.037373,0.796555,-0.321601,0.058968,0.291274,0.90244
0.470549,-0.137696,-0.054226,0.869316,0.601192,-0.051233,-0.037438,0.796605,-0.321608,0.058902,0.291264,0.902443
0.470527,-0.137714,-0.054288,0.869321,0.601102,-0.051254,-0.037499,0.796669,-0.321576,0.058801,0.291265,0.902459
0.470476,-0.137748,-0.054324,0.86934,0.601017,-0.051279,-0.037563,0.796729,-0.321567,0.058756,0.29127,0.902462
0.470371,-0.137805,-0.054344,0.869386,0.60102,-0.051302,-0.037551,0.796725,-0.321593,0.058688,0.291206,0.902476
0.470337,-0.137758,-0.054278,0.869416,0.601035,-0.051269,-0.037499,0.796718,-0.321584,0.058687,0.291203,0.90248
0.470327,-0.137693,-0.054204,0.869438,0.601042,-0.051179,-0.037399,0.796723,-0.32156,0.058723,0.291197,0.902489
0.470337,-0.137644,-0.054094,0.869446,0.601094,-0.051183,-0.037322,0.796688,-0.321595,0.058702,0.291146,0.902494
0.470387,-0.137645,-0.054036,0.869423,0.601178,-0.051134,-0.037338,0.796627,-0.32165,0.05864,0.291203,0.902458
0.47046,-0.137682,-0.054082,0.869375,0.601247,-0.051137,-0.037425,0.796571,-0.321694,0.05862,0.291192,0.902447
0.470459,-0.137734,-0.054179,0.869361,0.601306,-0.051197,-0.037523,0.796517,-0.321712,0.058518,0.291189,0.902446
0.470514,-0.13781,-0.054265,0.869314,0.601364,-0.051204,-0.037676,0.796466,-0.321711,0.058466,0.29121,0.902442
0.470554,-0.137873,-0.054335,0.869278,0.601424,-0.051189,-0.037738,0.79642,-0.321675,0.058371,0.291163,0.902474
0.470554,-0.137857,-0.054333,0.869281,0.601508,-0.051179,-0.037864,0.796351,-0.321682,0.058316,0.291146,0.902479
0.470596,-0.137791,-0.054348,0.869267,0.601499,-0.05114,-0.037937,0.796357,-0.321647,0.058297,0.291108,0.902504
0.470608,-0.137794,-0.054319,0.869263,0.601493,-0.051077,-0.037999,0.796363,-0.321676,0.058289,0.291115,0.902491
0.470592,-0.137849,-0.054314,0.869262,0.601521,-0.050989,-0.038017,0.796346,-0.321684,0.058298,0.291121,0.902486
0.470543,-0.137855,-0.054274,0.86929,0.601552,-0.050964,-0.038069,0.796322,-0.321699,0.058273,0.291057,0.902502
0.47054,-0.137844,-0.054278,0.869294,0.60157,-0.050966,-0.038011,0.796311,-0.32171,0.058282,0.290991,0.902519
0.470523,-0.137888,-0.054202,0.869301,0.601511,-0.051048,-0.037928,0.796354,-0.321771,0.058317,0.290939,0.902512
0.470482,-0.137896,-0.054174,0.869323,0.601481,-0.05114,-0.037898,0.796373,-0.321804,0.058353,0.290929,0.902502
0.470431,-0.137843,-0.054157,0.869361,0.601408,-0.051223,-0.037879,0.796423,-0.321822,0.058354,0.290965,0.902485
0.470392,-0.137881,-0.05413,0.869377,0.601416,-0.051316,-0.037969,0.796407,-0.321843,0.058363,0.290957,0.902478
0.470343,-0.137943,-0.054125,0.869394,0.60135,-0.051366,-0.037991,0.796452,-0.321936,0.058351,0.290942,0.902451
0.470268,-0.137982,-0.054086,0.86943,0.601304,-0.051373,-0.037989,0.796486,-0.322005,0.058342,0.291002,0.902409
0.470208,-0.137952,-0.053982,0.869475,0.601282,-0.05136,-0.037914,0.796507,-0.322046,0.058351,0.291108,0.90236
0.470083,-0.13789,-0.053905,0.869556,0.601214,-0.051348,-0.037784,0.796565,-0.32209,0.05828,0.291205,0.902317
0.47001,-0.137866,-0.053765,0.869609,0.601094,-0.051385,-0.037721,0.796657,-0.322132,0.058225,0.29134,0.902263
0.46993,-0.137839,-0.05367,0.869663,0.600978,-0.051413,-0.037649,0.796745,-0.322221,0.058241,0.291444,0.902198
0.469862,-0.13784,-0.053648,0.8697,0.600845,-0.051426,-0.037585,0.796847,-0.322272,0.058262,0.29155,0.902146
0.469652,-0.137854,-0.053649,0.86981,0.600704,-0.051434,-0.037554,0.796954,-0.322313,0.058314,0.291646,0.9021
0.469587,-0.13782,-0.05359,0.869853,0.600535,-0.051381,-0.037519,0.797085,-0.322406,0.058367,0.291635,0.902067
0.469543,-0.137753,-0.053546,0.869892,0.600437,-0.051362,-0.03748,0.797162,-0.322457,0.058409,0.291641,0.902045
0.46951,-0.137647,-0.053473,0.869931,0.600381,-0.051333,-0.037427,0.797208,-0.322505,0.058431,0.291687,0.902013
0.469392,-0.137523,-0.053422,0.870017,0.600346,-0.051184,-0.037385,0.797246,-0.322587,0.05846,0.291716,0.901974
0.469376,-0.137409,-0.05343,0.870043,0.600308,-0.051044,-0.037421,0.797281,-0.32261,0.058433,0.291756,0.901954
0.469394,-0.137364,-0.053452,0.870039,0.600296,-0.050988,-0.037511,0.797291,-0.322633,0.058446,0.291763,0.901943
0.469417,-0.137368,-0.053536,0.870021,0.600281,-0.051011,-0.037594,0.797297,-0.32265,0.058477,0.291672,0.901965
0.469369,-0.137436,-0.053628,0.87003,0.600286,-0.051021,-0.037676,0.797288,-0.32266,0.058488,0.291609,0.90198
0.469413,-0.137521,-0.0537,0.869987,0.600313,-0.050985,-0.037731,0.797267,-0.32263,0.058484,0.291515,0.90202
0.46949,-0.13757,-0.053747,0.869935,0.600346,-0.050998,-0.037748,0.797241,-0.322572,0.0585,0.291403,0.902076
0.469583,-0.137604,-0.053811,0.869876,0.600439,-0.05103,-0.037834,0.797166,-0.322529,0.058498,0.291334,0.902112
0.469596,-0.137614,-0.053887,0.869862,0.600508,-0.051002,-0.037915,0.797112,-0.322482,0.058411,0.291326,0.902135
0.469678,-0.137639,-0.053935,0.869811,0.600615,-0.050961,-0.038045,0.797028,-0.322445,0.058319,0.291321,0.902154
0.469772,-0.13761,-0.053972,0.869763,0.600718,-0.050942,-0.038111,0.796949,-0.322342,0.058234,0.291299,0.902201
0.469813,-0.137614,-0.053965,0.869742,0.600805,-0.050902,-0.038135,0.796885,-0.322229,0.058148,0.29125,0.90226
0.469806,-0.137627,-0.053998,0.86974,0.600902,-0.05091,-0.038144,0.796811,-0.322139,0.058082,0.291198,0.902311
0.469821,-0.137712,-0.054047,0.869715,0.600978,-0.050923,-0.038193,0.796751,-0.322081,0.058031,0.291098,0.902365
0.469847,-0.13774,-0.054113,0.869693,0.601003,-0.05099,-0.038235,0.796725,-0.321944,0.057999,0.291065,0.902425
0.46986,-0.137823,-0.054202,0.869666,0.601029,-0.051053,-0.038335,0.796697,-0.321869,0.057921,0.291027,0.902467
0.469779,-0.137894,-0.054242,0.869696,0.601042,-0.051047,-0.038431,0.796683,-0.321775,0.057873,0.290975,0.902519
0.469825,-0.138042,-0.054334,0.869642,0.601015,-0.051077,-0.038557,0.796695,-0.321683,0.057776,0.29099,0.90255
0.469853,-0.138128,-0.054448,0.869605,0.601015,-0.051132,-0.038661,0.796687,-0.321581,0.057747,0.291011,0.902582
0.469894,-0.138181,-0.054543,0.869567,0.601079,-0.051174,-0.038725,0.796633,-0.32152,0.057654,0.291054,0.902593
0.46987,-0.138267,-0.054557,0.869567,0.601126,-0.051223,-0.03875,0.796594,-0.321453,0.057558,0.291109,0.902604
0.469973,-0.138315,-0.05454,0.869505,0.601157,-0.051191,-0.038717,0.796574,-0.321437,0.057536,0.291148,0.902598
0.470052,-0.138318,-0.054481,0.869466,0.60118,-0.051216,-0.038652,0.796558,-0.321441,0.057512,0.291192,0.902584
0.47012,-0.138344,-0.054378,0.869432,0.601224,-0.051302,-0.038559,0.796525,-0.321417,0.057517,0.291178,0.902597
0.470118,-0.138344,-0.054268,0.869441,0.601246,-0.051363,-0.038407,0.796511,-0.321423,0.057536,0.291194,0.902589
0.470112,-0.138348,-0.054164,0.86945,0.601266,-0.051387,-0.038261,0.7965,-0.32141,0.05753,0.291227,0.902583
0.470109,-0.138342,-0.054016,0.869462,0.601249,-0.051407,-0.038241,0.796513,-0.321455,0.057519,0.291328,0.902537
0.470108,-0.138252,-0.053868,0.869487,0.601221,-0.051387,-0.038199,0.796538,-0.321492,0.057532,0.291454,0.902484
0.470016,-0.138217,-0.053809,0.869546,0.601214,-0.051396,-0.038183,0.796543,-0.321479,0.057575,0.291567,0.902451
0.47001,-0.138172,-0.053785,0.869558,0.601241,-0.051399,-0.038149,0.796524,-0.321494,0.057614,0.291543,0.902452
0.469973,-0.13818,-0.053739,0.86958,0.60123,-0.051339,-0.038049,0.796541,-0.321473,0.057671,0.291526,0.902462
0.469913080594185,-0.138139096527259,-0.0537588260869565,0.869621055662188,0.60122382518797,-0.0513042299456592,-0.0379946255230125,0.796551833333333,-0.3214745,0.0576920330585454,0.291520934210526,0.902462
0.469874,-0.138061,-0.053796,0.869649,0.601221,-0.051258,-0.03797,0.796557,-0.321476,0.057716,0.291519,0.902462
0.469917,-0.137968,-0.053838,0.869637,0.601234,-0.051063,-0.038047,0.796556,-0.321447,0.057819,0.291521,0.902467
0.469944,-0.137926,-0.053864,0.869627,0.601218,-0.051007,-0.038116,0.796568,-0.321387,0.058015,0.291413,0.902514
0.469976636554622,-0.137830300874058,-0.0538976087866109,0.869627224137931,0.601230486024845,-0.0509807005860403,-0.0380794611005693,0.796561553691275,-0.321371653846154,0.0580295384846663,0.291378600081435,0.902529695882852
0.469996,-0.137726,-0.053918,0.869628,0.601252,-0.05095,-0.038033,0.796551,-0.321366,0.058034,0.291355,0.902538
0.469968,-0.137665,-0.053802,0.86966,0.601271,-0.050844,-0.038019,0.796543,-0.321375,0.05803,0.291329,0.902542
0.470019,-0.137624,-0.053723,0.869645,0.601196,-0.050806,-0.037945,0.796606,-0.321425,0.05806,0.291222,0.902558
0.470001,-0.137655,-0.053741,0.869649,0.601139,-0.050747,-0.037941,0.796652,-0.32141,0.05809,0.291195,0.902569
0.469911,-0.137702,-0.05375,0.869688,0.601101,-0.050709,-0.037956,0.796683,-0.321362,0.058056,0.291155,0.902601
0.469875,-0.137735,-0.053768,0.869702,0.601075,-0.050658,-0.03803,0.796703,-0.321371,0.0581,0.291205,0.902581
0.469856961371842,-0.137759885787835,-0.0537612417582418,0.869708850806452,0.601052001373626,-0.0506685047169811,-0.0380460323296107,0.796718785714286,-0.32137,0.0581254575796793,0.291225486238532,0.902573590531561
0.469834,-0.137778,-0.053753,0.869718,0.601027,-0.050692,-0.038059,0.796735,-0.321369,0.058153,0.291234,0.90257
0.469733,-0.137788,-0.053751,0.86977,0.600992,-0.050737,-0.038088,0.796757,-0.321375,0.058212,0.291221,0.902569
0.469698,-0.137824,-0.053761,0.869783,0.600979,-0.05079,-0.038012,0.796766,-0.321381,0.058255,0.291214,0.902568
0.469677,-0.13778,-0.053756,0.869801,0.600995,-0.050864,-0.037919,0.796755,-0.321375,0.058281,0.291234,0.902562
0.469661,-0.137762,-0.053673,0.869818,0.601015,-0.050843,-0.037825,0.796746,-0.321343,0.058288,0.291287,0.902556
0.469528,-0.137774,-0.053582,0.869893,0.600974,-0.050802,-0.037761,0.796782,-0.321295,0.058279,0.29131,0.902567
0.46947,-0.137843,-0.053507,0.869918,0.60096,-0.050738,-0.037726,0.796799,-0.321274,0.058235,0.291406,0.902546
0.469401,-0.13795,-0.053466,0.869941,0.600908,-0.050689,-0.037668,0.796843,-0.32126,0.058191,0.29156,0.902505
0.469351,-0.137974,-0.053432,0.869967,0.600839,-0.050691,-0.037652,0.796896,-0.321222,0.058219,0.291656,0.902487
0.469251,-0.138058,-0.053343,0.870013,0.600801,-0.0508,-0.037609,0.79692,-0.321244,0.058213,0.291717,0.90246
0.469199,-0.138127,-0.053248,0.870035,0.600735,-0.050928,-0.037564,0.796961,-0.321204,0.058186,0.29185,0.902434
0.469159,-0.138154,-0.053241,0.870053,0.600665,-0.050976,-0.03747,0.797016,-0.321223,0.058204,0.292012,0.902376
0.469129,-0.138149,-0.053186,0.870074,0.600634,-0.051049,-0.037369,0.79704,-0.321229,0.058167,0.292162,0.902329
0.469041,-0.138116,-0.053098,0.870131,0.600631,-0.05107,-0.037283,0.797045,-0.321245,0.058156,0.292295,0.902282
0.46902,-0.138113,-0.05304,0.870147,0.600626,-0.051052,-0.037244,0.797051,-0.321282,0.05814,0.292414,0.902232
0.469056,-0.138131,-0.052947,0.870131,0.600654,-0.050991,-0.03718,0.797037,-0.321264,0.058199,0.292498,0.90221
0.469027,-0.138117,-0.052863,0.870154,0.600661,-0.050989,-0.037067,0.797037,-0.32124,0.058249,0.292564,0.902196
0.468961,-0.138094,-0.052814,0.870196,0.600719,-0.051024,-0.037045,0.796992,-0.321251,0.058217,0.292698,0.902151
0.468986,-0.138134,-0.052816,0.870176,0.600766,-0.051019,-0.037015,0.796958,-0.321204,0.058215,0.292804,0.902135
0.469046,-0.138165,-0.05282,0.87014,0.600786,-0.051055,-0.037044,0.79694,-0.321192,0.058253,0.292871,0.902116
0.469079,-0.138216,-0.052814,0.870114,0.600802,-0.051062,-0.037067,0.796926,-0.321172,0.058307,0.2929,0.902112
0.469015,-0.138264,-0.052805,0.87014,0.600814,-0.051077,-0.03709,0.796915,-0.321063,0.058371,0.292924,0.902141
0.469014,-0.138328,-0.052778,0.870133,0.600808,-0.051129,-0.037106,0.796916,-0.321033,0.05843,0.29288,0.902162
0.469058,-0.138406,-0.052797,0.870095,0.600814,-0.051128,-0.037102,0.796911,-0.320945,0.058471,0.292879,0.902192
0.46911,-0.138396,-0.052806,0.870069,0.600828,-0.051156,-0.037148,0.796897,-0.320895,0.058518,0.292879,0.902207
0.469059,-0.138382,-0.052845,0.870096,0.600918,-0.051161,-0.037094,0.796832,-0.320884,0.058542,0.292934,0.902193
0.469063652474576,-0.138364116419986,-0.0528610736326531,0.870094896,0.600940787937412,-0.0511656516246649,-0.0370717178502879,0.796815439846721,-0.320870380396773,0.0585375613913043,0.292963944856538,0.902191270366972
0.469075197423729,-0.138342845972484,-0.0528699531428571,0.870091848,0.60095199372467,-0.051170463077748,-0.0370536575815739,0.79680727566607,-0.320854983948941,0.058526724173913,0.292985979569615,0.902190385412844
0.469090016135593,-0.138322417314989,-0.0528770958367347,0.870087252,0.600959505543223,-0.0511747487184987,-0.0370402383877159,0.796801791562059,-0.320838297302721,0.0585132062608696,0.293004341854422,0.902189865275229
0.469104489898305,-0.138307059104996,-0.0528879590204082,0.870081504,0.600971211574517,-0.0511778229061662,-0.037031879462572,0.796793271638699,-0.320820807104335,0.0585007255652174,0.293023269426153,0.902189230091743
0.469115,-0.138301,-0.052908,0.870075,0.600995,-0.051179,-0.037029,0.796776,-0.320803,0.058493,0.293047,0.902188
0.469121,-0.13831,-0.052996,0.870064,0.601105,-0.050997,-0.037214,0.796697,-0.320784,0.05849,0.293079,0.902185
0.469137,-0.138269,-0.053013,0.870061,0.601108,-0.051011,-0.037261,0.796691,-0.320757,0.058514,0.293042,0.902205
0.469062,-0.138285,-0.053104,0.870093,0.601082,-0.050987,-0.037345,0.796708,-0.320583,0.058472,0.292739,0.902364
0.469093,-0.138341,-0.05316,0.870063,0.60106,-0.050943,-0.037391,0.796725,-0.320534,0.058418,0.292674,0.902404
0.469129,-0.138423,-0.053167,0.870031,0.601038,-0.050981,-0.037485,0.796735,-0.320516,0.058345,0.292624,0.902429
0.469117,-0.138436,-0.05321,0.870032,0.601027,-0.050953,-0.037549,0.796743,-0.320566,0.058306,0.292611,0.902417
0.469049,-0.138421,-0.053231,0.870069,0.601011,-0.050944,-0.037537,0.796756,-0.32055,0.058271,0.292626,0.90242
0.469031,-0.138475,-0.053263,0.870068,0.601005,-0.050964,-0.037502,0.796759,-0.320507,0.058188,0.292599,0.902446
0.469021,-0.138499,-0.053272,0.870069,0.601032,-0.051019,-0.037438,0.796739,-0.320518,0.058116,0.292613,0.902441
0.469023,-0.1385,-0.053214,0.870072,0.601049,-0.05099,-0.037358,0.796732,-0.320476,0.058038,0.29259,0.902467
0.4689,-0.13847,-0.053202,0.870143,0.601048,-0.050974,-0.03735,0.796734,-0.320427,0.05792,0.292571,0.902494
0.468864,-0.138526,-0.05325,0.87015,0.600991,-0.051023,-0.037356,0.796774,-0.320367,0.057875,0.292597,0.90251
0.468801,-0.138622,-0.053341,0.870163,0.600945,-0.051105,-0.037417,0.796799,-0.320391,0.057817,0.29264,0.902491
0.468731,-0.138745,-0.053371,0.870178,0.600879,-0.051178,-0.037503,0.79684,-0.320415,0.057733,0.292627,0.902489
0.468626,-0.138836,-0.053438,0.870215,0.600801,-0.051262,-0.037603,0.796889,-0.320405,0.057751,0.292643,0.902488
0.468608,-0.138886,-0.053424,0.870218,0.600735,-0.051282,-0.037677,0.796934,-0.32038,0.057752,0.292668,0.902488
0.468597,-0.138873,-0.053374,0.870229,0.600745,-0.051346,-0.037707,0.796921,-0.320417,0.057731,0.29272,0.90246
0.468633,-0.138812,-0.053309,0.870224,0.600743,-0.051373,-0.037642,0.796924,-0.320441,0.057757,0.292783,0.90243
0.468613,-0.138765,-0.053274,0.870244,0.600754,-0.051349,-0.037599,0.796919,-0.320428,0.057721,0.292855,0.902414
0.468636,-0.138689,-0.053238,0.870246,0.600792,-0.051356,-0.037612,0.79689,-0.320453,0.057695,0.292947,0.902378
0.468632,-0.138715,-0.053192,0.870248,0.600768,-0.051429,-0.037589,0.796904,-0.320462,0.057703,0.292951,0.902372
0.468605,-0.138782,-0.05319,0.870251,0.600781,-0.051509,-0.037528,0.796892,-0.320416,0.057743,0.292968,0.902382
0.468489,-0.138832,-0.053139,0.870308,0.600756,-0.051516,-0.037496,0.796912,-0.320414,0.057756,0.292904,0.902402
0.468478,-0.138862,-0.053061,0.870314,0.600729,-0.051567,-0.03748,0.79693,-0.320418,0.057763,0.292867,0.902412
0.468502,-0.13891,-0.052973,0.8703,0.600718,-0.051587,-0.037464,0.796937,-0.320406,0.057819,0.292841,0.902422
0.468538,-0.138941,-0.052907,0.87028,0.600708,-0.0516,-0.03753,0.796941,-0.32042,0.057839,0.292854,0.902412
0.468477,-0.138994,-0.052847,0.870308,0.600703,-0.051645,-0.037555,0.796941,-0.320413,0.057856,0.292891,0.902403
0.468458,-0.139059,-0.052821,0.87031,0.600713,-0.051639,-0.037488,0.796937,-0.320388,0.057813,0.293034,0.902368
0.468446,-0.139089,-0.052777,0.870314,0.600763,-0.051649,-0.037405,0.796903,-0.320343,0.057802,0.293107,0.902362
0.468523,-0.139052,-0.052638,0.870288,0.600828,-0.051643,-0.037242,0.796862,-0.320336,0.057839,0.293127,0.902356
0.46851,-0.139074,-0.052554,0.870297,0.60085,-0.051674,-0.037105,0.79685,-0.320324,0.057864,0.293154,0.902352
0.46853,-0.139087,-0.052556,0.870283,0.600882,-0.051686,-0.037079,0.796825,-0.320343,0.057873,0.293201,0.902329
0.468579,-0.139153,-0.052507,0.870251,0.600888,-0.051749,-0.037044,0.796819,-0.320349,0.057907,0.293206,0.902324
0.468603,-0.13916,-0.052486,0.870238,0.60091,-0.051799,-0.037037,0.7968,-0.320326,0.057975,0.293176,0.902339
0.468541,-0.139209,-0.052446,0.870266,0.600923,-0.051837,-0.03705,0.796787,-0.320299,0.05803,0.293194,0.90234
0.468575,-0.139195,-0.052384,0.870254,0.600927,-0.051858,-0.037055,0.796783,-0.320322,0.058086,0.29325,0.902312
0.468584,-0.139203,-0.052313,0.870253,0.600947,-0.051784,-0.037039,0.796772,-0.320322,0.058143,0.293237,0.902314
0.468621,-0.139125,-0.052278,0.870248,0.600927,-0.051779,-0.036993,0.796791,-0.320283,0.058142,0.293221,0.902332
0.468604,-0.139045,-0.052201,0.870275,0.600938,-0.051727,-0.036948,0.796786,-0.320249,0.058102,0.29328,0.902327
0.468613,-0.139003,-0.05214,0.87028,0.600979,-0.051666,-0.036921,0.796761,-0.320316,0.058105,0.293265,0.902308
0.468559,-0.13904,-0.052129,0.870303,0.600966,-0.051627,-0.036858,0.796777,-0.320402,0.058109,0.293304,0.902265
0.468513,-0.139077,-0.052118,0.870324,0.600947,-0.05168,-0.036728,0.796794,-0.320452,0.058128,0.293328,0.902239
0.468315,-0.139077,-0.052067,0.870432,0.600864,-0.051668,-0.036648,0.79686,-0.320541,0.05816,0.293311,0.902212
0.468221,-0.139096,-0.052008,0.870483,0.600748,-0.051637,-0.036541,0.796955,-0.320566,0.058161,0.293367,0.902186
0.468103,-0.139082,-0.051882,0.870556,0.600643,-0.05166,-0.036466,0.797035,-0.320674,0.058219,0.293398,0.902136
0.468036,-0.138937,-0.05167,0.870629,0.600536,-0.051592,-0.036275,0.797128,-0.320742,0.058163,0.293491,0.902085
0.467862,-0.138759,-0.051464,0.870763,0.600493,-0.051455,-0.036012,0.797181,-0.320821,0.058137,0.293593,0.902026
0.467795,-0.138662,-0.051232,0.87083,0.600366,-0.051338,-0.03583,0.797292,-0.320907,0.058119,0.293722,0.901956
0.467705,-0.138584,-0.051094,0.870899,0.600244,-0.051276,-0.035727,0.797392,-0.321026,0.058092,0.293796,0.901892
0.467565,-0.138612,-0.051027,0.870973,0.60014,-0.051286,-0.035738,0.797469,-0.321099,0.058117,0.293814,0.901859
0.467333,-0.138687,-0.051071,0.871082,0.600028,-0.05131,-0.03573,0.797551,-0.321233,0.058125,0.293861,0.901797
0.467177,-0.138692,-0.051062,0.871165,0.599913,-0.05127,-0.035723,0.797641,-0.32136,0.05813,0.293865,0.901749
0.467089,-0.138659,-0.051067,0.871216,0.599852,-0.051241,-0.035703,0.797689,-0.321422,0.058172,0.293861,0.901727
0.467037,-0.138567,-0.051011,0.871262,0.599796,-0.051153,-0.035679,0.797738,-0.321514,0.05816,0.293926,0.901675
0.466901,-0.138499,-0.050982,0.871347,0.599711,-0.05115,-0.035657,0.797802,-0.321627,0.058104,0.293942,0.901632
0.466837,-0.138505,-0.050945,0.871383,0.599654,-0.051159,-0.035734,0.797842,-0.321758,0.058035,0.294069,0.901548
0.466752,-0.138586,-0.050968,0.871413,0.599613,-0.051134,-0.035789,0.797871,-0.321842,0.057974,0.294163,0.901492
0.466671,-0.138613,-0.050965,0.871452,0.599542,-0.051141,-0.035805,0.797924,-0.321896,0.057962,0.29428,0.901435
0.466541,-0.138699,-0.051011,0.871504,0.599422,-0.051122,-0.035763,0.798017,-0.322003,0.057889,0.294321,0.901388
0.466465,-0.138739,-0.051068,0.871534,0.599374,-0.051145,-0.035782,0.79805,-0.322088,0.057828,0.294405,0.901334
0.466412,-0.138784,-0.051018,0.871558,0.599346,-0.051225,-0.03577,0.798065,-0.322164,0.05778,0.29446,0.901292
0.466372,-0.138831,-0.051001,0.871573,0.599332,-0.051233,-0.035687,0.79808,-0.322203,0.057764,0.294547,0.901251
0.466282,-0.138855,-0.050942,0.871622,0.59935,-0.051209,-0.035608,0.798071,-0.322192,0.057788,0.294524,0.901261
0.466326,-0.138868,-0.050856,0.871602,0.599325,-0.051241,-0.035545,0.798091,-0.322166,0.05781,0.294542,0.901263
0.466357,-0.138903,-0.050813,0.871582,0.599319,-0.051262,-0.03553,0.798094,-0.322226,0.057829,0.29453,0.901245
0.466381,-0.138896,-0.050806,0.87157,0.599381,-0.051246,-0.035555,0.798048,-0.322289,0.057809,0.29456,0.901215
0.46633,-0.138969,-0.050805,0.871586,0.599407,-0.051276,-0.035566,0.798026,-0.322263,0.057763,0.294549,0.901229
0.466383,-0.13906,-0.050852,0.871541,0.599432,-0.051375,-0.035648,0.797997,-0.32224,0.057708,0.29461,0.90122
0.466404,-0.139203,-0.050848,0.871507,0.599463,-0.051486,-0.035724,0.797963,-0.322253,0.057673,0.294683,0.901193
0.46646,-0.139265,-0.050876,0.871465,0.599499,-0.051523,-0.035761,0.797933,-0.322252,0.057581,0.294776,0.901169
0.466411,-0.139324,-0.050853,0.871483,0.59955,-0.051532,-0.035707,0.797897,-0.322188,0.057523,0.294841,0.901173
0.466434,-0.139286,-0.050749,0.871484,0.599636,-0.051536,-0.035652,0.797834,-0.322113,0.057511,0.294922,0.901176
0.466436,-0.139263,-0.050643,0.871493,0.599634,-0.051562,-0.03554,0.79784,-0.322121,0.057514,0.295024,0.90114
0.466412,-0.139311,-0.050629,0.871499,0.599667,-0.051548,-0.03552,0.797816,-0.322073,0.057487,0.295079,0.90114
0.466292,-0.139359,-0.050689,0.87155,0.599694,-0.051604,-0.03557,0.797791,-0.321984,0.057458,0.295111,0.901163
0.466312,-0.139338,-0.050762,0.871539,0.599735,-0.05162,-0.035657,0.797754,-0.321978,0.057479,0.295095,0.901169
0.466319,-0.139344,-0.050783,0.871532,0.599728,-0.051552,-0.035701,0.797761,-0.321986,0.057492,0.295117,0.901159
0.466339,-0.139293,-0.050797,0.871529,0.599756,-0.051519,-0.035712,0.797743,-0.321983,0.057485,0.295124,0.901159
0.466305,-0.139267,-0.05085,0.871549,0.599768,-0.05149,-0.035744,0.797734,-0.321945,0.057448,0.295102,0.90118
0.466299,-0.139281,-0.050889,0.871547,0.599794,-0.051483,-0.035811,0.797712,-0.321912,0.057399,0.295059,0.901208
0.466353,-0.139348,-0.051032,0.871499,0.599828,-0.051512,-0.035964,0.797678,-0.321901,0.05738,0.295019,0.901225
0.466368,-0.139435,-0.051135,0.87147,0.599864,-0.051553,-0.036071,0.797644,-0.321828,0.057351,0.29504,0.901246
0.466311,-0.139524,-0.051238,0.871479,0.599884,-0.051584,-0.036121,0.797624,-0.321797,0.05727,0.295045,0.901258
0.466279,-0.13956,-0.051233,0.871491,0.599923,-0.05162,-0.036112,0.797593,-0.321804,0.057164,0.295056,0.901258
0.466321,-0.139553,-0.051202,0.871472,0.599962,-0.051687,-0.035975,0.797566,-0.321773,0.057105,0.295057,0.90127
0.466321,-0.139535,-0.051159,0.871477,0.600001,-0.051747,-0.03584,0.797539,-0.321804,0.05713,0.295113,0.90124
0.466275,-0.139518,-0.051103,0.871508,0.600035,-0.051787,-0.035695,0.797518,-0.321782,0.057056,0.295124,0.901247
0.466305,-0.139512,-0.051116,0.871493,0.600049,-0.0518,-0.035692,0.797506,-0.321761,0.057004,0.295123,0.901258
0.466335,-0.13953,-0.051096,0.871475,0.600037,-0.051775,-0.035741,0.797515,-0.321784,0.05699,0.295113,0.901253
0.466319,-0.139571,-0.051114,0.871476,0.600047,-0.051779,-0.035909,0.7975,-0.321785,0.056975,0.295087,0.901261
0.466241,-0.139682,-0.051203,0.871493,0.600023,-0.051814,-0.036031,0.79751,-0.321756,0.056942,0.295103,0.901268
0.466206,-0.139783,-0.051277,0.871491,0.600007,-0.051862,-0.036126,0.797514,-0.321713,0.056864,0.29519,0.901259
0.466145,-0.139872,-0.05128,0.871508,0.600034,-0.051858,-0.036136,0.797495,-0.321714,0.056795,0.295241,0.901246
0.466186,-0.13989,-0.051223,0.871488,0.600068,-0.051813,-0.036069,0.797475,-0.321669,0.056722,0.295344,0.901232
0.46612,-0.139902,-0.051155,0.871525,0.600045,-0.051811,-0.035986,0.797496,-0.321657,0.05666,0.295421,0.901214
0.466209,-0.139874,-0.051102,0.871486,0.600062,-0.051848,-0.03596,0.797482,-0.321647,0.056651,0.295451,0.901208
0.466249,-0.139872,-0.051036,0.871469,0.600092,-0.051844,-0.035915,0.797461,-0.321666,0.05664,0.295407,0.901216
0.466277,-0.139861,-0.050997,0.871458,0.600077,-0.051832,-0.035897,0.797474,-0.321593,0.056688,0.295377,0.90125
0.466213,-0.139844,-0.050987,0.871495,0.600068,-0.051869,-0.035882,0.797479,-0.321591,0.056744,0.295371,0.901251
0.466169,-0.139862,-0.05105,0.871512,0.600061,-0.051908,-0.035896,0.79748,-0.321571,0.056801,0.295378,0.901253
0.466133,-0.139932,-0.05109,0.871517,0.600023,-0.051997,-0.035867,0.797505,-0.321533,0.056785,0.295418,0.901255
0.46612,-0.139978,-0.051107,0.871516,0.599995,-0.052,-0.035808,0.797529,-0.321533,0.056791,0.295426,0.901252
0.466015,-0.140016,-0.051067,0.871568,0.600007,-0.051957,-0.035774,0.797523,-0.321532,0.05679,0.295493,0.90123
0.466009,-0.139911,-0.050909,0.871597,0.600055,-0.051885,-0.035677,0.797497,-0.321547,0.056847,0.295467,0.901231
0.46604,-0.139806,-0.050763,0.871608,0.600124,-0.051784,-0.035504,0.79746,-0.321555,0.056953,0.295398,0.901246
0.466039,-0.139691,-0.050593,0.871637,0.600138,-0.051748,-0.035361,0.797457,-0.32158,0.056997,0.295369,0.901245
0.465975,-0.139651,-0.050467,0.871686,0.600155,-0.051741,-0.035233,0.797451,-0.321584,0.057082,0.295411,0.901226
0.465957,-0.139636,-0.05044,0.8717,0.600109,-0.051709,-0.035133,0.797491,-0.321606,0.057135,0.295541,0.901175
0.465896,-0.139626,-0.050435,0.871733,0.6001,-0.051761,-0.035084,0.797497,-0.321647,0.057178,0.295623,0.901133
0.465859,-0.139587,-0.050404,0.871762,0.600099,-0.05177,-0.034962,0.797502,-0.32167,0.057305,0.295717,0.901089
0.465722,-0.139533,-0.050317,0.871848,0.600137,-0.051774,-0.034863,0.797478,-0.321669,0.057407,0.295728,0.901082
0.465763,-0.139382,-0.050148,0.871862,0.600154,-0.051687,-0.034763,0.797476,-0.32172,0.057479,0.295665,0.901081
0.465809,-0.139244,-0.050053,0.871865,0.600205,-0.051651,-0.034699,0.797442,-0.321713,0.057533,0.295629,0.901092
0.465816,-0.139148,-0.049967,0.871882,0.600233,-0.051583,-0.034592,0.79743,-0.321719,0.057648,0.295633,0.901084
0.465775,-0.139135,-0.049991,0.871905,0.600305,-0.051603,-0.034519,0.797378,-0.32172,0.057726,0.295556,0.901105
0.465783,-0.13913,-0.050014,0.8719,0.600329,-0.051597,-0.034387,0.797366,-0.321699,0.057723,0.295497,0.901131
0.465782,-0.139133,-0.049925,0.871905,0.600353,-0.051548,-0.034185,0.79736,-0.321741,0.057687,0.295456,0.901131
0.465791,-0.139014,-0.049646,0.871937,0.600394,-0.051463,-0.03386,0.797348,-0.321703,0.057668,0.295468,0.901142
0.465722,-0.138873,-0.049397,0.872012,0.600468,-0.051336,-0.0336,0.797311,-0.321671,0.0576,0.2955,0.901146
0.465792,-0.138792,-0.049166,0.872002,0.600525,-0.051247,-0.033441,0.797282,-0.321684,0.057582,0.2955,0.901141
0.465817,-0.138831,-0.049054,0.871989,0.600508,-0.051259,-0.033319,0.797299,-0.321654,0.057582,0.295527,0.901144
0.465781,-0.138899,-0.049033,0.871999,0.600504,-0.051278,-0.033192,0.797305,-0.321659,0.0576,0.295566,0.901129
0.465652,-0.138976,-0.048993,0.872057,0.600503,-0.051305,-0.033157,0.797306,-0.321695,0.057604,0.295663,0.901085
0.465622,-0.13908,-0.048896,0.872062,0.600479,-0.0513,-0.033139,0.797325,-0.321706,0.057533,0.295744,0.901058
0.465674,-0.139091,-0.048834,0.872037,0.600447,-0.05133,-0.033108,0.797348,-0.321729,0.057436,0.295844,0.901022
0.465674,-0.139063,-0.048828,0.872041,0.600405,-0.051474,-0.033102,0.79737,-0.321706,0.057367,0.295908,0.901013
0.465643,-0.139071,-0.048816,0.872057,0.600396,-0.051518,-0.03306,0.797377,-0.321674,0.05734,0.295888,0.901033
0.465625,-0.139094,-0.048802,0.872064,0.600343,-0.051553,-0.033034,0.797415,-0.321685,0.057309,0.295936,0.901014
0.465633,-0.139159,-0.048836,0.872047,0.600337,-0.05165,-0.033053,0.797412,-0.321694,0.057251,0.295888,0.901029
0.465654,-0.139223,-0.048886,0.872023,0.600317,-0.051783,-0.033091,0.797417,-0.321672,0.057166,0.295923,0.901029
0.465593,-0.13931,-0.048923,0.872038,0.600317,-0.051844,-0.033151,0.797411,-0.321624,0.057071,0.295893,0.90106
0.465608,-0.139378,-0.048945,0.872019,0.600388,-0.051902,-0.033238,0.79735,-0.321547,0.056976,0.295921,0.901082
0.465681,-0.13952,-0.048929,0.871958,0.600457,-0.051967,-0.033271,0.797293,-0.321494,0.056878,0.295943,0.901098
0.465742,-0.139544,-0.048934,0.871922,0.600547,-0.051975,-0.033231,0.797226,-0.321447,0.056783,0.295961,0.901113
0.465692,-0.139611,-0.048962,0.871935,0.600587,-0.051991,-0.033156,0.797199,-0.321378,0.056734,0.295963,0.901138
0.465739,-0.139664,-0.048977,0.871901,0.600598,-0.052109,-0.033218,0.79718,-0.321301,0.056672,0.296035,0.901146
0.46576,-0.139731,-0.049013,0.871877,0.600623,-0.052212,-0.033203,0.797154,-0.321263,0.056636,0.29604,0.901159
0.465766,-0.139785,-0.049091,0.871861,0.600658,-0.052344,-0.033301,0.797117,-0.321195,0.056586,0.296029,0.901188
0.465732,-0.1398,-0.049143,0.871872,0.600693,-0.052373,-0.033332,0.797087,-0.321156,0.056589,0.296058,0.901193
0.465772,-0.139802,-0.049144,0.871852,0.600678,-0.05236,-0.033315,0.7971,-0.321094,0.056597,0.296028,0.901224
0.465754,-0.139731,-0.049106,0.871874,0.600705,-0.052294,-0.033214,0.797088,-0.321048,0.056618,0.296029,0.90124
0.465758,-0.139652,-0.04903,0.87189,0.600748,-0.052213,-0.033164,0.797063,-0.321,0.056647,0.295996,0.901265
0.465729,-0.139578,-0.048988,0.87192,0.600804,-0.052151,-0.03317,0.797025,-0.320964,0.05665,0.296024,0.901269
0.465747,-0.13958,-0.049006,0.871909,0.600793,-0.052149,-0.033154,0.797033,-0.320947,0.056654,0.295985,0.901288
0.465783,-0.139589,-0.049001,0.871889,0.600781,-0.052089,-0.033155,0.797047,-0.320928,0.056688,0.295911,0.901317
0.465761,-0.139532,-0.049019,0.871909,0.600777,-0.052043,-0.033148,0.797052,-0.320844,0.056712,0.2959,0.901348
0.465712,-0.139499,-0.048973,0.871943,0.600802,-0.052015,-0.033097,0.797038,-0.320808,0.056782,0.295958,0.90134
0.465692,-0.139441,-0.048921,0.871966,0.600794,-0.051973,-0.033006,0.79705,-0.320818,0.056849,0.295999,0.901321
0.465691,-0.139342,-0.048811,0.871988,0.600791,-0.051902,-0.03291,0.797062,-0.320811,0.056856,0.295988,0.901327
0.465729,-0.139273,-0.048655,0.871989,0.600778,-0.051788,-0.032736,0.797085,-0.320766,0.056908,0.296036,0.901325
0.465666,-0.139212,-0.048578,0.872037,0.600842,-0.051676,-0.032589,0.797051,-0.320803,0.05702,0.296004,0.901318
0.465707,-0.139194,-0.048518,0.872022,0.600858,-0.051568,-0.032427,0.797052,-0.320797,0.057109,0.29607,0.901296
0.465736,-0.139134,-0.048465,0.872019,0.600906,-0.051587,-0.032361,0.797017,-0.320778,0.05719,0.296112,0.901285
0.465734,-0.139117,-0.048442,0.872024,0.600927,-0.051552,-0.032268,0.797008,-0.320823,0.057213,0.296162,0.901252
0.465639,-0.139126,-0.048416,0.872076,0.600948,-0.05153,-0.032242,0.796995,-0.320876,0.057283,0.296173,0.901227
0.465655,-0.1391,-0.048352,0.872074,0.600937,-0.051437,-0.032223,0.797009,-0.320877,0.057314,0.296243,0.901203
0.465665,-0.139066,-0.04835,0.872076,0.600892,-0.051394,-0.032248,0.797045,-0.320885,0.057329,0.296235,0.901202
0.465637,-0.139019,-0.048347,0.872097,0.600836,-0.051345,-0.032236,0.797091,-0.320888,0.057332,0.296315,0.901175
0.465531,-0.138947,-0.048362,0.872164,0.600827,-0.051361,-0.032246,0.797096,-0.320872,0.057321,0.296375,0.901163
0.465467,-0.138938,-0.04837,0.872199,0.600813,-0.051377,-0.032228,0.797106,-0.320871,0.057334,0.296426,0.901146
0.465413,-0.138874,-0.048331,0.872241,0.60079,-0.051299,-0.032231,0.797128,-0.320877,0.057398,0.296462,0.90113
0.465383,-0.138823,-0.048221,0.872271,0.600792,-0.051194,-0.032221,0.797133,-0.320874,0.057467,0.296452,0.901132
0.465271,-0.138784,-0.048209,0.872338,0.600771,-0.051165,-0.032192,0.797152,-0.320901,0.057494,0.296376,0.901145
0.465268,-0.138843,-0.048252,0.872327,0.600714,-0.05115,-0.032157,0.797198,-0.320955,0.057487,0.296376,0.901126
0.46525,-0.138913,-0.048289,0.872323,0.600706,-0.051168,-0.03219,0.797202,-0.32101,0.057558,0.296275,0.901136
0.465229,-0.138911,-0.04828,0.872335,0.600703,-0.051192,-0.0322,0.797201,-0.32103,0.057561,0.296286,0.901125
0.465131,-0.13898,-0.048348,0.872372,0.600673,-0.051121,-0.032196,0.797228,-0.321023,0.057587,0.29624,0.901141
0.46516,-0.139021,-0.048359,0.872348,0.600654,-0.051053,-0.032179,0.797248,-0.321039,0.057588,0.296256,0.90113
0.465161,-0.139026,-0.048357,0.872348,0.600652,-0.051065,-0.032236,0.797247,-0.321106,0.057549,0.296289,0.901098
0.465179,-0.138985,-0.048334,0.872347,0.600618,-0.051104,-0.032307,0.797266,-0.321173,0.057503,0.296328,0.901064
0.465118,-0.138949,-0.048381,0.872382,0.600619,-0.051105,-0.032255,0.797269,-0.321169,0.05743,0.29636,0.901058
0.465109,-0.138898,-0.048424,0.872391,0.600619,-0.05113,-0.032286,0.797266,-0.321175,0.057336,0.29638,0.901053
0.465083,-0.138854,-0.048462,0.872411,0.600565,-0.051048,-0.032251,0.797312,-0.3212,0.057265,0.296414,0.901037
0.465085,-0.138849,-0.048502,0.872407,0.600531,-0.051071,-0.032224,0.797338,-0.321228,0.057224,0.296424,0.901025
0.464968,-0.138831,-0.048536,0.87247,0.600474,-0.051058,-0.032206,0.797382,-0.321296,0.057243,0.296433,0.900998
0.464902,-0.138869,-0.048562,0.872497,0.600435,-0.051038,-0.032219,0.797411,-0.321347,0.057235,0.296438,0.900978
0.464859,-0.138895,-0.0486,0.872514,0.60035,-0.051049,-0.032269,0.797473,-0.3214,0.057242,0.296448,0.900956
0.464846,-0.138895,-0.048623,0.872519,0.600295,-0.05102,-0.032274,0.797517,-0.321454,0.05724,0.296424,0.900944
0.464746,-0.138865,-0.048645,0.872575,0.60025,-0.051012,-0.032334,0.797548,-0.321545,0.057277,0.296465,0.900897
0.464781,-0.138814,-0.048659,0.872564,0.600285,-0.050984,-0.032347,0.797523,-0.321539,0.057277,0.296501,0.900888
0.464849,-0.138752,-0.048593,0.872542,0.600275,-0.050929,-0.032349,0.797534,-0.32157,0.057284,0.296526,0.900868
0.464908,-0.138648,-0.048502,0.872533,0.600316,-0.050792,-0.032198,0.797518,-0.321578,0.057323,0.296547,0.900857
0.464837,-0.138586,-0.048435,0.872585,0.600406,-0.050697,-0.032068,0.797461,-0.321599,0.057397,0.296608,0.900827
0.464869,-0.138602,-0.048349,0.87257,0.600451,-0.05062,-0.031979,0.797436,-0.321629,0.057459,0.296624,0.900809
0.46492,-0.138574,-0.04832,0.87255,0.600535,-0.050542,-0.031909,0.797381,-0.321653,0.057541,0.296596,0.900806
0.464967,-0.138502,-0.048279,0.872539,0.600599,-0.050535,-0.031842,0.797336,-0.321631,0.057661,0.296501,0.900839
0.464955,-0.138472,-0.048237,0.872553,0.600639,-0.050536,-0.031771,0.797308,-0.321623,0.057783,0.296381,0.900875
0.464998,-0.138527,-0.04816,0.872526,0.600697,-0.050587,-0.031761,0.797262,-0.321597,0.057851,0.296325,0.900899
0.465043,-0.138491,-0.048012,0.872516,0.600758,-0.050606,-0.031699,0.797218,-0.32164,0.057956,0.296319,0.900881
0.465058,-0.138495,-0.047888,0.872516,0.600829,-0.050716,-0.031564,0.797163,-0.321669,0.058109,0.296298,0.900871
0.46497,-0.138496,-0.047737,0.872571,0.600884,-0.050819,-0.031413,0.797121,-0.321652,0.058256,0.296355,0.900853
0.464957,-0.138501,-0.047606,0.872584,0.600897,-0.050868,-0.031295,0.797113,-0.321601,0.058308,0.296423,0.900847
0.464983,-0.138611,-0.047495,0.87256,0.600926,-0.050952,-0.03119,0.797089,-0.321539,0.058356,0.296562,0.900823
0.465002,-0.138699,-0.047375,0.872543,0.600928,-0.051064,-0.031144,0.797083,-0.3215,0.058444,0.296684,0.900794
0.464991,-0.138835,-0.047317,0.872531,0.600901,-0.051237,-0.031088,0.797093,-0.321469,0.05856,0.296814,0.900759
0.464995,-0.138922,-0.047228,0.87252,0.600834,-0.051421,-0.0311,0.797131,-0.321443,0.058581,0.296936,0.900729
0.46499,-0.139034,-0.047139,0.872509,0.600783,-0.051532,-0.031021,0.797165,-0.321497,0.058615,0.297016,0.900683
0.46493,-0.139053,-0.047014,0.872546,0.600703,-0.051559,-0.030874,0.79723,-0.321483,0.058701,0.297159,0.900637
0.464805,-0.138957,-0.046812,0.872639,0.600647,-0.051502,-0.03066,0.797284,-0.321525,0.058786,0.297276,0.900582
0.464753,-0.138814,-0.046611,0.872702,0.600671,-0.051443,-0.030428,0.797278,-0.321526,0.058842,0.297422,0.900531
0.464753,-0.138706,-0.046415,0.87273,0.600639,-0.051392,-0.030201,0.797314,-0.321498,0.058858,0.297596,0.900487
0.464776,-0.138657,-0.046309,0.872732,0.600597,-0.051393,-0.030067,0.797351,-0.321465,0.058928,0.297681,0.900467
0.464669,-0.138677,-0.04634,0.872783,0.600581,-0.051493,-0.030037,0.797358,-0.321431,0.058972,0.297783,0.900445
0.464692,-0.138685,-0.046416,0.872765,0.600503,-0.051542,-0.030097,0.797411,-0.321414,0.058913,0.29794,0.900404
0.464623,-0.138792,-0.046566,0.872776,0.600452,-0.051575,-0.030227,0.797442,-0.321408,0.05892,0.298002,0.900385
0.464597,-0.138856,-0.046676,0.872772,0.600441,-0.051617,-0.030366,0.797442,-0.321428,0.058932,0.297989,0.900382
0.464512,-0.138852,-0.04672,0.872816,0.600391,-0.051625,-0.030383,0.797478,-0.321433,0.058948,0.297985,0.90038
0.464517,-0.138869,-0.046736,0.87281,0.600344,-0.051601,-0.030389,0.797515,-0.321371,0.059035,0.297947,0.900411
0.464522,-0.138846,-0.046788,0.872808,0.600352,-0.051574,-0.030338,0.797513,-0.321345,0.058982,0.297935,0.900426
0.464512,-0.138729,-0.046761,0.872833,0.600344,-0.05153,-0.030336,0.797522,-0.321328,0.059003,0.297925,0.900435
0.46439,-0.138685,-0.046811,0.872901,0.600317,-0.051541,-0.030369,0.79754,-0.321321,0.058924,0.29799,0.90042
0.464354,-0.138667,-0.046836,0.872922,0.600314,-0.051513,-0.030434,0.797541,-0.32128,0.058868,0.298013,0.90043
0.46429,-0.138636,-0.046867,0.872959,0.600317,-0.051536,-0.030428,0.797538,-0.321226,0.058787,0.298049,0.900441
0.464303,-0.138641,-0.046894,0.87295,0.600274,-0.051612,-0.030475,0.797564,-0.321182,0.058695,0.298057,0.900457
0.464239,-0.138694,-0.046978,0.87297,0.600209,-0.05167,-0.030492,0.797609,-0.321145,0.058599,0.298052,0.900476
0.464213,-0.138734,-0.047044,0.872973,0.600199,-0.051727,-0.030556,0.797609,-0.321129,0.058516,0.298124,0.900464
0.464206,-0.138733,-0.047079,0.872975,0.60017,-0.05168,-0.030592,0.797634,-0.321108,0.05849,0.298167,0.900457
0.464211,-0.138721,-0.047096,0.872974,0.600144,-0.051603,-0.03065,0.797655,-0.321049,0.058456,0.298152,0.900484
0.464139,-0.138716,-0.047198,0.873006,0.600145,-0.051561,-0.030691,0.797655,-0.321007,0.05842,0.29812,0.900512
0.464151,-0.138666,-0.047318,0.873001,0.600152,-0.051532,-0.030688,0.797652,-0.320992,0.058313,0.298106,0.900526
0.464155,-0.138638,-0.04737,0.873,0.600164,-0.051501,-0.03066,0.797647,-0.320964,0.058268,0.298013,0.900568
0.464139,-0.138564,-0.047419,0.873018,0.600193,-0.0514,-0.030682,0.797631,-0.320948,0.058287,0.297898,0.90061
0.464079,-0.138543,-0.04752,0.873047,0.600258,-0.051331,-0.030762,0.797583,-0.320947,0.058241,0.297878,0.900618
0.464107,-0.138501,-0.047578,0.873035,0.600304,-0.051307,-0.030769,0.797549,-0.320942,0.05821,0.297885,0.900619
0.464126,-0.138479,-0.047642,0.873025,0.600319,-0.05128,-0.03073,0.797541,-0.320933,0.058147,0.297914,0.900616
0.464116,-0.138478,-0.047669,0.873028,0.60037,-0.051244,-0.030706,0.797507,-0.320922,0.058069,0.297883,0.900632
0.464037,-0.138449,-0.047656,0.873075,0.600363,-0.051262,-0.030634,0.797514,-0.32099,0.058034,0.297787,0.90064
0.464038,-0.13841,-0.047589,0.873085,0.600333,-0.051285,-0.030596,0.797536,-0.321053,0.057973,0.297697,0.900649
0.464061,-0.138356,-0.047467,0.873089,0.600328,-0.05129,-0.030551,0.79754,-0.321086,0.058002,0.2977,0.900636
0.464067,-0.138312,-0.047407,0.873096,0.600267,-0.051281,-0.030515,0.797589,-0.321111,0.058024,0.297703,0.900626
0.463907,-0.138253,-0.047334,0.873195,0.600171,-0.051223,-0.030429,0.797667,-0.321127,0.058102,0.297705,0.900615
0.463871,-0.138158,-0.047227,0.873235,0.600095,-0.051112,-0.030313,0.797736,-0.321138,0.058153,0.29773,0.900601
0.463783,-0.138022,-0.047156,0.873307,0.600063,-0.051023,-0.030283,0.797767,-0.321197,0.058234,0.297769,0.900565
0.463781,-0.137935,-0.047098,0.873325,0.600051,-0.050968,-0.030275,0.797779,-0.321249,0.058312,0.297881,0.900507
0.463658,-0.137863,-0.047078,0.873403,0.60004,-0.050888,-0.03027,0.797793,-0.321322,0.05843,0.297867,0.900481
0.463588,-0.137757,-0.047133,0.873453,0.599986,-0.050755,-0.030303,0.79784,-0.32139,0.058526,0.297797,0.900475
0.463549,-0.137703,-0.04721,0.873478,0.599943,-0.050671,-0.03036,0.797877,-0.321421,0.05861,0.297733,0.90048
0.463476,-0.137716,-0.047272,0.87351,0.599886,-0.050606,-0.030436,0.79792,-0.32142,0.058613,0.297661,0.900503
0.46334,-0.137731,-0.047358,0.873574,0.599841,-0.050538,-0.030588,0.797953,-0.321492,0.058637,0.297546,0.900514
0.463334,-0.137701,-0.047391,0.87358,0.599777,-0.050509,-0.030656,0.798,-0.321544,0.058631,0.297494,0.900512
0.463325,-0.137646,-0.047349,0.873596,0.599743,-0.050472,-0.030634,0.798029,-0.321592,0.058602,0.297456,0.900508
0.463303,-0.13759,-0.047302,0.87362,0.599693,-0.050446,-0.030539,0.79807,-0.321616,0.05861,0.297433,0.900506
0.463201,-0.137527,-0.047262,0.873686,0.599682,-0.050448,-0.030423,0.798084,-0.321673,0.05857,0.297421,0.900493
0.463173,-0.137502,-0.047231,0.873707,0.59966,-0.050468,-0.030385,0.7981,-0.321715,0.058525,0.29745,0.90047
0.463135,-0.137483,-0.047123,0.873736,0.599613,-0.050506,-0.030397,0.798132,-0.321771,0.058483,0.297456,0.90045
0.463107,-0.137533,-0.047121,0.873743,0.599565,-0.050568,-0.030424,0.798164,-0.321798,0.058458,0.297488,0.900431
0.462989,-0.13764,-0.047191,0.873783,0.599542,-0.050638,-0.030471,0.798174,-0.32183,0.058481,0.2975,0.900414
0.462913,-0.137799,-0.047225,0.873795,0.599554,-0.050627,-0.030451,0.798166,-0.321817,0.058419,0.297516,0.900417
0.462853,-0.137888,-0.047222,0.873814,0.599622,-0.050634,-0.030415,0.798117,-0.321839,0.058386,0.29755,0.9004
0.462848,-0.137825,-0.0471,0.873833,0.599602,-0.050612,-0.030325,0.798137,-0.321831,0.058348,0.297649,0.900372
0.462718,-0.137876,-0.047015,0.873899,0.599598,-0.050611,-0.030254,0.798143,-0.321846,0.058319,0.297712,0.900349
0.462705,-0.137882,-0.046974,0.873907,0.599579,-0.050651,-0.030281,0.798153,-0.321867,0.058257,0.297743,0.900333
0.462703,-0.137947,-0.046879,0.873904,0.599563,-0.050659,-0.030337,0.798162,-0.321865,0.058248,0.297785,0.900321
0.46269,-0.138021,-0.04692,0.873896,0.599549,-0.050749,-0.030385,0.798166,-0.321811,0.058201,0.297803,0.900337
0.462651,-0.138128,-0.046984,0.873895,0.599582,-0.050843,-0.030399,0.798135,-0.321822,0.058211,0.297799,0.900334
0.462691,-0.138196,-0.047036,0.87386,0.599598,-0.050979,-0.03045,0.798111,-0.321793,0.058191,0.297854,0.900328
0.462761,-0.138271,-0.047076,0.873809,0.599593,-0.05103,-0.030454,0.798113,-0.321775,0.058229,0.297864,0.900329
0.462803,-0.13827,-0.047036,0.87379,0.59963,-0.051008,-0.030471,0.798085,-0.321806,0.058222,0.297902,0.900307
0.462766,-0.13822,-0.047057,0.873817,0.599716,-0.050972,-0.030429,0.798024,-0.321837,0.058201,0.297933,0.900286
0.462811,-0.138171,-0.04707,0.8738,0.599776,-0.050894,-0.03045,0.797984,-0.321876,0.058202,0.297885,0.900288
0.46286,-0.138136,-0.047154,0.873774,0.599841,-0.050877,-0.030493,0.797935,-0.321922,0.058175,0.297745,0.900317
0.462868,-0.138101,-0.047292,0.873768,0.599873,-0.050871,-0.030627,0.797906,-0.321942,0.058172,0.297628,0.900348
0.462766,-0.138109,-0.04742,0.873813,0.599847,-0.050872,-0.030808,0.797919,-0.321937,0.058129,0.297607,0.900358
0.462768,-0.138166,-0.047609,0.873791,0.599856,-0.050822,-0.03097,0.797909,-0.321911,0.058005,0.297516,0.900402
0.462745,-0.138164,-0.047752,0.873795,0.599809,-0.050761,-0.031137,0.797941,-0.321925,0.057846,0.297513,0.900404
0.46273,-0.138114,-0.047822,0.873806,0.599726,-0.050767,-0.031242,0.797999,-0.321942,0.05772,0.297434,0.900429
0.462668,-0.138058,-0.047866,0.873846,0.599639,-0.050749,-0.031263,0.798064,-0.32191,0.057581,0.297357,0.90047
0.462651,-0.138026,-0.04787,0.87386,0.599567,-0.050689,-0.031287,0.798121,-0.321953,0.057488,0.2973,0.900477
0.462574,-0.137976,-0.047894,0.873906,0.599458,-0.050717,-0.031306,0.7982,-0.32201,0.057413,0.2972,0.900492
0.46248,-0.137945,-0.047952,0.873957,0.599383,-0.050791,-0.031329,0.798251,-0.322029,0.057299,0.297221,0.900484
0.462276,-0.138053,-0.048064,0.87404,0.599284,-0.050898,-0.031417,0.798315,-0.322065,0.05716,0.297219,0.900477
0.462179,-0.138256,-0.048176,0.874052,0.599164,-0.05101,-0.031594,0.79839,-0.322074,0.057043,0.297211,0.900482
0.462074,-0.138393,-0.048244,0.874081,0.599117,-0.05107,-0.031748,0.798415,-0.322122,0.056974,0.297284,0.900444
0.462,-0.138452,-0.048242,0.87411,0.599056,-0.051059,-0.031771,0.798462,-0.322133,0.056934,0.297331,0.900427
0.461877,-0.13844,-0.048218,0.874177,0.598988,-0.051025,-0.031768,0.798514,-0.322176,0.056875,0.297447,0.900377
0.46185,-0.138437,-0.04817,0.874196,0.598952,-0.051003,-0.031711,0.798545,-0.322241,0.056781,0.297507,0.900338
0.46182,-0.138425,-0.048197,0.874212,0.598962,-0.050909,-0.031684,0.798545,-0.322354,0.056747,0.297521,0.900294
0.461823,-0.138353,-0.048191,0.874222,0.599,-0.050863,-0.031623,0.798522,-0.322458,0.056679,0.297504,0.900267
0.461792,-0.138307,-0.048232,0.874243,0.599009,-0.050804,-0.031625,0.798518,-0.322515,0.056632,0.29752,0.900242
0.461812,-0.138287,-0.048196,0.874238,0.599064,-0.050746,-0.031571,0.798483,-0.322534,0.056573,0.297506,0.900243
0.461864,-0.13827,-0.04829,0.874208,0.599104,-0.050685,-0.031461,0.798462,-0.322616,0.056541,0.297467,0.900228
0.461932,-0.138214,-0.048249,0.874184,0.599144,-0.050639,-0.031453,0.798434,-0.322635,0.0565,0.297454,0.900227
0.46194,-0.138203,-0.048282,0.874179,0.5992,-0.050605,-0.031415,0.798397,-0.322664,0.056527,0.297386,0.900237
0.461966,-0.138189,-0.048308,0.874166,0.599242,-0.050573,-0.031419,0.798367,-0.32267,0.056526,0.297325,0.900254
0.46197,-0.138177,-0.048327,0.874164,0.599304,-0.05057,-0.031403,0.798321,-0.322696,0.056567,0.297191,0.900286
0.462015,-0.13819,-0.048405,0.874134,0.599361,-0.050611,-0.031461,0.798274,-0.322681,0.056552,0.297107,0.900318
0.461957,-0.138235,-0.048476,0.874153,0.599411,-0.05068,-0.031549,0.798229,-0.322688,0.0565,0.297053,0.900336
0.462007,-0.138313,-0.048516,0.874112,0.599423,-0.050708,-0.031561,0.798218,-0.322649,0.056416,0.297028,0.900361
0.462042,-0.138337,-0.048529,0.874089,0.599469,-0.050753,-0.031571,0.798179,-0.322712,0.05638,0.296938,0.900368
0.462087,-0.138337,-0.048492,0.874068,0.599506,-0.050747,-0.031556,0.798153,-0.322746,0.056368,0.296932,0.900359
0.462042,-0.138294,-0.048426,0.874103,0.599481,-0.050754,-0.031562,0.798171,-0.322744,0.056374,0.296922,0.900363
0.462051,-0.138271,-0.048393,0.874103,0.599472,-0.050727,-0.031542,0.79818,-0.322723,0.056359,0.296997,0.900347
0.462059,-0.138246,-0.048402,0.874102,0.599446,-0.050757,-0.031517,0.798199,-0.322753,0.056346,0.297111,0.9003
0.462064,-0.138196,-0.048416,0.874107,0.599456,-0.050809,-0.031518,0.798189,-0.322783,0.056311,0.297183,0.900268
0.461967,-0.13813,-0.048459,0.874165,0.599469,-0.050835,-0.031449,0.798179,-0.322742,0.056309,0.297119,0.900304
0.462002,-0.138045,-0.048445,0.874161,0.599491,-0.05083,-0.031393,0.798165,-0.322717,0.056298,0.29709,0.900322
0.461992,-0.138027,-0.048453,0.874169,0.599481,-0.050802,-0.031344,0.798176,-0.32271,0.056293,0.297015,0.900349
0.461965,-0.137986,-0.048458,0.87419,0.599453,-0.050764,-0.031309,0.798201,-0.322681,0.056271,0.296992,0.900367
0.461896,-0.137998,-0.048486,0.874223,0.599431,-0.050729,-0.031381,0.798218,-0.322652,0.056207,0.296898,0.90041
0.461927,-0.138025,-0.048524,0.8742,0.599446,-0.050737,-0.031559,0.798198,-0.322632,0.056193,0.296808,0.900446
0.461956,-0.138123,-0.048622,0.874163,0.599442,-0.05077,-0.031726,0.798193,-0.322605,0.056156,0.296727,0.900483
0.461987,-0.13812,-0.048735,0.87414,0.599471,-0.050802,-0.031804,0.798166,-0.322584,0.056139,0.296677,0.900508
0.461989,-0.138123,-0.048846,0.874132,0.599478,-0.050776,-0.031867,0.79816,-0.322529,0.056063,0.296693,0.900525
0.462073,-0.138054,-0.048925,0.874095,0.599519,-0.050763,-0.031945,0.798126,-0.322501,0.055931,0.296743,0.900524
0.462147,-0.137999,-0.048947,0.874062,0.599598,-0.050749,-0.031995,0.798066,-0.322456,0.055822,0.296844,0.900512
0.462266,-0.137937,-0.049013,0.874006,0.599661,-0.050727,-0.031983,0.798021,-0.322423,0.055745,0.296859,0.900523
0.462283,-0.137948,-0.049074,0.873992,0.599739,-0.050689,-0.031976,0.797966,-0.322349,0.055733,0.296781,0.900574
0.462372,-0.137961,-0.04912,0.87394,0.599803,-0.050709,-0.032031,0.797914,-0.322321,0.055644,0.29663,0.900635
0.462445,-0.137953,-0.049192,0.873899,0.599836,-0.050666,-0.032093,0.79789,-0.322277,0.055616,0.296489,0.900697
0.462514,-0.137884,-0.049162,0.873876,0.599892,-0.050548,-0.032055,0.797857,-0.32224,0.055571,0.296339,0.900761
0.462527,-0.137727,-0.049095,0.873897,0.599917,-0.0504,-0.032003,0.79785,-0.32211,0.055526,0.296268,0.90083
0.462593,-0.137679,-0.049128,0.873869,0.599921,-0.050347,-0.032059,0.797848,-0.32204,0.055393,0.296219,0.900877
0.462666,-0.137759,-0.049257,0.873809,0.599869,-0.050398,-0.032205,0.797877,-0.321985,0.05528,0.296159,0.90092
0.462653,-0.137892,-0.049483,0.873781,0.599934,-0.050433,-0.032418,0.797818,-0.321908,0.055151,0.296097,0.900972
0.462558,-0.138002,-0.04966,0.873803,0.599949,-0.050453,-0.032605,0.797798,-0.321831,0.055069,0.296057,0.901014
0.462577,-0.138141,-0.049693,0.873769,0.599957,-0.050483,-0.032722,0.797785,-0.321783,0.054932,0.295994,0.901057
0.462636,-0.138147,-0.049658,0.873738,0.599952,-0.050493,-0.032743,0.797788,-0.321744,0.054816,0.296012,0.90107
0.462702,-0.138049,-0.049499,0.87373,0.600011,-0.0505,-0.032645,0.797747,-0.321693,0.054763,0.296055,0.901077
0.462674,-0.138017,-0.049318,0.873761,0.600061,-0.05055,-0.03249,0.797712,-0.321642,0.054695,0.296129,0.901074
0.462686,-0.138015,-0.04914,0.873765,0.600071,-0.050583,-0.032286,0.797711,-0.321573,0.054634,0.296201,0.901078
0.462657,-0.138076,-0.048953,0.873782,0.600042,-0.050618,-0.032046,0.79774,-0.321569,0.054581,0.296271,0.901059
0.462675,-0.138122,-0.048832,0.873773,0.60008,-0.050619,-0.031811,0.797721,-0.321544,0.054566,0.296361,0.90104
0.462629,-0.13805,-0.048667,0.873818,0.600095,-0.050655,-0.031601,0.797715,-0.321483,0.054606,0.296485,0.901021
0.462681,-0.137916,-0.048416,0.873828,0.600135,-0.050675,-0.031329,0.797696,-0.321447,0.054623,0.296559,0.90101
0.462702,-0.137668,-0.048031,0.87388,0.600142,-0.050339,-0.030668,0.797737,-0.321447,0.054633,0.296714,0.90096
0.462793,-0.137056,-0.04736,0.87397,0.600263,-0.049784,-0.029648,0.797719,-0.321452,0.054676,0.296766,0.900939
0.462871,-0.1363,-0.046452,0.874101,0.600443,-0.049059,-0.028465,0.797671,-0.321456,0.054697,0.29681,0.900923
0.463072,-0.135419,-0.045472,0.874189,0.600673,-0.04834,-0.027413,0.79758,-0.321454,0.054746,0.296871,0.900903
0.4633,-0.134721,-0.044663,0.874225,0.600759,-0.047773,-0.026484,0.797579,-0.321464,0.054736,0.296857,0.900904
0.463487,-0.134272,-0.044178,0.874223,0.600916,-0.047354,-0.025856,0.797507,-0.321468,0.054772,0.296878,0.900894
0.463468,-0.134171,-0.044056,0.874255,0.601006,-0.047193,-0.025707,0.797453,-0.321459,0.054796,0.296885,0.900894
0.463424,-0.134371,-0.044235,0.874238,0.601003,-0.047249,-0.025878,0.797447,-0.321459,0.054835,0.296862,0.900901
0.463392,-0.134694,-0.044554,0.874186,0.600924,-0.047446,-0.026184,0.797484,-0.32143,0.05487,0.296787,0.900933
0.463325,-0.134865,-0.044817,0.874181,0.60088,-0.047565,-0.026403,0.797504,-0.32141,0.05496,0.296712,0.900961
0.463244,-0.134879,-0.044868,0.874217,0.600859,-0.047527,-0.02637,0.797522,-0.321412,0.055089,0.296624,0.900983
0.463211,-0.134702,-0.044662,0.874274,0.600826,-0.047381,-0.026212,0.797561,-0.321467,0.055206,0.296534,0.900988
0.463231,-0.134395,-0.044322,0.87433,0.600704,-0.047227,-0.026002,0.797669,-0.32154,0.055259,0.296519,0.900964
0.463261,-0.134147,-0.044142,0.874363,0.600631,-0.047104,-0.025803,0.797737,-0.321626,0.055364,0.296512,0.900932
0.463182,-0.13398,-0.044051,0.874436,0.600573,-0.046949,-0.025604,0.797796,-0.321718,0.055452,0.296529,0.90089
0.463187,-0.133919,-0.044005,0.874445,0.600544,-0.046859,-0.025543,0.797824,-0.321784,0.055457,0.296557,0.900858
0.463173,-0.133816,-0.043984,0.874469,0.600413,-0.046715,-0.025493,0.797932,-0.321855,0.055542,0.296523,0.90084
0.463136,-0.133745,-0.044002,0.874498,0.600366,-0.046599,-0.025573,0.797973,-0.321974,0.055627,0.296558,0.900783
0.463033,-0.133655,-0.044127,0.87456,0.600389,-0.046537,-0.025684,0.797956,-0.322006,0.055682,0.296576,0.900764
0.463095,-0.133666,-0.044233,0.87452,0.600421,-0.046522,-0.025861,0.797927,-0.322034,0.055697,0.296626,0.900737
0.463153,-0.133622,-0.044372,0.874489,0.600362,-0.046528,-0.026043,0.797965,-0.322063,0.055728,0.296625,0.900726
0.463202,-0.133582,-0.044557,0.874458,0.60031,-0.046541,-0.02621,0.797999,-0.322123,0.055722,0.29652,0.900738
0.463115,-0.133664,-0.044695,0.874484,0.600368,-0.046583,-0.026251,0.79795,-0.322159,0.055728,0.296343,0.900781
0.463118,-0.133685,-0.044783,0.874474,0.600361,-0.046594,-0.026291,0.797954,-0.322115,0.055775,0.296196,0.900842
0.463135,-0.133687,-0.04479,0.874464,0.600317,-0.046569,-0.026296,0.797988,-0.322131,0.055833,0.296122,0.900858
0.463159,-0.133666,-0.044712,0.874459,0.600303,-0.046508,-0.026225,0.798005,-0.322093,0.055953,0.295968,0.900916
0.463113,-0.133625,-0.044589,0.874497,0.600366,-0.046535,-0.026148,0.797958,-0.322083,0.056007,0.295865,0.900949
0.463155,-0.13358,-0.044512,0.874486,0.600379,-0.046562,-0.026045,0.797949,-0.322069,0.056082,0.29583,0.900962
0.463228,-0.133605,-0.044481,0.874446,0.600382,-0.0466,-0.025875,0.797951,-0.322104,0.056121,0.2958,0.900958
0.463241,-0.133648,-0.044427,0.874435,0.600445,-0.046679,-0.025787,0.797903,-0.322102,0.056084,0.29586,0.90094
0.463243,-0.13373,-0.044398,0.874423,0.600481,-0.046743,-0.025765,0.797872,-0.322149,0.056085,0.295933,0.900901
0.463291,-0.133872,-0.044337,0.874379,0.600534,-0.046867,-0.02577,0.797825,-0.322123,0.056037,0.296045,0.900876
0.463316,-0.133999,-0.044338,0.874347,0.600509,-0.04696,-0.025785,0.797837,-0.322091,0.055986,0.296154,0.900855
0.463327,-0.134058,-0.044302,0.874333,0.600549,-0.046982,-0.025742,0.797807,-0.322109,0.055979,0.296293,0.900805
0.463292,-0.134099,-0.044195,0.874352,0.60056,-0.04703,-0.025643,0.797799,-0.322076,0.055921,0.296335,0.900806
0.463331,-0.134132,-0.044089,0.874332,0.600578,-0.047008,-0.025542,0.797792,-0.322073,0.055874,0.296426,0.90078
0.463339,-0.134121,-0.043973,0.874336,0.600545,-0.046995,-0.02544,0.79782,-0.322073,0.055857,0.296457,0.90077
0.463416,-0.134074,-0.043834,0.87431,0.600562,-0.046958,-0.025343,0.797812,-0.322075,0.055883,0.296476,0.900763
0.463408,-0.134025,-0.043799,0.874324,0.600572,-0.046902,-0.025203,0.797812,-0.322077,0.055949,0.296425,0.900775
0.463492,-0.133953,-0.043718,0.874296,0.600597,-0.0469,-0.025094,0.797797,-0.322092,0.055983,0.296447,0.900762
0.463564,-0.133873,-0.043726,0.87427,0.600558,-0.046777,-0.024991,0.797837,-0.322156,0.055997,0.296466,0.900733
0.463577,-0.133812,-0.043826,0.874266,0.600614,-0.046777,-0.024963,0.797796,-0.322169,0.05603,0.296454,0.900731
0.46351,-0.133817,-0.043935,0.874294,0.600615,-0.046727,-0.025018,0.797796,-0.322199,0.056065,0.296405,0.900734
0.463508,-0.133818,-0.044057,0.874288,0.600585,-0.046622,-0.025089,0.797822,-0.322199,0.056109,0.29641,0.90073
0.463502,-0.133832,-0.044181,0.874283,0.600491,-0.046575,-0.025123,0.797895,-0.322193,0.0561,0.296393,0.900738
0.463508,-0.133835,-0.04428,0.874273,0.600465,-0.046507,-0.025141,0.797917,-0.322191,0.056105,0.296405,0.900735
0.463464,-0.133797,-0.04434,0.874299,0.600467,-0.046433,-0.025165,0.79792,-0.322168,0.056094,0.296424,0.900738
0.46348,-0.133711,-0.044268,0.874309,0.600482,-0.046303,-0.025134,0.797917,-0.322131,0.05614,0.296386,0.900761
0.463482,-0.133634,-0.044248,0.87432,0.600506,-0.046198,-0.02508,0.797907,-0.322171,0.056175,0.296311,0.90077
0.463482,-0.133574,-0.044241,0.87433,0.600574,-0.046164,-0.025093,0.797857,-0.32218,0.056208,0.296257,0.900782
0.46343,-0.133559,-0.04428,0.874358,0.600618,-0.046133,-0.025082,0.797827,-0.322167,0.056254,0.296189,0.900807
0.463452,-0.133675,-0.044331,0.874325,0.600606,-0.046174,-0.02519,0.797829,-0.322114,0.056223,0.296153,0.900837
0.463486,-0.133788,-0.044442,0.874284,0.600606,-0.046247,-0.025311,0.797822,-0.3221,0.056215,0.296063,0.900872
0.463437,-0.133927,-0.044542,0.874282,0.600561,-0.046279,-0.025424,0.797851,-0.322098,0.05621,0.29604,0.90088
0.463296,-0.134071,-0.044593,0.874332,0.600543,-0.046374,-0.025481,0.797856,-0.322072,0.056238,0.296005,0.900899
0.463252,-0.134185,-0.044548,0.874339,0.600496,-0.046384,-0.025442,0.797891,-0.322088,0.056181,0.29602,0.900891
0.463199,-0.134178,-0.044343,0.87438,0.600433,-0.046441,-0.025332,0.797939,-0.322059,0.056146,0.296121,0.900871
0.463131,-0.134094,-0.044118,0.874441,0.600404,-0.046462,-0.02517,0.797965,-0.322076,0.056123,0.296182,0.900846
0.463073,-0.134083,-0.043913,0.874484,0.600351,-0.046533,-0.025021,0.798006,-0.322101,0.056064,0.296272,0.900811
0.463069,-0.134082,-0.043722,0.874497,0.600282,-0.046626,-0.024842,0.798057,-0.322129,0.056029,0.296443,0.900748
0.463027,-0.134203,-0.043618,0.874506,0.60026,-0.046752,-0.024785,0.798068,-0.32213,0.055988,0.296568,0.900709
0.462975,-0.134327,-0.043608,0.874515,0.60021,-0.046892,-0.02479,0.798097,-0.322148,0.056022,0.296705,0.900658
0.46286,-0.134436,-0.043543,0.874562,0.600153,-0.046989,-0.024811,0.798133,-0.322144,0.056107,0.296809,0.900623
0.462856,-0.134502,-0.043494,0.874556,0.600112,-0.047079,-0.024846,0.798158,-0.322139,0.056159,0.296864,0.900605
0.462853,-0.134517,-0.043431,0.874559,0.600041,-0.047139,-0.024832,0.798208,-0.322168,0.056215,0.296923,0.900574
0.462918,-0.134403,-0.043368,0.874546,0.60008,-0.047084,-0.024815,0.798182,-0.322154,0.056298,0.296991,0.900554
0.46289,-0.134336,-0.043366,0.874572,0.600137,-0.047032,-0.024812,0.798144,-0.322163,0.056384,0.29704,0.900531
0.462951,-0.134296,-0.043381,0.874545,0.600167,-0.046935,-0.024846,0.798126,-0.322137,0.056449,0.296985,0.900555
0.463004,-0.134252,-0.043496,0.874517,0.600199,-0.046811,-0.024897,0.798107,-0.322166,0.056436,0.296941,0.90056
0.463037,-0.134207,-0.043557,0.874504,0.600238,-0.046756,-0.025004,0.798078,-0.322163,0.056452,0.296828,0.900596
0.462998,-0.134214,-0.043675,0.874517,0.600274,-0.046722,-0.02517,0.798047,-0.322117,0.056455,0.296758,0.900635
0.463021,-0.134211,-0.04375,0.874501,0.600279,-0.046655,-0.025319,0.798043,-0.322088,0.056399,0.296691,0.900669
0.46298,-0.134216,-0.043836,0.874517,0.600278,-0.046634,-0.025505,0.798038,-0.322014,0.056322,0.29667,0.900705
0.463016,-0.134131,-0.043872,0.874509,0.60026,-0.046603,-0.025611,0.798052,-0.322011,0.05631,0.296607,0.900727
0.462928,-0.134087,-0.043975,0.874557,0.600173,-0.046551,-0.025757,0.798114,-0.321982,0.056267,0.2966,0.900741
0.462979,-0.134002,-0.044017,0.87454,0.600137,-0.046517,-0.025815,0.798142,-0.321999,0.056229,0.296596,0.900738
0.463028,-0.133962,-0.044068,0.874519,0.60012,-0.04646,-0.02586,0.798156,-0.321977,0.056174,0.296554,0.90076
0.46304,-0.133903,-0.044126,0.874518,0.60018,-0.046449,-0.02583,0.798113,-0.321991,0.056156,0.296546,0.90076
0.462999,-0.133841,-0.044202,0.874545,0.600207,-0.046376,-0.025786,0.798098,-0.322015,0.056135,0.296528,0.900757
0.463068,-0.133768,-0.044202,0.87452,0.600217,-0.04626,-0.025765,0.798098,-0.322035,0.05614,0.296426,0.900783
0.463134,-0.133719,-0.04425,0.87449,0.600229,-0.046172,-0.025805,0.798093,-0.322117,0.056129,0.296307,0.900791
0.463197,-0.133743,-0.044298,0.87445,0.60028,-0.046185,-0.025871,0.798052,-0.322144,0.056124,0.29618,0.900822
0.463202,-0.133806,-0.044403,0.874432,0.600303,-0.046227,-0.025907,0.798031,-0.322152,0.056095,0.2961,0.900846
0.463179,-0.133839,-0.044504,0.874434,0.600374,-0.0463,-0.025985,0.797971,-0.322173,0.055982,0.296122,0.900837
0.463269,-0.13392,-0.044579,0.87437,0.600465,-0.046368,-0.026089,0.797896,-0.322162,0.055906,0.296184,0.900824
0.463336,-0.133989,-0.044627,0.874321,0.600531,-0.04638,-0.026096,0.797845,-0.322181,0.055829,0.296178,0.900822
0.463282,-0.134075,-0.0447,0.874332,0.600645,-0.046445,-0.026158,0.797755,-0.322186,0.055764,0.296175,0.900824
0.463304,-0.134169,-0.044699,0.874306,0.600704,-0.046459,-0.02609,0.797712,-0.322189,0.055739,0.296142,0.900834
0.463319,-0.134228,-0.044675,0.87429,0.600712,-0.046517,-0.025951,0.797705,-0.322229,0.055745,0.296131,0.900823
0.463301,-0.134277,-0.044678,0.874292,0.600709,-0.04651,-0.025883,0.79771,-0.322203,0.055766,0.296122,0.900835
0.463211,-0.134342,-0.044666,0.87433,0.600743,-0.046584,-0.025816,0.797683,-0.322167,0.055744,0.296047,0.900872
0.463174,-0.134415,-0.044627,0.87434,0.600742,-0.046568,-0.025771,0.797686,-0.322172,0.055715,0.29606,0.900867
0.463152,-0.134482,-0.044571,0.874344,0.600745,-0.046578,-0.025799,0.797682,-0.322173,0.055696,0.296129,0.900845
0.463077,-0.134526,-0.044579,0.874376,0.600688,-0.046633,-0.025842,0.797721,-0.322148,0.055664,0.296223,0.900826
0.462913,-0.134594,-0.044611,0.87445,0.600606,-0.046663,-0.025903,0.797778,-0.322115,0.055587,0.29633,0.900807
0.462832,-0.13467,-0.044606,0.874482,0.60051,-0.046751,-0.025952,0.797844,-0.322081,0.055463,0.296452,0.900785
0.462722,-0.134725,-0.044621,0.874529,0.600409,-0.046808,-0.026022,0.797914,-0.322047,0.055389,0.296487,0.900789
0.462629,-0.134779,-0.044665,0.874568,0.60036,-0.046901,-0.026076,0.797944,-0.321999,0.055366,0.296624,0.900764
0.46245,-0.134875,-0.044687,0.874645,0.600284,-0.046953,-0.02605,0.797998,-0.322013,0.055306,0.296703,0.900735
0.462373,-0.134884,-0.044674,0.874685,0.600289,-0.046933,-0.02591,0.798001,-0.321946,0.055192,0.296776,0.900741
0.46234,-0.134934,-0.044572,0.874701,0.60026,-0.046867,-0.025742,0.798031,-0.321964,0.055138,0.29681,0.900726
0.462286,-0.134902,-0.044513,0.874737,0.600243,-0.046821,-0.025603,0.798051,-0.321963,0.055138,0.29694,0.900684
0.462191,-0.134843,-0.044406,0.874802,0.600175,-0.046797,-0.025443,0.798109,-0.321922,0.055189,0.297005,0.900676
0.462207,-0.134839,-0.0443,0.874801,0.600154,-0.046769,-0.025353,0.798129,-0.321927,0.055187,0.297061,0.900657
0.462173,-0.134827,-0.044324,0.874818,0.600098,-0.046763,-0.025337,0.798172,-0.321956,0.055257,0.297135,0.90062
0.46214,-0.134798,-0.04433,0.87484,0.600076,-0.046694,-0.025363,0.798191,-0.322028,0.055279,0.297196,0.900574
0.462065,-0.134817,-0.04438,0.874874,0.600044,-0.046608,-0.025443,0.798218,-0.322087,0.055346,0.297275,0.900526
0.462039,-0.134799,-0.044406,0.874888,0.600044,-0.046528,-0.025514,0.798221,-0.32214,0.055379,0.297244,0.900516
0.462042,-0.134703,-0.044426,0.874901,0.600058,-0.046397,-0.025513,0.798217,-0.322222,0.055428,0.297204,0.900497
0.46211,-0.134608,-0.04445,0.874878,0.600058,-0.046343,-0.025508,0.798221,-0.322264,0.05542,0.297161,0.900496
0.462058,-0.134504,-0.044418,0.874924,0.600025,-0.046265,-0.025458,0.798252,-0.322293,0.05545,0.297092,0.900506
0.462061,-0.134454,-0.044454,0.874927,0.59997,-0.046183,-0.025473,0.798298,-0.322314,0.055435,0.297022,0.900521
0.462018,-0.134444,-0.044469,0.874951,0.599906,-0.046143,-0.025514,0.798346,-0.322344,0.055404,0.296926,0.900543
0.461988,-0.134439,-0.044532,0.874964,0.59985,-0.046149,-0.02562,0.798383,-0.322377,0.055416,0.296869,0.900549
0.461819,-0.134502,-0.044605,0.875038,0.599765,-0.046106,-0.025727,0.798448,-0.322379,0.055394,0.296808,0.900569
0.461748,-0.134574,-0.044688,0.875061,0.599688,-0.046136,-0.025853,0.798499,-0.322423,0.055378,0.296745,0.900573
0.461744,-0.134623,-0.044741,0.875052,0.599621,-0.046231,-0.025949,0.79854,-0.322503,0.055349,0.2967,0.900561
0.461761,-0.134618,-0.044755,0.875043,0.599559,-0.046285,-0.026025,0.798582,-0.322511,0.055327,0.29667,0.900567
0.461725,-0.134638,-0.044809,0.875055,0.599546,-0.046275,-0.02608,0.79859,-0.322567,0.055296,0.2966,0.900572
0.461754,-0.134734,-0.044752,0.875028,0.599605,-0.046319,-0.026067,0.798544,-0.32262,0.055247,0.296566,0.900566
0.461835,-0.134745,-0.044705,0.874987,0.599677,-0.046404,-0.026001,0.798487,-0.322625,0.055221,0.296596,0.900556
0.461861,-0.134691,-0.044607,0.874988,0.599698,-0.046461,-0.025936,0.79847,-0.322658,0.055223,0.2966,0.900542
0.461867,-0.134719,-0.044635,0.874978,0.599707,-0.046539,-0.025846,0.798461,-0.322685,0.055184,0.296555,0.900549
0.461858,-0.134831,-0.044593,0.874967,0.59971,-0.046654,-0.02585,0.798452,-0.322746,0.055152,0.296556,0.900528
0.461811,-0.134904,-0.044568,0.874983,0.599696,-0.046709,-0.025875,0.798459,-0.32281,0.055119,0.296488,0.900527
0.461752,-0.135023,-0.04459,0.874994,0.599661,-0.046703,-0.025906,0.798484,-0.322816,0.055111,0.296492,0.900524
0.461654,-0.135072,-0.044604,0.875037,0.599609,-0.046723,-0.02594,0.798522,-0.322794,0.055044,0.296473,0.900541
0.461662,-0.135136,-0.044581,0.875024,0.599586,-0.046792,-0.025944,0.798533,-0.322802,0.055015,0.296494,0.900533
0.461643,-0.135259,-0.044557,0.875016,0.599585,-0.046839,-0.025886,0.798534,-0.322813,0.054951,0.296522,0.900523
0.461692,-0.135255,-0.044487,0.874994,0.599588,-0.046843,-0.02577,0.798536,-0.322781,0.054879,0.296588,0.900516
0.461678,-0.135268,-0.044408,0.875004,0.599606,-0.046894,-0.025681,0.798522,-0.322792,0.054867,0.296675,0.900484
0.461725,-0.135265,-0.044335,0.874984,0.599634,-0.046873,-0.025654,0.798503,-0.322786,0.054811,0.296729,0.900472
0.461723,-0.135276,-0.044337,0.874984,0.599687,-0.046869,-0.02562,0.798465,-0.322831,0.054842,0.296757,0.900446
0.461711,-0.135265,-0.044346,0.874991,0.599716,-0.046906,-0.025642,0.79844,-0.322803,0.054881,0.296711,0.900469
0.46164,-0.135325,-0.044346,0.875019,0.599744,-0.046923,-0.025654,0.798417,-0.32276,0.054897,0.296707,0.900485
0.461657,-0.135404,-0.044351,0.874997,0.599749,-0.046934,-0.025671,0.798412,-0.322753,0.054907,0.296741,0.900475
0.461656,-0.135485,-0.044356,0.874985,0.599758,-0.046928,-0.025636,0.798408,-0.322806,0.054902,0.296799,0.900438
0.461669,-0.13555,-0.044317,0.874971,0.599745,-0.046935,-0.025565,0.798419,-0.322791,0.054876,0.296843,0.900431
0.461598,-0.135639,-0.044243,0.874997,0.599763,-0.046934,-0.025543,0.798406,-0.322751,0.05485,0.296913,0.900424
0.461631,-0.135647,-0.044162,0.874984,0.599759,-0.046974,-0.025495,0.798408,-0.322732,0.054837,0.296952,0.900419
0.461661,-0.135702,-0.044023,0.874968,0.599684,-0.046976,-0.0254,0.798468,-0.322712,0.054913,0.29697,0.900417
0.461717,-0.135737,-0.043906,0.874938,0.599712,-0.047028,-0.02536,0.798445,-0.322654,0.05494,0.296986,0.900432
0.461707,-0.13573,-0.04373,0.874955,0.599769,-0.04707,-0.025245,0.798404,-0.322597,0.054992,0.297019,0.900439
0.461769,-0.135703,-0.04363,0.874932,0.59985,-0.047092,-0.025101,0.798346,-0.322496,0.055033,0.297139,0.900436
0.461838,-0.135643,-0.043502,0.874912,0.599862,-0.047048,-0.025008,0.798342,-0.322443,0.05511,0.297231,0.900422
0.461885,-0.135634,-0.043374,0.874896,0.599935,-0.047126,-0.024905,0.798286,-0.322431,0.055184,0.297376,0.900377
0.461865,-0.135667,-0.043323,0.874904,0.600076,-0.047222,-0.024801,0.798178,-0.322415,0.055217,0.297482,0.900348
0.461972,-0.13566,-0.043231,0.874854,0.600115,-0.047305,-0.024715,0.798146,-0.322408,0.055271,0.297557,0.900324
0.462016,-0.135706,-0.043179,0.874828,0.600113,-0.047328,-0.024636,0.798149,-0.322427,0.055323,0.297639,0.900289
0.46207,-0.1357,-0.043095,0.874804,0.600136,-0.047291,-0.024491,0.798138,-0.322427,0.055368,0.297662,0.900279
0.462067,-0.135664,-0.043008,0.874816,0.600156,-0.047321,-0.024433,0.798123,-0.322413,0.055479,0.297676,0.900276
0.462122,-0.135601,-0.042876,0.874804,0.600196,-0.047249,-0.024395,0.798099,-0.322441,0.055566,0.297646,0.900272
0.462123,-0.135508,-0.042763,0.874824,0.600157,-0.047101,-0.024315,0.798139,-0.322425,0.055672,0.297635,0.900278
0.462078,-0.1354,-0.042623,0.874872,0.600145,-0.04695,-0.024153,0.798162,-0.322452,0.055787,0.297747,0.900227
0.462052,-0.135253,-0.042508,0.874916,0.600117,-0.046779,-0.024072,0.798195,-0.322459,0.0559,0.297795,0.900204
0.462071,-0.135155,-0.042449,0.874923,0.600082,-0.046715,-0.024043,0.798226,-0.322414,0.055965,0.297837,0.900205
0.462077,-0.13514,-0.042379,0.874926,0.599975,-0.04666,-0.024029,0.79831,-0.322441,0.056029,0.29786,0.900186
0.462095,-0.135148,-0.042368,0.874917,0.599969,-0.046679,-0.023934,0.798315,-0.322468,0.056105,0.297909,0.900157
0.462048,-0.135171,-0.042413,0.874935,0.59991,-0.046699,-0.023858,0.798361,-0.322497,0.056159,0.297901,0.900147
0.462054,-0.135238,-0.042441,0.87492,0.599893,-0.046738,-0.02383,0.798372,-0.322515,0.056205,0.297949,0.900123
0.462083,-0.135299,-0.042405,0.874897,0.59979,-0.046764,-0.023851,0.798447,-0.322505,0.056209,0.297971,0.90012
0.462111,-0.135297,-0.042352,0.874885,0.599818,-0.046842,-0.023879,0.798422,-0.322487,0.056217,0.297976,0.900124
0.462095,-0.135332,-0.042338,0.874889,0.599816,-0.046878,-0.023866,0.798421,-0.322482,0.056195,0.298018,0.900114
0.462111,-0.135355,-0.042281,0.87488,0.599845,-0.046978,-0.023854,0.798394,-0.32245,0.056152,0.298023,0.900125
0.462105,-0.135322,-0.042216,0.874892,0.599781,-0.04695,-0.023738,0.798447,-0.322404,0.05612,0.298073,0.900126
0.462121,-0.135229,-0.042101,0.874905,0.59978,-0.046847,-0.023584,0.798458,-0.322405,0.056013,0.298167,0.9001
0.462124,-0.135139,-0.041965,0.874924,0.599876,-0.046706,-0.023422,0.798399,-0.322373,0.055911,0.29826,0.900086
0.462185,-0.13513,-0.041838,0.874901,0.59997,-0.046675,-0.023312,0.798334,-0.322293,0.055822,0.298334,0.900094
0.462249,-0.135177,-0.041792,0.874862,0.599968,-0.046702,-0.023335,0.798332,-0.322187,0.055738,0.298408,0.900112
0.462294,-0.13523,-0.041754,0.874832,0.600078,-0.046732,-0.023316,0.798249,-0.322085,0.055669,0.298433,0.900143
0.462315,-0.135294,-0.041788,0.87481,0.600171,-0.046755,-0.023248,0.79818,-0.322041,0.055619,0.298461,0.900152
0.462369,-0.135279,-0.041824,0.874781,0.600273,-0.046836,-0.02325,0.798099,-0.321925,0.055512,0.298514,0.90018
0.462484,-0.135289,-0.041871,0.874717,0.600272,-0.046879,-0.023217,0.798097,-0.321874,0.055457,0.298512,0.900202
0.462577,-0.135291,-0.041824,0.874671,0.600301,-0.046847,-0.023247,0.798078,-0.321853,0.055345,0.29846,0.90023
0.462604,-0.135315,-0.041869,0.87465,0.600363,-0.046785,-0.023259,0.798034,-0.321768,0.055254,0.298479,0.900257
0.462652,-0.135369,-0.041847,0.874618,0.600432,-0.046719,-0.023298,0.797985,-0.321612,0.05518,0.298469,0.900319
0.46274,-0.135417,-0.041904,0.874562,0.600465,-0.04676,-0.023273,0.797958,-0.321497,0.055124,0.298381,0.90039
0.462787,-0.135466,-0.041996,0.874525,0.600563,-0.046842,-0.023288,0.79788,-0.321446,0.055036,0.298288,0.900442
0.462798,-0.135559,-0.042012,0.874503,0.600576,-0.046858,-0.023315,0.797869,-0.32137,0.054925,0.298189,0.900505
0.462796,-0.135591,-0.041958,0.874501,0.600623,-0.04689,-0.023335,0.797831,-0.3213,0.054813,0.29813,0.900553
0.462759,-0.135682,-0.041889,0.874511,0.600586,-0.046861,-0.023184,0.797865,-0.321219,0.054743,0.298077,0.900602
0.46277,-0.135649,-0.041758,0.874517,0.600577,-0.046865,-0.022994,0.797876,-0.321164,0.054659,0.298087,0.900621
0.462699,-0.135532,-0.041618,0.87458,0.60057,-0.046791,-0.022807,0.797891,-0.321105,0.054637,0.298201,0.900607
0.462758,-0.135473,-0.041455,0.874567,0.600588,-0.04676,-0.022673,0.797884,-0.321108,0.054576,0.298275,0.900584
0.46272,-0.135461,-0.041434,0.87459,0.600521,-0.046734,-0.022527,0.797939,-0.321131,0.054533,0.298434,0.900526
0.462695,-0.135525,-0.041417,0.874594,0.600515,-0.04672,-0.022498,0.797946,-0.321137,0.054491,0.298559,0.900486
0.462597,-0.135598,-0.041497,0.87463,0.600479,-0.046721,-0.022513,0.797972,-0.321129,0.054489,0.298572,0.900485
